zona;secao;cargo;numero;votos
75;15;1;13;172
75;15;1;14;1
75;15;1;22;49
75;15;1;70;3
75;15;1;80;1
75;15;1;95;8
75;15;1;96;9
75;15;6;13;5
75;15;6;22;2
75;15;6;95;4
75;15;6;96;1
75;15;6;1055;6
75;15;6;1301;1
75;15;6;1313;1
75;15;6;1322;33
75;15;6;1333;15
75;15;6;1399;1
75;15;6;1515;46
75;15;6;1555;1
75;15;6;2200;1
75;15;6;2222;5
75;15;6;2244;1
75;15;6;2255;1
75;15;6;2555;98
75;15;6;4077;6
75;15;6;4343;3
75;15;6;4422;1
75;15;6;4444;1
75;15;6;4445;3
75;15;6;4455;1
75;15;6;4545;1
75;15;6;4555;1
75;15;6;5533;3
75;15;6;5588;1
75;15;7;11;1
75;15;7;13;6
75;15;7;22;4
75;15;7;23;1
75;15;7;40;1
75;15;7;44;1
75;15;7;45;1
75;15;7;95;9
75;15;7;96;2
75;15;7;10444;2
75;15;7;11111;1
75;15;7;12333;1
75;15;7;13000;1
75;15;7;13111;4
75;15;7;13123;1
75;15;7;13132;1
75;15;7;13333;17
75;15;7;13456;115
75;15;7;13789;4
75;15;7;15222;3
75;15;7;22022;3
75;15;7;22026;2
75;15;7;22222;1
75;15;7;25555;1
75;15;7;25888;13
75;15;7;40000;8
75;15;7;40111;13
75;15;7;40234;1
75;15;7;40333;1
75;15;7;40456;3
75;15;7;40999;7
75;15;7;44444;8
75;15;7;45111;2
75;15;7;45123;2
75;15;7;45190;1
75;15;7;55888;1
75;15;5;95;39
75;15;5;96;44
75;15;5;180;137
75;15;5;222;65
75;15;5;400;137
75;15;5;445;64
75;15;3;13;130
75;15;3;45;92
75;15;3;95;14
75;15;3;96;7
75;16;1;13;87
75;16;1;14;1
75;16;1;22;60
75;16;1;28;1
75;16;1;55;3
75;16;1;70;7
75;16;1;95;9
75;16;1;96;3
75;16;6;13;2
75;16;6;40;1
75;16;6;77;1
75;16;6;95;8
75;16;6;96;4
75;16;6;1010;1
75;16;6;1022;2
75;16;6;1055;2
75;16;6;1111;2
75;16;6;1222;1
75;16;6;1234;1
75;16;6;1322;27
75;16;6;1323;4
75;16;6;1333;50
75;16;6;1399;1
75;16;6;1515;1
75;16;6;1522;2
75;16;6;2222;9
75;16;6;2277;1
75;16;6;2333;1
75;16;6;2555;9
75;16;6;4000;1
75;16;6;4020;5
75;16;6;4044;1
75;16;6;4077;7
75;16;6;4343;8
75;16;6;4422;1
75;16;6;4445;1
75;16;6;4545;10
75;16;6;4555;1
75;16;6;5511;1
75;16;6;5533;5
75;16;7;13;3
75;16;7;18;2
75;16;7;40;4
75;16;7;44;1
75;16;7;55;1
75;16;7;95;8
75;16;7;96;5
75;16;7;10100;1
75;16;7;10123;2
75;16;7;10333;3
75;16;7;10999;1
75;16;7;11100;1
75;16;7;11111;1
75;16;7;13111;1
75;16;7;13333;47
75;16;7;13456;29
75;16;7;13999;1
75;16;7;15222;4
75;16;7;22022;1
75;16;7;22026;2
75;16;7;22221;5
75;16;7;22222;3
75;16;7;22777;1
75;16;7;25555;5
75;16;7;40000;17
75;16;7;40333;6
75;16;7;40999;3
75;16;7;45123;10
75;16;7;45190;1
75;16;7;45800;2
75;16;5;95;38
75;16;5;96;36
75;16;5;180;62
75;16;5;222;67
75;16;5;400;70
75;16;5;445;69
75;16;3;13;71
75;16;3;45;76
75;16;3;95;7
75;16;3;96;17
75;17;1;13;118
75;17;1;22;44
75;17;1;55;2
75;17;1;70;4
75;17;1;95;8
75;17;1;96;6
75;17;6;13;4
75;17;6;22;1
75;17;6;95;4
75;17;6;96;4
75;17;6;1055;14
75;17;6;1111;14
75;17;6;1122;1
75;17;6;1322;50
75;17;6;1333;15
75;17;6;1399;1
75;17;6;1555;3
75;17;6;2222;9
75;17;6;2244;1
75;17;6;2255;1
75;17;6;2333;5
75;17;6;2518;1
75;17;6;2555;23
75;17;6;4001;1
75;17;6;4040;1
75;17;6;4077;5
75;17;6;4343;2
75;17;6;4422;1
75;17;6;4445;8
75;17;6;4490;1
75;17;6;4545;1
75;17;6;5050;2
75;17;6;5533;9
75;17;7;13;4
75;17;7;18;1
75;17;7;23;2
75;17;7;40;2
75;17;7;44;1
75;17;7;95;8
75;17;7;96;4
75;17;7;10123;1
75;17;7;11111;12
75;17;7;11222;7
75;17;7;13000;4
75;17;7;13111;12
75;17;7;13333;13
75;17;7;13444;1
75;17;7;13456;68
75;17;7;13789;1
75;17;7;13999;4
75;17;7;15222;7
75;17;7;22026;3
75;17;7;22180;1
75;17;7;22221;1
75;17;7;22222;3
75;17;7;25555;1
75;17;7;25888;1
75;17;7;33333;1
75;17;7;40000;2
75;17;7;40040;1
75;17;7;40333;1
75;17;7;40456;2
75;17;7;40999;5
75;17;7;44545;1
75;17;7;45111;1
75;17;7;45123;2
75;17;7;45190;3
75;17;7;50555;1
75;17;5;95;37
75;17;5;96;42
75;17;5;180;87
75;17;5;222;49
75;17;5;400;96
75;17;5;445;53
75;17;3;13;95
75;17;3;45;70
75;17;3;95;6
75;17;3;96;11
75;18;1;13;118
75;18;1;14;1
75;18;1;16;1
75;18;1;22;71
75;18;1;55;1
75;18;1;70;10
75;18;1;95;9
75;18;1;96;8
75;18;6;11;1
75;18;6;13;2
75;18;6;25;1
75;18;6;95;12
75;18;6;96;7
75;18;6;1010;1
75;18;6;1022;1
75;18;6;1055;5
75;18;6;1111;10
75;18;6;1222;1
75;18;6;1301;1
75;18;6;1322;27
75;18;6;1323;6
75;18;6;1333;38
75;18;6;1399;2
75;18;6;1515;7
75;18;6;1555;1
75;18;6;1800;2
75;18;6;2026;1
75;18;6;2200;2
75;18;6;2222;14
75;18;6;2233;1
75;18;6;2244;1
75;18;6;2252;1
75;18;6;2255;1
75;18;6;2277;2
75;18;6;2288;3
75;18;6;2555;26
75;18;6;4020;1
75;18;6;4040;1
75;18;6;4044;1
75;18;6;4077;5
75;18;6;4343;4
75;18;6;4422;2
75;18;6;4445;5
75;18;6;4455;4
75;18;6;4466;1
75;18;6;4490;1
75;18;6;4545;1
75;18;6;5050;4
75;18;6;5511;3
75;18;6;5533;7
75;18;6;5588;2
75;18;7;13;8
75;18;7;18;1
75;18;7;40;1
75;18;7;44;1
75;18;7;45;1
75;18;7;95;15
75;18;7;96;8
75;18;7;10110;1
75;18;7;10111;1
75;18;7;10123;1
75;18;7;10333;2
75;18;7;10444;2
75;18;7;11111;9
75;18;7;11222;2
75;18;7;13111;2
75;18;7;13131;4
75;18;7;13222;1
75;18;7;13258;1
75;18;7;13333;36
75;18;7;13444;1
75;18;7;13456;39
75;18;7;13777;1
75;18;7;13789;4
75;18;7;13888;1
75;18;7;15222;8
75;18;7;22022;5
75;18;7;22026;2
75;18;7;22190;2
75;18;7;22221;1
75;18;7;22222;2
75;18;7;22777;2
75;18;7;22888;1
75;18;7;25888;1
75;18;7;33456;1
75;18;7;40000;8
75;18;7;40111;1
75;18;7;40140;1
75;18;7;40222;1
75;18;7;40456;10
75;18;7;40500;3
75;18;7;40999;11
75;18;7;43000;1
75;18;7;44444;1
75;18;7;45000;1
75;18;7;45111;1
75;18;7;45190;3
75;18;7;45777;2
75;18;7;45888;1
75;18;7;50555;3
75;18;7;55125;1
75;18;7;55888;1
75;18;7;77888;1
75;18;5;95;51
75;18;5;96;51
75;18;5;180;93
75;18;5;222;69
75;18;5;300;1
75;18;5;400;101
75;18;5;445;71
75;18;5;800;1
75;18;3;13;96
75;18;3;45;94
75;18;3;95;12
75;18;3;96;17
75;19;1;13;116
75;19;1;14;5
75;19;1;21;1
75;19;1;22;66
75;19;1;55;1
75;19;1;70;1
75;19;1;80;1
75;19;1;95;7
75;19;1;96;18
75;19;6;11;5
75;19;6;15;1
75;19;6;18;1
75;19;6;43;1
75;19;6;95;5
75;19;6;96;8
75;19;6;1055;3
75;19;6;1111;9
75;19;6;1212;1
75;19;6;1322;38
75;19;6;1323;1
75;19;6;1331;3
75;19;6;1333;34
75;19;6;1515;8
75;19;6;1520;1
75;19;6;1800;1
75;19;6;2200;4
75;19;6;2222;21
75;19;6;2277;2
75;19;6;2288;1
75;19;6;2555;24
75;19;6;4020;2
75;19;6;4040;3
75;19;6;4044;1
75;19;6;4077;5
75;19;6;4343;4
75;19;6;4422;2
75;19;6;4444;2
75;19;6;4445;5
75;19;6;4455;1
75;19;6;4477;1
75;19;6;4490;2
75;19;6;4522;1
75;19;6;4545;4
75;19;6;4555;2
75;19;6;5050;2
75;19;6;5533;6
75;19;6;5555;1
75;19;7;10;1
75;19;7;11;4
75;19;7;13;2
75;19;7;22;2
75;19;7;25;1
75;19;7;40;6
75;19;7;44;1
75;19;7;45;1
75;19;7;95;6
75;19;7;96;11
75;19;7;10333;1
75;19;7;10444;2
75;19;7;11111;10
75;19;7;11222;1
75;19;7;13013;1
75;19;7;13111;1
75;19;7;13113;1
75;19;7;13123;1
75;19;7;13131;5
75;19;7;13222;3
75;19;7;13258;1
75;19;7;13333;32
75;19;7;13444;2
75;19;7;13456;33
75;19;7;13789;4
75;19;7;13888;1
75;19;7;13999;1
75;19;7;15222;7
75;19;7;15333;1
75;19;7;22000;1
75;19;7;22022;2
75;19;7;22026;6
75;19;7;22221;2
75;19;7;22222;5
75;19;7;22422;1
75;19;7;22580;1
75;19;7;22777;2
75;19;7;25888;1
75;19;7;33123;1
75;19;7;33333;1
75;19;7;40000;22
75;19;7;40111;2
75;19;7;40456;8
75;19;7;40500;2
75;19;7;40888;1
75;19;7;40999;3
75;19;7;44444;1
75;19;7;45000;1
75;19;7;45123;3
75;19;7;45190;3
75;19;7;45777;1
75;19;7;50180;1
75;19;7;50555;1
75;19;7;55555;1
75;19;5;95;29
75;19;5;96;68
75;19;5;162;1
75;19;5;180;104
75;19;5;222;59
75;19;5;400;106
75;19;5;445;62
75;19;5;800;3
75;19;3;13;105
75;19;3;30;1
75;19;3;45;73
75;19;3;95;7
75;19;3;96;30
75;20;1;13;109
75;20;1;14;1
75;20;1;22;76
75;20;1;55;1
75;20;1;70;3
75;20;1;95;8
75;20;1;96;11
75;20;6;11;1
75;20;6;13;1
75;20;6;95;7
75;20;6;96;6
75;20;6;1022;1
75;20;6;1055;1
75;20;6;1111;11
75;20;6;1290;1
75;20;6;1301;4
75;20;6;1313;2
75;20;6;1315;1
75;20;6;1322;28
75;20;6;1323;1
75;20;6;1331;1
75;20;6;1333;32
75;20;6;1399;1
75;20;6;1515;6
75;20;6;1533;1
75;20;6;2200;3
75;20;6;2220;1
75;20;6;2222;17
75;20;6;2244;1
75;20;6;2255;2
75;20;6;2288;3
75;20;6;2333;1
75;20;6;2555;25
75;20;6;4000;1
75;20;6;4020;1
75;20;6;4040;4
75;20;6;4077;8
75;20;6;4343;3
75;20;6;4410;1
75;20;6;4445;6
75;20;6;4455;2
75;20;6;4490;1
75;20;6;4545;3
75;20;6;4555;1
75;20;6;5050;4
75;20;6;5511;2
75;20;6;5533;7
75;20;6;5555;1
75;20;6;5588;3
75;20;6;7711;1
75;20;6;7788;1
75;20;7;11;1
75;20;7;13;3
75;20;7;18;1
75;20;7;22;5
75;20;7;40;1
75;20;7;44;2
75;20;7;45;1
75;20;7;95;12
75;20;7;96;6
75;20;7;10222;1
75;20;7;10333;1
75;20;7;10444;1
75;20;7;10678;4
75;20;7;11111;9
75;20;7;11555;1
75;20;7;13000;2
75;20;7;13111;1
75;20;7;13123;4
75;20;7;13131;5
75;20;7;13222;1
75;20;7;13258;1
75;20;7;13333;26
75;20;7;13444;1
75;20;7;13456;36
75;20;7;13789;2
75;20;7;13999;2
75;20;7;15222;8
75;20;7;22022;2
75;20;7;22026;7
75;20;7;22190;1
75;20;7;22222;4
75;20;7;22777;1
75;20;7;22888;1
75;20;7;25555;2
75;20;7;33333;1
75;20;7;40000;14
75;20;7;40111;2
75;20;7;40333;1
75;20;7;40456;8
75;20;7;40999;4
75;20;7;44010;1
75;20;7;44555;1
75;20;7;44810;1
75;20;7;45000;2
75;20;7;45111;1
75;20;7;45123;2
75;20;7;45190;4
75;20;7;45456;1
75;20;7;45777;1
75;20;7;45999;1
75;20;7;50180;1
75;20;7;50555;2
75;20;7;55000;1
75;20;7;55125;1
75;20;7;55333;1
75;20;7;77888;2
75;20;5;95;34
75;20;5;96;39
75;20;5;180;92
75;20;5;222;76
75;20;5;400;97
75;20;5;445;80
75;20;3;13;89
75;20;3;45;98
75;20;3;95;13
75;20;3;96;9
75;21;1;13;115
75;21;1;14;1
75;21;1;22;72
75;21;1;55;1
75;21;1;70;5
75;21;1;95;8
75;21;1;96;15
75;21;6;11;2
75;21;6;12;1
75;21;6;13;3
75;21;6;14;1
75;21;6;22;1
75;21;6;25;1
75;21;6;40;1
75;21;6;55;1
75;21;6;95;5
75;21;6;96;12
75;21;6;1010;1
75;21;6;1111;13
75;21;6;1301;3
75;21;6;1313;1
75;21;6;1322;26
75;21;6;1323;2
75;21;6;1333;23
75;21;6;1399;4
75;21;6;1515;5
75;21;6;1555;2
75;21;6;2200;2
75;21;6;2211;1
75;21;6;2222;20
75;21;6;2233;1
75;21;6;2244;1
75;21;6;2252;1
75;21;6;2277;3
75;21;6;2333;1
75;21;6;2555;33
75;21;6;4000;1
75;21;6;4040;6
75;21;6;4044;1
75;21;6;4055;1
75;21;6;4077;11
75;21;6;4343;3
75;21;6;4422;1
75;21;6;4445;4
75;21;6;4455;3
75;21;6;4490;1
75;21;6;4545;1
75;21;6;4555;2
75;21;6;5050;3
75;21;6;5511;1
75;21;6;5533;5
75;21;6;5555;1
75;21;6;6513;1
75;21;7;10;1
75;21;7;13;3
75;21;7;18;1
75;21;7;22;3
75;21;7;40;4
75;21;7;44;5
75;21;7;45;2
75;21;7;95;6
75;21;7;96;8
75;21;7;10123;1
75;21;7;10444;1
75;21;7;10678;2
75;21;7;11111;9
75;21;7;11555;1
75;21;7;13000;1
75;21;7;13111;1
75;21;7;13123;1
75;21;7;13130;1
75;21;7;13131;2
75;21;7;13222;2
75;21;7;13234;1
75;21;7;13258;1
75;21;7;13333;25
75;21;7;13444;4
75;21;7;13456;32
75;21;7;13789;4
75;21;7;13888;3
75;21;7;13999;1
75;21;7;15222;5
75;21;7;15333;1
75;21;7;22022;4
75;21;7;22026;5
75;21;7;22190;1
75;21;7;22221;1
75;21;7;22222;7
75;21;7;22580;2
75;21;7;22777;1
75;21;7;33333;2
75;21;7;40000;20
75;21;7;40111;1
75;21;7;40200;1
75;21;7;40333;1
75;21;7;40444;1
75;21;7;40456;7
75;21;7;40500;3
75;21;7;40777;2
75;21;7;40888;1
75;21;7;40999;11
75;21;7;43000;1
75;21;7;45000;2
75;21;7;45111;1
75;21;7;45123;1
75;21;7;45190;1
75;21;7;45222;2
75;21;7;45411;1
75;21;7;50555;2
75;21;7;55111;1
75;21;7;55777;1
75;21;7;55888;1
75;21;5;95;31
75;21;5;96;70
75;21;5;180;91
75;21;5;222;70
75;21;5;400;96
75;21;5;445;74
75;21;5;800;2
75;21;3;13;100
75;21;3;14;1
75;21;3;45;87
75;21;3;95;6
75;21;3;96;23
75;22;1;13;115
75;22;1;22;66
75;22;1;55;2
75;22;1;70;3
75;22;1;95;8
75;22;1;96;9
75;22;6;11;1
75;22;6;12;2
75;22;6;13;2
75;22;6;22;1
75;22;6;44;1
75;22;6;95;14
75;22;6;1010;3
75;22;6;1055;1
75;22;6;1111;4
75;22;6;1301;1
75;22;6;1322;29
75;22;6;1323;2
75;22;6;1331;1
75;22;6;1333;25
75;22;6;1399;3
75;22;6;1515;8
75;22;6;1522;1
75;22;6;1800;2
75;22;6;2200;2
75;22;6;2222;21
75;22;6;2233;3
75;22;6;2244;2
75;22;6;2277;2
75;22;6;2288;2
75;22;6;2555;23
75;22;6;2580;1
75;22;6;4020;1
75;22;6;4040;4
75;22;6;4077;6
75;22;6;4343;7
75;22;6;4410;2
75;22;6;4422;2
75;22;6;4445;5
75;22;6;4512;1
75;22;6;4545;2
75;22;6;4555;3
75;22;6;5050;2
75;22;6;5511;1
75;22;6;5533;8
75;22;6;5555;1
75;22;6;5588;1
75;22;7;13;1
75;22;7;15;1
75;22;7;18;2
75;22;7;22;2
75;22;7;40;3
75;22;7;44;1
75;22;7;95;13
75;22;7;96;3
75;22;7;10007;1
75;22;7;10123;3
75;22;7;10333;3
75;22;7;10678;1
75;22;7;11111;4
75;22;7;11555;1
75;22;7;13111;2
75;22;7;13123;1
75;22;7;13131;6
75;22;7;13258;1
75;22;7;13333;25
75;22;7;13444;2
75;22;7;13456;37
75;22;7;13789;1
75;22;7;15222;6
75;22;7;15333;1
75;22;7;22000;1
75;22;7;22022;2
75;22;7;22026;5
75;22;7;22221;2
75;22;7;22222;2
75;22;7;22762;1
75;22;7;22777;1
75;22;7;22888;2
75;22;7;25555;4
75;22;7;33456;1
75;22;7;40000;21
75;22;7;40111;2
75;22;7;40222;1
75;22;7;40456;8
75;22;7;40500;1
75;22;7;40999;7
75;22;7;44810;1
75;22;7;45000;1
75;22;7;45100;1
75;22;7;45111;2
75;22;7;45190;4
75;22;7;45411;1
75;22;7;45678;1
75;22;7;45777;4
75;22;7;50013;1
75;22;7;50555;1
75;22;7;55111;1
75;22;7;55555;1
75;22;7;55777;2
75;22;5;95;37
75;22;5;96;45
75;22;5;180;98
75;22;5;222;62
75;22;5;300;1
75;22;5;400;99
75;22;5;445;64
75;22;3;13;96
75;22;3;45;84
75;22;3;95;11
75;22;3;96;12
75;23;1;13;117
75;23;1;14;1
75;23;1;21;1
75;23;1;22;55
75;23;1;70;8
75;23;1;95;3
75;23;1;96;11
75;23;6;13;2
75;23;6;18;1
75;23;6;22;1
75;23;6;40;1
75;23;6;95;14
75;23;6;96;8
75;23;6;1010;1
75;23;6;1055;3
75;23;6;1111;7
75;23;6;1234;1
75;23;6;1277;1
75;23;6;1300;1
75;23;6;1301;5
75;23;6;1322;23
75;23;6;1323;2
75;23;6;1331;3
75;23;6;1333;33
75;23;6;1399;3
75;23;6;1515;8
75;23;6;1555;1
75;23;6;1800;2
75;23;6;2026;1
75;23;6;2200;1
75;23;6;2222;18
75;23;6;2244;1
75;23;6;2277;1
75;23;6;2288;1
75;23;6;2299;1
75;23;6;2333;2
75;23;6;2555;22
75;23;6;4001;1
75;23;6;4020;1
75;23;6;4077;7
75;23;6;4343;1
75;23;6;4422;2
75;23;6;4445;1
75;23;6;4545;2
75;23;6;4555;1
75;23;6;5050;1
75;23;6;5511;1
75;23;6;5533;8
75;23;6;5588;1
75;23;7;13;1
75;23;7;18;2
75;23;7;40;1
75;23;7;44;1
75;23;7;77;1
75;23;7;95;12
75;23;7;96;13
75;23;7;10110;1
75;23;7;10333;1
75;23;7;10678;1
75;23;7;11111;9
75;23;7;13000;1
75;23;7;13013;1
75;23;7;13111;1
75;23;7;13123;5
75;23;7;13131;5
75;23;7;13222;1
75;23;7;13258;3
75;23;7;13333;37
75;23;7;13456;27
75;23;7;13789;2
75;23;7;13999;2
75;23;7;15222;8
75;23;7;22022;3
75;23;7;22026;6
75;23;7;22221;1
75;23;7;22222;3
75;23;7;22223;1
75;23;7;22422;1
75;23;7;22888;1
75;23;7;25555;2
75;23;7;33123;1
75;23;7;33333;2
75;23;7;40000;10
75;23;7;40111;2
75;23;7;40333;1
75;23;7;40456;9
75;23;7;40500;1
75;23;7;40888;1
75;23;7;40999;7
75;23;7;45111;1
75;23;7;45123;1
75;23;7;45190;3
75;23;7;45999;1
75;23;7;50555;1
75;23;7;55125;1
75;23;5;95;44
75;23;5;96;54
75;23;5;162;1
75;23;5;180;83
75;23;5;222;59
75;23;5;400;90
75;23;5;445;60
75;23;5;800;1
75;23;3;13;89
75;23;3;45;85
75;23;3;95;11
75;23;3;96;11
75;24;1;13;117
75;24;1;14;3
75;24;1;22;76
75;24;1;30;1
75;24;1;70;2
75;24;1;95;9
75;24;1;96;10
75;24;6;11;1
75;24;6;13;5
75;24;6;23;1
75;24;6;25;1
75;24;6;55;1
75;24;6;95;15
75;24;6;96;8
75;24;6;1010;1
75;24;6;1022;1
75;24;6;1055;1
75;24;6;1111;6
75;24;6;1234;1
75;24;6;1277;1
75;24;6;1301;4
75;24;6;1313;1
75;24;6;1322;19
75;24;6;1323;2
75;24;6;1331;1
75;24;6;1333;20
75;24;6;1399;2
75;24;6;1515;11
75;24;6;1522;1
75;24;6;1800;2
75;24;6;2026;1
75;24;6;2099;1
75;24;6;2200;1
75;24;6;2222;33
75;24;6;2233;1
75;24;6;2244;3
75;24;6;2288;1
75;24;6;2333;1
75;24;6;2518;1
75;24;6;2555;18
75;24;6;2580;1
75;24;6;4020;2
75;24;6;4040;5
75;24;6;4077;7
75;24;6;4343;3
75;24;6;4445;4
75;24;6;4455;2
75;24;6;4490;1
75;24;6;4545;3
75;24;6;4555;4
75;24;6;5001;1
75;24;6;5050;5
75;24;6;5511;5
75;24;6;5533;6
75;24;6;5555;1
75;24;6;5588;1
75;24;7;13;1
75;24;7;18;1
75;24;7;22;1
75;24;7;33;1
75;24;7;40;7
75;24;7;44;1
75;24;7;45;1
75;24;7;95;18
75;24;7;96;11
75;24;7;10100;1
75;24;7;10123;1
75;24;7;10222;1
75;24;7;10333;1
75;24;7;10678;1
75;24;7;11111;7
75;24;7;11555;2
75;24;7;13111;1
75;24;7;13123;4
75;24;7;13131;5
75;24;7;13333;25
75;24;7;13444;2
75;24;7;13456;27
75;24;7;13789;7
75;24;7;13888;1
75;24;7;13999;1
75;24;7;15222;4
75;24;7;22022;6
75;24;7;22026;10
75;24;7;22190;2
75;24;7;22221;1
75;24;7;22222;2
75;24;7;22422;1
75;24;7;22456;1
75;24;7;22777;1
75;24;7;22888;2
75;24;7;25555;2
75;24;7;33333;2
75;24;7;33999;1
75;24;7;40000;13
75;24;7;40111;5
75;24;7;40200;1
75;24;7;40333;2
75;24;7;40444;1
75;24;7;40456;7
75;24;7;40789;1
75;24;7;40999;5
75;24;7;44321;2
75;24;7;45111;4
75;24;7;45123;1
75;24;7;45190;1
75;24;7;50050;1
75;24;7;50180;1
75;24;7;50555;2
75;24;7;55111;2
75;24;7;55333;1
75;24;7;55777;1
75;24;7;55999;1
75;24;7;77888;2
75;24;5;95;61
75;24;5;96;53
75;24;5;162;2
75;24;5;180;83
75;24;5;222;75
75;24;5;300;1
75;24;5;400;86
75;24;5;445;74
75;24;5;800;1
75;24;3;13;95
75;24;3;45;100
75;24;3;95;11
75;24;3;96;12
75;25;1;13;126
75;25;1;14;4
75;25;1;22;79
75;25;1;55;1
75;25;1;70;10
75;25;1;95;7
75;25;1;96;4
75;25;6;11;1
75;25;6;12;1
75;25;6;13;1
75;25;6;14;1
75;25;6;25;1
75;25;6;44;1
75;25;6;50;1
75;25;6;95;10
75;25;6;96;1
75;25;6;1010;2
75;25;6;1055;2
75;25;6;1111;5
75;25;6;1122;1
75;25;6;1222;2
75;25;6;1301;1
75;25;6;1322;27
75;25;6;1323;3
75;25;6;1331;1
75;25;6;1333;37
75;25;6;1399;4
75;25;6;1414;1
75;25;6;1515;12
75;25;6;1555;2
75;25;6;1800;1
75;25;6;2026;1
75;25;6;2099;3
75;25;6;2200;1
75;25;6;2222;18
75;25;6;2233;1
75;25;6;2244;3
75;25;6;2255;1
75;25;6;2288;3
75;25;6;2333;1
75;25;6;2555;39
75;25;6;2580;1
75;25;6;4020;1
75;25;6;4040;5
75;25;6;4055;1
75;25;6;4077;5
75;25;6;4343;3
75;25;6;4422;1
75;25;6;4445;1
75;25;6;4455;1
75;25;6;4490;1
75;25;6;4545;2
75;25;6;4555;4
75;25;6;5050;2
75;25;6;5077;1
75;25;6;5511;4
75;25;6;5533;7
75;25;6;5577;1
75;25;7;13;2
75;25;7;15;2
75;25;7;18;3
75;25;7;22;2
75;25;7;40;7
75;25;7;45;1
75;25;7;55;1
75;25;7;95;17
75;25;7;96;3
75;25;7;10100;2
75;25;7;10123;2
75;25;7;10333;1
75;25;7;10478;1
75;25;7;10678;1
75;25;7;11111;7
75;25;7;11555;1
75;25;7;12333;1
75;25;7;13000;2
75;25;7;13111;1
75;25;7;13123;1
75;25;7;13131;5
75;25;7;13222;1
75;25;7;13333;34
75;25;7;13444;4
75;25;7;13456;38
75;25;7;13777;1
75;25;7;13789;3
75;25;7;13999;3
75;25;7;15222;7
75;25;7;22000;1
75;25;7;22022;5
75;25;7;22026;7
75;25;7;22190;1
75;25;7;22221;2
75;25;7;22222;1
75;25;7;22223;1
75;25;7;22322;1
75;25;7;22888;3
75;25;7;25555;1
75;25;7;33333;1
75;25;7;40000;15
75;25;7;40111;2
75;25;7;40200;1
75;25;7;40456;16
75;25;7;40999;6
75;25;7;44321;1
75;25;7;45000;1
75;25;7;45111;3
75;25;7;45123;2
75;25;7;45633;1
75;25;7;50555;5
75;25;5;95;51
75;25;5;96;41
75;25;5;162;1
75;25;5;180;98
75;25;5;222;76
75;25;5;400;112
75;25;5;445;83
75;25;3;13;99
75;25;3;45;104
75;25;3;95;12
75;25;3;96;16
75;26;1;13;114
75;26;1;14;9
75;26;1;22;75
75;26;1;55;3
75;26;1;70;4
75;26;1;95;15
75;26;1;96;6
75;26;6;13;2
75;26;6;22;1
75;26;6;40;1
75;26;6;44;1
75;26;6;95;13
75;26;6;96;5
75;26;6;1010;2
75;26;6;1022;1
75;26;6;1055;3
75;26;6;1111;8
75;26;6;1234;1
75;26;6;1301;5
75;26;6;1313;1
75;26;6;1322;25
75;26;6;1323;4
75;26;6;1331;1
75;26;6;1333;24
75;26;6;1399;3
75;26;6;1467;1
75;26;6;1515;10
75;26;6;1555;3
75;26;6;1800;2
75;26;6;2099;1
75;26;6;2200;4
75;26;6;2222;23
75;26;6;2225;1
75;26;6;2233;1
75;26;6;2244;1
75;26;6;2288;4
75;26;6;2333;1
75;26;6;2525;1
75;26;6;2555;22
75;26;6;3007;1
75;26;6;4000;1
75;26;6;4040;2
75;26;6;4077;16
75;26;6;4343;6
75;26;6;4445;3
75;26;6;4555;1
75;26;6;5050;2
75;26;6;5077;1
75;26;6;5099;1
75;26;6;5511;2
75;26;6;5522;1
75;26;6;5533;12
75;26;6;7788;1
75;26;7;13;3
75;26;7;15;1
75;26;7;18;1
75;26;7;22;1
75;26;7;40;5
75;26;7;44;2
75;26;7;45;1
75;26;7;95;15
75;26;7;96;6
75;26;7;10123;1
75;26;7;10234;1
75;26;7;10333;2
75;26;7;10678;3
75;26;7;11111;12
75;26;7;13000;1
75;26;7;13013;1
75;26;7;13111;3
75;26;7;13123;2
75;26;7;13131;4
75;26;7;13132;1
75;26;7;13222;1
75;26;7;13333;20
75;26;7;13456;36
75;26;7;13777;1
75;26;7;13789;3
75;26;7;15222;11
75;26;7;22022;5
75;26;7;22026;10
75;26;7;22190;1
75;26;7;22221;3
75;26;7;22222;3
75;26;7;22888;4
75;26;7;25555;5
75;26;7;40000;16
75;26;7;40333;1
75;26;7;40456;13
75;26;7;40500;2
75;26;7;40999;13
75;26;7;44321;1
75;26;7;45111;1
75;26;7;45190;1
75;26;7;45777;2
75;26;7;45789;1
75;26;7;45999;1
75;26;7;50013;1
75;26;7;50050;1
75;26;7;50555;1
75;26;7;77888;2
75;26;5;95;55
75;26;5;96;43
75;26;5;180;96
75;26;5;222;74
75;26;5;400;97
75;26;5;445;84
75;26;5;800;3
75;26;3;13;92
75;26;3;14;3
75;26;3;45;100
75;26;3;95;18
75;26;3;96;13
75;27;1;13;156
75;27;1;14;4
75;27;1;22;78
75;27;1;70;4
75;27;1;95;8
75;27;1;96;8
75;27;6;12;1
75;27;6;13;1
75;27;6;40;2
75;27;6;95;9
75;27;6;96;7
75;27;6;1055;1
75;27;6;1111;5
75;27;6;1300;1
75;27;6;1301;3
75;27;6;1322;27
75;27;6;1323;10
75;27;6;1331;2
75;27;6;1333;45
75;27;6;1399;4
75;27;6;1400;1
75;27;6;1515;7
75;27;6;1555;3
75;27;6;1800;1
75;27;6;2026;1
75;27;6;2030;1
75;27;6;2200;4
75;27;6;2211;1
75;27;6;2222;23
75;27;6;2244;2
75;27;6;2277;1
75;27;6;2288;5
75;27;6;2333;3
75;27;6;2555;34
75;27;6;2580;1
75;27;6;3312;1
75;27;6;4000;1
75;27;6;4020;1
75;27;6;4040;6
75;27;6;4055;1
75;27;6;4077;4
75;27;6;4343;2
75;27;6;4422;3
75;27;6;4445;3
75;27;6;4545;2
75;27;6;4555;4
75;27;6;5050;6
75;27;6;5511;1
75;27;6;5522;1
75;27;6;5533;12
75;27;6;5588;2
75;27;6;7700;1
75;27;6;7788;1
75;27;7;12;1
75;27;7;13;4
75;27;7;22;1
75;27;7;40;5
75;27;7;44;4
75;27;7;95;14
75;27;7;96;6
75;27;7;10100;1
75;27;7;10222;2
75;27;7;10333;1
75;27;7;10678;2
75;27;7;11111;6
75;27;7;13000;5
75;27;7;13123;2
75;27;7;13131;7
75;27;7;13222;1
75;27;7;13234;3
75;27;7;13333;49
75;27;7;13444;2
75;27;7;13456;45
75;27;7;13789;5
75;27;7;13999;5
75;27;7;15222;10
75;27;7;22000;1
75;27;7;22022;5
75;27;7;22026;6
75;27;7;22221;3
75;27;7;22222;2
75;27;7;22777;1
75;27;7;22888;3
75;27;7;25555;1
75;27;7;33123;1
75;27;7;40000;14
75;27;7;40111;1
75;27;7;40200;1
75;27;7;40222;1
75;27;7;40456;10
75;27;7;40500;1
75;27;7;40888;2
75;27;7;40999;9
75;27;7;44444;1
75;27;7;45111;2
75;27;7;45123;1
75;27;7;45190;2
75;27;7;45222;1
75;27;7;45411;1
75;27;7;45456;1
75;27;7;45789;1
75;27;7;45800;1
75;27;7;50555;3
75;27;7;77888;1
75;27;5;95;48
75;27;5;96;62
75;27;5;180;127
75;27;5;222;70
75;27;5;300;1
75;27;5;400;131
75;27;5;445;76
75;27;5;800;1
75;27;3;13;129
75;27;3;14;1
75;27;3;45;113
75;27;3;95;6
75;27;3;96;9
75;28;1;13;176
75;28;1;14;1
75;28;1;22;54
75;28;1;55;2
75;28;1;70;2
75;28;1;95;8
75;28;1;96;7
75;28;6;11;1
75;28;6;13;2
75;28;6;15;1
75;28;6;22;1
75;28;6;25;2
75;28;6;95;3
75;28;6;96;3
75;28;6;1055;3
75;28;6;1111;33
75;28;6;1233;2
75;28;6;1301;1
75;28;6;1322;39
75;28;6;1323;3
75;28;6;1333;30
75;28;6;1388;1
75;28;6;1399;1
75;28;6;1515;5
75;28;6;1555;1
75;28;6;2222;8
75;28;6;2333;2
75;28;6;2555;89
75;28;6;4077;3
75;28;6;4343;1
75;28;6;4444;6
75;28;6;4545;1
75;28;6;4555;3
75;28;6;5533;5
75;28;7;11;2
75;28;7;13;3
75;28;7;18;1
75;28;7;25;2
75;28;7;40;7
75;28;7;44;1
75;28;7;95;11
75;28;7;96;4
75;28;7;10100;3
75;28;7;11111;33
75;28;7;13111;4
75;28;7;13123;1
75;28;7;13131;8
75;28;7;13222;5
75;28;7;13333;32
75;28;7;13456;76
75;28;7;13789;2
75;28;7;13888;1
75;28;7;13999;2
75;28;7;15222;5
75;28;7;22022;2
75;28;7;22180;1
75;28;7;22221;3
75;28;7;22222;3
75;28;7;22223;1
75;28;7;22777;2
75;28;7;25555;1
75;28;7;33333;1
75;28;7;40000;8
75;28;7;40456;1
75;28;7;40500;3
75;28;7;40999;1
75;28;7;44444;15
75;28;7;45123;1
75;28;7;45800;1
75;28;7;50013;1
75;28;7;50555;1
75;28;7;55333;1
75;28;5;95;42
75;28;5;96;55
75;28;5;180;133
75;28;5;222;65
75;28;5;400;142
75;28;5;445;63
75;28;3;13;157
75;28;3;45;71
75;28;3;95;6
75;28;3;96;16
75;29;1;13;107
75;29;1;14;1
75;29;1;22;55
75;29;1;55;1
75;29;1;70;2
75;29;1;95;8
75;29;1;96;6
75;29;6;11;1
75;29;6;13;1
75;29;6;45;1
75;29;6;95;3
75;29;6;96;6
75;29;6;1055;1
75;29;6;1111;7
75;29;6;1301;1
75;29;6;1313;1
75;29;6;1322;21
75;29;6;1323;10
75;29;6;1331;1
75;29;6;1333;26
75;29;6;1515;24
75;29;6;1555;1
75;29;6;1800;1
75;29;6;2222;11
75;29;6;2244;4
75;29;6;2277;1
75;29;6;2525;1
75;29;6;2555;29
75;29;6;4020;4
75;29;6;4077;3
75;29;6;4343;2
75;29;6;4422;1
75;29;6;4444;2
75;29;6;4545;2
75;29;6;4555;5
75;29;6;5050;4
75;29;6;5533;4
75;29;6;7788;1
75;29;7;11;1
75;29;7;13;2
75;29;7;18;5
75;29;7;25;1
75;29;7;33;1
75;29;7;40;3
75;29;7;95;7
75;29;7;96;2
75;29;7;10100;3
75;29;7;11111;7
75;29;7;11222;2
75;29;7;13000;1
75;29;7;13111;2
75;29;7;13131;12
75;29;7;13222;2
75;29;7;13333;32
75;29;7;13456;37
75;29;7;13789;6
75;29;7;13888;2
75;29;7;13999;1
75;29;7;15222;4
75;29;7;22022;1
75;29;7;22026;3
75;29;7;22322;1
75;29;7;22777;1
75;29;7;40000;3
75;29;7;40111;7
75;29;7;40333;4
75;29;7;40456;6
75;29;7;40500;1
75;29;7;40999;4
75;29;7;44444;4
75;29;7;45000;1
75;29;7;45111;5
75;29;7;45123;2
75;29;7;45190;2
75;29;7;45777;1
75;29;7;55333;1
75;29;5;95;32
75;29;5;96;40
75;29;5;180;88
75;29;5;222;53
75;29;5;400;89
75;29;5;445;56
75;29;5;800;2
75;29;3;13;89
75;29;3;45;68
75;29;3;95;11
75;29;3;96;12
75;30;1;13;115
75;30;1;22;42
75;30;1;55;1
75;30;1;70;2
75;30;1;95;8
75;30;1;96;9
75;30;6;15;1
75;30;6;22;1
75;30;6;23;1
75;30;6;43;1
75;30;6;95;3
75;30;6;96;3
75;30;6;1055;1
75;30;6;1111;7
75;30;6;1222;1
75;30;6;1301;1
75;30;6;1313;1
75;30;6;1322;32
75;30;6;1323;2
75;30;6;1331;1
75;30;6;1333;18
75;30;6;1399;1
75;30;6;1515;24
75;30;6;1555;2
75;30;6;2026;1
75;30;6;2210;1
75;30;6;2211;1
75;30;6;2222;7
75;30;6;2244;3
75;30;6;2277;2
75;30;6;2555;35
75;30;6;4001;1
75;30;6;4020;2
75;30;6;4077;5
75;30;6;4343;2
75;30;6;4444;1
75;30;6;4445;3
75;30;6;4545;1
75;30;6;4555;4
75;30;6;5050;3
75;30;6;5533;4
75;30;7;11;1
75;30;7;13;3
75;30;7;22;2
75;30;7;44;1
75;30;7;45;1
75;30;7;95;9
75;30;7;96;4
75;30;7;10100;2
75;30;7;11111;6
75;30;7;13000;2
75;30;7;13111;1
75;30;7;13123;1
75;30;7;13131;19
75;30;7;13133;1
75;30;7;13333;27
75;30;7;13456;42
75;30;7;13789;7
75;30;7;13999;1
75;30;7;15222;4
75;30;7;22026;4
75;30;7;22222;1
75;30;7;22777;2
75;30;7;25555;1
75;30;7;40000;3
75;30;7;40111;8
75;30;7;40200;3
75;30;7;40333;1
75;30;7;40456;6
75;30;7;40500;1
75;30;7;40999;3
75;30;7;44444;1
75;30;7;45000;1
75;30;7;45111;3
75;30;7;45190;1
75;30;7;45222;1
75;30;7;45888;1
75;30;7;50555;2
75;30;5;95;33
75;30;5;96;33
75;30;5;180;98
75;30;5;222;38
75;30;5;400;105
75;30;5;445;47
75;30;3;13;96
75;30;3;45;55
75;30;3;95;13
75;30;3;96;13
75;31;1;13;104
75;31;1;14;2
75;31;1;22;55
75;31;1;55;1
75;31;1;70;2
75;31;1;95;4
75;31;1;96;5
75;31;6;11;1
75;31;6;13;2
75;31;6;15;1
75;31;6;95;7
75;31;6;96;3
75;31;6;1055;1
75;31;6;1111;9
75;31;6;1233;1
75;31;6;1301;2
75;31;6;1313;1
75;31;6;1322;17
75;31;6;1323;11
75;31;6;1333;26
75;31;6;1515;15
75;31;6;1555;3
75;31;6;2200;1
75;31;6;2222;8
75;31;6;2244;2
75;31;6;2255;1
75;31;6;2266;1
75;31;6;2277;3
75;31;6;2555;27
75;31;6;4020;3
75;31;6;4077;8
75;31;6;4343;1
75;31;6;4444;1
75;31;6;4445;2
75;31;6;4545;2
75;31;6;4555;3
75;31;6;5050;1
75;31;6;5099;2
75;31;6;5511;2
75;31;6;5533;5
75;31;7;11;1
75;31;7;13;2
75;31;7;18;2
75;31;7;40;1
75;31;7;44;2
75;31;7;45;1
75;31;7;55;1
75;31;7;95;6
75;31;7;96;3
75;31;7;10333;1
75;31;7;11111;8
75;31;7;11222;1
75;31;7;13000;4
75;31;7;13123;1
75;31;7;13131;6
75;31;7;13222;1
75;31;7;13333;33
75;31;7;13456;34
75;31;7;13789;12
75;31;7;15222;3
75;31;7;22022;1
75;31;7;22026;7
75;31;7;22221;1
75;31;7;22222;2
75;31;7;22322;1
75;31;7;22777;2
75;31;7;33333;1
75;31;7;40000;7
75;31;7;40111;5
75;31;7;40333;4
75;31;7;40456;5
75;31;7;40500;2
75;31;7;40999;4
75;31;7;44444;2
75;31;7;45123;2
75;31;7;45190;2
75;31;7;50013;2
75;31;5;95;33
75;31;5;96;29
75;31;5;180;84
75;31;5;222;52
75;31;5;300;1
75;31;5;400;89
75;31;5;445;58
75;31;3;13;78
75;31;3;45;77
75;31;3;95;10
75;31;3;96;8
75;32;1;13;151
75;32;1;22;44
75;32;1;55;1
75;32;1;70;2
75;32;1;95;5
75;32;1;96;10
75;32;6;11;2
75;32;6;12;3
75;32;6;13;5
75;32;6;15;1
75;32;6;40;1
75;32;6;95;3
75;32;6;96;4
75;32;6;1010;1
75;32;6;1055;1
75;32;6;1111;1
75;32;6;1233;1
75;32;6;1234;1
75;32;6;1301;4
75;32;6;1313;1
75;32;6;1322;42
75;32;6;1323;25
75;32;6;1333;30
75;32;6;1399;1
75;32;6;1515;6
75;32;6;1592;1
75;32;6;2222;5
75;32;6;2233;1
75;32;6;2255;1
75;32;6;2277;1
75;32;6;2288;1
75;32;6;2555;18
75;32;6;4040;2
75;32;6;4077;8
75;32;6;4343;3
75;32;6;4444;3
75;32;6;4445;2
75;32;6;4455;4
75;32;6;4488;1
75;32;6;4545;9
75;32;6;4555;4
75;32;6;5050;4
75;32;6;5533;9
75;32;6;5588;3
75;32;7;11;1
75;32;7;13;10
75;32;7;18;6
75;32;7;22;1
75;32;7;25;1
75;32;7;40;7
75;32;7;43;2
75;32;7;45;2
75;32;7;95;6
75;32;7;96;3
75;32;7;10100;1
75;32;7;10123;1
75;32;7;10222;3
75;32;7;11111;1
75;32;7;11222;1
75;32;7;12345;1
75;32;7;13000;1
75;32;7;13013;1
75;32;7;13123;4
75;32;7;13222;1
75;32;7;13223;1
75;32;7;13333;29
75;32;7;13444;3
75;32;7;13456;60
75;32;7;13789;5
75;32;7;15222;9
75;32;7;15333;4
75;32;7;22026;2
75;32;7;22221;1
75;32;7;22222;2
75;32;7;22777;1
75;32;7;25555;2
75;32;7;40000;6
75;32;7;40111;2
75;32;7;40456;6
75;32;7;40999;6
75;32;7;44444;3
75;32;7;45123;8
75;32;7;45190;3
75;32;7;45222;2
75;32;7;50500;2
75;32;7;50555;2
75;32;5;95;36
75;32;5;96;65
75;32;5;180;105
75;32;5;222;51
75;32;5;400;114
75;32;5;445;55
75;32;3;13;115
75;32;3;14;1
75;32;3;45;76
75;32;3;95;5
75;32;3;96;16
75;33;1;13;153
75;33;1;14;1
75;33;1;22;89
75;33;1;70;5
75;33;1;95;16
75;33;1;96;7
75;33;6;11;4
75;33;6;12;1
75;33;6;13;1
75;33;6;15;1
75;33;6;23;1
75;33;6;25;1
75;33;6;40;1
75;33;6;95;13
75;33;6;96;2
75;33;6;1010;1
75;33;6;1055;6
75;33;6;1111;10
75;33;6;1234;1
75;33;6;1301;10
75;33;6;1322;73
75;33;6;1323;1
75;33;6;1333;64
75;33;6;1515;1
75;33;6;2211;2
75;33;6;2222;9
75;33;6;2244;1
75;33;6;2255;1
75;33;6;2288;1
75;33;6;2333;1
75;33;6;2555;16
75;33;6;4055;1
75;33;6;4077;31
75;33;6;4343;1
75;33;6;4445;2
75;33;6;4477;1
75;33;6;4490;2
75;33;6;4555;2
75;33;6;5050;2
75;33;6;5511;1
75;33;6;5533;5
75;33;7;12;1
75;33;7;13;8
75;33;7;22;1
75;33;7;33;1
75;33;7;40;3
75;33;7;44;1
75;33;7;95;11
75;33;7;96;3
75;33;7;10123;1
75;33;7;11111;11
75;33;7;11222;3
75;33;7;13013;1
75;33;7;13111;1
75;33;7;13123;5
75;33;7;13133;1
75;33;7;13222;1
75;33;7;13234;1
75;33;7;13333;70
75;33;7;13456;79
75;33;7;13999;1
75;33;7;15222;6
75;33;7;22022;2
75;33;7;22026;1
75;33;7;22221;2
75;33;7;22888;2
75;33;7;33333;1
75;33;7;40000;28
75;33;7;40222;1
75;33;7;40456;1
75;33;7;40500;2
75;33;7;40999;8
75;33;7;44111;3
75;33;7;45111;1
75;33;7;45190;4
75;33;7;45222;2
75;33;7;45800;2
75;33;7;50555;1
75;33;5;95;68
75;33;5;96;52
75;33;5;180;125
75;33;5;222;78
75;33;5;400;129
75;33;5;445;90
75;33;3;13;126
75;33;3;45;108
75;33;3;95;18
75;33;3;96;19
75;34;1;13;159
75;34;1;22;76
75;34;1;70;7
75;34;1;95;14
75;34;1;96;9
75;34;6;13;3
75;34;6;23;1
75;34;6;70;1
75;34;6;95;10
75;34;6;96;3
75;34;6;1010;2
75;34;6;1055;3
75;34;6;1111;7
75;34;6;1301;2
75;34;6;1311;1
75;34;6;1313;1
75;34;6;1322;75
75;34;6;1323;2
75;34;6;1331;1
75;34;6;1333;70
75;34;6;1515;4
75;34;6;2026;1
75;34;6;2200;2
75;34;6;2211;2
75;34;6;2222;12
75;34;6;2288;1
75;34;6;2333;4
75;34;6;2555;18
75;34;6;4000;1
75;34;6;4020;1
75;34;6;4055;1
75;34;6;4077;18
75;34;6;4343;1
75;34;6;4410;2
75;34;6;4444;1
75;34;6;4445;1
75;34;6;4477;2
75;34;6;5050;3
75;34;6;5511;1
75;34;6;5533;6
75;34;6;5588;1
75;34;7;12;1
75;34;7;13;4
75;34;7;15;1
75;34;7;40;4
75;34;7;44;4
75;34;7;45;1
75;34;7;95;12
75;34;7;96;4
75;34;7;10123;2
75;34;7;10222;1
75;34;7;10444;1
75;34;7;11111;10
75;34;7;11222;2
75;34;7;12333;1
75;34;7;13123;2
75;34;7;13131;1
75;34;7;13333;69
75;34;7;13456;86
75;34;7;13789;1
75;34;7;13999;6
75;34;7;15222;6
75;34;7;15555;1
75;34;7;22022;2
75;34;7;22026;3
75;34;7;22221;2
75;34;7;22222;3
75;34;7;22223;1
75;34;7;22888;1
75;34;7;25555;1
75;34;7;40000;15
75;34;7;40456;3
75;34;7;40999;7
75;34;7;44111;1
75;34;7;44444;1
75;34;7;45000;1
75;34;7;45190;1
75;34;7;45222;2
75;34;7;50050;1
75;34;5;95;58
75;34;5;96;43
75;34;5;180;138
75;34;5;222;73
75;34;5;400;144
75;34;5;445;74
75;34;3;13;146
75;34;3;45;92
75;34;3;95;17
75;34;3;96;10
75;35;1;13;156
75;35;1;22;96
75;35;1;70;3
75;35;1;95;12
75;35;1;96;12
75;35;6;11;1
75;35;6;12;3
75;35;6;13;1
75;35;6;22;1
75;35;6;33;1
75;35;6;40;1
75;35;6;95;15
75;35;6;96;2
75;35;6;1055;7
75;35;6;1111;3
75;35;6;1222;2
75;35;6;1233;1
75;35;6;1234;2
75;35;6;1301;6
75;35;6;1322;73
75;35;6;1333;72
75;35;6;1515;2
75;35;6;2200;2
75;35;6;2211;1
75;35;6;2222;11
75;35;6;2333;6
75;35;6;2555;19
75;35;6;2580;1
75;35;6;4000;1
75;35;6;4077;25
75;35;6;4343;1
75;35;6;4444;1
75;35;6;4445;2
75;35;6;4455;1
75;35;6;4545;2
75;35;6;4555;3
75;35;6;5050;2
75;35;6;5533;8
75;35;7;13;5
75;35;7;15;1
75;35;7;18;2
75;35;7;33;1
75;35;7;40;7
75;35;7;44;2
75;35;7;95;16
75;35;7;96;4
75;35;7;11111;4
75;35;7;11222;7
75;35;7;13123;3
75;35;7;13333;82
75;35;7;13456;85
75;35;7;13999;7
75;35;7;15222;9
75;35;7;22022;2
75;35;7;22026;2
75;35;7;22221;3
75;35;7;22222;5
75;35;7;22223;1
75;35;7;22762;2
75;35;7;40000;19
75;35;7;40456;1
75;35;7;40999;5
75;35;7;45123;1
75;35;7;45222;1
75;35;7;77888;2
75;35;5;95;73
75;35;5;96;48
75;35;5;180;141
75;35;5;222;72
75;35;5;400;138
75;35;5;445;86
75;35;3;13;141
75;35;3;45;100
75;35;3;95;20
75;35;3;96;18
75;36;1;13;109
75;36;1;14;1
75;36;1;22;76
75;36;1;70;8
75;36;1;95;4
75;36;1;96;10
75;36;6;11;1
75;36;6;12;2
75;36;6;13;1
75;36;6;15;1
75;36;6;25;1
75;36;6;40;1
75;36;6;44;1
75;36;6;95;11
75;36;6;96;6
75;36;6;1010;1
75;36;6;1055;1
75;36;6;1111;6
75;36;6;1144;1
75;36;6;1301;2
75;36;6;1322;17
75;36;6;1323;4
75;36;6;1331;1
75;36;6;1333;28
75;36;6;1399;3
75;36;6;1511;1
75;36;6;1515;9
75;36;6;1533;1
75;36;6;1800;3
75;36;6;2026;2
75;36;6;2200;2
75;36;6;2222;25
75;36;6;2233;2
75;36;6;2244;2
75;36;6;2288;2
75;36;6;2333;2
75;36;6;2525;1
75;36;6;2555;27
75;36;6;4000;1
75;36;6;4011;1
75;36;6;4020;2
75;36;6;4040;1
75;36;6;4077;4
75;36;6;4343;2
75;36;6;4410;1
75;36;6;4445;7
75;36;6;4511;1
75;36;6;4555;2
75;36;6;5050;5
75;36;6;5077;1
75;36;6;5511;3
75;36;6;5533;8
75;36;6;5588;1
75;36;7;13;1
75;36;7;15;1
75;36;7;18;4
75;36;7;25;1
75;36;7;33;1
75;36;7;40;4
75;36;7;95;13
75;36;7;96;5
75;36;7;10100;1
75;36;7;10123;1
75;36;7;10333;1
75;36;7;10444;2
75;36;7;10678;2
75;36;7;11111;8
75;36;7;13013;1
75;36;7;13123;4
75;36;7;13131;6
75;36;7;13222;1
75;36;7;13234;1
75;36;7;13333;27
75;36;7;13456;30
75;36;7;13789;2
75;36;7;13999;1
75;36;7;15222;10
75;36;7;22000;1
75;36;7;22022;1
75;36;7;22026;6
75;36;7;22180;1
75;36;7;22190;1
75;36;7;22221;4
75;36;7;22222;4
75;36;7;22888;1
75;36;7;25555;1
75;36;7;33333;1
75;36;7;40000;14
75;36;7;40114;1
75;36;7;40123;1
75;36;7;40333;1
75;36;7;40456;11
75;36;7;40500;1
75;36;7;40888;1
75;36;7;40999;6
75;36;7;45000;1
75;36;7;45111;3
75;36;7;45123;1
75;36;7;45190;4
75;36;7;45777;1
75;36;7;45789;1
75;36;7;45888;1
75;36;7;50555;4
75;36;7;55011;1
75;36;7;55023;1
75;36;7;55555;1
75;36;7;55777;1
75;36;7;55888;1
75;36;7;77888;2
75;36;5;95;41
75;36;5;96;61
75;36;5;162;1
75;36;5;180;79
75;36;5;222;77
75;36;5;400;76
75;36;5;445;81
75;36;3;13;81
75;36;3;45;103
75;36;3;95;8
75;36;3;96;16
75;37;1;13;116
75;37;1;14;1
75;37;1;22;58
75;37;1;55;3
75;37;1;70;5
75;37;1;95;6
75;37;1;96;9
75;37;6;13;3
75;37;6;33;1
75;37;6;45;2
75;37;6;95;9
75;37;6;96;8
75;37;6;1010;2
75;37;6;1055;1
75;37;6;1111;5
75;37;6;1122;1
75;37;6;1200;1
75;37;6;1301;1
75;37;6;1313;1
75;37;6;1322;21
75;37;6;1323;3
75;37;6;1331;1
75;37;6;1333;28
75;37;6;1399;2
75;37;6;1515;10
75;37;6;2200;3
75;37;6;2222;21
75;37;6;2233;1
75;37;6;2244;1
75;37;6;2277;1
75;37;6;2288;4
75;37;6;2333;1
75;37;6;2555;24
75;37;6;2580;1
75;37;6;4020;2
75;37;6;4040;1
75;37;6;4055;1
75;37;6;4077;7
75;37;6;4343;5
75;37;6;4445;4
75;37;6;4477;1
75;37;6;4490;1
75;37;6;4545;2
75;37;6;4555;1
75;37;6;5050;4
75;37;6;5099;1
75;37;6;5511;3
75;37;6;5533;7
75;37;6;7788;1
75;37;7;13;3
75;37;7;22;3
75;37;7;40;3
75;37;7;44;3
75;37;7;45;2
75;37;7;95;12
75;37;7;96;8
75;37;7;10100;1
75;37;7;10123;1
75;37;7;11111;4
75;37;7;13013;1
75;37;7;13123;1
75;37;7;13131;1
75;37;7;13132;1
75;37;7;13222;1
75;37;7;13234;1
75;37;7;13258;1
75;37;7;13333;31
75;37;7;13456;34
75;37;7;13777;1
75;37;7;13789;2
75;37;7;13999;1
75;37;7;15222;10
75;37;7;15888;1
75;37;7;22022;4
75;37;7;22026;5
75;37;7;22190;2
75;37;7;22221;3
75;37;7;22222;1
75;37;7;22223;1
75;37;7;22777;1
75;37;7;22822;1
75;37;7;22888;3
75;37;7;25555;1
75;37;7;33123;1
75;37;7;40000;10
75;37;7;40333;1
75;37;7;40456;13
75;37;7;40500;1
75;37;7;40999;6
75;37;7;44010;1
75;37;7;45000;1
75;37;7;45123;1
75;37;7;45190;2
75;37;7;45222;1
75;37;7;45777;2
75;37;7;45789;1
75;37;7;50013;3
75;37;7;50555;2
75;37;7;55111;1
75;37;7;55125;1
75;37;7;77888;1
75;37;5;95;38
75;37;5;96;48
75;37;5;162;2
75;37;5;180;91
75;37;5;222;57
75;37;5;400;92
75;37;5;445;68
75;37;3;13;90
75;37;3;45;82
75;37;3;95;10
75;37;3;96;16
75;38;1;13;114
75;38;1;22;66
75;38;1;55;1
75;38;1;70;2
75;38;1;95;7
75;38;1;96;7
75;38;6;12;1
75;38;6;14;1
75;38;6;40;1
75;38;6;95;7
75;38;6;96;11
75;38;6;1010;2
75;38;6;1055;1
75;38;6;1111;5
75;38;6;1144;1
75;38;6;1233;1
75;38;6;1322;32
75;38;6;1323;3
75;38;6;1331;2
75;38;6;1333;27
75;38;6;1399;1
75;38;6;1515;9
75;38;6;1800;1
75;38;6;2200;1
75;38;6;2222;19
75;38;6;2233;2
75;38;6;2270;1
75;38;6;2277;1
75;38;6;2288;1
75;38;6;2333;2
75;38;6;2555;28
75;38;6;4000;1
75;38;6;4011;1
75;38;6;4020;5
75;38;6;4040;1
75;38;6;4055;1
75;38;6;4077;6
75;38;6;4343;1
75;38;6;4445;4
75;38;6;4545;2
75;38;6;4555;1
75;38;6;5000;1
75;38;6;5050;2
75;38;6;5533;10
75;38;7;13;2
75;38;7;16;1
75;38;7;18;1
75;38;7;22;2
75;38;7;40;2
75;38;7;44;1
75;38;7;95;10
75;38;7;96;12
75;38;7;10123;2
75;38;7;10333;3
75;38;7;10678;2
75;38;7;11111;6
75;38;7;12333;1
75;38;7;12345;1
75;38;7;13013;1
75;38;7;13111;1
75;38;7;13123;1
75;38;7;13131;1
75;38;7;13180;1
75;38;7;13333;26
75;38;7;13444;1
75;38;7;13456;46
75;38;7;13789;1
75;38;7;13999;4
75;38;7;15222;8
75;38;7;15333;1
75;38;7;22022;1
75;38;7;22026;7
75;38;7;22221;1
75;38;7;22222;4
75;38;7;22777;1
75;38;7;22888;1
75;38;7;25555;1
75;38;7;25888;1
75;38;7;33123;1
75;38;7;33333;1
75;38;7;40000;11
75;38;7;40114;1
75;38;7;40333;3
75;38;7;40456;9
75;38;7;40555;1
75;38;7;40999;5
75;38;7;44444;1
75;38;7;45000;1
75;38;7;45123;2
75;38;7;45190;2
75;38;7;50013;1
75;38;7;50500;1
75;38;7;50555;1
75;38;7;55888;1
75;38;5;95;34
75;38;5;96;51
75;38;5;180;94
75;38;5;222;61
75;38;5;400;92
75;38;5;445;62
75;38;3;13;100
75;38;3;45;75
75;38;3;95;6
75;38;3;96;16
75;39;1;13;117
75;39;1;14;2
75;39;1;22;62
75;39;1;30;1
75;39;1;70;7
75;39;1;95;9
75;39;1;96;8
75;39;6;13;2
75;39;6;25;1
75;39;6;45;1
75;39;6;95;13
75;39;6;96;4
75;39;6;1010;1
75;39;6;1022;1
75;39;6;1111;9
75;39;6;1234;3
75;39;6;1300;1
75;39;6;1301;3
75;39;6;1313;1
75;39;6;1322;23
75;39;6;1323;3
75;39;6;1331;1
75;39;6;1333;28
75;39;6;1399;1
75;39;6;1515;11
75;39;6;1555;2
75;39;6;1899;1
75;39;6;2200;1
75;39;6;2211;1
75;39;6;2222;18
75;39;6;2233;1
75;39;6;2244;1
75;39;6;2270;1
75;39;6;2555;29
75;39;6;2580;1
75;39;6;4020;2
75;39;6;4040;3
75;39;6;4077;9
75;39;6;4343;2
75;39;6;4422;3
75;39;6;4445;4
75;39;6;4545;4
75;39;6;4555;4
75;39;6;5050;2
75;39;6;5511;1
75;39;6;5533;6
75;39;6;5555;1
75;39;6;5588;1
75;39;6;7788;1
75;39;7;13;7
75;39;7;15;1
75;39;7;18;3
75;39;7;22;2
75;39;7;25;1
75;39;7;40;2
75;39;7;44;2
75;39;7;45;1
75;39;7;95;18
75;39;7;96;5
75;39;7;10123;1
75;39;7;10333;1
75;39;7;11111;7
75;39;7;13000;3
75;39;7;13013;2
75;39;7;13123;2
75;39;7;13131;3
75;39;7;13222;2
75;39;7;13333;29
75;39;7;13444;1
75;39;7;13456;30
75;39;7;13789;6
75;39;7;13999;1
75;39;7;15222;5
75;39;7;22000;2
75;39;7;22022;3
75;39;7;22026;7
75;39;7;22221;3
75;39;7;22222;4
75;39;7;22580;1
75;39;7;22762;1
75;39;7;25555;1
75;39;7;25888;2
75;39;7;33123;1
75;39;7;40000;16
75;39;7;40111;3
75;39;7;40333;4
75;39;7;40456;10
75;39;7;40840;1
75;39;7;40999;4
75;39;7;45000;1
75;39;7;45111;1
75;39;7;45123;1
75;39;7;45222;1
75;39;7;45411;2
75;39;7;50555;1
75;39;7;77888;1
75;39;5;95;51
75;39;5;96;42
75;39;5;180;93
75;39;5;222;58
75;39;5;400;102
75;39;5;445;65
75;39;5;800;1
75;39;3;13;93
75;39;3;45;92
75;39;3;95;10
75;39;3;96;11
75;40;1;13;111
75;40;1;14;1
75;40;1;22;68
75;40;1;70;5
75;40;1;95;6
75;40;1;96;13
75;40;6;11;5
75;40;6;12;1
75;40;6;13;1
75;40;6;22;1
75;40;6;40;1
75;40;6;95;10
75;40;6;96;5
75;40;6;1010;2
75;40;6;1022;1
75;40;6;1055;4
75;40;6;1111;9
75;40;6;1322;21
75;40;6;1323;3
75;40;6;1333;21
75;40;6;1399;3
75;40;6;1511;1
75;40;6;1515;14
75;40;6;1800;2
75;40;6;2026;1
75;40;6;2200;3
75;40;6;2212;1
75;40;6;2222;17
75;40;6;2233;1
75;40;6;2244;3
75;40;6;2255;1
75;40;6;2277;1
75;40;6;2288;1
75;40;6;2500;1
75;40;6;2518;1
75;40;6;2555;23
75;40;6;4020;1
75;40;6;4040;4
75;40;6;4077;11
75;40;6;4343;4
75;40;6;4444;1
75;40;6;4445;7
75;40;6;4545;1
75;40;6;4555;2
75;40;6;5050;2
75;40;6;5533;12
75;40;7;11;3
75;40;7;12;1
75;40;7;13;3
75;40;7;18;2
75;40;7;22;3
75;40;7;25;2
75;40;7;40;5
75;40;7;44;1
75;40;7;80;1
75;40;7;95;12
75;40;7;96;2
75;40;7;10123;2
75;40;7;10333;2
75;40;7;11111;9
75;40;7;11222;1
75;40;7;13000;2
75;40;7;13111;3
75;40;7;13131;6
75;40;7;13222;3
75;40;7;13258;1
75;40;7;13333;21
75;40;7;13444;1
75;40;7;13456;23
75;40;7;13789;2
75;40;7;15222;11
75;40;7;22000;2
75;40;7;22022;2
75;40;7;22026;11
75;40;7;22221;3
75;40;7;22222;2
75;40;7;22223;2
75;40;7;22322;1
75;40;7;22762;1
75;40;7;22888;1
75;40;7;25555;1
75;40;7;33333;1
75;40;7;40000;14
75;40;7;40111;1
75;40;7;40114;1
75;40;7;40200;1
75;40;7;40333;2
75;40;7;40456;13
75;40;7;40500;1
75;40;7;40700;1
75;40;7;40999;7
75;40;7;44444;1
75;40;7;45111;2
75;40;7;45123;1
75;40;7;45190;2
75;40;7;45411;1
75;40;7;45645;1
75;40;7;45777;4
75;40;7;50555;1
75;40;7;55888;1
75;40;5;95;51
75;40;5;96;50
75;40;5;180;72
75;40;5;222;76
75;40;5;300;1
75;40;5;400;81
75;40;5;445;76
75;40;5;800;1
75;40;3;13;83
75;40;3;45;88
75;40;3;80;1
75;40;3;95;12
75;40;3;96;20
75;41;1;13;97
75;41;1;14;4
75;41;1;22;67
75;41;1;55;2
75;41;1;70;7
75;41;1;95;8
75;41;1;96;7
75;41;6;11;1
75;41;6;22;1
75;41;6;40;1
75;41;6;44;1
75;41;6;55;1
75;41;6;95;6
75;41;6;96;5
75;41;6;1010;4
75;41;6;1055;4
75;41;6;1111;12
75;41;6;1301;2
75;41;6;1322;25
75;41;6;1323;2
75;41;6;1331;3
75;41;6;1333;16
75;41;6;1399;1
75;41;6;1515;4
75;41;6;2026;1
75;41;6;2200;1
75;41;6;2211;1
75;41;6;2222;21
75;41;6;2244;3
75;41;6;2277;2
75;41;6;2299;2
75;41;6;2333;2
75;41;6;2525;1
75;41;6;2555;27
75;41;6;4020;1
75;41;6;4040;1
75;41;6;4055;1
75;41;6;4077;8
75;41;6;4343;4
75;41;6;4445;1
75;41;6;4511;1
75;41;6;4555;3
75;41;6;5050;3
75;41;6;5511;3
75;41;6;5533;13
75;41;6;5555;1
75;41;6;5588;1
75;41;6;7788;1
75;41;7;12;1
75;41;7;13;1
75;41;7;18;2
75;41;7;22;2
75;41;7;40;4
75;41;7;44;1
75;41;7;45;1
75;41;7;65;1
75;41;7;95;10
75;41;7;96;5
75;41;7;10100;1
75;41;7;10123;4
75;41;7;10222;1
75;41;7;10444;1
75;41;7;10478;1
75;41;7;11111;13
75;41;7;11222;1
75;41;7;13000;1
75;41;7;13111;2
75;41;7;13123;1
75;41;7;13131;4
75;41;7;13222;3
75;41;7;13333;22
75;41;7;13444;3
75;41;7;13456;26
75;41;7;13789;2
75;41;7;13999;4
75;41;7;15222;15
75;41;7;22000;1
75;41;7;22022;1
75;41;7;22026;4
75;41;7;22190;1
75;41;7;22222;3
75;41;7;22522;1
75;41;7;22777;2
75;41;7;25555;1
75;41;7;33123;1
75;41;7;33333;2
75;41;7;40000;13
75;41;7;40111;1
75;41;7;40333;1
75;41;7;40456;6
75;41;7;40999;5
75;41;7;44321;1
75;41;7;44444;1
75;41;7;45000;1
75;41;7;45111;3
75;41;7;45190;1
75;41;7;45456;1
75;41;7;45777;2
75;41;7;50013;1
75;41;7;50555;3
75;41;7;55555;1
75;41;7;77888;1
75;41;5;95;39
75;41;5;96;48
75;41;5;180;84
75;41;5;222;55
75;41;5;400;91
75;41;5;445;65
75;41;5;800;2
75;41;3;13;84
75;41;3;45;85
75;41;3;95;9
75;41;3;96;14
75;42;1;13;109
75;42;1;22;58
75;42;1;70;8
75;42;1;95;9
75;42;1;96;9
75;42;6;11;1
75;42;6;13;1
75;42;6;15;1
75;42;6;22;1
75;42;6;25;2
75;42;6;40;2
75;42;6;44;1
75;42;6;45;1
75;42;6;95;11
75;42;6;96;7
75;42;6;1010;3
75;42;6;1022;1
75;42;6;1055;5
75;42;6;1111;6
75;42;6;1234;1
75;42;6;1256;1
75;42;6;1301;2
75;42;6;1322;21
75;42;6;1323;3
75;42;6;1331;3
75;42;6;1333;25
75;42;6;1388;1
75;42;6;1399;1
75;42;6;1515;7
75;42;6;1555;1
75;42;6;2200;2
75;42;6;2222;11
75;42;6;2233;3
75;42;6;2244;1
75;42;6;2277;1
75;42;6;2299;1
75;42;6;2333;2
75;42;6;2525;1
75;42;6;2555;18
75;42;6;4020;1
75;42;6;4040;4
75;42;6;4055;1
75;42;6;4077;8
75;42;6;4343;1
75;42;6;4410;1
75;42;6;4422;2
75;42;6;4444;2
75;42;6;4445;2
75;42;6;4466;1
75;42;6;4545;1
75;42;6;4555;2
75;42;6;5050;1
75;42;6;5511;5
75;42;6;5533;11
75;42;6;7788;1
75;42;7;11;1
75;42;7;13;6
75;42;7;18;2
75;42;7;40;3
75;42;7;44;1
75;42;7;45;1
75;42;7;95;12
75;42;7;96;6
75;42;7;10100;2
75;42;7;10123;4
75;42;7;10234;1
75;42;7;10678;1
75;42;7;11111;4
75;42;7;11222;1
75;42;7;11555;1
75;42;7;13000;2
75;42;7;13111;1
75;42;7;13131;2
75;42;7;13222;1
75;42;7;13333;23
75;42;7;13444;4
75;42;7;13456;34
75;42;7;13789;1
75;42;7;13999;3
75;42;7;15222;8
75;42;7;22000;1
75;42;7;22022;3
75;42;7;22026;4
75;42;7;22222;2
75;42;7;22322;1
75;42;7;22777;1
75;42;7;22888;1
75;42;7;25555;1
75;42;7;33123;2
75;42;7;33333;1
75;42;7;33456;1
75;42;7;40000;11
75;42;7;40040;1
75;42;7;40100;1
75;42;7;40111;1
75;42;7;40200;1
75;42;7;40333;2
75;42;7;40456;5
75;42;7;40888;1
75;42;7;40999;5
75;42;7;44444;1
75;42;7;45000;1
75;42;7;45111;1
75;42;7;45123;1
75;42;7;45190;1
75;42;7;45222;1
75;42;7;45777;4
75;42;7;45999;1
75;42;7;50555;3
75;42;7;55011;2
75;42;7;55023;1
75;42;7;55555;1
75;42;7;77888;4
75;42;5;95;50
75;42;5;96;42
75;42;5;180;84
75;42;5;222;55
75;42;5;400;89
75;42;5;445;66
75;42;3;13;83
75;42;3;16;1
75;42;3;45;84
75;42;3;95;10
75;42;3;96;15
75;43;1;13;108
75;43;1;14;3
75;43;1;22;64
75;43;1;70;4
75;43;1;95;9
75;43;1;96;11
75;43;6;11;1
75;43;6;12;1
75;43;6;13;3
75;43;6;40;1
75;43;6;45;1
75;43;6;95;14
75;43;6;96;7
75;43;6;1010;1
75;43;6;1055;3
75;43;6;1111;4
75;43;6;1234;1
75;43;6;1255;1
75;43;6;1301;4
75;43;6;1322;25
75;43;6;1323;3
75;43;6;1331;4
75;43;6;1333;28
75;43;6;1399;3
75;43;6;1515;5
75;43;6;1555;2
75;43;6;2200;3
75;43;6;2222;17
75;43;6;2233;3
75;43;6;2252;1
75;43;6;2277;1
75;43;6;2288;1
75;43;6;2555;18
75;43;6;2589;1
75;43;6;4040;1
75;43;6;4077;11
75;43;6;4343;6
75;43;6;4410;1
75;43;6;4444;1
75;43;6;4445;1
75;43;6;4490;2
75;43;6;4545;3
75;43;6;5050;3
75;43;6;5511;2
75;43;6;5533;10
75;43;6;5588;1
75;43;7;11;1
75;43;7;13;1
75;43;7;22;2
75;43;7;40;2
75;43;7;43;1
75;43;7;44;1
75;43;7;45;2
75;43;7;95;12
75;43;7;96;8
75;43;7;10123;1
75;43;7;10333;2
75;43;7;10478;1
75;43;7;10678;1
75;43;7;11111;6
75;43;7;11555;1
75;43;7;13131;4
75;43;7;13133;1
75;43;7;13222;2
75;43;7;13258;1
75;43;7;13333;26
75;43;7;13444;2
75;43;7;13456;34
75;43;7;13789;4
75;43;7;13999;6
75;43;7;15222;13
75;43;7;15333;1
75;43;7;22022;2
75;43;7;22026;11
75;43;7;22222;3
75;43;7;22322;1
75;43;7;22822;1
75;43;7;22888;1
75;43;7;25555;1
75;43;7;33123;2
75;43;7;40000;13
75;43;7;40111;1
75;43;7;40456;6
75;43;7;40500;1
75;43;7;40888;3
75;43;7;40999;3
75;43;7;44010;1
75;43;7;44444;1
75;43;7;45000;2
75;43;7;45123;2
75;43;7;45190;4
75;43;7;45555;1
75;43;7;50013;1
75;43;7;50555;1
75;43;7;77888;1
75;43;5;95;53
75;43;5;96;37
75;43;5;180;92
75;43;5;222;57
75;43;5;300;1
75;43;5;400;97
75;43;5;445;61
75;43;3;13;89
75;43;3;14;1
75;43;3;45;84
75;43;3;95;11
75;43;3;96;14
75;44;1;13;130
75;44;1;14;1
75;44;1;22;75
75;44;1;70;9
75;44;1;95;9
75;44;1;96;12
75;44;6;12;1
75;44;6;13;3
75;44;6;25;1
75;44;6;95;13
75;44;6;96;7
75;44;6;1010;4
75;44;6;1055;7
75;44;6;1111;10
75;44;6;1322;32
75;44;6;1331;1
75;44;6;1333;12
75;44;6;1399;1
75;44;6;1515;4
75;44;6;2200;1
75;44;6;2211;10
75;44;6;2222;24
75;44;6;2233;1
75;44;6;2244;2
75;44;6;2255;1
75;44;6;2277;2
75;44;6;2555;28
75;44;6;4001;1
75;44;6;4020;8
75;44;6;4077;26
75;44;6;4343;5
75;44;6;4422;2
75;44;6;4445;7
75;44;6;4545;1
75;44;6;4555;1
75;44;6;5050;1
75;44;6;5511;2
75;44;6;5522;1
75;44;6;5533;10
75;44;6;5551;1
75;44;6;5588;5
75;44;7;11;1
75;44;7;13;4
75;44;7;18;1
75;44;7;22;1
75;44;7;33;1
75;44;7;40;7
75;44;7;44;1
75;44;7;95;17
75;44;7;96;6
75;44;7;10111;1
75;44;7;10123;2
75;44;7;10222;2
75;44;7;10333;3
75;44;7;11111;10
75;44;7;13013;2
75;44;7;13111;6
75;44;7;13131;2
75;44;7;13333;13
75;44;7;13456;46
75;44;7;13789;2
75;44;7;13999;1
75;44;7;15000;2
75;44;7;15222;11
75;44;7;22022;4
75;44;7;22026;12
75;44;7;22221;1
75;44;7;22222;3
75;44;7;22777;1
75;44;7;25555;1
75;44;7;25888;3
75;44;7;33123;1
75;44;7;33333;2
75;44;7;40000;9
75;44;7;40111;1
75;44;7;40234;2
75;44;7;40333;9
75;44;7;40456;2
75;44;7;40999;21
75;44;7;44444;1
75;44;7;45111;2
75;44;7;45123;1
75;44;7;45190;5
75;44;7;45222;8
75;44;7;45777;2
75;44;7;50050;1
75;44;7;55333;2
75;44;5;95;52
75;44;5;96;61
75;44;5;180;100
75;44;5;222;78
75;44;5;300;2
75;44;5;400;102
75;44;5;445;77
75;44;3;13;102
75;44;3;14;3
75;44;3;45;101
75;44;3;95;12
75;44;3;96;18
75;45;1;13;143
75;45;1;14;1
75;45;1;22;43
75;45;1;70;2
75;45;1;95;4
75;45;1;96;5
75;45;6;12;1
75;45;6;13;3
75;45;6;95;5
75;45;6;96;2
75;45;6;1010;1
75;45;6;1055;1
75;45;6;1111;7
75;45;6;1222;1
75;45;6;1234;1
75;45;6;1301;2
75;45;6;1313;1
75;45;6;1322;38
75;45;6;1323;37
75;45;6;1333;26
75;45;6;1399;1
75;45;6;1515;3
75;45;6;1555;6
75;45;6;2211;1
75;45;6;2222;13
75;45;6;2555;17
75;45;6;4020;2
75;45;6;4040;2
75;45;6;4055;2
75;45;6;4077;8
75;45;6;4343;4
75;45;6;4445;4
75;45;6;4545;1
75;45;6;5050;1
75;45;6;5511;1
75;45;6;5533;4
75;45;6;7700;1
75;45;6;7788;1
75;45;7;12;1
75;45;7;13;6
75;45;7;18;4
75;45;7;40;1
75;45;7;77;1
75;45;7;95;6
75;45;7;96;2
75;45;7;10222;1
75;45;7;10333;3
75;45;7;10777;2
75;45;7;11111;8
75;45;7;11222;3
75;45;7;12345;1
75;45;7;13111;1
75;45;7;13123;2
75;45;7;13131;1
75;45;7;13333;29
75;45;7;13444;2
75;45;7;13456;65
75;45;7;13789;4
75;45;7;13999;1
75;45;7;15222;2
75;45;7;22022;1
75;45;7;22026;1
75;45;7;22111;1
75;45;7;25888;2
75;45;7;30100;1
75;45;7;40000;12
75;45;7;40111;1
75;45;7;40400;1
75;45;7;40456;5
75;45;7;40555;1
75;45;7;40700;2
75;45;7;40777;4
75;45;7;40999;12
75;45;7;44444;1
75;45;7;45123;1
75;45;7;45456;2
75;45;7;45777;1
75;45;7;50555;2
75;45;7;55555;1
75;45;5;95;24
75;45;5;96;30
75;45;5;180;125
75;45;5;222;46
75;45;5;400;121
75;45;5;445;50
75;45;3;13;122
75;45;3;45;68
75;45;3;95;3
75;45;3;96;5
75;46;1;13;124
75;46;1;22;52
75;46;1;55;1
75;46;1;70;2
75;46;1;95;8
75;46;1;96;6
75;46;6;11;1
75;46;6;13;2
75;46;6;22;1
75;46;6;40;1
75;46;6;95;2
75;46;6;96;3
75;46;6;1010;1
75;46;6;1111;1
75;46;6;1301;1
75;46;6;1322;43
75;46;6;1323;28
75;46;6;1333;50
75;46;6;1515;3
75;46;6;1522;1
75;46;6;1555;9
75;46;6;2200;2
75;46;6;2211;1
75;46;6;2222;15
75;46;6;2555;5
75;46;6;4020;1
75;46;6;4040;1
75;46;6;4055;2
75;46;6;4077;5
75;46;6;4444;1
75;46;6;4445;4
75;46;6;4490;2
75;46;6;4545;2
75;46;6;4555;1
75;46;6;5050;1
75;46;6;5533;2
75;46;6;7700;1
75;46;7;12;1
75;46;7;13;2
75;46;7;18;3
75;46;7;40;3
75;46;7;44;2
75;46;7;55;1
75;46;7;95;2
75;46;7;96;3
75;46;7;11111;1
75;46;7;11222;4
75;46;7;13000;3
75;46;7;13123;2
75;46;7;13333;40
75;46;7;13444;2
75;46;7;13456;64
75;46;7;13789;1
75;46;7;13888;1
75;46;7;15222;2
75;46;7;22022;1
75;46;7;22026;2
75;46;7;22130;1
75;46;7;22221;1
75;46;7;22222;1
75;46;7;40000;14
75;46;7;40111;5
75;46;7;40200;1
75;46;7;40333;4
75;46;7;40400;1
75;46;7;40456;3
75;46;7;40500;1
75;46;7;40700;1
75;46;7;40999;10
75;46;7;45111;2
75;46;7;45123;2
75;46;7;45190;4
75;46;7;50555;1
75;46;7;55555;1
75;46;5;95;22
75;46;5;96;31
75;46;5;180;105
75;46;5;222;58
75;46;5;300;1
75;46;5;400;109
75;46;5;445;60
75;46;3;13;98
75;46;3;14;1
75;46;3;45;82
75;46;3;95;4
75;46;3;96;8
75;47;1;13;109
75;47;1;22;37
75;47;1;70;3
75;47;1;95;3
75;47;1;96;3
75;47;6;11;1
75;47;6;13;1
75;47;6;43;1
75;47;6;45;1
75;47;6;95;4
75;47;6;96;2
75;47;6;1055;12
75;47;6;1322;6
75;47;6;1323;1
75;47;6;1333;15
75;47;6;1515;13
75;47;6;2222;9
75;47;6;2270;1
75;47;6;2277;1
75;47;6;2555;24
75;47;6;4000;1
75;47;6;4040;3
75;47;6;4055;7
75;47;6;4077;4
75;47;6;4343;7
75;47;6;4444;18
75;47;6;4555;13
75;47;6;5050;1
75;47;6;5077;1
75;47;6;5511;4
75;47;6;5533;3
75;47;6;5588;1
75;47;7;13;1
75;47;7;18;2
75;47;7;45;1
75;47;7;55;1
75;47;7;95;8
75;47;7;96;2
75;47;7;11111;1
75;47;7;11222;1
75;47;7;11555;1
75;47;7;13000;1
75;47;7;13111;13
75;47;7;13333;20
75;47;7;13456;24
75;47;7;13789;7
75;47;7;13999;3
75;47;7;15222;1
75;47;7;22000;1
75;47;7;22022;2
75;47;7;22026;4
75;47;7;22190;1
75;47;7;22221;5
75;47;7;22222;1
75;47;7;40000;9
75;47;7;40111;4
75;47;7;40200;7
75;47;7;40456;9
75;47;7;40999;2
75;47;7;44444;18
75;47;7;45777;1
75;47;7;50555;1
75;47;7;55000;2
75;47;7;55888;1
75;47;5;95;30
75;47;5;96;35
75;47;5;162;1
75;47;5;180;89
75;47;5;222;32
75;47;5;400;90
75;47;5;445;32
75;47;5;800;1
75;47;3;13;89
75;47;3;45;53
75;47;3;95;7
75;47;3;96;6
75;48;1;13;150
75;48;1;14;2
75;48;1;22;32
75;48;1;55;2
75;48;1;70;8
75;48;1;95;6
75;48;1;96;5
75;48;6;11;1
75;48;6;13;2
75;48;6;23;1
75;48;6;40;1
75;48;6;95;6
75;48;6;96;2
75;48;6;1055;2
75;48;6;1111;12
75;48;6;1322;22
75;48;6;1323;22
75;48;6;1333;40
75;48;6;1515;11
75;48;6;1555;1
75;48;6;2222;8
75;48;6;2233;1
75;48;6;2333;5
75;48;6;2555;24
75;48;6;4020;2
75;48;6;4055;1
75;48;6;4077;17
75;48;6;4343;4
75;48;6;4444;2
75;48;6;4445;4
75;48;6;4477;1
75;48;6;4545;2
75;48;6;4555;9
75;48;6;5533;1
75;48;6;5555;1
75;48;7;11;1
75;48;7;12;1
75;48;7;13;2
75;48;7;18;2
75;48;7;22;1
75;48;7;25;1
75;48;7;40;3
75;48;7;44;2
75;48;7;45;1
75;48;7;95;11
75;48;7;96;3
75;48;7;10100;2
75;48;7;10444;1
75;48;7;11111;12
75;48;7;13000;1
75;48;7;13111;2
75;48;7;13222;3
75;48;7;13333;51
75;48;7;13456;37
75;48;7;13789;8
75;48;7;13999;6
75;48;7;15222;1
75;48;7;22222;1
75;48;7;22422;1
75;48;7;25888;1
75;48;7;40000;6
75;48;7;40111;1
75;48;7;40333;2
75;48;7;40456;14
75;48;7;40999;18
75;48;7;44444;3
75;48;7;45123;1
75;48;7;45190;3
75;48;7;50180;1
75;48;7;55555;1
75;48;5;95;48
75;48;5;96;48
75;48;5;180;118
75;48;5;222;38
75;48;5;400;118
75;48;5;445;40
75;48;3;13;120
75;48;3;45;62
75;48;3;95;14
75;48;3;96;9
75;49;1;13;101
75;49;1;14;5
75;49;1;22;33
75;49;1;70;4
75;49;1;95;9
75;49;1;96;3
75;49;6;12;1
75;49;6;13;4
75;49;6;33;1
75;49;6;40;2
75;49;6;95;6
75;49;6;1055;1
75;49;6;1111;5
75;49;6;1233;1
75;49;6;1313;1
75;49;6;1322;24
75;49;6;1333;46
75;49;6;1414;3
75;49;6;1515;3
75;49;6;2222;6
75;49;6;2244;1
75;49;6;2555;26
75;49;6;4000;1
75;49;6;4020;5
75;49;6;4077;7
75;49;6;4343;2
75;49;6;4445;1
75;49;6;4554;1
75;49;6;4555;1
75;49;6;5511;1
75;49;6;5522;1
75;49;6;5533;1
75;49;6;5555;1
75;49;6;6565;1
75;49;6;7077;1
75;49;7;13;2
75;49;7;15;1
75;49;7;18;4
75;49;7;22;1
75;49;7;40;5
75;49;7;44;2
75;49;7;65;1
75;49;7;95;5
75;49;7;96;2
75;49;7;10333;1
75;49;7;11111;3
75;49;7;13000;1
75;49;7;13013;1
75;49;7;13111;9
75;49;7;13131;1
75;49;7;13333;36
75;49;7;13456;37
75;49;7;13789;2
75;49;7;15222;4
75;49;7;15444;1
75;49;7;22026;1
75;49;7;22221;1
75;49;7;22222;3
75;49;7;25555;2
75;49;7;30100;1
75;49;7;40000;9
75;49;7;40055;1
75;49;7;40333;3
75;49;7;40456;4
75;49;7;40500;3
75;49;7;40999;8
75;49;5;95;30
75;49;5;96;33
75;49;5;180;87
75;49;5;222;32
75;49;5;300;1
75;49;5;400;89
75;49;5;445;38
75;49;3;13;84
75;49;3;14;2
75;49;3;45;56
75;49;3;95;8
75;49;3;96;5
75;50;1;13;72
75;50;1;22;40
75;50;1;70;4
75;50;1;95;2
75;50;1;96;5
75;50;6;14;1
75;50;6;45;1
75;50;6;55;1
75;50;6;95;2
75;50;6;96;2
75;50;6;1010;1
75;50;6;1055;1
75;50;6;1301;3
75;50;6;1322;34
75;50;6;1323;2
75;50;6;1333;7
75;50;6;1515;13
75;50;6;2222;7
75;50;6;2244;1
75;50;6;2255;1
75;50;6;2555;26
75;50;6;4020;1
75;50;6;4077;3
75;50;6;4343;5
75;50;6;4445;6
75;50;6;4545;3
75;50;6;5050;1
75;50;6;5533;1
75;50;7;13;2
75;50;7;25;1
75;50;7;40;1
75;50;7;44;1
75;50;7;45;1
75;50;7;65;1
75;50;7;95;5
75;50;7;96;1
75;50;7;11222;1
75;50;7;13123;3
75;50;7;13131;1
75;50;7;13222;1
75;50;7;13333;9
75;50;7;13456;51
75;50;7;13789;3
75;50;7;15222;1
75;50;7;22022;2
75;50;7;22026;1
75;50;7;22111;1
75;50;7;25888;1
75;50;7;40111;7
75;50;7;40456;11
75;50;7;40999;3
75;50;7;45111;1
75;50;7;45123;4
75;50;7;45190;4
75;50;7;50180;1
75;50;7;55125;1
75;50;7;55333;3
75;50;5;95;17
75;50;5;96;26
75;50;5;180;54
75;50;5;222;45
75;50;5;400;59
75;50;5;445;45
75;50;3;13;63
75;50;3;45;53
75;50;3;95;2
75;50;3;96;5
75;51;1;13;181
75;51;1;14;1
75;51;1;22;60
75;51;1;55;1
75;51;1;70;1
75;51;1;95;8
75;51;1;96;1
75;51;6;12;1
75;51;6;13;1
75;51;6;15;1
75;51;6;25;1
75;51;6;95;16
75;51;6;1111;1
75;51;6;1122;1
75;51;6;1322;70
75;51;6;1323;2
75;51;6;1333;65
75;51;6;1399;3
75;51;6;1400;1
75;51;6;1515;1
75;51;6;2222;12
75;51;6;2244;3
75;51;6;2255;1
75;51;6;2555;34
75;51;6;2588;1
75;51;6;4000;2
75;51;6;4001;1
75;51;6;4020;10
75;51;6;4040;1
75;51;6;4077;3
75;51;6;4343;5
75;51;6;4445;3
75;51;6;4555;4
75;51;6;5001;1
75;51;6;5099;3
75;51;6;5533;4
75;51;6;5588;1
75;51;7;13;5
75;51;7;18;2
75;51;7;22;1
75;51;7;40;5
75;51;7;43;1
75;51;7;44;2
75;51;7;45;2
75;51;7;50;1
75;51;7;95;21
75;51;7;96;6
75;51;7;10100;3
75;51;7;10222;1
75;51;7;10333;1
75;51;7;11111;1
75;51;7;11222;1
75;51;7;13000;3
75;51;7;13123;1
75;51;7;13133;1
75;51;7;13222;2
75;51;7;13333;72
75;51;7;13456;64
75;51;7;13789;14
75;51;7;13999;1
75;51;7;15222;3
75;51;7;22777;1
75;51;7;25888;1
75;51;7;40000;8
75;51;7;40222;1
75;51;7;40333;8
75;51;7;40456;4
75;51;7;40500;3
75;51;7;40999;3
75;51;7;45111;2
75;51;7;45190;2
75;51;7;45777;1
75;51;7;45999;1
75;51;7;50013;2
75;51;7;50555;2
75;51;5;95;77
75;51;5;96;56
75;51;5;180;131
75;51;5;222;50
75;51;5;400;143
75;51;5;445;49
75;51;3;13;151
75;51;3;14;1
75;51;3;45;76
75;51;3;95;15
75;51;3;96;10
75;52;1;13;110
75;52;1;14;1
75;52;1;22;69
75;52;1;70;3
75;52;1;95;11
75;52;1;96;6
75;52;6;11;1
75;52;6;13;3
75;52;6;95;7
75;52;6;96;3
75;52;6;1010;1
75;52;6;1055;2
75;52;6;1111;4
75;52;6;1122;1
75;52;6;1233;1
75;52;6;1322;41
75;52;6;1333;36
75;52;6;2200;1
75;52;6;2222;13
75;52;6;2255;1
75;52;6;2277;1
75;52;6;2288;2
75;52;6;2555;34
75;52;6;4000;2
75;52;6;4044;1
75;52;6;4077;34
75;52;6;4343;2
75;52;6;4445;3
75;52;6;4555;1
75;52;6;5050;1
75;52;6;5533;4
75;52;7;11;1
75;52;7;13;4
75;52;7;18;1
75;52;7;22;1
75;52;7;40;5
75;52;7;44;1
75;52;7;45;1
75;52;7;95;11
75;52;7;96;5
75;52;7;10123;1
75;52;7;11111;4
75;52;7;11222;2
75;52;7;13123;1
75;52;7;13131;2
75;52;7;13333;41
75;52;7;13456;39
75;52;7;13789;7
75;52;7;15222;4
75;52;7;22022;1
75;52;7;22026;2
75;52;7;22221;2
75;52;7;22222;6
75;52;7;22777;1
75;52;7;22888;2
75;52;7;25555;2
75;52;7;33333;2
75;52;7;40000;39
75;52;7;40200;1
75;52;7;40234;1
75;52;7;40456;1
75;52;7;40500;1
75;52;7;40999;2
75;52;7;45123;1
75;52;7;45190;3
75;52;7;55333;2
75;52;5;95;41
75;52;5;96;41
75;52;5;180;87
75;52;5;222;71
75;52;5;400;88
75;52;5;445;72
75;52;3;13;95
75;52;3;45;83
75;52;3;95;10
75;52;3;96;12
75;53;1;13;104
75;53;1;14;1
75;53;1;22;63
75;53;1;55;1
75;53;1;70;3
75;53;1;95;5
75;53;1;96;9
75;53;6;11;1
75;53;6;12;2
75;53;6;13;2
75;53;6;40;1
75;53;6;95;4
75;53;6;96;5
75;53;6;1010;1
75;53;6;1055;3
75;53;6;1111;1
75;53;6;1234;1
75;53;6;1301;1
75;53;6;1322;50
75;53;6;1323;1
75;53;6;1333;30
75;53;6;1515;1
75;53;6;2200;1
75;53;6;2222;6
75;53;6;2277;1
75;53;6;2555;27
75;53;6;4000;2
75;53;6;4020;1
75;53;6;4077;39
75;53;6;4400;1
75;53;6;4477;1
75;53;6;5050;1
75;53;6;5533;2
75;53;7;12;1
75;53;7;13;2
75;53;7;15;1
75;53;7;18;2
75;53;7;22;2
75;53;7;40;2
75;53;7;44;2
75;53;7;95;6
75;53;7;96;7
75;53;7;10444;1
75;53;7;11111;1
75;53;7;11222;3
75;53;7;13123;2
75;53;7;13131;5
75;53;7;13223;1
75;53;7;13333;34
75;53;7;13456;54
75;53;7;13789;3
75;53;7;15222;2
75;53;7;22221;1
75;53;7;22222;4
75;53;7;25555;2
75;53;7;40000;44
75;53;7;40234;1
75;53;7;40456;1
75;53;7;40999;2
75;53;5;95;24
75;53;5;96;52
75;53;5;180;88
75;53;5;222;56
75;53;5;400;90
75;53;5;445;62
75;53;3;13;89
75;53;3;14;1
75;53;3;45;71
75;53;3;95;7
75;53;3;96;18
75;54;1;13;120
75;54;1;22;68
75;54;1;55;2
75;54;1;70;3
75;54;1;95;9
75;54;1;96;8
75;54;6;12;2
75;54;6;13;3
75;54;6;22;1
75;54;6;95;2
75;54;6;96;5
75;54;6;1022;1
75;54;6;1111;4
75;54;6;1322;53
75;54;6;1333;31
75;54;6;1515;3
75;54;6;1555;1
75;54;6;2026;2
75;54;6;2099;1
75;54;6;2222;11
75;54;6;2277;1
75;54;6;2288;3
75;54;6;2555;41
75;54;6;4020;1
75;54;6;4077;33
75;54;6;4343;1
75;54;6;4445;3
75;54;6;4545;1
75;54;6;4555;1
75;54;6;5050;1
75;54;6;5533;3
75;54;6;5588;1
75;54;7;13;3
75;54;7;18;2
75;54;7;20;1
75;54;7;22;3
75;54;7;25;1
75;54;7;40;3
75;54;7;44;1
75;54;7;45;1
75;54;7;95;3
75;54;7;96;3
75;54;7;11111;4
75;54;7;13123;2
75;54;7;13258;1
75;54;7;13333;42
75;54;7;13444;1
75;54;7;13456;68
75;54;7;13789;2
75;54;7;13999;1
75;54;7;15222;3
75;54;7;15333;1
75;54;7;22221;1
75;54;7;22222;6
75;54;7;22888;4
75;54;7;25555;3
75;54;7;33333;1
75;54;7;40000;39
75;54;7;40456;3
75;54;7;40500;1
75;54;7;40999;2
75;54;7;45123;1
75;54;7;45777;1
75;54;7;50555;1
75;54;7;55333;1
75;54;5;95;32
75;54;5;96;56
75;54;5;180;102
75;54;5;222;63
75;54;5;400;98
75;54;5;445;69
75;54;3;13;106
75;54;3;45;80
75;54;3;95;4
75;54;3;96;20
75;55;1;13;164
75;55;1;22;62
75;55;1;55;3
75;55;1;70;4
75;55;1;95;3
75;55;1;96;8
75;55;6;11;2
75;55;6;12;1
75;55;6;13;4
75;55;6;22;1
75;55;6;43;1
75;55;6;95;6
75;55;6;96;4
75;55;6;1000;1
75;55;6;1111;2
75;55;6;1322;38
75;55;6;1323;18
75;55;6;1331;1
75;55;6;1333;43
75;55;6;1515;1
75;55;6;1533;1
75;55;6;2222;10
75;55;6;2234;1
75;55;6;2244;1
75;55;6;2277;1
75;55;6;2555;5
75;55;6;4020;2
75;55;6;4040;1
75;55;6;4055;1
75;55;6;4077;8
75;55;6;4343;67
75;55;6;4444;4
75;55;6;4488;6
75;55;6;4490;1
75;55;6;4545;7
75;55;6;5511;1
75;55;6;5533;3
75;55;6;7755;1
75;55;7;11;1
75;55;7;13;3
75;55;7;18;3
75;55;7;22;1
75;55;7;40;6
75;55;7;45;1
75;55;7;95;8
75;55;7;96;6
75;55;7;10444;3
75;55;7;11111;1
75;55;7;11222;1
75;55;7;11555;3
75;55;7;13131;1
75;55;7;13222;2
75;55;7;13234;2
75;55;7;13333;46
75;55;7;13456;40
75;55;7;15222;4
75;55;7;15333;1
75;55;7;22022;2
75;55;7;22190;1
75;55;7;22221;3
75;55;7;22222;2
75;55;7;22762;1
75;55;7;22777;1
75;55;7;25888;2
75;55;7;33999;1
75;55;7;40100;1
75;55;7;40333;3
75;55;7;40456;61
75;55;7;40999;23
75;55;7;44444;4
75;55;7;45111;1
75;55;7;45123;2
75;55;7;45190;1
75;55;7;45888;1
75;55;7;77888;1
75;55;5;95;22
75;55;5;96;50
75;55;5;180;139
75;55;5;222;64
75;55;5;300;1
75;55;5;400;143
75;55;5;445;69
75;55;3;13;126
75;55;3;45;94
75;55;3;95;9
75;55;3;96;15
75;56;1;13;127
75;56;1;14;5
75;56;1;16;1
75;56;1;22;88
75;56;1;55;1
75;56;1;70;3
75;56;1;95;10
75;56;1;96;11
75;56;6;13;4
75;56;6;15;1
75;56;6;22;1
75;56;6;40;1
75;56;6;44;1
75;56;6;95;5
75;56;6;96;10
75;56;6;1022;1
75;56;6;1055;3
75;56;6;1111;4
75;56;6;1301;4
75;56;6;1322;35
75;56;6;1323;8
75;56;6;1331;4
75;56;6;1333;30
75;56;6;1399;6
75;56;6;1400;1
75;56;6;1414;1
75;56;6;1515;15
75;56;6;1555;3
75;56;6;1800;1
75;56;6;2026;1
75;56;6;2200;5
75;56;6;2211;2
75;56;6;2222;26
75;56;6;2255;1
75;56;6;2277;1
75;56;6;2333;2
75;56;6;2525;1
75;56;6;2555;27
75;56;6;4020;3
75;56;6;4040;2
75;56;6;4055;2
75;56;6;4077;8
75;56;6;4343;5
75;56;6;4444;1
75;56;6;4445;3
75;56;6;4455;1
75;56;6;4490;1
75;56;6;4545;1
75;56;6;4555;1
75;56;6;5050;2
75;56;6;5077;1
75;56;6;5511;3
75;56;6;5522;1
75;56;6;5523;1
75;56;6;5533;1
75;56;6;5555;1
75;56;6;6565;2
75;56;6;8088;1
75;56;7;13;1
75;56;7;18;2
75;56;7;22;3
75;56;7;40;5
75;56;7;44;2
75;56;7;45;1
75;56;7;95;9
75;56;7;96;11
75;56;7;10010;1
75;56;7;10100;1
75;56;7;11111;5
75;56;7;13000;1
75;56;7;13013;1
75;56;7;13111;2
75;56;7;13113;1
75;56;7;13131;3
75;56;7;13222;3
75;56;7;13333;33
75;56;7;13456;47
75;56;7;13789;2
75;56;7;13999;5
75;56;7;15222;3
75;56;7;15333;1
75;56;7;16132;1
75;56;7;22000;3
75;56;7;22022;4
75;56;7;22026;13
75;56;7;22190;1
75;56;7;22222;5
75;56;7;22777;1
75;56;7;25555;3
75;56;7;25888;3
75;56;7;33333;1
75;56;7;40000;10
75;56;7;40100;1
75;56;7;40111;4
75;56;7;40333;4
75;56;7;40456;14
75;56;7;40500;1
75;56;7;40555;1
75;56;7;40888;1
75;56;7;40999;9
75;56;7;44010;1
75;56;7;44111;1
75;56;7;44444;4
75;56;7;44777;1
75;56;7;45000;1
75;56;7;45123;2
75;56;7;45190;3
75;56;7;45222;1
75;56;7;45411;1
75;56;7;45777;1
75;56;7;50180;1
75;56;7;50500;1
75;56;7;50555;2
75;56;7;55111;1
75;56;7;55555;2
75;56;5;95;37
75;56;5;96;56
75;56;5;162;1
75;56;5;180;109
75;56;5;222;80
75;56;5;300;2
75;56;5;400;118
75;56;5;445;87
75;56;5;800;2
75;56;3;13;112
75;56;3;16;1
75;56;3;45;109
75;56;3;95;9
75;56;3;96;15
75;57;1;13;137
75;57;1;14;4
75;57;1;22;84
75;57;1;55;1
75;57;1;70;7
75;57;1;80;1
75;57;1;95;14
75;57;1;96;7
75;57;6;11;1
75;57;6;45;1
75;57;6;95;18
75;57;6;96;5
75;57;6;1055;4
75;57;6;1111;5
75;57;6;1256;1
75;57;6;1301;1
75;57;6;1312;1
75;57;6;1313;2
75;57;6;1322;25
75;57;6;1323;3
75;57;6;1331;3
75;57;6;1333;45
75;57;6;1377;1
75;57;6;1399;6
75;57;6;1500;1
75;57;6;1515;8
75;57;6;1555;2
75;57;6;2026;1
75;57;6;2030;1
75;57;6;2200;4
75;57;6;2211;1
75;57;6;2222;23
75;57;6;2244;2
75;57;6;2288;1
75;57;6;2555;35
75;57;6;4001;1
75;57;6;4020;1
75;57;6;4040;3
75;57;6;4044;2
75;57;6;4055;1
75;57;6;4077;5
75;57;6;4343;5
75;57;6;4433;1
75;57;6;4444;2
75;57;6;4445;2
75;57;6;4455;1
75;57;6;4477;1
75;57;6;4488;1
75;57;6;4490;1
75;57;6;4545;5
75;57;6;4555;4
75;57;6;4578;1
75;57;6;5000;1
75;57;6;5050;5
75;57;6;5077;1
75;57;6;5511;3
75;57;6;5533;4
75;57;6;5555;1
75;57;6;7788;2
75;57;7;10;2
75;57;7;13;1
75;57;7;22;2
75;57;7;25;1
75;57;7;40;1
75;57;7;43;1
75;57;7;44;2
75;57;7;45;1
75;57;7;95;17
75;57;7;96;8
75;57;7;10100;2
75;57;7;10444;1
75;57;7;11111;7
75;57;7;11555;1
75;57;7;13000;3
75;57;7;13013;3
75;57;7;13111;1
75;57;7;13113;1
75;57;7;13123;1
75;57;7;13131;3
75;57;7;13133;1
75;57;7;13222;3
75;57;7;13258;1
75;57;7;13333;47
75;57;7;13444;3
75;57;7;13456;38
75;57;7;13789;3
75;57;7;13999;2
75;57;7;15222;7
75;57;7;22022;3
75;57;7;22026;6
75;57;7;22221;3
75;57;7;22222;3
75;57;7;22888;1
75;57;7;25555;1
75;57;7;25888;2
75;57;7;33333;1
75;57;7;40000;23
75;57;7;40111;2
75;57;7;40333;1
75;57;7;40444;1
75;57;7;40456;8
75;57;7;40500;1
75;57;7;40888;2
75;57;7;40999;10
75;57;7;44444;1
75;57;7;45000;1
75;57;7;45111;2
75;57;7;45123;2
75;57;7;45190;4
75;57;7;45678;1
75;57;7;45777;1
75;57;7;45789;1
75;57;7;50013;2
75;57;7;50180;2
75;57;7;50555;3
75;57;7;55555;2
75;57;7;77888;1
75;57;5;95;49
75;57;5;96;47
75;57;5;180;111
75;57;5;222;80
75;57;5;290;1
75;57;5;400;129
75;57;5;445;91
75;57;5;800;2
75;57;3;13;115
75;57;3;30;1
75;57;3;45;114
75;57;3;95;14
75;57;3;96;11
75;58;1;13;143
75;58;1;14;6
75;58;1;22;92
75;58;1;55;2
75;58;1;70;4
75;58;1;95;5
75;58;1;96;6
75;58;6;13;2
75;58;6;95;3
75;58;6;96;7
75;58;6;1010;2
75;58;6;1055;2
75;58;6;1111;7
75;58;6;1301;4
75;58;6;1313;2
75;58;6;1322;35
75;58;6;1323;2
75;58;6;1333;36
75;58;6;1399;5
75;58;6;1414;1
75;58;6;1515;3
75;58;6;1555;3
75;58;6;1800;1
75;58;6;2026;1
75;58;6;2200;2
75;58;6;2211;2
75;58;6;2222;29
75;58;6;2233;1
75;58;6;2333;1
75;58;6;2525;1
75;58;6;2555;46
75;58;6;4040;2
75;58;6;4055;3
75;58;6;4077;12
75;58;6;4343;2
75;58;6;4422;2
75;58;6;4445;3
75;58;6;4455;1
75;58;6;4477;2
75;58;6;4545;2
75;58;6;4555;1
75;58;6;5050;10
75;58;6;5511;5
75;58;6;5533;15
75;58;7;11;1
75;58;7;13;4
75;58;7;18;3
75;58;7;22;1
75;58;7;40;1
75;58;7;44;1
75;58;7;95;8
75;58;7;96;6
75;58;7;10123;2
75;58;7;10333;3
75;58;7;10444;2
75;58;7;10678;1
75;58;7;11111;9
75;58;7;11555;2
75;58;7;13000;2
75;58;7;13013;2
75;58;7;13111;1
75;58;7;13123;4
75;58;7;13131;4
75;58;7;13222;3
75;58;7;13234;1
75;58;7;13333;41
75;58;7;13444;2
75;58;7;13456;42
75;58;7;13777;2
75;58;7;13789;5
75;58;7;13888;1
75;58;7;13999;1
75;58;7;15222;8
75;58;7;15333;2
75;58;7;16000;1
75;58;7;20777;1
75;58;7;22000;1
75;58;7;22022;4
75;58;7;22026;10
75;58;7;22190;1
75;58;7;22221;2
75;58;7;22222;4
75;58;7;22223;1
75;58;7;22580;1
75;58;7;25555;1
75;58;7;33333;3
75;58;7;33456;1
75;58;7;40000;15
75;58;7;40222;1
75;58;7;40333;2
75;58;7;40456;8
75;58;7;40500;2
75;58;7;40999;9
75;58;7;44111;1
75;58;7;44444;1
75;58;7;45111;2
75;58;7;45123;1
75;58;7;45190;9
75;58;7;45456;1
75;58;7;45999;1
75;58;7;50013;1
75;58;7;50180;1
75;58;7;50555;6
75;58;7;55777;1
75;58;5;95;31
75;58;5;96;48
75;58;5;162;1
75;58;5;180;129
75;58;5;222;86
75;58;5;400;135
75;58;5;445;85
75;58;5;800;1
75;58;3;13;125
75;58;3;45;111
75;58;3;95;9
75;58;3;96;13
75;59;1;13;135
75;59;1;14;3
75;59;1;22;94
75;59;1;29;1
75;59;1;55;2
75;59;1;70;5
75;59;1;95;6
75;59;1;96;2
75;59;6;13;3
75;59;6;95;7
75;59;6;96;3
75;59;6;1010;1
75;59;6;1055;2
75;59;6;1111;9
75;59;6;1256;1
75;59;6;1301;1
75;59;6;1322;27
75;59;6;1323;7
75;59;6;1331;2
75;59;6;1333;31
75;59;6;1399;5
75;59;6;1515;4
75;59;6;1555;1
75;59;6;1800;1
75;59;6;2200;1
75;59;6;2220;1
75;59;6;2222;30
75;59;6;2244;1
75;59;6;2288;1
75;59;6;2333;2
75;59;6;2555;45
75;59;6;2588;1
75;59;6;4001;1
75;59;6;4020;2
75;59;6;4040;2
75;59;6;4055;1
75;59;6;4077;8
75;59;6;4343;8
75;59;6;4422;1
75;59;6;4445;4
75;59;6;4477;1
75;59;6;4490;1
75;59;6;4545;6
75;59;6;4555;3
75;59;6;5005;1
75;59;6;5050;2
75;59;6;5511;3
75;59;6;5533;12
75;59;6;5544;1
75;59;6;5555;1
75;59;6;5577;1
75;59;6;7711;1
75;59;6;7788;1
75;59;7;13;1
75;59;7;18;1
75;59;7;22;1
75;59;7;25;1
75;59;7;95;13
75;59;7;96;4
75;59;7;10100;3
75;59;7;10123;1
75;59;7;10333;1
75;59;7;10678;1
75;59;7;11111;10
75;59;7;13000;2
75;59;7;13013;1
75;59;7;13131;3
75;59;7;13222;5
75;59;7;13258;2
75;59;7;13333;34
75;59;7;13444;4
75;59;7;13456;42
75;59;7;13777;2
75;59;7;13789;4
75;59;7;13999;3
75;59;7;15222;13
75;59;7;15333;1
75;59;7;15555;1
75;59;7;20777;1
75;59;7;22022;5
75;59;7;22026;13
75;59;7;22221;2
75;59;7;22222;4
75;59;7;22322;1
75;59;7;22888;1
75;59;7;25555;3
75;59;7;25888;2
75;59;7;33333;1
75;59;7;40000;14
75;59;7;40200;1
75;59;7;40333;2
75;59;7;40456;12
75;59;7;40500;1
75;59;7;40777;1
75;59;7;40999;9
75;59;7;45000;2
75;59;7;45111;2
75;59;7;45123;4
75;59;7;45190;5
75;59;7;45222;1
75;59;7;45633;1
75;59;7;50013;1
75;59;7;50500;1
75;59;7;50555;3
75;59;7;77888;1
75;59;5;95;49
75;59;5;96;29
75;59;5;180;112
75;59;5;222;86
75;59;5;400;126
75;59;5;445;93
75;59;5;800;1
75;59;3;13;118
75;59;3;14;1
75;59;3;45;109
75;59;3;95;9
75;59;3;96;11
75;60;1;13;165
75;60;1;14;2
75;60;1;22;59
75;60;1;55;2
75;60;1;70;9
75;60;1;95;8
75;60;6;13;4
75;60;6;15;1
75;60;6;40;1
75;60;6;95;4
75;60;6;96;2
75;60;6;1000;1
75;60;6;1111;10
75;60;6;1222;1
75;60;6;1245;1
75;60;6;1322;32
75;60;6;1323;21
75;60;6;1333;56
75;60;6;2200;1
75;60;6;2222;5
75;60;6;2244;1
75;60;6;2277;1
75;60;6;2333;1
75;60;6;2518;1
75;60;6;2555;6
75;60;6;4020;1
75;60;6;4040;4
75;60;6;4055;1
75;60;6;4077;6
75;60;6;4343;68
75;60;6;4444;1
75;60;6;4445;1
75;60;6;4488;7
75;60;6;4545;3
75;60;6;4555;1
75;60;6;5555;1
75;60;6;5588;1
75;60;7;13;2
75;60;7;18;1
75;60;7;40;3
75;60;7;95;6
75;60;7;10100;1
75;60;7;10444;2
75;60;7;11111;4
75;60;7;11555;3
75;60;7;13131;1
75;60;7;13333;52
75;60;7;13444;1
75;60;7;13456;49
75;60;7;13789;1
75;60;7;13999;1
75;60;7;15222;1
75;60;7;15333;1
75;60;7;22026;1
75;60;7;22221;1
75;60;7;22222;1
75;60;7;22777;1
75;60;7;40000;1
75;60;7;40111;2
75;60;7;40333;2
75;60;7;40456;65
75;60;7;40777;2
75;60;7;40999;31
75;60;7;43640;1
75;60;7;44444;1
75;60;7;45111;1
75;60;7;45123;5
75;60;7;45190;1
75;60;5;95;30
75;60;5;96;32
75;60;5;180;148
75;60;5;222;59
75;60;5;400;151
75;60;5;445;70
75;60;3;13;142
75;60;3;45;94
75;60;3;95;4
75;60;3;96;5
75;61;1;13;130
75;61;1;14;4
75;61;1;22;81
75;61;1;30;1
75;61;1;55;1
75;61;1;70;6
75;61;1;95;10
75;61;1;96;7
75;61;6;10;2
75;61;6;12;1
75;61;6;13;2
75;61;6;14;1
75;61;6;25;1
75;61;6;55;1
75;61;6;95;10
75;61;6;96;8
75;61;6;1010;3
75;61;6;1055;1
75;61;6;1111;6
75;61;6;1301;3
75;61;6;1322;33
75;61;6;1323;3
75;61;6;1331;1
75;61;6;1333;37
75;61;6;1399;3
75;61;6;1414;2
75;61;6;1515;7
75;61;6;1555;3
75;61;6;1800;3
75;61;6;2026;1
75;61;6;2030;1
75;61;6;2200;1
75;61;6;2222;21
75;61;6;2244;3
75;61;6;2255;1
75;61;6;2288;1
75;61;6;2333;1
75;61;6;2555;30
75;61;6;4020;4
75;61;6;4040;4
75;61;6;4055;1
75;61;6;4077;6
75;61;6;4343;7
75;61;6;4444;1
75;61;6;4445;3
75;61;6;4455;1
75;61;6;4490;3
75;61;6;4545;3
75;61;6;4555;2
75;61;6;5050;3
75;61;6;5511;2
75;61;6;5533;7
75;61;6;7788;2
75;61;7;12;1
75;61;7;13;1
75;61;7;18;3
75;61;7;22;3
75;61;7;40;6
75;61;7;95;14
75;61;7;96;8
75;61;7;10100;1
75;61;7;10123;3
75;61;7;10234;1
75;61;7;11111;6
75;61;7;11555;3
75;61;7;13000;2
75;61;7;13013;1
75;61;7;13131;3
75;61;7;13133;1
75;61;7;13222;5
75;61;7;13234;1
75;61;7;13333;39
75;61;7;13444;1
75;61;7;13456;44
75;61;7;13700;1
75;61;7;13789;1
75;61;7;13999;2
75;61;7;15222;8
75;61;7;15333;4
75;61;7;22022;4
75;61;7;22026;7
75;61;7;22190;1
75;61;7;22221;4
75;61;7;22222;4
75;61;7;22888;1
75;61;7;33123;1
75;61;7;33333;2
75;61;7;40000;9
75;61;7;40333;4
75;61;7;40456;10
75;61;7;40555;1
75;61;7;40888;1
75;61;7;40999;9
75;61;7;44444;1
75;61;7;45000;1
75;61;7;45111;2
75;61;7;45123;4
75;61;7;45190;3
75;61;7;45800;2
75;61;7;50013;4
75;61;7;50555;1
75;61;7;55000;1
75;61;5;95;40
75;61;5;96;56
75;61;5;180;104
75;61;5;222;82
75;61;5;400;113
75;61;5;445;83
75;61;5;800;2
75;61;3;13;106
75;61;3;14;2
75;61;3;45;104
75;61;3;95;12
75;61;3;96;16
75;62;1;13;143
75;62;1;14;1
75;62;1;22;54
75;62;1;70;4
75;62;1;95;4
75;62;1;96;7
75;62;6;12;1
75;62;6;13;6
75;62;6;22;1
75;62;6;95;3
75;62;6;1010;1
75;62;6;1111;1
75;62;6;1322;57
75;62;6;1323;34
75;62;6;1333;30
75;62;6;1399;1
75;62;6;1515;2
75;62;6;1555;10
75;62;6;2200;1
75;62;6;2211;1
75;62;6;2222;10
75;62;6;2555;13
75;62;6;4020;4
75;62;6;4040;4
75;62;6;4055;4
75;62;6;4077;9
75;62;6;4343;3
75;62;6;4445;7
75;62;6;4488;1
75;62;6;4545;3
75;62;6;5050;2
75;62;6;5511;2
75;62;6;5533;2
75;62;7;13;5
75;62;7;18;4
75;62;7;40;2
75;62;7;44;1
75;62;7;95;6
75;62;7;10222;1
75;62;7;10333;1
75;62;7;11111;1
75;62;7;11222;3
75;62;7;12345;1
75;62;7;13000;1
75;62;7;13123;1
75;62;7;13333;32
75;62;7;13444;1
75;62;7;13456;78
75;62;7;13789;5
75;62;7;13999;1
75;62;7;15222;1
75;62;7;22022;1
75;62;7;22026;1
75;62;7;22221;1
75;62;7;22222;2
75;62;7;22345;1
75;62;7;22777;1
75;62;7;25555;1
75;62;7;25888;4
75;62;7;40000;7
75;62;7;40111;7
75;62;7;40456;4
75;62;7;40500;3
75;62;7;40555;1
75;62;7;40777;1
75;62;7;40999;21
75;62;7;45111;1
75;62;7;45123;3
75;62;7;45190;6
75;62;7;45456;1
75;62;7;45888;1
75;62;5;95;21
75;62;5;96;31
75;62;5;180;121
75;62;5;222;61
75;62;5;400;126
75;62;5;445;65
75;62;5;800;1
75;62;3;13;128
75;62;3;45;78
75;62;3;95;3
75;62;3;96;4
75;63;1;13;172
75;63;1;14;1
75;63;1;22;60
75;63;1;55;1
75;63;1;70;3
75;63;1;95;9
75;63;1;96;8
75;63;6;11;2
75;63;6;13;1
75;63;6;25;1
75;63;6;95;5
75;63;6;1010;1
75;63;6;1055;2
75;63;6;1111;38
75;63;6;1144;1
75;63;6;1212;1
75;63;6;1222;1
75;63;6;1233;2
75;63;6;1322;41
75;63;6;1323;2
75;63;6;1333;26
75;63;6;1515;5
75;63;6;2200;1
75;63;6;2222;9
75;63;6;2244;1
75;63;6;2255;1
75;63;6;2555;90
75;63;6;4040;1
75;63;6;4077;5
75;63;6;4444;1
75;63;6;4445;1
75;63;6;4455;1
75;63;6;4545;3
75;63;6;4555;6
75;63;6;5077;1
75;63;6;5533;4
75;63;7;11;3
75;63;7;12;1
75;63;7;13;8
75;63;7;15;1
75;63;7;18;2
75;63;7;25;3
75;63;7;40;1
75;63;7;43;1
75;63;7;44;1
75;63;7;45;2
75;63;7;77;1
75;63;7;95;16
75;63;7;96;5
75;63;7;10100;4
75;63;7;10123;1
75;63;7;10678;1
75;63;7;11111;39
75;63;7;11222;1
75;63;7;12345;1
75;63;7;13111;4
75;63;7;13131;9
75;63;7;13222;9
75;63;7;13333;25
75;63;7;13444;1
75;63;7;13456;73
75;63;7;13789;4
75;63;7;15222;4
75;63;7;22022;1
75;63;7;22222;2
75;63;7;40000;8
75;63;7;40456;2
75;63;7;40500;2
75;63;7;40777;1
75;63;7;40999;2
75;63;7;44321;1
75;63;7;44444;6
75;63;7;45111;1
75;63;7;45123;3
75;63;7;45411;1
75;63;7;50013;1
75;63;7;55011;1
75;63;7;55111;1
75;63;5;95;52
75;63;5;96;49
75;63;5;180;141
75;63;5;222;64
75;63;5;400;137
75;63;5;445;64
75;63;5;800;1
75;63;3;13;161
75;63;3;45;73
75;63;3;95;12
75;63;3;96;8
75;64;1;13;121
75;64;1;14;1
75;64;1;22;63
75;64;1;70;6
75;64;1;95;12
75;64;1;96;8
75;64;6;11;1
75;64;6;12;1
75;64;6;22;1
75;64;6;23;1
75;64;6;40;1
75;64;6;95;7
75;64;6;96;3
75;64;6;1010;2
75;64;6;1055;3
75;64;6;1111;9
75;64;6;1234;1
75;64;6;1301;8
75;64;6;1322;19
75;64;6;1323;5
75;64;6;1331;2
75;64;6;1333;31
75;64;6;1399;1
75;64;6;1515;3
75;64;6;1555;7
75;64;6;1800;1
75;64;6;2211;5
75;64;6;2222;19
75;64;6;2244;4
75;64;6;2288;2
75;64;6;2333;3
75;64;6;2555;26
75;64;6;4020;1
75;64;6;4040;6
75;64;6;4077;8
75;64;6;4343;7
75;64;6;4410;1
75;64;6;4444;1
75;64;6;4445;3
75;64;6;4545;6
75;64;6;4555;6
75;64;6;5050;1
75;64;6;5533;3
75;64;6;5588;2
75;64;7;13;1
75;64;7;18;4
75;64;7;40;5
75;64;7;44;3
75;64;7;45;1
75;64;7;65;1
75;64;7;95;11
75;64;7;96;6
75;64;7;10100;3
75;64;7;10123;2
75;64;7;10333;4
75;64;7;11111;5
75;64;7;11222;13
75;64;7;13000;8
75;64;7;13111;1
75;64;7;13123;10
75;64;7;13131;2
75;64;7;13333;22
75;64;7;13444;2
75;64;7;13456;26
75;64;7;13789;5
75;64;7;13999;2
75;64;7;15222;2
75;64;7;22022;4
75;64;7;22026;7
75;64;7;22221;2
75;64;7;22222;2
75;64;7;25555;2
75;64;7;25888;1
75;64;7;33123;7
75;64;7;40000;7
75;64;7;40333;3
75;64;7;40456;11
75;64;7;40500;1
75;64;7;40999;9
75;64;7;44111;1
75;64;7;44444;1
75;64;7;45000;1
75;64;7;45111;3
75;64;7;45123;2
75;64;7;45222;5
75;64;7;50013;1
75;64;7;55555;1
75;64;7;55777;1
75;64;5;95;52
75;64;5;96;53
75;64;5;180;95
75;64;5;222;64
75;64;5;400;94
75;64;5;445;64
75;64;3;13;95
75;64;3;45;86
75;64;3;95;18
75;64;3;96;12
75;65;1;13;163
75;65;1;14;3
75;65;1;22;99
75;65;1;55;1
75;65;1;70;6
75;65;1;95;10
75;65;1;96;8
75;65;6;11;2
75;65;6;12;1
75;65;6;13;2
75;65;6;95;16
75;65;6;96;2
75;65;6;1022;2
75;65;6;1055;3
75;65;6;1111;5
75;65;6;1144;1
75;65;6;1234;1
75;65;6;1301;3
75;65;6;1322;38
75;65;6;1323;2
75;65;6;1331;2
75;65;6;1333;39
75;65;6;1399;3
75;65;6;1515;9
75;65;6;1555;1
75;65;6;2026;1
75;65;6;2200;5
75;65;6;2222;31
75;65;6;2233;2
75;65;6;2244;2
75;65;6;2288;2
75;65;6;2333;1
75;65;6;2555;40
75;65;6;4000;1
75;65;6;4001;1
75;65;6;4011;1
75;65;6;4020;4
75;65;6;4040;2
75;65;6;4055;2
75;65;6;4077;13
75;65;6;4343;5
75;65;6;4422;1
75;65;6;4444;2
75;65;6;4445;7
75;65;6;4466;1
75;65;6;4490;2
75;65;6;4545;4
75;65;6;4555;3
75;65;6;5000;1
75;65;6;5050;8
75;65;6;5511;2
75;65;6;5533;10
75;65;6;5555;1
75;65;6;5588;2
75;65;6;7788;1
75;65;7;13;6
75;65;7;15;1
75;65;7;18;4
75;65;7;40;7
75;65;7;44;5
75;65;7;95;25
75;65;7;96;5
75;65;7;10222;1
75;65;7;10333;1
75;65;7;10444;1
75;65;7;10678;2
75;65;7;11111;10
75;65;7;11222;2
75;65;7;11555;2
75;65;7;13000;1
75;65;7;13111;1
75;65;7;13123;1
75;65;7;13131;7
75;65;7;13180;1
75;65;7;13222;2
75;65;7;13234;1
75;65;7;13333;34
75;65;7;13444;1
75;65;7;13456;55
75;65;7;13789;2
75;65;7;13999;4
75;65;7;15222;10
75;65;7;22000;1
75;65;7;22022;6
75;65;7;22026;9
75;65;7;22190;1
75;65;7;22221;1
75;65;7;22222;7
75;65;7;22223;1
75;65;7;22580;1
75;65;7;22888;2
75;65;7;25555;1
75;65;7;40000;14
75;65;7;40200;1
75;65;7;40333;3
75;65;7;40456;12
75;65;7;40500;1
75;65;7;40555;1
75;65;7;40999;9
75;65;7;44444;3
75;65;7;45111;2
75;65;7;45123;3
75;65;7;45190;4
75;65;7;45777;1
75;65;7;50013;3
75;65;7;50050;2
75;65;7;50555;5
75;65;7;55111;1
75;65;7;55777;1
75;65;7;77123;1
75;65;7;77888;1
75;65;5;95;69
75;65;5;96;47
75;65;5;162;1
75;65;5;180;123
75;65;5;222;102
75;65;5;400;131
75;65;5;445;106
75;65;5;800;1
75;65;3;13;128
75;65;3;45;139
75;65;3;95;11
75;65;3;96;12
75;66;1;13;154
75;66;1;14;9
75;66;1;22;84
75;66;1;70;13
75;66;1;95;14
75;66;1;96;14
75;66;6;10;1
75;66;6;12;3
75;66;6;22;1
75;66;6;45;1
75;66;6;95;13
75;66;6;96;6
75;66;6;1010;2
75;66;6;1055;1
75;66;6;1111;5
75;66;6;1144;1
75;66;6;1313;1
75;66;6;1322;37
75;66;6;1323;1
75;66;6;1331;4
75;66;6;1333;43
75;66;6;1399;3
75;66;6;1414;1
75;66;6;1515;3
75;66;6;1533;1
75;66;6;1555;1
75;66;6;2002;1
75;66;6;2200;1
75;66;6;2211;1
75;66;6;2222;24
75;66;6;2244;6
75;66;6;2255;1
75;66;6;2277;1
75;66;6;2288;4
75;66;6;2333;3
75;66;6;2555;42
75;66;6;4000;1
75;66;6;4001;1
75;66;6;4020;3
75;66;6;4040;5
75;66;6;4055;3
75;66;6;4077;15
75;66;6;4343;5
75;66;6;4422;3
75;66;6;4444;1
75;66;6;4445;1
75;66;6;4466;2
75;66;6;4477;1
75;66;6;4490;1
75;66;6;4545;10
75;66;6;4555;6
75;66;6;5050;2
75;66;6;5099;1
75;66;6;5511;4
75;66;6;5533;6
75;66;6;5588;2
75;66;6;7788;1
75;66;6;8080;1
75;66;7;13;2
75;66;7;15;1
75;66;7;18;2
75;66;7;22;2
75;66;7;23;1
75;66;7;40;3
75;66;7;45;1
75;66;7;95;15
75;66;7;96;11
75;66;7;10100;3
75;66;7;10123;1
75;66;7;10333;1
75;66;7;10444;1
75;66;7;10678;1
75;66;7;11111;5
75;66;7;11222;1
75;66;7;11555;1
75;66;7;13000;1
75;66;7;13123;1
75;66;7;13131;1
75;66;7;13180;1
75;66;7;13333;51
75;66;7;13444;4
75;66;7;13456;52
75;66;7;13789;5
75;66;7;13999;9
75;66;7;15222;5
75;66;7;15333;1
75;66;7;22022;4
75;66;7;22026;7
75;66;7;22190;1
75;66;7;22221;3
75;66;7;22222;4
75;66;7;22223;1
75;66;7;22322;1
75;66;7;22777;2
75;66;7;22888;1
75;66;7;25555;2
75;66;7;33000;2
75;66;7;33333;2
75;66;7;33456;1
75;66;7;40000;21
75;66;7;40200;1
75;66;7;40222;1
75;66;7;40333;2
75;66;7;40456;11
75;66;7;40999;13
75;66;7;44444;2
75;66;7;45000;2
75;66;7;45090;1
75;66;7;45111;5
75;66;7;45123;4
75;66;7;45222;1
75;66;7;45456;1
75;66;7;45777;1
75;66;7;45789;1
75;66;7;45888;1
75;66;7;50013;2
75;66;7;50555;2
75;66;7;55555;1
75;66;7;77888;1
75;66;5;95;70
75;66;5;96;68
75;66;5;180;117
75;66;5;222;94
75;66;5;400;126
75;66;5;445;100
75;66;5;800;1
75;66;3;13;124
75;66;3;45;127
75;66;3;95;21
75;66;3;96;16
75;67;1;13;156
75;67;1;14;1
75;67;1;22;82
75;67;1;55;2
75;67;1;70;13
75;67;1;95;9
75;67;1;96;14
75;67;6;12;1
75;67;6;22;1
75;67;6;40;2
75;67;6;95;24
75;67;6;96;7
75;67;6;1055;3
75;67;6;1111;7
75;67;6;1233;1
75;67;6;1301;3
75;67;6;1313;1
75;67;6;1322;35
75;67;6;1323;6
75;67;6;1331;3
75;67;6;1333;38
75;67;6;1399;1
75;67;6;1414;1
75;67;6;1515;6
75;67;6;1555;1
75;67;6;2200;3
75;67;6;2211;1
75;67;6;2222;15
75;67;6;2244;2
75;67;6;2277;1
75;67;6;2288;2
75;67;6;2333;4
75;67;6;2555;38
75;67;6;4020;8
75;67;6;4040;4
75;67;6;4055;2
75;67;6;4077;12
75;67;6;4343;5
75;67;6;4410;1
75;67;6;4422;2
75;67;6;4445;3
75;67;6;4490;1
75;67;6;4545;6
75;67;6;4555;3
75;67;6;5050;7
75;67;6;5511;6
75;67;6;5533;8
75;67;6;5588;2
75;67;7;12;1
75;67;7;13;4
75;67;7;18;2
75;67;7;40;2
75;67;7;45;1
75;67;7;95;26
75;67;7;96;11
75;67;7;10100;1
75;67;7;10333;3
75;67;7;11111;8
75;67;7;11555;2
75;67;7;12333;1
75;67;7;13000;1
75;67;7;13111;2
75;67;7;13123;5
75;67;7;13131;7
75;67;7;13133;1
75;67;7;13222;1
75;67;7;13333;35
75;67;7;13444;1
75;67;7;13456;47
75;67;7;13789;8
75;67;7;13999;5
75;67;7;15222;6
75;67;7;22000;1
75;67;7;22022;5
75;67;7;22026;4
75;67;7;22190;1
75;67;7;22221;1
75;67;7;22222;4
75;67;7;22223;2
75;67;7;22777;1
75;67;7;22888;2
75;67;7;25222;1
75;67;7;25555;3
75;67;7;25888;1
75;67;7;33123;1
75;67;7;33333;1
75;67;7;40000;18
75;67;7;40200;1
75;67;7;40234;1
75;67;7;40333;8
75;67;7;40456;10
75;67;7;40999;7
75;67;7;43000;1
75;67;7;45000;2
75;67;7;45111;2
75;67;7;45123;1
75;67;7;45190;3
75;67;7;45222;1
75;67;7;45411;1
75;67;7;45455;1
75;67;7;45456;1
75;67;7;45777;1
75;67;7;50050;1
75;67;7;50180;1
75;67;7;50500;1
75;67;7;50555;4
75;67;7;55777;2
75;67;5;95;78
75;67;5;96;59
75;67;5;180;124
75;67;5;222;82
75;67;5;400;127
75;67;5;445;84
75;67;3;13;124
75;67;3;45;122
75;67;3;95;14
75;67;3;96;17
75;68;1;13;130
75;68;1;22;42
75;68;1;55;2
75;68;1;70;3
75;68;1;95;2
75;68;1;96;4
75;68;6;10;1
75;68;6;11;1
75;68;6;12;1
75;68;6;13;1
75;68;6;23;1
75;68;6;40;1
75;68;6;95;4
75;68;6;96;1
75;68;6;1055;8
75;68;6;1111;1
75;68;6;1234;2
75;68;6;1313;1
75;68;6;1322;24
75;68;6;1323;1
75;68;6;1333;25
75;68;6;1515;3
75;68;6;2099;1
75;68;6;2211;1
75;68;6;2222;7
75;68;6;2255;1
75;68;6;2555;67
75;68;6;4000;1
75;68;6;4004;1
75;68;6;4040;1
75;68;6;4077;3
75;68;6;4343;2
75;68;6;4444;2
75;68;6;4445;9
75;68;6;4490;3
75;68;6;4555;3
75;68;6;5511;1
75;68;6;5533;3
75;68;6;5588;1
75;68;7;12;1
75;68;7;13;5
75;68;7;22;2
75;68;7;40;1
75;68;7;44;2
75;68;7;45;1
75;68;7;80;1
75;68;7;95;8
75;68;7;96;5
75;68;7;10100;1
75;68;7;10333;2
75;68;7;11111;1
75;68;7;13000;2
75;68;7;13111;11
75;68;7;13180;1
75;68;7;13333;28
75;68;7;13444;3
75;68;7;13456;53
75;68;7;13789;1
75;68;7;13999;1
75;68;7;15222;1
75;68;7;22022;1
75;68;7;22190;1
75;68;7;25888;1
75;68;7;33000;3
75;68;7;33333;4
75;68;7;40000;15
75;68;7;40111;1
75;68;7;40222;2
75;68;7;40456;1
75;68;7;40500;7
75;68;7;40777;1
75;68;7;40999;4
75;68;7;45190;8
75;68;7;45222;1
75;68;7;50555;1
75;68;7;55111;1
75;68;5;95;27
75;68;5;96;34
75;68;5;180;83
75;68;5;222;48
75;68;5;400;106
75;68;5;445;68
75;68;3;13;109
75;68;3;14;1
75;68;3;45;62
75;68;3;95;2
75;68;3;96;9
75;69;1;13;141
75;69;1;22;41
75;69;1;55;2
75;69;1;70;3
75;69;1;95;3
75;69;1;96;7
75;69;6;12;2
75;69;6;13;1
75;69;6;22;1
75;69;6;44;1
75;69;6;95;5
75;69;6;96;3
75;69;6;1022;1
75;69;6;1111;10
75;69;6;1233;1
75;69;6;1313;2
75;69;6;1322;32
75;69;6;1323;23
75;69;6;1333;28
75;69;6;1515;3
75;69;6;1555;1
75;69;6;2222;7
75;69;6;2255;2
75;69;6;2277;1
75;69;6;2333;1
75;69;6;2555;22
75;69;6;4000;1
75;69;6;4011;1
75;69;6;4020;3
75;69;6;4077;23
75;69;6;4343;4
75;69;6;4444;5
75;69;6;4445;1
75;69;6;4545;3
75;69;6;4555;6
75;69;6;5533;2
75;69;7;11;2
75;69;7;13;3
75;69;7;18;3
75;69;7;22;1
75;69;7;25;3
75;69;7;40;8
75;69;7;43;1
75;69;7;44;2
75;69;7;45;3
75;69;7;95;9
75;69;7;96;3
75;69;7;11111;15
75;69;7;12333;1
75;69;7;13000;3
75;69;7;13131;1
75;69;7;13222;1
75;69;7;13333;35
75;69;7;13456;40
75;69;7;13789;7
75;69;7;13999;1
75;69;7;15222;2
75;69;7;22022;2
75;69;7;22026;1
75;69;7;22221;1
75;69;7;22222;1
75;69;7;22777;1
75;69;7;25888;1
75;69;7;40000;6
75;69;7;40456;6
75;69;7;40999;24
75;69;7;44321;1
75;69;7;44444;5
75;69;7;45123;2
75;69;7;45190;1
75;69;5;95;39
75;69;5;96;47
75;69;5;180;109
75;69;5;222;46
75;69;5;400;106
75;69;5;445;45
75;69;3;13;110
75;69;3;45;65
75;69;3;95;7
75;69;3;96;14
75;70;1;13;165
75;70;1;22;82
75;70;1;28;1
75;70;1;55;1
75;70;1;70;2
75;70;1;95;13
75;70;1;96;9
75;70;6;12;1
75;70;6;33;1
75;70;6;40;1
75;70;6;95;9
75;70;6;96;6
75;70;6;1010;1
75;70;6;1055;2
75;70;6;1111;5
75;70;6;1234;1
75;70;6;1301;4
75;70;6;1313;2
75;70;6;1315;1
75;70;6;1322;77
75;70;6;1323;7
75;70;6;1331;1
75;70;6;1333;54
75;70;6;1515;8
75;70;6;1800;1
75;70;6;2222;14
75;70;6;2244;1
75;70;6;2277;1
75;70;6;2525;1
75;70;6;2555;21
75;70;6;4000;1
75;70;6;4020;15
75;70;6;4040;3
75;70;6;4077;7
75;70;6;4343;9
75;70;6;4422;1
75;70;6;4477;1
75;70;6;4545;1
75;70;6;4555;5
75;70;6;4599;1
75;70;6;5099;2
75;70;6;5533;4
75;70;6;5588;3
75;70;7;12;1
75;70;7;13;2
75;70;7;18;1
75;70;7;22;2
75;70;7;40;3
75;70;7;45;1
75;70;7;95;13
75;70;7;96;8
75;70;7;10100;1
75;70;7;10123;1
75;70;7;10222;4
75;70;7;10333;2
75;70;7;11111;2
75;70;7;11222;2
75;70;7;13000;1
75;70;7;13123;6
75;70;7;13131;1
75;70;7;13133;1
75;70;7;13222;1
75;70;7;13333;62
75;70;7;13456;82
75;70;7;13777;1
75;70;7;13789;7
75;70;7;13999;2
75;70;7;15222;5
75;70;7;22022;2
75;70;7;22026;2
75;70;7;22221;1
75;70;7;22222;2
75;70;7;22422;1
75;70;7;22777;1
75;70;7;25555;1
75;70;7;25888;1
75;70;7;33123;2
75;70;7;40000;9
75;70;7;40111;1
75;70;7;40333;15
75;70;7;40456;12
75;70;7;40500;2
75;70;7;40789;1
75;70;7;40999;3
75;70;7;45456;2
75;70;7;50013;2
75;70;7;50180;1
75;70;5;95;66
75;70;5;96;52
75;70;5;180;139
75;70;5;222;74
75;70;5;400;144
75;70;5;445;71
75;70;3;13;149
75;70;3;45;97
75;70;3;95;16
75;70;3;96;11
75;73;1;13;147
75;73;1;14;1
75;73;1;22;63
75;73;1;55;2
75;73;1;70;10
75;73;1;95;9
75;73;1;96;6
75;73;6;11;1
75;73;6;12;1
75;73;6;13;1
75;73;6;95;7
75;73;6;96;1
75;73;6;1022;2
75;73;6;1055;12
75;73;6;1111;10
75;73;6;1233;1
75;73;6;1234;1
75;73;6;1277;2
75;73;6;1301;7
75;73;6;1313;1
75;73;6;1322;28
75;73;6;1323;8
75;73;6;1333;44
75;73;6;1377;1
75;73;6;1515;7
75;73;6;1555;9
75;73;6;2211;3
75;73;6;2222;7
75;73;6;2233;2
75;73;6;2244;1
75;73;6;2299;2
75;73;6;2333;5
75;73;6;2555;30
75;73;6;4020;3
75;73;6;4040;2
75;73;6;4077;6
75;73;6;4343;6
75;73;6;4444;1
75;73;6;4445;6
75;73;6;4545;9
75;73;6;4555;3
75;73;6;5533;8
75;73;7;13;4
75;73;7;18;2
75;73;7;40;2
75;73;7;44;4
75;73;7;95;6
75;73;7;96;3
75;73;7;10100;7
75;73;7;11111;9
75;73;7;11222;4
75;73;7;13000;7
75;73;7;13111;5
75;73;7;13123;7
75;73;7;13131;2
75;73;7;13132;2
75;73;7;13333;41
75;73;7;13444;1
75;73;7;13456;46
75;73;7;13789;10
75;73;7;13999;3
75;73;7;15222;9
75;73;7;22026;3
75;73;7;22221;1
75;73;7;22222;3
75;73;7;22888;1
75;73;7;25555;1
75;73;7;33123;6
75;73;7;33333;1
75;73;7;40000;3
75;73;7;40100;3
75;73;7;40333;3
75;73;7;40456;13
75;73;7;40999;7
75;73;7;44444;1
75;73;7;45111;2
75;73;7;45123;5
75;73;7;45190;3
75;73;7;45222;3
75;73;7;45777;1
75;73;7;45800;1
75;73;7;55777;2
75;73;7;77888;1
75;73;5;95;56
75;73;5;96;46
75;73;5;180;116
75;73;5;222;67
75;73;5;400;120
75;73;5;445;71
75;73;3;13;126
75;73;3;45;88
75;73;3;95;15
75;73;3;96;9
75;74;1;13;148
75;74;1;14;3
75;74;1;22;101
75;74;1;70;6
75;74;1;95;10
75;74;1;96;5
75;74;6;11;1
75;74;6;13;3
75;74;6;95;15
75;74;6;96;6
75;74;6;1010;3
75;74;6;1055;4
75;74;6;1111;7
75;74;6;1256;1
75;74;6;1300;1
75;74;6;1301;1
75;74;6;1322;29
75;74;6;1323;5
75;74;6;1331;2
75;74;6;1333;35
75;74;6;1414;1
75;74;6;1515;9
75;74;6;1555;4
75;74;6;1800;4
75;74;6;2030;1
75;74;6;2200;2
75;74;6;2222;23
75;74;6;2233;1
75;74;6;2244;2
75;74;6;2255;1
75;74;6;2277;2
75;74;6;2288;3
75;74;6;2333;1
75;74;6;2555;40
75;74;6;4001;2
75;74;6;4020;4
75;74;6;4040;6
75;74;6;4077;6
75;74;6;4343;8
75;74;6;4422;3
75;74;6;4444;1
75;74;6;4445;4
75;74;6;4490;3
75;74;6;4555;4
75;74;6;5005;1
75;74;6;5050;5
75;74;6;5511;6
75;74;6;5522;1
75;74;6;5533;11
75;74;6;5555;1
75;74;7;10;1
75;74;7;11;1
75;74;7;13;2
75;74;7;22;1
75;74;7;40;3
75;74;7;44;1
75;74;7;45;1
75;74;7;95;17
75;74;7;96;7
75;74;7;10100;1
75;74;7;10123;3
75;74;7;10333;2
75;74;7;10678;1
75;74;7;11111;6
75;74;7;11555;1
75;74;7;13000;2
75;74;7;13111;2
75;74;7;13123;1
75;74;7;13131;7
75;74;7;13132;2
75;74;7;13133;1
75;74;7;13222;1
75;74;7;13333;37
75;74;7;13444;5
75;74;7;13456;45
75;74;7;13777;2
75;74;7;13789;3
75;74;7;13999;3
75;74;7;15222;9
75;74;7;15333;1
75;74;7;20777;1
75;74;7;22022;5
75;74;7;22026;12
75;74;7;22190;1
75;74;7;22221;5
75;74;7;22222;3
75;74;7;22223;1
75;74;7;22777;3
75;74;7;22888;2
75;74;7;25888;1
75;74;7;33333;1
75;74;7;40000;18
75;74;7;40111;1
75;74;7;40114;1
75;74;7;40200;1
75;74;7;40333;5
75;74;7;40456;13
75;74;7;40999;11
75;74;7;44010;1
75;74;7;44444;2
75;74;7;45000;2
75;74;7;45111;1
75;74;7;45123;1
75;74;7;45190;2
75;74;7;45678;1
75;74;7;50013;1
75;74;7;50067;1
75;74;7;50555;3
75;74;7;55777;3
75;74;7;77888;1
75;74;5;95;62
75;74;5;96;48
75;74;5;180;118
75;74;5;222;93
75;74;5;400;130
75;74;5;445;95
75;74;3;13;132
75;74;3;14;1
75;74;3;45;114
75;74;3;95;14
75;74;3;96;12
75;76;1;13;134
75;76;1;14;1
75;76;1;22;81
75;76;1;55;1
75;76;1;70;6
75;76;1;95;19
75;76;1;96;14
75;76;6;13;2
75;76;6;14;1
75;76;6;22;1
75;76;6;95;13
75;76;6;96;4
75;76;6;1010;2
75;76;6;1055;1
75;76;6;1111;47
75;76;6;1301;2
75;76;6;1313;1
75;76;6;1322;38
75;76;6;1323;3
75;76;6;1331;2
75;76;6;1333;22
75;76;6;1399;2
75;76;6;1515;10
75;76;6;1555;1
75;76;6;1800;1
75;76;6;2026;1
75;76;6;2200;1
75;76;6;2222;10
75;76;6;2233;2
75;76;6;2244;1
75;76;6;2288;5
75;76;6;2555;24
75;76;6;4000;1
75;76;6;4020;1
75;76;6;4055;1
75;76;6;4077;6
75;76;6;4343;2
75;76;6;4445;17
75;76;6;4455;2
75;76;6;4545;1
75;76;6;4555;3
75;76;6;5050;2
75;76;6;5099;1
75;76;6;5511;2
75;76;6;5533;14
75;76;6;5555;1
75;76;6;5588;5
75;76;7;13;5
75;76;7;15;1
75;76;7;18;2
75;76;7;22;1
75;76;7;40;3
75;76;7;44;2
75;76;7;55;1
75;76;7;95;16
75;76;7;96;7
75;76;7;10100;2
75;76;7;10123;2
75;76;7;10222;1
75;76;7;11111;45
75;76;7;11456;1
75;76;7;12345;1
75;76;7;13000;1
75;76;7;13111;2
75;76;7;13123;2
75;76;7;13131;10
75;76;7;13180;1
75;76;7;13333;18
75;76;7;13444;1
75;76;7;13456;46
75;76;7;13789;2
75;76;7;15222;16
75;76;7;22022;1
75;76;7;22221;1
75;76;7;22222;2
75;76;7;22777;1
75;76;7;22888;5
75;76;7;25555;1
75;76;7;33333;1
75;76;7;40000;11
75;76;7;40111;1
75;76;7;40234;1
75;76;7;40333;2
75;76;7;40456;10
75;76;7;40999;6
75;76;7;45111;1
75;76;7;45123;3
75;76;7;45190;13
75;76;7;45777;1
75;76;7;50050;1
75;76;7;50555;1
75;76;7;55111;1
75;76;7;55555;2
75;76;7;77888;1
75;76;5;95;69
75;76;5;96;65
75;76;5;162;2
75;76;5;180;105
75;76;5;222;76
75;76;5;400;111
75;76;5;445;84
75;76;3;13;112
75;76;3;45;99
75;76;3;95;23
75;76;3;96;22
75;77;1;13;206
75;77;1;14;3
75;77;1;22;77
75;77;1;70;3
75;77;1;95;12
75;77;1;96;7
75;77;6;12;1
75;77;6;13;3
75;77;6;40;2
75;77;6;95;18
75;77;6;96;1
75;77;6;1010;1
75;77;6;1111;2
75;77;6;1301;5
75;77;6;1311;1
75;77;6;1313;1
75;77;6;1322;42
75;77;6;1323;13
75;77;6;1331;2
75;77;6;1333;55
75;77;6;1515;7
75;77;6;1522;1
75;77;6;2200;1
75;77;6;2211;2
75;77;6;2222;14
75;77;6;2233;4
75;77;6;2244;2
75;77;6;2288;10
75;77;6;2333;2
75;77;6;2555;53
75;77;6;4001;1
75;77;6;4020;2
75;77;6;4040;4
75;77;6;4044;1
75;77;6;4077;12
75;77;6;4343;5
75;77;6;4422;3
75;77;6;4444;2
75;77;6;4445;4
75;77;6;4545;1
75;77;6;4555;2
75;77;6;5000;1
75;77;6;5050;3
75;77;6;5533;22
75;77;6;5588;1
75;77;6;8000;1
75;77;7;12;2
75;77;7;13;2
75;77;7;15;1
75;77;7;18;2
75;77;7;22;1
75;77;7;25;2
75;77;7;40;4
75;77;7;44;2
75;77;7;95;20
75;77;7;96;2
75;77;7;10100;1
75;77;7;10123;1
75;77;7;10222;1
75;77;7;11111;4
75;77;7;13013;1
75;77;7;13123;3
75;77;7;13131;1
75;77;7;13222;12
75;77;7;13333;62
75;77;7;13444;1
75;77;7;13456;53
75;77;7;13789;7
75;77;7;13999;3
75;77;7;15222;26
75;77;7;22022;1
75;77;7;22026;4
75;77;7;22221;1
75;77;7;22222;6
75;77;7;22888;8
75;77;7;25888;1
75;77;7;33222;1
75;77;7;40000;17
75;77;7;40333;4
75;77;7;40456;7
75;77;7;40999;26
75;77;7;44444;2
75;77;7;44777;1
75;77;7;45000;1
75;77;7;45111;1
75;77;7;45123;1
75;77;7;45190;4
75;77;7;45222;3
75;77;7;45777;1
75;77;7;50013;1
75;77;7;50555;3
75;77;5;95;105
75;77;5;96;61
75;77;5;180;143
75;77;5;222;72
75;77;5;400;155
75;77;5;445;80
75;77;3;13;160
75;77;3;35;1
75;77;3;45;111
75;77;3;95;20
75;77;3;96;16
75;78;1;13;148
75;78;1;22;70
75;78;1;55;6
75;78;1;70;5
75;78;1;95;7
75;78;1;96;8
75;78;6;11;1
75;78;6;13;2
75;78;6;45;1
75;78;6;95;7
75;78;6;96;14
75;78;6;1022;1
75;78;6;1111;10
75;78;6;1222;1
75;78;6;1233;1
75;78;6;1301;2
75;78;6;1322;73
75;78;6;1323;11
75;78;6;1331;1
75;78;6;1333;10
75;78;6;1515;8
75;78;6;1522;1
75;78;6;1555;6
75;78;6;2026;2
75;78;6;2200;4
75;78;6;2211;1
75;78;6;2222;22
75;78;6;2555;27
75;78;6;4020;6
75;78;6;4040;3
75;78;6;4055;2
75;78;6;4077;3
75;78;6;4343;1
75;78;6;4445;6
75;78;6;4477;1
75;78;6;4545;1
75;78;6;4555;4
75;78;6;5050;7
75;78;6;5511;1
75;78;6;5533;2
75;78;6;5555;1
75;78;7;11;1
75;78;7;13;7
75;78;7;18;3
75;78;7;22;2
75;78;7;40;7
75;78;7;45;2
75;78;7;95;12
75;78;7;96;11
75;78;7;10100;4
75;78;7;11111;12
75;78;7;13000;6
75;78;7;13123;1
75;78;7;13131;1
75;78;7;13133;1
75;78;7;13222;1
75;78;7;13258;1
75;78;7;13333;7
75;78;7;13456;90
75;78;7;15222;3
75;78;7;15333;1
75;78;7;22022;1
75;78;7;22026;13
75;78;7;22221;2
75;78;7;22222;9
75;78;7;22762;1
75;78;7;40000;9
75;78;7;40111;1
75;78;7;40333;6
75;78;7;40456;9
75;78;7;40500;1
75;78;7;40999;6
75;78;7;44444;1
75;78;7;45190;4
75;78;7;45222;2
75;78;7;50555;2
75;78;7;77888;4
75;78;5;95;58
75;78;5;96;60
75;78;5;162;2
75;78;5;180;113
75;78;5;222;52
75;78;5;300;1
75;78;5;400;121
75;78;5;445;78
75;78;5;800;3
75;78;3;13;123
75;78;3;16;2
75;78;3;45;99
75;78;3;95;8
75;78;3;96;12
75;79;1;13;140
75;79;1;22;35
75;79;1;70;2
75;79;1;95;2
75;79;1;96;12
75;79;6;13;4
75;79;6;15;1
75;79;6;18;1
75;79;6;20;1
75;79;6;33;1
75;79;6;40;1
75;79;6;45;1
75;79;6;95;9
75;79;6;96;1
75;79;6;1010;2
75;79;6;1022;1
75;79;6;1111;9
75;79;6;1222;2
75;79;6;1322;28
75;79;6;1323;17
75;79;6;1331;2
75;79;6;1333;30
75;79;6;1515;3
75;79;6;1555;1
75;79;6;2200;1
75;79;6;2222;6
75;79;6;2333;4
75;79;6;2555;24
75;79;6;4000;1
75;79;6;4001;1
75;79;6;4020;10
75;79;6;4055;1
75;79;6;4077;11
75;79;6;4343;4
75;79;6;4444;4
75;79;6;4445;1
75;79;6;4477;1
75;79;6;4545;1
75;79;6;4555;4
75;79;6;5533;2
75;79;7;12;2
75;79;7;13;5
75;79;7;18;2
75;79;7;40;6
75;79;7;44;2
75;79;7;95;11
75;79;7;96;3
75;79;7;10100;1
75;79;7;10123;1
75;79;7;11111;13
75;79;7;13000;2
75;79;7;13222;5
75;79;7;13333;29
75;79;7;13456;39
75;79;7;13789;3
75;79;7;13999;6
75;79;7;15222;3
75;79;7;22022;1
75;79;7;22220;1
75;79;7;22221;2
75;79;7;22222;2
75;79;7;25555;1
75;79;7;25888;2
75;79;7;33333;1
75;79;7;40000;6
75;79;7;40333;8
75;79;7;40456;7
75;79;7;40999;19
75;79;7;44444;5
75;79;7;45123;1
75;79;7;45190;1
75;79;7;45777;1
75;79;5;95;45
75;79;5;96;52
75;79;5;180;98
75;79;5;222;39
75;79;5;400;105
75;79;5;445;43
75;79;3;13;105
75;79;3;45;55
75;79;3;95;15
75;79;3;96;16
75;80;1;13;85
75;80;1;14;5
75;80;1;22;25
75;80;1;55;4
75;80;1;70;7
75;80;1;95;4
75;80;1;96;7
75;80;6;13;4
75;80;6;95;7
75;80;6;96;1
75;80;6;1322;43
75;80;6;1323;28
75;80;6;1333;23
75;80;6;2026;1
75;80;6;2222;4
75;80;6;2233;1
75;80;6;2555;15
75;80;6;4077;2
75;80;6;4545;6
75;80;6;5533;2
75;80;7;12;1
75;80;7;13;1
75;80;7;22;3
75;80;7;40;1
75;80;7;95;13
75;80;7;96;3
75;80;7;13333;15
75;80;7;13456;76
75;80;7;13789;1
75;80;7;15222;1
75;80;7;40000;7
75;80;7;40456;2
75;80;7;40999;6
75;80;7;45000;2
75;80;7;45123;5
75;80;5;95;33
75;80;5;96;30
75;80;5;180;80
75;80;5;222;26
75;80;5;400;77
75;80;5;445;28
75;80;3;13;66
75;80;3;45;52
75;80;3;95;10
75;80;3;96;9
75;83;1;13;156
75;83;1;22;36
75;83;1;55;2
75;83;1;70;1
75;83;1;95;8
75;83;1;96;4
75;83;6;10;1
75;83;6;11;1
75;83;6;25;1
75;83;6;43;1
75;83;6;95;13
75;83;6;96;2
75;83;6;1010;1
75;83;6;1022;1
75;83;6;1055;10
75;83;6;1311;1
75;83;6;1322;15
75;83;6;1323;1
75;83;6;1333;21
75;83;6;1515;7
75;83;6;2099;1
75;83;6;2222;5
75;83;6;2555;59
75;83;6;4011;1
75;83;6;4040;1
75;83;6;4055;7
75;83;6;4077;8
75;83;6;4422;3
75;83;6;4444;2
75;83;6;4445;3
75;83;6;4455;1
75;83;6;4545;5
75;83;6;4555;14
75;83;6;5050;2
75;83;6;5533;19
75;83;7;13;4
75;83;7;18;1
75;83;7;25;1
75;83;7;40;3
75;83;7;44;4
75;83;7;45;2
75;83;7;55;1
75;83;7;95;24
75;83;7;96;6
75;83;7;10100;5
75;83;7;10123;1
75;83;7;10333;1
75;83;7;10444;2
75;83;7;11111;1
75;83;7;11555;2
75;83;7;13000;1
75;83;7;13111;14
75;83;7;13333;20
75;83;7;13444;1
75;83;7;13456;34
75;83;7;13789;22
75;83;7;13999;7
75;83;7;15222;3
75;83;7;15333;1
75;83;7;22026;7
75;83;7;22221;1
75;83;7;22222;2
75;83;7;22322;1
75;83;7;25555;2
75;83;7;33333;1
75;83;7;40000;11
75;83;7;40111;2
75;83;7;40200;2
75;83;7;40400;1
75;83;7;44444;2
75;83;7;45123;2
75;83;7;45777;11
75;83;7;50013;1
75;83;5;95;76
75;83;5;96;65
75;83;5;180;101
75;83;5;222;31
75;83;5;400;107
75;83;5;445;34
75;83;3;13;125
75;83;3;45;55
75;83;3;95;14
75;83;3;96;13
75;84;1;13;140
75;84;1;14;1
75;84;1;21;2
75;84;1;22;63
75;84;1;55;1
75;84;1;70;5
75;84;1;95;15
75;84;1;96;12
75;84;6;12;1
75;84;6;13;3
75;84;6;22;1
75;84;6;40;1
75;84;6;44;1
75;84;6;45;2
75;84;6;55;1
75;84;6;80;1
75;84;6;95;16
75;84;6;96;6
75;84;6;1010;3
75;84;6;1111;2
75;84;6;1144;1
75;84;6;1301;2
75;84;6;1313;1
75;84;6;1322;29
75;84;6;1323;5
75;84;6;1331;5
75;84;6;1333;18
75;84;6;1399;1
75;84;6;1515;7
75;84;6;1522;1
75;84;6;1800;2
75;84;6;1888;1
75;84;6;2200;1
75;84;6;2222;17
75;84;6;2255;1
75;84;6;2333;3
75;84;6;2518;1
75;84;6;2555;32
75;84;6;4020;4
75;84;6;4040;2
75;84;6;4077;18
75;84;6;4343;6
75;84;6;4445;6
75;84;6;4477;1
75;84;6;4545;10
75;84;6;4548;1
75;84;6;4555;6
75;84;6;5050;4
75;84;6;5511;4
75;84;6;5533;8
75;84;6;5588;3
75;84;7;12;1
75;84;7;13;2
75;84;7;18;4
75;84;7;22;1
75;84;7;40;4
75;84;7;45;2
75;84;7;95;20
75;84;7;96;10
75;84;7;10100;4
75;84;7;10123;3
75;84;7;10222;2
75;84;7;11111;1
75;84;7;11222;1
75;84;7;11555;1
75;84;7;13000;1
75;84;7;13123;2
75;84;7;13130;1
75;84;7;13131;6
75;84;7;13180;1
75;84;7;13222;7
75;84;7;13333;20
75;84;7;13444;2
75;84;7;13456;40
75;84;7;13789;10
75;84;7;13999;7
75;84;7;15222;11
75;84;7;15333;1
75;84;7;22022;3
75;84;7;22026;7
75;84;7;22221;3
75;84;7;22222;7
75;84;7;22223;1
75;84;7;25555;2
75;84;7;40000;9
75;84;7;40200;2
75;84;7;40333;2
75;84;7;40456;8
75;84;7;40774;1
75;84;7;40999;13
75;84;7;44321;1
75;84;7;45123;8
75;84;7;45190;2
75;84;7;45777;3
75;84;7;50050;1
75;84;7;77888;1
75;84;5;95;78
75;84;5;96;71
75;84;5;180;97
75;84;5;222;69
75;84;5;400;91
75;84;5;445;72
75;84;3;13;111
75;84;3;45;93
75;84;3;95;18
75;84;3;96;17
75;85;1;13;156
75;85;1;14;3
75;85;1;22;125
75;85;1;27;2
75;85;1;70;8
75;85;1;95;15
75;85;1;96;7
75;85;6;13;1
75;85;6;14;1
75;85;6;25;1
75;85;6;95;10
75;85;6;96;4
75;85;6;1022;1
75;85;6;1055;3
75;85;6;1111;1
75;85;6;1122;1
75;85;6;1301;3
75;85;6;1313;2
75;85;6;1322;29
75;85;6;1323;3
75;85;6;1331;4
75;85;6;1333;13
75;85;6;1515;5
75;85;6;1522;1
75;85;6;1555;4
75;85;6;2200;1
75;85;6;2211;9
75;85;6;2222;7
75;85;6;2244;5
75;85;6;2288;1
75;85;6;2333;2
75;85;6;2555;52
75;85;6;4000;1
75;85;6;4020;13
75;85;6;4077;7
75;85;6;4343;13
75;85;6;4444;2
75;85;6;4445;1
75;85;6;4512;1
75;85;6;4545;18
75;85;6;4555;75
75;85;6;5533;16
75;85;6;5588;5
75;85;7;12;1
75;85;7;13;3
75;85;7;18;1
75;85;7;22;2
75;85;7;40;6
75;85;7;43;1
75;85;7;44;2
75;85;7;55;1
75;85;7;95;17
75;85;7;96;6
75;85;7;10100;52
75;85;7;10110;2
75;85;7;10678;1
75;85;7;11111;4
75;85;7;11222;4
75;85;7;11555;1
75;85;7;13000;1
75;85;7;13123;5
75;85;7;13131;3
75;85;7;13333;9
75;85;7;13456;51
75;85;7;13789;21
75;85;7;13999;8
75;85;7;15222;13
75;85;7;22022;1
75;85;7;22026;1
75;85;7;22222;2
75;85;7;22888;1
75;85;7;25555;14
75;85;7;25888;2
75;85;7;33123;3
75;85;7;40000;12
75;85;7;40200;2
75;85;7;40333;13
75;85;7;40456;10
75;85;7;40999;6
75;85;7;44444;2
75;85;7;45111;7
75;85;7;45123;13
75;85;7;45190;1
75;85;7;45222;9
75;85;7;45777;1
75;85;7;45789;1
75;85;5;95;105
75;85;5;96;59
75;85;5;180;106
75;85;5;222;125
75;85;5;400;110
75;85;5;445;127
75;85;3;13;120
75;85;3;45;153
75;85;3;95;26
75;85;3;96;17
75;86;1;13;130
75;86;1;14;1
75;86;1;22;78
75;86;1;55;1
75;86;1;70;4
75;86;1;95;14
75;86;1;96;8
75;86;6;13;1
75;86;6;18;1
75;86;6;95;11
75;86;6;96;3
75;86;6;1055;3
75;86;6;1111;3
75;86;6;1301;4
75;86;6;1313;1
75;86;6;1322;18
75;86;6;1323;6
75;86;6;1331;3
75;86;6;1333;30
75;86;6;1399;2
75;86;6;1515;9
75;86;6;1522;3
75;86;6;1533;1
75;86;6;1555;4
75;86;6;1800;1
75;86;6;2200;3
75;86;6;2222;12
75;86;6;2288;7
75;86;6;2333;5
75;86;6;2555;34
75;86;6;4020;4
75;86;6;4055;1
75;86;6;4077;7
75;86;6;4343;3
75;86;6;4444;4
75;86;6;4445;9
75;86;6;4477;1
75;86;6;4488;2
75;86;6;4545;3
75;86;6;4555;9
75;86;6;5050;2
75;86;6;5511;1
75;86;6;5533;23
75;86;6;5588;2
75;86;7;12;2
75;86;7;13;2
75;86;7;15;2
75;86;7;18;2
75;86;7;22;2
75;86;7;40;5
75;86;7;44;2
75;86;7;45;2
75;86;7;55;1
75;86;7;95;13
75;86;7;96;2
75;86;7;10100;2
75;86;7;10222;2
75;86;7;11111;2
75;86;7;12222;1
75;86;7;12345;1
75;86;7;13000;3
75;86;7;13111;2
75;86;7;13123;3
75;86;7;13131;1
75;86;7;13222;6
75;86;7;13258;1
75;86;7;13333;34
75;86;7;13456;18
75;86;7;13789;11
75;86;7;13999;6
75;86;7;15222;28
75;86;7;15333;1
75;86;7;22026;9
75;86;7;22222;5
75;86;7;22223;1
75;86;7;22888;8
75;86;7;25888;1
75;86;7;33123;1
75;86;7;40000;6
75;86;7;40040;1
75;86;7;40111;2
75;86;7;40333;4
75;86;7;40456;5
75;86;7;40999;14
75;86;7;44444;7
75;86;7;45123;1
75;86;7;45190;4
75;86;7;45777;3
75;86;7;45999;2
75;86;7;50013;1
75;86;7;50500;1
75;86;7;50555;1
75;86;7;77123;1
75;86;7;77888;1
75;86;5;95;69
75;86;5;96;61
75;86;5;180;95
75;86;5;222;68
75;86;5;400;100
75;86;5;445;79
75;86;3;13;112
75;86;3;45;88
75;86;3;95;23
75;86;3;96;13
75;87;1;13;151
75;87;1;22;73
75;87;1;55;3
75;87;1;70;3
75;87;1;95;7
75;87;1;96;3
75;87;6;13;2
75;87;6;15;1
75;87;6;40;1
75;87;6;45;1
75;87;6;95;7
75;87;6;96;3
75;87;6;1010;1
75;87;6;1055;1
75;87;6;1111;1
75;87;6;1222;1
75;87;6;1301;3
75;87;6;1322;45
75;87;6;1323;19
75;87;6;1333;36
75;87;6;1377;1
75;87;6;1515;12
75;87;6;1592;1
75;87;6;1800;1
75;87;6;2030;1
75;87;6;2222;10
75;87;6;2252;1
75;87;6;2277;4
75;87;6;2288;1
75;87;6;2555;16
75;87;6;4020;1
75;87;6;4055;2
75;87;6;4077;8
75;87;6;4343;7
75;87;6;4444;5
75;87;6;4445;2
75;87;6;4455;3
75;87;6;4488;3
75;87;6;4545;17
75;87;6;4555;2
75;87;6;5050;3
75;87;6;5533;14
75;87;6;5588;2
75;87;6;7788;1
75;87;7;12;1
75;87;7;13;1
75;87;7;18;1
75;87;7;40;2
75;87;7;44;1
75;87;7;45;1
75;87;7;95;9
75;87;7;96;3
75;87;7;10123;1
75;87;7;10222;1
75;87;7;11111;1
75;87;7;11222;1
75;87;7;13123;4
75;87;7;13131;1
75;87;7;13333;34
75;87;7;13444;1
75;87;7;13456;79
75;87;7;13789;4
75;87;7;13999;1
75;87;7;15222;15
75;87;7;22000;1
75;87;7;22026;1
75;87;7;22221;3
75;87;7;22222;3
75;87;7;22777;2
75;87;7;22888;1
75;87;7;40000;11
75;87;7;40110;1
75;87;7;40111;3
75;87;7;40234;1
75;87;7;40456;12
75;87;7;40999;12
75;87;7;44444;2
75;87;7;45000;4
75;87;7;45111;2
75;87;7;45123;13
75;87;7;45190;2
75;87;7;45222;2
75;87;7;50555;1
75;87;7;77888;1
75;87;5;95;60
75;87;5;96;30
75;87;5;180;116
75;87;5;222;74
75;87;5;400;127
75;87;5;445;73
75;87;3;13;121
75;87;3;45;94
75;87;3;95;15
75;87;3;96;10
75;88;1;13;129
75;88;1;14;1
75;88;1;22;63
75;88;1;55;1
75;88;1;70;8
75;88;1;95;13
75;88;1;96;5
75;88;6;11;1
75;88;6;13;4
75;88;6;43;1
75;88;6;55;1
75;88;6;95;14
75;88;6;96;6
75;88;6;1010;1
75;88;6;1055;12
75;88;6;1111;9
75;88;6;1144;1
75;88;6;1212;1
75;88;6;1322;47
75;88;6;1331;1
75;88;6;1333;24
75;88;6;1399;1
75;88;6;1515;4
75;88;6;1555;4
75;88;6;1800;1
75;88;6;2222;18
75;88;6;2244;1
75;88;6;2277;1
75;88;6;2333;6
75;88;6;2555;30
75;88;6;4040;2
75;88;6;4055;3
75;88;6;4077;6
75;88;6;4343;4
75;88;6;4422;1
75;88;6;4445;3
75;88;6;4477;1
75;88;6;4511;1
75;88;6;5050;2
75;88;6;5533;7
75;88;6;5588;1
75;88;7;13;3
75;88;7;18;1
75;88;7;40;1
75;88;7;45;2
75;88;7;95;17
75;88;7;96;9
75;88;7;10100;1
75;88;7;10123;1
75;88;7;10333;3
75;88;7;10456;1
75;88;7;10678;3
75;88;7;11111;6
75;88;7;11222;2
75;88;7;13000;2
75;88;7;13111;16
75;88;7;13131;2
75;88;7;13258;1
75;88;7;13333;24
75;88;7;13444;1
75;88;7;13456;62
75;88;7;13789;2
75;88;7;13999;6
75;88;7;15222;8
75;88;7;22026;4
75;88;7;22221;2
75;88;7;22222;7
75;88;7;22999;1
75;88;7;25555;3
75;88;7;40000;1
75;88;7;40040;1
75;88;7;40456;6
75;88;7;40500;1
75;88;7;40999;4
75;88;7;43000;1
75;88;7;45111;1
75;88;7;45190;3
75;88;7;50050;1
75;88;7;50555;4
75;88;7;55333;5
75;88;7;55888;1
75;88;5;95;61
75;88;5;96;39
75;88;5;180;103
75;88;5;222;66
75;88;5;400;106
75;88;5;445;64
75;88;5;800;1
75;88;3;13;104
75;88;3;45;88
75;88;3;95;17
75;88;3;96;11
75;89;1;13;129
75;89;1;14;4
75;89;1;22;106
75;89;1;70;3
75;89;1;95;6
75;89;1;96;9
75;89;6;13;2
75;89;6;22;2
75;89;6;95;14
75;89;6;96;6
75;89;6;1010;1
75;89;6;1022;2
75;89;6;1055;4
75;89;6;1111;9
75;89;6;1322;38
75;89;6;1323;1
75;89;6;1333;31
75;89;6;1377;1
75;89;6;1399;3
75;89;6;1515;11
75;89;6;1555;2
75;89;6;1800;2
75;89;6;2099;1
75;89;6;2200;1
75;89;6;2222;29
75;89;6;2244;4
75;89;6;2288;4
75;89;6;2333;1
75;89;6;2555;34
75;89;6;4000;2
75;89;6;4020;4
75;89;6;4040;4
75;89;6;4044;2
75;89;6;4055;2
75;89;6;4077;9
75;89;6;4343;2
75;89;6;4422;1
75;89;6;4445;3
75;89;6;4466;1
75;89;6;4477;1
75;89;6;4555;1
75;89;6;5050;5
75;89;6;5077;2
75;89;6;5511;4
75;89;6;5533;8
75;89;6;5588;2
75;89;6;6565;1
75;89;7;11;1
75;89;7;12;1
75;89;7;13;1
75;89;7;16;1
75;89;7;18;1
75;89;7;40;1
75;89;7;95;18
75;89;7;96;6
75;89;7;10100;1
75;89;7;10111;1
75;89;7;10123;2
75;89;7;10333;1
75;89;7;10444;1
75;89;7;10678;1
75;89;7;11111;10
75;89;7;11222;1
75;89;7;11555;3
75;89;7;13000;2
75;89;7;13013;1
75;89;7;13111;5
75;89;7;13131;6
75;89;7;13132;2
75;89;7;13333;32
75;89;7;13444;3
75;89;7;13456;53
75;89;7;13777;1
75;89;7;13789;1
75;89;7;13999;4
75;89;7;15222;7
75;89;7;15333;1
75;89;7;22022;3
75;89;7;22026;11
75;89;7;22221;3
75;89;7;22222;3
75;89;7;22762;1
75;89;7;22777;1
75;89;7;22888;1
75;89;7;25555;2
75;89;7;33333;1
75;89;7;40000;17
75;89;7;40111;3
75;89;7;40333;5
75;89;7;40400;1
75;89;7;40456;12
75;89;7;40500;1
75;89;7;40789;1
75;89;7;40999;10
75;89;7;45000;1
75;89;7;45111;2
75;89;7;45190;3
75;89;7;45777;1
75;89;7;50050;2
75;89;7;50555;3
75;89;5;95;57
75;89;5;96;43
75;89;5;162;1
75;89;5;180;105
75;89;5;222;89
75;89;5;400;119
75;89;5;445;99
75;89;5;800;1
75;89;3;13;113
75;89;3;16;1
75;89;3;45;126
75;89;3;95;11
75;89;3;96;6
75;90;1;13;183
75;90;1;22;55
75;90;1;70;1
75;90;1;95;9
75;90;1;96;9
75;90;6;13;2
75;90;6;45;1
75;90;6;95;6
75;90;6;96;1
75;90;6;1022;1
75;90;6;1055;1
75;90;6;1111;35
75;90;6;1212;1
75;90;6;1301;1
75;90;6;1322;39
75;90;6;1323;3
75;90;6;1333;36
75;90;6;1399;1
75;90;6;1515;2
75;90;6;2222;5
75;90;6;2244;4
75;90;6;2333;2
75;90;6;2555;89
75;90;6;4077;3
75;90;6;4343;1
75;90;6;4444;2
75;90;6;4445;4
75;90;6;4455;1
75;90;6;4545;2
75;90;6;4555;4
75;90;6;5533;10
75;90;7;13;7
75;90;7;15;1
75;90;7;18;1
75;90;7;22;2
75;90;7;40;4
75;90;7;43;1
75;90;7;44;1
75;90;7;95;17
75;90;7;96;1
75;90;7;10100;4
75;90;7;10478;1
75;90;7;11111;48
75;90;7;13111;4
75;90;7;13123;1
75;90;7;13131;6
75;90;7;13222;6
75;90;7;13333;32
75;90;7;13456;75
75;90;7;13789;1
75;90;7;13999;2
75;90;7;15222;10
75;90;7;22221;1
75;90;7;22222;4
75;90;7;40000;3
75;90;7;40500;5
75;90;7;40999;4
75;90;7;44444;5
75;90;7;45111;4
75;90;7;45123;2
75;90;7;45190;2
75;90;7;50013;1
75;90;7;55333;1
75;90;5;95;64
75;90;5;96;49
75;90;5;180;141
75;90;5;222;56
75;90;5;300;1
75;90;5;400;143
75;90;5;445;59
75;90;5;800;1
75;90;3;13;171
75;90;3;45;68
75;90;3;95;8
75;90;3;96;10
75;91;1;13;115
75;91;1;14;2
75;91;1;22;90
75;91;1;55;1
75;91;1;70;9
75;91;1;95;14
75;91;1;96;5
75;91;6;11;1
75;91;6;13;1
75;91;6;22;1
75;91;6;40;2
75;91;6;95;7
75;91;6;96;3
75;91;6;1010;1
75;91;6;1055;3
75;91;6;1111;11
75;91;6;1144;1
75;91;6;1301;1
75;91;6;1322;31
75;91;6;1323;2
75;91;6;1331;3
75;91;6;1333;34
75;91;6;1399;1
75;91;6;1515;15
75;91;6;1555;2
75;91;6;1800;3
75;91;6;2026;1
75;91;6;2200;2
75;91;6;2222;28
75;91;6;2244;4
75;91;6;2288;3
75;91;6;2555;27
75;91;6;2580;1
75;91;6;4020;3
75;91;6;4040;2
75;91;6;4055;2
75;91;6;4077;8
75;91;6;4343;6
75;91;6;4445;10
75;91;6;4490;1
75;91;6;4555;2
75;91;6;5050;2
75;91;6;5511;2
75;91;6;5533;3
75;91;6;5555;2
75;91;6;5588;1
75;91;6;7788;2
75;91;7;13;3
75;91;7;15;1
75;91;7;22;1
75;91;7;40;4
75;91;7;44;3
75;91;7;95;10
75;91;7;96;4
75;91;7;10123;1
75;91;7;10333;2
75;91;7;10478;1
75;91;7;10678;5
75;91;7;11111;10
75;91;7;11222;1
75;91;7;13000;1
75;91;7;13123;1
75;91;7;13131;5
75;91;7;13258;1
75;91;7;13333;31
75;91;7;13444;5
75;91;7;13456;33
75;91;7;13789;1
75;91;7;13999;1
75;91;7;15222;2
75;91;7;15333;2
75;91;7;22000;1
75;91;7;22022;4
75;91;7;22026;9
75;91;7;22190;1
75;91;7;22221;2
75;91;7;22222;5
75;91;7;22888;2
75;91;7;25555;2
75;91;7;25888;1
75;91;7;40000;20
75;91;7;40111;4
75;91;7;40114;1
75;91;7;40200;1
75;91;7;40222;1
75;91;7;40333;3
75;91;7;40456;9
75;91;7;40500;1
75;91;7;40888;2
75;91;7;40999;11
75;91;7;44010;1
75;91;7;45000;1
75;91;7;45111;3
75;91;7;45123;1
75;91;7;45190;5
75;91;7;45777;2
75;91;7;45789;2
75;91;7;45888;1
75;91;7;50013;1
75;91;7;50555;3
75;91;7;55111;1
75;91;7;55555;2
75;91;7;77888;3
75;91;5;95;55
75;91;5;96;39
75;91;5;180;97
75;91;5;222;89
75;91;5;400;96
75;91;5;445;94
75;91;3;13;99
75;91;3;45;112
75;91;3;95;14
75;91;3;96;10
75;92;1;13;141
75;92;1;14;3
75;92;1;22;95
75;92;1;55;1
75;92;1;70;7
75;92;1;95;10
75;92;1;96;13
75;92;6;12;1
75;92;6;13;1
75;92;6;95;15
75;92;6;96;8
75;92;6;1010;2
75;92;6;1055;3
75;92;6;1111;43
75;92;6;1301;2
75;92;6;1313;1
75;92;6;1322;55
75;92;6;1331;3
75;92;6;1333;22
75;92;6;1515;4
75;92;6;1533;1
75;92;6;1555;4
75;92;6;1800;1
75;92;6;2200;4
75;92;6;2222;15
75;92;6;2233;2
75;92;6;2244;2
75;92;6;2288;4
75;92;6;2299;2
75;92;6;2333;1
75;92;6;2555;29
75;92;6;4020;1
75;92;6;4040;2
75;92;6;4077;3
75;92;6;4343;2
75;92;6;4444;1
75;92;6;4445;6
75;92;6;4455;2
75;92;6;4555;3
75;92;6;5099;1
75;92;6;5511;3
75;92;6;5533;17
75;92;6;5588;4
75;92;7;12;1
75;92;7;13;1
75;92;7;15;1
75;92;7;44;2
75;92;7;45;1
75;92;7;55;1
75;92;7;95;14
75;92;7;96;13
75;92;7;10100;1
75;92;7;10123;1
75;92;7;10222;3
75;92;7;10444;1
75;92;7;10678;1
75;92;7;11111;45
75;92;7;13000;3
75;92;7;13111;3
75;92;7;13123;1
75;92;7;13131;12
75;92;7;13333;21
75;92;7;13456;54
75;92;7;13789;2
75;92;7;13999;7
75;92;7;15222;15
75;92;7;15333;1
75;92;7;22022;3
75;92;7;22026;6
75;92;7;22221;1
75;92;7;22222;3
75;92;7;22322;1
75;92;7;22777;1
75;92;7;22888;2
75;92;7;25555;1
75;92;7;33333;2
75;92;7;40000;6
75;92;7;40111;2
75;92;7;40333;4
75;92;7;40456;5
75;92;7;40888;1
75;92;7;40999;9
75;92;7;43000;3
75;92;7;44789;2
75;92;7;45111;3
75;92;7;45190;7
75;92;7;45777;1
75;92;7;50013;1
75;92;7;55011;1
75;92;5;95;69
75;92;5;96;65
75;92;5;180;99
75;92;5;222;98
75;92;5;400;105
75;92;5;445;102
75;92;5;800;2
75;92;3;13;114
75;92;3;45;129
75;92;3;95;16
75;92;3;96;11
75;93;1;13;138
75;93;1;14;4
75;93;1;22;50
75;93;1;70;1
75;93;1;95;4
75;93;1;96;1
75;93;6;13;3
75;93;6;14;1
75;93;6;55;1
75;93;6;95;7
75;93;6;96;1
75;93;6;1055;1
75;93;6;1111;1
75;93;6;1122;1
75;93;6;1301;1
75;93;6;1322;72
75;93;6;1333;6
75;93;6;1515;1
75;93;6;2222;10
75;93;6;2234;1
75;93;6;2244;1
75;93;6;2255;1
75;93;6;2277;1
75;93;6;2555;40
75;93;6;4044;1
75;93;6;4077;23
75;93;6;4343;3
75;93;6;4477;1
75;93;6;4555;1
75;93;6;5050;1
75;93;6;5533;18
75;93;7;13;2
75;93;7;15;1
75;93;7;25;1
75;93;7;40;4
75;93;7;95;9
75;93;7;11111;3
75;93;7;11222;1
75;93;7;13000;1
75;93;7;13123;1
75;93;7;13131;8
75;93;7;13333;7
75;93;7;13456;101
75;93;7;15222;15
75;93;7;22222;5
75;93;7;22777;2
75;93;7;33333;1
75;93;7;40000;17
75;93;7;40111;1
75;93;7;40500;4
75;93;7;40700;1
75;93;7;40999;6
75;93;7;44321;2
75;93;7;45190;1
75;93;7;45888;1
75;93;7;50555;3
75;93;5;95;35
75;93;5;96;23
75;93;5;180;121
75;93;5;222;45
75;93;5;400;126
75;93;5;445;45
75;93;5;800;1
75;93;3;13;123
75;93;3;45;58
75;93;3;95;9
75;93;3;96;8
75;95;1;13;146
75;95;1;14;7
75;95;1;22;103
75;95;1;55;2
75;95;1;70;6
75;95;1;95;13
75;95;1;96;13
75;95;6;13;1
75;95;6;55;1
75;95;6;95;19
75;95;6;96;11
75;95;6;1111;6
75;95;6;1299;1
75;95;6;1300;1
75;95;6;1301;5
75;95;6;1322;38
75;95;6;1323;3
75;95;6;1331;1
75;95;6;1333;39
75;95;6;1414;2
75;95;6;1515;7
75;95;6;1555;3
75;95;6;1800;3
75;95;6;2026;2
75;95;6;2200;5
75;95;6;2211;1
75;95;6;2212;1
75;95;6;2222;31
75;95;6;2244;1
75;95;6;2270;1
75;95;6;2288;4
75;95;6;2333;2
75;95;6;2525;1
75;95;6;2555;45
75;95;6;2580;1
75;95;6;4000;1
75;95;6;4020;3
75;95;6;4040;7
75;95;6;4077;10
75;95;6;4343;4
75;95;6;4444;1
75;95;6;4445;3
75;95;6;4455;1
75;95;6;4545;3
75;95;6;4555;1
75;95;6;5050;5
75;95;6;5523;1
75;95;6;5533;12
75;95;6;5588;2
75;95;7;15;1
75;95;7;18;3
75;95;7;22;1
75;95;7;33;1
75;95;7;40;2
75;95;7;95;24
75;95;7;96;9
75;95;7;10222;1
75;95;7;10333;5
75;95;7;10678;2
75;95;7;11111;6
75;95;7;11222;1
75;95;7;11555;2
75;95;7;13000;3
75;95;7;13013;1
75;95;7;13123;3
75;95;7;13131;6
75;95;7;13132;1
75;95;7;13133;1
75;95;7;13222;4
75;95;7;13258;1
75;95;7;13333;37
75;95;7;13444;5
75;95;7;13456;52
75;95;7;13789;5
75;95;7;13999;3
75;95;7;15222;9
75;95;7;15333;1
75;95;7;22022;3
75;95;7;22026;15
75;95;7;22221;2
75;95;7;22222;7
75;95;7;22888;2
75;95;7;25555;2
75;95;7;33333;2
75;95;7;33999;1
75;95;7;40000;11
75;95;7;40111;1
75;95;7;40333;2
75;95;7;40456;9
75;95;7;40500;2
75;95;7;40774;1
75;95;7;40999;11
75;95;7;44321;2
75;95;7;44444;2
75;95;7;45000;1
75;95;7;45111;4
75;95;7;45123;4
75;95;7;45222;1
75;95;7;45777;2
75;95;7;45789;1
75;95;7;50013;3
75;95;7;50050;1
75;95;7;50555;4
75;95;7;55125;1
75;95;7;77589;1
75;95;7;77888;2
75;95;5;95;69
75;95;5;96;53
75;95;5;180;128
75;95;5;222;95
75;95;5;300;1
75;95;5;400;127
75;95;5;445;104
75;95;5;800;3
75;95;3;13;122
75;95;3;45;138
75;95;3;95;12
75;95;3;96;18
75;96;1;13;118
75;96;1;14;3
75;96;1;22;92
75;96;1;55;1
75;96;1;70;6
75;96;1;95;12
75;96;1;96;11
75;96;6;12;1
75;96;6;22;1
75;96;6;95;12
75;96;6;96;3
75;96;6;1010;3
75;96;6;1055;2
75;96;6;1111;6
75;96;6;1222;1
75;96;6;1301;4
75;96;6;1315;1
75;96;6;1322;24
75;96;6;1323;2
75;96;6;1331;1
75;96;6;1333;35
75;96;6;1399;1
75;96;6;1515;9
75;96;6;1555;3
75;96;6;1800;6
75;96;6;2026;2
75;96;6;2200;4
75;96;6;2222;22
75;96;6;2233;1
75;96;6;2244;2
75;96;6;2277;2
75;96;6;2288;4
75;96;6;2333;2
75;96;6;2555;34
75;96;6;4000;1
75;96;6;4020;1
75;96;6;4040;3
75;96;6;4077;11
75;96;6;4343;5
75;96;6;4444;1
75;96;6;4445;5
75;96;6;4455;1
75;96;6;4466;1
75;96;6;4490;1
75;96;6;4500;1
75;96;6;4555;2
75;96;6;4580;2
75;96;6;5050;5
75;96;6;5511;7
75;96;6;5533;8
75;96;7;12;2
75;96;7;13;3
75;96;7;18;3
75;96;7;40;1
75;96;7;44;4
75;96;7;45;1
75;96;7;95;12
75;96;7;96;5
75;96;7;10123;2
75;96;7;10478;1
75;96;7;10678;1
75;96;7;11111;10
75;96;7;13000;2
75;96;7;13013;1
75;96;7;13111;2
75;96;7;13123;3
75;96;7;13131;8
75;96;7;13133;2
75;96;7;13234;1
75;96;7;13333;37
75;96;7;13444;3
75;96;7;13456;34
75;96;7;13789;3
75;96;7;13999;2
75;96;7;15222;11
75;96;7;15333;2
75;96;7;20777;1
75;96;7;22022;2
75;96;7;22026;6
75;96;7;22190;1
75;96;7;22221;4
75;96;7;22222;2
75;96;7;22422;1
75;96;7;22777;1
75;96;7;22888;3
75;96;7;25555;6
75;96;7;33333;1
75;96;7;40000;18
75;96;7;40110;1
75;96;7;40111;3
75;96;7;40333;1
75;96;7;40444;1
75;96;7;40456;8
75;96;7;40500;2
75;96;7;40999;12
75;96;7;44444;1
75;96;7;45000;2
75;96;7;45111;2
75;96;7;45123;1
75;96;7;45190;1
75;96;7;50013;2
75;96;7;50123;1
75;96;7;50555;2
75;96;7;80000;1
75;96;5;95;56
75;96;5;96;50
75;96;5;180;97
75;96;5;222;86
75;96;5;400;107
75;96;5;445;90
75;96;3;13;100
75;96;3;45;113
75;96;3;95;14
75;96;3;96;16
75;97;1;13;152
75;97;1;22;66
75;97;1;55;1
75;97;1;70;4
75;97;1;95;4
75;97;1;96;4
75;97;6;12;1
75;97;6;13;1
75;97;6;15;1
75;97;6;40;1
75;97;6;44;1
75;97;6;95;6
75;97;6;96;2
75;97;6;1020;1
75;97;6;1055;1
75;97;6;1111;6
75;97;6;1222;1
75;97;6;1301;4
75;97;6;1322;19
75;97;6;1323;7
75;97;6;1331;2
75;97;6;1333;26
75;97;6;1515;24
75;97;6;1555;2
75;97;6;2211;10
75;97;6;2222;24
75;97;6;2244;6
75;97;6;2333;3
75;97;6;2555;26
75;97;6;4011;1
75;97;6;4020;14
75;97;6;4040;2
75;97;6;4055;2
75;97;6;4077;11
75;97;6;4343;4
75;97;6;4444;3
75;97;6;4445;1
75;97;6;4490;1
75;97;6;4511;1
75;97;6;4545;7
75;97;6;4555;3
75;97;6;5050;2
75;97;6;5511;1
75;97;6;5533;2
75;97;6;5588;1
75;97;7;12;2
75;97;7;13;1
75;97;7;18;3
75;97;7;22;2
75;97;7;40;4
75;97;7;44;1
75;97;7;45;2
75;97;7;95;13
75;97;7;96;2
75;97;7;10100;2
75;97;7;10222;1
75;97;7;10333;1
75;97;7;11111;7
75;97;7;11222;9
75;97;7;11555;1
75;97;7;13000;1
75;97;7;13123;3
75;97;7;13131;2
75;97;7;13333;31
75;97;7;13444;1
75;97;7;13456;30
75;97;7;13700;1
75;97;7;13789;1
75;97;7;13999;10
75;97;7;15222;1
75;97;7;22022;3
75;97;7;22026;2
75;97;7;22190;1
75;97;7;22222;7
75;97;7;22888;1
75;97;7;40000;2
75;97;7;40111;9
75;97;7;40222;1
75;97;7;40333;12
75;97;7;40456;16
75;97;7;40500;3
75;97;7;40555;1
75;97;7;40999;7
75;97;7;44444;3
75;97;7;45000;1
75;97;7;45111;8
75;97;7;45123;2
75;97;7;45190;1
75;97;7;45222;11
75;97;7;45645;1
75;97;7;45789;2
75;97;7;45800;1
75;97;7;50555;1
75;97;7;55333;1
75;97;7;55888;1
75;97;7;77589;1
75;97;5;95;50
75;97;5;96;40
75;97;5;162;1
75;97;5;180;104
75;97;5;222;72
75;97;5;400;109
75;97;5;445;86
75;97;3;13;112
75;97;3;45;100
75;97;3;95;7
75;97;3;96;12
75;98;1;13;121
75;98;1;14;1
75;98;1;22;54
75;98;1;70;2
75;98;1;95;10
75;98;1;96;6
75;98;6;11;1
75;98;6;12;1
75;98;6;13;3
75;98;6;55;1
75;98;6;95;14
75;98;6;96;2
75;98;6;1055;16
75;98;6;1111;2
75;98;6;1222;1
75;98;6;1301;5
75;98;6;1322;30
75;98;6;1323;1
75;98;6;1331;1
75;98;6;1333;20
75;98;6;1515;11
75;98;6;1555;3
75;98;6;2211;1
75;98;6;2222;16
75;98;6;2244;1
75;98;6;2333;5
75;98;6;2555;20
75;98;6;4020;6
75;98;6;4040;2
75;98;6;4077;7
75;98;6;4343;2
75;98;6;4422;1
75;98;6;4444;1
75;98;6;4445;2
75;98;6;4545;1
75;98;6;4555;10
75;98;6;5050;1
75;98;6;5511;1
75;98;6;5533;5
75;98;7;13;4
75;98;7;22;1
75;98;7;25;1
75;98;7;44;2
75;98;7;45;1
75;98;7;55;1
75;98;7;95;17
75;98;7;96;2
75;98;7;10100;7
75;98;7;11111;3
75;98;7;11222;1
75;98;7;13000;4
75;98;7;13013;1
75;98;7;13111;10
75;98;7;13123;6
75;98;7;13131;2
75;98;7;13133;2
75;98;7;13258;1
75;98;7;13333;23
75;98;7;13456;38
75;98;7;13789;6
75;98;7;13999;6
75;98;7;15222;5
75;98;7;22026;3
75;98;7;22221;1
75;98;7;22222;6
75;98;7;25555;1
75;98;7;25888;1
75;98;7;40000;4
75;98;7;40111;4
75;98;7;40333;7
75;98;7;40456;9
75;98;7;40500;2
75;98;7;40999;4
75;98;7;44444;1
75;98;7;45111;1
75;98;7;45123;1
75;98;7;45190;1
75;98;7;45222;1
75;98;7;45777;1
75;98;7;50555;1
75;98;7;55333;1
75;98;5;95;73
75;98;5;96;37
75;98;5;180;81
75;98;5;222;53
75;98;5;400;84
75;98;5;445;60
75;98;3;13;79
75;98;3;45;87
75;98;3;95;18
75;98;3;96;10
75;99;1;13;140
75;99;1;14;5
75;99;1;22;67
75;99;1;55;1
75;99;1;70;6
75;99;1;95;12
75;99;1;96;16
75;99;6;12;1
75;99;6;13;2
75;99;6;18;1
75;99;6;55;1
75;99;6;95;13
75;99;6;96;12
75;99;6;1055;1
75;99;6;1111;10
75;99;6;1301;3
75;99;6;1313;1
75;99;6;1322;36
75;99;6;1323;5
75;99;6;1331;1
75;99;6;1333;32
75;99;6;1399;2
75;99;6;1414;1
75;99;6;1515;11
75;99;6;1555;1
75;99;6;1800;1
75;99;6;2026;1
75;99;6;2222;10
75;99;6;2244;1
75;99;6;2252;1
75;99;6;2277;1
75;99;6;2288;2
75;99;6;2323;1
75;99;6;2333;2
75;99;6;2555;28
75;99;6;4020;1
75;99;6;4040;4
75;99;6;4077;14
75;99;6;4343;9
75;99;6;4422;2
75;99;6;4444;1
75;99;6;4445;3
75;99;6;4545;6
75;99;6;4555;5
75;99;6;5024;1
75;99;6;5050;6
75;99;6;5055;1
75;99;6;5511;2
75;99;6;5533;7
75;99;6;5555;1
75;99;6;5577;1
75;99;6;5588;1
75;99;7;13;2
75;99;7;18;1
75;99;7;22;1
75;99;7;40;3
75;99;7;43;1
75;99;7;44;1
75;99;7;95;14
75;99;7;96;15
75;99;7;10100;2
75;99;7;10123;1
75;99;7;10222;2
75;99;7;11111;11
75;99;7;11222;1
75;99;7;11555;3
75;99;7;13123;2
75;99;7;13131;5
75;99;7;13132;1
75;99;7;13222;11
75;99;7;13258;1
75;99;7;13333;35
75;99;7;13444;5
75;99;7;13456;39
75;99;7;13789;6
75;99;7;13999;4
75;99;7;15222;7
75;99;7;22026;7
75;99;7;22221;1
75;99;7;22222;5
75;99;7;22522;2
75;99;7;22777;1
75;99;7;22888;1
75;99;7;25555;2
75;99;7;33333;2
75;99;7;40000;9
75;99;7;40200;1
75;99;7;40333;1
75;99;7;40456;10
75;99;7;40500;1
75;99;7;40774;1
75;99;7;40999;8
75;99;7;44444;1
75;99;7;44777;1
75;99;7;45000;1
75;99;7;45111;1
75;99;7;45123;6
75;99;7;45190;1
75;99;7;45777;2
75;99;7;45800;1
75;99;7;45888;1
75;99;7;50013;1
75;99;7;50180;1
75;99;7;50555;3
75;99;7;55333;1
75;99;5;95;72
75;99;5;96;80
75;99;5;180;97
75;99;5;222;59
75;99;5;400;109
75;99;5;445;77
75;99;3;13;112
75;99;3;14;1
75;99;3;30;1
75;99;3;45;91
75;99;3;95;19
75;99;3;96;23
75;100;1;13;110
75;100;1;14;3
75;100;1;22;72
75;100;1;55;1
75;100;1;70;20
75;100;1;95;11
75;100;1;96;6
75;100;6;13;2
75;100;6;95;13
75;100;6;96;8
75;100;6;1055;22
75;100;6;1111;12
75;100;6;1234;1
75;100;6;1301;3
75;100;6;1322;42
75;100;6;1323;5
75;100;6;1333;21
75;100;6;1515;1
75;100;6;1555;3
75;100;6;2026;1
75;100;6;2200;3
75;100;6;2211;1
75;100;6;2222;21
75;100;6;2233;2
75;100;6;2244;1
75;100;6;2333;6
75;100;6;2555;18
75;100;6;4020;1
75;100;6;4040;4
75;100;6;4055;2
75;100;6;4077;11
75;100;6;4343;5
75;100;6;4444;1
75;100;6;4445;2
75;100;6;4555;1
75;100;6;5050;2
75;100;6;5533;4
75;100;6;5555;1
75;100;6;5588;3
75;100;7;12;1
75;100;7;13;2
75;100;7;18;2
75;100;7;40;3
75;100;7;44;1
75;100;7;95;17
75;100;7;96;8
75;100;7;10222;1
75;100;7;10444;1
75;100;7;10678;3
75;100;7;11111;10
75;100;7;11222;3
75;100;7;11456;1
75;100;7;13000;4
75;100;7;13013;1
75;100;7;13111;21
75;100;7;13123;3
75;100;7;13131;1
75;100;7;13258;2
75;100;7;13333;16
75;100;7;13444;1
75;100;7;13456;57
75;100;7;13789;1
75;100;7;13999;8
75;100;7;15222;5
75;100;7;22022;2
75;100;7;22026;6
75;100;7;22130;1
75;100;7;22221;4
75;100;7;22222;2
75;100;7;25555;2
75;100;7;40000;10
75;100;7;40333;1
75;100;7;40456;5
75;100;7;40888;1
75;100;7;40999;8
75;100;7;45111;1
75;100;7;45190;1
75;100;7;45222;1
75;100;7;45555;1
75;100;7;50555;2
75;100;7;55333;1
75;100;7;55555;1
75;100;5;95;65
75;100;5;96;54
75;100;5;180;84
75;100;5;222;73
75;100;5;300;1
75;100;5;400;92
75;100;5;445;75
75;100;5;800;2
75;100;3;13;87
75;100;3;45;110
75;100;3;95;18
75;100;3;96;8
75;101;1;13;148
75;101;1;14;4
75;101;1;22;92
75;101;1;27;1
75;101;1;55;1
75;101;1;70;10
75;101;1;95;6
75;101;1;96;9
75;101;6;13;1
75;101;6;20;1
75;101;6;22;1
75;101;6;95;14
75;101;6;96;8
75;101;6;1010;3
75;101;6;1055;6
75;101;6;1111;8
75;101;6;1144;1
75;101;6;1322;52
75;101;6;1323;2
75;101;6;1331;4
75;101;6;1333;28
75;101;6;1399;1
75;101;6;1515;9
75;101;6;1800;2
75;101;6;2026;1
75;101;6;2200;2
75;101;6;2222;29
75;101;6;2233;2
75;101;6;2244;3
75;101;6;2252;1
75;101;6;2277;1
75;101;6;2333;1
75;101;6;2525;2
75;101;6;2555;34
75;101;6;2580;1
75;101;6;4020;2
75;101;6;4040;3
75;101;6;4055;4
75;101;6;4077;11
75;101;6;4343;6
75;101;6;4404;1
75;101;6;4445;2
75;101;6;4477;2
75;101;6;4545;2
75;101;6;4555;3
75;101;6;5024;1
75;101;6;5050;4
75;101;6;5055;1
75;101;6;5511;4
75;101;6;5533;4
75;101;6;5588;3
75;101;7;18;2
75;101;7;40;3
75;101;7;44;2
75;101;7;50;1
75;101;7;95;12
75;101;7;96;11
75;101;7;10100;1
75;101;7;10123;3
75;101;7;11111;11
75;101;7;11555;1
75;101;7;13111;5
75;101;7;13131;6
75;101;7;13132;1
75;101;7;13222;3
75;101;7;13333;34
75;101;7;13444;1
75;101;7;13456;56
75;101;7;13789;4
75;101;7;13999;6
75;101;7;15222;7
75;101;7;22022;2
75;101;7;22026;13
75;101;7;22190;1
75;101;7;22221;5
75;101;7;22222;6
75;101;7;22522;1
75;101;7;22777;2
75;101;7;25555;2
75;101;7;33456;2
75;101;7;40000;24
75;101;7;40111;3
75;101;7;40333;2
75;101;7;40400;1
75;101;7;40456;7
75;101;7;40555;1
75;101;7;40600;1
75;101;7;40777;1
75;101;7;40999;5
75;101;7;45000;1
75;101;7;45111;4
75;101;7;45123;3
75;101;7;45190;1
75;101;7;45777;6
75;101;7;45800;1
75;101;7;45999;2
75;101;7;50555;1
75;101;7;55111;1
75;101;7;55125;1
75;101;7;55777;1
75;101;5;95;55
75;101;5;96;61
75;101;5;162;1
75;101;5;180;122
75;101;5;222;84
75;101;5;290;1
75;101;5;400;128
75;101;5;445;89
75;101;5;800;1
75;101;3;13;132
75;101;3;14;2
75;101;3;16;1
75;101;3;45;116
75;101;3;95;10
75;101;3;96;10
75;103;1;13;116
75;103;1;14;4
75;103;1;22;41
75;103;1;70;3
75;103;1;80;1
75;103;1;95;5
75;103;1;96;9
75;103;6;12;1
75;103;6;95;5
75;103;6;96;7
75;103;6;1055;8
75;103;6;1111;6
75;103;6;1313;1
75;103;6;1322;42
75;103;6;1323;2
75;103;6;1333;16
75;103;6;1399;2
75;103;6;1500;1
75;103;6;1515;3
75;103;6;1555;1
75;103;6;2222;6
75;103;6;2244;1
75;103;6;2555;23
75;103;6;4040;3
75;103;6;4077;18
75;103;6;4343;2
75;103;6;4422;4
75;103;6;4445;3
75;103;6;4555;5
75;103;6;5050;1
75;103;6;5533;16
75;103;6;5555;2
75;103;7;13;3
75;103;7;18;1
75;103;7;22;1
75;103;7;25;1
75;103;7;40;3
75;103;7;95;4
75;103;7;96;9
75;103;7;11111;7
75;103;7;11222;3
75;103;7;13000;1
75;103;7;13111;9
75;103;7;13113;1
75;103;7;13131;3
75;103;7;13222;1
75;103;7;13333;14
75;103;7;13444;1
75;103;7;13456;51
75;103;7;13777;3
75;103;7;13888;1
75;103;7;15000;1
75;103;7;15222;16
75;103;7;22022;2
75;103;7;22026;2
75;103;7;22221;1
75;103;7;22444;1
75;103;7;25555;1
75;103;7;30100;1
75;103;7;40000;8
75;103;7;40500;1
75;103;7;40999;16
75;103;7;45111;1
75;103;7;45190;1
75;103;7;45411;1
75;103;7;45888;1
75;103;7;50013;3
75;103;7;50555;2
75;103;7;55000;1
75;103;7;55555;2
75;103;5;95;39
75;103;5;96;51
75;103;5;180;93
75;103;5;222;28
75;103;5;400;96
75;103;5;445;49
75;103;5;800;2
75;103;3;13;98
75;103;3;30;1
75;103;3;45;54
75;103;3;95;9
75;103;3;96;17
75;106;1;13;172
75;106;1;14;3
75;106;1;22;78
75;106;1;70;8
75;106;1;95;10
75;106;1;96;13
75;106;6;13;5
75;106;6;25;1
75;106;6;95;11
75;106;6;96;6
75;106;6;1055;3
75;106;6;1111;8
75;106;6;1301;5
75;106;6;1322;36
75;106;6;1323;3
75;106;6;1331;1
75;106;6;1333;54
75;106;6;1399;3
75;106;6;1515;2
75;106;6;1555;1
75;106;6;1800;5
75;106;6;2026;1
75;106;6;2200;5
75;106;6;2211;2
75;106;6;2222;14
75;106;6;2244;3
75;106;6;2255;1
75;106;6;2277;1
75;106;6;2288;5
75;106;6;2333;2
75;106;6;2555;47
75;106;6;4020;4
75;106;6;4040;3
75;106;6;4055;2
75;106;6;4077;16
75;106;6;4343;2
75;106;6;4422;2
75;106;6;4444;1
75;106;6;4445;2
75;106;6;4490;1
75;106;6;4545;2
75;106;6;4555;2
75;106;6;5050;3
75;106;6;5077;1
75;106;6;5511;2
75;106;6;5533;15
75;106;6;7788;1
75;106;7;11;1
75;106;7;13;3
75;106;7;18;1
75;106;7;22;1
75;106;7;25;1
75;106;7;40;2
75;106;7;44;1
75;106;7;95;15
75;106;7;96;10
75;106;7;10100;1
75;106;7;10222;1
75;106;7;10333;2
75;106;7;10678;3
75;106;7;11111;9
75;106;7;11555;1
75;106;7;13111;1
75;106;7;13113;1
75;106;7;13123;3
75;106;7;13131;6
75;106;7;13222;1
75;106;7;13234;1
75;106;7;13258;1
75;106;7;13333;53
75;106;7;13444;2
75;106;7;13456;56
75;106;7;13999;3
75;106;7;15222;15
75;106;7;22022;3
75;106;7;22026;5
75;106;7;22221;1
75;106;7;22222;4
75;106;7;22777;1
75;106;7;22888;4
75;106;7;25555;3
75;106;7;40000;15
75;106;7;40111;3
75;106;7;40222;1
75;106;7;40234;1
75;106;7;40333;3
75;106;7;40456;8
75;106;7;40999;13
75;106;7;43000;1
75;106;7;44444;1
75;106;7;45111;4
75;106;7;45123;3
75;106;7;45190;1
75;106;7;45222;2
75;106;7;45456;1
75;106;7;45777;3
75;106;7;45999;1
75;106;7;50013;1
75;106;7;50555;1
75;106;7;55125;2
75;106;7;55888;1
75;106;7;77888;2
75;106;5;95;66
75;106;5;96;59
75;106;5;180;140
75;106;5;222;75
75;106;5;290;1
75;106;5;400;149
75;106;5;445;77
75;106;5;800;1
75;106;3;13;142
75;106;3;14;1
75;106;3;45;109
75;106;3;95;14
75;106;3;96;18
75;109;1;13;145
75;109;1;14;2
75;109;1;22;80
75;109;1;70;3
75;109;1;95;8
75;109;1;96;7
75;109;6;12;1
75;109;6;13;1
75;109;6;15;1
75;109;6;95;5
75;109;6;96;2
75;109;6;1055;2
75;109;6;1111;2
75;109;6;1301;2
75;109;6;1322;32
75;109;6;1323;1
75;109;6;1333;18
75;109;6;1515;47
75;109;6;2026;2
75;109;6;2222;17
75;109;6;2244;2
75;109;6;2255;1
75;109;6;2555;82
75;109;6;4020;1
75;109;6;4040;2
75;109;6;4055;1
75;109;6;4077;6
75;109;6;4343;1
75;109;6;4422;2
75;109;6;4444;1
75;109;6;4445;1
75;109;6;4477;1
75;109;6;4490;1
75;109;6;4545;1
75;109;6;4555;2
75;109;6;5511;2
75;109;6;5533;5
75;109;7;13;4
75;109;7;15;2
75;109;7;18;1
75;109;7;22;2
75;109;7;25;2
75;109;7;40;1
75;109;7;95;7
75;109;7;96;6
75;109;7;10100;2
75;109;7;10222;1
75;109;7;10444;2
75;109;7;11111;5
75;109;7;11222;2
75;109;7;13111;5
75;109;7;13123;2
75;109;7;13333;24
75;109;7;13456;92
75;109;7;13789;5
75;109;7;13999;1
75;109;7;15222;6
75;109;7;22022;4
75;109;7;22026;1
75;109;7;22221;1
75;109;7;22222;5
75;109;7;25888;6
75;109;7;40000;16
75;109;7;40111;14
75;109;7;40333;1
75;109;7;40456;6
75;109;7;40555;1
75;109;7;40999;5
75;109;7;44444;5
75;109;7;45111;2
75;109;7;45123;2
75;109;7;45190;2
75;109;7;45777;1
75;109;7;50555;1
75;109;5;95;50
75;109;5;96;38
75;109;5;180;111
75;109;5;222;80
75;109;5;400;123
75;109;5;445;88
75;109;3;13;112
75;109;3;45;113
75;109;3;95;10
75;109;3;96;10
75;110;1;13;137
75;110;1;14;4
75;110;1;22;75
75;110;1;70;12
75;110;1;95;11
75;110;1;96;5
75;110;6;13;2
75;110;6;95;13
75;110;6;96;6
75;110;6;1055;1
75;110;6;1111;3
75;110;6;1301;4
75;110;6;1313;1
75;110;6;1322;27
75;110;6;1323;8
75;110;6;1333;32
75;110;6;1515;9
75;110;6;1555;3
75;110;6;2222;19
75;110;6;2244;1
75;110;6;2288;3
75;110;6;2333;3
75;110;6;2555;27
75;110;6;4001;1
75;110;6;4020;7
75;110;6;4040;3
75;110;6;4055;1
75;110;6;4077;5
75;110;6;4343;4
75;110;6;4444;3
75;110;6;4445;10
75;110;6;4545;7
75;110;6;4555;3
75;110;6;5050;4
75;110;6;5511;1
75;110;6;5533;32
75;110;6;5588;1
75;110;7;13;3
75;110;7;15;1
75;110;7;18;1
75;110;7;22;1
75;110;7;40;2
75;110;7;44;1
75;110;7;95;14
75;110;7;96;10
75;110;7;10123;1
75;110;7;10222;1
75;110;7;11111;3
75;110;7;11222;1
75;110;7;13000;4
75;110;7;13013;1
75;110;7;13111;3
75;110;7;13123;2
75;110;7;13220;1
75;110;7;13222;6
75;110;7;13333;27
75;110;7;13456;33
75;110;7;13789;7
75;110;7;13999;5
75;110;7;15222;33
75;110;7;15333;1
75;110;7;22026;7
75;110;7;22221;3
75;110;7;22222;5
75;110;7;22888;2
75;110;7;25555;3
75;110;7;33333;1
75;110;7;40000;8
75;110;7;40111;1
75;110;7;40222;1
75;110;7;40333;6
75;110;7;40456;8
75;110;7;40555;1
75;110;7;40888;2
75;110;7;40999;8
75;110;7;44321;1
75;110;7;44444;2
75;110;7;45111;2
75;110;7;45123;6
75;110;7;45190;3
75;110;7;45777;9
75;110;7;45789;1
75;110;7;50555;2
75;110;5;95;97
75;110;5;96;66
75;110;5;180;83
75;110;5;222;78
75;110;5;400;87
75;110;5;445;76
75;110;5;800;1
75;110;3;13;98
75;110;3;16;1
75;110;3;45;115
75;110;3;95;15
75;110;3;96;15
75;111;1;13;151
75;111;1;14;1
75;111;1;22;91
75;111;1;55;1
75;111;1;70;9
75;111;1;95;11
75;111;1;96;5
75;111;6;12;2
75;111;6;15;1
75;111;6;50;1
75;111;6;95;13
75;111;6;96;5
75;111;6;1055;4
75;111;6;1111;39
75;111;6;1301;1
75;111;6;1313;1
75;111;6;1322;52
75;111;6;1323;1
75;111;6;1331;4
75;111;6;1333;25
75;111;6;1377;1
75;111;6;1399;1
75;111;6;1515;5
75;111;6;1522;1
75;111;6;1555;2
75;111;6;2200;1
75;111;6;2222;19
75;111;6;2233;3
75;111;6;2244;1
75;111;6;2288;1
75;111;6;2299;1
75;111;6;2525;1
75;111;6;2555;16
75;111;6;4020;9
75;111;6;4040;1
75;111;6;4077;8
75;111;6;4422;4
75;111;6;4445;18
75;111;6;4545;1
75;111;6;4555;2
75;111;6;5050;4
75;111;6;5511;4
75;111;6;5533;15
75;111;6;5588;1
75;111;7;10;1
75;111;7;13;3
75;111;7;15;1
75;111;7;22;1
75;111;7;40;5
75;111;7;44;1
75;111;7;45;1
75;111;7;50;1
75;111;7;95;18
75;111;7;96;4
75;111;7;10100;1
75;111;7;10123;1
75;111;7;10222;1
75;111;7;10678;1
75;111;7;11111;42
75;111;7;11222;1
75;111;7;13000;1
75;111;7;13111;3
75;111;7;13113;1
75;111;7;13123;2
75;111;7;13131;15
75;111;7;13180;1
75;111;7;13222;1
75;111;7;13333;27
75;111;7;13456;47
75;111;7;13789;1
75;111;7;13999;4
75;111;7;15222;14
75;111;7;22022;1
75;111;7;22026;3
75;111;7;22221;2
75;111;7;22222;11
75;111;7;25555;1
75;111;7;33333;1
75;111;7;33456;1
75;111;7;40000;5
75;111;7;40111;2
75;111;7;40333;9
75;111;7;40456;5
75;111;7;40888;1
75;111;7;40999;8
75;111;7;43000;1
75;111;7;45111;1
75;111;7;45123;1
75;111;7;45190;13
75;111;7;50050;1
75;111;7;50555;1
75;111;7;55011;1
75;111;5;95;78
75;111;5;96;49
75;111;5;180;102
75;111;5;222;94
75;111;5;300;1
75;111;5;400;112
75;111;5;445;100
75;111;5;800;2
75;111;3;13;114
75;111;3;45;127
75;111;3;95;15
75;111;3;96;13
75;112;1;13;127
75;112;1;14;3
75;112;1;16;1
75;112;1;22;71
75;112;1;27;1
75;112;1;55;2
75;112;1;70;4
75;112;1;95;13
75;112;1;96;9
75;112;6;11;1
75;112;6;13;2
75;112;6;15;1
75;112;6;25;1
75;112;6;45;1
75;112;6;95;15
75;112;6;96;5
75;112;6;1010;1
75;112;6;1022;2
75;112;6;1055;4
75;112;6;1111;3
75;112;6;1144;2
75;112;6;1300;2
75;112;6;1301;2
75;112;6;1313;1
75;112;6;1315;1
75;112;6;1322;32
75;112;6;1323;2
75;112;6;1331;4
75;112;6;1333;22
75;112;6;1377;1
75;112;6;1399;1
75;112;6;1515;6
75;112;6;1555;2
75;112;6;2026;2
75;112;6;2200;2
75;112;6;2211;1
75;112;6;2222;22
75;112;6;2244;1
75;112;6;2288;2
75;112;6;2333;1
75;112;6;2555;32
75;112;6;4000;1
75;112;6;4001;1
75;112;6;4020;1
75;112;6;4040;5
75;112;6;4077;9
75;112;6;4343;2
75;112;6;4410;1
75;112;6;4422;2
75;112;6;4444;2
75;112;6;4445;3
75;112;6;4490;2
75;112;6;4545;3
75;112;6;4555;5
75;112;6;5000;1
75;112;6;5050;2
75;112;6;5511;4
75;112;6;5533;7
75;112;6;5588;1
75;112;6;7788;2
75;112;7;13;2
75;112;7;18;1
75;112;7;95;16
75;112;7;96;6
75;112;7;10100;2
75;112;7;10123;1
75;112;7;10333;2
75;112;7;10678;1
75;112;7;11111;5
75;112;7;11222;3
75;112;7;11555;2
75;112;7;13000;3
75;112;7;13013;1
75;112;7;13111;1
75;112;7;13113;2
75;112;7;13123;2
75;112;7;13131;2
75;112;7;13180;1
75;112;7;13222;3
75;112;7;13333;21
75;112;7;13444;2
75;112;7;13456;44
75;112;7;13789;3
75;112;7;13999;4
75;112;7;15222;8
75;112;7;15333;1
75;112;7;22022;4
75;112;7;22026;6
75;112;7;22190;1
75;112;7;22221;4
75;112;7;22222;2
75;112;7;22580;1
75;112;7;22777;1
75;112;7;22888;1
75;112;7;25555;4
75;112;7;25888;1
75;112;7;33333;2
75;112;7;40000;14
75;112;7;40222;1
75;112;7;40234;1
75;112;7;40333;1
75;112;7;40456;14
75;112;7;40999;10
75;112;7;44321;1
75;112;7;44444;2
75;112;7;45111;1
75;112;7;45123;2
75;112;7;45190;4
75;112;7;45222;2
75;112;7;45411;1
75;112;7;45633;1
75;112;7;45777;3
75;112;7;45789;1
75;112;7;50013;1
75;112;7;50050;1
75;112;7;50555;1
75;112;7;55333;1
75;112;7;55555;1
75;112;7;77888;1
75;112;5;95;72
75;112;5;96;38
75;112;5;180;101
75;112;5;222;67
75;112;5;400;108
75;112;5;445;76
75;112;3;13;109
75;112;3;45;98
75;112;3;95;13
75;112;3;96;11
75;114;1;13;118
75;114;1;14;4
75;114;1;22;74
75;114;1;55;1
75;114;1;70;2
75;114;1;95;21
75;114;1;96;22
75;114;6;11;1
75;114;6;12;1
75;114;6;13;2
75;114;6;14;1
75;114;6;95;17
75;114;6;96;17
75;114;6;1010;2
75;114;6;1111;4
75;114;6;1256;1
75;114;6;1322;32
75;114;6;1323;3
75;114;6;1331;3
75;114;6;1333;27
75;114;6;1399;1
75;114;6;1515;5
75;114;6;1555;1
75;114;6;1800;2
75;114;6;2211;1
75;114;6;2222;21
75;114;6;2244;3
75;114;6;2255;1
75;114;6;2288;4
75;114;6;2555;27
75;114;6;4001;1
75;114;6;4020;1
75;114;6;4040;1
75;114;6;4077;7
75;114;6;4343;6
75;114;6;4410;1
75;114;6;4422;3
75;114;6;4444;1
75;114;6;4445;4
75;114;6;4477;1
75;114;6;4545;4
75;114;6;4555;8
75;114;6;5050;6
75;114;6;5511;3
75;114;6;5533;13
75;114;6;5555;1
75;114;6;5588;2
75;114;6;7788;1
75;114;6;8080;1
75;114;7;13;2
75;114;7;15;1
75;114;7;22;1
75;114;7;40;1
75;114;7;44;1
75;114;7;95;18
75;114;7;96;26
75;114;7;10100;3
75;114;7;10123;1
75;114;7;10222;1
75;114;7;10444;1
75;114;7;10678;1
75;114;7;11111;5
75;114;7;11555;1
75;114;7;13000;3
75;114;7;13123;1
75;114;7;13131;5
75;114;7;13222;6
75;114;7;13333;28
75;114;7;13444;2
75;114;7;13456;31
75;114;7;13789;5
75;114;7;13999;2
75;114;7;15222;15
75;114;7;15333;1
75;114;7;22000;1
75;114;7;22022;4
75;114;7;22026;5
75;114;7;22190;1
75;114;7;22221;3
75;114;7;22222;4
75;114;7;22777;2
75;114;7;22888;2
75;114;7;40000;9
75;114;7;40200;3
75;114;7;40234;1
75;114;7;40333;3
75;114;7;40456;13
75;114;7;40999;8
75;114;7;44321;1
75;114;7;44444;1
75;114;7;44455;1
75;114;7;45000;1
75;114;7;45111;3
75;114;7;45123;3
75;114;7;45190;1
75;114;7;45222;1
75;114;7;45777;1
75;114;7;50013;1
75;114;7;50555;4
75;114;7;55333;1
75;114;7;77888;2
75;114;5;95;81
75;114;5;96;77
75;114;5;180;85
75;114;5;222;69
75;114;5;300;1
75;114;5;400;94
75;114;5;445;77
75;114;3;13;100
75;114;3;14;1
75;114;3;45;100
75;114;3;95;17
75;114;3;96;24
75;115;1;13;121
75;115;1;14;2
75;115;1;21;1
75;115;1;22;61
75;115;1;70;5
75;115;1;95;3
75;115;1;96;6
75;115;6;12;1
75;115;6;13;1
75;115;6;40;1
75;115;6;95;4
75;115;6;96;2
75;115;6;1022;2
75;115;6;1055;2
75;115;6;1111;6
75;115;6;1313;1
75;115;6;1322;44
75;115;6;1323;34
75;115;6;1333;36
75;115;6;1377;1
75;115;6;1414;1
75;115;6;1515;5
75;115;6;1555;5
75;115;6;2222;11
75;115;6;2555;10
75;115;6;4020;1
75;115;6;4040;2
75;115;6;4055;4
75;115;6;4077;6
75;115;6;4343;3
75;115;6;4445;5
75;115;6;4490;1
75;115;6;4545;2
75;115;6;5013;1
75;115;6;5050;3
75;115;6;5533;3
75;115;6;7788;1
75;115;7;12;1
75;115;7;13;2
75;115;7;40;1
75;115;7;44;1
75;115;7;95;6
75;115;7;96;6
75;115;7;10333;1
75;115;7;10777;2
75;115;7;11111;6
75;115;7;11222;2
75;115;7;13013;1
75;115;7;13111;1
75;115;7;13123;3
75;115;7;13131;2
75;115;7;13333;37
75;115;7;13444;1
75;115;7;13456;65
75;115;7;13789;4
75;115;7;15222;3
75;115;7;15333;2
75;115;7;22026;1
75;115;7;22221;1
75;115;7;22222;4
75;115;7;25555;2
75;115;7;25888;6
75;115;7;40000;3
75;115;7;40100;2
75;115;7;40111;4
75;115;7;40333;1
75;115;7;40456;8
75;115;7;40500;3
75;115;7;40555;1
75;115;7;40777;1
75;115;7;40999;6
75;115;7;45111;1
75;115;7;45123;2
75;115;7;45190;1
75;115;7;45800;1
75;115;7;50500;1
75;115;7;55011;1
75;115;7;55333;2
75;115;5;95;23
75;115;5;96;35
75;115;5;180;110
75;115;5;222;54
75;115;5;400;108
75;115;5;445;67
75;115;5;800;1
75;115;3;13;98
75;115;3;14;1
75;115;3;45;86
75;115;3;95;6
75;115;3;96;8
75;118;1;13;102
75;118;1;14;7
75;118;1;22;63
75;118;1;55;2
75;118;1;70;1
75;118;1;95;4
75;118;1;96;6
75;118;6;12;1
75;118;6;44;1
75;118;6;95;7
75;118;6;96;2
75;118;6;1055;16
75;118;6;1111;2
75;118;6;1234;1
75;118;6;1311;1
75;118;6;1313;1
75;118;6;1322;34
75;118;6;1323;4
75;118;6;1333;16
75;118;6;1414;1
75;118;6;1515;5
75;118;6;2026;1
75;118;6;2211;2
75;118;6;2222;11
75;118;6;2333;1
75;118;6;2518;1
75;118;6;2555;46
75;118;6;4040;2
75;118;6;4044;1
75;118;6;4077;6
75;118;6;4343;2
75;118;6;4445;4
75;118;6;4545;1
75;118;6;4555;7
75;118;6;5050;1
75;118;6;5511;1
75;118;6;5533;5
75;118;6;5588;1
75;118;7;11;1
75;118;7;13;3
75;118;7;40;5
75;118;7;44;2
75;118;7;95;11
75;118;7;96;1
75;118;7;10100;1
75;118;7;10234;1
75;118;7;10333;1
75;118;7;11111;4
75;118;7;13000;1
75;118;7;13111;19
75;118;7;13123;1
75;118;7;13132;1
75;118;7;13180;1
75;118;7;13333;17
75;118;7;13444;2
75;118;7;13456;45
75;118;7;13789;1
75;118;7;13999;1
75;118;7;15222;4
75;118;7;22026;1
75;118;7;22222;8
75;118;7;25888;1
75;118;7;33333;8
75;118;7;40000;12
75;118;7;40111;1
75;118;7;40456;7
75;118;7;40500;6
75;118;7;40999;3
75;118;7;45000;2
75;118;7;45190;4
75;118;7;45222;2
75;118;7;45555;1
75;118;7;45789;1
75;118;7;50555;4
75;118;7;55111;1
75;118;5;95;44
75;118;5;96;33
75;118;5;180;70
75;118;5;222;62
75;118;5;400;84
75;118;5;445;77
75;118;3;13;84
75;118;3;14;1
75;118;3;45;83
75;118;3;95;6
75;118;3;96;11
75;119;1;13;217
75;119;1;14;3
75;119;1;22;46
75;119;1;55;3
75;119;1;70;6
75;119;1;95;8
75;119;1;96;9
75;119;6;12;1
75;119;6;13;2
75;119;6;15;1
75;119;6;23;1
75;119;6;40;1
75;119;6;43;1
75;119;6;50;1
75;119;6;95;7
75;119;6;96;7
75;119;6;1011;1
75;119;6;1111;20
75;119;6;1233;1
75;119;6;1313;1
75;119;6;1322;22
75;119;6;1323;38
75;119;6;1331;3
75;119;6;1333;36
75;119;6;1414;1
75;119;6;1515;18
75;119;6;1555;4
75;119;6;1800;1
75;119;6;2200;1
75;119;6;2222;7
75;119;6;2277;17
75;119;6;2333;2
75;119;6;2555;30
75;119;6;4000;1
75;119;6;4020;9
75;119;6;4077;24
75;119;6;4343;11
75;119;6;4444;1
75;119;6;4445;2
75;119;6;4490;1
75;119;6;4545;3
75;119;6;4555;8
75;119;6;5533;4
75;119;6;5588;3
75;119;7;11;1
75;119;7;13;3
75;119;7;15;1
75;119;7;18;3
75;119;7;22;5
75;119;7;40;7
75;119;7;43;1
75;119;7;44;1
75;119;7;95;12
75;119;7;96;9
75;119;7;10100;8
75;119;7;10333;1
75;119;7;11111;19
75;119;7;11555;1
75;119;7;11777;1
75;119;7;13000;4
75;119;7;13123;3
75;119;7;13131;4
75;119;7;13333;31
75;119;7;13456;51
75;119;7;13789;12
75;119;7;13999;6
75;119;7;15222;6
75;119;7;22022;1
75;119;7;22190;1
75;119;7;22221;1
75;119;7;22222;2
75;119;7;22777;14
75;119;7;25888;2
75;119;7;40000;3
75;119;7;40111;2
75;119;7;40200;2
75;119;7;40333;10
75;119;7;40456;22
75;119;7;40999;35
75;119;7;44444;1
75;119;7;44777;1
75;119;7;45123;1
75;119;7;45190;2
75;119;7;50050;2
75;119;5;95;75
75;119;5;96;69
75;119;5;180;168
75;119;5;222;53
75;119;5;300;1
75;119;5;400;173
75;119;5;445;45
75;119;3;13;182
75;119;3;14;1
75;119;3;16;1
75;119;3;45;69
75;119;3;95;17
75;119;3;96;22
75;120;1;13;126
75;120;1;14;2
75;120;1;22;98
75;120;1;30;1
75;120;1;70;11
75;120;1;95;14
75;120;1;96;9
75;120;6;44;2
75;120;6;45;1
75;120;6;95;13
75;120;6;96;3
75;120;6;1055;5
75;120;6;1111;3
75;120;6;1122;1
75;120;6;1222;1
75;120;6;1255;1
75;120;6;1311;1
75;120;6;1314;1
75;120;6;1322;40
75;120;6;1333;81
75;120;6;1511;1
75;120;6;1515;1
75;120;6;1555;2
75;120;6;2200;2
75;120;6;2222;18
75;120;6;2244;1
75;120;6;2555;12
75;120;6;4001;1
75;120;6;4020;17
75;120;6;4055;2
75;120;6;4077;9
75;120;6;4444;1
75;120;6;4445;3
75;120;6;4545;8
75;120;6;4555;1
75;120;6;5522;1
75;120;6;5533;27
75;120;6;5588;1
75;120;7;13;4
75;120;7;18;1
75;120;7;40;1
75;120;7;44;4
75;120;7;95;20
75;120;7;96;4
75;120;7;10333;1
75;120;7;11111;4
75;120;7;11222;5
75;120;7;13000;3
75;120;7;13113;2
75;120;7;13131;4
75;120;7;13333;72
75;120;7;13456;52
75;120;7;13999;1
75;120;7;15222;25
75;120;7;22022;4
75;120;7;22221;4
75;120;7;22222;3
75;120;7;22722;1
75;120;7;40000;10
75;120;7;40333;16
75;120;7;40456;1
75;120;7;40500;2
75;120;7;40999;1
75;120;7;44111;2
75;120;7;44141;1
75;120;7;45111;1
75;120;7;45123;8
75;120;7;45190;3
75;120;7;45422;1
75;120;5;95;101
75;120;5;96;60
75;120;5;162;1
75;120;5;180;95
75;120;5;222;81
75;120;5;300;1
75;120;5;400;96
75;120;5;445;87
75;120;3;13;100
75;120;3;45;127
75;120;3;95;22
75;120;3;96;12
75;121;1;13;161
75;121;1;14;3
75;121;1;22;72
75;121;1;30;1
75;121;1;55;1
75;121;1;70;4
75;121;1;95;19
75;121;1;96;16
75;121;6;13;3
75;121;6;22;1
75;121;6;40;2
75;121;6;43;1
75;121;6;45;1
75;121;6;95;26
75;121;6;96;21
75;121;6;1111;6
75;121;6;1301;3
75;121;6;1322;33
75;121;6;1323;1
75;121;6;1331;2
75;121;6;1333;28
75;121;6;1515;15
75;121;6;1555;3
75;121;6;2222;21
75;121;6;2233;2
75;121;6;2244;7
75;121;6;2255;1
75;121;6;2288;1
75;121;6;2333;4
75;121;6;2555;24
75;121;6;4020;4
75;121;6;4040;1
75;121;6;4077;15
75;121;6;4343;1
75;121;6;4422;3
75;121;6;4445;5
75;121;6;4477;1
75;121;6;4490;1
75;121;6;4545;6
75;121;6;4555;7
75;121;6;5050;10
75;121;6;5077;1
75;121;6;5533;13
75;121;6;5555;1
75;121;6;5588;1
75;121;6;7755;1
75;121;7;13;2
75;121;7;18;2
75;121;7;22;2
75;121;7;40;1
75;121;7;44;1
75;121;7;55;1
75;121;7;95;30
75;121;7;96;24
75;121;7;10444;3
75;121;7;11111;4
75;121;7;11555;1
75;121;7;13000;6
75;121;7;13131;5
75;121;7;13132;1
75;121;7;13222;20
75;121;7;13234;1
75;121;7;13333;28
75;121;7;13444;1
75;121;7;13456;28
75;121;7;13789;9
75;121;7;13999;6
75;121;7;15222;14
75;121;7;22026;7
75;121;7;22190;2
75;121;7;22222;4
75;121;7;22223;1
75;121;7;22777;1
75;121;7;22888;1
75;121;7;25555;2
75;121;7;40000;8
75;121;7;40100;3
75;121;7;40200;4
75;121;7;40234;1
75;121;7;40333;4
75;121;7;40456;8
75;121;7;40500;1
75;121;7;40999;13
75;121;7;43123;1
75;121;7;44444;3
75;121;7;44456;1
75;121;7;45111;8
75;121;7;45123;4
75;121;7;45411;1
75;121;7;45555;1
75;121;7;45800;1
75;121;7;45999;1
75;121;7;50050;3
75;121;7;50555;1
75;121;7;55333;1
75;121;7;55555;1
75;121;5;95;91
75;121;5;96;99
75;121;5;180;115
75;121;5;222;65
75;121;5;400;118
75;121;5;445;65
75;121;5;800;1
75;121;3;13;127
75;121;3;14;1
75;121;3;45;98
75;121;3;95;27
75;121;3;96;24
75;122;1;13;147
75;122;1;14;1
75;122;1;22;62
75;122;1;70;4
75;122;1;95;6
75;122;1;96;5
75;122;6;13;5
75;122;6;15;1
75;122;6;40;1
75;122;6;43;1
75;122;6;95;7
75;122;6;96;1
75;122;6;1055;2
75;122;6;1111;2
75;122;6;1301;4
75;122;6;1322;43
75;122;6;1323;16
75;122;6;1331;1
75;122;6;1333;38
75;122;6;1515;9
75;122;6;1555;1
75;122;6;2222;11
75;122;6;2252;1
75;122;6;2555;22
75;122;6;4020;1
75;122;6;4055;2
75;122;6;4077;7
75;122;6;4343;10
75;122;6;4444;8
75;122;6;4445;1
75;122;6;4488;1
75;122;6;4545;10
75;122;6;5050;2
75;122;6;5511;1
75;122;6;5533;14
75;122;6;5588;1
75;122;6;7788;1
75;122;7;13;5
75;122;7;18;3
75;122;7;22;2
75;122;7;40;5
75;122;7;44;1
75;122;7;45;1
75;122;7;95;5
75;122;7;10222;3
75;122;7;11111;2
75;122;7;11555;1
75;122;7;13111;1
75;122;7;13123;4
75;122;7;13333;36
75;122;7;13456;66
75;122;7;13789;8
75;122;7;13999;3
75;122;7;15222;15
75;122;7;22022;1
75;122;7;22221;1
75;122;7;22222;3
75;122;7;25888;2
75;122;7;40000;3
75;122;7;40111;1
75;122;7;40234;1
75;122;7;40333;1
75;122;7;40456;12
75;122;7;40500;1
75;122;7;40777;1
75;122;7;40999;10
75;122;7;44444;7
75;122;7;45000;2
75;122;7;45111;1
75;122;7;45123;8
75;122;7;45190;2
75;122;7;45222;2
75;122;7;50050;1
75;122;7;50555;2
75;122;7;55555;1
75;122;7;55888;1
75;122;5;95;36
75;122;5;96;47
75;122;5;180;119
75;122;5;222;59
75;122;5;400;130
75;122;5;445;59
75;122;3;13;117
75;122;3;45;88
75;122;3;95;7
75;122;3;96;13
75;123;1;13;92
75;123;1;14;4
75;123;1;22;35
75;123;1;55;1
75;123;1;70;4
75;123;1;95;6
75;123;1;96;2
75;123;6;11;1
75;123;6;95;7
75;123;6;96;5
75;123;6;1055;1
75;123;6;1111;1
75;123;6;1301;1
75;123;6;1313;1
75;123;6;1322;11
75;123;6;1323;4
75;123;6;1333;24
75;123;6;1515;5
75;123;6;1555;3
75;123;6;2200;1
75;123;6;2211;1
75;123;6;2222;4
75;123;6;2233;1
75;123;6;2244;1
75;123;6;2288;7
75;123;6;2333;3
75;123;6;2555;24
75;123;6;4020;3
75;123;6;4077;7
75;123;6;4343;1
75;123;6;4444;1
75;123;6;4445;1
75;123;6;4455;1
75;123;6;4490;1
75;123;6;4545;1
75;123;6;4555;2
75;123;6;5050;4
75;123;6;5077;1
75;123;6;5533;14
75;123;6;5588;1
75;123;7;13;1
75;123;7;22;3
75;123;7;25;1
75;123;7;40;2
75;123;7;95;14
75;123;7;96;5
75;123;7;10100;1
75;123;7;11111;1
75;123;7;13000;2
75;123;7;13111;2
75;123;7;13123;2
75;123;7;13131;1
75;123;7;13180;1
75;123;7;13333;25
75;123;7;13444;1
75;123;7;13456;23
75;123;7;13789;2
75;123;7;13999;1
75;123;7;15222;16
75;123;7;22026;4
75;123;7;22222;1
75;123;7;22322;1
75;123;7;22888;5
75;123;7;40000;8
75;123;7;40333;4
75;123;7;40444;1
75;123;7;40456;2
75;123;7;44444;1
75;123;7;45111;1
75;123;7;45123;1
75;123;7;45190;2
75;123;7;45222;1
75;123;7;45777;3
75;123;7;50050;1
75;123;7;50500;1
75;123;7;50555;1
75;123;7;77077;1
75;123;7;77888;1
75;123;5;95;49
75;123;5;96;23
75;123;5;162;1
75;123;5;180;67
75;123;5;222;37
75;123;5;300;1
75;123;5;400;68
75;123;5;445;42
75;123;3;13;70
75;123;3;45;61
75;123;3;95;8
75;123;3;96;5
75;124;1;13;112
75;124;1;14;1
75;124;1;22;53
75;124;1;55;1
75;124;1;70;2
75;124;1;95;3
75;124;1;96;3
75;124;6;12;2
75;124;6;13;2
75;124;6;23;1
75;124;6;95;3
75;124;6;96;2
75;124;6;1055;1
75;124;6;1111;1
75;124;6;1255;1
75;124;6;1301;1
75;124;6;1322;50
75;124;6;1333;33
75;124;6;1555;1
75;124;6;2222;7
75;124;6;2518;1
75;124;6;2555;30
75;124;6;4077;31
75;124;6;4343;2
75;124;6;4426;1
75;124;6;4545;1
75;124;6;4555;1
75;124;6;5000;1
75;124;6;5533;2
75;124;7;13;3
75;124;7;18;1
75;124;7;23;1
75;124;7;40;3
75;124;7;95;6
75;124;7;96;1
75;124;7;11111;1
75;124;7;11222;1
75;124;7;13123;4
75;124;7;13131;1
75;124;7;13222;1
75;124;7;13333;40
75;124;7;13444;1
75;124;7;13456;70
75;124;7;15222;2
75;124;7;22026;3
75;124;7;22221;1
75;124;7;22222;5
75;124;7;25555;1
75;124;7;40000;23
75;124;7;40111;1
75;124;7;40500;1
75;124;7;40999;1
75;124;7;45123;1
75;124;7;45678;1
75;124;7;50500;1
75;124;5;95;22
75;124;5;96;31
75;124;5;180;99
75;124;5;222;47
75;124;5;400;105
75;124;5;445;46
75;124;3;13;102
75;124;3;45;58
75;124;3;95;8
75;124;3;96;7
75;127;1;13;139
75;127;1;14;3
75;127;1;22;75
75;127;1;55;1
75;127;1;70;8
75;127;1;95;13
75;127;1;96;5
75;127;6;13;1
75;127;6;45;1
75;127;6;95;14
75;127;6;96;6
75;127;6;1055;5
75;127;6;1111;37
75;127;6;1301;2
75;127;6;1313;2
75;127;6;1322;49
75;127;6;1323;1
75;127;6;1331;4
75;127;6;1333;17
75;127;6;1399;1
75;127;6;1400;1
75;127;6;1515;10
75;127;6;1555;2
75;127;6;2099;2
75;127;6;2200;1
75;127;6;2211;1
75;127;6;2222;16
75;127;6;2233;4
75;127;6;2244;3
75;127;6;2288;3
75;127;6;2555;20
75;127;6;4020;2
75;127;6;4040;1
75;127;6;4077;3
75;127;6;4343;1
75;127;6;4445;12
75;127;6;4515;1
75;127;6;4545;1
75;127;6;4555;5
75;127;6;5005;2
75;127;6;5050;2
75;127;6;5511;1
75;127;6;5533;6
75;127;6;5577;1
75;127;6;5588;2
75;127;6;7788;1
75;127;7;12;1
75;127;7;13;4
75;127;7;18;2
75;127;7;40;1
75;127;7;45;3
75;127;7;95;16
75;127;7;96;4
75;127;7;10100;1
75;127;7;10123;1
75;127;7;10222;1
75;127;7;11111;39
75;127;7;13000;2
75;127;7;13111;3
75;127;7;13123;2
75;127;7;13131;8
75;127;7;13133;1
75;127;7;13333;17
75;127;7;13456;55
75;127;7;13777;1
75;127;7;13999;4
75;127;7;15222;7
75;127;7;22022;3
75;127;7;22026;2
75;127;7;22221;3
75;127;7;22222;2
75;127;7;22888;2
75;127;7;25555;3
75;127;7;33333;3
75;127;7;33456;1
75;127;7;40000;12
75;127;7;40111;1
75;127;7;40114;1
75;127;7;40333;2
75;127;7;40456;8
75;127;7;40888;1
75;127;7;40999;6
75;127;7;45111;2
75;127;7;45123;2
75;127;7;45190;10
75;127;7;45222;2
75;127;7;50555;2
75;127;7;55011;1
75;127;7;55333;1
75;127;7;65013;1
75;127;5;95;82
75;127;5;96;36
75;127;5;180;100
75;127;5;222;72
75;127;5;300;1
75;127;5;400;107
75;127;5;445;86
75;127;5;800;4
75;127;3;13;109
75;127;3;14;1
75;127;3;45;107
75;127;3;95;18
75;127;3;96;9
75;128;1;13;168
75;128;1;14;4
75;128;1;22;66
75;128;1;55;1
75;128;1;70;6
75;128;1;95;11
75;128;1;96;8
75;128;6;11;1
75;128;6;12;1
75;128;6;13;2
75;128;6;45;1
75;128;6;95;9
75;128;6;96;3
75;128;6;1010;2
75;128;6;1055;3
75;128;6;1111;3
75;128;6;1300;1
75;128;6;1301;5
75;128;6;1313;1
75;128;6;1322;102
75;128;6;1333;59
75;128;6;1515;5
75;128;6;2200;3
75;128;6;2211;2
75;128;6;2222;4
75;128;6;2252;1
75;128;6;2277;1
75;128;6;2333;1
75;128;6;2555;18
75;128;6;4055;1
75;128;6;4077;20
75;128;6;4445;3
75;128;6;5050;2
75;128;6;5099;1
75;128;6;5533;9
75;128;7;13;3
75;128;7;22;1
75;128;7;40;3
75;128;7;44;1
75;128;7;95;7
75;128;7;96;6
75;128;7;10123;2
75;128;7;10678;1
75;128;7;11111;5
75;128;7;11222;6
75;128;7;13000;1
75;128;7;13123;4
75;128;7;13131;1
75;128;7;13333;70
75;128;7;13456;104
75;128;7;13789;1
75;128;7;13999;2
75;128;7;15222;8
75;128;7;22026;2
75;128;7;22221;2
75;128;7;22222;4
75;128;7;22777;1
75;128;7;40000;14
75;128;7;40456;3
75;128;7;40774;1
75;128;7;40999;5
75;128;7;44321;1
75;128;7;45000;1
75;128;7;45123;1
75;128;7;45190;1
75;128;7;45222;2
75;128;5;95;34
75;128;5;96;54
75;128;5;180;151
75;128;5;222;66
75;128;5;400;161
75;128;5;445;62
75;128;3;13;159
75;128;3;14;1
75;128;3;45;78
75;128;3;95;13
75;128;3;96;13
75;129;1;13;129
75;129;1;14;7
75;129;1;22;73
75;129;1;70;4
75;129;1;80;1
75;129;1;95;5
75;129;1;96;4
75;129;6;11;2
75;129;6;45;1
75;129;6;55;1
75;129;6;95;19
75;129;6;96;2
75;129;6;1055;1
75;129;6;1111;7
75;129;6;1212;1
75;129;6;1234;2
75;129;6;1301;2
75;129;6;1322;24
75;129;6;1323;5
75;129;6;1333;18
75;129;6;1399;9
75;129;6;1414;1
75;129;6;1515;6
75;129;6;1555;2
75;129;6;2026;1
75;129;6;2099;1
75;129;6;2200;5
75;129;6;2222;21
75;129;6;2233;1
75;129;6;2244;2
75;129;6;2333;2
75;129;6;2555;25
75;129;6;4001;2
75;129;6;4040;2
75;129;6;4077;6
75;129;6;4343;6
75;129;6;4445;3
75;129;6;4490;1
75;129;6;4545;12
75;129;6;5000;1
75;129;6;5050;7
75;129;6;5511;11
75;129;6;5533;11
75;129;7;11;1
75;129;7;13;3
75;129;7;18;3
75;129;7;22;1
75;129;7;40;1
75;129;7;44;1
75;129;7;95;17
75;129;7;96;4
75;129;7;10100;1
75;129;7;10333;2
75;129;7;10444;1
75;129;7;10478;1
75;129;7;10678;1
75;129;7;11111;8
75;129;7;13000;5
75;129;7;13013;3
75;129;7;13111;1
75;129;7;13123;1
75;129;7;13131;2
75;129;7;13222;1
75;129;7;13333;16
75;129;7;13444;1
75;129;7;13456;42
75;129;7;13789;3
75;129;7;13999;3
75;129;7;15222;14
75;129;7;15333;1
75;129;7;15678;1
75;129;7;22022;5
75;129;7;22026;7
75;129;7;22221;2
75;129;7;22222;5
75;129;7;22522;1
75;129;7;22777;2
75;129;7;33333;1
75;129;7;40000;13
75;129;7;40200;1
75;129;7;40400;1
75;129;7;40456;11
75;129;7;40500;1
75;129;7;40999;5
75;129;7;44123;1
75;129;7;44444;1
75;129;7;45000;2
75;129;7;45111;2
75;129;7;45123;8
75;129;7;45190;3
75;129;7;50013;2
75;129;7;50050;3
75;129;7;50555;4
75;129;7;55011;1
75;129;7;55111;1
75;129;7;55555;1
75;129;5;95;43
75;129;5;96;33
75;129;5;180;98
75;129;5;222;75
75;129;5;290;1
75;129;5;400;117
75;129;5;445;78
75;129;5;800;1
75;129;3;13;104
75;129;3;45;101
75;129;3;95;8
75;129;3;96;10
75;130;1;13;150
75;130;1;14;7
75;130;1;22;99
75;130;1;55;1
75;130;1;70;9
75;130;1;95;5
75;130;1;96;5
75;130;6;13;1
75;130;6;22;1
75;130;6;95;10
75;130;6;96;5
75;130;6;1010;2
75;130;6;1022;1
75;130;6;1055;2
75;130;6;1111;8
75;130;6;1233;1
75;130;6;1301;4
75;130;6;1322;44
75;130;6;1323;2
75;130;6;1331;3
75;130;6;1333;47
75;130;6;1399;3
75;130;6;1414;1
75;130;6;1515;6
75;130;6;1800;3
75;130;6;2200;1
75;130;6;2211;3
75;130;6;2222;28
75;130;6;2233;1
75;130;6;2244;1
75;130;6;2277;2
75;130;6;2278;1
75;130;6;2288;2
75;130;6;2333;2
75;130;6;2518;1
75;130;6;2555;29
75;130;6;4020;1
75;130;6;4055;1
75;130;6;4077;12
75;130;6;4343;3
75;130;6;4422;2
75;130;6;4444;2
75;130;6;4445;4
75;130;6;4490;1
75;130;6;4545;5
75;130;6;4555;5
75;130;6;5012;1
75;130;6;5050;4
75;130;6;5077;1
75;130;6;5511;2
75;130;6;5533;15
75;130;6;7700;1
75;130;6;7788;1
75;130;7;12;1
75;130;7;13;4
75;130;7;18;1
75;130;7;22;2
75;130;7;40;3
75;130;7;77;1
75;130;7;95;17
75;130;7;96;8
75;130;7;10100;2
75;130;7;10333;6
75;130;7;10678;1
75;130;7;11111;6
75;130;7;11222;3
75;130;7;11555;4
75;130;7;13111;1
75;130;7;13123;6
75;130;7;13131;7
75;130;7;13133;1
75;130;7;13180;1
75;130;7;13333;45
75;130;7;13444;1
75;130;7;13456;50
75;130;7;13789;3
75;130;7;13999;3
75;130;7;15222;11
75;130;7;15333;1
75;130;7;22022;7
75;130;7;22026;5
75;130;7;22221;3
75;130;7;22222;3
75;130;7;22777;2
75;130;7;22888;2
75;130;7;25555;1
75;130;7;33333;1
75;130;7;40000;15
75;130;7;40111;2
75;130;7;40200;1
75;130;7;40333;1
75;130;7;40456;7
75;130;7;40500;1
75;130;7;40999;8
75;130;7;44321;1
75;130;7;44333;1
75;130;7;44444;2
75;130;7;45000;2
75;130;7;45111;1
75;130;7;45123;4
75;130;7;45190;2
75;130;7;45222;2
75;130;7;45789;1
75;130;7;45800;1
75;130;7;45999;1
75;130;7;50013;2
75;130;7;50050;1
75;130;7;50500;1
75;130;7;50555;4
75;130;7;55000;1
75;130;7;55111;1
75;130;5;95;57
75;130;5;96;60
75;130;5;180;129
75;130;5;222;87
75;130;5;400;127
75;130;5;445;90
75;130;5;800;2
75;130;3;13;127
75;130;3;45;123
75;130;3;95;12
75;130;3;96;14
75;131;1;13;112
75;131;1;14;3
75;131;1;22;58
75;131;1;55;1
75;131;1;70;4
75;131;1;95;2
75;131;1;96;5
75;131;6;11;1
75;131;6;12;1
75;131;6;13;2
75;131;6;23;1
75;131;6;40;1
75;131;6;45;1
75;131;6;95;5
75;131;6;96;2
75;131;6;1000;1
75;131;6;1022;1
75;131;6;1055;8
75;131;6;1111;4
75;131;6;1301;4
75;131;6;1322;22
75;131;6;1323;2
75;131;6;1331;6
75;131;6;1333;26
75;131;6;1515;12
75;131;6;1555;1
75;131;6;2211;7
75;131;6;2222;21
75;131;6;2244;5
75;131;6;2333;4
75;131;6;2555;12
75;131;6;4004;1
75;131;6;4020;6
75;131;6;4040;1
75;131;6;4077;5
75;131;6;4343;2
75;131;6;4444;3
75;131;6;4500;1
75;131;6;4545;6
75;131;6;4555;8
75;131;6;5533;2
75;131;7;13;1
75;131;7;22;2
75;131;7;40;1
75;131;7;44;1
75;131;7;55;1
75;131;7;95;10
75;131;7;96;3
75;131;7;10100;3
75;131;7;10678;1
75;131;7;11111;3
75;131;7;11222;7
75;131;7;11555;1
75;131;7;13111;2
75;131;7;13123;3
75;131;7;13131;1
75;131;7;13222;1
75;131;7;13333;31
75;131;7;13456;20
75;131;7;13789;2
75;131;7;13999;18
75;131;7;15222;3
75;131;7;22022;2
75;131;7;22026;2
75;131;7;22888;1
75;131;7;25555;3
75;131;7;33123;5
75;131;7;40000;3
75;131;7;40111;1
75;131;7;40200;2
75;131;7;40333;4
75;131;7;40456;18
75;131;7;40999;4
75;131;7;44000;1
75;131;7;44444;4
75;131;7;45111;5
75;131;7;45123;1
75;131;7;45190;2
75;131;7;45222;7
75;131;7;45789;2
75;131;7;45800;1
75;131;7;50013;1
75;131;7;55555;1
75;131;5;95;43
75;131;5;96;32
75;131;5;162;2
75;131;5;180;82
75;131;5;222;61
75;131;5;400;86
75;131;5;445;64
75;131;3;13;89
75;131;3;45;82
75;131;3;95;9
75;131;3;96;5
75;133;1;13;97
75;133;1;14;3
75;133;1;22;58
75;133;1;70;2
75;133;1;95;8
75;133;1;96;7
75;133;6;12;3
75;133;6;25;1
75;133;6;95;5
75;133;6;96;3
75;133;6;1010;2
75;133;6;1111;2
75;133;6;1234;1
75;133;6;1301;2
75;133;6;1322;42
75;133;6;1333;26
75;133;6;1400;1
75;133;6;1500;1
75;133;6;1515;2
75;133;6;2222;9
75;133;6;2555;33
75;133;6;4000;2
75;133;6;4020;1
75;133;6;4077;31
75;133;6;4422;1
75;133;6;4555;1
75;133;6;5511;1
75;133;6;5533;3
75;133;6;5588;1
75;133;6;7788;1
75;133;7;13;2
75;133;7;18;1
75;133;7;40;5
75;133;7;95;6
75;133;7;96;2
75;133;7;10123;2
75;133;7;11111;2
75;133;7;11222;1
75;133;7;13123;3
75;133;7;13131;1
75;133;7;13333;44
75;133;7;13456;48
75;133;7;13789;3
75;133;7;15222;3
75;133;7;22190;1
75;133;7;22221;3
75;133;7;22222;5
75;133;7;22888;1
75;133;7;40000;27
75;133;7;40111;1
75;133;7;40200;1
75;133;7;40333;2
75;133;7;40456;1
75;133;7;40500;1
75;133;7;40999;3
75;133;7;44444;2
75;133;7;45123;1
75;133;7;45190;1
75;133;7;50013;1
75;133;7;55333;1
75;133;5;95;27
75;133;5;96;24
75;133;5;162;1
75;133;5;180;86
75;133;5;222;61
75;133;5;290;1
75;133;5;400;87
75;133;5;445;63
75;133;3;13;89
75;133;3;14;1
75;133;3;16;1
75;133;3;45;66
75;133;3;95;10
75;133;3;96;8
75;134;1;13;132
75;134;1;14;3
75;134;1;22;66
75;134;1;70;6
75;134;1;80;1
75;134;1;95;11
75;134;1;96;5
75;134;6;13;2
75;134;6;20;1
75;134;6;23;1
75;134;6;95;13
75;134;6;96;3
75;134;6;1010;1
75;134;6;1055;5
75;134;6;1111;2
75;134;6;1222;1
75;134;6;1300;1
75;134;6;1301;6
75;134;6;1322;35
75;134;6;1323;2
75;134;6;1331;2
75;134;6;1333;28
75;134;6;1414;1
75;134;6;1515;6
75;134;6;1555;2
75;134;6;2200;4
75;134;6;2211;1
75;134;6;2222;11
75;134;6;2288;5
75;134;6;2333;2
75;134;6;2555;23
75;134;6;4020;5
75;134;6;4040;1
75;134;6;4077;5
75;134;6;4343;4
75;134;6;4422;1
75;134;6;4444;3
75;134;6;4445;5
75;134;6;4545;1
75;134;6;4555;7
75;134;6;5050;1
75;134;6;5077;1
75;134;6;5533;28
75;134;6;5544;1
75;134;6;5588;1
75;134;6;7000;1
75;134;6;7715;1
75;134;7;13;3
75;134;7;18;1
75;134;7;22;2
75;134;7;40;3
75;134;7;44;2
75;134;7;95;12
75;134;7;96;3
75;134;7;10123;1
75;134;7;11111;4
75;134;7;11222;1
75;134;7;12333;1
75;134;7;13000;4
75;134;7;13111;3
75;134;7;13123;3
75;134;7;13222;7
75;134;7;13333;32
75;134;7;13444;2
75;134;7;13456;29
75;134;7;13789;5
75;134;7;13999;6
75;134;7;15222;41
75;134;7;22026;3
75;134;7;22222;1
75;134;7;22888;4
75;134;7;25555;1
75;134;7;25888;1
75;134;7;33333;2
75;134;7;40000;10
75;134;7;40111;1
75;134;7;40200;2
75;134;7;40333;7
75;134;7;40456;5
75;134;7;40500;1
75;134;7;40999;8
75;134;7;44444;3
75;134;7;45190;4
75;134;7;45222;1
75;134;7;45411;1
75;134;7;45777;1
75;134;7;50555;3
75;134;5;95;66
75;134;5;96;47
75;134;5;180;97
75;134;5;222;68
75;134;5;300;2
75;134;5;400;93
75;134;5;445;74
75;134;5;800;1
75;134;3;13;100
75;134;3;14;1
75;134;3;45;98
75;134;3;95;13
75;134;3;96;12
75;135;1;13;166
75;135;1;14;1
75;135;1;22;51
75;135;1;55;4
75;135;1;70;3
75;135;1;80;1
75;135;1;95;8
75;135;1;96;4
75;135;6;13;2
75;135;6;22;1
75;135;6;44;1
75;135;6;45;1
75;135;6;95;8
75;135;6;96;2
75;135;6;1022;2
75;135;6;1055;9
75;135;6;1111;25
75;135;6;1322;33
75;135;6;1323;2
75;135;6;1333;24
75;135;6;1515;5
75;135;6;2222;8
75;135;6;2244;3
75;135;6;2333;1
75;135;6;2555;88
75;135;6;4000;1
75;135;6;4020;2
75;135;6;4077;3
75;135;6;4444;2
75;135;6;4490;1
75;135;6;4512;1
75;135;6;4545;1
75;135;6;4555;6
75;135;6;5050;1
75;135;6;5533;5
75;135;7;11;1
75;135;7;13;2
75;135;7;18;1
75;135;7;22;1
75;135;7;25;2
75;135;7;40;1
75;135;7;43;1
75;135;7;45;1
75;135;7;95;16
75;135;7;96;3
75;135;7;10100;2
75;135;7;10678;2
75;135;7;11111;36
75;135;7;13111;10
75;135;7;13131;7
75;135;7;13222;5
75;135;7;13333;21
75;135;7;13456;66
75;135;7;13789;4
75;135;7;13999;1
75;135;7;15222;8
75;135;7;22190;1
75;135;7;22221;1
75;135;7;22222;2
75;135;7;22223;1
75;135;7;22456;2
75;135;7;22888;1
75;135;7;33333;1
75;135;7;40000;10
75;135;7;40111;1
75;135;7;40333;2
75;135;7;40456;2
75;135;7;40500;6
75;135;7;40999;1
75;135;7;44321;2
75;135;7;44444;5
75;135;7;45000;1
75;135;7;45111;3
75;135;7;45123;2
75;135;7;45190;1
75;135;7;50013;1
75;135;7;50555;1
75;135;5;95;63
75;135;5;96;33
75;135;5;180;137
75;135;5;222;48
75;135;5;400;142
75;135;5;445;52
75;135;5;800;1
75;135;3;13;141
75;135;3;45;78
75;135;3;95;10
75;135;3;96;9
75;138;1;13;145
75;138;1;14;2
75;138;1;22;79
75;138;1;55;1
75;138;1;70;11
75;138;1;95;9
75;138;1;96;13
75;138;6;11;1
75;138;6;13;2
75;138;6;22;1
75;138;6;25;1
75;138;6;40;1
75;138;6;45;1
75;138;6;95;10
75;138;6;96;9
75;138;6;1000;1
75;138;6;1010;2
75;138;6;1055;3
75;138;6;1111;7
75;138;6;1301;3
75;138;6;1313;1
75;138;6;1322;51
75;138;6;1323;1
75;138;6;1331;3
75;138;6;1333;26
75;138;6;1399;3
75;138;6;1414;1
75;138;6;1515;6
75;138;6;1555;1
75;138;6;2200;3
75;138;6;2222;25
75;138;6;2244;2
75;138;6;2277;1
75;138;6;2288;1
75;138;6;2333;1
75;138;6;2525;1
75;138;6;2555;40
75;138;6;2580;4
75;138;6;4000;1
75;138;6;4020;1
75;138;6;4040;1
75;138;6;4055;4
75;138;6;4077;12
75;138;6;4343;7
75;138;6;4410;1
75;138;6;4445;4
75;138;6;4545;2
75;138;6;4555;2
75;138;6;5050;3
75;138;6;5511;5
75;138;6;5533;3
75;138;6;5588;1
75;138;7;12;1
75;138;7;13;2
75;138;7;18;2
75;138;7;22;2
75;138;7;40;3
75;138;7;44;4
75;138;7;45;2
75;138;7;95;12
75;138;7;96;11
75;138;7;10123;2
75;138;7;10222;1
75;138;7;10678;2
75;138;7;11111;9
75;138;7;11222;1
75;138;7;12345;1
75;138;7;13000;1
75;138;7;13013;1
75;138;7;13111;3
75;138;7;13123;4
75;138;7;13131;4
75;138;7;13132;1
75;138;7;13222;2
75;138;7;13333;30
75;138;7;13444;1
75;138;7;13456;63
75;138;7;13789;3
75;138;7;13888;1
75;138;7;13999;1
75;138;7;15222;5
75;138;7;15333;1
75;138;7;18333;1
75;138;7;20777;1
75;138;7;22022;2
75;138;7;22026;11
75;138;7;22221;3
75;138;7;22222;4
75;138;7;22223;1
75;138;7;22777;2
75;138;7;25555;4
75;138;7;33333;2
75;138;7;40000;19
75;138;7;40111;1
75;138;7;40140;1
75;138;7;40200;1
75;138;7;40333;1
75;138;7;40456;6
75;138;7;40600;1
75;138;7;40999;5
75;138;7;45111;3
75;138;7;45123;2
75;138;7;45777;1
75;138;7;45999;2
75;138;7;50013;1
75;138;7;50050;1
75;138;7;50123;1
75;138;7;50500;1
75;138;7;50555;3
75;138;7;55111;2
75;138;7;55125;1
75;138;5;95;50
75;138;5;96;66
75;138;5;180;129
75;138;5;222;70
75;138;5;400;133
75;138;5;445;70
75;138;5;800;2
75;138;3;13;126
75;138;3;45;105
75;138;3;95;15
75;138;3;96;14
75;140;1;13;52
75;140;1;14;7
75;140;1;16;1
75;140;1;22;36
75;140;1;70;1
75;140;1;95;4
75;140;6;95;4
75;140;6;96;4
75;140;6;1111;1
75;140;6;1313;1
75;140;6;1322;28
75;140;6;1323;2
75;140;6;1331;1
75;140;6;1333;5
75;140;6;1467;1
75;140;6;1515;3
75;140;6;1555;2
75;140;6;2200;2
75;140;6;2211;1
75;140;6;2222;10
75;140;6;2234;1
75;140;6;2333;3
75;140;6;2555;13
75;140;6;4020;2
75;140;6;4055;2
75;140;6;4422;1
75;140;6;4445;3
75;140;6;4545;1
75;140;6;4555;5
75;140;6;5533;5
75;140;7;22;1
75;140;7;25;1
75;140;7;40;1
75;140;7;95;5
75;140;7;96;6
75;140;7;10100;3
75;140;7;11111;3
75;140;7;13000;3
75;140;7;13123;2
75;140;7;13133;1
75;140;7;13222;1
75;140;7;13333;7
75;140;7;13456;31
75;140;7;13999;3
75;140;7;15222;5
75;140;7;22026;5
75;140;7;22190;1
75;140;7;22221;3
75;140;7;40000;3
75;140;7;40111;1
75;140;7;40333;2
75;140;7;40456;3
75;140;7;40999;1
75;140;7;44444;1
75;140;7;45123;1
75;140;7;45190;3
75;140;7;45222;2
75;140;7;45777;1
75;140;7;77888;1
75;140;5;95;33
75;140;5;96;16
75;140;5;180;46
75;140;5;222;25
75;140;5;400;51
75;140;5;445;30
75;140;5;800;1
75;140;3;13;44
75;140;3;45;48
75;140;3;95;6
75;140;3;96;3
75;141;1;13;125
75;141;1;14;4
75;141;1;22;82
75;141;1;70;6
75;141;1;95;13
75;141;1;96;9
75;141;6;11;1
75;141;6;40;1
75;141;6;95;15
75;141;6;96;4
75;141;6;1010;1
75;141;6;1055;1
75;141;6;1111;3
75;141;6;1277;1
75;141;6;1301;8
75;141;6;1313;1
75;141;6;1322;36
75;141;6;1323;10
75;141;6;1331;2
75;141;6;1333;23
75;141;6;1377;1
75;141;6;1414;1
75;141;6;1515;7
75;141;6;1555;2
75;141;6;2200;4
75;141;6;2222;12
75;141;6;2244;2
75;141;6;2252;1
75;141;6;2277;1
75;141;6;2288;4
75;141;6;2333;4
75;141;6;2555;23
75;141;6;4001;1
75;141;6;4020;2
75;141;6;4040;4
75;141;6;4044;1
75;141;6;4055;1
75;141;6;4077;15
75;141;6;4343;7
75;141;6;4422;1
75;141;6;4444;1
75;141;6;4445;1
75;141;6;4455;1
75;141;6;4477;1
75;141;6;4545;6
75;141;6;4555;4
75;141;6;5050;5
75;141;6;5055;1
75;141;6;5511;5
75;141;6;5533;12
75;141;6;5588;1
75;141;7;10;1
75;141;7;13;3
75;141;7;18;1
75;141;7;22;1
75;141;7;40;1
75;141;7;44;2
75;141;7;95;23
75;141;7;96;7
75;141;7;10100;1
75;141;7;10123;1
75;141;7;11111;4
75;141;7;11222;1
75;141;7;13000;2
75;141;7;13013;1
75;141;7;13111;2
75;141;7;13123;5
75;141;7;13131;5
75;141;7;13222;13
75;141;7;13333;25
75;141;7;13444;3
75;141;7;13456;38
75;141;7;13789;2
75;141;7;13888;1
75;141;7;13999;4
75;141;7;15222;11
75;141;7;22022;5
75;141;7;22026;8
75;141;7;22222;6
75;141;7;22522;1
75;141;7;22777;1
75;141;7;25555;4
75;141;7;40000;9
75;141;7;40333;2
75;141;7;40400;1
75;141;7;40456;10
75;141;7;40500;2
75;141;7;40999;10
75;141;7;44000;1
75;141;7;44111;1
75;141;7;44444;1
75;141;7;45000;1
75;141;7;45111;2
75;141;7;45123;3
75;141;7;45190;3
75;141;7;50013;1
75;141;7;50555;4
75;141;7;55011;1
75;141;7;55024;1
75;141;7;55555;1
75;141;7;77123;1
75;141;7;77888;1
75;141;5;95;76
75;141;5;96;39
75;141;5;180;99
75;141;5;222;80
75;141;5;400;103
75;141;5;445;80
75;141;5;800;1
75;141;3;13;97
75;141;3;14;1
75;141;3;45;102
75;141;3;95;23
75;141;3;96;16
75;143;1;13;145
75;143;1;14;11
75;143;1;22;85
75;143;1;30;1
75;143;1;55;1
75;143;1;70;8
75;143;1;95;9
75;143;1;96;10
75;143;6;11;1
75;143;6;12;1
75;143;6;13;1
75;143;6;22;1
75;143;6;40;1
75;143;6;95;12
75;143;6;96;6
75;143;6;1055;1
75;143;6;1111;33
75;143;6;1277;1
75;143;6;1301;1
75;143;6;1313;2
75;143;6;1322;56
75;143;6;1323;1
75;143;6;1331;3
75;143;6;1333;18
75;143;6;1399;2
75;143;6;1515;7
75;143;6;1520;1
75;143;6;1541;1
75;143;6;1555;3
75;143;6;2200;2
75;143;6;2222;23
75;143;6;2233;2
75;143;6;2244;2
75;143;6;2277;2
75;143;6;2288;2
75;143;6;2555;17
75;143;6;4000;1
75;143;6;4020;6
75;143;6;4040;2
75;143;6;4077;14
75;143;6;4343;4
75;143;6;4422;4
75;143;6;4445;9
75;143;6;4455;2
75;143;6;4477;1
75;143;6;4490;1
75;143;6;4545;1
75;143;6;4555;1
75;143;6;5005;1
75;143;6;5050;3
75;143;6;5511;2
75;143;6;5533;13
75;143;6;5555;1
75;143;6;7788;1
75;143;7;13;2
75;143;7;22;1
75;143;7;40;3
75;143;7;44;1
75;143;7;55;1
75;143;7;95;15
75;143;7;96;6
75;143;7;10333;1
75;143;7;11111;35
75;143;7;13000;2
75;143;7;13123;2
75;143;7;13131;18
75;143;7;13333;17
75;143;7;13456;46
75;143;7;13789;1
75;143;7;13999;1
75;143;7;15222;14
75;143;7;22000;1
75;143;7;22022;5
75;143;7;22026;4
75;143;7;22190;2
75;143;7;22221;4
75;143;7;22222;4
75;143;7;22223;1
75;143;7;22777;1
75;143;7;22822;1
75;143;7;22888;2
75;143;7;25555;2
75;143;7;33190;1
75;143;7;33333;1
75;143;7;40000;19
75;143;7;40110;2
75;143;7;40111;3
75;143;7;40123;1
75;143;7;40200;1
75;143;7;40333;8
75;143;7;40456;5
75;143;7;40888;1
75;143;7;40999;11
75;143;7;43000;2
75;143;7;44321;2
75;143;7;45111;1
75;143;7;45123;1
75;143;7;45190;7
75;143;7;45411;1
75;143;7;45777;1
75;143;7;45789;1
75;143;7;50555;4
75;143;7;55011;1
75;143;7;55024;1
75;143;7;55555;2
75;143;5;95;99
75;143;5;96;57
75;143;5;162;1
75;143;5;180;99
75;143;5;222;87
75;143;5;300;1
75;143;5;400;105
75;143;5;445;89
75;143;5;800;2
75;143;3;13;109
75;143;3;14;2
75;143;3;45;129
75;143;3;95;19
75;143;3;96;11
75;145;1;13;64
75;145;1;14;4
75;145;1;22;23
75;145;1;55;1
75;145;1;95;2
75;145;1;96;2
75;145;6;13;1
75;145;6;25;2
75;145;6;95;8
75;145;6;96;1
75;145;6;1055;1
75;145;6;1111;4
75;145;6;1301;1
75;145;6;1322;20
75;145;6;1331;1
75;145;6;1333;13
75;145;6;2200;2
75;145;6;2222;5
75;145;6;2244;1
75;145;6;2333;1
75;145;6;2555;10
75;145;6;4000;1
75;145;6;4040;2
75;145;6;4077;3
75;145;6;4343;3
75;145;6;4445;1
75;145;6;4545;1
75;145;6;4555;1
75;145;6;5000;1
75;145;6;5050;4
75;145;6;5511;1
75;145;6;5533;2
75;145;6;5555;2
75;145;6;5588;3
75;145;7;10;1
75;145;7;13;1
75;145;7;95;6
75;145;7;96;1
75;145;7;11111;5
75;145;7;13111;2
75;145;7;13123;1
75;145;7;13333;13
75;145;7;13444;2
75;145;7;13456;22
75;145;7;13789;2
75;145;7;13999;2
75;145;7;15222;3
75;145;7;22022;1
75;145;7;22026;3
75;145;7;22221;1
75;145;7;22222;1
75;145;7;33456;4
75;145;7;40000;11
75;145;7;40111;1
75;145;7;40456;2
75;145;7;45111;1
75;145;7;45123;1
75;145;7;45190;1
75;145;7;45999;1
75;145;7;50013;1
75;145;7;50050;1
75;145;7;50555;4
75;145;7;55333;1
75;145;5;95;29
75;145;5;96;10
75;145;5;180;55
75;145;5;222;22
75;145;5;400;55
75;145;5;445;21
75;145;3;13;58
75;145;3;45;31
75;145;3;95;5
75;145;3;96;2
