zona;secao;cargo;numero;votos
16;1;1;13;150
16;1;1;14;3
16;1;1;22;53
16;1;1;70;4
16;1;1;95;1
16;1;1;96;8
16;1;6;11;1
16;1;6;12;4
16;1;6;13;1
16;1;6;15;1
16;1;6;95;7
16;1;6;96;3
16;1;6;1234;18
16;1;6;1256;1
16;1;6;1313;1
16;1;6;1322;22
16;1;6;1323;3
16;1;6;1400;1
16;1;6;1515;56
16;1;6;1520;2
16;1;6;1555;20
16;1;6;2200;5
16;1;6;2220;2
16;1;6;2222;9
16;1;6;2288;2
16;1;6;2323;4
16;1;6;2333;14
16;1;6;2518;3
16;1;6;2555;4
16;1;6;4011;1
16;1;6;4040;8
16;1;6;4044;4
16;1;6;4077;3
16;1;6;4410;1
16;1;6;4444;2
16;1;6;4445;1
16;1;6;5000;1
16;1;6;5050;1
16;1;6;5511;5
16;1;6;5533;2
16;1;6;5555;1
16;1;6;5588;2
16;1;6;6565;1
16;1;6;7788;2
16;1;7;12;1
16;1;7;13;3
16;1;7;15;4
16;1;7;18;1
16;1;7;33;1
16;1;7;40;6
16;1;7;45;1
16;1;7;55;3
16;1;7;95;7
16;1;7;96;5
16;1;7;10100;2
16;1;7;10222;2
16;1;7;11000;1
16;1;7;11555;3
16;1;7;11888;2
16;1;7;13013;8
16;1;7;13132;1
16;1;7;13180;1
16;1;7;13234;1
16;1;7;13333;1
16;1;7;13456;1
16;1;7;13700;1
16;1;7;13888;5
16;1;7;15222;25
16;1;7;22000;4
16;1;7;22022;2
16;1;7;22220;1
16;1;7;22221;2
16;1;7;22222;2
16;1;7;22888;2
16;1;7;33309;3
16;1;7;40100;1
16;1;7;40111;2
16;1;7;40114;26
16;1;7;40555;1
16;1;7;45222;19
16;1;7;45678;1
16;1;7;45888;1
16;1;7;50555;4
16;1;7;55000;5
16;1;7;55011;1
16;1;7;55100;1
16;1;7;55333;2
16;1;7;55555;53
16;1;5;95;24
16;1;5;96;58
16;1;5;180;124
16;1;5;222;48
16;1;5;400;137
16;1;5;445;47
16;1;3;13;139
16;1;3;14;1
16;1;3;45;66
16;1;3;95;3
16;1;3;96;10
16;2;1;13;190
16;2;1;14;1
16;2;1;22;38
16;2;1;27;1
16;2;1;55;1
16;2;1;80;1
16;2;1;95;7
16;2;1;96;19
16;2;6;11;3
16;2;6;12;6
16;2;6;13;1
16;2;6;15;6
16;2;6;22;1
16;2;6;45;1
16;2;6;95;4
16;2;6;96;6
16;2;6;1010;1
16;2;6;1233;2
16;2;6;1234;8
16;2;6;1314;1
16;2;6;1322;9
16;2;6;1323;16
16;2;6;1333;1
16;2;6;1515;141
16;2;6;1555;16
16;2;6;2220;2
16;2;6;2222;6
16;2;6;2333;14
16;2;6;2555;1
16;2;6;4040;2
16;2;6;4041;1
16;2;6;4444;1
16;2;6;4500;1
16;2;6;5511;1
16;2;6;5533;1
16;2;6;5555;4
16;2;6;6565;1
16;2;7;10;1
16;2;7;11;1
16;2;7;12;1
16;2;7;13;2
16;2;7;15;8
16;2;7;18;5
16;2;7;22;1
16;2;7;23;1
16;2;7;33;1
16;2;7;40;15
16;2;7;44;1
16;2;7;45;7
16;2;7;55;2
16;2;7;95;9
16;2;7;96;7
16;2;7;10011;1
16;2;7;10100;33
16;2;7;11555;2
16;2;7;13013;5
16;2;7;13132;1
16;2;7;13222;1
16;2;7;13444;2
16;2;7;13456;1
16;2;7;13888;5
16;2;7;15222;8
16;2;7;15555;1
16;2;7;22022;1
16;2;7;22222;3
16;2;7;25444;1
16;2;7;40111;1
16;2;7;40114;26
16;2;7;45222;4
16;2;7;45633;1
16;2;7;45800;5
16;2;7;50555;1
16;2;7;55555;93
16;2;5;95;24
16;2;5;96;115
16;2;5;180;158
16;2;5;222;26
16;2;5;400;166
16;2;5;445;27
16;2;3;13;170
16;2;3;45;40
16;2;3;80;1
16;2;3;95;6
16;2;3;96;41
16;3;1;13;163
16;3;1;14;1
16;3;1;22;52
16;3;1;70;1
16;3;1;95;1
16;3;1;96;10
16;3;6;11;2
16;3;6;12;3
16;3;6;13;2
16;3;6;15;1
16;3;6;23;1
16;3;6;45;1
16;3;6;55;1
16;3;6;95;3
16;3;6;96;2
16;3;6;1111;1
16;3;6;1234;18
16;3;6;1313;1
16;3;6;1322;7
16;3;6;1323;12
16;3;6;1515;85
16;3;6;1520;1
16;3;6;1533;1
16;3;6;1555;17
16;3;6;2200;1
16;3;6;2222;10
16;3;6;2255;1
16;3;6;2277;1
16;3;6;2323;2
16;3;6;2333;13
16;3;6;2518;2
16;3;6;4040;3
16;3;6;4044;3
16;3;6;4433;2
16;3;6;4580;2
16;3;6;5511;1
16;3;6;5533;24
16;3;6;5555;3
16;3;6;5588;1
16;3;7;12;1
16;3;7;13;1
16;3;7;15;1
16;3;7;18;2
16;3;7;22;1
16;3;7;40;7
16;3;7;45;2
16;3;7;55;3
16;3;7;95;6
16;3;7;96;3
16;3;7;10100;14
16;3;7;11555;29
16;3;7;12222;1
16;3;7;13000;1
16;3;7;13013;5
16;3;7;13132;1
16;3;7;13888;1
16;3;7;15222;28
16;3;7;18888;1
16;3;7;22022;5
16;3;7;22221;2
16;3;7;22444;3
16;3;7;22777;1
16;3;7;25444;1
16;3;7;33309;1
16;3;7;40000;1
16;3;7;40111;2
16;3;7;40114;17
16;3;7;45000;2
16;3;7;45222;3
16;3;7;45800;5
16;3;7;55000;1
16;3;7;55555;74
16;3;7;77555;1
16;3;7;77888;1
16;3;5;95;14
16;3;5;96;53
16;3;5;180;145
16;3;5;222;49
16;3;5;400;148
16;3;5;445;47
16;3;3;13;155
16;3;3;45;60
16;3;3;95;2
16;3;3;96;11
16;4;1;13;162
16;4;1;14;1
16;4;1;22;40
16;4;1;55;2
16;4;1;70;1
16;4;1;95;2
16;4;1;96;7
16;4;6;11;3
16;4;6;12;2
16;4;6;13;2
16;4;6;15;2
16;4;6;22;1
16;4;6;25;1
16;4;6;55;1
16;4;6;95;3
16;4;6;96;3
16;4;6;1233;1
16;4;6;1234;9
16;4;6;1322;14
16;4;6;1323;7
16;4;6;1515;66
16;4;6;1555;20
16;4;6;2200;1
16;4;6;2222;8
16;4;6;2252;1
16;4;6;2277;1
16;4;6;2288;1
16;4;6;2323;3
16;4;6;2333;22
16;4;6;4011;1
16;4;6;4040;2
16;4;6;4044;2
16;4;6;4077;1
16;4;6;4412;1
16;4;6;4433;1
16;4;6;5077;1
16;4;6;5533;33
16;4;6;8080;1
16;4;7;11;1
16;4;7;13;1
16;4;7;15;2
16;4;7;18;1
16;4;7;22;3
16;4;7;23;2
16;4;7;40;7
16;4;7;44;1
16;4;7;55;1
16;4;7;95;6
16;4;7;96;2
16;4;7;10100;9
16;4;7;10444;1
16;4;7;11555;35
16;4;7;13013;5
16;4;7;13222;1
16;4;7;13444;2
16;4;7;13888;2
16;4;7;15222;20
16;4;7;15555;2
16;4;7;22022;2
16;4;7;22221;4
16;4;7;22444;2
16;4;7;22522;1
16;4;7;22777;1
16;4;7;25444;1
16;4;7;33309;1
16;4;7;40111;4
16;4;7;40114;21
16;4;7;45222;4
16;4;7;45800;13
16;4;7;45999;1
16;4;7;50555;3
16;4;7;55100;2
16;4;7;55333;1
16;4;7;55555;50
16;4;5;95;20
16;4;5;96;52
16;4;5;180;139
16;4;5;222;41
16;4;5;400;135
16;4;5;445;43
16;4;3;13;145
16;4;3;45;50
16;4;3;95;4
16;4;3;96;16
16;5;1;13;209
16;5;1;22;36
16;5;1;55;1
16;5;1;95;3
16;5;1;96;14
16;5;6;10;1
16;5;6;11;3
16;5;6;12;3
16;5;6;13;4
16;5;6;14;1
16;5;6;15;6
16;5;6;23;2
16;5;6;95;4
16;5;6;96;5
16;5;6;1000;1
16;5;6;1010;1
16;5;6;1222;1
16;5;6;1233;1
16;5;6;1234;7
16;5;6;1313;1
16;5;6;1322;6
16;5;6;1323;21
16;5;6;1333;1
16;5;6;1515;123
16;5;6;1555;24
16;5;6;2220;6
16;5;6;2222;7
16;5;6;2244;1
16;5;6;2277;3
16;5;6;2299;1
16;5;6;2333;15
16;5;6;2518;1
16;5;6;2555;1
16;5;6;2588;1
16;5;6;4040;1
16;5;6;4077;2
16;5;6;4412;1
16;5;6;4444;3
16;5;6;4512;1
16;5;6;5533;2
16;5;6;7000;1
16;5;7;12;2
16;5;7;13;2
16;5;7;15;5
16;5;7;18;1
16;5;7;22;2
16;5;7;25;1
16;5;7;33;1
16;5;7;40;8
16;5;7;44;2
16;5;7;45;2
16;5;7;55;1
16;5;7;95;10
16;5;7;96;9
16;5;7;10100;43
16;5;7;10444;1
16;5;7;11000;1
16;5;7;11555;1
16;5;7;13000;1
16;5;7;13013;6
16;5;7;13444;1
16;5;7;13456;1
16;5;7;13700;1
16;5;7;15222;10
16;5;7;22222;1
16;5;7;22444;3
16;5;7;22777;3
16;5;7;25444;2
16;5;7;40111;1
16;5;7;40114;31
16;5;7;40700;1
16;5;7;40774;1
16;5;7;44222;1
16;5;7;44555;1
16;5;7;45222;1
16;5;7;45555;1
16;5;7;45800;6
16;5;7;45888;1
16;5;7;45999;1
16;5;7;55555;96
16;5;5;95;28
16;5;5;96;88
16;5;5;180;172
16;5;5;222;28
16;5;5;400;184
16;5;5;445;26
16;5;3;13;198
16;5;3;45;34
16;5;3;95;7
16;5;3;96;24
16;6;1;13;123
16;6;1;14;6
16;6;1;22;33
16;6;1;30;1
16;6;1;55;1
16;6;1;70;5
16;6;1;95;1
16;6;1;96;12
16;6;6;11;2
16;6;6;12;2
16;6;6;15;2
16;6;6;18;1
16;6;6;95;4
16;6;6;96;4
16;6;6;1234;12
16;6;6;1322;7
16;6;6;1323;3
16;6;6;1333;1
16;6;6;1388;1
16;6;6;1414;2
16;6;6;1515;65
16;6;6;1555;17
16;6;6;2200;3
16;6;6;2220;1
16;6;6;2222;8
16;6;6;2252;1
16;6;6;2277;1
16;6;6;2288;1
16;6;6;2299;1
16;6;6;2323;1
16;6;6;2333;5
16;6;6;2518;2
16;6;6;4010;1
16;6;6;4040;6
16;6;6;4044;11
16;6;6;4077;5
16;6;6;4444;1
16;6;6;4455;2
16;6;6;4522;3
16;6;6;4555;2
16;6;6;5050;1
16;6;6;5555;1
16;6;6;6565;1
16;6;6;7788;1
16;6;7;12;2
16;6;7;13;3
16;6;7;22;1
16;6;7;40;8
16;6;7;50;1
16;6;7;55;3
16;6;7;65;1
16;6;7;95;9
16;6;7;96;6
16;6;7;10100;5
16;6;7;12345;1
16;6;7;13013;2
16;6;7;13132;2
16;6;7;13333;2
16;6;7;13700;2
16;6;7;13888;7
16;6;7;15222;17
16;6;7;22000;2
16;6;7;22180;1
16;6;7;22220;1
16;6;7;22221;1
16;6;7;22222;3
16;6;7;22444;2
16;6;7;22777;1
16;6;7;22888;1
16;6;7;25444;1
16;6;7;40111;6
16;6;7;40114;19
16;6;7;45000;1
16;6;7;45222;7
16;6;7;45422;1
16;6;7;45633;1
16;6;7;45999;1
16;6;7;50555;1
16;6;7;55333;7
16;6;7;55555;52
16;6;7;77888;1
16;6;5;95;22
16;6;5;96;65
16;6;5;180;100
16;6;5;222;36
16;6;5;300;2
16;6;5;400;105
16;6;5;445;34
16;6;3;13;113
16;6;3;14;1
16;6;3;30;2
16;6;3;45;47
16;6;3;95;6
16;6;3;96;13
16;7;1;13;124
16;7;1;14;7
16;7;1;22;32
16;7;1;55;1
16;7;1;70;3
16;7;1;95;2
16;7;1;96;9
16;7;6;11;3
16;7;6;12;2
16;7;6;13;5
16;7;6;40;1
16;7;6;95;14
16;7;6;96;3
16;7;6;1022;1
16;7;6;1144;1
16;7;6;1222;1
16;7;6;1234;17
16;7;6;1301;1
16;7;6;1322;8
16;7;6;1323;5
16;7;6;1333;1
16;7;6;1414;1
16;7;6;1515;57
16;7;6;1555;15
16;7;6;2200;1
16;7;6;2220;2
16;7;6;2222;4
16;7;6;2323;4
16;7;6;2333;8
16;7;6;2518;1
16;7;6;2555;1
16;7;6;3000;1
16;7;6;4010;1
16;7;6;4040;1
16;7;6;4044;6
16;7;6;4077;1
16;7;6;4433;1
16;7;6;4455;4
16;7;6;4522;1
16;7;6;5511;2
16;7;6;5533;1
16;7;6;6565;2
16;7;7;10;1
16;7;7;12;2
16;7;7;13;1
16;7;7;15;2
16;7;7;18;1
16;7;7;23;1
16;7;7;40;6
16;7;7;44;2
16;7;7;45;1
16;7;7;95;12
16;7;7;96;4
16;7;7;10100;6
16;7;7;10222;1
16;7;7;13013;3
16;7;7;13111;1
16;7;7;13113;1
16;7;7;13123;1
16;7;7;13132;4
16;7;7;13333;1
16;7;7;13444;1
16;7;7;13888;4
16;7;7;13999;1
16;7;7;15222;19
16;7;7;22000;2
16;7;7;22022;1
16;7;7;22220;1
16;7;7;22222;1
16;7;7;22444;2
16;7;7;33309;1
16;7;7;40111;6
16;7;7;40114;22
16;7;7;40777;1
16;7;7;45222;12
16;7;7;45422;1
16;7;7;45633;1
16;7;7;45800;1
16;7;7;45999;1
16;7;7;50555;1
16;7;7;55100;1
16;7;7;55333;10
16;7;7;55555;37
16;7;5;95;35
16;7;5;96;54
16;7;5;180;106
16;7;5;222;21
16;7;5;300;1
16;7;5;400;113
16;7;5;445;26
16;7;3;13;118
16;7;3;14;1
16;7;3;45;35
16;7;3;95;9
16;7;3;96;15
16;8;1;13;136
16;8;1;14;1
16;8;1;22;33
16;8;1;70;1
16;8;1;80;1
16;8;1;95;1
16;8;1;96;6
16;8;6;10;1
16;8;6;12;5
16;8;6;13;5
16;8;6;18;1
16;8;6;77;1
16;8;6;95;9
16;8;6;96;5
16;8;6;1234;11
16;8;6;1256;1
16;8;6;1322;14
16;8;6;1323;2
16;8;6;1515;55
16;8;6;1520;1
16;8;6;1555;17
16;8;6;2200;1
16;8;6;2201;1
16;8;6;2222;5
16;8;6;2277;1
16;8;6;2288;2
16;8;6;2323;4
16;8;6;2333;7
16;8;6;2518;3
16;8;6;2555;1
16;8;6;4040;4
16;8;6;4044;7
16;8;6;4077;2
16;8;6;4422;1
16;8;6;4433;1
16;8;6;4444;3
16;8;6;4455;1
16;8;6;4555;1
16;8;6;5050;1
16;8;6;5544;2
16;8;6;5555;2
16;8;6;5588;1
16;8;7;12;1
16;8;7;13;3
16;8;7;15;1
16;8;7;18;5
16;8;7;40;8
16;8;7;55;3
16;8;7;95;7
16;8;7;96;6
16;8;7;10100;4
16;8;7;10222;2
16;8;7;11555;2
16;8;7;12345;2
16;8;7;13000;1
16;8;7;13013;3
16;8;7;13123;2
16;8;7;13132;1
16;8;7;13333;1
16;8;7;13444;1
16;8;7;13700;2
16;8;7;13888;4
16;8;7;15222;16
16;8;7;22000;2
16;8;7;22022;1
16;8;7;22180;1
16;8;7;22221;1
16;8;7;22222;1
16;8;7;22777;1
16;8;7;22888;3
16;8;7;33000;1
16;8;7;33309;1
16;8;7;40000;1
16;8;7;40111;7
16;8;7;40114;26
16;8;7;45222;12
16;8;7;55011;1
16;8;7;55333;5
16;8;7;55555;40
16;8;5;95;26
16;8;5;96;61
16;8;5;162;2
16;8;5;180;104
16;8;5;222;29
16;8;5;300;1
16;8;5;400;104
16;8;5;445;30
16;8;5;800;1
16;8;3;13;117
16;8;3;45;40
16;8;3;95;8
16;8;3;96;14
16;9;1;13;190
16;9;1;14;4
16;9;1;22;64
16;9;1;30;1
16;9;1;55;3
16;9;1;70;8
16;9;1;95;3
16;9;1;96;12
16;9;6;11;1
16;9;6;12;1
16;9;6;13;3
16;9;6;20;1
16;9;6;23;1
16;9;6;45;1
16;9;6;55;1
16;9;6;95;11
16;9;6;96;7
16;9;6;1234;23
16;9;6;1256;3
16;9;6;1301;2
16;9;6;1314;1
16;9;6;1322;22
16;9;6;1323;4
16;9;6;1331;2
16;9;6;1399;1
16;9;6;1515;85
16;9;6;1520;1
16;9;6;1525;1
16;9;6;1555;23
16;9;6;2200;1
16;9;6;2220;2
16;9;6;2222;16
16;9;6;2233;1
16;9;6;2277;1
16;9;6;2323;9
16;9;6;2333;18
16;9;6;2518;4
16;9;6;2555;1
16;9;6;4010;2
16;9;6;4040;5
16;9;6;4044;6
16;9;6;4077;2
16;9;6;4422;1
16;9;6;4433;2
16;9;6;4444;2
16;9;6;4490;2
16;9;6;4555;1
16;9;6;5050;3
16;9;6;5077;1
16;9;6;5511;3
16;9;6;5533;1
16;9;6;5555;1
16;9;6;5588;2
16;9;6;6565;1
16;9;6;7788;1
16;9;6;8080;1
16;9;7;10;1
16;9;7;12;1
16;9;7;13;2
16;9;7;15;1
16;9;7;18;1
16;9;7;20;1
16;9;7;23;1
16;9;7;40;6
16;9;7;44;3
16;9;7;55;1
16;9;7;95;17
16;9;7;96;7
16;9;7;10100;8
16;9;7;10222;6
16;9;7;10444;1
16;9;7;11000;1
16;9;7;13000;1
16;9;7;13013;9
16;9;7;13123;2
16;9;7;13132;2
16;9;7;13180;1
16;9;7;13333;1
16;9;7;13444;3
16;9;7;13456;1
16;9;7;13777;2
16;9;7;13888;8
16;9;7;15222;30
16;9;7;15333;3
16;9;7;22000;4
16;9;7;22022;3
16;9;7;22190;2
16;9;7;22220;2
16;9;7;22221;1
16;9;7;22222;1
16;9;7;22444;4
16;9;7;22777;1
16;9;7;33309;1
16;9;7;33900;1
16;9;7;40111;5
16;9;7;40114;43
16;9;7;40234;1
16;9;7;40333;1
16;9;7;44444;1
16;9;7;45222;24
16;9;7;45633;3
16;9;7;45800;1
16;9;7;50013;1
16;9;7;50180;3
16;9;7;55000;2
16;9;7;55011;1
16;9;7;55100;2
16;9;7;55333;2
16;9;7;55555;53
16;9;7;55777;1
16;9;5;95;53
16;9;5;96;61
16;9;5;180;159
16;9;5;222;60
16;9;5;400;171
16;9;5;445;65
16;9;5;800;1
16;9;3;13;168
16;9;3;14;1
16;9;3;45;86
16;9;3;95;11
16;9;3;96;19
16;10;1;13;188
16;10;1;14;4
16;10;1;22;47
16;10;1;29;1
16;10;1;70;1
16;10;1;95;5
16;10;1;96;13
16;10;6;11;1
16;10;6;12;6
16;10;6;13;1
16;10;6;14;1
16;10;6;15;1
16;10;6;95;16
16;10;6;96;6
16;10;6;1234;13
16;10;6;1301;1
16;10;6;1322;20
16;10;6;1323;4
16;10;6;1515;58
16;10;6;1555;63
16;10;6;2200;2
16;10;6;2220;4
16;10;6;2222;13
16;10;6;2277;2
16;10;6;2323;4
16;10;6;2333;12
16;10;6;2518;6
16;10;6;2555;3
16;10;6;4000;1
16;10;6;4011;2
16;10;6;4040;8
16;10;6;4044;2
16;10;6;4077;3
16;10;6;4444;3
16;10;6;5050;2
16;10;6;6565;1
16;10;7;13;2
16;10;7;18;2
16;10;7;22;3
16;10;7;23;1
16;10;7;40;11
16;10;7;44;3
16;10;7;45;3
16;10;7;55;2
16;10;7;95;10
16;10;7;96;8
16;10;7;10100;4
16;10;7;10222;3
16;10;7;13013;1
16;10;7;13123;1
16;10;7;13444;1
16;10;7;13888;3
16;10;7;15222;13
16;10;7;15333;1
16;10;7;22000;1
16;10;7;22221;1
16;10;7;22222;1
16;10;7;22777;3
16;10;7;33309;2
16;10;7;40111;3
16;10;7;40114;106
16;10;7;45222;10
16;10;7;45633;1
16;10;7;50180;2
16;10;7;55100;2
16;10;7;55333;1
16;10;7;55555;54
16;10;5;95;36
16;10;5;96;78
16;10;5;162;1
16;10;5;180;156
16;10;5;222;38
16;10;5;290;1
16;10;5;400;164
16;10;5;445;44
16;10;3;13;174
16;10;3;14;1
16;10;3;45;59
16;10;3;95;7
16;10;3;96;18
16;11;1;13;181
16;11;1;14;6
16;11;1;22;67
16;11;1;55;1
16;11;1;70;2
16;11;1;95;1
16;11;1;96;9
16;11;6;12;1
16;11;6;13;2
16;11;6;22;3
16;11;6;45;1
16;11;6;50;1
16;11;6;95;8
16;11;6;96;4
16;11;6;1010;2
16;11;6;1234;23
16;11;6;1301;2
16;11;6;1314;1
16;11;6;1322;29
16;11;6;1323;4
16;11;6;1331;1
16;11;6;1333;1
16;11;6;1400;1
16;11;6;1414;2
16;11;6;1515;77
16;11;6;1520;1
16;11;6;1555;12
16;11;6;2200;4
16;11;6;2222;12
16;11;6;2244;1
16;11;6;2255;1
16;11;6;2277;1
16;11;6;2278;1
16;11;6;2288;2
16;11;6;2323;7
16;11;6;2333;10
16;11;6;2555;2
16;11;6;4000;1
16;11;6;4010;3
16;11;6;4040;3
16;11;6;4044;6
16;11;6;4055;1
16;11;6;4077;5
16;11;6;4400;2
16;11;6;4422;1
16;11;6;4444;5
16;11;6;4455;2
16;11;6;4555;4
16;11;6;5018;1
16;11;6;5050;1
16;11;6;5077;1
16;11;6;5511;6
16;11;6;5533;3
16;11;6;5555;1
16;11;6;5578;1
16;11;6;5588;1
16;11;6;6565;1
16;11;6;7700;1
16;11;7;11;1
16;11;7;13;4
16;11;7;15;1
16;11;7;18;3
16;11;7;22;2
16;11;7;40;4
16;11;7;44;1
16;11;7;45;2
16;11;7;55;1
16;11;7;95;9
16;11;7;96;5
16;11;7;10100;5
16;11;7;10123;2
16;11;7;10222;9
16;11;7;11111;1
16;11;7;11555;4
16;11;7;13013;12
16;11;7;13123;1
16;11;7;13132;3
16;11;7;13180;1
16;11;7;13222;1
16;11;7;13333;1
16;11;7;13444;2
16;11;7;13456;1
16;11;7;13700;1
16;11;7;13777;1
16;11;7;13888;7
16;11;7;15000;1
16;11;7;15222;32
16;11;7;15555;1
16;11;7;22000;3
16;11;7;22022;2
16;11;7;22130;1
16;11;7;22220;1
16;11;7;22221;2
16;11;7;22222;4
16;11;7;22444;1
16;11;7;22762;1
16;11;7;22777;1
16;11;7;22888;1
16;11;7;25444;2
16;11;7;40111;4
16;11;7;40114;41
16;11;7;40774;1
16;11;7;45111;1
16;11;7;45190;2
16;11;7;45222;20
16;11;7;45633;1
16;11;7;45678;1
16;11;7;50180;1
16;11;7;50555;2
16;11;7;55000;2
16;11;7;55100;1
16;11;7;55111;1
16;11;7;55333;3
16;11;7;55555;48
16;11;5;95;26
16;11;5;96;65
16;11;5;180;160
16;11;5;222;53
16;11;5;400;168
16;11;5;445;60
16;11;5;800;2
16;11;3;13;159
16;11;3;14;3
16;11;3;45;75
16;11;3;95;7
16;11;3;96;23
16;12;1;13;180
16;12;1;14;6
16;12;1;22;51
16;12;1;55;3
16;12;1;70;3
16;12;1;95;3
16;12;1;96;16
16;12;6;11;3
16;12;6;12;5
16;12;6;13;2
16;12;6;14;1
16;12;6;15;6
16;12;6;40;1
16;12;6;95;6
16;12;6;96;10
16;12;6;1234;17
16;12;6;1255;1
16;12;6;1322;25
16;12;6;1323;6
16;12;6;1400;3
16;12;6;1414;2
16;12;6;1515;60
16;12;6;1555;52
16;12;6;2200;1
16;12;6;2220;6
16;12;6;2222;12
16;12;6;2277;1
16;12;6;2288;1
16;12;6;2323;2
16;12;6;2333;12
16;12;6;2518;2
16;12;6;4000;1
16;12;6;4011;1
16;12;6;4040;9
16;12;6;4044;1
16;12;6;4077;1
16;12;6;4422;2
16;12;6;4444;2
16;12;6;4490;1
16;12;6;5050;2
16;12;6;5511;1
16;12;6;5555;2
16;12;6;5578;1
16;12;6;8080;1
16;12;7;15;1
16;12;7;18;8
16;12;7;40;8
16;12;7;45;1
16;12;7;55;2
16;12;7;95;13
16;12;7;96;10
16;12;7;10100;4
16;12;7;11000;1
16;12;7;12345;2
16;12;7;13013;3
16;12;7;13444;1
16;12;7;13700;1
16;12;7;13777;2
16;12;7;13888;1
16;12;7;15222;19
16;12;7;15555;1
16;12;7;22022;2
16;12;7;22190;1
16;12;7;22220;1
16;12;7;22221;1
16;12;7;22222;5
16;12;7;22444;1
16;12;7;22777;1
16;12;7;22888;1
16;12;7;40000;1
16;12;7;40100;1
16;12;7;40111;2
16;12;7;40114;101
16;12;7;45222;7
16;12;7;45633;2
16;12;7;50180;3
16;12;7;55333;1
16;12;7;55555;53
16;12;5;95;22
16;12;5;96;71
16;12;5;180;163
16;12;5;222;49
16;12;5;300;1
16;12;5;400;162
16;12;5;445;53
16;12;5;800;3
16;12;3;13;173
16;12;3;14;1
16;12;3;45;66
16;12;3;95;4
16;12;3;96;18
16;13;1;13;120
16;13;1;22;23
16;13;1;70;1
16;13;1;95;2
16;13;1;96;12
16;13;6;11;1
16;13;6;13;3
16;13;6;15;4
16;13;6;65;1
16;13;6;95;5
16;13;6;96;5
16;13;6;1207;1
16;13;6;1224;1
16;13;6;1234;17
16;13;6;1256;2
16;13;6;1313;1
16;13;6;1322;7
16;13;6;1323;3
16;13;6;1331;1
16;13;6;1333;1
16;13;6;1515;47
16;13;6;1522;1
16;13;6;1555;20
16;13;6;2220;1
16;13;6;2222;7
16;13;6;2277;1
16;13;6;2288;1
16;13;6;2323;6
16;13;6;2333;3
16;13;6;2518;2
16;13;6;4010;2
16;13;6;4044;3
16;13;6;4077;3
16;13;6;4444;2
16;13;6;4555;1
16;13;6;5050;1
16;13;6;5511;1
16;13;6;5555;1
16;13;6;6565;1
16;13;6;7788;1
16;13;7;11;1
16;13;7;13;2
16;13;7;15;3
16;13;7;18;1
16;13;7;22;2
16;13;7;23;1
16;13;7;40;7
16;13;7;44;1
16;13;7;45;2
16;13;7;65;1
16;13;7;95;8
16;13;7;96;5
16;13;7;10100;2
16;13;7;10478;1
16;13;7;12222;1
16;13;7;13000;1
16;13;7;13013;2
16;13;7;13132;2
16;13;7;13222;2
16;13;7;13333;1
16;13;7;13888;4
16;13;7;15222;16
16;13;7;22221;1
16;13;7;22222;1
16;13;7;22444;2
16;13;7;22777;1
16;13;7;22888;1
16;13;7;33309;1
16;13;7;40111;2
16;13;7;40114;26
16;13;7;40774;1
16;13;7;44011;1
16;13;7;45222;11
16;13;7;50013;1
16;13;7;55000;1
16;13;7;55333;5
16;13;7;55555;36
16;13;7;77888;1
16;13;5;95;23
16;13;5;96;53
16;13;5;180;99
16;13;5;222;15
16;13;5;300;1
16;13;5;400;109
16;13;5;445;16
16;13;3;13;111
16;13;3;45;24
16;13;3;95;5
16;13;3;96;18
16;14;1;13;103
16;14;1;14;1
16;14;1;22;26
16;14;1;70;2
16;14;1;95;2
16;14;1;96;5
16;14;6;11;1
16;14;6;12;1
16;14;6;13;5
16;14;6;15;1
16;14;6;95;2
16;14;6;96;5
16;14;6;1055;1
16;14;6;1234;8
16;14;6;1256;1
16;14;6;1322;10
16;14;6;1515;53
16;14;6;1520;1
16;14;6;1555;15
16;14;6;2200;1
16;14;6;2220;1
16;14;6;2222;6
16;14;6;2323;5
16;14;6;2333;5
16;14;6;2518;1
16;14;6;4000;1
16;14;6;4010;3
16;14;6;4040;4
16;14;6;4044;2
16;14;6;4077;1
16;14;6;4422;1
16;14;6;4444;1
16;14;6;4455;1
16;14;6;4555;1
16;14;6;5511;1
16;14;7;12;2
16;14;7;13;3
16;14;7;15;2
16;14;7;40;2
16;14;7;45;2
16;14;7;55;3
16;14;7;95;3
16;14;7;96;4
16;14;7;10222;3
16;14;7;13000;1
16;14;7;13013;3
16;14;7;13444;2
16;14;7;13700;1
16;14;7;13888;5
16;14;7;15222;11
16;14;7;15555;1
16;14;7;18420;1
16;14;7;22000;2
16;14;7;22022;1
16;14;7;22220;2
16;14;7;22221;2
16;14;7;22222;1
16;14;7;22444;1
16;14;7;25444;2
16;14;7;40111;3
16;14;7;40114;26
16;14;7;45222;8
16;14;7;45555;2
16;14;7;55333;3
16;14;7;55555;37
16;14;5;95;9
16;14;5;96;47
16;14;5;180;79
16;14;5;222;25
16;14;5;400;87
16;14;5;445;31
16;14;3;13;89
16;14;3;14;1
16;14;3;45;37
16;14;3;95;3
16;14;3;96;9
16;15;1;13;124
16;15;1;14;2
16;15;1;22;24
16;15;1;70;2
16;15;1;95;3
16;15;1;96;11
16;15;6;11;2
16;15;6;12;1
16;15;6;13;1
16;15;6;15;2
16;15;6;22;2
16;15;6;95;8
16;15;6;96;5
16;15;6;1010;1
16;15;6;1222;1
16;15;6;1234;15
16;15;6;1256;1
16;15;6;1313;1
16;15;6;1322;9
16;15;6;1323;1
16;15;6;1333;1
16;15;6;1515;56
16;15;6;1555;14
16;15;6;1888;1
16;15;6;2200;3
16;15;6;2220;2
16;15;6;2222;6
16;15;6;2277;1
16;15;6;2288;1
16;15;6;2323;6
16;15;6;2333;9
16;15;6;2555;1
16;15;6;4010;1
16;15;6;4040;1
16;15;6;4044;5
16;15;6;4077;1
16;15;6;4444;1
16;15;6;4522;1
16;15;6;4555;1
16;15;6;5511;1
16;15;6;5555;3
16;15;7;12;5
16;15;7;13;1
16;15;7;15;6
16;15;7;18;2
16;15;7;22;1
16;15;7;40;3
16;15;7;44;1
16;15;7;45;1
16;15;7;55;1
16;15;7;95;11
16;15;7;96;7
16;15;7;10010;1
16;15;7;10123;1
16;15;7;10222;2
16;15;7;11555;1
16;15;7;12345;1
16;15;7;13000;1
16;15;7;13013;3
16;15;7;13123;1
16;15;7;13222;2
16;15;7;13333;1
16;15;7;13777;1
16;15;7;13888;5
16;15;7;15222;15
16;15;7;15333;1
16;15;7;22022;1
16;15;7;22220;2
16;15;7;22444;2
16;15;7;22888;1
16;15;7;25444;1
16;15;7;40000;1
16;15;7;40111;7
16;15;7;40114;23
16;15;7;40555;1
16;15;7;45090;1
16;15;7;45222;8
16;15;7;45633;3
16;15;7;55000;1
16;15;7;55333;6
16;15;7;55555;33
16;15;5;95;28
16;15;5;96;67
16;15;5;180;92
16;15;5;222;23
16;15;5;300;1
16;15;5;400;96
16;15;5;445;25
16;15;3;13;111
16;15;3;14;1
16;15;3;45;29
16;15;3;95;6
16;15;3;96;19
16;16;1;13;97
16;16;1;14;1
16;16;1;22;32
16;16;1;70;3
16;16;1;95;1
16;16;1;96;7
16;16;6;10;1
16;16;6;12;1
16;16;6;15;2
16;16;6;22;1
16;16;6;95;6
16;16;6;96;2
16;16;6;1055;1
16;16;6;1234;17
16;16;6;1256;1
16;16;6;1322;8
16;16;6;1323;2
16;16;6;1331;1
16;16;6;1333;1
16;16;6;1515;47
16;16;6;1520;1
16;16;6;1555;10
16;16;6;2200;1
16;16;6;2220;4
16;16;6;2222;4
16;16;6;2288;2
16;16;6;2323;4
16;16;6;2333;6
16;16;6;2525;1
16;16;6;2555;2
16;16;6;4010;3
16;16;6;4011;1
16;16;6;4040;2
16;16;6;4044;1
16;16;6;4077;1
16;16;6;4444;1
16;16;6;4455;1
16;16;6;4522;1
16;16;6;4555;1
16;16;6;5050;1
16;16;6;5522;1
16;16;6;5533;1
16;16;7;12;1
16;16;7;13;1
16;16;7;15;3
16;16;7;18;1
16;16;7;23;1
16;16;7;30;1
16;16;7;40;11
16;16;7;44;1
16;16;7;45;2
16;16;7;55;1
16;16;7;95;6
16;16;7;96;4
16;16;7;10100;4
16;16;7;10222;2
16;16;7;10999;1
16;16;7;13000;1
16;16;7;13013;5
16;16;7;13123;3
16;16;7;13888;5
16;16;7;15222;17
16;16;7;15333;1
16;16;7;18333;1
16;16;7;22130;1
16;16;7;22220;1
16;16;7;22444;6
16;16;7;22888;1
16;16;7;40111;2
16;16;7;40114;13
16;16;7;40222;1
16;16;7;45190;1
16;16;7;45222;7
16;16;7;45633;1
16;16;7;55100;1
16;16;7;55333;1
16;16;7;55555;32
16;16;5;95;11
16;16;5;96;61
16;16;5;180;76
16;16;5;222;27
16;16;5;400;81
16;16;5;445;26
16;16;3;13;86
16;16;3;45;35
16;16;3;95;4
16;16;3;96;16
16;17;1;13;114
16;17;1;14;4
16;17;1;22;43
16;17;1;29;1
16;17;1;55;4
16;17;1;70;1
16;17;1;95;2
16;17;1;96;7
16;17;6;12;1
16;17;6;13;4
16;17;6;95;3
16;17;6;96;2
16;17;6;1212;2
16;17;6;1234;11
16;17;6;1301;3
16;17;6;1313;1
16;17;6;1322;17
16;17;6;1323;1
16;17;6;1467;1
16;17;6;1511;1
16;17;6;1515;44
16;17;6;1520;2
16;17;6;1555;18
16;17;6;2200;6
16;17;6;2220;2
16;17;6;2222;9
16;17;6;2288;2
16;17;6;2323;3
16;17;6;2333;10
16;17;6;2518;1
16;17;6;2555;5
16;17;6;4010;1
16;17;6;4011;1
16;17;6;4040;7
16;17;6;4044;1
16;17;6;4077;3
16;17;6;4433;4
16;17;6;4444;3
16;17;6;4490;1
16;17;6;5050;2
16;17;6;5077;1
16;17;6;5511;1
16;17;6;5588;1
16;17;6;7711;1
16;17;7;10;1
16;17;7;13;1
16;17;7;15;1
16;17;7;18;1
16;17;7;22;2
16;17;7;25;1
16;17;7;40;5
16;17;7;43;1
16;17;7;45;1
16;17;7;55;2
16;17;7;95;4
16;17;7;96;2
16;17;7;10100;1
16;17;7;11555;2
16;17;7;13013;8
16;17;7;13123;1
16;17;7;13131;1
16;17;7;13333;2
16;17;7;13444;1
16;17;7;13700;1
16;17;7;13888;11
16;17;7;13999;1
16;17;7;15222;10
16;17;7;22000;3
16;17;7;22022;2
16;17;7;22026;1
16;17;7;22130;1
16;17;7;22190;1
16;17;7;22220;2
16;17;7;22222;2
16;17;7;22444;4
16;17;7;22789;1
16;17;7;22888;2
16;17;7;33900;1
16;17;7;40111;1
16;17;7;40114;31
16;17;7;40777;1
16;17;7;45222;8
16;17;7;45633;1
16;17;7;50180;1
16;17;7;50555;4
16;17;7;55000;1
16;17;7;55100;3
16;17;7;55333;2
16;17;7;55555;42
16;17;5;95;14
16;17;5;96;52
16;17;5;180;96
16;17;5;222;37
16;17;5;400;110
16;17;5;445;43
16;17;3;13;101
16;17;3;45;55
16;17;3;95;5
16;17;3;96;15
16;18;1;13;157
16;18;1;22;20
16;18;1;95;3
16;18;1;96;2
16;18;6;11;2
16;18;6;12;1
16;18;6;13;1
16;18;6;95;7
16;18;6;96;4
16;18;6;1010;1
16;18;6;1111;2
16;18;6;1234;8
16;18;6;1322;11
16;18;6;1323;6
16;18;6;1511;1
16;18;6;1515;54
16;18;6;1522;1
16;18;6;1555;52
16;18;6;2222;3
16;18;6;2255;1
16;18;6;2323;4
16;18;6;2333;2
16;18;6;2518;1
16;18;6;2555;3
16;18;6;4011;2
16;18;6;4040;10
16;18;6;4077;1
16;18;6;4522;2
16;18;6;5555;1
16;18;6;5588;1
16;18;7;11;1
16;18;7;13;1
16;18;7;15;3
16;18;7;18;3
16;18;7;40;6
16;18;7;95;7
16;18;7;96;6
16;18;7;10100;5
16;18;7;10222;1
16;18;7;11111;2
16;18;7;13013;2
16;18;7;13444;1
16;18;7;13456;1
16;18;7;13888;2
16;18;7;15222;9
16;18;7;22221;1
16;18;7;22222;1
16;18;7;22444;2
16;18;7;40111;2
16;18;7;40114;66
16;18;7;45222;18
16;18;7;45422;1
16;18;7;55000;1
16;18;7;55555;40
16;18;5;95;26
16;18;5;96;55
16;18;5;180;121
16;18;5;222;14
16;18;5;400;130
16;18;5;445;18
16;18;3;13;139
16;18;3;45;29
16;18;3;95;4
16;18;3;96;10
16;19;1;13;144
16;19;1;14;5
16;19;1;22;19
16;19;1;70;1
16;19;1;95;2
16;19;1;96;9
16;19;6;12;2
16;19;6;13;1
16;19;6;18;1
16;19;6;40;1
16;19;6;50;1
16;19;6;95;9
16;19;6;96;6
16;19;6;1234;10
16;19;6;1301;2
16;19;6;1322;9
16;19;6;1323;5
16;19;6;1331;1
16;19;6;1333;1
16;19;6;1515;65
16;19;6;1520;1
16;19;6;1544;1
16;19;6;1555;15
16;19;6;1800;1
16;19;6;2222;3
16;19;6;2323;3
16;19;6;2333;14
16;19;6;2518;1
16;19;6;2555;1
16;19;6;4011;1
16;19;6;4040;4
16;19;6;4044;8
16;19;6;4077;3
16;19;6;4422;1
16;19;6;4444;1
16;19;6;4445;1
16;19;6;4455;1
16;19;6;4555;3
16;19;6;5050;1
16;19;6;5533;1
16;19;6;6565;1
16;19;7;10;1
16;19;7;12;1
16;19;7;13;2
16;19;7;15;3
16;19;7;18;3
16;19;7;22;1
16;19;7;23;1
16;19;7;40;5
16;19;7;44;1
16;19;7;45;1
16;19;7;55;1
16;19;7;95;11
16;19;7;96;6
16;19;7;10100;3
16;19;7;10222;2
16;19;7;11555;1
16;19;7;12345;1
16;19;7;13013;5
16;19;7;13132;2
16;19;7;13333;1
16;19;7;13700;1
16;19;7;13888;4
16;19;7;15222;17
16;19;7;22022;2
16;19;7;40111;8
16;19;7;40114;19
16;19;7;45190;1
16;19;7;45222;14
16;19;7;45633;1
16;19;7;45800;1
16;19;7;50180;1
16;19;7;50555;2
16;19;7;55011;1
16;19;7;55333;7
16;19;7;55555;49
16;19;5;95;30
16;19;5;96;56
16;19;5;180;117
16;19;5;222;17
16;19;5;400;120
16;19;5;445;20
16;19;3;13;125
16;19;3;45;35
16;19;3;95;5
16;19;3;96;15
16;20;1;13;204
16;20;1;14;3
16;20;1;22;55
16;20;1;55;1
16;20;1;70;7
16;20;1;95;2
16;20;1;96;4
16;20;6;11;2
16;20;6;12;3
16;20;6;13;1
16;20;6;15;3
16;20;6;45;1
16;20;6;55;1
16;20;6;95;11
16;20;6;96;1
16;20;6;1010;1
16;20;6;1233;1
16;20;6;1234;24
16;20;6;1299;1
16;20;6;1301;2
16;20;6;1313;1
16;20;6;1322;22
16;20;6;1323;4
16;20;6;1333;2
16;20;6;1511;1
16;20;6;1515;97
16;20;6;1555;12
16;20;6;1888;1
16;20;6;2200;1
16;20;6;2220;1
16;20;6;2222;16
16;20;6;2233;1
16;20;6;2244;1
16;20;6;2252;1
16;20;6;2277;1
16;20;6;2323;5
16;20;6;2333;10
16;20;6;2518;1
16;20;6;2555;6
16;20;6;4010;1
16;20;6;4040;10
16;20;6;4044;3
16;20;6;4077;1
16;20;6;4433;1
16;20;6;4444;4
16;20;6;4445;1
16;20;6;4555;5
16;20;6;5050;1
16;20;6;5533;4
16;20;6;5555;4
16;20;6;5588;1
16;20;6;6565;2
16;20;6;7700;1
16;20;6;8080;1
16;20;7;13;3
16;20;7;15;1
16;20;7;18;4
16;20;7;23;2
16;20;7;40;6
16;20;7;44;1
16;20;7;45;1
16;20;7;55;3
16;20;7;95;8
16;20;7;96;2
16;20;7;10100;4
16;20;7;10123;1
16;20;7;10222;3
16;20;7;11000;1
16;20;7;11100;1
16;20;7;11555;3
16;20;7;13013;14
16;20;7;13123;4
16;20;7;13132;2
16;20;7;13333;3
16;20;7;13444;1
16;20;7;13700;6
16;20;7;13777;1
16;20;7;13888;5
16;20;7;15222;30
16;20;7;15555;1
16;20;7;22000;1
16;20;7;22022;6
16;20;7;22222;2
16;20;7;22444;2
16;20;7;22777;1
16;20;7;40111;5
16;20;7;40114;28
16;20;7;44444;2
16;20;7;44555;1
16;20;7;45000;1
16;20;7;45190;2
16;20;7;45222;22
16;20;7;45633;1
16;20;7;45800;1
16;20;7;50180;2
16;20;7;50555;3
16;20;7;55000;2
16;20;7;55100;1
16;20;7;55333;6
16;20;7;55555;75
16;20;7;77888;1
16;20;5;95;27
16;20;5;96;55
16;20;5;180;175
16;20;5;222;50
16;20;5;300;1
16;20;5;400;189
16;20;5;445;53
16;20;5;800;2
16;20;3;13;180
16;20;3;14;1
16;20;3;45;73
16;20;3;80;1
16;20;3;95;5
16;20;3;96;16
16;21;1;13;199
16;21;1;14;5
16;21;1;22;64
16;21;1;55;1
16;21;1;70;3
16;21;1;95;3
16;21;1;96;3
16;21;6;12;2
16;21;6;13;2
16;21;6;15;1
16;21;6;44;1
16;21;6;95;13
16;21;6;96;7
16;21;6;1010;3
16;21;6;1055;1
16;21;6;1234;17
16;21;6;1256;1
16;21;6;1313;1
16;21;6;1322;22
16;21;6;1515;92
16;21;6;1520;1
16;21;6;1522;1
16;21;6;1555;20
16;21;6;2200;3
16;21;6;2220;5
16;21;6;2222;13
16;21;6;2277;1
16;21;6;2288;1
16;21;6;2323;7
16;21;6;2333;11
16;21;6;2518;1
16;21;6;2555;5
16;21;6;4010;3
16;21;6;4040;5
16;21;6;4044;5
16;21;6;4077;5
16;21;6;4422;1
16;21;6;4433;1
16;21;6;4444;10
16;21;6;4445;2
16;21;6;4455;1
16;21;6;4490;1
16;21;6;4522;1
16;21;6;4555;2
16;21;6;5050;1
16;21;6;5077;1
16;21;6;5511;3
16;21;6;5578;1
16;21;6;7788;1
16;21;6;8080;2
16;21;7;12;2
16;21;7;13;1
16;21;7;15;1
16;21;7;18;2
16;21;7;22;3
16;21;7;40;2
16;21;7;44;2
16;21;7;55;2
16;21;7;95;8
16;21;7;96;7
16;21;7;10100;4
16;21;7;10123;2
16;21;7;10222;3
16;21;7;10999;1
16;21;7;13000;1
16;21;7;13013;10
16;21;7;13123;3
16;21;7;13132;1
16;21;7;13444;3
16;21;7;13700;1
16;21;7;13777;1
16;21;7;13888;13
16;21;7;15222;24
16;21;7;22000;1
16;21;7;22022;4
16;21;7;22190;1
16;21;7;22220;1
16;21;7;22221;2
16;21;7;22222;3
16;21;7;22444;2
16;21;7;22777;2
16;21;7;22888;2
16;21;7;25444;2
16;21;7;40111;4
16;21;7;40114;50
16;21;7;45190;2
16;21;7;45222;21
16;21;7;45633;2
16;21;7;50180;4
16;21;7;50555;6
16;21;7;55000;4
16;21;7;55100;2
16;21;7;55111;1
16;21;7;55333;3
16;21;7;55555;62
16;21;5;95;41
16;21;5;96;39
16;21;5;180;172
16;21;5;222;55
16;21;5;400;186
16;21;5;445;61
16;21;5;800;2
16;21;3;13;179
16;21;3;35;1
16;21;3;45;87
16;21;3;95;8
16;21;3;96;3
16;22;1;13;142
16;22;1;14;1
16;22;1;22;14
16;22;1;55;3
16;22;1;70;1
16;22;1;96;2
16;22;6;95;2
16;22;6;1234;1
16;22;6;1322;41
16;22;6;1323;6
16;22;6;1333;1
16;22;6;1515;75
16;22;6;1555;17
16;22;6;2200;1
16;22;6;2222;2
16;22;6;2244;1
16;22;6;2277;1
16;22;6;2323;3
16;22;6;2333;3
16;22;6;2518;3
16;22;6;2555;1
16;22;6;4422;1
16;22;6;4444;3
16;22;6;7700;1
16;22;7;13;1
16;22;7;15;1
16;22;7;18;2
16;22;7;23;1
16;22;7;40;3
16;22;7;43;1
16;22;7;95;4
16;22;7;96;3
16;22;7;10100;5
16;22;7;13013;2
16;22;7;13444;4
16;22;7;13888;1
16;22;7;15222;1
16;22;7;22220;1
16;22;7;22322;1
16;22;7;40100;1
16;22;7;40111;1
16;22;7;40114;39
16;22;7;40777;1
16;22;7;44111;1
16;22;7;45222;11
16;22;7;55100;1
16;22;7;55555;77
16;22;5;95;6
16;22;5;96;18
16;22;5;180;131
16;22;5;222;16
16;22;5;400;133
16;22;5;445;21
16;22;5;800;1
16;22;3;13;136
16;22;3;45;22
16;22;3;96;5
16;23;1;13;217
16;23;1;14;2
16;23;1;22;33
16;23;1;55;1
16;23;1;70;3
16;23;1;95;6
16;23;1;96;11
16;23;6;10;1
16;23;6;12;5
16;23;6;13;1
16;23;6;15;1
16;23;6;18;1
16;23;6;40;2
16;23;6;43;2
16;23;6;95;16
16;23;6;96;1
16;23;6;1212;2
16;23;6;1222;2
16;23;6;1234;28
16;23;6;1322;46
16;23;6;1323;4
16;23;6;1501;1
16;23;6;1515;75
16;23;6;1555;37
16;23;6;2222;6
16;23;6;2252;1
16;23;6;2255;1
16;23;6;2323;2
16;23;6;2333;1
16;23;6;2518;1
16;23;6;2555;3
16;23;6;4011;1
16;23;6;4040;9
16;23;6;4044;1
16;23;6;4077;2
16;23;6;4444;13
16;23;6;4445;1
16;23;6;4545;1
16;23;6;5050;2
16;23;6;5555;2
16;23;6;5588;1
16;23;7;13;1
16;23;7;15;5
16;23;7;18;5
16;23;7;40;12
16;23;7;45;1
16;23;7;55;3
16;23;7;95;17
16;23;7;96;3
16;23;7;10100;4
16;23;7;11555;1
16;23;7;12345;2
16;23;7;13000;1
16;23;7;13222;1
16;23;7;13444;1
16;23;7;13700;2
16;23;7;13888;3
16;23;7;15222;31
16;23;7;15333;1
16;23;7;15555;1
16;23;7;22222;1
16;23;7;22522;1
16;23;7;25444;1
16;23;7;40111;2
16;23;7;40114;87
16;23;7;45222;1
16;23;7;45633;1
16;23;7;45999;1
16;23;7;55000;4
16;23;7;55333;3
16;23;7;55555;76
16;23;5;95;43
16;23;5;96;89
16;23;5;180;169
16;23;5;222;23
16;23;5;400;186
16;23;5;445;36
16;23;3;13;189
16;23;3;14;2
16;23;3;45;51
16;23;3;95;10
16;23;3;96;21
16;24;1;13;203
16;24;1;14;1
16;24;1;22;23
16;24;1;95;6
16;24;1;96;16
16;24;6;11;2
16;24;6;12;4
16;24;6;13;1
16;24;6;15;3
16;24;6;23;2
16;24;6;40;2
16;24;6;55;1
16;24;6;95;7
16;24;6;96;2
16;24;6;1055;2
16;24;6;1224;1
16;24;6;1234;38
16;24;6;1301;1
16;24;6;1322;12
16;24;6;1515;43
16;24;6;1522;1
16;24;6;1555;58
16;24;6;1888;1
16;24;6;2200;1
16;24;6;2222;4
16;24;6;2323;12
16;24;6;2333;2
16;24;6;2518;3
16;24;6;4040;2
16;24;6;4077;9
16;24;6;4422;3
16;24;6;4444;15
16;24;6;4522;3
16;24;6;5511;1
16;24;6;5533;6
16;24;6;5555;1
16;24;6;5588;6
16;24;7;10;2
16;24;7;11;1
16;24;7;12;2
16;24;7;13;4
16;24;7;15;5
16;24;7;18;2
16;24;7;22;1
16;24;7;40;10
16;24;7;95;10
16;24;7;96;7
16;24;7;10478;2
16;24;7;11222;1
16;24;7;12222;1
16;24;7;12345;1
16;24;7;13013;2
16;24;7;13111;1
16;24;7;13132;2
16;24;7;13444;1
16;24;7;13700;1
16;24;7;13888;3
16;24;7;15222;42
16;24;7;22221;2
16;24;7;22222;1
16;24;7;25444;1
16;24;7;33900;1
16;24;7;40111;1
16;24;7;40114;50
16;24;7;45222;26
16;24;7;45633;1
16;24;7;50180;1
16;24;7;55000;4
16;24;7;55100;4
16;24;7;55333;2
16;24;7;55555;53
16;24;7;77888;1
16;24;5;95;25
16;24;5;96;81
16;24;5;180;172
16;24;5;222;21
16;24;5;400;180
16;24;5;445;18
16;24;5;800;1
16;24;3;13;181
16;24;3;45;33
16;24;3;95;8
16;24;3;96;27
16;25;1;13;182
16;25;1;14;2
16;25;1;21;1
16;25;1;22;19
16;25;1;70;4
16;25;1;95;7
16;25;1;96;11
16;25;6;11;3
16;25;6;12;2
16;25;6;13;3
16;25;6;15;3
16;25;6;22;1
16;25;6;77;1
16;25;6;95;7
16;25;6;96;6
16;25;6;1234;31
16;25;6;1322;19
16;25;6;1323;2
16;25;6;1512;1
16;25;6;1515;77
16;25;6;1555;36
16;25;6;2220;1
16;25;6;2288;1
16;25;6;2323;1
16;25;6;2333;4
16;25;6;2518;3
16;25;6;2555;2
16;25;6;4040;5
16;25;6;4044;4
16;25;6;4422;2
16;25;6;4444;4
16;25;6;4555;1
16;25;6;5077;1
16;25;6;5511;1
16;25;6;5533;1
16;25;6;5555;1
16;25;6;5588;1
16;25;6;7788;1
16;25;7;10;1
16;25;7;13;6
16;25;7;15;2
16;25;7;18;2
16;25;7;23;1
16;25;7;40;13
16;25;7;44;3
16;25;7;45;2
16;25;7;95;10
16;25;7;96;4
16;25;7;10100;1
16;25;7;10222;2
16;25;7;11000;1
16;25;7;11234;1
16;25;7;13013;11
16;25;7;13111;1
16;25;7;13123;1
16;25;7;13888;4
16;25;7;13999;1
16;25;7;15222;34
16;25;7;22222;1
16;25;7;22888;1
16;25;7;40000;1
16;25;7;40111;4
16;25;7;40114;28
16;25;7;44011;1
16;25;7;45222;30
16;25;7;45555;1
16;25;7;45633;1
16;25;7;45800;1
16;25;7;50180;1
16;25;7;55000;1
16;25;7;55100;1
16;25;7;55555;52
16;25;7;77888;1
16;25;5;95;35
16;25;5;96;73
16;25;5;180;125
16;25;5;222;24
16;25;5;400;149
16;25;5;445;45
16;25;5;800;1
16;25;3;13;160
16;25;3;45;39
16;25;3;95;8
16;25;3;96;19
16;26;1;13;183
16;26;1;14;2
16;26;1;22;25
16;26;1;55;2
16;26;1;70;1
16;26;1;95;3
16;26;1;96;21
16;26;6;11;5
16;26;6;12;8
16;26;6;13;2
16;26;6;15;3
16;26;6;25;1
16;26;6;77;1
16;26;6;95;5
16;26;6;96;3
16;26;6;1010;2
16;26;6;1212;1
16;26;6;1222;1
16;26;6;1234;25
16;26;6;1322;19
16;26;6;1323;1
16;26;6;1333;1
16;26;6;1515;98
16;26;6;1522;2
16;26;6;1555;37
16;26;6;2220;3
16;26;6;2222;5
16;26;6;2323;1
16;26;6;2333;4
16;26;6;2518;1
16;26;6;2555;3
16;26;6;4044;3
16;26;6;4410;1
16;26;6;5555;1
16;26;7;10;1
16;26;7;12;6
16;26;7;13;1
16;26;7;15;5
16;26;7;18;1
16;26;7;22;1
16;26;7;33;1
16;26;7;40;24
16;26;7;44;2
16;26;7;45;1
16;26;7;55;3
16;26;7;95;6
16;26;7;96;4
16;26;7;10100;2
16;26;7;10222;1
16;26;7;13013;1
16;26;7;13123;2
16;26;7;13888;2
16;26;7;15222;25
16;26;7;22221;2
16;26;7;22522;2
16;26;7;40110;1
16;26;7;40111;2
16;26;7;40114;55
16;26;7;45222;1
16;26;7;45456;1
16;26;7;45678;1
16;26;7;45800;1
16;26;7;45999;3
16;26;7;55100;1
16;26;7;55333;1
16;26;7;55555;77
16;26;5;95;14
16;26;5;96;112
16;26;5;180;146
16;26;5;222;20
16;26;5;400;161
16;26;5;445;20
16;26;5;800;1
16;26;3;13;161
16;26;3;45;33
16;26;3;95;4
16;26;3;96;39
16;27;1;13;185
16;27;1;14;2
16;27;1;22;57
16;27;1;55;1
16;27;1;70;1
16;27;1;96;17
16;27;6;11;1
16;27;6;12;3
16;27;6;13;2
16;27;6;15;3
16;27;6;95;7
16;27;6;96;6
16;27;6;1010;1
16;27;6;1234;11
16;27;6;1315;1
16;27;6;1322;27
16;27;6;1323;5
16;27;6;1400;1
16;27;6;1515;70
16;27;6;1522;2
16;27;6;1555;69
16;27;6;1888;1
16;27;6;2200;2
16;27;6;2220;3
16;27;6;2222;22
16;27;6;2255;1
16;27;6;2277;2
16;27;6;2323;3
16;27;6;2333;6
16;27;6;2518;1
16;27;6;2525;1
16;27;6;4010;1
16;27;6;4040;5
16;27;6;4044;1
16;27;6;5099;1
16;27;6;5544;1
16;27;6;5555;2
16;27;6;6565;1
16;27;7;13;1
16;27;7;15;4
16;27;7;18;9
16;27;7;40;14
16;27;7;44;1
16;27;7;45;2
16;27;7;55;2
16;27;7;77;1
16;27;7;95;11
16;27;7;96;7
16;27;7;10100;7
16;27;7;10222;1
16;27;7;13013;1
16;27;7;13222;1
16;27;7;13333;1
16;27;7;13700;1
16;27;7;13888;3
16;27;7;15222;11
16;27;7;15555;1
16;27;7;18333;1
16;27;7;22022;4
16;27;7;22220;1
16;27;7;22222;2
16;27;7;22777;5
16;27;7;22888;1
16;27;7;33309;1
16;27;7;40040;1
16;27;7;40100;1
16;27;7;40110;1
16;27;7;40111;2
16;27;7;40114;103
16;27;7;45222;8
16;27;7;50180;2
16;27;7;55333;3
16;27;7;55555;48
16;27;5;95;23
16;27;5;96;92
16;27;5;180;156
16;27;5;222;45
16;27;5;400;162
16;27;5;445;46
16;27;5;800;2
16;27;3;13;171
16;27;3;14;1
16;27;3;45;68
16;27;3;80;1
16;27;3;95;4
16;27;3;96;18
16;28;1;13;190
16;28;1;14;4
16;28;1;16;1
16;28;1;22;49
16;28;1;70;6
16;28;1;80;1
16;28;1;95;2
16;28;1;96;15
16;28;6;11;3
16;28;6;12;5
16;28;6;13;2
16;28;6;15;4
16;28;6;22;1
16;28;6;95;3
16;28;6;96;7
16;28;6;1010;1
16;28;6;1234;13
16;28;6;1301;1
16;28;6;1313;1
16;28;6;1322;27
16;28;6;1323;1
16;28;6;1512;1
16;28;6;1515;63
16;28;6;1555;77
16;28;6;2200;2
16;28;6;2220;2
16;28;6;2222;9
16;28;6;2277;3
16;28;6;2288;2
16;28;6;2299;1
16;28;6;2323;7
16;28;6;2333;10
16;28;6;2518;4
16;28;6;2555;3
16;28;6;4011;2
16;28;6;4040;3
16;28;6;4044;2
16;28;6;5005;1
16;28;6;5050;1
16;28;6;5077;1
16;28;6;5511;1
16;28;6;5533;1
16;28;6;5555;2
16;28;6;5588;1
16;28;7;12;1
16;28;7;13;2
16;28;7;15;5
16;28;7;18;8
16;28;7;33;1
16;28;7;40;13
16;28;7;45;2
16;28;7;55;2
16;28;7;95;7
16;28;7;96;13
16;28;7;10100;1
16;28;7;10123;1
16;28;7;10222;2
16;28;7;11555;2
16;28;7;13111;1
16;28;7;13222;2
16;28;7;13777;3
16;28;7;13888;1
16;28;7;15222;8
16;28;7;22022;4
16;28;7;22220;1
16;28;7;22222;4
16;28;7;22444;1
16;28;7;22777;1
16;28;7;22888;1
16;28;7;25555;1
16;28;7;33309;1
16;28;7;40000;1
16;28;7;40100;1
16;28;7;40111;5
16;28;7;40114;109
16;28;7;44011;1
16;28;7;45222;14
16;28;7;45456;1
16;28;7;45633;3
16;28;7;50555;1
16;28;7;55333;1
16;28;7;55555;42
16;28;5;95;17
16;28;5;96;98
16;28;5;162;1
16;28;5;180;158
16;28;5;222;43
16;28;5;290;1
16;28;5;300;1
16;28;5;400;175
16;28;5;445;42
16;28;3;13;171
16;28;3;45;72
16;28;3;95;2
16;28;3;96;23
16;29;1;13;172
16;29;1;14;4
16;29;1;22;50
16;29;1;55;2
16;29;1;70;3
16;29;1;95;3
16;29;1;96;22
16;29;6;12;8
16;29;6;13;1
16;29;6;15;1
16;29;6;18;1
16;29;6;22;2
16;29;6;95;11
16;29;6;96;8
16;29;6;1010;1
16;29;6;1234;11
16;29;6;1312;1
16;29;6;1322;31
16;29;6;1323;5
16;29;6;1400;1
16;29;6;1515;67
16;29;6;1516;1
16;29;6;1520;1
16;29;6;1555;65
16;29;6;2200;2
16;29;6;2220;1
16;29;6;2222;8
16;29;6;2277;6
16;29;6;2323;1
16;29;6;2333;3
16;29;6;2518;2
16;29;6;2555;2
16;29;6;4000;1
16;29;6;4040;8
16;29;6;4077;1
16;29;6;4444;2
16;29;6;5050;2
16;29;6;5555;1
16;29;7;12;1
16;29;7;13;4
16;29;7;15;3
16;29;7;18;6
16;29;7;22;2
16;29;7;33;1
16;29;7;40;10
16;29;7;44;1
16;29;7;45;1
16;29;7;55;4
16;29;7;95;13
16;29;7;96;9
16;29;7;10100;3
16;29;7;10123;1
16;29;7;13013;2
16;29;7;13123;1
16;29;7;13700;2
16;29;7;13888;2
16;29;7;15222;9
16;29;7;18333;1
16;29;7;22022;2
16;29;7;22222;3
16;29;7;22422;1
16;29;7;22777;6
16;29;7;25444;1
16;29;7;40000;1
16;29;7;40111;1
16;29;7;40114;104
16;29;7;45123;1
16;29;7;45222;8
16;29;7;45633;1
16;29;7;55011;1
16;29;7;55100;1
16;29;7;55555;49
16;29;5;95;30
16;29;5;96;84
16;29;5;180;164
16;29;5;222;35
16;29;5;300;1
16;29;5;400;163
16;29;5;445;35
16;29;3;13;160
16;29;3;14;2
16;29;3;45;57
16;29;3;95;7
16;29;3;96;30
16;30;1;13;158
16;30;1;14;1
16;30;1;22;36
16;30;1;70;1
16;30;1;95;5
16;30;1;96;13
16;30;6;11;1
16;30;6;12;3
16;30;6;13;2
16;30;6;44;1
16;30;6;45;1
16;30;6;95;6
16;30;6;1000;1
16;30;6;1234;16
16;30;6;1322;6
16;30;6;1323;12
16;30;6;1515;91
16;30;6;1522;1
16;30;6;1555;16
16;30;6;1888;1
16;30;6;2200;1
16;30;6;2222;10
16;30;6;2233;1
16;30;6;2277;1
16;30;6;2299;1
16;30;6;2323;1
16;30;6;2333;10
16;30;6;2518;2
16;30;6;4040;3
16;30;6;4044;1
16;30;6;4410;1
16;30;6;4433;1
16;30;6;4555;1
16;30;6;5533;22
16;30;7;10;1
16;30;7;12;1
16;30;7;13;2
16;30;7;15;1
16;30;7;18;1
16;30;7;22;1
16;30;7;40;10
16;30;7;45;1
16;30;7;55;1
16;30;7;95;9
16;30;7;96;4
16;30;7;10000;1
16;30;7;10100;17
16;30;7;11555;20
16;30;7;12222;1
16;30;7;12345;1
16;30;7;13013;3
16;30;7;13444;1
16;30;7;13777;1
16;30;7;13888;6
16;30;7;15222;23
16;30;7;15333;1
16;30;7;22022;4
16;30;7;22221;2
16;30;7;22222;1
16;30;7;22777;1
16;30;7;25444;1
16;30;7;33900;1
16;30;7;40111;2
16;30;7;40114;19
16;30;7;40789;1
16;30;7;44011;1
16;30;7;45222;1
16;30;7;45555;1
16;30;7;45800;7
16;30;7;50555;1
16;30;7;55100;2
16;30;7;55333;1
16;30;7;55555;60
16;30;7;77888;1
16;30;5;95;30
16;30;5;96;61
16;30;5;180;132
16;30;5;222;31
16;30;5;400;137
16;30;5;445;37
16;30;3;13;151
16;30;3;45;42
16;30;3;80;1
16;30;3;95;6
16;30;3;96;14
16;31;1;13;137
16;31;1;14;1
16;31;1;22;38
16;31;1;70;4
16;31;1;95;2
16;31;1;96;3
16;31;6;11;2
16;31;6;13;1
16;31;6;23;1
16;31;6;95;6
16;31;6;96;4
16;31;6;1010;2
16;31;6;1022;1
16;31;6;1233;1
16;31;6;1234;6
16;31;6;1256;1
16;31;6;1301;1
16;31;6;1322;9
16;31;6;1323;3
16;31;6;1331;1
16;31;6;1515;64
16;31;6;1522;1
16;31;6;1555;12
16;31;6;2200;2
16;31;6;2220;1
16;31;6;2222;9
16;31;6;2299;1
16;31;6;2323;7
16;31;6;2333;11
16;31;6;2518;3
16;31;6;2555;4
16;31;6;4010;1
16;31;6;4040;5
16;31;6;4044;2
16;31;6;4400;1
16;31;6;4410;1
16;31;6;4412;1
16;31;6;4444;2
16;31;6;4555;2
16;31;6;5013;1
16;31;6;5050;4
16;31;6;5511;3
16;31;6;5522;1
16;31;6;5533;5
16;31;6;5555;1
16;31;6;6565;1
16;31;7;11;1
16;31;7;13;4
16;31;7;15;1
16;31;7;18;3
16;31;7;22;1
16;31;7;23;1
16;31;7;30;1
16;31;7;40;7
16;31;7;45;1
16;31;7;55;1
16;31;7;95;8
16;31;7;96;2
16;31;7;10100;3
16;31;7;10123;2
16;31;7;10222;1
16;31;7;11555;5
16;31;7;13013;9
16;31;7;13111;3
16;31;7;13123;2
16;31;7;13131;1
16;31;7;13222;1
16;31;7;13333;1
16;31;7;13444;3
16;31;7;13456;1
16;31;7;13700;1
16;31;7;13888;2
16;31;7;15222;11
16;31;7;22022;1
16;31;7;22220;2
16;31;7;22444;1
16;31;7;25222;1
16;31;7;25444;1
16;31;7;40111;2
16;31;7;40114;18
16;31;7;44444;1
16;31;7;45000;1
16;31;7;45222;16
16;31;7;45633;1
16;31;7;45678;1
16;31;7;50180;2
16;31;7;50555;3
16;31;7;55000;1
16;31;7;55100;2
16;31;7;55333;5
16;31;7;55555;49
16;31;5;95;22
16;31;5;96;45
16;31;5;180;115
16;31;5;222;34
16;31;5;300;2
16;31;5;400;112
16;31;5;445;40
16;31;3;13;116
16;31;3;14;1
16;31;3;45;55
16;31;3;95;4
16;31;3;96;9
16;33;1;13;185
16;33;1;22;44
16;33;1;70;2
16;33;1;95;2
16;33;1;96;4
16;33;6;12;1
16;33;6;13;3
16;33;6;15;2
16;33;6;18;1
16;33;6;22;1
16;33;6;23;1
16;33;6;95;15
16;33;6;96;4
16;33;6;1010;1
16;33;6;1234;32
16;33;6;1301;1
16;33;6;1322;15
16;33;6;1323;2
16;33;6;1333;1
16;33;6;1388;1
16;33;6;1399;1
16;33;6;1515;80
16;33;6;1522;1
16;33;6;1555;9
16;33;6;2200;3
16;33;6;2222;10
16;33;6;2277;1
16;33;6;2323;1
16;33;6;2333;12
16;33;6;2555;2
16;33;6;4010;10
16;33;6;4040;6
16;33;6;4044;3
16;33;6;4077;2
16;33;6;4422;1
16;33;6;4444;5
16;33;6;4455;1
16;33;6;4522;1
16;33;6;4555;1
16;33;6;5050;4
16;33;6;5511;2
16;33;7;11;1
16;33;7;13;5
16;33;7;15;2
16;33;7;40;5
16;33;7;45;2
16;33;7;55;3
16;33;7;95;18
16;33;7;96;3
16;33;7;10100;4
16;33;7;10123;1
16;33;7;10222;2
16;33;7;10234;1
16;33;7;11000;1
16;33;7;13013;11
16;33;7;13123;2
16;33;7;13132;1
16;33;7;13222;1
16;33;7;13333;1
16;33;7;13444;2
16;33;7;13700;1
16;33;7;13888;8
16;33;7;13999;1
16;33;7;15222;41
16;33;7;15333;1
16;33;7;18333;1
16;33;7;22022;1
16;33;7;22220;2
16;33;7;22222;3
16;33;7;22444;1
16;33;7;22777;1
16;33;7;25444;1
16;33;7;40111;3
16;33;7;40114;21
16;33;7;40222;1
16;33;7;40333;1
16;33;7;45222;15
16;33;7;45633;1
16;33;7;45888;1
16;33;7;50555;2
16;33;7;55100;3
16;33;7;55333;4
16;33;7;55555;57
16;33;5;95;35
16;33;5;96;49
16;33;5;180;151
16;33;5;222;36
16;33;5;400;158
16;33;5;445;44
16;33;5;800;1
16;33;3;13;162
16;33;3;45;56
16;33;3;95;8
16;33;3;96;11
16;34;1;13;116
16;34;1;14;4
16;34;1;22;19
16;34;1;70;1
16;34;1;95;3
16;34;1;96;14
16;34;6;12;3
16;34;6;13;1
16;34;6;15;1
16;34;6;22;1
16;34;6;33;1
16;34;6;95;4
16;34;6;96;6
16;34;6;1234;10
16;34;6;1255;1
16;34;6;1322;22
16;34;6;1515;51
16;34;6;1555;29
16;34;6;2220;1
16;34;6;2222;3
16;34;6;2224;1
16;34;6;2323;1
16;34;6;2333;10
16;34;6;2518;1
16;34;6;2555;1
16;34;6;4044;1
16;34;6;4444;3
16;34;6;5533;4
16;34;6;5555;1
16;34;7;12;1
16;34;7;13;1
16;34;7;15;4
16;34;7;18;3
16;34;7;33;1
16;34;7;40;4
16;34;7;43;1
16;34;7;44;3
16;34;7;45;2
16;34;7;95;4
16;34;7;96;4
16;34;7;10100;4
16;34;7;10222;1
16;34;7;11111;1
16;34;7;11555;5
16;34;7;13180;1
16;34;7;13888;1
16;34;7;15222;12
16;34;7;15333;2
16;34;7;22222;1
16;34;7;22777;2
16;34;7;40111;1
16;34;7;40114;41
16;34;7;45222;8
16;34;7;45800;1
16;34;7;50100;3
16;34;7;55333;2
16;34;7;55555;43
16;34;5;95;12
16;34;5;96;65
16;34;5;180;99
16;34;5;222;17
16;34;5;400;104
16;34;5;445;17
16;34;3;13;102
16;34;3;14;2
16;34;3;45;25
16;34;3;95;6
16;34;3;96;22
16;35;1;13;128
16;35;1;22;22
16;35;1;55;1
16;35;1;70;3
16;35;1;96;8
16;35;6;11;2
16;35;6;12;4
16;35;6;13;1
16;35;6;15;2
16;35;6;22;1
16;35;6;44;2
16;35;6;95;4
16;35;6;96;7
16;35;6;1222;1
16;35;6;1234;4
16;35;6;1301;1
16;35;6;1322;50
16;35;6;1323;1
16;35;6;1515;37
16;35;6;1555;27
16;35;6;2220;1
16;35;6;2222;7
16;35;6;2323;2
16;35;6;2333;1
16;35;6;4000;2
16;35;6;4011;1
16;35;6;4040;1
16;35;6;4077;1
16;35;6;4444;1
16;35;6;5533;1
16;35;7;12;1
16;35;7;13;2
16;35;7;22;3
16;35;7;33;1
16;35;7;40;8
16;35;7;45;3
16;35;7;55;2
16;35;7;95;3
16;35;7;96;7
16;35;7;10100;1
16;35;7;13013;3
16;35;7;13123;1
16;35;7;13234;1
16;35;7;15222;6
16;35;7;15555;1
16;35;7;22022;1
16;35;7;22220;1
16;35;7;22221;1
16;35;7;22422;1
16;35;7;22444;1
16;35;7;40110;1
16;35;7;40111;1
16;35;7;40112;1
16;35;7;40114;74
16;35;7;40774;1
16;35;7;44011;1
16;35;7;55555;35
16;35;5;95;11
16;35;5;96;61
16;35;5;180;105
16;35;5;222;19
16;35;5;400;107
16;35;5;445;21
16;35;3;13;117
16;35;3;45;29
16;35;3;95;1
16;35;3;96;15
16;36;1;13;118
16;36;1;14;2
16;36;1;22;27
16;36;1;70;2
16;36;1;95;1
16;36;1;96;2
16;36;6;11;1
16;36;6;12;3
16;36;6;13;3
16;36;6;14;1
16;36;6;50;1
16;36;6;95;5
16;36;6;96;1
16;36;6;1144;1
16;36;6;1234;6
16;36;6;1313;1
16;36;6;1322;45
16;36;6;1323;2
16;36;6;1515;40
16;36;6;1555;26
16;36;6;2200;1
16;36;6;2222;6
16;36;6;2288;1
16;36;6;2323;3
16;36;6;4000;1
16;36;6;4400;1
16;36;6;4422;1
16;36;6;4444;1
16;36;6;5533;1
16;36;7;13;2
16;36;7;15;1
16;36;7;18;3
16;36;7;22;1
16;36;7;25;1
16;36;7;40;7
16;36;7;45;1
16;36;7;95;6
16;36;7;96;2
16;36;7;10100;1
16;36;7;13013;1
16;36;7;13333;1
16;36;7;15222;7
16;36;7;22220;1
16;36;7;22221;1
16;36;7;22222;5
16;36;7;40114;73
16;36;7;40774;1
16;36;7;45222;1
16;36;7;55111;1
16;36;7;55555;35
16;36;5;95;19
16;36;5;96;35
16;36;5;180;109
16;36;5;222;19
16;36;5;400;104
16;36;5;445;18
16;36;3;13;108
16;36;3;14;1
16;36;3;45;33
16;36;3;95;3
16;36;3;96;7
16;37;1;13;175
16;37;1;14;6
16;37;1;22;69
16;37;1;30;1
16;37;1;55;3
16;37;1;70;1
16;37;1;95;2
16;37;1;96;4
16;37;6;12;1
16;37;6;13;1
16;37;6;15;1
16;37;6;22;1
16;37;6;23;1
16;37;6;40;1
16;37;6;95;8
16;37;6;96;3
16;37;6;1234;14
16;37;6;1256;1
16;37;6;1313;2
16;37;6;1315;1
16;37;6;1322;11
16;37;6;1323;4
16;37;6;1333;2
16;37;6;1388;1
16;37;6;1515;85
16;37;6;1520;4
16;37;6;1555;24
16;37;6;2200;3
16;37;6;2220;1
16;37;6;2222;15
16;37;6;2288;2
16;37;6;2323;6
16;37;6;2333;14
16;37;6;2518;4
16;37;6;2555;4
16;37;6;4001;1
16;37;6;4010;4
16;37;6;4011;1
16;37;6;4040;12
16;37;6;4044;5
16;37;6;4077;4
16;37;6;4422;2
16;37;6;4433;2
16;37;6;4444;1
16;37;6;4445;1
16;37;6;4555;7
16;37;6;5050;1
16;37;6;5511;1
16;37;6;5533;1
16;37;6;5588;1
16;37;6;6565;2
16;37;7;12;1
16;37;7;13;5
16;37;7;15;4
16;37;7;18;4
16;37;7;40;6
16;37;7;45;2
16;37;7;95;12
16;37;7;96;4
16;37;7;10100;2
16;37;7;10222;7
16;37;7;11555;3
16;37;7;13000;1
16;37;7;13003;1
16;37;7;13013;5
16;37;7;13123;2
16;37;7;13132;1
16;37;7;13133;1
16;37;7;13333;2
16;37;7;13444;1
16;37;7;13700;7
16;37;7;13888;11
16;37;7;15222;20
16;37;7;15333;2
16;37;7;22000;1
16;37;7;22022;2
16;37;7;22190;2
16;37;7;22220;1
16;37;7;22222;2
16;37;7;22444;3
16;37;7;22888;3
16;37;7;40111;2
16;37;7;40114;41
16;37;7;45000;1
16;37;7;45190;1
16;37;7;45222;21
16;37;7;45633;5
16;37;7;50180;2
16;37;7;55000;3
16;37;7;55011;1
16;37;7;55100;3
16;37;7;55333;2
16;37;7;55555;61
16;37;5;95;38
16;37;5;96;40
16;37;5;162;1
16;37;5;180;146
16;37;5;222;67
16;37;5;400;157
16;37;5;445;73
16;37;3;13;153
16;37;3;14;1
16;37;3;45;95
16;37;3;95;4
16;37;3;96;8
16;38;1;13;98
16;38;1;14;1
16;38;1;22;31
16;38;1;30;1
16;38;1;70;1
16;38;1;95;3
16;38;1;96;4
16;38;6;12;1
16;38;6;14;1
16;38;6;22;1
16;38;6;25;1
16;38;6;55;1
16;38;6;95;4
16;38;6;96;3
16;38;6;1055;1
16;38;6;1111;1
16;38;6;1234;21
16;38;6;1256;1
16;38;6;1322;6
16;38;6;1323;2
16;38;6;1331;1
16;38;6;1515;33
16;38;6;1522;1
16;38;6;1555;10
16;38;6;2220;2
16;38;6;2222;8
16;38;6;2252;1
16;38;6;2277;1
16;38;6;2288;1
16;38;6;2299;1
16;38;6;2323;5
16;38;6;2333;5
16;38;6;2555;1
16;38;6;3030;1
16;38;6;4010;2
16;38;6;4040;4
16;38;6;4044;1
16;38;6;4422;1
16;38;6;4444;6
16;38;6;4522;1
16;38;6;4555;2
16;38;6;5511;2
16;38;6;5555;1
16;38;6;5588;1
16;38;6;6565;2
16;38;6;8080;1
16;38;7;12;2
16;38;7;13;2
16;38;7;15;1
16;38;7;22;2
16;38;7;40;3
16;38;7;45;1
16;38;7;55;2
16;38;7;95;4
16;38;7;96;7
16;38;7;10100;2
16;38;7;10222;1
16;38;7;10999;1
16;38;7;11555;1
16;38;7;12222;1
16;38;7;13013;2
16;38;7;13123;1
16;38;7;13131;1
16;38;7;13444;2
16;38;7;13700;1
16;38;7;15222;20
16;38;7;22000;1
16;38;7;22022;2
16;38;7;22220;2
16;38;7;22221;2
16;38;7;22222;6
16;38;7;22444;1
16;38;7;25444;2
16;38;7;40111;1
16;38;7;40114;16
16;38;7;45222;14
16;38;7;45633;1
16;38;7;50013;1
16;38;7;55000;3
16;38;7;55100;2
16;38;7;55111;1
16;38;7;55555;27
16;38;5;95;15
16;38;5;96;37
16;38;5;180;76
16;38;5;222;27
16;38;5;300;1
16;38;5;400;84
16;38;5;445;38
16;38;3;13;88
16;38;3;30;1
16;38;3;45;39
16;38;3;95;3
16;38;3;96;8
16;39;1;13;177
16;39;1;14;2
16;39;1;22;55
16;39;1;55;2
16;39;1;70;6
16;39;1;95;1
16;39;1;96;15
16;39;6;11;2
16;39;6;12;2
16;39;6;13;2
16;39;6;15;2
16;39;6;45;1
16;39;6;55;1
16;39;6;95;10
16;39;6;96;5
16;39;6;1111;1
16;39;6;1212;1
16;39;6;1234;17
16;39;6;1256;1
16;39;6;1301;2
16;39;6;1322;14
16;39;6;1323;2
16;39;6;1333;1
16;39;6;1399;1
16;39;6;1515;70
16;39;6;1520;3
16;39;6;1555;16
16;39;6;2200;3
16;39;6;2220;1
16;39;6;2222;15
16;39;6;2233;1
16;39;6;2323;6
16;39;6;2333;15
16;39;6;2518;4
16;39;6;2555;6
16;39;6;4010;4
16;39;6;4040;9
16;39;6;4044;10
16;39;6;4077;1
16;39;6;4412;1
16;39;6;4422;1
16;39;6;4433;2
16;39;6;4444;10
16;39;6;4445;1
16;39;6;4455;1
16;39;6;4555;4
16;39;6;5013;1
16;39;6;5511;5
16;39;6;5555;1
16;39;6;5578;1
16;39;6;5588;1
16;39;7;13;2
16;39;7;15;3
16;39;7;18;2
16;39;7;40;12
16;39;7;44;1
16;39;7;45;4
16;39;7;55;1
16;39;7;95;14
16;39;7;96;10
16;39;7;10100;6
16;39;7;10222;6
16;39;7;13000;1
16;39;7;13013;7
16;39;7;13123;5
16;39;7;13132;1
16;39;7;13333;1
16;39;7;13700;1
16;39;7;13777;1
16;39;7;13888;8
16;39;7;13999;1
16;39;7;15222;20
16;39;7;15333;1
16;39;7;22000;1
16;39;7;22022;1
16;39;7;22190;1
16;39;7;22220;1
16;39;7;22222;3
16;39;7;22444;3
16;39;7;22777;1
16;39;7;25444;1
16;39;7;33900;1
16;39;7;40111;6
16;39;7;40114;29
16;39;7;40333;2
16;39;7;44444;1
16;39;7;45190;1
16;39;7;45222;25
16;39;7;45800;5
16;39;7;50180;3
16;39;7;50555;2
16;39;7;55000;2
16;39;7;55100;1
16;39;7;55333;4
16;39;7;55555;52
16;39;7;55888;2
16;39;7;77888;2
16;39;5;95;37
16;39;5;96;83
16;39;5;180;138
16;39;5;222;50
16;39;5;300;1
16;39;5;400;149
16;39;5;445;58
16;39;3;13;140
16;39;3;45;81
16;39;3;95;12
16;39;3;96;25
16;40;1;13;173
16;40;1;14;4
16;40;1;22;51
16;40;1;30;1
16;40;1;55;2
16;40;1;70;4
16;40;1;95;4
16;40;1;96;12
16;40;6;11;1
16;40;6;12;4
16;40;6;15;3
16;40;6;18;1
16;40;6;23;1
16;40;6;27;1
16;40;6;33;1
16;40;6;40;2
16;40;6;55;3
16;40;6;95;6
16;40;6;96;2
16;40;6;1010;1
16;40;6;1234;20
16;40;6;1256;1
16;40;6;1301;1
16;40;6;1322;15
16;40;6;1323;7
16;40;6;1331;1
16;40;6;1333;1
16;40;6;1400;1
16;40;6;1515;77
16;40;6;1555;27
16;40;6;2200;2
16;40;6;2220;1
16;40;6;2222;12
16;40;6;2323;3
16;40;6;2333;12
16;40;6;2518;4
16;40;6;2555;8
16;40;6;4010;5
16;40;6;4011;2
16;40;6;4040;1
16;40;6;4044;1
16;40;6;4077;4
16;40;6;4433;1
16;40;6;4444;8
16;40;6;4555;2
16;40;6;5050;1
16;40;6;5511;1
16;40;6;5533;1
16;40;6;5555;1
16;40;6;5578;1
16;40;6;5588;3
16;40;7;10;2
16;40;7;13;5
16;40;7;18;3
16;40;7;22;1
16;40;7;40;9
16;40;7;44;1
16;40;7;45;1
16;40;7;55;7
16;40;7;95;10
16;40;7;96;6
16;40;7;10100;4
16;40;7;10222;4
16;40;7;10444;1
16;40;7;11555;2
16;40;7;13013;5
16;40;7;13111;1
16;40;7;13123;3
16;40;7;13333;1
16;40;7;13700;1
16;40;7;13888;2
16;40;7;13999;1
16;40;7;15222;31
16;40;7;15333;1
16;40;7;18420;1
16;40;7;22000;1
16;40;7;22022;2
16;40;7;22220;2
16;40;7;22222;2
16;40;7;22444;1
16;40;7;25444;2
16;40;7;40000;1
16;40;7;40114;35
16;40;7;40222;1
16;40;7;40600;1
16;40;7;40777;1
16;40;7;45222;18
16;40;7;45633;1
16;40;7;45800;1
16;40;7;50555;2
16;40;7;55000;8
16;40;7;55100;2
16;40;7;55333;3
16;40;7;55555;63
16;40;7;55777;1
16;40;5;95;24
16;40;5;96;67
16;40;5;180;158
16;40;5;222;46
16;40;5;400;159
16;40;5;445;48
16;40;3;13;163
16;40;3;14;2
16;40;3;45;57
16;40;3;95;6
16;40;3;96;23
16;41;1;13;179
16;41;1;14;4
16;41;1;22;52
16;41;1;70;3
16;41;1;80;1
16;41;1;95;3
16;41;1;96;7
16;41;6;11;1
16;41;6;12;2
16;41;6;13;1
16;41;6;15;2
16;41;6;40;1
16;41;6;95;9
16;41;6;96;8
16;41;6;1010;2
16;41;6;1144;1
16;41;6;1234;20
16;41;6;1256;1
16;41;6;1301;3
16;41;6;1322;19
16;41;6;1323;1
16;41;6;1333;1
16;41;6;1388;1
16;41;6;1515;79
16;41;6;1555;15
16;41;6;2200;3
16;41;6;2222;15
16;41;6;2323;4
16;41;6;2333;15
16;41;6;2518;4
16;41;6;2555;3
16;41;6;4010;1
16;41;6;4011;1
16;41;6;4040;4
16;41;6;4044;8
16;41;6;4077;2
16;41;6;4422;1
16;41;6;4444;5
16;41;6;4490;1
16;41;6;4522;3
16;41;6;4555;2
16;41;6;5050;2
16;41;6;5077;1
16;41;6;5511;1
16;41;6;5533;2
16;41;6;8080;4
16;41;7;12;2
16;41;7;13;1
16;41;7;18;2
16;41;7;22;1
16;41;7;23;2
16;41;7;40;8
16;41;7;44;1
16;41;7;55;1
16;41;7;95;11
16;41;7;96;7
16;41;7;10100;2
16;41;7;10123;1
16;41;7;10222;3
16;41;7;11555;2
16;41;7;13000;1
16;41;7;13013;7
16;41;7;13111;1
16;41;7;13123;3
16;41;7;13222;2
16;41;7;13333;1
16;41;7;13444;2
16;41;7;13700;2
16;41;7;13777;1
16;41;7;13888;9
16;41;7;15222;24
16;41;7;22000;1
16;41;7;22022;3
16;41;7;22190;1
16;41;7;22222;3
16;41;7;22444;4
16;41;7;22762;1
16;41;7;33309;1
16;41;7;40111;6
16;41;7;40114;31
16;41;7;45190;3
16;41;7;45222;18
16;41;7;50013;1
16;41;7;50050;1
16;41;7;50180;3
16;41;7;50555;1
16;41;7;55000;3
16;41;7;55333;3
16;41;7;55555;68
16;41;5;95;42
16;41;5;96;58
16;41;5;162;1
16;41;5;180;150
16;41;5;222;45
16;41;5;400;152
16;41;5;445;50
16;41;3;13;159
16;41;3;45;65
16;41;3;95;6
16;41;3;96;19
16;42;1;13;188
16;42;1;14;4
16;42;1;22;49
16;42;1;55;2
16;42;1;70;3
16;42;1;95;6
16;42;1;96;11
16;42;6;11;1
16;42;6;12;7
16;42;6;13;3
16;42;6;15;2
16;42;6;43;1
16;42;6;95;12
16;42;6;96;2
16;42;6;1010;1
16;42;6;1222;1
16;42;6;1234;13
16;42;6;1322;19
16;42;6;1323;6
16;42;6;1331;1
16;42;6;1515;92
16;42;6;1520;1
16;42;6;1522;1
16;42;6;1555;27
16;42;6;2200;4
16;42;6;2220;1
16;42;6;2222;12
16;42;6;2299;1
16;42;6;2323;2
16;42;6;2333;12
16;42;6;2555;3
16;42;6;3007;1
16;42;6;4010;2
16;42;6;4040;5
16;42;6;4044;3
16;42;6;4055;1
16;42;6;4077;3
16;42;6;4433;1
16;42;6;4444;4
16;42;6;4522;1
16;42;6;4555;3
16;42;6;5000;1
16;42;6;5050;2
16;42;6;5077;1
16;42;6;5511;2
16;42;6;5555;5
16;42;6;5588;2
16;42;6;7788;1
16;42;7;12;1
16;42;7;13;2
16;42;7;15;4
16;42;7;18;3
16;42;7;22;1
16;42;7;40;11
16;42;7;43;1
16;42;7;44;1
16;42;7;55;4
16;42;7;95;14
16;42;7;96;4
16;42;7;10100;3
16;42;7;10123;1
16;42;7;10222;2
16;42;7;11000;1
16;42;7;11555;1
16;42;7;12222;1
16;42;7;13013;10
16;42;7;13123;1
16;42;7;13131;1
16;42;7;13132;2
16;42;7;13444;2
16;42;7;13888;6
16;42;7;15010;1
16;42;7;15222;28
16;42;7;15333;1
16;42;7;22000;5
16;42;7;22001;1
16;42;7;22022;2
16;42;7;22220;1
16;42;7;22222;2
16;42;7;22444;2
16;42;7;30456;1
16;42;7;40111;5
16;42;7;40114;45
16;42;7;45190;1
16;42;7;45222;17
16;42;7;50013;1
16;42;7;50180;3
16;42;7;55000;3
16;42;7;55011;1
16;42;7;55100;1
16;42;7;55333;2
16;42;7;55555;63
16;42;5;95;34
16;42;5;96;72
16;42;5;180;154
16;42;5;222;46
16;42;5;300;1
16;42;5;400;168
16;42;5;445;50
16;42;5;800;1
16;42;3;13;162
16;42;3;30;1
16;42;3;45;69
16;42;3;95;10
16;42;3;96;21
16;43;1;13;181
16;43;1;14;4
16;43;1;16;1
16;43;1;22;43
16;43;1;55;3
16;43;1;70;5
16;43;1;95;6
16;43;1;96;11
16;43;6;10;1
16;43;6;11;1
16;43;6;13;3
16;43;6;15;2
16;43;6;45;1
16;43;6;95;14
16;43;6;96;2
16;43;6;1010;3
16;43;6;1022;1
16;43;6;1055;1
16;43;6;1234;24
16;43;6;1256;2
16;43;6;1301;2
16;43;6;1322;16
16;43;6;1323;8
16;43;6;1515;60
16;43;6;1520;1
16;43;6;1522;1
16;43;6;1525;1
16;43;6;1555;30
16;43;6;2055;1
16;43;6;2200;3
16;43;6;2222;6
16;43;6;2277;1
16;43;6;2323;10
16;43;6;2333;13
16;43;6;2518;2
16;43;6;2555;1
16;43;6;4010;4
16;43;6;4040;7
16;43;6;4044;2
16;43;6;4077;4
16;43;6;4433;1
16;43;6;4444;5
16;43;6;4455;2
16;43;6;4522;1
16;43;6;4555;10
16;43;6;5050;1
16;43;6;5511;3
16;43;6;5550;1
16;43;6;7700;1
16;43;6;7788;1
16;43;7;12;1
16;43;7;13;2
16;43;7;15;3
16;43;7;18;2
16;43;7;22;1
16;43;7;40;6
16;43;7;55;2
16;43;7;95;15
16;43;7;96;4
16;43;7;10100;6
16;43;7;10123;3
16;43;7;10222;9
16;43;7;11555;1
16;43;7;13000;1
16;43;7;13013;10
16;43;7;13111;1
16;43;7;13123;1
16;43;7;13132;1
16;43;7;13234;2
16;43;7;13444;1
16;43;7;13888;4
16;43;7;13999;1
16;43;7;15222;34
16;43;7;15555;1
16;43;7;22000;2
16;43;7;22022;3
16;43;7;22221;1
16;43;7;22222;1
16;43;7;22444;3
16;43;7;25444;1
16;43;7;40111;4
16;43;7;40114;42
16;43;7;43777;1
16;43;7;44444;1
16;43;7;45222;25
16;43;7;50100;1
16;43;7;55000;5
16;43;7;55100;1
16;43;7;55333;9
16;43;7;55555;42
16;43;5;95;60
16;43;5;96;62
16;43;5;180;148
16;43;5;222;36
16;43;5;300;1
16;43;5;400;156
16;43;5;445;45
16;43;3;13;160
16;43;3;14;2
16;43;3;35;1
16;43;3;45;65
16;43;3;95;11
16;43;3;96;15
16;44;1;13;214
16;44;1;14;8
16;44;1;22;29
16;44;1;70;3
16;44;1;95;5
16;44;1;96;9
16;44;6;12;5
16;44;6;13;3
16;44;6;40;1
16;44;6;95;11
16;44;6;96;7
16;44;6;1022;1
16;44;6;1144;1
16;44;6;1233;1
16;44;6;1234;28
16;44;6;1256;4
16;44;6;1315;1
16;44;6;1322;15
16;44;6;1323;5
16;44;6;1444;1
16;44;6;1512;1
16;44;6;1515;88
16;44;6;1516;1
16;44;6;1520;2
16;44;6;1555;23
16;44;6;1881;1
16;44;6;2200;1
16;44;6;2220;2
16;44;6;2222;3
16;44;6;2252;1
16;44;6;2255;1
16;44;6;2288;1
16;44;6;2323;4
16;44;6;2333;9
16;44;6;2518;3
16;44;6;2555;4
16;44;6;4010;3
16;44;6;4011;1
16;44;6;4040;4
16;44;6;4044;2
16;44;6;4077;4
16;44;6;4444;5
16;44;6;4522;1
16;44;6;4555;12
16;44;6;5050;2
16;44;6;5511;2
16;44;6;5588;1
16;44;6;6565;1
16;44;6;7788;1
16;44;7;11;1
16;44;7;12;1
16;44;7;13;4
16;44;7;15;1
16;44;7;18;1
16;44;7;22;1
16;44;7;40;3
16;44;7;44;1
16;44;7;45;1
16;44;7;55;3
16;44;7;95;13
16;44;7;96;10
16;44;7;10000;1
16;44;7;10100;6
16;44;7;10123;1
16;44;7;10222;8
16;44;7;11555;1
16;44;7;12222;1
16;44;7;13000;2
16;44;7;13013;9
16;44;7;13111;1
16;44;7;13123;1
16;44;7;13132;1
16;44;7;13234;2
16;44;7;13888;13
16;44;7;15123;1
16;44;7;15222;28
16;44;7;22022;4
16;44;7;22222;1
16;44;7;22322;2
16;44;7;25444;4
16;44;7;33900;1
16;44;7;40111;2
16;44;7;40114;38
16;44;7;44090;1
16;44;7;45000;1
16;44;7;45222;20
16;44;7;45633;1
16;44;7;45678;1
16;44;7;50180;1
16;44;7;50555;1
16;44;7;55000;5
16;44;7;55011;1
16;44;7;55100;2
16;44;7;55333;9
16;44;7;55555;57
16;44;5;95;54
16;44;5;96;61
16;44;5;180;174
16;44;5;222;27
16;44;5;400;182
16;44;5;445;38
16;44;3;13;181
16;44;3;45;56
16;44;3;95;12
16;44;3;96;19
16;45;1;13;209
16;45;1;14;2
16;45;1;22;35
16;45;1;70;1
16;45;1;95;3
16;45;1;96;8
16;45;6;11;2
16;45;6;12;1
16;45;6;15;3
16;45;6;40;1
16;45;6;43;1
16;45;6;45;1
16;45;6;95;13
16;45;6;96;1
16;45;6;1233;1
16;45;6;1234;29
16;45;6;1256;2
16;45;6;1322;17
16;45;6;1323;4
16;45;6;1370;1
16;45;6;1388;1
16;45;6;1512;1
16;45;6;1515;82
16;45;6;1555;27
16;45;6;1888;1
16;45;6;2220;1
16;45;6;2222;9
16;45;6;2277;1
16;45;6;2288;3
16;45;6;2323;7
16;45;6;2333;9
16;45;6;2518;2
16;45;6;2555;5
16;45;6;4010;3
16;45;6;4011;1
16;45;6;4040;2
16;45;6;4044;3
16;45;6;4444;5
16;45;6;4455;1
16;45;6;4555;6
16;45;6;5050;1
16;45;6;5077;1
16;45;6;5511;2
16;45;6;5522;2
16;45;6;5533;1
16;45;6;5555;1
16;45;6;6565;1
16;45;6;7700;1
16;45;6;7788;1
16;45;7;12;1
16;45;7;13;7
16;45;7;15;2
16;45;7;18;2
16;45;7;40;9
16;45;7;45;1
16;45;7;55;1
16;45;7;95;14
16;45;7;96;3
16;45;7;10100;1
16;45;7;10222;9
16;45;7;11555;3
16;45;7;12222;1
16;45;7;13000;1
16;45;7;13013;5
16;45;7;13123;2
16;45;7;13132;1
16;45;7;13222;2
16;45;7;13700;1
16;45;7;13888;7
16;45;7;15222;26
16;45;7;22220;1
16;45;7;22221;1
16;45;7;22222;2
16;45;7;22444;3
16;45;7;22522;1
16;45;7;22888;2
16;45;7;25444;2
16;45;7;33309;1
16;45;7;40111;4
16;45;7;40114;44
16;45;7;45222;28
16;45;7;50180;1
16;45;7;50500;1
16;45;7;50555;2
16;45;7;55000;2
16;45;7;55100;4
16;45;7;55333;2
16;45;7;55555;57
16;45;7;77888;1
16;45;5;95;28
16;45;5;96;59
16;45;5;180;173
16;45;5;222;36
16;45;5;400;177
16;45;5;445;43
16;45;3;13;175
16;45;3;45;60
16;45;3;95;8
16;45;3;96;15
16;46;1;13;198
16;46;1;14;6
16;46;1;22;59
16;46;1;55;2
16;46;1;70;9
16;46;1;95;3
16;46;1;96;10
16;46;6;11;2
16;46;6;12;1
16;46;6;13;3
16;46;6;15;2
16;46;6;23;1
16;46;6;25;1
16;46;6;30;1
16;46;6;40;1
16;46;6;45;1
16;46;6;50;1
16;46;6;95;8
16;46;6;96;3
16;46;6;1010;2
16;46;6;1011;1
16;46;6;1022;1
16;46;6;1234;30
16;46;6;1256;1
16;46;6;1313;1
16;46;6;1314;1
16;46;6;1322;19
16;46;6;1323;4
16;46;6;1331;1
16;46;6;1333;2
16;46;6;1388;1
16;46;6;1515;87
16;46;6;1520;1
16;46;6;1555;18
16;46;6;2200;6
16;46;6;2222;14
16;46;6;2255;1
16;46;6;2288;1
16;46;6;2323;7
16;46;6;2333;21
16;46;6;2518;1
16;46;6;2555;7
16;46;6;3380;1
16;46;6;4010;3
16;46;6;4040;2
16;46;6;4044;2
16;46;6;4077;1
16;46;6;4422;3
16;46;6;4444;2
16;46;6;4555;6
16;46;6;5050;1
16;46;6;5511;4
16;46;6;5533;4
16;46;6;6565;4
16;46;6;7788;1
16;46;7;13;3
16;46;7;15;1
16;46;7;18;4
16;46;7;22;2
16;46;7;40;5
16;46;7;45;2
16;46;7;55;4
16;46;7;95;11
16;46;7;96;7
16;46;7;10100;3
16;46;7;10123;2
16;46;7;10222;4
16;46;7;11555;3
16;46;7;13000;2
16;46;7;13013;9
16;46;7;13111;1
16;46;7;13123;3
16;46;7;13131;1
16;46;7;13132;4
16;46;7;13222;1
16;46;7;13333;3
16;46;7;13444;1
16;46;7;13777;2
16;46;7;13888;6
16;46;7;15222;30
16;46;7;15555;1
16;46;7;22000;3
16;46;7;22001;1
16;46;7;22022;7
16;46;7;22220;3
16;46;7;22221;1
16;46;7;22222;1
16;46;7;22444;4
16;46;7;22580;1
16;46;7;22777;2
16;46;7;22888;1
16;46;7;25444;3
16;46;7;33333;1
16;46;7;40111;1
16;46;7;40114;32
16;46;7;40333;1
16;46;7;40555;3
16;46;7;45222;17
16;46;7;45633;2
16;46;7;50013;1
16;46;7;50180;2
16;46;7;50555;1
16;46;7;55000;5
16;46;7;55100;4
16;46;7;55333;8
16;46;7;55555;67
16;46;5;95;56
16;46;5;96;58
16;46;5;180;164
16;46;5;222;55
16;46;5;290;1
16;46;5;300;1
16;46;5;400;178
16;46;5;445;59
16;46;5;800;2
16;46;3;13;166
16;46;3;30;1
16;46;3;45;96
16;46;3;95;10
16;46;3;96;14
16;47;1;13;162
16;47;1;22;36
16;47;1;55;2
16;47;1;70;6
16;47;1;95;1
16;47;1;96;17
16;47;6;11;2
16;47;6;12;10
16;47;6;13;2
16;47;6;15;1
16;47;6;22;1
16;47;6;23;2
16;47;6;33;1
16;47;6;45;1
16;47;6;55;1
16;47;6;95;11
16;47;6;96;5
16;47;6;1010;1
16;47;6;1234;11
16;47;6;1255;1
16;47;6;1301;1
16;47;6;1322;27
16;47;6;1515;46
16;47;6;1516;1
16;47;6;1555;52
16;47;6;2200;3
16;47;6;2220;3
16;47;6;2222;10
16;47;6;2233;1
16;47;6;2277;3
16;47;6;2323;1
16;47;6;2333;7
16;47;6;2518;1
16;47;6;2555;1
16;47;6;4000;1
16;47;6;4011;2
16;47;6;4040;6
16;47;6;4077;2
16;47;6;4444;3
16;47;6;4445;1
16;47;6;5511;1
16;47;6;5578;1
16;47;7;13;4
16;47;7;15;1
16;47;7;18;5
16;47;7;22;2
16;47;7;40;8
16;47;7;45;5
16;47;7;55;1
16;47;7;95;13
16;47;7;96;12
16;47;7;10100;2
16;47;7;10123;1
16;47;7;10222;4
16;47;7;13013;3
16;47;7;13222;2
16;47;7;13700;2
16;47;7;13888;1
16;47;7;15222;14
16;47;7;22007;1
16;47;7;22022;4
16;47;7;22220;1
16;47;7;22222;5
16;47;7;22777;3
16;47;7;40111;2
16;47;7;40114;74
16;47;7;40774;1
16;47;7;44000;1
16;47;7;45222;5
16;47;7;45888;1
16;47;7;55333;2
16;47;7;55555;44
16;47;5;95;26
16;47;5;96;80
16;47;5;162;1
16;47;5;180;131
16;47;5;222;33
16;47;5;400;143
16;47;5;445;34
16;47;3;13;145
16;47;3;45;49
16;47;3;95;6
16;47;3;96;24
16;48;1;13;128
16;48;1;22;21
16;48;1;55;2
16;48;1;70;2
16;48;1;95;1
16;48;1;96;4
16;48;6;12;2
16;48;6;15;1
16;48;6;22;1
16;48;6;96;1
16;48;6;1222;1
16;48;6;1234;8
16;48;6;1322;19
16;48;6;1323;1
16;48;6;1333;1
16;48;6;1515;57
16;48;6;1555;36
16;48;6;2222;2
16;48;6;2277;3
16;48;6;2323;1
16;48;6;2333;15
16;48;6;4044;2
16;48;6;4445;1
16;48;6;4580;1
16;48;6;5533;3
16;48;6;5555;2
16;48;7;10;2
16;48;7;12;1
16;48;7;13;1
16;48;7;15;3
16;48;7;18;2
16;48;7;22;1
16;48;7;23;1
16;48;7;40;2
16;48;7;45;1
16;48;7;55;1
16;48;7;95;2
16;48;7;96;1
16;48;7;10100;4
16;48;7;10222;1
16;48;7;11555;4
16;48;7;13013;4
16;48;7;15222;7
16;48;7;15333;1
16;48;7;22022;1
16;48;7;22220;1
16;48;7;22777;3
16;48;7;33309;1
16;48;7;40111;2
16;48;7;40114;49
16;48;7;45222;2
16;48;7;45800;2
16;48;7;50100;4
16;48;7;55555;54
16;48;5;95;8
16;48;5;96;36
16;48;5;180;120
16;48;5;222;19
16;48;5;400;119
16;48;5;445;14
16;48;3;13;122
16;48;3;45;27
16;48;3;95;1
16;48;3;96;8
16;49;1;13;134
16;49;1;14;1
16;49;1;22;16
16;49;1;70;1
16;49;1;95;3
16;49;1;96;9
16;49;6;10;1
16;49;6;11;2
16;49;6;12;4
16;49;6;13;3
16;49;6;15;1
16;49;6;33;1
16;49;6;95;5
16;49;6;96;3
16;49;6;1233;1
16;49;6;1234;7
16;49;6;1322;44
16;49;6;1323;3
16;49;6;1515;47
16;49;6;1522;1
16;49;6;1555;29
16;49;6;2222;4
16;49;6;2333;1
16;49;6;4040;1
16;49;6;4077;1
16;49;6;4422;1
16;49;6;4444;1
16;49;6;5050;1
16;49;6;5511;2
16;49;7;13;2
16;49;7;40;12
16;49;7;45;2
16;49;7;55;1
16;49;7;95;4
16;49;7;96;3
16;49;7;10100;3
16;49;7;10111;1
16;49;7;13131;1
16;49;7;15222;7
16;49;7;15555;2
16;49;7;22222;1
16;49;7;22444;1
16;49;7;40111;1
16;49;7;40114;75
16;49;7;44011;1
16;49;7;45222;1
16;49;7;45555;1
16;49;7;50555;1
16;49;7;55111;2
16;49;7;55555;42
16;49;5;95;22
16;49;5;96;51
16;49;5;180;109
16;49;5;222;15
16;49;5;300;1
16;49;5;400;111
16;49;5;445;16
16;49;5;800;3
16;49;3;13;124
16;49;3;45;20
16;49;3;95;5
16;49;3;96;15
16;50;1;13;195
16;50;1;14;9
16;50;1;22;53
16;50;1;55;2
16;50;1;70;5
16;50;1;95;2
16;50;1;96;8
16;50;6;11;1
16;50;6;12;2
16;50;6;13;1
16;50;6;22;1
16;50;6;95;10
16;50;6;96;5
16;50;6;1010;3
16;50;6;1222;2
16;50;6;1234;26
16;50;6;1256;2
16;50;6;1301;1
16;50;6;1322;16
16;50;6;1323;7
16;50;6;1331;1
16;50;6;1333;1
16;50;6;1388;1
16;50;6;1400;1
16;50;6;1414;1
16;50;6;1512;1
16;50;6;1515;84
16;50;6;1516;1
16;50;6;1520;1
16;50;6;1555;23
16;50;6;2200;3
16;50;6;2220;2
16;50;6;2222;6
16;50;6;2233;1
16;50;6;2288;1
16;50;6;2323;2
16;50;6;2333;21
16;50;6;4010;4
16;50;6;4040;7
16;50;6;4044;7
16;50;6;4077;1
16;50;6;4422;1
16;50;6;4433;3
16;50;6;4444;3
16;50;6;4455;2
16;50;6;4490;1
16;50;6;4555;5
16;50;6;5050;7
16;50;6;5511;3
16;50;6;5522;1
16;50;6;5555;1
16;50;7;13;1
16;50;7;22;2
16;50;7;23;1
16;50;7;40;6
16;50;7;44;1
16;50;7;50;1
16;50;7;55;3
16;50;7;95;16
16;50;7;96;3
16;50;7;10100;8
16;50;7;10123;2
16;50;7;10222;6
16;50;7;11555;1
16;50;7;13013;6
16;50;7;13222;1
16;50;7;13444;2
16;50;7;13888;12
16;50;7;15000;1
16;50;7;15222;33
16;50;7;15333;1
16;50;7;15555;1
16;50;7;22000;1
16;50;7;22022;2
16;50;7;22190;3
16;50;7;22220;1
16;50;7;22221;1
16;50;7;22222;1
16;50;7;22444;5
16;50;7;33123;1
16;50;7;40111;4
16;50;7;40114;40
16;50;7;40774;2
16;50;7;45222;17
16;50;7;45633;1
16;50;7;45800;1
16;50;7;45999;1
16;50;7;50180;2
16;50;7;50555;9
16;50;7;55000;5
16;50;7;55011;1
16;50;7;55100;2
16;50;7;55333;8
16;50;7;55555;58
16;50;5;95;39
16;50;5;96;63
16;50;5;180;162
16;50;5;222;49
16;50;5;400;178
16;50;5;445;57
16;50;3;13;168
16;50;3;14;1
16;50;3;45;83
16;50;3;95;4
16;50;3;96;18
16;52;1;13;101
16;52;1;14;3
16;52;1;16;1
16;52;1;22;28
16;52;1;55;2
16;52;1;70;1
16;52;1;95;3
16;52;1;96;5
16;52;6;10;1
16;52;6;13;2
16;52;6;15;2
16;52;6;22;1
16;52;6;95;5
16;52;6;96;8
16;52;6;1010;1
16;52;6;1022;1
16;52;6;1222;1
16;52;6;1233;1
16;52;6;1234;11
16;52;6;1315;1
16;52;6;1322;6
16;52;6;1323;2
16;52;6;1331;1
16;52;6;1515;38
16;52;6;1555;14
16;52;6;2200;1
16;52;6;2220;1
16;52;6;2222;9
16;52;6;2299;1
16;52;6;2323;2
16;52;6;2333;10
16;52;6;2555;2
16;52;6;4010;1
16;52;6;4040;3
16;52;6;4044;3
16;52;6;4077;3
16;52;6;4444;2
16;52;6;4455;1
16;52;6;4555;5
16;52;6;5050;1
16;52;6;5511;2
16;52;6;5588;1
16;52;7;18;2
16;52;7;40;6
16;52;7;45;1
16;52;7;55;1
16;52;7;95;11
16;52;7;96;7
16;52;7;10100;2
16;52;7;10222;7
16;52;7;13013;3
16;52;7;13123;1
16;52;7;13131;1
16;52;7;13234;1
16;52;7;13444;1
16;52;7;13700;1
16;52;7;13777;1
16;52;7;13888;3
16;52;7;13999;1
16;52;7;15222;15
16;52;7;22000;1
16;52;7;22022;2
16;52;7;22222;6
16;52;7;25444;1
16;52;7;33000;1
16;52;7;40111;1
16;52;7;40114;14
16;52;7;40555;1
16;52;7;45222;17
16;52;7;45555;1
16;52;7;45633;3
16;52;7;45800;1
16;52;7;50500;1
16;52;7;50555;1
16;52;7;55100;1
16;52;7;55555;27
16;52;5;95;22
16;52;5;96;42
16;52;5;180;87
16;52;5;222;27
16;52;5;400;81
16;52;5;445;29
16;52;3;13;86
16;52;3;45;47
16;52;3;95;2
16;52;3;96;9
16;53;1;13;162
16;53;1;14;2
16;53;1;22;31
16;53;1;70;1
16;53;1;95;2
16;53;1;96;11
16;53;6;11;4
16;53;6;12;3
16;53;6;15;2
16;53;6;55;1
16;53;6;95;8
16;53;6;96;1
16;53;6;1122;1
16;53;6;1234;13
16;53;6;1255;1
16;53;6;1301;2
16;53;6;1322;20
16;53;6;1323;5
16;53;6;1515;51
16;53;6;1555;65
16;53;6;2222;10
16;53;6;2277;4
16;53;6;2288;1
16;53;6;2323;1
16;53;6;2333;4
16;53;6;2555;3
16;53;6;4011;1
16;53;6;4040;2
16;53;6;4044;1
16;53;6;4077;1
16;53;6;4444;1
16;53;6;5544;1
16;53;6;5555;2
16;53;7;10;1
16;53;7;13;2
16;53;7;18;3
16;53;7;22;1
16;53;7;23;1
16;53;7;40;8
16;53;7;44;2
16;53;7;55;1
16;53;7;95;8
16;53;7;96;2
16;53;7;10100;3
16;53;7;10222;2
16;53;7;13013;2
16;53;7;13111;1
16;53;7;13123;1
16;53;7;13222;2
16;53;7;13456;1
16;53;7;13777;2
16;53;7;13888;2
16;53;7;15222;19
16;53;7;22022;1
16;53;7;22222;2
16;53;7;22223;1
16;53;7;22444;1
16;53;7;22777;5
16;53;7;33309;1
16;53;7;40111;1
16;53;7;40114;90
16;53;7;45222;3
16;53;7;45633;1
16;53;7;55555;39
16;53;5;95;21
16;53;5;96;55
16;53;5;180;146
16;53;5;222;22
16;53;5;300;1
16;53;5;400;149
16;53;5;445;24
16;53;3;13;158
16;53;3;45;35
16;53;3;95;3
16;53;3;96;13
16;54;1;13;170
16;54;1;14;6
16;54;1;22;51
16;54;1;70;4
16;54;1;80;1
16;54;1;95;3
16;54;1;96;6
16;54;6;11;2
16;54;6;12;1
16;54;6;95;8
16;54;6;96;5
16;54;6;1234;19
16;54;6;1313;2
16;54;6;1322;14
16;54;6;1323;5
16;54;6;1400;1
16;54;6;1414;1
16;54;6;1515;81
16;54;6;1520;2
16;54;6;1555;20
16;54;6;1800;1
16;54;6;2200;3
16;54;6;2222;13
16;54;6;2277;1
16;54;6;2288;1
16;54;6;2323;4
16;54;6;2333;5
16;54;6;2555;4
16;54;6;3030;1
16;54;6;4010;2
16;54;6;4040;9
16;54;6;4044;3
16;54;6;4077;1
16;54;6;4422;2
16;54;6;4444;9
16;54;6;4445;2
16;54;6;4555;8
16;54;6;5050;1
16;54;6;5055;1
16;54;6;5511;5
16;54;6;5533;1
16;54;6;5544;1
16;54;6;6565;1
16;54;6;7711;1
16;54;7;12;1
16;54;7;15;3
16;54;7;18;2
16;54;7;22;1
16;54;7;44;1
16;54;7;45;1
16;54;7;95;13
16;54;7;96;8
16;54;7;10100;6
16;54;7;10123;1
16;54;7;10222;7
16;54;7;10444;1
16;54;7;11555;1
16;54;7;13000;1
16;54;7;13013;6
16;54;7;13123;2
16;54;7;13132;1
16;54;7;13222;1
16;54;7;13333;1
16;54;7;13444;1
16;54;7;13700;4
16;54;7;13888;8
16;54;7;15111;1
16;54;7;15222;20
16;54;7;15333;2
16;54;7;15555;1
16;54;7;22022;1
16;54;7;22220;1
16;54;7;22221;1
16;54;7;22222;2
16;54;7;22444;3
16;54;7;22522;1
16;54;7;22777;1
16;54;7;33309;1
16;54;7;40111;2
16;54;7;40114;29
16;54;7;44000;1
16;54;7;45000;1
16;54;7;45190;1
16;54;7;45222;26
16;54;7;50180;2
16;54;7;50555;3
16;54;7;55000;5
16;54;7;55100;2
16;54;7;55333;8
16;54;7;55555;55
16;54;5;95;52
16;54;5;96;42
16;54;5;180;138
16;54;5;222;45
16;54;5;400;151
16;54;5;445;53
16;54;5;800;1
16;54;3;13;143
16;54;3;14;1
16;54;3;45;79
16;54;3;95;6
16;54;3;96;12
16;55;1;13;153
16;55;1;14;3
16;55;1;22;55
16;55;1;55;2
16;55;1;70;7
16;55;1;95;2
16;55;1;96;10
16;55;6;12;2
16;55;6;14;1
16;55;6;15;1
16;55;6;22;2
16;55;6;23;1
16;55;6;95;6
16;55;6;96;7
16;55;6;1222;1
16;55;6;1234;23
16;55;6;1313;1
16;55;6;1322;16
16;55;6;1323;10
16;55;6;1333;4
16;55;6;1515;59
16;55;6;1522;2
16;55;6;1555;16
16;55;6;2200;5
16;55;6;2220;2
16;55;6;2222;11
16;55;6;2252;2
16;55;6;2277;1
16;55;6;2299;1
16;55;6;2323;3
16;55;6;2333;18
16;55;6;2518;3
16;55;6;2555;9
16;55;6;4010;3
16;55;6;4040;5
16;55;6;4044;4
16;55;6;4077;2
16;55;6;4422;1
16;55;6;4433;2
16;55;6;4444;2
16;55;6;4455;1
16;55;6;5050;1
16;55;6;5555;1
16;55;6;7030;1
16;55;6;7788;2
16;55;7;10;1
16;55;7;11;1
16;55;7;13;5
16;55;7;15;2
16;55;7;18;1
16;55;7;22;1
16;55;7;33;1
16;55;7;40;6
16;55;7;55;2
16;55;7;95;12
16;55;7;96;5
16;55;7;10100;9
16;55;7;10222;2
16;55;7;11555;1
16;55;7;12222;1
16;55;7;13013;7
16;55;7;13123;7
16;55;7;13333;4
16;55;7;13444;1
16;55;7;13456;2
16;55;7;13700;2
16;55;7;13888;3
16;55;7;15123;1
16;55;7;15222;23
16;55;7;15333;1
16;55;7;22000;3
16;55;7;22022;3
16;55;7;22220;3
16;55;7;22221;1
16;55;7;22222;2
16;55;7;22444;3
16;55;7;22522;1
16;55;7;22777;1
16;55;7;25444;1
16;55;7;33309;1
16;55;7;40111;4
16;55;7;40114;26
16;55;7;45222;24
16;55;7;45633;3
16;55;7;50013;1
16;55;7;50180;2
16;55;7;50555;1
16;55;7;55000;1
16;55;7;55100;4
16;55;7;55555;44
16;55;7;77888;2
16;55;5;95;37
16;55;5;96;63
16;55;5;180;128
16;55;5;222;40
16;55;5;400;146
16;55;5;445;50
16;55;3;13;133
16;55;3;14;2
16;55;3;45;67
16;55;3;95;6
16;55;3;96;24
16;56;1;13;150
16;56;1;14;9
16;56;1;22;60
16;56;1;55;2
16;56;1;70;4
16;56;1;95;5
16;56;1;96;5
16;56;6;12;5
16;56;6;13;5
16;56;6;15;1
16;56;6;22;1
16;56;6;23;2
16;56;6;40;1
16;56;6;95;11
16;56;6;96;3
16;56;6;1011;1
16;56;6;1212;1
16;56;6;1234;22
16;56;6;1301;3
16;56;6;1322;15
16;56;6;1323;8
16;56;6;1331;1
16;56;6;1333;1
16;56;6;1400;1
16;56;6;1414;1
16;56;6;1515;58
16;56;6;1520;2
16;56;6;1555;16
16;56;6;2200;2
16;56;6;2220;1
16;56;6;2222;8
16;56;6;2233;2
16;56;6;2252;1
16;56;6;2277;1
16;56;6;2278;1
16;56;6;2288;1
16;56;6;2323;5
16;56;6;2333;15
16;56;6;2518;1
16;56;6;2555;4
16;56;6;4000;1
16;56;6;4010;1
16;56;6;4011;1
16;56;6;4040;7
16;56;6;4077;2
16;56;6;4422;2
16;56;6;4433;3
16;56;6;4444;3
16;56;6;4455;1
16;56;6;4522;1
16;56;6;4555;4
16;56;6;5050;3
16;56;6;5511;1
16;56;6;5555;2
16;56;6;8080;2
16;56;7;12;1
16;56;7;15;2
16;56;7;18;1
16;56;7;23;2
16;56;7;40;4
16;56;7;44;1
16;56;7;45;1
16;56;7;77;1
16;56;7;95;12
16;56;7;96;3
16;56;7;10100;8
16;56;7;10222;3
16;56;7;11000;1
16;56;7;13013;9
16;56;7;13123;5
16;56;7;13333;1
16;56;7;13444;1
16;56;7;13700;4
16;56;7;13777;3
16;56;7;13888;11
16;56;7;15222;19
16;56;7;22000;5
16;56;7;22022;1
16;56;7;22220;2
16;56;7;22222;5
16;56;7;22444;2
16;56;7;22522;1
16;56;7;22762;1
16;56;7;22777;1
16;56;7;40110;1
16;56;7;40111;2
16;56;7;40114;28
16;56;7;40777;1
16;56;7;43000;1
16;56;7;45000;1
16;56;7;45123;1
16;56;7;45222;15
16;56;7;45633;3
16;56;7;45800;1
16;56;7;50180;3
16;56;7;50555;3
16;56;7;55000;2
16;56;7;55011;2
16;56;7;55125;1
16;56;7;55333;4
16;56;7;55555;55
16;56;5;95;46
16;56;5;96;47
16;56;5;180;132
16;56;5;222;51
16;56;5;400;131
16;56;5;445;61
16;56;5;800;2
16;56;3;13;138
16;56;3;14;1
16;56;3;45;79
16;56;3;80;1
16;56;3;95;9
16;56;3;96;7
16;58;1;13;196
16;58;1;14;2
16;58;1;16;1
16;58;1;22;37
16;58;1;55;1
16;58;1;70;2
16;58;1;95;3
16;58;1;96;11
16;58;6;11;1
16;58;6;12;6
16;58;6;13;3
16;58;6;15;1
16;58;6;33;1
16;58;6;45;1
16;58;6;55;1
16;58;6;77;1
16;58;6;95;15
16;58;6;96;6
16;58;6;1010;1
16;58;6;1234;32
16;58;6;1322;18
16;58;6;1323;3
16;58;6;1515;61
16;58;6;1555;27
16;58;6;2200;1
16;58;6;2220;1
16;58;6;2222;9
16;58;6;2288;2
16;58;6;2323;7
16;58;6;2333;15
16;58;6;2518;2
16;58;6;2555;2
16;58;6;4010;4
16;58;6;4040;6
16;58;6;4044;4
16;58;6;4077;1
16;58;6;4410;1
16;58;6;4422;1
16;58;6;4444;7
16;58;6;4455;1
16;58;6;4555;1
16;58;6;5050;1
16;58;6;5511;2
16;58;6;5533;1
16;58;6;5551;1
16;58;6;5555;4
16;58;6;6565;1
16;58;7;11;1
16;58;7;12;3
16;58;7;13;1
16;58;7;15;5
16;58;7;18;1
16;58;7;40;5
16;58;7;45;2
16;58;7;55;1
16;58;7;95;13
16;58;7;96;9
16;58;7;10100;3
16;58;7;10123;1
16;58;7;10222;3
16;58;7;10999;1
16;58;7;13013;8
16;58;7;13111;1
16;58;7;13123;5
16;58;7;13132;2
16;58;7;13700;2
16;58;7;13777;1
16;58;7;13888;4
16;58;7;15222;25
16;58;7;22000;1
16;58;7;22220;1
16;58;7;22221;1
16;58;7;22222;1
16;58;7;22444;2
16;58;7;22888;2
16;58;7;25444;3
16;58;7;40000;1
16;58;7;40111;4
16;58;7;40114;46
16;58;7;44444;1
16;58;7;45222;33
16;58;7;45633;2
16;58;7;55000;3
16;58;7;55100;2
16;58;7;55333;7
16;58;7;55555;46
16;58;5;95;43
16;58;5;96;71
16;58;5;180;147
16;58;5;222;35
16;58;5;400;167
16;58;5;445;42
16;58;5;800;1
16;58;3;13;165
16;58;3;14;1
16;58;3;45;56
16;58;3;95;9
16;58;3;96;22
16;59;1;13;97
16;59;1;14;3
16;59;1;22;36
16;59;1;70;2
16;59;1;95;2
16;59;1;96;2
16;59;6;12;2
16;59;6;13;1
16;59;6;15;1
16;59;6;95;3
16;59;6;96;4
16;59;6;1010;2
16;59;6;1234;3
16;59;6;1256;1
16;59;6;1314;1
16;59;6;1322;18
16;59;6;1323;5
16;59;6;1515;39
16;59;6;1520;1
16;59;6;1555;14
16;59;6;2200;1
16;59;6;2222;13
16;59;6;2288;2
16;59;6;2323;1
16;59;6;2333;12
16;59;6;2518;1
16;59;6;2555;1
16;59;6;4010;2
16;59;6;4040;3
16;59;6;4044;1
16;59;6;4077;2
16;59;6;4422;1
16;59;6;4433;1
16;59;6;4444;1
16;59;6;4455;1
16;59;6;4555;1
16;59;6;5050;2
16;59;6;5555;1
16;59;7;12;1
16;59;7;13;2
16;59;7;15;2
16;59;7;18;2
16;59;7;22;1
16;59;7;40;4
16;59;7;45;1
16;59;7;55;1
16;59;7;95;3
16;59;7;96;2
16;59;7;10100;5
16;59;7;10123;2
16;59;7;10222;1
16;59;7;11000;1
16;59;7;13013;9
16;59;7;13222;1
16;59;7;13444;4
16;59;7;13888;6
16;59;7;15222;9
16;59;7;18420;1
16;59;7;22000;2
16;59;7;22022;1
16;59;7;22180;1
16;59;7;22190;2
16;59;7;22220;1
16;59;7;22221;5
16;59;7;22444;3
16;59;7;22777;1
16;59;7;22888;1
16;59;7;40111;1
16;59;7;40114;24
16;59;7;45222;6
16;59;7;45633;1
16;59;7;45800;1
16;59;7;55000;1
16;59;7;55333;2
16;59;7;55555;31
16;59;5;95;6
16;59;5;96;36
16;59;5;180;80
16;59;5;222;40
16;59;5;400;85
16;59;5;445;37
16;59;3;13;85
16;59;3;45;44
16;59;3;95;2
16;59;3;96;11
16;60;1;13;179
16;60;1;14;6
16;60;1;22;77
16;60;1;70;8
16;60;1;95;3
16;60;1;96;8
16;60;6;11;2
16;60;6;12;4
16;60;6;13;2
16;60;6;15;2
16;60;6;45;1
16;60;6;95;13
16;60;6;96;5
16;60;6;1010;1
16;60;6;1055;1
16;60;6;1144;1
16;60;6;1234;29
16;60;6;1301;2
16;60;6;1313;1
16;60;6;1322;28
16;60;6;1323;7
16;60;6;1333;1
16;60;6;1400;1
16;60;6;1414;1
16;60;6;1444;1
16;60;6;1515;72
16;60;6;1520;1
16;60;6;1522;1
16;60;6;1555;14
16;60;6;2200;2
16;60;6;2222;18
16;60;6;2244;1
16;60;6;2277;1
16;60;6;2288;2
16;60;6;2323;7
16;60;6;2333;13
16;60;6;2555;4
16;60;6;4001;1
16;60;6;4010;3
16;60;6;4040;6
16;60;6;4044;5
16;60;6;4077;2
16;60;6;4400;1
16;60;6;4422;1
16;60;6;4444;3
16;60;6;4490;1
16;60;6;4555;3
16;60;6;5018;1
16;60;6;5050;3
16;60;6;5511;3
16;60;6;5522;1
16;60;6;5533;1
16;60;6;5555;1
16;60;6;5588;1
16;60;6;6565;4
16;60;6;7788;1
16;60;7;10;1
16;60;7;11;1
16;60;7;12;1
16;60;7;13;3
16;60;7;15;4
16;60;7;22;1
16;60;7;40;5
16;60;7;45;4
16;60;7;55;2
16;60;7;95;20
16;60;7;96;7
16;60;7;10100;9
16;60;7;10222;5
16;60;7;11555;2
16;60;7;13013;12
16;60;7;13113;1
16;60;7;13123;2
16;60;7;13132;2
16;60;7;13133;1
16;60;7;13333;1
16;60;7;13700;4
16;60;7;13888;3
16;60;7;15222;29
16;60;7;15555;1
16;60;7;22000;5
16;60;7;22022;3
16;60;7;22122;1
16;60;7;22190;1
16;60;7;22220;1
16;60;7;22221;4
16;60;7;22222;1
16;60;7;22777;1
16;60;7;22888;2
16;60;7;30000;1
16;60;7;40100;1
16;60;7;40111;3
16;60;7;40114;36
16;60;7;40333;2
16;60;7;40700;1
16;60;7;45111;1
16;60;7;45190;1
16;60;7;45222;21
16;60;7;45633;2
16;60;7;45800;1
16;60;7;50180;4
16;60;7;50555;1
16;60;7;55000;3
16;60;7;55100;2
16;60;7;55333;6
16;60;7;55555;53
16;60;7;77888;2
16;60;5;95;59
16;60;5;96;62
16;60;5;180;146
16;60;5;222;64
16;60;5;300;1
16;60;5;400;147
16;60;5;445;81
16;60;5;800;2
16;60;3;13;147
16;60;3;14;2
16;60;3;45;102
16;60;3;95;11
16;60;3;96;19
16;61;1;13;164
16;61;1;14;1
16;61;1;22;42
16;61;1;70;5
16;61;1;95;1
16;61;1;96;7
16;61;6;13;1
16;61;6;18;2
16;61;6;45;1
16;61;6;95;9
16;61;6;96;3
16;61;6;1212;1
16;61;6;1234;10
16;61;6;1301;2
16;61;6;1322;17
16;61;6;1323;4
16;61;6;1333;2
16;61;6;1515;59
16;61;6;1555;57
16;61;6;2200;1
16;61;6;2220;1
16;61;6;2222;8
16;61;6;2252;1
16;61;6;2277;2
16;61;6;2323;5
16;61;6;2333;7
16;61;6;2555;2
16;61;6;4000;4
16;61;6;4011;2
16;61;6;4040;7
16;61;6;4044;2
16;61;6;4444;8
16;61;6;5511;1
16;61;6;7788;1
16;61;7;10;1
16;61;7;13;2
16;61;7;15;3
16;61;7;18;6
16;61;7;40;6
16;61;7;44;1
16;61;7;45;1
16;61;7;95;11
16;61;7;96;2
16;61;7;10100;6
16;61;7;13013;1
16;61;7;13222;3
16;61;7;13234;1
16;61;7;13333;1
16;61;7;13700;2
16;61;7;13777;1
16;61;7;13888;2
16;61;7;15222;10
16;61;7;15333;1
16;61;7;22000;1
16;61;7;22222;2
16;61;7;22444;1
16;61;7;22777;3
16;61;7;33309;1
16;61;7;40000;1
16;61;7;40111;1
16;61;7;40114;89
16;61;7;45222;5
16;61;7;55100;1
16;61;7;55555;53
16;61;7;77888;1
16;61;5;95;36
16;61;5;96;58
16;61;5;180;137
16;61;5;222;33
16;61;5;400;142
16;61;5;445;34
16;61;3;13;154
16;61;3;45;44
16;61;3;95;7
16;61;3;96;15
16;62;1;13;133
16;62;1;14;3
16;62;1;22;22
16;62;1;55;1
16;62;1;95;2
16;62;1;96;11
16;62;6;12;4
16;62;6;13;3
16;62;6;15;1
16;62;6;18;1
16;62;6;95;6
16;62;6;96;2
16;62;6;1111;1
16;62;6;1234;5
16;62;6;1322;46
16;62;6;1323;3
16;62;6;1512;1
16;62;6;1515;48
16;62;6;1555;34
16;62;6;2211;1
16;62;6;2222;7
16;62;6;2518;1
16;62;6;4000;3
16;62;6;4444;1
16;62;6;5050;1
16;62;6;5533;1
16;62;6;5588;1
16;62;6;7788;1
16;62;7;10;1
16;62;7;12;1
16;62;7;13;2
16;62;7;15;1
16;62;7;18;1
16;62;7;40;13
16;62;7;45;1
16;62;7;55;3
16;62;7;95;6
16;62;7;96;1
16;62;7;10100;4
16;62;7;13013;2
16;62;7;13444;1
16;62;7;15222;6
16;62;7;22221;3
16;62;7;22222;1
16;62;7;22444;1
16;62;7;40111;2
16;62;7;40114;76
16;62;7;45222;2
16;62;7;55555;43
16;62;7;77888;1
16;62;5;95;18
16;62;5;96;59
16;62;5;180;114
16;62;5;222;15
16;62;5;400;119
16;62;5;445;19
16;62;3;13;130
16;62;3;45;27
16;62;3;95;4
16;62;3;96;11
16;63;1;13;129
16;63;1;14;2
16;63;1;22;22
16;63;1;70;3
16;63;1;95;1
16;63;1;96;5
16;63;6;11;1
16;63;6;12;1
16;63;6;13;2
16;63;6;15;1
16;63;6;95;7
16;63;6;96;1
16;63;6;1234;4
16;63;6;1322;39
16;63;6;1323;2
16;63;6;1333;1
16;63;6;1400;1
16;63;6;1515;46
16;63;6;1555;39
16;63;6;2222;7
16;63;6;2288;1
16;63;6;4011;2
16;63;6;4040;2
16;63;6;4077;1
16;63;6;4490;1
16;63;6;5580;1
16;63;6;7788;2
16;63;7;13;3
16;63;7;18;1
16;63;7;40;6
16;63;7;44;1
16;63;7;45;1
16;63;7;55;1
16;63;7;95;5
16;63;7;96;4
16;63;7;10100;2
16;63;7;13000;1
16;63;7;13131;1
16;63;7;15222;4
16;63;7;15333;1
16;63;7;22222;2
16;63;7;22223;1
16;63;7;22444;1
16;63;7;22888;1
16;63;7;40114;82
16;63;7;45190;1
16;63;7;45222;2
16;63;7;55555;41
16;63;5;95;17
16;63;5;96;35
16;63;5;180;117
16;63;5;222;18
16;63;5;300;2
16;63;5;400;121
16;63;5;445;14
16;63;3;13;121
16;63;3;45;32
16;63;3;95;5
16;63;3;96;4
16;64;1;13;174
16;64;1;14;1
16;64;1;22;45
16;64;1;55;1
16;64;1;70;3
16;64;1;95;4
16;64;1;96;7
16;64;6;11;1
16;64;6;12;3
16;64;6;13;2
16;64;6;15;1
16;64;6;44;2
16;64;6;55;2
16;64;6;95;6
16;64;6;96;5
16;64;6;1234;15
16;64;6;1322;5
16;64;6;1323;7
16;64;6;1333;2
16;64;6;1515;89
16;64;6;1533;1
16;64;6;1555;11
16;64;6;2220;2
16;64;6;2222;11
16;64;6;2323;2
16;64;6;2333;28
16;64;6;2518;1
16;64;6;2555;1
16;64;6;4040;2
16;64;6;4044;2
16;64;6;4410;1
16;64;6;5511;1
16;64;6;5533;29
16;64;6;5555;1
16;64;6;5588;1
16;64;6;8080;1
16;64;7;11;1
16;64;7;13;1
16;64;7;15;2
16;64;7;18;2
16;64;7;22;1
16;64;7;40;7
16;64;7;44;1
16;64;7;95;10
16;64;7;96;4
16;64;7;10100;16
16;64;7;10444;1
16;64;7;11555;30
16;64;7;13013;3
16;64;7;13111;1
16;64;7;13444;4
16;64;7;13456;1
16;64;7;13888;3
16;64;7;15222;27
16;64;7;15555;1
16;64;7;22022;1
16;64;7;22221;3
16;64;7;22222;3
16;64;7;22444;1
16;64;7;40111;2
16;64;7;40114;19
16;64;7;44444;1
16;64;7;44555;1
16;64;7;45000;3
16;64;7;45222;3
16;64;7;45800;12
16;64;7;45888;1
16;64;7;45999;1
16;64;7;50180;1
16;64;7;50555;1
16;64;7;55333;1
16;64;7;55555;65
16;64;5;95;25
16;64;5;96;53
16;64;5;180;145
16;64;5;222;50
16;64;5;400;152
16;64;5;445;45
16;64;3;13;150
16;64;3;45;62
16;64;3;95;10
16;64;3;96;13
16;65;1;13;105
16;65;1;14;2
16;65;1;22;41
16;65;1;55;2
16;65;1;70;1
16;65;1;95;2
16;65;1;96;2
16;65;6;12;2
16;65;6;13;2
16;65;6;22;1
16;65;6;45;1
16;65;6;95;3
16;65;6;96;5
16;65;6;1010;1
16;65;6;1055;3
16;65;6;1234;8
16;65;6;1277;1
16;65;6;1301;1
16;65;6;1311;1
16;65;6;1315;1
16;65;6;1322;11
16;65;6;1323;5
16;65;6;1515;43
16;65;6;1520;1
16;65;6;1555;11
16;65;6;2222;6
16;65;6;2288;2
16;65;6;2323;4
16;65;6;2333;14
16;65;6;2518;2
16;65;6;4010;2
16;65;6;4011;1
16;65;6;4040;4
16;65;6;4077;2
16;65;6;4433;2
16;65;6;4444;1
16;65;6;4445;1
16;65;6;4490;1
16;65;6;4555;1
16;65;6;5050;2
16;65;6;5511;5
16;65;6;5555;1
16;65;6;6565;1
16;65;6;7010;1
16;65;6;7788;1
16;65;7;11;1
16;65;7;12;2
16;65;7;13;6
16;65;7;15;1
16;65;7;22;2
16;65;7;40;3
16;65;7;95;3
16;65;7;96;6
16;65;7;10100;5
16;65;7;10222;2
16;65;7;11555;3
16;65;7;13013;7
16;65;7;13132;1
16;65;7;13444;1
16;65;7;13456;1
16;65;7;13777;2
16;65;7;13888;1
16;65;7;15222;12
16;65;7;22000;3
16;65;7;22022;2
16;65;7;22190;1
16;65;7;22220;1
16;65;7;22222;2
16;65;7;22888;1
16;65;7;40111;1
16;65;7;40114;27
16;65;7;45190;1
16;65;7;45222;10
16;65;7;45999;2
16;65;7;50180;1
16;65;7;50555;2
16;65;7;55100;2
16;65;7;55333;2
16;65;7;55555;38
16;65;5;95;11
16;65;5;96;27
16;65;5;180;96
16;65;5;222;37
16;65;5;400;98
16;65;5;445;41
16;65;3;13;89
16;65;3;45;58
16;65;3;95;1
16;65;3;96;7
16;66;1;13;174
16;66;1;14;4
16;66;1;22;63
16;66;1;29;1
16;66;1;55;3
16;66;1;95;5
16;66;1;96;6
16;66;6;11;2
16;66;6;12;1
16;66;6;13;1
16;66;6;15;1
16;66;6;95;14
16;66;6;96;4
16;66;6;1234;24
16;66;6;1301;1
16;66;6;1322;19
16;66;6;1323;4
16;66;6;1377;1
16;66;6;1515;80
16;66;6;1555;14
16;66;6;2200;3
16;66;6;2220;1
16;66;6;2222;15
16;66;6;2233;1
16;66;6;2252;1
16;66;6;2288;2
16;66;6;2323;4
16;66;6;2333;8
16;66;6;2518;4
16;66;6;2555;2
16;66;6;4000;1
16;66;6;4010;7
16;66;6;4011;2
16;66;6;4040;9
16;66;6;4044;4
16;66;6;4422;1
16;66;6;4433;2
16;66;6;4444;8
16;66;6;4555;6
16;66;6;5050;3
16;66;6;5511;1
16;66;6;5533;3
16;66;6;5544;1
16;66;6;8080;1
16;66;7;12;1
16;66;7;13;3
16;66;7;15;2
16;66;7;18;1
16;66;7;40;7
16;66;7;45;1
16;66;7;55;2
16;66;7;95;21
16;66;7;96;9
16;66;7;10100;3
16;66;7;10222;10
16;66;7;10478;1
16;66;7;10999;1
16;66;7;11000;1
16;66;7;11555;2
16;66;7;13003;1
16;66;7;13013;7
16;66;7;13111;1
16;66;7;13123;1
16;66;7;13132;1
16;66;7;13222;1
16;66;7;13444;1
16;66;7;13700;1
16;66;7;13888;4
16;66;7;15222;30
16;66;7;15333;1
16;66;7;22000;1
16;66;7;22022;4
16;66;7;22190;3
16;66;7;22220;2
16;66;7;22221;2
16;66;7;22222;4
16;66;7;22888;2
16;66;7;25444;1
16;66;7;40111;4
16;66;7;40114;30
16;66;7;45222;22
16;66;7;45633;3
16;66;7;50180;3
16;66;7;50555;2
16;66;7;55000;1
16;66;7;55100;3
16;66;7;55125;1
16;66;7;55333;4
16;66;7;55555;50
16;66;5;95;64
16;66;5;96;52
16;66;5;180;138
16;66;5;222;50
16;66;5;400;155
16;66;5;445;53
16;66;3;13;156
16;66;3;45;77
16;66;3;95;10
16;66;3;96;13
16;67;1;13;228
16;67;1;14;3
16;67;1;22;16
16;67;1;55;1
16;67;1;70;2
16;67;1;95;4
16;67;1;96;4
16;67;6;11;1
16;67;6;12;3
16;67;6;13;2
16;67;6;15;1
16;67;6;95;9
16;67;6;96;4
16;67;6;1111;1
16;67;6;1233;1
16;67;6;1234;34
16;67;6;1322;30
16;67;6;1323;4
16;67;6;1515;57
16;67;6;1555;56
16;67;6;2200;1
16;67;6;2252;2
16;67;6;2255;1
16;67;6;2277;2
16;67;6;2288;1
16;67;6;2299;2
16;67;6;2323;11
16;67;6;2333;6
16;67;6;2518;1
16;67;6;2555;1
16;67;6;4011;1
16;67;6;4040;1
16;67;6;4044;1
16;67;6;4055;1
16;67;6;4077;6
16;67;6;4444;10
16;67;6;4522;1
16;67;6;4555;1
16;67;6;5555;2
16;67;6;5588;2
16;67;6;7788;1
16;67;7;13;4
16;67;7;15;3
16;67;7;40;10
16;67;7;45;2
16;67;7;55;3
16;67;7;95;12
16;67;7;96;5
16;67;7;10100;1
16;67;7;10222;4
16;67;7;13013;12
16;67;7;13123;1
16;67;7;13132;2
16;67;7;13700;1
16;67;7;13888;12
16;67;7;15222;37
16;67;7;18333;1
16;67;7;22220;1
16;67;7;22222;1
16;67;7;22522;2
16;67;7;22777;2
16;67;7;33309;3
16;67;7;33900;1
16;67;7;40111;2
16;67;7;40114;51
16;67;7;40123;1
16;67;7;40777;1
16;67;7;45222;23
16;67;7;45633;1
16;67;7;50180;1
16;67;7;50555;1
16;67;7;55000;1
16;67;7;55100;2
16;67;7;55333;3
16;67;7;55555;51
16;67;5;95;28
16;67;5;96;51
16;67;5;180;194
16;67;5;222;22
16;67;5;300;1
16;67;5;400;197
16;67;5;445;23
16;67;3;13;208
16;67;3;14;1
16;67;3;30;1
16;67;3;45;28
16;67;3;95;6
16;67;3;96;14
16;69;1;13;153
16;69;1;14;3
16;69;1;22;51
16;69;1;55;2
16;69;1;70;7
16;69;1;95;6
16;69;1;96;9
16;69;6;12;1
16;69;6;13;2
16;69;6;14;1
16;69;6;23;1
16;69;6;95;9
16;69;6;96;6
16;69;6;1222;1
16;69;6;1234;10
16;69;6;1322;33
16;69;6;1323;4
16;69;6;1414;1
16;69;6;1515;58
16;69;6;1522;1
16;69;6;1555;52
16;69;6;2200;3
16;69;6;2220;3
16;69;6;2222;11
16;69;6;2277;2
16;69;6;2288;1
16;69;6;2323;6
16;69;6;2333;6
16;69;6;2518;3
16;69;6;4040;3
16;69;6;4044;3
16;69;6;4077;2
16;69;6;4444;5
16;69;6;5050;1
16;69;6;7788;1
16;69;6;8080;1
16;69;7;10;1
16;69;7;12;1
16;69;7;13;1
16;69;7;15;2
16;69;7;18;4
16;69;7;22;2
16;69;7;40;4
16;69;7;55;2
16;69;7;95;8
16;69;7;96;5
16;69;7;10100;4
16;69;7;10222;6
16;69;7;11555;1
16;69;7;13013;5
16;69;7;13222;1
16;69;7;13333;1
16;69;7;13444;2
16;69;7;13700;1
16;69;7;13777;1
16;69;7;13888;4
16;69;7;15222;13
16;69;7;15333;4
16;69;7;22022;4
16;69;7;22221;4
16;69;7;22222;1
16;69;7;22777;1
16;69;7;33309;1
16;69;7;40111;3
16;69;7;40114;96
16;69;7;45222;4
16;69;7;45999;1
16;69;7;50180;3
16;69;7;55555;39
16;69;7;77888;1
16;69;5;95;31
16;69;5;96;65
16;69;5;162;2
16;69;5;180;131
16;69;5;222;45
16;69;5;400;143
16;69;5;445;44
16;69;5;800;1
16;69;3;13;150
16;69;3;45;59
16;69;3;95;9
16;69;3;96;13
16;70;1;13;192
16;70;1;14;1
16;70;1;22;45
16;70;1;70;8
16;70;1;80;1
16;70;1;95;2
16;70;1;96;12
16;70;6;11;1
16;70;6;12;1
16;70;6;13;2
16;70;6;15;2
16;70;6;44;1
16;70;6;95;8
16;70;6;96;6
16;70;6;1010;2
16;70;6;1144;1
16;70;6;1207;1
16;70;6;1234;31
16;70;6;1301;1
16;70;6;1322;16
16;70;6;1323;3
16;70;6;1331;1
16;70;6;1333;1
16;70;6;1515;75
16;70;6;1520;1
16;70;6;1522;1
16;70;6;1555;26
16;70;6;2200;2
16;70;6;2220;1
16;70;6;2222;12
16;70;6;2288;1
16;70;6;2323;2
16;70;6;2333;11
16;70;6;2518;1
16;70;6;2555;5
16;70;6;4000;1
16;70;6;4010;4
16;70;6;4011;1
16;70;6;4040;5
16;70;6;4044;4
16;70;6;4077;9
16;70;6;4412;1
16;70;6;4433;2
16;70;6;4444;3
16;70;6;4445;1
16;70;6;4455;1
16;70;6;4522;1
16;70;6;4555;3
16;70;6;5050;1
16;70;6;5077;2
16;70;6;5533;1
16;70;6;5555;1
16;70;6;6565;2
16;70;6;7711;1
16;70;6;8080;1
16;70;7;10;1
16;70;7;13;4
16;70;7;15;2
16;70;7;18;4
16;70;7;22;2
16;70;7;40;12
16;70;7;43;1
16;70;7;45;2
16;70;7;55;1
16;70;7;95;8
16;70;7;96;6
16;70;7;10100;3
16;70;7;10123;1
16;70;7;10222;5
16;70;7;11555;1
16;70;7;12700;1
16;70;7;13013;7
16;70;7;13123;1
16;70;7;13132;2
16;70;7;13444;2
16;70;7;13888;5
16;70;7;15222;33
16;70;7;22190;1
16;70;7;22220;2
16;70;7;22221;1
16;70;7;22222;3
16;70;7;22888;1
16;70;7;25444;1
16;70;7;33309;1
16;70;7;33900;1
16;70;7;40111;4
16;70;7;40114;43
16;70;7;40333;1
16;70;7;45222;24
16;70;7;45633;2
16;70;7;45678;1
16;70;7;50111;1
16;70;7;50180;4
16;70;7;50555;4
16;70;7;55000;2
16;70;7;55333;4
16;70;7;55555;55
16;70;7;65013;1
16;70;5;95;36
16;70;5;96;76
16;70;5;180;145
16;70;5;222;49
16;70;5;400;162
16;70;5;445;54
16;70;3;13;161
16;70;3;14;1
16;70;3;45;72
16;70;3;95;7
16;70;3;96;20
16;71;1;13;190
16;71;1;14;7
16;71;1;22;60
16;71;1;55;3
16;71;1;70;3
16;71;1;95;1
16;71;1;96;4
16;71;6;11;3
16;71;6;12;2
16;71;6;15;3
16;71;6;18;2
16;71;6;50;1
16;71;6;95;13
16;71;6;96;1
16;71;6;1022;2
16;71;6;1234;26
16;71;6;1277;1
16;71;6;1301;1
16;71;6;1313;1
16;71;6;1322;19
16;71;6;1323;12
16;71;6;1331;2
16;71;6;1515;75
16;71;6;1520;1
16;71;6;1555;24
16;71;6;2200;4
16;71;6;2210;1
16;71;6;2220;1
16;71;6;2222;16
16;71;6;2278;1
16;71;6;2323;7
16;71;6;2333;5
16;71;6;2518;1
16;71;6;2555;3
16;71;6;4010;2
16;71;6;4040;7
16;71;6;4044;4
16;71;6;4055;1
16;71;6;4077;2
16;71;6;4433;1
16;71;6;4444;6
16;71;6;4455;1
16;71;6;4490;2
16;71;6;4522;1
16;71;6;4555;3
16;71;6;5050;3
16;71;6;5077;1
16;71;6;5511;3
16;71;6;5533;2
16;71;6;6565;1
16;71;7;11;1
16;71;7;12;1
16;71;7;13;3
16;71;7;18;1
16;71;7;40;5
16;71;7;44;1
16;71;7;55;2
16;71;7;95;16
16;71;7;96;5
16;71;7;10100;14
16;71;7;10222;4
16;71;7;11555;1
16;71;7;13013;11
16;71;7;13113;1
16;71;7;13123;1
16;71;7;13132;1
16;71;7;13133;1
16;71;7;13444;2
16;71;7;13700;2
16;71;7;13888;6
16;71;7;15111;1
16;71;7;15222;30
16;71;7;15333;1
16;71;7;22022;6
16;71;7;22190;2
16;71;7;22222;5
16;71;7;22444;3
16;71;7;25444;1
16;71;7;33309;1
16;71;7;40111;2
16;71;7;40114;34
16;71;7;40333;3
16;71;7;40789;1
16;71;7;45190;4
16;71;7;45222;23
16;71;7;45555;2
16;71;7;50180;3
16;71;7;50555;4
16;71;7;55000;4
16;71;7;55100;4
16;71;7;55333;2
16;71;7;55555;53
16;71;5;95;61
16;71;5;96;46
16;71;5;162;1
16;71;5;180;154
16;71;5;222;51
16;71;5;400;166
16;71;5;445;56
16;71;5;800;1
16;71;3;13;171
16;71;3;16;1
16;71;3;45;78
16;71;3;95;6
16;71;3;96;12
16;73;1;13;199
16;73;1;14;3
16;73;1;22;64
16;73;1;55;2
16;73;1;70;7
16;73;1;95;5
16;73;1;96;10
16;73;6;10;1
16;73;6;11;1
16;73;6;12;2
16;73;6;13;4
16;73;6;14;1
16;73;6;15;3
16;73;6;22;1
16;73;6;95;10
16;73;6;96;2
16;73;6;1010;1
16;73;6;1234;28
16;73;6;1256;1
16;73;6;1322;31
16;73;6;1323;3
16;73;6;1515;89
16;73;6;1520;3
16;73;6;1555;21
16;73;6;2200;1
16;73;6;2220;6
16;73;6;2222;14
16;73;6;2233;1
16;73;6;2277;1
16;73;6;2288;1
16;73;6;2323;2
16;73;6;2333;20
16;73;6;2555;1
16;73;6;4010;2
16;73;6;4011;1
16;73;6;4040;7
16;73;6;4044;5
16;73;6;4422;2
16;73;6;4444;2
16;73;6;4455;2
16;73;6;4522;1
16;73;6;4555;6
16;73;6;5050;3
16;73;6;5511;2
16;73;6;5533;4
16;73;6;5555;1
16;73;6;5588;2
16;73;6;6565;1
16;73;7;11;1
16;73;7;13;5
16;73;7;15;3
16;73;7;18;2
16;73;7;40;6
16;73;7;44;1
16;73;7;55;1
16;73;7;65;1
16;73;7;95;14
16;73;7;96;5
16;73;7;10100;6
16;73;7;10123;1
16;73;7;10222;6
16;73;7;10234;1
16;73;7;11100;1
16;73;7;11555;2
16;73;7;12345;1
16;73;7;13013;7
16;73;7;13111;2
16;73;7;13123;2
16;73;7;13132;2
16;73;7;13222;1
16;73;7;13333;1
16;73;7;13444;2
16;73;7;13777;1
16;73;7;13888;13
16;73;7;15222;27
16;73;7;22000;2
16;73;7;22022;1
16;73;7;22190;1
16;73;7;22220;3
16;73;7;22221;3
16;73;7;22222;1
16;73;7;22444;4
16;73;7;22580;1
16;73;7;25444;3
16;73;7;40111;4
16;73;7;40114;39
16;73;7;45222;22
16;73;7;45633;3
16;73;7;45999;1
16;73;7;50013;1
16;73;7;50100;2
16;73;7;50180;3
16;73;7;50555;2
16;73;7;55000;4
16;73;7;55100;2
16;73;7;55333;6
16;73;7;55555;67
16;73;5;95;55
16;73;5;96;56
16;73;5;180;176
16;73;5;222;47
16;73;5;300;1
16;73;5;400;183
16;73;5;445;61
16;73;5;800;1
16;73;3;13;173
16;73;3;16;1
16;73;3;45;89
16;73;3;95;9
16;73;3;96;18
16;74;1;13;145
16;74;1;14;4
16;74;1;22;33
16;74;1;55;2
16;74;1;70;8
16;74;1;95;9
16;74;1;96;10
16;74;6;12;2
16;74;6;13;2
16;74;6;15;1
16;74;6;95;11
16;74;6;96;9
16;74;6;1010;1
16;74;6;1222;1
16;74;6;1234;12
16;74;6;1322;19
16;74;6;1323;3
16;74;6;1414;1
16;74;6;1512;1
16;74;6;1515;54
16;74;6;1555;50
16;74;6;2200;1
16;74;6;2222;8
16;74;6;2277;3
16;74;6;2288;1
16;74;6;2300;1
16;74;6;2323;2
16;74;6;2333;6
16;74;6;2518;2
16;74;6;2555;3
16;74;6;4000;2
16;74;6;4011;1
16;74;6;4040;3
16;74;6;4444;3
16;74;6;5511;3
16;74;6;5533;1
16;74;6;5544;1
16;74;6;5550;1
16;74;6;5555;1
16;74;6;7788;1
16;74;7;13;1
16;74;7;15;2
16;74;7;18;3
16;74;7;22;2
16;74;7;23;1
16;74;7;40;6
16;74;7;55;1
16;74;7;95;12
16;74;7;96;6
16;74;7;10100;3
16;74;7;10123;1
16;74;7;10222;1
16;74;7;11555;1
16;74;7;13013;2
16;74;7;13111;1
16;74;7;13123;2
16;74;7;13222;1
16;74;7;13888;3
16;74;7;15222;9
16;74;7;15333;2
16;74;7;22022;3
16;74;7;22222;2
16;74;7;22777;2
16;74;7;40111;1
16;74;7;40114;85
16;74;7;45222;11
16;74;7;45422;1
16;74;7;55100;1
16;74;7;55555;43
16;74;7;55777;1
16;74;7;77888;1
16;74;5;95;27
16;74;5;96;73
16;74;5;162;1
16;74;5;180;127
16;74;5;222;23
16;74;5;400;143
16;74;5;445;28
16;74;3;13;141
16;74;3;45;51
16;74;3;95;8
16;74;3;96;11
16;75;1;13;122
16;75;1;14;1
16;75;1;22;26
16;75;1;70;1
16;75;1;95;1
16;75;1;96;5
16;75;6;11;1
16;75;6;12;1
16;75;6;14;1
16;75;6;15;1
16;75;6;50;1
16;75;6;95;2
16;75;6;96;2
16;75;6;1233;1
16;75;6;1234;5
16;75;6;1322;13
16;75;6;1323;2
16;75;6;1515;62
16;75;6;1555;27
16;75;6;2200;1
16;75;6;2220;1
16;75;6;2222;4
16;75;6;2277;2
16;75;6;2323;2
16;75;6;2333;20
16;75;6;2518;2
16;75;6;4444;3
16;75;6;5533;1
16;75;6;5578;1
16;75;7;12;1
16;75;7;15;1
16;75;7;18;1
16;75;7;22;1
16;75;7;40;1
16;75;7;95;3
16;75;7;96;3
16;75;7;10100;4
16;75;7;11555;3
16;75;7;13234;1
16;75;7;13888;1
16;75;7;15222;8
16;75;7;15333;3
16;75;7;15555;1
16;75;7;22022;2
16;75;7;22190;1
16;75;7;22220;1
16;75;7;22222;1
16;75;7;22777;2
16;75;7;33309;1
16;75;7;40114;51
16;75;7;45222;4
16;75;7;45678;1
16;75;7;45800;1
16;75;7;50100;1
16;75;7;55333;3
16;75;7;55555;55
16;75;5;95;10
16;75;5;96;23
16;75;5;180;117
16;75;5;222;19
16;75;5;400;126
16;75;5;445;17
16;75;3;13;116
16;75;3;45;29
16;75;3;95;2
16;75;3;96;9
16;76;1;13;146
16;76;1;22;28
16;76;1;55;2
16;76;1;70;1
16;76;1;95;2
16;76;1;96;6
16;76;6;12;4
16;76;6;15;2
16;76;6;44;1
16;76;6;95;10
16;76;6;96;6
16;76;6;1010;1
16;76;6;1234;3
16;76;6;1322;18
16;76;6;1323;1
16;76;6;1515;61
16;76;6;1555;47
16;76;6;2200;2
16;76;6;2222;3
16;76;6;2255;2
16;76;6;2299;1
16;76;6;2323;2
16;76;6;2333;6
16;76;6;2518;1
16;76;6;4040;5
16;76;6;4077;4
16;76;6;4433;1
16;76;6;4522;1
16;76;6;5050;1
16;76;6;5555;1
16;76;6;5588;1
16;76;7;13;1
16;76;7;18;2
16;76;7;40;6
16;76;7;45;3
16;76;7;55;1
16;76;7;95;13
16;76;7;96;4
16;76;7;10100;6
16;76;7;10123;1
16;76;7;10222;1
16;76;7;13444;2
16;76;7;13777;1
16;76;7;13888;1
16;76;7;15222;7
16;76;7;15333;1
16;76;7;22221;2
16;76;7;22222;2
16;76;7;33309;1
16;76;7;40111;1
16;76;7;40114;54
16;76;7;40774;1
16;76;7;40777;1
16;76;7;45222;25
16;76;7;45422;1
16;76;7;55100;1
16;76;7;55555;46
16;76;5;95;48
16;76;5;96;45
16;76;5;180;114
16;76;5;222;20
16;76;5;400;121
16;76;5;445;22
16;76;3;13;121
16;76;3;14;1
16;76;3;45;34
16;76;3;95;11
16;76;3;96;18
16;77;1;13;158
16;77;1;14;2
16;77;1;22;32
16;77;1;55;2
16;77;1;70;6
16;77;1;95;2
16;77;1;96;7
16;77;6;11;4
16;77;6;13;2
16;77;6;15;2
16;77;6;20;2
16;77;6;23;1
16;77;6;95;6
16;77;6;96;5
16;77;6;1010;1
16;77;6;1144;1
16;77;6;1234;3
16;77;6;1322;10
16;77;6;1323;3
16;77;6;1333;1
16;77;6;1515;88
16;77;6;1555;24
16;77;6;2200;1
16;77;6;2220;2
16;77;6;2222;6
16;77;6;2299;3
16;77;6;2323;7
16;77;6;2333;6
16;77;6;2518;1
16;77;6;2555;1
16;77;6;4010;2
16;77;6;4040;3
16;77;6;4077;1
16;77;6;4444;15
16;77;6;4522;2
16;77;6;5018;1
16;77;6;5533;2
16;77;6;5555;1
16;77;6;5578;1
16;77;6;6565;1
16;77;7;13;4
16;77;7;15;1
16;77;7;18;2
16;77;7;40;6
16;77;7;44;2
16;77;7;45;5
16;77;7;55;2
16;77;7;65;1
16;77;7;95;7
16;77;7;96;3
16;77;7;10100;1
16;77;7;11555;1
16;77;7;13013;1
16;77;7;13777;1
16;77;7;13888;1
16;77;7;15222;4
16;77;7;15333;1
16;77;7;22022;2
16;77;7;22222;1
16;77;7;22444;1
16;77;7;40111;1
16;77;7;40112;1
16;77;7;40114;34
16;77;7;40777;1
16;77;7;44444;2
16;77;7;45222;76
16;77;7;45633;2
16;77;7;50180;1
16;77;7;50555;1
16;77;7;55333;3
16;77;7;55555;40
16;77;5;95;22
16;77;5;96;56
16;77;5;180;124
16;77;5;222;39
16;77;5;400;135
16;77;5;445;42
16;77;3;13;135
16;77;3;45;56
16;77;3;95;7
16;77;3;96;11
16;78;1;13;207
16;78;1;14;3
16;78;1;22;51
16;78;1;55;1
16;78;1;70;6
16;78;1;95;6
16;78;1;96;5
16;78;6;11;1
16;78;6;12;1
16;78;6;13;3
16;78;6;15;3
16;78;6;18;1
16;78;6;33;1
16;78;6;40;1
16;78;6;95;9
16;78;6;96;7
16;78;6;1111;1
16;78;6;1234;16
16;78;6;1322;24
16;78;6;1323;3
16;78;6;1400;1
16;78;6;1515;79
16;78;6;1555;68
16;78;6;2200;1
16;78;6;2220;5
16;78;6;2222;17
16;78;6;2277;4
16;78;6;2288;1
16;78;6;2323;2
16;78;6;2333;6
16;78;6;2555;4
16;78;6;4000;1
16;78;6;4010;1
16;78;6;4040;11
16;78;6;4444;1
16;78;6;5050;2
16;78;6;5533;2
16;78;6;5555;1
16;78;6;6565;1
16;78;7;13;2
16;78;7;15;2
16;78;7;18;2
16;78;7;33;1
16;78;7;40;6
16;78;7;44;1
16;78;7;55;2
16;78;7;95;10
16;78;7;96;5
16;78;7;10100;7
16;78;7;10222;1
16;78;7;10444;1
16;78;7;11555;1
16;78;7;13013;3
16;78;7;13111;2
16;78;7;13123;2
16;78;7;13222;3
16;78;7;13234;1
16;78;7;13444;2
16;78;7;13700;1
16;78;7;13888;2
16;78;7;15222;16
16;78;7;15333;2
16;78;7;22022;3
16;78;7;22220;1
16;78;7;22221;2
16;78;7;22222;5
16;78;7;22444;2
16;78;7;22777;4
16;78;7;22888;1
16;78;7;30456;1
16;78;7;33900;1
16;78;7;40100;2
16;78;7;40111;2
16;78;7;40114;103
16;78;7;45222;14
16;78;7;45800;1
16;78;7;45999;2
16;78;7;50180;1
16;78;7;50555;1
16;78;7;55100;2
16;78;7;55555;56
16;78;5;95;26
16;78;5;96;55
16;78;5;180;188
16;78;5;222;49
16;78;5;300;1
16;78;5;400;189
16;78;5;445;49
16;78;5;800;1
16;78;3;13;191
16;78;3;45;65
16;78;3;95;10
16;78;3;96;13
16;79;1;13;215
16;79;1;14;1
16;79;1;22;25
16;79;1;55;1
16;79;1;95;1
16;79;1;96;4
16;79;6;13;2
16;79;6;15;5
16;79;6;40;1
16;79;6;95;3
16;79;6;1234;10
16;79;6;1323;15
16;79;6;1515;166
16;79;6;1555;11
16;79;6;2220;2
16;79;6;2222;9
16;79;6;2323;4
16;79;6;2333;7
16;79;6;2518;2
16;79;6;2555;1
16;79;6;4010;1
16;79;6;4040;2
16;79;6;4044;4
16;79;6;4077;1
16;79;6;5533;1
16;79;7;22;2
16;79;7;40;9
16;79;7;95;5
16;79;7;96;2
16;79;7;10100;10
16;79;7;10222;1
16;79;7;11111;2
16;79;7;13013;1
16;79;7;13888;1
16;79;7;15222;22
16;79;7;22221;1
16;79;7;22222;4
16;79;7;40111;4
16;79;7;40114;14
16;79;7;40555;1
16;79;7;45222;4
16;79;7;45777;1
16;79;7;45800;1
16;79;7;55000;1
16;79;7;55100;1
16;79;7;55333;12
16;79;7;55555;148
16;79;5;95;10
16;79;5;96;28
16;79;5;180;146
16;79;5;222;25
16;79;5;400;203
16;79;5;445;82
16;79;3;13;189
16;79;3;45;50
16;79;3;95;2
16;79;3;96;6
16;80;1;13;212
16;80;1;14;2
16;80;1;22;40
16;80;1;55;1
16;80;1;70;3
16;80;1;95;4
16;80;1;96;8
16;80;6;12;2
16;80;6;13;2
16;80;6;15;3
16;80;6;23;2
16;80;6;77;1
16;80;6;95;17
16;80;6;96;6
16;80;6;1010;1
16;80;6;1022;1
16;80;6;1234;4
16;80;6;1301;2
16;80;6;1322;14
16;80;6;1323;18
16;80;6;1333;5
16;80;6;1400;1
16;80;6;1515;60
16;80;6;1555;48
16;80;6;2200;4
16;80;6;2220;1
16;80;6;2222;6
16;80;6;2288;2
16;80;6;2323;7
16;80;6;2333;26
16;80;6;2518;7
16;80;6;2555;2
16;80;6;4010;2
16;80;6;4011;1
16;80;6;4040;4
16;80;6;4055;1
16;80;6;4077;2
16;80;6;4422;1
16;80;6;4433;2
16;80;6;4444;1
16;80;6;4490;2
16;80;6;4522;1
16;80;6;4555;7
16;80;6;5511;1
16;80;6;5533;1
16;80;6;5555;1
16;80;6;5588;1
16;80;7;12;1
16;80;7;13;2
16;80;7;15;1
16;80;7;18;7
16;80;7;22;1
16;80;7;23;1
16;80;7;40;9
16;80;7;45;4
16;80;7;55;2
16;80;7;95;23
16;80;7;96;6
16;80;7;10100;21
16;80;7;10222;7
16;80;7;10234;1
16;80;7;13111;1
16;80;7;13123;1
16;80;7;13234;2
16;80;7;13333;4
16;80;7;13444;1
16;80;7;13700;2
16;80;7;13888;3
16;80;7;15222;6
16;80;7;15333;2
16;80;7;22000;1
16;80;7;22022;4
16;80;7;22190;2
16;80;7;22220;6
16;80;7;22221;2
16;80;7;22222;1
16;80;7;22444;1
16;80;7;22762;2
16;80;7;22777;1
16;80;7;22888;1
16;80;7;25222;1
16;80;7;25444;1
16;80;7;40110;1
16;80;7;40111;1
16;80;7;40114;76
16;80;7;45222;18
16;80;7;45633;1
16;80;7;50013;1
16;80;7;55100;4
16;80;7;55333;6
16;80;7;55555;31
16;80;5;95;53
16;80;5;96;70
16;80;5;180;166
16;80;5;222;36
16;80;5;300;1
16;80;5;400;179
16;80;5;445;35
16;80;3;13;184
16;80;3;45;66
16;80;3;95;12
16;80;3;96;8
16;81;1;13;191
16;81;1;14;3
16;81;1;22;52
16;81;1;70;3
16;81;1;80;1
16;81;1;95;1
16;81;1;96;9
16;81;6;11;1
16;81;6;12;3
16;81;6;13;1
16;81;6;15;1
16;81;6;18;1
16;81;6;95;7
16;81;6;96;7
16;81;6;1010;1
16;81;6;1234;19
16;81;6;1301;2
16;81;6;1322;11
16;81;6;1323;7
16;81;6;1370;1
16;81;6;1511;1
16;81;6;1515;97
16;81;6;1520;1
16;81;6;1555;45
16;81;6;2200;2
16;81;6;2220;1
16;81;6;2222;14
16;81;6;2277;1
16;81;6;2323;6
16;81;6;2333;9
16;81;6;2518;4
16;81;6;2525;1
16;81;6;2555;3
16;81;6;4011;1
16;81;6;4040;5
16;81;6;4077;3
16;81;6;4433;1
16;81;6;4444;1
16;81;6;4522;1
16;81;6;5555;1
16;81;7;12;2
16;81;7;15;4
16;81;7;18;1
16;81;7;40;4
16;81;7;45;1
16;81;7;55;1
16;81;7;95;6
16;81;7;96;5
16;81;7;10100;2
16;81;7;10123;1
16;81;7;10222;1
16;81;7;11555;3
16;81;7;13013;4
16;81;7;13222;1
16;81;7;13444;1
16;81;7;13700;1
16;81;7;13888;1
16;81;7;15222;17
16;81;7;22000;1
16;81;7;22221;2
16;81;7;22222;3
16;81;7;22444;2
16;81;7;22777;1
16;81;7;40111;3
16;81;7;40114;62
16;81;7;40700;1
16;81;7;45222;43
16;81;7;45633;3
16;81;7;45800;1
16;81;7;55000;1
16;81;7;55011;1
16;81;7;55100;4
16;81;7;55111;1
16;81;7;55333;4
16;81;7;55555;71
16;81;5;95;23
16;81;5;96;69
16;81;5;180;162
16;81;5;222;44
16;81;5;400;169
16;81;5;445;53
16;81;3;13;152
16;81;3;14;1
16;81;3;16;1
16;81;3;30;1
16;81;3;45;80
16;81;3;95;2
16;81;3;96;23
16;82;1;13;170
16;82;1;22;37
16;82;1;70;1
16;82;1;80;1
16;82;1;95;5
16;82;1;96;14
16;82;6;12;3
16;82;6;13;1
16;82;6;14;1
16;82;6;15;4
16;82;6;45;1
16;82;6;95;7
16;82;6;96;6
16;82;6;1222;1
16;82;6;1233;1
16;82;6;1234;37
16;82;6;1322;22
16;82;6;1323;3
16;82;6;1377;1
16;82;6;1515;84
16;82;6;1555;26
16;82;6;2220;1
16;82;6;2222;6
16;82;6;2333;4
16;82;6;2518;2
16;82;6;2555;3
16;82;6;4001;1
16;82;6;4010;4
16;82;6;4040;1
16;82;6;4044;2
16;82;6;4077;1
16;82;6;4444;1
16;82;6;4455;1
16;82;6;5000;1
16;82;6;5555;1
16;82;6;5588;1
16;82;7;11;1
16;82;7;12;2
16;82;7;13;1
16;82;7;15;6
16;82;7;18;1
16;82;7;22;1
16;82;7;40;7
16;82;7;45;2
16;82;7;95;11
16;82;7;96;9
16;82;7;10100;4
16;82;7;10222;1
16;82;7;10999;2
16;82;7;13013;2
16;82;7;13123;2
16;82;7;13132;1
16;82;7;15222;38
16;82;7;22220;1
16;82;7;22522;1
16;82;7;22822;1
16;82;7;22888;1
16;82;7;40111;2
16;82;7;40114;57
16;82;7;45222;5
16;82;7;45678;1
16;82;7;50555;1
16;82;7;55100;1
16;82;7;55555;66
16;82;5;95;25
16;82;5;96;65
16;82;5;180;158
16;82;5;222;22
16;82;5;400;163
16;82;5;445;23
16;82;3;13;149
16;82;3;45;49
16;82;3;95;10
16;82;3;96;20
16;83;1;13;143
16;83;1;22;64
16;83;1;70;5
16;83;1;95;2
16;83;1;96;8
16;83;6;11;1
16;83;6;12;2
16;83;6;15;1
16;83;6;40;1
16;83;6;95;4
16;83;6;96;2
16;83;6;1010;1
16;83;6;1234;15
16;83;6;1255;1
16;83;6;1313;1
16;83;6;1322;15
16;83;6;1323;15
16;83;6;1333;1
16;83;6;1515;86
16;83;6;1520;1
16;83;6;1555;30
16;83;6;2200;1
16;83;6;2220;1
16;83;6;2222;13
16;83;6;2323;4
16;83;6;2518;2
16;83;6;4040;21
16;83;6;5555;3
16;83;7;13;4
16;83;7;15;2
16;83;7;18;3
16;83;7;22;1
16;83;7;40;8
16;83;7;44;2
16;83;7;55;1
16;83;7;95;6
16;83;7;96;2
16;83;7;10100;24
16;83;7;13013;2
16;83;7;13700;2
16;83;7;15222;10
16;83;7;15333;5
16;83;7;22221;1
16;83;7;22444;1
16;83;7;40111;1
16;83;7;40114;41
16;83;7;45222;16
16;83;7;45999;1
16;83;7;55555;89
16;83;5;95;18
16;83;5;96;63
16;83;5;180;130
16;83;5;222;46
16;83;5;400;140
16;83;5;445;46
16;83;5;800;1
16;83;3;13;135
16;83;3;45;59
16;83;3;95;4
16;83;3;96;24
16;84;1;13;207
16;84;1;14;1
16;84;1;21;1
16;84;1;22;21
16;84;1;70;1
16;84;1;95;2
16;84;1;96;9
16;84;6;11;1
16;84;6;12;3
16;84;6;13;1
16;84;6;15;1
16;84;6;23;3
16;84;6;25;1
16;84;6;95;7
16;84;6;96;1
16;84;6;1234;13
16;84;6;1322;9
16;84;6;1323;4
16;84;6;1515;80
16;84;6;1516;1
16;84;6;1555;12
16;84;6;2222;2
16;84;6;2323;1
16;84;6;2333;98
16;84;6;2555;1
16;84;6;4580;2
16;84;6;5533;1
16;84;7;13;1
16;84;7;15;2
16;84;7;18;3
16;84;7;22;7
16;84;7;23;2
16;84;7;40;5
16;84;7;44;3
16;84;7;45;1
16;84;7;55;2
16;84;7;95;15
16;84;7;96;2
16;84;7;10100;10
16;84;7;11555;2
16;84;7;13013;6
16;84;7;13131;2
16;84;7;13444;5
16;84;7;13777;6
16;84;7;13888;1
16;84;7;13999;2
16;84;7;15222;18
16;84;7;22022;1
16;84;7;40114;18
16;84;7;45222;1
16;84;7;45777;1
16;84;7;45800;50
16;84;7;45888;2
16;84;7;55555;74
16;84;5;95;29
16;84;5;96;75
16;84;5;180;141
16;84;5;222;43
16;84;5;400;146
16;84;5;445;50
16;84;3;13;170
16;84;3;45;52
16;84;3;95;6
16;84;3;96;14
16;85;1;13;180
16;85;1;14;7
16;85;1;22;53
16;85;1;70;3
16;85;1;95;4
16;85;1;96;8
16;85;6;11;1
16;85;6;12;2
16;85;6;13;2
16;85;6;15;3
16;85;6;18;1
16;85;6;23;1
16;85;6;25;1
16;85;6;33;1
16;85;6;40;1
16;85;6;95;15
16;85;6;96;8
16;85;6;1144;1
16;85;6;1234;9
16;85;6;1322;11
16;85;6;1323;9
16;85;6;1515;104
16;85;6;1555;42
16;85;6;2200;2
16;85;6;2220;1
16;85;6;2222;16
16;85;6;2277;5
16;85;6;2323;4
16;85;6;2333;2
16;85;6;2518;4
16;85;6;4011;2
16;85;6;4040;3
16;85;6;5511;1
16;85;6;5550;2
16;85;6;7700;1
16;85;7;13;1
16;85;7;15;3
16;85;7;18;3
16;85;7;22;2
16;85;7;23;1
16;85;7;40;3
16;85;7;50;1
16;85;7;55;3
16;85;7;95;13
16;85;7;96;10
16;85;7;10100;10
16;85;7;13013;2
16;85;7;13131;4
16;85;7;13132;4
16;85;7;13888;4
16;85;7;15222;12
16;85;7;15555;1
16;85;7;22222;4
16;85;7;22444;3
16;85;7;22777;6
16;85;7;33309;2
16;85;7;40111;1
16;85;7;40114;60
16;85;7;40777;1
16;85;7;45222;12
16;85;7;45422;3
16;85;7;45888;1
16;85;7;50100;1
16;85;7;50180;1
16;85;7;55333;1
16;85;7;55555;82
16;85;5;95;47
16;85;5;96;61
16;85;5;162;2
16;85;5;180;157
16;85;5;222;40
16;85;5;290;1
16;85;5;400;161
16;85;5;445;40
16;85;5;800;1
16;85;3;13;149
16;85;3;14;1
16;85;3;30;1
16;85;3;45;80
16;85;3;95;5
16;85;3;96;19
16;86;1;13;234
16;86;1;14;3
16;86;1;22;26
16;86;1;70;2
16;86;1;95;2
16;86;1;96;7
16;86;6;12;7
16;86;6;13;5
16;86;6;15;1
16;86;6;40;2
16;86;6;95;12
16;86;6;96;2
16;86;6;1010;1
16;86;6;1122;1
16;86;6;1222;1
16;86;6;1234;14
16;86;6;1301;1
16;86;6;1322;61
16;86;6;1323;8
16;86;6;1515;93
16;86;6;1555;23
16;86;6;2200;3
16;86;6;2222;2
16;86;6;2233;1
16;86;6;2323;4
16;86;6;2333;5
16;86;6;2518;7
16;86;6;2525;1
16;86;6;2555;2
16;86;6;4010;1
16;86;6;4040;7
16;86;6;4044;3
16;86;6;4455;1
16;86;6;4522;2
16;86;6;4555;1
16;86;6;5555;2
16;86;7;13;4
16;86;7;15;2
16;86;7;18;2
16;86;7;22;1
16;86;7;40;6
16;86;7;43;1
16;86;7;55;1
16;86;7;95;17
16;86;7;96;7
16;86;7;10010;1
16;86;7;10100;8
16;86;7;10123;1
16;86;7;13013;46
16;86;7;13123;2
16;86;7;13131;1
16;86;7;13444;2
16;86;7;13700;4
16;86;7;13888;2
16;86;7;15222;13
16;86;7;15555;1
16;86;7;22220;1
16;86;7;22221;1
16;86;7;40111;4
16;86;7;40114;40
16;86;7;45190;1
16;86;7;45222;18
16;86;7;55333;5
16;86;7;55555;81
16;86;7;55777;1
16;86;5;95;29
16;86;5;96;64
16;86;5;180;199
16;86;5;222;22
16;86;5;400;213
16;86;5;445;20
16;86;5;800;1
16;86;3;13;204
16;86;3;45;45
16;86;3;95;8
16;86;3;96;17
16;87;1;13;155
16;87;1;14;2
16;87;1;22;11
16;87;1;70;1
16;87;6;12;4
16;87;6;13;1
16;87;6;95;9
16;87;6;1222;1
16;87;6;1234;79
16;87;6;1313;1
16;87;6;1322;11
16;87;6;1323;16
16;87;6;1515;17
16;87;6;1522;2
16;87;6;1555;12
16;87;6;2222;1
16;87;6;2288;1
16;87;6;2323;3
16;87;6;4044;2
16;87;6;4077;3
16;87;6;4422;1
16;87;6;4490;1
16;87;6;4555;2
16;87;6;5533;2
16;87;7;12;2
16;87;7;15;2
16;87;7;40;2
16;87;7;95;9
16;87;7;10100;14
16;87;7;10222;2
16;87;7;12222;1
16;87;7;13013;13
16;87;7;13234;1
16;87;7;15222;84
16;87;7;22222;1
16;87;7;40111;2
16;87;7;40114;11
16;87;7;45222;4
16;87;7;55100;1
16;87;7;55333;6
16;87;7;55555;14
16;87;5;95;41
16;87;5;96;11
16;87;5;180;127
16;87;5;222;12
16;87;5;400;135
16;87;5;445;12
16;87;3;13;136
16;87;3;14;1
16;87;3;45;26
16;87;3;80;1
16;87;3;95;4
16;87;3;96;1
16;88;1;13;199
16;88;1;14;2
16;88;1;22;40
16;88;1;70;7
16;88;1;80;1
16;88;1;95;4
16;88;1;96;4
16;88;6;11;1
16;88;6;13;3
16;88;6;45;1
16;88;6;55;1
16;88;6;95;10
16;88;6;96;4
16;88;6;1010;1
16;88;6;1222;1
16;88;6;1234;3
16;88;6;1313;1
16;88;6;1322;51
16;88;6;1323;10
16;88;6;1515;69
16;88;6;1520;1
16;88;6;1522;3
16;88;6;1555;64
16;88;6;2200;2
16;88;6;2222;8
16;88;6;2277;1
16;88;6;2323;8
16;88;6;2333;1
16;88;6;2555;1
16;88;6;4040;1
16;88;6;4422;1
16;88;6;4444;2
16;88;6;4490;1
16;88;6;5533;1
16;88;6;5577;1
16;88;6;5588;2
16;88;6;7700;1
16;88;6;7788;2
16;88;7;10;1
16;88;7;13;1
16;88;7;15;1
16;88;7;18;1
16;88;7;40;8
16;88;7;44;1
16;88;7;45;1
16;88;7;55;1
16;88;7;95;15
16;88;7;96;7
16;88;7;10100;13
16;88;7;10123;1
16;88;7;13013;1
16;88;7;13111;1
16;88;7;13113;1
16;88;7;13444;10
16;88;7;13456;1
16;88;7;13888;3
16;88;7;15222;6
16;88;7;15555;1
16;88;7;22022;1
16;88;7;22322;1
16;88;7;22444;1
16;88;7;33309;1
16;88;7;40111;1
16;88;7;40114;83
16;88;7;40222;1
16;88;7;40333;1
16;88;7;45222;20
16;88;7;45633;1
16;88;7;55100;5
16;88;7;55555;64
16;88;7;77888;2
16;88;5;95;42
16;88;5;96;57
16;88;5;180;175
16;88;5;222;28
16;88;5;290;1
16;88;5;300;1
16;88;5;400;181
16;88;5;445;29
16;88;3;13;181
16;88;3;45;51
16;88;3;95;11
16;88;3;96;14
16;89;1;13;194
16;89;1;14;4
16;89;1;22;61
16;89;1;55;1
16;89;1;70;6
16;89;1;95;1
16;89;1;96;5
16;89;6;22;1
16;89;6;45;1
16;89;6;95;10
16;89;6;96;1
16;89;6;1010;3
16;89;6;1144;1
16;89;6;1222;1
16;89;6;1234;28
16;89;6;1256;2
16;89;6;1301;1
16;89;6;1322;22
16;89;6;1323;9
16;89;6;1333;2
16;89;6;1400;1
16;89;6;1515;77
16;89;6;1520;2
16;89;6;1555;18
16;89;6;1592;1
16;89;6;2200;3
16;89;6;2222;16
16;89;6;2288;1
16;89;6;2323;6
16;89;6;2333;14
16;89;6;2518;3
16;89;6;2555;4
16;89;6;4001;1
16;89;6;4010;3
16;89;6;4040;4
16;89;6;4044;2
16;89;6;4055;1
16;89;6;4077;3
16;89;6;4422;1
16;89;6;4433;1
16;89;6;4444;5
16;89;6;4555;4
16;89;6;5000;1
16;89;6;5050;3
16;89;6;5511;3
16;89;6;5533;4
16;89;6;5555;1
16;89;6;5588;2
16;89;6;6565;3
16;89;6;7711;1
16;89;6;8080;1
16;89;7;13;1
16;89;7;22;1
16;89;7;40;2
16;89;7;43;1
16;89;7;44;1
16;89;7;45;1
16;89;7;55;1
16;89;7;95;12
16;89;7;96;3
16;89;7;10100;5
16;89;7;10123;2
16;89;7;10222;4
16;89;7;11111;1
16;89;7;11555;6
16;89;7;13000;1
16;89;7;13013;8
16;89;7;13111;1
16;89;7;13123;5
16;89;7;13132;1
16;89;7;13333;3
16;89;7;13444;4
16;89;7;13456;1
16;89;7;13777;3
16;89;7;13888;9
16;89;7;15222;33
16;89;7;15333;1
16;89;7;15555;1
16;89;7;22022;2
16;89;7;22111;1
16;89;7;22220;3
16;89;7;22221;2
16;89;7;22222;5
16;89;7;22444;1
16;89;7;22888;1
16;89;7;25444;1
16;89;7;33309;1
16;89;7;40111;1
16;89;7;40114;34
16;89;7;40555;2
16;89;7;40777;1
16;89;7;45190;1
16;89;7;45222;23
16;89;7;45633;3
16;89;7;50180;1
16;89;7;50555;4
16;89;7;55000;4
16;89;7;55100;1
16;89;7;55333;7
16;89;7;55555;61
16;89;5;95;32
16;89;5;96;33
16;89;5;180;171
16;89;5;222;60
16;89;5;300;2
16;89;5;400;178
16;89;5;445;68
16;89;3;13;165
16;89;3;14;1
16;89;3;45;95
16;89;3;95;5
16;89;3;96;6
16;90;1;13;196
16;90;1;14;1
16;90;1;21;1
16;90;1;22;21
16;90;1;30;1
16;90;1;70;6
16;90;1;95;4
16;90;1;96;14
16;90;6;12;3
16;90;6;13;3
16;90;6;15;1
16;90;6;95;13
16;90;6;96;1
16;90;6;1022;1
16;90;6;1055;1
16;90;6;1212;1
16;90;6;1224;1
16;90;6;1234;28
16;90;6;1301;1
16;90;6;1312;2
16;90;6;1322;20
16;90;6;1511;1
16;90;6;1515;85
16;90;6;1555;26
16;90;6;2200;2
16;90;6;2222;2
16;90;6;2323;3
16;90;6;2333;4
16;90;6;2518;5
16;90;6;2555;2
16;90;6;3030;1
16;90;6;4010;4
16;90;6;4040;5
16;90;6;4044;1
16;90;6;4077;4
16;90;6;4422;2
16;90;6;4444;5
16;90;6;4522;2
16;90;6;4555;6
16;90;6;5050;1
16;90;6;5511;3
16;90;6;5533;1
16;90;6;5544;1
16;90;6;5588;2
16;90;7;11;1
16;90;7;12;1
16;90;7;13;2
16;90;7;15;7
16;90;7;18;1
16;90;7;22;1
16;90;7;40;5
16;90;7;55;4
16;90;7;95;13
16;90;7;96;4
16;90;7;10222;3
16;90;7;11000;1
16;90;7;12345;1
16;90;7;13013;17
16;90;7;13123;1
16;90;7;13444;1
16;90;7;13700;2
16;90;7;13888;5
16;90;7;15222;35
16;90;7;18333;1
16;90;7;22022;1
16;90;7;22222;1
16;90;7;40000;1
16;90;7;40111;2
16;90;7;40114;27
16;90;7;40555;1
16;90;7;45222;36
16;90;7;45800;1
16;90;7;50180;1
16;90;7;50555;1
16;90;7;55000;1
16;90;7;55100;1
16;90;7;55333;1
16;90;7;55555;63
16;90;5;95;40
16;90;5;96;62
16;90;5;180;145
16;90;5;222;25
16;90;5;300;1
16;90;5;400;170
16;90;5;445;44
16;90;5;800;1
16;90;3;13;168
16;90;3;14;1
16;90;3;30;1
16;90;3;45;40
16;90;3;95;9
16;90;3;96;25
16;91;1;13;193
16;91;1;14;4
16;91;1;22;38
16;91;1;70;4
16;91;1;95;7
16;91;1;96;12
16;91;6;12;2
16;91;6;13;1
16;91;6;15;1
16;91;6;40;1
16;91;6;55;1
16;91;6;95;18
16;91;6;96;6
16;91;6;1010;2
16;91;6;1234;27
16;91;6;1256;3
16;91;6;1301;1
16;91;6;1322;12
16;91;6;1323;4
16;91;6;1515;91
16;91;6;1555;24
16;91;6;2222;12
16;91;6;2252;1
16;91;6;2255;1
16;91;6;2323;6
16;91;6;2333;10
16;91;6;2555;5
16;91;6;4040;6
16;91;6;4044;5
16;91;6;4077;2
16;91;6;4422;2
16;91;6;4444;3
16;91;6;4455;2
16;91;6;4555;3
16;91;6;5000;1
16;91;6;5533;2
16;91;6;5550;2
16;91;6;5555;1
16;91;7;13;3
16;91;7;15;5
16;91;7;18;1
16;91;7;25;1
16;91;7;40;7
16;91;7;55;2
16;91;7;65;1
16;91;7;95;23
16;91;7;96;6
16;91;7;10100;4
16;91;7;10123;2
16;91;7;10222;3
16;91;7;11555;1
16;91;7;13000;2
16;91;7;13013;2
16;91;7;13123;3
16;91;7;13131;1
16;91;7;13133;1
16;91;7;13234;1
16;91;7;13700;2
16;91;7;13888;6
16;91;7;15222;27
16;91;7;22022;1
16;91;7;22111;1
16;91;7;22221;4
16;91;7;22222;6
16;91;7;22444;2
16;91;7;22522;1
16;91;7;33000;1
16;91;7;33777;1
16;91;7;33900;1
16;91;7;40000;1
16;91;7;40111;3
16;91;7;40114;32
16;91;7;44011;1
16;91;7;45123;1
16;91;7;45222;10
16;91;7;45633;1
16;91;7;45800;1
16;91;7;50180;2
16;91;7;50555;2
16;91;7;55000;4
16;91;7;55555;78
16;91;5;95;55
16;91;5;96;65
16;91;5;180;149
16;91;5;222;41
16;91;5;300;2
16;91;5;400;159
16;91;5;445;45
16;91;3;13;163
16;91;3;14;1
16;91;3;45;63
16;91;3;95;11
16;91;3;96;20
16;92;1;13;174
16;92;1;14;5
16;92;1;22;59
16;92;1;55;1
16;92;1;70;2
16;92;1;95;4
16;92;1;96;4
16;92;6;15;2
16;92;6;18;1
16;92;6;23;1
16;92;6;40;1
16;92;6;45;1
16;92;6;95;11
16;92;6;96;1
16;92;6;1010;1
16;92;6;1222;1
16;92;6;1234;23
16;92;6;1300;1
16;92;6;1301;1
16;92;6;1313;1
16;92;6;1322;17
16;92;6;1323;5
16;92;6;1333;2
16;92;6;1414;2
16;92;6;1512;1
16;92;6;1515;77
16;92;6;1520;1
16;92;6;1555;15
16;92;6;1888;1
16;92;6;2222;16
16;92;6;2299;1
16;92;6;2323;11
16;92;6;2333;4
16;92;6;2518;3
16;92;6;2555;2
16;92;6;4000;2
16;92;6;4010;3
16;92;6;4040;5
16;92;6;4044;2
16;92;6;4077;4
16;92;6;4422;2
16;92;6;4444;6
16;92;6;4455;1
16;92;6;4522;2
16;92;6;4555;7
16;92;6;5013;1
16;92;6;5050;2
16;92;6;5511;6
16;92;6;5522;1
16;92;6;5533;1
16;92;7;13;1
16;92;7;18;1
16;92;7;22;1
16;92;7;40;3
16;92;7;45;1
16;92;7;55;1
16;92;7;95;11
16;92;7;96;8
16;92;7;10100;6
16;92;7;10123;1
16;92;7;10222;6
16;92;7;11000;1
16;92;7;12222;1
16;92;7;13013;14
16;92;7;13111;1
16;92;7;13123;2
16;92;7;13132;1
16;92;7;13333;1
16;92;7;13444;2
16;92;7;13700;1
16;92;7;13888;4
16;92;7;15222;34
16;92;7;15333;1
16;92;7;22022;2
16;92;7;22220;3
16;92;7;22222;5
16;92;7;22444;5
16;92;7;40111;2
16;92;7;40114;27
16;92;7;44222;1
16;92;7;44321;1
16;92;7;44456;1
16;92;7;45222;30
16;92;7;50180;5
16;92;7;50555;7
16;92;7;55000;1
16;92;7;55100;7
16;92;7;55125;1
16;92;7;55333;4
16;92;7;55555;44
16;92;5;95;36
16;92;5;96;49
16;92;5;180;142
16;92;5;222;48
16;92;5;400;161
16;92;5;445;61
16;92;5;800;1
16;92;3;13;144
16;92;3;14;1
16;92;3;45;84
16;92;3;95;7
16;92;3;96;13
16;93;1;13;186
16;93;1;14;4
16;93;1;22;49
16;93;1;30;1
16;93;1;70;5
16;93;1;95;6
16;93;1;96;5
16;93;6;12;1
16;93;6;13;1
16;93;6;15;2
16;93;6;22;1
16;93;6;45;1
16;93;6;55;1
16;93;6;95;14
16;93;6;96;4
16;93;6;1010;2
16;93;6;1234;24
16;93;6;1313;1
16;93;6;1322;13
16;93;6;1323;1
16;93;6;1333;1
16;93;6;1400;1
16;93;6;1414;1
16;93;6;1515;87
16;93;6;1516;1
16;93;6;1555;22
16;93;6;2200;4
16;93;6;2220;1
16;93;6;2222;10
16;93;6;2252;1
16;93;6;2277;1
16;93;6;2299;1
16;93;6;2323;8
16;93;6;2333;6
16;93;6;2518;1
16;93;6;2555;4
16;93;6;2589;1
16;93;6;4010;6
16;93;6;4011;1
16;93;6;4040;6
16;93;6;4044;2
16;93;6;4444;7
16;93;6;4455;2
16;93;6;4490;1
16;93;6;4555;4
16;93;6;5050;3
16;93;6;5511;4
16;93;6;5533;1
16;93;6;5555;1
16;93;6;7788;1
16;93;7;13;1
16;93;7;15;1
16;93;7;18;1
16;93;7;40;2
16;93;7;44;1
16;93;7;45;1
16;93;7;55;1
16;93;7;95;23
16;93;7;96;8
16;93;7;10100;2
16;93;7;10123;2
16;93;7;10222;7
16;93;7;10444;2
16;93;7;12345;1
16;93;7;13013;8
16;93;7;13123;2
16;93;7;13132;1
16;93;7;13700;5
16;93;7;13789;1
16;93;7;13888;5
16;93;7;15222;23
16;93;7;22022;1
16;93;7;22220;1
16;93;7;22222;2
16;93;7;22444;6
16;93;7;22522;1
16;93;7;22777;2
16;93;7;25444;3
16;93;7;33333;1
16;93;7;40000;1
16;93;7;40114;32
16;93;7;40777;1
16;93;7;45123;1
16;93;7;45222;20
16;93;7;45777;1
16;93;7;45800;1
16;93;7;50013;1
16;93;7;50180;1
16;93;7;50555;2
16;93;7;55000;2
16;93;7;55100;3
16;93;7;55333;7
16;93;7;55555;68
16;93;5;95;66
16;93;5;96;48
16;93;5;180;144
16;93;5;222;46
16;93;5;300;1
16;93;5;400;152
16;93;5;445;54
16;93;5;800;1
16;93;3;13;150
16;93;3;14;2
16;93;3;45;80
16;93;3;95;15
16;93;3;96;9
16;94;1;13;162
16;94;1;14;2
16;94;1;22;50
16;94;1;55;2
16;94;1;70;3
16;94;1;95;5
16;94;1;96;11
16;94;6;12;1
16;94;6;13;3
16;94;6;15;2
16;94;6;95;10
16;94;6;96;1
16;94;6;1234;22
16;94;6;1313;1
16;94;6;1322;29
16;94;6;1323;2
16;94;6;1515;82
16;94;6;1555;12
16;94;6;2200;1
16;94;6;2220;1
16;94;6;2222;7
16;94;6;2299;1
16;94;6;2323;3
16;94;6;2333;6
16;94;6;2518;8
16;94;6;2555;4
16;94;6;4010;8
16;94;6;4040;5
16;94;6;4044;3
16;94;6;4055;1
16;94;6;4077;3
16;94;6;4422;3
16;94;6;4444;1
16;94;6;4455;2
16;94;6;4522;1
16;94;6;4555;6
16;94;6;5005;1
16;94;6;5050;3
16;94;6;5533;1
16;94;6;5555;1
16;94;7;10;1
16;94;7;12;2
16;94;7;13;4
16;94;7;16;1
16;94;7;40;4
16;94;7;55;2
16;94;7;95;16
16;94;7;96;8
16;94;7;10100;4
16;94;7;10222;6
16;94;7;11555;3
16;94;7;13013;10
16;94;7;13123;4
16;94;7;13222;1
16;94;7;13333;1
16;94;7;13444;1
16;94;7;13700;2
16;94;7;13888;3
16;94;7;15222;36
16;94;7;15333;2
16;94;7;15555;1
16;94;7;22000;1
16;94;7;22022;1
16;94;7;22180;1
16;94;7;22220;1
16;94;7;22444;2
16;94;7;22777;1
16;94;7;40000;1
16;94;7;40111;1
16;94;7;40114;28
16;94;7;45222;11
16;94;7;45888;1
16;94;7;50180;1
16;94;7;50555;1
16;94;7;55000;1
16;94;7;55100;4
16;94;7;55333;5
16;94;7;55555;60
16;94;7;77888;2
16;94;5;95;43
16;94;5;96;63
16;94;5;180;129
16;94;5;222;44
16;94;5;300;1
16;94;5;400;144
16;94;5;445;46
16;94;3;13;143
16;94;3;45;58
16;94;3;95;12
16;94;3;96;22
16;97;1;13;148
16;97;1;14;2
16;97;1;16;1
16;97;1;22;56
16;97;1;95;3
16;97;1;96;6
16;97;6;10;1
16;97;6;11;1
16;97;6;14;1
16;97;6;95;5
16;97;6;96;1
16;97;6;1234;13
16;97;6;1322;2
16;97;6;1323;9
16;97;6;1511;1
16;97;6;1515;74
16;97;6;1525;1
16;97;6;1555;14
16;97;6;2200;1
16;97;6;2220;1
16;97;6;2222;19
16;97;6;2234;1
16;97;6;2323;3
16;97;6;2333;20
16;97;6;2518;1
16;97;6;2555;3
16;97;6;4000;1
16;97;6;4040;3
16;97;6;4044;2
16;97;6;4433;1
16;97;6;4455;1
16;97;6;4522;1
16;97;6;5511;1
16;97;6;5533;32
16;97;6;7788;2
16;97;7;10;1
16;97;7;13;1
16;97;7;23;1
16;97;7;40;4
16;97;7;44;2
16;97;7;45;1
16;97;7;95;10
16;97;7;96;2
16;97;7;10100;17
16;97;7;10444;1
16;97;7;11555;38
16;97;7;12022;1
16;97;7;13013;2
16;97;7;13111;1
16;97;7;13888;2
16;97;7;15222;13
16;97;7;15555;1
16;97;7;18333;1
16;97;7;22022;6
16;97;7;22190;1
16;97;7;22220;1
16;97;7;22222;4
16;97;7;22444;4
16;97;7;33309;1
16;97;7;40111;3
16;97;7;40114;22
16;97;7;45222;3
16;97;7;45800;9
16;97;7;55000;2
16;97;7;55100;1
16;97;7;55555;57
16;97;7;77123;1
16;97;7;77888;2
16;97;5;95;22
16;97;5;96;33
16;97;5;180;124
16;97;5;222;60
16;97;5;300;1
16;97;5;400;132
16;97;5;445;60
16;97;3;13;132
16;97;3;45;68
16;97;3;95;5
16;97;3;96;11
16;98;1;13;160
16;98;1;14;1
16;98;1;22;42
16;98;1;70;4
16;98;1;95;2
16;98;1;96;5
16;98;6;11;3
16;98;6;12;1
16;98;6;15;2
16;98;6;18;1
16;98;6;55;1
16;98;6;95;7
16;98;6;96;3
16;98;6;1234;9
16;98;6;1313;1
16;98;6;1322;3
16;98;6;1323;7
16;98;6;1515;77
16;98;6;1555;17
16;98;6;2200;1
16;98;6;2220;1
16;98;6;2222;5
16;98;6;2277;1
16;98;6;2323;1
16;98;6;2333;22
16;98;6;2518;2
16;98;6;2555;1
16;98;6;4040;4
16;98;6;4044;5
16;98;6;4422;2
16;98;6;4433;1
16;98;6;4490;1
16;98;6;4580;1
16;98;6;5050;1
16;98;6;5511;2
16;98;6;5533;27
16;98;6;5588;1
16;98;6;7788;3
16;98;7;11;1
16;98;7;12;1
16;98;7;13;3
16;98;7;15;4
16;98;7;22;1
16;98;7;25;1
16;98;7;40;8
16;98;7;44;1
16;98;7;55;1
16;98;7;95;3
16;98;7;96;5
16;98;7;10100;8
16;98;7;10222;1
16;98;7;11555;29
16;98;7;13013;3
16;98;7;13789;1
16;98;7;13888;5
16;98;7;15222;21
16;98;7;22022;1
16;98;7;22222;2
16;98;7;22322;1
16;98;7;22444;5
16;98;7;22777;1
16;98;7;25444;3
16;98;7;40111;4
16;98;7;40114;19
16;98;7;44022;1
16;98;7;45000;1
16;98;7;45222;6
16;98;7;45633;1
16;98;7;45800;6
16;98;7;45999;1
16;98;7;50100;1
16;98;7;50123;1
16;98;7;55100;2
16;98;7;55555;57
16;98;7;77123;1
16;98;7;77888;3
16;98;5;95;23
16;98;5;96;50
16;98;5;180;117
16;98;5;222;54
16;98;5;400;128
16;98;5;445;56
16;98;3;13;136
16;98;3;45;63
16;98;3;95;6
16;98;3;96;9
16;99;1;13;186
16;99;1;14;2
16;99;1;16;1
16;99;1;22;13
16;99;1;55;2
16;99;1;70;1
16;99;1;96;7
16;99;6;11;1
16;99;6;12;3
16;99;6;13;2
16;99;6;15;2
16;99;6;44;1
16;99;6;95;4
16;99;6;96;8
16;99;6;1122;1
16;99;6;1234;10
16;99;6;1313;1
16;99;6;1322;37
16;99;6;1323;4
16;99;6;1331;1
16;99;6;1399;1
16;99;6;1511;1
16;99;6;1515;66
16;99;6;1555;30
16;99;6;2222;1
16;99;6;2323;1
16;99;6;2333;1
16;99;6;2518;3
16;99;6;4077;2
16;99;6;4444;28
16;99;6;5050;1
16;99;6;5555;2
16;99;7;11;1
16;99;7;13;2
16;99;7;15;4
16;99;7;18;2
16;99;7;40;9
16;99;7;44;3
16;99;7;55;1
16;99;7;95;6
16;99;7;96;7
16;99;7;10100;10
16;99;7;10222;8
16;99;7;11555;1
16;99;7;13013;10
16;99;7;13111;7
16;99;7;13999;1
16;99;7;15222;10
16;99;7;15333;2
16;99;7;33309;1
16;99;7;40114;60
16;99;7;45222;1
16;99;7;45800;1
16;99;7;55100;1
16;99;7;55555;63
16;99;7;77888;1
16;99;5;95;13
16;99;5;96;76
16;99;5;180;153
16;99;5;222;6
16;99;5;400;166
16;99;5;445;10
16;99;3;13;176
16;99;3;45;14
16;99;3;95;4
16;99;3;96;18
16;100;1;13;192
16;100;1;14;1
16;100;1;22;18
16;100;1;55;1
16;100;1;70;2
16;100;1;80;1
16;100;1;95;2
16;100;1;96;13
16;100;6;11;4
16;100;6;12;2
16;100;6;13;4
16;100;6;15;3
16;100;6;25;1
16;100;6;95;4
16;100;6;96;4
16;100;6;1001;1
16;100;6;1222;1
16;100;6;1234;10
16;100;6;1301;2
16;100;6;1322;29
16;100;6;1323;6
16;100;6;1515;88
16;100;6;1555;31
16;100;6;2200;1
16;100;6;2220;2
16;100;6;2222;1
16;100;6;2323;1
16;100;6;2333;2
16;100;6;2518;2
16;100;6;2555;15
16;100;6;4011;1
16;100;6;4040;1
16;100;6;4077;1
16;100;6;4444;8
16;100;6;5050;1
16;100;6;5555;2
16;100;6;5588;1
16;100;6;7788;1
16;100;7;10;1
16;100;7;13;4
16;100;7;15;5
16;100;7;18;6
16;100;7;40;9
16;100;7;44;1
16;100;7;45;1
16;100;7;55;3
16;100;7;95;5
16;100;7;96;3
16;100;7;10100;4
16;100;7;10222;1
16;100;7;10234;1
16;100;7;13013;16
16;100;7;13111;1
16;100;7;13123;11
16;100;7;13222;3
16;100;7;13333;1
16;100;7;13700;1
16;100;7;15222;12
16;100;7;15333;2
16;100;7;22220;2
16;100;7;33309;1
16;100;7;40114;57
16;100;7;44444;1
16;100;7;45222;4
16;100;7;45999;1
16;100;7;50000;1
16;100;7;50180;1
16;100;7;55555;71
16;100;5;95;6
16;100;5;96;89
16;100;5;180;165
16;100;5;222;15
16;100;5;400;173
16;100;5;445;12
16;100;3;13;191
16;100;3;45;18
16;100;3;95;3
16;100;3;96;18
16;101;1;13;204
16;101;1;14;4
16;101;1;22;39
16;101;1;27;1
16;101;1;55;3
16;101;1;70;5
16;101;1;95;3
16;101;1;96;9
16;101;6;12;1
16;101;6;13;1
16;101;6;15;1
16;101;6;95;8
16;101;6;1010;2
16;101;6;1211;1
16;101;6;1234;12
16;101;6;1256;1
16;101;6;1322;5
16;101;6;1323;23
16;101;6;1515;156
16;101;6;1555;22
16;101;6;2220;3
16;101;6;2222;5
16;101;6;2233;1
16;101;6;2277;1
16;101;6;2299;1
16;101;6;2323;1
16;101;6;2333;13
16;101;6;4040;1
16;101;6;4044;1
16;101;6;4422;1
16;101;6;4445;1
16;101;6;5533;3
16;101;6;5555;2
16;101;6;5588;1
16;101;7;12;1
16;101;7;13;2
16;101;7;15;2
16;101;7;18;3
16;101;7;40;8
16;101;7;55;2
16;101;7;95;14
16;101;7;96;2
16;101;7;10100;48
16;101;7;10222;2
16;101;7;11555;8
16;101;7;13000;1
16;101;7;13013;5
16;101;7;13222;1
16;101;7;13456;1
16;101;7;13888;2
16;101;7;15222;15
16;101;7;22022;3
16;101;7;22222;2
16;101;7;22777;1
16;101;7;25444;1
16;101;7;33900;1
16;101;7;40111;2
16;101;7;40114;30
16;101;7;44444;1
16;101;7;45000;2
16;101;7;45222;2
16;101;7;45800;4
16;101;7;45999;1
16;101;7;55333;1
16;101;7;55555;100
16;101;5;95;32
16;101;5;96;67
16;101;5;180;182
16;101;5;222;30
16;101;5;400;190
16;101;5;445;34
16;101;5;800;1
16;101;3;13;189
16;101;3;14;1
16;101;3;16;1
16;101;3;45;51
16;101;3;95;10
16;101;3;96;16
16;102;1;13;174
16;102;1;14;3
16;102;1;16;1
16;102;1;22;74
16;102;1;70;4
16;102;1;95;4
16;102;1;96;8
16;102;6;11;1
16;102;6;13;1
16;102;6;15;1
16;102;6;40;1
16;102;6;45;1
16;102;6;95;15
16;102;6;96;6
16;102;6;1222;1
16;102;6;1234;17
16;102;6;1322;19
16;102;6;1323;4
16;102;6;1400;1
16;102;6;1515;68
16;102;6;1522;1
16;102;6;1555;59
16;102;6;2200;2
16;102;6;2220;3
16;102;6;2222;20
16;102;6;2277;3
16;102;6;2288;3
16;102;6;2323;2
16;102;6;2333;9
16;102;6;2518;4
16;102;6;2555;2
16;102;6;4000;1
16;102;6;4010;1
16;102;6;4040;4
16;102;6;4044;2
16;102;6;4077;1
16;102;6;4422;1
16;102;6;4444;2
16;102;6;4488;1
16;102;6;5050;1
16;102;6;5077;1
16;102;6;5511;4
16;102;6;5533;1
16;102;6;5588;2
16;102;6;6565;1
16;102;6;7788;1
16;102;7;11;1
16;102;7;12;1
16;102;7;13;2
16;102;7;18;2
16;102;7;40;4
16;102;7;55;1
16;102;7;95;11
16;102;7;96;6
16;102;7;10100;3
16;102;7;10222;1
16;102;7;11555;1
16;102;7;13132;1
16;102;7;13222;1
16;102;7;13333;1
16;102;7;13888;5
16;102;7;15000;1
16;102;7;15222;18
16;102;7;15333;5
16;102;7;22022;8
16;102;7;22220;1
16;102;7;22221;2
16;102;7;22222;3
16;102;7;22223;2
16;102;7;22444;2
16;102;7;22777;2
16;102;7;22888;1
16;102;7;30456;1
16;102;7;40111;1
16;102;7;40114;109
16;102;7;40774;1
16;102;7;45000;1
16;102;7;45222;10
16;102;7;50180;3
16;102;7;55100;1
16;102;7;55111;1
16;102;7;55555;54
16;102;5;95;44
16;102;5;96;53
16;102;5;180;157
16;102;5;222;56
16;102;5;400;160
16;102;5;445;65
16;102;5;800;1
16;102;3;13;156
16;102;3;14;1
16;102;3;45;87
16;102;3;95;9
16;102;3;96;15
16;104;1;13;141
16;104;1;14;2
16;104;1;22;30
16;104;1;70;2
16;104;1;95;1
16;104;1;96;10
16;104;6;11;1
16;104;6;12;2
16;104;6;13;2
16;104;6;15;2
16;104;6;23;1
16;104;6;45;2
16;104;6;95;1
16;104;6;96;5
16;104;6;1010;1
16;104;6;1222;1
16;104;6;1234;6
16;104;6;1322;7
16;104;6;1323;7
16;104;6;1333;1
16;104;6;1512;1
16;104;6;1515;66
16;104;6;1555;36
16;104;6;2200;2
16;104;6;2220;2
16;104;6;2222;4
16;104;6;2288;1
16;104;6;2323;3
16;104;6;2333;1
16;104;6;2518;2
16;104;6;4001;1
16;104;6;4010;1
16;104;6;4040;1
16;104;6;4044;1
16;104;6;4444;18
16;104;6;4445;1
16;104;6;5511;1
16;104;6;5533;1
16;104;6;5555;2
16;104;6;5578;2
16;104;7;13;2
16;104;7;15;3
16;104;7;18;1
16;104;7;22;1
16;104;7;40;11
16;104;7;55;1
16;104;7;95;1
16;104;7;96;5
16;104;7;10100;8
16;104;7;10123;1
16;104;7;10222;2
16;104;7;11555;1
16;104;7;12123;1
16;104;7;13013;2
16;104;7;13123;2
16;104;7;13444;2
16;104;7;13888;2
16;104;7;15222;8
16;104;7;15333;1
16;104;7;22220;3
16;104;7;22221;1
16;104;7;22222;1
16;104;7;40000;1
16;104;7;40111;1
16;104;7;40114;33
16;104;7;44444;1
16;104;7;45123;1
16;104;7;45222;34
16;104;7;45999;2
16;104;7;55100;1
16;104;7;55333;2
16;104;7;55555;50
16;104;5;95;10
16;104;5;96;50
16;104;5;180;128
16;104;5;222;25
16;104;5;400;125
16;104;5;445;34
16;104;3;13;136
16;104;3;14;1
16;104;3;45;36
16;104;3;95;1
16;104;3;96;12
16;105;1;13;175
16;105;1;14;5
16;105;1;22;75
16;105;1;70;5
16;105;1;80;1
16;105;1;95;1
16;105;1;96;13
16;105;6;11;1
16;105;6;12;5
16;105;6;13;1
16;105;6;14;1
16;105;6;15;2
16;105;6;45;1
16;105;6;95;4
16;105;6;96;6
16;105;6;1010;2
16;105;6;1111;1
16;105;6;1212;1
16;105;6;1234;23
16;105;6;1322;13
16;105;6;1323;7
16;105;6;1515;100
16;105;6;1520;1
16;105;6;1522;1
16;105;6;1555;58
16;105;6;2200;1
16;105;6;2220;1
16;105;6;2222;14
16;105;6;2233;1
16;105;6;2244;1
16;105;6;2255;1
16;105;6;2299;1
16;105;6;2323;1
16;105;6;2333;5
16;105;6;2518;4
16;105;6;4011;1
16;105;6;4040;4
16;105;6;4077;3
16;105;6;4433;1
16;105;6;4444;4
16;105;6;4455;1
16;105;6;4511;1
16;105;6;4555;2
16;105;7;12;1
16;105;7;13;2
16;105;7;15;3
16;105;7;22;1
16;105;7;40;14
16;105;7;44;1
16;105;7;45;1
16;105;7;55;2
16;105;7;80;1
16;105;7;95;5
16;105;7;96;13
16;105;7;10100;4
16;105;7;10123;3
16;105;7;10222;3
16;105;7;10444;3
16;105;7;11555;10
16;105;7;13013;1
16;105;7;13123;1
16;105;7;13222;1
16;105;7;13888;2
16;105;7;15222;15
16;105;7;15333;1
16;105;7;22000;2
16;105;7;22221;1
16;105;7;22444;3
16;105;7;25444;1
16;105;7;40111;4
16;105;7;40114;68
16;105;7;40700;1
16;105;7;45123;1
16;105;7;45222;43
16;105;7;55011;1
16;105;7;55100;1
16;105;7;55333;2
16;105;7;55555;59
16;105;5;95;25
16;105;5;96;77
16;105;5;180;156
16;105;5;222;64
16;105;5;300;1
16;105;5;400;168
16;105;5;445;59
16;105;3;13;146
16;105;3;30;1
16;105;3;45;92
16;105;3;80;1
16;105;3;95;8
16;105;3;96;27
16;106;1;13;130
16;106;1;14;2
16;106;1;22;22
16;106;1;55;2
16;106;1;95;4
16;106;1;96;3
16;106;6;12;1
16;106;6;13;2
16;106;6;15;1
16;106;6;40;1
16;106;6;95;1
16;106;6;96;3
16;106;6;1322;65
16;106;6;1323;2
16;106;6;1515;67
16;106;6;1555;7
16;106;6;2200;1
16;106;6;2222;1
16;106;6;2323;1
16;106;6;2333;2
16;106;6;4000;1
16;106;6;4422;1
16;106;6;4433;1
16;106;6;4444;1
16;106;6;5050;1
16;106;6;5533;2
16;106;6;7788;1
16;106;7;13;3
16;106;7;40;5
16;106;7;95;2
16;106;7;96;2
16;106;7;10100;2
16;106;7;11555;2
16;106;7;13333;1
16;106;7;13444;2
16;106;7;13888;2
16;106;7;13999;1
16;106;7;15222;6
16;106;7;22180;1
16;106;7;22322;1
16;106;7;33309;2
16;106;7;40111;2
16;106;7;40114;56
16;106;7;45190;1
16;106;7;45222;10
16;106;7;45633;1
16;106;7;45800;1
16;106;7;55555;59
16;106;7;77888;1
16;106;5;95;8
16;106;5;96;24
16;106;5;180;135
16;106;5;222;15
16;106;5;400;128
16;106;5;445;15
16;106;5;800;1
16;106;3;13;130
16;106;3;45;28
16;106;3;95;1
16;106;3;96;4
16;107;1;13;199
16;107;1;14;2
16;107;1;22;44
16;107;1;70;3
16;107;1;95;2
16;107;1;96;4
16;107;6;12;2
16;107;6;13;3
16;107;6;23;1
16;107;6;29;1
16;107;6;95;11
16;107;6;96;4
16;107;6;1233;1
16;107;6;1234;3
16;107;6;1322;40
16;107;6;1323;12
16;107;6;1388;1
16;107;6;1515;67
16;107;6;1520;2
16;107;6;1555;59
16;107;6;2220;1
16;107;6;2222;6
16;107;6;2277;2
16;107;6;2323;18
16;107;6;2333;5
16;107;6;4011;1
16;107;6;4040;1
16;107;6;4422;1
16;107;6;4433;3
16;107;6;4444;1
16;107;6;4455;1
16;107;6;5077;1
16;107;6;5511;1
16;107;6;5533;1
16;107;6;5555;1
16;107;6;7777;1
16;107;6;7788;2
16;107;7;13;3
16;107;7;18;1
16;107;7;40;6
16;107;7;55;1
16;107;7;95;13
16;107;7;96;9
16;107;7;10100;18
16;107;7;11555;1
16;107;7;13111;5
16;107;7;13222;1
16;107;7;13234;1
16;107;7;13444;7
16;107;7;13456;1
16;107;7;13888;3
16;107;7;15222;12
16;107;7;22220;4
16;107;7;22322;2
16;107;7;22444;3
16;107;7;33309;1
16;107;7;33900;1
16;107;7;40110;1
16;107;7;40111;1
16;107;7;40114;73
16;107;7;44545;1
16;107;7;45222;22
16;107;7;45633;2
16;107;7;50180;2
16;107;7;55100;2
16;107;7;55555;55
16;107;7;77888;2
16;107;5;95;51
16;107;5;96;60
16;107;5;180;167
16;107;5;222;29
16;107;5;400;170
16;107;5;445;29
16;107;5;800;2
16;107;3;13;177
16;107;3;14;1
16;107;3;45;54
16;107;3;95;8
16;107;3;96;14
16;108;1;13;189
16;108;1;14;1
16;108;1;22;38
16;108;1;30;1
16;108;1;70;7
16;108;1;96;13
16;108;6;11;2
16;108;6;12;4
16;108;6;13;2
16;108;6;14;1
16;108;6;15;6
16;108;6;22;1
16;108;6;23;1
16;108;6;40;1
16;108;6;44;1
16;108;6;55;1
16;108;6;95;12
16;108;6;96;5
16;108;6;1010;2
16;108;6;1022;1
16;108;6;1234;16
16;108;6;1244;1
16;108;6;1256;2
16;108;6;1322;9
16;108;6;1323;4
16;108;6;1333;1
16;108;6;1500;1
16;108;6;1515;93
16;108;6;1555;20
16;108;6;2201;1
16;108;6;2215;1
16;108;6;2220;1
16;108;6;2222;12
16;108;6;2255;1
16;108;6;2288;1
16;108;6;2299;1
16;108;6;2323;4
16;108;6;2333;8
16;108;6;2518;3
16;108;6;2555;1
16;108;6;4001;1
16;108;6;4010;2
16;108;6;4040;6
16;108;6;4044;5
16;108;6;4077;3
16;108;6;4412;1
16;108;6;4422;1
16;108;6;4444;1
16;108;6;4455;1
16;108;6;4555;1
16;108;6;5050;1
16;108;6;5510;1
16;108;6;5533;1
16;108;6;6565;2
16;108;6;8080;1
16;108;7;13;4
16;108;7;15;7
16;108;7;18;1
16;108;7;40;11
16;108;7;43;1
16;108;7;45;2
16;108;7;55;3
16;108;7;95;15
16;108;7;96;5
16;108;7;10100;4
16;108;7;10123;2
16;108;7;10222;1
16;108;7;10444;1
16;108;7;11555;1
16;108;7;13000;2
16;108;7;13013;3
16;108;7;13111;1
16;108;7;13132;2
16;108;7;13444;2
16;108;7;13700;4
16;108;7;13888;2
16;108;7;15000;1
16;108;7;15222;22
16;108;7;22000;1
16;108;7;22221;7
16;108;7;22222;2
16;108;7;22444;6
16;108;7;22888;2
16;108;7;33000;1
16;108;7;40111;5
16;108;7;40114;30
16;108;7;40333;1
16;108;7;45222;19
16;108;7;50180;2
16;108;7;55000;3
16;108;7;55100;3
16;108;7;55555;70
16;108;5;95;41
16;108;5;96;80
16;108;5;180;144
16;108;5;222;33
16;108;5;300;1
16;108;5;400;159
16;108;5;445;39
16;108;5;800;1
16;108;3;13;169
16;108;3;16;1
16;108;3;35;1
16;108;3;45;49
16;108;3;95;5
16;108;3;96;24
16;109;1;13;200
16;109;1;14;2
16;109;1;22;43
16;109;1;55;1
16;109;1;70;4
16;109;1;95;4
16;109;1;96;8
16;109;6;11;1
16;109;6;12;5
16;109;6;13;6
16;109;6;15;2
16;109;6;18;1
16;109;6;33;1
16;109;6;40;1
16;109;6;95;12
16;109;6;96;4
16;109;6;1010;2
16;109;6;1234;33
16;109;6;1256;2
16;109;6;1300;1
16;109;6;1301;1
16;109;6;1322;14
16;109;6;1323;5
16;109;6;1414;2
16;109;6;1515;84
16;109;6;1555;22
16;109;6;2200;1
16;109;6;2220;1
16;109;6;2222;12
16;109;6;2288;1
16;109;6;2323;3
16;109;6;2333;4
16;109;6;2518;3
16;109;6;2555;3
16;109;6;4010;1
16;109;6;4040;6
16;109;6;4044;5
16;109;6;4077;3
16;109;6;4444;3
16;109;6;4455;1
16;109;6;4555;9
16;109;6;5511;2
16;109;6;5533;1
16;109;6;5555;2
16;109;6;6565;1
16;109;6;8080;1
16;109;7;11;1
16;109;7;12;2
16;109;7;13;4
16;109;7;15;3
16;109;7;18;1
16;109;7;22;2
16;109;7;40;8
16;109;7;45;2
16;109;7;55;2
16;109;7;77;2
16;109;7;80;1
16;109;7;95;13
16;109;7;96;7
16;109;7;10100;4
16;109;7;10123;1
16;109;7;10222;10
16;109;7;13000;1
16;109;7;13013;4
16;109;7;13123;2
16;109;7;13444;1
16;109;7;13700;1
16;109;7;13777;1
16;109;7;13888;9
16;109;7;15222;31
16;109;7;15333;2
16;109;7;22000;2
16;109;7;22222;2
16;109;7;22444;4
16;109;7;25444;2
16;109;7;40111;4
16;109;7;40114;35
16;109;7;40777;1
16;109;7;44555;1
16;109;7;45222;27
16;109;7;45450;1
16;109;7;45555;1
16;109;7;45633;1
16;109;7;55000;3
16;109;7;55100;4
16;109;7;55333;3
16;109;7;55555;56
16;109;5;95;60
16;109;5;96;68
16;109;5;180;154
16;109;5;222;30
16;109;5;400;171
16;109;5;445;39
16;109;5;800;2
16;109;3;13;172
16;109;3;45;56
16;109;3;95;11
16;109;3;96;23
16;110;1;13;160
16;110;1;14;1
16;110;1;22;30
16;110;1;70;4
16;110;1;95;1
16;110;1;96;7
16;110;6;10;1
16;110;6;11;1
16;110;6;12;1
16;110;6;13;2
16;110;6;15;4
16;110;6;22;2
16;110;6;95;2
16;110;6;96;3
16;110;6;1010;2
16;110;6;1055;1
16;110;6;1234;2
16;110;6;1322;6
16;110;6;1323;6
16;110;6;1414;1
16;110;6;1515;84
16;110;6;1516;1
16;110;6;1555;25
16;110;6;2222;6
16;110;6;2299;2
16;110;6;2323;7
16;110;6;2333;4
16;110;6;2518;1
16;110;6;4010;1
16;110;6;4011;1
16;110;6;4040;4
16;110;6;4077;1
16;110;6;4422;3
16;110;6;4444;22
16;110;6;4522;1
16;110;6;5533;1
16;110;6;5555;4
16;110;6;7788;1
16;110;7;13;2
16;110;7;15;4
16;110;7;18;1
16;110;7;40;3
16;110;7;44;1
16;110;7;45;1
16;110;7;55;1
16;110;7;95;1
16;110;7;96;6
16;110;7;10100;9
16;110;7;10123;1
16;110;7;13013;6
16;110;7;13333;1
16;110;7;13444;2
16;110;7;15222;6
16;110;7;18333;1
16;110;7;22444;3
16;110;7;22999;1
16;110;7;33900;1
16;110;7;40114;28
16;110;7;44444;1
16;110;7;45122;1
16;110;7;45222;60
16;110;7;45633;1
16;110;7;55100;1
16;110;7;55333;1
16;110;7;55555;58
16;110;7;77888;1
16;110;5;95;13
16;110;5;96;37
16;110;5;180;147
16;110;5;222;24
16;110;5;300;1
16;110;5;400;149
16;110;5;445;35
16;110;3;13;148
16;110;3;14;2
16;110;3;45;40
16;110;3;95;4
16;110;3;96;9
16;111;1;13;225
16;111;1;14;11
16;111;1;22;31
16;111;1;55;1
16;111;1;95;2
16;111;1;96;3
16;111;6;11;1
16;111;6;12;1
16;111;6;13;1
16;111;6;15;1
16;111;6;95;11
16;111;6;96;5
16;111;6;1222;1
16;111;6;1234;27
16;111;6;1301;2
16;111;6;1322;53
16;111;6;1323;7
16;111;6;1331;1
16;111;6;1333;1
16;111;6;1388;1
16;111;6;1515;65
16;111;6;1555;18
16;111;6;2220;1
16;111;6;2222;8
16;111;6;2255;1
16;111;6;2270;2
16;111;6;2323;7
16;111;6;2333;4
16;111;6;2518;1
16;111;6;2555;11
16;111;6;4010;3
16;111;6;4040;10
16;111;6;4077;1
16;111;6;4444;17
16;111;6;4522;1
16;111;6;4555;1
16;111;6;5050;1
16;111;6;5533;4
16;111;6;5555;1
16;111;6;5588;3
16;111;7;10;1
16;111;7;13;3
16;111;7;18;1
16;111;7;23;1
16;111;7;40;9
16;111;7;55;3
16;111;7;95;16
16;111;7;96;2
16;111;7;10100;3
16;111;7;10222;1
16;111;7;11000;1
16;111;7;11555;6
16;111;7;13000;1
16;111;7;13013;3
16;111;7;13123;2
16;111;7;13700;2
16;111;7;13888;9
16;111;7;15222;37
16;111;7;22220;1
16;111;7;22221;2
16;111;7;22222;1
16;111;7;22444;2
16;111;7;40111;1
16;111;7;40114;73
16;111;7;40555;1
16;111;7;40774;1
16;111;7;44444;1
16;111;7;45222;10
16;111;7;45555;1
16;111;7;50180;2
16;111;7;55000;10
16;111;7;55333;5
16;111;7;55555;61
16;111;5;95;57
16;111;5;96;48
16;111;5;180;180
16;111;5;222;30
16;111;5;400;193
16;111;5;445;38
16;111;3;13;200
16;111;3;45;59
16;111;3;95;7
16;111;3;96;7
16;112;1;13;73
16;112;1;14;6
16;112;1;22;33
16;112;1;70;2
16;112;1;95;1
16;112;1;96;3
16;112;6;1234;7
16;112;6;1322;3
16;112;6;1323;13
16;112;6;1442;1
16;112;6;1515;39
16;112;6;1555;17
16;112;6;2222;8
16;112;6;2323;1
16;112;6;2333;1
16;112;6;2555;1
16;112;6;4040;25
16;112;6;5555;2
16;112;7;18;1
16;112;7;40;2
16;112;7;45;1
16;112;7;55;1
16;112;7;95;1
16;112;7;10100;22
16;112;7;10222;2
16;112;7;13700;4
16;112;7;15222;6
16;112;7;15333;2
16;112;7;22221;2
16;112;7;40000;1
16;112;7;40114;24
16;112;7;45222;7
16;112;7;55555;42
16;112;5;95;3
16;112;5;96;17
16;112;5;180;74
16;112;5;222;35
16;112;5;400;72
16;112;5;445;35
16;112;3;13;65
16;112;3;14;1
16;112;3;45;44
16;112;3;95;1
16;112;3;96;7
16;113;1;13;150
16;113;1;14;3
16;113;1;22;27
16;113;1;70;5
16;113;1;95;3
16;113;1;96;1
16;113;6;12;2
16;113;6;13;1
16;113;6;15;1
16;113;6;44;1
16;113;6;95;2
16;113;6;96;2
16;113;6;1010;1
16;113;6;1234;3
16;113;6;1322;3
16;113;6;1323;12
16;113;6;1515;78
16;113;6;1516;1
16;113;6;1555;25
16;113;6;2200;1
16;113;6;2222;6
16;113;6;2234;1
16;113;6;2323;8
16;113;6;2333;3
16;113;6;2555;2
16;113;6;4040;1
16;113;6;4044;2
16;113;6;4422;1
16;113;6;4444;27
16;113;6;4445;2
16;113;6;4522;1
16;113;6;5533;1
16;113;6;5578;1
16;113;7;13;1
16;113;7;15;1
16;113;7;22;1
16;113;7;40;1
16;113;7;55;1
16;113;7;80;1
16;113;7;95;2
16;113;7;96;2
16;113;7;10100;7
16;113;7;10123;1
16;113;7;10222;1
16;113;7;13013;2
16;113;7;13444;2
16;113;7;13700;1
16;113;7;13777;3
16;113;7;13888;1
16;113;7;15222;8
16;113;7;15333;2
16;113;7;15555;1
16;113;7;22022;2
16;113;7;22221;2
16;113;7;22222;1
16;113;7;40111;2
16;113;7;40114;26
16;113;7;40222;1
16;113;7;44444;1
16;113;7;45222;58
16;113;7;45633;1
16;113;7;55555;56
16;113;5;95;7
16;113;5;96;17
16;113;5;180;142
16;113;5;222;28
16;113;5;400;148
16;113;5;445;36
16;113;3;13;135
16;113;3;45;47
16;113;3;96;7
16;114;1;13;93
16;114;1;14;2
16;114;1;22;19
16;114;1;70;1
16;114;1;95;2
16;114;1;96;3
16;114;6;12;1
16;114;6;15;1
16;114;6;95;2
16;114;6;1234;6
16;114;6;1313;1
16;114;6;1322;5
16;114;6;1323;2
16;114;6;1515;41
16;114;6;1522;1
16;114;6;1555;4
16;114;6;2222;4
16;114;6;2233;1
16;114;6;2323;1
16;114;6;2333;46
16;114;6;4011;1
16;114;6;4522;1
16;114;6;5544;1
16;114;6;5578;1
16;114;7;15;1
16;114;7;22;2
16;114;7;23;1
16;114;7;40;2
16;114;7;45;1
16;114;7;95;6
16;114;7;96;1
16;114;7;10100;8
16;114;7;11555;1
16;114;7;12345;1
16;114;7;13013;3
16;114;7;13444;7
16;114;7;13777;4
16;114;7;13999;3
16;114;7;15222;9
16;114;7;22022;1
16;114;7;22222;1
16;114;7;40000;1
16;114;7;40114;6
16;114;7;45222;1
16;114;7;45800;23
16;114;7;45888;1
16;114;7;55333;1
16;114;7;55555;34
16;114;7;77888;1
16;114;5;95;12
16;114;5;96;22
16;114;5;180;73
16;114;5;222;34
16;114;5;400;68
16;114;5;445;31
16;114;3;13;78
16;114;3;45;32
16;114;3;95;2
16;114;3;96;8
16;115;1;13;184
16;115;1;14;3
16;115;1;22;45
16;115;1;55;1
16;115;1;70;6
16;115;1;95;5
16;115;1;96;4
16;115;6;11;1
16;115;6;12;1
16;115;6;13;3
16;115;6;77;1
16;115;6;95;15
16;115;6;96;3
16;115;6;1010;1
16;115;6;1234;22
16;115;6;1256;1
16;115;6;1322;13
16;115;6;1323;2
16;115;6;1333;1
16;115;6;1370;1
16;115;6;1400;1
16;115;6;1500;1
16;115;6;1515;83
16;115;6;1555;33
16;115;6;1888;1
16;115;6;2222;9
16;115;6;2323;2
16;115;6;2333;11
16;115;6;2518;1
16;115;6;2555;3
16;115;6;4000;1
16;115;6;4010;2
16;115;6;4040;6
16;115;6;4044;1
16;115;6;4077;1
16;115;6;4412;1
16;115;6;4422;1
16;115;6;4433;1
16;115;6;4444;6
16;115;6;4455;5
16;115;6;4555;7
16;115;6;5050;2
16;115;6;5511;1
16;115;6;5555;1
16;115;6;7711;1
16;115;6;7788;1
16;115;7;15;2
16;115;7;18;1
16;115;7;55;1
16;115;7;95;21
16;115;7;96;7
16;115;7;10100;10
16;115;7;10123;1
16;115;7;10222;8
16;115;7;12222;1
16;115;7;13000;1
16;115;7;13013;7
16;115;7;13123;3
16;115;7;13444;2
16;115;7;13700;2
16;115;7;13888;2
16;115;7;15000;1
16;115;7;15222;24
16;115;7;18333;1
16;115;7;22022;3
16;115;7;22220;1
16;115;7;22222;7
16;115;7;22444;2
16;115;7;40114;41
16;115;7;40999;2
16;115;7;45222;18
16;115;7;45633;1
16;115;7;45777;1
16;115;7;45800;2
16;115;7;50100;1
16;115;7;50180;2
16;115;7;55000;1
16;115;7;55100;2
16;115;7;55333;2
16;115;7;55555;67
16;115;5;95;49
16;115;5;96;45
16;115;5;180;159
16;115;5;222;31
16;115;5;300;3
16;115;5;400;172
16;115;5;445;37
16;115;3;13;157
16;115;3;45;65
16;115;3;95;11
16;115;3;96;15
16;116;1;13;224
16;116;1;14;3
16;116;1;22;24
16;116;1;55;1
16;116;1;70;5
16;116;1;95;1
16;116;1;96;9
16;116;6;11;2
16;116;6;12;5
16;116;6;13;3
16;116;6;15;5
16;116;6;95;9
16;116;6;96;4
16;116;6;1010;1
16;116;6;1222;1
16;116;6;1234;5
16;116;6;1315;1
16;116;6;1322;70
16;116;6;1323;8
16;116;6;1333;1
16;116;6;1515;95
16;116;6;1555;30
16;116;6;2200;1
16;116;6;2222;4
16;116;6;2252;1
16;116;6;2323;1
16;116;6;2333;4
16;116;6;2518;2
16;116;6;4000;3
16;116;6;4040;3
16;116;6;4077;1
16;116;6;4433;1
16;116;6;4444;1
16;116;6;5050;1
16;116;6;5511;2
16;116;6;5555;1
16;116;6;5588;1
16;116;7;12;2
16;116;7;15;1
16;116;7;18;1
16;116;7;22;1
16;116;7;23;1
16;116;7;33;1
16;116;7;40;13
16;116;7;45;3
16;116;7;55;4
16;116;7;95;6
16;116;7;96;9
16;116;7;10100;7
16;116;7;10123;1
16;116;7;10444;2
16;116;7;12345;2
16;116;7;13013;1
16;116;7;13333;2
16;116;7;13888;2
16;116;7;15222;5
16;116;7;15333;1
16;116;7;22022;1
16;116;7;22221;1
16;116;7;22522;1
16;116;7;40000;1
16;116;7;40114;108
16;116;7;45222;3
16;116;7;50555;2
16;116;7;55555;85
16;116;5;95;23
16;116;5;96;78
16;116;5;180;198
16;116;5;222;18
16;116;5;400;195
16;116;5;445;22
16;116;3;13;200
16;116;3;45;37
16;116;3;95;7
16;116;3;96;23
16;117;1;13;58
16;117;1;14;1
16;117;1;22;7
16;117;1;55;1
16;117;1;70;1
16;117;1;96;2
16;117;6;15;1
16;117;6;96;1
16;117;6;1234;1
16;117;6;1322;8
16;117;6;1323;3
16;117;6;1515;20
16;117;6;1555;15
16;117;6;2222;2
16;117;6;2323;1
16;117;6;4077;1
16;117;6;4444;15
16;117;6;5555;1
16;117;6;5588;1
16;117;7;15;1
16;117;7;18;1
16;117;7;40;1
16;117;7;96;2
16;117;7;10100;6
16;117;7;10222;1
16;117;7;13013;1
16;117;7;13111;2
16;117;7;15222;1
16;117;7;33309;1
16;117;7;40111;1
16;117;7;40114;29
16;117;7;55000;1
16;117;7;55100;1
16;117;7;55555;21
16;117;5;95;2
16;117;5;96;11
16;117;5;180;59
16;117;5;222;3
16;117;5;400;60
16;117;5;445;5
16;117;3;13;55
16;117;3;45;11
16;117;3;95;1
16;117;3;96;3
16;118;1;13;124
16;118;1;14;4
16;118;1;22;28
16;118;1;55;1
16;118;1;70;1
16;118;1;96;5
16;118;6;11;2
16;118;6;12;2
16;118;6;15;1
16;118;6;18;1
16;118;6;95;2
16;118;6;96;2
16;118;6;1234;18
16;118;6;1322;9
16;118;6;1323;2
16;118;6;1515;82
16;118;6;1522;1
16;118;6;1555;22
16;118;6;2220;2
16;118;6;2222;6
16;118;6;2323;2
16;118;6;2333;1
16;118;6;2555;1
16;118;6;4040;3
16;118;6;4044;1
16;118;6;5050;1
16;118;6;5533;1
16;118;6;8080;1
16;118;7;11;1
16;118;7;12;1
16;118;7;15;1
16;118;7;23;1
16;118;7;25;1
16;118;7;40;3
16;118;7;45;1
16;118;7;55;1
16;118;7;95;3
16;118;7;96;2
16;118;7;10100;2
16;118;7;13013;1
16;118;7;13123;1
16;118;7;13888;1
16;118;7;15222;22
16;118;7;22022;1
16;118;7;22222;1
16;118;7;22522;1
16;118;7;22822;1
16;118;7;40111;2
16;118;7;40114;32
16;118;7;45222;2
16;118;7;45555;1
16;118;7;45999;1
16;118;7;50180;1
16;118;7;50555;1
16;118;7;55100;1
16;118;7;55555;76
16;118;5;95;13
16;118;5;96;30
16;118;5;180;116
16;118;5;222;20
16;118;5;300;1
16;118;5;400;123
16;118;5;445;22
16;118;5;800;1
16;118;3;13;114
16;118;3;45;40
16;118;3;95;2
16;118;3;96;7
16;119;1;13;63
16;119;1;22;11
16;119;1;70;1
16;119;1;96;2
16;119;6;11;1
16;119;6;13;2
16;119;6;15;1
16;119;6;95;1
16;119;6;1010;1
16;119;6;1055;2
16;119;6;1234;3
16;119;6;1322;26
16;119;6;1323;1
16;119;6;1511;1
16;119;6;1515;27
16;119;6;1555;1
16;119;6;2277;1
16;119;6;2323;1
16;119;6;2333;1
16;119;6;2518;1
16;119;6;2555;1
16;119;6;4040;1
16;119;6;4044;1
16;119;6;4455;1
16;119;6;5511;1
16;119;6;5522;1
16;119;7;13;1
16;119;7;18;1
16;119;7;40;2
16;119;7;95;1
16;119;7;10100;4
16;119;7;10123;1
16;119;7;10222;1
16;119;7;13013;11
16;119;7;13123;1
16;119;7;13700;1
16;119;7;13888;2
16;119;7;15222;3
16;119;7;22777;1
16;119;7;40111;1
16;119;7;40114;14
16;119;7;45190;1
16;119;7;45222;2
16;119;7;55100;1
16;119;7;55333;2
16;119;7;55555;26
16;119;5;95;13
16;119;5;96;18
16;119;5;180;54
16;119;5;222;4
16;119;5;400;60
16;119;5;445;5
16;119;3;13;61
16;119;3;45;14
16;119;3;95;1
16;119;3;96;1
16;121;1;13;67
16;121;1;14;4
16;121;1;22;23
16;121;1;30;1
16;121;1;70;2
16;121;1;96;3
16;121;6;13;3
16;121;6;22;2
16;121;6;45;1
16;121;6;95;6
16;121;6;96;1
16;121;6;1010;1
16;121;6;1207;1
16;121;6;1234;8
16;121;6;1300;1
16;121;6;1301;1
16;121;6;1322;3
16;121;6;1323;4
16;121;6;1515;26
16;121;6;1555;5
16;121;6;2222;7
16;121;6;2252;1
16;121;6;2288;1
16;121;6;2333;1
16;121;6;2555;5
16;121;6;4011;2
16;121;6;4040;3
16;121;6;4044;1
16;121;6;4077;1
16;121;6;4444;4
16;121;6;4455;2
16;121;6;4490;2
16;121;6;4555;2
16;121;6;5050;1
16;121;6;5511;1
16;121;6;5533;1
16;121;6;5555;1
16;121;6;7788;1
16;121;7;12;2
16;121;7;13;2
16;121;7;15;2
16;121;7;18;1
16;121;7;22;2
16;121;7;40;1
16;121;7;95;6
16;121;7;96;1
16;121;7;10100;5
16;121;7;10123;1
16;121;7;10222;2
16;121;7;11555;3
16;121;7;13000;2
16;121;7;13113;1
16;121;7;13123;2
16;121;7;13132;1
16;121;7;13222;1
16;121;7;15222;10
16;121;7;22190;2
16;121;7;22221;1
16;121;7;22222;2
16;121;7;22444;4
16;121;7;22522;1
16;121;7;22888;1
16;121;7;40100;1
16;121;7;40114;10
16;121;7;40600;1
16;121;7;45123;1
16;121;7;45222;7
16;121;7;45800;1
16;121;7;50013;1
16;121;7;50180;3
16;121;7;55555;19
16;121;5;95;18
16;121;5;96;26
16;121;5;180;52
16;121;5;222;19
16;121;5;400;60
16;121;5;445;24
16;121;5;800;1
16;121;3;13;59
16;121;3;14;1
16;121;3;45;32
16;121;3;95;2
16;121;3;96;6
16;122;1;13;78
16;122;1;14;5
16;122;1;22;28
16;122;1;55;1
16;122;1;95;4
16;122;1;96;2
16;122;6;13;1
16;122;6;18;1
16;122;6;95;7
16;122;6;96;3
16;122;6;1234;8
16;122;6;1256;1
16;122;6;1322;8
16;122;6;1323;4
16;122;6;1515;25
16;122;6;1520;1
16;122;6;1555;14
16;122;6;2220;1
16;122;6;2222;10
16;122;6;2252;1
16;122;6;2323;2
16;122;6;2333;3
16;122;6;2518;3
16;122;6;2555;1
16;122;6;4040;2
16;122;6;4044;2
16;122;6;4422;1
16;122;6;4444;4
16;122;6;4445;1
16;122;6;4455;2
16;122;6;4490;1
16;122;6;4555;3
16;122;6;5533;2
16;122;6;5578;2
16;122;6;7700;1
16;122;6;7788;1
16;122;6;8080;2
16;122;7;11;1
16;122;7;15;1
16;122;7;40;1
16;122;7;95;9
16;122;7;96;3
16;122;7;10100;2
16;122;7;10222;4
16;122;7;13000;1
16;122;7;13003;1
16;122;7;13013;5
16;122;7;13444;2
16;122;7;13888;4
16;122;7;13999;1
16;122;7;15222;9
16;122;7;22022;4
16;122;7;22222;2
16;122;7;22444;1
16;122;7;22522;1
16;122;7;33300;1
16;122;7;40000;1
16;122;7;40111;1
16;122;7;40114;15
16;122;7;45222;13
16;122;7;45633;3
16;122;7;45678;1
16;122;7;50180;1
16;122;7;50555;2
16;122;7;55000;2
16;122;7;55100;3
16;122;7;55333;4
16;122;7;55555;19
16;122;5;95;24
16;122;5;96;16
16;122;5;180;72
16;122;5;222;23
16;122;5;400;73
16;122;5;445;28
16;122;3;13;66
16;122;3;45;44
16;122;3;95;4
16;122;3;96;4
