zona;secao;cargo;numero;votos
7;277;6;4456;2
7;154;7;10190;1
7;215;7;13222;7
7;120;6;1333;20
7;208;7;13258;3
7;120;7;55234;1
7;242;7;13123;2
7;196;3;95;6
7;209;5;555;4
7;30;6;3303;4
7;257;5;95;17
7;273;7;96;11
7;257;5;555;4
7;97;5;131;187
7;69;6;4000;2
7;122;6;2277;7
7;242;6;5511;3
7;120;6;4012;1
7;88;7;44777;4
7;88;6;1322;1
7;228;6;4477;1
7;88;7;15333;7
7;31;6;5533;3
7;32;6;1213;14
7;38;7;95;16
7;70;7;23999;1
7;39;6;1533;11
7;194;7;22222;2
7;282;6;4444;1
7;154;6;11;1
7;154;6;12;1
7;154;6;13;4
7;154;6;22;1
7;154;6;23;1
7;137;7;43640;1
7;257;6;5533;3
7;260;7;44333;1
7;70;7;22777;3
7;88;7;95;12
7;27;6;4422;10
7;194;7;15333;3
7;164;6;2244;4
7;221;7;33888;2
7;260;6;2244;7
7;242;6;96;10
7;203;6;95;19
7;164;7;65234;1
7;39;3;13;188
7;209;7;12222;1
7;208;7;13789;1
7;196;7;22777;2
7;88;5;700;72
7;116;6;1000;2
7;105;7;44777;3
7;32;7;12114;1
7;282;7;70000;1
7;215;6;22;2
7;215;6;23;1
7;30;6;1111;2
7;69;6;2200;2
7;36;6;1010;3
7;125;6;2123;1
7;32;6;2277;5
7;116;7;12999;3
7;67;6;1533;7
7;38;6;2211;1
7;183;6;96;16
7;116;6;1090;1
7;67;6;96;12
7;196;7;23192;1
7;105;6;5500;3
7;274;7;13123;3
7;273;6;7069;1
7;275;7;96;8
7;116;7;43333;2
7;116;7;55888;1
7;287;7;45999;1
7;26;6;4000;1
7;32;7;13013;1
7;164;6;4530;1
7;164;7;44567;1
7;71;6;2277;13
7;122;6;4555;1
7;137;6;4422;19
7;125;7;33888;1
7;287;6;1292;5
7;183;5;700;64
7;117;3;12;12
7;164;6;13;5
7;164;6;29;1
7;164;6;33;1
7;203;6;1292;3
7;117;7;12111;1
7;117;7;33200;1
7;221;7;96;6
7;70;7;12888;30
7;70;7;13333;1
7;105;7;55678;1
7;27;3;95;7
7;275;6;4455;4
7;66;6;1233;1
7;66;6;3303;1
7;66;6;5005;1
7;104;6;7055;2
7;126;6;4422;1
7;97;7;22111;1
7;164;7;65700;1
7;97;7;33133;3
7;122;5;131;134
7;208;6;4477;1
7;221;7;22555;66
7;154;6;1000;1
7;26;7;33000;1
7;228;6;3303;3
7;164;6;2288;12
7;273;6;5599;1
7;66;7;11111;1
7;30;3;13;176
7;27;6;2222;7
7;287;7;10122;1
7;69;7;13222;2
7;69;7;44999;1
7;71;6;4445;2
7;67;7;33888;1
7;183;7;13555;2
7;125;6;4441;1
7;97;5;700;69
7;235;7;10190;2
7;235;6;1016;1
7;154;6;1233;1
7;104;6;1422;1
7;26;6;4410;8
7;32;6;4488;1
7;125;7;50500;5
7;117;6;2244;3
7;88;7;44190;1
7;275;7;33200;2
7;125;7;33133;2
7;164;7;12144;3
7;134;7;10190;1
7;236;6;5522;1
7;236;6;95;13
7;209;6;1000;1
7;71;7;55111;1
7;274;6;2210;1
7;208;7;44123;1
7;242;7;44567;1
7;219;7;33888;7
7;32;7;95;9
7;32;7;33888;1
7;208;5;700;74
7;287;7;14444;1
7;208;3;13;177
7;117;6;2255;57
7;183;7;22222;3
7;125;7;10123;2
7;282;6;2201;1
7;29;6;1133;1
7;219;7;50013;2
7;97;7;65700;2
7;215;6;1533;5
7;94;6;4510;1
7;39;7;10190;1
7;33;7;55678;3
7;282;6;1313;4
7;31;6;1470;1
7;194;6;1292;5
7;120;6;7012;1
7;120;6;5511;1
7;273;5;700;73
7;87;7;12111;1
7;36;6;1090;1
7;208;6;4444;1
7;29;6;5001;1
7;97;6;7012;1
7;29;6;2323;4
7;209;7;22777;2
7;242;6;5588;18
7;220;7;96;8
7;39;6;2299;1
7;125;7;22777;2
7;94;7;15001;2
7;257;7;22000;1
7;275;7;43333;2
7;242;7;22555;79
7;182;6;1313;5
7;26;6;4010;1
7;162;6;5533;4
7;228;6;1020;1
7;116;7;55678;1
7;126;7;23333;1
7;219;5;131;163
7;71;6;1111;1
7;260;7;15001;7
7;69;6;7012;1
7;31;7;13222;1
7;235;6;1533;6
7;183;7;22888;2
7;35;6;96;7
7;27;7;15333;11
7;282;6;2200;2
7;242;6;95;16
7;242;7;45000;1
7;221;7;44027;1
7;228;6;5588;13
7;122;6;7012;1
7;183;6;4456;1
7;97;7;44333;1
7;220;7;13222;5
7;137;6;5511;3
7;203;7;22123;1
7;35;7;50777;2
7;137;7;11444;2
7;219;6;95;18
7;66;7;13777;1
7;209;6;4567;2
7;182;6;7040;2
7;208;7;96;7
7;68;6;5533;3
7;33;7;23192;1
7;274;7;70699;1
7;97;7;13789;1
7;136;7;13456;2
7;94;6;96;11
7;94;6;1020;1
7;221;6;4433;1
7;257;7;50500;1
7;257;7;55100;1
7;275;7;10000;2
7;125;3;13;162
7;68;6;2222;9
7;88;6;1212;1
7;183;3;21;1
7;26;6;3000;1
7;282;3;95;6
7;282;6;1500;1
7;117;6;4422;6
7;69;7;12111;1
7;26;6;2200;3
7;104;6;4410;5
7;88;7;22777;5
7;27;6;5001;1
7;282;7;36192;1
7;228;7;22777;8
7;67;7;10777;7
7;275;7;10777;6
7;97;7;12000;1
7;194;3;44;84
7;125;6;1470;5
7;164;7;50013;3
7;275;3;12;17
7;67;5;160;1
7;235;7;12144;1
7;260;6;4455;1
7;71;7;95;16
7;287;7;13;1
7;287;7;22;1
7;242;6;1000;1
7;104;5;700;69
7;275;7;30000;1
7;257;7;45000;4
7;105;7;12000;1
7;273;7;70000;2
7;180;6;2100;1
7;120;6;96;14
7;33;6;1111;4
7;88;3;12;11
7;203;7;13234;1
7;67;7;15001;5
7;183;6;1577;1
7;235;7;13555;61
7;126;6;5533;3
7;136;6;4410;4
7;117;7;13132;1
7;209;5;131;210
7;87;7;15888;1
7;87;5;95;12
7;26;7;44123;1
7;66;7;13555;11
7;117;7;23192;2
7;228;6;5533;8
7;257;7;15000;1
7;203;7;12144;5
7;182;7;70000;2
7;33;6;1214;15
7;31;6;1213;17
7;31;7;44556;1
7;183;3;13;177
7;273;6;1433;1
7;274;6;2277;2
7;120;6;1213;3
7;125;7;50013;1
7;194;7;33888;3
7;29;7;22777;3
7;38;7;65700;1
7;183;6;2277;1
7;67;7;45333;1
7;164;6;1213;13
7;39;6;1111;1
7;69;6;1213;10
7;215;6;1313;2
7;273;3;44;105
7;215;7;95;9
7;282;7;10000;2
7;162;6;1313;6
7;194;7;22022;1
7;36;7;12600;1
7;273;7;12888;49
7;236;6;1233;1
7;236;6;3303;1
7;116;6;1292;6
7;126;6;6565;4
7;274;6;4444;1
7;35;7;13100;1
7;162;6;1010;3
7;134;6;4499;1
7;277;6;2201;2
7;32;7;44567;2
7;257;7;65234;1
7;203;7;50444;2
7;203;6;1470;1
7;209;7;33888;1
7;236;6;1033;1
7;137;7;22022;1
7;116;6;7000;1
7;215;6;1233;1
7;215;6;3303;3
7;27;7;10000;1
7;126;7;13555;31
7;228;5;131;167
7;287;7;10123;1
7;116;6;1470;6
7;105;6;1313;5
7;26;3;95;6
7;203;6;2210;2
7;196;7;10777;3
7;275;6;5588;23
7;125;7;10000;1
7;236;7;12888;32
7;33;6;1221;1
7;282;5;700;31
7;126;7;55678;1
7;134;7;12888;3
7;134;7;13333;1
7;116;7;95;13
7;116;6;1111;2
7;180;5;555;3
7;164;7;22555;90
7;154;6;2233;1
7;137;5;131;157
7;220;7;15888;1
7;235;6;4422;5
7;125;6;4410;7
7;87;7;13132;1
7;35;7;80180;1
7;221;6;1213;12
7;27;7;33123;1
7;180;7;45999;1
7;203;7;13123;3
7;68;6;2233;2
7;116;7;50013;2
7;126;7;44190;1
7;88;6;10;1
7;88;6;12;1
7;117;7;95;4
7;31;6;4433;1
7;117;7;65013;1
7;116;7;11333;1
7;260;7;15333;9
7;94;7;13131;1
7;94;7;55888;1
7;70;6;1326;1
7;274;7;11000;1
7;68;6;3303;1
7;154;6;2244;21
7;209;6;2323;4
7;260;7;23333;1
7;273;7;55011;1
7;68;6;2323;1
7;68;7;13777;1
7;219;7;12111;1
7;94;6;2323;1
7;221;7;12999;5
7;221;6;1010;17
7;88;7;22222;4
7;32;6;1588;1
7;97;7;13133;2
7;71;3;96;14
7;104;7;45000;1
7;203;6;4455;1
7;235;6;96;17
7;219;7;44111;1
7;275;7;45000;1
7;137;7;50500;1
7;67;7;33133;5
7;219;6;4412;1
7;277;6;1515;2
7;287;7;55011;1
7;69;6;1313;8
7;164;3;12;15
7;164;6;1515;1
7;242;7;44456;1
7;277;7;45300;1
7;257;6;2288;5
7;162;7;70222;1
7;39;7;10777;1
7;66;7;70070;1
7;242;6;2255;88
7;287;6;5050;1
7;154;7;13234;1
7;242;6;1214;37
7;35;7;55333;1
7;257;6;4456;2
7;137;6;4050;1
7;182;6;1214;16
7;273;7;33123;1
7;215;7;50013;1
7;36;7;22555;90
7;69;7;12144;1
7;29;6;4599;1
7;203;6;1213;11
7;120;7;10777;3
7;32;6;1233;3
7;122;7;12999;5
7;196;7;33888;1
7;125;6;4343;1
7;69;7;12123;3
7;30;6;4433;1
7;29;7;44400;1
7;27;7;50444;1
7;27;6;1470;3
7;71;3;44;71
7;126;6;1303;1
7;122;7;33789;1
7;32;6;1118;1
7;32;6;4455;1
7;97;6;7011;1
7;183;6;1277;1
7;68;7;43333;1
7;68;7;55888;2
7;215;3;13;96
7;275;5;96;27
7;220;6;4555;2
7;277;5;700;63
7;134;7;22555;90
7;87;7;12;4
7;87;7;13;13
7;87;7;14;1
7;87;7;22;3
7;87;7;23;1
7;87;7;44;2
7;87;6;12;3
7;87;6;13;4
7;87;6;22;2
7;30;7;22777;3
7;68;6;1331;1
7;277;7;13789;1
7;275;7;12888;39
7;275;7;13333;2
7;273;7;23123;22
7;242;7;22022;4
7;70;6;2222;2
7;36;7;44700;2
7;30;6;1285;1
7;29;7;12999;3
7;219;7;12345;1
7;219;7;65013;1
7;125;7;12999;2
7;209;3;95;9
7;68;7;13131;1
7;235;5;95;17
7;30;5;555;1
7;220;7;10777;3
7;32;6;5588;14
7;32;6;4490;2
7;137;7;33888;4
7;94;6;2288;5
7;274;7;10400;3
7;69;3;12;14
7;137;6;1010;2
7;221;7;50500;2
7;126;7;22120;1
7;235;7;12000;1
7;137;7;44123;1
7;203;7;13100;1
7;194;6;2288;6
7;122;7;43333;1
7;122;7;55888;2
7;209;6;6565;1
7;221;5;700;62
7;273;3;13;115
7;180;3;12;20
7;164;5;131;162
7;67;5;96;24
7;219;7;23123;11
7;221;6;1322;1
7;122;6;1533;4
7;70;7;13222;8
7;125;6;4422;8
7;66;7;65234;1
7;35;7;12888;20
7;257;6;96;11
7;180;6;4490;2
7;180;6;5588;4
7;220;7;44321;1
7;235;7;44447;1
7;97;7;10700;1
7;38;6;1333;11
7;196;5;96;27
7;69;6;1221;1
7;27;7;12123;1
7;275;7;15000;1
7;235;7;11111;4
7;29;6;1333;14
7;209;7;12144;7
7;35;6;1313;3
7;39;7;10000;1
7;26;6;1111;3
7;277;6;1251;1
7;26;6;1311;2
7;182;7;13222;4
7;182;7;14014;1
7;68;7;40773;1
7;274;7;10123;1
7;31;7;13456;2
7;66;6;4490;2
7;66;6;5588;22
7;137;6;2244;3
7;194;7;33193;2
7;68;7;12888;22
7;209;7;65013;2
7;36;7;15001;3
7;287;6;7000;1
7;68;5;96;25
7;183;7;14014;9
7;66;6;95;13
7;66;7;45000;3
7;125;6;1214;8
7;260;7;44040;1
7;69;6;5013;1
7;116;7;15001;10
7;215;6;2211;1
7;134;5;95;10
7;273;7;50500;1
7;194;6;5511;7
7;29;6;1326;1
7;32;6;1533;2
7;27;6;1000;1
7;208;6;1333;10
7;275;6;1533;4
7;32;6;4433;1
7;70;6;2244;1
7;274;3;12;15
7;134;7;22333;1
7;97;5;96;30
7;120;6;5533;7
7;260;6;2233;1
7;36;6;7040;1
7;242;5;700;41
7;221;6;4456;3
7;277;7;10000;2
7;221;7;13222;6
7;221;7;14014;2
7;136;6;1299;1
7;88;6;13;1
7;88;6;22;1
7;88;6;33;1
7;88;6;44;3
7;88;6;55;1
7;71;6;1333;14
7;120;7;44123;6
7;36;7;11111;2
7;162;6;1212;1
7;257;5;700;68
7;31;7;13123;2
7;203;3;95;11
7;27;7;12300;1
7;36;7;13234;1
7;66;5;95;13
7;194;6;2210;1
7;277;7;15001;7
7;26;7;15333;10
7;203;6;1333;12
7;69;7;70222;1
7;30;7;15333;9
7;71;3;95;5
7;104;6;1311;1
7;66;7;12144;2
7;70;7;70123;1
7;70;5;700;51
7;125;6;1333;18
7;274;6;1313;3
7;120;5;131;203
7;39;7;22022;2
7;182;7;12144;2
7;257;6;95;10
7;257;6;4422;13
7;29;6;2277;4
7;33;5;95;10
7;274;7;15333;9
7;196;7;44321;18
7;274;6;4445;1
7;209;7;10123;1
7;235;7;12999;15
7;117;5;96;11
7;27;7;10190;2
7;87;7;22022;1
7;180;6;1322;1
7;69;6;4432;2
7;29;6;2255;65
7;30;7;10123;1
7;236;6;1444;1
7;194;6;4050;1
7;136;5;95;15
7;136;6;1470;1
7;203;7;33456;1
7;33;7;13234;1
7;242;7;13133;1
7;116;7;22111;1
7;105;6;6565;1
7;120;6;7000;1
7;236;7;44123;1
7;29;7;22111;1
7;126;7;10777;1
7;274;5;95;11
7;215;7;22123;1
7;274;6;5533;12
7;31;6;5511;5
7;220;7;22777;1
7;35;7;12333;2
7;30;6;1533;3
7;219;7;65700;1
7;220;6;1292;1
7;180;6;1010;6
7;137;7;13133;1
7;29;7;11111;1
7;277;6;5511;12
7;35;6;1321;1
7;39;5;700;39
7;120;6;95;10
7;120;7;45000;1
7;257;7;23123;33
7;236;7;12345;1
7;137;5;95;10
7;122;7;11113;1
7;122;7;22022;3
7;242;6;5555;2
7;277;7;10400;1
7;71;6;4003;1
7;136;6;1322;2
7;182;6;5533;4
7;70;6;95;7
7;182;7;33133;2
7;228;7;55222;1
7;35;6;1233;1
7;194;6;1020;1
7;183;6;4423;1
7;203;3;96;16
7;203;7;44027;1
7;31;6;1311;1
7;221;7;44556;1
7;277;6;1470;3
7;69;6;1118;1
7;66;6;4410;9
7;69;6;1924;1
7;104;7;70369;1
7;26;6;4444;1
7;274;6;1292;3
7;282;6;2277;10
7;36;7;55678;1
7;154;7;23123;7
7;26;6;2210;1
7;260;6;1333;10
7;117;6;2227;1
7;203;7;44321;5
7;26;6;2299;2
7;69;6;13;4
7;69;6;15;1
7;69;6;33;1
7;228;3;12;10
7;88;3;13;137
7;219;5;555;3
7;36;6;1533;3
7;236;6;1000;1
7;137;6;4447;1
7;31;7;22777;4
7;32;6;2255;85
7;66;6;5566;1
7;29;6;1470;2
7;164;6;3303;2
7;257;7;13123;1
7;35;6;1221;1
7;30;5;700;61
7;32;6;4422;9
7;220;6;4488;7
7;105;6;1213;25
7;32;3;13;179
7;183;5;95;16
7;97;6;1214;12
7;26;7;11444;1
7;260;6;4000;1
7;126;6;2255;106
7;162;6;7099;1
7;33;7;33888;3
7;162;7;33888;8
7;67;7;13133;2
7;182;7;40777;1
7;209;7;33133;4
7;208;6;1233;1
7;208;6;3303;1
7;208;7;22777;4
7;26;6;7012;1
7;194;6;1000;5
7;194;6;23;1
7;194;6;44;1
7;194;6;50;1
7;228;5;700;58
7;275;7;22777;3
7;87;7;22555;75
7;33;6;4490;2
7;33;6;5588;18
7;275;7;65234;5
7;70;7;55678;2
7;125;7;13013;1
7;154;6;1201;3
7;277;7;95;21
7;277;6;1111;1
7;35;6;4406;1
7;71;7;12888;26
7;219;7;50444;1
7;219;6;1470;4
7;35;6;2222;8
7;27;6;5533;6
7;236;3;96;17
7;71;6;3303;1
7;87;6;4422;15
7;208;6;1522;1
7;208;7;15001;1
7;236;6;1313;1
7;39;6;1233;1
7;33;7;10000;1
7;136;7;22555;90
7;180;6;1233;1
7;125;6;7040;2
7;30;6;1213;11
7;27;7;13133;1
7;125;6;3323;1
7;136;6;2300;1
7;235;7;12111;2
7;87;7;13222;1
7;87;7;14014;5
7;183;6;1233;1
7;228;6;5511;3
7;68;7;13456;1
7;36;7;12333;1
7;104;6;4099;1
7;126;6;2277;1
7;235;3;95;9
7;275;7;12777;1
7;27;7;15001;5
7;71;7;23192;2
7;242;7;44020;1
7;242;7;96;7
7;70;6;2200;6
7;196;7;44190;2
7;29;7;36192;1
7;134;3;96;11
7;38;6;1322;3
7;137;6;1234;1
7;36;7;10400;2
7;275;7;44567;1
7;277;7;12222;2
7;228;5;96;23
7;31;3;13;160
7;104;3;95;6
7;38;6;2123;1
7;164;6;96;7
7;221;7;13133;1
7;70;3;95;4
7;164;7;10400;2
7;194;6;1251;1
7;274;6;1311;1
7;117;7;15001;3
7;125;6;5500;1
7;203;7;55999;1
7;194;6;1322;1
7;120;5;95;7
7;32;7;12;1
7;122;6;5005;1
7;125;7;44111;1
7;125;6;1292;7
7;31;6;3303;6
7;69;7;10777;4
7;69;7;44321;2
7;88;7;40331;1
7;68;7;50113;1
7;183;6;3612;2
7;183;3;12;16
7;70;7;23123;23
7;287;7;22555;42
7;257;7;18;1
7;257;7;22;2
7;257;7;45;1
7;257;7;55;2
7;257;7;70;2
7;257;6;12;3
7;30;7;96;12
7;183;7;13133;1
7;70;7;13456;2
7;70;7;15888;1
7;94;5;555;2
7;273;7;19888;1
7;32;3;95;6
7;38;7;33456;1
7;67;7;44000;1
7;194;7;23192;3
7;117;7;13133;2
7;219;6;2255;58
7;274;6;1090;1
7;88;7;12;2
7;88;7;13;1
7;88;7;70;1
7;274;7;33133;2
7;203;7;23123;15
7;242;7;10190;1
7;257;7;13555;20
7;30;6;1322;2
7;134;5;96;23
7;87;6;2300;1
7;220;5;700;35
7;38;6;1533;10
7;38;7;55555;1
7;30;5;96;29
7;38;7;44123;1
7;122;7;23123;23
7;273;7;22333;1
7;66;6;1111;2
7;66;7;95;18
7;69;7;15333;9
7;122;6;95;7
7;104;7;15333;7
7;67;6;6565;2
7;203;6;4447;2
7;180;6;95;12
7;180;7;45000;2
7;208;7;12888;13
7;209;7;22555;93
7;105;6;2323;1
7;97;6;2277;1
7;27;6;2323;1
7;30;3;95;8
7;194;6;6565;2
7;203;6;11;1
7;203;6;13;9
7;203;6;33;1
7;203;6;44;1
7;203;6;55;1
7;203;6;80;1
7;203;7;12;3
7;203;7;13;5
7;203;7;14;1
7;203;7;22;5
7;203;7;44;1
7;203;7;70;1
7;122;7;10777;5
7;27;6;4447;1
7;67;7;33733;1
7;33;7;22222;4
7;33;7;44190;2
7;122;7;12888;17
7;68;7;22222;4
7;273;7;15001;4
7;209;6;2288;2
7;27;6;1213;18
7;116;7;70677;1
7;94;6;95;6
7;94;7;45000;2
7;282;6;5511;5
7;287;6;10;1
7;287;6;13;1
7;287;6;14;1
7;38;6;2210;1
7;203;6;1010;2
7;196;6;1010;5
7;275;6;5511;12
7;97;7;11999;1
7;104;5;95;16
7;94;6;1313;5
7;287;3;13;88
7;120;7;65234;7
7;194;6;11;1
7;194;6;12;2
7;194;6;13;6
7;194;6;22;1
7;30;6;1010;10
7;126;7;13234;1
7;38;7;70222;1
7;273;7;10000;2
7;38;6;1212;1
7;154;7;65013;1
7;31;5;131;182
7;32;7;13100;1
7;116;6;12;1
7;116;6;13;3
7;116;6;22;2
7;116;6;33;1
7;116;6;44;1
7;116;6;55;1
7;29;3;44;71
7;273;5;131;126
7;182;6;4410;2
7;257;7;22900;1
7;104;3;44;90
7;105;6;1533;1
7;180;7;15333;12
7;66;7;22777;4
7;31;7;50013;1
7;38;7;15333;2
7;66;5;160;1
7;66;6;5511;6
7;275;6;1300;1
7;30;7;44321;3
7;235;6;5533;3
7;29;6;4489;1
7;68;6;7055;1
7;134;6;1000;2
7;182;6;2288;4
7;182;6;96;9
7;68;6;1221;1
7;68;6;4412;2
7;136;7;33777;1
7;88;7;10;2
7;162;6;1326;1
7;68;5;131;183
7;26;7;13222;1
7;26;7;14014;1
7;26;7;44999;1
7;94;6;2255;53
7;164;7;10123;1
7;208;6;4490;2
7;208;6;5588;8
7;68;6;4447;2
7;68;7;33888;1
7;38;6;2233;3
7;242;6;1333;8
7;154;7;13222;17
7;38;6;1470;3
7;38;5;700;32
7;273;6;2200;2
7;35;6;2244;1
7;66;7;23123;25
7;116;3;95;10
7;180;6;2255;74
7;182;7;95;14
7;31;6;2225;2
7;35;7;95;12
7;35;5;131;153
7;194;6;2244;6
7;219;7;33193;1
7;236;6;5055;1
7;215;6;5588;6
7;66;7;13456;1
7;27;6;1214;9
7;27;6;7055;2
7;104;6;1010;17
7;104;6;4456;2
7;275;7;12345;1
7;33;6;2201;1
7;180;6;7040;1
7;154;7;13133;3
7;105;7;33133;1
7;136;6;1016;1
7;97;7;12144;3
7;88;7;13133;2
7;117;6;1533;1
7;162;6;5013;1
7;94;6;5511;11
7;164;3;21;1
7;126;6;2200;3
7;194;5;555;2
7;31;7;96;13
7;154;7;15333;4
7;275;6;1214;9
7;196;6;4490;2
7;196;6;5588;5
7;67;6;4432;1
7;221;7;33000;1
7;32;7;22222;2
7;32;7;44190;2
7;134;7;15001;3
7;104;6;2222;15
7;30;6;1292;3
7;235;6;2277;4
7;180;7;44333;1
7;182;7;55678;1
7;26;7;11111;3
7;215;6;2244;7
7;66;7;15001;14
7;30;6;4490;2
7;30;6;5588;23
7;30;7;95;18
7;33;6;4456;3
7;287;6;2123;1
7;88;7;33133;1
7;116;3;96;7
7;26;6;1010;7
7;162;7;45111;1
7;36;6;1233;1
7;88;6;4432;2
7;122;6;1118;1
7;196;6;95;14
7;196;7;45000;2
7;219;6;1333;8
7;137;6;5533;2
7;228;6;1016;1
7;105;7;12999;13
7;97;7;13013;1
7;137;6;1111;5
7;277;7;12600;1
7;164;6;6565;2
7;162;7;70123;3
7;136;7;95;14
7;69;6;5555;1
7;36;3;13;145
7;209;7;13555;15
7;69;7;44369;1
7;273;7;10190;1
7;183;6;4433;1
7;29;7;50500;1
7;120;3;95;3
7;275;3;95;10
7;71;6;4099;1
7;126;6;2211;1
7;164;5;555;1
7;260;6;2222;8
7;125;7;11111;3
7;228;7;10123;1
7;39;3;44;60
7;67;5;95;17
7;209;6;2210;1
7;182;6;1020;2
7;32;7;44123;1
7;122;7;45333;2
7;125;7;12888;28
7;125;7;13333;1
7;33;7;13555;13
7;32;3;96;7
7;228;6;1234;4
7;116;7;33033;1
7;180;7;50500;2
7;94;6;4022;1
7;196;7;13555;50
7;220;7;10400;1
7;35;7;12999;7
7;228;7;13777;2
7;194;6;2200;1
7;287;7;10220;1
7;208;7;55234;1
7;180;5;96;15
7;203;6;4422;20
7;104;7;15001;8
7;194;7;50113;1
7;69;7;12000;1
7;116;6;4012;1
7;154;6;1010;5
7;117;6;1000;1
7;36;7;96;10
7;260;6;4422;13
7;221;7;55234;1
7;31;7;13131;2
7;183;6;1331;1
7;116;7;12100;1
7;26;3;44;86
7;27;6;1319;1
7;69;7;44040;1
7;257;7;33888;2
7;220;7;12888;6
7;31;7;22909;1
7;194;7;22190;1
7;136;6;1221;1
7;136;6;4412;1
7;275;7;15001;7
7;26;7;22222;4
7;26;7;44190;2
7;97;7;12888;30
7;260;5;700;68
7;287;7;22777;1
7;137;7;44111;2
7;137;6;1292;1
7;67;7;96;12
7;136;7;23192;1
7;221;6;4099;1
7;235;6;9090;1
7;273;5;95;6
7;236;6;1321;1
7;215;6;4410;3
7;183;7;44190;1
7;104;7;12888;27
7;242;7;70070;2
7;183;6;4432;3
7;154;7;22123;1
7;221;5;555;3
7;162;3;44;70
7;70;7;12111;6
7;273;3;12;11
7;97;7;23123;23
7;105;6;1321;1
7;97;6;1010;11
7;162;6;12;4
7;162;6;23;3
7;162;6;44;2
7;162;6;70;1
7;162;7;12;1
7;162;7;13;5
7;162;7;43;1
7;162;7;45;1
7;162;7;70;1
7;31;6;4477;1
7;182;6;2123;1
7;38;7;65013;1
7;220;6;5599;3
7;31;6;2233;1
7;136;7;96;7
7;125;6;2277;3
7;219;6;1292;2
7;260;7;44190;2
7;260;7;22222;1
7;162;6;1112;1
7;180;7;33475;1
7;242;7;12888;21
7;242;7;13333;2
7;228;7;50113;2
7;33;3;44;75
7;182;7;65700;2
7;219;7;95;18
7;35;3;95;8
7;38;6;5567;1
7;228;6;2222;8
7;30;6;96;11
7;87;6;4489;1
7;97;5;95;14
7;228;7;33133;4
7;122;7;15333;3
7;287;6;4422;9
7;125;6;2200;2
7;275;6;5005;2
7;136;7;90684;2
7;182;7;12888;43
7;69;7;55011;2
7;220;7;23123;25
7;203;6;2255;92
7;36;7;12123;2
7;203;6;1533;1
7;27;7;22022;4
7;273;7;22022;3
7;134;3;13;155
7;32;7;22900;1
7;236;7;23192;4
7;122;5;555;3
7;260;3;12;15
7;194;6;1214;25
7;29;7;12111;1
7;94;6;5588;7
7;71;7;12000;1
7;33;7;12123;2
7;136;6;1222;1
7;257;6;2255;82
7;126;7;96;11
7;164;3;96;10
7;242;6;4410;2
7;125;6;2288;1
7;87;7;22120;1
7;71;7;22380;3
7;71;7;44333;1
7;94;7;22777;3
7;182;7;15001;3
7;260;6;5533;3
7;30;6;1020;1
7;162;3;12;11
7;277;5;131;169
7;67;7;11;1
7;67;7;12;2
7;274;6;2069;1
7;116;6;6565;1
7;66;6;1292;4
7;136;7;12999;15
7;126;7;10190;2
7;235;7;70345;1
7;94;7;44123;3
7;70;7;13555;6
7;97;7;50777;2
7;275;6;4432;1
7;209;7;13131;1
7;209;7;43333;1
7;70;6;1292;4
7;117;6;4477;1
7;137;7;65013;1
7;120;7;44447;1
7;30;6;1333;14
7;30;6;1214;12
7;273;7;10777;7
7;38;6;5588;14
7;116;6;1221;1
7;97;7;14014;1
7;164;6;3000;1
7;69;3;13;165
7;164;6;1000;1
7;219;7;44122;1
7;257;6;1470;6
7;125;7;44567;2
7;32;7;23123;22
7;30;7;12123;1
7;136;7;10000;2
7;69;6;1292;4
7;221;7;22777;1
7;162;7;11111;1
7;219;7;12888;20
7;88;7;12333;3
7;125;6;96;11
7;274;7;33888;10
7;67;7;12111;1
7;67;7;44777;1
7;194;6;1233;1
7;104;7;23123;20
7;215;6;4422;43
7;26;6;3303;3
7;88;6;5055;1
7;120;6;1020;2
7;274;6;95;13
7;104;6;5007;1
7;154;7;70000;1
7;26;7;12222;1
7;71;6;1100;1
7;219;6;4456;2
7;277;3;96;13
7;35;6;2277;2
7;117;7;13555;9
7;116;7;22900;1
7;228;3;44;83
7;221;6;2277;2
7;122;6;2288;3
7;39;5;131;196
7;287;6;2200;1
7;194;6;2299;1
7;154;7;11444;1
7;154;7;44123;1
7;26;6;2255;90
7;162;6;5511;8
7;277;6;7040;2
7;235;3;44;73
7;162;7;96;12
7;116;6;5511;6
7;235;3;13;208
7;94;7;13222;3
7;94;7;44999;1
7;236;7;22777;1
7;71;7;44123;4
7;70;6;5555;1
7;120;7;23192;1
7;88;6;4447;1
7;260;6;5588;14
7;277;6;1313;2
7;26;7;15001;2
7;66;7;65;1
7;26;7;13456;1
7;94;6;2201;1
7;122;6;8080;1
7;208;7;13222;17
7;275;6;1000;1
7;257;6;1313;8
7;242;6;1292;8
7;94;6;5533;3
7;274;6;13;4
7;274;6;44;2
7;274;7;10;1
7;274;7;12;1
7;274;7;13;9
7;154;7;90684;5
7;162;6;1111;2
7;31;7;12500;1
7;125;5;700;65
7;27;6;2277;5
7;275;6;6565;3
7;71;6;2222;4
7;94;7;95;6
7;228;6;1090;1
7;228;6;5013;1
7;260;7;10777;7
7;104;6;6565;1
7;71;3;13;163
7;30;6;4477;2
7;120;6;4003;1
7;275;7;44321;6
7;154;7;55234;1
7;183;6;5588;3
7;26;7;44556;1
7;94;6;4433;1
7;38;5;95;13
7;122;6;2244;4
7;32;7;23192;4
7;30;6;4456;4
7;105;7;10190;1
7;196;7;12999;13
7;208;6;2244;1
7;105;6;4422;8
7;94;6;4455;2
7;257;7;33133;4
7;136;7;12100;1
7;67;6;2222;10
7;219;6;4490;2
7;219;6;5588;10
7;36;6;1213;28
7;36;7;13133;1
7;154;7;70400;1
7;164;6;5533;4
7;116;7;12888;35
7;154;7;33888;8
7;69;6;4447;2
7;29;7;23123;15
7;154;5;96;18
7;32;7;12888;27
7;32;7;13333;1
7;38;3;95;8
7;27;6;2211;2
7;125;7;22222;6
7;125;7;44190;2
7;164;6;1111;5
7;67;6;1100;1
7;120;7;33888;4
7;88;6;1533;2
7;29;6;1118;1
7;97;7;70677;1
7;137;7;13456;1
7;32;6;1313;4
7;275;6;4447;2
7;220;6;2222;6
7;38;7;96;11
7;257;6;7040;2
7;71;7;15333;4
7;182;7;50113;1
7;36;7;13333;1
7;257;7;22777;2
7;136;6;7012;3
7;282;6;4050;1
7;38;6;12;4
7;38;6;13;6
7;38;6;15;1
7;38;6;16;1
7;38;6;23;3
7;38;6;33;1
7;228;6;10;1
7;228;6;12;1
7;228;6;13;3
7;228;6;23;1
7;228;6;44;1
7;228;6;50;1
7;228;6;70;1
7;228;7;12;2
7;228;7;13;6
7;228;7;15;1
7;228;7;22;1
7;228;7;44;1
7;125;3;96;14
7;136;6;5001;2
7;273;7;22222;6
7;273;7;44190;2
7;208;7;13;7
7;208;7;22;3
7;208;7;23;1
7;208;7;44;2
7;208;7;55;4
7;208;7;70;1
7;125;6;1010;7
7;162;3;13;143
7;70;7;12000;1
7;27;6;96;8
7;36;6;4003;1
7;35;6;5500;2
7;125;7;12222;2
7;277;7;22222;4
7;126;6;1314;3
7;31;3;44;97
7;71;6;2244;7
7;182;7;45333;1
7;30;6;1515;1
7;38;6;2225;1
7;67;3;44;89
7;154;6;1111;15
7;196;5;131;211
7;88;7;13234;1
7;87;6;96;11
7;120;7;23123;18
7;235;6;4455;1
7;117;7;44234;1
7;275;5;95;19
7;194;7;12144;6
7;105;3;95;8
7;26;7;12111;1
7;26;7;33200;1
7;219;7;90901;2
7;164;6;2200;3
7;273;6;1333;9
7;27;6;4555;1
7;136;7;45555;1
7;71;5;131;176
7;183;6;4412;1
7;104;6;1020;3
7;33;7;65700;2
7;88;5;95;11
7;203;7;15333;6
7;70;7;70;2
7;116;6;2323;1
7;134;7;15888;1
7;194;7;45045;3
7;36;6;1333;13
7;105;6;2299;1
7;136;6;4510;1
7;67;7;12144;3
7;125;6;5588;20
7;66;7;50011;1
7;117;6;96;4
7;196;6;7012;1
7;125;5;555;2
7;66;7;12500;1
7;66;7;33888;3
7;117;7;13234;1
7;137;6;1214;25
7;94;6;1221;1
7;94;6;4412;1
7;219;6;5050;1
7;94;7;44777;1
7;116;7;22720;1
7;32;7;45000;1
7;67;7;13;6
7;67;7;15;1
7;67;7;22;1
7;242;6;1201;1
7;27;7;50013;2
7;235;6;1234;1
7;66;6;4489;1
7;36;7;33193;1
7;221;7;12300;1
7;242;7;22190;1
7;242;5;131;201
7;183;7;44777;1
7;87;7;12444;1
7;87;7;13013;1
7;154;7;95;9
7;136;6;4456;2
7;33;7;55234;1
7;196;6;1213;14
7;97;3;13;171
7;277;6;7012;2
7;209;7;44321;4
7;275;7;12144;1
7;277;7;12999;6
7;27;7;95;15
7;31;7;33133;9
7;70;6;1321;1
7;154;7;10700;1
7;94;6;4477;2
7;31;6;2277;6
7;242;7;12144;2
7;116;7;33300;1
7;32;7;12999;5
7;97;3;96;19
7;219;6;2244;9
7;88;7;10777;3
7;71;6;2288;1
7;203;7;22444;1
7;117;7;65234;3
7;277;7;23192;2
7;71;6;1292;3
7;137;7;12888;9
7;277;7;36555;1
7;71;7;13132;1
7;66;6;4447;1
7;126;6;2225;1
7;31;7;33888;3
7;97;7;12111;4
7;27;6;5522;1
7;27;6;95;8
7;27;7;45000;2
7;122;6;1322;1
7;282;7;23192;2
7;183;7;23192;2
7;126;7;23192;3
7;35;6;2200;2
7;29;3;13;110
7;66;3;96;20
7;30;7;12144;2
7;183;7;15001;1
7;116;5;131;189
7;66;6;2277;4
7;154;6;2255;73
7;117;7;50500;2
7;235;7;22022;2
7;134;6;4433;1
7;183;6;2222;12
7;97;6;4422;7
7;122;7;22777;7
7;69;6;5511;14
7;196;7;19999;1
7;38;6;1233;2
7;32;7;45333;1
7;35;7;96;5
7;275;7;13133;3
7;203;7;44447;1
7;203;7;40331;1
7;26;7;13100;1
7;221;7;13132;1
7;219;3;96;15
7;117;7;23123;25
7;33;6;7000;1
7;88;6;1323;1
7;87;7;10777;4
7;275;7;12111;4
7;164;7;13456;1
7;203;5;131;167
7;235;6;1292;7
7;30;7;45000;4
7;68;7;12111;2
7;29;7;43333;1
7;257;7;50777;2
7;26;7;44777;1
7;208;7;22222;1
7;30;7;15001;5
7;105;7;15555;2
7;196;7;22555;89
7;116;5;96;18
7;88;7;15555;1
7;180;6;4422;6
7;257;7;33033;1
7;39;7;40130;1
7;31;6;1221;1
7;180;7;23123;10
7;126;6;95;12
7;219;3;12;7
7;38;7;11444;2
7;235;6;8080;1
7;104;6;5511;16
7;126;7;22777;1
7;221;7;44567;1
7;136;6;1313;7
7;88;5;96;21
7;30;6;2323;2
7;70;6;96;7
7;220;7;12111;2
7;221;7;13123;1
7;162;7;55011;1
7;32;7;33789;1
7;287;7;12400;2
7;38;7;23192;2
7;282;6;7011;1
7;203;7;55888;1
7;88;6;5099;1
7;287;7;96;4
7;31;7;10000;2
7;182;7;12300;1
7;257;7;65700;1
7;162;6;2323;1
7;69;6;1470;5
7;209;7;70000;2
7;287;6;2299;1
7;116;7;44369;1
7;117;5;95;7
7;235;6;2288;1
7;235;7;90684;1
7;27;6;4410;5
7;182;7;65234;4
7;87;6;5533;12
7;36;6;5511;5
7;257;6;1214;14
7;125;7;22111;1
7;134;7;33888;5
7;67;7;95;18
7;180;7;13234;1
7;136;6;5511;2
7;182;6;4477;1
7;31;6;2244;4
7;69;7;10400;1
7;260;7;22111;1
7;208;6;5050;1
7;277;6;5013;1
7;164;6;1313;7
7;136;7;23123;14
7;196;6;4499;1
7;27;6;7077;1
7;220;7;22555;54
7;94;7;12111;1
7;220;5;131;117
7;88;6;1214;17
7;260;7;45300;1
7;33;6;12;2
7;33;6;13;4
7;33;6;23;2
7;33;7;23;1
7;33;7;33;1
7;33;7;44;1
7;33;7;55;2
7;33;7;70;4
7;29;6;4410;2
7;203;7;95;20
7;277;7;22190;1
7;125;7;10777;3
7;134;6;1333;1
7;221;3;44;87
7;220;7;13133;3
7;31;7;22555;77
7;70;6;7012;1
7;67;6;7012;1
7;136;7;44321;11
7;97;3;21;1
7;209;6;2277;5
7;116;7;13;7
7;162;7;12999;1
7;277;6;2255;76
7;208;7;55222;2
7;33;6;2222;7
7;220;6;4444;1
7;126;6;5013;2
7;97;7;44456;1
7;70;7;13234;2
7;215;7;12;2
7;215;7;13;6
7;215;7;22;5
7;215;7;44;3
7;215;7;55;1
7;215;7;70;1
7;274;7;70000;1
7;125;6;2255;102
7;66;7;43333;1
7;221;6;5511;6
7;29;7;10000;1
7;71;7;10190;1
7;194;6;5500;2
7;67;7;22777;1
7;219;7;13132;3
7;287;7;22380;1
7;287;7;44333;2
7;221;7;23123;25
7;260;7;10190;1
7;125;7;95;10
7;125;6;1111;1
7;31;7;13132;2
7;137;6;4490;1
7;137;6;5588;23
7;33;6;1010;3
7;104;6;1213;9
7;260;7;13456;2
7;277;7;10777;4
7;39;7;23192;5
7;31;6;2323;1
7;68;6;2210;1
7;117;7;10777;1
7;26;6;5511;12
7;26;5;160;1
7;104;6;4441;1
7;26;6;1533;3
7;209;6;1010;9
7;209;6;4456;2
7;275;7;15333;14
7;105;6;2288;3
7;105;7;44321;12
7;196;3;13;199
7;182;7;44111;1
7;39;6;1133;1
7;196;3;96;12
7;69;6;1299;2
7;242;7;11111;1
7;69;3;44;92
7;30;7;50013;1
7;235;6;1311;2
7;282;7;96;8
7;219;7;12999;8
7;116;7;44333;1
7;277;3;12;16
7;209;7;12114;1
7;36;3;12;15
7;35;6;5588;9
7;287;6;2255;40
7;228;7;23123;21
7;257;7;70007;3
7;104;7;44123;1
7;221;7;15001;4
7;134;7;13258;3
7;164;7;12000;3
7;194;7;22444;1
7;194;6;96;12
7;33;6;1333;13
7;32;7;50777;1
7;257;3;13;152
7;33;6;1322;2
7;196;3;12;14
7;134;7;12999;1
7;31;7;15333;7
7;242;6;4020;1
7;236;6;3000;1
7;134;7;44123;1
7;287;6;2277;1
7;134;6;95;9
7;274;6;4422;16
7;30;7;65234;1
7;257;7;12999;3
7;228;6;1313;9
7;219;6;5555;1
7;282;6;5533;3
7;105;7;22777;5
7;38;3;13;190
7;257;7;30000;2
7;194;6;2201;3
7;180;7;12300;1
7;242;7;50500;2
7;105;6;4410;5
7;88;7;13555;6
7;122;7;80180;1
7;32;7;22555;87
7;183;6;1212;1
7;220;6;1973;1
7;67;6;1313;5
7;88;7;12500;1
7;282;5;95;11
7;182;7;13555;12
7;287;3;96;3
7;194;6;1010;1
7;94;3;13;108
7;94;7;33133;2
7;71;7;13123;1
7;162;7;15333;3
7;220;6;1333;1
7;194;6;2255;44
7;27;7;44333;2
7;137;6;4000;1
7;287;7;12144;1
7;180;3;44;94
7;94;6;1311;1
7;196;7;43211;2
7;71;6;2323;1
7;275;3;44;100
7;275;7;12000;1
7;208;6;2210;1
7;182;6;1533;6
7;122;7;15001;3
7;275;7;50013;1
7;235;7;15000;1
7;88;7;19777;1
7;154;7;44044;1
7;126;6;4410;5
7;180;7;44321;15
7;257;7;22444;1
7;117;7;55678;1
7;196;6;6565;1
7;87;6;1020;1
7;33;5;700;63
7;242;6;1322;2
7;29;6;6565;1
7;36;7;13555;4
7;120;6;2277;15
7;208;6;12;4
7;208;6;13;4
7;154;3;95;4
7;275;6;2200;2
7;116;6;1313;5
7;122;7;22555;77
7;182;7;44020;1
7;182;7;96;10
7;87;7;44777;4
7;274;7;33000;1
7;122;3;95;4
7;164;7;96;4
7;274;5;700;105
7;228;7;22380;3
7;228;7;44333;1
7;32;6;96;4
7;94;7;44190;1
7;29;5;95;4
7;203;6;9000;1
7;203;6;1234;1
7;196;6;15;1
7;196;6;22;2
7;196;6;45;1
7;196;7;13;10
7;196;7;15;1
7;196;7;22;3
7;196;7;55;1
7;196;7;65;1
7;180;6;2244;2
7;87;6;7000;1
7;71;7;22222;1
7;122;6;1313;1
7;105;7;13234;1
7;116;6;5533;5
7;33;7;50500;1
7;120;7;12345;1
7;87;7;22777;2
7;117;7;44456;1
7;71;7;55555;1
7;88;6;5511;1
7;122;6;4447;3
7;274;6;5044;1
7;221;7;44333;1
7;182;5;700;67
7;26;6;4422;11
7;242;7;55234;3
7;117;6;1313;4
7;36;6;2255;81
7;273;6;4490;1
7;277;6;1213;10
7;35;6;1213;21
7;164;7;13258;1
7;164;6;7099;1
7;235;7;13131;1
7;126;7;23190;1
7;104;7;10123;2
7;164;7;14522;1
7;136;3;13;227
7;275;3;96;14
7;236;7;33888;5
7;125;6;3000;2
7;97;6;4410;3
7;282;7;55011;3
7;29;6;1251;1
7;29;7;14888;2
7;221;6;1533;4
7;273;6;1292;1
7;69;7;44111;2
7;70;6;5511;1
7;27;6;1533;1
7;257;3;44;92
7;32;7;33133;4
7;134;6;2211;1
7;38;6;95;19
7;38;3;96;15
7;88;6;4433;2
7;39;7;44027;2
7;30;7;22123;1
7;97;7;12011;1
7;194;3;13;145
7;116;6;4477;1
7;242;7;13222;14
7;122;3;96;7
7;194;7;22555;51
7;32;5;555;2
7;116;6;4490;4
7;116;6;5588;12
7;66;6;1500;4
7;105;6;5533;10
7;35;6;1201;3
7;68;6;95;11
7;32;6;1188;1
7;274;6;1333;12
7;180;6;4004;1
7;27;7;33789;1
7;26;6;4567;1
7;134;7;11111;5
7;105;7;45000;1
7;105;6;95;14
7;31;5;96;32
7;203;6;4441;1
7;273;6;7012;1
7;275;6;4512;1
7;136;3;44;60
7;27;6;1010;7
7;29;3;12;16
7;164;7;70369;1
7;203;6;5588;10
7;154;7;22222;1
7;164;6;4490;3
7;164;6;5588;15
7;104;6;4455;2
7;219;7;15;1
7;219;7;22;4
7;219;7;44;2
7;27;6;10;2
7;87;6;7012;1
7;180;6;4050;1
7;220;7;70234;1
7;66;6;4530;2
7;69;6;1933;1
7;67;7;13222;4
7;104;7;22111;1
7;182;7;10777;10
7;104;6;96;9
7;70;6;5588;22
7;137;6;1313;9
7;275;7;33133;14
7;209;7;22380;1
7;209;7;44333;1
7;162;7;13789;2
7;273;7;13258;1
7;219;7;45555;1
7;287;7;80180;1
7;31;6;2211;1
7;287;6;1213;7
7;162;7;55678;3
7;122;5;95;12
7;221;7;10000;1
7;26;7;13013;1
7;26;7;45333;1
7;69;7;12300;1
7;236;7;33133;3
7;208;6;2222;14
7;97;6;13;2
7;97;6;15;1
7;97;6;20;1
7;97;6;22;2
7;97;6;23;2
7;97;6;33;2
7;154;7;96;6
7;104;6;5055;1
7;125;6;1213;14
7;136;7;11444;1
7;29;7;12333;1
7;183;3;96;16
7;33;5;131;200
7;221;3;96;15
7;69;6;6565;1
7;116;7;11111;1
7;203;7;22222;8
7;203;7;44190;2
7;228;6;4410;2
7;68;6;4488;1
7;122;7;70070;1
7;228;6;2201;1
7;236;6;4423;1
7;273;6;96;11
7;235;7;12888;17
7;88;7;44123;1
7;67;6;2233;1
7;69;7;22022;4
7;194;7;13555;20
7;26;6;2323;2
7;162;7;22555;69
7;31;7;22333;1
7;242;6;1221;3
7;122;7;12333;1
7;164;6;5055;2
7;32;6;7069;3
7;125;7;55678;3
7;88;6;1213;21
7;196;6;1233;1
7;35;6;4555;1
7;126;3;13;201
7;68;7;13222;3
7;68;7;14014;2
7;180;6;5511;2
7;274;7;12222;1
7;257;6;4477;1
7;274;6;1251;1
7;274;6;2201;1
7;274;6;4411;1
7;274;6;9000;1
7;196;7;33033;2
7;180;7;96;8
7;36;6;2277;5
7;105;7;23192;2
7;275;7;70000;2
7;87;7;12222;1
7;87;6;1090;1
7;69;6;4412;1
7;136;7;15333;9
7;260;7;43333;1
7;196;7;11444;1
7;260;6;4490;2
7;122;7;65234;2
7;203;7;44020;1
7;203;7;96;17
7;209;3;44;104
7;242;6;1470;1
7;134;7;23192;1
7;277;7;22700;2
7;116;6;2255;102
7;66;7;44321;5
7;117;6;5511;6
7;182;7;23123;18
7;282;6;1000;2
7;27;6;5511;9
7;71;6;1214;17
7;88;7;13131;1
7;69;6;2288;4
7;67;7;13123;2
7;209;7;10777;4
7;27;5;95;14
7;117;6;5001;2
7;69;6;4422;7
7;196;7;44543;2
7;242;7;22999;1
7;38;7;44040;1
7;196;6;1234;1
7;228;6;7078;2
7;32;7;43333;1
7;242;5;96;15
7;194;7;13789;1
7;39;6;6565;6
7;38;7;44333;1
7;30;6;5533;7
7;257;6;5511;6
7;31;7;55234;1
7;208;7;44333;1
7;32;6;1299;1
7;97;7;45300;2
7;104;7;23192;1
7;236;7;11;1
7;236;7;12;3
7;236;7;13;4
7;236;7;14;1
7;236;7;22;3
7;236;7;23;1
7;236;7;44;1
7;236;7;55;2
7;236;6;10;1
7;236;6;12;3
7;236;6;13;1
7;236;6;33;1
7;236;6;55;2
7;242;7;55678;1
7;282;7;44111;2
7;183;6;1292;1
7;183;7;44111;1
7;32;5;96;21
7;273;6;2201;3
7;68;6;1177;1
7;94;7;22222;2
7;117;6;3303;1
7;32;6;1221;2
7;26;7;12999;7
7;228;6;2277;8
7;33;6;96;8
7;70;6;2277;3
7;117;7;13456;3
7;228;7;33444;2
7;182;7;15556;1
7;194;6;4410;1
7;26;7;50013;2
7;235;6;1213;16
7;236;5;555;5
7;282;7;95;7
7;183;7;95;17
7;219;7;90684;3
7;30;7;10190;2
7;104;6;5050;1
7;154;7;23192;2
7;125;7;13;8
7;125;7;22;1
7;125;7;33;1
7;125;7;44;1
7;287;6;2222;6
7;183;7;12222;1
7;104;7;33888;3
7;26;7;43333;1
7;116;6;7012;1
7;116;5;95;17
7;35;7;33193;2
7;31;7;70;4
7;31;7;44;1
7;182;7;13131;2
7;154;7;11999;3
7;66;5;555;3
7;208;7;22555;109
7;30;7;44111;2
7;27;5;555;2
7;236;7;10123;2
7;275;6;1251;2
7;136;6;7099;1
7;134;3;44;51
7;94;7;13123;1
7;183;6;2299;1
7;180;6;1292;2
7;31;6;4044;1
7;71;6;95;14
7;97;6;5533;1
7;137;7;13555;22
7;88;7;23192;2
7;274;5;555;4
7;154;7;22555;63
7;68;6;1118;1
7;203;6;4444;1
7;164;6;5001;1
7;29;7;22555;66
7;164;7;22777;10
7;31;6;96;17
7;203;7;13555;4
7;125;7;44123;2
7;275;5;555;2
7;66;6;1333;20
7;66;6;5555;1
7;66;6;2288;3
7;162;7;10777;1
7;88;7;13456;3
7;36;6;1234;2
7;36;6;9000;1
7;87;7;44123;1
7;68;6;1333;16
7;70;7;96;5
7;120;3;12;8
7;70;7;50444;1
7;97;7;65234;1
7;94;6;2200;2
7;196;7;44123;2
7;32;7;22022;1
7;277;5;96;20
7;94;6;15;1
7;94;6;10;1
7;94;6;13;6
7;94;6;22;4
7;94;6;23;2
7;94;6;44;1
7;94;7;10;1
7;94;7;12;2
7;94;7;13;10
7;94;7;22;6
7;94;7;23;1
7;94;7;65;2
7;94;7;70;3
7;162;5;95;14
7;273;6;1010;11
7;273;6;4456;6
7;69;6;4456;2
7;154;6;65;1
7;287;3;12;7
7;154;6;2200;2
7;35;6;11;1
7;35;7;55;1
7;35;7;70;3
7;274;6;1020;5
7;287;7;95;9
7;180;7;12999;8
7;154;5;555;4
7;209;7;22222;9
7;209;7;44190;3
7;105;6;4455;1
7;209;7;50500;2
7;31;3;95;7
7;196;6;1023;1
7;104;6;5555;1
7;182;7;22555;63
7;116;7;44400;1
7;196;7;10124;1
7;104;7;10777;5
7;31;7;13013;1
7;33;6;1251;1
7;97;7;12;2
7;97;7;10;1
7;97;7;13;6
7;97;7;15;1
7;97;7;18;1
7;97;7;22;2
7;97;7;44;1
7;97;7;45;1
7;97;7;55;1
7;117;6;4010;1
7;66;6;4433;1
7;282;7;50013;1
7;97;6;4455;1
7;71;7;13555;15
7;32;6;7012;5
7;196;7;95;14
7;94;7;44027;1
7;68;7;13789;1
7;277;6;2244;1
7;36;6;2200;1
7;67;7;44567;2
7;164;5;95;10
7;27;7;22000;1
7;162;7;10400;1
7;69;6;5533;3
7;209;6;1111;3
7;209;7;95;14
7;68;7;95;12
7;122;6;1213;11
7;196;6;4445;2
7;182;6;1090;2
7;236;7;33123;1
7;116;7;15888;1
7;70;7;33133;11
7;67;7;65700;1
7;68;7;44321;2
7;31;7;11111;3
7;215;6;7011;4
7;70;6;1313;3
7;273;6;1326;1
7;219;7;70;1
7;209;7;10190;1
7;68;6;1470;3
7;116;7;22;4
7;116;7;44;2
7;116;7;45;1
7;257;7;22022;5
7;257;7;11113;1
7;220;7;13555;26
7;69;3;95;14
7;104;5;131;181
7;260;6;96;8
7;38;6;1251;1
7;26;6;5567;1
7;26;7;45999;1
7;257;7;12500;1
7;104;6;1292;4
7;32;6;1111;4
7;221;7;65700;1
7;38;6;1522;2
7;39;6;5533;1
7;66;7;33789;2
7;274;7;22;3
7;274;7;23;1
7;274;7;44;2
7;274;7;44123;1
7;275;6;5533;6
7;260;6;1533;7
7;36;7;12888;21
7;162;6;7011;2
7;164;6;1331;1
7;196;7;12144;3
7;162;6;2255;71
7;277;6;5044;1
7;277;6;2288;2
7;196;6;1111;3
7;30;6;1112;1
7;104;6;3000;1
7;208;6;1020;3
7;236;6;4433;2
7;154;6;96;5
7;180;7;12222;1
7;68;7;44190;1
7;94;6;1251;2
7;38;6;1213;4
7;117;6;1010;2
7;117;6;4456;2
7;33;7;44040;1
7;194;7;11111;3
7;39;6;4010;1
7;194;6;4447;1
7;67;6;1292;3
7;88;7;70000;1
7;68;7;23190;1
7;66;7;10400;1
7;32;6;1333;25
7;87;7;50500;2
7;219;7;96;11
7;183;5;555;2
7;194;6;1213;15
7;29;7;10190;1
7;38;3;12;20
7;31;6;1313;5
7;39;6;1292;6
7;32;6;1500;1
7;39;6;4456;1
7;39;6;1010;2
7;26;6;7055;1
7;33;6;4422;11
7;154;3;12;8
7;35;6;1214;18
7;273;6;1214;8
7;26;5;96;18
7;97;6;2244;5
7;274;6;4433;2
7;162;7;13133;1
7;164;7;12345;1
7;164;7;65013;1
7;134;6;5511;6
7;36;6;2288;2
7;164;6;1251;1
7;104;5;96;30
7;208;5;96;19
7;209;7;12999;6
7;88;6;1333;12
7;29;7;13456;1
7;136;5;96;20
7;71;6;1533;3
7;154;6;1470;2
7;38;6;96;12
7;277;6;1477;1
7;162;6;95;9
7;134;7;22222;3
7;126;6;1213;5
7;35;6;2288;2
7;235;7;10777;1
7;69;6;95;12
7;88;6;2200;1
7;33;6;2244;4
7;220;6;5533;2
7;116;7;13258;1
7;33;7;50013;1
7;26;7;33133;5
7;196;6;4444;1
7;105;6;2222;6
7;228;6;1111;1
7;235;6;2255;106
7;209;7;13789;2
7;30;6;95;13
7;235;6;4432;1
7;32;7;96;8
7;134;7;70234;1
7;36;6;2222;5
7;67;6;5055;2
7;126;7;15222;1
7;120;7;96;14
7;87;7;12333;1
7;162;6;1522;2
7;274;3;13;137
7;69;7;15001;6
7;275;7;13555;10
7;275;6;4040;1
7;126;7;50500;4
7;125;7;30000;2
7;260;7;12500;1
7;33;3;96;11
7;137;6;1255;1
7;68;6;2201;1
7;97;7;14832;1
7;182;7;33222;1
7;277;7;15333;5
7;215;6;6565;1
7;66;7;80180;1
7;275;6;5512;1
7;137;7;70000;3
7;39;6;1470;4
7;97;6;1333;22
7;137;7;22555;34
7;154;6;4447;2
7;274;3;96;12
7;36;7;13456;2
7;67;7;44333;1
7;87;3;13;128
7;88;6;2277;8
7;38;7;55234;2
7;29;7;65234;3
7;209;7;12888;40
7;126;7;13123;1
7;209;7;13333;3
7;97;6;4432;2
7;162;5;96;23
7;116;7;12123;1
7;287;7;23123;19
7;162;7;44123;1
7;32;3;44;83
7;164;6;1533;1
7;71;7;10123;1
7;68;6;5050;1
7;242;7;15333;5
7;27;7;96;12
7;219;7;11999;2
7;39;7;44333;1
7;30;7;55234;1
7;203;6;4410;4
7;88;6;4410;3
7;236;6;4432;2
7;31;7;44321;1
7;209;6;4512;2
7;219;7;55111;2
7;69;7;22222;3
7;69;7;44190;2
7;154;7;22;2
7;154;7;33;1
7;154;7;44;1
7;154;7;70;1
7;32;6;2244;1
7;162;7;12111;7
7;277;7;10;1
7;277;7;13;3
7;277;7;22;1
7;277;7;23;1
7;277;7;44;2
7;277;6;12;2
7;277;6;13;2
7;277;6;23;1
7;277;6;33;1
7;277;6;55;1
7;219;6;5007;1
7;126;7;22022;6
7;67;7;45111;1
7;274;6;2256;1
7;277;3;44;92
7;164;7;43640;1
7;137;7;95;7
7;196;6;1016;1
7;215;6;1214;1
7;273;7;44;1
7;273;7;70;1
7;97;6;2288;3
7;39;6;1314;1
7;260;7;12888;23
7;242;6;5599;1
7;136;7;13333;1
7;136;7;12888;15
7;71;6;5588;14
7;236;7;22555;103
7;221;6;1020;2
7;70;6;1010;4
7;228;6;3323;1
7;282;5;96;15
7;39;6;4422;1
7;104;7;12111;1
7;104;7;33200;1
7;137;7;12144;4
7;31;7;12333;1
7;134;6;1214;26
7;275;7;45999;1
7;274;7;96;9
7;97;6;1213;23
7;31;6;4490;2
7;220;7;22;3
7;220;7;70;1
7;220;6;10;1
7;220;6;13;1
7;220;6;15;1
7;220;6;22;1
7;220;6;40;1
7;38;5;555;3
7;116;6;5050;1
7;33;7;12999;9
7;38;7;55011;1
7;257;6;1090;1
7;260;7;44123;1
7;194;6;1470;2
7;260;7;13222;2
7;260;7;14014;1
7;29;7;12500;2
7;104;7;33789;1
7;27;7;22777;3
7;134;6;4489;1
7;33;7;12111;1
7;87;7;13555;7
7;282;7;55678;2
7;70;6;3303;7
7;137;5;555;2
7;116;6;2222;13
7;117;7;12144;2
7;66;7;22380;1
7;94;7;22022;5
7;136;7;13222;2
7;208;6;2233;2
7;208;7;12777;1
7;203;6;2323;1
7;31;6;4447;3
7;287;7;13132;1
7;29;7;23190;2
7;162;6;1333;3
7;104;6;7012;2
7;31;7;13258;2
7;35;7;11111;2
7;219;6;1299;2
7;220;6;1313;1
7;220;6;4466;2
7;67;7;50180;1
7;104;7;14444;1
7;68;6;1111;3
7;68;7;12400;1
7;219;7;22222;2
7;219;7;44190;3
7;134;6;96;7
7;36;3;95;7
7;277;7;43333;1
7;277;6;1155;1
7;162;5;700;48
7;116;5;700;77
7;67;6;4410;5
7;209;6;5013;2
7;69;6;4410;7
7;219;6;1111;15
7;208;6;2255;96
7;182;7;10000;1
7;273;6;1000;2
7;215;7;55234;1
7;120;6;1456;1
7;208;6;1533;13
7;219;7;10123;1
7;134;6;5588;5
7;134;7;23123;15
7;282;7;22555;27
7;183;7;22555;129
7;104;6;2277;6
7;35;7;15001;2
7;164;7;55011;1
7;32;7;13456;1
7;70;6;5500;1
7;134;6;1533;9
7;67;7;13138;1
7;39;6;2277;3
7;137;7;15001;1
7;282;6;4422;11
7;287;7;15001;6
7;203;7;22022;3
7;94;7;13234;2
7;274;7;33456;2
7;209;6;5511;12
7;209;7;15010;1
7;236;3;13;145
7;126;6;2244;6
7;257;7;23190;1
7;97;6;2222;10
7;67;6;1333;21
7;203;7;10000;1
7;228;7;11999;1
7;154;7;55666;1
7;67;6;95;12
7;67;6;1500;1
7;137;5;96;29
7;69;7;13131;1
7;69;7;43333;1
7;209;6;1234;1
7;32;7;15001;4
7;162;7;15001;1
7;32;7;70070;1
7;236;7;50444;1
7;236;6;4410;1
7;105;3;96;14
7;180;6;1333;12
7;27;6;1111;1
7;275;7;13456;1
7;203;7;13777;1
7;97;7;22555;85
7;122;6;2033;1
7;122;6;2210;1
7;116;6;7040;1
7;33;6;6565;4
7;33;7;36190;2
7;273;7;43333;1
7;273;7;13131;2
7;273;7;55888;1
7;71;6;1213;7
7;203;6;96;17
7;219;6;2222;1
7;120;3;96;18
7;282;6;1533;1
7;196;7;55234;3
7;30;6;4422;15
7;277;7;55678;2
7;235;7;55234;2
7;116;7;12144;4
7;32;6;2200;2
7;154;6;1214;11
7;282;5;555;2
7;136;6;6565;2
7;274;7;14832;1
7;196;7;12333;1
7;273;3;21;1
7;219;7;55666;2
7;134;6;1251;3
7;220;6;1213;5
7;203;6;1269;1
7;287;7;12111;2
7;38;6;2200;1
7;287;6;9001;1
7;122;7;12114;1
7;221;7;33444;1
7;209;7;15001;7
7;125;7;13234;1
7;39;6;1322;1
7;273;6;4433;1
7;104;7;55011;1
7;277;7;13258;1
7;29;7;96;6
7;220;7;11111;3
7;67;7;12888;35
7;67;7;13333;1
7;154;3;44;48
7;97;7;22123;1
7;228;7;13555;18
7;31;6;5555;1
7;71;6;96;10
7;209;7;50777;2
7;208;3;12;11
7;137;6;2288;2
7;70;7;45645;1
7;221;6;4410;1
7;228;7;22022;2
7;31;7;22900;1
7;154;7;13456;1
7;154;7;15888;1
7;105;6;2255;92
7;274;6;7040;2
7;182;6;1292;1
7;104;7;50777;1
7;273;6;22;2
7;273;6;23;1
7;273;6;44;1
7;273;7;12;3
7;273;7;13;10
7;273;7;14;1
7;273;7;16;1
7;273;7;22;4
7;273;7;23;2
7;27;7;44027;1
7;69;6;1233;1
7;69;6;3303;1
7;125;3;95;8
7;220;6;1533;6
7;39;7;23123;15
7;136;7;44333;1
7;31;6;5588;30
7;236;6;2244;2
7;70;6;4410;18
7;33;6;33;1
7;33;6;44;1
7;33;6;50;1
7;33;7;11;1
7;33;7;12;1
7;33;7;13;12
7;33;7;15;1
7;33;7;22;2
7;274;7;65234;1
7;29;6;4490;4
7;29;6;5588;10
7;27;7;13131;1
7;27;7;43333;2
7;38;7;22022;4
7;137;7;13;15
7;33;3;12;11
7;220;7;55555;1
7;203;6;2244;3
7;162;6;1292;4
7;122;7;55678;2
7;196;6;1533;1
7;182;6;22;2
7;182;6;65;1
7;194;7;95;8
7;29;7;12555;1
7;180;3;21;1
7;68;6;2200;2
7;67;3;96;15
7;104;7;22777;6
7;228;6;4444;3
7;208;6;5013;1
7;70;7;23190;1
7;208;6;1214;44
7;235;7;45045;1
7;277;6;2277;5
7;38;7;22555;92
7;235;6;2233;1
7;136;6;2323;1
7;122;6;1010;9
7;122;6;4456;5
7;36;7;22222;2
7;36;7;44190;1
7;235;7;44333;1
7;87;7;15333;7
7;164;7;55222;1
7;67;7;15333;10
7;94;6;4456;1
7;221;7;55011;1
7;36;6;1269;1
7;162;7;15678;1
7;194;7;43333;4
7;26;6;5055;1
7;196;6;1292;2
7;136;7;13234;2
7;228;7;95;18
7;260;5;96;27
7;27;7;12114;1
7;235;6;2244;18
7;125;6;22;1
7;125;6;33;1
7;125;6;55;1
7;215;7;15333;1
7;94;6;4411;1
7;33;6;5005;1
7;33;7;44027;1
7;36;6;4489;1
7;35;7;50500;1
7;257;6;1292;6
7;97;6;4490;1
7;97;6;5588;15
7;32;6;1269;1
7;122;6;2299;1
7;134;7;22556;1
7;196;6;1020;2
7;68;6;1011;1
7;66;3;44;86
7;29;6;5533;3
7;260;3;96;16
7;275;6;2244;6
7;36;7;12111;1
7;221;6;1333;10
7;38;7;55222;5
7;154;3;96;9
7;137;7;12123;1
7;27;6;1313;7
7;117;6;1234;1
7;32;6;1255;1
7;220;7;22222;2
7;220;7;44190;1
7;134;7;10000;2
7;120;5;96;27
7;26;6;1000;2
7;39;7;22555;95
7;275;6;1313;4
7;287;7;65013;1
7;242;6;1313;7
7;30;6;7012;2
7;273;3;96;15
7;116;6;5013;1
7;125;6;4456;4
7;68;7;23123;19
7;196;6;96;7
7;203;5;700;90
7;194;6;4490;1
7;194;6;5588;13
7;104;6;1233;1
7;104;6;3303;2
7;220;6;1010;3
7;220;6;4456;3
7;208;5;555;2
7;31;6;1333;12
7;69;7;95;12
7;257;7;95;7
7;257;7;12400;1
7;26;6;1470;1
7;126;7;15151;1
7;182;7;23192;1
7;120;6;2233;5
7;31;6;2222;4
7;196;6;1322;1
7;277;6;4530;1
7;134;7;13133;4
7;277;6;1010;6
7;33;7;15333;8
7;219;6;2288;1
7;122;6;33;1
7;122;6;65;1
7;122;6;70;1
7;122;7;13;4
7;97;7;96;14
7;277;7;55011;1
7;215;5;95;12
7;117;6;2288;5
7;287;7;15333;6
7;126;7;12999;2
7;228;7;23192;1
7;242;7;55011;1
7;117;6;4012;1
7;105;6;23;1
7;105;6;70;1
7;120;6;4456;7
7;120;6;1010;4
7;260;6;3303;2
7;26;7;12500;2
7;35;6;5533;10
7;116;7;23192;1
7;31;6;1188;1
7;194;7;13222;3
7;183;6;95;16
7;30;7;12000;1
7;154;6;1188;1
7;35;7;11444;1
7;70;7;44777;1
7;257;7;50013;1
7;125;7;65013;1
7;116;7;11113;1
7;116;7;22022;2
7;136;7;33333;1
7;194;7;23123;51
7;70;7;14190;1
7;164;6;1292;4
7;31;6;6565;2
7;164;7;22022;4
7;31;7;33123;1
7;257;6;1500;1
7;68;7;70000;1
7;67;6;1515;1
7;33;6;7055;2
7;105;7;96;7
7;126;7;15001;3
7;220;6;2200;1
7;277;7;96;12
7;116;3;13;182
7;183;6;1313;4
7;29;6;1292;3
7;87;6;1313;5
7;105;3;12;10
7;208;7;50013;2
7;275;6;4555;2
7;69;7;23192;4
7;274;7;22022;2
7;66;3;13;164
7;39;5;96;31
7;33;6;4455;1
7;287;6;1010;9
7;287;6;4456;1
7;220;7;55888;1
7;71;6;1313;2
7;33;7;33475;1
7;94;6;1470;3
7;125;6;1020;3
7;69;7;55678;1
7;26;6;4522;1
7;221;7;33133;1
7;164;7;55234;1
7;29;6;2200;3
7;228;7;13456;1
7;208;6;4410;6
7;29;6;1214;5
7;180;6;1533;1
7;29;6;1234;1
7;29;6;4411;1
7;209;7;45999;1
7;87;7;44700;1
7;32;7;13789;2
7;194;7;22777;18
7;105;6;1010;4
7;105;6;4456;7
7;208;7;33456;1
7;33;7;44333;3
7;125;6;2211;1
7;287;6;5511;5
7;282;6;2233;1
7;194;3;96;17
7;69;6;4490;4
7;69;6;5588;26
7;208;7;11999;2
7;260;6;1292;4
7;36;7;55234;1
7;215;6;96;4
7;164;6;1214;6
7;35;6;4410;4
7;30;6;12;4
7;30;6;13;2
7;30;6;15;1
7;30;6;19;1
7;30;6;33;1
7;30;6;44;2
7;30;7;12;3
7;30;7;13;22
7;30;7;22;2
7;30;7;23;1
7;30;7;44;1
7;30;7;70;2
7;27;6;4440;1
7;33;7;13456;1
7;275;6;2222;12
7;208;6;4422;5
7;122;6;2201;1
7;136;6;5533;1
7;257;3;95;10
7;69;7;44567;1
7;116;5;160;1
7;26;7;22555;89
7;219;3;13;142
7;66;7;33193;1
7;117;3;95;3
7;104;6;1313;4
7;104;6;4466;1
7;68;7;65234;2
7;242;6;7099;1
7;68;7;23192;2
7;71;6;4410;5
7;221;6;1000;1
7;277;6;1292;2
7;38;6;5511;5
7;257;7;33193;1
7;105;5;96;26
7;164;6;1333;14
7;164;7;13234;1
7;27;6;1311;1
7;194;7;12999;1
7;273;7;44111;1
7;35;3;96;12
7;220;7;10000;3
7;242;6;4422;2
7;27;6;4490;3
7;27;6;5588;19
7;182;7;10190;4
7;134;3;95;7
7;69;6;7040;1
7;236;7;44567;1
7;219;6;1313;8
7;215;7;10123;2
7;260;7;22888;1
7;94;6;2222;6
7;282;6;7012;1
7;154;6;4410;8
7;117;6;95;7
7;116;7;13234;1
7;69;6;1111;4
7;126;6;4488;1
7;125;6;5533;6
7;125;7;12500;1
7;32;6;2210;1
7;68;7;44123;1
7;134;7;12111;1
7;134;5;131;170
7;273;5;555;3
7;282;7;23190;1
7;183;7;23190;1
7;228;6;4422;15
7;208;7;13131;1
7;26;7;44567;1
7;35;7;22999;1
7;31;6;5050;1
7;203;7;33193;4
7;196;7;22022;3
7;68;6;1500;2
7;69;6;5044;1
7;31;7;22222;4
7;31;7;44190;2
7;94;6;1533;2
7;67;3;12;12
7;88;6;2323;1
7;66;7;65013;1
7;221;7;12888;51
7;126;6;5588;15
7;180;7;12144;5
7;126;6;2233;1
7;277;7;70070;1
7;66;6;8080;1
7;134;6;1292;1
7;29;7;23192;1
7;164;5;96;17
7;221;6;5533;2
7;104;7;44400;1
7;209;3;96;13
7;257;7;22555;79
7;67;6;2255;80
7;215;7;22999;1
7;39;6;4490;2
7;39;6;5588;18
7;209;6;1020;1
7;274;7;10777;6
7;215;6;1010;2
7;70;6;1213;7
7;35;6;4489;1
7;67;6;1213;15
7;71;7;11111;1
7;27;6;2255;87
7;228;7;15888;1
7;209;6;1292;8
7;70;7;44333;1
7;274;6;4432;3
7;71;7;22555;78
7;67;6;3323;1
7;137;5;700;46
7;275;7;44777;1
7;220;6;96;5
7;116;6;2277;2
7;203;6;1214;8
7;116;7;65700;1
7;136;3;96;8
7;33;7;12888;25
7;236;6;4444;1
7;36;6;4456;3
7;66;7;22022;1
7;97;7;70007;1
7;87;6;4455;1
7;67;7;44447;1
7;31;6;2200;4
7;31;5;95;11
7;69;6;1171;1
7;257;7;13456;3
7;26;7;12;1
7;26;7;13;6
7;26;7;15;1
7;26;7;22;5
7;26;7;44;2
7;26;7;45;1
7;26;7;55;1
7;26;7;65;1
7;26;6;10;1
7;26;6;12;2
7;26;6;21;1
7;26;6;23;1
7;26;6;40;1
7;273;6;95;5
7;236;7;14014;10
7;277;6;4412;1
7;260;7;13258;1
7;274;6;1303;1
7;164;6;2277;11
7;219;6;2227;2
7;105;7;23123;16
7;257;7;10400;1
7;26;3;12;17
7;33;7;11111;1
7;126;6;1533;16
7;257;6;13;5
7;257;6;33;1
7;257;7;10;1
7;117;7;22555;69
7;136;7;11555;1
7;228;6;7012;1
7;117;7;44027;1
7;287;7;44027;1
7;242;7;13789;2
7;71;7;10;2
7;71;7;13;7
7;71;7;22;3
7;71;7;23;3
7;71;7;44;2
7;71;7;70;1
7;71;6;10;1
7;71;6;11;1
7;71;6;13;1
7;71;6;44;1
7;71;6;70;1
7;209;7;13222;1
7;35;6;95;12
7;183;7;33133;1
7;125;7;15001;3
7;116;6;1533;3
7;137;3;44;55
7;274;6;4490;2
7;228;5;95;24
7;274;3;95;7
7;220;6;1326;1
7;67;7;13555;9
7;260;7;96;9
7;180;6;4489;1
7;196;5;700;46
7;182;7;12999;3
7;94;7;50013;1
7;260;5;131;171
7;30;6;2233;2
7;70;6;1214;10
7;287;7;90500;1
7;126;6;1322;2
7;39;7;13222;14
7;97;6;95;11
7;39;6;5511;3
7;164;7;44027;1
7;287;7;10777;6
7;31;7;10777;2
7;67;7;50513;1
7;277;7;45000;1
7;33;7;22111;1
7;32;7;13555;22
7;35;3;80;2
7;164;6;3323;1
7;126;7;22555;111
7;260;7;50777;3
7;180;7;45045;1
7;68;6;7012;1
7;26;7;14888;1
7;228;7;12888;20
7;273;3;95;3
7;154;3;13;172
7;27;6;2033;1
7;27;6;2210;1
7;71;7;33456;2
7;116;6;4422;8
7;97;6;1111;1
7;68;7;15333;10
7;209;7;15151;2
7;39;7;11444;3
7;26;6;5005;1
7;29;7;44190;1
7;39;6;2225;1
7;88;6;1313;2
7;68;7;33033;1
7;36;7;12999;13
7;194;7;13234;1
7;71;6;7012;2
7;122;6;2200;1
7;69;7;22555;73
7;277;6;2222;12
7;122;6;1333;11
7;94;7;44111;1
7;125;6;2323;2
7;203;7;23192;1
7;35;7;22555;90
7;257;6;2233;1
7;215;7;10000;1
7;66;6;5055;1
7;273;7;44321;6
7;94;3;12;16
7;97;6;6565;1
7;31;7;36192;1
7;33;6;4488;1
7;154;6;1333;17
7;215;5;96;12
7;67;7;44321;6
7;235;6;1313;5
7;196;6;2277;2
7;32;6;2222;7
7;228;6;1292;2
7;194;6;1313;6
7;66;6;1213;11
7;137;6;2277;15
7;116;7;12300;2
7;66;6;1020;2
7;30;6;2200;2
7;242;7;12222;1
7;260;6;2211;1
7;71;7;13777;6
7;94;7;12500;2
7;287;7;13555;10
7;32;7;33123;1
7;35;7;33133;4
7;136;7;36888;1
7;273;6;2255;60
7;236;7;12123;1
7;275;7;10122;1
7;125;6;1000;1
7;30;7;50500;1
7;287;6;1533;1
7;104;7;12999;7
7;87;6;3303;1
7;221;6;1214;9
7;228;6;2288;1
7;162;7;22000;4
7;71;7;12123;1
7;162;6;96;8
7;67;5;700;56
7;196;7;12888;16
7;71;6;1234;5
7;94;7;13133;2
7;242;6;4578;1
7;68;6;4455;1
7;88;7;33193;2
7;88;7;12111;4
7;32;6;5533;2
7;182;6;2255;65
7;208;7;12000;1
7;196;6;1470;4
7;66;6;11;1
7;66;6;12;2
7;66;6;13;3
7;66;6;22;1
7;66;6;23;1
7;30;7;12888;30
7;30;7;13333;1
7;219;6;1221;1
7;215;3;44;58
7;104;6;1323;1
7;126;6;2201;1
7;275;6;5133;2
7;257;6;2222;15
7;236;7;96;14
7;136;7;45000;1
7;105;6;1233;1
7;105;6;3303;1
7;36;7;44999;1
7;125;7;15333;12
7;235;6;1333;14
7;27;7;33133;6
7;137;7;55888;1
7;282;7;13123;2
7;26;6;1322;2
7;69;7;12888;40
7;67;6;1214;7
7;105;6;96;6
7;27;7;13222;1
7;27;7;14014;2
7;31;7;22380;1
7;215;5;700;39
7;126;6;1020;1
7;39;7;13131;1
7;257;6;4455;2
7;35;7;13222;1
7;35;7;14014;6
7;136;6;1292;4
7;180;6;4410;2
7;183;7;10400;4
7;228;6;4040;3
7;228;7;13222;3
7;221;6;1292;3
7;27;6;1233;1
7;221;6;4490;2
7;221;6;5588;47
7;94;7;10123;2
7;27;6;4400;1
7;33;6;1292;6
7;136;6;7000;1
7;26;7;13789;1
7;122;7;12144;3
7;208;6;1000;1
7;30;6;2288;4
7;257;6;3303;3
7;36;6;2210;1
7;215;6;1245;1
7;66;7;11999;1
7;260;7;44567;1
7;221;7;23190;1
7;33;7;12000;2
7;220;3;95;5
7;36;6;5013;1
7;30;7;12222;1
7;137;6;2299;1
7;70;6;1000;1
7;275;6;2201;1
7;69;5;96;22
7;282;6;4477;2
7;136;6;1010;3
7;180;6;1214;16
7;32;6;5050;1
7;137;7;70456;2
7;274;6;2255;96
7;282;7;12144;3
7;29;6;2244;4
7;97;6;4412;1
7;196;6;2255;118
7;208;7;23190;1
7;277;6;96;12
7;94;6;4422;4
7;88;6;4422;11
7;29;6;95;7
7;29;7;45000;1
7;87;5;700;60
7;27;7;10777;5
7;104;3;13;173
7;30;7;44027;1
7;126;6;1234;1
7;182;7;10400;1
7;287;6;2244;1
7;27;6;1292;2
7;164;7;22444;1
7;277;6;4444;1
7;137;3;96;22
7;32;5;700;62
7;273;6;2222;14
7;203;6;2069;1
7;236;6;1010;5
7;236;6;4456;6
7;125;7;13222;2
7;274;7;10000;1
7;274;7;12999;15
7;31;7;65700;1
7;39;7;12999;1
7;221;6;5055;2
7;104;6;4477;1
7;242;7;15888;1
7;137;7;13222;4
7;228;7;96;14
7;117;7;12888;17
7;219;3;95;6
7;39;6;2200;1
7;277;7;13222;1
7;66;7;10777;2
7;68;7;12999;11
7;126;7;44456;1
7;236;7;10400;1
7;116;6;4000;2
7;69;6;2277;1
7;203;6;1020;1
7;94;6;1292;2
7;183;7;13234;1
7;137;6;2210;1
7;39;7;12600;1
7;105;7;13456;2
7;236;6;1533;1
7;257;6;1333;17
7;29;6;1311;1
7;194;6;2277;18
7;236;7;13100;1
7;125;6;1233;1
7;32;7;33200;1
7;125;7;12600;2
7;194;7;15015;1
7;136;6;95;21
7;260;7;12144;1
7;235;6;5511;6
7;219;7;15001;6
7;125;6;5055;1
7;134;7;13555;26
7;69;6;1533;2
7;27;7;12333;1
7;32;7;10777;3
7;126;7;90015;1
7;196;6;4456;5
7;68;7;96;11
7;180;7;11222;1
7;164;6;2299;1
7;69;6;1580;1
7;277;5;95;17
7;125;6;1533;2
7;183;6;1033;1
7;87;7;96;14
7;104;7;13555;7
7;282;6;2288;3
7;180;6;12;2
7;180;6;13;3
7;105;7;22555;93
7;228;7;10777;3
7;125;7;96;13
7;180;7;95;8
7;203;7;10190;1
7;203;6;1016;1
7;208;6;1313;2
7;277;7;44333;1
7;277;7;22380;1
7;70;7;95;7
7;236;6;2255;97
7;274;7;12888;23
7;68;3;13;163
7;273;7;43143;1
7;183;7;15333;10
7;33;7;44690;1
7;70;6;12;3
7;70;6;13;2
7;70;6;23;2
7;70;6;44;1
7;70;7;10;1
7;70;7;12;2
7;70;7;13;8
7;70;7;22;4
7;70;7;23;1
7;70;7;33;1
7;70;7;45;1
7;183;6;1111;1
7;220;6;1000;4
7;35;7;33888;4
7;36;7;12457;1
7;70;3;80;2
7;39;7;12000;1
7;67;7;55234;1
7;219;3;44;64
7;97;6;96;13
7;97;6;1470;5
7;275;6;2288;3
7;273;6;1922;1
7;71;7;96;9
7;242;6;2222;9
7;122;7;22222;4
7;122;7;44190;1
7;208;7;50500;3
7;125;6;4477;1
7;116;6;1299;1
7;87;7;15001;2
7;221;6;4455;1
7;30;6;1233;1
7;274;6;5511;6
7;29;5;131;134
7;33;7;45111;1
7;27;7;33888;3
7;208;6;5055;1
7;277;3;13;141
7;126;7;44123;2
7;104;7;12333;2
7;277;7;13456;1
7;277;7;15888;1
7;116;7;45000;2
7;180;6;4433;1
7;242;3;96;8
7;125;6;1369;1
7;104;7;22022;7
7;242;7;13131;1
7;273;5;96;41
7;66;3;95;7
7;30;7;13456;1
7;242;7;23192;1
7;69;7;45111;1
7;134;6;2244;1
7;30;6;1470;4
7;29;6;2288;3
7;33;6;2323;1
7;235;6;7012;2
7;274;7;44777;1
7;39;6;1303;1
7;242;6;2200;2
7;162;6;4422;16
7;31;7;12999;5
7;35;6;5013;1
7;164;6;2222;8
7;136;6;3303;1
7;228;6;1311;1
7;68;7;10777;4
7;260;7;22777;8
7;228;6;2200;2
7;120;7;10190;3
7;120;6;1016;1
7;125;6;5044;1
7;97;7;50500;3
7;104;7;95;13
7;203;6;4555;1
7;125;7;65700;2
7;274;7;22222;11
7;125;6;2244;1
7;215;3;96;6
7;219;7;44123;4
7;203;7;33888;8
7;35;7;22022;2
7;164;7;43333;1
7;126;7;12333;1
7;273;6;5511;4
7;94;7;10124;1
7;180;7;33193;2
7;180;7;55555;1
7;29;6;1111;2
7;29;7;14678;1
7;29;7;95;10
7;260;6;1285;2
7;39;6;1213;8
7;277;6;5533;3
7;219;6;1399;1
7;274;7;95;14
7;274;6;1111;3
7;219;6;5001;1
7;97;7;44190;2
7;154;6;5588;5
7;183;6;2288;8
7;104;7;70699;1
7;162;7;23123;34
7;282;7;15555;2
7;105;7;43333;1
7;219;5;700;33
7;87;7;12999;7
7;32;7;23190;1
7;273;7;13456;2
7;221;7;65234;3
7;136;6;4432;1
7;154;7;12111;2
7;154;7;33200;1
7;208;6;4555;1
7;69;7;50500;2
7;126;6;5001;3
7;164;7;70007;2
7;32;7;50500;2
7;208;7;12111;3
7;274;7;12114;1
7;67;7;13789;1
7;97;7;10190;1
7;180;7;12333;1
7;209;6;5044;1
7;30;7;10400;2
7;26;6;1214;12
7;36;6;4422;7
7;39;7;33133;1
7;67;7;23;2
7;67;7;44;1
7;162;6;4000;1
7;120;6;2244;9
7;120;7;33133;2
7;208;7;12345;1
7;208;7;65013;1
7;260;7;33193;1
7;203;3;12;14
7;134;6;1233;1
7;182;5;95;17
7;183;6;5511;2
7;287;3;44;71
7;228;7;12999;15
7;26;3;13;171
7;180;7;22777;7
7;36;7;23192;1
7;277;6;4447;1
7;66;6;96;18
7;136;7;50500;2
7;69;6;2323;1
7;260;7;12999;12
7;182;6;4412;1
7;257;7;11;2
7;257;7;12;3
7;257;7;13;7
7;137;7;15333;4
7;154;6;4422;3
7;36;7;13131;1
7;104;6;5533;2
7;36;6;4012;1
7;180;6;4432;1
7;257;6;5555;4
7;105;6;2201;1
7;116;6;1213;15
7;242;6;2323;1
7;277;5;555;1
7;215;7;33888;3
7;203;7;10123;1
7;69;6;7055;2
7;97;7;95;13
7;194;6;2323;2
7;236;7;40101;1
7;236;6;4422;17
7;33;7;33133;6
7;236;7;33193;4
7;183;7;15123;1
7;208;7;44040;2
7;39;6;4410;1
7;27;7;23123;25
7;35;6;2255;84
7;182;5;131;159
7;221;7;15333;3
7;88;7;44111;2
7;196;6;2233;2
7;116;6;1333;18
7;164;7;44321;7
7;275;6;96;9
7;39;7;11111;3
7;116;7;22777;2
7;117;5;700;63
7;33;6;1299;1
7;126;3;12;8
7;30;7;36192;1
7;275;5;131;178
7;137;6;1251;1
7;242;7;95;17
7;71;3;12;13
7;66;6;5533;2
7;117;7;12600;1
7;27;7;12888;29
7;68;6;1455;1
7;70;6;1470;5
7;67;6;1470;3
7;117;6;5013;1
7;33;7;10123;1
7;125;6;1100;1
7;164;7;36192;1
7;183;6;2323;1
7;221;7;10190;3
7;69;6;1010;4
7;30;7;33000;1
7;136;7;50013;2
7;194;7;11;2
7;194;7;12;2
7;194;7;13;5
7;194;7;14;1
7;194;7;23;1
7;194;7;45;1
7;194;7;70;1
7;122;7;22;1
7;122;7;23;1
7;122;7;44;1
7;122;7;50;1
7;122;7;55;2
7;125;7;44333;1
7;104;6;5500;1
7;126;7;95;12
7;38;6;1214;42
7;219;7;15333;9
7;242;6;5533;2
7;208;7;23192;2
7;236;7;45555;1
7;125;7;23123;30
7;242;7;11999;1
7;164;7;33033;1
7;35;7;15333;11
7;287;7;12999;2
7;260;6;12;1
7;260;6;13;5
7;260;6;55;1
7;260;7;11;1
7;260;7;12;2
7;260;7;13;13
7;260;7;22;4
7;260;7;44;1
7;260;7;55;1
7;120;6;11;1
7;120;6;12;2
7;120;6;13;3
7;120;6;22;1
7;120;6;23;2
7;120;6;33;1
7;120;6;45;1
7;120;6;50;1
7;120;7;11;1
7;120;7;12;2
7;120;7;13;12
7;27;7;12144;2
7;277;7;12111;3
7;194;7;96;14
7;26;6;96;8
7;117;7;55011;1
7;215;6;5533;3
7;66;7;12000;1
7;257;7;43333;1
7;257;7;55888;2
7;235;7;65234;1
7;87;7;12144;1
7;274;6;5588;9
7;126;5;555;1
7;236;7;23190;1
7;274;7;70007;1
7;67;6;2244;1
7;274;6;1470;1
7;39;7;13123;1
7;136;7;10123;1
7;228;6;1213;8
7;116;6;4412;1
7;287;6;1470;4
7;236;7;13123;4
7;136;6;2200;2
7;260;7;22022;1
7;215;3;21;1
7;105;7;12333;2
7;97;6;1313;7
7;274;6;2288;3
7;215;7;44333;1
7;30;5;160;1
7;97;6;1300;2
7;30;5;95;15
7;122;7;50500;1
7;137;7;23123;55
7;70;3;13;147
7;38;5;96;30
7;162;7;12888;23
7;26;7;44000;1
7;67;7;50500;1
7;67;6;4447;2
7;126;7;13258;1
7;183;5;96;29
7;70;6;4422;8
7;68;6;4422;4
7;38;7;13789;1
7;36;5;131;167
7;136;6;12;2
7;136;6;13;8
7;136;6;22;2
7;136;6;23;2
7;136;6;44;2
7;136;6;55;1
7;26;7;55678;2
7;66;7;13123;1
7;69;6;12;1
7;31;7;15001;7
7;235;7;33888;2
7;30;6;2255;73
7;32;6;1214;14
7;162;7;22222;2
7;273;7;12999;1
7;182;6;1233;1
7;275;6;1111;2
7;275;7;95;9
7;180;6;1313;3
7;154;6;5013;2
7;164;6;4555;1
7;39;6;1234;1
7;162;3;95;10
7;30;7;23192;2
7;203;6;4432;1
7;35;6;4422;9
7;88;6;2255;86
7;180;7;44027;1
7;209;7;22022;7
7;220;7;15001;1
7;287;6;1201;1
7;196;7;11111;2
7;196;7;13789;1
7;194;6;4422;21
7;36;7;13100;1
7;180;7;23190;1
7;287;6;5588;16
7;208;6;2200;1
7;137;7;33000;1
7;260;7;65700;1
7;260;7;12600;1
7;164;6;7012;4
7;137;6;1533;4
7;182;6;2222;5
7;257;6;1111;1
7;32;6;1112;1
7;71;6;1500;1
7;97;7;15333;16
7;116;7;36192;1
7;94;3;96;16
7;125;6;95;13
7;26;6;4441;2
7;164;7;12111;3
7;203;7;22777;3
7;68;7;22022;3
7;67;7;15151;1
7;235;7;22777;5
7;273;7;55333;1
7;162;7;13234;4
7;35;6;1011;2
7;235;7;36321;2
7;209;7;50013;1
7;260;6;5005;4
7;257;7;13234;1
7;236;5;95;18
7;33;7;30000;1
7;196;6;4321;1
7;137;6;1133;1
7;215;6;2323;2
7;273;6;2323;1
7;220;5;96;11
7;126;5;700;67
7;203;7;55234;1
7;116;6;1251;1
7;35;6;1333;9
7;220;6;5522;1
7;220;6;95;9
7;120;7;11999;8
7;194;7;44321;1
7;88;7;15001;2
7;122;3;44;79
7;257;7;13333;2
7;257;7;12888;32
7;71;6;4011;1
7;39;6;2255;93
7;180;7;12123;1
7;260;6;1322;2
7;66;6;2255;84
7;125;6;7012;3
7;33;6;2225;1
7;105;7;22222;5
7;30;7;22222;1
7;35;7;22777;2
7;29;7;13234;1
7;104;3;96;11
7;88;7;22555;98
7;105;6;2200;2
7;122;6;2255;74
7;221;6;6565;2
7;136;6;4422;1
7;203;6;5511;3
7;228;6;2244;8
7;104;7;65234;1
7;136;6;1111;4
7;287;7;44321;1
7;39;3;95;5
7;104;6;1221;2
7;287;6;8080;1
7;33;7;12333;2
7;221;5;131;165
7;116;6;2288;3
7;104;6;2022;1
7;273;6;5055;1
7;242;6;2288;1
7;26;6;4477;1
7;87;6;2225;1
7;183;6;7040;1
7;120;6;4422;16
7;69;7;11111;2
7;235;6;1299;1
7;136;7;12555;1
7;97;3;95;8
7;125;6;2201;1
7;26;6;6565;3
7;228;6;1333;11
7;277;6;4422;7
7;66;6;9000;1
7;236;7;11113;2
7;236;7;22022;3
7;125;6;1234;1
7;97;6;5511;13
7;287;7;50777;1
7;180;6;5533;11
7;88;3;44;89
7;125;7;44234;1
7;125;7;44369;1
7;235;7;12555;1
7;27;3;96;17
7;116;7;10400;1
7;105;5;555;5
7;194;6;1333;2
7;164;6;1470;8
7;257;7;44777;1
7;260;6;4477;1
7;35;7;12144;1
7;203;7;22555;98
7;27;7;22222;3
7;27;7;44190;2
7;277;7;23190;1
7;228;6;2255;60
7;194;7;10000;10
7;209;7;70007;1
7;33;7;36192;1
7;219;7;22555;39
7;274;7;70222;1
7;68;6;23;1
7;68;6;55;1
7;68;7;10;1
7;68;7;12;6
7;68;7;13;9
7;68;7;15;1
7;68;7;22;3
7;68;7;23;1
7;68;7;44;1
7;33;7;22000;1
7;68;6;1292;6
7;182;6;1188;1
7;105;7;11;1
7;105;7;12;2
7;105;7;13;8
7;105;7;18;1
7;105;7;22;2
7;105;7;44;1
7;105;6;12;2
7;105;6;13;4
7;105;6;15;1
7;105;6;22;1
7;236;7;65234;1
7;162;6;4447;1
7;68;3;95;8
7;70;6;7099;1
7;182;6;4455;3
7;32;6;1212;1
7;134;6;2201;1
7;31;6;1292;2
7;209;7;65700;1
7;183;7;12345;1
7;282;7;12345;1
7;68;6;1533;6
7;31;6;1326;1
7;208;6;95;13
7;242;6;1213;5
7;164;7;70123;2
7;164;5;700;109
7;164;7;11444;1
7;134;6;1010;2
7;71;6;4447;1
7;162;6;4440;1
7;275;6;1010;11
7;260;6;7055;2
7;134;7;65013;2
7;220;7;22022;4
7;164;6;95;10
7;164;7;45000;3
7;126;7;13133;2
7;116;6;4456;4
7;33;7;95;11
7;182;3;96;15
7;220;6;5511;1
7;182;7;11113;2
7;182;7;22022;2
7;88;6;2244;3
7;97;7;22777;1
7;87;6;2255;69
7;122;6;1111;3
7;122;7;95;7
7;154;7;13555;16
7;70;7;23192;3
7;154;7;10123;2
7;104;6;2200;1
7;39;6;7040;1
7;126;5;96;23
7;26;6;5050;1
7;31;7;44040;2
7;29;5;700;57
7;116;3;12;13
7;282;7;23123;25
7;183;7;23123;19
7;33;6;2288;3
7;33;7;90684;1
7;117;6;12;1
7;117;6;13;1
7;117;6;22;1
7;117;6;23;1
7;117;7;12;1
7;117;7;13;7
7;117;7;18;1
7;117;7;22;1
7;117;7;44;1
7;117;7;55;1
7;26;7;45300;1
7;180;6;5500;1
7;221;6;2255;66
7;180;7;15001;1
7;88;6;1000;3
7;236;6;1333;13
7;154;6;1313;12
7;209;7;12000;1
7;164;7;33133;3
7;31;6;2201;1
7;116;6;2244;3
7;104;7;12222;1
7;164;6;4477;1
7;33;6;1311;1
7;126;6;1313;6
7;257;6;5050;1
7;196;7;15001;4
7;287;5;96;5
7;70;3;12;5
7;26;6;1313;2
7;137;7;44190;1
7;31;6;7012;1
7;122;6;5588;11
7;126;6;1221;4
7;282;6;5007;1
7;194;3;12;14
7;277;7;23123;26
7;235;3;96;10
7;31;6;4456;2
7;70;6;1533;8
7;154;6;7040;1
7;120;7;12111;2
7;68;6;1212;1
7;88;7;10456;1
7;154;7;65700;2
7;273;7;65700;1
7;120;7;15333;7
7;120;3;13;196
7;209;6;13;1
7;209;6;70;1
7;209;7;13;7
7;209;7;15;1
7;209;7;19;1
7;209;7;23;2
7;209;7;44;1
7;32;3;12;20
7;282;6;95;7
7;137;3;13;137
7;26;6;1292;2
7;69;6;1234;2
7;183;7;44321;2
7;194;7;44333;2
7;105;7;13789;1
7;154;5;95;7
7;26;6;4440;1
7;196;6;4432;1
7;194;5;96;29
7;33;6;5511;11
7;97;6;5005;2
7;228;7;44777;1
7;275;6;4412;1
7;97;7;13555;15
7;69;7;13013;1
7;257;7;44333;1
7;26;7;10190;2
7;30;6;5511;5
7;219;5;95;11
7;209;7;19888;1
7;32;6;1234;2
7;242;6;13;2
7;242;6;43;1
7;242;7;12;1
7;242;7;13;8
7;242;7;22;1
7;242;7;55;2
7;242;7;70;1
7;30;6;9090;1
7;154;6;2227;1
7;32;7;10000;3
7;67;6;1311;1
7;273;6;4477;2
7;122;6;5511;4
7;196;6;1214;7
7;203;6;2277;3
7;35;7;10777;4
7;257;6;9000;1
7;122;6;96;6
7;87;6;1333;19
7;117;6;2201;1
7;275;6;2255;69
7;116;7;23123;21
7;196;6;5511;8
7;162;7;13555;21
7;94;6;4490;1
7;182;6;2323;1
7;126;5;131;211
7;215;6;4432;1
7;87;6;4001;1
7;68;7;55111;1
7;154;5;131;180
7;282;6;2222;5
7;236;6;2200;1
7;220;6;1111;4
7;282;7;22022;5
7;183;7;22022;2
7;282;7;11113;1
7;208;6;96;10
7;274;7;44027;1
7;242;3;44;67
7;257;6;4490;1
7;257;6;5588;18
7;66;6;4422;8
7;164;7;15001;4
7;136;7;13555;44
7;208;6;1221;1
7;180;7;14014;3
7;287;7;10000;7
7;274;7;12111;2
7;97;7;22222;5
7;67;6;1111;1
7;29;6;5555;1
7;36;6;5567;1
7;137;6;4530;1
7;274;7;44321;14
7;97;6;1020;3
7;257;7;14832;1
7;136;7;10777;1
7;68;6;1214;11
7;66;6;1313;2
7;273;6;4422;16
7;277;7;19888;1
7;257;7;33222;1
7;180;6;14;1
7;180;6;22;1
7;180;6;55;1
7;180;7;12;1
7;180;7;13;7
7;180;7;14;1
7;180;7;45;1
7;180;7;55;2
7;273;6;4455;2
7;27;6;3303;2
7;203;7;13456;1
7;162;6;2222;1
7;203;7;12333;2
7;164;3;44;130
7;68;6;5511;3
7;27;6;1255;1
7;220;6;4410;12
7;105;7;10777;1
7;27;6;2244;9
7;203;7;12999;15
7;219;7;10777;1
7;67;7;12000;2
7;116;7;44777;2
7;219;6;4410;8
7;194;5;131;161
7;164;3;13;138
7;183;7;70007;1
7;274;7;23123;19
7;194;7;12755;1
7;27;6;5050;1
7;87;7;22123;1
7;221;7;44123;1
7;196;6;1333;8
7;67;7;50777;1
7;117;6;1188;1
7;68;6;2299;1
7;29;7;12144;1
7;120;6;3303;1
7;117;3;13;109
7;69;7;33133;3
7;35;7;50013;2
7;126;7;13013;1
7;277;7;13555;17
7;125;3;80;1
7;122;7;44333;1
7;104;6;4422;8
7;32;7;13234;2
7;209;7;45333;1
7;257;6;2200;2
7;117;6;4410;11
7;287;6;5055;1
7;125;7;12111;4
7;235;7;45300;1
7;97;6;1322;1
7;32;6;1020;4
7;35;7;44777;3
7;235;7;44777;1
7;154;7;10000;1
7;122;6;4422;8
7;69;6;4477;1
7;287;7;22222;2
7;287;7;44190;1
7;32;7;10190;1
7;32;6;1016;1
7;134;7;13234;1
7;30;6;5055;1
7;125;7;12000;2
7;183;6;4410;3
7;120;6;1234;1
7;126;6;5599;1
7;36;6;1292;5
7;36;7;44111;2
7;125;7;43333;1
7;125;7;55888;1
7;35;7;12000;2
7;30;7;10777;3
7;134;6;2225;1
7;39;7;22777;1
7;257;6;5013;1
7;87;6;1299;1
7;33;5;96;19
7;70;6;1333;2
7;36;6;1111;2
7;36;7;95;9
7;116;6;95;13
7;274;5;96;21
7;30;6;1000;1
7;27;7;22;3
7;27;7;23;2
7;104;7;55234;1
7;94;6;4410;9
7;94;6;2225;1
7;221;7;10777;12
7;228;7;13258;1
7;196;7;15333;6
7;68;5;555;1
7;104;7;33133;8
7;194;7;70070;1
7;209;6;4499;1
7;196;6;2244;21
7;209;7;13133;1
7;287;7;11111;1
7;228;6;1533;2
7;228;6;1500;1
7;228;3;95;15
7;94;7;12999;2
7;228;6;7040;1
7;274;3;44;134
7;134;6;1234;1
7;69;6;2222;6
7;134;7;10777;1
7;134;6;2277;4
7;137;7;22222;1
7;125;6;1313;6
7;105;7;12111;1
7;71;6;2255;80
7;137;6;1333;5
7;136;7;13131;1
7;136;7;55888;1
7;162;6;3355;1
7;39;6;1214;41
7;29;6;2222;3
7;117;7;33888;2
7;154;7;44321;1
7;287;7;43333;1
7;33;6;5533;3
7;122;7;13133;1
7;182;6;2233;1
7;260;7;33133;10
7;219;7;13555;10
7;154;7;43640;2
7;137;6;4477;2
7;180;5;700;82
7;182;7;15333;7
7;70;6;4000;2
7;221;7;13234;1
7;32;7;22777;5
7;164;7;10;2
7;38;7;10123;1
7;228;7;55678;1
7;125;6;4489;1
7;228;6;2233;5
7;242;6;3380;1
7;88;7;12888;18
7;69;3;96;9
7;260;7;23192;2
7;71;7;14014;2
7;287;6;4412;1
7;69;5;700;58
7;164;7;10777;7
7;196;7;70333;1
7;39;3;12;11
7;32;6;5511;6
7;88;7;12144;1
7;27;7;44321;3
7;66;6;1251;1
7;36;7;15333;12
7;32;7;43640;1
7;196;6;12;1
7;196;6;13;4
7;162;7;22777;2
7;242;7;10000;1
7;68;6;2244;5
7;236;6;1090;1
7;67;5;131;182
7;228;7;33888;5
7;70;7;11999;1
7;30;7;65700;1
7;137;6;1470;3
7;220;5;555;2
7;30;7;55678;2
7;275;7;13222;2
7;275;7;44999;2
7;36;7;50113;1
7;221;7;10124;1
7;236;7;44777;2
7;196;7;12111;1
7;219;6;4029;1
7;274;7;13555;6
7;67;7;33123;1
7;36;6;96;8
7;88;7;12999;13
7;94;7;13555;8
7;97;7;10777;6
7;162;6;5588;19
7;27;7;12000;1
7;134;6;4444;1
7;27;7;33300;1
7;164;6;1010;9
7;164;6;4456;3
7;136;7;15001;4
7;88;6;5533;9
7;105;7;13013;1
7;209;6;1255;1
7;67;7;36192;1
7;66;7;15;1
7;66;6;50;1
7;66;6;70;1
7;66;7;13;9
7;66;7;22;1
7;66;7;23;2
7;66;7;45;1
7;66;7;50;2
7;105;5;131;160
7;219;7;12144;4
7;209;6;4490;3
7;209;6;5588;23
7;242;6;4490;3
7;194;7;45000;1
7;196;6;4422;3
7;120;6;1012;1
7;68;7;65700;1
7;183;7;22123;1
7;287;5;95;11
7;26;6;2222;5
7;209;7;11111;2
7;126;7;44;1
7;126;7;65;1
7;215;6;2255;59
7;126;6;12;1
7;27;6;1415;1
7;116;7;55011;1
7;87;6;2222;7
7;94;6;6513;1
7;94;5;95;8
7;105;7;13555;5
7;67;7;11333;1
7;235;5;555;1
7;39;6;5001;1
7;66;6;2222;7
7;94;7;15333;5
7;117;7;22022;4
7;236;3;16;1
7;116;7;44190;3
7;67;6;5533;4
7;257;6;6565;1
7;242;6;12;2
7;27;5;96;27
7;235;6;4412;2
7;122;6;7077;1
7;164;7;22380;1
7;164;7;44333;2
7;67;7;70;1
7;162;6;2244;2
7;66;7;96;15
7;154;7;12999;15
7;66;7;22222;2
7;66;7;44190;1
7;117;6;6565;1
7;32;7;12123;1
7;67;6;5050;2
7;209;6;2255;92
7;274;7;11111;2
7;39;7;45413;1
7;274;6;6565;1
7;275;7;33882;1
7;275;7;55011;1
7;194;6;4433;1
7;35;6;4533;1
7;203;6;1322;1
7;136;6;2222;7
7;66;7;12888;33
7;282;7;11444;4
7;35;7;44321;9
7;120;7;45555;1
7;282;7;11111;1
7;70;6;2323;1
7;183;6;1213;10
7;282;6;1213;4
7;260;7;65234;1
7;273;7;33133;5
7;68;7;12345;1
7;32;7;13222;3
7;71;7;44321;6
7;180;7;22222;1
7;180;7;44190;2
7;209;7;44777;1
7;154;7;22022;3
7;273;6;1533;1
7;29;3;96;14
7;30;3;44;84
7;66;7;12999;5
7;196;6;2200;2
7;35;5;96;23
7;235;5;131;217
7;196;7;12000;2
7;71;7;10777;2
7;66;7;23192;2
7;94;6;1333;16
7;242;7;22000;1
7;122;7;12111;2
7;122;7;33200;1
7;35;6;6565;1
7;36;6;4410;5
7;71;6;2233;2
7;209;7;10400;3
7;209;6;1221;1
7;209;6;4412;1
7;67;7;22022;4
7;68;6;1234;3
7;71;6;4422;11
7;242;3;12;16
7;104;7;30000;1
7;208;7;13456;1
7;208;7;15888;1
7;31;7;12;3
7;31;7;13;10
7;31;7;22;1
7;120;6;5588;16
7;36;7;23123;12
7;275;6;3303;8
7;88;6;1010;4
7;88;6;4456;3
7;26;6;5001;1
7;33;6;1000;1
7;33;6;1213;14
7;29;3;95;1
7;219;7;22777;1
7;31;7;23123;25
7;164;7;22111;1
7;236;7;13555;3
7;31;7;44027;1
7;162;6;4410;10
7;87;7;70007;3
7;126;6;1232;1
7;282;6;1311;1
7;122;6;1326;1
7;162;3;16;1
7;38;6;2244;2
7;282;6;1010;2
7;136;7;22022;1
7;273;6;5005;2
7;38;6;4456;1
7;221;7;44321;2
7;69;7;44027;3
7;183;6;2244;1
7;120;6;2255;97
7;257;6;1213;12
7;30;7;44100;1
7;117;7;12500;3
7;26;6;2244;6
7;116;6;2123;1
7;66;7;14832;1
7;29;7;10124;1
7;182;5;96;23
7;182;6;1133;1
7;66;3;16;1
7;31;7;45555;1
7;275;7;23123;30
7;208;6;1255;2
7;94;3;95;3
7;68;6;4445;1
7;104;6;2233;1
7;67;7;13131;2
7;67;7;43333;2
7;242;5;555;3
7;27;3;13;159
7;32;7;12144;2
7;164;7;10000;2
7;88;5;131;148
7;287;7;50113;1
7;122;7;44321;2
7;228;7;12144;3
7;126;6;7012;1
7;162;6;3303;5
7;134;7;13222;15
7;122;6;1214;10
7;31;7;44123;2
7;30;6;2299;1
7;194;6;1234;1
7;32;7;65234;4
7;137;6;4455;5
7;196;7;65700;2
7;120;6;1533;2
7;180;6;2299;2
7;66;6;2244;7
7;32;7;55011;2
7;105;7;12222;2
7;219;7;13222;11
7;97;6;2200;2
7;29;7;70007;1
7;87;3;44;74
7;31;5;700;75
7;87;6;6565;1
7;164;6;4422;12
7;260;6;7012;2
7;221;7;70500;2
7;275;7;70369;1
7;208;7;44027;3
7;235;6;13;10
7;235;6;22;3
7;235;6;45;1
7;235;7;10;1
7;235;7;12;3
7;235;7;13;13
7;235;7;22;2
7;235;7;44;1
7;235;7;50;1
7;235;7;70;3
7;236;3;12;17
7;126;3;96;9
7;221;6;5500;1
7;242;6;2233;2
7;120;6;7040;1
7;257;6;4410;8
7;104;7;13222;2
7;104;7;14014;1
7;32;6;2288;2
7;180;7;55011;1
7;39;7;44456;1
7;242;7;22777;1
7;221;5;96;24
7;32;5;95;8
7;203;7;10777;4
7;39;7;55234;3
7;208;7;12999;2
7;277;6;95;16
7;196;5;555;4
7;97;7;44567;1
7;71;5;700;47
7;277;6;1311;1
7;117;5;555;1
7;26;7;23123;27
7;69;6;1122;1
7;116;7;13132;1
7;162;6;2277;1
7;71;7;11113;1
7;68;7;45000;2
7;164;7;11111;4
7;228;7;44123;5
7;26;7;10777;4
7;162;7;12000;2
7;134;6;4488;1
7;69;5;131;187
7;87;5;131;146
7;117;3;44;82
7;87;6;5511;3
7;242;7;13234;1
7;137;7;12190;1
7;137;6;7040;1
7;31;7;45;1
7;31;7;55;1
7;31;6;12;1
7;31;6;13;9
7;31;6;15;1
7;31;6;23;4
7;31;6;65;2
7;31;6;11;1
7;203;3;13;158
7;117;6;1213;20
7;164;7;12888;25
7;274;7;13131;1
7;164;6;2323;1
7;277;3;95;8
7;260;7;33888;2
7;87;7;95;9
7;87;6;1111;1
7;117;6;2222;8
7;38;6;1112;1
7;38;6;7099;1
7;69;7;13555;20
7;182;6;6565;4
7;275;6;1233;1
7;208;6;5001;1
7;126;7;44027;2
7;134;6;45;1
7;67;6;3303;3
7;220;6;5055;3
7;182;7;13234;1
7;287;5;700;50
7;136;7;10190;1
7;235;6;1470;1
7;275;6;12;1
7;275;6;13;3
7;275;6;22;1
7;275;6;23;1
7;275;6;33;1
7;275;7;12;2
7;275;7;13;8
7;275;7;22;3
7;275;7;44;1
7;275;7;45;1
7;275;7;50;1
7;275;7;70;1
7;257;7;13133;2
7;134;7;70222;1
7;277;7;50500;1
7;220;6;4490;1
7;220;6;5588;5
7;221;6;1326;1
7;68;6;1232;1
7;30;6;4000;1
7;209;6;1333;27
7;38;6;5001;1
7;116;6;96;7
7;134;7;13132;3
7;257;3;12;19
7;117;6;3323;1
7;116;6;2200;2
7;137;6;96;9
7;29;6;2210;2
7;203;5;96;29
7;116;7;45333;1
7;26;7;30000;1
7;194;7;13123;1
7;275;7;33888;2
7;104;3;12;16
7;88;6;2222;7
7;31;7;43333;1
7;287;6;1233;1
7;117;7;45000;2
7;36;6;6565;1
7;235;6;4029;2
7;182;6;1333;11
7;235;6;4410;2
7;277;7;12333;1
7;88;7;12000;1
7;236;6;1292;7
7;274;6;1213;15
7;122;7;33133;4
7;68;3;12;14
7;94;7;65700;1
7;136;7;22222;2
7;136;7;44190;1
7;274;7;10190;2
7;236;7;22222;2
7;71;7;33133;1
7;275;6;4410;3
7;287;6;1214;6
7;273;6;1470;3
7;33;7;22123;1
7;68;6;1188;1
7;183;6;2255;120
7;282;6;2255;19
7;97;7;13234;2
7;30;6;4555;1
7;219;7;13;10
7;31;6;4010;1
7;39;6;4447;1
7;134;7;33099;2
7;31;6;1533;3
7;221;6;2288;3
7;68;6;4490;2
7;68;6;5588;16
7;126;6;1333;8
7;275;6;95;13
7;137;6;2255;37
7;220;3;13;94
7;33;6;2277;5
7;209;6;96;12
7;282;7;12888;12
7;183;7;12888;30
7;183;7;13333;1
7;182;6;7077;2
7;273;7;13222;1
7;164;3;95;5
7;120;7;22555;88
7;104;6;95;15
7;208;7;33133;1
7;87;6;1010;5
7;87;6;4456;2
7;39;7;50500;1
7;116;7;23190;1
7;36;7;22777;4
7;196;7;11555;1
7;27;3;12;11
7;39;7;12333;1
7;180;7;50013;1
7;275;7;22556;1
7;209;6;1477;1
7;208;6;5533;2
7;32;6;1470;1
7;208;7;22022;9
7;154;5;700;33
7;117;6;5533;7
7;125;7;13789;2
7;33;6;5555;1
7;66;3;12;12
7;257;6;1533;3
7;228;5;555;3
7;69;7;22777;2
7;196;5;95;14
7;209;7;65234;1
7;29;7;33888;1
7;117;7;12999;5
7;134;6;7040;2
7;30;7;13111;1
7;183;7;44123;1
7;257;7;15001;1
7;260;6;1213;10
7;260;7;44556;1
7;260;6;5511;4
7;208;6;6565;3
7;154;6;1533;9
7;209;6;1233;1
7;182;7;55011;1
7;274;6;3612;1
7;194;6;4456;3
7;36;6;4490;2
7;36;6;5588;5
7;88;6;1020;4
7;94;6;3303;2
7;257;5;131;175
7;66;6;1010;4
7;66;6;4456;5
7;38;6;4444;1
7;275;6;1188;1
7;180;7;22022;2
7;29;7;45123;1
7;260;7;13555;9
7;273;7;65234;1
7;116;6;1123;1
7;215;7;12999;5
7;105;7;33888;5
7;39;7;15333;2
7;68;7;22111;2
7;162;7;12123;1
7;260;6;5055;2
7;194;6;1111;1
7;116;7;55234;1
7;39;6;96;11
7;282;7;15888;1
7;69;7;12999;10
7;38;7;12345;1
7;39;7;12345;1
7;39;7;65013;1
7;137;7;13123;2
7;69;6;5050;1
7;274;6;5055;1
7;242;7;12000;2
7;70;5;131;156
7;275;6;4422;13
7;97;7;15001;9
7;182;6;4077;1
7;120;7;15001;5
7;260;6;1221;1
7;32;6;6565;4
7;69;7;33888;2
7;203;5;555;3
7;164;7;95;9
7;70;7;22555;72
7;208;6;5511;3
7;71;7;50113;1
7;134;6;1313;5
7;26;3;96;15
7;117;7;44321;2
7;209;6;2222;16
7;137;7;12999;1
7;154;6;2277;4
7;275;7;22022;8
7;97;7;12999;6
7;208;3;95;8
7;94;7;12888;18
7;68;6;10;1
7;68;6;12;3
7;68;6;13;3
7;68;6;22;2
7;94;5;131;122
7;209;6;1213;5
7;27;5;700;66
7;88;7;65234;1
7;220;3;96;12
7;136;7;22777;5
7;220;6;4422;1
7;68;7;10190;1
7;122;6;7040;1
7;242;6;1010;3
7;242;6;4456;1
7;67;7;22222;4
7;194;7;11444;13
7;29;6;1213;8
7;209;5;700;68
7;33;7;13222;1
7;33;7;14014;1
7;273;6;5588;53
7;221;7;15556;1
7;219;7;43333;1
7;162;6;1214;17
7;68;7;13133;2
7;39;3;96;14
7;71;6;4012;1
7;180;7;65013;3
7;39;7;13258;2
7;104;7;22222;5
7;104;7;44190;1
7;67;7;13234;1
7;30;7;22380;1
7;32;5;131;202
7;274;6;1010;11
7;31;6;1010;6
7;116;6;1234;1
7;287;7;33133;2
7;236;6;4490;1
7;66;6;7040;1
7;257;6;4444;1
7;236;6;5588;11
7;136;5;131;238
7;116;7;44447;1
7;120;6;2288;2
7;180;6;1177;1
7;125;7;12;1
7;30;7;22555;76
7;182;3;12;14
7;228;6;95;23
7;97;6;2255;90
7;136;6;4447;2
7;87;7;33888;4
7;117;6;2210;3
7;125;6;1251;1
7;116;6;1277;1
7;33;6;4000;1
7;26;6;1213;18
7;260;6;2323;1
7;282;6;96;5
7;116;6;4447;1
7;274;7;33193;1
7;260;6;95;12
7;194;6;4555;1
7;36;7;44321;7
7;219;7;11111;14
7;30;7;13132;2
7;71;6;5533;9
7;71;7;11999;2
7;260;7;10123;1
7;221;6;1500;1
7;221;3;95;6
7;221;7;45;1
7;221;7;55;2
7;221;7;70;1
7;257;7;44321;2
7;220;3;12;7
7;31;6;7040;2
7;125;6;2222;9
7;116;7;22333;1
7;182;6;4422;13
7;136;7;33888;8
7;219;6;5533;3
7;30;7;12330;1
7;125;3;44;98
7;209;6;95;13
7;209;7;45000;1
7;120;6;1112;2
7;273;7;19444;1
7;180;7;13456;3
7;182;7;10;2
7;182;7;11;1
7;182;7;13;10
7;182;7;22;4
7;182;7;55;1
7;182;7;65;1
7;182;6;10;1
7;182;6;13;1
7;203;6;1221;1
7;260;6;2255;80
7;88;6;1233;1
7;71;7;50500;1
7;209;3;13;179
7;126;6;1000;2
7;36;3;96;11
7;194;7;45300;1
7;117;6;4455;2
7;104;7;12144;6
7;27;6;4412;1
7;208;6;5567;1
7;38;7;22222;1
7;36;5;95;9
7;257;6;1010;4
7;162;7;95;10
7;29;7;11113;2
7;29;7;22022;4
7;116;6;1010;2
7;220;7;13;4
7;275;6;1221;1
7;126;7;10000;2
7;88;6;4490;2
7;88;6;5588;1
7;287;6;5533;1
7;203;6;4456;2
7;33;6;3000;1
7;30;6;1500;1
7;209;7;23123;26
7;125;6;2299;1
7;275;6;1323;2
7;194;6;2225;1
7;273;6;1213;8
7;33;7;15001;10
7;120;7;13777;1
7;68;6;6565;1
7;277;7;45123;1
7;120;6;6565;1
7;282;6;1292;2
7;203;6;2288;10
7;35;6;13;2
7;35;6;22;2
7;35;6;23;1
7;35;7;13;5
7;35;7;22;1
7;35;7;44;3
7;94;7;22555;62
7;126;6;1251;2
7;235;6;4447;1
7;116;7;33888;1
7;126;6;1292;6
7;30;3;12;12
7;235;7;23192;4
7;67;6;7040;3
7;219;7;50500;3
7;220;5;95;12
7;215;6;1111;1
7;29;6;1010;3
7;29;6;4456;2
7;219;7;55011;1
7;228;7;12330;2
7;32;6;4410;9
7;260;3;44;84
7;274;7;50113;1
7;275;6;1213;13
7;194;7;70000;3
7;182;6;1470;1
7;236;7;12000;1
7;236;7;14180;1
7;38;7;13222;17
7;287;7;22022;4
7;36;7;11;1
7;36;7;12;3
7;36;7;13;5
7;97;7;12555;1
7;116;6;4410;6
7;27;3;44;94
7;137;6;95;12
7;273;7;15333;4
7;219;7;13234;1
7;196;6;1313;13
7;27;6;1020;2
7;125;7;13555;13
7;71;7;22022;1
7;180;6;2277;6
7;94;7;96;11
7;154;7;13131;1
7;68;6;4410;5
7;282;7;13555;6
7;257;5;96;24
7;208;7;12321;1
7;208;7;33888;2
7;117;7;13222;2
7;67;6;2288;1
7;126;7;45000;3
7;134;6;1213;5
7;70;6;1111;1
7;104;7;10;1
7;104;7;13;9
7;104;7;15;3
7;104;7;19;1
7;104;7;22;2
7;162;6;1533;2
7;31;7;65013;1
7;71;5;95;12
7;287;6;96;3
7;260;6;3323;1
7;88;6;5500;2
7;257;7;10777;3
7;104;6;13;8
7;104;6;15;1
7;104;6;23;1
7;104;6;33;1
7;104;6;45;1
7;97;6;2323;2
7;164;6;4410;12
7;194;6;1323;1
7;71;6;5013;1
7;38;6;5555;2
7;154;6;7012;1
7;182;6;5588;44
7;30;7;33133;5
7;116;7;44321;3
7;26;7;44321;1
7;277;6;4488;1
7;260;3;13;164
7;228;7;44447;1
7;97;7;12300;1
7;97;7;43333;3
7;27;7;12111;1
7;39;6;12;2
7;39;6;13;5
7;39;6;22;1
7;39;6;70;1
7;39;7;11;1
7;39;7;12;3
7;39;7;13;17
7;39;7;15;1
7;39;7;22;4
7;105;6;2244;2
7;67;6;4411;1
7;236;7;13133;1
7;164;7;13222;1
7;31;6;4445;2
7;71;6;4040;1
7;71;7;13222;1
7;164;7;50777;1
7;122;6;1292;1
7;257;6;1221;1
7;275;6;1234;1
7;66;6;7055;1
7;164;6;2255;85
7;30;7;13222;2
7;180;6;2233;2
7;219;6;1213;8
7;183;6;1010;3
7;215;7;23123;51
7;87;6;1213;22
7;282;6;1234;1
7;260;7;44565;1
7;126;7;11444;8
7;31;5;555;1
7;88;7;44321;9
7;273;7;23190;1
7;260;7;50500;1
7;162;6;4555;1
7;31;6;1020;1
7;125;7;10400;1
7;26;7;33888;2
7;120;7;44321;8
7;33;7;22777;4
7;36;7;65234;5
7;221;7;23192;1
7;27;7;50500;1
7;35;6;4490;1
7;221;3;13;150
7;209;7;55011;1
7;220;6;6565;1
7;164;6;2210;1
7;120;6;1214;6
7;287;6;95;14
7;71;7;15001;2
7;134;6;2222;3
7;122;6;6565;1
7;235;6;6565;2
7;220;7;13123;1
7;117;7;22777;4
7;120;6;5555;1
7;208;6;1314;1
7;35;5;555;1
7;69;7;12222;2
7;30;6;1313;12
7;116;7;15333;9
7;203;6;5533;26
7;67;6;4477;1
7;87;5;96;25
7;183;6;5044;1
7;38;6;1201;1
7;257;7;96;4
7;122;7;10190;2
7;154;6;4488;1
7;88;6;1321;1
7;32;6;2211;2
7;67;6;4422;10
7;116;5;555;5
7;38;7;23123;14
7;137;6;2222;5
7;203;6;1000;2
7;134;3;12;11
7;71;6;1020;4
7;39;6;1313;2
7;287;7;13789;1
7;88;6;1470;1
7;97;7;45000;2
7;282;6;2244;5
7;196;3;44;71
7;31;6;2288;4
7;257;6;5044;1
7;120;6;4410;2
7;208;5;95;12
7;126;6;4456;3
7;277;7;12123;1
7;105;6;4489;1
7;273;7;12100;1
7;228;7;22555;61
7;208;3;44;97
7;257;6;5133;1
7;209;6;7040;1
7;104;7;96;6
7;277;7;33133;3
7;134;6;4555;1
7;88;7;96;11
7;180;7;44777;2
7;26;5;700;59
7;180;3;13;124
7;105;6;1299;2
7;221;6;12;1
7;221;6;13;5
7;221;6;22;3
7;221;6;40;1
7;221;6;55;2
7;221;7;10;1
7;221;7;12;1
7;221;7;13;5
7;221;7;15;1
7;221;7;22;4
7;221;7;44;2
7;36;5;96;16
7;94;7;12000;1
7;94;7;23123;18
7;221;6;95;21
7;137;6;1322;2
7;235;3;12;8
7;154;7;12;1
7;154;7;13;9
7;154;7;15;1
7;209;6;1313;8
7;125;7;12144;3
7;30;7;15151;1
7;68;7;13333;2
7;68;7;45;1
7;68;7;70;3
7;219;6;96;16
7;215;7;13133;1
7;194;6;95;6
7;36;5;555;2
7;221;6;4422;11
7;180;7;13131;1
7;183;7;50500;1
7;33;6;7040;3
7;209;5;95;18
7;27;6;1333;16
7;242;7;22380;2
7;104;6;2288;6
7;260;6;2277;6
7;260;7;44321;3
7;208;7;10000;1
7;137;7;11111;3
7;260;3;95;7
7;88;6;1299;1
7;29;7;13123;1
7;105;6;5055;1
7;275;3;13;161
7;71;6;4530;1
7;69;7;22556;1
7;196;7;55678;1
7;162;7;12345;1
7;162;7;65013;1
7;287;7;55678;3
7;122;7;96;5
7;228;7;13789;1
7;120;7;95;11
7;275;6;1292;1
7;35;6;5511;6
7;117;3;96;7
7;277;7;10111;1
7;260;6;1111;4
7;260;7;95;10
7;183;7;33888;9
7;105;3;44;84
7;67;7;65234;3
7;235;7;10124;1
7;260;7;45333;1
7;260;7;13013;1
7;203;7;33133;3
7;29;6;1000;1
7;116;7;13555;18
7;104;7;13456;2
7;35;6;4456;3
7;209;7;12111;2
7;236;3;95;8
7;66;6;2323;3
7;277;6;2323;1
7;203;6;2222;22
7;26;6;2201;1
7;134;6;2323;1
7;260;5;95;15
7;215;6;2233;1
7;154;3;21;1
7;32;7;50013;1
7;26;6;2233;1
7;38;7;13258;4
7;219;7;12000;1
7;27;5;131;181
7;105;6;2277;4
7;117;6;1292;1
7;235;7;44321;10
7;68;7;10400;1
7;180;7;10123;1
7;68;7;11111;5
7;277;6;3303;2
7;277;6;2299;1
7;125;3;12;22
7;66;6;2211;1
7;235;7;13222;3
7;30;7;70321;1
7;137;6;4410;3
7;120;6;2323;2
7;36;6;2244;1
7;137;6;5500;1
7;208;6;33;1
7;208;6;19;1
7;208;6;22;2
7;208;6;23;1
7;208;6;55;1
7;208;7;12;2
7;32;7;44321;8
7;30;6;2277;2
7;66;7;23190;2
7;194;7;70456;1
7;31;7;55678;1
7;134;6;5055;2
7;209;7;12500;1
7;70;6;5533;6
7;36;6;1214;9
7;287;6;1111;1
7;32;6;1000;4
7;242;7;23123;9
7;35;7;22222;3
7;35;7;44190;1
7;26;7;23192;2
7;68;5;700;64
7;235;7;44123;2
7;97;7;44321;4
7;30;6;1222;1
7;273;6;5500;1
7;94;7;12123;1
7;282;6;1233;1
7;27;7;13456;1
7;32;7;12100;1
7;180;6;1277;1
7;105;7;65234;1
7;257;7;13222;1
7;242;7;10777;2
7;116;6;9070;1
7;183;6;4489;2
7;122;7;13222;2
7;122;7;14014;2
7;104;7;22555;92
7;35;6;8080;1
7;66;7;10190;1
7;164;7;13555;7
7;87;3;21;1
7;219;7;12444;1
7;180;7;23192;1
7;87;7;33193;1
7;29;6;4444;1
7;235;5;700;45
7;33;7;12555;2
7;71;6;1010;6
7;71;6;4456;4
7;70;3;96;11
7;208;5;131;195
7;39;7;13133;2
7;105;6;1333;16
7;122;5;96;11
7;274;7;50013;1
7;277;7;10190;1
7;104;7;55555;1
7;273;6;11;1
7;273;6;13;2
7;273;6;20;1
7;116;7;70070;1
7;136;3;12;12
7;275;7;70007;1
7;196;6;1251;2
7;87;7;13789;1
7;257;6;2277;3
7;136;6;1000;2
7;68;6;1588;1
7;68;6;96;12
7;67;7;23123;28
7;31;7;65234;5
7;182;6;1111;1
7;26;6;4455;3
7;260;7;22555;84
7;203;5;95;19
7;122;5;700;65
7;126;3;44;88
7;105;7;44111;1
7;105;6;1292;4
7;87;6;2200;3
7;117;6;2200;4
7;209;6;2200;3
7;36;6;4433;1
7;260;6;7040;3
7;120;7;12999;14
7;154;6;2288;1
7;67;7;70007;1
7;273;7;22777;1
7;125;6;5050;1
7;208;7;13555;39
7;94;7;55011;3
7;282;3;12;14
7;97;6;4530;1
7;242;7;15001;1
7;194;6;1533;7
7;208;7;10123;1
7;94;3;44;69
7;228;7;33456;4
7;36;7;44777;2
7;39;6;1251;3
7;39;7;14888;1
7;104;6;1470;3
7;30;6;4022;1
7;68;7;22777;2
7;38;7;11;1
7;154;6;1213;7
7;38;7;12;6
7;38;7;13;12
7;38;7;14;2
7;38;7;15;2
7;38;7;19;1
7;38;7;22;4
7;38;7;44;2
7;38;7;55;1
7;38;7;70;3
7;38;6;11;1
7;66;6;1214;9
7;219;6;7040;1
7;39;7;13555;32
7;273;5;160;1
7;203;6;4489;2
7;287;5;555;1
7;196;7;96;10
7;134;6;11;1
7;134;6;12;3
7;134;6;13;1
7;164;7;13138;1
7;219;6;1214;10
7;215;6;95;9
7;215;7;45000;3
7;277;6;5555;1
7;116;6;1311;3
7;236;7;95;14
7;236;6;1111;1
7;180;6;2288;4
7;35;6;1111;3
7;120;6;4040;1
7;120;7;13222;3
7;183;3;44;81
7;35;7;12123;2
7;274;6;4456;11
7;236;7;15333;6
7;104;6;1322;3
7;27;6;4456;1
7;260;6;2200;3
7;228;3;13;148
7;137;7;12111;3
7;70;7;80180;1
7;277;6;2200;1
7;69;6;1333;18
7;39;7;13789;4
7;26;6;4489;1
7;277;7;12888;25
7;277;7;13333;1
7;33;7;13131;1
7;33;7;43333;1
7;120;7;13555;9
7;87;6;1232;1
7;36;6;1000;1
7;26;7;43143;1
7;287;6;1580;1
7;273;7;12144;4
7;117;5;131;131
7;87;6;4477;2
7;220;7;70007;1
7;38;7;12999;1
7;136;6;2244;25
7;228;7;65234;9
7;154;7;12888;13
7;275;7;10123;1
7;105;7;22022;2
7;273;6;1020;1
7;87;6;5500;2
7;162;6;2210;1
7;67;7;10400;1
7;94;6;6565;1
7;33;6;1313;6
7;68;5;95;15
7;97;6;4456;3
7;122;7;13555;10
7;69;6;2255;86
7;196;6;4555;1
7;66;7;12222;2
7;182;6;95;12
7;215;7;44543;2
7;162;6;4455;1
7;242;6;5001;2
7;236;7;45333;2
7;182;3;13;148
7;277;6;1090;1
7;29;6;5055;1
7;117;6;1470;1
7;209;6;1470;5
7;164;7;50500;2
7;134;7;12;1
7;134;7;13;12
7;134;7;22;1
7;134;7;23;1
7;134;7;55;1
7;88;7;33888;3
7;235;6;2227;1
7;30;6;2222;6
7;70;6;1233;1
7;164;7;23123;35
7;104;6;1533;3
7;182;7;15120;2
7;126;3;95;5
7;228;7;12000;1
7;220;7;33888;3
7;235;6;4456;2
7;235;6;1010;2
7;137;6;1020;3
7;260;7;10000;1
7;215;3;12;3
7;277;7;44321;5
7;228;7;55333;1
7;273;7;13555;12
7;26;7;44111;1
7;260;7;13234;2
7;32;7;13;15
7;32;7;15;2
7;32;7;22;2
7;32;7;23;1
7;32;7;33;1
7;32;7;44;1
7;32;7;70;1
7;209;7;10000;1
7;209;7;44123;1
7;126;6;2022;1
7;162;7;23192;2
7;26;7;22444;1
7;105;3;13;148
7;88;3;21;1
7;38;6;2222;8
7;32;7;65700;2
7;180;6;2266;1
7;180;6;1111;1
7;228;6;2023;2
7;180;7;10400;1
7;236;6;2288;8
7;274;6;2299;1
7;29;5;555;1
7;126;7;55888;1
7;154;6;95;6
7;228;7;44321;4
7;126;7;33123;1
7;209;7;23192;3
7;208;6;1470;4
7;117;7;70000;1
7;180;7;22123;1
7;180;6;5013;1
7;33;7;45413;1
7;39;7;55222;4
7;194;7;44190;2
7;242;7;23190;1
7;125;5;96;25
7;125;7;45000;1
7;180;7;55678;2
7;31;7;33789;1
7;32;7;33193;1
7;30;3;96;15
7;282;7;90000;1
7;274;7;14014;4
7;274;7;44999;2
7;122;7;70;1
7;122;6;12;1
7;122;6;13;1
7;162;5;555;2
7;33;7;96;11
7;38;7;12000;1
7;122;7;10400;2
7;87;5;555;1
7;125;6;4490;3
7;282;6;1333;1
7;196;6;1155;1
7;134;7;13789;1
7;242;6;4012;1
7;105;6;5588;5
7;183;6;13;2
7;183;6;22;1
7;116;6;1020;3
7;183;6;23;1
7;183;6;44;2
7;183;7;12;2
7;183;7;13;10
7;183;7;22;4
7;183;7;36;1
7;183;7;45;1
7;183;7;55;1
7;282;6;23;2
7;282;7;11;1
7;282;7;12;1
7;282;7;13;1
7;282;7;15;1
7;282;7;70;1
7;209;6;4410;8
7;164;6;12;1
7;29;7;44321;3
7;208;6;4432;1
7;182;7;70007;1
7;282;7;10123;2
7;30;6;7040;2
7;27;7;22555;85
7;236;7;30000;1
7;137;3;95;7
7;208;6;4488;1
7;194;5;95;11
7;164;7;33888;1
7;117;6;4441;1
7;180;7;12888;18
7;94;6;1214;5
7;164;7;12999;3
7;116;7;13123;2
7;208;7;11111;1
7;26;6;2277;4
7;136;6;96;12
7;31;6;4410;5
7;88;7;22101;1
7;287;6;2288;2
7;287;7;50500;1
7;116;7;22222;5
7;194;6;4530;2
7;70;7;10190;2
7;120;6;2200;3
7;203;3;44;109
7;136;5;160;1
7;260;6;1470;2
7;116;7;65192;1
7;70;6;1016;1
7;257;6;1055;2
7;287;6;4410;4
7;228;6;1214;17
7;236;6;4412;1
7;88;3;95;8
7;30;7;13555;11
7;116;7;10000;3
7;221;7;13138;1
7;66;6;1470;3
7;287;6;1000;6
7;120;7;23;1
7;120;7;40;2
7;120;7;44;1
7;120;7;55;1
7;120;7;70;3
7;209;7;70070;1
7;105;7;12144;2
7;134;7;22777;4
7;26;6;4490;2
7;26;6;5588;10
7;274;5;131;164
7;120;6;1313;9
7;235;7;15333;8
7;136;3;95;8
7;219;6;1010;5
7;257;7;22222;2
7;257;7;44190;3
7;117;7;15333;5
7;27;6;7012;2
7;221;6;1299;1
7;228;7;10190;4
7;38;7;44456;1
7;39;5;95;9
7;104;7;13100;1
7;117;6;2277;6
7;69;7;96;7
7;67;6;1020;1
7;126;6;1214;38
7;105;5;95;12
7;105;7;11111;1
7;66;7;45300;1
7;104;7;11222;1
7;180;6;4456;8
7;236;6;7040;2
7;104;7;13234;1
7;183;6;1533;3
7;69;7;15151;1
7;66;6;1221;2
7;26;7;65234;5
7;120;7;12000;1
7;277;7;22777;3
7;182;6;5511;8
7;88;6;2300;1
7;69;6;2233;1
7;236;7;44111;2
7;31;3;96;17
7;162;7;13222;3
7;33;6;2255;89
7;136;7;44543;1
7;39;7;44;1
7;39;7;70;1
7;260;5;555;5
7;104;7;55999;1
7;275;6;2323;5
7;38;7;45333;2
7;220;7;33789;1
7;67;3;95;7
7;228;7;12111;3
7;35;3;13;142
7;70;3;44;68
7;162;7;33133;10
7;31;7;13133;2
7;221;7;45123;1
7;162;6;1233;1
7;273;6;3303;3
7;194;6;4455;15
7;71;5;96;31
7;282;7;22777;10
7;183;7;22777;1
7;94;7;15888;1
7;36;7;13123;1
7;137;3;12;23
7;71;6;5555;1
7;31;6;5522;1
7;31;6;95;12
7;104;6;4490;1
7;104;6;5588;19
7;69;7;23123;28
7;196;6;4410;4
7;116;6;4444;1
7;196;6;2201;1
7;136;6;4490;1
7;136;6;5588;10
7;26;7;13123;1
7;36;7;12144;2
7;70;6;4444;2
7;105;7;22700;2
7;208;6;2211;4
7;126;7;55222;3
7;29;5;96;16
7;32;6;2323;1
7;273;7;22555;58
7;26;7;95;15
7;164;7;44190;1
7;277;7;22555;74
7;66;5;700;60
7;137;7;22777;13
7;87;6;95;11
7;209;6;1533;7
7;87;7;44321;9
7;33;6;3303;3
7;68;6;5001;1
7;68;7;12123;1
7;183;7;11333;1
7;221;7;22222;1
7;31;6;4422;9
7;104;7;40;1
7;104;7;44;1
7;104;7;45;1
7;104;7;50;1
7;104;7;70;2
7;104;6;10;1
7;104;6;12;1
7;126;7;11111;1
7;257;7;15333;6
7;180;6;1213;30
7;39;6;2233;6
7;32;7;11111;1
7;29;7;40777;1
7;134;5;700;31
7;221;7;12333;1
7;154;6;2222;4
7;69;7;13789;1
7;29;6;4010;1
7;183;6;1333;14
7;33;6;4004;1
7;134;6;2299;1
7;69;6;1214;8
7;120;7;33789;1
7;87;6;3300;1
7;220;7;11000;1
7;242;6;6565;6
7;208;7;95;11
7;27;6;2022;1
7;87;3;12;18
7;26;6;95;17
7;26;7;45000;3
7;125;6;5511;4
7;182;7;44123;2
7;236;5;96;34
7;104;7;44321;3
7;97;3;12;15
7;38;6;5533;2
7;68;7;44333;2
7;120;6;4447;1
7;70;7;22000;6
7;36;5;700;50
7;29;6;1221;3
7;215;7;70222;1
7;68;6;1010;7
7;68;6;4456;1
7;117;7;96;3
7;220;3;44;59
7;29;6;96;12
7;67;6;5588;21
7;209;3;12;18
7;126;6;1010;2
7;105;6;4010;1
7;208;6;1269;1
7;194;3;95;6
7;196;6;2222;7
7;120;5;555;2
7;116;7;12111;5
7;220;7;22556;1
7;162;6;4444;2
7;26;7;12144;2
7;88;3;96;14
7;275;6;1333;19
7;88;6;95;13
7;68;3;44;90
7;208;6;1010;3
7;208;6;4456;2
7;228;6;4456;3
7;228;6;1010;9
7;260;7;11111;3
7;182;7;44777;1
7;154;6;1292;4
7;122;6;22;2
7;87;7;50180;1
7;97;7;10124;1
7;30;7;23123;21
7;137;6;1213;11
7;236;7;23123;20
7;219;6;4422;8
7;36;7;10000;3
7;36;3;44;64
7;122;7;44040;1
7;31;6;4000;1
7;162;7;44333;2
7;275;6;7012;1
7;126;6;13;4
7;126;6;15;1
7;126;6;22;2
7;126;6;23;1
7;126;6;55;1
7;33;6;1533;2
7;66;7;12111;3
7;29;6;1533;1
7;183;6;5533;20
7;71;7;45555;1
7;125;7;10190;3
7;209;7;44020;1
7;209;7;96;11
7;164;7;22;3
7;164;7;12;1
7;164;7;13;7
7;164;7;15;1
7;164;7;43;1
7;164;7;44;1
7;164;7;70;2
7;69;7;65234;2
7;87;7;44190;1
7;87;7;22222;3
7;277;6;1214;13
7;30;7;44190;2
7;164;6;4444;1
7;257;7;23192;2
7;203;7;10222;1
7;126;6;96;8
7;235;6;1214;9
7;180;6;2222;14
7;104;7;10190;2
7;136;7;12000;1
7;30;7;13013;1
7;66;7;22555;82
7;68;6;1122;1
7;126;7;13222;21
7;235;6;4490;1
7;235;6;5588;9
7;117;7;10000;1
7;26;6;2288;3
7;208;6;1292;4
7;26;7;13234;2
7;33;7;13013;1
7;215;3;95;6
7;137;7;10000;4
7;29;6;4422;6
7;277;7;44777;1
7;228;7;44555;1
7;87;6;4410;7
7;27;6;11;1
7;27;6;12;3
7;27;6;13;6
7;27;6;23;1
7;27;6;44;2
7;27;6;50;1
7;27;6;55;1
7;27;6;65;1
7;27;7;12;3
7;27;7;13;8
7;105;6;1322;1
7;182;7;44333;1
7;35;6;5007;1
7;69;5;555;5
7;277;7;11111;1
7;221;6;1313;5
7;236;6;4441;1
7;69;7;12500;1
7;31;6;4432;1
7;221;7;70000;1
7;29;7;13555;7
7;260;6;4488;1
7;242;7;22222;1
7;29;7;13132;2
7;228;6;96;16
7;136;6;2277;4
7;164;7;13133;1
7;29;7;12888;18
7;287;7;13133;1
7;87;3;95;5
7;235;7;23123;22
7;137;7;96;11
7;257;3;96;15
7;117;6;1214;6
7;203;6;1313;3
7;257;7;12144;3
7;30;7;13234;2
7;203;7;12888;35
7;68;6;2255;86
7;32;6;95;7
7;105;7;15333;9
7;27;7;12444;2
7;29;7;14014;1
7;29;7;44999;1
7;33;3;13;188
7;94;5;700;53
7;235;7;96;12
7;257;7;22522;1
7;257;7;12111;3
7;38;6;1010;2
7;35;6;5055;2
7;257;7;65000;1
7;182;6;1010;12
7;182;6;4456;5
7;97;6;4445;1
7;32;7;55678;1
7;30;7;10000;1
7;116;7;33133;5
7;29;7;10777;3
7;274;6;2222;20
7;126;5;95;9
7;219;6;1533;10
7;282;5;131;83
7;68;6;1213;11
7;70;7;10000;1
7;183;6;4422;25
7;117;7;10190;2
7;126;6;7069;1
7;221;6;2222;5
7;29;7;33700;1
7;120;7;22222;1
7;35;3;44;68
7;134;7;13013;1
7;134;7;45333;1
7;104;7;45999;2
7;31;7;12123;2
7;122;7;22194;1
7;260;7;22000;1
7;228;6;6565;1
7;122;6;4410;2
7;87;6;4490;1
7;87;6;5588;3
7;257;7;70070;1
7;31;6;1500;1
7;38;6;4410;5
7;203;7;13222;2
7;203;7;14014;6
7;87;6;2207;1
7;183;5;131;196
7;183;6;7012;1
7;183;6;2210;1
7;220;6;2255;44
7;26;6;1333;12
7;39;7;96;9
7;38;7;12888;17
7;26;7;33123;1
7;31;3;12;20
7;122;7;12300;1
7;32;7;15333;5
7;182;7;45000;1
7;194;6;1818;1
7;273;6;1313;1
7;180;5;131;146
7;209;6;1251;1
7;242;7;13258;2
7;122;6;2222;9
7;274;7;13133;1
7;88;5;555;8
7;104;6;1214;8
7;183;7;10777;1
7;194;7;23190;2
7;215;6;1000;2
7;242;7;33133;1
7;275;7;13100;1
7;235;7;22222;3
7;235;7;44190;1
7;29;6;1313;7
7;221;5;95;12
7;30;7;90684;1
7;30;7;22022;3
7;97;7;50444;1
7;275;6;7069;1
7;126;7;50013;2
7;182;6;1213;8
7;68;6;1020;2
7;236;6;2222;12
7;126;6;4490;3
7;105;7;12888;24
7;105;7;13333;1
7;33;3;95;7
7;277;7;50444;1
7;29;6;5511;1
7;70;7;13131;1
7;87;7;44567;1
7;134;6;1111;7
7;134;7;95;9
7;125;7;36192;1
7;116;7;13777;1
7;30;7;90015;1
7;68;7;15001;10
7;182;7;15151;1
7;26;6;4456;2
7;32;7;15888;2
7;164;7;22999;1
7;117;7;33133;5
7;68;7;12000;3
7;31;7;12111;2
7;125;7;13123;1
7;183;7;10190;1
7;282;6;1016;2
7;194;6;7040;1
7;183;6;1214;13
7;282;6;1214;8
7;257;6;2244;1
7;116;3;44;95
7;164;7;44777;1
7;120;6;2225;1
7;120;7;44777;1
7;125;7;23192;3
7;117;6;7012;1
7;209;6;7012;3
7;36;7;14832;1
7;242;6;5055;1
7;36;6;5533;9
7;66;5;96;34
7;274;6;96;11
7;126;7;22222;1
7;32;7;12111;1
7;94;7;44690;1
7;235;7;10123;1
7;221;7;12144;7
7;35;7;45333;1
7;26;6;5555;1
7;136;5;700;41
7;97;6;1533;5
7;274;6;1033;1
7;116;7;65234;2
7;126;6;2222;9
7;235;6;95;16
7;235;7;45000;1
7;236;6;2210;3
7;236;3;44;105
7;94;6;1010;5
7;68;7;13555;12
7;38;6;1313;1
7;26;7;50500;1
7;69;5;95;22
7;182;7;44321;9
7;134;6;2255;84
7;221;7;10123;1
7;242;6;7040;2
7;220;7;10555;1
7;30;7;12999;5
7;36;3;21;2
7;209;6;1214;14
7;257;7;22556;1
7;88;6;96;9
7;126;7;13789;5
7;88;6;4420;1
7;203;7;45000;1
7;87;7;12888;23
7;66;6;7012;4
7;236;7;12111;2
7;68;7;10122;1
7;182;3;44;80
7;69;6;2244;2
7;30;6;4410;8
7;35;7;23123;13
7;260;6;4447;5
7;66;6;4455;2
7;39;5;555;3
7;116;7;96;7
7;208;6;1322;4
7;87;6;2277;1
7;136;7;13789;1
7;67;6;1010;11
7;67;6;4456;4
7;274;6;4410;2
7;104;6;2244;3
7;219;7;11444;2
7;30;7;13133;1
7;180;7;11111;1
7;287;6;4433;1
7;122;6;5533;4
7;180;7;70007;1
7;180;5;95;6
7;66;7;15333;9
7;94;6;2277;4
7;260;6;1214;11
7;66;6;1299;1
7;228;7;15001;1
7;242;6;1251;1
7;26;6;1251;1
7;116;7;22555;93
7;88;6;1292;6
7;220;6;4000;1
7;282;3;44;44
7;39;6;1020;1
7;39;7;12888;24
7;35;7;10123;1
7;120;5;700;53
7;277;6;1533;7
7;236;6;1214;9
7;88;6;1111;3
7;71;6;6565;6
7;26;6;5533;4
7;134;7;13123;1
7;69;6;1323;1
7;236;7;15001;1
7;242;7;14444;1
7;221;6;96;5
7;38;7;12500;1
7;180;3;96;10
7;94;5;96;27
7;69;6;2210;1
7;29;7;33300;1
7;39;6;1333;11
7;260;6;4456;5
7;122;3;12;19
7;68;6;5599;2
7;67;7;22555;73
7;277;6;1333;11
7;70;7;15001;2
7;27;7;23192;2
7;27;7;12999;9
7;137;7;44776;1
7;26;7;12888;19
7;26;7;22777;6
7;27;7;10400;1
7;32;6;5044;1
7;70;6;5055;1
7;183;7;96;11
7;215;7;22555;43
7;125;7;13456;1
7;125;7;15888;1
7;221;6;7055;1
7;220;7;95;5
7;126;7;65013;1
7;38;3;44;47
7;180;3;95;3
7;180;7;33888;6
7;125;7;22555;97
7;275;7;12300;1
7;120;7;22777;13
7;67;6;4412;1
7;33;7;12144;6
7;29;6;4447;1
7;287;7;12888;18
7;30;6;4447;2
7;228;7;22222;2
7;242;7;33888;1
7;122;7;15151;1
7;221;6;4400;1
7;38;7;13555;39
7;36;6;4432;1
7;66;6;1533;2
7;35;6;1010;7
7;236;5;131;164
7;236;5;700;72
7;122;7;11111;1
7;126;6;1470;3
7;242;3;13;176
7;87;6;1214;10
7;94;6;3323;1
7;287;6;1020;1
7;39;6;1221;2
7;69;6;1020;2
7;275;6;2277;4
7;134;6;4422;3
7;122;7;15888;1
7;29;7;12;3
7;29;7;13;9
7;29;7;15;1
7;29;7;22;4
7;29;7;23;1
7;29;7;70;3
7;29;6;10;1
7;29;6;12;4
7;29;6;13;4
7;29;6;65;1
7;29;6;70;1
7;31;7;13555;16
7;242;7;13555;46
7;164;7;15333;6
7;126;6;5511;4
7;33;7;23123;20
7;208;6;3380;1
7;31;6;2255;78
7;236;7;44144;1
7;97;6;4447;1
7;282;6;4455;4
7;275;7;10190;2
7;30;7;13123;2
7;136;6;2255;117
7;277;7;33033;1
7;36;7;15;1
7;36;7;22;2
7;36;7;23;1
7;68;6;2277;1
7;29;6;5599;1
7;104;7;55888;1
7;180;6;96;7
7;68;7;22555;72
7;137;7;44321;3
7;31;7;15151;1
7;277;7;44027;1
7;236;7;44321;8
7;274;7;22555;101
7;70;6;2255;80
7;208;7;70222;1
7;236;7;44027;1
7;94;7;44321;1
7;33;7;22022;1
7;126;6;5055;1
7;39;6;2222;5
7;87;3;96;18
7;67;3;13;157
7;162;5;131;163
7;67;6;12;1
7;67;6;13;4
7;67;6;23;1
7;67;6;65;1
7;257;7;45333;1
7;257;7;13013;1
7;26;7;22333;1
7;194;7;12888;8
7;105;5;700;61
7;219;5;96;24
7;105;6;1214;11
7;27;7;13555;8
7;287;7;43640;1
7;273;6;7040;1
7;35;5;700;58
7;97;7;70222;1
7;26;7;10000;2
7;208;6;2277;3
7;221;3;12;8
7;275;6;4456;3
7;221;6;1221;2
7;220;7;12222;1
7;154;6;6565;1
7;97;6;1292;4
7;38;6;2288;1
7;69;6;1251;1
7;32;6;1292;7
7;208;7;55678;1
7;105;7;12500;1
7;162;3;96;15
7;29;7;12000;1
7;122;6;1020;1
7;236;7;12999;10
7;97;6;3303;2
7;26;6;4433;1
7;277;6;6565;1
7;36;7;33888;1
7;208;7;11444;2
7;97;7;11113;1
7;97;7;22022;3
7;87;7;14832;1
7;203;7;12600;1
7;277;7;12144;4
7;31;7;33033;1
7;275;5;700;76
7;220;6;1251;3
7;274;7;22777;2
7;136;7;12;3
7;136;7;13;15
7;136;7;14;1
7;136;7;15;1
7;136;7;22;7
7;136;7;23;2
7;136;7;44;2
7;136;7;45;2
7;136;7;70;1
7;117;6;1221;2
7;242;7;12333;1
7;182;6;1000;1
7;215;7;22022;1
7;126;6;2323;2
7;120;7;12888;32
7;105;6;1111;2
7;287;6;5013;1
7;134;5;555;1
7;71;7;65234;7
7;180;6;1000;1
7;194;6;2222;4
7;27;6;2288;2
7;274;6;4477;1
7;71;7;12333;1
7;69;7;65700;1
7;125;6;11;1
7;125;6;12;1
7;125;6;13;4
7;183;3;95;16
7;134;6;4410;26
7;228;6;4012;1
7;136;6;4433;1
7;120;3;44;67
7;260;6;4410;10
7;27;7;13258;1
7;275;6;4477;2
7;287;6;7012;1
7;257;7;22111;1
7;137;7;43333;3
7;196;7;13456;3
7;196;7;15888;1
7;274;7;12144;4
7;235;7;13456;3
7;209;7;15333;5
7;209;5;96;23
7;122;6;5055;1
7;29;7;44333;1
7;136;7;13100;1
7;87;6;7011;1
7;38;6;1292;2
7;120;6;1311;1
7;71;7;10400;1
7;35;7;13555;12
7;36;6;1313;6
7;33;7;22555;81
7;38;6;6565;4
7;235;7;33222;1
7;35;3;12;14
7;136;7;11111;2
7;125;6;5013;1
7;162;6;2200;10
7;242;5;95;12
7;71;6;4489;1
7;105;7;95;13
7;236;6;96;15
7;104;6;2255;82
7;88;6;1221;1
7;87;6;2288;2
7;242;7;33789;1
7;105;7;12555;1
7;71;7;12111;1
7;70;7;33888;9
7;67;7;11111;1
7;70;7;15678;1
7;69;7;12;3
7;69;7;13;7
7;69;7;22;3
7;69;7;23;1
7;69;7;45;1
7;69;7;55;2
7;69;7;70;4
7;26;6;4447;1
7;117;6;1333;12
7;70;7;12144;1
7;203;7;12114;1
7;134;6;5555;2
7;221;7;13555;4
7;242;7;55222;4
7;94;7;10777;7
7;70;5;95;7
7;277;6;4000;1
7;257;6;2201;2
7;117;7;11444;1
7;282;7;12999;2
7;183;7;12999;10
7;257;6;1233;1
7;38;6;2255;89
7;137;7;44333;4
7;260;6;1010;9
7;71;6;1311;1
7;282;3;13;71
7;236;6;1331;2
7;116;6;1500;3
7;31;7;22022;1
7;87;6;1000;2
7;70;7;13258;1
7;235;6;12;1
7;33;6;1188;1
7;282;7;43333;2
7;282;6;5588;22
7;194;5;700;63
7;220;6;1214;30
7;182;6;1112;1
7;69;6;5055;1
7;274;6;1214;13
7;183;6;4555;1
7;87;7;13123;1
7;277;6;4410;7
7;104;7;13131;1
7;208;7;23123;21
7;273;6;6565;1
7;30;6;1188;1
7;104;6;1333;8
7;242;6;1533;9
7;31;7;95;12
7;68;7;70677;1
7;39;7;95;8
7;242;6;2211;1
7;39;7;12111;1
7;69;6;96;9
7;116;6;1214;16
7;29;7;15333;6
7;235;7;95;14
7;235;6;1111;6
7;31;7;12000;1
7;221;6;7011;1
7;221;7;90909;1
7;30;5;131;188
7;88;7;44333;1
7;228;7;15333;11
7;38;6;1020;1
7;120;6;1221;1
7;117;7;22222;5
7;117;7;44190;1
7;31;7;12888;38
7;126;7;12888;18
7;182;7;44999;1
7;136;6;1333;12
7;66;7;13222;3
7;66;7;14014;3
7;136;7;65234;1
7;68;7;11113;1
7;33;7;10124;1
7;182;6;1201;1
7;29;7;12222;1
7;29;7;70345;1
7;235;7;22555;70
7;94;6;1016;1
7;33;6;1470;1
7;71;7;70699;1
7;260;7;90684;1
7;260;6;2288;10
7;32;7;55888;1
7;194;7;12000;3
7;275;7;12999;7
7;209;6;5050;1
7;125;6;4447;1
7;164;7;13789;1
7;242;3;95;5
7;209;6;5533;4
7;125;6;1221;1
7;36;7;40;1
7;32;6;1010;7
7;32;6;4456;5
7;105;6;7011;2
7;136;6;1533;4
7;219;6;4013;1
7;215;7;45300;1
7;122;6;4432;1
7;215;7;12888;5
7;236;6;5533;17
7;275;6;3000;1
7;273;7;95;5
7;105;7;14014;3
7;105;7;13222;1
7;208;6;1213;5
7;242;7;33456;1
7;180;7;22555;82
7;88;7;45333;1
7;87;7;33133;3
7;277;6;1000;2
7;154;7;55111;1
7;136;6;1214;9
7;275;7;22555;70
7;87;7;23123;13
7;120;6;2222;7
7;117;6;4490;1
7;117;6;5588;12
7;282;3;96;7
7;180;7;12000;1
7;154;6;5511;3
7;71;7;12999;10
7;116;7;10190;1
7;66;7;13258;1
7;274;7;55011;1
7;219;6;5511;2
7;104;6;3333;1
7;137;7;12;5
7;137;7;15;1
7;137;7;22;1
7;137;7;23;1
7;137;7;44;1
7;137;7;70;2
7;137;6;10;1
7;137;6;12;5
7;137;6;13;3
7;137;6;15;2
7;137;6;22;1
7;137;6;23;4
7;137;6;55;2
7;137;6;70;1
7;196;6;5533;7
7;277;7;22022;3
7;215;6;2299;1
7;196;7;23123;18
7;215;5;131;107
7;215;7;96;5
7;71;7;22777;13
7;27;3;21;2
7;39;6;95;12
7;36;6;95;10
7;260;6;1313;4
7;196;6;2299;1
7;235;5;96;28
7;209;6;1515;1
7;208;7;12123;1
7;120;6;1292;2
7;68;7;50777;1
7;164;7;22222;4
7;182;7;43640;1
7;126;7;23123;14
7;71;7;23123;11
7;39;6;2244;1
7;154;7;22777;5
7;287;6;1333;10
7;68;6;1299;1
7;228;3;96;19
7;274;6;1000;2
7;27;7;44;2
7;27;7;55;1
7;27;7;70;1
7;196;6;1311;8
7;87;6;2201;1
7;116;7;50113;1
7;105;7;44027;1
7;68;7;12144;6
7;219;6;12;1
7;219;6;13;8
7;219;6;22;1
7;219;6;23;1
7;219;6;33;1
7;219;7;11;1
7;87;7;19333;1
7;122;6;1234;2
7;260;7;12330;2
7;236;6;5511;6
7;220;6;2201;1
7;36;6;1221;1
7;30;6;2244;2
7;67;6;5511;12
7;162;6;1213;11
7;126;7;13131;1
7;273;6;1123;1
7;134;6;33;1
7;125;7;44321;5
7;68;6;2288;5
7;180;7;13555;10
7;228;6;4530;1
7;209;6;4422;10
7;87;7;22556;2
7;87;6;5055;1
7;67;6;5005;2
7;70;5;96;23
7;104;7;50500;6
7;126;7;11;2
7;126;7;12;1
7;126;7;13;10
7;126;7;14;1
7;126;7;22;6
7;273;7;44123;1
7;136;7;13133;2
7;275;6;1470;3
7;66;3;80;2
7;274;6;1314;1
7;235;6;1212;1
7;31;6;1369;2
7;164;6;5511;10
7;31;7;10190;1
7;183;6;2225;1
7;287;7;13222;1
7;120;7;11000;1
7;33;7;44321;1
7;274;6;2033;1
7;26;5;95;12
7;97;7;70000;1
7;105;6;5511;3
7;26;7;13555;17
7;137;6;1233;2
7;194;7;22556;1
7;162;6;1470;7
7;97;3;44;86
7;35;3;21;1
7;33;6;1234;1
7;154;7;11111;19
7;27;7;65234;4
7;136;6;1213;19
7;30;7;33888;2
7;287;6;1313;2
7;39;7;55678;1
7;68;6;1313;9
7;66;7;33133;3
7;209;7;50444;1
7;31;6;1214;12
7;275;7;45111;1
7;36;6;12;3
7;36;6;13;3
7;36;6;22;1
7;36;6;50;1
7;183;7;12144;5
7;208;3;96;9
7;69;6;5500;1
7;137;7;45000;1
7;228;6;4447;1
7;68;7;33133;7
7;33;6;95;13
7;33;7;65234;5
7;30;7;12111;5
7;116;7;13133;1
7;275;7;22222;2
7;26;5;131;205
7;162;7;45300;1
7;88;7;23123;19
7;182;6;2244;2
7;29;7;15001;2
7;116;7;11444;1
7;136;7;50123;1
7;260;7;23123;24
7;68;3;96;13
7;125;5;95;18
7;236;6;1213;16
7;277;6;4490;1
7;277;6;5588;22
7;105;7;12600;1
7;275;6;1020;2
7;287;3;95;4
7;35;5;95;12
7;125;5;131;195
7;242;7;12111;1
7;220;7;12123;1
7;235;6;2200;4
7;215;7;33133;6
7;137;7;13132;1
7;196;7;44447;1
7;88;7;44040;1
7;38;5;131;202
7;221;7;95;14
7;70;6;1522;1
7;215;6;50;1
7;208;7;12144;1
7;122;3;13;116
7;116;6;3303;1
7;287;5;131;106
7;242;6;2244;1
7;88;7;10000;2
7;31;6;1000;1
7;182;3;95;9
7;70;6;1234;1
7;235;6;2222;11
7;215;6;1213;3
7;88;7;11111;1
7;26;7;96;10
7;30;6;2225;2
7;69;7;11999;2
7;71;7;33888;6
7;87;6;2244;2
7;33;6;4410;8
7;162;6;4411;1
7;122;6;1055;1
7;32;6;12;1
7;32;6;13;4
7;32;6;23;2
7;32;6;33;1
7;32;6;40;1
7;32;6;44;1
7;32;6;70;1
7;180;7;10777;3
7;235;6;1255;1
7;182;7;43333;3
7;183;7;13123;2
7;137;7;10777;2
7;94;6;1213;13
7;88;7;10400;1
7;66;5;131;181
7;134;7;96;8
7;209;6;2244;1
7;104;6;5001;2
7;29;1;12;15
7;287;1;13;107
7;39;1;44;1
7;33;1;13;209
7;287;1;12;7
7;275;1;30;1
7;125;1;30;1
7;33;1;12;12
7;134;1;13;175
7;29;1;15;1
7;116;1;12;8
7;196;1;15;1
7;274;1;22;98
7;236;1;15;7
7;236;1;30;1
7;235;1;80;2
7;104;1;12;10
7;196;1;12;8
7;134;1;44;1
7;275;1;15;2
7;31;1;13;197
7;134;1;15;3
7;88;1;22;64
7;215;1;80;1
7;154;1;22;36
7;33;1;30;1
7;31;1;15;2
7;31;1;44;1
7;31;1;96;11
7;196;1;22;54
7;236;1;44;2
7;32;1;13;220
7;116;1;13;207
7;29;1;22;61
7;68;1;13;199
7;236;1;96;13
7;275;1;44;1
7;125;1;44;1
7;137;1;44;2
7;87;1;13;163
7;221;1;13;179
7;228;1;13;185
7;134;1;21;1
7;35;1;44;1
7;117;1;13;127
7;209;1;13;216
7;126;1;22;64
7;180;1;13;156
7;38;1;13;214
7;137;1;13;168
7;97;1;13;201
7;134;1;12;12
7;31;1;12;11
7;208;1;13;202
7;242;1;13;204
7;94;1;13;129
7;29;1;44;3
7;29;1;95;5
7;235;1;13;232
7;70;1;13;161
7;182;1;13;177
7;67;1;13;184
7;275;1;95;2
7;196;1;44;2
7;125;1;95;4
7;257;1;13;188
7;196;1;95;5
7;273;1;44;3
7;69;1;44;1
7;30;1;13;208
7;136;1;13;245
7;66;1;13;195
7;164;1;44;2
7;134;1;96;6
7;236;1;12;6
7;287;1;96;1
7;33;1;96;3
7;221;1;44;2
7;29;1;96;5
7;196;1;96;7
7;236;1;14;1
7;134;1;95;3
7;220;1;12;11
7;183;1;12;7
7;282;1;12;9
7;69;1;95;5
7;194;1;12;6
7;122;1;12;10
7;71;1;12;7
7;275;1;96;4
7;164;1;12;11
7;194;1;13;172
7;122;1;13;140
7;164;1;13;178
7;273;1;96;8
7;31;1;95;1
7;87;1;12;9
7;69;1;96;5
7;221;1;12;9
7;71;1;13;198
7;180;1;12;10
7;137;1;12;7
7;125;1;96;7
7;183;1;44;1
7;282;1;44;1
7;39;1;13;219
7;287;1;95;2
7;33;1;95;3
7;35;1;12;8
7;236;1;95;3
7;39;1;12;10
7;220;1;13;110
7;183;1;13;213
7;282;1;13;92
7;35;1;13;169
7;273;1;12;12
7;69;1;12;8
7;273;1;22;72
7;69;1;22;65
7;215;1;13;115
7;29;1;13;122
7;125;1;22;71
7;39;1;22;38
7;196;1;13;225
7;87;1;15;4
7;31;1;22;78
7;275;1;22;87
7;134;1;22;34
7;183;1;30;1
7;39;1;15;2
7;221;1;15;1
7;180;1;22;76
7;137;1;22;50
7;236;1;22;85
7;287;1;22;55
7;33;1;22;63
7;105;1;13;178
7;219;1;13;172
7;27;1;13;199
7;36;1;13;176
7;180;1;15;6
7;137;1;15;5
7;277;1;13;180
7;26;1;13;199
7;120;1;13;217
7;162;1;13;174
7;275;1;12;16
7;35;1;15;4
7;273;1;13;155
7;69;1;13;206
7;242;1;12;4
7;94;1;12;9
7;208;1;95;2
7;71;1;15;2
7;39;1;96;7
7;236;1;13;175
7;183;1;15;5
7;282;1;15;2
7;122;1;15;2
7;164;1;15;4
7;70;1;80;1
7;67;1;95;5
7;70;1;95;3
7;125;1;12;18
7;68;1;12;7
7;215;1;22;45
7;164;1;30;1
7;125;1;15;2
7;87;1;96;12
7;221;1;96;4
7;257;1;12;16
7;275;1;13;189
7;66;1;95;4
7;125;1;13;200
7;30;1;12;8
7;87;1;22;52
7;126;1;96;3
7;221;1;22;68
7;71;1;96;6
7;180;1;96;2
7;137;1;96;5
7;35;1;96;7
7;69;1;15;4
7;117;1;12;11
7;209;1;12;13
7;71;1;22;53
7;88;1;96;8
7;228;1;12;9
7;183;1;96;11
7;282;1;96;1
7;38;1;12;12
7;66;1;22;66
7;235;1;22;49
7;220;1;96;4
7;182;1;22;61
7;154;1;96;2
7;194;1;22;73
7;122;1;22;68
7;162;1;12;12
7;164;1;22;94
7;209;1;21;1
7;194;1;96;11
7;122;1;96;4
7;120;1;22;53
7;274;1;96;9
7;164;1;96;8
7;287;1;15;1
7;33;1;15;1
7;277;1;22;64
7;26;1;22;72
7;116;1;22;78
7;120;1;12;5
7;88;1;15;2
7;208;1;22;83
7;277;1;12;14
7;66;1;96;12
7;162;1;22;50
7;67;1;22;67
7;70;1;22;50
7;26;1;12;8
7;35;1;22;57
7;235;1;12;9
7;38;1;21;1
7;182;1;12;16
7;220;1;22;50
7;183;1;22;66
7;282;1;22;35
7;274;1;15;5
7;39;1;95;1
7;67;1;96;11
7;70;1;96;8
7;136;1;22;50
7;70;1;12;11
7;105;1;96;6
7;67;1;12;9
7;274;1;30;1
7;105;1;22;66
7;219;1;96;4
7;97;1;22;67
7;219;1;22;45
7;27;1;22;75
7;36;1;22;51
7;136;1;15;2
7;97;1;15;6
7;27;1;96;5
7;36;1;96;3
7;208;1;12;8
7;105;1;15;1
7;154;1;15;1
7;97;1;96;9
7;35;1;21;1
7;32;1;12;16
7;219;1;15;3
7;66;1;12;14
7;32;1;22;51
7;27;1;15;1
7;215;1;96;4
7;32;1;96;3
7;36;1;15;4
7;136;1;95;2
7;27;1;95;1
7;36;1;95;1
7;208;1;96;5
7;136;1;96;9
7;126;1;15;3
7;117;1;95;1
7;105;1;95;1
7;209;1;95;3
7;274;1;44;4
7;97;1;95;2
7;242;1;95;2
7;94;1;95;2
7;38;1;16;1
7;219;1;95;2
7;30;1;95;3
7;219;1;44;1
7;27;1;44;1
7;36;1;44;2
7;215;1;95;3
7;68;1;95;4
7;32;1;44;1
7;38;1;95;2
7;274;1;13;174
7;219;1;12;7
7;88;1;44;2
7;154;1;44;2
7;27;1;12;8
7;36;1;12;7
7;26;1;30;1
7;257;1;95;6
7;67;1;44;2
7;70;1;44;1
7;228;1;95;5
7;215;1;12;2
7;30;1;96;8
7;203;1;22;89
7;220;1;95;2
7;183;1;95;3
7;274;1;95;5
7;136;1;12;7
7;117;1;96;4
7;209;1;96;6
7;260;1;13;187
7;104;1;22;73
7;88;1;13;170
7;87;1;95;4
7;126;1;95;3
7;282;1;95;2
7;242;1;96;6
7;94;1;96;7
7;154;1;13;189
7;105;1;12;12
7;260;1;22;74
7;194;1;95;4
7;203;1;13;190
7;88;1;95;7
7;154;1;95;3
7;120;1;15;4
7;126;1;13;226
7;67;1;30;1
7;120;1;95;3
7;277;1;15;6
7;228;1;96;9
7;122;1;95;1
7;104;1;13;204
7;164;1;95;1
7;26;1;95;3
7;162;1;15;4
7;97;1;12;15
7;221;1;95;3
7;162;1;95;3
7;235;1;95;9
7;182;1;95;5
7;67;1;15;1
7;70;1;15;2
7;68;1;96;6
7;116;1;15;6
7;235;1;15;1
7;126;1;12;12
7;32;1;15;4
7;274;1;12;9
7;180;1;95;2
7;137;1;95;7
7;116;1;95;3
7;38;1;96;7
7;242;1;22;52
7;94;1;22;56
7;88;1;12;7
7;66;1;15;1
7;68;1;22;67
7;154;1;12;9
7;208;1;15;2
7;257;1;22;64
7;104;1;30;1
7;228;1;22;65
7;203;1;12;10
7;30;1;22;64
7;257;1;96;7
7;38;1;22;38
7;104;1;15;3
7;203;1;95;5
7;68;1;14;1
7;260;1;12;8
7;117;1;22;66
7;209;1;22;75
7;104;1;95;1
7;260;1;44;4
7;68;1;15;3
7;260;1;96;6
7;260;1;15;4
7;203;1;15;4
7;260;1;95;3
7;120;1;96;10
7;38;1;14;1
7;117;1;15;3
7;209;1;15;5
7;228;1;15;1
7;277;1;96;5
7;203;1;96;8
7;94;1;44;3
7;38;1;15;4
7;117;1;44;1
7;209;1;44;4
7;257;1;15;4
7;116;1;96;5
7;242;1;15;4
7;94;1;15;6
7;26;1;96;8
7;203;1;44;2
7;30;1;15;3
7;257;1;30;1
7;104;1;96;4
7;162;1;96;7
7;235;1;96;4
7;182;1;96;7
7;228;1;44;1
7;30;1;44;1
7;257;1;44;2
7;235;1;44;2
7;277;1;44;1
7;26;1;44;4
7;68;1;44;1
