zona;secao;cargo;numero;votos
11;38;6;1299;1
11;303;3;16;1
11;3;6;96;2
11;228;3;13;146
11;9;7;15122;8
11;278;7;12999;16
11;98;7;95;16
11;267;7;55333;1
11;129;6;5533;1
11;198;7;13123;9
11;40;6;2299;1
11;310;6;2200;1
11;285;6;4410;1
11;239;7;12222;47
11;293;6;4477;3
11;148;7;11113;1
11;300;6;5055;1
11;300;7;11222;5
11;133;7;40130;1
11;179;7;12222;36
11;277;7;15122;11
11;143;5;700;25
11;15;7;22;2
11;15;7;33;1
11;15;6;12;2
11;26;6;4488;12
11;153;6;1522;1
11;242;7;33888;2
11;248;7;33888;2
11;160;6;1515;2
11;47;5;95;17
11;86;6;2255;3
11;200;6;5055;3
11;122;7;23123;1
11;65;6;5533;1
11;9;7;12144;1
11;208;7;96;5
11;2;5;555;2
11;2;7;44369;1
11;135;7;12;2
11;135;7;13;9
11;135;7;14;1
11;135;7;15;2
11;135;7;55;1
11;82;6;95;15
11;207;6;1277;1
11;203;6;5555;26
11;206;6;4410;3
11;281;7;65013;3
11;132;7;15333;1
11;238;3;13;143
11;158;6;1010;1
11;158;6;4456;2
11;147;6;6565;1
11;268;7;70123;1
11;268;5;700;22
11;49;7;22222;3
11;49;7;44190;1
11;276;7;22222;1
11;207;5;700;30
11;134;7;12999;16
11;29;7;70090;1
11;285;7;13333;1
11;293;6;1221;7
11;268;7;13258;2
11;284;6;4000;32
11;89;7;33444;1
11;203;7;15555;1
11;21;6;2255;1
11;218;7;11444;18
11;48;7;15151;1
11;90;6;1326;1
11;275;7;22556;1
11;84;7;22556;1
11;23;7;55333;1
11;28;6;5511;4
11;270;5;555;1
11;215;7;12999;24
11;74;5;95;7
11;65;7;15777;1
11;208;6;1515;1
11;28;6;5555;15
11;218;6;1213;5
11;293;6;4444;2
11;140;7;11222;4
11;89;6;5050;1
11;107;7;11113;43
11;287;7;11222;9
11;283;6;5533;1
11;210;7;50500;1
11;158;6;2299;2
11;202;7;13133;2
11;279;7;13123;7
11;29;6;1311;1
11;75;7;13131;1
11;75;7;55888;1
11;305;7;15122;22
11;154;6;4445;1
11;273;7;11444;13
11;116;6;1214;3
11;202;7;15123;4
11;136;7;70123;4
11;136;5;700;33
11;254;7;13555;1
11;68;6;2200;2
11;181;6;1299;1
11;298;7;13333;1
11;261;7;22556;1
11;53;6;1222;1
11;284;6;96;8
11;247;7;22111;1
11;154;6;1111;4
11;154;7;95;5
11;39;6;4444;1
11;310;6;1213;4
11;101;7;13123;5
11;157;6;4444;2
11;238;6;10;1
11;238;6;11;1
11;238;6;22;1
11;238;6;55;1
11;238;6;65;1
11;238;7;10;1
11;238;7;12;2
11;238;7;13;19
11;238;7;15;3
11;238;7;44;1
11;238;7;45;1
11;238;7;55;1
11;250;7;12999;44
11;181;7;22556;1
11;156;6;1112;1
11;271;5;95;14
11;301;7;33193;1
11;89;6;4000;30
11;194;7;12999;12
11;267;6;2244;3
11;278;6;4422;3
11;200;7;11999;1
11;272;6;1533;12
11;193;6;1321;1
11;273;6;6565;1
11;268;6;1251;2
11;99;7;12222;12
11;281;6;2288;8
11;285;7;95;19
11;68;6;2244;2
11;47;7;45000;2
11;267;7;33133;1
11;58;6;4410;3
11;39;7;70123;2
11;83;6;95;24
11;259;6;1322;18
11;67;3;96;5
11;2;7;12222;6
11;136;7;15122;47
11;239;7;22010;1
11;198;6;1323;1
11;31;6;1533;23
11;186;6;5555;6
11;284;6;1333;1
11;208;7;50013;2
11;285;7;22556;1
11;62;7;55888;1
11;75;7;15333;10
11;89;6;4444;1
11;206;7;10190;1
11;46;7;13234;3
11;181;6;4447;2
11;246;6;4411;1
11;206;6;1533;8
11;307;6;5007;1
11;307;6;5044;1
11;219;7;13100;3
11;306;6;2210;1
11;307;6;2211;2
11;307;6;2233;1
11;284;6;2200;1
11;252;7;70000;1
11;158;5;96;13
11;275;7;15122;34
11;306;6;2277;1
11;274;6;2222;9
11;133;7;13456;10
11;98;6;4490;2
11;54;6;4433;1
11;154;7;12345;2
11;197;6;2233;1
11;202;7;22777;6
11;3;6;1511;1
11;30;7;33333;1
11;48;3;13;116
11;272;7;70070;1
11;3;6;4444;2
11;28;7;55888;2
11;105;7;13258;1
11;167;6;4343;1
11;90;6;2200;1
11;307;7;10000;3
11;26;7;13456;14
11;152;6;1522;1
11;154;5;131;168
11;145;7;11444;2
11;208;7;12888;1
11;101;7;45999;1
11;180;7;12;1
11;180;7;13;6
11;180;6;12;2
11;180;6;13;2
11;50;3;96;3
11;261;7;23190;1
11;44;6;2277;3
11;150;5;700;9
11;44;7;11777;1
11;254;7;15333;2
11;119;6;12;2
11;119;6;13;3
11;119;6;33;1
11;119;6;51;1
11;119;7;11;5
11;119;7;12;4
11;119;7;13;9
11;119;7;15;3
11;119;7;22;1
11;119;7;33;1
11;119;7;40;2
11;119;7;55;1
11;133;6;4410;10
11;247;7;55555;20
11;46;7;65013;1
11;46;7;12345;1
11;195;6;2200;2
11;116;3;96;4
11;305;7;50500;2
11;289;5;700;25
11;193;6;1213;7
11;243;7;22556;2
11;115;6;1323;1
11;286;7;22101;1
11;194;7;22777;7
11;307;6;2200;3
11;208;7;44123;2
11;305;7;11444;9
11;203;7;65013;1
11;39;6;4000;20
11;197;6;1322;35
11;306;6;1213;9
11;27;6;95;3
11;270;6;2201;1
11;72;6;1515;1
11;75;7;55;1
11;75;6;12;2
11;75;6;13;5
11;75;6;22;1
11;75;6;33;1
11;75;6;55;1
11;75;6;70;1
11;134;7;12;1
11;134;7;13;5
11;134;7;15;1
11;134;7;44;2
11;134;7;55;1
11;134;7;70;1
11;134;6;13;2
11;134;6;15;2
11;134;6;44;1
11;207;6;1010;3
11;207;6;4456;2
11;272;7;33444;1
11;88;6;2244;7
11;239;7;50013;2
11;31;7;33200;2
11;99;6;2200;1
11;292;6;4000;15
11;91;7;13777;1
11;91;7;22777;5
11;133;7;23192;4
11;9;6;1111;22
11;9;7;95;6
11;58;7;22022;1
11;9;6;5533;8
11;287;3;96;12
11;300;7;13123;4
11;4;7;13123;1
11;69;7;33888;1
11;207;7;55333;1
11;276;3;96;3
11;49;3;96;4
11;164;6;1023;3
11;270;7;12888;1
11;74;7;44000;1
11;49;5;131;176
11;145;7;12500;32
11;298;6;1313;4
11;160;7;45645;1
11;87;6;2211;2
11;116;7;22190;4
11;116;5;131;166
11;282;6;1111;4
11;90;6;4456;3
11;299;6;4488;1
11;289;7;50555;1
11;98;6;4477;2
11;296;7;23123;2
11;75;6;4422;2
11;210;6;2211;6
11;23;7;44556;1
11;69;7;15333;7
11;26;7;55555;1
11;36;7;22111;1
11;218;6;96;6
11;44;3;95;4
11;8;3;12;82
11;74;6;2233;5
11;297;7;13456;21
11;297;7;15888;4
11;172;6;40;2
11;172;7;12;3
11;172;7;13;3
11;172;7;40;2
11;251;7;96;10
11;297;6;5533;2
11;47;6;1213;9
11;300;6;2244;20
11;65;7;96;4
11;298;6;1314;1
11;250;7;55888;7
11;36;6;2255;2
11;66;7;12222;56
11;29;7;44441;1
11;297;6;4000;37
11;228;7;44369;2
11;286;5;131;199
11;271;6;5555;36
11;20;5;96;17
11;157;7;13123;1
11;10;7;22777;3
11;54;6;2200;1
11;267;6;2288;8
11;101;6;4000;6
11;28;6;96;6
11;261;7;55888;1
11;112;7;13222;11
11;132;7;22555;1
11;160;7;22777;9
11;274;7;23123;1
11;225;7;23123;1
11;75;7;45;1
11;273;6;1313;3
11;9;6;1333;2
11;219;7;10123;1
11;289;5;131;173
11;89;6;7090;3
11;50;6;2211;2
11;182;6;4444;1
11;203;7;70007;1
11;66;6;2255;1
11;105;3;13;90
11;291;5;95;9
11;30;7;11444;2
11;310;7;50500;2
11;276;7;70070;2
11;274;7;10123;7
11;133;7;96;6
11;150;5;555;5
11;282;6;4445;1
11;153;7;13222;2
11;226;6;1292;2
11;270;6;1010;6
11;270;6;4456;2
11;189;6;2222;4
11;167;6;4000;12
11;39;6;2244;11
11;105;7;12111;1
11;246;6;5533;6
11;27;7;15123;3
11;122;5;131;157
11;38;7;70762;1
11;67;7;23192;1
11;218;6;4444;3
11;232;6;2277;3
11;189;3;96;4
11;304;3;12;67
11;3;6;4422;1
11;106;6;1322;28
11;299;6;5533;2
11;38;6;5533;9
11;140;7;10124;3
11;198;7;13222;3
11;181;7;96;6
11;21;6;1299;1
11;270;7;11444;18
11;65;7;95;2
11;8;7;70007;1
11;247;6;2244;7
11;112;6;1299;1
11;300;6;4410;3
11;4;6;4410;1
11;121;7;44190;1
11;302;6;1522;2
11;82;6;5555;27
11;74;7;13777;1
11;295;7;22222;8
11;257;7;19999;1
11;120;7;12999;3
11;154;3;95;1
11;298;7;15122;45
11;298;7;43640;3
11;23;6;3550;5
11;75;3;44;36
11;69;6;1512;1
11;66;6;7090;2
11;132;7;11444;11
11;110;7;95;13
11;110;6;1111;1
11;267;3;13;106
11;183;7;12222;31
11;110;7;50013;1
11;301;6;1277;3
11;270;7;65123;1
11;299;6;6565;1
11;38;6;6565;2
11;121;6;1399;1
11;176;6;4444;1
11;295;6;4400;1
11;210;7;13777;1
11;134;3;12;67
11;37;7;12888;1
11;37;7;13333;1
11;270;6;2288;5
11;182;7;12999;30
11;250;7;96;13
11;250;6;1533;19
11;241;6;1533;26
11;302;7;65234;1
11;271;6;2210;1
11;69;7;12999;27
11;104;7;15151;1
11;285;6;1212;1
11;274;7;12111;4
11;289;6;1111;2
11;88;7;23123;1
11;58;7;12999;81
11;155;7;12999;14
11;152;6;96;5
11;136;6;4400;1
11;9;7;10000;1
11;48;6;1500;1
11;179;6;5078;1
11;82;6;1299;1
11;82;6;1513;1
11;267;6;2277;6
11;277;7;13222;3
11;232;6;2244;14
11;115;5;95;6
11;185;6;2211;2
11;197;6;1213;12
11;123;6;4490;1
11;155;5;96;14
11;285;6;5050;1
11;22;7;13123;2
11;108;6;7040;1
11;293;6;1292;1
11;117;6;6565;1
11;202;7;10190;1
11;106;6;2200;1
11;302;5;700;23
11;290;6;1292;1
11;150;6;96;1
11;295;7;11;2
11;295;7;12;1
11;295;7;13;6
11;295;7;15;2
11;295;7;55;1
11;39;6;5533;5
11;121;6;1232;1
11;310;7;22022;1
11;302;3;13;121
11;77;6;4410;4
11;27;6;96;2
11;106;7;23123;4
11;290;6;2288;11
11;87;7;10000;2
11;254;7;15123;4
11;215;6;4410;7
11;168;7;12500;4
11;152;6;5501;1
11;270;6;1299;1
11;261;7;22777;7
11;148;7;10123;4
11;282;7;95;28
11;254;6;1233;2
11;296;7;33000;1
11;90;7;13456;6
11;90;7;15888;2
11;48;7;13;5
11;48;7;12;1
11;48;7;15;1
11;48;7;55;1
11;48;6;11;1
11;48;6;15;1
11;48;6;22;1
11;48;6;44;2
11;306;7;19999;1
11;49;7;11222;1
11;77;7;14888;1
11;288;7;13444;1
11;40;7;12500;38
11;291;7;50500;2
11;123;7;50500;3
11;29;7;96;4
11;90;7;33300;1
11;8;7;11444;11
11;271;7;12123;4
11;215;6;1522;2
11;53;7;23190;1
11;214;7;96;2
11;119;6;4410;2
11;303;7;70123;3
11;303;5;700;16
11;254;6;4422;2
11;88;7;13456;7
11;15;7;13456;13
11;69;7;13132;5
11;240;6;1299;2
11;189;7;45555;1
11;199;6;1515;1
11;291;7;13131;2
11;291;7;55888;5
11;27;7;15122;10
11;20;6;4444;6
11;41;7;11222;2
11;280;7;44666;1
11;65;6;1111;7
11;74;6;4410;2
11;296;7;70123;1
11;252;7;44666;1
11;28;6;4490;3
11;273;3;44;39
11;276;6;1221;1
11;49;6;1221;6
11;105;5;96;4
11;136;7;22022;3
11;82;6;2200;1
11;189;6;1000;2
11;272;7;11444;11
11;145;6;2210;1
11;203;7;22222;3
11;203;7;44190;2
11;8;7;23123;1
11;37;6;4445;1
11;301;7;15122;35
11;301;7;43640;1
11;288;6;1292;2
11;218;6;1111;12
11;307;6;5001;1
11;281;5;131;214
11;194;6;4400;1
11;257;5;95;18
11;291;6;4444;7
11;87;3;13;132
11;121;7;95;10
11;195;7;50777;1
11;218;6;4410;5
11;310;6;5533;3
11;44;7;15333;2
11;293;6;1500;1
11;21;6;2210;1
11;232;7;13132;2
11;239;6;6565;3
11;192;6;5555;27
11;236;6;96;6
11;246;6;1213;7
11;154;6;4490;3
11;154;6;5588;1
11;304;7;55888;2
11;111;7;12222;40
11;250;6;1000;1
11;133;6;2244;6
11;306;7;11113;2
11;278;6;4410;2
11;127;7;23123;1
11;29;7;45123;6
11;276;6;1477;1
11;129;7;12500;1
11;37;7;12600;3
11;298;7;10123;5
11;88;6;5555;25
11;261;6;2288;4
11;127;7;13222;1
11;273;6;2277;7
11;35;7;96;1
11;122;6;4490;3
11;122;6;5588;1
11;37;7;44027;1
11;25;6;5588;1
11;105;7;13222;3
11;298;7;13132;5
11;119;6;1221;1
11;72;7;15122;15
11;65;7;33333;1
11;292;7;13258;2
11;288;7;11113;2
11;288;7;22022;1
11;236;7;44333;1
11;253;5;95;1
11;243;5;131;200
11;160;7;12100;1
11;140;6;4000;9
11;148;7;50013;2
11;195;7;10700;1
11;39;5;555;6
11;82;5;95;15
11;300;5;131;199
11;296;7;12500;3
11;182;7;12500;3
11;265;3;44;71
11;67;5;700;11
11;196;6;2255;1
11;167;3;44;36
11;26;6;1111;2
11;25;6;2244;15
11;62;6;4000;4
11;189;7;13132;3
11;197;7;11444;7
11;197;6;2210;2
11;291;6;4000;17
11;218;6;4088;1
11;204;6;4490;2
11;204;6;5588;1
11;265;7;44888;1
11;270;7;15122;38
11;226;7;70007;1
11;68;7;12144;3
11;127;5;700;6
11;258;3;95;7
11;91;7;13132;2
11;197;7;12888;1
11;182;6;4000;9
11;257;6;4400;1
11;53;7;44190;2
11;218;7;22555;1
11;271;6;1512;1
11;272;7;44190;10
11;240;6;1155;1
11;122;6;2211;1
11;207;6;1313;2
11;214;5;95;17
11;133;7;70;1
11;133;6;12;2
11;133;6;13;2
11;154;7;11113;4
11;197;7;12333;1
11;241;7;13123;1
11;242;7;11444;5
11;150;6;1213;34
11;169;6;1213;2
11;53;6;5555;18
11;20;7;11222;2
11;68;5;555;2
11;116;7;11444;4
11;167;6;1251;2
11;198;6;4477;2
11;290;6;1269;1
11;286;6;2200;2
11;46;6;2222;10
11;298;6;3378;1
11;9;3;12;76
11;293;7;11444;4
11;185;7;12111;1
11;271;6;2211;5
11;105;6;1233;1
11;247;7;70222;1
11;27;7;12222;13
11;206;5;700;35
11;172;3;95;3
11;272;3;13;125
11;88;7;96;4
11;74;7;33888;1
11;64;6;96;3
11;77;6;1311;2
11;84;6;4000;12
11;204;6;2200;1
11;205;7;44369;3
11;38;6;1111;5
11;197;7;22777;2
11;66;7;13123;1
11;197;6;1313;2
11;265;6;1252;1
11;31;7;95;10
11;6;3;12;68
11;289;7;55555;1
11;307;7;44888;1
11;302;7;44666;2
11;76;7;15120;1
11;119;7;15122;50
11;20;7;13132;20
11;265;7;44123;1
11;44;6;1292;1
11;121;6;2244;5
11;307;6;2222;24
11;270;7;95;22
11;48;5;96;13
11;208;7;13456;16
11;208;7;15888;1
11;111;7;13222;2
11;77;7;33133;1
11;77;7;70070;1
11;176;6;5533;1
11;236;7;33193;2
11;3;6;1221;8
11;267;6;1321;1
11;272;5;555;1
11;284;6;1522;1
11;156;3;13;87
11;180;7;12222;45
11;1;7;12222;28
11;120;7;12333;1
11;110;6;1213;9
11;31;6;96;8
11;23;5;96;7
11;87;7;44027;1
11;305;6;5511;13
11;307;7;13555;1
11;171;6;4477;3
11;226;7;50500;2
11;58;7;13234;1
11;97;7;13123;29
11;87;7;45111;1
11;75;7;11999;1
11;116;6;4444;2
11;216;7;12222;43
11;208;7;50500;5
11;271;6;5511;9
11;290;7;13132;4
11;290;7;70222;1
11;148;6;2244;10
11;91;6;2288;3
11;87;6;5001;1
11;184;7;15123;2
11;30;6;2255;9
11;306;7;50777;1
11;186;5;95;4
11;289;7;55678;1
11;47;7;11111;1
11;198;7;11222;4
11;238;5;95;8
11;250;6;5060;2
11;203;6;1311;1
11;199;7;11444;35
11;276;7;15122;12
11;86;6;96;5
11;219;7;55555;1
11;111;5;96;10
11;86;6;1522;1
11;169;7;12300;1
11;248;7;12456;1
11;289;7;13133;1
11;35;3;13;209
11;97;6;2277;2
11;267;7;12345;1
11;267;7;65013;1
11;153;7;15122;27
11;267;7;70007;1
11;97;6;4447;1
11;291;7;15333;7
11;188;6;96;1
11;292;6;1214;1
11;44;7;43333;1
11;44;7;55888;1
11;84;7;44123;1
11;21;7;44333;2
11;47;7;12999;19
11;272;7;13123;8
11;133;7;65013;1
11;291;6;1251;2
11;116;7;22556;2
11;243;6;5001;1
11;182;7;22777;1
11;252;6;4040;1
11;252;7;13222;2
11;164;7;12222;49
11;8;7;11111;1
11;53;7;15123;1
11;226;6;7090;2
11;16;6;4000;9
11;171;6;5500;1
11;303;7;13123;3
11;277;3;13;148
11;305;5;700;58
11;132;6;1322;37
11;97;7;14;1
11;274;6;4490;6
11;274;6;5588;1
11;225;6;4490;1
11;225;6;5588;1
11;303;6;2277;6
11;121;7;11444;5
11;306;6;5555;23
11;284;6;4410;2
11;47;6;4445;1
11;86;7;96;6
11;104;6;4410;7
11;15;6;4490;2
11;301;7;50123;1
11;218;6;7090;1
11;288;6;5013;1
11;303;6;1322;33
11;55;7;11444;5
11;119;7;15333;14
11;305;6;4490;2
11;182;6;1299;1
11;153;6;5050;1
11;180;7;11113;3
11;30;6;2299;1
11;120;6;2233;1
11;267;7;12500;5
11;247;7;95;3
11;68;6;1010;2
11;68;6;4456;1
11;72;7;13333;1
11;48;7;22111;1
11;134;6;4477;4
11;115;6;2211;2
11;117;6;5050;1
11;97;7;12333;4
11;67;6;4477;4
11;116;6;7090;2
11;188;7;13456;25
11;90;7;15122;22
11;28;7;13456;10
11;36;7;70007;1
11;47;6;4000;19
11;122;6;1533;5
11;188;7;13133;6
11;274;7;22777;11
11;225;7;22777;5
11;88;7;45111;1
11;169;6;1177;2
11;74;6;5567;2
11;106;6;4488;1
11;48;7;50777;1
11;20;6;5013;1
11;20;7;19999;1
11;291;7;11444;7
11;293;6;6565;3
11;116;7;11222;1
11;87;6;6565;2
11;279;7;13333;3
11;257;7;22222;3
11;180;7;12999;61
11;1;7;12999;11
11;306;7;14190;1
11;21;6;2244;9
11;22;6;5533;1
11;58;6;3690;1
11;10;6;1292;2
11;299;6;2222;7
11;275;6;1323;1
11;148;6;1222;1
11;117;6;1234;2
11;109;7;12500;19
11;157;6;1533;5
11;115;3;44;15
11;203;7;22777;8
11;66;6;2200;7
11;168;7;12123;2
11;278;7;10123;6
11;182;6;4410;9
11;25;7;22777;2
11;185;7;50013;1
11;117;6;1222;1
11;278;7;23123;4
11;148;7;33000;1
11;202;6;5055;2
11;202;7;11222;6
11;155;6;4490;2
11;46;7;96;11
11;186;7;12222;8
11;291;6;2222;5
11;75;7;44123;4
11;305;7;50777;1
11;207;7;13123;3
11;168;7;11444;17
11;240;7;55555;1
11;28;5;700;24
11;66;7;44123;2
11;47;7;15151;2
11;254;7;33133;1
11;216;7;70070;1
11;215;6;1326;1
11;147;5;700;6
11;48;7;22888;1
11;65;7;12220;1
11;283;6;1213;6
11;294;5;95;5
11;62;7;13123;1
11;215;7;15151;1
11;238;7;13123;4
11;47;6;2288;7
11;214;6;12;2
11;214;6;13;1
11;214;6;15;1
11;214;6;44;1
11;158;3;13;109
11;88;6;5511;6
11;82;7;12123;1
11;204;7;44100;1
11;199;6;4445;1
11;77;7;45555;1
11;36;7;12123;3
11;250;6;4456;1
11;38;6;2323;1
11;282;7;70222;1
11;82;7;70222;1
11;254;6;96;6
11;46;6;1213;13
11;1;7;33193;1
11;1;7;55555;1
11;157;7;15151;2
11;91;7;12000;1
11;188;7;15888;4
11;68;6;4411;1
11;258;7;95;9
11;215;6;4490;4
11;151;6;4000;1
11;101;6;4477;17
11;143;6;1277;1
11;290;7;44333;1
11;274;7;33888;1
11;136;6;1313;1
11;214;7;13456;9
11;176;6;1322;123
11;293;6;5511;7
11;293;5;160;1
11;106;6;1213;1
11;301;6;1299;1
11;242;6;4400;1
11;104;7;15123;1
11;259;7;55555;3
11;120;3;44;21
11;284;6;1213;5
11;74;6;1299;1
11;274;6;2277;11
11;225;6;2277;7
11;90;7;12123;2
11;164;7;45555;1
11;20;6;4410;13
11;250;7;12222;32
11;250;7;70345;1
11;236;6;5555;23
11;253;3;12;83
11;167;7;33456;1
11;167;6;1122;1
11;143;7;15333;1
11;76;7;33;1
11;76;7;12;2
11;76;7;13;10
11;78;3;96;4
11;22;6;6565;1
11;281;6;1213;9
11;158;7;15333;6
11;287;7;12111;3
11;88;7;12500;7
11;228;7;11113;2
11;228;7;22022;2
11;214;7;65700;1
11;205;6;2288;8
11;273;3;95;3
11;8;6;96;8
11;210;3;96;9
11;215;6;4477;5
11;258;6;1322;82
11;37;7;45000;4
11;295;6;4477;4
11;288;3;44;54
11;189;6;1221;1
11;152;6;95;7
11;152;7;45000;1
11;112;7;22777;2
11;35;7;12300;1
11;8;7;23192;1
11;132;7;50777;1
11;47;6;4422;2
11;15;7;12500;1
11;261;6;1313;1
11;158;7;13123;2
11;50;7;13258;1
11;36;6;1533;8
11;194;3;44;49
11;215;6;4422;1
11;20;5;95;1
11;104;6;1333;1
11;286;6;4488;2
11;152;7;13258;3
11;97;3;44;17
11;135;6;11;1
11;135;6;12;3
11;135;6;13;2
11;135;6;40;2
11;135;7;11;1
11;240;3;13;124
11;37;7;13513;1
11;297;6;1122;1
11;101;6;1111;3
11;206;6;11;1
11;206;6;12;1
11;181;7;55678;1
11;145;7;15123;1
11;49;6;4490;1
11;49;6;5588;1
11;88;6;1277;1
11;154;7;15222;1
11;27;7;13222;1
11;73;6;4000;19
11;9;6;7040;1
11;246;6;4477;4
11;296;7;12000;1
11;206;3;13;153
11;286;7;70000;2
11;182;6;6565;3
11;297;7;96;11
11;86;5;95;4
11;77;6;95;13
11;183;7;12999;23
11;197;5;96;14
11;284;7;12500;2
11;240;3;96;8
11;148;6;4000;9
11;240;7;13456;4
11;241;6;1111;13
11;37;7;12333;1
11;206;6;7040;1
11;101;7;23123;4
11;188;6;2211;3
11;279;6;3000;1
11;193;5;95;7
11;249;6;7090;1
11;152;7;10123;3
11;192;6;4400;1
11;36;6;1221;12
11;48;6;2277;7
11;253;7;12333;1
11;171;3;13;175
11;22;6;5566;1
11;199;7;11222;11
11;293;7;22222;3
11;293;7;44190;5
11;89;7;70222;2
11;268;7;43211;1
11;185;7;13222;1
11;69;5;700;11
11;98;6;4000;8
11;91;7;13133;2
11;179;5;95;2
11;210;7;12999;26
11;49;6;4477;1
11;215;6;13;1
11;215;6;21;1
11;215;6;55;1
11;215;7;11;1
11;215;7;12;5
11;215;7;13;10
11;167;6;1299;2
11;271;5;555;1
11;53;5;96;10
11;66;5;131;197
11;215;7;15;3
11;215;7;22;1
11;215;7;44;1
11;215;7;55;1
11;296;6;4490;1
11;296;6;5588;1
11;134;7;44447;1
11;267;7;22555;1
11;21;7;50500;1
11;257;6;4456;1
11;210;5;95;5
11;285;7;13132;1
11;285;7;70222;1
11;148;7;44789;2
11;193;6;4445;2
11;292;7;12222;48
11;169;7;12222;69
11;270;6;1522;2
11;214;7;70222;1
11;110;6;2222;4
11;310;7;13222;2
11;205;7;44333;1
11;3;6;4400;1
11;156;6;2255;1
11;171;6;1122;1
11;228;7;12555;1
11;280;7;15122;9
11;225;6;7090;1
11;279;7;15333;3
11;204;7;65;1
11;204;7;70;1
11;26;6;11;2
11;26;6;12;3
11;26;6;13;3
11;26;6;33;1
11;37;7;65013;1
11;250;7;22022;1
11;271;7;13132;5
11;112;7;12345;1
11;205;7;95;15
11;205;6;1111;1
11;37;6;1155;2
11;145;6;1313;1
11;145;6;4466;1
11;135;7;22777;3
11;48;6;1111;4
11;88;7;15333;2
11;7;7;13258;3
11;3;6;1214;2
11;130;7;44333;1
11;243;6;2277;11
11;122;6;2222;5
11;1;7;22999;1
11;219;6;5555;28
11;147;7;23;1
11;147;7;45;1
11;147;7;55;1
11;147;7;70;1
11;210;7;23323;1
11;198;5;96;13
11;62;6;1111;3
11;62;7;95;3
11;274;6;2299;2
11;207;5;95;11
11;164;3;13;128
11;243;6;2288;4
11;306;6;1122;1
11;37;7;23192;1
11;279;6;96;1
11;98;6;2299;3
11;164;6;1000;3
11;76;6;5588;1
11;182;3;12;46
11;1;6;95;2
11;239;6;4445;1
11;214;6;1221;6
11;195;7;65700;1
11;23;7;44777;2
11;99;6;1313;2
11;154;7;22010;2
11;143;6;6565;1
11;243;7;22555;2
11;171;7;44444;1
11;301;6;1016;2
11;46;6;1269;1
11;197;7;13123;1
11;54;6;2277;4
11;284;6;4488;1
11;197;7;13456;17
11;197;7;15888;4
11;253;5;131;166
11;300;7;45333;1
11;4;7;45333;3
11;215;6;95;18
11;206;7;22556;1
11;10;7;12222;53
11;284;6;1322;31
11;287;6;2299;1
11;183;6;2222;6
11;147;7;12500;4
11;111;6;2244;3
11;297;6;1588;1
11;297;6;96;9
11;292;6;4447;2
11;249;6;4568;1
11;198;7;22555;2
11;183;6;95;17
11;152;6;4567;3
11;289;7;33111;1
11;25;6;5533;15
11;36;7;22900;1
11;35;7;70321;4
11;120;6;1233;1
11;58;7;10123;1
11;155;7;10123;4
11;203;6;2288;8
11;31;3;95;9
11;77;6;96;5
11;306;7;15151;2
11;259;5;131;54
11;136;7;44123;1
11;50;6;1222;1
11;50;6;4411;1
11;192;3;21;1
11;192;7;43211;1
11;171;7;22022;1
11;241;7;95;3
11;285;7;15151;1
11;97;7;15151;2
11;74;7;22777;1
11;74;6;4343;1
11;130;7;22777;7
11;49;6;4488;1
11;134;6;4000;8
11;194;7;11;1
11;194;7;13;5
11;194;7;22;1
11;194;7;40;2
11;194;7;44;1
11;65;7;14;1
11;91;6;1313;4
11;31;7;13123;11
11;228;6;2255;1
11;203;7;70000;1
11;303;7;13;7
11;303;7;70;1
11;241;6;29;1
11;241;6;51;1
11;241;7;13;7
11;241;7;15;1
11;241;7;45;1
11;241;7;55;1
11;304;6;12;2
11;304;6;13;5
11;304;7;10;1
11;304;7;12;1
11;239;6;2210;2
11;300;6;4444;1
11;301;6;2244;5
11;115;7;13132;1
11;115;7;70222;1
11;183;7;13123;3
11;37;7;13123;1
11;267;7;33193;1
11;120;7;15122;47
11;69;6;2211;1
11;261;7;50500;1
11;198;6;2210;1
11;195;6;2244;5
11;136;6;2277;21
11;46;7;10;1
11;46;7;11;1
11;46;7;12;2
11;82;7;12333;1
11;169;6;1215;1
11;287;6;7040;1
11;36;7;10123;2
11;239;6;7011;1
11;65;6;1322;23
11;272;7;50500;4
11;180;6;2211;1
11;41;5;131;227
11;130;6;7011;3
11;41;3;95;3
11;295;6;4000;16
11;204;3;13;125
11;172;6;2211;1
11;48;7;14888;1
11;48;7;13555;2
11;29;6;5500;3
11;200;7;96;2
11;44;7;45999;1
11;87;3;12;57
11;143;6;7011;1
11;248;6;33;1
11;248;6;55;2
11;248;7;11;1
11;248;7;12;3
11;248;7;13;17
11;248;7;15;1
11;248;7;22;1
11;248;7;43;1
11;248;7;55;1
11;39;7;90192;1
11;110;7;12999;12
11;242;7;13;2
11;242;7;15;1
11;242;7;44;1
11;242;7;70;1
11;30;6;2233;3
11;106;7;11111;4
11;111;7;12500;1
11;183;6;4000;4
11;99;7;13333;3
11;271;7;12;3
11;271;7;13;3
11;271;7;18;1
11;271;7;22;1
11;271;7;23;1
11;271;7;44;1
11;271;7;55;1
11;271;7;70;4
11;206;7;45333;1
11;207;6;4422;6
11;176;6;4410;1
11;189;6;2299;3
11;129;7;15333;1
11;199;7;13789;1
11;47;6;1522;4
11;67;6;4000;1
11;286;6;6565;2
11;184;6;4422;3
11;140;6;96;2
11;122;7;44190;1
11;91;7;12;1
11;91;7;13;15
11;169;3;12;82
11;47;6;1277;1
11;87;7;70070;1
11;307;7;33300;1
11;9;7;12444;1
11;116;7;33888;1
11;49;6;2222;9
11;154;6;2244;9
11;270;3;96;9
11;37;6;6565;2
11;48;7;13258;1
11;121;5;95;7
11;195;7;70222;1
11;167;7;12600;1
11;285;6;4001;1
11;286;7;11999;1
11;65;7;12300;3
11;39;6;95;13
11;299;7;95;13
11;299;6;1111;3
11;38;7;95;9
11;216;7;15222;1
11;46;7;13444;1
11;122;7;15123;3
11;39;6;4477;4
11;90;5;555;2
11;297;7;70400;1
11;119;7;13222;2
11;278;7;22222;3
11;299;7;12999;26
11;38;7;12999;25
11;91;7;12999;27
11;219;7;13258;1
11;268;6;2277;15
11;252;6;4455;3
11;297;3;12;63
11;185;3;12;31
11;232;7;13456;19
11;232;7;15888;1
11;89;6;7040;1
11;295;7;22777;8
11;194;7;13234;1
11;88;6;4080;1
11;228;6;2244;4
11;192;7;12111;1
11;23;5;700;13
11;195;7;70321;1
11;228;7;12999;29
11;240;6;5078;1
11;151;6;1232;1
11;7;6;5511;4
11;83;6;2200;1
11;116;7;13132;1
11;22;6;2255;4
11;117;6;1299;1
11;117;7;22444;1
11;290;7;15122;28
11;153;7;70007;2
11;280;6;1145;1
11;182;6;1010;4
11;90;7;12500;5
11;111;6;2222;4
11;69;6;1221;3
11;297;7;12000;1
11;226;7;12144;1
11;257;6;1145;1
11;282;7;45000;1
11;22;7;15151;1
11;55;3;13;186
11;82;7;12999;22
11;299;6;4490;2
11;299;6;5588;3
11;38;6;5588;2
11;133;6;96;3
11;202;7;45555;1
11;40;6;2244;4
11;64;3;96;2
11;74;6;6565;4
11;138;6;2201;1
11;299;6;4422;4
11;3;7;11111;1
11;219;6;1313;1
11;155;6;4444;1
11;310;3;12;19
11;243;6;5050;2
11;295;7;44333;1
11;243;6;2233;1
11;132;7;15222;1
11;205;7;44666;8
11;76;6;1292;1
11;200;6;5555;40
11;303;7;22555;11
11;47;7;45111;1
11;108;3;12;65
11;216;5;96;15
11;242;7;13456;11
11;214;5;131;179
11;127;7;44123;20
11;148;6;5055;2
11;148;7;11222;5
11;294;3;12;35
11;296;7;44777;1
11;247;7;96;1
11;7;7;13123;1
11;48;6;7090;1
11;54;6;4441;1
11;278;6;4445;2
11;181;3;12;46
11;218;7;70123;2
11;218;5;700;33
11;249;7;12;1
11;249;7;22;1
11;249;7;44;1
11;249;7;55;2
11;249;6;12;2
11;116;6;2244;2
11;167;6;4411;1
11;153;3;44;26
11;29;6;1233;1
11;7;6;5001;1
11;87;7;10123;2
11;99;7;12444;5
11;287;7;12144;3
11;249;6;1221;6
11;261;7;15222;1
11;202;5;96;14
11;152;6;1213;2
11;181;7;12123;1
11;91;7;12222;35
11;91;7;70345;1
11;111;7;70123;1
11;111;5;700;33
11;75;6;1533;4
11;73;6;2288;1
11;82;7;95;15
11;88;3;13;83
11;206;3;12;70
11;167;6;2222;4
11;218;3;96;5
11;285;5;131;190
11;290;7;44444;1
11;49;5;95;9
11;205;7;44543;1
11;276;5;95;7
11;218;6;5001;1
11;189;7;13258;1
11;276;7;15333;1
11;168;7;23190;1
11;88;6;1299;1
11;164;7;12123;2
11;202;6;96;2
11;107;6;5588;1
11;110;6;4445;3
11;299;6;4477;2
11;38;6;4477;5
11;40;7;12999;7
11;47;7;22556;1
11;31;6;1020;2
11;200;5;555;2
11;250;7;33444;1
11;39;3;13;105
11;108;7;13222;1
11;36;7;50777;1
11;261;7;44190;3
11;15;7;22222;2
11;15;7;44190;2
11;193;7;70123;2
11;193;5;700;27
11;200;7;55123;1
11;301;7;95;17
11;226;7;55011;1
11;41;7;12321;1
11;182;6;12;2
11;182;6;13;4
11;182;6;15;1
11;182;6;22;1
11;182;6;33;1
11;182;6;70;1
11;182;6;80;1
11;182;7;12;1
11;182;7;13;19
11;182;7;14;1
11;257;7;22022;2
11;242;6;1322;24
11;202;6;2277;12
11;87;6;2233;1
11;109;3;96;1
11;300;6;1233;1
11;3;5;96;13
11;267;7;44333;1
11;306;7;44690;1
11;225;6;4422;1
11;28;7;13789;2
11;243;5;95;9
11;279;3;95;3
11;240;6;2299;1
11;291;6;5555;20
11;44;6;4477;3
11;183;6;2288;7
11;164;7;13133;1
11;77;7;15222;2
11;290;6;4000;9
11;22;7;70123;2
11;22;5;700;38
11;155;7;15151;1
11;40;7;13132;2
11;40;7;70222;1
11;286;6;5555;45
11;78;7;15122;26
11;250;6;1122;1
11;197;6;5555;39
11;206;6;4445;1
11;216;7;12220;1
11;293;5;555;2
11;132;6;1233;1
11;136;7;13258;1
11;134;3;44;56
11;239;7;70070;3
11;46;7;33888;1
11;284;6;1221;2
11;270;6;1201;1
11;203;6;4444;5
11;278;6;7000;1
11;116;7;12222;30
11;2;7;12144;7
11;91;6;1277;1
11;303;7;12222;40
11;176;5;131;238
11;28;6;95;6
11;240;6;1251;1
11;301;7;22222;6
11;301;7;44190;5
11;115;6;1214;1
11;185;7;12555;1
11;298;6;1214;3
11;54;6;1123;1
11;241;3;96;4
11;30;6;2222;5
11;3;5;700;14
11;99;7;12999;5
11;283;7;13456;24
11;87;7;33888;1
11;299;7;13333;1
11;184;3;12;119
11;15;6;95;6
11;132;6;4488;1
11;205;5;555;2
11;276;6;1222;1
11;119;7;22999;1
11;281;7;33000;1
11;90;6;5555;33
11;73;7;33111;1
11;72;6;96;3
11;260;6;96;2
11;279;7;10000;2
11;105;5;131;115
11;310;7;15333;4
11;267;7;14888;1
11;5;7;11444;5
11;160;5;700;19
11;69;7;12222;47
11;281;7;22555;1
11;44;7;22555;1
11;48;6;1000;4
11;273;7;33111;1
11;246;6;96;4
11;23;6;1111;13
11;23;7;95;5
11;206;7;12111;2
11;132;7;13456;12
11;292;7;95;17
11;288;6;2288;8
11;25;6;1213;15
11;189;6;1111;7
11;189;7;95;6
11;164;7;13123;10
11;193;6;1292;1
11;193;7;44111;1
11;196;6;5511;12
11;151;6;5555;17
11;206;7;70070;1
11;272;7;33300;1
11;66;6;2244;26
11;300;7;96;4
11;295;7;70123;3
11;295;5;700;51
11;77;7;13444;3
11;168;3;13;140
11;148;7;15151;1
11;193;7;44333;1
11;185;6;4445;1
11;242;6;1000;1
11;164;7;12;3
11;164;7;13;13
11;164;7;14;1
11;164;7;15;3
11;164;7;22;1
11;164;7;40;2
11;164;7;70;2
11;167;7;13456;17
11;167;7;15888;1
11;8;7;15222;1
11;115;7;96;5
11;307;3;12;67
11;238;5;131;211
11;278;5;131;172
11;89;6;1222;2
11;39;6;2288;5
11;302;6;2244;9
11;208;6;4445;2
11;110;6;96;5
11;27;7;50500;1
11;50;6;2288;4
11;295;6;2200;3
11;198;7;15444;1
11;180;6;4000;3
11;29;3;12;82
11;290;6;2211;2
11;192;7;12500;7
11;153;6;1221;1
11;239;7;13133;10
11;301;6;5088;1
11;31;5;96;24
11;179;7;22777;3
11;207;7;12144;2
11;121;7;15122;41
11;121;7;43640;2
11;251;7;44122;2
11;290;7;10123;5
11;196;5;131;192
11;226;7;22111;2
11;302;3;44;35
11;274;3;12;91
11;296;6;4488;2
11;248;6;1122;1
11;75;3;13;140
11;134;7;12123;1
11;202;7;12222;29
11;179;3;96;2
11;289;7;12111;2
11;130;7;12111;2
11;242;7;96;6
11;299;7;22555;2
11;270;6;5511;11
11;176;6;7040;3
11;135;6;2255;2
11;219;6;2201;1
11;261;7;70070;1
11;53;6;4490;1
11;53;6;5588;1
11;250;7;44666;2
11;132;6;5533;3
11;132;7;33777;1
11;26;7;44777;2
11;274;6;5001;1
11;240;6;2244;4
11;58;6;2211;1
11;292;6;2222;6
11;76;6;2244;2
11;203;6;2244;10
11;219;7;13777;1
11;90;7;95;9
11;192;7;12999;10
11;254;7;55123;1
11;236;6;2211;3
11;21;7;13131;1
11;138;7;11222;1
11;300;7;13132;3
11;4;7;13132;3
11;171;7;13123;61
11;90;6;5511;8
11;115;7;11444;4
11;305;3;44;56
11;98;6;1222;2
11;98;6;4411;1
11;241;5;96;7
11;283;6;4441;1
11;1;7;10123;2
11;285;6;5001;1
11;296;7;95;18
11;288;7;70070;1
11;148;7;33456;1
11;168;7;70007;2
11;298;7;50013;1
11;182;7;70;4
11;182;7;15;1
11;182;7;22;1
11;182;7;55;3
11;225;7;15222;1
11;225;7;44369;1
11;40;3;96;5
11;306;7;55333;2
11;135;6;1111;7
11;135;7;95;1
11;208;6;4490;3
11;58;6;1122;2
11;140;6;4477;3
11;180;6;5588;1
11;158;3;12;77
11;22;7;22555;4
11;206;7;96;8
11;98;7;96;1
11;101;6;1522;1
11;4;6;1323;1
11;41;6;1232;1
11;41;6;1322;169
11;36;7;13456;7
11;69;3;95;1
11;26;6;4477;1
11;98;7;22777;2
11;286;7;15123;1
11;247;6;1214;1
11;283;7;13123;1
11;257;7;12999;26
11;154;6;1201;1
11;36;6;1213;17
11;82;7;55555;2
11;26;6;1512;1
11;261;7;13333;2
11;15;7;13333;1
11;298;7;12999;20
11;133;6;5511;9
11;150;6;4000;31
11;215;5;96;20
11;5;7;15151;1
11;204;7;15333;5
11;287;7;10000;2
11;287;6;4050;1
11;249;6;3000;1
11;277;6;4447;4
11;4;6;4445;1
11;297;6;1522;1
11;272;6;12;1
11;272;6;13;1
11;272;6;22;1
11;272;7;12;1
11;272;7;13;2
11;272;7;15;1
11;272;7;22;1
11;78;6;4444;1
11;291;7;12222;35
11;219;7;11222;1
11;204;7;22222;5
11;204;7;44190;2
11;228;7;13123;8
11;253;7;10124;1
11;83;7;15222;1
11;300;7;15122;29
11;4;7;15122;15
11;195;6;5555;27
11;192;6;2200;2
11;160;7;33888;2
11;285;7;22555;2
11;241;7;22555;1
11;257;6;5055;1
11;257;7;11222;15
11;207;7;45333;4
11;31;7;13222;3
11;116;6;2299;1
11;288;7;10;1
11;288;7;11;1
11;46;7;10123;2
11;15;7;22022;1
11;4;7;11999;2
11;296;7;44543;1
11;183;7;13234;1
11;218;6;5055;1
11;218;7;11222;10
11;181;7;13222;6
11;300;3;12;48
11;4;3;12;119
11;108;6;12;4
11;108;6;13;5
11;108;6;15;1
11;108;6;33;1
11;108;7;11;1
11;108;7;12;2
11;108;7;13;17
11;108;7;44;1
11;108;7;45;1
11;216;7;11444;4
11;15;6;5511;1
11;28;6;1313;3
11;108;7;70;1
11;197;7;33111;1
11;185;6;1213;2
11;279;6;2277;1
11;182;7;13222;3
11;101;6;1221;10
11;275;7;13123;9
11;298;6;7040;1
11;129;7;13333;2
11;21;6;5533;3
11;66;3;13;118
11;282;6;2277;12
11;152;6;2211;2
11;268;6;6565;1
11;53;7;11113;5
11;53;7;22022;1
11;80;7;12;1
11;80;7;13;2
11;80;7;22;2
11;291;7;15151;2
11;111;3;96;3
11;7;7;12111;1
11;228;7;13333;1
11;133;7;12999;11
11;267;6;5001;1
11;267;7;23323;1
11;285;7;50500;4
11;104;6;6565;7
11;21;7;44441;1
11;198;7;45;1
11;110;7;15123;3
11;216;7;22777;4
11;246;7;12000;1
11;242;7;50500;2
11;155;5;131;152
11;302;6;4400;4
11;265;6;1322;57
11;181;6;2244;10
11;99;5;95;2
11;290;6;2233;1
11;134;7;11222;3
11;27;7;15333;8
11;115;6;96;4
11;299;7;10000;3
11;38;7;10000;1
11;117;7;13222;4
11;134;6;2299;1
11;154;6;2277;4
11;49;6;4013;1
11;181;7;11111;1
11;25;6;1313;1
11;281;6;1299;1
11;218;7;22022;2
11;135;6;2222;1
11;240;6;1010;1
11;260;6;4444;3
11;30;7;11222;1
11;55;6;2211;1
11;50;6;1010;1
11;50;6;4456;1
11;67;7;11444;13
11;184;6;95;11
11;7;7;50013;2
11;302;7;13133;1
11;268;6;2200;2
11;285;7;13222;4
11;200;7;22444;1
11;297;3;44;31
11;185;3;44;31
11;280;7;13456;42
11;28;6;1221;12
11;310;6;1522;1
11;241;7;13132;3
11;297;7;11222;5
11;136;6;2211;2
11;72;7;15555;1
11;273;6;1533;7
11;129;7;95;3
11;197;7;13555;1
11;278;7;70007;2
11;280;6;1111;2
11;271;7;65013;2
11;38;7;12444;1
11;38;7;45333;2
11;270;6;5533;5
11;241;6;4447;1
11;35;7;70222;7
11;132;5;96;8
11;298;6;2244;8
11;132;6;2277;3
11;199;7;95;2
11;73;7;12123;3
11;153;6;95;8
11;153;7;45000;1
11;226;6;4000;14
11;228;5;95;15
11;207;7;12222;43
11;10;6;1323;2
11;238;6;1012;1
11;238;7;22555;2
11;153;5;131;154
11;271;6;95;26
11;189;6;1533;16
11;72;7;13456;42
11;136;6;4410;3
11;260;7;13456;7
11;260;7;15888;4
11;232;6;1322;33
11;205;7;55333;1
11;208;6;1399;1
11;208;3;12;109
11;275;7;15222;1
11;158;7;70007;2
11;304;6;1221;6
11;268;3;95;6
11;101;7;15123;1
11;69;6;1215;1
11;193;6;3550;1
11;37;7;12555;2
11;257;7;22556;3
11;150;6;1111;4
11;150;7;95;2
11;169;6;1111;1
11;104;7;33888;1
11;109;6;2288;2
11;155;6;1251;1
11;275;7;44666;2
11;254;6;4444;5
11;49;7;70070;1
11;288;7;23192;1
11;112;7;15122;3
11;307;7;23192;1
11;290;7;50000;1
11;44;6;5050;1
11;296;3;12;45
11;155;7;33193;1
11;204;7;13123;11
11;303;6;2288;7
11;202;6;4488;1
11;189;6;1333;4
11;186;7;13456;23
11;133;7;12500;4
11;22;7;44666;1
11;216;7;12345;1
11;62;6;1213;1
11;181;6;96;7
11;307;7;11444;10
11;104;7;22022;1
11;243;7;11999;2
11;265;3;95;4
11;277;7;33888;2
11;72;3;44;11
11;46;6;1533;5
11;303;6;5511;1
11;290;3;12;79
11;120;7;96;2
11;115;5;131;159
11;206;7;10123;2
11;153;7;10000;2
11;89;7;10;2
11;225;6;95;17
11;129;6;12;3
11;129;6;13;3
11;129;6;55;2
11;129;7;11;1
11;293;6;5533;6
11;41;6;5588;3
11;247;7;15122;7
11;247;7;43640;3
11;304;6;1533;6
11;64;5;96;4
11;250;6;4488;1
11;136;3;96;7
11;26;6;6565;2
11;242;6;95;17
11;218;5;555;1
11;38;7;15122;19
11;38;7;43640;1
11;242;5;555;4
11;115;7;12111;1
11;39;7;50500;5
11;206;7;12500;3
11;23;6;4444;2
11;39;7;13777;1
11;66;6;2211;25
11;164;7;22777;2
11;67;6;2201;2
11;276;7;70007;1
11;36;6;4456;1
11;36;6;1010;2
11;111;7;70070;1
11;29;5;95;9
11;301;5;96;11
11;44;7;33111;1
11;240;7;12111;3
11;72;6;5511;2
11;299;7;55555;1
11;38;7;55555;5
11;253;6;1333;1
11;199;7;22777;6
11;39;7;13234;1
11;31;7;10123;1
11;282;6;2244;4
11;194;7;22222;5
11;198;6;5511;11
11;117;6;4488;1
11;202;7;50500;2
11;38;6;5555;59
11;21;6;4422;4
11;307;3;21;1
11;9;7;14122;1
11;226;7;10122;1
11;98;3;95;5
11;200;7;13789;9
11;301;6;2211;3
11;4;6;1333;2
11;279;7;50500;1
11;194;6;1233;1
11;23;7;12222;25
11;196;7;13456;18
11;53;6;2299;3
11;9;5;96;32
11;270;7;70222;2
11;186;6;1322;67
11;84;7;12222;7
11;216;7;70000;1
11;270;7;70070;2
11;120;3;95;5
11;306;7;95;8
11;271;6;4490;4
11;271;6;5588;6
11;46;7;50500;5
11;260;7;13133;3
11;218;7;12123;3
11;284;6;4455;1
11;305;7;13123;3
11;133;6;5050;2
11;44;7;45000;2
11;306;6;4410;3
11;253;6;5555;74
11;64;7;13456;13
11;110;7;22555;1
11;41;7;13133;1
11;39;7;13133;3
11;46;6;2288;5
11;250;7;70222;1
11;250;7;13132;4
11;196;7;50444;3
11;164;6;1500;1
11;8;6;5555;68
11;195;7;13258;2
11;285;7;33888;2
11;110;6;2277;8
11;286;6;1322;26
11;240;7;22777;7
11;29;6;5088;1
11;140;6;1322;9
11;290;7;15333;4
11;198;7;22556;1
11;183;6;2200;2
11;133;7;12333;1
11;46;6;1322;38
11;107;6;2200;1
11;132;6;2244;5
11;84;7;70123;3
11;84;5;700;8
11;301;7;55888;1
11;203;7;96;7
11;135;7;22022;1
11;152;7;22555;1
11;273;6;4422;4
11;123;6;4447;1
11;108;7;12112;1
11;196;7;12999;18
11;257;6;1221;3
11;225;6;1533;11
11;8;6;1221;4
11;44;6;2255;1
11;236;6;2210;1
11;9;6;4410;4
11;30;7;13333;3
11;198;6;4444;2
11;295;7;15122;24
11;44;6;4088;1
11;80;6;1234;2
11;300;7;12555;2
11;228;7;70007;1
11;89;7;11113;1
11;89;7;22022;1
11;290;7;12333;1
11;193;6;1233;1
11;252;6;2277;6
11;197;7;22222;2
11;197;7;44190;5
11;75;6;4490;1
11;39;7;15122;42
11;306;6;2255;1
11;152;7;44123;2
11;7;6;4444;3
11;154;7;13456;11
11;154;7;15888;2
11;6;6;2277;1
11;257;7;13123;2
11;207;7;11113;1
11;160;6;1533;1
11;207;7;22022;2
11;306;6;1145;1
11;132;6;5050;1
11;271;6;4455;1
11;290;6;1313;2
11;156;6;2299;1
11;88;6;1221;3
11;108;7;96;1
11;267;6;1233;1
11;295;5;96;11
11;271;3;13;143
11;260;3;95;1
11;278;6;1010;3
11;278;6;4456;1
11;259;6;1000;1
11;236;3;44;49
11;64;7;12999;58
11;48;7;10000;3
11;292;6;5599;1
11;1;5;95;3
11;296;6;4477;6
11;294;6;4000;1
11;193;5;131;132
11;76;6;1533;2
11;123;3;96;11
11;115;6;5555;43
11;80;6;4447;5
11;82;6;4080;1
11;208;7;12300;2
11;257;7;10369;1
11;90;7;55678;2
11;1;7;70222;1
11;21;7;44776;1
11;136;7;44111;1
11;171;6;2222;7
11;289;7;13132;1
11;289;7;70222;1
11;305;7;22222;6
11;207;6;2255;2
11;305;7;44190;7
11;130;7;13258;1
11;4;6;2277;4
11;155;6;2299;1
11;218;6;4080;4
11;285;6;4477;4
11;194;7;96;2
11;37;6;5001;1
11;121;7;12500;25
11;152;5;96;20
11;111;7;22222;3
11;288;7;12999;31
11;202;7;15333;3
11;226;7;70070;4
11;254;7;22022;1
11;36;6;1314;1
11;214;6;2277;2
11;158;6;4433;1
11;41;7;12222;36
11;123;7;96;4
11;156;6;1533;2
11;129;3;96;4
11;298;7;50777;1
11;254;5;131;218
11;64;6;1123;1
11;242;7;44456;1
11;129;7;70222;16
11;86;7;11222;1
11;101;7;12999;73
11;54;6;2211;2
11;268;6;4447;1
11;110;6;5044;1
11;123;5;96;24
11;260;7;15122;4
11;120;6;1111;22
11;226;3;13;110
11;8;6;2255;2
11;136;7;12111;6
11;168;3;12;72
11;184;6;5533;1
11;132;7;70222;1
11;132;7;13132;2
11;41;7;43222;1
11;302;6;1214;1
11;88;7;95;10
11;111;7;15555;1
11;197;3;16;1
11;87;6;1123;1
11;155;7;12144;1
11;240;6;1533;1
11;274;7;12114;1
11;284;7;22777;5
11;47;7;50777;1
11;87;7;50444;1
11;88;6;1322;23
11;26;7;10000;2
11;228;7;44027;1
11;110;5;95;10
11;238;3;95;3
11;240;7;22556;4
11;136;6;1111;5
11;274;6;2244;7
11;246;6;2299;1
11;295;7;11444;7
11;49;5;96;10
11;276;5;96;5
11;121;7;15333;1
11;132;7;95;9
11;132;6;1111;3
11;64;6;1111;2
11;171;7;12500;6
11;29;7;95;12
11;206;6;5533;9
11;270;5;131;220
11;48;6;1221;13
11;287;3;44;61
11;157;3;44;6
11;5;5;96;9
11;243;7;44447;1
11;37;6;5050;1
11;101;7;12111;5
11;48;7;12222;44
11;242;7;12333;1
11;29;7;13456;8
11;291;6;5588;3
11;270;6;11;1
11;270;6;12;1
11;270;6;13;4
11;270;6;15;1
11;164;6;1522;5
11;250;7;13123;8
11;67;5;555;2
11;148;5;131;220
11;293;6;2233;4
11;228;7;13132;5
11;54;6;2244;1
11;254;7;44111;1
11;254;6;1292;2
11;290;7;13222;4
11;290;7;44999;1
11;38;6;1221;7
11;47;7;65013;1
11;15;6;4445;1
11;64;6;1221;4
11;31;6;4477;11
11;75;7;13456;13
11;75;7;15888;2
11;257;7;44123;3
11;188;6;1010;2
11;21;7;15120;2
11;20;7;13133;3
11;299;7;12144;1
11;271;7;70000;1
11;7;6;2244;2
11;107;7;95;2
11;272;7;96;7
11;135;7;45645;1
11;101;6;1313;1
11;249;5;700;54
11;305;6;1221;3
11;89;7;30000;1
11;101;7;12500;8
11;83;5;700;27
11;8;7;12222;59
11;261;6;4447;4
11;64;6;5001;1
11;192;6;2222;6
11;242;7;22222;2
11;242;7;44190;8
11;20;6;2211;1
11;91;6;1292;1
11;281;5;96;11
11;305;7;11;1
11;305;7;12;1
11;305;7;13;1
11;305;7;15;1
11;305;7;44;1
11;305;7;50;1
11;206;7;15333;8
11;254;7;33193;3
11;254;7;55555;2
11;36;7;12333;1
11;268;7;12888;3
11;67;6;5533;1
11;305;7;22022;6
11;16;7;95;3
11;252;7;15123;4
11;83;6;1533;5
11;197;7;45333;1
11;2;6;12;1
11;2;6;13;1
11;2;7;12;2
11;2;7;13;1
11;2;7;70;1
11;203;6;1544;1
11;203;5;131;189
11;226;6;5500;1
11;157;6;1512;1
11;115;6;4488;2
11;7;7;11444;4
11;133;7;11444;6
11;207;7;10000;2
11;238;6;2255;1
11;307;6;5088;1
11;214;6;5567;1
11;241;6;2277;1
11;228;7;13133;3
11;55;6;1213;4
11;25;3;44;23
11;83;6;1322;52
11;36;7;50000;1
11;87;6;1500;2
11;87;3;95;10
11;182;6;1111;5
11;69;6;4456;1
11;305;7;15888;3
11;305;7;13456;6
11;176;6;5588;1
11;288;7;44447;2
11;152;6;1292;2
11;91;6;1023;1
11;54;7;11999;1
11;143;6;1333;1
11;9;7;11113;1
11;145;6;1322;63
11;119;5;131;174
11;285;6;4490;5
11;285;6;5588;1
11;108;7;12300;1
11;72;6;95;2
11;254;3;96;9
11;304;7;12300;2
11;15;5;131;244
11;40;6;2222;2
11;83;7;45333;3
11;39;6;2233;2
11;168;3;96;4
11;298;3;96;12
11;157;7;12999;19
11;285;3;13;118
11;296;6;2299;1
11;180;5;131;143
11;153;6;5533;2
11;198;7;65013;3
11;31;6;1299;1
11;127;6;2277;1
11;285;6;4422;2
11;271;7;12111;2
11;249;6;2211;1
11;179;6;5555;34
11;203;7;45333;2
11;107;7;12444;1
11;107;7;45333;1
11;226;6;2288;11
11;254;7;12123;2
11;37;7;12321;1
11;82;6;4422;2
11;69;3;96;5
11;73;6;12;1
11;73;6;22;1
11;73;6;43;1
11;247;7;12222;5
11;117;6;13;4
11;117;6;16;1
11;117;6;22;1
11;117;7;11;1
11;117;7;13;9
11;117;7;15;1
11;117;7;22;1
11;117;7;40;1
11;218;6;1326;1
11;117;7;55;2
11;117;6;12;1
11;250;6;11;1
11;250;6;12;2
11;91;6;4000;21
11;243;7;11111;2
11;116;5;95;2
11;30;7;96;5
11;138;6;4456;2
11;73;7;12222;39
11;29;7;22777;9
11;168;7;50500;3
11;301;7;13132;4
11;301;7;70222;1
11;301;6;2255;4
11;197;7;70070;1
11;286;7;33300;1
11;267;7;10123;3
11;192;7;70007;3
11;48;6;4410;6
11;112;5;700;20
11;210;6;2277;13
11;168;7;96;7
11;282;7;22222;5
11;195;7;11444;5
11;136;7;33000;1
11;303;7;96;2
11;241;7;13333;2
11;246;6;2233;2
11;75;7;12111;4
11;254;6;5013;1
11;115;6;1213;1
11;167;7;23192;3
11;36;6;5001;4
11;242;7;70007;1
11;147;3;96;3
11;37;7;50777;2
11;299;7;45333;2
11;200;7;11222;7
11;25;3;96;11
11;91;7;10777;1
11;68;7;11444;10
11;3;7;11444;5
11;204;6;5060;1
11;47;7;12000;2
11;300;6;1522;3
11;279;6;95;4
11;279;7;45000;1
11;83;6;4490;7
11;72;7;96;4
11;47;7;23190;1
11;294;7;13222;1
11;16;3;96;2
11;293;7;50444;1
11;206;7;70090;1
11;188;7;33111;3
11;199;7;44111;27
11;44;7;10222;1
11;298;6;1010;6
11;302;7;15333;6
11;78;7;96;1
11;133;3;12;64
11;251;7;33193;1
11;251;7;55555;1
11;210;7;15333;4
11;219;6;5588;16
11;49;6;1010;4
11;49;6;4456;1
11;239;7;44333;1
11;241;6;1322;49
11;218;6;4445;2
11;267;3;95;10
11;303;7;22777;6
11;273;6;1500;1
11;180;3;96;7
11;97;5;96;4
11;185;6;1111;1
11;185;7;95;12
11;3;6;1533;4
11;285;6;2233;3
11;77;6;2201;4
11;123;6;5555;88
11;164;6;5555;15
11;181;7;11113;2
11;181;7;22022;5
11;242;5;96;8
11;259;6;5555;5
11;152;7;11222;1
11;216;6;1522;2
11;121;5;700;23
11;147;7;15122;27
11;87;7;96;11
11;158;7;95;11
11;46;6;1299;1
11;169;6;95;9
11;193;7;50777;1
11;40;6;1111;2
11;277;6;1322;103
11;99;3;12;29
11;44;7;50013;1
11;207;6;1322;44
11;254;6;2244;20
11;88;7;12100;1
11;28;3;96;11
11;307;6;4456;2
11;307;6;1010;9
11;16;5;555;2
11;286;6;1533;4
11;204;7;13222;5
11;238;6;2233;1
11;261;5;96;13
11;36;5;95;11
11;292;6;2288;5
11;281;6;2222;6
11;232;7;11444;7
11;129;7;11444;8
11;291;6;2277;7
11;87;6;2277;3
11;15;7;13444;1
11;249;6;5533;6
11;254;7;13789;1
11;78;6;7055;2
11;267;5;96;10
11;219;7;15122;41
11;290;6;5533;4
11;290;7;33777;3
11;86;6;5001;1
11;9;6;1222;1
11;9;6;1234;2
11;302;6;1010;6
11;302;6;4456;8
11;22;6;1533;2
11;111;5;131;163
11;207;6;2288;3
11;301;6;4410;4
11;88;7;33888;2
11;189;6;1299;1
11;291;7;11111;1
11;80;6;2211;9
11;284;7;45045;1
11;36;7;13555;1
11;152;6;5533;1
11;243;7;22999;1
11;27;7;33193;1
11;119;6;95;6
11;148;6;4400;1
11;282;6;1221;1
11;36;7;22555;2
11;138;6;1221;4
11;132;7;70007;2
11;67;6;96;2
11;107;6;2288;1
11;298;7;44027;1
11;104;5;700;18
11;286;7;23123;1
11;66;7;44666;6
11;251;3;96;17
11;117;6;2211;3
11;82;3;13;167
11;246;7;44543;1
11;110;6;5555;21
11;176;6;6565;5
11;286;7;45000;2
11;117;7;13456;12
11;117;7;15888;1
11;82;6;5511;5
11;77;7;13132;2
11;273;6;3696;1
11;205;6;4477;5
11;304;7;15333;1
11;206;6;95;15
11;219;7;12222;75
11;274;5;700;65
11;225;7;70123;2
11;225;5;700;25
11;265;7;11444;18
11;23;6;4000;4
11;240;7;12500;1
11;202;7;22222;1
11;202;7;44190;2
11;241;6;1299;1
11;164;7;11222;2
11;122;6;1213;1
11;145;7;15122;14
11;257;5;131;200
11;127;6;5511;1
11;293;7;44123;5
11;53;7;13456;23
11;196;3;96;6
11;74;7;22126;1
11;123;7;45333;3
11;218;6;2233;1
11;37;6;1299;1
11;289;7;44888;3
11;287;7;15122;33
11;249;3;44;63
11;287;7;11113;1
11;287;7;22022;1
11;122;6;2288;2
11;164;7;15122;40
11;228;7;55888;3
11;111;7;33133;1
11;281;7;12300;1
11;292;7;13123;3
11;8;6;1299;1
11;37;6;5060;1
11;183;6;5060;1
11;258;6;1456;1
11;276;6;2233;1
11;305;5;95;9
11;300;7;45000;1
11;300;6;95;29
11;4;6;95;3
11;219;3;13;106
11;80;7;12222;7
11;289;6;1512;2
11;267;3;12;80
11;274;6;9090;1
11;300;7;13133;1
11;167;7;22556;1
11;258;3;13;109
11;261;6;5555;60
11;200;6;1122;1
11;30;7;13132;1
11;84;6;4490;2
11;277;6;4477;2
11;226;7;44789;1
11;192;7;22555;1
11;205;7;12888;1
11;292;6;1533;11
11;169;6;5555;80
11;306;3;44;47
11;47;7;12222;58
11;36;5;131;209
11;303;6;5001;1
11;193;7;96;6
11;273;6;1222;2
11;123;3;16;1
11;300;7;10123;3
11;105;6;2244;27
11;121;7;13132;2
11;208;5;555;9
11;206;7;40400;1
11;164;7;13222;2
11;49;7;70222;1
11;282;6;5533;1
11;246;7;13777;1
11;300;7;11113;1
11;155;6;4080;2
11;30;7;15122;39
11;228;7;10123;4
11;105;6;2255;2
11;91;6;1010;1
11;87;5;96;25
11;192;6;2277;2
11;46;6;4422;1
11;284;6;11;1
11;284;6;13;3
11;284;6;14;1
11;284;6;22;2
11;120;6;1222;1
11;120;6;1234;1
11;299;6;2244;10
11;38;6;2244;4
11;135;6;4410;9
11;91;7;22022;3
11;76;6;12;2
11;76;6;13;3
11;76;6;15;2
11;76;6;55;1
11;29;7;15333;5
11;298;7;65013;3
11;87;6;4477;2
11;48;7;44666;1
11;303;6;1118;1
11;268;6;5533;1
11;250;6;2200;1
11;290;7;13333;1
11;249;7;50444;1
11;272;6;4422;4
11;195;6;5533;6
11;168;7;22777;1
11;310;5;131;64
11;167;6;96;3
11;46;6;3000;1
11;297;6;2288;8
11;91;7;12888;1
11;246;7;12999;36
11;198;6;95;10
11;198;7;45000;3
11;280;3;95;1
11;194;6;1010;1
11;194;6;4456;2
11;1;6;1213;9
11;1;7;13456;42
11;287;7;23190;4
11;106;6;1221;25
11;274;6;4012;1
11;158;6;1111;1
11;236;7;44777;1
11;80;6;4000;5
11;87;7;44777;1
11;22;7;33111;2
11;268;6;2222;3
11;31;6;4410;5
11;284;7;12888;1
11;200;6;1214;1
11;238;6;1010;7
11;238;6;4456;2
11;281;3;12;48
11;147;6;4000;25
11;196;6;96;9
11;219;7;10124;1
11;254;7;13333;1
11;296;7;11999;1
11;109;6;1322;58
11;135;5;555;1
11;282;6;4400;1
11;164;6;4477;2
11;89;3;13;142
11;249;7;13;5
11;265;7;12222;40
11;249;6;13;1
11;21;7;10;1
11;21;7;13;2
11;21;7;22;1
11;21;7;44;1
11;21;7;50;1
11;21;7;55;1
11;21;6;11;1
11;21;6;50;1
11;110;6;11;1
11;110;6;12;1
11;110;6;13;6
11;110;6;22;1
11;110;6;40;1
11;110;6;55;1
11;110;7;12;1
11;110;7;13;6
11;110;7;14;1
11;252;7;14888;1
11;80;7;15151;3
11;164;7;13258;2
11;236;7;23192;1
11;300;6;1531;1
11;91;7;12500;3
11;208;7;22555;2
11;285;7;13133;3
11;242;7;15151;1
11;82;6;1010;7
11;260;3;12;46
11;290;3;44;72
11;108;6;4000;7
11;188;6;1222;2
11;119;7;10000;1
11;243;6;1313;2
11;215;7;13131;2
11;215;7;55888;4
11;48;3;95;9
11;156;6;2244;8
11;305;3;13;81
11;186;6;95;6
11;122;7;70123;1
11;122;5;700;7
11;69;6;1322;61
11;72;7;22777;3
11;3;7;13133;1
11;86;7;12333;3
11;310;7;15;1
11;310;7;22;1
11;265;7;11111;1
11;58;7;95;3
11;58;6;1111;4
11;116;5;555;3
11;274;7;13;3
11;274;7;15;3
11;274;7;22;1
11;274;7;55;1
11;279;7;12;5
11;55;6;13;6
11;157;6;5533;2
11;288;7;44123;1
11;265;6;1233;1
11;203;6;6565;3
11;58;5;95;2
11;155;5;95;9
11;282;7;11444;8
11;197;7;10000;4
11;239;7;50000;1
11;232;7;12144;2
11;281;7;13258;1
11;272;7;44369;2
11;193;6;4000;13
11;290;6;4422;3
11;158;7;33200;1
11;120;7;95;7
11;184;7;13222;2
11;232;3;16;1
11;83;7;11444;6
11;153;7;44190;3
11;119;7;96;5
11;275;7;12500;4
11;136;6;95;11
11;68;7;13132;1
11;68;7;70222;13
11;301;7;50500;1
11;218;6;4466;1
11;240;7;70111;3
11;243;6;12;3
11;304;7;12222;35
11;193;6;5533;1
11;133;6;1000;1
11;291;6;1322;26
11;202;6;7090;6
11;90;6;1299;1
11;310;7;12999;9
11;284;7;13133;1
11;147;6;13;2
11;147;6;21;1
11;147;6;55;1
11;147;7;11;1
11;147;7;12;2
11;147;7;13;12
11;147;7;15;1
11;239;6;5005;1
11;243;7;15333;3
11;156;5;700;16
11;112;7;13333;3
11;155;7;33233;1
11;301;6;5001;1
11;46;6;5533;8
11;86;7;22;1
11;86;7;36;1
11;86;7;40;1
11;288;3;96;10
11;279;6;2222;2
11;265;7;33193;1
11;183;7;22777;2
11;90;6;1522;2
11;97;3;12;20
11;99;7;45000;1
11;254;7;96;9
11;91;6;1512;3
11;176;7;33888;1
11;16;6;4456;5
11;253;7;13133;1
11;23;6;5511;4
11;153;7;12222;42
11;109;7;15122;4
11;271;6;1221;1
11;97;6;1322;46
11;302;6;6565;2
11;267;7;95;28
11;243;7;70321;1
11;73;5;131;204
11;219;6;1010;1
11;44;6;5533;6
11;26;7;15122;34
11;109;6;1111;5
11;273;6;2222;5
11;150;7;65013;1
11;138;7;12888;1
11;83;7;15123;25
11;40;7;12222;48
11;168;6;2222;10
11;304;6;95;13
11;200;5;131;223
11;130;7;11444;6
11;298;6;5599;1
11;251;6;1323;1
11;275;6;1214;1
11;275;7;22777;15
11;172;7;12999;7
11;65;6;5055;1
11;271;7;55888;1
11;140;6;1533;5
11;278;6;22;1
11;25;6;2288;4
11;238;6;4410;11
11;73;6;2244;25
11;271;5;131;209
11;150;7;22022;4
11;106;7;11222;2
11;182;6;2200;1
11;31;6;2277;5
11;29;6;2323;2
11;250;7;12333;1
11;154;6;1322;39
11;232;6;4013;1
11;300;7;55011;1
11;204;7;13132;1
11;195;7;10123;1
11;138;3;95;1
11;202;6;2200;4
11;279;6;2201;3
11;198;7;12888;1
11;171;6;2244;2
11;37;6;1323;1
11;306;5;96;12
11;243;7;12144;1
11;293;7;13131;1
11;293;7;43333;1
11;84;6;6565;1
11;181;7;22222;4
11;181;7;44190;2
11;259;6;4000;3
11;282;7;22567;1
11;206;6;96;5
11;277;7;22555;1
11;154;7;50123;3
11;120;6;1323;1
11;275;5;700;41
11;134;7;13456;10
11;134;7;15888;1
11;192;7;15122;14
11;228;7;15888;4
11;249;6;5511;11
11;82;7;15333;11
11;90;6;5055;1
11;90;7;11222;5
11;193;7;22555;3
11;120;6;7040;1
11;207;7;10123;4
11;242;5;131;123
11;119;3;96;7
11;49;7;33888;1
11;286;7;70123;1
11;286;5;700;66
11;48;7;33111;1
11;50;7;10030;3
11;50;7;96;4
11;267;7;13222;3
11;298;6;2210;2
11;277;5;95;3
11;254;7;65123;1
11;72;6;5555;74
11;260;6;5555;35
11;112;7;13456;12
11;208;6;6565;1
11;284;7;13132;1
11;117;7;22777;3
11;310;7;44190;2
11;23;7;12111;2
11;296;7;13222;3
11;249;7;12000;1
11;58;6;2244;4
11;155;6;2244;4
11;172;6;4000;49
11;239;7;70007;3
11;292;7;13133;3
11;91;7;95;18
11;298;3;13;146
11;193;7;13131;1
11;195;7;50500;4
11;267;7;44777;1
11;36;6;5533;5
11;90;7;55555;4
11;9;6;1212;1
11;36;7;70111;1
11;299;7;13222;6
11;38;7;13222;2
11;72;7;22222;2
11;292;7;44777;1
11;306;7;22222;6
11;306;7;44190;1
11;202;5;131;206
11;7;7;13132;1
11;7;7;70222;1
11;182;7;12111;1
11;155;7;12123;3
11;283;7;15123;1
11;300;6;1299;1
11;75;7;22777;3
11;275;7;44027;1
11;186;6;1533;1
11;215;7;12111;2
11;133;7;44441;1
11;133;6;1251;1
11;203;6;1299;3
11;208;6;4447;1
11;154;7;11111;1
11;127;6;2299;1
11;247;6;5533;1
11;226;6;4422;1
11;290;7;22333;1
11;302;6;5533;3
11;257;7;15122;28
11;193;6;5050;1
11;20;6;1213;3
11;218;3;95;12
11;286;7;33111;2
11;216;3;96;5
11;72;7;55555;1
11;15;6;5533;3
11;240;6;4490;1
11;252;6;5599;1
11;228;7;19777;1
11;75;6;4444;24
11;246;6;11;1
11;246;6;13;4
11;246;6;22;1
11;246;6;44;1
11;215;7;96;8
11;179;6;1322;30
11;202;6;95;21
11;202;7;45000;1
11;82;6;1500;1
11;148;6;5533;3
11;257;7;44345;1
11;39;7;70007;2
11;84;5;95;3
11;157;7;15122;4
11;278;5;95;13
11;197;7;12999;22
11;40;6;12;3
11;40;6;13;3
11;40;6;23;1
11;40;6;65;1
11;107;7;13456;14
11;107;7;15888;1
11;286;6;4455;1
11;88;6;2288;3
11;299;6;3323;2
11;82;7;45000;1
11;35;7;95;6
11;290;6;1000;2
11;214;6;4444;1
11;21;7;12999;8
11;48;7;65013;4
11;272;7;44123;3
11;198;7;15333;3
11;36;7;22222;4
11;36;7;44190;3
11;185;6;4456;2
11;28;5;131;190
11;236;6;1313;3
11;76;7;12500;160
11;257;6;1512;3
11;47;6;1099;1
11;284;7;11444;9
11;150;6;2201;1
11;169;6;1551;1
11;291;7;22222;5
11;200;6;2299;1
11;239;3;44;83
11;273;6;2210;1
11;80;7;12000;1
11;112;6;2233;1
11;282;7;13131;1
11;296;6;4080;1
11;180;7;13123;4
11;1;7;13123;1
11;289;3;44;34
11;278;7;13333;2
11;257;6;1522;1
11;37;6;1201;1
11;284;7;10123;2
11;271;6;4410;13
11;153;6;1292;1
11;167;7;15122;3
11;15;7;13123;26
11;284;7;12100;1
11;158;5;95;6
11;132;6;4012;1
11;210;6;4456;2
11;167;7;11444;9
11;204;6;1533;5
11;101;6;2244;5
11;72;6;1313;2
11;176;6;1123;1
11;198;7;70123;1
11;198;5;700;24
11;138;6;2277;1
11;251;7;45000;2
11;15;6;96;6
11;104;7;11;1
11;104;7;12;2
11;104;7;13;6
11;104;7;15;1
11;104;7;22;1
11;104;7;45;1
11;271;6;13;1
11;271;6;14;1
11;271;6;22;2
11;171;7;13222;1
11;275;6;5001;1
11;97;6;4410;2
11;155;7;50500;3
11;22;6;4000;18
11;40;3;95;1
11;37;6;2277;4
11;285;7;10000;2
11;90;6;1313;2
11;147;7;10000;1
11;273;3;12;57
11;246;7;22126;1
11;88;7;44007;1
11;197;6;6565;1
11;259;3;13;45
11;278;6;4477;2
11;247;7;12999;8
11;239;6;2211;3
11;87;3;44;34
11;168;7;12000;1
11;204;6;2201;1
11;197;6;4000;22
11;121;6;2233;1
11;296;6;2233;1
11;219;7;12333;9
11;197;6;95;10
11;197;7;45000;2
11;46;7;45333;1
11;21;3;96;7
11;35;6;2255;2
11;84;3;95;2
11;243;7;70090;1
11;291;6;4445;7
11;194;6;4444;3
11;241;6;1010;1
11;241;6;4456;3
11;164;6;2233;4
11;214;6;1213;6
11;46;7;15122;36
11;88;7;11222;4
11;84;6;2244;13
11;134;6;5001;1
11;183;7;13456;10
11;183;7;15888;4
11;268;6;1221;59
11;240;5;96;21
11;20;6;1222;1
11;28;6;1314;1
11;208;7;13234;1
11;121;6;1000;2
11;123;3;13;107
11;153;7;13131;1
11;153;7;55888;1
11;278;7;12222;12
11;171;7;22222;2
11;171;7;44190;2
11;239;7;10555;1
11;293;3;44;62
11;69;7;22555;1
11;80;5;95;2
11;189;7;96;5
11;239;7;33193;1
11;192;7;65123;4
11;176;6;2277;1
11;239;7;55555;2
11;1;6;4422;3
11;58;7;11222;1
11;104;7;70222;8
11;239;7;12500;1
11;121;5;555;2
11;298;6;1522;1
11;200;6;95;3
11;200;7;45000;1
11;296;7;22022;5
11;257;7;44222;1
11;157;6;1221;3
11;167;7;12999;80
11;290;7;11113;1
11;290;7;22022;7
11;25;6;5055;2
11;25;7;11222;1
11;183;7;10123;3
11;298;7;11111;1
11;74;7;70222;2
11;243;7;23123;3
11;135;6;2233;1
11;7;7;96;1
11;168;7;12789;1
11;130;5;95;9
11;265;6;2244;11
11;83;6;1122;1
11;310;7;22777;3
11;204;6;1221;5
11;204;6;4412;1
11;106;6;15;1
11;106;6;11;2
11;106;6;12;1
11;106;6;13;3
11;106;6;55;1
11;1;6;1292;1
11;206;6;1213;9
11;138;7;10124;1
11;240;7;11;3
11;240;7;12;6
11;240;7;13;6
11;240;7;14;2
11;240;7;22;2
11;240;7;45;1
11;240;7;70;1
11;240;6;11;2
11;240;6;12;3
11;206;7;50500;3
11;295;7;12333;1
11;242;3;96;4
11;196;7;12123;3
11;271;6;5533;2
11;155;7;11999;1
11;168;6;4003;1
11;270;7;12333;1
11;252;6;4477;2
11;250;7;65123;1
11;218;7;45000;1
11;133;6;1326;2
11;205;7;12111;1
11;195;6;1199;1
11;54;5;700;17
11;294;6;1111;6
11;294;7;95;4
11;292;7;22556;1
11;160;7;12222;60
11;210;7;13123;5
11;36;7;13;3
11;36;7;15;1
11;254;5;96;15
11;300;7;44888;2
11;182;7;13234;1
11;115;6;4411;1
11;292;6;1122;1
11;285;6;1533;10
11;206;5;96;16
11;310;6;1111;3
11;21;7;70123;4
11;21;5;700;38
11;202;7;10777;1
11;97;7;22777;6
11;261;6;2244;12
11;290;3;80;1
11;89;6;4400;5
11;68;6;5555;33
11;134;7;12500;3
11;239;7;13132;1
11;239;7;70222;1
11;44;6;95;9
11;36;6;4410;3
11;4;7;13258;1
11;289;6;4444;1
11;156;3;12;68
11;243;7;12123;1
11;183;7;96;6
11;148;7;44666;1
11;290;7;33111;3
11;296;6;1221;5
11;205;6;2211;2
11;198;6;2255;1
11;261;7;44678;1
11;270;6;4490;5
11;270;6;5588;1
11;9;7;22556;2
11;270;6;2277;5
11;15;7;10123;2
11;226;7;13456;8
11;117;6;4445;1
11;242;6;2201;2
11;232;7;13111;1
11;48;7;22999;1
11;287;7;55333;1
11;150;6;2200;2
11;183;6;96;3
11;116;7;22022;3
11;31;7;13132;1
11;136;6;5151;1
11;117;7;44190;1
11;204;6;4440;1
11;204;6;5500;1
11;148;7;70333;1
11;29;7;55333;3
11;66;7;44111;21
11;5;6;4000;6
11;53;6;4000;55
11;283;7;15122;7
11;67;6;2244;4
11;291;6;4490;1
11;21;6;1326;2
11;20;3;13;165
11;208;7;22022;5
11;29;5;131;192
11;26;7;12222;24
11;298;7;96;9
11;88;7;50777;3
11;304;6;2277;1
11;105;6;4088;2
11;259;6;1533;8
11;286;7;70090;1
11;65;3;95;3
11;39;6;5567;1
11;66;7;70123;3
11;66;5;700;31
11;164;7;11444;4
11;6;6;1123;1
11;75;7;15123;3
11;196;6;2288;2
11;132;7;10123;4
11;129;3;44;26
11;294;7;22555;1
11;9;6;5511;1
11;271;6;1322;52
11;296;7;50500;1
11;122;7;13133;1
11;127;7;44777;1
11;251;6;4555;1
11;111;6;1118;1
11;293;6;1111;3
11;252;7;11444;7
11;197;6;7077;1
11;252;6;7040;2
11;193;6;1221;5
11;151;6;6565;1
11;208;6;4444;1
11;261;7;12999;44
11;123;6;2222;4
11;48;6;5511;15
11;306;6;4010;1
11;90;6;6565;2
11;284;7;55666;1
11;246;6;4456;2
11;39;6;22;1
11;39;6;55;1
11;21;7;44666;1
11;151;7;55333;1
11;184;6;2299;2
11;9;7;12345;1
11;292;6;1213;4
11;73;7;45333;7
11;207;6;5122;1
11;286;7;13222;3
11;286;7;44999;1
11;208;7;22000;1
11;261;6;5533;12
11;66;6;2277;2
11;47;7;15122;37
11;291;7;45333;2
11;65;6;4000;15
11;37;7;12123;1
11;198;7;96;5
11;274;7;50777;2
11;82;6;2211;3
11;74;3;96;5
11;132;6;1213;9
11;302;7;55011;1
11;179;3;13;105
11;297;6;14;1
11;297;6;44;1
11;297;7;12;1
11;297;7;13;13
11;297;7;14;1
11;297;7;22;3
11;297;7;23;1
11;297;7;40;1
11;164;6;1251;1
11;297;7;43;1
11;297;7;44;1
11;297;7;55;1
11;297;7;70;3
11;74;7;15222;1
11;257;6;5007;1
11;246;6;1111;7
11;246;7;95;17
11;90;6;2288;3
11;296;7;12555;1
11;169;6;4000;7
11;287;6;5588;3
11;3;7;15007;1
11;156;7;55888;1
11;236;5;555;3
11;296;6;2244;8
11;303;7;22222;1
11;303;7;44190;1
11;115;5;555;1
11;303;3;12;60
11;30;6;1020;2
11;28;6;5533;3
11;65;7;13333;1
11;181;7;10123;2
11;127;6;4422;28
11;29;7;11444;8
11;205;6;2277;10
11;257;7;44543;1
11;293;7;23123;1
11;232;7;12500;2
11;306;7;33300;1
11;36;7;45333;1
11;120;6;2222;7
11;302;7;55555;1
11;251;7;55888;1
11;89;7;55555;1
11;82;6;96;5
11;306;7;96;6
11;196;7;15888;4
11;260;5;131;131
11;289;6;2233;1
11;50;6;96;3
11;251;6;1313;2
11;258;6;1533;1
11;37;6;5055;1
11;37;7;11222;3
11;276;6;5533;4
11;117;7;12111;1
11;48;6;2299;1
11;27;6;1222;1
11;101;6;5533;3
11;147;3;12;35
11;133;6;2201;1
11;83;3;21;1
11;183;6;1221;5
11;298;7;45300;1
11;219;7;96;1
11;160;7;45111;1
11;182;6;1214;1
11;112;6;1233;1
11;29;6;2244;3
11;194;6;11;1
11;194;6;12;1
11;194;6;22;1
11;87;7;55111;1
11;130;7;70222;7
11;21;6;1012;1
11;134;7;44369;2
11;180;7;13456;5
11;180;7;15888;1
11;298;6;4410;6
11;249;7;11111;1
11;207;7;96;9
11;203;6;1010;1
11;208;7;13132;4
11;208;7;70222;2
11;157;7;55234;1
11;283;6;4477;1
11;15;6;3550;1
11;202;7;10123;6
11;195;7;15333;3
11;291;7;44190;3
11;204;7;44888;1
11;53;6;7040;1
11;200;5;95;4
11;236;7;22555;1
11;283;6;2233;1
11;198;6;2288;3
11;180;6;96;2
11;115;7;13234;1
11;99;5;131;104
11;116;6;1213;5
11;152;6;2222;1
11;249;7;70070;1
11;84;5;131;87
11;48;6;95;15
11;171;7;13132;1
11;148;7;50777;1
11;127;6;4410;2
11;29;6;4010;1
11;164;3;44;8
11;119;6;5533;3
11;200;6;1299;2
11;86;7;95;9
11;120;7;22777;1
11;133;3;13;98
11;129;7;55234;2
11;97;6;1221;8
11;280;6;4444;1
11;232;7;96;6
11;147;7;12999;13
11;199;7;15333;3
11;97;6;4412;3
11;64;7;22;1
11;64;7;45;1
11;203;5;95;10
11;107;5;95;1
11;76;5;95;5
11;197;6;2244;7
11;120;6;1277;1
11;180;7;22777;2
11;276;6;5001;3
11;289;6;4000;7
11;268;7;22556;3
11;225;7;12;2
11;225;7;13;10
11;225;7;15;1
11;225;7;22;1
11;225;7;40;1
11;225;7;44;1
11;225;7;45;1
11;225;7;70;1
11;87;6;1010;2
11;87;6;4456;1
11;192;7;45111;1
11;282;7;13258;3
11;185;6;1313;1
11;39;6;1512;1
11;215;5;95;14
11;39;6;1145;1
11;226;7;13133;4
11;251;6;96;8
11;176;6;7000;1
11;116;7;70123;2
11;116;5;700;22
11;156;6;96;1
11;132;7;13258;2
11;6;7;44;1
11;6;7;45;1
11;6;7;55;1
11;15;6;5555;41
11;91;7;45111;1
11;282;6;4444;12
11;143;7;22222;4
11;143;7;44190;3
11;154;7;22222;1
11;154;7;44190;4
11;215;6;2277;2
11;158;6;7011;1
11;91;7;15123;1
11;287;7;13222;2
11;295;6;4444;6
11;135;7;12222;34
11;67;7;22777;1
11;46;6;5555;55
11;281;6;1277;2
11;104;7;15888;1
11;66;7;13789;2
11;171;7;10123;1
11;202;6;5511;21
11;271;7;23192;4
11;288;7;13133;3
11;281;7;15122;35
11;287;5;700;45
11;278;6;5511;13
11;192;6;1222;1
11;5;6;2277;4
11;53;6;2277;5
11;218;7;22222;2
11;218;7;44190;4
11;168;7;10000;3
11;182;7;11111;1
11;129;7;12999;12
11;282;7;15888;4
11;274;6;2200;3
11;225;6;2200;2
11;155;7;15123;1
11;192;6;4444;1
11;292;5;96;18
11;6;7;12111;1
11;278;6;5001;1
11;115;3;13;120
11;216;6;4444;3
11;279;3;96;3
11;36;7;11999;2
11;15;7;15222;1
11;15;7;44369;12
11;116;7;22777;1
11;62;6;96;1
11;239;7;11222;6
11;115;6;11;1
11;115;6;12;5
11;115;6;21;1
11;115;6;23;1
11;216;3;44;27
11;143;6;4411;1
11;111;7;11113;4
11;270;6;1212;1
11;239;7;65123;1
11;197;6;1233;1
11;117;6;1456;1
11;184;6;1326;2
11;115;7;95;2
11;82;6;1531;1
11;180;6;1111;18
11;196;7;22777;1
11;192;6;5533;2
11;286;5;555;1
11;116;6;95;4
11;88;3;12;56
11;172;6;96;3
11;216;6;2288;2
11;192;6;5055;1
11;192;7;11222;2
11;69;6;4444;1
11;46;7;12144;2
11;123;5;700;8
11;238;7;15123;18
11;274;7;95;22
11;274;6;1111;5
11;203;7;13123;7
11;296;7;70007;1
11;72;5;131;241
11;28;6;2244;1
11;68;7;12222;38
11;285;6;96;3
11;116;7;13456;14
11;116;7;15888;1
11;265;6;4410;9
11;65;7;45333;1
11;53;7;65013;1
11;289;6;1533;8
11;208;6;2255;2
11;295;6;1313;4
11;214;7;15123;1
11;242;7;70123;1
11;242;5;700;36
11;198;7;11111;1
11;6;6;7040;1
11;2;6;1292;1
11;80;7;22556;1
11;6;6;1314;1
11;132;6;2201;2
11;110;7;12111;1
11;205;6;95;15
11;167;6;95;7
11;194;7;15888;2
11;164;6;2277;1
11;106;5;131;200
11;306;6;5005;1
11;196;6;1016;1
11;247;6;1533;6
11;10;7;11111;3
11;208;7;11444;9
11;50;7;22556;1
11;293;3;95;4
11;15;5;700;18
11;91;7;15151;1
11;253;7;11444;2
11;205;7;12333;1
11;5;5;95;1
11;86;7;22120;1
11;160;6;2277;7
11;238;6;4422;3
11;112;6;1222;2
11;112;6;1234;1
11;145;7;22222;1
11;242;7;12500;13
11;54;3;95;4
11;276;6;1313;23
11;218;6;4447;1
11;286;7;50013;1
11;243;7;44444;1
11;183;7;12123;1
11;82;6;4522;1
11;108;7;70090;1
11;236;6;5060;1
11;205;6;2299;2
11;195;6;4422;1
11;155;7;12111;1
11;148;7;10737;1
11;66;6;7011;1
11;44;7;45333;1
11;277;7;12222;10
11;84;6;2210;1
11;232;7;44123;2
11;243;6;2211;2
11;54;7;13456;19
11;54;7;15888;3
11;98;5;96;15
11;8;7;13258;1
11;108;6;1299;1
11;304;7;45333;2
11;23;7;36192;1
11;271;7;12500;2
11;219;6;5001;1
11;22;6;1326;3
11;75;7;55555;1
11;37;7;15145;2
11;278;6;1234;2
11;160;6;5599;3
11;305;7;13222;2
11;232;3;96;3
11;134;7;22010;1
11;111;6;2255;2
11;218;6;7012;1
11;89;7;12222;49
11;186;6;1512;1
11;183;7;23192;1
11;270;6;2200;3
11;277;5;700;22
11;298;7;44111;1
11;54;7;13258;4
11;275;6;4447;1
11;74;7;13133;1
11;84;3;96;1
11;302;7;70007;3
11;295;7;44666;1
11;215;6;2211;1
11;129;5;131;203
11;65;6;1331;1
11;282;7;13123;7
11;268;6;1322;42
11;67;3;13;139
11;238;3;12;69
11;46;6;1010;1
11;301;7;70123;5
11;301;5;700;54
11;250;6;1222;2
11;250;6;1234;1
11;300;6;5511;7
11;152;7;12100;3
11;104;6;1522;1
11;273;6;1245;1
11;140;3;96;2
11;253;3;13;78
11;8;5;131;181
11;218;5;95;18
11;242;6;2200;2
11;282;6;1010;9
11;9;7;12500;12
11;157;5;700;5
11;285;7;22777;3
11;55;6;4410;1
11;285;7;55444;1
11;41;6;95;4
11;251;7;44123;1
11;9;6;2201;1
11;145;6;2222;1
11;36;3;44;43
11;246;7;23123;2
11;267;6;1000;1
11;50;7;95;7
11;40;5;700;9
11;49;6;4410;6
11;248;6;1333;2
11;37;7;13456;9
11;307;5;131;156
11;37;7;15888;1
11;250;6;4400;2
11;236;5;95;9
11;119;7;12600;2
11;253;7;22777;1
11;298;7;11444;17
11;10;3;13;139
11;27;6;55;1
11;27;6;65;1
11;27;7;12;2
11;27;7;13;7
11;27;7;55;1
11;226;7;15123;2
11;151;5;131;95
11;271;7;12144;3
11;148;7;44567;1
11;65;6;5511;1
11;89;7;70007;1
11;169;7;12000;1
11;253;7;45333;1
11;39;6;1213;18
11;171;6;2288;9
11;123;7;12300;1
11;295;7;12000;3
11;111;7;15122;19
11;197;5;95;7
11;180;6;2277;6
11;301;7;96;9
11;299;7;11444;10
11;38;7;11444;14
11;287;7;13456;13
11;289;7;65234;1
11;120;6;1500;1
11;135;5;131;132
11;193;6;4455;1
11;243;6;5511;10
11;283;6;95;2
11;78;7;12999;9
11;183;6;2233;2
11;270;7;12000;3
11;3;7;15122;14
11;153;6;1111;5
11;247;7;15123;3
11;145;6;1299;1
11;171;6;5060;1
11;304;7;70070;1
11;218;7;12111;2
11;109;6;1533;1
11;251;7;23123;3
11;183;6;1213;10
11;228;6;1111;3
11;228;7;95;20
11;210;7;11111;1
11;123;7;13123;4
11;247;5;131;82
11;228;6;4441;1
11;289;6;5588;2
11;168;7;12111;1
11;121;7;55234;1
11;196;7;13258;2
11;97;7;12500;1
11;89;6;1313;5
11;31;6;1111;6
11;122;7;70070;2
11;242;6;5050;2
11;204;7;22556;1
11;215;7;65123;1
11;50;7;44369;1
11;138;6;2244;5
11;169;6;5511;2
11;293;7;15122;16
11;301;6;5044;1
11;291;5;131;149
11;238;6;1155;1
11;238;7;55888;1
11;53;6;2288;2
11;249;7;12999;10
11;133;6;4444;5
11;38;7;13777;2
11;115;3;96;6
11;188;6;1313;1
11;306;7;22022;4
11;23;6;5555;37
11;203;7;44369;4
11;254;7;40277;1
11;254;5;95;11
11;171;7;44666;1
11;111;6;4422;5
11;214;6;5555;27
11;196;7;70123;1
11;196;5;700;21
11;23;6;5533;1
11;48;7;15123;2
11;26;3;44;36
11;133;7;13123;2
11;286;6;1000;1
11;31;6;5555;22
11;160;7;44369;1
11;293;7;70123;2
11;293;5;700;55
11;122;6;6565;1
11;134;6;3000;1
11;73;6;1213;1
11;189;7;13133;1
11;284;6;1010;3
11;104;6;5511;2
11;240;7;11444;6
11;106;7;12500;3
11;298;6;4490;1
11;298;6;5588;1
11;89;7;65013;1
11;179;6;1221;40
11;194;6;4410;7
11;214;6;4410;1
11;28;6;4000;57
11;182;5;96;20
11;210;7;12123;1
11;112;7;23192;1
11;117;6;4400;2
11;251;6;1212;1
11;48;7;96;9
11;300;6;7040;1
11;285;6;2255;1
11;55;6;4444;1
11;286;7;22222;5
11;286;7;44190;4
11;65;6;2244;4
11;39;7;15333;3
11;134;6;2210;2
11;276;7;44777;3
11;104;6;1111;4
11;117;6;1111;18
11;117;7;95;18
11;306;6;4400;1
11;109;6;1292;1
11;265;6;1000;2
11;157;7;11444;19
11;164;6;1322;44
11;135;7;65123;1
11;130;7;15123;5
11;268;7;23123;1
11;123;6;5511;2
11;44;7;15151;1
11;3;7;11222;5
11;7;6;2277;1
11;197;6;1323;2
11;197;6;5588;1
11;251;7;33444;1
11;31;7;12222;31
11;272;6;95;18
11;16;6;4488;1
11;31;7;22777;3
11;66;6;1213;1
11;286;6;1292;6
11;151;3;44;33
11;251;7;12500;4
11;153;7;11444;5
11;285;7;15333;7
11;208;6;5013;1
11;276;6;4000;2
11;270;7;12999;19
11;268;7;44123;1
11;90;6;1000;2
11;282;5;95;24
11;26;6;2288;2
11;62;7;45333;1
11;300;6;1111;9
11;167;7;15123;3
11;78;7;95;1
11;55;6;5055;1
11;55;7;11222;2
11;132;6;1512;2
11;215;3;44;51
11;208;7;12330;1
11;2;6;4000;1
11;110;7;12500;1
11;272;7;70222;1
11;304;5;95;14
11;115;6;4490;1
11;115;6;5588;1
11;168;6;2200;2
11;74;6;4444;20
11;101;6;5511;4
11;121;6;1512;1
11;22;6;4477;3
11;286;7;23192;5
11;307;6;1313;3
11;293;6;5007;1
11;183;7;44777;1
11;65;6;1000;1
11;199;7;15151;1
11;41;7;15122;14
11;29;7;33200;2
11;31;7;70123;3
11;31;5;700;20
11;306;7;11222;4
11;306;6;5055;3
11;283;7;12500;22
11;280;6;4490;1
11;280;6;5588;1
11;290;5;555;3
11;246;6;1299;1
11;214;7;22777;2
11;44;7;14888;1
11;300;5;95;15
11;109;6;1213;10
11;248;6;11;1
11;248;6;12;1
11;248;6;13;9
11;248;6;15;1
11;248;6;22;1
11;181;7;13133;4
11;133;7;95;10
11;133;6;1111;5
11;108;7;15122;2
11;9;6;1313;2
11;291;3;95;7
11;37;6;1292;3
11;50;6;1311;1
11;25;7;12222;55
11;183;7;44111;1
11;195;7;11999;2
11;203;7;11222;5
11;168;6;4433;1
11;67;7;11113;1
11;50;7;70000;1
11;58;7;96;5
11;208;7;15333;5
11;280;7;15333;1
11;200;7;12114;1
11;205;6;2201;1
11;181;6;4000;8
11;257;7;22777;13
11;249;6;1251;1
11;293;6;95;12
11;197;6;1321;1
11;76;7;15222;1
11;127;6;5013;1
11;91;6;4447;1
11;208;6;4099;1
11;111;7;23190;1
11;196;6;4400;3
11;254;6;1221;4
11;10;3;12;76
11;286;6;4003;2
11;291;6;2288;13
11;239;7;12333;1
11;145;5;95;2
11;265;7;70123;1
11;265;5;700;43
11;112;6;2244;17
11;29;6;1111;1
11;303;6;2244;13
11;247;5;700;8
11;49;6;1533;14
11;275;6;4477;1
11;169;6;4422;1
11;21;6;4477;2
11;249;7;22111;1
11;116;7;13258;1
11;284;6;2201;1
11;152;6;1012;1
11;117;6;2277;4
11;291;7;13456;5
11;291;7;15888;2
11;196;6;1111;5
11;196;7;95;16
11;89;7;22111;1
11;249;7;45333;1
11;254;6;2200;4
11;281;7;12000;1
11;246;7;12500;9
11;194;6;5533;3
11;101;6;2211;1
11;6;7;70123;2
11;66;6;4441;1
11;7;6;4012;1
11;123;6;1112;1
11;240;6;2277;22
11;300;6;1277;1
11;44;7;10123;4
11;65;6;1233;2
11;78;3;12;35
11;198;7;12500;5
11;168;3;44;57
11;298;3;44;42
11;300;6;1292;1
11;274;6;4410;8
11;172;5;96;10
11;282;6;95;24
11;276;6;4445;1
11;277;6;1010;2
11;194;7;12144;1
11;73;7;14444;1
11;130;7;70762;2
11;36;6;1214;1
11;147;5;96;12
11;242;6;2277;5
11;248;6;2277;1
11;236;7;15123;2
11;154;7;13222;1
11;105;6;4000;4
11;286;6;4555;1
11;98;7;70999;1
11;196;6;7077;1
11;158;6;1818;1
11;138;7;44666;4
11;88;6;22;1
11;88;6;44;1
11;88;6;50;1
11;88;7;12;1
11;88;7;13;6
11;88;7;14;1
11;88;7;19;1
11;291;6;2244;6
11;88;7;22;1
11;88;7;44;2
11;88;7;70;1
11;20;5;131;189
11;99;6;4477;8
11;98;7;13131;1
11;238;6;1299;1
11;248;7;12999;11
11;250;6;1285;1
11;152;6;23;1
11;152;6;55;1
11;152;7;11;2
11;152;7;12;7
11;152;7;13;17
11;152;7;14;1
11;152;7;22;2
11;152;7;44;2
11;91;7;11444;8
11;239;6;2277;9
11;273;6;2244;8
11;258;7;96;2
11;225;7;13789;1
11;214;3;12;54
11;115;6;5511;1
11;27;6;12;1
11;27;6;13;3
11;301;6;5005;1
11;225;7;12144;1
11;136;7;15331;1
11;66;7;15333;3
11;158;7;13456;9
11;158;7;15888;5
11;75;6;4488;4
11;101;7;11222;5
11;89;6;3300;1
11;289;7;65123;1
11;66;6;4445;2
11;260;3;13;87
11;286;3;95;8
11;68;7;15333;4
11;9;6;95;4
11;208;7;12755;1
11;195;3;12;57
11;91;7;13222;8
11;296;6;1292;4
11;87;7;33333;1
11;306;7;13333;1
11;289;7;15122;17
11;180;6;5555;41
11;83;7;13456;18
11;83;7;15888;2
11;289;6;4477;11
11;62;6;1313;2
11;87;6;1533;13
11;214;7;15122;59
11;254;7;45555;1
11;83;7;15555;1
11;22;7;22022;2
11;304;7;11113;3
11;304;7;22022;2
11;98;5;700;6
11;121;7;22555;1
11;75;7;44027;1
11;193;6;2299;1
11;184;6;2222;1
11;106;6;5555;7
11;189;6;5555;51
11;110;7;10122;3
11;1;7;22777;2
11;148;6;2288;6
11;252;6;1221;2
11;82;6;2227;1
11;148;6;4490;3
11;148;6;5588;3
11;172;6;1533;3
11;257;6;1213;8
11;167;6;1369;1
11;185;6;1251;4
11;120;6;1533;20
11;115;7;12888;2
11;115;7;13333;1
11;257;7;33193;1
11;44;5;555;1
11;153;6;1277;2
11;226;6;2244;8
11;120;7;11123;2
11;46;7;43640;1
11;310;6;1533;4
11;129;6;7011;2
11;122;6;5533;3
11;265;6;1213;11
11;216;6;1023;1
11;41;7;44027;1
11;77;7;33193;2
11;80;6;11;2
11;272;7;23192;2
11;302;7;44369;1
11;218;6;1292;1
11;83;6;4410;4
11;232;7;50500;1
11;98;3;44;9
11;206;7;11111;1
11;232;7;13123;2
11;135;6;1522;1
11;169;7;12333;2
11;200;7;11000;2
11;200;6;2277;1
11;106;7;13456;18
11;106;7;15888;2
11;169;6;4490;1
11;73;6;4410;2
11;310;7;15120;1
11;301;7;44777;1
11;208;7;22556;1
11;1;3;12;77
11;53;6;2222;1
11;273;6;5511;6
11;46;7;55011;1
11;277;5;131;175
11;303;7;44447;1
11;265;7;22;1
11;90;6;4477;1
11;183;6;1533;9
11;4;7;33888;1
11;1;6;1212;1
11;138;6;95;8
11;155;7;13131;1
11;169;6;1313;1
11;72;3;12;62
11;267;6;5555;46
11;27;6;4422;2
11;215;7;13258;2
11;147;5;555;1
11;50;7;12222;49
11;153;6;2288;2
11;41;3;13;173
11;250;6;2244;2
11;275;6;95;14
11;275;7;45000;1
11;153;7;44888;1
11;148;7;12222;38
11;304;6;6565;4
11;44;6;4000;7
11;250;7;22555;1
11;46;6;1333;1
11;28;6;11;1
11;28;6;12;1
11;28;6;13;3
11;28;6;33;1
11;195;7;15151;1
11;297;6;1111;10
11;37;6;5555;56
11;86;7;11444;2
11;204;7;11999;2
11;154;6;96;4
11;291;7;90909;1
11;181;7;11444;9
11;67;7;12333;1
11;54;6;13;1
11;54;6;22;1
11;54;7;12;3
11;54;7;13;5
11;37;7;44888;1
11;101;7;15122;6
11;214;7;95;12
11;169;7;45300;1
11;279;7;12999;53
11;251;7;13123;10
11;78;6;4000;23
11;48;6;1522;1
11;249;7;33111;1
11;185;6;2277;19
11;273;6;4433;1
11;8;7;13789;1
11;25;7;15122;7
11;301;6;6565;6
11;236;7;11999;1
11;134;7;96;10
11;285;7;13111;1
11;196;7;13222;1
11;132;6;4422;1
11;40;7;96;3
11;290;7;50444;1
11;117;3;44;39
11;304;6;2211;3
11;68;6;1111;2
11;68;7;95;4
11;111;6;4080;1
11;193;7;13222;1
11;254;6;1313;5
11;290;7;13133;4
11;151;7;44543;2
11;254;7;13133;1
11;193;6;2255;1
11;21;3;95;7
11;21;6;1500;2
11;172;7;11113;5
11;301;3;12;58
11;304;6;5533;2
11;246;7;44666;3
11;268;7;95;5
11;310;6;2211;5
11;89;6;4422;2
11;258;6;4422;1
11;133;7;13132;3
11;282;6;4456;1
11;143;7;12300;4
11;176;6;4000;17
11;236;7;55011;1
11;104;7;13333;1
11;169;6;4456;2
11;274;7;70070;2
11;257;7;44333;3
11;2;7;11444;4
11;239;6;13;3
11;239;6;12;1
11;239;6;55;2
11;239;6;70;1
11;239;7;12;3
11;16;6;96;1
11;280;7;44777;2
11;66;7;22555;1
11;25;7;13789;1
11;205;6;1201;1
11;292;7;50500;2
11;167;6;4445;1
11;38;7;11999;1
11;257;7;13777;1
11;176;7;65013;4
11;69;6;2244;6
11;169;3;44;22
11;26;7;12100;1
11;82;7;22022;2
11;158;7;22222;1
11;158;7;44190;1
11;279;6;5555;34
11;290;7;40;1
11;290;6;12;1
11;290;6;13;1
11;290;7;12;1
11;290;7;13;3
11;290;7;33;1
11;106;6;96;2
11;37;6;4400;1
11;62;7;12888;3
11;267;7;44567;1
11;278;6;4000;29
11;115;6;1311;1
11;304;7;44456;1
11;228;6;5533;5
11;288;6;1322;62
11;36;6;2200;3
11;218;7;15000;1
11;252;6;5555;38
11;121;6;12;1
11;121;6;13;4
11;121;6;22;1
11;121;6;43;1
11;121;6;55;1
11;121;7;11;3
11;121;7;12;3
11;121;7;13;16
11;121;7;15;2
11;121;7;45;1
11;121;7;55;2
11;58;6;4444;5
11;193;6;95;7
11;193;7;45000;3
11;292;6;5511;8
11;132;7;22022;4
11;122;7;44666;1
11;249;7;44123;4
11;219;6;95;6
11;31;6;2255;20
11;108;6;2277;1
11;117;6;1533;3
11;97;6;2244;8
11;206;7;70222;4
11;104;6;2233;2
11;181;6;2288;16
11;129;6;1213;5
11;180;7;12500;7
11;1;7;12500;44
11;205;7;22777;9
11;228;7;22556;2
11;286;6;7044;1
11;303;7;55888;1
11;204;3;95;6
11;259;3;44;3
11;130;7;12500;2
11;38;7;13258;1
11;271;7;13258;2
11;284;5;96;20
11;46;7;12999;15
11;203;7;33111;3
11;196;6;1322;34
11;207;3;96;6
11;246;7;70070;2
11;288;6;2211;4
11;210;6;5060;1
11;82;7;15123;30
11;288;7;13132;1
11;44;7;22556;1
11;193;7;13123;3
11;108;6;2211;1
11;152;7;13456;36
11;152;7;15888;3
11;299;6;1333;2
11;136;6;2288;4
11;198;6;4490;3
11;30;3;44;14
11;91;6;4444;4
11;150;7;55234;1
11;287;7;33133;1
11;236;6;1111;6
11;236;7;95;15
11;22;6;1201;1
11;280;6;2277;1
11;88;7;33193;1
11;279;7;12222;28
11;87;6;5013;2
11;148;6;1111;7
11;258;7;12222;25
11;265;6;1111;5
11;265;7;95;15
11;257;6;4488;1
11;46;6;1255;1
11;218;6;4490;3
11;226;5;96;15
11;240;5;700;35
11;242;6;4000;9
11;248;6;4000;6
11;49;6;5511;7
11;198;7;55234;1
11;3;7;15151;1
11;303;6;1111;21
11;302;7;33888;3
11;200;7;70123;1
11;90;6;2244;3
11;278;6;2210;1
11;282;3;12;46
11;210;6;4010;1
11;26;7;15333;2
11;241;7;96;1
11;152;7;14444;1
11;300;6;1000;1
11;25;6;1222;1
11;25;6;1234;3
11;181;6;4477;4
11;306;6;1313;1
11;89;5;700;20
11;39;7;10123;1
11;48;6;2200;5
11;283;6;2277;2
11;8;7;22022;2
11;154;6;2210;3
11;74;7;15123;2
11;282;7;15123;2
11;145;3;13;132
11;196;7;55234;1
11;44;7;95;12
11;44;6;1111;6
11;251;6;2222;10
11;138;7;45999;1
11;117;7;23192;1
11;74;6;4422;1
11;277;7;11999;4
11;117;3;13;123
11;192;7;50777;1
11;143;6;4477;1
11;91;6;2200;6
11;249;6;95;21
11;249;7;45000;6
11;22;6;2211;1
11;15;7;65013;2
11;281;7;12999;26
11;99;7;12345;1
11;111;6;5533;5
11;115;6;4000;9
11;295;7;43211;2
11;293;6;2299;3
11;83;7;22022;1
11;145;6;1512;1
11;304;6;4410;3
11;20;6;2244;9
11;192;7;15123;1
11;279;7;10222;1
11;204;6;2233;4
11;300;7;13333;1
11;31;7;22555;27
11;273;7;23123;1
11;10;6;2288;4
11;54;7;22;1
11;54;7;40;2
11;54;7;45;2
11;54;7;70;1
11;134;7;44666;1
11;274;6;1213;12
11;281;7;13456;14
11;75;7;43211;2
11;36;7;12111;1
11;182;6;5533;9
11;104;6;5555;49
11;203;7;13333;1
11;62;6;1010;6
11;48;7;70222;3
11;247;7;13789;1
11;27;6;4080;2
11;150;7;15333;12
11;66;3;44;36
11;154;6;1221;3
11;136;6;4422;1
11;16;6;2323;1
11;279;6;4490;3
11;278;7;13132;7
11;54;7;14714;1
11;247;6;95;3
11;117;7;22999;1
11;6;3;96;2
11;279;7;22222;1
11;279;7;44190;2
11;254;7;70111;1
11;108;6;1213;12
11;58;6;1292;2
11;272;6;5050;1
11;90;7;12555;1
11;284;7;13777;1
11;203;6;4477;7
11;192;6;1213;14
11;242;6;6565;3
11;248;6;6565;1
11;66;6;1221;18
11;270;5;96;16
11;20;7;13222;3
11;20;6;1322;47
11;97;7;45333;1
11;197;6;1522;1
11;253;6;1221;2
11;88;5;555;5
11;290;6;4444;8
11;72;7;44;1
11;72;7;45;2
11;72;7;55;1
11;260;6;11;1
11;260;6;12;1
11;260;6;13;2
11;260;6;29;1
11;260;7;13;4
11;260;7;19;1
11;260;7;22;1
11;39;6;5001;2
11;287;6;96;8
11;145;6;1333;1
11;77;6;1533;28
11;153;7;13456;17
11;153;7;15888;3
11;90;6;4321;1
11;90;7;30000;1
11;240;6;1222;2
11;267;7;44666;1
11;303;7;13222;1
11;75;6;96;3
11;155;7;13123;2
11;218;7;15333;15
11;2;3;13;45
11;186;7;22111;2
11;198;6;4080;1
11;20;7;22126;1
11;307;7;70070;3
11;4;6;5555;145
11;172;6;2233;1
11;228;6;4400;2
11;228;7;70090;1
11;150;7;70222;1
11;289;7;22444;1
11;164;6;1299;1
11;136;7;12500;5
11;300;6;2233;2
11;77;7;44123;1
11;41;7;12300;2
11;198;6;2200;1
11;268;7;12500;1
11;232;7;12111;1
11;218;6;5533;9
11;198;7;22777;2
11;130;6;4488;3
11;3;7;44190;1
11;115;6;1212;1
11;82;6;1313;3
11;257;7;44666;5
11;281;6;4444;4
11;290;7;80180;2
11;182;7;23192;1
11;202;6;4422;4
11;80;6;1313;3
11;250;5;700;43
11;240;7;13258;1
11;206;7;22000;1
11;8;6;4088;1
11;97;7;11444;7
11;110;3;95;7
11;280;7;12345;1
11;284;7;12123;1
11;44;7;22777;5
11;136;6;1213;14
11;38;6;4444;2
11;108;7;11444;17
11;135;7;15123;7
11;87;7;70123;2
11;87;5;700;29
11;108;6;2244;19
11;37;6;2244;9
11;265;6;1511;1
11;196;7;10123;3
11;21;7;15122;18
11;46;7;14444;1
11;286;7;13123;5
11;28;6;2277;12
11;168;7;33193;1
11;168;7;55555;2
11;298;7;55555;1
11;147;3;95;1
11;136;7;13456;12
11;136;7;15888;1
11;277;6;1221;3
11;286;6;4444;1
11;239;3;96;8
11;249;6;4488;1
11;271;5;96;24
11;265;7;65013;1
11;297;7;13133;1
11;310;6;5555;13
11;112;7;33888;1
11;277;7;10123;4
11;181;6;1533;6
11;206;5;95;10
11;299;6;2299;1
11;274;6;2201;1
11;66;3;96;6
11;305;7;55234;1
11;9;5;95;4
11;286;7;22777;10
11;293;7;10121;1
11;282;7;12999;35
11;254;7;13132;2
11;202;7;44666;3
11;97;6;96;3
11;44;7;40130;1
11;181;7;15123;9
11;5;6;6565;1
11;107;6;1213;3
11;254;7;10123;4
11;44;6;5511;17
11;295;6;1111;12
11;127;7;95;3
11;305;6;4441;2
11;155;3;44;35
11;78;7;12500;5
11;27;6;1512;1
11;27;6;5599;1
11;132;6;5013;2
11;38;6;2210;3
11;287;3;12;60
11;130;6;1221;1
11;167;6;4477;1
11;66;6;5555;43
11;236;6;5533;2
11;21;6;96;2
11;241;6;4490;2
11;138;7;13123;9
11;252;6;1212;1
11;207;7;10700;1
11;194;7;44123;1
11;179;7;44888;1
11;73;7;12999;39
11;290;7;22190;1
11;133;7;12222;41
11;28;6;1323;1
11;301;7;44369;4
11;117;6;2288;7
11;49;7;45333;2
11;276;7;45333;2
11;129;6;96;4
11;133;7;10190;1
11;1;6;4410;9
11;15;6;7060;1
11;68;6;95;2
11;68;7;45000;1
11;109;7;12999;40
11;270;3;12;59
11;1;6;5500;1
11;76;7;95;4
11;246;6;1221;4
11;127;6;7011;1
11;182;6;2256;1
11;243;6;1533;5
11;205;6;4456;1
11;97;6;7040;1
11;285;7;65013;3
11;107;6;5555;65
11;145;6;5533;1
11;171;7;50500;1
11;120;7;12;1
11;120;7;13;11
11;120;7;15;3
11;120;7;33;1
11;120;7;44;1
11;120;7;55;2
11;120;6;11;1
11;120;6;12;2
11;120;6;13;1
11;120;6;22;1
11;120;6;40;2
11;120;6;44;1
11;120;6;55;2
11;188;7;44333;1
11;181;5;131;208
11;6;6;1533;7
11;84;6;95;2
11;135;6;4456;1
11;283;7;55555;1
11;193;6;2200;6
11;179;7;12500;2
11;296;6;1000;1
11;273;7;13133;4
11;277;7;13258;1
11;302;7;45333;1
11;171;6;4410;4
11;285;6;2211;1
11;199;7;22222;1
11;246;7;13258;2
11;82;7;13258;3
11;189;6;1323;1
11;179;5;131;157
11;288;6;1314;1
11;53;7;13333;1
11;179;3;44;9
11;228;6;1322;47
11;46;7;15151;2
11;241;5;131;213
11;280;7;12999;17
11;58;7;70123;4
11;88;6;4400;1
11;58;5;700;22
11;152;7;12500;3
11;297;7;12123;5
11;74;7;15122;21
11;290;6;1277;2
11;55;7;96;3
11;122;6;2201;9
11;50;7;15122;27
11;22;6;95;7
11;307;7;44567;3
11;112;5;96;15
11;121;3;44;32
11;202;6;1292;3
11;276;7;22022;1
11;239;6;5511;14
11;291;7;95;17
11;294;6;1322;44
11;36;6;5555;64
11;160;6;96;5
11;251;5;95;6
11;238;7;70;1
11;228;7;13222;3
11;49;7;15222;1
11;49;7;44369;1
11;193;5;96;12
11;274;7;13123;4
11;225;7;13123;7
11;116;6;1251;2
11;203;6;1000;1
11;15;6;4447;2
11;115;7;12333;1
11;78;7;12111;1
11;78;7;33200;2
11;38;7;33888;1
11;290;7;12999;14
11;297;7;15123;3
11;272;5;131;205
11;274;6;6565;2
11;140;7;22222;6
11;140;7;44190;6
11;157;6;4410;1
11;87;6;1326;1
11;204;7;15;2
11;204;7;45;1
11;204;7;55;2
11;154;3;96;4
11;53;6;2255;1
11;84;6;5555;7
11;22;7;22777;4
11;154;6;1010;5
11;275;7;15123;2
11;251;7;22222;7
11;251;7;44190;1
11;198;6;96;7
11;285;6;6565;2
11;154;6;5555;24
11;108;7;12222;51
11;20;7;15333;2
11;294;5;700;4
11;10;7;22222;1
11;278;3;13;140
11;154;7;44666;2
11;35;7;13222;9
11;90;7;12111;1
11;90;7;33200;1
11;68;6;1321;1
11;80;7;11113;7
11;39;7;95;10
11;219;7;50500;2
11;250;3;44;54
11;277;7;13456;13
11;277;7;15888;5
11;239;3;13;109
11;250;7;13258;2
11;295;7;10000;3
11;119;3;80;1
11;148;6;4445;3
11;273;7;33193;1
11;83;5;555;2
11;21;6;4490;4
11;30;5;131;112
11;90;7;13444;1
11;261;6;2200;1
11;285;7;23190;1
11;228;6;5511;8
11;292;7;44027;1
11;273;6;5555;33
11;164;6;2288;1
11;252;6;1010;3
11;285;7;44447;1
11;243;6;1322;50
11;168;6;4444;3
11;53;7;22777;8
11;50;7;33600;2
11;278;6;6565;1
11;288;6;4410;7
11;257;6;1313;4
11;65;6;1221;7
11;181;6;2222;4
11;186;6;1213;5
11;257;6;1122;1
11;49;7;33193;1
11;49;7;70700;1
11;168;7;65123;1
11;302;7;50013;2
11;199;6;5567;1
11;168;6;11;1
11;168;6;12;1
11;168;6;13;1
11;168;6;33;1
11;129;5;95;2
11;218;7;45333;3
11;300;6;5533;3
11;4;6;5533;2
11;202;7;15122;40
11;91;3;44;46
11;110;7;22222;4
11;110;7;44190;1
11;91;6;4400;1
11;216;3;12;48
11;136;7;23;1
11;136;7;40;1
11;136;7;44;2
11;243;7;12500;5
11;121;6;2255;1
11;285;7;23123;1
11;105;6;4422;2
11;129;7;13258;1
11;207;6;2277;2
11;72;5;96;16
11;260;5;96;9
11;74;5;96;10
11;167;5;96;12
11;44;6;4445;3
11;215;7;15122;33
11;250;7;11444;6
11;257;7;15120;1
11;254;6;2288;6
11;155;7;12600;1
11;155;7;65700;1
11;133;6;5522;1
11;133;6;95;9
11;47;6;96;9
11;216;7;15555;1
11;228;6;1221;8
11;28;7;15222;1
11;35;6;1020;1
11;8;7;13456;14
11;8;7;15888;1
11;283;6;2244;5
11;179;3;12;55
11;198;6;1515;1
11;116;7;10123;3
11;291;6;4400;1
11;199;3;44;35
11;91;7;13234;1
11;156;6;5511;1
11;75;7;13234;1
11;147;7;65000;1
11;288;6;2222;7
11;15;6;4444;1
11;208;6;2299;1
11;148;7;33193;1
11;148;7;55555;2
11;47;6;6565;3
11;130;6;2222;4
11;261;7;22222;1
11;36;7;13133;9
11;275;7;13;5
11;275;7;22;1
11;275;7;55;3
11;160;7;13;18
11;160;7;22;1
11;160;7;45;2
11;160;7;55;1
11;160;7;70;1
11;197;7;90192;1
11;284;6;2211;2
11;16;6;1322;8
11;37;6;1000;2
11;171;6;4444;28
11;160;6;1322;156
11;215;6;2201;1
11;46;6;2244;4
11;250;6;1313;2
11;48;6;5078;1
11;6;7;55888;1
11;8;6;1500;1
11;203;7;12345;1
11;164;5;131;159
11;268;7;12345;1
11;66;6;1222;1
11;150;5;96;6
11;160;7;95;8
11;185;6;2288;3
11;134;6;96;4
11;134;6;1588;2
11;46;7;12300;1
11;285;6;1522;1
11;250;6;1213;2
11;296;7;44567;2
11;199;7;12999;9
11;257;7;45333;3
11;286;7;45333;1
11;6;6;2255;1
11;68;6;2299;1
11;295;7;12500;9
11;158;7;55333;1
11;293;5;131;105
11;179;7;13123;4
11;272;6;7090;2
11;202;6;2210;3
11;172;6;1111;2
11;172;7;95;6
11;22;6;5060;1
11;54;6;4455;1
11;276;6;2211;2
11;39;5;131;189
11;251;7;70090;1
11;134;6;1500;2
11;179;6;1234;1
11;239;5;131;188
11;88;7;12123;1
11;168;6;1314;1
11;160;7;22022;3
11;132;6;2233;1
11;293;7;12600;2
11;83;6;5511;6
11;289;7;45000;2
11;273;6;4410;4
11;20;7;13123;1
11;250;6;3323;1
11;206;7;13133;4
11;289;7;96;14
11;150;6;2222;2
11;169;6;2222;5
11;117;6;2255;1
11;138;6;12;1
11;138;6;23;1
11;138;7;11;1
11;138;7;12;5
11;138;7;13;11
11;138;7;40;4
11;138;7;45;1
11;58;6;2277;14
11;155;6;2277;4
11;239;7;10000;1
11;304;6;2200;2
11;300;7;22126;1
11;66;7;44888;1
11;274;5;131;209
11;304;7;14444;1
11;29;6;96;7
11;104;6;4000;1
11;287;6;1533;11
11;208;6;1313;2
11;280;6;1313;2
11;91;3;96;5
11;16;7;12111;1
11;16;7;22522;1
11;250;7;12300;1
11;265;7;11999;1
11;101;5;555;1
11;41;7;12111;1
11;197;6;2200;1
11;196;6;5533;4
11;69;7;12000;1
11;91;7;44369;1
11;28;7;13132;10
11;268;6;1111;2
11;202;6;1010;6
11;202;6;4456;1
11;120;5;131;160
11;88;6;4410;5
11;123;6;96;1
11;261;6;4410;4
11;50;7;70007;1
11;202;6;5013;1
11;58;6;1222;1
11;268;7;44888;1
11;23;7;50500;1
11;39;7;12111;1
11;54;7;13789;1
11;31;6;2222;1
11;200;3;96;6
11;307;6;1522;1
11;273;7;22777;8
11;53;6;95;7
11;249;7;13333;1
11;232;7;12222;26
11;236;6;6565;1
11;157;3;12;15
11;306;7;22234;1
11;239;6;2288;12
11;155;6;5555;23
11;186;7;12123;1
11;306;6;5060;1
11;290;6;1213;12
11;67;6;4410;1
11;48;6;1251;1
11;301;7;50444;2
11;298;7;33111;1
11;185;7;70070;3
11;247;3;95;2
11;53;7;13222;3
11;192;6;1233;1
11;284;6;4477;1
11;248;7;55555;2
11;49;6;1292;2
11;275;6;1000;1
11;88;6;5001;2
11;304;6;5055;1
11;304;7;11222;4
11;275;5;95;18
11;278;6;1533;15
11;297;7;12111;1
11;10;5;131;201
11;252;6;1299;2
11;279;5;95;6
11;307;7;22222;12
11;49;7;10123;4
11;258;7;12300;3
11;83;6;2222;12
11;106;7;10123;2
11;58;7;22190;1
11;58;5;131;161
11;107;7;70007;1
11;301;7;13777;2
11;47;6;1313;2
11;278;7;70123;7
11;278;5;700;34
11;47;7;70222;2
11;215;7;13132;1
11;215;7;70222;3
11;215;7;10123;6
11;47;7;10123;4
11;277;7;14;1
11;277;7;11;1
11;277;7;12;1
11;277;7;13;9
11;148;7;22222;4
11;78;6;2244;2
11;270;6;1313;1
11;66;7;13132;1
11;98;6;1213;1
11;30;6;2277;1
11;290;7;33888;1
11;205;6;4000;11
11;22;6;4410;4
11;98;7;13456;11
11;122;3;13;118
11;116;6;2222;3
11;278;7;15151;1
11;204;6;1155;3
11;204;7;55888;2
11;290;7;12600;1
11;268;6;1000;1
11;205;6;1122;1
11;202;7;12500;4
11;204;6;6565;1
11;299;6;1277;1
11;38;7;45555;1
11;197;6;2299;1
11;238;6;5555;40
11;290;6;4410;4
11;153;7;23123;1
11;5;3;44;15
11;297;6;12;6
11;297;6;13;9
11;250;7;15151;1
11;306;7;13132;7
11;306;7;70222;1
11;270;6;4444;6
11;164;7;13456;13
11;164;7;15888;1
11;47;6;1010;4
11;47;6;4456;2
11;115;7;70070;1
11;120;6;4080;1
11;272;7;55333;1
11;302;7;13456;9
11;302;7;15888;1
11;111;7;22123;1
11;257;6;2277;14
11;287;7;10123;2
11;307;5;700;79
11;304;3;96;5
11;134;3;95;1
11;228;3;96;8
11;205;7;13123;7
11;77;7;11444;6
11;41;7;10123;3
11;27;6;1111;1
11;27;7;95;7
11;101;7;44027;1
11;112;6;2255;1
11;91;6;2233;1
11;278;7;13234;1
11;290;7;13111;1
11;46;6;5511;16
11;98;6;1111;11
11;48;6;5060;1
11;195;6;5055;2
11;243;7;13123;4
11;37;5;96;11
11;183;5;96;19
11;26;6;1533;7
11;21;7;22555;1
11;55;6;5555;5
11;134;6;4444;5
11;21;6;2201;1
11;251;6;1214;1
11;171;6;1292;4
11;194;6;2277;5
11;210;7;13133;5
11;176;6;2222;1
11;287;7;15;1
11;287;7;22;1
11;287;7;55;1
11;183;7;13013;1
11;183;7;45333;1
11;205;7;12300;1
11;122;5;95;2
11;58;7;15333;7
11;110;6;1234;1
11;153;7;10123;2
11;28;6;2222;4
11;286;6;4400;1
11;285;7;33300;1
11;273;6;1577;1
11;104;7;12333;4
11;289;7;13456;10
11;289;7;15888;1
11;39;7;65013;4
11;210;6;4422;2
11;295;7;23192;4
11;168;6;5055;3
11;147;7;55555;2
11;297;6;5005;2
11;261;7;15122;3
11;68;7;44369;2
11;238;7;12456;1
11;302;7;12500;1
11;238;7;10123;8
11;289;6;6565;2
11;99;3;96;3
11;183;7;45555;1
11;156;5;95;6
11;54;7;12000;1
11;101;7;13456;10
11;48;7;13456;14
11;48;7;15888;3
11;273;5;700;26
11;130;6;1277;2
11;89;6;2255;1
11;232;6;1199;1
11;89;6;1010;7
11;89;6;4456;1
11;15;7;44027;1
11;154;6;4410;5
11;270;6;1322;59
11;249;6;7044;2
11;91;7;44666;1
11;48;6;4477;2
11;110;7;44020;1
11;110;7;96;6
11;254;6;1311;1
11;134;5;700;46
11;169;6;6565;1
11;283;7;15333;3
11;10;3;95;6
11;53;7;55333;1
11;246;7;55888;2
11;206;7;13123;7
11;270;7;23192;1
11;281;7;15123;7
11;89;7;96;3
11;265;7;22777;11
11;48;7;36007;1
11;251;7;33888;1
11;285;7;43211;1
11;216;5;555;3
11;274;6;1515;1
11;111;6;1251;1
11;241;7;55333;1
11;199;6;7069;2
11;183;7;10000;1
11;236;7;12123;4
11;307;6;1221;3
11;80;7;13131;1
11;129;7;13123;4
11;98;7;13222;7
11;76;5;700;3
11;301;3;95;5
11;239;7;65013;1
11;300;7;95;28
11;4;7;95;3
11;4;6;1111;5
11;249;6;7077;1
11;304;6;4422;1
11;145;6;1214;1
11;259;7;12100;5
11;210;7;55333;2
11;132;7;44666;3
11;252;6;1213;4
11;208;7;12999;20
11;238;7;11222;3
11;291;3;12;49
11;101;7;11444;18
11;214;7;13222;1
11;241;6;1512;1
11;49;7;12500;6
11;276;7;12500;3
11;53;6;13;1
11;53;6;14;1
11;53;6;22;1
11;53;6;50;1
11;53;7;12;1
11;53;7;13;8
11;53;7;40;1
11;53;7;55;1
11;110;7;44123;6
11;247;3;13;70
11;206;6;1299;2
11;304;7;23333;1
11;84;7;13456;8
11;265;6;95;8
11;10;7;33888;2
11;195;6;1214;1
11;246;7;55555;1
11;251;6;2200;1
11;69;6;95;3
11;307;6;2288;9
11;310;7;12000;1
11;127;7;15333;3
11;7;3;12;88
11;48;6;1292;1
11;288;7;12222;28
11;282;7;13132;5
11;287;6;5555;25
11;189;7;15122;54
11;307;5;96;6
11;270;7;44369;2
11;270;7;15222;1
11;133;7;22222;3
11;133;7;44190;1
11;204;7;10123;3
11;305;7;70007;1
11;15;6;1213;3
11;261;6;1213;7
11;47;7;13133;4
11;251;6;7040;3
11;226;7;33888;2
11;294;6;1010;1
11;7;6;5533;2
11;198;7;13132;1
11;219;6;96;1
11;202;6;1000;1
11;55;7;11113;4
11;55;7;22022;2
11;22;6;1213;7
11;236;6;2288;6
11;31;6;2323;1
11;143;5;96;5
11;65;7;12555;1
11;198;7;55333;1
11;127;3;13;87
11;7;3;95;3
11;205;6;15;1
11;205;6;23;1
11;205;7;12;3
11;205;7;13;17
11;205;7;15;1
11;205;7;44;1
11;205;7;45;1
11;205;7;70;1
11;98;6;5588;1
11;250;7;22222;4
11;250;7;44190;2
11;249;6;5001;2
11;206;3;96;7
11;216;6;1599;1
11;20;3;95;1
11;110;7;44111;1
11;46;3;44;63
11;156;7;22222;1
11;156;7;44190;1
11;273;7;96;6
11;205;6;5555;29
11;105;6;5555;11
11;171;3;44;42
11;28;6;2211;29
11;109;7;12222;49
11;122;7;11444;5
11;254;6;4477;3
11;260;6;4000;3
11;275;6;4456;1
11;136;7;10000;2
11;39;7;11444;13
11;271;6;7040;2
11;210;6;1000;1
11;249;5;131;204
11;48;6;4422;4
11;299;7;15122;21
11;249;3;80;1
11;260;6;2277;3
11;295;6;1222;1
11;295;6;1234;1
11;22;7;12456;1
11;292;7;12999;29
11;21;7;22777;1
11;167;3;13;128
11;26;6;5511;1
11;293;6;5555;27
11;171;7;11222;10
11;236;7;10123;3
11;301;7;22555;2
11;288;7;13777;1
11;208;5;95;8
11;112;5;95;2
11;25;7;70007;2
11;15;6;1111;6
11;261;6;1111;33
11;48;6;2288;7
11;301;6;1213;11
11;185;7;23123;3
11;297;7;23123;1
11;116;6;6565;2
11;218;3;12;60
11;240;6;1212;1
11;99;7;22222;1
11;138;6;2200;1
11;123;7;15123;14
11;148;7;65234;2
11;239;7;15122;34
11;239;7;43640;1
11;105;6;1221;1
11;183;7;33193;3
11;270;5;95;13
11;6;5;96;11
11;152;7;15331;1
11;91;7;22222;3
11;154;6;2211;3
11;247;7;12333;1
11;89;3;95;6
11;89;6;1500;1
11;272;6;1214;1
11;182;7;15333;5
11;252;6;1533;12
11;252;3;96;8
11;153;6;4410;5
11;46;7;70222;3
11;46;7;13132;2
11;204;6;1010;3
11;204;6;4456;1
11;117;7;65013;1
11;36;6;1313;2
11;293;6;1455;1
11;293;7;12222;25
11;66;7;22222;1
11;179;6;2233;2
11;226;6;1322;31
11;291;3;96;5
11;3;6;1299;1
11;285;6;1111;5
11;101;6;96;14
11;305;6;1111;4
11;305;7;95;14
11;210;7;11444;24
11;150;6;1322;19
11;169;6;1322;32
11;101;3;95;3
11;171;6;1512;1
11;168;6;4000;33
11;155;6;1323;1
11;193;6;6565;4
11;183;6;4422;2
11;167;6;4490;2
11;289;6;1010;7
11;289;6;4456;1
11;249;6;4422;1
11;292;6;4477;4
11;226;7;13222;3
11;44;7;96;9
11;281;7;13123;10
11;252;6;2222;2
11;76;6;95;5
11;112;6;1322;121
11;10;7;70123;1
11;10;5;700;10
11;155;6;1512;3
11;41;6;2244;3
11;284;7;13258;3
11;287;5;95;18
11;83;7;10123;3
11;207;6;5511;11
11;193;7;12112;1
11;193;7;70070;1
11;89;6;1233;1
11;115;7;15333;7
11;295;7;65123;3
11;215;6;1232;1
11;91;6;1222;1
11;140;6;1155;1
11;78;5;96;7
11;29;6;2222;5
11;74;7;13234;1
11;267;6;2201;1
11;1;7;15123;2
11;35;7;11444;54
11;301;7;44666;2
11;286;7;22555;8
11;49;6;95;16
11;293;6;1512;1
11;225;7;12500;6
11;295;7;13258;4
11;243;6;1252;1
11;274;7;11113;1
11;274;7;22022;5
11;58;7;44190;2
11;155;7;22222;1
11;155;7;44190;4
11;40;5;96;10
11;273;7;23190;1
11;208;7;12222;75
11;280;7;12222;10
11;202;6;4444;3
11;87;7;22022;3
11;301;7;10123;3
11;257;7;23192;1
11;292;7;15333;1
11;240;7;12600;1
11;286;6;4410;8
11;251;6;1321;1
11;290;6;2200;1
11;295;7;12888;1
11;31;7;12999;14
11;238;3;44;34
11;73;7;43333;4
11;168;6;4477;2
11;225;3;44;46
11;288;7;45333;5
11;189;5;131;204
11;193;7;44789;1
11;37;6;4422;2
11;64;6;95;2
11;199;6;4477;2
11;1;7;45645;1
11;292;6;4455;1
11;75;6;5555;41
11;47;6;2211;1
11;67;7;13222;11
11;294;6;2288;1
11;215;6;5533;7
11;290;6;5511;19
11;265;3;12;64
11;274;7;33111;2
11;228;7;15333;5
11;286;6;4466;1
11;250;6;96;12
11;290;7;23192;1
11;35;6;1323;1
11;301;6;10;1
11;301;6;13;3
11;6;6;2211;1
11;292;7;15222;2
11;292;7;44369;1
11;119;7;12500;1
11;301;6;44;2
11;301;7;13;9
11;301;7;22;1
11;301;7;40;1
11;301;7;65;1
11;83;7;55011;1
11;298;6;5533;7
11;154;6;4022;1
11;271;6;2200;1
11;9;7;22222;1
11;9;7;44190;2
11;136;7;13123;4
11;243;7;50013;1
11;127;6;5199;3
11;29;7;33888;1
11;226;7;33000;1
11;290;6;5055;7
11;290;7;11222;3
11;261;6;95;9
11;270;6;1292;3
11;64;7;15;1
11;242;6;2288;9
11;8;6;65;1
11;8;6;12;5
11;8;6;13;4
11;8;6;22;1
11;293;6;2200;5
11;99;6;1213;1
11;250;6;2233;1
11;171;7;70123;4
11;171;5;700;29
11;267;6;5050;2
11;148;6;5511;13
11;297;7;13222;2
11;287;7;44777;1
11;23;7;36190;1
11;283;5;131;81
11;184;6;96;1
11;90;6;1322;19
11;66;6;1422;1
11;90;7;70200;1
11;273;7;13131;2
11;48;6;2222;14
11;185;7;15122;3
11;297;7;15122;30
11;5;6;4490;1
11;250;6;5555;23
11;155;6;5511;7
11;293;7;22126;1
11;271;6;2255;1
11;123;7;12123;1
11;122;6;2233;1
11;82;6;4400;1
11;259;6;4444;1
11;291;7;12333;2
11;195;6;1322;28
11;218;6;4000;11
11;253;5;96;12
11;99;6;2022;1
11;292;6;1313;2
11;196;7;15333;1
11;295;6;1099;1
11;189;6;1319;1
11;76;6;4433;1
11;39;6;4406;1
11;198;7;15123;1
11;286;7;55555;3
11;48;7;12220;1
11;182;6;5590;1
11;304;6;1512;1
11;239;7;22222;4
11;239;7;44190;9
11;305;6;96;9
11;88;7;10000;1
11;37;5;555;5
11;183;5;555;2
11;295;6;5567;2
11;37;6;96;3
11;206;7;70123;1
11;9;7;96;8
11;204;7;12111;1
11;267;7;23123;2
11;120;6;4040;1
11;253;6;4422;2
11;54;6;1322;28
11;91;6;4410;6
11;236;3;95;7
11;90;6;2201;2
11;285;6;1010;2
11;291;7;10122;3
11;121;7;11222;1
11;303;7;11444;16
11;53;6;1111;5
11;156;7;22022;5
11;130;7;15120;16
11;121;6;5511;4
11;267;6;1512;3
11;168;6;7020;1
11;291;7;12;1
11;291;7;13;7
11;291;7;65;1
11;291;6;22;1
11;210;6;1313;2
11;37;6;2255;1
11;104;6;1123;1
11;296;5;96;31
11;44;7;23192;2
11;195;7;13222;2
11;293;7;44777;1
11;44;6;2288;7
11;286;7;10737;1
11;62;3;12;70
11;290;5;96;5
11;116;7;12500;1
11;72;6;1234;1
11;260;6;1222;2
11;260;6;1234;1
11;195;6;2201;1
11;99;7;10369;11
11;183;6;7040;1
11;179;7;15555;2
11;109;6;7040;1
11;25;7;12500;14
11;74;6;5533;2
11;76;7;22555;2
11;119;6;2255;1
11;194;6;1213;5
11;265;7;44447;1
11;307;7;96;6
11;268;7;23192;1
11;87;7;33193;4
11;87;7;55555;1
11;68;7;70090;1
11;110;5;131;150
11;305;7;12999;9
11;189;6;96;3
11;286;3;96;7
11;210;7;22022;2
11;36;6;1212;2
11;151;6;1221;1
11;200;6;1531;1
11;280;6;5533;3
11;285;7;44543;1
11;249;6;7011;1
11;251;6;4422;2
11;239;7;12000;3
11;50;6;95;7
11;55;6;2222;2
11;105;6;2299;3
11;196;7;50500;2
11;105;6;1322;25
11;55;7;65700;1
11;182;3;44;37
11;7;7;22777;1
11;47;7;22222;4
11;47;7;44190;11
11;215;7;22222;3
11;215;7;44190;6
11;275;7;12111;1
11;287;6;1213;6
11;129;3;12;96
11;86;3;13;91
11;46;6;5007;1
11;272;7;22555;2
11;183;7;11222;2
11;153;3;13;100
11;216;6;1222;1
11;148;6;1313;1
11;295;3;44;60
11;202;7;22010;1
11;181;3;44;49
11;197;6;4422;2
11;138;7;12999;20
11;238;6;7040;2
11;28;7;13123;5
11;250;6;4422;3
11;301;7;13123;4
11;104;7;22222;1
11;228;7;50111;1
11;226;7;11444;12
11;185;6;1212;1
11;282;6;1145;1
11;110;6;1533;7
11;97;6;1234;4
11;62;6;1522;1
11;189;7;22022;2
11;288;6;5533;1
11;200;7;15333;2
11;252;7;13;16
11;252;7;15;1
11;252;7;22;1
11;252;7;40;1
11;252;7;55;1
11;226;7;14190;1
11;210;7;12222;46
11;208;5;700;53
11;104;6;2244;4
11;88;7;12333;1
11;272;7;22777;3
11;301;7;23323;1
11;296;7;22222;3
11;292;6;4490;3
11;292;6;5588;2
11;271;7;44123;2
11;289;7;55888;1
11;1;7;44123;6
11;207;6;5050;1
11;215;6;1111;7
11;50;7;44666;1
11;176;7;13123;107
11;49;7;13222;1
11;310;5;160;1
11;130;6;5533;1
11;288;6;1222;1
11;8;6;1322;35
11;160;7;13258;5
11;47;7;22888;1
11;4;7;12500;147
11;179;7;15122;4
11;265;7;12500;7
11;153;7;13133;1
11;275;6;1010;3
11;97;5;700;11
11;202;7;44123;2
11;310;7;95;4
11;127;5;95;1
11;7;6;5555;97
11;83;3;13;162
11;204;7;70090;1
11;271;6;1222;1
11;271;6;1234;1
11;196;6;2244;6
11;169;6;4410;1
11;219;5;555;4
11;208;6;5007;1
11;180;6;2244;9
11;267;7;22;1
11;267;7;70;1
11;39;6;1322;30
11;65;7;13456;47
11;241;7;11444;4
11;31;7;45;1
11;31;6;11;2
11;31;6;12;4
11;31;6;13;4
11;31;6;15;2
11;31;6;55;1
11;5;3;96;3
11;205;5;131;178
11;192;6;1522;3
11;112;6;11;1
11;112;6;13;5
11;112;6;22;3
11;101;6;95;5
11;179;7;15333;8
11;185;7;96;4
11;226;7;15555;1
11;37;7;50500;4
11;261;6;7040;1
11;185;6;5511;2
11;218;7;12999;29
11;204;7;22777;6
11;35;6;5555;31
11;216;7;15122;53
11;179;6;1299;1
11;179;6;1513;1
11;41;7;14678;1
11;41;7;95;4
11;288;7;15122;38
11;288;7;43640;1
11;16;6;5533;1
11;195;7;12999;13
11;50;6;5511;1
11;154;6;5511;4
11;31;6;4422;1
11;278;7;15122;42
11;286;5;95;19
11;28;7;15122;38
11;101;6;1441;1
11;16;3;95;2
11;278;6;12;1
11;278;6;13;3
11;278;7;10;1
11;278;7;11;1
11;278;7;13;9
11;278;7;15;1
11;278;7;55;2
11;278;7;70;1
11;167;6;4410;3
11;246;7;12555;3
11;58;6;1322;21
11;29;6;2233;10
11;302;7;13123;4
11;41;6;1213;5
11;91;5;96;18
11;207;7;13258;2
11;306;3;13;109
11;47;7;13456;9
11;155;7;70007;2
11;228;6;7000;1
11;207;6;4444;1
11;37;7;22010;1
11;197;6;5120;1
11;195;6;5060;1
11;281;7;12444;1
11;289;6;4445;1
11;31;7;11444;12
11;188;6;4444;4
11;249;6;1213;16
11;254;6;1522;1
11;214;6;2255;3
11;156;7;12999;10
11;90;7;96;5
11;107;6;5533;2
11;310;6;1010;1
11;310;6;4456;1
11;236;7;13789;1
11;111;3;12;57
11;290;7;10000;3
11;194;6;2244;11
11;248;3;96;8
11;228;6;5588;2
11;6;6;1213;3
11;75;7;22556;1
11;192;6;1245;1
11;278;6;1214;1
11;15;7;50013;1
11;112;6;95;4
11;205;6;4444;7
11;215;5;700;34
11;194;6;1292;2
11;39;6;1111;4
11;99;5;96;5
11;295;6;2244;4
11;207;6;7000;1
11;260;5;700;6
11;115;7;15122;2
11;104;6;2299;3
11;110;6;4477;3
11;77;6;2222;5
11;199;6;2323;2
11;200;6;2255;2
11;199;6;2200;11
11;171;3;95;3
11;54;7;15151;3
11;288;7;14244;1
11;195;6;2277;2
11;249;6;2288;6
11;112;7;96;2
11;25;7;96;6
11;292;7;23123;3
11;23;7;22022;1
11;281;7;22777;4
11;253;7;11113;1
11;40;6;5120;1
11;204;6;1588;3
11;204;6;96;6
11;300;6;5555;28
11;39;6;1212;1
11;88;7;12222;27
11;78;7;13456;13
11;87;6;2255;1
11;293;6;1533;2
11;305;7;70321;1
11;207;6;4490;5
11;207;7;11444;12
11;301;6;5555;27
11;246;6;2244;15
11;8;6;4444;1
11;198;6;7090;1
11;238;7;70123;2
11;238;5;700;18
11;50;6;1533;7
11;156;7;44123;2
11;29;7;12222;78
11;88;6;4490;2
11;88;3;96;6
11;192;7;12000;2
11;111;6;5511;4
11;252;7;45045;1
11;116;7;12144;4
11;156;6;1333;1
11;253;6;5511;2
11;253;5;160;2
11;247;6;96;1
11;298;7;22777;5
11;292;6;11;1
11;292;6;12;1
11;292;6;13;5
11;226;6;4490;4
11;239;7;70123;4
11;239;5;700;61
11;23;5;95;3
11;88;7;70070;1
11;291;5;700;30
11;87;6;7090;2
11;246;6;2201;1
11;136;3;44;42
11;28;7;12222;26
11;10;7;96;7
11;129;7;22777;18
11;182;6;4490;1
11;182;6;5588;1
11;286;6;5044;1
11;286;7;12333;1
11;138;6;5588;1
11;138;6;4490;1
11;194;6;5588;1
11;88;6;2210;1
11;130;6;1533;24
11;272;6;4456;1
11;272;6;1010;1
11;181;6;2200;4
11;21;6;2211;1
11;249;7;12222;63
11;206;6;2211;2
11;155;6;4422;2
11;218;3;13;173
11;267;6;1213;8
11;130;6;1512;1
11;206;6;5511;9
11;206;7;15010;1
11;49;7;96;4
11;276;7;96;4
11;303;3;96;2
11;89;6;2222;2
11;105;7;15122;36
11;188;6;2288;2
11;289;6;5020;1
11;286;6;95;27
11;303;7;95;5
11;208;7;15123;4
11;218;5;96;17
11;305;6;1000;3
11;54;7;45333;1
11;62;6;95;4
11;214;7;12999;25
11;208;6;2288;9
11;281;6;2233;2
11;182;7;65234;1
11;148;7;12300;2
11;50;7;13456;14
11;50;7;15888;2
11;65;7;12345;1
11;210;6;95;6
11;55;6;1111;5
11;55;7;95;1
11;232;7;13133;2
11;303;7;15122;6
11;251;7;11444;9
11;310;7;11000;1
11;99;6;2010;1
11;87;7;70321;1
11;172;6;5511;1
11;169;6;1512;1
11;169;6;96;3
11;277;7;96;5
11;120;7;10124;1
11;292;3;13;134
11;151;7;22777;5
11;261;6;4321;1
11;38;6;2200;6
11;282;6;2288;15
11;112;6;1111;1
11;4;6;2211;3
11;181;6;1313;1
11;204;6;95;10
11;204;7;45000;1
11;135;7;44123;1
11;26;7;55011;1
11;199;7;23123;2
11;203;6;95;11
11;36;6;4477;1
11;72;7;12;2
11;72;7;13;16
11;72;7;22;1
11;286;6;5588;6
11;208;6;5599;1
11;207;6;4447;1
11;26;5;700;28
11;242;7;13123;2
11;275;7;12555;3
11;64;6;1299;3
11;253;3;44;26
11;132;7;50500;4
11;243;6;96;11
11;76;6;4477;1
11;208;6;5555;64
11;10;6;1322;34
11;80;7;13222;1
11;260;7;96;2
11;132;7;55555;1
11;132;7;33193;2
11;168;6;2244;12
11;282;6;1214;3
11;152;5;555;1
11;179;7;33111;2
11;189;7;22777;3
11;198;7;10123;1
11;248;6;1323;3
11;150;7;12500;13
11;88;6;1333;1
11;78;7;13222;5
11;205;7;13258;5
11;242;5;95;12
11;254;6;1222;4
11;252;5;95;10
11;248;5;95;1
11;122;6;4488;1
11;275;7;11111;1
11;289;7;11111;1
11;304;6;5555;22
11;239;6;4000;11
11;203;7;12144;1
11;304;7;15123;4
11;257;5;700;43
11;257;7;70123;1
11;284;6;2288;4
11;182;6;4422;1
11;249;7;13258;4
11;171;6;96;2
11;25;7;11113;1
11;25;7;22022;3
11;41;7;12444;2
11;164;6;1234;1
11;55;5;95;1
11;268;7;15333;6
11;276;5;131;241
11;298;6;6565;6
11;232;6;1214;3
11;134;7;70007;2
11;29;7;22555;3
11;117;5;555;2
11;148;7;44123;4
11;46;6;5050;1
11;148;7;12333;1
11;228;3;95;9
11;127;6;13;1
11;127;7;13;2
11;127;7;19;1
11;127;7;44;1
11;127;7;55;1
11;5;7;13222;1
11;226;6;5050;1
11;292;6;5533;6
11;250;6;5050;1
11;35;6;1111;6
11;99;7;70222;1
11;274;7;12000;3
11;238;7;22222;1
11;20;6;7000;1
11;10;7;44190;1
11;90;6;12;1
11;90;6;13;3
11;90;6;22;1
11;90;7;13;1
11;90;7;40;1
11;90;7;70;1
11;189;7;13123;4
11;193;3;12;56
11;133;7;33133;1
11;9;7;15123;1
11;75;5;131;195
11;5;6;13;3
11;5;6;55;1
11;5;7;11;2
11;5;7;12;3
11;99;7;15122;4
11;5;7;13;5
11;7;6;4445;1
11;123;6;1512;3
11;277;6;11;1
11;277;6;12;2
11;104;7;45300;1
11;8;7;15000;1
11;280;6;95;2
11;41;3;96;8
11;254;6;2222;5
11;35;6;4477;63
11;6;7;12999;4
11;286;7;70070;1
11;153;6;1299;2
11;153;7;22444;1
11;188;7;11444;9
11;298;7;15333;4
11;249;6;5555;55
11;160;7;55555;1
11;164;5;95;13
11;25;6;5555;53
11;243;7;13258;2
11;185;6;2299;2
11;277;3;96;4
11;41;6;4000;3
11;214;7;12500;2
11;273;7;15123;3
11;77;6;5588;4
11;307;3;13;87
11;208;5;131;207
11;46;3;96;9
11;74;6;1232;1
11;202;7;70123;5
11;202;5;700;46
11;120;7;12444;1
11;277;3;44;24
11;197;5;555;1
11;75;7;12222;35
11;8;7;15333;2
11;22;3;12;64
11;41;7;12500;3
11;87;6;7040;1
11;258;7;12999;69
11;47;7;95;17
11;215;7;95;22
11;236;6;1292;2
11;83;6;4088;2
11;192;7;55555;1
11;129;7;45000;1
11;129;6;95;4
11;310;7;13333;1
11;218;7;45300;1
11;97;6;1213;1
11;278;3;12;27
11;105;6;2288;1
11;83;7;44888;1
11;287;7;14888;1
11;133;7;15122;36
11;286;6;4447;1
11;294;6;96;1
11;272;3;96;4
11;272;6;4004;1
11;83;5;95;11
11;91;6;1531;1
11;91;7;44333;2
11;303;3;95;4
11;44;7;44369;1
11;73;7;13456;26
11;251;7;95;14
11;98;7;70222;1
11;101;7;70070;2
11;168;7;13123;6
11;202;6;5050;2
11;41;6;1333;2
11;257;7;15333;2
11;252;3;44;34
11;305;6;5050;1
11;270;6;7011;1
11;287;7;12999;26
11;7;5;95;4
11;2;6;4477;2
11;53;7;50500;1
11;275;6;5555;31
11;293;6;5060;1
11;203;3;12;56
11;107;3;12;76
11;293;7;23192;3
11;284;7;55234;1
11;236;7;15122;35
11;110;3;12;50
11;4;7;22222;2
11;4;7;44190;1
11;164;7;12111;1
11;248;6;1277;1
11;48;7;45333;1
11;15;6;1292;2
11;261;6;1292;2
11;188;7;44369;5
11;200;7;15122;8
11;58;6;1299;2
11;25;6;2299;1
11;215;7;12100;1
11;130;6;4444;5
11;41;6;1111;3
11;306;7;45333;2
11;49;7;70123;1
11;49;5;700;22
11;38;7;70070;1
11;297;6;4477;2
11;208;7;11111;1
11;167;6;4456;1
11;232;6;1512;3
11;88;7;13222;1
11;69;6;1313;1
11;247;7;12111;2
11;271;3;44;53
11;306;6;1221;3
11;280;7;96;1
11;246;6;1292;1
11;243;6;13;3
11;243;7;11;1
11;243;7;12;2
11;243;7;13;10
11;243;7;15;1
11;243;7;70;1
11;119;7;12300;1
11;195;7;65234;1
11;15;7;13555;1
11;199;6;2277;5
11;197;7;11113;3
11;197;7;22022;1
11;307;7;15122;40
11;251;7;70190;1
11;288;7;44543;1
11;46;3;12;92
11;305;6;5501;1
11;36;7;23123;1
11;307;6;5055;1
11;307;7;11222;3
11;226;6;1973;1
11;226;7;15122;39
11;68;5;96;13
11;267;6;4411;3
11;123;6;5567;1
11;10;7;50500;1
11;284;7;55333;1
11;160;7;11222;1
11;104;6;5533;8
11;169;6;1222;1
11;169;6;1234;2
11;46;6;4410;9
11;89;7;15120;1
11;215;6;7069;1
11;208;6;2211;2
11;91;7;50500;1
11;307;6;4444;5
11;135;6;1221;5
11;16;7;12222;24
11;167;7;95;6
11;188;6;95;5
11;239;7;43333;1
11;169;7;65123;1
11;153;6;4422;1
11;5;7;15122;5
11;289;7;55011;1
11;3;6;4000;90
11;7;6;1213;6
11;3;6;1213;1
11;268;6;95;6
11;91;6;1233;1
11;23;6;2222;6
11;282;6;6565;1
11;310;7;96;2
11;82;7;50013;1
11;208;6;2222;7
11;37;7;22777;3
11;290;7;11444;10
11;292;6;2244;9
11;169;7;55888;2
11;310;6;22;1
11;310;7;70;1
11;310;6;13;1
11;310;6;44;1
11;228;5;131;206
11;120;7;11444;3
11;27;7;12789;1
11;198;7;15222;1
11;8;6;95;7
11;39;6;1221;7
11;53;7;11111;1
11;6;7;13456;9
11;6;7;15888;1
11;138;7;96;1
11;89;7;13123;2
11;36;6;1123;1
11;306;6;1016;1
11;272;6;4477;2
11;238;6;4000;18
11;295;6;5555;50
11;246;7;13456;24
11;246;7;15888;5
11;111;6;1000;1
11;196;7;44123;2
11;250;6;1111;2
11;10;6;1232;1
11;36;6;1322;30
11;58;6;5511;1
11;9;3;44;19
11;296;7;12444;1
11;240;6;6565;1
11;249;3;95;6
11;122;6;96;3
11;148;6;2277;5
11;36;7;12114;2
11;147;7;70222;10
11;41;7;23192;1
11;189;7;50180;1
11;8;6;2288;5
11;117;7;15122;25
11;148;6;1212;1
11;258;6;2222;6
11;108;5;131;169
11;196;7;11222;5
11;38;6;2255;2
11;243;6;4410;6
11;111;6;95;9
11;111;7;45000;2
11;218;7;13258;5
11;285;7;23192;1
11;306;6;6565;1
11;197;7;10123;3
11;210;6;2244;11
11;23;7;44111;2
11;1;6;2299;3
11;38;7;96;6
11;206;7;22222;4
11;109;6;2299;2
11;130;5;96;1
11;206;7;44190;6
11;29;3;96;6
11;23;7;70222;5
11;65;7;11444;9
11;210;6;5533;4
11;294;3;95;5
11;75;6;2244;2
11;228;7;70;1
11;228;6;12;3
11;228;6;13;1
11;228;6;40;1
11;228;6;44;1
11;228;6;70;1
11;228;7;11;1
11;228;7;12;3
11;176;6;13;6
11;176;6;44;2
11;176;6;45;1
11;176;7;10;1
11;176;7;11;1
11;176;7;12;1
11;176;7;13;21
11;176;7;15;1
11;83;6;12;5
11;83;6;13;5
11;83;6;23;1
11;83;6;44;1
11;83;7;11;2
11;83;7;12;2
11;83;7;13;20
11;25;6;1277;1
11;83;7;15;1
11;66;3;95;3
11;169;7;22222;1
11;180;3;95;2
11;287;6;4400;2
11;133;5;131;160
11;250;7;95;15
11;26;6;4000;7
11;47;6;5511;18
11;274;6;1322;38
11;265;7;50777;1
11;240;7;11222;1
11;147;7;11444;4
11;77;7;70123;1
11;287;7;55555;1
11;41;6;5511;3
11;298;7;13258;3
11;84;6;2201;1
11;89;6;1322;35
11;87;7;11444;6
11;272;6;2201;1
11;298;7;12456;1
11;298;7;15123;2
11;225;6;1133;1
11;36;6;4400;1
11;122;7;11999;2
11;73;5;700;5
11;132;6;5060;1
11;155;6;15;1
11;207;6;1020;1
11;64;5;95;1
11;30;7;44555;1
11;30;5;700;14
11;251;7;11111;3
11;115;6;1313;1
11;76;6;2299;2
11;202;7;12999;26
11;299;7;96;3
11;272;7;70007;4
11;280;3;96;1
11;111;7;65013;3
11;119;6;1322;15
11;112;3;95;2
11;281;6;5055;1
11;281;7;11222;2
11;66;6;1214;1
11;273;7;55011;1
11;3;7;44020;1
11;3;7;96;1
11;169;7;15122;26
11;121;6;2222;1
11;65;5;700;8
11;283;6;96;2
11;278;7;12345;1
11;87;7;22222;6
11;87;7;44190;1
11;290;7;22222;7
11;290;7;44190;5
11;98;3;96;7
11;91;7;12111;2
11;302;6;4488;1
11;83;7;12999;17
11;286;7;13155;1
11;272;7;13222;4
11;73;6;5555;34
11;89;7;43640;1
11;202;7;22111;1
11;143;7;13123;20
11;39;7;33111;2
11;207;6;4410;5
11;261;7;55333;1
11;270;7;44123;2
11;207;7;22556;1
11;241;7;15122;65
11;208;7;10000;2
11;270;7;44666;2
11;279;6;1322;141
11;204;7;10000;1
11;194;7;44190;1
11;249;6;2244;7
11;49;6;4000;17
11;295;6;2277;7
11;155;6;1213;9
11;232;6;95;16
11;232;7;45000;1
11;180;7;33111;2
11;73;6;1512;1
11;195;6;5005;1
11;176;7;15122;16
11;122;6;4422;1
11;261;6;96;7
11;20;5;555;3
11;110;7;11444;2
11;123;6;1111;1
11;108;6;2299;1
11;67;7;15222;1
11;67;7;44369;2
11;292;7;96;7
11;219;5;131;178
11;153;6;1322;42
11;27;7;13133;2
11;171;3;96;8
11;232;6;2288;6
11;35;6;1221;8
11;293;6;1016;1
11;240;5;131;163
11;84;7;12999;10
11;156;6;5055;2
11;27;7;70123;2
11;27;5;700;8
11;284;7;70070;2
11;82;6;1212;1
11;272;7;15123;3
11;228;7;33888;1
11;40;6;5533;1
11;23;6;2288;2
11;127;3;96;2
11;154;5;555;1
11;47;6;1333;1
11;5;6;1111;2
11;53;7;12400;1
11;53;7;95;8
11;194;5;96;4
11;26;6;2299;1
11;106;7;96;3
11;240;7;33456;1
11;240;6;1122;1
11;28;7;44111;25
11;69;6;2255;1
11;80;7;11444;17
11;215;5;131;211
11;90;7;50013;2
11;6;6;4488;1
11;286;6;1234;2
11;252;5;555;1
11;148;3;95;10
11;242;6;5577;1
11;248;7;12222;71
11;73;7;22322;3
11;109;7;33888;1
11;254;6;2233;2
11;206;7;12999;27
11;88;6;2255;1
11;250;7;44123;1
11;301;3;13;120
11;154;7;65123;1
11;101;6;2277;10
11;249;7;13777;1
11;120;7;33888;15
11;196;6;1221;2
11;296;6;96;8
11;261;7;12222;58
11;302;7;11111;3
11;281;6;5555;34
11;133;6;5533;4
11;74;6;1533;4
11;40;3;44;14
11;133;7;11222;3
11;31;7;50500;1
11;249;6;4456;1
11;28;7;44666;9
11;123;6;2299;2
11;228;7;15;1
11;228;7;13;9
11;228;7;22;1
11;228;7;55;1
11;30;5;95;2
11;44;6;1322;29
11;243;7;12300;1
11;271;7;22555;1
11;99;7;33888;1
11;41;5;555;1
11;202;3;12;70
11;214;6;1222;1
11;214;6;1234;1
11;301;6;2222;12
11;226;6;2210;1
11;89;6;1533;8
11;111;6;2211;4
11;265;6;1277;1
11;249;7;55555;2
11;228;6;4488;1
11;286;7;10000;6
11;301;6;5511;16
11;249;6;1299;1
11;291;6;4422;2
11;274;6;7044;1
11;171;3;12;42
11;205;6;5501;1
11;106;3;13;128
11;53;7;15333;3
11;267;7;33145;1
11;171;6;1313;3
11;65;7;22;1
11;65;7;40;1
11;65;7;45;3
11;65;7;55;1
11;65;6;12;1
11;65;6;13;2
11;65;6;22;1
11;65;6;45;2
11;65;7;11;1
11;65;7;12;4
11;65;7;13;9
11;267;7;22222;12
11;267;7;44190;4
11;121;7;22322;1
11;152;7;11444;5
11;259;6;1234;1
11;25;6;4444;1
11;21;3;12;61
11;199;5;96;23
11;275;6;4099;1
11;181;7;13132;3
11;197;6;4400;7
11;216;7;33133;1
11;122;7;33888;1
11;136;6;4000;31
11;167;6;2210;1
11;189;5;700;16
11;8;6;2244;5
11;182;6;3550;1
11;27;6;4488;1
11;36;7;70762;1
11;289;7;12222;30
11;38;6;4080;1
11;115;3;95;3
11;265;6;4444;3
11;10;6;5055;3
11;280;6;5555;43
11;134;7;13131;1
11;39;7;50;1
11;89;7;70090;1
11;205;7;15122;24
11;152;6;1313;4
11;153;7;96;8
11;15;7;12999;36
11;46;6;4000;14
11;210;7;22555;2
11;69;5;555;1
11;55;3;96;8
11;37;7;12114;1
11;291;6;4410;5
11;252;6;96;9
11;305;6;2210;1
11;210;6;1500;1
11;218;7;15123;9
11;195;7;70007;1
11;172;6;4444;2
11;200;7;12333;5
11;205;7;44190;3
11;208;7;12555;3
11;152;6;1500;3
11;74;7;65013;3
11;176;6;1111;3
11;176;7;95;7
11;90;7;50777;1
11;48;7;15120;2
11;226;6;5555;46
11;40;6;1213;4
11;117;5;131;190
11;99;3;44;18
11;133;6;1322;44
11;285;3;44;49
11;271;6;4488;2
11;265;6;1010;3
11;265;6;4456;3
11;176;7;13132;1
11;277;7;44567;4
11;278;6;2288;4
11;80;6;1214;1
11;301;7;15333;2
11;46;3;13;108
11;74;7;33600;1
11;280;6;1299;2
11;282;5;555;1
11;302;7;22777;6
11;272;7;15333;3
11;275;7;13456;12
11;275;7;15888;4
11;194;7;13132;1
11;194;7;70222;1
11;138;3;13;92
11;304;6;2288;4
11;285;6;2288;3
11;251;6;1145;1
11;156;6;2201;1
11;111;3;95;1
11;168;7;15555;1
11;279;6;1145;1
11;80;7;12333;1
11;246;7;65013;1
11;134;6;5511;13
11;90;7;10000;3
11;158;6;1213;6
11;46;7;44123;3
11;46;7;13133;1
11;287;6;1522;1
11;298;7;44123;1
11;208;6;1322;29
11;299;7;15123;1
11;38;7;15123;1
11;236;6;4477;2
11;171;7;15333;3
11;242;7;22556;2
11;242;7;45123;1
11;249;6;2222;3
11;196;3;95;8
11;198;6;1533;9
11;300;6;4456;2
11;122;7;13456;11
11;122;7;15888;2
11;105;6;1512;2
11;287;7;50013;2
11;39;7;12600;1
11;198;6;1010;2
11;198;6;4456;2
11;295;6;1023;1
11;87;7;12500;9
11;67;7;12999;40
11;9;6;1010;1
11;135;7;13222;2
11;257;7;15555;1
11;132;6;1313;4
11;65;7;44123;2
11;136;7;15123;2
11;74;6;4000;9
11;39;6;5511;10
11;298;6;1326;4
11;304;7;96;7
11;127;7;13123;1
11;58;6;96;4
11;155;6;96;11
11;288;7;11222;2
11;203;6;4410;8
11;157;7;23123;1
11;58;7;50000;1
11;136;7;22777;17
11;188;5;96;9
11;138;7;13222;5
11;197;7;12500;6
11;168;7;11113;2
11;168;7;22022;1
11;104;3;95;2
11;39;5;700;55
11;99;6;1010;1
11;167;7;12333;1
11;192;7;22;1
11;192;7;70;1
11;192;6;11;1
11;192;6;12;2
11;192;6;13;4
11;251;3;44;57
11;218;6;2210;1
11;87;5;95;9
11;78;7;12123;1
11;67;7;13258;6
11;46;7;55555;1
11;305;6;95;12
11;49;6;1322;38
11;258;6;1299;1
11;122;6;4410;5
11;185;7;11113;1
11;185;7;22022;1
11;270;6;5555;28
11;91;6;1111;5
11;145;7;15333;1
11;228;6;4410;15
11;215;6;96;8
11;238;7;12999;32
11;168;7;13222;7
11;54;7;44333;1
11;195;7;11113;1
11;195;7;22022;3
11;74;7;11444;6
11;87;7;44369;1
11;172;3;13;46
11;240;7;12999;90
11;38;6;4012;1
11;132;7;23192;1
11;89;6;7020;1
11;21;7;13100;1
11;273;7;22126;1
11;279;6;2244;2
11;36;6;7040;1
11;77;6;2233;6
11;219;6;7044;1
11;158;6;6565;2
11;156;7;13456;22
11;62;7;44123;1
11;241;7;33888;2
11;172;7;12111;1
11;185;7;13258;2
11;297;7;13258;3
11;299;7;12222;38
11;299;6;1213;2
11;206;7;12222;45
11;78;3;44;13
11;251;3;12;71
11;225;7;13456;12
11;225;7;15888;2
11;67;5;131;186
11;297;5;555;1
11;185;5;555;1
11;5;7;55555;1
11;295;6;22;1
11;295;6;12;3
11;295;6;13;1
11;295;6;15;1
11;208;7;10123;2
11;38;6;4000;26
11;239;6;4477;1
11;306;5;555;4
11;40;6;1322;25
11;287;7;19999;1
11;198;6;1512;1
11;257;7;13258;6
11;189;6;1222;1
11;204;7;23192;1
11;44;5;131;155
11;250;6;6565;1
11;148;6;96;9
11;29;7;13131;1
11;273;6;1321;1
11;116;7;11333;1
11;22;7;11123;1
11;232;5;96;7
11;168;7;22999;1
11;140;3;95;3
11;115;7;22022;1
11;117;3;95;7
11;31;3;12;35
11;6;6;1515;1
11;72;5;95;3
11;216;6;4410;5
11;249;7;15123;3
11;214;7;15222;1
11;6;7;13777;3
11;134;6;1326;1
11;134;6;2233;1
11;193;7;11444;11
11;219;7;40888;1
11;64;3;13;103
11;108;6;1221;7
11;82;6;2277;5
11;2;7;45000;1
11;248;7;13123;19
11;274;7;15123;1
11;225;7;15123;23
11;40;7;23123;4
11;46;7;10000;5
11;164;6;5588;1
11;83;6;1213;11
11;3;6;1322;44
11;62;5;700;3
11;3;5;131;194
11;214;6;5533;1
11;239;6;2244;7
11;288;6;3511;1
11;280;6;2288;1
11;205;3;13;132
11;252;6;1311;1
11;284;7;23192;2
11;48;6;1313;2
11;301;6;1292;2
11;278;7;10000;2
11;192;7;44333;1
11;119;6;1000;1
11;134;7;23192;2
11;88;7;22222;1
11;88;7;44190;2
11;281;6;4080;2
11;254;7;22010;1
11;295;7;44123;1
11;54;7;11222;4
11;279;5;96;6
11;47;6;4490;10
11;133;6;2210;1
11;282;7;13222;5
11;181;7;15333;6
11;183;7;11111;1
11;121;6;5044;1
11;21;6;1122;1
11;127;6;6565;3
11;132;6;4477;1
11;117;7;96;6
11;120;7;44543;1
11;127;3;44;9
11;7;7;15122;13
11;283;7;50500;1
11;285;7;22022;1
11;196;7;33888;1
11;36;6;5050;1
11;247;6;1212;2
11;274;7;45000;4
11;44;7;55555;1
11;239;6;1213;15
11;73;6;1111;23
11;73;7;95;5
11;280;6;1221;1
11;249;7;12600;2
11;54;5;95;8
11;275;7;13133;5
11;46;7;23192;3
11;47;5;131;180
11;290;6;2210;3
11;254;7;15888;2
11;39;7;13132;3
11;292;6;1299;1
11;251;7;12144;2
11;225;3;12;62
11;240;6;4488;3
11;109;7;12456;1
11;109;7;15123;2
11;302;5;96;11
11;23;6;95;9
11;239;6;1323;1
11;167;6;1333;1
11;169;6;4477;4
11;2;7;12999;11
11;148;6;6565;2
11;236;6;4400;2
11;192;6;1012;1
11;204;7;22022;5
11;27;6;1010;1
11;206;6;4000;11
11;157;7;13258;1
11;307;6;1213;5
11;6;5;700;8
11;283;3;13;50
11;35;7;13456;18
11;108;7;12500;23
11;203;6;4447;1
11;9;7;55;1
11;107;5;131;255
11;134;7;13258;1
11;192;7;15333;3
11;206;6;1322;64
11;299;7;44123;1
11;38;7;44123;4
11;232;5;160;1
11;232;6;5511;13
11;134;3;13;93
11;88;6;1533;5
11;239;6;5055;2
11;28;7;13;7
11;28;7;19;1
11;28;7;70;1
11;293;7;95;9
11;36;6;1277;1
11;36;7;33111;1
11;50;7;22022;2
11;90;6;4445;5
11;16;5;131;61
11;203;7;13258;4
11;202;6;1313;3
11;206;7;12000;1
11;89;6;2299;1
11;78;7;55555;8
11;290;7;13777;1
11;67;7;12111;1
11;67;7;33200;1
11;202;7;10000;2
11;133;6;5055;1
11;275;6;4410;9
11;77;7;12999;20
11;44;7;33300;1
11;148;6;1010;5
11;148;6;4456;5
11;77;6;1333;1
11;35;7;13133;1
11;21;6;2222;6
11;284;7;13234;1
11;74;6;1213;6
11;39;7;13013;1
11;29;7;15123;5
11;133;7;70222;2
11;290;7;22556;1
11;67;7;13013;1
11;127;7;13456;9
11;188;6;4410;1
11;276;6;1321;1
11;301;6;7040;2
11;203;6;5060;1
11;246;5;555;2
11;123;7;44123;1
11;99;7;11444;12
11;200;7;14444;1
11;122;7;22556;1
11;164;6;4000;60
11;275;6;4000;16
11;121;7;13456;36
11;121;7;15888;2
11;288;7;12888;1
11;295;7;70333;1
11;84;7;15122;39
11;203;6;4567;1
11;304;7;13123;9
11;287;3;95;4
11;181;7;22555;1
11;236;6;1321;1
11;296;6;95;14
11;226;7;13258;3
11;290;7;50500;7
11;111;6;4444;5
11;257;3;13;136
11;293;7;22111;1
11;171;6;5588;2
11;54;7;96;2
11;111;6;4490;2
11;36;5;700;46
11;232;6;1269;1
11;232;7;30000;1
11;110;6;7077;1
11;254;6;7090;5
11;44;6;1213;11
11;151;5;96;4
11;155;6;1313;3
11;41;7;22222;2
11;181;5;700;31
11;40;7;15122;9
11;41;7;44190;2
11;254;6;1500;1
11;254;3;95;3
11;243;6;1214;1
11;28;6;4444;2
11;15;3;95;3
11;306;7;12;2
11;46;7;23190;1
11;88;7;14444;1
11;241;6;2299;1
11;181;7;70222;5
11;41;6;2299;3
11;44;7;23123;1
11;238;7;11444;17
11;249;6;4477;3
11;20;7;33456;2
11;252;7;55234;1
11;199;5;700;32
11;68;7;15123;1
11;184;6;4477;1
11;293;6;5001;1
11;295;6;5007;1
11;295;6;5044;1
11;133;7;55333;2
11;44;7;15120;1
11;65;6;4410;1
11;134;6;1251;1
11;82;6;1213;11
11;288;6;1299;1
11;66;7;11999;2
11;270;6;2222;4
11;160;5;96;21
11;105;7;11999;1
11;197;6;11;1
11;197;6;13;4
11;197;6;22;1
11;197;7;11;1
11;197;7;13;7
11;197;7;33;1
11;206;6;4477;11
11;197;7;44;1
11;197;7;55;1
11;297;7;55333;2
11;1;6;1221;1
11;243;7;22777;8
11;246;3;96;5
11;21;7;15222;1
11;241;7;12222;39
11;46;7;22556;2
11;239;7;12100;2
11;40;7;13222;1
11;101;7;19999;1
11;247;6;4447;1
11;28;7;50500;1
11;310;7;45333;2
11;31;6;5001;1
11;243;6;1512;1
11;160;6;4410;2
11;87;6;1221;3
11;215;6;4080;2
11;298;6;1299;1
11;243;3;12;47
11;156;7;11;1
11;156;7;12;1
11;156;7;13;2
11;156;7;16;1
11;156;7;40;1
11;156;7;55;1
11;156;6;16;1
11;9;7;11444;12
11;216;6;5001;1
11;291;6;2323;1
11;293;7;12500;7
11;151;7;11444;2
11;239;5;95;11
11;278;6;2222;6
11;219;3;95;2
11;304;6;5078;1
11;280;6;7080;1
11;20;6;2288;2
11;236;6;1213;9
11;305;6;1277;2
11;55;6;2277;4
11;196;7;65013;5
11;47;6;1111;6
11;10;5;96;25
11;101;7;65013;3
11;199;6;5533;1
11;39;7;13131;2
11;278;7;22556;1
11;134;7;22022;3
11;107;6;11;3
11;107;6;13;4
11;107;6;22;1
11;107;6;23;1
11;107;6;45;1
11;107;7;13;12
11;107;7;15;1
11;138;5;700;17
11;66;7;11222;13
11;130;7;15333;8
11;41;6;1292;1
11;246;7;22777;16
11;305;6;4410;7
11;206;7;15122;33
11;272;6;1326;1
11;8;3;44;26
11;205;7;45000;1
11;273;7;70070;2
11;62;3;96;2
11;257;3;44;53
11;298;6;2277;4
11;185;6;1522;1
11;200;6;96;2
11;252;6;4444;7
11;279;6;1251;1
11;272;6;2222;4
11;195;7;13013;1
11;310;6;6565;1
11;111;7;13258;10
11;291;6;4499;2
11;292;7;70123;1
11;292;5;700;33
11;236;6;4000;19
11;6;3;13;69
11;290;7;44888;1
11;136;5;96;15
11;89;6;2277;5
11;254;7;70070;1
11;268;7;22190;6
11;268;5;131;173
11;119;7;12222;58
11;282;7;44666;2
11;189;6;1322;54
11;199;6;1292;1
11;112;7;12222;47
11;116;6;2200;3
11;27;6;2288;7
11;119;7;12333;2
11;31;6;1000;1
11;265;7;12999;43
11;288;6;1533;15
11;20;6;2210;1
11;203;7;23123;1
11;270;3;95;7
11;110;7;12555;1
11;205;7;15888;4
11;55;7;13123;21
11;75;6;5511;2
11;199;6;2222;1
11;272;7;10123;1
11;194;6;2200;4
11;49;6;2211;2
11;276;6;4447;2
11;195;3;13;80
11;252;7;33193;1
11;215;6;4433;1
11;48;6;4000;18
11;214;7;45333;1
11;270;7;13258;5
11;98;7;22222;3
11;98;7;44190;1
11;35;5;96;11
11;152;7;23123;1
11;68;6;2277;3
11;184;6;1221;7
11;293;6;2210;2
11;249;6;5055;2
11;249;7;11222;8
11;3;7;50500;1
11;306;6;2244;9
11;82;3;96;10
11;214;3;13;137
11;76;6;5511;5
11;134;6;1213;7
11;123;7;15333;5
11;129;6;2200;1
11;111;6;1010;1
11;204;6;4445;1
11;294;7;22777;2
11;257;6;4447;3
11;226;7;45000;3
11;226;6;95;20
11;127;7;12222;3
11;49;7;22022;2
11;77;6;4444;2
11;182;6;1222;1
11;25;6;95;9
11;67;7;55555;1
11;152;6;11;1
11;152;6;12;4
11;152;6;13;12
11;152;6;15;1
11;307;6;1292;2
11;296;7;44447;1
11;283;6;1322;5
11;121;6;1321;1
11;74;7;12500;3
11;297;6;95;12
11;268;6;4490;3
11;120;6;1213;9
11;69;6;13;3
11;69;6;15;2
11;69;6;33;1
11;69;6;70;1
11;69;7;11;1
11;69;7;12;2
11;69;7;13;25
11;69;7;15;2
11;69;7;16;1
11;69;7;22;1
11;69;7;45;2
11;69;7;65;1
11;189;7;10000;2
11;176;6;96;6
11;134;6;4455;1
11;171;5;131;226
11;129;6;1322;47
11;299;5;555;1
11;215;6;4488;3
11;232;7;22022;4
11;46;7;22222;2
11;46;7;44190;7
11;109;3;44;4
11;21;6;4444;1
11;89;5;555;3
11;241;7;12600;1
11;284;7;70000;1
11;106;3;96;6
11;208;7;12500;5
11;98;5;131;233
11;140;6;95;7
11;279;6;1922;1
11;5;6;2211;1
11;135;6;1222;2
11;156;7;15122;29
11;148;7;13258;2
11;5;7;12500;77
11;91;6;96;7
11;287;7;55999;1
11;271;7;11444;10
11;112;6;1285;1
11;176;6;2200;1
11;208;7;15122;25
11;208;7;43640;1
11;72;6;1213;8
11;67;6;4444;1
11;194;7;22022;6
11;246;7;45333;9
11;77;7;15333;13
11;68;3;96;2
11;150;6;1313;1
11;155;6;1322;36
11;202;6;1533;10
11;91;6;7090;5
11;172;3;16;1
11;239;6;1544;1
11;155;3;12;42
11;64;7;50777;1
11;301;6;1221;4
11;267;6;12;1
11;267;6;33;1
11;208;6;1333;1
11;47;6;4433;1
11;268;3;12;35
11;287;6;4488;3
11;37;7;19;1
11;37;7;22;2
11;37;7;44;1
11;37;7;70;1
11;37;6;13;1
11;37;6;19;1
11;37;7;12;2
11;37;7;13;9
11;37;7;15;1
11;122;6;1515;1
11;110;6;1000;4
11;90;7;65013;2
11;117;7;12500;1
11;90;7;55888;2
11;273;7;12100;1
11;306;7;44666;2
11;36;6;1500;1
11;37;7;55111;1
11;117;7;11444;11
11;62;7;15122;20
11;53;7;10000;1
11;168;6;5555;31
11;21;6;4000;12
11;251;6;5555;44
11;216;6;2222;3
11;195;6;1251;1
11;210;6;1221;5
11;106;6;2222;1
11;270;6;95;25
11;179;6;1522;2
11;282;7;44190;2
11;306;6;4447;2
11;195;6;1221;2
11;239;6;2222;9
11;76;5;131;238
11;136;6;2222;4
11;1;7;70123;2
11;1;5;700;8
11;21;6;1213;10
11;36;7;33193;1
11;36;7;55555;1
11;123;7;70070;1
11;282;6;2211;6
11;226;7;12333;1
11;184;5;555;1
11;62;6;1533;4
11;236;7;13123;4
11;91;6;5511;10
11;91;5;160;1
11;189;3;12;66
11;15;7;96;7
11;38;6;5000;1
11;204;3;96;10
11;288;6;4477;3
11;110;7;15333;4
11;38;6;1000;1
11;176;6;1221;8
11;299;3;13;129
11;38;3;13;111
11;121;6;4444;2
11;36;7;13258;1
11;272;7;36192;1
11;76;6;4400;3
11;281;6;1311;1
11;108;6;11;2
11;27;6;2200;1
11;243;6;4444;3
11;104;5;96;8
11;130;7;95;10
11;130;6;1111;8
11;261;7;13123;1
11;232;7;12123;2
11;261;6;1221;4
11;228;6;4411;1
11;246;6;5511;10
11;111;7;11999;2
11;248;6;2211;6
11;194;3;95;4
11;108;7;44123;2
11;76;6;2222;2
11;204;7;95;12
11;302;6;1000;1
11;257;6;1322;64
11;288;6;4445;1
11;25;7;12345;1
11;25;7;65013;1
11;47;7;12500;6
11;122;6;4477;4
11;148;7;70000;1
11;153;6;1512;1
11;274;6;11;2
11;274;6;12;1
11;277;6;2288;8
11;274;6;13;1
11;1;3;44;15
11;274;7;11;1
11;274;7;12;3
11;140;5;131;56
11;188;3;95;2
11;225;7;13222;4
11;192;7;23192;2
11;299;7;15151;1
11;38;7;15151;1
11;226;6;4410;7
11;183;6;1016;1
11;75;6;2277;13
11;171;6;5001;1
11;293;7;55888;1
11;282;7;23192;1
11;90;6;1111;4
11;138;7;15333;8
11;145;3;44;11
11;271;6;7007;1
11;228;7;44666;3
11;207;6;2244;10
11;267;6;4000;20
11;302;6;5511;5
11;218;7;22126;1
11;226;6;5055;1
11;226;7;11222;3
11;202;6;5533;7
11;37;6;7090;2
11;194;3;96;2
11;296;7;13123;9
11;202;7;44027;1
11;236;6;7040;1
11;26;7;13234;1
11;68;7;11;1
11;68;7;12;3
11;68;7;13;11
11;68;7;15;1
11;68;7;33;1
11;68;7;44;1
11;3;6;13;4
11;3;6;15;1
11;28;7;12500;12
11;277;6;4000;4
11;206;6;1010;3
11;251;6;2233;1
11;168;3;21;1
11;310;7;10123;1
11;8;3;13;102
11;38;3;95;1
11;189;6;4422;1
11;200;7;12222;69
11;239;6;5500;1
11;204;6;1255;1
11;91;6;2244;9
11;158;6;1533;9
11;299;6;55;1
11;299;6;70;1
11;38;6;22;1
11;38;6;23;1
11;38;7;12;1
11;38;7;13;7
11;38;7;22;2
11;38;7;55;1
11;47;6;4410;6
11;78;6;1221;3
11;267;6;7090;1
11;180;7;13258;1
11;99;6;1322;63
11;293;6;96;8
11;218;6;3550;1
11;270;6;6565;4
11;38;6;3000;1
11;192;6;1201;1
11;289;6;95;22
11;197;7;33888;1
11;88;6;1213;4
11;169;6;4445;3
11;120;7;15333;5
11;243;7;45333;2
11;273;6;7090;2
11;254;7;44027;1
11;68;7;96;3
11;226;6;1333;1
11;204;6;1522;1
11;158;7;11444;5
11;8;7;22222;1
11;8;7;44190;2
11;253;7;12500;2
11;299;3;95;4
11;37;5;131;209
11;183;5;131;188
11;169;5;96;10
11;111;6;4447;1
11;265;7;13456;15
11;265;7;15888;3
11;182;6;1512;2
11;185;7;15;1
11;185;7;22;1
11;69;6;4000;32
11;291;6;2255;1
11;108;6;1111;6
11;108;7;95;3
11;69;6;1333;8
11;65;6;2277;2
11;41;5;95;2
11;303;7;45000;1
11;117;5;96;11
11;148;7;12000;2
11;134;7;12222;41
11;74;6;5511;3
11;86;6;1234;1
11;295;6;4490;1
11;152;3;12;63
11;147;3;13;108
11;153;5;95;6
11;246;6;4488;3
11;271;7;22022;3
11;250;7;44027;2
11;148;6;5044;3
11;105;3;44;6
11;274;6;4422;1
11;285;7;50777;3
11;304;6;2255;1
11;307;6;5555;37
11;285;6;2222;11
11;36;6;1512;1
11;75;7;22555;1
11;197;7;13222;2
11;247;6;4000;1
11;156;3;95;2
11;183;6;4410;3
11;90;6;4000;18
11;193;6;5511;6
11;182;7;22555;2
11;239;7;23192;2
11;15;7;15122;10
11;158;7;13333;1
11;225;6;4410;3
11;241;6;2200;2
11;242;7;95;15
11;193;7;22222;2
11;193;7;44190;2
11;53;6;4445;1
11;292;6;5555;54
11;168;7;23192;4
11;298;7;23192;2
11;298;5;95;5
11;290;7;23190;1
11;78;6;5533;6
11;160;7;13333;7
11;75;6;1512;1
11;215;6;5555;33
11;305;7;10122;1
11;228;5;555;1
11;185;5;131;164
11;207;3;13;126
11;28;7;22222;1
11;134;7;15122;20
11;305;7;12500;3
11;133;6;1221;6
11;239;7;15333;4
11;215;6;7090;1
11;37;6;5511;9
11;273;7;13258;4
11;98;7;23190;1
11;196;7;55555;1
11;179;6;2244;12
11;111;6;1313;2
11;207;6;4445;2
11;278;6;1313;2
11;172;3;12;50
11;53;7;13789;1
11;84;6;2288;2
11;240;6;4444;4
11;145;7;22777;1
11;304;3;95;6
11;115;7;12999;79
11;41;6;4445;1
11;26;6;1322;103
11;246;6;2222;5
11;16;6;1213;1
11;168;6;7040;1
11;171;7;12222;40
11;197;6;4477;1
11;184;6;1213;3
11;172;7;12888;1
11;284;6;1000;1
11;39;7;55333;1
11;46;7;13222;3
11;22;6;2244;2
11;297;6;1533;10
11;148;7;23123;1
11;238;7;12500;3
11;272;5;96;7
11;46;6;96;9
11;82;6;2233;1
11;277;7;15123;7
11;281;7;12500;1
11;55;7;15123;1
11;284;7;50500;1
11;192;6;1322;24
11;117;6;4444;2
11;285;7;50013;1
11;83;3;12;48
11;156;6;2222;2
11;46;7;12555;1
11;268;7;13234;1
11;270;7;33193;1
11;270;7;55555;1
11;302;6;4422;1
11;110;6;4444;8
11;290;5;95;16
11;294;6;4410;1
11;292;3;96;10
11;133;6;4321;1
11;188;7;12123;1
11;6;7;95;8
11;6;6;1111;9
11;189;5;95;4
11;154;6;5533;6
11;120;5;96;18
11;53;7;11222;3
11;261;3;96;7
11;15;3;96;6
11;2;3;44;4
11;290;7;12222;43
11;192;5;95;5
11;184;7;12888;2
11;132;6;4444;7
11;199;6;1213;2
11;153;6;4490;2
11;203;7;12111;1
11;27;7;44333;1
11;86;3;95;5
11;91;7;70123;2
11;91;5;700;28
11;104;7;12999;22
11;39;3;12;94
11;189;6;1233;1
11;133;6;6565;4
11;160;7;13131;1
11;251;7;65013;1
11;215;6;4000;14
11;109;6;1123;1
11;215;6;1221;9
11;20;6;2277;81
11;25;3;95;5
11;310;5;96;5
11;83;6;7040;3
11;295;7;50123;1
11;258;7;13456;26
11;101;3;12;66
11;171;7;22556;1
11;288;7;11444;17
11;287;6;1515;1
11;21;7;15333;2
11;206;7;44666;1
11;112;6;6565;2
11;83;6;2323;2
11;305;6;2222;11
11;207;5;96;13
11;295;5;555;2
11;185;6;4410;4
11;286;7;15122;25
11;287;5;96;19
11;310;5;95;3
11;122;6;5555;8
11;225;6;5555;36
11;278;7;12144;1
11;180;6;4444;4
11;132;6;4447;1
11;183;7;70070;1
11;58;7;13132;2
11;5;7;15123;1
11;270;6;1123;1
11;36;7;55333;1
11;286;7;12123;5
11;202;6;2222;6
11;208;3;96;7
11;158;7;13258;1
11;253;6;4000;15
11;273;7;55678;2
11;80;6;4477;1
11;116;6;1533;1
11;97;7;11113;3
11;97;7;22022;4
11;228;3;44;59
11;80;7;13123;14
11;105;7;12999;10
11;64;6;1323;1
11;299;7;12333;1
11;133;6;4000;6
11;54;6;4000;47
11;303;7;23192;3
11;257;6;5511;6
11;268;5;96;7
11;153;3;12;65
11;251;6;1533;6
11;37;6;2233;2
11;246;3;44;58
11;228;7;22111;1
11;168;6;1313;2
11;195;6;96;9
11;295;6;4445;2
11;73;7;22222;1
11;117;6;2222;4
11;78;5;700;10
11;306;6;2200;1
11;25;6;5567;1
11;252;6;4490;1
11;37;7;10000;3
11;48;7;22555;2
11;290;6;5050;1
11;281;7;12123;2
11;104;6;1234;1
11;291;6;4080;1
11;7;6;4456;1
11;133;7;44333;1
11;257;7;11444;10
11;168;5;96;13
11;193;6;1111;1
11;193;7;95;6
11;129;6;4477;5
11;123;6;1292;1
11;75;6;1111;2
11;75;7;95;6
11;195;7;12500;5
11;39;7;44333;3
11;54;6;1213;5
11;274;7;96;10
11;251;7;12111;2
11;207;7;11999;2
11;106;7;15151;1
11;91;7;23;2
11;91;7;45;1
11;91;6;13;6
11;91;6;15;1
11;206;6;4456;2
11;148;7;13456;14
11;219;6;1221;1
11;199;6;4410;13
11;148;7;15888;2
11;275;6;6565;1
11;10;3;96;8
11;282;7;22022;3
11;48;6;2255;1
11;111;7;22555;2
11;88;7;12999;13
11;305;7;13133;3
11;37;7;15122;35
11;282;6;4422;4
11;253;7;13222;6
11;274;6;96;10
11;153;6;96;11
11;53;7;44111;7
11;53;6;1292;1
11;199;6;2211;26
11;158;5;700;13
11;167;7;13133;1
11;111;7;10124;1
11;210;3;44;45
11;286;7;12114;2
11;150;3;44;7
11;21;7;45000;1
11;183;7;15123;9
11;295;7;55555;3
11;298;6;4447;1
11;242;7;23192;1
11;278;7;96;4
11;184;6;5555;117
11;168;6;4040;1
11;181;7;11222;4
11;218;6;2244;16
11;136;3;13;141
11;180;7;11222;1
11;101;7;10369;3
11;120;7;15151;1
11;183;7;15122;35
11;91;7;33111;1
11;295;6;95;14
11;295;7;45000;1
11;274;7;10737;1
11;193;6;5555;25
11;192;7;13258;2
11;302;6;4477;22
11;216;7;50500;1
11;198;6;1269;1
11;218;6;1322;60
11;226;7;11111;1
11;216;6;12;1
11;216;6;13;4
11;216;6;23;1
11;216;7;12;4
11;188;3;44;22
11;179;5;700;6
11;28;6;5078;9
11;87;5;131;183
11;152;7;12999;29
11;31;7;15333;9
11;248;7;95;1
11;180;3;44;10
11;183;6;1299;1
11;91;7;12300;1
11;148;7;95;19
11;107;7;15123;1
11;110;6;4433;1
11;283;6;5555;38
11;147;6;1512;1
11;74;3;12;65
11;74;6;1399;1
11;302;3;12;57
11;84;7;13444;1
11;29;5;96;12
11;210;7;12555;1
11;198;7;11113;2
11;198;7;22022;1
11;241;7;13456;32
11;172;7;13456;3
11;49;7;15122;44
11;287;6;1232;1
11;20;7;50500;3
11;251;6;5060;1
11;306;6;1533;5
11;215;7;44111;1
11;4;7;11444;8
11;274;7;44123;2
11;164;6;7040;1
11;207;6;1213;9
11;153;6;2222;3
11;243;7;23190;1
11;228;7;50500;1
11;21;7;10123;1
11;225;7;11444;13
11;121;6;4012;1
11;50;5;700;30
11;198;5;95;8
11;207;6;4000;28
11;301;7;12123;2
11;281;7;70222;4
11;232;5;555;1
11;290;7;22777;4
11;265;7;22555;1
11;260;5;95;2
11;83;6;1212;1
11;284;6;1233;1
11;274;6;95;18
11;47;7;12123;4
11;302;6;4040;1
11;302;7;13222;3
11;272;6;4000;24
11;215;7;44666;1
11;273;6;5533;2
11;36;6;6565;1
11;207;6;4488;1
11;239;7;50500;1
11;285;6;1221;4
11;28;7;13258;3
11;123;6;4000;4
11;154;7;11000;1
11;160;6;4477;22
11;188;7;22322;1
11;301;7;12222;40
11;278;6;5555;10
11;39;7;11222;5
11;193;6;4444;1
11;122;7;13123;22
11;116;7;44022;1
11;271;7;11333;1
11;293;7;10369;1
11;82;6;1303;1
11;36;3;95;4
11;285;6;1213;16
11;44;3;96;10
11;304;7;13;8
11;304;7;15;1
11;304;7;44;1
11;304;7;55;1
11;304;7;70;1
11;257;6;4444;3
11;75;6;4000;6
11;53;3;44;28
11;225;7;70007;1
11;251;6;4455;1
11;251;6;1299;1
11;226;6;5001;1
11;120;6;4000;17
11;249;7;96;2
11;121;7;12300;2
11;84;7;11;1
11;84;7;13;5
11;84;7;15;1
11;84;7;22;1
11;84;7;23;1
11;281;6;5533;7
11;154;7;10123;5
11;295;6;1010;2
11;295;6;4456;2
11;290;3;96;1
11;289;6;5055;1
11;289;7;11222;4
11;304;6;1111;4
11;304;7;95;17
11;155;6;2222;1
11;134;6;1313;3
11;297;7;11444;9
11;74;7;55555;1
11;87;7;15123;2
11;27;6;1522;1
11;254;6;2210;1
11;7;6;1533;4
11;254;6;4445;1
11;49;7;36192;1
11;268;7;13333;1
11;121;7;70222;1
11;110;7;13133;3
11;240;3;44;45
11;22;7;22222;5
11;22;7;44190;1
11;152;7;11113;12
11;152;7;22022;1
11;242;7;45555;1
11;232;7;13222;7
11;105;7;55555;4
11;226;6;4477;2
11;297;6;6565;1
11;75;7;13333;2
11;53;7;70222;1
11;185;7;12300;1
11;58;7;13123;2
11;274;6;4000;17
11;267;7;13132;1
11;267;7;70222;2
11;249;7;70007;3
11;310;7;44666;1
11;115;6;7040;1
11;77;6;1512;1
11;236;7;70123;1
11;236;5;700;26
11;210;7;70123;3
11;210;5;700;38
11;50;6;2233;4
11;76;6;4000;9
11;286;7;55678;2
11;22;6;2200;3
11;46;6;1525;4
11;133;7;10000;1
11;250;6;5055;1
11;250;7;11222;4
11;240;6;5533;1
11;242;7;65700;1
11;28;3;13;156
11;239;7;44123;1
11;208;6;4406;1
11;208;3;80;1
11;304;6;2233;2
11;216;7;22111;1
11;271;6;4477;5
11;270;6;4477;9
11;134;7;13222;4
11;279;3;44;30
11;171;6;1123;1
11;268;7;15122;7
11;38;6;1500;1
11;282;6;4080;1
11;23;7;12999;54
11;283;3;12;35
11;123;5;95;7
11;158;3;96;7
11;204;7;12555;3
11;182;7;13132;2
11;182;7;70222;3
11;285;5;95;16
11;157;6;4447;1
11;257;6;4343;1
11;247;3;96;2
11;285;7;44123;1
11;281;7;11113;1
11;281;7;22022;3
11;76;7;15333;2
11;281;7;95;25
11;25;5;96;19
11;188;6;5555;33
11;73;7;15333;4
11;268;3;13;128
11;101;6;1322;70
11;140;6;4447;1
11;295;6;5533;6
11;198;7;10777;1
11;248;7;44027;1
11;306;6;5001;1
11;302;6;96;9
11;282;7;44543;2
11;299;7;22777;3
11;38;7;22777;1
11;243;7;70123;1
11;243;5;700;33
11;36;6;2277;2
11;203;7;10;1
11;203;7;11;3
11;8;6;4445;2
11;152;7;55111;1
11;243;7;70070;1
11;122;6;2244;2
11;181;6;1234;3
11;261;7;70123;1
11;261;5;700;24
11;239;6;5512;1
11;306;7;13777;1
11;286;6;4456;3
11;206;6;1522;1
11;54;6;4410;4
11;299;6;4410;4
11;38;6;4410;4
11;225;6;1322;34
11;239;6;5050;3
11;74;7;13123;16
11;253;7;12555;1
11;205;6;1222;1
11;205;6;1234;1
11;154;7;13234;1
11;199;6;2244;31
11;68;7;13258;4
11;132;7;96;4
11;15;7;12222;48
11;199;5;131;196
11;310;6;96;2
11;117;7;44123;1
11;15;6;2222;7
11;140;3;44;27
11;77;7;10123;1
11;279;7;11113;1
11;151;5;95;5
11;214;7;12222;22
11;216;6;2323;1
11;181;6;5533;10
11;106;5;700;6
11;207;7;80180;1
11;185;7;33456;1
11;301;6;4444;3
11;179;6;5533;1
11;119;6;2244;1
11;21;6;2277;2
11;301;6;1313;1
11;260;7;13222;21
11;214;7;90180;1
11;133;7;15333;1
11;47;6;1221;13
11;289;6;1277;1
11;276;7;12114;1
11;55;6;1221;2
11;289;7;12000;2
11;304;7;22333;1
11;9;6;12;5
11;9;6;13;6
11;9;6;21;1
11;188;6;2277;6
11;298;6;1322;40
11;104;5;95;4
11;2;7;12300;1
11;185;7;12600;1
11;150;6;1533;2
11;39;6;4422;2
11;110;7;22022;3
11;110;7;11113;2
11;58;7;70321;1
11;158;7;33193;1
11;306;7;22556;1
11;289;7;50013;1
11;241;7;22022;2
11;192;7;23123;1
11;27;7;10123;1
11;83;5;96;21
11;183;7;12555;2
11;267;6;1221;3
11;248;6;95;1
11;226;7;22555;4
11;253;6;2233;1
11;288;6;5555;23
11;148;6;5555;32
11;110;7;22111;2
11;301;7;13444;2
11;22;6;5588;1
11;164;6;4410;6
11;273;3;13;137
11;239;7;13456;7
11;239;7;15888;1
11;184;7;55011;1
11;281;6;6565;2
11;30;6;96;1
11;286;7;13456;10
11;286;7;15888;3
11;273;6;96;6
11;184;6;2277;3
11;286;7;33888;1
11;210;6;4488;1
11;110;6;1322;33
11;265;6;4477;3
11;271;3;12;75
11;46;6;22;1
11;167;7;12222;20
11;117;7;12222;44
11;184;7;13133;2
11;310;6;2222;10
11;36;7;33000;1
11;156;3;44;16
11;199;3;12;98
11;239;6;1111;5
11;239;7;95;21
11;193;6;4422;3
11;29;6;5555;100
11;219;7;11444;3
11;236;6;1533;9
11;302;7;15122;28
11;86;6;1292;1
11;232;5;131;171
11;274;7;12500;5
11;117;7;13013;1
11;199;6;4490;2
11;199;6;5588;1
11;228;7;14888;1
11;225;6;2222;3
11;193;7;15333;2
11;310;6;2277;5
11;198;6;1213;17
11;77;5;95;15
11;182;6;5555;31
11;30;6;2201;1
11;82;6;1012;1
11;22;7;13222;1
11;36;6;7090;2
11;89;7;22555;1
11;107;6;4444;2
11;280;7;11444;4
11;116;6;2288;1
11;39;6;2222;13
11;78;6;4477;1
11;267;7;44111;1
11;253;7;15122;35
11;145;7;13456;46
11;36;7;12;4
11;192;6;2210;1
11;297;6;4447;1
11;272;6;5013;1
11;49;7;11444;10
11;169;7;12500;1
11;58;7;22556;1
11;300;7;44666;1
11;249;7;12300;4
11;238;6;1221;6
11;265;6;5533;2
11;248;7;96;4
11;181;6;2277;2
11;172;7;13258;3
11;281;6;5511;15
11;226;7;15;1
11;226;7;22;1
11;274;7;22222;3
11;274;7;44190;7
11;225;7;22222;3
11;225;7;44190;1
11;55;7;22;1
11;55;7;45;1
11;55;6;11;1
11;55;6;12;1
11;86;7;13222;2
11;89;7;23192;1
11;58;7;12600;1
11;77;7;22111;1
11;55;6;3323;1
11;307;7;44666;1
11;82;7;11222;6
11;176;6;7022;1
11;41;7;13123;24
11;50;6;1221;14
11;272;7;13258;2
11;189;6;95;4
11;236;7;22022;4
11;203;6;1233;1
11;250;6;2211;6
11;46;7;23123;1
11;299;6;1010;4
11;299;6;4456;4
11;38;6;1010;1
11;150;7;15122;26
11;275;7;22999;1
11;15;6;1299;1
11;261;6;1299;1
11;160;6;11;2
11;160;6;12;5
11;160;6;13;4
11;160;6;22;1
11;160;7;11;1
11;160;7;12;3
11;123;6;1221;13
11;238;6;2200;1
11;132;7;44123;3
11;55;7;12;1
11;55;7;13;20
11;55;7;15;1
11;55;7;19;1
11;183;7;15333;6
11;169;7;45555;3
11;272;7;12888;2
11;272;7;13333;1
11;272;6;3000;1
11;249;6;4490;5
11;249;6;5588;1
11;239;7;11444;11
11;306;7;12999;16
11;64;3;95;1
11;267;7;70777;1
11;8;7;55888;2
11;110;7;70007;2
11;267;3;96;7
11;271;6;1333;2
11;88;6;95;13
11;88;7;45000;3
11;39;7;50444;1
11;243;7;12111;3
11;69;7;44190;1
11;281;7;22126;1
11;204;6;2211;4
11;253;7;22222;3
11;138;6;5555;11
11;208;7;13777;1
11;89;7;95;14
11;37;6;4567;1
11;250;3;96;11
11;293;7;23190;1
11;54;6;1299;1
11;249;7;23192;3
11;35;6;11;2
11;35;6;13;4
11;35;6;44;1
11;196;6;2211;4
11;89;7;65123;1
11;249;7;22777;4
11;288;6;4488;1
11;130;3;12;41
11;283;6;2222;2
11;270;7;13234;1
11;154;7;12999;23
11;284;7;11113;2
11;35;7;11;1
11;35;7;12;1
11;35;7;13;14
11;35;7;44;1
11;35;7;45;1
11;74;6;4445;1
11;291;6;1222;2
11;291;6;1234;1
11;301;7;33888;3
11;145;7;44777;1
11;22;6;1285;1
11;278;6;4012;1
11;292;6;1010;1
11;292;6;4456;3
11;202;7;70070;3
11;197;7;12123;1
11;104;7;13222;1
11;226;7;70321;1
11;273;7;11222;6
11;25;6;1322;33
11;257;3;96;4
11;202;7;50777;1
11;183;6;5533;9
11;301;6;4445;1
11;48;7;12999;16
11;290;6;1122;1
11;49;7;50444;2
11;294;6;5555;27
11;132;7;33123;1
11;39;6;5013;1
11;82;6;1221;2
11;292;6;4488;2
11;252;7;15333;4
11;107;7;55555;3
11;44;7;43143;1
11;25;6;96;3
11;167;6;2201;2
11;270;6;1111;8
11;257;6;1500;1
11;251;6;4400;1
11;194;6;1444;1
11;198;6;4410;4
11;41;7;22555;1
11;30;7;22555;11
11;49;7;13123;4
11;276;7;13123;47
11;171;6;95;6
11;55;7;44111;1
11;265;5;95;14
11;145;6;5555;50
11;58;6;1313;2
11;4;6;4422;2
11;300;6;4422;2
11;134;6;2277;2
11;210;7;12111;2
11;193;7;12000;1
11;281;3;13;154
11;299;7;11;1
11;299;7;12;2
11;299;7;13;12
11;299;7;40;1
11;299;7;44;2
11;299;7;70;1
11;299;6;12;2
11;299;6;13;5
11;206;6;4490;5
11;206;6;5588;1
11;143;6;2288;1
11;28;7;13333;1
11;207;6;1201;1
11;271;3;95;8
11;278;7;95;8
11;38;6;1314;2
11;136;6;1221;2
11;47;7;55888;2
11;288;6;1221;5
11;250;6;5511;11
11;273;6;4456;2
11;273;6;1010;5
11;168;7;70123;3
11;285;6;3378;2
11;301;7;23190;1
11;26;6;95;1
11;168;5;700;37
11;155;6;95;13
11;155;7;45000;1
11;78;7;11444;9
11;36;6;1326;1
11;130;6;5511;1
11;36;3;12;109
11;253;6;1512;1
11;228;6;5555;39
11;167;7;40140;1
11;44;7;12011;1
11;241;6;1333;2
11;67;5;96;15
11;304;7;22222;5
11;77;6;4477;1
11;302;7;96;7
11;171;6;5511;1
11;295;7;13132;3
11;299;6;2277;7
11;38;6;2277;1
11;239;7;23123;1
11;152;7;11111;7
11;39;7;11999;2
11;293;7;13132;2
11;293;7;70222;1
11;296;3;96;14
11;188;6;1213;1
11;182;7;13123;4
11;295;7;96;4
11;90;7;10123;2
11;91;7;11111;1
11;153;7;22222;3
11;35;6;1214;2
11;183;6;4445;2
11;289;7;44666;1
11;198;6;2211;1
11;119;3;13;128
11;281;7;13133;10
11;194;7;70123;1
11;194;5;700;40
11;296;6;2277;11
11;110;6;6565;2
11;136;7;11;1
11;136;7;13;11
11;136;7;15;2
11;136;7;18;2
11;136;7;22;1
11;78;6;4422;2
11;184;7;23123;1
11;310;7;23192;1
11;214;5;700;17
11;236;7;13456;15
11;236;7;15888;3
11;197;7;11222;3
11;29;3;95;9
11;289;6;2255;1
11;84;6;96;1
11;82;6;7011;3
11;31;3;44;27
11;198;6;11;1
11;198;6;13;4
11;198;6;22;2
11;198;6;44;1
11;198;7;12;3
11;198;7;13;11
11;198;7;15;3
11;198;7;40;1
11;116;7;55555;1
11;188;7;22222;2
11;153;7;22777;4
11;286;6;5001;1
11;133;7;12111;3
11;228;6;96;7
11;243;6;2222;3
11;267;6;1292;2
11;136;6;11;2
11;136;6;12;1
11;136;6;13;2
11;136;6;22;2
11;136;6;44;1
11;54;7;11444;2
11;299;5;131;178
11;129;6;1221;2
11;129;6;4412;1
11;239;6;4441;1
11;20;3;44;38
11;184;6;1515;2
11;303;6;1299;1
11;26;6;1221;1
11;297;3;96;15
11;185;3;96;10
11;199;6;1145;1
11;188;7;22777;4
11;273;6;4000;21
11;127;6;1010;1
11;276;3;12;41
11;294;7;19999;1
11;130;3;13;161
11;250;3;12;52
11;134;6;1111;6
11;110;7;15122;39
11;151;7;55011;4
11;246;6;5555;19
11;140;6;2222;6
11;226;7;13555;1
11;54;6;95;8
11;155;6;1010;4
11;155;6;4456;3
11;274;6;1023;1
11;257;6;2299;2
11;171;6;1222;1
11;171;6;1234;2
11;305;7;33888;1
11;292;7;22555;1
11;119;6;1023;1
11;22;7;70007;3
11;111;7;33193;1
11;9;6;2288;3
11;151;7;12222;18
11;225;7;33456;1
11;225;6;1122;1
11;192;7;70070;1
11;243;6;4477;3
11;153;3;95;2
11;274;7;36190;1
11;293;7;22556;1
11;194;6;1333;2
11;291;6;2299;1
11;238;7;96;8
11;136;7;15333;22
11;300;7;12500;3
11;176;6;1313;1
11;292;3;95;5
11;87;6;2222;6
11;169;7;13258;6
11;1;3;13;102
11;55;6;5533;4
11;158;7;23190;1
11;290;6;5555;38
11;3;6;2222;1
11;219;6;2277;1
11;35;7;13333;1
11;290;6;96;5
11;1;7;19999;1
11;167;6;1213;1
11;1;6;5555;80
11;46;7;15120;1
11;282;6;2255;1
11;275;6;5511;3
11;198;6;2277;6
11;106;7;12144;2
11;121;6;96;6
11;286;6;2277;11
11;47;6;4441;1
11;179;7;22444;1
11;38;7;12300;2
11;192;6;2211;1
11;198;7;12000;1
11;160;7;15123;2
11;83;7;65123;1
11;82;7;13222;7
11;6;5;95;4
11;300;7;33789;2
11;160;7;13456;15
11;160;7;15888;1
11;36;7;44123;5
11;75;6;2255;1
11;104;6;4447;1
11;210;3;13;154
11;305;5;96;13
11;130;7;13123;4
11;22;3;96;6
11;68;7;22777;5
11;242;6;1213;11
11;248;6;1213;1
11;214;6;2288;9
11;243;7;22222;1
11;243;7;44190;1
11;39;6;4567;1
11;91;6;1221;2
11;248;5;700;3
11;48;6;1010;6
11;134;7;95;6
11;275;6;1580;1
11;89;6;96;2
11;232;7;55011;2
11;130;5;131;206
11;303;6;1533;1
11;16;7;23192;3
11;210;7;55888;2
11;295;5;131;222
11;21;7;10124;1
11;215;7;33033;1
11;169;7;33200;1
11;239;7;22777;10
11;4;6;1255;1
11;50;7;13333;2
11;196;6;5007;1
11;236;7;13258;1
11;112;7;13258;27
11;258;3;96;11
11;47;7;44123;1
11;74;7;44666;1
11;197;6;5511;3
11;214;7;12;3
11;214;7;13;12
11;214;7;15;1
11;214;7;18;1
11;214;7;23;1
11;8;6;5055;4
11;194;5;160;1
11;289;7;13222;6
11;214;7;40;1
11;214;7;43;1
11;265;6;11;1
11;265;6;12;1
11;265;6;13;2
11;265;6;22;1
11;265;6;23;1
11;265;6;44;1
11;218;6;1010;8
11;26;7;11444;36
11;232;6;2200;1
11;158;7;12333;3
11;182;7;45333;1
11;30;7;12500;1
11;292;6;6565;1
11;307;6;1533;11
11;273;6;11;1
11;273;6;12;1
11;273;6;13;9
11;273;6;40;2
11;273;6;70;1
11;273;7;11;1
11;273;7;13;11
11;273;7;22;2
11;273;7;55;1
11;273;7;70;2
11;249;6;1333;1
11;194;6;1323;1
11;9;6;1113;1
11;145;6;95;4
11;101;7;13133;2
11;68;6;4444;5
11;228;6;1277;1
11;205;7;44020;1
11;205;7;96;1
11;228;7;13456;15
11;108;3;44;7
11;307;6;4411;2
11;296;6;1512;1
11;87;7;13456;11
11;87;7;15888;2
11;218;6;5050;4
11;246;7;13132;3
11;182;6;2288;4
11;97;7;70222;2
11;121;6;4000;32
11;226;7;22222;5
11;188;6;1111;24
11;203;6;2211;4
11;253;7;12222;66
11;257;7;12111;3
11;99;7;33200;1
11;31;7;13333;4
11;155;6;2211;2
11;110;6;1221;8
11;281;3;95;14
11;200;6;1292;1
11;200;6;1255;1
11;241;6;5511;1
11;200;7;13258;5
11;76;7;11444;4
11;203;7;11444;21
11;246;6;4000;26
11;62;5;95;3
11;249;6;4080;1
11;273;7;44123;1
11;205;6;1533;7
11;202;7;23123;1
11;67;6;2210;1
11;216;7;22555;1
11;110;6;1512;1
11;301;6;4488;1
11;274;7;22556;1
11;274;6;5511;15
11;274;7;22909;1
11;35;7;50500;5
11;206;5;555;1
11;179;6;4410;1
11;282;7;55888;3
11;259;7;15333;13
11;301;6;4000;17
11;242;6;1221;3
11;210;7;13013;1
11;210;7;45333;4
11;176;7;23192;2
11;68;3;95;1
11;77;5;96;10
11;172;6;5555;5
11;38;7;50500;3
11;87;7;13132;4
11;198;7;55555;2
11;273;7;45333;4
11;101;3;13;155
11;284;7;15122;16
11;35;5;700;7
11;164;6;4456;1
11;290;7;44111;1
11;267;7;10456;1
11;267;7;12100;1
11;243;7;96;15
11;48;7;70123;2
11;48;5;700;68
11;268;6;1213;2
11;119;3;95;4
11;197;7;15333;4
11;202;7;13789;1
11;179;7;11222;2
11;1;7;11222;3
11;10;6;1222;2
11;84;6;12;1
11;218;7;95;21
11;115;6;4445;2
11;41;6;6565;1
11;208;6;1213;17
11;280;6;1213;1
11;156;7;95;5
11;160;3;44;24
11;196;6;1512;1
11;228;3;12;58
11;193;6;1500;2
11;193;3;95;3
11;214;6;96;3
11;164;7;45111;1
11;216;7;10124;2
11;289;6;1245;1
11;123;6;5001;3
11;207;3;44;50
11;153;3;96;12
11;292;3;12;59
11;58;3;44;37
11;47;6;4400;2
11;66;7;95;4
11;203;6;1314;1
11;289;6;1515;1
11;274;6;1292;4
11;210;7;13222;1
11;111;7;13456;5
11;111;7;15888;3
11;168;7;22555;1
11;195;7;96;11
11;53;6;1213;9
11;117;7;22555;1
11;117;5;95;12
11;138;5;131;183
11;35;7;22555;1
11;48;7;44888;3
11;65;6;5555;75
11;30;6;1299;1
11;58;7;13456;16
11;58;7;15888;1
11;155;7;13456;13
11;155;7;15888;1
11;39;6;2210;2
11;21;6;1221;3
11;282;7;70070;2
11;111;6;96;5
11;302;6;1533;10
11;47;7;70007;3
11;246;6;1500;1
11;246;3;95;9
11;196;5;95;14
11;192;6;6565;4
11;171;6;1322;90
11;38;6;5050;1
11;65;7;12999;6
11;225;7;15122;25
11;35;7;33193;1
11;240;6;95;5
11;305;7;44369;1
11;183;6;1234;1
11;183;6;4411;1
11;176;7;44123;4
11;251;6;5050;1
11;203;6;1111;2
11;64;6;1213;4
11;206;7;22555;1
11;254;7;95;14
11;254;6;1111;4
11;200;7;12999;11
11;303;6;1112;1
11;37;6;1818;1
11;252;6;4000;26
11;171;7;15122;7
11;69;6;4477;1
11;241;6;4410;1
11;134;6;6565;1
11;39;6;2299;1
11;252;6;2255;1
11;49;7;13456;9
11;49;7;15888;2
11;276;7;13456;62
11;3;6;2244;3
11;243;7;12222;29
11;297;6;5555;29
11;200;7;15123;1
11;210;7;23190;2
11;23;6;5060;4
11;258;7;12456;2
11;25;7;13456;16
11;291;7;33000;2
11;274;7;13456;13
11;274;7;15888;4
11;192;6;4000;13
11;68;6;2201;3
11;250;7;70001;1
11;249;6;4444;4
11;105;3;95;1
11;89;5;95;8
11;55;7;15151;5
11;298;7;22222;1
11;298;7;44190;2
11;283;6;5050;1
11;73;7;15122;13
11;5;3;12;58
11;73;3;12;61
11;183;6;4080;1
11;109;6;2222;1
11;304;6;1322;38
11;207;7;12500;11
11;27;7;22222;1
11;27;7;44190;1
11;109;7;11111;1
11;249;6;1214;1
11;243;7;23192;1
11;254;6;5060;1
11;105;6;4447;1
11;271;7;44776;1
11;148;6;4422;5
11;296;6;4000;9
11;122;7;12500;2
11;297;7;15145;1
11;306;7;13123;4
11;270;7;12123;3
11;241;6;2244;9
11;148;6;1299;2
11;46;7;10456;1
11;88;7;44777;1
11;152;3;13;181
11;148;7;12345;1
11;101;7;36100;1
11;66;3;12;89
11;296;6;1333;2
11;91;7;11222;6
11;249;7;23123;1
11;116;6;2211;2
11;132;6;5005;1
11;182;6;7040;1
11;307;7;95;15
11;307;6;1111;5
11;121;6;2288;3
11;218;6;2288;11
11;283;7;22222;1
11;8;7;50500;1
11;247;7;13123;1
11;169;7;15333;4
11;297;6;1020;1
11;215;7;15333;7
11;291;6;1556;1
11;275;7;12123;2
11;286;7;11444;11
11;89;7;12300;1
11;58;6;4447;1
11;112;7;44369;9
11;10;6;5533;12
11;301;7;44123;1
11;40;7;55333;1
11;153;7;13123;4
11;22;6;4490;2
11;135;3;44;19
11;196;7;11113;3
11;251;7;12999;19
11;296;6;1122;1
11;294;7;15122;2
11;47;7;50013;1
11;22;6;2233;1
11;143;5;95;2
11;194;7;65123;1
11;176;7;11444;7
11;143;6;4000;5
11;249;7;22556;2
11;286;7;15007;1
11;183;7;13222;2
11;97;6;2233;1
11;37;6;4444;2
11;54;7;13222;1
11;279;7;70090;1
11;196;7;15122;34
11;196;7;43640;1
11;304;6;4477;3
11;147;7;22555;2
11;73;5;555;1
11;288;6;1588;1
11;155;6;4445;1
11;155;7;44888;2
11;242;6;96;6
11;248;6;96;1
11;26;3;96;5
11;30;7;55555;1
11;242;6;5555;34
11;248;6;5555;71
11;181;3;95;5
11;2;3;96;2
11;278;3;95;4
11;252;6;1326;1
11;270;6;4000;11
11;296;6;1322;45
11;16;7;15122;3
11;298;6;5511;15
11;168;5;160;1
11;195;3;96;5
11;67;7;12222;28
11;189;7;12600;2
11;54;5;131;128
11;107;7;44000;1
11;1;5;131;172
11;202;7;95;23
11;55;6;95;1
11;254;7;13138;1
11;35;6;1322;136
11;121;6;1112;1
11;111;7;50500;4
11;50;7;13123;20
11;184;6;1255;1
11;215;6;6565;1
11;16;7;13258;1
11;193;7;33111;1
11;156;6;5555;37
11;196;7;12888;1
11;193;7;12500;2
11;289;7;13555;1
11;84;6;2222;1
11;135;7;13333;3
11;270;6;2211;3
11;1;6;5511;4
11;250;7;13456;12
11;250;7;15888;5
11;254;7;22555;3
11;73;7;14190;1
11;200;6;15;1
11;200;6;22;1
11;200;6;44;1
11;200;7;11;1
11;200;7;12;3
11;200;7;13;9
11;200;7;44;1
11;200;7;70;1
11;132;6;13;2
11;132;6;55;1
11;132;7;11;1
11;132;7;13;8
11;132;7;15;1
11;132;7;22;1
11;148;6;11;2
11;148;6;12;4
11;148;6;13;3
11;148;6;15;1
11;148;6;22;2
11;148;7;11;1
11;236;7;22222;2
11;236;7;44190;2
11;106;7;44333;1
11;216;6;1111;2
11;216;7;95;6
11;259;7;11444;8
11;172;6;1444;1
11;172;7;33888;1
11;143;6;95;4
11;290;6;1016;4
11;132;7;50444;1
11;87;7;23123;2
11;148;7;13123;4
11;290;6;4490;4
11;290;6;5588;2
11;214;7;10000;1
11;214;6;4447;1
11;37;6;2210;1
11;82;7;15122;36
11;208;6;5088;1
11;23;7;12333;2
11;112;7;15123;1
11;194;7;70007;2
11;105;7;95;2
11;243;3;96;10
11;90;6;1221;3
11;145;6;7077;2
11;297;6;2200;1
11;265;6;5511;10
11;287;6;1299;3
11;196;3;16;1
11;307;7;12300;1
11;22;7;15120;1
11;277;7;22222;1
11;277;7;44190;4
11;273;7;50444;1
11;304;6;7022;1
11;304;7;23123;2
11;219;7;45333;1
11;272;6;2299;1
11;122;6;3550;1
11;270;7;70007;1
11;261;3;12;73
11;271;7;12555;1
11;238;6;4444;3
11;6;6;2288;1
11;283;5;555;2
11;185;7;44123;1
11;157;7;22777;1
11;247;6;4488;2
11;247;7;33007;1
11;243;3;13;150
11;130;6;4456;1
11;121;7;11999;3
11;183;7;13258;2
11;186;7;12999;5
11;89;6;1111;9
11;214;6;1292;2
11;301;7;11444;8
11;83;5;131;207
11;5;6;4444;1
11;111;6;1533;6
11;38;5;555;2
11;257;6;5050;1
11;203;7;95;13
11;197;3;12;70
11;310;7;65013;1
11;254;7;12999;22
11;240;6;2288;6
11;1;5;555;4
11;251;6;95;16
11;232;6;1299;1
11;210;7;13132;6
11;216;7;12111;4
11;232;7;15123;1
11;182;3;13;160
11;181;3;13;159
11;272;6;1201;1
11;1;3;96;4
11;200;6;2244;26
11;36;6;1111;4
11;36;7;95;8
11;140;7;12222;19
11;27;6;2222;1
11;289;6;2200;1
11;115;6;1111;3
11;302;6;1322;25
11;76;3;12;130
11;148;3;44;55
11;181;7;13258;1
11;156;7;11444;12
11;272;7;13456;11
11;272;7;15888;2
11;205;7;22022;6
11;183;6;1292;2
11;58;6;6565;2
11;155;6;6565;2
11;138;7;12222;76
11;66;6;4477;1
11;140;6;5555;16
11;290;7;15120;2
11;291;6;1213;11
11;186;7;95;5
11;274;7;22126;2
11;107;6;1111;42
11;132;6;1000;2
11;307;7;22022;9
11;183;6;4433;1
11;203;6;2222;11
11;295;7;50444;2
11;289;6;4080;2
11;67;7;15333;5
11;195;7;15123;1
11;158;7;96;2
11;26;7;22222;1
11;202;7;33111;1
11;39;6;7040;2
11;119;6;7000;1
11;110;6;2244;2
11;228;7;22555;2
11;8;7;12;5
11;8;7;13;20
11;8;7;22;1
11;8;7;45;1
11;8;7;70;2
11;238;7;15333;5
11;272;7;44666;1
11;58;7;15123;3
11;87;7;95;15
11;218;7;96;5
11;254;7;23123;2
11;307;6;3550;1
11;72;6;1221;1
11;169;6;2211;3
11;115;7;33456;1
11;133;6;1299;1
11;65;5;95;2
11;203;7;10000;3
11;192;7;95;6
11;192;6;1111;2
11;287;6;4444;4
11;197;6;4490;8
11;38;6;2288;3
11;301;6;1322;38
11;193;3;13;86
11;36;7;33888;1
11;86;6;2233;1
11;219;5;96;9
11;193;6;2277;2
11;181;3;96;9
11;249;7;15151;1
11;248;7;12500;1
11;123;7;44022;1
11;135;6;1533;13
11;239;7;44567;1
11;250;6;13;4
11;250;6;44;2
11;250;6;55;1
11;250;7;12;2
11;250;7;13;10
11;250;7;14;1
11;250;7;15;1
11;250;7;44;1
11;250;7;45;1
11;226;7;10000;3
11;133;7;22556;1
11;72;6;2244;2
11;208;7;12000;1
11;280;7;12000;1
11;265;6;4488;3
11;192;7;70123;1
11;192;5;700;31
11;195;6;5511;13
11;82;7;65123;1
11;91;7;15000;1
11;259;7;12999;4
11;58;3;95;2
11;154;6;2323;1
11;202;6;1111;1
11;216;6;1533;16
11;288;6;2244;9
11;158;6;96;1
11;302;6;1222;1
11;188;6;2222;3
11;193;7;55888;1
11;143;7;12222;34
11;281;6;2299;1
11;38;6;1533;5
11;250;7;44543;2
11;66;7;12333;3
11;207;7;15123;1
11;288;7;15333;7
11;2;7;13222;1
11;76;7;12111;1
11;105;6;95;1
11;287;6;1010;2
11;287;6;4456;3
11;284;7;15123;3
11;65;6;1323;1
11;287;6;5533;1
11;5;7;13132;1
11;226;6;3550;1
11;152;3;95;5
11;188;6;1322;79
11;90;7;13013;1
11;90;7;45333;1
11;77;6;1322;47
11;26;7;33888;1
11;77;5;131;203
11;101;5;131;218
11;208;6;5001;4
11;280;6;5001;3
11;305;7;22555;1
11;99;7;12500;1
11;197;6;1000;2
11;121;5;131;229
11;23;3;95;3
11;208;7;44777;1
11;265;7;44101;1
11;22;6;2277;7
11;47;7;50444;3
11;216;7;65123;1
11;288;7;50500;1
11;121;6;6565;3
11;184;6;4000;5
11;281;7;13222;3
11;288;5;96;13
11;152;6;4410;2
11;2;7;15122;1
11;3;6;5511;2
11;54;7;12999;13
11;195;6;1314;1
11;270;7;13789;1
11;218;7;50500;1
11;293;7;43211;1
11;305;7;15123;2
11;261;5;95;4
11;15;5;95;4
11;136;7;23123;6
11;284;5;131;170
11;218;7;13456;10
11;39;6;2200;5
11;280;7;12500;29
11;239;6;96;11
11;120;6;1322;11
11;192;6;4406;1
11;167;7;22190;2
11;167;5;131;160
11;283;7;70123;1
11;283;5;700;6
11;83;6;1522;1
11;254;7;11444;12
11;82;6;4433;3
11;182;6;1322;62
11;273;6;1322;51
11;148;6;5088;1
11;110;6;5055;1
11;110;7;11222;1
11;158;6;4567;2
11;251;6;5511;6
11;248;6;4422;2
11;285;7;55333;1
11;110;7;44447;1
11;98;7;50500;1
11;90;6;2255;1
11;120;7;14444;1
11;298;7;50444;1
11;270;6;2244;13
11;155;6;4477;4
11;62;5;131;128
11;75;3;96;7
11;300;7;10190;1
11;116;7;13234;1
11;243;6;1213;10
11;28;6;4410;3
11;119;5;555;1
11;138;7;44190;3
11;21;6;2200;4
11;86;6;1221;3
11;310;6;1221;2
11;241;5;95;3
11;16;7;11222;1
11;214;6;1533;25
11;172;7;13222;1
11;107;6;2222;7
11;281;5;700;25
11;3;5;95;3
11;302;7;22222;2
11;305;7;45333;2
11;110;7;12222;31
11;296;7;10123;6
11;1;3;95;2
11;310;7;10000;1
11;167;3;96;3
11;7;7;22222;1
11;39;6;5050;1
11;250;7;15333;17
11;88;6;5512;1
11;7;6;5500;1
11;300;6;2288;7
11;281;6;2255;2
11;16;6;2277;3
11;138;6;4433;2
11;277;6;1213;7
11;105;6;2233;1
11;123;7;12999;11
11;303;7;11111;1
11;39;7;22111;1
11;298;6;4456;5
11;8;6;2277;4
11;143;6;1533;2
11;40;7;15333;1
11;97;6;1533;1
11;68;7;12111;1
11;30;6;4444;1
11;248;3;12;88
11;83;7;11222;5
11;197;3;96;9
11;145;5;555;2
11;68;6;1323;1
11;88;6;4444;3
11;307;6;4490;6
11;307;6;5588;1
11;134;7;13133;3
11;30;7;13258;2
11;276;6;1299;1
11;49;6;1299;1
11;219;6;1111;4
11;247;7;11444;20
11;186;5;131;101
11;8;7;13132;3
11;8;7;22555;9
11;267;5;555;6
11;247;7;13456;5
11;157;6;4422;1
11;72;6;1222;2
11;310;6;1322;18
11;176;7;15333;4
11;134;7;70000;1
11;193;6;1326;1
11;122;7;22777;3
11;30;7;13222;1
11;243;6;7090;3
11;75;6;2233;6
11;215;7;13123;7
11;304;7;13132;3
11;304;7;70222;1
11;72;7;13123;1
11;29;6;5533;1
11;197;7;44027;1
11;202;7;12345;1
11;185;7;10123;1
11;299;7;15333;8
11;67;6;1292;2
11;239;6;1313;1
11;294;7;12999;36
11;203;6;2210;1
11;210;6;7012;1
11;110;7;13123;4
11;290;7;96;4
11;184;7;33193;2
11;215;7;12123;2
11;272;3;44;40
11;105;7;12222;13
11;307;7;13222;2
11;199;3;96;5
11;239;6;1000;1
11;218;6;1311;1
11;168;6;7090;6
11;46;6;5013;1
11;75;6;4410;3
11;238;7;70000;1
11;22;6;5055;1
11;196;6;1292;1
11;66;6;96;5
11;293;5;96;11
11;67;6;1232;1
11;98;6;96;2
11;148;6;2255;1
11;274;7;11444;14
11;215;6;1513;1
11;292;5;555;1
11;155;7;15122;30
11;5;6;1221;2
11;53;6;1221;9
11;206;7;44369;1
11;74;7;22222;1
11;74;7;44190;1
11;303;6;95;5
11;152;3;96;5
11;168;6;96;9
11;37;6;1322;35
11;67;7;22322;1
11;238;6;1322;37
11;82;7;22222;2
11;82;7;44190;3
11;152;6;1322;69
11;179;7;11113;5
11;179;7;22022;1
11;123;3;44;15
11;129;7;19999;1
11;129;6;5013;1
11;138;7;44044;2
11;22;6;4440;1
11;22;6;7020;1
11;31;6;2288;6
11;272;6;4445;3
11;293;6;5055;2
11;293;7;11222;7
11;99;7;55555;1
11;180;3;13;86
11;132;5;131;160
11;133;6;1292;2
11;27;5;131;94
11;154;3;44;32
11;15;6;1155;1
11;188;7;12222;30
11;53;7;13123;3
11;295;7;13123;4
11;297;6;1322;45
11;15;7;13222;52
11;62;6;4412;1
11;218;7;65123;1
11;152;6;2244;5
11;249;7;13132;2
11;249;7;70222;1
11;215;7;70007;1
11;208;6;1255;1
11;302;5;131;183
11;203;6;2200;2
11;218;7;13133;1
11;306;6;1111;3
11;91;7;13013;1
11;91;7;45333;1
11;105;5;700;3
11;306;6;2222;12
11;154;7;11222;1
11;110;6;1010;1
11;110;6;4456;4
11;189;6;2200;1
11;254;6;4456;2
11;254;6;1010;4
11;185;6;1292;1
11;148;7;22556;1
11;112;7;14111;1
11;207;6;1973;1
11;168;6;4422;3
11;158;6;4445;3
11;46;7;22022;4
11;46;7;11113;1
11;66;6;1122;3
11;66;6;1232;1
11;109;7;13456;40
11;238;6;1313;1
11;101;7;96;12
11;184;6;4444;2
11;181;6;4410;4
11;181;6;2211;1
11;277;7;19999;1
11;194;6;4422;1
11;66;7;12999;14
11;189;7;44123;1
11;90;7;44543;1
11;252;6;5001;2
11;172;7;15333;2
11;66;7;22777;4
11;136;7;95;11
11;265;6;1113;1
11;303;5;95;4
11;274;6;2233;3
11;87;5;555;2
11;109;5;131;185
11;10;7;23123;1
11;86;7;22000;2
11;296;6;4444;6
11;216;7;15333;10
11;250;7;13222;6
11;44;6;1500;2
11;66;6;11;1
11;66;6;22;1
11;66;7;12;3
11;241;7;15222;1
11;181;6;11;1
11;181;6;12;2
11;181;6;13;11
11;181;7;10;1
11;66;7;13;10
11;66;7;15;1
11;66;7;44;2
11;66;7;45;1
11;66;7;55;1
11;66;7;70;2
11;197;6;1533;8
11;252;6;1500;3
11;252;3;95;5
11;259;6;1221;2
11;203;7;44666;1
11;289;3;12;45
11;133;6;1277;1
11;185;7;22777;2
11;297;7;22777;6
11;276;3;44;9
11;254;6;4455;1
11;158;7;12300;1
11;205;7;13456;12
11;182;7;55555;1
11;194;7;13456;11
11;251;5;96;24
11;293;6;2222;9
11;62;5;96;3
11;258;7;10123;1
11;282;7;43640;1
11;15;6;4477;3
11;281;7;44111;1
11;48;6;1213;11
11;53;7;11444;5
11;123;7;13456;19
11;285;3;96;3
11;80;6;1533;3
11;265;6;2277;10
11;270;3;44;44
11;288;6;96;1
11;136;7;11444;9
11;143;6;5533;4
11;39;5;96;10
11;47;7;15888;2
11;207;7;15120;1
11;152;6;1326;1
11;200;7;44044;1
11;27;7;55888;3
11;197;5;131;183
11;294;6;1221;4
11;75;7;13133;1
11;290;7;13234;1
11;116;6;2233;5
11;156;5;131;124
11;23;7;11444;5
11;37;7;55678;1
11;83;7;70007;1
11;182;7;13133;2
11;29;6;4422;4
11;39;7;12000;1
11;122;6;3555;1
11;122;7;12999;31
11;240;6;1522;1
11;198;7;22222;2
11;198;7;44190;5
11;196;7;50123;1
11;44;5;95;6
11;160;6;5533;4
11;267;7;50500;4
11;295;6;2222;9
11;7;7;45333;1
11;226;7;55678;1
11;76;6;4445;2
11;29;7;13222;1
11;66;6;4456;2
11;39;6;2255;3
11;110;7;22777;8
11;228;6;1213;5
11;41;6;3550;2
11;147;6;2244;2
11;242;3;44;44
11;15;3;12;67
11;194;6;96;3
11;181;6;1212;1
11;130;7;33222;1
11;73;7;11222;3
11;38;7;22556;1
11;50;7;65013;2
11;185;7;12222;22
11;297;7;12222;48
11;35;6;96;2
11;46;5;131;192
11;23;7;44345;1
11;306;6;1000;1
11;252;7;23190;2
11;265;7;96;11
11;38;6;1326;2
11;153;7;15333;1
11;218;7;12500;3
11;117;6;5511;9
11;268;7;22022;2
11;225;6;4400;2
11;292;3;44;43
11;1;6;4000;7
11;251;6;4488;1
11;193;7;43333;1
11;270;6;2323;2
11;252;5;131;193
11;145;7;11113;1
11;238;7;12333;1
11;21;7;33123;1
11;265;7;33300;1
11;181;7;13123;4
11;158;6;4477;1
11;153;7;50500;1
11;133;7;15120;1
11;310;3;96;3
11;62;6;2233;1
11;111;7;11222;1
11;285;6;2244;8
11;111;7;22777;10
11;271;7;22777;5
11;300;7;15333;10
11;44;7;12345;1
11;133;3;44;46
11;277;7;95;4
11;62;6;2211;2
11;123;7;95;8
11;271;7;15333;7
11;282;3;44;56
11;9;3;95;3
11;77;7;22555;1
11;232;6;96;9
11;27;6;5533;1
11;215;6;2288;11
11;54;6;4445;1
11;138;6;1322;30
11;301;7;12300;2
11;80;3;13;60
11;192;6;7090;1
11;242;7;12123;3
11;289;6;5555;29
11;169;3;96;3
11;73;6;5511;1
11;299;6;5555;29
11;294;6;2222;1
11;46;7;12000;1
11;133;7;50123;1
11;267;7;96;11
11;236;6;5007;1
11;208;3;44;62
11;50;6;1322;71
11;120;6;5511;4
11;148;3;96;12
11;208;6;1292;1
11;30;3;96;1
11;305;7;55333;1
11;216;6;11;1
11;112;7;95;3
11;295;6;7090;1
11;1;6;2323;1
11;84;6;1533;8
11;281;6;4411;1
11;203;7;44567;1
11;261;7;12000;1
11;295;7;22126;1
11;182;6;1292;2
11;26;5;131;172
11;228;6;2288;12
11;198;6;5555;34
11;281;6;4488;5
11;193;7;15122;21
11;193;7;43640;1
11;239;6;7090;2
11;10;6;1326;1
11;69;6;2200;1
11;110;6;4422;2
11;202;7;23190;2
11;76;3;21;1
11;154;6;4000;17
11;300;6;4000;12
11;4;6;4000;8
11;298;7;15888;2
11;218;7;44122;1
11;104;6;2211;2
11;83;6;7078;1
11;241;6;5555;51
11;271;7;10123;7
11;226;7;12111;2
11;121;3;12;98
11;140;3;12;30
11;64;3;44;1
11;50;5;95;6
11;22;3;95;3
11;294;7;11222;1
11;200;7;44111;17
11;284;3;95;12
11;284;6;1500;1
11;272;6;4410;11
11;147;6;1299;1
11;195;3;95;2
11;195;6;1500;1
11;295;6;1326;1
11;289;6;4410;5
11;284;7;44333;1
11;291;6;1000;1
11;26;7;12111;11
11;26;7;33200;5
11;30;7;15222;1
11;132;7;44777;1
11;23;7;10100;2
11;200;6;4466;1
11;304;7;12999;23
11;197;6;1299;2
11;206;6;2222;7
11;248;6;1221;2
11;87;7;15122;29
11;65;7;12222;43
11;297;7;22022;3
11;276;6;2244;15
11;49;6;2244;7
11;280;3;44;9
11;136;6;1322;46
11;160;6;1333;1
11;75;5;96;17
11;274;7;44447;2
11;272;6;1322;32
11;135;6;4000;17
11;294;7;12222;20
11;228;6;2277;12
11;288;7;11111;1
11;214;6;2233;2
11;251;7;15333;5
11;236;3;13;120
11;232;3;12;55
11;232;7;65123;1
11;1;6;4447;1
11;205;3;96;8
11;267;6;2299;1
11;136;6;4488;1
11;289;7;12999;20
11;303;6;4490;1
11;83;7;22222;8
11;83;7;44190;5
11;216;6;1213;5
11;105;6;4410;2
11;197;7;96;6
11;198;7;22122;1
11;39;7;12300;2
11;50;7;44123;5
11;22;6;1222;1
11;22;6;1234;1
11;62;6;22;1
11;62;7;13;6
11;62;7;70;1
11;41;6;1323;1
11;246;7;13133;3
11;232;3;44;33
11;249;6;2200;11
11;47;7;22555;2
11;35;7;12999;12
11;50;6;4477;1
11;225;6;1233;1
11;205;3;12;49
11;112;7;13123;10
11;171;7;44020;3
11;171;7;96;5
11;270;6;4488;1
11;299;7;13131;1
11;299;7;55888;1
11;38;7;55888;2
11;285;7;15123;2
11;254;6;12;5
11;254;6;13;4
11;254;6;22;1
11;254;7;11;1
11;254;7;12;4
11;254;7;13;6
11;254;7;45;2
11;254;7;55;1
11;53;7;96;3
11;236;7;10000;3
11;86;7;15123;2
11;202;6;4410;5
11;275;6;1222;1
11;275;6;1234;1
11;90;7;70007;3
11;158;6;1255;1
11;36;7;22022;2
11;251;7;10000;1
11;23;7;12500;3
11;273;7;70123;1
11;218;6;4422;2
11;9;6;1300;1
11;107;6;7090;1
11;260;7;12888;1
11;296;3;44;46
11;183;6;1122;1
11;302;6;4445;3
11;270;7;22555;2
11;273;7;55888;1
11;310;7;11113;2
11;285;5;555;1
11;109;7;22222;1
11;300;3;44;29
11;4;3;44;24
11;228;6;1313;1
11;288;7;12123;1
11;302;6;2277;6
11;290;6;4477;3
11;243;7;10123;3
11;254;7;70;1
11;293;6;1588;1
11;65;3;12;43
11;274;6;4488;2
11;226;5;131;190
11;80;6;1277;1
11;127;5;96;6
11;68;3;13;137
11;110;3;44;44
11;176;7;11999;1
11;147;7;12222;39
11;7;6;1299;1
11;202;6;2211;3
11;184;6;12;3
11;179;7;12999;54
11;198;6;4400;2
11;23;6;1533;6
11;89;7;22777;2
11;199;7;23456;1
11;7;7;12;1
11;127;6;1222;1
11;69;7;12111;2
11;38;7;65013;2
11;259;7;13333;1
11;180;6;1322;29
11;202;6;1277;1
11;151;7;55555;6
11;37;6;4410;11
11;286;6;3323;1
11;39;6;1251;1
11;284;5;555;1
11;278;7;12100;1
11;288;7;22222;4
11;288;7;44190;2
11;133;6;2222;7
11;205;7;13132;1
11;299;7;13132;4
11;299;7;70222;2
11;49;6;4445;4
11;239;7;10122;1
11;116;6;4447;1
11;6;6;5588;2
11;225;7;22022;5
11;300;6;1533;6
11;4;6;1533;8
11;73;7;13123;5
11;226;7;45645;1
11;38;6;1212;1
11;242;7;55555;1
11;274;7;12222;47
11;206;6;4444;4
11;196;6;6565;5
11;168;6;1000;3
11;185;6;1399;1
11;182;6;1277;1
11;98;6;2255;1
11;172;6;95;7
11;305;6;1214;1
11;77;7;13133;1
11;117;6;4410;3
11;206;7;22777;5
11;239;7;15120;1
11;21;6;5050;1
11;272;6;96;6
11;225;7;55888;3
11;38;6;5001;2
11;84;3;12;11
11;206;6;5555;38
11;48;7;13133;6
11;91;7;15333;2
11;58;6;1333;2
11;155;6;1333;1
11;155;6;1500;1
11;21;6;2233;2
11;15;3;21;1
11;243;6;95;13
11;6;7;12222;40
11;107;6;5001;1
11;206;6;2288;12
11;252;6;5512;1
11;258;3;44;9
11;82;7;13131;1
11;225;7;12222;35
11;98;6;2244;17
11;236;6;2222;1
11;291;7;13123;7
11;89;7;11444;3
11;119;6;1213;5
11;36;6;1000;1
11;239;7;50777;2
11;290;7;40888;1
11;46;6;2200;1
11;193;6;1313;2
11;278;7;13123;14
11;39;7;12345;1
11;194;5;555;4
11;295;7;70007;3
11;31;6;1010;1
11;37;3;13;115
11;189;6;4000;40
11;185;6;5050;1
11;176;7;12999;14
11;258;7;70333;2
11;236;7;70007;2
11;210;6;1533;12
11;210;6;5511;10
11;238;3;96;11
11;47;6;2200;3
11;301;7;10121;1
11;306;7;12500;2
11;104;6;1221;6
11;168;7;12300;1
11;91;6;1123;1
11;198;6;5533;3
11;194;6;2222;10
11;150;7;12222;64
11;58;5;555;3
11;99;6;1221;3
11;49;6;96;4
11;91;3;12;62
11;279;6;4477;2
11;310;7;70070;1
11;259;5;95;1
11;37;7;13132;6
11;22;6;1111;2
11;188;7;10555;6
11;271;6;4400;3
11;112;3;13;140
11;168;7;44190;5
11;278;6;7040;1
11;189;7;12222;43
11;78;7;10123;3
11;69;7;13456;23
11;69;7;15888;1
11;271;7;15122;30
11;271;7;43640;1
11;194;6;1322;24
11;122;6;4444;35
11;257;6;2244;6
11;286;6;5060;1
11;122;7;12222;9
11;147;6;4410;7
11;53;7;13258;3
11;306;7;12222;34
11;242;6;1522;3
11;280;5;131;119
11;129;6;4444;5
11;153;7;11111;1
11;160;7;12333;2
11;21;7;13456;17
11;21;7;15888;1
11;307;6;2277;9
11;208;7;22777;3
11;288;7;12500;1
11;280;7;22777;1
11;44;6;6565;3
11;304;7;13456;4
11;304;7;15888;4
11;295;7;11113;2
11;295;7;22022;3
11;116;3;95;3
11;36;6;96;7
11;129;7;15123;1
11;167;7;11222;1
11;207;7;15122;39
11;7;7;70007;5
11;228;7;45333;8
11;297;7;10121;1
11;140;7;33888;3
11;75;6;1299;2
11;249;6;2255;1
11;198;6;2222;6
11;116;6;1299;1
11;268;7;15123;1
11;259;7;15123;5
11;25;3;13;108
11;216;7;11222;2
11;130;5;700;24
11;246;7;33111;1
11;109;6;5555;62
11;254;6;6565;1
11;232;7;22777;6
11;154;7;50013;1
11;36;6;4000;28
11;292;7;22126;1
11;278;6;1531;1
11;28;6;5055;1
11;299;6;4444;6
11;107;6;96;4
11;134;5;131;160
11;254;7;50500;4
11;138;6;13;4
11;138;6;11;2
11;28;7;11222;7
11;134;6;5533;3
11;156;7;12000;1
11;38;6;2233;1
11;154;6;2200;2
11;236;6;2255;1
11;183;7;95;14
11;240;7;95;5
11;240;6;1111;2
11;62;6;2244;3
11;3;3;12;86
11;185;7;13132;1
11;301;6;96;4
11;154;5;96;11
11;89;7;10123;3
11;168;7;10123;1
11;294;6;13;2
11;119;6;1111;33
11;206;7;11222;8
11;121;3;16;1
11;299;6;4000;12
11;90;7;13123;3
11;172;5;131;94
11;10;7;95;11
11;285;6;2323;1
11;291;6;2201;1
11;160;7;12999;5
11;35;7;12345;1
11;47;6;5555;49
11;182;7;22222;1
11;182;7;44190;3
11;105;7;96;1
11;135;6;1213;6
11;282;6;1322;69
11;148;7;15333;5
11;192;6;2244;5
11;249;7;14244;1
11;66;6;2288;1
11;62;6;1322;22
11;226;7;96;6
11;172;7;11222;1
11;307;6;4422;1
11;206;6;1111;3
11;206;7;95;19
11;206;3;95;9
11;284;6;2277;6
11;185;5;96;12
11;291;6;1313;3
11;267;6;4447;1
11;302;6;2222;1
11;120;7;15222;3
11;155;7;13133;1
11;54;7;13333;1
11;72;7;12999;98
11;226;7;55333;1
11;284;3;44;47
11;260;7;12999;43
11;90;7;13133;3
11;168;5;131;218
11;176;3;13;216
11;210;7;65013;1
11;292;5;131;191
11;272;6;5533;4
11;232;7;44111;1
11;47;7;11222;5
11;72;6;1232;1
11;303;6;5555;48
11;87;7;12111;2
11;240;7;12222;38
11;46;6;4490;6
11;167;6;5555;24
11;239;7;10123;3
11;188;6;2233;1
11;69;6;2222;4
11;4;7;96;5
11;310;6;4000;5
11;67;7;96;2
11;8;7;13123;2
11;197;7;22556;2
11;37;6;2200;9
11;156;5;160;1
11;306;7;44333;1
11;216;6;1311;1
11;54;6;1221;3
11;189;7;13456;30
11;251;7;44447;1
11;22;7;13132;4
11;306;7;15333;7
11;205;7;12555;1
11;306;7;22555;1
11;168;6;1213;11
11;287;6;1322;48
11;27;6;5511;5
11;208;7;15120;2
11;280;7;15120;1
11;196;7;11000;1
11;296;7;44888;1
11;109;6;95;2
11;236;6;4433;1
11;90;7;50500;1
11;236;7;13132;3
11;105;6;2277;2
11;49;7;13234;1
11;29;6;1212;1
11;286;3;44;86
11;225;6;5050;1
11;179;7;12000;1
11;278;6;2244;17
11;281;6;4000;11
11;64;6;4000;5
11;303;7;12999;24
11;77;3;96;7
11;286;7;70001;1
11;279;7;33193;1
11;279;7;55555;1
11;215;7;12222;44
11;171;7;55234;1
11;270;3;13;162
11;133;7;11999;3
11;44;7;12222;36
11;44;7;70345;1
11;44;6;5577;1
11;206;6;4433;2
11;106;6;5511;1
11;39;7;22222;6
11;183;7;55;2
11;183;7;33;1
11;183;7;40;1
11;183;7;44;1
11;183;7;70;1
11;183;6;12;1
11;183;6;13;2
11;183;6;55;2
11;8;6;5511;1
11;290;7;13456;14
11;290;7;15888;2
11;21;5;131;133
11;295;7;12444;1
11;295;7;45333;1
11;292;6;7040;1
11;89;6;1213;10
11;252;6;1111;4
11;252;7;95;13
11;107;7;12300;4
11;293;6;1313;1
11;135;7;13133;8
11;276;6;4410;1
11;104;3;44;26
11;86;6;1122;1
11;86;6;4533;1
11;115;7;70123;4
11;115;5;700;14
11;50;5;131;215
11;53;3;96;5
11;189;6;1213;6
11;294;5;131;112
11;300;6;1313;1
11;88;6;5013;1
11;171;5;95;7
11;295;6;1000;2
11;287;6;4447;1
11;82;7;13123;8
11;98;7;12300;1
11;49;7;44777;1
11;279;6;1000;2
11;167;6;5511;6
11;265;6;4422;3
11;168;7;15122;32
11;207;6;2211;4
11;267;7;44123;1
11;272;6;4400;6
11;291;7;10000;3
11;157;7;12222;11
11;203;7;12;2
11;203;7;13;19
11;203;7;15;4
11;203;7;22;1
11;203;7;55;2
11;203;7;70;1
11;203;6;11;1
11;203;6;13;10
11;203;6;15;1
11;203;6;22;2
11;203;6;23;1
11;203;6;40;1
11;203;6;55;1
11;232;5;700;24
11;7;6;3333;1
11;202;7;22556;1
11;260;5;160;1
11;210;3;12;61
11;284;6;1326;1
11;108;6;4422;1
11;226;7;12222;56
11;278;6;1331;1
11;133;6;1533;4
11;181;7;95;19
11;252;7;15122;36
11;239;7;11113;1
11;239;7;22022;8
11;91;7;55678;1
11;104;7;44447;1
11;197;6;1314;1
11;279;6;2211;1
11;158;7;55888;3
11;158;7;13131;1
11;54;6;2299;2
11;238;6;2277;8
11;67;3;95;5
11;281;7;44369;2
11;37;6;1111;5
11;283;7;12999;4
11;76;6;1222;1
11;242;6;4490;3
11;242;6;5588;1
11;248;6;4490;1
11;243;7;12999;32
11;274;6;1221;3
11;219;6;4422;2
11;295;6;5511;11
11;156;6;2277;12
11;251;7;22777;11
11;240;6;1322;13
11;16;6;5555;13
11;180;6;5533;3
11;116;7;70321;2
11;110;7;44027;2
11;304;6;1010;3
11;304;6;4456;2
11;121;7;33193;2
11;203;7;10022;1
11;232;7;33193;1
11;232;7;70700;1
11;88;7;22777;4
11;8;6;2233;1
11;101;7;15333;2
11;101;7;55860;1
11;89;7;13258;5
11;119;6;1512;2
11;41;6;2222;5
11;228;6;2233;2
11;246;6;5055;1
11;246;7;11222;2
11;41;5;700;21
11;181;7;40400;1
11;123;7;44777;1
11;216;7;12500;6
11;302;7;10190;1
11;258;7;12500;2
11;292;7;13132;3
11;292;7;70222;1
11;254;6;4400;1
11;117;7;13123;7
11;69;7;13333;2
11;135;6;1322;15
11;301;6;4477;7
11;158;7;10123;1
11;275;7;55888;1
11;89;7;33000;1
11;238;6;1533;11
11;22;3;13;81
11;301;7;15888;3
11;133;6;5060;1
11;105;6;1222;1
11;167;6;12;3
11;167;6;13;2
11;167;7;11;2
11;167;7;12;3
11;167;7;13;4
11;167;7;15;1
11;167;7;40;1
11;287;7;45555;1
11;108;6;5555;66
11;10;7;55;1
11;167;7;13123;1
11;281;7;12111;2
11;281;7;33200;1
11;203;7;13133;2
11;39;7;44776;1
11;98;6;2222;4
11;36;7;44776;2
11;90;7;22556;2
11;123;6;2233;1
11;295;6;2201;1
11;198;7;10122;1
11;117;7;11111;2
11;288;6;2233;2
11;134;6;2288;9
11;241;6;1221;1
11;73;7;13777;1
11;267;6;4080;1
11;208;5;96;13
11;290;6;4445;1
11;273;7;15122;27
11;273;7;43640;1
11;49;3;44;31
11;206;7;33193;2
11;58;7;22380;1
11;87;6;4490;3
11;3;3;44;25
11;218;7;43333;1
11;218;7;55888;2
11;156;6;2200;3
11;47;7;15123;4
11;295;6;1221;5
11;28;7;22022;4
11;293;6;8080;1
11;120;7;13222;1
11;277;7;13333;1
11;248;7;13132;1
11;99;6;5533;1
11;55;5;96;21
11;203;6;2233;1
11;72;6;1111;1
11;72;7;95;2
11;73;7;44333;1
11;107;6;4012;1
11;9;3;96;12
11;281;7;22556;1
11;249;7;15122;34
11;249;7;43640;1
11;9;6;1221;8
11;23;6;1292;1
11;250;7;12111;1
11;296;7;33111;2
11;298;7;12123;2
11;275;6;1322;51
11;48;6;5599;1
11;194;6;6565;2
11;132;7;12222;48
11;10;7;65700;1
11;36;6;95;9
11;196;6;2222;5
11;285;6;5005;1
11;306;5;131;156
11;123;7;13333;1
11;104;6;3333;1
11;77;7;12222;42
11;133;6;2277;3
11;30;5;555;1
11;232;6;2222;5
11;58;7;23123;2
11;188;6;4422;1
11;36;6;1299;3
11;197;6;1221;8
11;204;7;96;8
11;242;7;11111;3
11;80;7;12999;11
11;249;7;12123;6
11;164;6;2222;1
11;50;6;4410;6
11;155;6;1277;1
11;249;6;4555;1
11;36;6;2288;2
11;122;6;1221;1
11;132;7;15123;2
11;238;7;95;13
11;282;3;95;17
11;115;7;33888;1
11;55;6;1333;3
11;72;6;1299;5
11;260;6;1299;1
11;286;6;4490;3
11;55;6;1234;1
11;305;6;2277;3
11;49;7;70007;3
11;39;3;96;6
11;21;7;33111;1
11;38;7;65123;1
11;236;6;2200;5
11;193;6;4406;1
11;74;3;44;38
11;183;6;4477;11
11;294;6;5511;2
11;119;6;5588;3
11;143;6;5511;2
11;35;7;33888;3
11;26;6;5533;3
11;225;7;10123;7
11;77;7;11222;3
11;111;7;70090;1
11;111;6;4400;3
11;310;6;2244;4
11;89;7;22222;3
11;132;6;1533;9
11;298;6;4477;2
11;179;6;12;2
11;179;6;13;4
11;179;6;55;1
11;49;7;13258;2
11;276;7;13258;3
11;179;7;11;2
11;77;6;4000;66
11;250;6;4444;7
11;119;6;5055;1
11;25;6;2222;6
11;143;7;55555;1
11;305;6;5055;1
11;305;7;11222;4
11;274;7;13132;7
11;214;7;23123;1
11;192;6;1314;1
11;207;7;12123;2
11;185;6;1322;28
11;243;3;95;6
11;238;7;15122;24
11;101;7;22022;2
11;185;6;2233;3
11;270;7;13133;5
11;44;6;5555;33
11;46;7;12222;48
11;253;6;12;2
11;253;6;13;4
11;253;6;15;1
11;253;6;22;2
11;253;7;11;1
11;253;7;13;11
11;286;7;12222;47
11;286;7;70345;1
11;143;7;13456;8
11;44;6;1000;1
11;47;7;70123;3
11;47;5;700;69
11;215;7;70123;2
11;196;5;555;1
11;121;7;12999;18
11;205;6;4490;2
11;205;6;5588;6
11;252;6;4432;1
11;37;6;1214;1
11;20;6;5555;20
11;279;6;1213;2
11;39;7;14444;1
11;232;7;22123;1
11;90;5;96;10
11;160;6;2210;2
11;10;7;11;1
11;10;6;35;1
11;10;6;44;1
11;10;6;55;2
11;10;7;12;3
11;10;7;13;24
11;10;7;15;1
11;10;7;45;1
11;91;6;22;1
11;193;6;12;1
11;193;6;13;4
11;193;6;40;1
11;193;7;12;3
11;193;7;13;9
11;218;6;2211;1
11;50;7;15333;12
11;199;7;12222;69
11;267;7;12;2
11;267;7;13;1
11;271;7;45333;3
11;129;7;12333;8
11;207;7;23123;3
11;22;5;131;130
11;30;6;4488;1
11;248;6;1222;1
11;87;6;1522;1
11;169;6;2288;2
11;148;6;4477;9
11;121;6;1010;1
11;189;3;16;1
11;268;3;96;2
11;272;6;1321;1
11;249;6;4321;1
11;249;7;30000;1
11;207;6;1000;1
11;238;6;2244;10
11;48;7;12144;2
11;106;7;11;4
11;106;7;12;4
11;106;7;13;11
11;106;7;55;1
11;219;6;2255;5
11;37;7;15222;1
11;37;7;44369;1
11;290;7;44122;1
11;271;6;1313;2
11;50;6;4444;26
11;197;7;22010;1
11;197;7;22322;1
11;257;6;2323;1
11;292;7;10123;1
11;272;5;95;8
11;257;6;96;3
11;5;7;15555;1
11;293;3;13;66
11;208;6;4477;3
11;267;7;13131;1
11;41;6;2200;1
11;226;6;1303;1
11;226;6;1522;2
11;117;6;2244;10
11;300;6;1020;1
11;28;6;7060;1
11;97;3;96;5
11;236;3;12;46
11;90;6;5013;2
11;40;7;70007;1
11;46;7;44369;1
11;281;7;12222;38
11;55;7;33133;1
11;89;7;13222;6
11;129;7;55555;3
11;208;6;4000;30
11;195;6;1213;5
11;156;6;4477;1
11;189;7;22555;1
11;288;3;12;57
11;208;6;1111;5
11;208;7;95;11
11;306;6;1322;33
11;215;6;1533;3
11;207;6;1477;1
11;273;6;2211;2
11;199;7;44190;3
11;186;3;44;2
11;194;7;15333;3
11;21;6;1311;2
11;272;6;5555;38
11;195;6;1010;1
11;281;6;4490;1
11;281;6;5588;1
11;7;6;1322;53
11;138;6;1512;1
11;200;7;22555;1
11;62;6;4410;1
11;171;7;15000;1
11;300;6;13;1
11;300;6;14;1
11;300;6;22;1
11;300;6;55;1
11;300;7;12;1
11;300;7;13;8
11;300;7;22;2
11;300;7;44;1
11;252;6;11;2
11;252;6;12;1
11;252;6;13;4
11;252;6;15;1
11;252;7;10;1
11;252;7;11;1
11;252;7;12;4
11;210;6;4410;9
11;184;7;12999;13
11;122;6;2277;10
11;246;7;12123;2
11;184;7;15122;37
11;205;7;23190;1
11;168;6;1322;43
11;15;6;1123;2
11;87;6;1299;1
11;75;6;2211;1
11;22;7;95;8
11;107;7;12888;1
11;246;6;7040;1
11;299;6;7040;1
11;22;6;4444;4
11;121;3;21;3
11;242;3;12;56
11;90;6;5050;1
11;249;7;44666;3
11;303;7;65013;1
11;199;6;1322;13
11;129;5;700;25
11;205;6;1322;52
11;188;6;4477;1
11;210;6;1213;6
11;287;6;11;1
11;287;6;13;2
11;287;6;33;1
11;287;7;12;5
11;287;7;13;5
11;44;7;11222;5
11;108;7;70123;1
11;108;5;700;4
11;2;6;1299;1
11;270;7;22126;1
11;247;6;12;1
11;247;6;13;2
11;247;6;43;1
11;247;7;11;1
11;247;7;13;5
11;247;7;45;2
11;143;7;13555;1
11;216;6;3323;2
11;10;5;95;6
11;306;7;15123;1
11;305;7;22111;1
11;30;3;95;4
11;169;6;5533;1
11;278;7;13456;16
11;278;7;15888;2
11;288;7;95;22
11;288;6;1111;4
11;120;6;2277;1
11;171;7;23192;4
11;290;6;2222;16
11;148;6;2222;12
11;297;6;2210;1
11;192;5;131;126
11;183;6;5566;1
11;281;7;96;9
11;210;6;2200;1
11;167;6;4488;3
11;274;3;95;10
11;89;7;13138;2
11;225;6;1500;1
11;21;7;12500;4
11;195;6;4321;1
11;109;7;12321;1
11;147;6;5533;1
11;252;3;12;60
11;67;6;1299;1
11;240;6;1213;4
11;238;6;96;10
11;292;7;23190;3
11;260;6;2288;3
11;154;3;12;54
11;185;7;13333;1
11;297;7;12888;1
11;290;7;15123;7
11;115;7;23192;1
11;267;7;11222;2
11;23;7;70190;4
11;240;6;1214;1
11;276;6;5555;51
11;49;6;5555;27
11;120;6;2255;1
11;49;3;13;132
11;276;3;13;202
11;78;5;555;2
11;225;6;7070;1
11;148;7;11111;2
11;195;6;1292;3
11;299;6;2211;6
11;134;6;1277;2
11;80;6;1314;1
11;115;6;95;4
11;253;7;12144;1
11;228;7;12222;31
11;38;7;44369;2
11;84;6;13;1
11;84;6;22;1
11;305;7;13258;2
11;267;6;2255;1
11;36;7;12222;72
11;200;7;23123;1
11;292;7;12;3
11;287;6;2222;14
11;299;3;44;30
11;38;3;44;54
11;153;6;1533;14
11;9;7;13222;2
11;88;6;1010;3
11;148;7;13133;2
11;301;6;2200;2
11;6;7;65123;1
11;297;6;2211;4
11;35;5;555;3
11;106;7;12888;1
11;38;6;1422;1
11;41;7;15333;4
11;265;7;13222;5
11;293;7;45000;4
11;104;6;1515;1
11;37;6;1013;1
11;169;7;70007;2
11;216;6;5555;13
11;284;6;4456;2
11;254;6;1321;1
11;204;7;44027;1
11;294;7;70222;1
11;279;7;70222;17
11;21;6;4012;1
11;182;5;555;4
11;39;7;55555;3
11;301;6;95;15
11;181;5;555;2
11;91;6;5533;8
11;75;6;5533;2
11;280;7;22222;1
11;280;7;44190;1
11;38;7;13132;3
11;38;7;70222;1
11;101;6;4422;4
11;294;7;65013;2
11;293;6;2227;1
11;210;7;90000;1
11;216;3;13;161
11;293;7;50500;4
11;198;7;13456;8
11;198;7;15888;1
11;121;3;96;7
11;72;6;1333;2
11;271;7;44666;3
11;72;3;96;8
11;200;3;13;112
11;86;7;12999;19
11;298;7;11113;1
11;298;7;22022;2
11;274;6;4003;1
11;65;7;22777;1
11;67;6;2200;2
11;115;7;11333;1
11;278;6;5512;1
11;228;6;1533;8
11;26;6;2222;3
11;208;7;10456;1
11;50;6;5080;1
11;21;7;13013;1
11;73;7;13222;11
11;138;3;12;97
11;226;6;4444;9
11;134;6;1322;38
11;7;7;33193;1
11;259;6;96;1
11;290;7;70123;1
11;299;6;2200;1
11;240;7;10123;1
11;254;7;70123;4
11;254;5;700;28
11;30;6;95;7
11;219;7;13222;4
11;107;7;22222;5
11;129;7;44123;1
11;208;7;44190;3
11;99;3;95;1
11;241;7;22222;6
11;82;7;44123;1
11;91;6;4422;3
11;196;6;1313;3
11;87;7;44666;3
11;23;5;131;121
11;207;7;44123;3
11;74;6;2277;9
11;99;6;95;3
11;6;7;11444;5
11;40;7;45;1
11;155;6;4000;16
11;195;7;22322;1
11;239;7;22190;1
11;50;7;15123;5
11;203;7;33475;1
11;104;6;1213;5
11;267;7;15151;2
11;16;7;10030;1
11;16;7;96;2
11;54;6;4400;2
11;273;7;13123;1
11;290;6;1221;9
11;208;6;1522;1
11;15;6;2244;5
11;307;7;23190;1
11;10;6;1533;2
11;53;6;2211;8
11;204;7;12500;7
11;89;7;44027;1
11;242;6;5055;1
11;248;7;11222;1
11;49;6;9070;1
11;62;7;15888;2
11;135;7;70070;3
11;46;7;13123;4
11;160;7;15122;10
11;301;6;4455;1
11;284;7;12111;1
11;35;7;11222;5
11;22;6;5555;29
11;240;7;15123;1
11;182;7;44666;1
11;121;6;1212;1
11;10;7;12500;6
11;35;7;45000;1
11;72;6;2211;1
11;260;6;2211;4
11;134;3;96;7
11;53;6;1533;5
11;119;6;5555;52
11;299;3;96;8
11;38;3;96;8
11;35;7;12222;38
11;225;6;1221;4
11;21;6;1222;2
11;258;6;1222;2
11;183;7;12111;1
11;44;6;40;1
11;44;6;44;1
11;44;6;55;1
11;44;7;11;2
11;44;7;12;3
11;44;7;13;5
11;44;7;44;1
11;44;7;55;1
11;44;7;65;1
11;44;6;11;2
11;44;6;12;1
11;44;6;13;6
11;44;6;22;1
11;44;6;23;1
11;138;7;22777;1
11;207;5;131;207
11;50;6;5533;1
11;240;7;13132;2
11;240;7;70222;1
11;286;7;96;13
11;67;6;95;5
11;67;7;45000;1
11;232;6;4490;1
11;47;7;50113;1
11;74;6;2222;8
11;132;7;70070;1
11;68;6;4410;3
11;3;6;4410;15
11;123;6;1222;1
11;119;6;4444;2
11;192;3;95;3
11;83;7;13222;10
11;246;7;12888;1
11;3;7;12999;24
11;120;6;2288;2
11;215;3;95;5
11;200;6;2323;2
11;25;6;4088;1
11;65;6;3333;1
11;253;6;4433;1
11;73;7;13132;1
11;198;6;5050;2
11;218;7;33193;2
11;218;7;55555;1
11;91;5;95;17
11;117;6;5555;38
11;164;3;95;10
11;66;5;96;16
11;7;7;33333;1
11;192;7;12300;1
11;243;6;4490;3
11;30;6;4477;2
11;39;6;1333;1
11;271;6;1292;4
11;6;6;5511;3
11;261;7;13456;18
11;202;7;22444;1
11;72;6;1533;3
11;260;6;1533;1
11;305;7;13555;1
11;148;6;4447;3
11;66;6;4022;1
11;242;7;13133;3
11;268;7;12222;22
11;194;7;12222;32
11;288;7;70;1
11;288;7;13;10
11;288;7;15;1
11;288;7;55;1
11;288;6;10;1
11;288;6;11;1
11;189;7;22222;2
11;305;7;96;8
11;31;6;1326;1
11;72;7;12222;40
11;282;7;10000;1
11;105;6;4490;1
11;65;6;4422;1
11;284;6;3696;1
11;243;7;15123;3
11;261;6;4445;1
11;299;7;12111;1
11;38;7;12111;1
11;9;7;22555;11
11;284;7;13222;7
11;200;5;96;17
11;192;6;1292;4
11;55;6;2233;2
11;160;6;5588;2
11;84;7;11444;3
11;198;6;1311;1
11;182;5;95;5
11;172;7;12222;47
11;197;6;2022;1
11;132;6;5055;3
11;132;7;11222;4
11;99;7;13123;15
11;31;6;1313;3
11;210;6;4400;1
11;155;6;1111;4
11;155;7;95;15
11;219;6;1222;1
11;198;6;1251;2
11;4;7;12;4
11;4;7;13;10
11;4;7;15;1
11;4;7;44;1
11;4;7;55;2
11;257;6;12;1
11;257;6;13;3
11;257;6;33;1
11;257;7;10;1
11;115;6;1251;1
11;172;6;1221;2
11;158;6;4444;2
11;243;7;45000;1
11;294;7;12500;6
11;46;6;5522;1
11;46;6;95;18
11;226;7;23123;1
11;259;6;1213;2
11;154;7;11444;7
11;55;6;2244;3
11;179;6;96;2
11;181;5;95;8
11;176;6;4422;4
11;289;6;2201;1
11;285;6;5533;4
11;66;5;555;1
11;53;7;12222;59
11;176;7;12222;17
11;176;7;70345;1
11;50;7;22222;3
11;50;7;44190;1
11;155;6;4410;3
11;145;6;5050;1
11;73;6;44;3
11;73;6;55;2
11;73;7;12;1
11;73;7;13;9
11;73;7;45;1
11;73;7;55;1
11;99;6;11;1
11;99;6;12;2
11;99;6;55;1
11;99;7;13;11
11;171;6;11;2
11;171;6;12;1
11;171;6;13;5
11;171;7;13;17
11;171;7;40;1
11;207;6;12;1
11;207;6;13;2
11;207;7;12;1
11;207;7;13;8
11;207;7;15;1
11;186;6;13;1
11;186;7;13;6
11;286;6;9090;1
11;286;7;44888;1
11;261;6;4490;3
11;83;7;96;8
11;290;7;12100;2
11;257;7;50500;1
11;36;6;4490;5
11;36;6;5588;1
11;121;6;1234;1
11;226;7;44666;1
11;155;6;2288;4
11;236;5;131;175
11;47;6;1292;2
11;281;6;2244;10
11;27;7;45333;1
11;23;7;45555;1
11;28;6;1533;10
11;129;7;23192;2
11;254;6;9070;1
11;1;7;95;3
11;294;3;44;6
11;169;6;1323;1
11;242;6;5001;1
11;184;6;1222;2
11;184;6;1234;1
11;293;7;15333;4
11;265;7;22222;6
11;265;7;44190;3
11;203;7;44333;1
11;41;6;4533;1
11;226;7;12999;11
11;109;7;44777;2
11;84;7;13555;1
11;39;6;1214;2
11;6;6;4445;1
11;236;6;4445;3
11;68;3;12;65
11;294;7;11444;11
11;87;6;1111;7
11;6;6;2244;1
11;54;7;45999;1
11;270;6;1213;4
11;98;6;1122;1
11;210;6;2255;1
11;77;7;12123;1
11;109;7;44369;1
11;150;6;2211;1
11;83;7;13123;8
11;273;7;12999;36
11;183;6;2211;4
11;215;3;96;10
11;300;6;1221;2
11;303;7;11222;1
11;236;7;44123;1
11;239;6;1522;1
11;76;6;1213;11
11;74;7;22556;2
11;7;7;13;10
11;7;7;15;1
11;136;6;2233;5
11;62;7;13258;3
11;67;7;10123;3
11;199;7;13222;2
11;198;3;12;52
11;36;3;96;6
11;15;7;44776;1
11;82;7;12111;1
11;82;7;33200;1
11;7;6;1369;2
11;204;7;44543;1
11;150;6;5533;3
11;74;7;12111;2
11;242;6;2233;2
11;248;6;2233;3
11;298;5;131;212
11;37;6;1313;5
11;140;6;5522;1
11;225;6;4000;16
11;272;6;2211;2
11;78;6;2299;2
11;276;6;1232;1
11;69;6;1111;7
11;69;7;95;2
11;180;7;15555;1
11;226;6;5533;6
11;196;6;4456;1
11;289;7;45555;1
11;157;6;1322;37
11;228;6;2200;1
11;30;6;1221;1
11;37;7;70123;3
11;282;7;22444;1
11;48;6;1234;1
11;133;3;96;6
11;293;7;13258;2
11;89;7;50013;1
11;282;6;96;3
11;299;7;44543;1
11;307;7;15120;1
11;132;6;4490;5
11;132;6;5588;1
11;297;6;2233;2
11;80;6;1221;6
11;282;6;2200;2
11;164;7;22022;1
11;136;6;6565;1
11;27;7;12111;1
11;240;7;70321;1
11;238;6;5511;5
11;83;7;44;1
11;83;7;65;2
11;198;7;13133;2
11;66;7;55555;1
11;134;6;1512;1
11;76;6;1322;25
11;186;7;55234;1
11;277;6;4490;6
11;15;7;70222;3
11;278;7;11222;1
11;58;6;5555;34
11;253;6;95;5
11;64;7;96;2
11;22;5;96;11
11;49;7;15333;3
11;134;7;12111;1
11;133;6;1500;1
11;133;3;95;2
11;297;7;44666;1
11;138;7;11444;12
11;77;7;22222;1
11;77;7;44190;1
11;289;3;95;12
11;15;6;2299;3
11;242;7;50777;1
11;172;7;44666;1
11;303;7;23333;3
11;303;7;15333;2
11;195;7;22556;1
11;168;6;2201;1
11;197;6;1122;1
11;274;7;50500;3
11;69;6;1000;2
11;54;7;11113;4
11;54;7;22022;2
11;188;6;1299;1
11;294;6;5001;1
11;115;7;12144;1
11;72;3;13;191
11;132;3;44;47
11;176;7;22022;1
11;156;7;15333;7
11;242;7;22022;2
11;248;7;22022;1
11;192;6;4410;4
11;272;7;15151;1
11;58;6;1213;4
11;295;6;2255;2
11;289;7;15123;2
11;168;7;22556;1
11;298;7;22556;1
11;279;7;12144;2
11;203;3;44;56
11;210;7;15122;28
11;202;7;13131;1
11;251;7;50500;1
11;123;7;11444;3
11;295;7;13222;4
11;196;6;4445;1
11;29;6;1322;20
11;62;7;12222;63
11;257;5;555;1
11;225;6;1313;2
11;62;7;70345;2
11;104;7;10000;4
11;176;6;1533;3
11;197;6;5533;7
11;82;6;11;2
11;82;6;12;5
11;82;6;13;5
11;82;6;44;1
11;82;7;10;1
11;82;7;11;1
11;82;7;12;2
11;82;7;13;18
11;82;7;15;3
11;82;7;45;1
11;134;7;30000;1
11;202;7;13013;2
11;202;7;45333;2
11;9;3;13;109
11;246;7;33888;3
11;302;6;1145;1
11;86;7;45111;2
11;193;7;12114;1
11;242;6;2299;1
11;284;7;95;22
11;284;6;1111;9
11;75;6;95;7
11;208;7;33111;2
11;226;6;5013;1
11;48;6;5533;7
11;157;7;12000;1
11;7;3;44;19
11;44;6;4490;5
11;44;6;5588;4
11;301;6;7090;3
11;294;5;96;6
11;37;7;12111;1
11;22;7;96;4
11;198;7;12123;1
11;44;7;13133;3
11;88;7;50500;3
11;296;7;15333;11
11;296;5;555;2
11;121;6;1111;2
11;198;6;4000;22
11;204;7;12222;30
11;135;7;13132;2
11;307;6;5533;7
11;38;7;15333;2
11;250;6;4490;5
11;250;6;5588;4
11;44;7;12999;15
11;247;7;22022;3
11;214;7;10123;1
11;99;5;555;5
11;47;6;2244;3
11;21;7;13132;4
11;275;6;4444;7
11;88;6;7040;1
11;274;6;4444;4
11;204;7;12144;3
11;265;6;2222;10
11;30;7;12111;1
11;30;7;33200;1
11;216;6;2033;1
11;246;7;15122;27
11;208;7;15222;1
11;194;6;2210;1
11;274;6;1000;4
11;296;6;4447;1
11;239;6;2299;2
11;9;7;12222;48
11;127;6;1111;2
11;22;6;1314;1
11;10;6;4456;1
11;289;6;2288;11
11;278;3;96;7
11;135;5;700;13
11;132;7;12999;7
11;90;6;4490;2
11;90;6;5588;2
11;88;6;1314;1
11;119;7;44190;2
11;151;6;2277;7
11;258;6;2299;4
11;158;6;5522;1
11;90;6;96;2
11;38;7;50777;2
11;302;6;2211;4
11;257;6;1533;5
11;275;7;95;17
11;261;5;555;1
11;15;5;555;1
11;112;7;70027;1
11;206;7;15123;8
11;53;6;2244;8
11;76;3;13;117
11;9;6;4444;2
11;193;7;13132;3
11;286;6;2255;5
11;242;6;5005;1
11;292;7;44123;1
11;158;6;12;1
11;158;6;13;3
11;158;6;15;1
11;158;6;22;1
11;158;7;12;2
11;158;7;13;11
11;158;7;15;1
11;158;7;45;1
11;22;7;12100;1
11;176;7;10123;1
11;27;3;12;32
11;189;6;2277;3
11;301;7;45000;1
11;6;5;555;2
11;35;7;13555;1
11;298;6;15;1
11;298;6;22;3
11;298;6;36;1
11;298;7;11;2
11;298;7;12;2
11;298;7;13;14
11;298;7;15;3
11;298;7;36;1
11;298;7;40;2
11;298;7;44;3
11;182;7;12222;29
11;136;7;12999;5
11;199;7;44333;1
11;156;6;4000;21
11;73;6;95;1
11;119;6;8080;1
11;2;7;13123;1
11;87;7;13133;4
11;154;5;700;15
11;164;7;12500;4
11;111;6;4445;6
11;265;6;1292;3
11;257;7;23190;2
11;254;7;15151;1
11;202;7;11444;9
11;47;7;15333;2
11;182;7;65013;1
11;181;7;65013;3
11;186;5;700;1
11;249;3;13;109
11;121;7;65123;2
11;305;7;44543;4
11;268;7;12111;4
11;218;7;44369;2
11;5;6;4410;1
11;53;6;4410;8
11;154;7;12123;1
11;41;6;4477;2
11;292;7;12333;1
11;238;7;11999;1
11;9;7;15000;1
11;5;6;2222;2
11;152;6;1221;19
11;275;7;23190;1
11;241;6;1123;1
11;121;6;1300;1
11;76;7;55999;1
11;210;7;96;4
11;192;7;33888;1
11;300;7;55888;3
11;4;7;13131;1
11;66;6;95;4
11;48;6;5005;1
11;66;7;22022;2
11;66;7;11113;1
11;268;7;33456;1
11;281;7;10123;4
11;293;7;12123;2
11;80;3;12;14
11;302;6;4455;1
11;135;7;15222;1
11;236;6;4410;4
11;35;5;95;3
11;265;6;4445;1
11;132;7;44333;1
11;156;6;95;6
11;293;7;11113;1
11;293;7;22022;8
11;15;7;12300;3
11;304;6;1313;1
11;304;6;4466;1
11;84;7;70070;2
11;16;7;13456;4
11;16;7;15888;3
11;272;7;70321;1
11;164;7;10000;4
11;48;6;4444;3
11;275;7;10000;1
11;307;7;13456;6
11;307;7;15888;2
11;292;6;4400;1
11;110;7;70222;1
11;297;6;2255;2
11;203;3;13;134
11;107;3;13;185
11;89;7;13456;11
11;111;6;1500;1
11;287;7;95;23
11;134;6;4490;6
11;271;7;12222;46
11;86;6;1313;2
11;286;6;2233;5
11;275;6;2299;1
11;39;7;22777;1
11;156;3;16;1
11;9;7;12999;32
11;108;6;1322;48
11;29;7;15122;50
11;298;7;12500;9
11;21;7;23123;1
11;143;6;1221;5
11;31;7;50113;1
11;35;6;1222;2
11;35;6;4411;1
11;87;6;4422;2
11;272;7;12300;1
11;101;6;2222;2
11;232;6;1323;1
11;148;5;555;5
11;108;6;95;2
11;216;7;12123;1
11;215;6;2222;9
11;130;3;96;4
11;180;7;15122;6
11;1;7;15122;13
11;89;6;2288;2
11;112;7;12999;16
11;232;7;23192;1
11;285;3;12;66
11;116;5;96;12
11;265;7;44369;1
11;133;7;22022;4
11;169;5;95;7
11;204;7;12333;1
11;280;7;44100;1
11;226;6;2200;4
11;152;6;4456;2
11;267;6;4456;2
11;47;3;13;93
11;268;6;5555;21
11;108;7;22222;1
11;298;7;10000;1
11;156;6;1292;2
11;157;6;5555;10
11;77;7;13456;10
11;282;7;13133;3
11;300;7;13456;10
11;4;7;13456;14
11;4;7;15888;1
11;254;7;12444;1
11;254;7;13013;1
11;254;7;45333;2
11;287;7;22777;11
11;140;3;13;32
11;239;7;13123;1
11;193;6;1533;7
11;136;6;96;5
11;242;7;15333;2
11;83;6;5555;21
11;193;6;2244;6
11;123;7;22222;1
11;21;5;555;1
11;107;6;4445;5
11;268;6;1326;1
11;82;6;1232;1
11;273;7;70321;1
11;284;7;33099;1
11;130;7;13456;2
11;278;6;95;8
11;204;6;2277;5
11;31;7;12600;1
11;78;6;2277;3
11;36;6;2299;3
11;123;6;6565;1
11;160;5;95;1
11;28;5;95;3
11;40;6;1326;1
11;133;7;10123;7
11;239;6;1234;2
11;241;6;2201;1
11;46;6;2277;10
11;41;6;4512;2
11;295;7;15333;8
11;74;7;95;9
11;25;7;12111;3
11;169;7;11222;1
11;91;7;11123;1
11;194;7;15122;17
11;193;7;12222;26
11;21;7;22111;1
11;120;7;12300;1
11;55;3;44;8
11;154;7;50777;1
11;203;5;700;33
11;107;5;700;9
11;292;7;14444;2
11;295;6;6565;2
11;273;7;12888;4
11;273;7;13333;1
11;41;5;96;18
11;216;6;4456;4
11;200;6;4444;3
11;145;3;96;7
11;101;6;1533;2
11;204;6;4410;11
11;270;7;70090;1
11;189;6;5511;3
11;7;3;13;121
11;83;7;13258;5
11;270;6;4080;2
11;254;7;13258;4
11;99;7;12300;1
11;297;6;2277;4
11;297;7;22556;2
11;153;6;1251;1
11;169;7;22022;2
11;302;7;15123;19
11;44;7;22222;6
11;44;7;44190;5
11;148;3;12;65
11;143;6;4444;1
11;196;6;5555;36
11;8;6;4422;1
11;279;6;4410;4
11;72;7;70123;1
11;72;5;700;11
11;287;6;1111;6
11;107;6;1222;1
11;107;6;1234;1
11;207;7;10190;1
11;44;7;33888;2
11;130;7;44101;1
11;111;7;11;1
11;111;7;13;12
11;111;7;15;2
11;111;6;12;2
11;111;6;33;1
11;270;6;4445;1
11;280;3;12;32
11;292;7;50100;1
11;258;7;22222;6
11;129;7;22022;2
11;69;3;44;19
11;109;6;1010;1
11;168;6;2277;4
11;88;7;10123;3
11;39;7;12123;3
11;225;6;1214;1
11;200;7;12500;1
11;228;6;4444;4
11;68;7;12999;49
11;116;6;4477;2
11;167;7;45000;1
11;31;6;1500;1
11;83;7;13133;1
11;204;7;70123;1
11;204;5;700;37
11;257;6;4477;5
11;76;3;44;5
11;87;6;96;9
11;73;6;1201;1
11;181;7;15222;1
11;181;7;44369;1
11;202;6;1213;11
11;181;5;96;19
11;26;6;5555;24
11;169;6;4444;2
11;121;6;4410;5
11;279;7;96;1
11;101;7;13131;1
11;260;7;13123;1
11;39;7;22556;2
11;134;7;70070;1
11;291;6;5511;2
11;240;6;33;1
11;305;7;12222;45
11;116;6;1010;1
11;240;6;96;3
11;46;6;4444;4
11;300;7;10000;1
11;133;6;1313;1
11;267;7;11444;10
11;168;6;2211;6
11;47;7;10000;3
11;20;6;5511;1
11;267;6;2222;19
11;136;6;5555;11
11;116;7;15333;3
11;259;7;12222;10
11;89;5;131;210
11;285;7;12222;40
11;279;3;13;138
11;82;3;95;13
11;21;7;70007;3
11;258;7;15122;2
11;98;7;12222;57
11;41;6;4490;3
11;200;7;95;5
11;203;5;555;3
11;250;6;1512;1
11;134;7;22777;3
11;179;7;23123;3
11;48;6;1525;1
11;29;7;44123;7
11;107;7;55999;3
11;232;7;15333;2
11;119;3;12;59
11;28;6;4456;1
11;22;7;13133;5
11;277;6;5511;1
11;115;6;4444;3
11;226;6;2277;8
11;46;7;70007;3
11;97;6;2200;2
11;167;6;2244;15
11;267;6;4400;2
11;282;7;70001;1
11;287;6;1313;3
11;136;6;1533;9
11;307;6;1322;30
11;66;7;13133;1
11;39;7;22900;1
11;55;6;15;1
11;55;7;11;4
11;279;7;13;5
11;279;6;11;1
11;279;6;12;1
11;279;6;13;1
11;279;6;23;1
11;196;6;11;1
11;196;6;12;3
11;196;6;13;6
11;196;7;12;2
11;196;7;13;4
11;196;7;15;2
11;196;7;22;1
11;196;7;40;1
11;196;7;44;2
11;143;6;11;1
11;143;6;13;2
11;143;7;11;1
11;143;7;12;1
11;143;7;13;13
11;143;7;44;1
11;200;6;11;1
11;200;6;13;1
11;49;6;1111;4
11;39;6;4512;1
11;89;7;12123;1
11;207;6;96;9
11;301;7;15123;1
11;69;6;2277;2
11;26;7;22777;1
11;192;7;12600;1
11;183;7;13133;2
11;99;6;4000;10
11;116;7;33777;1
11;90;7;12222;30
11;215;6;1313;4
11;243;6;5055;1
11;160;3;12;95
11;180;3;12;61
11;58;3;13;112
11;251;6;1111;3
11;307;7;70222;1
11;307;7;13132;1
11;272;6;1221;5
11;203;7;13456;14
11;203;7;15888;4
11;257;7;70090;1
11;130;7;23123;2
11;148;7;45000;2
11;236;7;22777;4
11;208;7;70007;1
11;286;7;95;27
11;35;6;5511;2
11;218;7;13;10
11;25;6;4000;11
11;143;3;95;2
11;35;6;1522;5
11;214;6;1322;27
11;154;7;22777;1
11;44;6;4400;1
11;214;7;22123;2
11;50;7;13132;1
11;88;7;15122;23
11;37;6;5533;3
11;199;7;15123;1
11;62;6;1512;2
11;48;7;22556;2
11;147;6;1323;1
11;69;7;22777;2
11;145;6;4444;5
11;89;6;5055;1
11;89;7;11222;3
11;238;6;4400;6
11;22;7;12999;12
11;58;6;2222;2
11;241;6;4444;1
11;171;7;12345;1
11;29;6;4477;1
11;98;6;95;21
11;301;6;1111;4
11;284;6;4411;1
11;284;6;1222;2
11;284;6;1234;2
11;112;7;12000;1
11;147;5;95;1
11;168;6;1500;1
11;295;7;95;17
11;39;7;13456;8
11;39;7;15888;1
11;115;7;13456;9
11;115;7;15888;1
11;304;7;22777;3
11;145;7;96;5
11;37;6;4000;30
11;48;7;12500;4
11;106;7;55333;2
11;46;7;12123;1
11;83;7;70070;1
11;136;7;12100;2
11;38;6;4456;2
11;306;6;1515;1
11;305;6;1285;1
11;251;6;4444;5
11;69;6;1533;14
11;69;7;13123;6
11;250;6;1212;1
11;48;7;40888;1
11;49;6;4422;3
11;143;6;1201;1
11;143;5;131;197
11;150;6;5555;46
11;273;6;1512;1
11;101;7;44123;3
11;105;7;44123;1
11;21;7;11444;11
11;271;7;96;10
11;282;3;96;8
11;108;7;13456;31
11;87;6;2299;2
11;121;6;1213;8
11;197;7;70222;2
11;28;7;12999;43
11;112;7;11;1
11;112;7;12;4
11;112;7;13;15
11;112;7;44;1
11;112;7;70;2
11;205;6;96;1
11;204;7;23123;3
11;236;7;12144;2
11;228;7;12000;1
11;168;7;15123;3
11;251;6;1123;1
11;292;7;44666;1
11;267;6;4477;1
11;204;7;33888;1
11;215;6;1512;1
11;89;7;23190;2
11;267;7;12222;51
11;123;7;55555;2
11;91;6;5555;29
11;208;7;22222;2
11;252;7;13456;15
11;252;7;15888;3
11;301;7;12999;18
11;296;7;13456;9
11;296;7;15888;1
11;307;7;19777;2
11;148;7;22022;4
11;295;7;12111;1
11;272;7;10000;1
11;143;6;5555;27
11;25;6;13;4
11;25;7;11;1
11;291;7;45000;1
11;123;7;55888;1
11;270;7;23123;1
11;25;7;12;6
11;25;7;13;12
11;25;7;22;1
11;25;7;55;1
11;25;7;70;1
11;261;7;13789;1
11;132;5;700;40
11;76;7;13258;1
11;239;7;33888;1
11;243;7;13555;1
11;72;6;1010;1
11;72;6;4456;1
11;272;7;95;15
11;272;6;1111;1
11;158;6;2211;2
11;150;6;3355;1
11;130;6;7077;1
11;289;7;50500;3
11;38;6;5013;3
11;69;6;5533;2
11;276;7;22555;1
11;44;7;13258;4
11;112;3;44;26
11;193;6;1314;1
11;10;6;95;11
11;254;6;1322;40
11;119;7;44333;2
11;208;7;44776;2
11;297;7;44447;1
11;200;7;13555;1
11;171;6;5555;40
11;9;6;1214;1
11;246;7;13123;6
11;183;6;4011;1
11;203;6;1512;2
11;140;6;4490;6
11;69;6;2288;4
11;274;7;11222;5
11;225;7;11222;3
11;225;6;1213;2
11;277;7;22777;3
11;277;6;1212;1
11;44;3;13;98
11;192;6;96;6
11;112;7;50500;2
11;64;6;1222;2
11;20;6;4490;1
11;204;6;1222;2
11;204;6;1234;1
11;285;3;95;13
11;8;6;4000;11
11;176;7;13133;1
11;239;6;4490;11
11;145;6;2244;3
11;283;5;96;6
11;73;6;5533;2
11;46;6;1292;3
11;293;3;96;9
11;86;6;2323;1
11;296;7;13132;4
11;289;6;1221;1
11;150;6;4410;1
11;200;7;22777;2
11;279;7;12500;2
11;154;7;12300;1
11;82;3;44;33
11;299;6;1311;1
11;246;7;15123;1
11;87;7;22555;2
11;251;5;555;1
11;99;7;44027;1
11;287;3;13;129
11;242;7;33111;1
11;228;7;10000;1
11;298;6;4422;3
11;101;7;12222;45
11;171;7;22111;1
11;260;7;22777;4
11;218;7;13222;6
11;7;5;555;2
11;206;7;13258;4
11;154;6;4477;1
11;160;7;22556;2
11;111;6;3323;1
11;23;7;15123;1
11;25;6;1533;2
11;73;6;2299;1
11;150;7;96;1
11;192;7;10190;1
11;90;3;12;51
11;47;6;1000;3
11;50;6;1213;9
11;31;7;13456;15
11;91;7;13131;1
11;62;7;10121;1
11;49;7;95;13
11;276;7;95;8
11;207;6;4400;2
11;203;6;1321;1
11;183;7;12500;1
11;296;6;1111;1
11;77;6;1500;1
11;77;3;95;14
11;25;7;70123;1
11;25;5;700;15
11;196;7;12600;1
11;273;7;13222;5
11;284;6;5088;1
11;133;6;1222;1
11;133;6;1234;1
11;250;6;2277;13
11;288;6;4400;1
11;265;7;23192;3
11;73;5;95;1
11;74;6;4456;1
11;167;3;12;28
11;98;7;11;1
11;98;7;12;3
11;98;7;13;25
11;98;7;15;2
11;98;7;19;1
11;98;7;22;1
11;164;6;95;12
11;169;7;96;4
11;289;7;15333;12
11;64;6;4088;1
11;228;6;1122;1
11;304;6;1277;2
11;304;7;55222;1
11;25;7;13123;2
11;251;6;5533;4
11;8;6;4410;3
11;303;6;1333;1
11;115;7;13258;1
11;216;7;23190;1
11;241;7;15123;3
11;7;6;1221;1
11;123;7;13258;1
11;21;6;2299;1
11;28;3;12;43
11;58;6;4445;2
11;226;7;14888;1
11;285;7;22222;3
11;285;7;44190;7
11;129;6;5555;65
11;289;6;1311;1
11;196;6;1533;9
11;47;7;44369;1
11;148;7;12;3
11;148;7;13;10
11;148;7;44;1
11;195;7;43333;1
11;195;6;1155;1
11;189;7;14444;1
11;249;7;12100;1
11;203;6;1322;53
11;193;6;4477;1
11;82;7;10190;1
11;289;6;11;1
11;289;6;12;5
11;289;6;13;5
11;289;6;44;1
11;289;7;12;1
11;289;7;13;13
11;289;7;15;2
11;289;7;22;1
11;289;7;23;1
11;289;7;44;1
11;289;7;45;1
11;121;7;22556;1
11;2;6;1322;43
11;242;7;45000;2
11;271;6;2222;7
11;299;7;13133;4
11;38;7;13133;4
11;74;6;1221;16
11;193;7;12999;12
11;225;7;50000;1
11;2;6;95;1
11;204;6;4477;4
11;285;6;1000;1
11;306;7;10000;2
11;278;7;44122;1
11;84;6;4422;1
11;21;7;12111;1
11;29;7;12345;1
11;180;6;1321;1
11;111;6;1222;1
11;182;6;95;8
11;182;7;45000;2
11;273;6;2288;7
11;91;6;2299;2
11;195;6;1321;1
11;296;7;12222;29
11;112;7;11444;37
11;216;5;95;4
11;122;3;96;4
11;215;7;22777;6
11;167;7;12888;1
11;167;7;13333;1
11;116;7;12333;1
11;295;6;4088;1
11;232;6;1251;1
11;286;6;5511;16
11;36;6;4012;4
11;49;6;5050;1
11;251;5;131;194
11;286;6;1213;12
11;300;7;44369;1
11;275;7;12222;36
11;195;6;4456;3
11;203;6;2277;9
11;147;6;95;2
11;219;3;12;81
11;148;7;22555;3
11;286;6;96;10
11;107;6;5511;1
11;198;7;12300;1
11;265;6;5060;1
11;301;7;10000;7
11;29;5;555;2
11;122;7;13132;1
11;214;7;70123;1
11;292;7;45333;1
11;89;7;12;2
11;89;7;13;11
11;89;7;15;3
11;89;7;45;1
11;89;6;11;1
11;89;6;12;3
11;89;6;13;3
11;301;7;22001;1
11;47;3;12;87
11;69;7;70090;1
11;279;7;12333;1
11;198;7;70007;1
11;23;3;12;52
11;236;6;4422;1
11;98;3;16;1
11;25;7;22555;4
11;121;6;1221;19
11;214;3;16;1
11;25;5;95;7
11;21;7;13133;1
11;278;7;40888;1
11;278;7;50013;1
11;239;7;45333;3
11;306;6;4477;4
11;284;6;1292;1
11;290;6;2277;5
11;40;5;555;2
11;48;7;15333;1
11;8;7;70123;2
11;8;5;700;18
11;273;6;1299;1
11;135;7;11444;14
11;292;7;33300;2
11;10;6;2244;11
11;37;6;2288;3
11;257;7;13132;2
11;280;5;700;8
11;276;6;1533;4
11;48;7;50500;9
11;281;6;2210;1
11;75;6;1322;70
11;299;3;12;60
11;38;3;12;101
11;117;6;1221;3
11;306;7;44447;2
11;83;7;45645;1
11;258;5;700;8
11;291;6;96;5
11;136;5;555;2
11;292;7;22000;1
11;216;7;22222;2
11;216;7;44190;1
11;41;6;5555;24
11;158;7;11113;1
11;267;6;1522;1
11;199;7;13777;1
11;275;6;4488;1
11;206;7;13222;8
11;48;6;5588;1
11;192;6;5050;2
11;305;6;12;1
11;305;6;13;2
11;305;6;50;1
11;305;3;95;3
11;47;7;11444;9
11;25;6;1233;1
11;145;7;12999;35
11;152;6;5588;2
11;164;7;95;12
11;198;5;555;2
11;270;7;11;1
11;270;7;12;1
11;270;7;13;10
11;270;7;15;2
11;270;7;45;1
11;270;7;55;1
11;270;7;70;1
11;282;6;1292;1
11;90;7;11111;2
11;38;7;50444;1
11;257;7;96;5
11;49;6;2210;1
11;22;7;12123;1
11;288;7;13258;1
11;199;7;12500;1
11;87;6;5060;1
11;265;5;131;205
11;21;7;55555;1
11;283;3;96;3
11;176;6;1113;1
11;90;6;1533;5
11;298;6;1533;8
11;21;7;22234;1
11;202;6;2233;3
11;1;7;12444;1
11;121;6;2200;2
11;5;7;13456;2
11;307;7;44190;3
11;30;7;15123;2
11;129;7;45;2
11;129;7;12;1
11;129;7;13;6
11;129;7;44;1
11;129;7;65;1
11;129;7;70;2
11;300;7;44123;1
11;4;7;44123;1
11;192;6;4490;3
11;196;7;13131;2
11;50;3;44;42
11;290;7;44123;1
11;307;7;12999;16
11;307;6;3555;1
11;274;7;13258;4
11;153;6;5055;1
11;153;7;11222;1
11;283;7;11222;1
11;275;6;2200;2
11;130;6;5555;21
11;111;3;44;46
11;219;7;44123;3
11;82;6;1292;1
11;215;7;11444;16
11;253;7;44666;1
11;194;6;1533;3
11;29;6;1213;8
11;89;7;22444;1
11;29;6;2255;3
11;286;7;22022;3
11;285;5;96;8
11;278;6;1213;7
11;307;7;70000;1
11;176;6;5511;2
11;86;6;95;8
11;246;6;2288;10
11;216;7;13456;21
11;215;7;13222;7
11;132;6;4400;1
11;82;7;13133;1
11;301;6;1000;1
11;48;6;7040;1
11;104;7;96;4
11;183;7;44666;1
11;265;7;43211;1
11;58;6;2233;3
11;41;7;13258;1
11;167;3;95;8
11;215;6;2244;15
11;226;7;44123;4
11;134;7;10000;4
11;232;6;4422;4
11;48;6;96;7
11;116;7;23192;2
11;150;6;1292;1
11;291;7;70070;1
11;154;7;55;1
11;154;7;70;1
11;226;6;11;2
11;226;6;12;1
11;226;6;13;4
11;226;7;13;6
11;67;6;1222;1
11;67;6;4411;4
11;307;6;4410;8
11;192;7;50500;5
11;20;7;22222;2
11;20;7;44190;2
11;44;7;43211;1
11;82;5;700;20
11;272;6;5055;1
11;272;7;11222;5
11;300;6;4488;3
11;204;3;12;62
11;37;7;45333;1
11;294;7;44777;1
11;284;6;5555;34
11;188;7;15122;8
11;181;7;33193;2
11;89;7;12999;29
11;40;7;11113;1
11;4;7;36190;2
11;272;7;11113;1
11;30;6;1322;30
11;48;7;13222;4
11;74;3;95;3
11;155;6;4488;2
11;246;5;95;16
11;10;6;5555;70
11;301;6;2277;9
11;172;7;44020;1
11;172;7;96;4
11;192;7;13456;12
11;182;7;15122;35
11;130;6;4477;4
11;104;3;96;3
11;168;6;4400;1
11;289;7;10123;8
11;232;7;45413;1
11;253;6;1213;6
11;36;5;555;6
11;273;5;555;3
11;272;7;15122;37
11;272;7;43640;3
11;301;7;45333;1
11;132;7;22556;2
11;205;7;90180;1
11;21;6;4400;1
11;154;7;44123;1
11;21;7;44123;4
11;304;5;700;16
11;99;5;700;12
11;148;7;96;10
11;303;6;4410;3
11;116;6;12;3
11;285;6;1326;1
11;303;6;4422;2
11;272;6;1000;1
11;54;7;15333;4
11;150;5;131;150
11;155;6;1112;1
11;89;6;3000;1
11;219;6;2288;1
11;298;6;2222;1
11;134;7;33300;2
11;282;7;11999;1
11;305;6;1199;1
11;123;7;65013;1
11;73;7;15222;1
11;73;7;44369;4
11;203;7;12555;1
11;134;6;1333;1
11;69;7;11222;1
11;208;6;1221;11
11;82;5;555;1
11;228;7;15122;33
11;117;7;13133;1
11;207;6;95;19
11;207;7;45000;2
11;22;7;45333;1
11;66;6;1313;1
11;41;7;33888;6
11;286;7;15333;1
11;158;5;131;183
11;152;6;1111;8
11;152;7;95;13
11;1;6;1010;2
11;153;7;70123;3
11;153;5;700;22
11;37;6;1533;7
11;196;6;95;11
11;183;7;15151;1
11;310;7;22556;1
11;156;6;1500;1
11;36;7;43211;1
11;305;7;44447;1
11;151;3;13;53
11;242;6;1292;1
11;248;6;1292;1
11;164;6;5533;2
11;208;6;2200;6
11;134;7;11444;15
11;270;7;22120;1
11;204;7;12100;1
11;154;6;1321;1
11;192;6;4555;1
11;120;6;5555;64
11;296;7;12999;34
11;214;6;5511;2
11;58;7;43211;1
11;168;6;1111;4
11;74;6;4400;1
11;37;7;96;5
11;38;7;44333;1
11;305;7;45300;1
11;117;7;44777;1
11;172;7;22015;1
11;286;6;4422;2
11;298;5;96;23
11;110;6;4000;19
11;119;6;1222;1
11;119;6;1234;2
11;115;6;70;1
11;115;7;11;1
11;274;7;14200;1
11;115;7;12;6
11;115;7;13;11
11;115;7;22;4
11;115;7;44;1
11;115;7;45;1
11;115;7;55;2
11;115;7;70;1
11;249;7;95;18
11;287;7;15123;1
11;219;7;13456;5
11;300;7;45111;1
11;282;6;4410;5
11;129;7;13456;7
11;129;7;15888;2
11;55;3;95;1
11;246;6;1422;1
11;67;6;2222;2
11;189;6;5533;3
11;243;6;2255;1
11;40;6;1123;1
11;219;7;12111;1
11;168;7;12222;45
11;147;6;1010;2
11;238;6;2222;3
11;27;6;1533;2
11;271;7;22120;1
11;239;7;22556;2
11;239;7;45123;1
11;210;7;22777;12
11;192;6;3550;1
11;110;3;96;5
11;289;7;12500;4
11;9;6;2255;2
11;87;6;5555;36
11;302;6;4444;1
11;154;7;12144;1
11;285;7;45333;2
11;273;6;1213;3
11;241;5;700;13
11;8;3;96;11
11;305;7;15333;1
11;239;3;95;9
11;243;6;2200;3
11;302;6;4447;1
11;116;6;2277;15
11;192;5;96;14
11;147;3;44;3
11;134;7;10123;5
11;293;6;2277;3
11;297;6;7040;2
11;192;6;2233;1
11;75;6;1321;1
11;86;5;96;17
11;188;7;45300;1
11;15;7;33888;4
11;216;6;1313;2
11;281;6;1111;9
11;276;5;700;5
11;216;7;96;3
11;86;7;12111;1
11;112;6;5533;2
11;206;7;44123;1
11;274;6;4400;1
11;72;7;15333;1
11;169;6;4012;1
11;239;6;1277;1
11;29;6;5511;1
11;236;7;11222;4
11;248;6;4406;1
11;31;7;44190;7
11;160;7;70222;17
11;293;7;45111;1
11;111;7;13133;4
11;184;6;4410;1
11;58;7;11444;4
11;279;7;14444;1
11;203;7;12500;4
11;268;6;12;1
11;268;6;13;3
11;268;7;11;1
11;268;7;13;8
11;268;7;45;1
11;47;6;11;1
11;47;6;13;1
11;215;7;70;2
11;58;7;12333;2
11;155;7;12333;1
11;50;6;2277;8
11;242;7;13131;1
11;22;5;555;1
11;299;7;45000;1
11;299;6;95;15
11;291;7;11777;1
11;38;6;95;8
11;38;7;45000;3
11;181;6;5555;30
11;290;7;44666;1
11;172;7;11444;3
11;98;6;1533;2
11;289;6;5533;2
11;138;7;65013;1
11;138;7;12345;1
11;129;6;6565;7
11;44;6;1020;1
11;216;7;13123;10
11;107;6;95;2
11;39;6;1233;1
11;97;7;12999;3
11;133;6;5001;1
11;254;6;3323;1
11;306;7;80180;1
11;38;6;4411;1
11;285;6;95;19
11;185;7;13789;1
11;226;6;1533;10
11;87;7;12444;1
11;87;7;45333;1
11;75;6;1313;1
11;136;7;70321;2
11;199;7;44123;2
11;193;7;12123;1
11;188;7;13131;1
11;188;7;43333;2
11;210;7;95;10
11;155;6;1214;1
11;284;6;2222;5
11;135;6;2277;9
11;216;6;2244;3
11;189;7;13;13
11;189;7;40;1
11;189;7;55;2
11;36;6;11;1
11;36;6;12;1
11;36;6;13;1
11;36;7;11;1
11;198;6;1313;1
11;253;7;44123;2
11;25;7;11444;23
11;249;3;16;1
11;206;7;13013;1
11;158;6;4410;1
11;168;6;5050;1
11;236;6;1221;7
11;44;6;2244;5
11;257;7;44567;2
11;183;6;1311;1
11;272;7;12222;37
11;169;5;700;14
11;249;7;50777;3
11;290;7;12300;2
11;10;6;2277;3
11;168;6;1010;3
11;168;6;4456;2
11;112;6;1333;1
11;164;6;1213;7
11;210;6;1111;3
11;295;7;23190;1
11;193;7;13456;7
11;196;6;1522;1
11;210;7;13456;19
11;210;7;15888;4
11;132;7;44543;3
11;226;7;44777;1
11;39;6;1292;3
11;281;7;33111;1
11;198;7;50500;4
11;110;7;13222;2
11;271;6;2244;9
11;132;6;2222;3
11;241;3;95;3
11;310;7;13258;3
11;301;7;11999;1
11;188;6;13;1
11;188;6;22;1
11;188;7;13;13
11;188;7;70;2
11;307;3;44;95
11;68;7;13333;4
11;54;6;4447;4
11;7;6;4400;1
11;99;7;13456;6
11;130;7;55011;1
11;277;6;1222;1
11;304;6;4490;2
11;304;6;5588;3
11;306;7;45000;2
11;301;6;4490;7
11;301;6;5588;3
11;135;6;2211;1
11;150;6;5044;1
11;29;6;2200;2
11;169;7;13133;1
11;228;6;1323;1
11;111;7;33000;1
11;69;6;1299;1
11;208;7;13123;1
11;184;7;11444;17
11;286;7;13133;3
11;119;6;2288;2
11;47;7;50500;2
11;215;7;50500;1
11;272;6;1299;2
11;260;7;95;3
11;195;6;3000;1
11;184;6;1277;2
11;294;7;15333;5
11;120;7;12123;4
11;39;7;15120;1
11;257;7;23123;5
11;134;7;55555;1
11;134;7;33193;1
11;88;3;44;23
11;249;5;95;15
11;277;3;95;1
11;107;7;13123;31
11;268;6;4410;3
11;64;6;2244;2
11;44;7;11444;13
11;289;6;5567;1
11;271;7;70123;1
11;271;5;700;40
11;271;7;13123;8
11;62;7;15123;3
11;306;7;22777;3
11;171;7;22777;11
11;275;3;44;52
11;176;3;96;8
11;305;6;4000;5
11;268;6;4000;11
11;306;7;13133;3
11;305;6;5013;2
11;26;7;13222;2
11;39;6;1277;2
11;249;6;96;1
11;184;3;13;125
11;50;3;13;154
11;134;7;15151;1
11;87;6;12;1
11;87;6;13;10
11;87;6;44;1
11;87;7;10;1
11;87;7;11;1
11;87;7;12;1
11;87;7;13;16
11;87;7;22;1
11;87;7;40;1
11;87;7;44;2
11;200;7;13777;1
11;87;7;45;1
11;87;7;55;2
11;87;7;70;1
11;242;7;13132;1
11;252;7;55678;1
11;254;6;4410;3
11;214;6;1010;1
11;143;6;1213;5
11;250;6;1010;4
11;76;6;4488;1
11;44;6;2211;1
11;288;6;4422;1
11;16;5;95;3
11;121;7;96;6
11;31;7;11;2
11;31;7;12;2
11;31;7;13;19
11;31;7;14;1
11;31;7;15;1
11;31;7;22;1
11;31;7;40;1
11;31;7;44;1
11;257;7;70070;2
11;218;6;5511;5
11;160;7;15333;16
11;26;6;2277;4
11;133;7;15123;1
11;98;5;95;9
11;90;7;12999;10
11;203;6;1313;4
11;3;7;13123;5
11;155;7;10000;1
11;104;7;15122;21
11;306;6;5511;6
11;238;6;1233;1
11;189;7;15333;2
11;155;7;13258;2
11;232;6;1000;1
11;225;6;7040;1
11;198;6;5007;1
11;105;3;12;23
11;23;7;15333;1
11;140;7;15333;1
11;210;7;11222;3
11;20;7;22022;1
11;271;7;15120;1
11;236;7;13013;1
11;236;7;45333;1
11;64;7;12222;19
11;101;5;95;3
11;48;5;95;12
11;199;5;95;1
11;53;7;15120;2
11;199;6;1221;25
11;132;6;96;3
11;29;7;13123;3
11;204;7;11444;11
11;26;7;95;1
11;112;6;96;4
11;247;7;12144;1
11;31;5;131;214
11;55;7;12345;1
11;154;6;4456;5
11;293;7;12444;1
11;29;6;11;2
11;29;6;13;1
11;29;6;22;1
11;275;6;96;7
11;47;7;33145;1
11;301;7;12100;1
11;300;7;23123;1
11;281;6;2088;1
11;104;6;2288;2
11;246;6;4410;10
11;202;3;44;55
11;172;6;1322;18
11;176;6;2244;12
11;21;6;1292;1
11;185;7;12500;1
11;297;7;12500;5
11;169;5;131;177
11;265;7;12100;1
11;199;6;4000;50
11;39;6;4447;1
11;134;6;4445;1
11;278;7;13222;1
11;243;3;44;44
11;226;7;23192;1
11;290;7;33193;1
11;290;7;55555;1
11;10;7;33193;1
11;305;6;2299;1
11;265;7;15151;1
11;152;7;50500;1
11;197;6;2277;1
11;249;7;22222;1
11;249;7;44190;4
11;148;6;1213;9
11;274;7;12300;1
11;258;6;4000;16
11;307;7;45333;1
11;108;3;96;4
11;37;3;96;9
11;183;3;96;10
11;290;6;1111;5
11;205;7;12345;1
11;67;7;13333;5
11;199;7;13456;29
11;207;7;15333;2
11;194;7;40888;1
11;116;7;44567;1
11;239;7;22123;1
11;290;7;13123;5
11;22;6;2299;2
11;135;3;13;65
11;47;6;5566;1
11;143;7;96;2
11;182;7;10121;1
11;195;7;43211;1
11;155;7;22777;4
11;185;6;1299;1
11;307;7;44333;2
11;117;6;1322;44
11;282;6;5512;1
11;168;6;2233;1
11;203;3;96;9
11;107;3;96;1
11;205;7;13222;4
11;48;6;1323;1
11;261;6;4000;12
11;80;7;13456;4
11;35;6;4000;5
11;267;6;1010;3
11;46;5;96;19
11;267;7;13456;12
11;267;7;15888;3
11;292;6;5055;1
11;292;7;11222;7
11;115;6;1145;1
11;91;3;13;121
11;106;6;1111;43
11;189;7;12;3
11;35;6;4490;2
11;101;6;4410;24
11;83;7;15122;35
11;200;6;2211;21
11;84;6;1000;3
11;156;3;96;1
11;290;7;12144;2
11;226;7;10369;1
11;196;7;23123;1
11;240;6;4512;1
11;183;6;4490;2
11;31;6;1322;65
11;287;7;15333;10
11;184;5;96;13
11;117;6;1010;10
11;117;6;4456;2
11;288;6;95;21
11;288;7;45000;2
11;90;6;4444;2
11;298;6;1213;14
11;182;7;10102;1
11;292;6;1322;41
11;23;7;15122;8
11;273;5;95;5
11;135;7;96;1
11;158;7;70070;1
11;228;7;23190;1
11;31;7;44123;1
11;296;7;70070;1
11;89;7;13133;2
11;204;6;5555;38
11;89;7;15333;2
11;3;7;12222;75
11;164;6;2201;1
11;275;7;22222;7
11;275;7;44190;1
11;273;7;15888;2
11;130;7;13222;2
11;134;6;1010;4
11;134;6;4456;2
11;37;7;44666;2
11;210;7;15123;3
11;171;7;13013;1
11;84;7;96;1
11;304;7;13258;3
11;275;6;12;1
11;171;7;12011;1
11;275;6;13;2
11;275;6;22;1
11;275;6;33;1
11;275;7;12;1
11;188;3;13;128
11;284;3;13;112
11;196;6;2069;1
11;119;7;45999;1
11;204;6;1292;1
11;28;7;11444;5
11;25;6;4445;3
11;238;7;70070;1
11;107;7;55777;1
11;253;6;1313;1
11;143;7;14678;1
11;143;7;95;3
11;143;6;1111;13
11;278;5;96;10
11;286;6;1111;3
11;296;7;55888;1
11;136;6;1000;3
11;182;5;131;206
11;196;7;22322;1
11;48;6;1201;1
11;115;6;5533;1
11;44;7;13123;4
11;257;7;12300;1
11;240;7;22190;2
11;89;7;50777;2
11;193;6;1122;1
11;127;7;96;3
11;135;3;12;69
11;202;7;13132;3
11;202;7;70222;1
11;167;6;1221;48
11;82;7;23123;1
11;30;7;13123;5
11;7;7;12999;14
11;282;6;5555;22
11;116;6;13;4
11;116;6;11;1
11;243;7;11444;9
11;185;7;70321;1
11;6;7;13132;1
11;6;7;70222;2
11;185;6;5555;19
11;195;7;65013;1
11;296;6;2288;8
11;180;5;95;6
11;5;7;12555;1
11;216;6;2277;2
11;3;7;22556;1
11;214;6;2222;6
11;196;6;4410;7
11;195;7;15111;1
11;219;6;1533;12
11;143;6;2299;3
11;210;5;96;12
11;295;7;13456;13
11;172;7;13133;1
11;194;7;55888;1
11;289;6;1000;1
11;29;6;2288;21
11;143;7;11222;3
11;289;6;2244;7
11;275;7;65123;1
11;50;6;4000;6
11;112;6;1123;1
11;25;5;131;187
11;22;6;1232;1
11;206;6;2233;2
11;107;7;11444;3
11;50;7;44027;1
11;147;5;131;130
11;31;5;95;6
11;289;7;13123;3
11;300;7;11444;26
11;242;6;1111;3
11;248;6;1111;1
11;69;7;12456;1
11;69;7;15123;2
11;134;7;23123;1
11;181;7;12000;1
11;83;6;1512;2
11;306;7;12123;1
11;243;7;13777;1
11;132;7;13133;1
11;143;3;12;54
11;291;7;12888;1
11;39;3;95;3
11;48;7;22022;8
11;48;7;11113;1
11;282;7;13456;21
11;196;7;13132;2
11;296;6;5555;29
11;86;6;4000;90
11;69;3;12;44
11;205;7;11444;18
11;99;7;12111;1
11;181;6;4490;4
11;181;6;5588;1
11;77;3;44;22
11;37;7;12300;3
11;155;7;13132;2
11;307;7;12500;3
11;277;7;33111;1
11;169;7;95;6
11;50;3;12;59
11;15;5;96;15
11;168;7;12999;23
11;74;6;15;1
11;74;6;13;4
11;74;6;22;1
11;74;7;11;1
11;74;7;12;1
11;74;7;13;12
11;74;7;22;1
11;74;7;43;1
11;74;7;70;1
11;133;7;44369;2
11;307;7;44789;1
11;171;7;95;9
11;239;6;1533;6
11;123;6;1313;1
11;202;7;33222;1
11;35;7;44111;1
11;252;6;5055;1
11;238;5;555;2
11;252;7;11222;4
11;169;7;11444;3
11;150;7;11444;5
11;87;6;4433;1
11;30;3;12;22
11;77;7;12300;1
11;188;6;1221;10
11;132;3;13;103
11;297;5;96;24
11;133;7;13;3
11;133;7;15;3
11;133;7;22;1
11;133;7;55;2
11;281;6;1010;4
11;89;6;2244;5
11;152;6;2233;6
11;279;6;5533;1
11;7;6;2222;4
11;22;7;65123;1
11;214;6;95;13
11;214;7;45000;2
11;254;7;12500;6
11;169;7;33789;1
11;207;3;80;1
11;130;6;2277;10
11;260;7;12222;44
11;207;7;50013;1
11;38;6;4400;1
11;202;6;1522;2
11;140;7;13456;5
11;274;6;4477;5
11;225;6;4477;16
11;164;6;2033;1
11;285;7;13258;1
11;218;5;131;223
11;181;6;4440;1
11;48;7;13777;2
11;195;7;45000;4
11;82;5;96;23
11;218;7;70222;1
11;241;5;555;1
11;281;6;1013;1
11;194;7;12333;2
11;1;6;5533;13
11;195;6;4000;13
11;183;6;1111;10
11;210;6;4477;11
11;281;6;2200;1
11;271;7;33193;1
11;305;6;1313;1
11;240;7;33000;1
11;20;6;1533;6
11;279;5;131;184
11;186;6;1221;13
11;303;6;4000;8
11;204;5;95;14
11;183;6;1277;2
11;87;7;22556;1
11;193;7;23123;1
11;286;7;12111;2
11;306;6;2288;5
11;10;7;23192;2
11;88;6;13;3
11;192;7;44123;1
11;296;7;12111;2
11;129;3;13;116
11;9;7;12300;1
11;130;6;1313;1
11;239;6;1292;3
11;148;6;2299;1
11;218;7;15888;1
11;89;7;12500;3
11;88;6;1522;1
11;89;6;4488;2
11;194;7;95;14
11;37;7;13133;8
11;301;6;1010;3
11;301;6;4456;4
11;291;7;11222;7
11;117;7;15123;17
11;111;7;15333;10
11;91;6;4445;4
11;203;6;4490;2
11;203;6;5588;2
11;160;7;22222;3
11;286;7;10123;5
11;47;6;1201;1
11;198;6;2244;7
11;208;3;13;109
11;152;6;1512;2
11;152;6;5599;1
11;116;6;1313;2
11;287;7;13132;2
11;271;6;1010;7
11;7;7;12500;68
11;291;7;55555;1
11;4;6;1313;2
11;44;7;50500;1
11;74;6;2200;1
11;254;7;12111;1
11;73;7;10555;3
11;254;7;33200;1
11;194;7;15151;1
11;251;6;2299;1
11;7;7;12222;59
11;73;6;5588;1
11;292;7;12144;3
11;290;7;12500;8
11;155;6;1000;1
11;278;6;1322;55
11;37;6;1221;9
11;219;6;4445;1
11;82;7;22777;2
11;206;6;4080;1
11;168;6;1299;1
11;278;7;22777;10
11;31;6;4012;2
11;36;7;11444;5
11;38;7;11113;1
11;38;7;22022;6
11;75;3;95;5
11;254;7;70007;2
11;297;6;4488;1
11;29;6;1323;1
11;197;5;700;32
11;3;6;4456;1
11;236;7;12222;23
11;239;6;2255;3
11;183;6;1020;1
11;154;7;50500;1
11;238;7;13258;4
11;286;6;4000;15
11;291;7;13258;3
11;216;5;131;200
11;184;7;96;3
11;133;7;13133;1
11;78;7;33300;1
11;287;6;2255;1
11;183;7;22022;3
11;305;6;1118;1
11;194;7;13258;4
11;168;7;13132;2
11;265;7;55999;1
11;198;6;2299;1
11;273;7;12123;1
11;115;6;2222;1
11;107;6;2244;10
11;121;6;2201;1
11;176;5;96;10
11;261;7;11444;17
11;127;7;11444;42
11;37;7;13222;4
11;219;6;1292;1
11;292;6;96;6
11;278;3;44;51
11;143;6;2244;2
11;115;7;11111;1
11;254;6;1277;2
11;216;6;1299;2
11;47;7;13132;3
11;194;7;12500;3
11;253;7;13123;1
11;289;5;95;17
11;250;6;2288;15
11;184;7;15333;2
11;132;6;4433;1
11;68;7;10123;2
11;246;7;96;3
11;239;7;33111;1
11;101;6;2288;1
11;84;6;1111;2
11;74;7;15333;11
11;153;6;2211;3
11;158;7;12000;2
11;155;7;23192;2
11;7;6;1277;1
11;301;6;4422;2
11;239;7;44122;1
11;239;7;55999;1
11;147;6;7022;1
11;240;7;22022;2
11;193;7;50500;4
11;306;3;96;4
11;76;5;555;3
11;291;7;11113;5
11;184;7;12500;10
11;241;3;13;144
11;87;6;1213;6
11;246;7;70123;1
11;246;5;700;43
11;226;7;13123;5
11;239;6;2233;1
11;274;6;1010;7
11;274;6;4456;7
11;225;6;4456;1
11;225;6;1010;8
11;134;7;14888;1
11;296;7;22422;1
11;267;6;2233;4
11;88;6;5533;1
11;305;7;12345;1
11;291;7;13222;4
11;69;7;13222;1
11;148;7;13222;10
11;27;7;12999;22
11;80;7;15122;8
11;1;7;15333;2
11;283;3;44;8
11;281;6;96;5
11;47;6;5050;3
11;44;6;4444;5
11;154;6;1222;1
11;271;6;1111;1
11;271;7;95;23
11;148;6;1322;56
11;69;7;55888;1
11;276;7;23123;2
11;36;7;22777;2
11;196;3;13;126
11;287;6;2244;10
11;303;3;44;16
11;193;7;55678;2
11;307;5;95;15
11;37;6;1010;4
11;37;6;4456;3
11;148;7;22777;9
11;53;7;33000;1
11;254;6;95;12
11;254;7;45000;1
11;151;6;5511;2
11;299;7;10123;5
11;38;7;10123;1
11;248;7;15222;1
11;240;7;96;2
11;110;6;2211;3
11;88;6;1111;4
11;275;7;11444;8
11;289;7;11444;16
11;194;7;13222;2
11;148;7;70090;3
11;299;6;1313;4
11;37;7;44123;3
11;273;7;23192;1
11;296;6;2222;3
11;185;6;5533;1
11;210;7;33888;1
11;49;7;90123;1
11;160;6;1221;1
11;282;6;4000;12
11;310;6;4490;1
11;286;6;1010;3
11;251;7;12333;1
11;258;7;12444;1
11;62;7;11444;1
11;55;7;44666;1
11;181;6;1322;65
11;49;3;95;7
11;276;3;95;3
11;293;7;14190;1
11;97;6;95;4
11;300;7;23190;1
11;205;6;12;1
11;205;6;13;6
11;87;7;12999;24
11;28;7;15333;2
11;277;7;13123;33
11;275;7;12999;38
11;303;6;1292;1
11;80;6;95;1
11;302;7;55888;1
11;192;6;1299;1
11;285;6;5511;10
11;188;6;2299;1
11;205;7;15333;3
11;111;7;65123;1
11;168;7;22222;7
11;182;6;1326;1
11;206;6;1277;1
11;203;6;4512;1
11;287;7;12500;6
11;296;5;95;14
11;68;7;13123;4
11;278;7;10444;1
11;278;7;44123;3
11;106;3;12;83
11;238;7;23192;1
11;127;7;15122;10
11;55;6;4422;1
11;281;3;44;41
11;148;7;15123;2
11;169;6;5001;2
11;78;7;22777;2
11;284;6;7090;1
11;236;7;45555;1
11;284;6;5533;1
11;134;7;15333;2
11;197;7;12345;1
11;197;7;65013;2
11;140;5;95;5
11;196;6;1214;1
11;148;6;4488;2
11;101;6;1222;1
11;243;6;4488;2
11;279;7;15122;13
11;289;7;95;23
11;291;3;44;46
11;226;6;1214;1
11;30;6;3333;1
11;44;5;700;53
11;133;7;44123;6
11;305;7;15120;1
11;182;7;10123;4
11;110;7;45333;4
11;180;7;44022;1
11;232;6;7040;1
11;282;7;22777;11
11;97;7;22222;1
11;97;7;44190;1
11;252;6;5511;7
11;281;7;15333;11
11;153;7;45333;2
11;98;6;7040;2
11;153;6;7090;1
11;8;5;96;21
11;9;7;23192;2
11;135;7;13456;13
11;88;7;33000;1
11;55;5;555;1
11;208;7;55333;3
11;200;7;22111;1
11;307;6;4488;1
11;297;5;95;12
11;283;7;44123;1
11;207;7;90192;1
11;77;6;1212;1
11;160;6;95;3
11;243;7;50444;1
11;107;7;15122;22
11;75;7;11444;11
11;7;7;15333;7
11;300;6;7011;2
11;157;6;6565;1
11;240;6;13;2
11;23;6;4447;1
11;132;6;2288;6
11;2;6;4488;1
11;120;7;15123;2
11;232;7;15122;42
11;90;3;44;46
11;48;6;4445;5
11;182;6;5511;7
11;268;7;19333;1
11;181;6;4422;2
11;183;7;11;1
11;183;7;12;1
11;183;7;13;13
11;289;7;33193;1
11;276;7;90909;3
11;298;6;1111;4
11;281;6;1322;61
11;120;6;2299;2
11;132;7;11111;1
11;241;6;4000;41
11;156;7;70222;2
11;204;6;11;1
11;204;6;12;1
11;204;6;13;2
11;204;6;22;1
11;204;6;23;2
11;204;6;44;1
11;204;7;13;14
11;268;7;13123;3
11;7;6;1222;1
11;7;6;1234;2
11;199;7;44666;4
11;1;7;12345;1
11;152;5;700;16
11;265;7;11222;3
11;297;6;5511;4
11;48;7;12333;1
11;249;7;13234;1
11;295;6;4410;10
11;38;7;33111;1
11;193;6;2026;1
11;195;5;96;11
11;20;6;4447;2
11;274;6;2211;6
11;206;7;11444;19
11;306;7;11444;10
11;31;6;95;8
11;274;7;23192;5
11;197;7;70007;2
11;273;7;10124;1
11;91;5;555;6
11;115;6;1322;19
11;155;6;1145;1
11;82;7;15222;1
11;82;7;44234;1
11;296;7;45333;1
11;22;6;1155;1
11;251;7;22022;1
11;50;6;1331;1
11;287;6;5511;9
11;195;6;95;6
11;288;7;45300;1
11;268;6;4456;1
11;181;6;1023;1
11;107;6;1322;72
11;197;6;96;5
11;198;6;2233;1
11;267;7;33888;1
11;272;7;12123;1
11;242;7;23123;3
11;127;6;4444;2
11;167;6;2211;2
11;238;6;4477;16
11;225;7;13013;1
11;284;7;10;2
11;284;7;12;1
11;284;7;13;8
11;284;7;22;2
11;284;7;43;1
11;284;7;45;2
11;284;7;55;1
11;282;6;12;1
11;136;6;5588;1
11;119;6;4477;3
11;77;6;1213;5
11;268;6;4444;1
11;30;6;5533;1
11;30;7;33777;1
11;26;6;2244;18
11;276;7;44111;2
11;182;7;43333;1
11;182;7;55888;2
11;270;7;12111;1
11;202;3;96;6
11;164;7;12999;10
11;105;6;1111;16
11;145;5;700;5
11;148;6;2233;1
11;2;7;70222;4
11;138;6;1533;8
11;107;7;13258;9
11;196;3;44;33
11;200;3;44;30
11;248;7;15122;10
11;275;7;45645;1
11;111;7;11444;1
11;226;6;1313;2
11;291;7;12999;14
11;257;6;2288;7
11;133;6;5555;37
11;74;6;5555;50
11;281;7;45333;1
11;284;7;96;8
11;179;6;95;4
11;278;7;11113;1
11;143;7;44369;17
11;133;6;3550;1
11;91;7;10;1
11;130;7;50500;3
11;130;7;55100;4
11;196;7;22555;1
11;284;6;4490;1
11;284;6;5588;1
11;119;5;96;25
11;169;7;45333;4
11;160;3;13;134
11;290;3;95;9
11;243;7;44123;2
11;278;7;12500;6
11;243;6;1522;2
11;219;7;22111;1
11;119;6;4422;1
11;305;7;22777;4
11;185;6;4490;1
11;274;7;12999;17
11;225;7;12999;21
11;295;6;4422;1
11;282;6;1313;3
11;84;7;95;1
11;275;6;5533;3
11;306;7;70070;1
11;218;6;1000;1
11;193;6;2288;3
11;293;7;70007;1
11;293;6;2211;1
11;288;7;13123;6
11;20;7;70123;1
11;20;5;700;32
11;104;7;13456;7
11;55;7;12222;12
11;136;6;4445;5
11;225;3;95;7
11;147;7;10123;2
11;195;7;36123;1
11;188;7;13132;1
11;292;7;12500;4
11;239;7;44666;1
11;121;7;70007;2
11;15;7;13777;1
11;68;7;13456;22
11;3;7;13456;12
11;3;7;15888;1
11;307;6;2210;2
11;271;6;9090;1
11;271;7;44888;1
11;304;3;13;105
11;287;6;1323;1
11;101;6;11;1
11;101;6;12;6
11;101;6;13;4
11;101;6;33;1
11;101;7;11;1
11;101;7;12;5
11;101;7;13;18
11;101;7;15;1
11;101;7;19;1
11;240;3;95;3
11;101;7;33;1
11;101;7;44;1
11;108;7;15555;2
11;176;6;95;4
11;176;6;5555;6
11;67;7;12144;7
11;305;6;4012;1
11;36;6;1522;1
11;76;7;15;1
11;76;7;45;1
11;268;3;44;40
11;210;7;12500;6
11;147;6;5511;1
11;258;6;1331;1
11;181;7;23192;1
11;49;6;2233;2
11;243;7;50500;2
11;272;7;45000;2
11;101;7;13132;3
11;99;7;44369;14
11;193;3;96;4
11;91;7;13220;1
11;278;6;2277;13
11;169;7;15123;9
11;267;7;12300;3
11;304;7;23190;1
11;90;7;22111;1
11;115;6;1221;55
11;138;6;4477;2
11;276;7;12111;6
11;156;5;555;20
11;158;6;2233;4
11;183;7;45000;1
11;150;6;11;1
11;150;6;13;3
11;150;7;12;2
11;150;7;13;1
11;206;6;1222;1
11;206;6;1234;1
11;90;6;1213;8
11;167;7;70070;4
11;241;6;4477;2
11;238;6;5533;2
11;111;6;4410;7
11;89;7;45000;1
11;195;7;13132;3
11;143;6;4555;1
11;171;6;2277;14
11;182;6;1251;1
11;226;6;1201;1
11;200;7;55999;1
11;20;6;2233;7
11;143;7;70222;5
11;208;6;5050;2
11;66;7;11444;29
11;154;6;4400;1
11;271;6;1533;9
11;279;6;1299;1
11;296;7;12123;1
11;293;6;4000;8
11;238;6;1292;2
11;168;7;13258;3
11;258;6;5555;28
11;257;7;55234;1
11;294;6;1213;7
11;251;6;1322;48
11;65;6;1533;5
11;64;6;5588;2
11;284;7;22022;3
11;117;6;4012;1
11;208;6;5533;5
11;121;7;12333;1
11;27;3;44;10
11;304;7;12500;2
11;5;7;95;2
11;62;3;44;9
11;54;5;96;14
11;306;7;13;5
11;306;7;15;1
11;298;6;1000;1
11;75;7;13123;22
11;25;7;15333;5
11;30;6;2244;2
11;121;7;10000;2
11;48;6;2244;9
11;48;7;44123;3
11;87;6;1322;40
11;155;6;65;1
11;155;7;13;3
11;155;7;15;2
11;155;7;22;1
11;66;6;4410;21
11;49;6;4444;1
11;44;6;96;5
11;46;6;1000;4
11;136;5;95;8
11;204;7;15123;3
11;267;6;2200;2
11;252;5;96;21
11;37;3;12;105
11;183;3;12;46
11;154;6;5005;2
11;154;7;44027;1
11;226;7;15333;4
11;143;3;13;143
11;133;6;1010;7
11;133;6;4456;1
11;226;6;2255;1
11;226;7;15120;2
11;226;6;2222;17
11;105;6;1533;9
11;116;6;1333;1
11;248;7;13456;46
11;248;7;15888;9
11;310;7;44123;1
11;6;6;4400;1
11;226;7;70123;4
11;226;5;700;67
11;249;6;1322;27
11;225;7;96;10
11;138;6;1522;1
11;257;7;95;23
11;88;7;50013;1
11;156;6;1113;1
11;86;3;96;8
11;46;6;2233;2
11;49;7;50777;1
11;148;6;1292;5
11;251;6;4080;2
11;218;7;10121;1
11;66;7;22000;1
11;172;7;10000;1
11;261;6;1016;1
11;109;7;96;1
11;204;6;5511;3
11;87;6;4488;1
11;106;6;5533;1
11;106;6;4000;78
11;75;7;70070;1
11;232;6;1222;1
11;31;7;45000;1
11;288;3;95;8
11;132;7;15122;35
11;261;6;11;1
11;261;6;12;2
11;261;6;13;1
11;261;6;55;1
11;261;7;11;2
11;261;7;12;2
11;261;7;13;5
11;261;7;15;2
11;15;7;12;2
11;15;7;13;17
11;293;6;4422;1
11;169;7;13123;2
11;46;7;15123;2
11;120;6;6565;1
11;278;7;11444;11
11;202;7;11113;1
11;202;7;22022;6
11;154;6;1522;1
11;194;7;22556;1
11;277;7;15333;6
11;134;5;95;4
11;280;6;2222;2
11;3;7;13258;14
11;77;3;12;58
11;121;6;1122;1
11;265;6;4400;1
11;147;6;1533;5
11;283;3;95;2
11;6;6;12;1
11;6;6;13;1
11;6;6;55;1
11;6;7;11;2
11;6;7;12;2
11;6;7;13;10
11;104;3;13;97
11;27;7;13123;1
11;258;6;4444;2
11;285;7;10456;1
11;285;7;44000;1
11;199;6;4447;1
11;192;7;13123;2
11;77;7;15123;1
11;134;6;1533;5
11;295;6;1512;1
11;39;6;1520;1
11;292;6;4444;5
11;140;6;1222;1
11;140;6;1234;3
11;22;6;2222;7
11;53;5;131;159
11;214;7;15333;11
11;281;5;95;16
11;9;6;5055;3
11;9;7;11222;1
11;179;6;4456;1
11;193;7;13258;3
11;155;6;5013;1
11;265;7;44666;4
11;55;6;1533;2
11;53;6;2201;1
11;168;7;12444;1
11;31;6;1213;8
11;86;6;1322;15
11;145;6;96;3
11;310;6;4447;1
11;138;6;4000;91
11;232;7;13131;1
11;182;7;50500;2
11;197;3;13;117
11;208;7;55888;1
11;107;6;1313;19
11;73;3;13;140
11;127;6;1214;1
11;199;7;55555;1
11;127;6;1533;1
11;193;6;7007;1
11;260;6;2201;1
11;47;7;13222;4
11;27;3;13;62
11;195;3;44;30
11;218;6;2277;2
11;133;5;96;11
11;167;6;5005;1
11;86;5;555;4
11;298;6;5055;1
11;97;5;95;3
11;286;6;4477;1
11;176;6;1399;1
11;176;3;12;24
11;285;5;700;34
11;228;7;22222;12
11;58;7;12500;1
11;287;6;1221;2
11;168;7;33600;2
11;155;7;12500;3
11;82;6;1322;63
11;279;6;4411;1
11;31;7;55888;1
11;207;7;65700;1
11;76;3;96;2
11;310;6;5050;2
11;210;6;1322;46
11;65;6;96;2
11;297;6;2244;7
11;22;7;15888;1
11;307;7;13133;7
11;116;6;1111;4
11;226;6;1000;2
11;75;6;1221;11
11;53;7;44666;3
11;179;6;1533;1
11;80;6;2233;1
11;117;6;4477;10
11;307;6;1277;1
11;199;7;11000;1
11;288;7;44567;1
11;288;7;15145;1
11;203;7;22555;3
11;107;7;22555;1
11;183;7;44369;2
11;265;6;4490;5
11;265;6;5588;7
11;41;7;44369;12
11;1;6;12;4
11;1;6;13;4
11;1;7;12;1
11;1;7;13;16
11;54;7;70007;1
11;90;6;5533;4
11;181;7;43211;1
11;252;7;10123;3
11;127;6;2288;4
11;271;7;33888;1
11;279;3;12;45
11;289;6;96;9
11;3;7;12;3
11;3;6;40;1
11;3;6;55;1
11;3;7;11;1
11;3;7;13;8
11;3;7;22;1
11;3;7;40;1
11;158;6;5555;72
11;208;6;1112;1
11;276;7;11444;3
11;99;6;2210;1
11;205;7;33111;2
11;275;6;2222;14
11;251;6;1221;2
11;251;6;4412;1
11;283;6;1533;4
11;298;7;11222;3
11;68;7;13222;11
11;154;6;2288;3
11;280;6;4000;2
11;207;7;12333;1
11;38;7;43211;1
11;286;6;5088;1
11;36;7;13132;5
11;36;7;70222;3
11;121;3;95;4
11;54;5;555;2
11;189;6;5013;1
11;182;6;3323;1
11;285;6;4444;5
11;257;6;4445;1
11;130;6;2244;11
11;134;7;13123;4
11;158;3;21;1
11;297;7;11;1
11;267;7;44555;1
11;267;7;70123;1
11;267;5;700;61
11;267;7;50777;1
11;119;7;12144;2
11;238;7;33111;1
11;16;6;1221;19
11;2;6;96;1
11;68;6;4477;1
11;37;7;12999;14
11;300;7;12111;4
11;158;7;11111;1
11;123;6;2244;6
11;267;6;1111;5
11;302;7;11444;23
11;270;7;10000;1
11;216;6;4000;79
11;53;7;15151;1
11;232;6;5055;1
11;232;7;11222;1
11;80;6;5555;4
11;281;6;12;1
11;281;6;13;2
11;281;6;70;1
11;143;7;44776;1
11;196;6;2233;1
11;28;7;13222;1
11;4;7;13789;1
11;47;7;12600;1
11;172;6;2200;1
11;157;7;70190;1
11;182;6;2222;5
11;136;6;5533;3
11;88;6;4477;4
11;300;5;96;10
11;4;5;96;24
11;257;6;4000;15
11;47;7;70070;2
11;215;7;70070;2
11;26;6;96;4
11;145;6;11;1
11;145;6;12;3
11;145;6;13;2
11;40;6;1533;4
11;281;6;1533;5
11;300;7;22222;5
11;304;5;131;168
11;158;6;1322;31
11;254;3;44;43
11;215;6;4444;8
11;108;6;5567;1
11;47;6;2255;2
11;107;6;4477;1
11;169;6;2277;2
11;302;6;5055;1
11;302;7;11222;2
11;228;6;4088;1
11;281;7;44888;2
11;210;6;1299;3
11;50;3;95;3
11;112;7;70222;7
11;117;6;96;3
11;39;7;13333;2
11;138;7;44111;1
11;7;6;4477;3
11;156;7;55555;4
11;50;7;12500;2
11;268;7;44567;1
11;291;6;5533;4
11;66;7;15122;9
11;205;7;12500;3
11;179;7;13456;9
11;23;5;555;1
11;304;6;5060;1
11;214;6;1233;1
11;10;7;22555;16
11;195;7;12888;1
11;151;3;12;25
11;48;6;1533;11
11;83;6;1326;1
11;133;7;22777;2
11;301;7;13258;5
11;302;3;95;8
11;192;7;11111;4
11;250;6;4410;17
11;278;6;4013;1
11;23;7;13222;1
11;199;6;5555;32
11;208;6;5511;13
11;208;5;160;1
11;130;6;95;7
11;288;7;13456;21
11;288;7;15888;5
11;195;7;44190;2
11;195;7;22222;2
11;307;7;15333;6
11;119;5;95;3
11;104;6;1533;6
11;154;6;1533;8
11;122;6;1234;1
11;78;6;12;5
11;66;7;19888;1
11;66;6;1322;19
11;168;7;70070;6
11;78;6;13;2
11;78;7;10;1
11;78;7;13;11
11;78;7;15;1
11;78;7;22;1
11;78;7;44;1
11;78;7;45;2
11;78;7;70;1
11;67;6;1214;4
11;66;6;1111;7
11;154;7;13258;1
11;179;7;96;3
11;6;7;70007;3
11;132;7;13123;4
11;110;6;1326;1
11;111;7;44027;1
11;66;6;1533;1
11;279;7;10123;1
11;148;6;1221;4
11;30;5;96;13
11;291;6;6565;3
11;53;7;70070;1
11;84;7;15333;2
11;58;6;95;3
11;22;7;22556;2
11;294;7;96;2
11;150;6;2244;5
11;169;6;2244;7
11;281;6;4477;7
11;257;7;10123;3
11;202;7;12888;2
11;73;3;96;7
11;4;7;12000;1
11;155;6;2255;1
11;127;6;4412;1
11;290;7;44369;4
11;115;6;7090;2
11;267;7;22777;7
11;9;7;50500;1
11;299;6;1201;1
11;101;6;4490;1
11;271;6;5013;1
11;284;7;65013;1
11;232;6;1522;1
11;90;6;4412;1
11;208;7;44447;1
11;40;6;4000;13
11;44;3;44;61
11;121;6;1222;2
11;20;6;11;1
11;20;6;13;3
11;20;6;21;1
11;20;6;22;3
11;20;6;23;1
11;20;6;55;1
11;154;6;1251;1
11;240;6;4510;1
11;68;5;131;191
11;179;7;12;3
11;179;7;13;9
11;20;3;12;32
11;109;7;65013;1
11;135;6;5555;39
11;78;3;95;1
11;90;7;13132;3
11;136;7;11999;1
11;200;6;7040;5
11;134;5;555;2
11;150;6;1522;1
11;39;7;12500;8
11;87;6;5511;2
11;40;7;55555;1
11;153;7;12345;1
11;303;6;1221;2
11;298;6;2288;4
11;239;5;96;21
11;181;6;5511;9
11;206;7;22022;4
11;259;3;95;1
11;90;7;65123;2
11;135;3;95;2
11;275;6;5055;1
11;275;7;11222;1
11;155;6;5060;1
11;202;7;12555;1
11;238;6;1123;1
11;285;7;12000;1
11;300;5;700;17
11;4;5;700;19
11;306;6;13;4
11;306;6;15;1
11;155;7;15333;5
11;151;7;12999;41
11;2;7;95;1
11;46;7;13258;2
11;87;7;44123;2
11;127;7;12999;5
11;185;7;12999;75
11;46;7;70321;1
11;267;7;55011;1
11;127;3;12;15
11;280;5;96;3
11;167;6;1233;1
11;219;6;5511;2
11;274;7;45999;2
11;297;7;22222;1
11;297;7;44190;2
11;249;7;13131;2
11;249;7;55888;1
11;277;7;65013;1
11;143;6;2277;1
11;53;3;95;2
11;41;7;15123;2
11;132;6;1292;1
11;106;7;22322;1
11;117;7;10123;5
11;83;7;65013;4
11;54;6;5512;1
11;148;6;1234;2
11;84;7;11222;1
11;288;7;15222;1
11;58;3;96;8
11;243;6;5555;22
11;129;7;22222;1
11;9;6;4088;1
11;280;5;95;2
11;50;6;2201;1
11;277;6;5555;16
11;164;6;1444;1
11;204;7;13456;14
11;204;7;15888;7
11;192;7;96;5
11;117;7;33222;1
11;218;6;6565;6
11;88;7;11444;7
11;152;7;65013;1
11;78;5;131;136
11;281;7;13132;1
11;276;7;12888;8
11;110;5;700;34
11;291;7;15555;1
11;278;7;33888;1
11;243;6;1221;9
11;158;6;1177;2
11;214;7;70070;2
11;238;7;13222;6
11;106;7;11444;5
11;158;6;4012;1
11;294;3;13;81
11;279;5;700;21
11;23;6;4410;2
11;296;3;21;1
11;150;6;2277;3
11;302;6;13;1
11;302;6;15;1
11;203;7;15333;4
11;82;7;12222;27
11;39;7;11113;2
11;196;7;45333;3
11;109;6;1002;1
11;295;7;50500;3
11;120;6;95;7
11;151;6;2244;1
11;286;6;4011;1
11;277;7;11444;6
11;271;6;2233;2
11;25;6;5001;2
11;287;7;44123;1
11;296;7;15122;26
11;172;6;10;1
11;207;6;2222;5
11;58;6;1251;1
11;55;7;15122;3
11;55;7;43640;4
11;232;7;12;1
11;232;7;13;8
11;232;7;22;1
11;232;7;55;1
11;30;7;11;2
11;30;7;13;6
11;30;7;45;1
11;30;7;55;1
11;30;6;11;1
11;273;7;11111;1
11;236;7;12999;25
11;281;6;5044;1
11;287;7;70090;1
11;132;7;22777;3
11;261;7;12500;15
11;232;6;45;1
11;257;7;45;1
11;232;6;13;3
11;232;6;22;1
11;16;6;4444;12
11;26;6;1213;1
11;30;6;12;2
11;30;6;13;1
11;30;6;22;1
11;67;6;12;3
11;67;6;13;3
11;67;6;14;1
11;67;6;22;1
11;67;7;12;2
11;67;7;13;18
11;67;7;23;1
11;67;7;36;1
11;67;7;40;1
11;67;7;55;1
11;67;7;70;1
11;300;6;11;2
11;300;6;12;1
11;29;7;45555;3
11;89;7;15123;1
11;172;7;13123;5
11;196;7;45000;2
11;132;6;4411;1
11;281;6;95;23
11;48;7;45000;2
11;168;6;1533;6
11;154;6;95;6
11;158;7;45333;7
11;89;6;4445;1
11;37;6;95;10
11;297;3;13;153
11;185;3;13;130
11;116;7;33456;1
11;37;3;95;3
11;183;3;95;6
11;302;6;4410;8
11;106;7;44190;1
11;228;7;11444;9
11;298;6;2323;2
11;58;6;4000;11
11;243;7;11222;3
11;207;6;1292;5
11;300;6;1322;43
11;219;6;4406;2
11;36;6;4444;6
11;202;7;13258;3
11;193;3;44;29
11;91;6;1214;1
11;242;6;2244;5
11;176;6;4477;5
11;73;6;2277;8
11;143;7;13222;63
11;98;6;2277;2
11;35;6;95;6
11;77;7;12000;1
11;37;7;55333;1
11;152;7;13132;1
11;275;6;1111;3
11;304;7;44666;1
11;88;6;4445;1
11;279;7;95;3
11;182;7;11999;1
11;292;5;95;8
11;249;6;1234;1
11;112;3;12;51
11;288;7;10123;3
11;64;7;11444;5
11;290;6;1525;1
11;29;6;1533;7
11;265;6;1234;1
11;182;6;96;7
11;36;7;12500;11
11;246;6;4490;5
11;246;6;5588;6
11;83;7;11777;1
11;284;6;5050;1
11;198;7;44447;1
11;65;7;33888;14
11;275;7;22555;2
11;2;5;700;4
11;304;6;4444;4
11;145;7;50500;1
11;21;6;2220;1
11;297;6;4567;1
11;206;7;12345;1
11;76;7;12555;2
11;153;6;2277;3
11;148;6;4410;6
11;6;3;44;15
11;181;7;13456;15
11;252;7;22777;5
11;181;7;15888;1
11;129;6;4000;9
11;299;7;13138;2
11;22;7;10123;2
11;226;6;1111;2
11;226;7;95;23
11;226;7;14678;1
11;194;5;131;113
11;156;6;5533;6
11;251;7;23190;1
11;37;6;1522;1
11;284;3;12;60
11;267;7;12144;1
11;55;6;1299;1
11;87;7;13789;2
11;6;6;1326;1
11;68;7;55555;2
11;86;7;50500;1
11;281;6;1500;1
11;270;6;1221;3
11;82;7;12300;1
11;156;6;1322;23
11;239;6;7044;1
11;273;7;22123;1
11;98;6;1322;103
11;214;7;11444;2
11;154;3;21;1
11;181;6;2323;3
11;48;6;1212;1
11;84;6;1221;5
11;298;6;1222;2
11;298;6;1234;1
11;39;7;13258;1
11;216;5;700;21
11;78;7;12100;1
11;99;6;4444;2
11;218;7;15122;46
11;218;7;43640;1
11;8;7;96;7
11;286;7;12999;16
11;117;7;11222;2
11;306;7;13258;3
11;268;6;5511;3
11;155;7;15222;1
11;115;6;2277;18
11;82;6;1111;21
11;2;7;96;1
11;293;6;5500;1
11;99;7;13222;10
11;89;3;96;7
11;289;3;96;14
11;164;3;96;9
11;252;6;2244;10
11;243;6;4445;2
11;184;7;22555;1
11;168;7;13456;18
11;168;7;15888;9
11;154;5;95;7
11;298;6;4488;1
11;132;6;5555;42
11;136;5;131;172
11;90;7;44123;7
11;182;7;22190;1
11;22;6;3570;1
11;6;6;96;1
11;132;7;55888;1
11;132;7;13131;1
11;132;7;43333;1
11;290;6;1214;4
11;298;7;45333;1
11;304;7;55333;1
11;274;7;50013;1
11;30;6;1313;2
11;261;6;5500;1
11;202;7;22126;1
11;251;7;12222;47
11;185;7;70123;1
11;66;5;95;7
11;134;7;65013;1
11;276;6;95;6
11;207;3;12;75
11;117;7;11113;1
11;117;7;22022;2
11;40;6;95;2
11;77;5;700;23
11;110;7;65013;1
11;5;5;700;13
11;54;6;2222;3
11;185;6;96;4
11;302;7;13132;2
11;302;7;70222;1
11;216;6;1322;56
11;261;6;5055;5
11;261;7;11222;3
11;246;7;22555;1
11;66;7;13222;1
11;4;6;2244;3
11;171;6;1010;1
11;171;6;4456;2
11;20;3;96;6
11;121;6;1055;2
11;285;6;1214;2
11;274;6;5533;4
11;225;6;5533;5
11;54;3;44;24
11;119;3;44;17
11;298;7;12000;1
11;295;3;12;79
11;267;6;4433;1
11;164;5;700;17
11;77;3;13;153
11;20;6;1221;3
11;67;6;1201;1
11;65;7;15122;14
11;25;6;2211;2
11;110;7;15120;1
11;155;6;2210;1
11;279;6;1214;2
11;197;6;2288;1
11;192;6;1251;1
11;99;7;22022;1
11;84;7;12500;1
11;74;7;44123;4
11;148;7;45333;1
11;207;6;5533;7
11;275;7;13132;4
11;275;7;70222;1
11;148;6;5078;1
11;181;6;2210;1
11;121;7;13258;3
11;205;5;95;12
11;148;7;50500;8
11;272;6;2233;2
11;300;6;1500;2
11;300;3;95;12
11;4;3;95;2
11;288;6;4490;1
11;288;6;5588;3
11;257;6;5588;4
11;298;7;33300;1
11;253;6;4410;5
11;116;7;96;2
11;247;6;7011;1
11;254;7;10000;5
11;249;6;2210;1
11;160;6;5555;12
11;152;6;4000;36
11;47;6;1533;15
11;68;3;44;13
11;218;7;10123;10
11;46;6;1122;1
11;10;7;13123;4
11;111;7;50013;1
11;111;6;1522;1
11;250;6;1323;1
11;281;7;12;1
11;281;7;13;3
11;281;7;55;1
11;76;6;96;2
11;203;6;96;5
11;268;6;1122;1
11;188;7;13222;32
11;167;6;1111;3
11;36;6;5055;1
11;192;7;22777;4
11;303;7;44111;1
11;254;3;13;143
11;36;7;11222;1
11;148;7;15122;27
11;151;5;700;9
11;135;7;12999;1
11;297;6;2323;1
11;35;7;45333;1
11;37;6;4490;2
11;274;6;5555;45
11;192;6;2288;3
11;296;6;1213;5
11;254;7;22222;2
11;254;7;44190;2
11;116;6;5511;4
11;267;6;2211;3
11;206;7;13456;10
11;206;7;15888;1
11;136;7;14444;1
11;299;5;96;12
11;8;7;45000;1
11;110;6;4410;2
11;117;6;7040;1
11;123;7;22022;1
11;29;3;44;43
11;179;6;2222;1
11;129;7;96;4
11;16;7;44444;1
11;238;6;2288;3
11;274;6;1222;3
11;274;6;1234;1
11;109;3;12;64
11;270;7;13456;9
11;270;7;15888;4
11;78;6;2255;2
11;44;7;10000;1
11;121;3;13;138
11;203;6;2323;1
11;10;7;13132;3
11;119;6;96;4
11;232;7;22222;2
11;232;7;44190;1
11;49;7;11;1
11;49;7;12;1
11;49;7;13;8
11;49;7;40;1
11;49;7;55;1
11;49;7;70;1
11;276;7;13;14
11;276;7;22;1
11;276;7;55;1
11;77;7;13789;2
11;35;7;50777;1
11;260;7;50500;1
11;282;6;2222;10
11;40;6;5511;3
11;274;7;15333;8
11;225;7;15333;4
11;285;6;2277;5
11;160;6;1222;1
11;286;6;13;2
11;286;6;14;1
11;286;6;15;1
11;286;6;19;1
11;286;7;11;1
11;286;7;12;2
11;286;7;13;4
11;286;7;15;3
11;182;6;2244;8
11;180;7;11444;14
11;1;7;11444;10
11;90;6;1010;2
11;77;6;2255;1
11;303;7;13456;27
11;303;7;15888;1
11;307;7;12000;1
11;243;6;1292;2
11;134;7;15123;2
11;112;6;2277;4
11;182;6;4488;2
11;275;6;1313;1
11;297;6;1313;1
11;15;6;13;1
11;15;6;22;1
11;15;6;45;1
11;249;6;1145;1
11;116;6;22;4
11;116;7;11;2
11;116;7;12;7
11;116;7;13;9
11;116;7;22;1
11;116;7;40;2
11;116;7;44;1
11;206;7;70;1
11;26;7;12333;1
11;143;6;1322;130
11;239;6;1333;1
11;207;6;4567;1
11;180;7;13222;1
11;290;7;23456;1
11;27;7;13456;8
11;28;3;44;29
11;296;7;23190;1
11;22;7;10000;1
11;88;7;11111;1
11;252;7;23123;3
11;48;6;1277;1
11;37;6;2222;8
11;218;6;1221;8
11;218;6;4412;1
11;300;6;2277;6
11;226;6;4456;6
11;226;6;1010;1
11;25;7;43333;1
11;35;6;4422;1
11;300;6;96;4
11;4;6;96;3
11;183;7;13132;5
11;183;7;70222;4
11;120;6;1221;1
11;120;6;4412;1
11;288;7;50777;1
11;87;6;4000;22
11;151;7;13456;1
11;29;6;1000;1
11;179;5;96;8
11;21;6;5511;7
11;182;6;2277;2
11;148;6;5050;3
11;249;6;1500;1
11;197;7;15123;2
11;153;7;12100;1
11;252;7;22022;2
11;226;6;4447;1
11;270;7;15123;7
11;275;3;13;130
11;249;6;1277;1
11;272;3;12;67
11;246;6;4447;1
11;172;6;11;1
11;172;6;12;2
11;182;6;2255;1
11;143;7;11999;1
11;169;6;7040;1
11;202;3;13;139
11;109;5;700;1
11;46;6;5055;1
11;192;3;96;4
11;228;6;95;21
11;228;7;45000;1
11;153;6;1213;2
11;286;6;11;1
11;286;6;12;1
11;97;7;11111;1
11;73;7;11444;21
11;76;6;5533;7
11;203;6;5533;5
11;67;6;1010;3
11;77;6;1221;1
11;171;7;23123;1
11;214;7;44123;3
11;10;6;1333;1
11;76;6;5555;159
11;215;6;1010;6
11;215;6;4456;2
11;82;6;2244;12
11;270;7;22222;2
11;270;7;44190;3
11;228;7;70222;2
11;288;7;15123;1
11;91;6;2277;3
11;97;7;44666;1
11;278;6;1333;1
11;303;6;5533;5
11;184;6;1010;1
11;290;7;13258;1
11;240;6;4000;16
11;27;3;96;4
11;152;7;13222;6
11;242;6;2222;5
11;248;6;2222;1
11;171;7;15123;2
11;80;6;1111;5
11;80;7;95;1
11;199;6;4444;2
11;75;7;44369;1
11;38;6;1213;16
11;156;7;65013;1
11;296;6;2200;3
11;250;5;95;11
11;26;5;96;13
11;25;7;22556;2
11;232;7;12888;1
11;232;7;13333;1
11;210;7;10000;1
11;107;3;44;13
11;15;6;1322;172
11;284;6;4447;1
11;134;6;5050;1
11;106;7;95;2
11;304;7;13222;3
11;247;6;1213;9
11;246;6;1145;1
11;249;7;15333;5
11;89;7;33888;2
11;205;6;4410;15
11;288;6;4444;4
11;196;7;12222;41
11;252;7;13333;1
11;26;7;55666;2
11;196;6;4444;3
11;298;6;95;9
11;64;5;131;124
11;105;6;4477;3
11;116;6;96;1
11;78;3;13;103
11;307;3;95;4
11;307;6;1500;1
11;208;6;2277;3
11;236;7;55888;1
11;109;6;5567;4
11;37;6;4012;1
11;123;6;2211;5
11;200;6;4410;23
11;58;5;96;16
11;206;7;65013;2
11;66;7;45999;1
11;44;7;13555;1
11;292;6;4445;1
11;198;3;96;9
11;195;7;13123;4
11;46;6;1221;6
11;265;7;13132;4
11;289;6;1232;1
11;80;5;700;15
11;72;7;44123;2
11;180;5;700;7
11;214;3;95;13
11;242;6;4477;1
11;55;6;96;6
11;91;7;13456;9
11;279;7;13222;8
11;47;6;5533;2
11;133;7;12300;1
11;310;7;13133;2
11;23;7;13123;3
11;185;3;95;5
11;304;7;55234;2
11;87;7;15151;1
11;181;7;55888;2
11;236;7;70070;1
11;164;6;2255;2
11;28;6;1111;14
11;28;7;95;7
11;151;7;95;3
11;250;7;10123;3
11;240;6;2233;4
11;6;7;12300;1
11;143;7;44666;1
11;80;6;1322;21
11;307;6;4477;1
11;153;6;4444;4
11;167;7;96;1
11;208;7;13222;4
11;188;6;4000;15
11;111;6;1322;31
11;197;7;95;12
11;197;6;1111;1
11;31;7;33777;1
11;30;6;1213;3
11;117;7;55888;5
11;168;6;2210;2
11;267;7;22678;1
11;253;7;13132;1
11;106;7;15333;4
11;110;7;15888;3
11;110;7;13456;9
11;193;7;22022;5
11;117;3;96;6
11;136;7;22222;3
11;90;5;95;6
11;257;7;55888;3
11;307;7;13123;3
11;239;7;22555;1
11;238;7;15222;1
11;238;7;44369;3
11;302;6;95;14
11;302;7;45000;1
11;53;5;555;2
11;252;6;1322;52
11;90;3;96;1
11;143;7;33133;1
11;133;6;2288;3
11;194;7;11999;1
11;247;7;44190;1
11;295;7;22555;3
11;111;3;13;108
11;16;7;22556;1
11;284;7;12222;49
11;133;7;50180;1
11;200;7;33000;1
11;301;7;12500;2
11;272;7;36190;2
11;272;7;30000;1
11;164;7;50500;1
11;3;6;95;5
11;127;6;2244;40
11;272;7;12333;1
11;292;7;55888;2
11;10;7;11444;10
11;36;7;12999;11
11;296;7;33888;1
11;182;7;70123;1
11;182;5;700;20
11;198;6;6565;2
11;179;3;95;2
11;30;6;1233;1
11;246;7;15145;1
11;241;6;95;2
11;40;3;13;74
11;295;3;13;144
11;261;5;131;202
11;38;7;55333;2
11;54;7;44666;2
11;44;6;1277;1
11;167;6;1214;1
11;258;6;96;2
11;249;6;2299;1
11;249;7;13222;2
11;120;7;22999;1
11;132;6;1277;4
11;21;6;1533;4
11;120;3;12;71
11;153;7;95;8
11;180;6;5511;1
11;10;6;1221;13
11;261;3;95;1
11;28;7;11;1
11;28;7;12;2
11;254;7;13123;7
11;147;7;12100;1
11;203;7;55888;3
11;66;7;12500;1
11;46;7;22777;5
11;204;3;44;47
11;121;7;22777;1
11;250;7;12444;1
11;250;7;45333;1
11;249;7;12144;1
11;143;7;44333;1
11;25;7;12300;1
11;305;6;5533;10
11;99;6;1111;5
11;99;7;95;3
11;301;7;22777;6
11;101;7;13258;1
11;204;6;4010;1
11;58;7;12222;33
11;155;7;12222;31
11;246;6;1333;2
11;218;7;13138;1
11;181;6;7040;4
11;295;7;15123;1
11;133;7;50500;1
11;48;7;33888;2
11;64;6;4477;3
11;164;7;96;5
11;298;7;22422;1
11;106;5;95;2
11;121;7;12123;2
11;54;7;22777;4
11;295;6;2288;7
11;47;6;1322;27
11;40;5;131;129
11;278;6;4433;1
11;133;5;700;35
11;273;7;33888;1
11;78;6;1213;3
11;122;5;96;9
11;282;6;1213;5
11;47;6;1122;1
11;120;7;13456;7
11;279;7;22777;2
11;86;6;2277;1
11;106;6;2244;10
11;277;6;2211;1
11;275;6;2288;9
11;202;7;12111;3
11;241;6;1277;1
11;167;7;15333;12
11;31;3;96;14
11;182;7;96;9
11;253;7;12300;1
11;304;3;44;28
11;281;3;96;9
11;251;6;2211;4
11;241;7;12999;44
11;207;6;1221;4
11;148;7;12111;1
11;115;5;96;20
11;120;6;1512;3
11;254;6;1299;1
11;279;7;12111;1
11;279;7;33200;1
11;75;7;44020;1
11;75;7;96;4
11;74;7;13222;2
11;44;6;1533;6
11;134;6;5013;1
11;35;7;13258;6
11;250;3;95;8
11;143;7;23192;1
11;91;6;1213;15
11;98;7;12999;90
11;274;6;2288;9
11;225;6;2288;7
11;242;7;12999;13
11;46;7;15333;2
11;91;6;1322;43
11;185;5;95;8
11;68;6;96;1
11;274;5;96;17
11;225;5;96;14
11;47;6;2222;13
11;76;6;3555;1
11;76;7;12999;7
11;302;7;12222;32
11;286;6;2222;8
11;302;6;7040;3
11;295;6;4012;1
11;172;5;700;6
11;271;7;45045;1
11;77;6;1522;5
11;140;5;700;26
11;107;7;13222;3
11;272;7;70123;1
11;272;5;700;25
11;240;6;1313;3
11;294;7;13456;24
11;29;6;1221;2
11;75;6;2288;4
11;44;7;44543;1
11;303;6;2211;1
11;47;5;96;20
11;293;6;4490;5
11;218;7;22999;1
11;55;6;1321;1
11;181;7;11;1
11;181;7;12;3
11;181;7;13;18
11;181;7;15;2
11;181;7;22;1
11;181;7;40;1
11;181;7;44;2
11;181;7;45;1
11;285;7;13123;4
11;181;7;55;2
11;181;7;70;1
11;210;6;4455;1
11;251;6;2244;14
11;21;7;11222;3
11;168;6;1512;1
11;251;6;1213;8
11;287;6;1212;2
11;184;3;96;7
11;122;7;65123;2
11;106;7;11123;1
11;232;6;4488;1
11;167;7;10000;1
11;74;6;4488;2
11;36;7;12000;1
11;226;7;44190;5
11;168;6;4410;8
11;292;6;2277;7
11;250;6;4000;11
11;250;6;95;12
11;20;7;22777;8
11;150;3;13;82
11;78;6;1533;2
11;66;7;55999;1
11;306;3;95;2
11;73;6;1234;1
11;106;6;1222;2
11;181;7;12300;1
11;15;6;1533;2
11;225;6;1512;2
11;216;6;4447;2
11;4;6;2222;5
11;273;6;4444;4
11;200;6;2222;1
11;111;6;2323;1
11;267;6;95;23
11;267;7;45000;1
11;67;6;1322;141
11;80;5;96;4
11;295;7;65013;1
11;270;7;22022;5
11;130;6;4410;21
11;134;6;2222;6
11;134;7;44123;2
11;278;6;1221;3
11;219;6;2222;2
11;41;6;1201;1
11;158;6;5511;1
11;22;7;11444;8
11;160;6;2200;2
11;143;7;13444;2
11;249;6;1313;4
11;38;7;44777;1
11;31;7;15122;56
11;20;7;15122;18
11;134;7;15120;3
11;258;3;12;39
11;22;6;4456;1
11;22;6;1010;3
11;111;6;1221;4
11;111;6;4412;1
11;91;6;95;14
11;91;7;45000;3
11;270;6;1323;1
11;80;7;44111;8
11;205;6;2233;2
11;39;7;22555;1
11;304;6;4400;1
11;250;6;2222;5
11;164;7;15333;10
11;216;6;1500;1
11;77;7;15122;76
11;216;3;95;2
11;90;5;131;132
11;186;6;1033;1
11;117;7;50500;1
11;47;5;555;3
11;47;3;95;8
11;246;6;4444;5
11;198;6;1322;36
11;238;6;7011;1
11;202;6;2244;11
11;68;7;11113;1
11;68;7;22022;2
11;3;7;11113;12
11;69;6;96;5
11;16;6;5511;3
11;192;7;11113;1
11;192;7;22022;3
11;183;7;70190;1
11;22;7;13456;12
11;276;7;15123;2
11;147;7;13258;3
11;106;7;23190;1
11;21;3;44;36
11;193;7;44567;2
11;243;7;33888;1
11;284;6;4444;4
11;267;7;22333;1
11;67;3;12;53
11;236;6;2244;7
11;295;7;12222;56
11;115;7;22777;2
11;134;7;13132;1
11;65;6;4456;5
11;154;7;12000;1
11;270;7;70333;1
11;40;7;13131;1
11;246;6;95;13
11;261;7;95;10
11;15;7;95;5
11;181;6;1221;1
11;31;6;4490;2
11;306;6;5533;6
11;86;7;15333;5
11;135;3;96;3
11;82;7;65013;2
11;1;6;4412;1
11;208;7;44333;1
11;238;6;1213;5
11;153;6;1234;3
11;44;6;1314;1
11;225;5;95;13
11;26;6;5005;1
11;83;6;4422;2
11;145;6;1213;1
11;6;6;5555;76
11;192;6;95;5
11;192;7;45000;2
11;153;6;5555;35
11;295;6;5005;1
11;48;7;70070;2
11;271;7;13333;2
11;26;7;12999;46
11;302;6;1111;19
11;302;7;95;16
11;89;7;15122;34
11;301;7;70090;1
11;171;6;1533;3
11;9;6;11;1
11;290;6;1533;6
11;196;7;44190;1
11;109;6;2244;17
11;307;7;50013;1
11;20;6;4445;1
11;9;6;5555;55
11;249;6;5050;3
11;156;7;12222;27
11;239;7;12999;19
11;21;6;1333;1
11;303;6;4088;3
11;111;7;70222;1
11;117;7;13789;1
11;195;7;23123;1
11;304;6;4000;25
11;292;7;15122;28
11;292;7;43640;2
11;74;5;131;218
11;289;6;5511;8
11;289;7;22909;1
11;302;6;1122;1
11;151;3;95;2
11;207;7;13133;1
11;40;7;22222;1
11;268;6;4445;2
11;239;6;5060;1
11;258;6;2244;2
11;286;6;7000;1
11;218;6;5555;32
11;169;7;23190;2
11;275;7;10123;3
11;206;6;2244;15
11;147;6;1213;1
11;210;6;96;3
11;193;7;11777;2
11;25;6;2233;1
11;153;5;96;23
11;282;6;1201;1
11;207;7;65013;1
11;249;7;50500;6
11;106;6;2211;2
11;204;7;12999;19
11;80;3;95;2
11;148;7;23192;5
11;184;6;1212;1
11;261;7;33193;1
11;207;7;13222;5
11;290;6;95;21
11;290;7;45000;3
11;83;6;96;9
11;75;6;2200;1
11;247;3;12;17
11;304;6;1213;10
11;66;6;1113;1
11;228;7;11222;5
11;10;3;44;13
11;310;7;12222;13
11;193;7;70007;3
11;5;6;1533;3
11;297;7;12999;33
11;22;6;11;1
11;22;6;12;1
11;22;6;13;4
11;72;7;11444;2
11;155;6;1292;3
11;155;7;44111;1
11;249;6;2277;5
11;239;6;4444;3
11;164;7;12333;2
11;239;6;5533;4
11;123;6;95;10
11;239;6;4422;1
11;140;5;96;7
11;158;6;5533;1
11;104;7;10444;2
11;55;7;13456;53
11;54;7;33888;1
11;82;6;2222;3
11;39;7;55234;1
11;279;5;555;2
11;204;7;14888;1
11;228;7;12500;4
11;226;6;4080;1
11;270;7;50500;3
11;116;3;44;25
11;28;6;1222;1
11;158;6;1333;1
11;89;6;1321;1
11;129;7;50444;1
11;208;6;96;5
11;194;6;5511;5
11;30;7;95;3
11;270;6;7069;1
11;287;6;1201;1
11;10;7;11222;2
11;67;6;5555;25
11;39;6;2022;1
11;138;5;96;14
11;182;7;13456;15
11;285;7;12999;14
11;299;7;44666;4
11;38;7;44666;1
11;35;7;15122;29
11;167;7;22777;5
11;110;6;1313;1
11;258;6;1123;1
11;274;7;13222;3
11;27;6;1322;34
11;196;7;13133;3
11;83;6;1221;3
11;176;6;2288;9
11;182;3;96;8
11;172;6;4410;4
11;44;7;13456;11
11;44;7;15888;1
11;164;7;12000;1
11;205;6;1213;8
11;195;6;2233;1
11;4;6;1221;10
11;29;7;55888;9
11;203;7;55234;1
11;302;5;95;13
11;267;7;12114;1
11;210;7;43640;1
11;101;6;5555;34
11;305;7;11111;2
11;22;6;1313;2
11;185;6;4444;3
11;185;7;22190;3
11;77;7;96;5
11;307;7;22556;3
11;250;7;33133;1
11;268;6;4406;1
11;297;7;22555;1
11;252;6;1277;1
11;285;7;13131;2
11;183;6;1322;61
11;77;6;1000;1
11;75;7;12500;4
11;86;7;12500;1
11;46;7;11222;3
11;268;6;1533;3
11;225;6;96;7
11;297;7;50500;1
11;282;6;4477;2
11;185;6;4488;1
11;226;6;1512;1
11;226;6;5599;1
11;286;6;4321;1
11;286;7;30000;1
11;207;7;13777;1
11;41;7;12999;34
11;39;7;12999;14
11;250;7;33193;1
11;250;7;55555;2
11;29;6;4000;6
11;83;6;4433;2
11;185;7;15333;15
11;297;7;15333;1
11;109;6;4000;9
11;276;6;11;1
11;276;6;12;1
11;276;6;23;1
11;276;6;55;2
11;49;6;11;1
11;49;6;12;1
11;49;6;13;2
11;49;6;15;1
11;49;6;22;1
11;49;6;33;1
11;49;6;44;1
11;25;7;12456;1
11;21;3;16;1
11;248;6;1322;68
11;72;6;4000;8
11;136;7;13132;6
11;242;7;10000;3
11;249;7;13456;11
11;249;7;15888;2
11;10;6;1500;1
11;5;7;12222;6
11;250;7;12000;1
11;39;7;13222;2
11;39;6;1551;1
11;132;6;5511;15
11;8;5;555;1
11;296;7;11222;2
11;105;3;96;2
11;199;6;1111;7
11;200;6;4010;1
11;257;7;12;1
11;257;7;13;6
11;257;7;15;1
11;89;6;5533;11
11;270;7;65234;1
11;270;7;11222;7
11;197;7;55333;1
11;106;7;12999;17
11;210;7;55555;1
11;50;6;2222;6
11;206;6;7070;1
11;148;7;13131;1
11;297;6;1234;1
11;265;6;1221;4
11;292;7;11444;14
11;74;7;22001;1
11;169;7;12999;7
11;150;7;12999;5
11;249;6;1212;2
11;180;6;4445;1
11;31;7;15331;1
11;75;6;1213;6
11;132;5;555;3
11;246;7;15555;1
11;155;7;22022;2
11;295;7;44190;4
11;134;6;95;7
11;248;7;22777;1
11;280;6;4400;1
11;21;6;4410;11
11;28;6;7040;2
11;86;6;5588;11
11;270;6;4433;1
11;261;6;2277;4
11;289;6;1522;2
11;239;6;4555;1
11;155;7;33888;1
11;49;6;5533;3
11;194;6;95;7
11;194;7;45000;1
11;282;7;11222;4
11;26;7;13133;1
11;228;7;12144;1
11;181;6;7011;1
11;291;7;23192;2
11;121;7;44123;1
11;261;6;1212;1
11;27;6;1213;4
11;225;6;6565;1
11;97;7;13777;1
11;205;3;44;54
11;87;6;2288;3
11;296;7;12333;1
11;292;6;1221;5
11;276;6;1322;117
11;82;6;4444;3
11;288;6;1122;1
11;54;6;5555;23
11;78;7;55666;1
11;215;7;13013;1
11;154;3;13;110
11;299;7;12555;1
11;305;7;15151;1
11;250;6;2255;1
11;226;6;1213;12
11;246;5;131;206
11;40;6;4490;1
11;40;6;5588;1
11;243;7;13133;1
11;76;6;1221;1
11;203;6;1221;3
11;292;7;22222;3
11;292;7;44190;2
11;130;7;12222;44
11;275;6;1213;8
11;218;7;65234;1
11;98;7;45333;1
11;249;7;11444;9
11;203;6;1326;3
11;267;6;4490;6
11;202;6;5555;34
11;164;6;1221;1
11;249;6;1111;2
11;267;7;11113;2
11;267;7;22022;8
11;250;6;1322;61
11;232;6;5500;1
11;164;5;96;18
11;207;7;12999;21
11;253;7;15123;1
11;288;5;131;191
11;267;7;12999;11
11;168;6;6565;1
11;258;7;11444;2
11;48;6;4490;6
11;206;7;55888;2
11;44;6;4422;1
11;40;6;5555;70
11;302;7;44190;1
11;2;5;95;1
11;185;7;15123;2
11;110;6;5533;5
11;153;7;33193;1
11;66;6;4000;44
11;82;7;10123;5
11;199;7;96;7
11;134;6;4422;2
11;133;7;43211;1
11;300;6;1213;5
11;239;7;70;2
11;239;7;13;5
11;239;7;14;1
11;239;7;22;2
11;46;5;555;3
11;123;6;2288;1
11;293;7;44369;1
11;105;7;13123;10
11;205;7;45333;3
11;134;5;96;12
11;84;6;5511;2
11;257;7;12500;3
11;214;6;7040;1
11;261;7;23192;4
11;90;7;12114;1
11;30;6;1222;1
11;44;3;12;60
11;208;7;12600;1
11;167;7;22101;1
11;192;7;13133;4
11;300;6;2211;2
11;257;6;2211;3
11;5;7;22777;5
11;22;7;44789;1
11;156;7;44777;1
11;184;7;95;8
11;88;3;95;6
11;277;5;96;8
11;110;6;1522;1
11;152;7;45;1
11;152;6;10;1
11;66;7;12000;2
11;154;6;1213;11
11;184;7;22333;1
11;109;3;13;127
11;89;7;70070;2
11;246;7;12;1
11;246;7;13;9
11;246;7;15;1
11;246;7;22;1
11;143;3;44;31
11;284;7;33888;1
11;196;7;50777;1
11;289;7;10122;1
11;89;7;12111;4
11;3;7;44044;1
11;152;6;1133;1
11;265;6;5555;34
11;83;7;12222;22
11;22;6;4445;1
11;37;6;2201;1
11;54;7;12222;52
11;276;7;13131;2
11;27;6;5555;15
11;214;7;55888;4
11;272;6;1292;2
11;145;5;131;154
11;204;7;22555;3
11;239;6;95;19
11;239;7;45000;2
11;287;7;12222;30
11;25;6;3555;1
11;25;7;12999;41
11;89;6;4490;1
11;277;7;55888;1
11;87;6;1222;3
11;195;6;1533;4
11;303;7;23190;1
11;119;7;33193;2
11;148;6;4444;3
11;180;7;96;1
11;239;6;4456;2
11;106;7;12222;57
11;270;7;13123;6
11;295;6;7011;2
11;88;6;1313;1
11;143;6;2233;1
11;98;6;4444;2
11;39;7;55678;1
11;216;7;13258;2
11;257;6;1010;4
11;109;7;13222;3
11;129;6;1533;13
11;293;6;1213;3
11;154;7;15123;3
11;246;7;13131;1
11;281;7;13100;1
11;21;6;1522;1
11;31;7;33888;3
11;192;3;13;72
11;49;7;12111;2
11;268;5;95;9
11;232;3;95;7
11;274;6;1299;1
11;225;6;1299;1
11;285;6;4400;2
11;288;7;22777;14
11;253;6;1111;32
11;253;7;95;3
11;198;7;13234;2
11;268;7;12999;77
11;9;6;1213;6
11;238;7;12789;1
11;84;3;44;12
11;180;5;96;10
11;150;7;15222;1
11;306;5;700;32
11;252;6;95;12
11;169;6;4447;1
11;1;7;96;2
11;46;7;44543;1
11;261;7;44123;1
11;36;6;5566;1
11;287;5;555;1
11;188;7;12999;37
11;158;6;2288;3
11;200;5;700;20
11;246;5;96;8
11;205;7;11222;2
11;121;6;4445;3
11;301;7;12000;1
11;130;7;12999;54
11;54;6;5511;1
11;238;6;1111;14
11;275;7;15333;11
11;138;6;1213;2
11;261;6;2211;1
11;181;6;7090;1
11;265;7;45000;1
11;249;6;1292;6
11;254;7;12755;1
11;75;6;1222;2
11;88;6;15;1
11;88;6;19;1
11;210;6;4444;4
11;267;7;11111;1
11;238;7;33888;3
11;117;6;95;15
11;295;7;55888;1
11;88;7;33145;2
11;172;6;2244;2
11;83;7;15333;6
11;153;6;1000;1
11;36;7;22;2
11;21;6;95;12
11;155;7;65013;1
11;232;6;4444;3
11;194;7;11444;9
11;88;5;95;15
11;302;6;4000;13
11;300;3;96;4
11;4;3;96;9
11;58;7;13333;1
11;304;6;2222;9
11;293;5;95;8
11;72;6;2277;2
11;22;6;22;2
11;134;6;4410;4
11;90;6;5088;1
11;121;6;5555;79
11;184;6;13;7
11;184;6;23;1
11;184;6;33;1
11;236;6;1326;1
11;138;6;4410;16
11;253;6;1322;11
11;184;6;55;1
11;184;7;10;2
11;184;7;11;1
11;184;7;12;5
11;184;7;13;12
11;138;3;96;5
11;226;6;1222;1
11;29;6;1010;3
11;75;7;12000;2
11;145;6;4410;1
11;123;6;1322;37
11;286;6;2211;2
11;179;6;2277;4
11;23;3;96;1
11;295;7;55860;2
11;259;6;5511;2
11;239;6;1299;1
11;296;7;11444;8
11;240;7;12555;1
11;38;7;12888;3
11;261;6;4444;1
11;240;6;4445;2
11;252;6;2201;1
11;67;7;22022;1
11;305;6;2288;5
11;179;7;11444;10
11;169;7;45;1
11;169;7;12;2
11;250;7;50500;2
11;99;7;50500;1
11;169;7;13;14
11;169;7;15;1
11;202;7;13123;5
11;214;7;22555;12
11;157;6;4490;1
11;254;6;5555;37
11;50;7;12999;50
11;290;7;33200;1
11;216;7;13;12
11;216;7;15;3
11;216;7;22;2
11;216;7;40;2
11;216;7;45;1
11;208;6;1533;5
11;27;6;2244;3
11;254;6;4490;1
11;158;6;1000;1
11;7;5;96;11
11;215;7;11222;4
11;215;6;5055;1
11;151;6;2299;1
11;156;6;6565;3
11;50;6;7040;1
11;306;6;96;6
11;268;7;10000;1
11;291;7;22556;1
11;127;6;96;1
11;265;7;70070;2
11;225;5;555;2
11;133;6;4490;2
11;133;6;5588;4
11;261;6;1533;1
11;275;6;2255;3
11;152;6;2277;2
11;123;6;1533;5
11;154;6;4013;1
11;91;6;1500;1
11;91;3;95;11
11;5;5;131;111
11;104;5;131;140
11;198;7;33193;1
11;21;7;13258;1
11;168;7;95;21
11;298;7;95;12
11;236;6;2277;9
11;216;6;2201;2
11;225;6;1522;1
11;133;7;36190;1
11;10;6;4444;2
11;252;6;5533;3
11;152;5;131;228
11;198;3;13;136
11;277;6;6565;2
11;290;7;95;27
11;289;7;22000;1
11;86;6;2244;1
11;123;3;12;84
11;3;7;45333;2
11;21;7;95;11
11;129;6;4410;1
11;257;6;1111;3
11;87;7;22777;2
11;135;6;7040;1
11;169;7;13333;1
11;98;6;11;1
11;98;6;12;1
11;129;6;4422;2
11;251;5;700;42
11;152;6;2200;1
11;242;7;12144;1
11;72;7;12500;28
11;260;7;12500;1
11;9;7;43333;1
11;290;6;5005;1
11;286;6;2244;5
11;39;7;22678;1
11;25;6;2277;2
11;208;7;13133;10
11;69;5;96;17
11;208;7;55678;1
11;127;6;95;2
11;143;5;555;5
11;117;6;4422;2
11;9;7;10123;1
11;91;7;12123;2
11;64;3;12;22
11;208;6;4456;4
11;208;6;1010;2
11;6;7;12500;50
11;207;6;1321;1
11;69;7;22022;1
11;261;7;11113;2
11;88;6;1155;1
11;75;6;7040;1
11;205;7;13133;3
11;306;7;10123;2
11;310;6;4567;1
11;168;6;1221;2
11;168;7;10680;1
11;20;6;1111;4
11;90;6;7090;2
11;257;7;12345;1
11;9;6;2233;1
11;275;3;96;11
11;37;7;15123;2
11;246;7;13222;6
11;300;7;15123;7
11;4;7;15123;3
11;291;7;13133;1
11;164;7;11111;1
11;23;7;44369;2
11;21;5;96;8
11;116;7;15555;1
11;240;6;1221;55
11;48;7;10123;4
11;25;7;23333;2
11;154;6;4444;2
11;287;6;1214;1
11;30;7;13456;12
11;290;7;22555;2
11;143;6;96;2
11;97;6;2222;2
11;253;6;2222;6
11;48;3;96;8
11;48;6;5555;37
11;145;6;1123;1
11;30;7;22222;2
11;30;7;44190;3
11;243;7;70007;1
11;218;7;13132;2
11;310;6;2288;2
11;130;6;2201;16
11;239;3;12;75
11;22;6;1322;25
11;30;6;4000;22
11;148;7;44190;3
11;110;7;50500;1
11;20;7;22;4
11;20;7;12;1
11;20;7;13;7
11;20;7;15;4
11;20;7;36;1
11;20;7;44;1
11;41;6;96;3
11;39;6;1588;1
11;39;6;96;8
11;39;6;4433;1
11;226;6;1818;1
11;120;6;5533;2
11;145;6;2255;2
11;107;7;44777;4
11;120;7;15120;1
11;77;7;13222;1
11;287;6;4000;24
11;82;6;1122;1
11;49;7;12999;27
11;276;7;12999;12
11;246;7;12111;2
11;23;6;6565;2
11;39;7;13123;1
11;219;6;5533;1
11;107;7;13133;2
11;68;5;700;10
11;180;6;1522;1
11;123;7;13132;1
11;243;6;2208;1
11;10;6;5001;2
11;186;6;1333;1
11;188;5;700;13
11;189;6;2244;5
11;303;6;96;4
11;274;7;33193;1
11;225;7;55555;1
11;298;6;96;7
11;36;6;2244;7
11;143;7;12999;17
11;143;7;12600;2
11;307;7;15151;3
11;257;6;7040;1
11;268;7;11444;5
11;298;6;2299;1
11;88;7;13133;4
11;22;7;33193;3
11;74;7;10030;2
11;74;7;96;4
11;236;6;4444;3
11;208;7;12123;4
11;203;6;5511;4
11;48;6;4088;1
11;194;7;55111;1
11;169;6;1221;9
11;275;7;55011;1
11;119;6;1533;28
11;48;7;15122;39
11;150;6;2299;1
11;119;6;1122;1
11;145;6;5588;1
11;49;7;12144;1
11;195;7;13456;9
11;132;7;22222;2
11;132;7;44190;3
11;281;6;2277;4
11;291;7;44543;1
11;215;7;12500;4
11;226;3;95;8
11;89;6;4477;1
11;84;7;22022;1
11;29;6;1444;1
11;218;6;1522;1
11;273;5;96;12
11;87;7;55011;1
11;239;5;555;3
11;275;5;131;183
11;106;7;10000;2
11;65;6;95;1
11;284;7;13456;22
11;284;7;15888;1
11;189;7;12999;38
11;22;6;2288;2
11;250;6;4080;1
11;226;6;5511;16
11;185;6;1221;61
11;246;7;11113;2
11;246;7;22022;2
11;30;6;4456;1
11;202;7;15151;1
11;310;7;12500;4
11;258;5;95;7
11;171;5;96;8
11;47;6;4444;5
11;291;7;65000;1
11;291;7;15122;18
11;286;6;1233;1
11;72;6;1399;1
11;214;6;4422;1
11;30;6;1533;14
11;249;7;65123;4
11;297;7;95;13
11;295;6;1213;17
11;275;7;13222;1
11;86;7;15122;48
11;272;6;1213;16
11;207;6;1214;2
11;68;6;6565;1
11;28;6;1299;2
11;111;6;1123;1
11;286;5;96;12
11;181;7;70777;1
11;64;6;11;1
11;64;6;12;2
11;64;6;13;4
11;64;6;55;1
11;64;7;13;9
11;36;6;4488;2
11;301;7;11222;4
11;301;6;5055;1
11;31;6;1292;1
11;254;6;1533;5
11;50;6;4445;2
11;154;7;12222;33
11;58;6;2200;1
11;54;7;44111;3
11;164;6;12;2
11;164;6;13;6
11;164;6;15;1
11;164;6;20;1
11;164;6;23;1
11;164;7;11;1
11;199;6;11;1
11;199;6;12;3
11;157;7;15123;1
11;305;6;6565;1
11;26;3;13;153
11;214;5;555;3
11;23;6;4488;4
11;228;6;2222;15
11;21;7;70070;1
11;104;7;22111;3
11;29;6;4444;1
11;197;7;15122;34
11;129;7;15122;21
11;123;6;4477;1
11;302;7;12123;1
11;182;6;7011;1
11;20;7;96;6
11;251;7;13132;5
11;216;6;2200;1
11;9;7;70190;1
11;48;7;55888;1
11;48;6;1155;2
11;207;7;22222;2
11;207;7;44190;7
11;158;6;95;7
11;276;6;5511;1
11;188;5;131;182
11;210;6;4000;21
11;210;7;22678;1
11;89;6;1232;1
11;136;7;11222;2
11;76;6;4410;7
11;204;7;11222;3
11;4;5;95;4
11;101;6;4488;5
11;172;6;1213;1
11;83;7;44666;1
11;195;6;7090;1
11;82;7;13456;19
11;82;7;15888;2
11;119;7;10124;1
11;80;3;44;15
11;130;6;96;1
11;29;7;12;3
11;29;7;13;12
11;29;7;15;1
11;29;7;22;1
11;198;7;12999;14
11;29;7;55;1
11;29;7;70;1
11;44;6;4321;1
11;44;6;1269;1
11;148;7;12123;1
11;270;7;22777;2
11;65;5;131;140
11;214;7;12000;4
11;205;7;12999;21
11;78;6;5511;2
11;27;6;5060;1
11;196;6;1213;12
11;290;5;131;206
11;302;7;13258;4
11;288;7;13222;3
11;301;5;131;176
11;267;7;50444;1
11;123;7;45555;1
11;140;7;15122;12
11;195;5;131;127
11;299;7;70321;1
11;296;6;4445;1
11;89;6;5511;13
11;156;7;12300;3
11;298;6;1020;1
11;307;7;12100;1
11;158;6;2277;4
11;307;7;10123;8
11;288;7;44666;5
11;310;3;13;48
11;133;7;12123;1
11;138;7;15151;1
11;150;6;1222;1
11;281;7;44666;1
11;72;6;12;4
11;72;6;13;3
11;72;6;55;1
11;295;6;1292;5
11;90;6;2211;1
11;80;5;131;70
11;239;6;1221;6
11;305;6;2244;7
11;218;6;4456;2
11;16;3;44;25
11;210;6;2233;4
11;284;7;70007;1
11;176;7;22777;3
11;122;7;23190;5
11;132;6;1010;4
11;106;5;96;19
11;251;7;10123;2
11;148;5;700;42
11;204;7;15122;23
11;232;6;1533;8
11;215;7;44123;1
11;73;6;1221;14
11;108;6;2222;3
11;65;5;96;23
11;140;6;5511;4
11;205;7;70123;1
11;205;5;700;40
11;150;3;12;81
11;242;6;5533;3
11;248;6;5533;1
11;265;7;12111;4
11;120;6;4410;2
11;249;6;4410;12
11;253;6;2299;1
11;138;6;96;2
11;160;6;4447;2
11;291;5;96;13
11;295;6;4488;2
11;145;6;4000;10
11;151;7;12555;2
11;238;5;96;21
11;160;6;2255;2
11;184;7;12333;2
11;20;7;95;1
11;254;6;4000;31
11;136;7;96;3
11;16;5;700;13
11;77;6;22;1
11;77;6;33;1
11;123;7;33;1
11;123;7;44;1
11;123;7;45;1
11;123;7;55;1
11;123;7;70;2
11;123;6;11;2
11;123;6;12;5
11;123;6;13;4
11;123;6;14;1
11;123;6;33;1
11;123;6;55;2
11;123;7;12;1
11;123;7;13;17
11;123;7;16;1
11;123;7;18;1
11;123;7;22;2
11;154;6;12;4
11;154;6;13;7
11;154;7;10;1
11;154;7;12;4
11;154;7;13;9
11;154;7;15;1
11;154;7;40;1
11;130;7;33193;2
11;257;7;40140;1
11;151;6;1233;1
11;240;7;44190;1
11;279;6;4000;1
11;254;7;43640;2
11;207;6;8080;1
11;134;6;1299;1
11;253;7;12999;8
11;204;7;50500;1
11;98;3;13;170
11;296;6;1533;15
11;273;7;13456;13
11;289;7;22222;1
11;157;6;4477;1
11;182;6;4445;1
11;119;6;2200;1
11;226;6;2299;2
11;206;6;1313;2
11;110;7;13258;5
11;7;7;13513;1
11;119;7;80180;1
11;192;7;12222;32
11;210;7;13111;1
11;5;7;12999;8
11;214;7;33888;16
11;127;7;15123;1
11;206;3;44;47
11;243;6;5060;1
11;78;6;4433;1
11;282;7;12144;1
11;226;7;33145;2
11;109;6;96;5
11;298;6;5060;1
11;39;7;70222;1
11;276;6;5588;2
11;265;3;96;14
11;41;7;13222;63
11;265;7;15333;4
11;267;6;96;9
11;279;7;45111;2
11;293;3;12;41
11;86;7;70000;1
11;38;6;2222;11
11;111;7;95;11
11;54;6;1111;4
11;54;7;95;7
11;305;6;4423;1
11;183;6;5511;7
11;86;6;5555;20
11;54;7;13133;1
11;89;7;13132;6
11;192;7;22222;1
11;192;7;44190;4
11;122;6;12;1
11;122;6;13;3
11;122;7;11;1
11;196;7;12555;1
11;202;7;23192;1
11;160;5;555;1
11;204;5;555;2
11;80;6;2244;18
11;148;7;22345;1
11;123;7;12222;62
11;123;7;70345;1
11;75;6;1292;2
11;116;7;95;5
11;239;6;2323;1
11;78;6;5555;26
11;78;6;95;1
11;176;7;44369;2
11;202;6;4445;3
11;273;6;5060;1
11;192;6;5511;8
11;83;6;2211;4
11;295;3;96;5
11;5;7;22222;1
11;119;7;65013;1
11;247;6;4490;1
11;176;5;700;12
11;295;7;10123;2
11;251;7;11222;3
11;154;7;15122;36
11;164;6;4400;1
11;218;6;4488;5
11;50;7;55678;1
11;219;7;15333;11
11;37;6;5013;1
11;25;3;12;82
11;77;6;2288;1
11;225;6;2211;3
11;254;7;22777;6
11;291;7;96;4
11;285;6;1313;4
11;285;7;12144;1
11;154;7;44777;2
11;216;6;2233;3
11;58;7;15122;2
11;241;6;1323;1
11;153;6;2200;2
11;271;7;22222;5
11;271;7;44190;4
11;198;7;43333;2
11;167;6;1322;28
11;152;6;5567;3
11;158;6;1313;2
11;301;7;50777;2
11;196;7;23192;1
11;109;6;1221;3
11;195;6;4410;2
11;250;7;23192;1
11;168;6;2288;2
11;176;3;95;3
11;280;6;6565;3
11;236;7;50500;1
11;168;6;1292;2
11;87;6;1313;3
11;87;7;12222;35
11;210;5;131;211
11;297;6;7011;1
11;270;7;12345;1
11;49;7;12222;28
11;276;7;12222;49
11;78;7;22222;1
11;136;7;10123;1
11;295;7;12999;31
11;110;7;10000;5
11;48;7;12000;2
11;270;6;44;2
11;270;6;55;1
11;270;6;65;1
11;210;6;4447;1
11;228;7;15123;1
11;38;5;96;12
11;306;6;4000;40
11;293;6;2288;7
11;278;6;1512;2
11;274;7;15151;3
11;271;6;4000;16
11;278;7;55333;1
11;286;7;44777;2
11;153;6;2244;6
11;273;6;95;16
11;273;7;45000;1
11;16;7;12999;31
11;246;7;22222;5
11;246;7;44190;2
11;218;6;1512;2
11;3;7;44666;5
11;293;6;2244;3
11;176;5;95;4
11;193;7;70222;1
11;74;7;70090;1
11;158;6;2244;10
11;192;6;1221;4
11;246;6;2200;2
11;164;5;555;5
11;277;6;2277;3
11;215;7;55555;1
11;117;6;4000;15
11;275;6;1233;1
11;123;5;131;183
11;210;6;2288;12
11;84;6;1322;35
11;153;7;22022;2
11;179;6;1292;1
11;267;6;6565;6
11;182;6;4013;1
11;294;6;5533;1
11;285;7;45000;1
11;207;6;1111;3
11;207;7;14678;1
11;207;7;95;17
11;91;5;131;175
11;132;7;10456;1
11;300;3;13;150
11;89;6;5555;34
11;218;6;2222;8
11;7;7;50500;1
11;296;7;23192;2
11;65;3;13;101
11;156;7;13333;1
11;250;6;1277;1
11;241;7;15151;1
11;127;6;1322;8
11;158;6;1221;14
11;35;3;44;21
11;87;3;96;15
11;273;6;2233;1
11;99;7;15123;1
11;147;7;13222;2
11;198;7;23123;3
11;268;7;45333;1
11;270;7;12100;1
11;107;6;2299;5
11;194;7;23192;3
11;188;5;95;5
11;240;6;2200;1
11;260;6;1111;6
11;47;3;96;8
11;307;7;70007;3
11;153;7;13258;2
11;7;7;13131;1
11;98;6;13;4
11;98;6;22;1
11;8;3;95;9
11;86;7;22555;4
11;232;6;6565;3
11;78;5;95;1
11;236;3;96;5
11;152;7;15122;24
11;216;7;33193;1
11;274;6;4447;4
11;225;6;4447;1
11;8;6;5533;11
11;181;7;12999;26
11;31;3;13;180
11;203;7;15123;1
11;274;7;10000;6
11;44;7;15123;2
11;78;6;96;1
11;226;6;2211;1
11;154;7;70700;1
11;98;7;11444;17
11;195;6;5001;2
11;195;7;44666;2
11;194;7;10123;1
11;265;6;4000;18
11;265;7;22678;1
11;104;3;12;42
11;172;6;1973;1
11;172;7;15122;8
11;246;3;13;142
11;140;6;1111;4
11;140;7;95;7
11;305;7;12300;1
11;69;6;1233;1
11;300;7;13258;1
11;195;7;22777;2
11;273;7;13132;2
11;273;7;70222;2
11;195;7;44777;1
11;4;3;13;121
11;205;6;5533;1
11;265;3;13;135
11;189;5;96;7
11;205;6;5511;13
11;251;6;1233;1
11;253;6;2244;1
11;193;7;13133;3
11;279;7;13258;11
11;39;7;11111;2
11;9;6;1016;1
11;3;7;55234;1
11;23;6;1322;22
11;199;6;95;2
11;207;6;5555;37
11;48;6;5055;1
11;48;7;11222;6
11;27;7;70222;1
11;138;7;13456;11
11;295;6;5013;1
11;195;6;1222;1
11;242;6;5007;1
11;26;3;12;19
11;194;6;2288;4
11;115;7;23123;2
11;270;6;1533;11
11;242;6;3323;1
11;306;7;50444;1
11;232;7;22555;1
11;280;6;4410;3
11;194;6;4490;4
11;9;6;1292;3
11;281;7;55111;1
11;253;6;2277;1
11;246;6;2277;22
11;82;6;4088;2
11;207;6;5055;1
11;207;7;11222;4
11;49;3;12;43
11;3;3;13;110
11;153;6;4445;2
11;299;7;22222;5
11;38;7;22222;4
11;38;7;44190;2
11;87;7;13222;6
11;66;7;13258;1
11;204;6;4422;5
11;205;6;1277;3
11;158;7;12500;1
11;206;6;7090;1
11;172;6;5078;1
11;158;6;1234;3
11;36;3;13;121
11;304;7;50500;1
11;214;6;1000;1
11;23;7;13456;2
11;55;5;131;198
11;305;6;5060;1
11;23;6;2201;9
11;184;5;700;7
11;236;5;96;14
11;302;7;10123;5
11;265;7;10123;2
11;216;6;5511;3
11;101;7;44190;1
11;254;6;2211;1
11;295;6;5055;1
11;35;3;12;55
11;289;3;13;134
11;5;6;1322;23
11;53;6;1322;32
11;29;6;1326;2
11;310;7;13123;4
11;261;7;70007;1
11;261;7;22555;12
11;274;7;13133;4
11;116;6;5555;27
11;205;6;2244;11
11;291;7;44447;1
11;291;6;2211;2
11;205;5;96;17
11;98;6;5555;68
11;302;6;1313;1
11;87;6;1113;1
11;86;3;12;82
11;46;6;1313;5
11;195;7;95;6
11;195;6;1111;3
11;243;6;2244;12
11;247;6;1221;14
11;188;6;2244;11
11;111;6;2288;12
11;21;7;15123;1
11;87;7;15333;2
11;185;6;95;10
11;185;7;45000;1
11;134;6;1221;2
11;27;7;45300;1
11;297;7;45000;1
11;37;7;22555;2
11;9;6;1123;1
11;37;7;23123;1
11;20;7;13258;1
11;215;7;15888;1
11;215;7;13456;11
11;215;6;1213;4
11;200;6;1111;2
11;164;7;23123;2
11;284;6;1533;5
11;293;6;4410;7
11;276;6;1213;6
11;49;6;1213;13
11;179;6;1212;1
11;304;7;11444;7
11;248;5;96;16
11;30;7;15333;7
11;284;5;95;20
11;284;6;95;20
11;169;3;13;99
11;53;6;2210;1
11;273;5;131;199
11;299;6;2210;1
11;87;7;12000;1
11;291;6;95;15
11;287;7;13133;6
11;225;7;44777;1
11;243;6;1111;5
11;189;3;95;2
11;155;7;55333;1
11;306;7;33193;1
11;55;6;1313;3
11;21;7;65123;3
11;87;6;1277;4
11;204;6;4000;17
11;274;5;95;13
11;87;6;95;14
11;181;6;5577;1
11;181;7;12222;42
11;306;7;22122;1
11;22;7;15122;21
11;65;6;2299;3
11;305;7;23192;1
11;274;7;12100;1
11;304;5;96;10
11;252;7;12500;5
11;132;6;2210;1
11;36;7;15122;39
11;36;7;43640;2
11;155;7;11444;6
11;68;6;5511;3
11;202;5;555;2
11;300;7;12222;32
11;4;7;12222;11
11;117;7;12999;35
11;168;6;1522;1
11;31;7;15123;5
11;138;6;1214;1
11;183;6;3323;1
11;115;6;4410;4
11;7;6;4488;2
11;232;5;95;16
11;110;7;11999;1
11;288;6;12;1
11;288;6;13;1
11;288;6;70;1
11;97;3;95;2
11;73;7;23123;2
11;278;7;15333;14
11;281;7;12100;1
11;152;7;96;8
11;169;7;15151;2
11;282;5;700;39
11;90;7;22555;1
11;80;7;15888;1
11;188;7;95;7
11;36;7;96;7
11;194;7;13123;2
11;21;6;7077;1
11;136;6;1222;1
11;193;6;1222;1
11;193;6;1234;1
11;148;6;1314;2
11;84;7;15123;2
11;47;7;55555;3
11;53;7;44123;1
11;138;7;12500;1
11;22;7;12500;8
11;185;6;12;1
11;185;6;13;3
11;185;6;70;1
11;185;7;12;5
11;185;7;13;10
11;197;6;1010;4
11;197;6;4456;3
11;22;6;1221;4
11;2;6;4410;1
11;135;6;4447;1
11;228;7;12111;1
11;37;5;700;54
11;183;7;70123;2
11;183;5;700;23
11;182;7;15123;6
11;274;6;1522;1
11;133;7;33193;1
11;133;7;55555;2
11;258;6;1010;1
11;9;6;4000;8
11;152;6;1000;1
11;68;7;10000;1
11;8;7;22777;4
11;193;7;23192;1
11;270;7;10123;7
11;226;7;12500;4
11;47;6;4477;1
11;225;3;13;125
11;74;7;22022;4
11;143;6;3323;1
11;132;7;45333;2
11;88;6;96;3
11;273;6;1221;3
11;122;6;4000;6
11;40;7;13456;12
11;238;6;7090;1
11;219;7;70123;2
11;219;5;700;14
11;204;7;15151;2
11;287;6;2277;13
11;83;6;2244;4
11;241;7;15333;7
11;215;6;2233;1
11;305;6;2211;3
11;295;7;12300;2
11;199;7;23192;1
11;47;7;22022;5
11;215;7;22022;3
11;250;7;70123;1
11;250;5;96;19
11;285;7;50444;1
11;300;6;2299;1
11;218;6;1533;6
11;210;7;44123;2
11;39;7;15123;2
11;148;7;11444;17
11;277;6;13;3
11;277;6;22;2
11;277;6;65;1
11;200;7;44666;7
11;87;6;5533;5
11;295;6;96;4
11;243;6;5533;2
11;30;7;22999;1
11;216;7;22022;1
11;1;6;1522;1
11;65;3;44;12
11;200;6;4490;1
11;228;6;2201;1
11;270;5;700;31
11;40;6;5055;1
11;127;6;3378;1
11;299;6;4412;1
11;271;6;2288;10
11;91;6;6565;1
11;120;5;700;18
11;228;7;22777;11
11;286;7;65013;1
11;151;6;1322;72
11;202;6;4000;18
11;116;6;1292;2
11;89;3;12;65
11;310;3;44;33
11;291;6;1533;7
11;168;7;13131;1
11;216;7;13222;3
11;296;6;1323;1
11;301;6;4400;1
11;152;7;15123;4
11;283;6;4410;7
11;198;7;70222;1
11;98;7;15122;7
11;289;7;22777;8
11;132;7;12500;4
11;98;3;12;73
11;251;7;12123;1
11;247;6;2288;1
11;132;6;95;8
11;132;7;45000;2
11;20;6;7090;1
11;36;7;15145;2
11;89;6;1522;1
11;195;6;2222;4
11;250;5;131;206
11;101;7;50500;1
11;251;6;2277;10
11;27;7;11444;6
11;87;6;2210;1
11;122;7;12;2
11;122;7;13;6
11;122;7;15;1
11;208;6;12;2
11;208;6;13;3
11;208;7;12;2
11;208;7;13;4
11;265;7;15122;29
11;265;7;43640;2
11;271;6;1213;7
11;164;6;11;1
11;302;7;23123;1
11;208;7;19;1
11;208;7;22;1
11;208;7;40;1
11;208;7;44;2
11;208;6;19;1
11;208;6;40;1
11;208;6;70;1
11;200;6;4445;2
11;240;5;555;1
11;7;6;1111;5
11;122;7;15333;4
11;101;7;23192;1
11;48;7;23192;1
11;138;6;2222;1
11;287;6;2211;4
11;167;6;4400;1
11;299;7;70123;2
11;299;5;700;33
11;38;5;700;53
11;274;6;4445;3
11;167;7;23123;3
11;310;7;11444;5
11;120;5;95;8
11;208;6;1233;1
11;279;6;1010;1
11;279;6;4456;2
11;157;3;13;66
11;258;5;96;15
11;203;6;4000;14
11;265;6;1533;10
11;194;6;1212;1
11;196;6;4422;4
11;21;7;12222;37
11;15;7;12100;2
11;242;7;12300;1
11;134;6;1212;1
11;195;7;15122;18
11;184;7;22777;2
11;67;7;13456;15
11;226;7;12123;1
11;75;5;95;5
11;261;6;2222;4
11;9;6;2244;9
11;58;6;4490;1
11;39;6;4456;4
11;20;7;11444;9
11;47;7;44789;1
11;69;6;1213;8
11;280;6;1322;37
11;6;7;15122;8
11;286;7;44447;1
11;270;7;12144;1
11;112;3;96;4
11;272;7;13555;1
11;54;6;5533;4
11;188;7;13258;1
11;257;7;12222;34
11;15;7;13132;1
11;198;6;1111;6
11;198;7;95;13
11;22;7;13131;1
11;195;7;33111;2
11;29;6;4410;15
11;148;7;15222;1
11;87;6;4410;7
11;26;7;15123;2
11;73;7;22777;1
11;15;7;13258;1
11;21;7;22022;7
11;21;7;11113;1
11;153;7;13777;1
11;272;7;13133;6
11;39;6;1313;3
11;117;6;1313;1
11;296;5;700;38
11;91;7;13123;3
11;154;7;33888;1
11;135;7;12500;5
11;232;7;12999;21
11;35;6;1299;1
11;251;6;2255;1
11;197;6;2211;4
11;151;6;4490;1
11;138;3;44;22
11;91;6;2201;1
11;35;3;96;2
11;204;6;4444;5
11;285;7;55555;1
11;133;6;4422;1
11;267;6;1533;11
11;123;7;33000;1
11;3;6;7011;1
11;36;7;50500;8
11;236;6;1010;3
11;133;6;2200;1
11;169;5;555;1
11;265;7;13123;11
11;153;6;12;1
11;153;6;13;6
11;153;6;22;1
11;153;6;33;1
11;153;7;11;3
11;153;7;12;6
11;307;6;4455;1
11;301;6;4411;2
11;36;7;55234;1
11;68;6;5533;1
11;23;6;12;1
11;23;6;13;3
11;23;7;12;1
11;23;7;13;4
11;4;6;11;3
11;4;6;12;3
11;4;6;13;2
11;4;6;55;1
11;4;7;11;1
11;143;6;1292;4
11;37;7;11444;11
11;183;7;11444;19
11;247;3;44;7
11;205;6;2222;14
11;22;7;55234;1
11;204;7;12000;1
11;292;6;4422;5
11;280;7;13;4
11;280;7;22;1
11;280;7;65;1
11;160;7;44111;1
11;272;6;5511;5
11;157;6;2244;5
11;105;7;13456;9
11;15;6;4000;1
11;21;5;95;7
11;226;5;95;16
11;193;7;22777;4
11;296;6;5511;11
11;252;7;13133;1
11;284;7;12999;23
11;39;6;1533;6
11;277;3;16;1
11;91;6;1533;5
11;290;7;44543;1
11;10;7;44543;1
11;292;6;95;12
11;67;7;15122;15
11;186;7;13333;4
11;300;7;12999;27
11;4;7;12999;23
11;183;6;1313;1
11;272;6;1512;1
11;90;7;22777;3
11;271;3;96;9
11;249;7;12500;6
11;10;7;12000;1
11;75;7;65123;1
11;69;7;10124;1
11;290;6;2244;10
11;232;6;5555;21
11;300;7;22777;4
11;4;7;22777;6
11;247;6;6565;2
11;77;6;2244;5
11;310;7;22222;4
11;58;6;5533;2
11;155;6;5533;5
11;122;7;15151;3
11;110;3;13;102
11;151;6;12;1
11;151;6;13;2
11;151;7;12;2
11;151;7;13;4
11;151;7;22;1
11;305;7;45000;1
11;133;7;15151;1
11;214;6;4000;38
11;108;7;65013;1
11;225;6;2244;11
11;115;7;33444;1
11;110;6;1292;1
11;101;6;4444;17
11;287;7;13258;5
11;298;6;13;10
11;168;7;12;2
11;168;7;13;8
11;168;7;40;3
11;203;6;1213;5
11;151;7;70222;1
11;41;3;12;59
11;273;6;4488;1
11;297;5;131;209
11;208;6;1326;1
11;29;6;95;12
11;68;6;1322;139
11;296;7;22777;8
11;134;7;50500;2
11;294;7;44369;1
11;288;7;50013;1
11;39;7;50777;1
11;50;5;96;10
11;145;6;1533;3
11;122;7;15122;21
11;299;6;1533;7
11;302;6;1277;1
11;228;7;13258;5
11;168;7;45000;2
11;206;7;12123;3
11;293;7;13222;3
11;293;7;44999;1
11;298;7;45000;2
11;298;7;13222;1
11;300;6;6565;1
11;4;6;6565;1
11;290;6;8080;1
11;249;7;36192;2
11;134;6;5555;43
11;182;6;1221;7
11;270;7;45000;1
11;53;6;5511;1
11;275;6;2211;3
11;189;3;13;138
11;98;6;1323;1
11;214;6;4441;1
11;281;7;11444;14
11;291;6;1016;1
11;152;6;4422;2
11;242;7;55333;2
11;297;6;1010;7
11;297;6;4456;2
11;176;7;13222;12
11;153;6;6565;2
11;41;6;1221;5
11;207;7;22777;6
11;123;7;15555;1
11;75;7;13258;2
11;215;6;1322;60
11;109;7;12123;1
11;171;6;2211;1
11;197;7;13132;7
11;210;7;13258;1
11;206;7;44000;1
11;37;7;95;8
11;74;7;13456;15
11;47;7;12;2
11;271;6;4422;3
11;138;7;15122;10
11;138;6;1973;1
11;297;6;4422;3
11;258;6;11;1
11;258;6;12;7
11;258;6;13;4
11;258;7;12;7
11;258;7;13;9
11;258;7;14;1
11;258;7;18;1
11;258;7;19;1
11;258;7;33;1
11;258;7;45;2
11;218;7;12;1
11;307;5;160;1
11;298;7;13123;2
11;112;6;1292;1
11;282;6;1533;10
11;198;7;44123;1
11;133;5;555;3
11;119;5;700;13
11;285;7;11444;10
11;91;7;15145;1
11;286;7;12500;7
11;238;7;13013;1
11;238;7;45333;2
11;296;7;10;1
11;296;7;12;2
11;296;7;13;14
11;296;7;14;1
11;296;7;15;1
11;296;7;22;2
11;296;7;33;1
11;296;7;44;5
11;296;7;45;2
11;247;7;10000;1
11;305;6;1322;20
11;37;6;2211;1
11;2;6;1201;6
11;236;7;44666;1
11;299;7;12500;2
11;38;7;12500;10
11;302;7;13;4
11;302;7;14;1
11;302;6;11;1
11;302;6;12;1
11;195;6;4444;1
11;77;7;22022;2
11;138;5;95;3
11;285;6;4000;26
11;186;6;4000;4
11;203;6;1533;14
11;271;7;13133;1
11;239;6;3000;2
11;147;6;1322;63
11;136;3;12;32
11;77;7;13123;14
11;260;7;10555;1
11;219;6;4000;84
11;77;7;13;9
11;77;7;12;2
11;77;7;40;1
11;77;7;55;1
11;77;6;12;1
11;77;6;13;1
11;77;6;15;1
11;35;6;1533;3
11;164;6;5001;1
11;254;6;2277;5
11;184;6;1533;9
11;107;7;12222;68
11;251;7;13133;6
11;99;6;2222;4
11;155;3;13;107
11;83;3;44;43
11;49;7;50500;1
11;6;6;1232;1
11;301;3;44;73
11;192;7;33111;1
11;148;7;50444;2
11;171;7;55999;2
11;236;7;13234;1
11;268;6;4488;3
11;181;6;1277;2
11;285;7;12123;2
11;181;7;22777;3
11;106;6;1533;2
11;248;3;13;121
11;288;6;7040;2
11;196;7;13123;4
11;28;6;2288;8
11;99;3;13;77
11;39;6;4012;1
11;74;6;7011;1
11;156;7;96;2
11;87;6;4444;5
11;253;5;700;17
11;22;6;5001;1
11;196;7;55333;2
11;88;7;65123;2
11;31;6;7090;1
11;296;6;4410;9
11;241;3;12;64
11;271;6;7020;1
11;248;7;13222;3
11;44;7;13132;1
11;297;7;11113;2
11;44;7;70222;1
11;272;7;12500;10
11;265;5;96;26
11;282;7;10123;7
11;99;7;13258;2
11;232;6;1010;1
11;26;7;70222;5
11;250;7;10000;1
11;129;6;4488;29
11;225;6;11;1
11;69;5;95;2
11;37;7;10123;4
11;153;6;4000;16
11;97;7;95;4
11;37;3;44;56
11;183;3;44;39
11;249;3;96;7
11;6;6;4410;3
11;218;7;13131;1
11;38;6;4490;2
11;83;7;11111;2
11;184;7;44;1
11;184;7;55;2
11;6;5;131;134
11;160;3;96;10
11;286;6;4445;2
11;189;7;55888;2
11;88;7;70222;2
11;140;7;12999;7
11;72;5;555;1
11;272;6;4466;1
11;272;6;1313;5
11;277;7;15;1
11;252;7;96;9
11;265;6;2288;15
11;20;7;13456;20
11;20;7;15888;1
11;39;6;5566;1
11;88;6;3378;1
11;247;6;5555;8
11;291;5;555;1
11;78;7;13258;2
11;47;6;1512;1
11;200;6;1212;1
11;16;5;96;5
11;50;7;12111;4
11;105;7;11444;20
11;290;5;700;54
11;248;3;44;3
11;176;7;12123;3
11;200;6;5511;2
11;155;6;1533;5
11;279;7;22556;2
11;26;6;2211;1
11;241;6;2233;1
11;2;7;13258;3
11;232;6;5533;1
11;218;7;44888;2
11;199;6;44;2
11;199;6;13;1
11;199;6;22;1
11;199;6;40;1
11;8;7;12500;15
11;193;6;2222;4
11;283;6;4422;1
11;194;5;95;10
11;38;6;2211;1
11;238;6;4445;1
11;39;7;65123;1
11;72;6;2222;3
11;167;6;1292;1
11;185;6;4000;12
11;215;7;40400;1
11;68;5;95;2
11;184;5;95;2
11;22;7;11111;2
11;189;6;1313;2
11;64;7;12500;11
11;179;7;55555;1
11;181;7;44123;1
11;132;3;95;5
11;50;6;4488;5
11;21;7;96;5
11;305;7;70222;1
11;112;5;131;185
11;296;6;1313;3
11;107;6;1533;3
11;73;7;22153;1
11;305;3;96;10
11;299;7;33133;1
11;219;7;12;1
11;219;7;13;2
11;219;7;15;2
11;219;7;22;1
11;219;7;40;2
11;219;6;10;1
11;219;6;13;3
11;188;7;15333;5
11;203;5;96;25
11;107;5;96;10
11;164;6;2244;4
11;204;6;2222;9
11;107;7;55;2
11;138;6;2211;1
11;20;6;2222;4
11;267;3;44;76
11;39;7;44123;3
11;130;3;95;6
11;179;6;1111;15
11;179;7;95;3
11;204;7;22111;2
11;206;6;5050;1
11;182;7;13258;3
11;236;6;95;15
11;106;7;13222;1
11;270;7;15333;4
11;104;7;12222;39
11;122;6;1313;3
11;226;6;4445;1
11;290;6;1322;37
11;252;6;1313;4
11;247;5;95;1
11;208;7;13258;3
11;252;6;2211;3
11;29;7;12999;8
11;184;6;1321;1
11;286;6;1221;4
11;260;6;1212;1
11;171;7;12999;22
11;203;6;4400;1
11;169;7;13456;12
11;169;7;15888;3
11;36;6;1292;2
11;250;6;5013;3
11;246;6;2255;1
11;199;6;96;5
11;156;6;1313;3
11;287;6;1222;1
11;287;6;1234;1
11;129;7;22126;2
11;278;6;2233;3
11;184;3;44;12
11;198;3;44;32
11;287;7;22556;1
11;41;6;1313;1
11;284;7;70123;2
11;284;5;700;27
11;135;6;95;1
11;287;6;1113;1
11;36;6;2201;1
11;75;5;700;25
11;218;6;1313;2
11;310;5;555;1
11;21;3;13;75
11;117;7;44234;1
11;296;7;12888;1
11;44;6;2222;11
11;46;7;70070;3
11;182;6;4080;3
11;4;5;131;228
11;204;6;1322;52
11;123;6;4444;3
11;242;7;13258;2
11;204;7;44369;2
11;58;6;7090;1
11;39;6;5500;2
11;152;6;5555;38
11;8;6;1111;23
11;8;7;95;10
11;86;6;2288;2
11;295;6;1533;6
11;97;5;131;89
11;293;6;1322;20
11;261;6;5511;3
11;68;6;22;1
11;68;6;12;2
11;68;6;13;3
11;68;6;15;1
11;68;6;44;1
11;130;6;5080;7
11;216;7;12999;26
11;193;6;4410;4
11;189;6;7040;1
11;259;3;12;7
11;72;6;1322;134
11;260;6;1322;67
11;46;7;70333;1
11;158;7;12222;69
11;160;5;131;221
11;205;7;22555;7
11;154;7;13123;2
11;48;6;1322;36
11;109;6;4410;3
11;253;7;15333;8
11;39;7;12222;47
11;287;7;96;10
11;83;6;2277;6
11;148;5;95;13
11;121;6;2299;2
11;76;7;15122;11
11;5;6;4477;4
11;53;6;4477;4
11;292;6;1222;1
11;116;6;4456;1
11;37;7;65234;1
11;284;6;2299;2
11;147;7;13456;10
11;108;3;13;119
11;36;6;3550;1
11;195;7;50444;2
11;304;5;555;3
11;4;6;1322;46
11;148;7;12999;21
11;189;6;4444;2
11;90;7;11444;8
11;301;7;22556;1
11;202;6;4477;4
11;78;7;11113;1
11;55;6;1322;139
11;22;3;44;32
11;148;3;13;154
11;280;6;11;2
11;280;6;12;2
11;280;6;13;3
11;280;6;15;1
11;182;7;44777;1
11;106;6;1232;1
11;127;6;4445;1
11;27;6;1000;1
11;280;6;22;1
11;280;6;55;1
11;280;7;11;1
11;280;7;12;2
11;268;6;1292;1
11;22;5;95;6
11;296;6;1444;1
11;297;3;95;6
11;232;7;10123;2
11;288;6;6565;2
11;267;7;13258;4
11;293;7;12999;9
11;241;7;22777;2
11;6;6;2299;1
11;275;7;22022;2
11;150;7;10123;1
11;155;6;5588;1
11;117;7;70123;1
11;117;5;700;24
11;207;7;13456;12
11;207;7;15888;4
11;67;6;5588;1
11;202;7;33193;2
11;232;6;1111;4
11;232;7;95;22
11;111;6;4000;28
11;210;6;4490;3
11;210;6;5588;4
11;303;5;96;8
11;8;7;15122;6
11;21;6;1010;3
11;21;6;4456;1
11;243;7;22022;4
11;295;7;22111;1
11;74;7;23192;1
11;69;6;1321;2
11;192;3;12;56
11;219;6;4477;2
11;197;7;13131;1
11;176;6;4456;3
11;275;7;22120;1
11;273;3;96;9
11;219;7;95;2
11;246;7;70222;1
11;158;7;15123;12
11;158;7;12456;1
11;36;6;2222;6
11;248;7;13777;1
11;246;7;15222;1
11;246;7;44369;3
11;53;5;700;20
11;197;7;13133;2
11;297;7;22123;1
11;310;7;22322;1
11;214;6;2299;1
11;164;6;4444;1
11;39;6;6565;2
11;189;6;13;2
11;189;6;22;1
11;189;6;23;1
11;287;7;44666;1
11;271;7;10000;1
11;281;6;4422;1
11;27;7;50444;1
11;36;7;13789;2
11;77;7;12500;6
11;304;7;12333;1
11;140;6;10;1
11;140;7;13;1
11;140;7;15;1
11;232;6;4410;3
11;47;6;5005;1
11;133;7;22333;2
11;298;7;13133;4
11;257;6;1155;1
11;22;7;12;3
11;22;7;13;6
11;154;6;4422;3
11;273;7;12500;3
11;202;5;95;13
11;29;5;700;38
11;197;6;4567;1
11;154;6;5044;2
11;274;6;5013;2
11;225;7;19999;1
11;74;7;55678;1
11;241;6;2222;6
11;106;6;5588;4
11;72;6;1123;1
11;183;7;55888;3
11;80;3;96;1
11;292;7;12111;2
11;184;3;95;3
11;258;7;70070;1
11;310;6;95;4
11;254;7;13456;16
11;44;7;12500;3
11;37;7;70007;1
11;176;3;44;13
11;196;7;11999;1
11;293;7;80180;1
11;291;6;4456;5
11;291;6;1010;1
11;88;6;5050;2
11;55;7;12999;75
11;28;7;96;9
11;288;7;33193;1
11;133;6;55;1
11;155;7;23123;3
11;299;6;2288;10
11;286;3;12;81
11;47;7;43333;1
11;120;7;70222;1
11;133;7;33000;2
11;242;7;13222;2
11;147;7;96;3
11;306;6;95;13
11;89;7;15151;1
11;53;5;95;6
11;76;5;96;11
11;88;5;96;9
11;295;7;13133;4
11;215;7;44027;1
11;83;3;95;4
11;83;6;1500;1
11;292;6;1292;2
11;182;3;95;4
11;182;6;1500;1
11;292;7;13456;10
11;292;7;15888;6
11;189;6;1277;1
11;1;6;96;1
11;275;6;2277;19
11;21;7;22222;2
11;21;7;44190;2
11;39;7;15151;1
11;286;7;44567;1
11;193;6;5055;1
11;193;7;11222;3
11;273;6;1111;5
11;273;7;95;10
11;179;6;4444;3
11;38;7;12222;62
11;299;7;13777;1
11;236;7;45000;2
11;54;7;13123;1
11;160;6;2244;8
11;83;6;7090;1
11;294;6;2255;1
11;299;6;2255;1
11;286;6;5013;1
11;286;7;19999;1
11;82;6;4490;6
11;46;7;13456;17
11;46;7;15888;1
11;283;6;4000;3
11;232;7;10000;2
11;205;7;65700;1
11;25;7;13132;1
11;135;5;96;12
11;286;7;50500;4
11;41;7;11444;5
11;296;6;4400;1
11;150;6;1512;1
11;271;7;12999;36
11;8;6;1512;1
11;241;6;1251;1
11;243;6;4422;5
11;22;7;44543;1
11;86;6;4477;1
11;104;7;55555;4
11;47;7;13258;1
11;290;7;70007;1
11;279;7;33145;1
11;281;7;23333;1
11;281;6;1221;2
11;40;7;12555;1
11;301;7;12111;1
11;226;3;12;81
11;54;6;96;3
11;267;6;4410;4
11;225;6;4445;1
11;40;6;4444;2
11;20;6;95;1
11;20;7;45000;2
11;257;5;96;8
11;272;6;2277;5
11;281;7;43333;1
11;281;7;55888;2
11;267;6;4444;3
11;206;7;70190;1
11;116;6;4000;13
11;22;6;96;4
11;299;6;96;4
11;38;6;96;9
11;232;7;65013;1
11;5;7;36190;1
11;277;7;12999;58
11;69;7;11444;2
11;50;7;12;7
11;50;7;13;6
11;50;7;70;1
11;50;6;10;1
11;50;6;12;1
11;50;6;13;2
11;50;6;22;1
11;50;6;33;1
11;50;6;55;1
11;50;7;10;1
11;37;7;11113;2
11;37;7;22022;5
11;54;6;2288;1
11;156;6;1213;24
11;215;6;5511;10
11;122;3;44;17
11;306;6;4444;1
11;194;6;1314;1
11;219;3;96;1
11;27;6;4490;1
11;64;6;5511;1
11;254;3;12;74
11;87;7;11222;1
11;251;6;1010;1
11;251;6;4456;3
11;304;6;5511;8
11;228;5;700;44
11;272;6;4490;8
11;246;6;2211;6
11;106;6;1214;2
11;291;6;1292;2
11;200;7;22556;1
11;246;6;1322;51
11;145;6;1111;10
11;145;7;95;2
11;297;7;23192;1
11;241;6;1213;7
11;104;6;2222;5
11;168;7;11222;5
11;135;7;15122;36
11;214;6;1232;1
11;122;6;1322;43
11;283;7;12222;9
11;83;6;6565;2
11;243;6;1010;2
11;243;6;4456;4
11;36;7;12300;4
11;293;7;55333;1
11;90;7;22222;2
11;90;7;44190;2
11;83;7;70222;1
11;83;7;13132;1
11;47;7;44333;1
11;83;6;1222;1
11;21;6;1322;29
11;121;5;96;22
11;65;6;1213;2
11;48;7;70007;2
11;282;7;12500;1
11;289;7;12345;1
11;248;7;13258;4
11;90;3;95;5
11;7;7;23123;1
11;225;7;95;21
11;225;6;1111;13
11;66;7;22111;1
11;107;6;1221;1
11;104;6;11;3
11;104;6;13;2
11;104;6;55;1
11;138;7;13258;10
11;298;5;700;32
11;7;7;11222;2
11;251;6;4000;18
11;306;5;95;15
11;239;7;96;11
11;260;3;96;4
11;301;7;22022;5
11;307;7;15123;7
11;284;7;15333;1
11;293;7;22777;6
11;147;7;15120;3
11;181;6;4400;1
11;281;6;7040;1
11;9;6;4490;1
11;21;6;4447;1
11;243;7;15122;24
11;143;7;33888;6
11;292;6;1522;1
11;64;7;15122;8
11;25;7;13333;1
11;73;3;44;12
11;90;7;15151;1
11;268;7;13456;35
11;189;6;1512;1
11;157;6;5099;1
11;89;7;12888;1
11;275;7;15151;1
11;298;7;13456;15
11;202;6;4490;4
11;304;7;11999;1
11;87;7;11111;1
11;135;7;22222;2
11;7;7;95;5
11;225;6;13;5
11;225;6;22;2
11;225;6;36;1
11;225;6;55;1
11;225;7;11;1
11;271;6;5055;1
11;271;7;11222;6
11;282;7;33888;2
11;192;7;33000;1
11;297;5;700;22
11;194;3;12;49
11;185;5;700;22
11;306;7;15122;32
11;267;7;13133;3
11;46;6;4477;1
11;185;7;11222;1
11;188;6;1533;2
11;300;6;4477;10
11;4;6;4477;6
11;282;7;55333;1
11;219;6;1322;15
11;10;6;5511;1
11;5;6;5533;2
11;205;7;22222;6
11;307;6;2244;10
11;36;7;12888;1
11;83;6;2233;2
11;150;7;50013;1
11;36;7;65013;8
11;226;7;40888;1
11;226;7;44369;2
11;226;7;15222;2
11;67;7;44111;2
11;243;7;13222;11
11;153;6;1010;2
11;39;7;44111;1
11;296;7;55;1
11;296;7;70;3
11;296;6;10;1
11;296;6;12;6
11;296;6;13;7
11;296;6;44;2
11;293;6;4456;2
11;275;7;96;10
11;202;6;5588;1
11;69;7;15122;49
11;156;7;12500;31
11;39;6;5555;40
11;54;3;12;47
11;69;6;5001;1
11;307;7;22777;13
11;101;3;96;13
11;246;7;23192;2
11;297;6;4400;1
11;232;6;7090;2
11;148;6;1533;8
11;288;3;13;135
11;272;7;50013;1
11;155;3;95;7
11;23;6;5050;1
11;304;6;1973;1
11;304;7;15122;28
11;304;7;43640;1
11;186;3;95;2
11;254;6;5533;4
11;48;6;2201;1
11;10;7;13456;24
11;22;7;15333;1
11;10;6;1313;3
11;38;6;1292;2
11;111;7;90909;1
11;206;6;1221;4
11;218;3;44;42
11;23;3;13;67
11;134;7;44543;2
11;257;6;1277;1
11;287;7;70190;1
11;87;7;13123;3
11;252;6;2200;2
11;283;7;13222;2
11;67;5;95;5
11;121;6;2210;1
11;97;6;1313;2
11;219;7;65013;1
11;283;6;1111;9
11;283;7;95;2
11;111;7;33444;1
11;164;3;12;57
11;310;6;5511;5
11;157;6;1292;1
11;186;6;5511;1
11;16;6;1292;3
11;298;6;4444;1
11;195;6;4490;1
11;39;7;14888;1
11;239;6;4410;6
11;35;7;15333;4
11;298;6;1292;2
11;290;6;6565;2
11;288;6;1010;3
11;288;6;4456;2
11;53;7;12500;1
11;7;7;65700;1
11;184;6;5511;1
11;272;3;95;10
11;110;6;4490;1
11;110;6;5588;2
11;72;7;11111;1
11;160;7;13222;13
11;270;7;96;11
11;39;6;1314;2
11;116;6;4490;2
11;273;7;50013;1
11;89;6;2200;1
11;219;6;1023;1
11;289;6;1322;51
11;75;7;15122;15
11;202;6;2288;4
11;246;3;12;61
11;292;6;4410;5
11;150;7;13456;26
11;150;7;15888;1
11;1;6;1111;18
11;130;6;1322;60
11;265;7;10000;2
11;89;7;15555;1
11;90;6;1500;4
11;277;6;2244;7
11;47;7;22777;11
11;106;3;44;10
11;171;6;1213;11
11;278;6;2211;2
11;127;7;65234;1
11;44;6;4411;1
11;44;6;1222;2
11;111;7;13131;1
11;210;6;12;1
11;210;6;13;2
11;210;7;11;1
11;210;7;13;11
11;210;7;15;1
11;48;6;1818;1
11;111;7;96;4
11;38;7;50013;1
11;176;6;1213;1
11;53;6;4447;2
11;268;7;33000;1
11;297;7;45300;2
11;257;7;12123;1
11;40;6;4400;1
11;181;6;1512;3
11;243;7;13456;23
11;243;7;15888;1
11;7;6;95;8
11;158;6;4000;6
11;82;7;65;1
11;82;7;70;1
11;67;7;13132;2
11;67;7;70222;12
11;127;6;1333;1
11;58;7;11;1
11;58;7;12;3
11;58;7;13;10
11;58;7;15;1
11;58;7;45;1
11;58;7;90;1
11;58;6;11;1
11;58;6;12;5
11;58;6;13;1
11;58;6;44;1
11;58;6;45;1
11;58;6;55;1
11;37;7;15333;6
11;106;7;11113;50
11;22;6;7069;1
11;199;6;1212;1
11;240;6;5555;38
11;265;6;4533;1
11;236;6;1333;1
11;307;6;5511;13
11;307;7;15010;1
11;181;7;15122;32
11;310;7;13456;6
11;310;7;15888;4
11;216;6;96;5
11;240;7;70070;1
11;37;7;55888;1
11;164;7;13444;1
11;62;3;13;55
11;214;3;44;24
11;25;6;3550;1
11;168;7;15333;1
11;153;7;12999;13
11;249;6;1326;1
11;281;7;70333;1
11;251;6;4410;2
11;239;7;13222;2
11;299;7;44111;1
11;299;6;1292;1
11;53;3;13;97
11;145;7;55555;1
11;176;6;2233;1
11;291;7;22777;6
11;278;6;96;3
11;274;3;13;119
11;240;7;22222;2
11;64;6;1515;1
11;75;7;13132;1
11;242;6;4444;2
11;248;6;4444;21
11;135;7;13258;2
11;181;6;4444;1
11;2;7;12500;1
11;48;6;2211;3
11;87;7;14444;1
11;228;5;96;14
11;27;6;4444;4
11;254;7;12222;46
11;254;7;70345;1
11;246;7;45000;1
11;8;5;95;9
11;215;7;13133;2
11;196;7;96;9
11;280;3;13;89
11;273;7;12222;36
11;82;7;11444;13
11;284;7;13123;2
11;200;7;11444;37
11;282;6;5511;10
11;202;7;10555;1
11;176;6;1222;3
11;53;6;4422;1
11;288;7;10000;1
11;155;7;13222;1
11;123;7;13133;2
11;253;6;1533;10
11;132;6;4410;5
11;205;7;33193;2
11;228;7;70123;1
11;154;6;1214;1
11;305;5;555;6
11;180;6;2200;1
11;120;7;22222;3
11;119;6;2299;3
11;122;7;44020;5
11;122;7;96;2
11;50;6;2244;4
11;65;6;1222;2
11;65;6;1234;2
11;154;7;15333;4
11;287;6;4422;2
11;109;5;96;10
11;273;7;70400;1
11;48;3;12;93
11;121;6;95;9
11;121;7;45000;2
11;203;7;13132;3
11;134;7;22222;6
11;134;7;44190;7
11;50;7;22777;1
11;296;6;1010;7
11;296;6;4456;1
11;287;6;2288;17
11;285;7;15122;33
11;97;7;15122;2
11;36;5;96;11
11;157;5;96;3
11;267;7;12333;1
11;69;6;1222;1
11;181;7;12555;1
11;198;6;3378;1
11;44;7;22120;1
11;243;7;44777;1
11;132;6;4000;7
11;74;6;1512;1
11;239;7;11111;1
11;265;6;5500;1
11;307;7;12222;33
11;40;7;12;2
11;40;7;13;8
11;40;7;22;1
11;219;7;70007;1
11;199;7;55999;2
11;155;6;5055;1
11;155;7;11222;2
11;39;3;44;59
11;41;3;44;26
11;205;6;1313;1
11;189;6;4040;1
11;189;7;13222;2
11;87;6;4445;1
11;181;7;70070;1
11;285;7;22333;1
11;306;6;1010;2
11;306;6;4456;2
11;130;7;15122;40
11;292;7;70000;1
11;98;7;12500;11
11;284;6;1232;1
11;8;7;13222;1
11;8;7;14014;1
11;252;7;13132;4
11;252;7;70222;1
11;219;7;70222;1
11;305;6;1010;4
11;219;3;44;18
11;305;6;4456;3
11;138;7;95;7
11;276;7;11113;1
11;49;7;11113;6
11;257;3;95;9
11;210;7;22;1
11;210;7;44;2
11;210;7;65;1
11;210;7;70;1
11;252;7;13258;2
11;248;7;12345;1
11;288;6;4433;1
11;160;7;96;3
11;40;6;1221;1
11;276;6;96;5
11;88;6;1000;1
11;117;6;1213;7
11;267;6;1322;31
11;261;7;70190;1
11;101;6;1292;1
11;83;6;5533;3
11;164;6;1311;1
11;22;7;12222;36
11;253;6;5533;4
11;76;7;13132;3
11;202;7;13456;12
11;202;7;15888;2
11;296;6;5533;1
11;90;6;95;6
11;90;7;45000;5
11;20;6;5533;2
11;20;7;33777;1
11;106;6;95;4
11;285;7;10123;2
11;1;6;2244;7
11;301;7;13133;2
11;195;6;1300;1
11;286;7;44666;2
11;278;7;44369;4
11;181;6;1111;7
11;54;6;4477;1
11;289;7;10000;1
11;193;6;96;6
11;101;5;96;25
11;38;6;2299;3
11;253;7;15222;1
11;305;7;10000;2
11;111;7;10123;1
11;122;7;12111;2
11;110;6;4499;2
11;39;7;96;8
11;121;7;70070;1
11;286;6;3000;1
11;172;3;96;5
11;55;5;700;7
11;30;7;12999;7
11;47;6;2277;11
11;90;6;2222;5
11;136;7;44369;8
11;198;7;13258;3
11;176;6;1522;22
11;97;6;4000;10
11;164;6;1533;10
11;275;6;1533;10
11;54;6;4488;1
11;218;6;95;19
11;3;6;5055;7
11;171;6;1221;9
11;80;6;5055;1
11;134;7;45555;1
11;140;6;5533;8
11;182;7;15222;2
11;157;5;131;79
11;228;7;11111;1
11;44;6;2200;2
11;77;6;1111;5
11;77;7;95;13
11;88;7;45045;1
11;58;3;12;45
11;254;7;15122;25
11;133;7;70007;2
11;226;6;2201;1
11;252;7;22222;1
11;252;7;44190;1
11;297;7;13123;5
11;265;6;45;1
11;265;6;50;1
11;265;7;12;3
11;265;7;13;8
11;265;7;19;1
11;185;7;11444;9
11;127;7;12500;1
11;135;6;4422;4
11;278;6;1111;1
11;207;6;1299;1
11;306;7;50500;3
11;1;7;15;1
11;285;6;1322;27
11;1;7;22;1
11;200;6;1221;30
11;46;6;6565;3
11;75;7;12999;50
11;75;7;22022;4
11;282;5;96;12
11;286;7;13132;3
11;286;7;70222;1
11;49;7;22777;3
11;291;6;4412;1
11;291;6;1221;4
11;120;7;15555;1
11;49;6;5567;1
11;306;7;13456;17
11;77;6;4422;1
11;134;6;2200;2
11;196;6;2277;2
11;46;7;70000;1
11;44;6;1221;7
11;199;5;555;1
11;99;7;13133;1
11;281;7;45000;1
11;193;6;1322;25
11;285;7;96;4
11;86;7;22022;1
11;87;7;13258;2
11;44;6;5055;3
11;48;7;11444;15
11;296;3;13;137
11;301;3;96;5
11;9;6;1331;1
11;116;6;1221;54
11;242;7;22777;6
11;65;3;96;14
11;284;6;7001;1
11;108;6;96;3
11;287;6;95;21
11;285;6;1515;1
11;285;7;13220;1
11;82;6;4477;2
11;68;7;12300;1
11;281;7;10000;2
11;202;7;13222;12
11;282;7;12222;30
11;240;7;15333;9
11;182;6;2201;1
11;194;6;1222;1
11;287;7;13123;9
11;207;7;23192;3
11;271;7;13222;9
11;168;6;1112;1
11;215;3;13;147
11;130;6;5001;6
11;73;5;96;9
11;87;6;1292;1
11;270;6;96;7
11;194;6;4000;16
11;30;6;5511;2
11;186;7;15333;1
11;135;6;2244;12
11;55;6;4400;2
11;219;7;12999;12
11;216;7;11111;2
11;306;6;5588;1
11;306;6;4490;2
11;28;7;15123;1
11;130;6;4000;10
11;169;7;50500;3
11;44;7;11113;1
11;44;7;22022;7
11;53;7;11999;1
11;254;7;13222;9
11;305;6;1213;10
11;44;7;13222;6
11;97;7;13456;11
11;225;3;96;10
11;91;7;44123;2
11;109;7;11444;20
11;277;7;23192;3
11;158;6;1277;1
11;152;6;1323;1
11;69;7;12600;1
11;274;5;555;6
11;295;7;11111;1
11;72;7;12345;1
11;6;6;2222;3
11;73;6;1522;2
11;91;6;1973;1
11;91;7;15122;32
11;306;7;12111;1
11;29;6;1522;1
11;305;6;4445;3
11;270;7;12222;38
11;120;7;12500;3
11;242;7;12222;26
11;9;7;13;16
11;9;6;55;1
11;9;7;11;4
11;9;7;12;6
11;9;7;14;2
11;9;7;15;1
11;9;7;23;1
11;9;7;33;2
11;9;7;40;1
11;9;7;45;1
11;9;7;50;1
11;184;7;13132;3
11;48;7;95;17
11;294;6;2244;12
11;58;6;1221;56
11;155;6;1221;3
11;198;7;22010;1
11;121;6;2277;13
11;154;7;96;4
11;289;7;44777;1
11;251;7;15122;29
11;253;7;33888;16
11;84;7;10000;3
11;120;6;96;3
11;246;6;1314;1
11;82;6;4456;4
11;78;6;1299;1
11;215;5;555;3
11;72;6;5588;1
11;219;7;22777;1
11;75;6;2222;3
11;246;6;1252;1
11;168;6;5533;3
11;122;7;13222;13
11;232;3;13;121
11;116;6;1222;2
11;116;6;1234;1
11;50;6;6565;1
11;7;5;131;204
11;300;5;555;2
11;35;7;12144;1
11;186;7;11444;6
11;202;7;15555;1
11;270;6;1512;1
11;198;7;11444;9
11;49;7;22556;2
11;147;6;5555;30
11;304;6;2244;4
11;243;7;33111;1
11;130;3;44;28
11;298;6;4000;19
11;273;7;22222;1
11;41;6;5533;2
11;278;7;22111;1
11;236;6;1277;1
11;195;7;13133;4
11;36;7;15123;5
11;205;6;1221;3
11;273;6;1292;2
11;282;7;44123;1
11;134;7;22555;3
11;180;6;95;2
11;310;7;15151;1
11;36;7;22556;1
11;271;6;2277;8
11;252;7;12999;22
11;202;7;12100;1
11;219;7;33111;1
11;242;7;15122;22
11;208;6;4410;4
11;152;7;44190;1
11;304;7;44123;1
11;37;6;1326;1
11;151;7;15122;20
11;143;6;1233;1
11;247;5;96;7
11;160;7;11444;43
11;37;6;1222;1
11;37;6;1234;1
11;232;6;1233;1
11;202;6;1155;1
11;156;5;96;8
11;240;7;15122;4
11;69;5;131;197
11;243;7;12888;1
11;243;7;13333;2
11;27;6;4410;1
11;109;5;555;1
11;155;7;70123;1
11;155;5;700;25
11;250;7;22777;6
11;110;6;95;14
11;74;6;2288;3
11;22;6;2210;1
11;7;6;4000;11
11;106;7;45333;1
11;82;6;2288;3
11;169;7;13222;3
11;8;6;1213;10
11;307;3;96;3
11;80;6;2222;1
11;297;6;1000;1
11;138;6;5533;1
11;238;6;2211;3
11;254;7;22556;1
11;251;7;13456;11
11;251;7;15888;5
11;232;6;4477;4
11;140;7;12300;9
11;182;7;23190;1
11;74;7;12999;63
11;15;7;36012;1
11;132;6;4445;1
11;299;7;11222;4
11;38;6;5055;2
11;38;7;11222;2
11;265;7;45333;2
11;189;7;33888;1
11;282;5;131;196
11;210;7;22222;3
11;4;6;4444;2
11;232;6;4000;20
11;2;6;1214;3
11;21;6;5555;26
11;107;6;2255;2
11;297;6;4410;6
11;188;7;13123;2
11;157;7;13456;10
11;301;7;13456;7
11;205;7;23123;2
11;214;6;1111;35
11;194;6;1221;3
11;194;6;4412;1
11;55;7;13258;3
11;111;6;1113;1
11;31;6;3000;1
11;38;7;30000;1
11;90;7;70123;2
11;90;5;700;31
11;239;7;15123;1
11;240;3;12;44
11;184;5;131;243
11;167;7;12111;3
11;295;6;1322;44
11;257;6;5533;6
11;87;6;1234;2
11;179;7;13132;1
11;46;7;12500;6
11;310;5;700;31
11;25;6;1111;27
11;25;7;95;7
11;111;7;13123;6
11;78;6;4410;4
11;106;7;15122;17
11;267;6;5599;2
11;303;6;1213;8
11;107;6;4000;11
11;298;6;5555;42
11;97;3;13;63
11;15;7;12444;1
11;299;7;13456;8
11;299;7;15888;5
11;38;7;13456;15
11;38;7;15888;2
11;78;6;2222;2
11;285;6;1323;1
11;132;6;2200;6
11;22;7;13258;1
11;110;7;65123;1
11;46;7;44;1
11;46;7;13;2
11;46;7;15;2
11;46;7;22;2
11;46;7;55;1
11;46;6;12;1
11;46;6;13;1
11;62;7;96;1
11;4;6;4433;1
11;5;6;1321;1
11;88;7;23192;2
11;284;6;2244;12
11;67;7;13123;8
11;304;7;13111;1
11;193;6;4490;3
11;232;6;5588;1
11;182;6;1213;4
11;257;7;44369;1
11;215;6;2200;1
11;203;7;12999;25
11;107;7;12999;28
11;253;7;96;2
11;261;3;44;31
11;15;3;44;19
11;196;6;2201;2
11;200;6;2200;7
11;183;7;65013;1
11;285;7;13456;19
11;285;7;15888;2
11;194;6;5555;29
11;301;6;1533;6
11;111;7;22111;3
11;239;6;2201;2
11;132;5;95;9
11;3;7;15333;10
11;258;6;1111;1
11;182;7;11222;4
11;219;6;4410;7
11;89;7;23123;2
11;30;7;12222;17
11;88;5;700;23
11;54;7;22222;2
11;54;7;44190;1
11;294;6;1002;1
11;27;6;4000;2
11;200;3;12;118
11;129;7;12222;69
11;290;6;1512;1
11;109;7;10190;1
11;200;6;1322;21
11;2;7;13456;17
11;293;6;4447;1
11;169;7;45999;1
11;185;7;13456;13
11;185;7;15888;1
11;271;7;13456;9
11;271;7;15888;4
11;282;7;15333;9
11;50;7;11444;16
11;286;6;5533;7
11;49;7;11999;2
11;120;6;4400;1
11;134;7;12333;1
11;208;6;1234;2
11;29;7;22101;1
11;197;6;4410;8
11;122;7;33000;1
11;152;6;1010;1
11;75;6;5055;1
11;75;7;11222;1
11;73;7;13133;3
11;150;7;50500;1
11;193;6;7060;2
11;294;6;2277;2
11;299;7;23123;4
11;38;7;23123;4
11;192;7;11;1
11;192;7;12;1
11;169;6;12;2
11;169;6;13;3
11;49;6;2288;2
11;215;6;1222;2
11;215;6;4411;1
11;108;5;96;21
11;192;7;13;6
11;160;6;1214;1
11;27;6;4477;5
11;6;7;13258;2
11;168;3;95;8
11;298;3;95;5
11;39;7;33193;1
11;76;3;95;5
11;62;7;10123;2
11;48;7;22222;8
11;48;7;44190;8
11;22;6;5005;1
11;148;7;12888;1
11;210;5;555;3
11;206;6;13;5
11;206;6;15;2
11;206;6;51;1
11;206;7;12;2
11;206;7;13;10
11;206;7;44;1
11;206;7;55;1
11;119;6;4400;1
11;204;6;1321;1
11;36;6;1145;1
11;138;6;1111;10
11;167;5;95;8
11;257;7;33111;1
11;127;5;131;100
11;74;6;95;8
11;271;6;96;6
11;16;6;95;2
11;153;7;23192;1
11;119;6;2222;2
11;140;6;2299;7
11;117;7;15333;5
11;7;6;1255;1
11;203;7;15122;32
11;148;7;12500;11
11;104;7;55011;2
11;40;3;12;57
11;208;7;45000;2
11;208;6;95;10
11;299;6;1322;55
11;38;6;1322;34
11;154;7;44333;1
11;20;7;15123;51
11;30;6;4410;2
11;274;3;44;83
11;74;7;50500;2
11;47;7;11113;2
11;268;7;96;2
11;246;6;1533;6
11;76;6;2233;1
11;284;6;2210;2
11;74;6;1313;1
11;97;7;44122;3
11;204;6;5533;4
11;302;6;5013;1
11;273;7;10123;5
11;218;7;44777;2
11;226;7;22622;1
11;78;7;12222;30
11;78;7;70345;1
11;7;7;45555;1
11;158;3;44;17
11;265;6;2200;3
11;303;3;13;96
11;232;6;1145;1
11;67;7;22222;1
11;274;6;1333;1
11;111;7;12999;18
11;297;7;10123;5
11;91;7;12345;1
11;8;7;14122;1
11;257;7;13133;4
11;68;6;4447;1
11;135;6;2200;1
11;10;6;1111;15
11;228;6;2123;1
11;215;3;12;69
11;123;6;7040;1
11;182;6;2323;2
11;306;7;65013;1
11;307;6;7040;1
11;189;7;15222;2
11;251;7;11113;1
11;259;6;4447;10
11;251;7;22555;1
11;2;6;5555;2
11;98;5;555;1
11;279;7;11444;11
11;278;7;65123;3
11;145;7;12222;11
11;83;7;12123;1
11;88;5;131;122
11;208;6;2210;1
11;291;6;4533;1
11;183;6;5555;25
11;83;7;55678;1
11;120;3;13;102
11;301;6;2288;5
11;250;3;13;154
11;192;6;1533;4
11;302;3;96;9
11;121;7;13222;3
11;123;6;1321;1
11;132;6;1321;1
11;82;6;3535;1
11;155;7;22555;3
11;206;6;2200;2
11;226;7;11113;1
11;226;7;22022;6
11;285;6;4567;1
11;205;6;5055;2
11;108;5;95;3
11;37;5;95;9
11;119;7;33888;20
11;36;6;5088;1
11;306;7;12333;2
11;306;6;5044;1
11;89;6;5044;1
11;82;6;1533;17
11;236;6;4490;3
11;307;7;15555;2
11;254;6;5055;2
11;254;7;11222;4
11;207;7;70007;1
11;274;7;12123;6
11;88;7;13123;2
11;297;7;45333;1
11;160;6;4490;2
11;225;7;12123;3
11;305;6;2200;1
11;168;6;5511;17
11;115;6;1299;1
11;89;6;1221;3
11;74;7;12222;49
11;21;7;13123;2
11;168;5;555;3
11;298;5;555;5
11;75;6;5567;2
11;181;7;44777;2
11;214;7;12888;2
11;74;5;700;24
11;299;7;11111;1
11;38;7;11111;1
11;288;5;95;15
11;120;3;96;5
11;72;7;11222;2
11;206;7;33888;1
11;204;7;44123;4
11;168;7;45555;1
11;111;6;5555;22
11;203;6;1099;2
11;305;7;90500;1
11;219;7;45111;2
11;240;6;2222;9
11;205;6;4411;2
11;251;7;70699;1
11;155;7;45333;1
11;143;6;4490;3
11;151;6;95;4
11;193;7;65013;3
11;35;5;131;265
11;208;6;1500;1
11;208;3;95;3
11;306;6;1323;1
11;98;5;160;1
11;37;7;44333;1
11;9;6;5050;1
11;202;7;70007;2
11;199;7;22789;2
11;199;3;13;115
11;242;6;1533;2
11;248;6;1533;5
11;7;6;12;5
11;7;7;45;1
11;7;7;55;1
11;7;6;11;2
11;7;6;13;2
11;7;6;55;3
11;89;7;44666;1
11;295;7;44777;1
11;199;6;7040;1
11;186;3;13;85
11;273;6;1000;1
11;305;7;10123;4
11;216;6;95;6
11;279;7;23123;1
11;250;6;4477;2
11;232;7;65234;1
11;47;7;33300;1
11;249;7;44333;1
11;120;7;13123;1
11;82;6;5533;2
11;254;7;55888;1
11;172;5;95;2
11;198;7;15122;39
11;246;7;11444;18
11;286;7;15151;1
11;121;6;1313;4
11;273;6;4477;5
11;15;7;11222;3
11;87;7;70090;1
11;281;6;1326;1
11;129;5;96;12
11;297;6;1500;1
11;188;7;33789;1
11;307;7;45000;4
11;307;6;95;10
11;74;6;5001;3
11;302;6;5555;32
11;186;7;15122;27
11;121;7;22022;2
11;136;6;4444;1
11;88;6;1292;2
11;54;7;13132;1
11;54;7;70222;3
11;296;7;15151;1
11;275;6;7012;1
11;153;7;70070;1
11;46;5;95;13
11;140;7;44111;1
11;1;6;2277;3
11;123;3;95;4
11;152;5;95;11
11;287;7;15222;1
11;22;7;50500;5
11;270;6;4410;5
11;286;7;11111;2
11;252;7;22126;1
11;268;7;13132;2
11;198;6;1522;3
11;280;6;5511;2
11;182;6;1333;1
11;184;7;12222;95
11;196;5;96;6
11;194;7;11222;3
11;252;7;13123;5
11;77;7;13258;1
11;270;6;4422;3
11;294;6;29;1
11;294;7;12;2
11;294;7;13;3
11;301;5;95;16
11;132;7;12111;3
11;76;7;13777;1
11;121;6;1322;42
11;154;7;11999;1
11;10;6;7012;1
11;39;6;1010;2
11;236;6;1322;43
11;236;7;11111;1
11;54;6;1533;5
11;192;6;5060;1
11;168;7;23123;2
11;273;6;7011;1
11;104;7;12100;2
11;261;7;96;10
11;90;7;13258;1
11;133;7;11111;2
11;295;6;5577;1
11;198;6;1500;1
11;198;3;95;5
11;267;6;5511;17
11;248;7;33000;1
11;298;7;43333;2
11;55;6;4000;23
11;101;6;6565;3
11;284;7;13131;1
11;284;7;55888;1
11;199;7;11999;2
11;21;7;65013;2
11;21;7;12345;1
11;310;6;2299;1
11;86;6;1500;1
11;276;6;7007;1
11;121;7;13123;2
11;77;6;5511;4
11;257;7;13222;2
11;203;7;50013;1
11;251;6;2288;13
11;226;6;4567;1
11;10;7;33300;2
11;289;7;13013;1
11;289;7;45333;1
11;282;7;13555;1
11;50;6;4490;1
11;86;5;700;9
11;202;7;12123;2
11;298;6;1221;9
11;218;6;4477;12
11;46;7;55678;1
11;301;5;555;4
11;2;5;131;53
11;122;6;4400;2
11;145;7;33193;1
11;226;7;22999;1
11;246;6;6565;1
11;268;6;2233;3
11;202;7;12300;1
11;157;7;15333;6
11;78;6;1322;55
11;303;5;131;151
11;148;6;95;17
11;171;7;13258;10
11;239;6;5555;40
11;88;6;2222;2
11;75;5;555;1
11;156;6;1222;1
11;156;6;1234;1
11;22;6;5511;7
11;22;7;15010;1
11;193;7;44123;1
11;226;7;43333;1
11;226;7;55888;1
11;202;6;11;1
11;202;6;12;3
11;202;6;13;4
11;202;6;14;1
11;202;6;22;1
11;202;6;33;1
11;202;7;10;1
11;202;7;12;2
11;202;7;13;8
11;202;7;15;1
11;202;7;40;1
11;202;7;55;1
11;202;7;70;1
11;31;5;555;1
11;84;5;96;4
11;123;7;15888;4
11;3;7;95;7
11;3;6;1111;12
11;302;7;12111;2
11;284;7;22222;4
11;284;7;44190;2
11;129;7;12111;34
11;115;6;1533;2
11;199;7;50013;1
11;48;6;8080;1
11;15;6;6565;1
11;300;6;1010;4
11;304;7;33193;1
11;275;5;96;17
11;289;5;96;21
11;104;6;1322;40
11;268;6;2244;7
11;295;7;44111;1
11;62;3;95;1
11;206;6;1020;1
11;225;7;44123;1
11;239;6;2200;3
11;54;6;2233;3
11;183;5;95;10
11;169;6;4567;1
11;10;7;15122;10
11;247;6;2222;3
11;198;6;1221;5
11;110;6;2288;14
11;49;6;7090;2
11;290;6;5007;1
11;290;6;5044;1
11;152;7;13123;10
11;77;7;15555;1
11;268;6;1313;1
11;282;7;96;6
11;182;6;1533;6
11;74;3;13;148
11;119;7;13456;9
11;8;7;12999;36
11;206;6;2277;7
11;207;7;13132;3
11;207;7;70222;1
11;206;6;4488;3
11;305;6;4444;1
11;243;6;6565;3
11;296;7;96;7
11;145;6;7044;1
11;39;6;1222;1
11;83;6;2288;4
11;257;6;2222;12
11;31;6;1221;1
11;36;6;1033;2
11;267;6;4422;2
11;180;6;1221;36
11;260;6;1122;2
11;143;6;2222;6
11;295;5;95;7
11;123;6;1233;1
11;286;7;70321;1
11;248;5;131;201
11;238;7;13456;13
11;238;7;15888;1
11;73;7;11113;1
11;140;7;15123;9
11;253;6;5515;1
11;109;6;13;2
11;109;6;22;1
11;109;6;33;1
11;109;6;70;1
11;109;7;12;1
11;109;7;13;4
11;109;7;22;1
11;109;7;55;2
11;199;7;11;2
11;199;7;12;5
11;199;7;13;8
11;199;7;22;1
11;199;7;40;2
11;36;7;11111;2
11;132;7;13222;1
11;169;7;22777;2
11;41;6;44;1
11;41;7;12;1
11;41;7;13;16
11;41;7;40;1
11;41;6;11;2
11;41;6;12;3
11;41;6;13;5
11;304;6;1331;1
11;115;7;22556;3
11;278;6;1000;1
11;307;6;5060;1
11;246;6;5060;1
11;49;7;23192;1
11;181;6;5522;1
11;181;6;95;14
11;39;7;22022;7
11;285;6;5060;4
11;148;7;12114;2
11;198;7;12222;37
11;218;7;22777;1
11;150;6;1500;3
11;226;6;6565;2
11;194;7;45333;2
11;267;5;131;184
11;183;6;2255;1
11;62;7;13456;11
11;304;7;10123;1
11;108;6;4410;2
11;132;7;22010;1
11;293;7;11111;2
11;16;3;13;45
11;252;7;12222;48
11;285;7;11111;1
11;282;6;13;6
11;282;7;10;1
11;282;7;13;7
11;282;7;22;1
11;282;7;44;2
11;282;7;70;1
11;253;7;12600;4
11;267;7;15122;41
11;267;7;43640;1
11;243;7;13132;3
11;193;7;65123;1
11;121;7;15123;1
11;133;5;95;7
11;182;7;12000;1
11;39;6;4410;6
11;218;7;65013;1
11;188;7;12333;1
11;29;7;45000;1
11;310;7;15122;8
11;275;6;2266;1
11;294;7;22222;1
11;183;6;6565;1
11;86;6;13;2
11;86;6;45;1
11;86;6;55;2
11;86;7;11;1
11;86;7;13;6
11;86;7;15;1
11;108;7;12999;32
11;176;7;96;4
11;180;7;95;2
11;197;7;13258;2
11;283;7;11444;8
11;275;7;12144;1
11;66;7;13777;1
11;251;7;70222;1
11;254;6;1000;3
11;23;7;96;3
11;228;7;96;8
11;219;6;2244;3
11;176;7;55555;7
11;169;3;95;3
11;226;7;12600;1
11;153;7;15123;3
11;241;7;50500;1
11;277;7;23123;1
11;241;3;44;22
11;143;7;15122;5
11;299;6;5511;1
11;299;5;160;1
11;38;6;5511;13
11;104;7;12111;2
11;127;7;55888;3
11;195;7;12222;33
11;20;7;12999;42
11;44;7;44123;2
11;286;6;2288;15
11;281;7;50777;2
11;9;7;13123;7
11;183;7;22222;4
11;123;7;23192;1
11;183;7;44190;2
11;182;6;4477;20
11;236;6;11;1
11;236;6;12;3
11;236;6;13;3
11;236;6;22;1
11;236;6;44;1
11;236;7;12;2
11;236;7;13;12
11;236;7;15;1
11;236;7;22;1
11;236;7;70;2
11;293;6;13;1
11;293;6;15;1
11;293;7;12;3
11;293;7;13;1
11;293;7;22;1
11;75;7;12;1
11;75;7;13;20
11;75;7;15;1
11;75;7;18;1
11;75;7;22;1
11;75;7;23;1
11;298;3;12;72
11;119;6;4000;28
11;133;6;4477;1
11;50;7;10000;1
11;54;3;13;86
11;122;6;1111;8
11;122;7;95;5
11;205;7;15123;1
11;115;3;12;55
11;275;6;1522;1
11;241;6;2255;2
11;182;7;15000;1
11;21;6;1214;2
11;120;7;12222;64
11;265;7;11113;1
11;265;7;22022;2
11;9;5;131;167
11;35;7;44369;14
11;281;6;7011;1
11;89;7;70123;4
11;203;3;95;3
11;287;6;5500;1
11;182;7;11444;22
11;248;3;95;1
11;88;6;1055;1
11;46;7;22010;1
11;97;7;96;1
11;257;6;5555;38
11;206;6;4422;1
11;210;6;1277;1
11;89;7;43211;1
11;64;6;1322;58
11;193;7;36123;1
11;83;6;4444;7
11;219;7;22555;4
11;83;6;1321;1
11;3;3;96;3
11;82;7;96;8
11;214;6;2244;5
11;89;6;1000;3
11;265;7;55888;1
11;82;7;13777;1
11;228;6;1232;1
11;260;7;12444;3
11;250;6;1221;2
11;156;6;1513;1
11;310;6;4477;1
11;307;7;13;2
11;307;7;45;1
11;307;7;70;1
11;307;6;12;1
11;307;6;15;1
11;307;6;44;1
11;246;7;12222;23
11;299;7;13123;8
11;168;5;95;10
11;6;6;95;7
11;37;7;13234;1
11;83;7;44123;3
11;188;5;555;3
11;53;3;12;65
11;278;6;7090;1
11;289;6;1292;2
11;133;6;3323;1
11;239;7;22111;1
11;306;6;1292;1
11;111;5;95;9
11;284;7;22120;2
11;10;6;1213;8
11;176;7;11222;1
11;282;6;4490;4
11;282;6;5588;2
11;171;6;4000;11
11;169;6;1299;1
11;289;7;22022;1
11;154;7;12500;5
11;157;6;13;2
11;157;6;70;1
11;157;7;12;1
11;157;7;13;3
11;259;6;12;1
11;259;6;40;1
11;259;7;12;1
11;259;7;13;4
11;259;7;15;1
11;259;7;40;1
11;251;6;12;6
11;251;6;13;4
11;251;6;15;1
11;251;6;44;1
11;251;6;55;2
11;251;7;11;1
11;251;7;12;6
11;251;7;13;16
11;172;3;44;7
11;121;6;5533;2
11;55;3;12;25
11;132;3;96;3
11;88;7;22022;3
11;91;7;33789;1
11;186;3;12;19
11;112;7;10369;2
11;215;6;1321;1
11;286;6;7011;2
11;281;6;4410;3
11;105;7;22555;2
11;249;6;2201;1
11;250;7;15122;43
11;228;6;1818;1
11;236;6;5511;11
11;86;7;33888;1
11;83;6;1313;6
11;281;6;1522;1
11;283;6;11;1
11;283;6;12;1
11;283;6;13;3
11;283;6;55;1
11;283;7;11;2
11;283;7;13;6
11;283;7;70;1
11;47;7;96;12
11;243;5;96;13
11;167;7;12144;1
11;185;6;2244;8
11;194;3;13;68
11;58;7;70070;1
11;293;7;13123;2
11;257;7;44447;1
11;78;6;1010;3
11;78;6;4456;1
11;291;3;13;95
11;167;7;23190;2
11;69;7;96;2
11;303;7;50500;1
11;77;6;3323;1
11;249;7;22022;5
11;271;6;2201;1
11;204;6;4488;2
11;88;6;4000;17
11;9;6;96;10
11;200;6;5567;1
11;267;7;15333;3
11;91;6;4477;1
11;47;6;5044;1
11;145;7;15222;1
11;83;3;96;10
11;169;7;45111;1
11;86;6;11;1
11;86;6;12;1
11;305;7;11999;1
11;134;6;2244;7
11;184;6;1313;1
11;296;7;10100;1
11;197;3;95;3
11;197;6;1500;2
11;147;6;2255;1
11;300;6;2222;6
11;304;7;45300;1
11;90;3;13;78
11;90;6;4422;4
11;295;7;12123;1
11;62;6;2288;2
11;294;6;1533;1
11;198;7;13013;1
11;198;7;45333;1
11;69;6;5555;45
11;111;6;3600;1
11;208;6;2244;8
11;280;6;2244;6
11;194;6;2211;2
11;274;7;15122;33
11;148;7;13132;2
11;225;7;44666;1
11;226;6;1221;5
11;104;6;2022;1
11;289;5;555;3
11;1;6;1322;23
11;168;6;4490;5
11;148;6;2211;2
11;168;6;1277;1
11;188;3;96;3
11;186;6;4444;1
11;202;6;1221;1
11;15;6;1277;1
11;87;6;1333;1
11;257;7;12555;1
11;306;3;12;57
11;207;3;95;3
11;251;7;13222;4
11;300;7;13222;2
11;186;7;55555;19
11;67;7;95;5
11;25;6;1221;5
11;138;7;11113;7
11;199;7;11113;1
11;38;7;13123;5
11;171;7;13133;1
11;275;6;2244;14
11;134;7;12144;1
11;296;6;4455;1
11;249;6;5599;1
11;111;7;44123;6
11;172;7;12000;1
11;145;6;22;2
11;145;7;13;18
11;145;7;14;1
11;145;7;15;2
11;145;7;22;1
11;145;7;45;1
11;145;7;55;1
11;238;6;95;14
11;238;7;45000;1
11;277;6;95;6
11;277;7;45000;1
11;67;6;1333;1
11;270;6;2299;1
11;195;6;4445;1
11;236;7;96;6
11;136;6;1512;2
11;195;6;1145;1
11;106;7;11999;2
11;133;6;1213;6
11;168;7;44666;2
11;290;6;1010;6
11;182;7;12555;3
11;189;7;13333;2
11;9;6;2200;1
11;86;7;13456;3
11;218;7;15;2
11;218;7;22;1
11;218;7;55;1
11;218;6;13;3
11;302;6;4490;1
11;302;6;5588;1
11;54;7;10000;1
11;281;6;1201;1
11;10;6;2255;1
11;48;7;13123;5
11;84;3;13;76
11;271;7;55011;1
11;238;7;44123;1
11;305;7;70070;1
11;289;6;2211;4
11;8;6;1533;3
11;171;7;11444;7
11;50;7;33111;1
11;38;5;131;203
11;104;7;11444;14
11;167;7;33000;1
11;287;7;45000;3
11;287;7;22222;4
11;75;7;50500;1
11;282;7;44022;1
11;295;6;7060;3
11;206;6;1145;1
11;160;7;90684;1
11;153;6;4477;1
11;91;7;13258;3
11;215;6;7011;2
11;297;6;1213;9
11;89;7;10000;2
11;278;6;1020;1
11;143;7;11444;6
11;48;7;22777;5
11;2;5;96;5
11;286;6;5055;2
11;286;7;11222;5
11;304;6;96;6
11;193;6;1299;1
11;47;6;1326;1
11;90;6;4410;4
11;240;7;12144;3
11;88;7;13258;3
11;47;6;95;15
11;136;7;12222;15
11;254;6;5511;9
11;41;7;13132;1
11;41;7;70222;3
11;38;7;33000;1
11;35;7;15123;3
11;91;7;70070;3
11;257;6;4410;3
11;86;7;12222;73
11;27;5;96;5
11;249;7;22010;1
11;216;6;1221;3
11;53;7;12999;17
11;111;6;4477;3
11;195;5;555;2
11;115;7;12222;33
11;295;6;4321;2
11;287;7;33222;1
11;271;6;6565;2
11;248;7;10555;1
11;31;7;12500;2
11;138;6;4444;3
11;129;6;2288;3
11;287;7;15888;4
11;261;7;15333;1
11;15;7;15333;2
11;7;3;96;3
11;283;5;95;3
11;112;6;4000;13
11;108;3;95;2
11;117;6;1292;2
11;117;7;43456;1
11;293;7;70070;1
11;20;6;4000;5
11;204;5;131;182
11;296;6;1222;4
11;225;7;70222;2
11;86;6;1533;19
11;238;6;4490;1
11;47;6;1233;2
11;228;6;2211;8
11;108;7;11113;1
11;145;3;12;31
11;153;7;12500;4
11;226;7;13234;1
11;164;6;96;3
11;292;6;44;1
11;292;6;55;1
11;156;6;1111;7
11;292;7;13;10
11;296;3;95;12
11;135;6;1333;1
11;36;7;45000;1
11;268;6;96;4
11;197;7;65123;1
11;218;7;12222;36
11;66;7;96;4
11;136;6;5511;10
11;288;6;4000;22
11;20;6;1326;1
11;44;7;15122;26
11;210;6;5555;46
11;299;6;7090;1
11;299;6;1299;2
11;293;7;55011;1
11;284;6;1313;1
11;265;6;96;13
11;80;7;45300;1
11;310;7;10737;2
11;271;6;1214;3
11;154;7;15151;1
11;68;6;1213;1
11;304;6;4533;1
11;86;6;2200;1
11;49;6;5005;1
11;10;6;4410;1
11;197;6;3378;1
11;90;7;22022;1
11;293;7;96;7
11;167;6;2277;16
11;40;3;16;1
11;82;3;12;52
11;307;6;4000;13
11;203;7;22022;3
11;168;7;22010;1
11;38;7;22010;2
11;5;3;13;58
11;54;3;96;8
11;64;6;5555;25
11;292;6;2211;5
11;37;6;1213;19
11;192;7;70222;1
11;192;7;13132;2
11;83;6;1299;1
11;46;7;33000;1
11;274;6;1314;1
11;73;6;1322;65
11;196;6;5060;4
11;148;6;5001;2
11;29;7;13132;3
11;287;7;13131;1
11;287;7;55888;2
11;252;6;1292;1
11;10;7;13333;1
11;123;7;15122;31
11;216;6;2255;1
11;226;3;96;7
11;261;7;14444;1
11;101;5;700;11
11;83;6;4000;8
11;306;6;1326;1
11;185;7;44543;1
11;290;6;1222;2
11;143;7;23123;1
11;301;7;23192;3
11;82;6;4410;4
11;2;3;12;14
11;294;6;95;9
11;158;6;7040;3
11;88;6;2200;1
11;297;7;65013;2
11;246;7;15333;2
11;38;6;4406;1
11;240;7;13222;1
11;261;7;44333;1
11;232;6;1213;12
11;86;6;6565;1
11;303;7;12500;4
11;241;7;13222;3
11;75;3;12;55
11;296;5;131;170
11;90;6;4080;1
11;242;3;13;68
11;271;6;4444;7
11;167;7;13258;1
11;77;6;5533;4
11;77;7;33777;1
11;89;5;96;10
11;290;3;13;122
11;298;6;2211;2
11;289;6;2222;2
11;225;6;5511;9
11;46;3;95;5
11;46;6;1500;1
11;54;7;15122;6
11;10;6;12;1
11;10;6;13;5
11;68;7;15122;9
11;15;3;13;186
11;261;3;13;132
11;112;5;555;1
11;121;6;1299;1
11;232;6;4400;2
11;273;7;10000;1
11;41;7;13777;1
11;27;5;95;3
11;171;7;12123;2
11;48;7;10122;1
11;295;7;50013;2
11;108;7;15333;2
11;305;6;4477;3
11;66;7;12456;1
11;285;6;4080;2
11;46;7;50777;1
11;138;6;1222;1
11;91;7;22556;3
11;15;6;1222;1
11;204;7;45333;3
11;160;6;2222;6
11;3;7;13333;2
11;134;6;1292;1
11;186;5;96;2
11;226;6;7040;1
11;257;6;1292;1
11;58;7;70333;1
11;104;6;4400;1
11;289;6;2277;8
11;228;7;36190;1
11;53;7;12300;1
11;204;6;2244;4
11;171;7;13456;23
11;171;7;15888;1
11;28;6;1322;22
11;66;6;4567;3
11;86;5;131;165
11;46;5;700;50
11;30;6;5555;16
11;185;6;7011;1
11;284;6;4422;2
11;58;7;22777;3
11;129;6;2222;1
11;236;7;13222;6
11;66;6;2222;2
11;274;7;22555;2
11;89;6;1292;2
11;101;3;44;21
11;243;6;4000;22
11;48;3;44;69
11;91;7;33000;1
11;115;7;13123;2
11;16;7;13;3
11;16;6;12;1
11;16;6;30;1
11;16;7;30;1
11;265;7;12000;2
11;302;7;12333;1
11;180;7;23123;1
11;249;6;4000;28
11;110;5;96;14
11;198;7;10000;1
11;270;7;13222;6
11;296;7;44123;2
11;239;6;1145;1
11;39;7;45000;1
11;115;6;2244;3
11;208;7;11222;9
11;208;6;5055;3
11;249;7;22000;1
11;46;6;2211;2
11;152;6;1533;17
11;152;7;15333;4
11;293;6;1012;1
11;185;6;2222;1
11;192;7;11444;9
11;272;7;33888;1
11;123;6;2323;2
11;181;6;2233;1
11;253;3;96;11
11;274;6;1533;9
11;289;6;1213;4
11;15;7;11444;11
11;91;7;22555;1
11;214;5;96;16
11;252;6;4410;1
11;179;7;44666;3
11;203;7;70070;1
11;272;7;65013;2
11;288;7;13789;1
11;167;7;12500;2
11;261;7;13132;2
11;9;7;13456;9
11;9;7;15888;1
11;238;6;1016;1
11;282;7;15122;35
11;154;7;12888;1
11;225;5;131;196
11;46;7;95;22
11;46;6;1111;5
11;121;7;12222;69
11;47;7;23123;1
11;215;7;23123;1
11;291;7;22022;2
11;218;7;33888;3
11;168;6;95;16
11;257;3;12;68
11;287;5;131;183
11;26;7;22;1
11;26;7;12;1
11;26;7;13;7
11;26;7;15;1
11;26;7;45;2
11;105;6;11;2
11;105;6;44;1
11;105;6;55;1
11;105;7;11;1
11;105;7;13;2
11;105;7;14;1
11;105;7;15;1
11;105;7;22;1
11;105;7;70;1
11;157;6;11;1
11;285;7;12500;10
11;105;7;44567;1
11;284;7;11999;1
11;228;7;33111;1
11;214;6;4490;1
11;117;3;12;64
11;242;6;5511;4
11;150;7;12300;1
11;194;6;4477;1
11;15;7;44567;1
11;38;7;70007;4
11;109;3;95;1
11;288;6;1213;10
11;197;6;2222;3
11;286;7;55234;2
11;6;6;4000;7
11;122;6;95;3
11;122;7;45000;1
11;143;7;12500;3
11;26;7;96;3
11;99;6;5555;14
11;72;7;10123;1
11;200;7;44123;1
11;169;6;1533;7
11;9;5;555;2
11;295;7;11222;4
11;302;7;44543;1
11;39;6;7090;1
11;77;6;5555;23
11;160;6;1213;1
11;196;6;5050;1
11;82;7;15151;1
11;290;6;4488;1
11;148;7;22111;1
11;136;6;2244;17
11;97;6;1512;1
11;10;6;4447;1
11;46;7;11444;9
11;277;6;4444;16
11;133;7;12114;2
11;265;7;13789;1
11;66;7;15888;1
11;66;7;13456;34
11;258;5;131;145
11;248;7;50000;1
11;252;7;65013;1
11;203;6;1155;1
11;298;6;4400;3
11;107;7;23123;6
11;286;7;50444;1
11;115;3;21;1
11;185;7;43211;1
11;239;6;1214;1
11;232;6;1221;2
11;168;6;4445;4
11;120;6;1515;1
11;275;5;555;2
11;297;6;2222;5
11;123;7;70190;1
11;236;7;15151;1
11;16;3;12;10
11;89;3;44;31
11;267;5;95;18
11;44;6;4410;4
11;41;7;13456;8
11;286;6;1313;1
11;167;5;700;23
11;258;6;95;11
11;5;7;22555;2
11;305;7;12011;1
11;98;6;6565;1
11;39;6;4490;1
11;29;3;13;113
11;91;6;3300;1
11;110;7;15;4
11;110;7;40;2
11;110;7;70;1
11;77;6;1010;1
11;41;7;70300;1
11;39;7;12144;3
11;204;5;96;15
11;41;7;96;6
11;250;6;1299;2
11;49;6;2277;4
11;168;6;9010;1
11;50;7;45333;1
11;76;7;13456;8
11;6;3;95;5
11;194;7;11111;1
11;7;6;90;1
11;238;7;12222;39
11;310;3;95;2
11;247;7;15120;1
11;37;7;12500;11
11;236;7;15333;5
11;111;7;45333;5
11;251;7;70000;1
11;207;7;12111;1
11;207;7;33200;1
11;62;6;5555;74
11;48;6;5013;1
11;87;6;1212;1
11;215;7;15123;8
11;83;6;1010;4
11;286;7;44123;2
11;304;7;22555;1
11;270;6;7040;1
11;189;6;2288;2
11;195;6;1313;2
11;193;6;7090;1
11;74;6;96;2
11;134;6;1234;1
11;196;6;5588;1
11;260;6;1221;8
11;49;7;22123;1
11;134;6;1000;2
11;111;6;1213;14
11;242;6;4456;5
11;248;6;1010;1
11;225;6;4444;2
11;243;5;555;2
11;232;7;23123;1
11;274;6;2255;3
11;47;6;7090;1
11;192;3;44;40
11;99;6;2233;1
11;111;7;10000;1
11;267;7;10000;1
11;21;6;1313;1
11;241;7;33000;1
11;254;6;1213;7
11;274;3;96;7
11;254;7;15222;1
11;205;3;95;6
11;35;7;44190;1
11;228;7;23192;1
11;158;7;12999;6
11;189;3;44;20
11;193;6;1512;1
11;116;7;12600;3
11;40;7;11444;4
11;160;6;6565;3
11;104;6;96;2
11;272;6;2255;3
11;206;6;6565;3
11;111;6;2277;9
11;182;7;95;8
11;273;6;4447;1
11;207;6;1533;10
11;184;6;1322;55
11;288;6;5511;11
11;20;6;96;7
11;299;5;95;6
11;38;5;95;5
11;241;6;4422;2
11;154;6;1512;1
11;275;6;4490;1
11;275;6;5588;6
11;202;3;95;11
11;76;7;12222;36
11;238;7;13789;1
11;197;3;44;37
11;10;6;4000;15
11;300;6;1133;1
11;287;7;11444;7
11;288;6;1277;1
11;239;6;4488;1
11;206;5;131;224
11;89;6;95;10
11;83;7;95;25
11;83;6;1111;21
11;119;7;95;4
11;243;6;2201;1
11;31;6;2244;5
11;48;7;55234;1
11;176;6;1299;2
11;134;7;70333;1
11;292;7;15;1
11;292;7;45;1
11;292;7;55;2
11;181;6;1213;6
11;195;7;44369;1
11;285;6;13;4
11;285;6;55;1
11;285;7;11;2
11;285;7;12;1
11;285;7;13;3
11;97;6;12;1
11;97;6;65;1
11;97;7;12;3
11;97;7;13;5
11;9;6;1533;4
11;302;6;7011;1
11;148;6;1511;1
11;41;7;50500;1
11;8;6;2222;6
11;31;7;96;9
11;296;6;2211;1
11;65;6;7069;1
11;195;6;2288;2
11;157;6;1213;10
11;30;6;3000;2
11;108;6;1533;2
11;23;6;4477;6
11;120;7;13234;1
11;179;6;4000;4
11;155;7;44666;1
11;251;7;33222;1
11;97;7;12222;10
11;41;6;1010;1
11;205;7;12222;35
11;291;7;44123;3
11;9;6;1322;27
11;219;5;95;3
11;117;7;10000;1
11;257;6;4422;3
11;303;7;13132;2
11;192;7;13222;1
11;87;6;2244;3
11;88;6;1500;1
11;216;6;4477;1
11;179;6;6565;1
11;10;6;1299;2
11;22;7;11113;1
11;40;7;95;3
11;196;7;33233;1
11;200;7;13456;43
11;200;7;15888;1
11;48;6;4456;2
11;192;7;22556;1
11;25;5;555;1
11;1;5;96;13
11;218;6;2200;2
11;272;6;4447;2
11;204;7;70222;2
11;239;6;1010;3
11;204;6;2288;13
11;129;6;4456;8
11;6;6;4444;1
11;199;7;15122;4
11;83;6;4477;6
11;31;6;1512;4
11;91;7;23123;2
11;295;7;12100;1
11;192;6;4456;3
11;252;6;2288;2
11;272;6;2244;3
11;279;7;13456;22
11;47;3;44;93
11;28;5;96;22
11;203;3;21;2
11;83;7;22777;4
11;69;7;12500;2
11;134;7;45333;3
11;301;7;13222;3
11;301;7;44999;1
11;215;6;11;2
11;47;7;13;3
11;47;7;44;1
11;47;7;45;1
11;215;6;12;3
11;197;7;13234;1
11;91;7;55555;1
11;214;3;96;3
11;242;6;4410;6
11;248;6;4410;1
11;48;6;6565;3
11;226;6;96;4
11;7;7;13456;17
11;7;7;15888;1
11;86;3;44;13
11;247;6;1322;30
11;120;6;4422;2
11;195;7;15;1
11;195;7;13;5
11;195;6;11;2
11;195;6;13;4
11;195;6;33;1
11;297;6;1016;1
11;130;6;13;2
11;130;6;14;1
11;130;6;33;1
11;252;3;13;139
11;31;6;2233;2
11;148;6;1277;1
11;249;6;1533;5
11;277;3;12;30
11;6;6;1322;17
11;101;7;22777;2
11;203;7;15151;2
11;249;6;2323;1
11;143;3;96;4
11;80;5;555;1
11;155;7;96;12
11;20;7;12222;20
11;62;7;12999;11
11;98;7;44444;1
11;36;6;5511;9
11;295;3;95;5
11;5;6;5555;73
11;228;6;1010;4
11;228;6;4456;1
11;106;6;1010;2
11;106;6;4456;1
11;226;7;70222;2
11;226;7;13132;1
11;210;6;1222;1
11;3;6;5555;13
11;226;7;22777;6
11;82;7;45333;4
11;153;7;44369;1
11;240;5;95;4
11;153;6;4400;1
11;195;5;95;3
11;41;6;1122;1
11;197;6;4445;2
11;301;6;5533;6
11;53;7;15122;10
11;239;6;1322;28
11;117;6;1512;2
11;198;6;1214;1
11;226;3;44;83
11;27;3;95;2
11;49;7;15577;1
11;281;7;70007;1
11;37;6;4477;2
11;277;6;4422;1
11;26;7;43456;1
11;219;7;13123;6
11;158;7;65123;1
11;89;7;55011;1
11;281;7;22222;1
11;286;6;1522;1
11;254;6;4488;1
11;240;7;11777;1
11;261;7;33789;1
11;116;7;12999;80
11;226;7;55555;1
11;148;5;96;16
11;196;6;4000;23
11;196;7;12500;6
11;243;6;1277;1
11;232;6;1292;2
11;275;3;12;55
11;200;6;4477;1
11;89;6;4410;13
11;35;6;7011;1
11;290;7;50777;1
11;249;7;12111;1
11;249;5;555;5
11;26;6;4466;1
11;272;7;12999;16
11;283;6;1221;1
11;27;7;96;2
11;288;7;22556;1
11;196;3;12;60
11;202;6;4555;1
11;35;6;2244;1
11;69;3;13;159
11;25;6;1122;1
11;301;6;1023;1
11;158;3;95;4
11;9;6;1311;1
11;22;6;4400;1
11;305;6;5555;39
11;204;6;1512;1
11;261;7;65700;1
11;5;7;45333;3
11;129;6;2277;18
11;243;7;12333;1
11;282;3;13;145
11;289;7;12100;1
11;82;5;131;216
11;160;7;55678;1
11;136;7;70007;4
11;243;7;95;12
11;297;6;5599;1
11;226;5;555;1
11;136;3;95;8
11;267;6;5533;6
11;7;7;70123;4
11;7;5;700;13
11;295;6;2233;1
11;265;6;2211;3
11;288;5;700;45
11;121;6;1533;6
11;252;7;70123;4
11;252;5;700;21
11;275;3;95;13
11;293;7;13456;6
11;293;7;15888;3
11;68;7;12500;1
11;249;7;13123;2
11;249;5;96;9
11;194;7;12300;2
11;305;3;12;55
11;119;6;2277;1
11;285;6;5055;4
11;285;7;11222;6
11;199;7;43640;1
11;91;6;2222;7
11;195;7;70123;2
11;195;5;700;31
11;172;6;1000;1
11;145;6;2277;2
11;10;7;12999;43
11;116;6;1322;21
11;111;6;2201;1
11;145;5;96;18
11;116;3;13;129
11;260;6;1429;1
11;67;3;44;17
11;251;3;13;118
11;39;5;95;7
11;101;7;95;6
11;3;7;12000;1
11;196;7;11444;9
11;202;6;1322;42
11;167;6;1313;1
11;158;6;2222;2
11;88;6;6565;1
11;188;7;96;1
11;35;7;13123;40
11;158;7;22777;5
11;41;7;55678;1
11;193;6;4447;1
11;275;7;50500;1
11;306;6;8080;1
11;40;5;95;2
11;99;6;4410;2
11;284;3;96;7
11;228;6;4499;1
11;158;7;15122;34
11;35;3;95;2
11;198;5;131;187
11;168;6;5001;1
11;298;6;5001;1
11;301;6;4010;1
11;39;7;12;2
11;39;7;13;6
11;39;7;44;1
11;253;6;96;6
11;277;6;4410;5
11;78;7;70222;14
11;208;7;23192;3
11;104;7;13258;5
11;176;7;13456;18
11;240;6;2211;2
11;44;6;4456;2
11;44;6;1010;4
11;117;6;2200;1
11;73;7;96;2
11;228;6;4000;16
11;296;7;13133;1
11;298;7;12222;49
11;148;6;4455;1
11;157;7;44123;1
11;180;6;4406;1
11;130;7;22222;3
11;198;7;33888;1
11;242;3;95;11
11;270;7;15120;1
11;204;6;1213;6
11;73;6;4444;9
11;257;7;50777;1
11;10;6;96;6
11;153;6;4488;1
11;288;6;2277;12
11;5;6;95;2
11;132;7;10000;2
11;75;7;33600;2
11;152;6;1222;2
11;215;6;1201;1
11;145;6;1277;1
11;122;3;12;36
11;181;6;2255;1
11;310;6;1292;1
11;241;7;11222;1
11;37;7;22222;3
11;37;7;44190;3
11;260;3;44;11
11;36;6;2210;1
11;183;6;2277;2
11;181;6;1010;5
11;181;6;4456;1
11;153;6;5511;5
11;183;6;2244;9
11;9;7;70123;3
11;9;5;700;14
11;251;7;22;1
11;251;7;43;1
11;251;7;45;2
11;251;7;70;2
11;303;6;55;1
11;303;7;12;1
11;147;6;1111;1
11;147;7;95;2
11;44;7;12333;2
11;199;6;1533;1
11;152;3;44;22
11;77;5;555;3
11;147;7;13333;1
11;307;7;50500;4
11;249;3;12;100
11;179;6;5511;1
11;214;7;13123;8
11;112;6;5555;35
11;242;6;4445;1
11;298;6;8080;1
11;183;3;13;141
11;289;6;1222;1
11;66;6;2088;1
11;292;7;22777;7
11;104;7;33200;5
11;252;6;4422;2
11;134;7;12300;1
11;15;6;1221;1
11;152;7;12222;57
11;249;6;8080;1
11;197;6;1292;3
11;133;7;45333;1
11;90;6;5566;1
11;132;3;12;62
11;184;6;2244;16
11;249;7;12333;1
11;41;6;4012;1
11;301;7;70007;1
11;261;6;1322;38
11;295;7;33111;2
11;202;7;96;2
11;157;7;55555;3
11;302;7;12999;24
11;196;6;1010;3
11;28;7;44190;2
11;123;6;1213;4
11;257;6;95;21
11;257;7;45000;1
11;9;7;13132;3
11;74;7;13258;3
11;284;6;5055;1
11;284;7;11222;5
11;248;7;45555;1
11;252;7;12444;1
11;252;7;45333;3
11;107;7;96;1
11;30;3;13;101
11;6;6;4477;2
11;50;6;4422;1
11;87;6;2200;1
11;249;7;13133;6
11;305;5;131;119
11;164;7;13132;1
11;25;7;50500;2
11;238;7;22777;5
11;184;7;13456;37
11;287;6;1000;1
11;282;6;5060;1
11;204;7;23190;1
11;84;7;10122;4
11;122;7;44369;1
11;116;7;15122;4
11;226;7;15151;3
11;259;5;96;1
11;88;6;2277;6
11;58;6;1212;1
11;30;6;7040;1
11;155;3;96;9
11;210;7;44666;4
11;84;7;11113;1
11;193;6;1010;1
11;193;6;4456;2
11;302;7;12144;1
11;240;6;4410;1
11;200;6;4000;51
11;9;6;2222;3
11;116;3;12;44
11;180;6;1213;1
11;197;7;12222;48
11;285;6;1292;2
11;127;6;5555;4
11;183;6;1010;4
11;292;7;22022;1
11;72;6;4477;1
11;243;6;1222;2
11;307;6;96;5
11;4;6;5120;1
11;74;6;1322;83
11;240;7;13333;1
11;23;3;44;22
11;181;6;4080;2
11;208;7;70070;1
11;130;6;44;1
11;130;7;12;1
11;130;7;13;7
11;130;7;22;2
11;273;7;15333;3
11;130;6;6565;5
11;40;6;96;2
11;257;7;13456;16
11;257;7;15888;3
11;272;7;12144;2
11;50;7;55888;1
11;285;6;5555;32
11;97;6;5555;3
11;203;7;12222;27
11;202;6;1500;1
11;290;6;5001;1
11;297;6;4444;9
11;5;6;12;1
11;296;6;4422;4
11;53;6;4456;1
11;232;7;13258;2
11;215;7;44888;2
11;153;7;13;12
11;153;7;15;1
11;153;7;22;2
11;153;7;65;1
11;153;7;70;1
11;109;6;12;3
11;238;7;70007;1
11;281;6;5005;1
11;261;7;44345;1
11;48;6;55;1
11;26;6;2255;3
11;188;3;12;57
11;236;7;12500;7
11;111;7;44447;1
11;111;7;44543;1
11;111;6;4004;1
11;62;6;1221;2
11;82;6;4000;12
11;3;7;13222;5
11;44;5;96;18
11;48;7;22190;1
11;48;5;131;202
11;91;7;96;6
11;267;7;13013;1
11;267;7;45333;1
11;286;3;13;115
11;119;7;12999;8
11;91;6;5500;1
11;40;6;1222;1
11;91;7;22111;1
11;31;6;4000;32
11;254;7;12333;1
11;270;7;55888;2
11;36;7;13222;7
11;228;6;4445;3
11;37;7;12222;69
11;274;7;44777;1
11;291;7;22111;1
11;50;6;5555;55
11;307;6;4445;1
11;287;7;23192;3
11;182;7;15120;1
11;236;7;11444;6
11;251;3;95;4
11;98;7;13123;1
11;179;6;4488;1
11;89;6;6565;1
11;80;6;4444;1
11;228;6;4477;6
11;83;6;2255;1
11;210;7;23123;1
11;253;7;13456;15
11;210;6;2222;5
11;284;6;5511;10
11;64;1;12;10
11;268;1;13;158
11;158;1;12;11
11;194;1;13;96
11;189;1;14;1
11;202;1;95;3
11;65;1;13;137
11;278;1;12;18
11;151;1;12;12
11;109;1;22;3
11;151;1;13;77
11;5;1;44;1
11;200;1;95;1
11;73;1;44;1
11;153;1;22;30
11;31;1;13;217
11;27;1;12;5
11;154;1;95;1
11;78;1;12;11
11;194;1;12;15
11;289;1;95;5
11;164;1;95;6
11;275;1;95;4
11;65;1;12;8
11;130;1;95;1
11;207;1;44;1
11;188;1;22;25
11;98;1;95;3
11;106;1;22;9
11;189;1;15;1
11;36;1;15;3
11;199;1;22;45
11;274;1;15;1
11;225;1;15;2
11;250;1;44;1
11;196;1;22;36
11;307;1;15;1
11;121;1;12;20
11;246;1;15;1
11;279;1;22;29
11;268;1;44;1
11;123;1;22;14
11;296;1;12;14
11;132;1;22;55
11;189;1;12;10
11;36;1;12;31
11;204;1;30;1
11;304;1;13;165
11;84;1;12;7
11;105;1;15;1
11;290;1;27;1
11;226;1;22;87
11;259;1;15;2
11;58;1;44;1
11;111;1;15;1
11;74;1;95;1
11;304;1;22;28
11;251;1;15;1
11;283;1;13;80
11;28;1;22;28
11;304;1;12;12
11;272;1;12;25
11;290;1;22;70
11;10;1;22;20
11;89;1;95;4
11;218;1;12;12
11;31;1;15;1
11;88;1;27;1
11;105;1;22;8
11;259;1;22;1
11;105;1;13;111
11;157;1;22;8
11;259;1;13;52
11;274;1;30;1
11;68;1;13;194
11;3;1;13;194
11;55;1;95;2
11;277;1;30;1
11;251;1;22;63
11;148;1;95;5
11;214;1;13;174
11;158;1;13;178
11;157;1;13;73
11;179;1;13;154
11;283;1;96;1
11;310;1;13;66
11;278;1;13;160
11;189;1;22;26
11;36;1;22;78
11;306;1;13;144
11;75;1;13;189
11;246;1;44;1
11;251;1;13;183
11;9;1;13;158
11;285;1;13;168
11;64;1;22;1
11;97;1;13;80
11;176;1;13;235
11;254;1;13;205
11;274;1;96;6
11;225;1;96;3
11;293;1;13;84
11;27;1;13;92
11;111;1;44;1
11;78;1;13;128
11;307;1;96;1
11;205;1;13;170
11;25;1;13;166
11;304;1;95;2
11;257;1;13;186
11;242;1;13;107
11;105;1;95;1
11;259;1;95;1
11;23;1;13;113
11;62;1;13;112
11;215;1;44;2
11;297;1;13;198
11;185;1;13;165
11;133;1;13;138
11;246;1;96;2
11;1;1;13;163
11;180;1;13;137
11;7;1;22;18
11;206;1;44;1
11;216;1;96;4
11;277;1;96;4
11;167;1;13;145
11;203;1;13;175
11;107;1;13;239
11;36;1;30;1
11;152;1;13;224
11;83;1;13;200
11;76;1;13;234
11;248;1;13;200
11;134;1;13;151
11;20;1;22;43
11;189;1;13;184
11;210;1;13;198
11;36;1;13;161
11;117;1;13;182
11;247;1;13;83
11;74;1;22;44
11;265;1;13;202
11;172;1;13;92
11;2;1;13;54
11;69;1;13;200
11;39;1;13;159
11;299;1;13;172
11;38;1;13;161
11;41;1;13;217
11;82;1;13;222
11;122;1;22;21
11;119;1;13;178
11;236;1;13;156
11;228;1;13;199
11;116;1;13;163
11;206;1;13;218
11;22;1;22;50
11;288;1;13;187
11;246;1;95;1
11;239;1;13;163
11;115;1;13;155
11;281;1;22;39
11;219;1;13;166
11;31;1;12;9
11;47;1;13;149
11;16;1;13;52
11;270;1;13;207
11;215;1;13;202
11;295;1;13;208
11;30;1;13;115
11;195;1;13;115
11;277;1;95;1
11;289;1;22;34
11;164;1;22;23
11;275;1;22;67
11;169;1;13;176
11;130;1;22;25
11;184;1;13;231
11;150;1;13;139
11;198;1;13;164
11;54;1;13;126
11;181;1;13;202
11;182;1;13;197
11;291;1;13;145
11;283;1;12;3
11;168;1;13;205
11;298;1;13;194
11;202;1;22;60
11;129;1;13;179
11;302;1;13;173
11;105;1;96;1
11;160;1;13;212
11;156;1;13;122
11;287;1;13;186
11;282;1;95;8
11;91;1;13;182
11;251;1;96;8
11;193;1;13;117
11;292;1;22;48
11;208;1;13;163
11;280;1;13;112
11;98;1;22;10
11;301;1;13;163
11;140;1;44;1
11;189;1;95;2
11;36;1;95;4
11;127;1;13;99
11;241;1;44;1
11;101;1;13;203
11;48;1;13;177
11;268;1;96;2
11;67;1;13;184
11;112;1;13;181
11;31;1;96;12
11;110;1;13;148
11;40;1;13;128
11;300;1;13;199
11;4;1;13;223
11;252;1;13;184
11;72;1;13;239
11;260;1;13;106
11;135;1;13;129
11;145;1;13;166
11;274;1;12;34
11;225;1;12;10
11;232;1;13;167
11;65;1;44;1
11;133;1;44;1
11;64;1;96;3
11;284;1;95;3
11;303;1;95;2
11;249;1;13;153
11;189;1;96;7
11;241;1;95;1
11;36;1;96;5
11;268;1;95;1
11;225;1;14;1
11;194;1;96;2
11;65;1;96;9
11;151;1;96;1
11;171;1;12;12
11;157;1;12;6
11;250;1;12;20
11;99;1;12;7
11;304;1;96;4
11;140;1;95;1
11;171;1;13;209
11;286;1;12;31
11;204;1;95;1
11;250;1;13;200
11;99;1;13;98
11;111;1;96;3
11;277;1;80;1
11;251;1;12;12
11;58;1;12;13
11;155;1;12;9
11;267;1;12;29
11;286;1;13;169
11;120;1;13;157
11;273;1;12;16
11;267;1;13;158
11;140;1;96;1
11;49;1;21;1
11;283;1;95;1
11;305;1;13;101
11;284;1;96;7
11;303;1;96;1
11;117;1;12;12
11;58;1;13;144
11;155;1;13;149
11;116;1;12;8
11;206;1;12;12
11;282;1;96;2
11;172;1;12;5
11;261;1;13;186
11;15;1;13;218
11;82;1;12;10
11;90;1;13;111
11;47;1;12;32
11;215;1;12;12
11;268;1;12;12
11;273;1;13;181
11;194;1;95;2
11;65;1;95;1
11;186;1;12;3
11;151;1;95;1
11;204;1;96;6
11;274;1;95;6
11;225;1;95;8
11;65;1;16;1
11;89;1;22;33
11;53;1;12;10
11;5;1;12;5
11;73;1;12;3
11;207;1;13;181
11;143;1;22;40
11;186;1;13;100
11;207;1;12;18
11;49;1;13;160
11;276;1;13;238
11;55;1;22;6
11;53;1;13;144
11;9;1;12;23
11;5;1;13;107
11;73;1;13;196
11;148;1;22;54
11;77;1;22;26
11;200;1;22;43
11;207;1;80;1
11;62;1;12;15
11;154;1;22;26
11;194;1;22;57
11;65;1;22;15
11;133;1;12;14
11;151;1;22;21
11;140;1;12;4
11;9;1;15;2
11;284;1;12;16
11;140;1;22;32
11;303;1;12;15
11;284;1;22;44
11;136;1;13;170
11;303;1;22;28
11;241;1;12;13
11;307;1;22;100
11;26;1;12;11
11;246;1;22;62
11;172;1;22;11
11;299;1;21;1
11;204;1;12;20
11;82;1;22;30
11;216;1;22;24
11;277;1;22;25
11;64;1;13;115
11;282;1;22;57
11;30;1;14;1
11;47;1;22;99
11;215;1;22;57
11;241;1;22;21
11;86;1;13;151
11;26;1;22;30
11;133;1;15;3
11;204;1;22;51
11;62;1;15;1
11;283;1;22;13
11;111;1;22;40
11;268;1;22;37
11;31;1;22;26
11;116;1;22;30
11;206;1;22;47
11;274;1;22;88
11;225;1;22;44
11;214;1;14;1
11;172;1;15;2
11;21;1;13;109
11;47;1;15;1
11;53;1;22;35
11;5;1;22;18
11;73;1;22;14
11;207;1;15;1
11;171;1;15;1
11;299;1;95;2
11;38;1;95;2
11;5;1;15;1
11;73;1;15;4
11;205;1;95;2
11;206;1;15;2
11;104;1;13;134
11;167;1;95;1
11;152;1;95;5
11;307;1;12;23
11;246;1;12;17
11;240;1;13;159
11;242;1;95;1
11;197;1;13;167
11;111;1;12;17
11;294;1;13;115
11;186;1;15;1
11;238;1;13;200
11;16;1;95;2
11;140;1;13;54
11;284;1;13;165
11;291;1;95;3
11;129;1;95;4
11;302;1;95;3
11;160;1;12;15
11;216;1;12;10
11;277;1;12;3
11;239;1;95;5
11;66;1;13;188
11;54;1;95;2
11;274;1;13;174
11;225;1;13;182
11;303;1;13;130
11;286;1;15;1
11;119;1;80;1
11;62;1;96;1
11;241;1;13;200
11;267;1;15;3
11;26;1;13;172
11;75;1;12;12
11;133;1;96;4
11;9;1;22;22
11;47;1;96;5
11;215;1;96;4
11;23;1;95;2
11;273;1;15;2
11;282;1;12;14
11;67;1;80;1
11;176;1;12;5
11;39;1;22;69
11;111;1;13;153
11;41;1;22;27
11;293;1;12;19
11;25;1;12;28
11;86;1;22;16
11;204;1;13;170
11;214;1;95;6
11;179;1;95;4
11;261;1;22;34
11;15;1;22;30
11;90;1;22;42
11;301;1;95;1
11;307;1;13;132
11;8;1;12;20
11;246;1;13;191
11;207;1;22;53
11;216;1;13;205
11;171;1;22;45
11;277;1;13;173
11;250;1;22;46
11;232;1;95;1
11;99;1;22;22
11;53;1;96;6
11;5;1;96;1
11;67;1;95;2
11;73;1;96;2
11;300;1;95;2
11;287;1;12;10
11;53;1;30;1
11;310;1;95;1
11;208;1;12;41
11;280;1;12;5
11;7;1;96;3
11;288;1;22;52
11;282;1;13;191
11;260;1;95;3
11;303;1;15;3
11;127;1;12;2
11;195;1;22;36
11;285;1;95;5
11;241;1;15;1
11;97;1;95;1
11;22;1;96;3
11;112;1;12;13
11;250;1;96;6
11;135;1;22;17
11;40;1;12;6
11;204;1;15;1
11;91;1;95;3
11;281;1;96;4
11;145;1;22;7
11;117;1;22;41
11;193;1;95;3
11;119;1;95;2
11;276;1;14;1
11;82;1;96;9
11;252;1;95;1
11;169;1;22;21
11;150;1;22;8
11;20;1;96;6
11;297;1;12;25
11;185;1;12;5
11;116;1;96;4
11;206;1;96;3
11;181;1;22;43
11;182;1;22;41
11;257;1;95;3
11;219;1;22;23
11;115;1;12;13
11;226;1;96;4
11;270;1;12;13
11;74;1;96;3
11;140;1;15;1
11;122;1;96;2
11;284;1;15;3
11;290;1;96;3
11;10;1;96;8
11;2;1;12;3
11;295;1;22;54
11;168;1;12;19
11;298;1;12;21
11;58;1;22;40
11;207;1;96;4
11;83;1;12;17
11;155;1;22;34
11;134;1;12;13
11;171;1;96;1
11;279;1;15;1
11;28;1;96;7
11;203;1;22;60
11;107;1;22;17
11;76;1;22;12
11;132;1;15;2
11;101;1;22;25
11;48;1;22;79
11;109;1;96;1
11;62;1;22;7
11;72;1;22;15
11;260;1;22;16
11;236;1;12;26
11;133;1;22;54
11;228;1;12;9
11;210;1;22;52
11;184;1;12;15
11;247;1;22;8
11;117;1;96;3
11;198;1;12;20
11;286;1;22;92
11;156;1;12;28
11;265;1;22;63
11;172;1;96;1
11;290;1;15;2
11;267;1;22;83
11;89;1;96;4
11;58;1;96;3
11;16;1;22;14
11;155;1;96;6
11;232;1;22;35
11;67;1;22;20
11;66;1;12;14
11;286;1;96;4
11;106;1;96;4
11;300;1;22;29
11;4;1;22;36
11;294;1;12;3
11;238;1;12;14
11;199;1;96;2
11;9;1;96;11
11;27;1;22;11
11;153;1;96;7
11;78;1;22;12
11;252;1;22;42
11;267;1;96;4
11;188;1;96;2
11;195;1;12;17
11;273;1;96;4
11;257;1;22;63
11;143;1;96;3
11;169;1;12;9
11;150;1;12;22
11;55;1;96;6
11;242;1;22;50
11;65;1;15;1
11;248;1;22;7
11;181;1;12;14
11;148;1;96;6
11;240;1;22;50
11;77;1;96;2
11;247;1;12;4
11;151;1;15;1
11;197;1;22;42
11;265;1;12;15
11;200;1;96;4
11;154;1;96;4
11;285;1;96;3
11;97;1;96;4
11;196;1;96;3
11;279;1;96;4
11;66;1;22;47
11;239;1;22;82
11;123;1;96;9
11;132;1;96;2
11;202;1;96;2
11;182;1;12;12
11;54;1;22;23
11;219;1;12;18
11;294;1;22;6
11;238;1;22;33
11;91;1;96;4
11;292;1;96;5
11;291;1;22;40
11;193;1;96;5
11;129;1;22;41
11;302;1;22;34
11;98;1;96;2
11;289;1;96;8
11;273;1;22;39
11;164;1;96;6
11;275;1;96;4
11;1;1;22;16
11;130;1;96;2
11;180;1;22;13
11;301;1;96;5
11;30;1;22;15
11;69;1;22;16
11;1;1;12;16
11;180;1;12;11
11;72;1;96;5
11;69;1;12;8
11;295;1;12;19
11;119;1;22;21
11;232;1;96;1
11;67;1;96;2
11;240;1;12;10
11;158;1;22;23
11;23;1;22;19
11;197;1;12;21
11;278;1;22;44
11;186;1;22;2
11;292;1;15;2
11;288;1;12;11
11;101;1;12;21
11;48;1;12;30
11;39;1;15;1
11;153;1;15;1
11;145;1;12;3
11;188;1;15;1
11;49;1;15;1
11;135;1;12;9
11;104;1;22;22
11;30;1;96;5
11;261;1;96;1
11;15;1;96;5
11;299;1;22;44
11;38;1;22;73
11;90;1;96;1
11;199;1;15;1
11;203;1;12;16
11;107;1;12;14
11;76;1;12;9
11;196;1;15;1
11;210;1;12;12
11;254;1;96;5
11;281;1;15;1
11;285;1;12;25
11;97;1;12;3
11;21;1;96;2
11;254;1;22;37
11;110;1;22;44
11;23;1;12;11
11;22;1;44;2
11;21;1;22;49
11;205;1;22;55
11;205;1;96;4
11;281;1;44;1
11;167;1;12;13
11;152;1;12;16
11;239;1;12;28
11;249;1;15;4
11;68;1;12;6
11;3;1;12;10
11;167;1;22;41
11;152;1;22;24
11;74;1;15;1
11;89;1;44;2
11;91;1;12;12
11;193;1;12;16
11;89;1;15;1
11;120;1;15;1
11;254;1;12;22
11;104;1;96;1
11;68;1;22;13
11;3;1;22;19
11;136;1;22;36
11;54;1;12;15
11;291;1;12;8
11;90;1;15;3
11;129;1;12;11
11;302;1;12;13
11;74;1;44;1
11;214;1;12;17
11;9;1;14;1
11;21;1;15;3
11;179;1;12;4
11;299;1;96;2
11;38;1;96;5
11;249;1;96;7
11;305;1;22;71
11;205;1;12;16
11;143;1;15;1
11;214;1;22;22
11;179;1;22;8
11;49;1;22;35
11;276;1;22;5
11;30;1;12;5
11;310;1;22;30
11;49;1;96;1
11;143;1;44;1
11;276;1;96;1
11;261;1;15;2
11;15;1;15;1
11;148;1;15;1
11;301;1;12;19
11;167;1;96;1
11;148;1;44;1
11;77;1;44;1
11;152;1;96;5
11;310;1;12;7
11;68;1;96;2
11;3;1;96;1
11;306;1;12;21
11;249;1;22;84
11;120;1;96;1
11;120;1;22;30
11;214;1;96;2
11;179;1;96;3
11;72;1;12;13
11;260;1;12;13
11;306;1;22;51
11;305;1;96;9
11;136;1;96;5
11;310;1;96;1
11;232;1;12;15
11;67;1;12;10
11;285;1;22;46
11;97;1;22;19
11;306;1;96;1
11;119;1;96;4
11;39;1;96;2
11;41;1;96;3
11;91;1;22;41
11;239;1;96;2
11;86;1;96;6
11;54;1;96;3
11;299;1;12;7
11;38;1;12;26
11;7;1;15;1
11;291;1;96;5
11;164;1;15;2
11;275;1;15;1
11;129;1;96;5
11;302;1;96;5
11;202;1;15;2
11;110;1;96;3
11;200;1;15;1
11;154;1;15;2
11;289;1;15;1
11;193;1;22;36
11;10;1;21;1
11;21;1;44;1
11;49;1;95;4
11;276;1;95;2
11;301;1;22;73
11;300;1;12;7
11;4;1;12;10
11;22;1;15;1
11;252;1;12;10
11;21;1;95;3
11;279;1;44;1
11;123;1;44;1
11;106;1;44;1
11;199;1;44;2
11;168;1;95;1
11;298;1;95;3
11;148;1;30;1
11;239;1;44;1
11;226;1;44;2
11;249;1;95;3
11;257;1;12;15
11;120;1;95;2
11;302;1;44;1
11;198;1;16;1
11;112;1;16;1
11;127;1;95;1
11;112;1;95;3
11;40;1;95;1
11;300;1;96;2
11;4;1;96;6
11;297;1;95;2
11;185;1;95;1
11;242;1;12;21
11;248;1;12;11
11;252;1;96;7
11;136;1;95;2
11;152;1;44;1
11;115;1;95;3
11;68;1;44;2
11;176;1;95;1
11;293;1;95;1
11;86;1;95;4
11;200;1;44;1
11;119;1;12;8
11;257;1;96;3
11;270;1;95;5
11;39;1;95;1
11;242;1;96;3
11;248;1;96;3
11;15;1;95;3
11;90;1;95;1
11;228;1;95;4
11;41;1;95;3
11;7;1;44;1
11;16;1;12;13
11;130;1;44;1
11;188;1;13;177
11;106;1;13;203
11;16;1;96;2
11;110;1;44;1
11;91;1;44;1
11;41;1;16;1
11;260;1;44;1
11;184;1;95;3
11;203;1;21;1
11;198;1;95;2
11;8;1;95;3
11;292;1;44;3
11;98;1;44;1
11;156;1;95;3
11;86;1;12;22
11;287;1;95;3
11;279;1;13;170
11;123;1;13;175
11;132;1;13;138
11;295;1;30;1
11;249;1;12;36
11;35;1;22;21
11;208;1;95;5
11;30;1;44;1
11;120;1;12;12
11;199;1;13;182
11;83;1;95;1
11;134;1;95;1
11;66;1;30;1
11;196;1;13;179
11;136;1;12;17
11;254;1;44;2
11;305;1;12;24
11;84;1;22;8
11;138;1;22;17
11;127;1;96;2
11;104;1;12;13
11;167;1;44;1
11;112;1;96;4
11;87;1;13;178
11;40;1;96;1
11;80;1;22;11
11;49;1;12;14
11;276;1;12;11
11;299;1;15;3
11;6;1;22;19
11;38;1;15;8
11;87;1;22;36
11;109;1;13;183
11;153;1;13;141
11;98;1;14;1
11;9;1;95;2
11;153;1;95;2
11;226;1;13;170
11;297;1;96;10
11;50;1;22;41
11;185;1;96;3
11;35;1;13;259
11;115;1;96;6
11;188;1;95;1
11;261;1;12;21
11;15;1;12;25
11;195;1;30;1
11;106;1;95;1
11;270;1;96;5
11;167;1;15;1
11;90;1;12;22
11;152;1;15;1
11;199;1;95;1
11;68;1;15;1
11;84;1;13;86
11;196;1;95;3
11;62;1;95;1
11;253;1;22;29
11;289;1;13;170
11;164;1;13;166
11;275;1;13;168
11;130;1;13;201
11;147;1;22;8
11;186;1;95;2
11;192;1;13;108
11;2;1;96;2
11;121;1;22;36
11;202;1;13;197
11;88;1;13;100
11;168;1;96;2
11;298;1;96;9
11;271;1;13;202
11;296;1;22;48
11;28;1;13;189
11;29;1;13;179
11;290;1;13;177
11;272;1;22;35
11;10;1;13;194
11;214;1;15;10
11;46;1;22;79
11;218;1;22;48
11;133;1;95;2
11;20;1;95;1
11;293;1;96;5
11;258;1;22;11
11;8;1;13;175
11;108;1;22;5
11;37;1;22;78
11;183;1;22;40
11;7;1;95;2
11;292;1;13;175
11;160;1;96;8
11;243;1;22;41
11;98;1;13;241
11;22;1;95;1
11;44;1;22;62
11;207;1;95;2
11;281;1;95;3
11;171;1;95;2
11;123;1;95;3
11;132;1;95;3
11;271;1;22;53
11;110;1;12;12
11;29;1;22;53
11;21;1;12;20
11;239;1;30;1
11;250;1;95;5
11;226;1;95;2
11;99;1;95;1
11;192;1;22;45
11;88;1;22;37
11;7;1;13;196
11;8;1;96;7
11;58;1;95;2
11;155;1;95;2
11;138;1;13;185
11;290;1;95;3
11;10;1;95;2
11;20;1;13;183
11;300;1;15;4
11;252;1;15;2
11;143;1;13;173
11;25;1;96;6
11;188;1;14;1
11;55;1;13;206
11;39;1;12;35
11;41;1;12;18
11;80;1;13;76
11;6;1;13;131
11;238;1;15;2
11;89;1;13;194
11;247;1;95;1
11;265;1;95;1
11;22;1;13;109
11;83;1;96;4
11;281;1;13;192
11;134;1;96;3
11;74;1;13;199
11;121;1;13;219
11;278;1;95;3
11;296;1;13;171
11;267;1;95;2
11;240;1;95;1
11;272;1;13;180
11;273;1;95;3
11;200;1;13;200
11;242;1;15;1
11;154;1;13;156
11;90;1;44;1
11;117;1;95;1
11;258;1;13;146
11;122;1;13;145
11;181;1;15;2
11;53;1;95;1
11;5;1;95;1
11;219;1;15;1
11;218;1;13;222
11;46;1;13;154
11;135;1;95;1
11;148;1;13;203
11;77;1;13;211
11;75;1;96;3
11;176;1;96;4
11;203;1;95;1
11;76;1;95;2
11;210;1;95;1
11;172;1;95;1
11;82;1;95;4
11;48;1;15;1
11;195;1;95;1
11;49;1;44;1
11;169;1;95;1
11;150;1;95;1
11;181;1;95;3
11;47;1;95;3
11;215;1;95;5
11;44;1;13;140
11;295;1;15;1
11;205;1;15;2
11;249;1;44;1
11;120;1;44;1
11;278;1;15;3
11;22;1;12;20
11;50;1;13;199
11;27;1;15;1
11;288;1;95;4
11;281;1;12;26
11;294;1;95;2
11;238;1;95;3
11;20;1;12;9
11;254;1;15;1
11;295;1;95;5
11;253;1;13;148
11;74;1;12;10
11;147;1;13;127
11;306;1;15;2
11;78;1;95;1
11;206;1;95;3
11;199;1;12;20
11;101;1;95;1
11;48;1;95;3
11;132;1;12;20
11;236;1;96;4
11;228;1;96;7
11;91;1;30;1
11;109;1;12;10
11;153;1;12;24
11;108;1;13;179
11;196;1;12;12
11;37;1;13;173
11;183;1;13;181
11;91;1;15;1
11;203;1;15;1
11;279;1;12;14
11;193;1;15;1
11;243;1;13;190
11;123;1;12;20
11;210;1;15;2
11;188;1;12;5
11;1;1;95;1
11;180;1;95;2
11;106;1;12;9
11;1;1;15;1
11;232;1;30;1
11;226;1;12;24
11;69;1;15;2
11;160;1;22;27
11;285;1;15;2
11;169;1;15;1
11;28;1;12;15
11;260;1;15;10
11;290;1;12;28
11;10;1;12;17
11;75;1;22;38
11;184;1;96;6
11;265;1;15;2
11;176;1;22;17
11;200;1;12;16
11;46;1;12;34
11;293;1;22;70
11;184;1;22;9
11;7;1;12;13
11;198;1;22;42
11;16;1;30;1
11;119;1;15;2
11;250;1;27;1
11;58;1;27;1
11;25;1;22;28
11;8;1;22;24
11;198;1;96;5
11;239;1;15;2
11;202;1;12;17
11;287;1;96;5
11;291;1;15;1
11;292;1;12;18
11;129;1;15;2
11;302;1;15;1
11;98;1;12;7
11;138;1;12;11
11;271;1;30;1
11;156;1;22;20
11;87;1;95;6
11;154;1;12;13
11;287;1;22;62
11;289;1;12;21
11;164;1;12;9
11;275;1;12;17
11;130;1;12;10
11;271;1;12;18
11;208;1;22;77
11;280;1;22;11
11;89;1;12;13
11;272;1;30;1
11;122;1;12;7
11;35;1;12;6
11;83;1;22;43
11;134;1;22;54
11;127;1;22;8
11;143;1;12;16
11;112;1;22;21
11;55;1;12;8
11;40;1;22;15
11;44;1;15;2
11;208;1;96;2
11;280;1;96;3
11;258;1;12;6
11;148;1;12;25
11;77;1;12;12
11;44;1;12;23
11;236;1;22;40
11;228;1;22;58
11;50;1;12;17
11;29;1;12;11
11;29;1;95;4
11;80;1;12;3
11;6;1;12;7
11;297;1;22;31
11;185;1;22;32
11;271;1;15;1
11;87;1;12;17
11;121;1;15;2
11;115;1;22;23
11;270;1;22;48
11;192;1;12;17
11;80;1;95;1
11;6;1;95;1
11;296;1;15;3
11;88;1;12;27
11;2;1;22;5
11;272;1;15;1
11;253;1;95;1
11;168;1;22;52
11;298;1;22;49
11;108;1;95;2
11;253;1;12;14
11;37;1;95;1
11;183;1;95;1
11;121;1;95;2
11;147;1;12;10
11;296;1;95;9
11;218;1;15;1
11;108;1;12;6
11;37;1;12;29
11;183;1;12;15
11;46;1;15;2
11;296;1;14;1
11;272;1;95;1
11;243;1;12;18
11;253;1;44;2
11;147;1;44;1
11;46;1;95;3
11;218;1;95;3
11;50;1;95;3
11;192;1;44;1
11;147;1;15;1
11;192;1;95;1
11;253;1;96;4
11;147;1;96;3
11;37;1;15;2
11;203;1;96;4
11;107;1;96;5
11;76;1;96;3
11;210;1;96;2
11;258;1;95;3
11;176;1;15;2
11;158;1;96;3
11;247;1;96;2
11;44;1;95;1
11;293;1;15;2
11;108;1;96;5
11;37;1;96;5
11;183;1;96;5
11;270;1;15;3
11;243;1;96;6
11;243;1;95;2
11;8;1;30;1
11;78;1;44;1
11;192;1;96;3
11;192;1;15;1
11;25;1;15;1
11;88;1;96;5
11;88;1;15;1
11;278;1;96;1
11;271;1;95;5
11;265;1;96;5
11;27;1;96;1
11;78;1;96;3
11;88;1;95;3
11;80;1;15;1
11;83;1;15;2
11;121;1;21;1
11;87;1;15;2
11;134;1;30;2
11;168;1;15;1
11;29;1;96;5
11;35;1;15;1
11;138;1;96;3
11;168;1;44;1
11;236;1;15;1
11;228;1;15;1
11;40;1;14;1
11;218;1;44;1
11;1;1;44;1
11;180;1;44;1
11;208;1;15;3
11;280;1;15;1
11;6;1;96;1
11;87;1;96;9
11;160;1;15;1
11;138;1;15;1
11;44;1;44;1
11;228;1;30;1
11;240;1;96;4
11;197;1;96;6
11;298;1;14;1
11;29;1;44;1
11;184;1;15;2
11;156;1;15;1
11;127;1;15;1
11;35;1;96;2
11;297;1;15;1
11;185;1;15;1
11;121;1;96;3
11;296;1;96;9
11;1;1;96;2
11;180;1;96;2
11;2;1;30;1
11;168;1;30;1
11;258;1;96;9
11;272;1;96;3
11;69;1;96;2
11;46;1;96;5
11;218;1;96;5
11;44;1;96;4
11;288;1;96;10
11;50;1;96;1
11;66;1;96;2
11;195;1;96;4
11;169;1;96;1
11;271;1;96;8
11;181;1;96;3
11;182;1;96;5
11;295;1;96;4
11;101;1;96;8
11;48;1;96;2
11;84;1;96;1
11;135;1;96;2
11;294;1;96;1
11;238;1;96;7
11;145;1;96;5
11;293;1;30;1
11;83;1;44;1
11;295;1;44;1
11;228;1;44;1
11;156;1;44;1
11;181;1;44;1
11;48;1;44;3
11;197;1;44;1
11;297;1;44;1
11;203;1;44;2
11;210;1;44;2
11;238;1;44;1
11;75;1;44;1
