zona;secao;cargo;numero;votos
35;51;6;96;4
35;93;6;4488;30
35;19;6;1201;3
35;179;6;2255;1
35;39;7;12999;1
35;171;5;700;60
35;144;6;2288;1
35;187;7;44777;1
35;26;6;4410;7
35;182;6;2200;4
35;42;6;4456;2
35;30;3;12;27
35;59;7;12345;1
35;59;7;65013;1
35;114;6;15;3
35;114;6;22;1
35;104;7;45645;1
35;87;6;1233;2
35;105;6;4000;3
35;179;5;95;14
35;5;6;5533;2
35;187;6;2323;1
35;36;6;5013;1
35;114;3;44;55
35;9;6;1515;1
35;35;6;1533;103
35;6;7;22556;3
35;147;6;1010;1
35;124;7;44777;1
35;40;3;12;8
35;90;6;7040;1
35;153;7;44777;7
35;15;7;33000;1
35;94;6;11;2
35;94;6;12;5
35;94;6;13;2
35;94;6;15;2
35;94;6;18;1
35;94;6;22;1
35;94;6;33;1
35;94;6;50;1
35;94;6;51;1
35;54;3;95;9
35;54;6;1500;1
35;27;6;5555;2
35;92;7;95;5
35;140;6;5013;19
35;22;3;44;63
35;103;6;4490;3
35;1;6;1111;1
35;1;7;95;14
35;7;7;70333;1
35;21;6;4447;1
35;29;7;22022;1
35;12;7;12300;4
35;124;6;2222;2
35;8;7;15120;1
35;8;7;12345;2
35;26;7;22120;1
35;103;3;44;76
35;85;5;700;33
35;35;6;2211;2
35;23;6;1123;1
35;70;7;12123;2
35;34;7;11999;1
35;122;7;13555;6
35;113;6;4000;6
35;130;7;22422;2
35;153;7;95;6
35;50;6;5500;1
35;58;6;1323;1
35;114;3;12;14
35;177;7;95;10
35;87;6;2288;1
35;22;6;2222;8
35;8;7;22555;1
35;144;7;10;1
35;144;6;13;1
35;144;6;15;2
35;144;6;44;2
35;144;7;11;1
35;144;7;12;1
35;144;7;13;16
35;144;7;15;1
35;144;7;33;2
35;144;7;44;1
35;144;7;70;1
35;48;6;13;3
35;48;6;40;1
35;48;7;10;1
35;48;7;11;1
35;48;7;12;1
35;48;7;13;7
35;48;7;22;1
35;48;7;44;1
35;48;7;45;1
35;48;7;55;1
35;48;7;70;1
35;9;6;4490;2
35;60;6;1322;8
35;25;6;1333;2
35;19;7;40888;2
35;120;3;12;11
35;163;7;44101;2
35;129;7;22556;1
35;96;6;4488;13
35;170;6;5050;1
35;170;6;5044;1
35;127;7;44777;10
35;120;6;1322;2
35;18;7;11999;6
35;63;6;2255;1
35;72;6;4000;5
35;91;7;12555;1
35;49;6;5511;1
35;93;7;12123;9
35;54;6;5013;4
35;32;5;700;13
35;59;7;45333;3
35;78;7;12888;3
35;78;7;13333;1
35;1;6;1292;1
35;61;6;95;5
35;113;6;1933;1
35;122;7;96;10
35;7;7;13133;1
35;74;7;11111;1
35;16;7;22222;2
35;16;7;44190;3
35;135;6;5013;5
35;16;3;13;158
35;147;6;5555;1
35;94;7;11999;2
35;178;6;1313;1
35;74;6;1233;17
35;30;6;1221;1
35;111;7;12888;8
35;166;7;13132;5
35;128;6;1010;1
35;59;7;96;5
35;53;6;4455;1
35;21;6;4455;5
35;169;6;2288;1
35;108;6;2288;1
35;81;7;55555;1
35;164;6;1000;2
35;30;6;1213;25
35;47;7;23123;1
35;142;7;70007;1
35;54;7;11100;1
35;179;6;2277;2
35;105;6;1323;1
35;101;7;70;1
35;101;7;13;3
35;101;7;15;2
35;101;7;22;1
35;177;6;12;1
35;177;6;13;4
35;177;6;15;1
35;177;6;50;1
35;177;7;13;5
35;177;7;70;1
35;177;7;90;1
35;181;7;12;2
35;181;7;13;1
35;181;7;44;1
35;181;7;55;1
35;72;3;12;24
35;136;7;12300;7
35;7;7;10123;4
35;12;6;1016;1
35;105;7;44888;2
35;155;6;5013;4
35;166;7;44123;2
35;70;3;95;9
35;96;7;45333;3
35;154;5;555;24
35;25;6;1313;1
35;20;6;4488;17
35;168;7;11000;11
35;20;7;65700;5
35;172;6;1245;1
35;172;7;22422;9
35;129;7;70070;1
35;94;5;700;19
35;131;6;96;15
35;87;3;95;3
35;17;7;44444;1
35;103;6;5055;1
35;23;6;1133;1
35;103;6;1311;2
35;114;3;95;4
35;128;6;5120;1
35;71;7;23123;1
35;81;7;11000;89
35;146;6;5044;1
35;27;6;1100;1
35;152;5;95;18
35;26;6;4477;1
35;109;6;5511;1
35;146;7;50444;1
35;70;7;12333;4
35;73;3;13;158
35;20;6;1213;12
35;32;6;4477;1
35;124;6;5013;4
35;48;7;11999;2
35;144;7;22777;2
35;135;6;1245;4
35;135;7;22422;1
35;101;6;1333;2
35;55;7;12888;21
35;135;7;95;33
35;87;6;2222;5
35;23;6;1322;6
35;67;6;1322;4
35;98;6;4410;28
35;13;7;12300;5
35;63;7;12456;34
35;57;7;22777;3
35;55;7;33000;1
35;169;6;5533;2
35;40;6;1533;106
35;98;6;1322;18
35;131;6;4444;5
35;26;7;13456;6
35;177;7;22777;2
35;51;6;4422;1
35;5;7;22422;28
35;5;6;1245;1
35;160;6;5533;3
35;82;7;22777;12
35;135;3;12;27
35;145;6;5599;1
35;98;3;12;32
35;86;6;1010;13
35;86;6;4456;1
35;23;7;45333;5
35;140;5;700;24
35;13;6;4410;5
35;66;6;4488;3
35;153;7;22222;2
35;72;6;4444;1
35;137;6;2277;1
35;42;7;22422;5
35;109;6;1533;100
35;115;6;1234;1
35;105;6;4444;1
35;150;7;45413;3
35;40;3;96;16
35;40;7;33000;1
35;92;3;13;165
35;5;3;12;27
35;45;5;95;23
35;166;6;1213;12
35;170;7;12444;1
35;170;7;45333;4
35;49;7;44;1
35;136;7;13;12
35;136;7;15;2
35;136;7;22;2
35;136;7;40;1
35;136;7;45;1
35;136;7;55;2
35;136;7;70;2
35;136;6;12;1
35;136;6;13;1
35;136;6;15;1
35;136;6;20;1
35;136;6;45;1
35;165;6;11;3
35;85;7;22777;7
35;38;7;12456;30
35;89;7;50500;2
35;10;6;5511;7
35;10;7;22909;1
35;60;5;96;25
35;81;7;70070;1
35;180;7;22222;1
35;180;7;44190;1
35;117;6;1533;74
35;31;6;4567;1
35;171;6;4000;8
35;5;6;4490;4
35;109;7;13234;2
35;105;5;95;19
35;120;6;4455;3
35;35;6;1500;1
35;122;7;12456;32
35;13;7;95;18
35;141;7;95;20
35;23;7;45;1
35;23;7;55;2
35;109;6;10;1
35;109;6;11;3
35;109;6;12;3
35;109;6;13;5
35;109;6;22;1
35;109;6;33;1
35;182;7;30000;1
35;1;6;2210;3
35;144;3;12;20
35;150;6;1313;1
35;72;6;1201;1
35;45;7;12888;2
35;165;7;13456;4
35;35;7;11100;1
35;81;6;2222;14
35;88;6;5013;5
35;103;7;50444;1
35;182;7;23192;1
35;11;7;10123;1
35;2;7;10123;4
35;50;5;131;70
35;180;5;131;122
35;23;7;11111;1
35;68;7;44777;1
35;38;3;13;109
35;19;6;1515;2
35;153;6;2323;1
35;34;3;95;9
35;110;6;5013;1
35;5;6;5599;1
35;179;6;1010;9
35;64;7;12300;6
35;147;5;96;15
35;114;7;22422;3
35;165;6;96;9
35;20;6;4410;2
35;114;7;22222;1
35;136;6;2210;3
35;9;5;131;139
35;54;6;4455;1
35;54;6;5511;3
35;99;6;5511;1
35;7;6;6565;1
35;17;6;4444;1
35;31;6;5511;3
35;158;7;22777;1
35;92;3;44;17
35;137;7;22000;2
35;14;7;50444;3
35;117;6;1313;1
35;33;6;4444;1
35;2;7;65700;8
35;78;7;65700;2
35;132;5;96;17
35;53;6;5013;5
35;22;5;700;37
35;81;3;44;80
35;11;7;12123;4
35;2;7;12123;1
35;51;7;13555;5
35;26;3;95;4
35;53;6;2210;3
35;8;6;5001;1
35;153;6;4488;11
35;152;7;11000;13
35;23;6;4477;1
35;12;7;22777;4
35;100;6;1010;4
35;58;7;95;11
35;150;7;12333;5
35;40;6;2211;1
35;124;5;131;119
35;6;6;1533;83
35;171;6;2277;1
35;95;6;5533;6
35;89;6;1214;1
35;70;7;10123;8
35;148;5;555;11
35;105;5;700;13
35;35;5;700;25
35;94;6;1322;8
35;14;7;44000;1
35;32;7;12888;7
35;1;7;96;16
35;110;3;13;162
35;74;7;50500;4
35;64;6;1111;1
35;106;6;4477;3
35;36;3;12;13
35;13;7;12333;2
35;129;7;12123;2
35;135;5;700;20
35;127;3;95;7
35;50;6;4445;2
35;30;3;21;1
35;144;7;50500;1
35;25;7;44888;4
35;71;5;555;17
35;5;6;5055;1
35;6;6;2222;8
35;52;6;4000;1
35;113;6;1533;58
35;14;7;44777;1
35;81;6;1233;13
35;106;7;50500;1
35;22;7;65700;6
35;54;7;15151;1
35;30;6;4488;27
35;47;6;5511;1
35;19;7;13456;5
35;13;6;1010;14
35;33;7;13777;6
35;93;6;1123;1
35;108;7;22422;17
35;169;7;22422;13
35;108;6;1245;1
35;67;6;1010;3
35;127;6;1533;153
35;173;5;555;12
35;108;7;13555;2
35;169;7;13555;6
35;121;6;2210;3
35;9;7;65700;4
35;23;7;70;1
35;23;7;44;1
35;158;3;95;11
35;19;7;50500;5
35;18;6;7020;1
35;18;6;1111;3
35;18;7;95;13
35;41;6;1123;1
35;115;6;2201;2
35;153;6;1212;1
35;158;7;10000;2
35;103;7;50500;2
35;103;6;1322;9
35;91;6;1245;2
35;91;7;22422;9
35;123;6;1233;3
35;163;7;11999;3
35;13;6;2200;1
35;104;7;12456;15
35;84;6;7040;1
35;36;7;12333;1
35;164;7;44888;2
35;147;6;1233;13
35;51;6;5013;5
35;98;7;13133;1
35;1;6;1234;2
35;122;5;96;35
35;122;6;1326;1
35;158;6;7080;1
35;126;7;11000;106
35;16;7;12444;1
35;47;6;11;2
35;47;6;12;2
35;47;6;13;1
35;47;6;15;1
35;47;6;44;1
35;47;7;11;3
35;47;7;12;3
35;47;7;13;7
35;47;7;33;1
35;47;7;44;2
35;47;7;55;3
35;47;7;70;2
35;23;6;11;7
35;23;6;12;3
35;23;6;13;1
35;23;6;15;1
35;23;6;21;1
35;135;6;1123;1
35;37;7;12300;3
35;6;7;11;2
35;6;7;12;2
35;6;7;13;5
35;28;7;44022;1
35;28;3;21;1
35;61;6;1100;4
35;176;7;22777;1
35;182;3;44;101
35;80;7;22022;1
35;93;6;2277;1
35;73;7;55999;1
35;179;6;1333;1
35;13;7;12888;10
35;170;7;11999;1
35;96;7;45999;2
35;158;6;2201;1
35;25;6;1533;89
35;28;6;1533;92
35;81;7;22777;1
35;31;7;45413;4
35;31;7;12300;18
35;98;7;15333;1
35;48;7;12123;5
35;23;7;36600;1
35;47;5;555;7
35;110;3;95;17
35;10;7;65700;7
35;51;6;1010;3
35;68;7;11999;3
35;71;6;1111;1
35;71;7;95;6
35;42;6;95;11
35;126;6;96;19
35;14;7;11111;1
35;155;7;10123;1
35;124;6;1213;1
35;181;6;4567;1
35;101;6;4003;1
35;109;6;1251;1
35;113;6;5013;1
35;97;7;96;12
35;68;6;95;19
35;21;7;12000;1
35;27;6;4488;10
35;77;7;12999;3
35;67;7;15555;1
35;19;7;11999;2
35;91;5;131;257
35;136;6;2244;1
35;171;6;5533;5
35;52;7;12123;11
35;31;7;22222;1
35;60;7;22422;2
35;9;6;96;11
35;92;6;13;3
35;92;6;15;9
35;92;6;22;1
35;92;6;33;1
35;92;6;50;1
35;92;7;11;5
35;92;7;12;1
35;92;7;13;21
35;92;7;15;1
35;92;7;65;1
35;92;7;70;1
35;180;6;12;1
35;160;5;95;8
35;147;6;4411;1
35;70;3;44;52
35;147;7;11100;1
35;168;6;7040;1
35;155;7;65700;1
35;55;7;45333;1
35;165;6;2277;8
35;99;6;1322;1
35;106;7;65700;19
35;181;7;12123;2
35;147;6;1213;3
35;81;5;131;186
35;111;6;4455;16
35;7;6;1233;16
35;106;6;4444;1
35;165;7;12123;5
35;126;6;1213;4
35;132;7;12123;1
35;25;7;44777;1
35;120;6;2210;5
35;27;6;1313;1
35;131;6;1213;2
35;70;6;1122;1
35;38;7;12123;1
35;145;7;12456;41
35;11;6;22;1
35;11;7;12;1
35;11;7;13;10
35;11;7;15;3
35;11;7;44;1
35;11;7;45;2
35;115;6;12;1
35;49;7;12123;2
35;147;7;12888;15
35;160;6;95;15
35;122;6;1213;8
35;157;7;95;20
35;157;6;5511;1
35;109;3;44;41
35;90;6;1111;1
35;85;3;96;14
35;120;7;13555;4
35;53;7;96;13
35;80;7;44888;1
35;177;5;131;103
35;15;6;5013;2
35;20;6;2210;3
35;104;6;4488;5
35;12;7;12123;1
35;8;6;96;4
35;111;7;96;4
35;36;7;12300;7
35;36;7;45413;1
35;82;7;12999;1
35;45;7;50444;1
35;96;7;11000;104
35;84;7;95;15
35;69;6;96;5
35;40;7;15333;1
35;72;6;1292;1
35;36;7;11000;85
35;170;3;13;144
35;5;7;45333;5
35;116;6;4477;1
35;165;7;11000;61
35;129;7;10123;2
35;112;6;96;3
35;180;5;96;4
35;38;7;13;4
35;38;7;55;1
35;38;7;70;1
35;98;6;12;4
35;98;6;15;2
35;98;6;22;1
35;98;6;44;2
35;98;6;50;1
35;98;7;10;2
35;98;7;11;2
35;98;7;12;5
35;98;7;13;19
35;98;7;15;2
35;98;7;44;1
35;98;7;45;2
35;98;7;55;1
35;98;7;70;1
35;7;6;12;1
35;7;6;13;2
35;7;6;15;3
35;7;7;11;1
35;133;6;2277;6
35;104;7;96;11
35;132;3;12;21
35;146;7;12123;8
35;29;7;13555;3
35;112;7;22777;1
35;30;7;23190;1
35;5;6;2211;2
35;70;7;22422;8
35;56;7;22022;1
35;66;7;12456;3
35;152;6;4410;4
35;41;6;2255;1
35;108;6;4477;4
35;171;7;13555;2
35;16;6;1213;17
35;57;7;12888;10
35;61;3;13;215
35;105;7;22422;5
35;111;5;96;17
35;173;7;22222;4
35;160;5;700;12
35;2;6;5044;1
35;2;7;12333;2
35;33;5;131;153
35;115;5;131;102
35;13;3;95;16
35;177;7;10123;3
35;84;6;4000;17
35;100;5;700;15
35;29;7;22111;1
35;38;7;11000;95
35;61;7;11000;128
35;141;7;12456;91
35;59;7;11999;1
35;101;7;12555;1
35;177;7;13132;1
35;27;7;45333;2
35;145;7;96;10
35;14;7;22422;8
35;56;6;1292;1
35;27;5;131;159
35;42;6;1213;5
35;55;6;5013;6
35;30;6;5013;6
35;103;7;36600;2
35;72;7;22555;1
35;78;7;65013;1
35;20;6;1333;2
35;142;6;1100;1
35;117;3;95;3
35;104;7;95;12
35;66;6;1213;5
35;111;3;96;14
35;8;5;700;63
35;4;7;13131;2
35;166;6;1113;1
35;50;7;22422;1
35;157;7;44000;1
35;114;7;12300;7
35;92;6;4445;1
35;142;7;70000;2
35;108;3;44;49
35;182;6;2222;16
35;96;6;2201;1
35;120;7;44888;4
35;58;7;22422;2
35;99;5;700;24
35;18;7;44777;4
35;126;3;13;174
35;114;6;1533;72
35;125;7;10000;1
35;110;7;22422;12
35;17;7;12888;8
35;17;7;13333;1
35;33;6;95;15
35;2;6;12;2
35;2;6;13;2
35;2;6;15;1
35;2;6;44;1
35;2;6;51;1
35;2;7;11;1
35;2;7;12;4
35;2;7;13;11
35;2;7;15;2
35;2;7;44;1
35;2;7;45;2
35;58;6;1533;97
35;31;7;96;4
35;110;7;11000;63
35;130;7;50500;1
35;1;7;44444;1
35;99;6;1213;7
35;2;7;70090;1
35;29;7;11000;89
35;89;7;10123;1
35;92;3;96;12
35;73;6;1292;1
35;78;6;95;15
35;165;7;70070;2
35;68;6;4488;34
35;111;6;1533;92
35;73;3;44;46
35;22;7;44888;5
35;160;7;15000;1
35;137;7;13131;1
35;168;3;12;20
35;68;7;13456;1
35;163;6;4000;12
35;11;7;13123;1
35;158;7;44027;1
35;108;7;65700;9
35;169;7;65700;7
35;38;6;1010;4
35;122;6;2222;4
35;169;6;2222;18
35;98;6;2277;5
35;157;3;12;15
35;132;7;10123;1
35;177;7;96;7
35;60;6;1313;3
35;135;6;4410;44
35;34;6;2211;13
35;110;6;1010;3
35;82;7;13555;5
35;127;6;1233;7
35;89;7;23192;1
35;68;5;555;11
35;158;7;45999;1
35;23;5;95;15
35;170;6;1201;2
35;117;7;22422;2
35;105;7;13456;11
35;105;7;15888;1
35;181;6;1111;8
35;165;7;11999;8
35;7;3;13;150
35;85;7;12123;2
35;47;5;95;4
35;14;7;96;1
35;5;3;13;149
35;41;6;2277;4
35;59;7;22222;2
35;97;3;96;17
35;35;6;4488;18
35;137;3;13;143
35;2;6;6565;2
35;22;6;1215;1
35;120;3;13;118
35;88;6;2211;3
35;91;6;2211;2
35;10;7;22556;1
35;116;7;11999;2
35;39;7;13555;7
35;14;6;1010;3
35;104;6;4000;16
35;35;7;44888;4
35;41;6;5013;1
35;1;6;1010;9
35;16;7;55555;1
35;22;7;13555;1
35;65;6;4000;33
35;34;6;4000;2
35;187;6;5013;2
35;91;6;4000;8
35;146;6;1322;9
35;69;6;5098;1
35;124;5;96;13
35;41;7;44888;8
35;35;7;10000;1
35;126;6;2323;1
35;105;7;22022;1
35;61;7;12345;1
35;145;6;1221;1
35;105;5;131;203
35;157;7;12300;12
35;23;7;44456;1
35;165;6;4000;10
35;97;7;45333;6
35;173;5;96;12
35;113;3;13;101
35;10;6;4490;3
35;120;5;95;6
35;157;7;12456;8
35;70;5;700;36
35;4;7;44888;7
35;20;6;1002;1
35;126;7;65700;1
35;40;5;95;13
35;15;6;2288;2
35;140;6;1234;1
35;176;7;44000;1
35;38;6;2288;2
35;128;6;2211;11
35;135;7;12300;12
35;17;6;4422;1
35;131;6;4440;1
35;12;6;1322;3
35;18;7;11111;1
35;74;7;65700;8
35;48;6;1533;41
35;176;3;12;13
35;158;6;5555;1
35;113;6;4455;4
35;90;6;4488;13
35;55;7;50500;1
35;14;7;12600;1
35;14;7;65700;6
35;165;7;12888;27
35;129;7;15151;1
35;70;6;4490;2
35;165;6;4488;45
35;61;6;4000;9
35;81;7;10000;3
35;170;6;4444;1
35;86;3;44;38
35;1;6;4444;1
35;120;6;4490;1
35;108;6;5533;8
35;30;7;12333;18
35;95;3;13;114
35;126;6;95;14
35;4;6;2222;10
35;150;5;131;210
35;169;6;1251;1
35;144;7;95;19
35;104;7;12345;1
35;17;6;5599;2
35;57;7;12123;1
35;36;6;4477;2
35;123;5;96;11
35;94;3;96;24
35;37;6;95;8
35;66;6;95;2
35;169;6;2210;2
35;108;6;2210;3
35;3;7;22456;1
35;51;5;96;21
35;95;7;45333;5
35;114;7;45300;8
35;15;7;13456;1
35;136;7;11999;3
35;84;7;11999;4
35;187;6;4488;8
35;45;6;4477;1
35;30;7;12123;2
35;128;6;4455;1
35;115;7;12300;5
35;115;7;45413;2
35;11;6;1100;2
35;89;5;555;5
35;64;6;95;5
35;131;6;1500;1
35;72;7;22022;1
35;115;7;44777;1
35;87;7;12123;7
35;10;7;10123;2
35;31;6;1233;28
35;10;6;1212;1
35;59;6;1277;2
35;16;3;44;95
35;20;3;13;107
35;68;6;1100;1
35;9;6;12;3
35;9;6;15;2
35;9;6;22;3
35;9;6;90;1
35;9;7;11;2
35;9;7;12;3
35;9;7;13;10
35;51;5;700;35
35;129;6;1111;1
35;129;7;95;5
35;113;7;13555;1
35;128;7;12123;1
35;27;6;5533;1
35;181;7;22777;1
35;115;7;13555;1
35;1;3;95;12
35;86;6;1232;1
35;123;6;4000;5
35;172;3;95;4
35;80;5;95;9
35;171;3;95;11
35;160;7;12123;1
35;4;6;2277;1
35;50;6;1213;2
35;180;6;1213;4
35;136;6;1233;15
35;122;7;11000;71
35;108;6;96;4
35;163;7;55234;1
35;169;6;96;9
35;89;7;70007;1
35;117;7;12456;36
35;108;6;4533;1
35;160;5;96;22
35;27;6;1234;1
35;80;7;50444;1
35;111;3;95;2
35;111;6;1500;1
35;30;6;1292;1
35;7;6;1100;1
35;83;7;95;10
35;28;7;11000;93
35;25;7;11000;68
35;116;5;700;14
35;146;7;10000;1
35;5;6;1100;1
35;127;7;12333;1
35;37;7;44888;2
35;108;7;15331;1
35;47;6;1013;1
35;64;6;1010;4
35;64;6;4456;3
35;19;7;45333;7
35;85;7;12333;1
35;142;6;2201;1
35;66;3;95;1
35;128;6;1100;1
35;124;7;55;1
35;34;3;96;6
35;131;6;4447;1
35;116;7;33000;2
35;51;5;131;88
35;127;6;1322;1
35;15;7;23192;2
35;59;6;5055;3
35;36;6;1311;1
35;17;6;4490;1
35;34;7;12888;4
35;34;7;13333;4
35;163;7;13456;1
35;13;7;13138;1
35;86;7;44888;1
35;45;6;96;5
35;157;6;4445;1
35;5;6;1292;2
35;103;7;11999;5
35;157;6;1122;1
35;94;7;13555;7
35;41;3;95;12
35;181;7;10123;4
35;181;7;12888;9
35;181;7;13333;1
35;133;7;44555;1
35;150;7;50500;1
35;70;7;50500;4
35;129;6;4490;2
35;91;7;13555;11
35;54;7;22422;11
35;169;6;4455;2
35;54;6;1245;1
35;98;7;22422;2
35;142;5;131;172
35;137;7;11999;6
35;89;6;1010;17
35;86;7;11000;32
35;147;6;1313;1
35;115;7;44888;7
35;4;6;1000;1
35;115;3;95;4
35;41;6;1333;5
35;84;6;4455;2
35;165;7;12555;1
35;42;7;12456;46
35;160;7;12456;79
35;168;7;44111;4
35;59;6;3300;1
35;187;6;95;7
35;17;7;95;11
35;77;7;10000;1
35;170;7;44234;1
35;38;7;22222;4
35;86;5;555;3
35;3;5;95;25
35;49;6;2222;9
35;85;6;2222;2
35;187;7;33000;1
35;1;7;22222;4
35;1;7;44190;1
35;31;7;12456;36
35;15;7;10123;7
35;126;5;131;198
35;110;6;4000;5
35;130;6;1233;8
35;129;6;2222;14
35;123;6;1533;75
35;30;6;1111;2
35;96;7;50500;4
35;6;6;4455;3
35;28;3;96;19
35;99;7;96;6
35;92;3;95;3
35;34;6;1313;1
35;70;5;95;15
35;160;6;5577;1
35;52;6;16;1
35;52;6;22;1
35;52;7;13;2
35;52;7;14;1
35;52;7;15;1
35;52;7;55;1
35;152;7;13;1
35;152;7;33;1
35;152;7;40;1
35;152;7;55;2
35;152;6;12;3
35;152;6;13;2
35;152;6;44;1
35;152;7;11;1
35;152;7;12;4
35;136;6;5533;8
35;115;7;96;4
35;19;6;4477;1
35;47;6;4488;4
35;163;6;1333;5
35;71;3;13;89
35;7;6;1322;8
35;72;6;1233;13
35;176;6;96;3
35;187;7;13555;2
35;109;7;11666;1
35;90;7;96;6
35;28;6;4477;1
35;187;7;12111;1
35;70;6;1123;3
35;5;7;50777;2
35;23;7;23192;2
35;25;3;95;9
35;28;3;95;13
35;180;6;5511;1
35;148;7;44774;1
35;49;6;5013;5
35;23;7;11000;80
35;67;7;11000;112
35;105;6;2222;2
35;114;6;1233;18
35;164;5;555;13
35;141;5;131;175
35;1;7;13234;1
35;170;5;555;5
35;23;6;1321;1
35;74;6;1321;1
35;65;6;4488;6
35;182;7;12123;1
35;63;6;4488;13
35;8;6;1000;1
35;107;3;44;15
35;169;6;1123;1
35;74;6;2222;6
35;48;5;700;33
35;39;7;12456;45
35;9;6;4410;2
35;107;6;4488;5
35;148;7;11999;2
35;182;6;5511;9
35;13;6;4488;11
35;84;5;96;19
35;150;6;1100;1
35;94;7;22422;6
35;114;6;2255;1
35;6;7;44234;2
35;103;6;1000;1
35;59;6;5533;2
35;155;7;70070;1
35;112;6;5001;1
35;54;6;1333;1
35;97;5;700;38
35;54;7;13456;41
35;153;7;12888;31
35;104;6;1111;2
35;54;6;3300;1
35;164;6;4410;9
35;69;6;1123;1
35;25;6;1433;1
35;52;6;95;5
35;104;6;4445;1
35;55;6;4456;1
35;150;7;11000;97
35;169;7;70007;1
35;112;5;95;24
35;41;6;2222;7
35;36;6;5001;1
35;113;7;13456;2
35;94;3;13;163
35;173;7;22200;1
35;68;7;45333;1
35;80;6;1531;1
35;154;6;4000;13
35;40;6;1300;1
35;20;5;95;11
35;135;5;555;15
35;89;6;5533;6
35;93;6;1010;13
35;48;5;95;5
35;109;7;44777;2
35;20;6;4477;3
35;70;6;2288;4
35;101;3;95;2
35;145;6;15;1
35;145;6;22;1
35;145;7;10;1
35;145;7;11;3
35;145;7;12;1
35;145;7;13;22
35;145;7;15;1
35;145;7;22;1
35;145;7;45;1
35;145;7;55;1
35;15;7;11;1
35;15;7;12;3
35;15;7;13;5
35;15;7;15;1
35;15;7;16;1
35;15;7;23;1
35;15;7;55;2
35;98;6;1155;1
35;27;3;96;13
35;181;7;33789;4
35;2;7;22777;2
35;78;7;22777;5
35;49;6;1333;23
35;172;7;15333;1
35;132;6;1010;4
35;34;6;12;2
35;34;6;13;3
35;34;6;15;1
35;34;6;22;1
35;34;7;11;2
35;74;7;15;1
35;74;7;10;1
35;74;7;11;1
35;74;7;13;8
35;74;7;23;1
35;74;7;45;2
35;58;6;4477;3
35;7;6;1285;1
35;74;6;10;1
35;74;6;12;2
35;74;6;13;2
35;74;6;50;1
35;145;6;12;1
35;145;6;13;3
35;53;7;13456;39
35;145;6;2222;3
35;15;6;12;5
35;15;6;13;3
35;15;6;15;2
35;114;7;45;1
35;114;7;55;3
35;114;6;13;3
35;53;7;15888;5
35;164;6;1212;1
35;31;6;1212;1
35;130;7;96;3
35;45;6;1933;1
35;97;3;13;172
35;145;6;1100;1
35;171;6;4400;1
35;22;6;1010;6
35;25;7;65700;6
35;148;7;13555;3
35;117;7;44777;6
35;135;7;11000;92
35;165;7;33000;5
35;65;7;11000;75
35;113;7;44888;1
35;173;7;45234;1
35;113;5;700;29
35;59;7;23190;1
35;146;6;2210;1
35;12;6;4000;4
35;49;7;12888;1
35;49;7;13333;2
35;32;6;1010;3
35;83;5;95;6
35;48;7;22422;2
35;31;6;4410;1
35;72;7;22556;1
35;49;6;1100;1
35;107;7;22422;3
35;104;6;1252;1
35;178;5;555;5
35;127;7;96;8
35;179;7;11999;5
35;127;5;131;205
35;173;6;95;13
35;94;7;44777;4
35;92;6;4000;6
35;137;7;50500;1
35;141;7;11000;79
35;158;7;44447;2
35;2;6;2200;2
35;1;7;12123;2
35;150;6;2211;5
35;129;6;5001;1
35;136;3;12;38
35;59;6;1533;113
35;81;7;30000;1
35;168;6;2277;2
35;172;7;22222;1
35;172;7;44190;1
35;160;6;96;12
35;23;7;44700;3
35;22;7;12333;1
35;65;6;5013;2
35;34;6;5013;3
35;85;7;10123;2
35;135;7;22777;4
35;114;6;4433;1
35;120;7;44190;1
35;9;7;22022;3
35;54;6;2277;1
35;5;6;5001;1
35;8;7;55555;1
35;100;6;96;11
35;60;7;12888;1
35;48;6;1470;1
35;31;7;55011;1
35;178;6;95;11
35;53;7;65000;2
35;61;7;22222;2
35;160;6;5013;2
35;169;6;1515;1
35;19;7;12300;2
35;57;7;10123;3
35;99;6;2222;1
35;123;6;4411;2
35;15;6;1533;56
35;8;6;4410;5
35;64;6;1233;24
35;40;7;10123;1
35;65;6;4433;1
35;173;3;12;20
35;171;6;2255;1
35;2;6;5001;2
35;127;6;1010;25
35;8;6;2200;3
35;160;6;2277;1
35;30;6;5533;1
35;173;5;131;226
35;153;7;12300;3
35;150;6;1233;13
35;88;7;13777;3
35;31;6;2211;8
35;115;6;2222;4
35;176;5;555;8
35;147;7;44441;1
35;172;6;1010;12
35;13;3;96;14
35;16;6;4488;19
35;98;7;10001;1
35;84;5;95;13
35;58;6;4488;33
35;11;6;1213;12
35;11;7;44556;1
35;1;6;2211;2
35;168;7;45;1
35;168;6;12;2
35;41;7;96;8
35;19;7;22190;1
35;19;5;131;126
35;15;6;1322;2
35;10;6;4477;1
35;135;3;95;23
35;15;6;1333;1
35;108;5;700;35
35;64;7;10022;1
35;90;5;555;12
35;50;7;12300;7
35;180;7;12300;1
35;21;6;2210;2
35;39;6;2277;5
35;37;5;131;163
35;83;6;5533;4
35;142;7;13456;3
35;142;7;15888;1
35;106;7;11100;1
35;82;7;11999;2
35;157;6;4000;14
35;140;7;70007;2
35;144;7;33000;3
35;63;3;13;120
35;110;6;1322;36
35;9;3;12;29
35;37;6;1010;7
35;23;7;44027;1
35;8;7;11999;4
35;9;3;44;77
35;9;7;44234;1
35;145;6;1201;1
35;110;6;2255;3
35;29;6;1111;1
35;29;7;95;16
35;109;6;2210;1
35;101;6;1233;17
35;18;3;12;22
35;114;7;44333;1
35;32;7;13777;5
35;89;6;2210;3
35;105;6;1322;20
35;114;7;12456;32
35;176;5;95;6
35;113;3;44;46
35;111;7;11000;85
35;172;7;11000;95
35;35;7;10123;4
35;177;6;4488;16
35;28;5;555;8
35;27;7;12300;8
35;82;7;13456;22
35;88;6;2200;1
35;86;6;1100;1
35;73;3;12;13
35;117;7;95;4
35;37;6;1233;9
35;70;6;4422;1
35;89;7;33000;2
35;163;6;2277;6
35;108;7;11000;92
35;158;6;1333;5
35;13;6;2201;3
35;146;7;12112;1
35;148;7;33882;1
35;58;6;5511;1
35;153;6;4455;1
35;58;7;44777;3
35;116;6;1933;1
35;96;7;12111;1
35;9;7;13789;1
35;25;7;22422;19
35;28;7;22422;2
35;141;3;96;15
35;64;6;1533;67
35;18;6;2210;11
35;6;7;11000;69
35;15;7;11000;48
35;10;6;1333;2
35;122;3;96;14
35;74;6;1100;1
35;25;7;50500;1
35;123;6;5013;2
35;36;5;555;8
35;55;7;12300;1
35;187;6;96;1
35;71;7;11000;65
35;121;6;1221;2
35;148;6;1313;1
35;1;7;44777;6
35;120;6;4410;1
35;70;6;2222;5
35;122;7;12123;6
35;153;7;13456;1
35;111;3;12;14
35;52;6;4488;3
35;78;7;96;4
35;55;5;95;14
35;2;7;44123;2
35;65;6;7040;1
35;127;7;70321;1
35;147;5;700;28
35;16;6;1233;15
35;2;7;65;1
35;130;7;12;1
35;130;7;13;8
35;130;7;55;2
35;130;7;70;1
35;131;6;2277;4
35;25;6;4488;15
35;28;6;4488;23
35;130;6;13;2
35;130;6;14;1
35;130;6;15;1
35;177;7;22422;9
35;147;7;22777;1
35;15;6;5533;2
35;74;6;5533;1
35;122;6;5013;7
35;33;3;13;140
35;122;6;2210;2
35;187;5;95;3
35;123;3;12;6
35;121;5;96;24
35;123;5;555;2
35;147;6;1322;1
35;54;7;22022;1
35;80;5;555;1
35;85;6;1123;1
35;3;7;44888;10
35;158;7;44888;1
35;2;5;131;159
35;78;5;131;100
35;150;7;44777;1
35;5;7;65700;2
35;86;7;95;6
35;36;7;15000;1
35;100;6;4455;2
35;9;6;5511;6
35;2;6;1311;2
35;126;5;700;20
35;41;7;11999;1
35;26;5;96;20
35;104;6;10;2
35;104;6;11;2
35;104;6;12;6
35;104;6;13;2
35;104;7;10;1
35;104;7;11;2
35;104;7;12;7
35;104;7;13;8
35;104;7;14;1
35;104;7;15;2
35;104;7;22;1
35;104;7;33;1
35;104;7;45;1
35;104;7;55;5
35;104;7;65;1
35;104;7;70;2
35;47;7;65700;1
35;137;7;33882;1
35;7;7;44333;1
35;169;3;96;10
35;38;7;95;14
35;90;6;2288;1
35;59;6;96;3
35;144;7;11999;1
35;26;7;11000;71
35;54;6;1010;2
35;54;6;4456;1
35;66;6;1233;3
35;51;6;1533;60
35;152;6;2277;4
35;9;7;12333;6
35;116;6;5013;1
35;103;7;12333;3
35;4;5;96;14
35;173;7;12333;1
35;16;6;1322;6
35;142;6;11;1
35;142;6;13;2
35;142;6;16;1
35;142;7;11;2
35;142;7;12;1
35;142;7;13;14
35;142;7;22;1
35;142;7;70;2
35;1;3;12;22
35;60;6;1233;7
35;172;3;44;56
35;135;6;4444;16
35;4;7;70007;2
35;15;6;1311;1
35;3;6;2288;3
35;1;7;12888;15
35;87;7;44777;1
35;142;6;1313;1
35;61;6;5511;1
35;164;6;1515;1
35;120;7;11000;58
35;2;6;4410;3
35;166;7;44888;1
35;73;7;44888;3
35;64;7;65700;1
35;19;7;13555;2
35;4;7;22022;3
35;21;7;70007;1
35;131;7;11000;157
35;13;6;96;13
35;157;6;1233;1
35;163;3;12;43
35;96;3;13;208
35;140;7;22422;9
35;89;6;1277;1
35;22;7;12456;20
35;1;7;50500;4
35;36;6;2222;2
35;16;7;22422;23
35;22;6;4445;2
35;81;7;44000;2
35;1;6;4488;19
35;179;7;12456;27
35;104;3;12;25
35;36;7;13555;1
35;90;6;96;9
35;54;7;45645;1
35;12;3;21;1
35;154;6;1322;1
35;165;6;2233;1
35;96;7;13133;2
35;12;3;12;23
35;82;7;12888;6
35;82;7;13333;2
35;176;7;12888;4
35;12;6;4488;22
35;77;5;700;24
35;17;6;2201;2
35;56;6;4488;20
35;112;7;44888;2
35;19;6;1322;4
35;63;7;12444;1
35;20;5;131;113
35;20;6;4455;2
35;67;6;4010;1
35;109;6;1292;4
35;137;7;12300;12
35;177;6;4410;6
35;109;6;4567;1
35;37;3;44;47
35;36;6;1333;4
35;105;3;95;15
35;19;6;95;16
35;72;7;96;8
35;69;7;15333;1
35;33;6;1322;16
35;97;5;555;6
35;182;6;1213;26
35;111;7;12011;1
35;109;6;2288;1
35;23;6;1533;90
35;67;6;1533;119
35;11;7;44777;3
35;128;5;96;21
35;105;5;96;20
35;176;7;12123;1
35;122;7;44888;2
35;117;6;1010;16
35;53;7;22022;1
35;21;7;22022;3
35;52;6;5588;1
35;49;6;95;4
35;130;6;1277;1
35;140;7;12123;6
35;10;3;44;55
35;13;6;1577;1
35;179;6;1016;2
35;38;6;5013;5
35;158;6;1213;10
35;123;6;6565;1
35;30;6;95;21
35;179;5;700;43
35;19;5;555;4
35;41;6;1010;3
35;41;6;4456;2
35;80;6;1333;2
35;166;5;555;1
35;40;6;1010;3
35;92;6;4488;7
35;72;7;12500;1
35;150;7;96;3
35;145;6;95;19
35;172;7;10123;5
35;81;7;22001;1
35;150;6;1213;2
35;165;7;65700;3
35;106;6;1333;1
35;165;6;2211;3
35;35;7;22422;11
35;94;6;4533;2
35;87;6;4455;6
35;178;7;45333;4
35;129;6;4488;12
35;59;5;700;14
35;176;7;22022;2
35;115;6;1333;2
35;12;6;1251;1
35;3;7;12888;11
35;29;7;10123;2
35;171;6;2222;7
35;130;6;1213;6
35;68;7;95;20
35;68;6;1111;3
35;141;6;2288;2
35;50;6;95;7
35;125;7;11000;135
35;6;6;1010;13
35;98;7;45333;16
35;164;6;4477;1
35;109;6;95;27
35;37;6;1213;20
35;148;6;2211;3
35;148;6;95;11
35;82;6;1221;2
35;126;6;4455;22
35;133;6;1333;5
35;101;6;95;4
35;2;6;1245;1
35;11;7;22422;17
35;54;3;96;18
35;35;6;4490;1
35;10;7;50444;1
35;168;6;15;2
35;168;6;23;1
35;168;6;44;1
35;176;7;12333;3
35;42;6;4400;1
35;158;6;1100;2
35;66;6;5555;1
35;68;7;12888;9
35;137;7;44888;1
35;82;6;1333;2
35;109;7;11000;93
35;171;7;44111;1
35;9;3;96;19
35;160;6;9090;1
35;160;7;44888;2
35;8;6;3333;1
35;51;7;13133;1
35;16;7;95;10
35;51;6;1313;1
35;58;6;1213;10
35;109;7;13555;5
35;34;7;11100;1
35;171;7;22555;2
35;55;5;555;5
35;57;6;1333;6
35;61;6;4490;1
35;152;6;4000;3
35;170;6;1111;3
35;51;6;2210;3
35;60;5;95;13
35;38;7;22422;2
35;103;7;22556;1
35;77;6;95;28
35;88;7;22322;1
35;181;5;700;36
35;22;6;1111;3
35;17;6;5590;1
35;84;7;10123;1
35;98;7;96;8
35;89;6;4533;1
35;61;7;13555;1
35;73;5;131;179
35;50;7;96;5
35;180;7;96;3
35;12;6;5005;1
35;12;7;44027;1
35;128;6;2222;2
35;85;5;131;139
35;38;6;1233;16
35;9;7;95;16
35;23;7;22222;3
35;23;7;44190;6
35;7;7;11000;74
35;140;6;1533;144
35;169;6;3500;2
35;7;6;5005;1
35;45;5;555;7
35;181;3;12;27
35;106;6;4410;2
35;8;7;70007;1
35;103;7;45333;1
35;35;7;12888;1
35;86;7;12300;2
35;173;7;22556;1
35;74;6;2210;2
35;27;3;95;6
35;142;6;2210;1
35;6;7;22777;4
35;4;7;33033;1
35;169;7;40;1
35;18;6;11;2
35;18;6;16;1
35;18;7;10;1
35;18;7;11;2
35;18;7;12;5
35;18;7;13;13
35;18;7;15;2
35;18;7;22;1
35;18;7;33;2
35;18;7;44;1
35;18;7;55;2
35;163;7;11;1
35;163;7;12;4
35;163;7;13;5
35;163;7;14;1
35;163;7;15;1
35;163;7;40;1
35;53;6;1515;1
35;16;6;4444;1
35;165;7;12000;1
35;32;6;1333;2
35;86;6;4447;1
35;92;6;5013;4
35;85;6;1010;2
35;27;7;43640;1
35;164;7;10000;2
35;12;7;12456;35
35;33;6;96;2
35;125;6;7040;1
35;114;5;95;6
35;88;3;95;10
35;157;7;22422;1
35;6;7;70123;1
35;6;5;700;56
35;64;3;96;11
35;72;7;12111;1
35;136;7;11100;1
35;132;7;44888;3
35;100;6;1322;21
35;63;7;12345;2
35;17;6;1533;102
35;85;6;5013;4
35;122;7;70000;1
35;158;6;1322;12
35;98;3;96;9
35;88;7;50013;1
35;17;6;2211;2
35;49;6;2255;1
35;109;6;96;3
35;58;7;12999;1
35;155;6;1213;25
35;110;7;12300;3
35;97;7;13555;2
35;49;7;44123;1
35;81;7;12444;1
35;81;7;45333;5
35;60;6;4477;1
35;2;7;44441;2
35;16;6;4455;2
35;105;7;45333;1
35;98;6;5013;5
35;29;7;12456;39
35;171;6;2200;5
35;34;6;5555;1
35;126;7;33000;2
35;3;7;13133;1
35;45;7;13456;5
35;123;7;13133;2
35;115;3;12;1
35;160;7;95;14
35;3;7;44777;5
35;116;6;2277;1
35;85;5;555;4
35;6;6;5005;1
35;36;7;23192;1
35;172;5;700;35
35;120;6;1313;3
35;109;6;7011;1
35;86;6;96;3
35;115;3;21;1
35;63;7;12333;4
35;135;6;1533;102
35;145;7;22422;3
35;114;7;45234;2
35;20;7;50500;1
35;125;7;96;10
35;68;6;1133;1
35;72;7;13456;2
35;72;7;15888;1
35;22;7;33000;1
35;35;6;1213;12
35;155;6;2201;1
35;26;7;13132;1
35;17;6;4455;2
35;77;7;12123;2
35;1;3;13;146
35;25;7;22120;1
35;42;3;12;10
35;93;6;7000;1
35;66;6;2222;1
35;52;5;95;8
35;8;7;10000;4
35;150;6;1010;4
35;12;7;96;13
35;101;7;13456;2
35;1;7;36192;1
35;49;5;700;27
35;150;3;44;15
35;23;7;33000;1
35;144;6;4400;1
35;164;7;22422;10
35;132;7;22222;3
35;105;6;4455;3
35;47;7;11999;1
35;99;7;65700;4
35;109;5;95;31
35;86;5;700;35
35;88;6;5055;1
35;103;6;7007;1
35;80;7;13777;1
35;83;3;44;24
35;7;3;44;68
35;54;5;96;25
35;93;7;44888;1
35;6;3;44;79
35;125;7;12888;1
35;163;6;96;3
35;131;7;45999;1
35;2;6;1201;4
35;11;6;1201;1
35;110;7;12999;3
35;164;5;95;19
35;129;6;1010;9
35;40;6;10;1
35;40;7;13;4
35;40;7;45;1
35;40;7;70;1
35;40;6;12;2
35;40;6;15;1
35;40;6;21;1
35;92;6;12;1
35;129;7;45333;5
35;59;3;95;6
35;28;7;44888;5
35;32;7;13555;3
35;86;6;95;6
35;170;7;13555;2
35;1;6;5020;1
35;6;6;1515;3
35;13;6;4000;3
35;144;5;95;26
35;74;7;12123;1
35;10;7;22422;15
35;70;5;555;9
35;11;7;45555;1
35;42;7;15333;1
35;77;7;22777;5
35;22;6;5533;2
35;22;7;12300;6
35;34;7;44777;1
35;17;7;55555;1
35;123;6;2233;1
35;137;7;13456;1
35;86;7;45300;1
35;63;5;96;18
35;168;3;13;118
35;93;3;12;44
35;61;6;1533;120
35;49;7;65013;1
35;67;7;12;3
35;67;7;13;16
35;67;7;50;1
35;74;6;1500;1
35;164;3;95;13
35;136;3;96;12
35;52;3;95;3
35;187;6;5533;3
35;17;7;45333;2
35;9;7;44;1
35;9;7;15;3
35;9;7;19;1
35;9;7;22;3
35;9;7;55;1
35;9;7;65;1
35;35;7;11;4
35;35;7;12;2
35;35;7;13;10
35;35;7;15;1
35;35;7;22;1
35;35;7;44;1
35;35;7;45;1
35;9;6;5055;1
35;70;6;1313;1
35;55;6;4455;3
35;60;7;96;12
35;155;7;12888;10
35;155;7;13333;1
35;72;7;22777;1
35;90;6;1112;1
35;8;6;1333;1
35;97;7;22777;2
35;168;6;95;10
35;100;6;1331;1
35;6;7;13555;3
35;145;5;95;16
35;12;6;4455;2
35;81;7;50500;5
35;4;3;96;9
35;82;7;13777;7
35;97;7;11999;1
35;127;6;5013;1
35;141;6;1234;6
35;100;3;44;23
35;81;7;12456;36
35;104;6;1233;10
35;22;6;1201;2
35;114;6;1333;2
35;21;7;12500;1
35;60;6;1533;73
35;111;7;13555;5
35;177;6;1533;50
35;13;6;1100;1
35;68;7;70070;1
35;103;7;13222;1
35;136;5;700;29
35;179;7;14888;1
35;70;6;1112;1
35;89;6;5013;5
35;72;7;12345;2
35;85;7;15111;1
35;106;6;4455;1
35;11;7;13789;2
35;9;5;95;15
35;105;6;2255;1
35;65;6;4477;1
35;133;5;96;12
35;132;6;4410;1
35;133;7;22422;4
35;53;7;12888;18
35;53;7;13333;1
35;21;7;12888;11
35;92;7;33000;1
35;170;7;70070;1
35;163;6;95;6
35;2;7;12000;3
35;96;7;12456;26
35;23;6;1010;12
35;107;7;12888;17
35;87;7;44888;3
35;19;7;50444;1
35;111;7;12456;2
35;105;7;11000;93
35;115;7;12789;1
35;1;7;11999;1
35;92;7;50444;1
35;32;3;95;4
35;137;6;3000;1
35;160;3;96;13
35;12;6;2211;1
35;157;3;95;13
35;145;6;4410;2
35;8;6;5055;1
35;37;7;40888;1
35;17;6;5555;1
35;9;7;12888;7
35;178;6;4488;51
35;56;7;45333;3
35;133;7;12345;1
35;182;7;96;10
35;187;6;4455;2
35;17;6;1322;10
35;182;3;12;14
35;63;7;44888;1
35;137;3;95;10
35;42;7;45333;3
35;172;5;95;7
35;22;6;4477;2
35;80;6;95;11
35;132;7;44777;1
35;97;6;2288;1
35;150;6;5533;6
35;140;7;96;8
35;179;7;95;15
35;64;7;22422;2
35;74;6;1533;101
35;179;3;96;7
35;140;7;12300;4
35;71;7;12888;2
35;71;7;13333;3
35;49;7;22777;7
35;31;7;95;24
35;31;6;1111;2
35;115;6;5013;1
35;142;6;1233;7
35;14;7;50013;1
35;169;6;1010;10
35;169;6;4456;1
35;108;6;1010;3
35;20;6;1533;69
35;94;7;44888;4
35;182;7;22022;8
35;158;7;44190;1
35;33;3;96;8
35;36;6;1234;1
35;47;7;11000;48
35;25;6;1133;1
35;97;6;1533;100
35;103;7;12345;3
35;77;6;4000;4
35;187;7;12888;5
35;80;3;95;3
35;78;7;12123;10
35;177;6;1233;2
35;148;6;1212;1
35;61;7;55100;4
35;13;7;22222;1
35;13;7;44190;1
35;2;7;33000;2
35;169;7;95;16
35;97;7;44888;4
35;104;6;1010;22
35;65;7;44888;1
35;164;7;22222;4
35;97;7;22422;15
35;97;6;1245;4
35;187;7;33233;1
35;49;7;44888;1
35;27;7;22422;13
35;146;7;22422;1
35;137;3;44;48
35;52;7;12300;2
35;70;7;13777;2
35;131;7;22556;1
35;168;7;96;3
35;182;7;50000;2
35;145;6;4488;3
35;41;7;10123;1
35;74;5;95;21
35;39;6;2222;1
35;64;6;2277;1
35;116;7;12456;43
35;153;3;12;23
35;117;7;22556;1
35;144;7;44123;1
35;6;6;4567;1
35;144;6;95;19
35;84;6;1322;1
35;164;6;4455;2
35;98;7;22222;4
35;98;7;44190;1
35;89;5;700;37
35;109;6;1245;1
35;109;7;22422;1
35;146;7;11000;141
35;177;7;12333;1
35;4;6;1010;3
35;181;6;1533;102
35;120;6;4444;1
35;8;6;1199;1
35;37;6;2277;3
35;147;6;4477;1
35;22;5;131;176
35;144;7;15151;2
35;92;7;13131;1
35;101;7;55888;1
35;33;7;50777;1
35;108;7;12456;25
35;14;6;1533;56
35;17;6;1201;1
35;38;6;96;8
35;50;6;1233;22
35;180;6;1233;13
35;92;7;70400;1
35;70;6;4000;2
35;51;6;1233;18
35;173;6;5511;3
35;56;6;4444;1
35;130;5;96;10
35;29;5;95;17
35;33;3;44;26
35;72;6;4488;12
35;54;6;1212;1
35;129;7;44234;1
35;73;7;95;7
35;16;6;95;9
35;5;3;44;77
35;58;6;1333;5
35;65;7;22422;3
35;34;7;22422;2
35;116;6;1212;1
35;148;5;95;12
35;54;6;2210;3
35;111;7;15000;1
35;96;6;1212;2
35;70;6;2255;2
35;21;6;1292;1
35;1;7;70000;1
35;111;6;2277;5
35;152;6;1233;15
35;83;6;4000;10
35;125;7;15333;1
35;27;6;4455;5
35;23;6;5013;4
35;67;6;5013;3
35;94;7;13789;2
35;59;7;12456;18
35;10;6;2201;2
35;23;7;12888;10
35;67;7;12888;4
35;114;6;2210;1
35;5;7;22777;1
35;25;3;13;144
35;28;3;13;160
35;177;6;5511;3
35;100;6;4488;8
35;32;6;5013;3
35;86;6;2222;7
35;48;6;96;4
35;13;5;555;9
35;39;6;5511;2
35;150;7;95;25
35;45;7;70400;1
35;108;7;10000;1
35;107;7;12300;32
35;1;3;96;20
35;83;7;13789;2
35;110;6;5533;6
35;45;3;13;118
35;94;7;13456;9
35;10;7;13456;3
35;103;5;95;19
35;6;6;4545;1
35;142;3;12;14
35;18;5;96;17
35;127;5;555;8
35;170;6;1123;1
35;61;6;2277;6
35;63;7;11000;29
35;55;7;13456;43
35;55;7;15888;1
35;58;7;45333;1
35;26;5;555;10
35;82;6;1322;22
35;89;3;95;9
35;82;7;50500;1
35;34;3;12;11
35;146;6;95;5
35;95;6;95;13
35;182;7;45045;2
35;124;6;1313;1
35;14;7;50500;3
35;61;7;95;6
35;176;6;1533;42
35;145;6;7000;1
35;42;6;4488;38
35;16;7;12456;41
35;113;6;1233;36
35;103;6;5088;1
35;103;7;11000;75
35;111;6;5055;1
35;182;7;33033;1
35;60;7;10123;5
35;8;6;1233;16
35;42;7;50500;1
35;114;7;13555;4
35;40;3;95;7
35;140;7;65700;1
35;7;6;1292;3
35;182;6;4411;2
35;83;7;44888;2
35;15;6;1515;3
35;11;6;1433;1
35;7;7;12300;6
35;12;6;4422;1
35;129;7;11000;98
35;182;7;45333;1
35;110;6;1000;2
35;6;6;4447;1
35;5;6;1533;93
35;168;6;1292;1
35;131;6;1010;4
35;65;6;1321;2
35;20;6;2277;1
35;57;5;700;26
35;172;7;12888;28
35;87;6;2277;1
35;3;5;131;167
35;84;6;1233;8
35;70;7;12456;20
35;169;7;23123;1
35;103;5;96;23
35;187;3;95;2
35;120;7;11999;1
35;140;6;1311;1
35;68;6;5013;2
35;131;5;131;210
35;109;6;2233;1
35;112;6;4410;2
35;18;6;5533;4
35;39;5;95;13
35;4;7;33000;3
35;49;6;4455;1
35;113;7;12456;45
35;37;7;22422;16
35;160;7;12888;5
35;6;6;4001;1
35;16;7;22022;3
35;129;3;96;13
35;82;3;44;39
35;28;6;2277;5
35;93;7;95;6
35;187;7;12456;24
35;121;6;1222;1
35;121;6;1234;2
35;122;6;2299;1
35;8;7;45333;2
35;120;5;131;134
35;78;6;1213;3
35;2;7;44556;1
35;73;6;1233;13
35;14;7;13131;1
35;179;6;2200;3
35;2;7;44111;1
35;72;6;2201;3
35;80;6;2222;5
35;100;7;22777;1
35;55;7;13131;1
35;155;6;1111;10
35;155;7;95;21
35;101;7;45234;2
35;1;3;44;74
35;65;6;5555;1
35;13;6;1233;15
35;176;7;96;4
35;171;7;44;1
35;171;7;70;2
35;17;6;12;3
35;17;6;13;6
35;17;6;16;1
35;17;6;22;3
35;17;6;23;1
35;17;6;55;2
35;17;7;11;1
35;17;7;12;7
35;17;7;13;14
35;17;7;15;1
35;17;7;22;2
35;17;7;55;1
35;17;7;65;1
35;99;7;11000;131
35;150;7;12;1
35;150;7;13;8
35;150;6;11;2
35;150;6;13;1
35;150;6;22;2
35;98;6;1333;1
35;187;7;13456;2
35;13;6;1090;1
35;13;7;70345;2
35;92;6;1100;1
35;187;7;95;7
35;187;6;1111;1
35;70;7;44123;1
35;117;6;95;3
35;168;3;44;44
35;144;7;96;7
35;93;7;11000;64
35;97;7;11000;78
35;34;6;1333;3
35;182;3;13;135
35;182;5;700;61
35;122;7;22422;9
35;126;6;1233;19
35;82;7;12111;2
35;56;6;96;5
35;13;6;2255;1
35;89;3;44;64
35;88;5;131;186
35;126;6;5013;5
35;96;6;2211;4
35;1;6;2201;5
35;129;7;50444;1
35;5;3;95;7
35;77;6;12;1
35;77;6;13;3
35;77;6;15;1
35;77;6;22;1
35;100;6;11;1
35;100;6;12;3
35;100;6;13;4
35;100;6;15;2
35;100;7;10;1
35;100;7;11;4
35;100;7;12;1
35;72;5;555;12
35;22;6;5511;8
35;91;6;4488;54
35;18;3;96;12
35;4;6;4477;2
35;182;7;44777;2
35;19;6;5013;2
35;1;7;23192;1
35;18;5;95;12
35;127;7;22422;2
35;127;6;1245;1
35;1;7;22777;2
35;108;6;1233;4
35;13;7;13456;5
35;50;5;96;15
35;8;6;2222;9
35;108;3;95;15
35;109;7;44999;1
35;16;6;1292;2
35;155;6;1322;3
35;170;6;4410;2
35;187;6;4410;3
35;12;7;65013;2
35;168;6;1533;71
35;93;7;22222;1
35;121;6;5555;1
35;59;6;1212;1
35;20;6;5511;5
35;171;6;4477;6
35;20;3;44;51
35;23;7;12300;4
35;67;7;12300;3
35;177;3;12;8
35;104;7;11000;91
35;20;7;44321;1
35;170;7;50444;1
35;96;7;22422;6
35;12;6;4477;3
35;122;6;1322;8
35;144;7;12444;1
35;90;7;22777;1
35;95;5;96;25
35;64;6;1333;1
35;53;6;1292;1
35;89;6;1311;1
35;180;6;5555;1
35;63;6;1533;73
35;4;6;5013;1
35;90;3;44;45
35;31;6;2277;4
35;80;7;10000;2
35;97;6;4488;76
35;95;7;13555;5
35;141;7;22777;2
35;168;5;131;135
35;133;6;4000;5
35;71;6;4000;6
35;12;6;5555;1
35;146;6;1221;1
35;7;6;5044;1
35;105;7;12888;20
35;105;7;13333;2
35;104;6;95;13
35;45;6;5013;4
35;108;7;96;5
35;177;6;95;13
35;37;7;15331;1
35;142;6;2277;8
35;128;6;5555;1
35;120;7;12300;1
35;157;6;5500;1
35;40;6;5013;1
35;157;6;95;21
35;88;7;22422;2
35;70;7;13456;7
35;122;6;2200;1
35;137;6;1010;32
35;7;7;11999;3
35;36;7;22422;13
35;57;6;4477;1
35;22;7;12123;2
35;71;6;1233;16
35;147;3;12;21
35;72;7;65700;7
35;40;5;700;33
35;116;6;96;5
35;181;6;1322;6
35;26;3;13;143
35;74;7;11000;93
35;80;7;12456;42
35;140;5;96;14
35;82;7;95;10
35;60;6;1123;1
35;187;3;44;45
35;64;6;2210;1
35;7;6;2277;2
35;71;7;12300;7
35;115;3;44;30
35;168;6;1322;1
35;59;6;1292;3
35;8;7;12111;2
35;182;7;13456;5
35;163;7;12333;1
35;21;6;2288;1
35;51;7;15333;1
35;77;6;1333;2
35;25;7;45333;2
35;28;7;45333;1
35;85;6;4000;4
35;117;7;22777;4
35;176;6;5511;1
35;7;6;5013;1
35;80;5;131;171
35;108;6;5013;2
35;6;6;4477;5
35;137;6;5511;1
35;69;6;1100;2
35;74;7;12888;14
35;176;6;2277;1
35;30;7;44777;1
35;103;6;1213;12
35;17;6;1245;1
35;11;3;96;9
35;42;6;96;10
35;93;5;700;20
35;120;6;4488;12
35;103;6;2277;1
35;111;7;22777;5
35;58;5;700;27
35;23;7;13133;1
35;182;7;65700;8
35;166;6;1212;1
35;127;6;5511;3
35;96;7;44123;1
35;6;6;5001;1
35;83;7;44774;1
35;40;6;2277;5
35;109;7;18;2
35;109;7;19;1
35;109;7;22;2
35;109;7;55;1
35;109;7;70;1
35;67;6;11;1
35;67;6;12;3
35;67;6;13;4
35;67;6;15;1
35;67;6;33;1
35;67;7;10;1
35;179;7;45123;3
35;83;5;96;18
35;109;6;70;1
35;109;7;10;1
35;105;6;4488;2
35;109;7;11;4
35;109;7;12;7
35;109;7;13;24
35;109;7;14;3
35;63;6;5555;1
35;12;7;10123;5
35;163;6;1010;6
35;117;7;12300;7
35;20;5;700;35
35;23;6;9000;1
35;12;7;44543;1
35;97;6;1234;1
35;141;6;1100;1
35;146;7;13456;11
35;95;3;44;35
35;87;6;96;6
35;173;6;1212;2
35;69;5;700;9
35;179;6;1000;1
35;16;7;10123;4
35;172;6;1233;17
35;137;7;44000;1
35;2;6;5599;1
35;7;6;5001;2
35;99;7;10123;1
35;70;7;70000;1
35;78;6;1533;60
35;155;6;5511;2
35;129;6;1100;1
35;137;6;4455;6
35;13;5;96;27
35;137;6;1322;4
35;30;7;22422;1
35;30;6;1245;1
35;122;6;1233;15
35;95;7;11666;1
35;126;5;555;3
35;7;6;2020;1
35;168;7;12888;56
35;168;7;13333;2
35;163;5;95;8
35;128;6;96;7
35;148;7;12456;35
35;122;6;5050;1
35;6;6;95;12
35;50;6;1333;19
35;9;6;1322;2
35;170;7;12456;32
35;27;7;22222;2
35;27;7;44190;3
35;2;6;5555;1
35;115;6;1313;1
35;80;6;1233;10
35;150;6;4000;1
35;5;7;12456;35
35;15;6;1292;2
35;104;7;12300;16
35;36;6;5555;1
35;26;6;4488;16
35;126;7;50500;2
35;64;6;1292;1
35;25;7;44190;1
35;25;7;22222;2
35;42;6;1233;17
35;47;6;7040;1
35;141;6;4455;1
35;120;5;96;20
35;97;5;95;12
35;117;6;1245;2
35;114;6;4488;16
35;53;7;22556;1
35;51;7;95;5
35;129;7;22000;1
35;54;6;7000;1
35;14;5;555;7
35;110;6;4490;2
35;112;3;96;7
35;136;3;95;4
35;89;7;13555;3
35;13;7;33200;1
35;106;6;1292;1
35;129;7;12100;1
35;56;6;1533;82
35;166;6;2211;2
35;115;7;36192;1
35;47;7;12300;2
35;163;6;1456;1
35;7;7;12333;5
35;126;6;1010;7
35;144;3;44;42
35;154;5;96;7
35;187;6;4477;1
35;74;7;12500;1
35;117;6;1333;2
35;25;6;5044;1
35;28;7;12333;19
35;25;7;12333;4
35;127;7;11000;93
35;3;7;50500;5
35;97;7;65700;2
35;20;6;2222;3
35;153;5;95;5
35;127;6;2211;1
35;48;6;95;4
35;2;7;44777;6
35;78;7;44777;4
35;164;7;13133;1
35;170;5;131;165
35;110;5;700;36
35;77;7;11111;1
35;169;6;1212;2
35;53;6;4512;4
35;21;6;1511;1
35;11;7;96;7
35;123;7;44777;3
35;115;6;1245;1
35;115;7;22422;4
35;144;6;1212;1
35;26;6;4455;1
35;7;7;22022;4
35;92;5;131;166
35;164;6;95;11
35;187;7;96;2
35;54;7;13555;3
35;169;5;131;165
35;130;6;4477;1
35;131;7;12999;1
35;112;7;13789;4
35;60;5;555;3
35;169;7;70070;1
35;40;6;1000;1
35;96;7;70111;1
35;17;5;555;17
35;91;7;13;25
35;91;7;15;2
35;91;7;16;1
35;91;7;22;1
35;91;7;33;1
35;91;7;40;2
35;91;7;45;1
35;91;7;55;1
35;91;7;70;1
35;129;7;11;1
35;129;7;12;2
35;129;7;13;5
35;129;7;44;2
35;129;6;11;2
35;144;6;1333;3
35;6;7;50444;1
35;6;7;65700;6
35;2;7;13555;5
35;78;7;13555;2
35;101;7;12123;1
35;16;6;1533;107
35;15;7;10000;2
35;128;7;44888;3
35;107;5;700;6
35;157;7;12123;2
35;33;7;12300;3
35;77;7;15000;1
35;112;6;2244;1
35;116;7;13456;4
35;171;6;4411;1
35;179;6;5511;11
35;133;5;131;55
35;56;6;1233;7
35;1;7;22556;4
35;59;7;50500;2
35;122;6;1292;4
35;122;7;44111;2
35;54;7;22222;3
35;81;7;23190;1
35;114;6;96;4
35;77;7;11000;84
35;142;6;1533;91
35;111;6;5013;6
35;82;7;65700;1
35;17;5;700;57
35;176;7;44888;1
35;169;6;4411;1
35;108;6;4411;1
35;20;7;12123;1
35;72;7;12555;1
35;68;3;13;202
35;179;6;4422;1
35;41;5;700;54
35;91;6;1010;2
35;91;6;4456;1
35;86;5;131;104
35;106;7;96;5
35;22;6;5013;4
35;148;6;5013;4
35;39;5;131;128
35;56;7;13555;1
35;129;7;33033;2
35;10;5;555;9
35;127;6;5533;2
35;86;7;12888;38
35;54;6;1233;10
35;27;7;96;11
35;172;7;13555;1
35;98;5;131;216
35;37;6;1531;1
35;107;5;96;11
35;137;7;11000;92
35;96;7;12123;5
35;72;3;21;2
35;59;6;1213;29
35;93;7;12345;2
35;135;7;18;1
35;135;7;11;2
35;135;7;12;1
35;135;7;13;16
35;135;7;44;1
35;41;6;5533;1
35;10;6;95;9
35;71;5;95;4
35;3;7;22422;17
35;145;6;1533;155
35;9;7;12123;4
35;77;5;96;14
35;28;6;95;15
35;25;6;95;13
35;98;6;95;24
35;27;6;2277;2
35;42;6;5511;1
35;136;7;11000;75
35;13;7;36600;1
35;180;6;1255;1
35;155;6;2222;3
35;8;6;4444;1
35;33;7;55234;1
35;56;6;4490;1
35;98;6;2222;4
35;2;6;4000;6
35;33;7;44027;1
35;26;6;1212;1
35;147;7;96;5
35;131;6;95;27
35;4;6;6565;1
35;88;6;2222;2
35;148;7;10001;1
35;63;5;555;5
35;90;6;1511;1
35;163;6;1122;1
35;73;6;2211;1
35;100;7;10123;1
35;1;6;3300;1
35;11;6;2200;2
35;11;6;4412;1
35;52;3;96;4
35;7;6;5500;1
35;23;7;13456;3
35;23;7;15888;2
35;67;7;13456;3
35;12;7;70070;1
35;37;7;22222;1
35;12;7;50500;2
35;187;7;65234;1
35;4;7;13555;2
35;89;7;13456;9
35;157;6;1333;1
35;49;6;96;3
35;104;7;11999;11
35;179;7;50180;1
35;105;6;1111;2
35;105;7;95;27
35;9;6;1213;12
35;106;7;13777;1
35;150;7;55555;1
35;81;6;4488;17
35;23;7;65013;2
35;33;7;22422;1
35;20;6;1292;1
35;89;7;45333;8
35;70;7;23333;1
35;25;3;96;8
35;93;3;44;27
35;85;7;11000;93
35;88;7;44190;2
35;131;3;96;13
35;7;6;4410;3
35;106;6;2211;2
35;3;3;12;22
35;74;6;4477;2
35;171;6;5013;4
35;8;6;4400;1
35;129;3;95;6
35;71;6;4441;2
35;8;6;4422;1
35;96;7;11999;1
35;105;7;11999;2
35;7;3;96;11
35;93;7;12888;2
35;166;6;4000;1
35;26;6;1313;2
35;81;7;13456;9
35;81;7;15888;2
35;105;6;1533;118
35;88;7;11;1
35;88;7;13;6
35;88;7;22;1
35;88;7;40;1
35;88;7;70;1
35;88;6;10;1
35;88;6;13;2
35;88;6;15;1
35;66;6;10;2
35;66;6;13;4
35;66;6;35;1
35;66;7;11;2
35;66;7;12;3
35;66;7;13;6
35;66;7;14;1
35;66;7;40;1
35;74;6;5001;1
35;179;7;10000;2
35;121;6;1233;18
35;89;7;44888;2
35;171;7;12333;1
35;72;7;44123;1
35;71;7;44777;5
35;125;6;96;18
35;110;6;2200;1
35;72;7;23192;1
35;152;6;1213;8
35;122;7;10123;4
35;61;6;7040;2
35;122;6;1245;1
35;121;3;12;18
35;35;7;95;8
35;60;3;44;18
35;19;7;50000;1
35;160;6;1245;2
35;160;7;22422;2
35;105;6;1245;1
35;59;7;95;13
35;13;7;13100;1
35;20;5;555;14
35;71;7;13555;3
35;42;7;13555;3
35;65;7;22556;1
35;65;7;45123;1
35;47;7;12345;1
35;88;7;15151;1
35;136;6;96;5
35;96;6;1533;145
35;187;6;4499;1
35;123;3;44;14
35;16;6;2201;5
35;15;6;4490;1
35;4;7;65700;7
35;120;7;10123;5
35;179;7;12888;25
35;35;6;1010;8
35;94;3;95;12
35;9;6;2288;2
35;81;6;5055;1
35;9;6;4000;7
35;117;7;10123;2
35;35;6;4000;3
35;16;6;4410;6
35;42;6;1533;71
35;127;7;12456;19
35;36;7;15151;1
35;47;7;13131;1
35;104;7;12123;9
35;182;6;5599;1
35;59;7;10123;2
35;93;7;96;4
35;41;7;12300;8
35;19;7;22;1
35;19;6;51;1
35;19;7;12;2
35;19;7;13;10
35;19;7;44;1
35;19;7;55;1
35;9;6;11;1
35;31;6;1199;1
35;145;3;44;19
35;60;6;4488;30
35;147;7;55555;2
35;142;6;5013;2
35;22;7;45333;1
35;166;6;2323;1
35;12;7;12444;1
35;12;7;45333;8
35;104;6;1212;3
35;140;6;4488;6
35;71;6;1322;1
35;19;7;33033;1
35;16;7;12345;1
35;38;7;12345;1
35;113;6;1333;1
35;121;6;96;6
35;124;7;13555;2
35;170;7;96;13
35;6;6;4000;10
35;153;5;700;53
35;31;7;44888;5
35;52;5;131;95
35;172;5;555;14
35;117;6;5013;15
35;132;6;5555;1
35;74;6;4490;3
35;1;6;5050;1
35;172;6;4488;1
35;61;3;96;9
35;66;7;15331;1
35;171;7;22777;1
35;29;7;13132;1
35;98;7;44456;1
35;25;6;1010;6
35;3;7;10000;2
35;57;6;2210;3
35;8;3;95;15
35;8;7;13132;1
35;27;7;13456;5
35;153;5;96;18
35;129;7;44447;2
35;52;6;5555;1
35;42;7;33193;1
35;10;5;131;118
35;84;7;22222;3
35;23;6;1233;14
35;67;6;1233;26
35;58;6;2222;4
35;146;6;5013;3
35;130;7;10123;4
35;164;7;15115;1
35;65;7;95;7
35;135;7;13100;1
35;90;7;13555;3
35;18;6;1255;1
35;32;6;5001;1
35;170;6;2210;5
35;91;6;95;4
35;91;7;45000;1
35;4;6;1333;1
35;95;6;4000;21
35;56;7;11999;2
35;144;6;2210;3
35;8;6;95;18
35;41;7;44333;1
35;114;7;44888;2
35;84;6;1016;1
35;9;6;1333;1
35;85;7;96;9
35;31;6;1292;1
35;32;3;12;8
35;92;6;1399;1
35;25;6;2255;1
35;8;6;1533;79
35;72;6;1010;7
35;100;7;12300;7
35;27;3;44;62
35;74;6;1516;1
35;179;6;5055;4
35;154;3;12;22
35;140;6;6565;2
35;116;6;2211;6
35;84;6;1213;3
35;90;3;12;16
35;129;6;1212;1
35;9;7;36000;1
35;9;7;50444;1
35;148;7;22422;3
35;3;6;1213;12
35;145;5;555;18
35;86;6;1233;19
35;92;6;5044;1
35;26;6;1010;9
35;135;6;4000;7
35;147;7;44111;4
35;45;6;1313;2
35;85;7;44000;1
35;115;5;700;24
35;42;7;12300;4
35;41;5;555;13
35;181;6;5511;5
35;116;7;96;8
35;107;5;131;182
35;168;6;1213;1
35;56;7;44190;1
35;36;7;22222;1
35;9;6;2255;1
35;54;7;33000;2
35;105;6;5599;1
35;116;7;44888;3
35;166;6;2255;1
35;179;7;13456;6
35;88;7;44000;1
35;7;7;70369;1
35;7;7;13555;2
35;153;6;2200;1
35;47;7;50113;1
35;109;6;1188;1
35;109;6;1577;1
35;80;6;5511;1
35;150;7;12888;18
35;150;6;96;4
35;55;7;10123;2
35;115;6;1213;13
35;173;6;4000;8
35;45;6;4444;1
35;86;3;95;4
35;59;6;2222;3
35;6;7;23192;2
35;92;6;1213;1
35;103;6;2210;2
35;32;7;44123;1
35;33;7;22777;4
35;130;6;5511;1
35;31;5;131;182
35;74;7;70070;1
35;26;7;12345;1
35;86;3;12;16
35;142;7;44888;2
35;113;7;12300;6
35;85;6;1233;19
35;2;6;1000;1
35;4;6;4490;3
35;95;7;13;16
35;95;7;15;2
35;95;7;55;2
35;95;7;65;1
35;95;6;12;1
35;95;6;13;3
35;146;7;15555;1
35;64;6;4455;1
35;123;7;10123;1
35;97;6;95;16
35;13;7;96;17
35;41;7;22556;1
35;171;6;4455;5
35;93;7;12456;59
35;12;7;44777;4
35;96;7;65700;3
35;72;7;12456;18
35;109;7;65700;1
35;127;7;12300;8
35;42;3;44;56
35;112;6;2201;2
35;146;6;1212;1
35;93;5;131;153
35;111;6;4445;1
35;178;7;96;3
35;135;6;1233;11
35;50;7;44777;4
35;113;7;10022;5
35;13;7;33000;2
35;117;6;2222;9
35;113;7;10123;3
35;71;7;12111;1
35;170;7;44777;4
35;101;6;4000;4
35;57;7;22111;1
35;12;6;96;11
35;114;7;55888;1
35;112;3;13;150
35;25;6;5013;3
35;28;6;5013;2
35;160;6;5511;8
35;91;7;70070;1
35;163;6;1245;2
35;88;5;555;4
35;32;6;1221;3
35;109;7;13456;1
35;59;6;4444;1
35;181;6;5013;5
35;32;3;13;152
35;100;3;95;1
35;96;7;12422;2
35;48;6;1233;21
35;26;6;1333;1
35;157;6;1313;1
35;163;7;12456;61
35;59;7;11000;96
35;9;7;50500;4
35;170;6;4000;3
35;170;6;2211;2
35;107;6;4000;31
35;94;7;96;19
35;80;7;55678;2
35;69;6;5533;1
35;150;6;4488;39
35;113;7;12123;4
35;157;6;2201;1
35;135;7;11111;2
35;87;7;11999;3
35;21;7;22222;3
35;21;7;44190;1
35;6;6;1000;1
35;6;5;95;13
35;13;6;5511;11
35;101;5;131;109
35;148;3;13;140
35;27;6;4490;4
35;153;7;10022;4
35;21;7;12999;2
35;18;6;1333;3
35;148;6;4000;3
35;22;6;96;11
35;148;6;96;6
35;166;6;4010;1
35;136;7;13789;2
35;109;3;13;204
35;6;6;2210;7
35;74;6;1201;1
35;23;7;12456;30
35;182;6;3000;1
35;78;7;10123;1
35;180;6;4488;1
35;57;7;12111;1
35;166;3;12;11
35;144;5;96;21
35;63;7;11999;1
35;86;7;13456;3
35;10;5;700;36
35;27;6;2201;6
35;136;7;45999;1
35;121;6;4456;2
35;88;6;1213;1
35;14;7;12123;1
35;37;6;1313;1
35;33;7;96;2
35;103;3;21;1
35;17;6;4477;3
35;115;6;96;4
35;30;3;44;43
35;136;6;2201;2
35;117;6;4000;9
35;171;7;11000;65
35;63;7;13555;5
35;180;3;44;23
35;11;7;12444;2
35;11;7;45333;7
35;1;7;40888;1
35;132;7;44441;1
35;130;7;22022;1
35;7;6;1201;2
35;64;6;2222;5
35;173;6;2277;3
35;1;6;4490;1
35;88;6;4555;1
35;112;3;44;44
35;105;6;5555;1
35;155;3;96;10
35;64;7;96;3
35;157;7;13456;14
35;29;7;11999;1
35;88;6;95;13
35;65;7;13555;3
35;125;6;4000;3
35;27;7;50500;3
35;157;7;15333;1
35;145;6;1322;14
35;168;6;5511;1
35;169;6;1213;15
35;108;6;1213;16
35;115;6;4000;3
35;179;6;96;2
35;56;3;95;10
35;7;6;4400;2
35;54;7;95;11
35;90;6;4000;5
35;28;6;1233;19
35;45;5;700;40
35;66;7;95;4
35;125;7;45;1
35;125;7;70;2
35;125;6;11;3
35;125;6;13;3
35;125;6;15;5
35;125;6;55;1
35;71;6;11;1
35;71;6;12;1
35;71;6;13;1
35;71;6;65;1
35;71;7;10;1
35;71;7;11;4
35;71;7;13;4
35;71;7;15;1
35;83;6;11;2
35;83;6;12;1
35;83;6;13;2
35;83;6;15;2
35;83;6;44;2
35;83;7;11;3
35;83;7;13;8
35;83;7;15;1
35;74;7;22422;13
35;86;7;44777;6
35;132;6;1233;48
35;100;3;12;9
35;80;7;44111;1
35;7;7;65013;1
35;126;7;12123;19
35;58;5;95;13
35;15;6;2277;1
35;93;7;13234;1
35;51;7;44777;8
35;58;7;12333;5
35;58;7;13555;3
35;100;6;1531;2
35;103;7;13555;3
35;168;3;95;5
35;35;7;15333;1
35;74;6;4410;1
35;129;3;44;78
35;9;7;22777;1
35;135;6;1333;1
35;187;6;1322;3
35;153;7;11000;19
35;49;6;4488;2
35;12;7;13456;5
35;12;7;15888;1
35;57;7;44777;2
35;127;6;95;7
35;56;7;11000;70
35;116;7;22777;1
35;157;7;15888;1
35;170;7;12300;2
35;99;6;1313;2
35;18;6;4477;2
35;150;7;33000;3
35;15;7;65700;5
35;70;7;13138;1
35;106;5;555;13
35;57;7;45333;2
35;164;6;2201;2
35;147;6;2222;5
35;35;3;13;144
35;176;6;1213;8
35;35;7;96;2
35;82;7;12300;4
35;30;6;4000;8
35;168;7;44888;4
35;100;7;13555;4
35;177;5;700;11
35;173;3;95;10
35;130;6;4455;1
35;94;5;96;37
35;84;6;96;2
35;50;3;44;38
35;84;6;5511;3
35;122;6;4477;5
35;1;6;5533;4
35;67;6;1100;1
35;13;6;1112;1
35;26;7;12456;36
35;63;7;22422;2
35;160;7;90180;1
35;60;6;4400;1
35;30;6;5001;1
35;116;7;65700;3
35;187;7;15333;1
35;182;6;2201;5
35;54;6;1221;1
35;181;7;22022;3
35;67;7;96;17
35;23;7;96;7
35;171;7;15120;1
35;170;6;4477;4
35;94;6;2222;1
35;148;6;5511;3
35;20;6;5013;2
35;93;7;55;3
35;93;7;13;13
35;93;7;15;1
35;93;7;45;1
35;93;7;70;1
35;93;6;11;1
35;93;6;12;1
35;93;6;13;3
35;93;6;15;1
35;93;6;55;1
35;176;7;13;1
35;176;6;13;1
35;176;6;55;1
35;84;6;12;2
35;84;6;13;1
35;84;6;23;1
35;101;5;95;6
35;12;7;55600;1
35;148;7;13123;1
35;25;7;13789;1
35;72;6;2277;1
35;41;6;4422;1
35;164;7;65700;18
35;53;7;55234;2
35;35;6;5533;2
35;21;6;1333;1
35;31;6;4488;21
35;58;6;95;11
35;16;7;44234;2
35;103;6;1221;1
35;11;3;44;48
35;123;6;1010;2
35;71;7;12333;1
35;133;6;1322;1
35;7;7;22120;1
35;33;6;1213;1
35;128;7;95;11
35;165;6;1322;5
35;170;7;22222;2
35;100;6;1533;135
35;93;7;13456;2
35;64;6;2288;1
35;57;6;2323;1
35;181;6;2277;3
35;173;7;44888;3
35;126;7;44777;2
35;68;6;1123;1
35;142;7;11999;1
35;137;6;2211;8
35;146;7;44888;8
35;131;7;10001;1
35;105;6;5013;9
35;125;3;96;14
35;78;6;1010;4
35;13;6;1533;82
35;42;6;5533;4
35;72;5;700;36
35;63;7;44777;2
35;179;7;45333;5
35;168;5;700;27
35;59;6;95;15
35;140;6;2222;6
35;72;6;95;16
35;150;7;45333;3
35;11;6;4477;2
35;2;6;4477;3
35;125;6;2222;17
35;13;7;11999;3
35;113;5;96;12
35;144;7;22222;1
35;182;7;70070;2
35;92;7;22222;3
35;182;7;44000;1
35;69;6;5013;3
35;54;7;12300;2
35;85;7;95;16
35;90;6;1322;1
35;37;6;4477;1
35;64;7;50444;1
35;109;6;4000;13
35;27;6;5050;1
35;27;7;44000;2
35;36;3;44;34
35;23;6;4000;5
35;67;6;4000;3
35;25;6;5511;8
35;187;7;50500;4
35;153;7;45300;22
35;130;7;65700;4
35;106;6;5501;1
35;15;7;45333;2
35;125;6;1533;130
35;166;7;55234;1
35;39;7;12300;5
35;26;6;5013;4
35;98;7;10123;2
35;45;6;1213;6
35;32;7;11000;92
35;53;6;1000;1
35;142;6;5511;2
35;12;6;5013;3
35;123;7;13333;1
35;1;6;1245;1
35;84;5;131;143
35;85;7;22422;2
35;32;7;55234;1
35;96;6;4000;3
35;98;7;12300;10
35;52;5;96;10
35;3;6;1313;1
35;145;7;12123;1
35;164;6;1213;26
35;137;7;12000;1
35;31;7;55234;1
35;146;7;13555;2
35;179;6;5013;2
35;7;7;50555;1
35;78;6;96;6
35;55;7;22222;2
35;33;7;12888;4
35;33;7;13333;1
35;98;6;1213;8
35;125;3;95;12
35;177;6;1010;8
35;69;6;2255;1
35;120;3;95;6
35;41;5;96;22
35;55;7;22022;4
35;176;6;1313;1
35;16;6;1515;5
35;12;7;22556;2
35;56;7;10123;2
35;104;6;2201;2
35;53;7;12300;1
35;21;7;12300;6
35;7;6;2211;3
35;163;3;95;4
35;154;3;13;114
35;9;7;70007;1
35;153;6;1322;2
35;140;7;22222;5
35;69;7;12300;1
35;69;7;45413;2
35;69;7;96;2
35;137;7;12333;5
35;29;7;15331;1
35;3;6;5533;6
35;93;6;1333;6
35;120;6;1233;16
35;21;5;95;20
35;110;3;96;17
35;59;7;44888;2
35;6;7;12111;1
35;48;7;12345;1
35;13;6;4567;1
35;101;7;12300;4
35;187;7;44888;7
35;116;3;44;30
35;127;6;5001;1
35;90;7;65700;5
35;100;7;65700;2
35;90;7;55888;3
35;18;6;6565;1
35;27;6;1233;11
35;27;6;1322;6
35;84;6;95;13
35;158;7;50500;2
35;82;7;55555;1
35;168;6;2222;5
35;155;7;44;1
35;117;6;23;1
35;117;6;33;1
35;117;6;65;1
35;117;7;11;1
35;117;7;12;1
35;117;7;13;3
35;117;7;15;2
35;117;7;44;1
35;117;7;70;1
35;126;6;12;2
35;126;6;13;1
35;126;6;22;1
35;126;7;10;1
35;126;7;12;1
35;126;7;13;14
35;126;7;22;3
35;126;7;36;1
35;126;7;45;1
35;66;6;5050;1
35;168;7;55678;1
35;19;5;700;31
35;168;7;22777;2
35;126;6;1212;1
35;64;5;555;7
35;155;5;96;21
35;93;3;95;7
35;170;3;96;12
35;54;6;1201;3
35;95;6;1533;81
35;13;7;23192;2
35;14;6;1213;14
35;40;6;4455;1
35;45;5;131;117
35;150;7;44000;1
35;20;7;12888;7
35;29;6;96;13
35;85;6;95;13
35;168;7;95;10
35;104;7;22222;1
35;72;6;1111;1
35;72;7;95;16
35;126;6;4488;8
35;171;3;96;12
35;93;7;33193;1
35;154;6;96;3
35;66;6;1333;3
35;54;7;11000;97
35;35;5;95;7
35;31;3;13;168
35;179;6;4488;8
35;39;6;1533;76
35;27;6;2210;5
35;112;5;131;168
35;61;5;131;190
35;63;6;2277;1
35;1;6;4000;5
35;56;6;2200;1
35;114;6;4000;8
35;17;6;3000;1
35;164;6;2211;3
35;53;6;1333;1
35;171;6;95;15
35;33;7;12456;18
35;2;7;50500;5
35;123;7;50500;1
35;179;6;6565;1
35;128;6;5599;2
35;110;7;15333;1
35;80;6;1213;16
35;13;7;45333;4
35;155;6;2277;1
35;113;6;1010;41
35;120;5;700;38
35;17;7;44234;1
35;109;7;33789;2
35;115;6;1251;1
35;55;7;65700;1
35;8;6;4455;3
35;123;7;15151;1
35;99;7;44777;3
35;127;7;15120;1
35;113;6;1100;1
35;182;7;10123;8
35;31;6;1213;18
35;129;6;4477;2
35;91;6;1123;1
35;157;6;5013;2
35;166;7;12300;1
35;2;6;1322;6
35;173;6;2201;3
35;133;7;12999;2
35;124;3;13;102
35;35;7;15331;1
35;116;6;2222;2
35;8;6;4000;9
35;54;7;12333;1
35;18;6;7040;1
35;3;6;5013;3
35;103;6;1111;1
35;164;5;96;25
35;121;7;96;6
35;13;7;50444;1
35;83;6;1010;8
35;28;6;5533;1
35;70;7;22022;1
35;17;7;33193;2
35;84;3;13;125
35;5;7;96;10
35;3;6;4000;3
35;16;7;12123;2
35;25;5;95;13
35;28;5;95;14
35;37;7;65700;10
35;126;7;95;18
35;113;6;1322;2
35;10;7;44888;4
35;54;5;131;174
35;53;7;22422;8
35;58;7;33789;1
35;72;7;44777;1
35;158;3;44;42
35;49;7;96;1
35;125;6;5511;2
35;2;7;70000;1
35;153;6;1245;2
35;153;7;22422;1
35;141;6;2210;2
35;116;6;4455;14
35;70;7;11100;4
35;32;7;12456;14
35;55;7;23190;1
35;7;5;700;46
35;81;7;50444;1
35;30;7;10;2
35;30;7;11;3
35;30;7;12;2
35;108;6;2201;9
35;112;6;4490;3
35;5;7;43640;1
35;113;6;22;1
35;113;6;23;1
35;113;7;10;1
35;113;7;12;4
35;113;7;13;6
35;113;7;15;1
35;113;7;55;1
35;113;7;70;4
35;160;6;11;1
35;160;6;12;2
35;160;6;13;3
35;160;6;15;1
35;160;6;22;1
35;173;6;1245;5
35;5;6;7040;2
35;136;6;2211;3
35;179;6;2211;2
35;144;5;555;13
35;17;7;22222;1
35;17;7;44190;2
35;36;5;131;136
35;153;7;22022;1
35;22;6;2288;1
35;66;7;13456;5
35;45;6;5511;5
35;1;6;4455;3
35;93;5;96;19
35;165;6;4455;7
35;141;7;65700;3
35;26;6;1111;1
35;26;7;95;8
35;86;3;13;99
35;146;5;555;11
35;136;7;23192;1
35;92;6;1233;4
35;110;6;2277;4
35;117;6;2288;1
35;64;3;13;107
35;110;6;96;18
35;146;6;2222;2
35;115;7;12888;1
35;172;6;1213;21
35;22;6;1322;6
35;49;7;11999;1
35;142;7;22022;1
35;182;7;22556;3
35;40;7;12123;2
35;74;6;1221;1
35;136;6;4455;9
35;147;7;11000;126
35;4;6;1533;92
35;55;7;70123;1
35;55;5;700;40
35;64;7;12888;34
35;87;6;5511;1
35;72;6;1251;1
35;150;7;13456;6
35;65;7;65700;1
35;146;3;13;220
35;74;5;96;25
35;117;6;1292;1
35;38;6;4000;5
35;25;6;2211;4
35;28;6;2211;15
35;181;7;22422;3
35;128;7;12888;20
35;112;3;12;30
35;109;6;4488;24
35;91;7;10275;1
35;6;7;11111;1
35;55;6;11;1
35;55;6;12;2
35;55;6;13;2
35;55;6;15;4
35;55;7;11;3
35;55;7;12;1
35;55;7;13;9
35;55;7;15;2
35;7;6;4000;9
35;105;7;70007;2
35;55;7;22;1
35;55;7;55;1
35;56;6;11;1
35;56;6;12;3
35;56;6;13;1
35;56;6;14;1
35;69;6;12;2
35;69;6;13;1
35;69;6;15;1
35;69;6;44;1
35;69;7;12;2
35;69;7;13;12
35;38;3;44;51
35;69;7;22;2
35;69;7;44;1
35;69;7;45;1
35;142;6;10;1
35;49;3;95;2
35;166;6;1333;1
35;53;7;22;4
35;53;7;44;4
35;53;7;45;2
35;53;7;55;2
35;53;7;70;1
35;70;7;10;2
35;70;7;11;2
35;70;7;12;3
35;157;6;4488;12
35;1;7;13555;4
35;176;3;13;65
35;56;6;40;1
35;56;6;65;1
35;56;7;10;1
35;56;7;11;6
35;56;7;12;4
35;56;7;13;9
35;56;7;14;1
35;56;7;15;1
35;56;7;22;1
35;56;7;23;1
35;56;7;44;1
35;56;7;45;1
35;56;7;55;2
35;69;6;11;1
35;22;7;22556;2
35;107;6;4410;1
35;103;6;1313;1
35;34;7;96;2
35;105;7;13555;3
35;63;7;13456;1
35;38;6;1213;1
35;53;7;65700;4
35;21;7;65700;7
35;47;6;1233;14
35;42;5;555;7
35;126;6;2210;1
35;54;6;2211;1
35;144;6;5013;9
35;40;7;96;14
35;179;7;65700;19
35;30;6;1000;1
35;109;3;12;32
35;60;7;50500;2
35;130;5;131;156
35;168;7;55111;1
35;117;7;11111;1
35;182;6;1201;1
35;41;6;5511;2
35;29;5;700;25
35;169;7;11111;1
35;163;7;50123;1
35;123;6;2222;1
35;109;5;555;13
35;1;6;2277;3
35;18;7;10123;5
35;157;7;15222;1
35;147;6;4488;79
35;120;7;12333;1
35;59;7;11444;2
35;123;6;3300;1
35;170;7;13456;3
35;35;7;15000;1
35;78;7;12;2
35;78;6;44;1
35;78;7;10;1
35;78;7;11;1
35;78;7;13;11
35;78;7;55;2
35;41;6;11;1
35;41;6;12;2
35;41;6;13;1
35;41;6;15;2
35;41;6;35;1
35;41;6;50;1
35;41;7;11;2
35;41;7;12;2
35;41;7;13;12
35;41;7;15;1
35;48;6;4000;3
35;71;5;131;104
35;25;7;12123;1
35;86;6;4488;21
35;8;7;22120;1
35;171;7;12456;29
35;47;7;22422;1
35;23;7;65700;8
35;171;7;22022;2
35;86;7;22147;1
35;26;6;2288;1
35;140;5;131;226
35;152;3;12;12
35;53;6;1213;10
35;8;7;55888;1
35;8;6;1010;6
35;9;7;12300;4
35;9;7;45413;1
35;59;6;1201;1
35;163;6;1322;1
35;7;6;5511;3
35;59;6;4488;9
35;142;7;12345;2
35;142;7;65013;1
35;169;6;1292;4
35;108;6;1292;2
35;173;7;22022;2
35;65;7;22222;2
35;131;6;4410;15
35;64;7;95;5
35;170;6;1515;2
35;111;6;1221;1
35;109;7;12888;13
35;95;7;45999;1
35;10;7;12888;10
35;148;6;1533;82
35;27;6;1111;2
35;34;7;13456;7
35;78;6;2277;5
35;182;5;95;11
35;81;7;44556;1
35;81;6;1213;23
35;29;7;44888;10
35;18;6;5013;1
35;112;6;4400;1
35;148;3;12;23
35;12;3;96;17
35;51;6;1100;1
35;129;6;5511;6
35;41;6;2210;2
35;106;6;1299;1
35;81;7;14888;1
35;15;3;12;17
35;45;7;13555;4
35;53;6;1221;1
35;88;6;4477;1
35;169;7;13456;4
35;18;6;4000;5
35;99;5;131;236
35;63;6;5511;1
35;30;5;96;18
35;132;6;1322;4
35;158;6;95;13
35;53;6;1233;6
35;59;5;96;9
35;123;7;55555;1
35;132;7;13456;1
35;52;7;44777;6
35;63;7;10;1
35;63;7;12;7
35;63;7;13;9
35;63;7;14;1
35;63;7;15;1
35;63;7;22;1
35;63;7;44;2
35;63;7;55;1
35;63;7;70;1
35;164;6;12;1
35;164;6;13;2
35;164;6;15;2
35;164;6;22;1
35;164;6;44;1
35;128;3;44;11
35;88;7;96;5
35;10;3;95;7
35;10;6;4000;2
35;182;6;5044;2
35;21;6;1322;7
35;60;7;95;14
35;104;6;44;2
35;104;6;15;2
35;104;6;22;2
35;104;6;23;1
35;110;7;11;3
35;110;7;12;3
35;110;7;13;21
35;110;7;14;1
35;103;7;10000;2
35;82;7;11000;100
35;78;6;1113;1
35;129;7;65700;9
35;131;5;700;29
35;178;7;13123;1
35;40;6;95;15
35;38;6;1515;2
35;89;7;11111;2
35;45;6;95;16
35;135;7;70;1
35;147;6;11;1
35;96;6;95;9
35;147;6;12;2
35;147;6;13;1
35;147;6;15;3
35;147;6;22;1
35;147;7;11;2
35;147;7;12;7
35;147;7;13;15
35;147;7;15;1
35;147;7;45;1
35;147;7;70;3
35;173;7;11;2
35;173;7;12;2
35;173;7;13;12
35;173;7;15;2
35;173;6;11;1
35;173;6;13;3
35;173;6;23;1
35;11;3;13;104
35;2;3;13;146
35;78;3;13;90
35;16;3;95;1
35;163;7;22022;1
35;9;6;2210;5
35;87;5;555;14
35;3;5;555;6
35;37;7;96;7
35;111;7;22222;2
35;57;7;44888;18
35;70;7;12345;1
35;70;7;65013;1
35;4;7;50013;1
35;170;7;13777;1
35;55;6;1292;2
35;59;6;1016;1
35;53;3;12;14
35;21;3;12;30
35;170;7;22900;1
35;129;3;12;16
35;150;3;12;15
35;97;6;96;8
35;70;6;1000;1
35;164;6;1214;1
35;9;7;13100;1
35;73;5;96;19
35;30;7;11000;93
35;113;5;95;5
35;96;6;5533;3
35;103;7;70070;1
35;147;6;96;6
35;88;7;11999;2
35;42;3;96;9
35;55;7;13555;7
35;56;6;95;9
35;27;6;5599;1
35;100;7;22556;2
35;1;7;11000;79
35;106;7;44888;4
35;37;7;13456;1
35;187;7;44000;1
35;129;5;700;52
35;70;7;45999;1
35;10;6;4400;1
35;63;6;1245;1
35;9;7;11999;4
35;164;6;4512;1
35;160;6;4000;18
35;82;6;1245;1
35;82;7;22422;2
35;155;6;1233;13
35;121;7;12111;1
35;19;7;22345;1
35;110;6;1232;1
35;59;5;95;6
35;34;6;1322;8
35;142;5;96;18
35;106;6;5511;2
35;16;6;1201;2
35;17;6;1212;3
35;133;6;7070;1
35;171;6;1533;95
35;95;7;95;12
35;145;6;1233;47
35;181;7;65700;3
35;71;6;4455;3
35;163;7;96;3
35;181;7;11000;105
35;85;7;13456;1
35;122;6;1133;1
35;37;7;50500;1
35;56;7;95;13
35;65;3;44;27
35;94;6;1212;1
35;30;7;44888;3
35;20;7;12300;5
35;35;3;96;11
35;48;5;96;12
35;173;3;96;8
35;61;6;96;2
35;10;6;1533;60
35;45;7;11000;84
35;94;6;2210;1
35;42;7;44888;8
35;168;6;5013;2
35;122;6;2233;1
35;135;7;10000;1
35;91;5;96;33
35;165;6;5013;4
35;107;7;12333;3
35;74;7;44234;1
35;41;6;1322;4
35;163;7;95;7
35;187;7;80180;1
35;56;6;1100;1
35;66;7;96;5
35;94;6;2277;4
35;33;7;12333;7
35;45;7;22222;1
35;36;6;1322;2
35;12;6;2277;5
35;176;5;700;9
35;164;7;15333;1
35;87;7;15333;1
35;17;6;1277;1
35;147;7;45333;4
35;5;5;555;11
35;171;7;33000;3
35;105;6;1100;1
35;164;6;4456;1
35;27;6;1112;1
35;85;7;12999;2
35;23;3;95;11
35;96;6;4455;4
35;50;6;1313;1
35;60;5;131;207
35;4;7;12555;1
35;164;6;1010;6
35;124;7;10123;1
35;64;3;95;2
35;17;6;1010;13
35;54;7;44888;7
35;148;6;4477;2
35;41;7;33193;1
35;13;6;23;1
35;13;7;13;15
35;13;7;15;1
35;13;7;22;2
35;13;7;44;2
35;23;6;1292;1
35;52;6;12;2
35;52;6;13;1
35;86;6;2211;1
35;142;7;12300;3
35;56;7;22122;1
35;12;6;1333;3
35;181;7;12300;12
35;181;7;45413;2
35;74;6;2200;3
35;68;6;96;7
35;171;7;44000;1
35;140;6;4455;5
35;12;6;2210;5
35;177;3;44;29
35;17;7;13555;2
35;54;7;22111;1
35;14;5;700;30
35;123;7;11999;1
35;84;5;700;23
35;86;7;22777;3
35;6;7;13456;4
35;6;7;15888;1
35;10;7;12333;1
35;85;6;4488;34
35;103;7;12456;40
35;169;7;12345;2
35;169;7;65013;3
35;83;6;2211;3
35;34;6;1010;6
35;9;7;50777;1
35;103;7;23190;2
35;142;7;43640;1
35;106;5;131;195
35;39;6;1100;1
35;173;7;13133;1
35;73;6;1213;23
35;170;7;22556;1
35;127;7;13456;1
35;31;7;13123;1
35;176;5;96;6
35;54;6;1322;35
35;180;3;96;4
35;141;6;1533;71
35;94;5;555;2
35;87;6;4488;9
35;20;7;40130;1
35;25;6;1233;11
35;21;6;4490;1
35;50;3;96;8
35;6;6;1213;13
35;70;7;50777;1
35;60;6;95;9
35;39;7;11999;1
35;14;7;12456;24
35;133;6;95;11
35;180;6;4000;1
35;111;7;13133;1
35;25;3;12;16
35;28;3;12;24
35;10;7;96;12
35;47;7;12456;34
35;71;6;1213;5
35;82;7;23192;1
35;163;7;12888;6
35;66;6;4455;8
35;121;5;700;25
35;80;7;22222;1
35;181;6;12;2
35;181;6;13;1
35;63;6;11;1
35;63;6;12;2
35;63;6;13;3
35;63;6;15;1
35;110;7;22;2
35;110;7;45;1
35;110;7;55;1
35;110;7;70;1
35;110;6;11;1
35;110;6;12;4
35;110;6;13;3
35;110;6;15;3
35;110;6;22;1
35;107;7;12456;35
35;136;7;13100;2
35;72;5;95;17
35;123;7;13456;34
35;42;3;13;110
35;29;7;22222;1
35;176;7;44027;1
35;12;6;2323;1
35;28;7;11666;1
35;164;6;6565;1
35;15;6;2210;2
35;179;7;96;3
35;165;6;1213;12
35;165;7;44556;1
35;128;7;10000;1
35;177;7;44444;1
35;103;6;4422;1
35;83;5;700;10
35;72;6;1322;2
35;135;7;45;2
35;133;7;12456;12
35;150;6;1322;3
35;19;7;10123;4
35;7;6;4477;4
35;18;7;12456;35
35;66;7;12333;1
35;72;6;1212;2
35;105;6;4499;1
35;86;5;96;22
35;14;6;4000;5
35;90;6;1233;9
35;131;6;5533;1
35;41;7;13555;3
35;126;7;12300;1
35;178;6;1322;2
35;92;6;4455;1
35;28;6;1123;1
35;30;7;15331;1
35;60;6;1333;9
35;18;6;5599;1
35;146;6;1000;1
35;105;5;555;4
35;171;3;12;19
35;100;6;1233;6
35;21;7;11999;4
35;54;6;2255;1
35;23;7;22422;9
35;57;6;4411;4
35;140;7;65000;1
35;56;5;95;10
35;104;6;1333;3
35;157;6;1213;3
35;29;7;12;7
35;29;7;13;18
35;29;7;14;1
35;29;7;15;2
35;29;7;44;1
35;29;7;55;2
35;29;7;70;3
35;59;6;10;1
35;59;6;12;6
35;59;6;13;1
35;59;7;12;2
35;59;7;13;15
35;92;7;15000;1
35;12;6;22;1
35;12;7;11;1
35;12;7;12;2
35;12;7;13;11
35;12;7;15;1
35;12;7;22;1
35;126;7;13555;3
35;117;6;96;5
35;110;7;13456;27
35;42;5;96;16
35;35;3;44;38
35;173;6;4040;1
35;83;7;11111;1
35;181;6;5005;1
35;61;6;4488;35
35;166;5;95;11
35;133;7;12300;2
35;80;7;22777;3
35;53;3;13;185
35;60;6;1213;54
35;129;7;12456;27
35;6;7;13133;1
35;22;7;15000;1
35;21;6;1100;1
35;121;7;12123;6
35;26;5;131;165
35;83;7;44;1
35;73;6;2222;6
35;123;6;2255;1
35;155;6;2211;17
35;54;7;44777;1
35;30;6;2211;12
35;107;6;2211;2
35;168;6;4000;17
35;25;6;4422;1
35;48;5;131;82
35;73;6;2200;1
35;128;7;11000;116
35;6;6;4410;3
35;40;7;12999;2
35;128;3;13;234
35;168;7;70000;1
35;121;6;1313;2
35;98;6;4455;18
35;39;3;13;108
35;179;7;13;3
35;179;6;11;3
35;179;6;44;1
35;179;7;11;5
35;31;7;10;1
35;31;7;12;3
35;31;7;13;18
35;31;7;19;1
35;31;7;40;1
35;31;7;44;2
35;31;7;45;1
35;31;6;11;1
35;31;6;12;3
35;31;6;13;1
35;31;6;15;2
35;31;6;22;2
35;31;6;44;1
35;89;7;44;3
35;89;7;55;2
35;89;6;11;3
35;47;7;13456;1
35;89;6;12;4
35;89;6;13;3
35;89;6;15;2
35;89;6;44;1
35;89;7;10;1
35;135;5;131;229
35;169;5;555;11
35;81;3;12;25
35;48;7;12300;6
35;182;3;96;8
35;4;6;1322;5
35;145;7;33789;2
35;147;6;2277;2
35;111;6;4000;16
35;54;3;13;165
35;112;6;1213;4
35;132;5;700;39
35;1;6;5044;3
35;1;7;12333;4
35;15;7;12300;1
35;115;5;96;10
35;153;7;12123;1
35;122;3;95;11
35;166;7;12456;12
35;80;7;45999;1
35;90;6;11;1
35;90;6;12;3
35;90;6;15;4
35;90;6;44;1
35;90;7;10;1
35;90;7;11;4
35;135;5;96;18
35;157;7;44027;1
35;181;6;2222;5
35;98;6;4444;23
35;137;6;2299;1
35;109;6;1322;1
35;49;6;2277;6
35;8;6;2123;1
35;137;7;70400;1
35;72;7;22422;18
35;103;6;1222;1
35;48;6;1369;1
35;51;7;12456;25
35;99;7;13456;1
35;116;7;12333;6
35;103;7;22022;3
35;100;3;13;179
35;104;6;1123;1
35;85;6;1000;1
35;83;7;22422;2
35;39;7;22777;4
35;45;7;12;3
35;45;7;13;11
35;45;7;15;1
35;42;7;11000;65
35;17;6;1333;1
35;98;6;5511;1
35;173;7;44777;7
35;81;7;96;6
35;103;6;7040;2
35;37;3;13;150
35;25;5;700;34
35;28;5;700;22
35;144;6;1245;1
35;144;7;22422;16
35;53;5;555;5
35;21;5;555;12
35;84;7;22422;1
35;84;6;1245;1
35;26;7;44777;4
35;16;3;12;29
35;103;7;22777;1
35;37;7;14100;1
35;18;7;12300;1
35;105;6;1010;1
35;22;7;11000;95
35;6;6;1201;1
35;40;3;13;126
35;170;5;700;44
35;172;7;70070;1
35;153;7;44;3
35;153;7;11;1
35;153;7;12;2
35;153;7;13;2
35;153;7;45;2
35;153;7;55;1
35;153;7;70;2
35;36;6;11;1
35;36;6;12;6
35;36;6;13;1
35;36;6;15;1
35;36;6;23;1
35;36;7;10;1
35;36;7;11;1
35;36;7;12;2
35;36;7;13;8
35;168;7;22422;2
35;16;7;23190;1
35;33;6;1515;1
35;124;7;12300;38
35;116;6;1333;15
35;69;7;95;10
35;171;7;13123;1
35;61;7;13789;2
35;14;7;12300;3
35;48;7;13456;1
35;48;7;15888;1
35;82;6;1010;12
35;53;7;22222;8
35;112;5;555;26
35;68;7;15331;1
35;12;6;95;21
35;129;6;1233;19
35;173;6;5013;4
35;164;6;1201;1
35;92;7;15333;2
35;95;6;1233;7
35;97;6;1233;9
35;148;6;1322;2
35;187;7;22556;1
35;152;6;2299;1
35;168;7;12600;1
35;168;7;65700;1
35;168;5;96;12
35;27;7;13555;1
35;126;6;1313;1
35;92;7;65700;1
35;15;5;555;10
35;53;6;7040;1
35;27;7;14888;1
35;87;7;96;7
35;7;7;22000;1
35;103;6;5533;1
35;122;6;95;17
35;34;7;12123;2
35;72;6;1515;3
35;30;7;55555;1
35;68;6;1213;2
35;27;7;12345;4
35;27;7;65013;1
35;123;7;65700;1
35;54;6;1023;1
35;136;7;44543;2
35;54;7;12456;17
35;3;6;5511;6
35;17;7;33000;2
35;16;6;4477;5
35;13;7;44556;1
35;51;6;2277;11
35;168;6;5555;2
35;69;3;96;7
35;15;5;700;38
35;74;3;44;65
35;148;7;95;12
35;113;6;95;3
35;15;7;50500;1
35;181;7;50500;3
35;20;6;4000;6
35;181;6;4000;10
35;68;6;4477;1
35;86;7;44000;1
35;86;6;1322;2
35;100;7;44999;1
35;164;6;1233;15
35;131;7;22222;1
35;10;6;1233;13
35;170;6;1213;23
35;31;7;11999;5
35;163;6;11;1
35;163;6;13;1
35;163;6;15;2
35;163;6;40;1
35;146;3;96;12
35;71;6;1470;1
35;137;7;70300;1
35;42;7;95;10
35;73;7;11000;101
35;129;7;44777;5
35;52;7;44888;2
35;176;6;2211;3
35;47;6;1313;1
35;51;3;96;11
35;18;6;13;3
35;169;7;14;1
35;11;6;2255;2
35;59;7;22422;4
35;59;6;1245;1
35;10;7;44321;1
35;60;3;12;9
35;90;7;11000;81
35;173;7;12300;8
35;173;6;1322;16
35;15;7;12444;1
35;132;3;95;2
35;48;7;96;5
35;12;7;13123;1
35;7;6;2222;6
35;182;7;13555;6
35;37;6;1333;2
35;71;5;700;39
35;163;7;22222;3
35;136;6;1213;12
35;179;7;44123;1
35;32;6;1233;4
35;13;6;95;16
35;13;7;45000;1
35;65;5;96;20
35;90;6;95;7
35;18;6;2211;1
35;148;7;44888;1
35;20;7;33890;1
35;20;7;50444;1
35;153;6;1010;50
35;153;6;4456;2
35;106;7;44234;2
35;94;3;44;37
35;81;6;1010;17
35;81;6;4456;1
35;81;6;4455;4
35;179;6;4455;1
35;51;6;1333;14
35;12;6;5001;2
35;99;6;2210;2
35;87;7;22777;1
35;5;6;4000;5
35;1;6;1212;1
35;59;6;1000;1
35;83;7;45333;4
35;5;7;22000;1
35;169;6;5511;7
35;182;6;95;12
35;155;7;13456;1
35;158;3;12;18
35;15;6;4477;1
35;144;6;4433;2
35;61;7;12333;1
35;173;6;4555;1
35;100;5;131;186
35;30;7;13555;5
35;98;6;2244;2
35;142;7;10000;3
35;45;6;1010;4
35;26;6;4000;1
35;110;5;96;38
35;158;5;131;211
35;61;7;22;1
35;61;7;44;2
35;61;7;65;2
35;61;7;70;1
35;61;6;11;3
35;61;6;12;3
35;61;6;15;5
35;61;6;22;3
35;61;6;30;1
35;61;6;40;1
35;61;6;44;1
35;18;7;23192;3
35;120;7;95;9
35;120;6;1111;2
35;172;5;96;28
35;105;3;96;10
35;12;7;12888;12
35;93;7;44101;1
35;14;7;11000;53
35;158;6;1233;17
35;37;7;12333;1
35;98;7;33890;1
35;179;6;2201;2
35;52;6;2277;6
35;131;3;44;73
35;178;6;1515;1
35;18;7;22022;3
35;53;7;15333;1
35;80;7;12888;4
35;80;7;13333;1
35;77;3;96;12
35;129;7;22222;3
35;129;7;44190;2
35;11;7;65700;8
35;17;7;13789;3
35;27;5;700;45
35;137;7;95;16
35;111;6;4488;7
35;132;5;95;4
35;20;6;1322;2
35;129;6;7040;1
35;41;3;12;12
35;58;7;12111;1
35;121;6;1292;1
35;121;6;1533;152
35;5;7;44500;1
35;5;6;1515;4
35;104;6;1500;1
35;104;3;95;8
35;147;3;13;208
35;96;6;1199;1
35;111;6;1213;3
35;36;7;12888;4
35;20;7;13456;4
35;152;5;700;25
35;112;6;2210;1
35;101;7;22777;1
35;10;7;13555;2
35;144;7;22022;2
35;70;6;4455;4
35;171;6;2211;1
35;56;6;5533;3
35;169;6;4488;15
35;108;6;4488;25
35;116;6;1233;25
35;133;6;2288;1
35;80;6;4456;1
35;157;7;12888;11
35;65;7;12123;7
35;176;6;1233;10
35;20;7;44234;1
35;165;3;12;25
35;116;7;22556;7
35;7;7;23192;3
35;25;6;4444;1
35;59;3;13;188
35;13;6;2277;1
35;164;6;4490;1
35;110;7;12456;47
35;19;7;22422;7
35;8;6;1213;13
35;122;6;1313;2
35;80;3;13;159
35;115;5;555;1
35;92;7;12888;16
35;137;7;96;8
35;7;7;22222;2
35;7;7;44190;2
35;45;7;12300;5
35;179;7;22422;13
35;90;7;12;2
35;11;6;5511;10
35;2;6;5511;4
35;64;5;95;4
35;166;6;2222;3
35;142;3;44;71
35;97;7;12300;6
35;12;6;15;1
35;12;6;18;1
35;28;7;95;14
35;115;6;4488;21
35;26;6;4490;2
35;6;7;13234;1
35;6;7;44777;10
35;63;6;1333;1
35;91;6;1213;19
35;91;7;44556;1
35;87;7;11000;98
35;94;6;4455;16
35;106;7;22422;3
35;127;6;1100;1
35;32;6;1533;119
35;169;7;15000;1
35;64;5;131;115
35;6;6;1199;1
35;115;6;95;12
35;53;6;2233;1
35;26;7;22556;1
35;69;3;95;6
35;52;6;4433;2
35;105;6;2210;1
35;65;3;96;8
35;11;6;4410;5
35;65;5;700;17
35;23;7;22022;1
35;115;7;11777;1
35;16;6;1277;2
35;135;6;4455;22
35;48;6;1333;29
35;164;7;70;1
35;49;6;1213;3
35;16;6;1123;1
35;22;7;15120;1
35;123;7;44888;2
35;176;6;1010;1
35;80;6;1010;9
35;54;7;12888;21
35;109;6;1213;33
35;109;7;44556;1
35;9;7;33000;2
35;146;7;12456;16
35;178;7;50500;1
35;96;7;44244;1
35;53;6;4410;1
35;21;6;4410;4
35;164;6;5055;1
35;122;7;12555;1
35;160;7;44777;1
35;7;6;1213;20
35;136;6;1522;1
35;85;7;45645;1
35;137;7;44777;3
35;120;7;45000;1
35;100;7;12888;15
35;187;3;12;8
35;114;7;22022;1
35;152;6;1333;14
35;55;7;22111;1
35;158;6;1321;2
35;137;6;4488;6
35;10;7;12300;2
35;109;6;5555;2
35;172;6;1533;120
35;129;7;12444;1
35;40;7;12300;1
35;54;7;12123;2
35;19;3;96;11
35;180;7;11000;61
35;70;6;4488;6
35;51;6;1369;1
35;29;7;19000;1
35;19;7;22777;2
35;38;7;22777;4
35;17;6;1515;1
35;104;5;555;18
35;157;6;1322;13
35;81;7;44777;5
35;130;7;15888;1
35;130;7;13456;8
35;77;6;1322;1
35;182;6;1233;12
35;20;7;10000;1
35;103;6;1251;1
35;39;7;95;17
35;169;3;44;78
35;130;6;4000;18
35;72;7;50000;1
35;72;6;96;7
35;22;7;65000;1
35;179;7;22556;1
35;11;7;22345;1
35;3;7;65700;9
35;164;6;1123;1
35;137;7;12345;1
35;37;7;12888;3
35;37;7;13333;1
35;176;7;12300;1
35;112;6;2323;3
35;27;7;11111;1
35;25;7;13100;1
35;122;7;12300;8
35;92;5;555;3
35;61;5;700;39
35;170;6;4051;1
35;129;6;2277;1
35;14;7;11999;1
35;41;7;95;18
35;41;6;1111;1
35;65;6;1533;86
35;34;6;1533;86
35;172;7;65700;15
35;105;7;12333;1
35;164;7;70000;1
35;144;6;2222;7
35;89;6;1333;2
35;63;6;1213;2
35;80;7;12300;2
35;182;5;555;6
35;42;6;2222;7
35;121;3;44;45
35;20;6;1245;1
35;20;7;22422;13
35;126;7;22777;2
35;125;7;22222;7
35;23;6;1333;2
35;67;6;1333;3
35;90;7;12123;13
35;168;6;4444;2
35;144;7;65013;1
35;91;7;12123;6
35;25;6;2201;1
35;164;6;2288;1
35;2;6;1100;2
35;9;6;1245;1
35;9;7;22422;14
35;32;7;13234;1
35;155;5;555;15
35;164;7;50500;2
35;164;7;55100;1
35;45;6;4410;2
35;14;6;1292;2
35;9;7;12456;32
35;69;7;12888;1
35;173;7;13456;17
35;169;7;55234;1
35;29;7;44777;4
35;29;6;1100;1
35;19;6;2201;1
35;35;5;555;1
35;148;7;13456;2
35;148;7;15888;1
35;5;6;2201;3
35;30;7;12345;1
35;84;3;44;45
35;90;6;1333;2
35;37;3;96;8
35;48;3;95;4
35;122;7;12888;25
35;122;7;13333;1
35;7;7;50500;5
35;1;5;555;6
35;127;3;44;44
35;187;6;1112;1
35;13;7;11000;68
35;66;6;1322;4
35;172;6;1322;4
35;13;6;4090;1
35;145;3;13;225
35;71;5;96;7
35;124;6;1233;1
35;27;6;1292;1
35;160;7;96;12
35;9;3;95;5
35;120;6;4000;2
35;18;6;5050;2
35;36;6;1313;1
35;129;7;43640;1
35;41;3;44;66
35;168;6;1233;38
35;172;7;22022;1
35;178;7;70123;2
35;178;5;700;28
35;165;7;40333;1
35;165;5;700;23
35;120;6;2200;2
35;146;3;95;2
35;12;7;11000;78
35;77;3;95;17
35;5;6;1233;19
35;74;7;13133;3
35;148;7;12333;4
35;116;7;11000;82
35;170;6;5511;6
35;106;6;5533;1
35;72;6;2100;1
35;114;6;1011;1
35;137;5;555;6
35;108;6;1215;1
35;177;6;1213;3
35;117;3;13;105
35;124;7;22422;1
35;15;6;1010;11
35;8;6;2288;6
35;18;7;22422;26
35;4;6;95;14
35;140;6;1478;1
35;89;6;3300;1
35;103;7;12300;8
35;17;6;1111;2
35;13;6;5013;3
35;9;6;4444;2
35;6;6;5055;1
35;129;5;96;13
35;163;7;65700;7
35;144;6;1010;4
35;94;7;22777;5
35;32;5;555;6
35;121;7;44123;1
35;133;7;15331;2
35;158;6;4488;18
35;41;6;2201;1
35;81;7;22222;3
35;81;7;44190;1
35;112;6;95;19
35;85;6;1400;1
35;170;7;14190;1
35;110;7;10000;1
35;64;6;5001;2
35;36;7;44777;2
35;82;7;12456;15
35;71;7;12123;2
35;38;6;2210;1
35;71;6;96;6
35;27;5;96;18
35;99;5;555;29
35;164;6;4000;2
35;177;3;13;93
35;49;6;1233;12
35;170;7;44111;1
35;26;6;4456;2
35;148;6;1233;26
35;177;5;95;13
35;117;6;5533;1
35;187;5;700;36
35;37;3;12;8
35;21;7;45333;4
35;74;3;12;26
35;27;7;22556;2
35;17;7;12333;4
35;116;7;12345;1
35;54;7;22777;1
35;53;6;5555;2
35;90;7;12300;10
35;47;6;95;3
35;146;6;4412;1
35;132;6;2277;5
35;117;5;700;31
35;124;7;96;4
35;123;7;12300;5
35;140;3;12;12
35;13;7;44123;2
35;81;6;5013;3
35;58;3;44;44
35;108;6;5511;7
35;22;6;1515;1
35;72;7;13133;1
35;7;6;2200;3
35;171;7;96;7
35;96;6;5013;2
35;89;6;1213;10
35;146;5;700;20
35;94;6;95;13
35;176;7;95;7
35;136;6;2277;12
35;109;5;96;20
35;49;7;22222;4
35;49;7;44190;1
35;133;6;4488;14
35;2;7;12112;1
35;61;6;1010;4
35;166;7;11000;56
35;129;6;1515;1
35;158;7;22022;1
35;181;6;96;6
35;128;6;1123;1
35;27;6;1215;1
35;95;5;555;26
35;115;6;13;1
35;115;7;11;1
35;73;7;12;2
35;73;6;55;1
35;73;7;10;1
35;73;7;11;4
35;73;7;13;16
35;73;7;15;2
35;73;7;22;2
35;73;7;45;2
35;73;7;65;1
35;73;7;70;1
35;3;7;10;3
35;3;7;12;5
35;3;7;13;7
35;3;7;15;3
35;3;7;22;1
35;3;7;30;1
35;1;7;11;1
35;81;6;7040;1
35;22;7;12888;19
35;148;5;700;28
35;4;6;5599;1
35;70;7;55234;1
35;71;7;44888;1
35;70;7;13;3
35;70;7;15;1
35;87;7;22222;4
35;87;7;44190;1
35;7;7;13456;6
35;136;6;4477;11
35;5;6;1313;2
35;109;7;12444;1
35;114;3;13;103
35;177;6;2210;3
35;142;6;1277;3
35;115;5;95;7
35;83;7;44441;1
35;25;5;131;154
35;72;6;4490;1
35;103;7;22422;18
35;96;6;1233;16
35;21;6;4477;4
35;28;6;1221;2
35;7;6;1111;2
35;7;6;4564;1
35;7;7;95;17
35;36;7;45333;4
35;145;3;95;13
35;10;6;2210;3
35;166;6;1010;2
35;103;6;1123;1
35;166;7;33000;1
35;133;7;12888;2
35;90;6;13;3
35;90;6;10;1
35;120;6;4477;6
35;51;7;11000;60
35;20;7;13555;2
35;70;6;1213;20
35;64;3;44;36
35;13;7;55111;1
35;12;7;44;1
35;12;7;45;1
35;12;7;70;2
35;99;6;11;2
35;99;6;12;3
35;99;6;13;1
35;99;6;14;1
35;99;6;15;3
35;99;7;11;3
35;99;7;12;5
35;99;7;13;10
35;99;7;14;1
35;99;7;15;1
35;99;7;23;1
35;99;7;44;1
35;99;7;45;1
35;99;7;55;1
35;99;7;70;1
35;135;6;11;1
35;135;6;13;2
35;135;6;15;1
35;135;6;45;1
35;135;6;51;1
35;130;7;12300;19
35;61;6;1233;21
35;164;7;13555;1
35;3;7;23456;1
35;144;3;96;10
35;81;6;2210;2
35;120;7;12123;2
35;27;6;1212;1
35;69;6;2201;2
35;173;7;12123;12
35;135;6;5511;2
35;78;6;1245;1
35;2;7;22422;18
35;78;7;22422;3
35;141;6;2277;2
35;122;7;44190;2
35;57;6;1245;1
35;57;7;22422;4
35;68;7;12456;43
35;133;5;700;28
35;122;7;13789;5
35;26;7;96;4
35;74;5;131;164
35;145;5;131;247
35;142;7;96;5
35;8;7;65700;6
35;14;7;12500;1
35;121;7;12888;36
35;7;7;50444;1
35;147;7;95;14
35;5;6;4447;1
35;16;5;131;180
35;169;7;11000;84
35;164;7;44777;1
35;155;7;96;8
35;27;6;5511;6
35;88;7;12300;1
35;179;6;4410;6
35;49;3;13;82
35;123;6;1212;1
35;28;6;4000;9
35;30;7;45333;1
35;37;6;96;3
35;108;6;95;20
35;56;5;96;13
35;127;3;12;16
35;126;6;2277;4
35;91;6;2222;2
35;56;5;131;126
35;109;6;4410;1
35;8;7;15;2
35;8;7;22;1
35;8;7;43;1
35;8;7;44;1
35;8;7;50;1
35;8;7;55;2
35;8;7;70;1
35;107;6;10;1
35;107;6;12;1
35;107;6;13;1
35;98;7;12123;14
35;107;6;22;1
35;107;6;33;1
35;107;7;10;3
35;107;7;11;2
35;107;7;13;7
35;107;7;15;1
35;107;7;22;1
35;107;7;40;2
35;107;7;65;1
35;19;6;10;1
35;19;6;12;2
35;19;6;13;5
35;19;6;45;1
35;141;6;95;22
35;93;6;1515;1
35;57;6;11;2
35;57;6;12;4
35;57;6;13;1
35;57;6;15;2
35;57;6;22;2
35;57;6;23;1
35;57;6;44;1
35;57;6;65;1
35;68;7;11;3
35;68;7;12;3
35;25;7;15888;1
35;28;7;13456;4
35;74;7;12456;30
35;117;7;44000;1
35;95;6;1313;1
35;14;7;14888;1
35;11;6;1212;1
35;3;6;1010;12
35;121;7;22222;3
35;166;6;5001;1
35;169;6;4567;1
35;108;6;4567;2
35;71;3;12;19
35;187;7;23123;1
35;88;7;12456;13
35;38;6;95;13
35;172;6;2201;4
35;122;3;12;21
35;82;6;4488;10
35;36;6;4400;1
35;154;7;11000;20
35;130;6;2277;2
35;3;6;4488;20
35;145;7;13777;1
35;37;7;95;6
35;137;7;13555;8
35;133;6;1111;1
35;74;6;1111;2
35;74;7;95;15
35;130;6;5533;10
35;112;7;13555;2
35;164;3;12;29
35;101;5;96;10
35;97;6;1213;2
35;92;7;12456;7
35;23;6;96;10
35;67;6;96;14
35;17;7;12300;4
35;30;3;96;7
35;27;7;12888;21
35;93;7;11999;3
35;120;6;96;7
35;146;6;2277;2
35;87;3;16;1
35;21;6;1233;14
35;105;7;12123;1
35;3;7;12123;2
35;96;6;5044;1
35;96;7;12333;4
35;31;6;1123;1
35;137;6;1213;2
35;129;7;80180;1
35;85;7;55888;1
35;179;7;12100;1
35;121;6;2255;1
35;170;7;23123;1
35;30;6;1233;22
35;112;7;22422;1
35;98;3;13;201
35;34;3;44;27
35;120;6;1292;2
35;25;7;13777;1
35;5;6;1213;8
35;57;7;65700;8
35;58;6;1299;1
35;10;6;2211;1
35;144;6;1515;1
35;56;5;700;21
35;13;7;22556;1
35;129;7;12888;12
35;52;6;96;1
35;165;6;1292;1
35;121;7;65013;1
35;125;7;12300;4
35;179;7;12333;3
35;169;7;22556;1
35;82;6;2211;6
35;113;7;95;3
35;163;5;96;11
35;155;7;12456;44
35;32;7;22222;1
35;135;7;12123;22
35;86;6;4455;1
35;187;3;13;79
35;35;6;2210;4
35;54;3;12;14
35;91;6;96;10
35;165;7;50500;1
35;123;7;13555;4
35;10;6;1201;8
35;11;6;4455;4
35;2;6;4455;2
35;78;6;4455;11
35;83;6;1533;117
35;160;6;4488;20
35;64;6;70;1
35;172;6;11;2
35;172;6;12;5
35;172;6;13;2
35;32;6;4422;1
35;100;5;555;7
35;172;7;10;1
35;172;7;11;2
35;172;7;12;1
35;172;7;13;7
35;172;7;44;1
35;172;7;45;1
35;172;7;55;2
35;172;7;65;1
35;172;7;70;2
35;8;6;12;4
35;8;6;13;2
35;8;6;22;1
35;8;6;23;1
35;8;6;40;1
35;8;6;43;1
35;8;6;44;2
35;8;6;90;1
35;8;7;11;1
35;8;7;12;1
35;8;7;13;8
35;107;3;12;41
35;17;6;1531;1
35;84;6;5013;7
35;58;6;4455;2
35;176;3;44;21
35;64;6;44;1
35;157;6;1010;3
35;116;6;1533;94
35;83;6;4488;43
35;9;6;5577;1
35;101;6;1322;2
35;93;6;1533;69
35;21;7;22777;1
35;104;7;44111;1
35;89;6;1111;1
35;89;7;95;13
35;15;5;131;94
35;124;6;1311;2
35;13;7;12456;27
35;140;6;4499;2
35;25;7;95;13
35;95;7;96;3
35;123;6;1333;1
35;93;6;2255;1
35;130;6;40;1
35;127;6;11;1
35;127;6;12;3
35;127;6;13;2
35;127;6;15;2
35;127;6;33;1
35;127;6;50;1
35;127;7;11;4
35;127;7;12;4
35;127;7;13;17
35;127;7;45;1
35;127;7;55;1
35;127;7;70;1
35;120;7;11;2
35;120;7;12;2
35;120;7;13;9
35;120;7;15;1
35;120;7;45;1
35;120;7;70;2
35;120;6;11;1
35;120;6;12;3
35;120;6;13;1
35;120;6;15;1
35;53;7;12456;16
35;21;7;12456;37
35;16;6;5555;1
35;22;6;1213;15
35;6;6;5511;7
35;57;6;4488;25
35;63;3;96;9
35;155;6;1245;2
35;2;6;96;11
35;36;6;2277;3
35;126;6;2201;1
35;147;6;4400;1
35;21;6;1533;94
35;2;6;1313;2
35;100;3;96;19
35;110;7;65700;10
35;179;7;22222;3
35;144;7;44888;9
35;100;7;33000;4
35;177;6;2222;2
35;170;6;1533;83
35;41;7;22222;3
35;164;7;13456;8
35;164;7;15888;1
35;169;7;44333;2
35;25;6;4410;2
35;28;6;4410;1
35;34;7;22222;1
35;34;7;44190;2
35;166;6;1533;85
35;110;3;12;28
35;49;7;12300;4
35;6;3;96;9
35;181;6;4477;1
35;80;6;5013;1
35;93;7;22777;1
35;51;6;4000;10
35;91;7;23192;2
35;99;6;2277;4
35;47;3;12;14
35;54;6;95;12
35;169;7;44888;6
35;7;7;22777;2
35;125;7;11999;43
35;31;5;95;29
35;163;6;4447;1
35;98;6;1221;3
35;91;6;4455;7
35;178;3;96;5
35;83;6;7040;1
35;4;7;11000;76
35;137;7;12123;8
35;11;7;11000;60
35;2;7;11000;69
35;78;7;11000;50
35;81;5;700;53
35;89;6;1533;95
35;144;6;1213;8
35;144;7;44556;1
35;65;5;95;6
35;3;6;6565;1
35;55;6;1213;6
35;137;7;22556;1
35;20;6;1111;1
35;20;7;95;13
35;109;6;1100;1
35;165;3;13;179
35;141;7;70000;1
35;59;6;4477;5
35;77;7;96;11
35;123;7;33699;1
35;135;6;1010;3
35;7;7;44888;3
35;103;7;23192;1
35;52;7;12456;31
35;154;5;131;120
35;80;6;5044;1
35;7;6;1313;5
35;179;7;22777;3
35;112;6;4456;1
35;170;6;1010;14
35;83;7;13456;7
35;170;6;4456;1
35;93;6;4455;11
35;39;6;1213;1
35;160;3;13;221
35;169;6;4000;3
35;108;6;4000;23
35;70;6;7080;1
35;135;7;23190;1
35;173;7;22120;2
35;170;7;10123;9
35;160;7;33444;1
35;69;7;44888;2
35;8;6;5005;2
35;179;6;7090;1
35;182;6;5533;1
35;171;7;12300;8
35;164;7;13131;1
35;187;6;5001;1
35;7;6;1515;2
35;165;7;96;12
35;70;6;96;10
35;126;6;2211;15
35;33;7;13555;2
35;51;3;95;3
35;74;7;10123;11
35;34;6;2222;4
35;68;6;2222;1
35;88;6;2277;10
35;172;6;96;10
35;127;7;50444;2
35;71;6;2244;1
35;100;7;15331;1
35;177;7;22222;1
35;98;3;95;15
35;144;7;44543;1
35;65;5;131;112
35;77;7;15111;1
35;96;7;13555;2
35;13;7;44777;6
35;101;3;12;9
35;97;6;5013;1
35;32;7;22777;3
35;99;5;95;3
35;103;7;65700;3
35;169;6;1100;2
35;145;6;4455;2
35;53;5;700;51
35;21;5;700;58
35;107;7;44888;3
35;109;7;10123;2
35;153;7;12345;1
35;9;6;1533;65
35;101;6;4488;13
35;127;6;2200;2
35;101;7;95;6
35;73;6;5511;1
35;1;6;4477;2
35;163;6;4456;2
35;86;6;1533;66
35;94;6;1533;105
35;169;3;95;10
35;173;7;11999;1
35;169;7;10400;1
35;52;7;50444;1
35;26;6;1322;7
35;171;6;4488;19
35;70;6;95;14
35;16;6;5001;1
35;55;6;5533;1
35;71;6;2222;12
35;131;7;10000;2
35;120;7;12456;29
35;83;7;12300;10
35;152;6;1133;1
35;50;7;13123;1
35;47;6;1222;1
35;140;7;13333;1
35;140;7;12888;23
35;150;5;700;3
35;142;7;95;8
35;1;6;2244;1
35;140;3;44;38
35;104;6;1533;93
35;146;6;4455;8
35;19;6;1112;1
35;40;6;2222;3
35;100;7;11000;98
35;56;6;1133;1
35;91;6;4477;7
35;172;6;1016;2
35;121;6;2211;3
35;107;6;4477;4
35;21;6;1123;1
35;176;7;13456;2
35;8;7;15111;1
35;147;7;22222;3
35;4;6;2100;1
35;176;6;4488;12
35;13;3;16;1
35;144;6;2201;1
35;31;7;12111;3
35;6;7;12123;4
35;170;6;1233;13
35;55;6;95;12
35;166;6;96;7
35;122;7;10;1
35;122;7;12;1
35;122;7;13;17
35;122;7;15;3
35;122;7;44;1
35;122;7;45;1
35;122;7;50;1
35;122;7;55;1
35;122;7;65;1
35;122;7;70;2
35;158;6;11;1
35;158;6;12;1
35;158;6;13;1
35;158;6;33;1
35;158;7;11;1
35;158;7;12;3
35;158;7;13;13
35;158;7;14;1
35;158;7;15;1
35;158;7;22;1
35;158;7;44;2
35;158;7;45;1
35;51;6;11;1
35;51;7;10;1
35;51;7;11;2
35;51;7;13;8
35;51;7;44;4
35;51;7;55;3
35;101;6;12;2
35;101;6;16;1
35;101;7;10;1
35;101;7;12;2
35;81;6;1333;1
35;91;7;11000;90
35;18;6;2222;6
35;114;7;96;3
35;142;3;13;168
35;154;7;15333;1
35;181;7;12111;1
35;4;6;2211;4
35;33;6;5044;1
35;136;7;44777;4
35;68;6;1233;15
35;124;7;50500;1
35;4;6;96;6
35;116;6;2210;1
35;94;6;1234;1
35;137;6;1515;1
35;4;6;4010;1
35;83;6;5577;6
35;91;7;12888;28
35;91;7;13333;1
35;130;3;96;7
35;130;6;2200;1
35;38;6;1313;1
35;81;6;4444;2
35;91;3;13;225
35;22;7;70321;1
35;166;7;10123;1
35;1;7;44888;5
35;10;6;1588;1
35;10;6;96;12
35;11;5;131;114
35;164;6;2255;2
35;52;6;2222;4
35;25;7;13123;1
35;147;7;33000;2
35;132;6;1245;1
35;39;7;22422;2
35;31;6;5555;1
35;28;6;5511;4
35;130;5;555;31
35;187;7;65700;4
35;16;6;1313;3
35;11;6;1010;8
35;11;6;4456;1
35;16;6;5511;3
35;173;6;4410;35
35;7;6;2288;5
35;176;7;70000;2
35;7;6;1123;1
35;144;5;131;179
35;13;5;95;27
35;16;3;96;12
35;181;3;44;57
35;130;7;12456;67
35;50;7;22222;4
35;19;7;11000;58
35;172;6;5533;4
35;86;5;95;5
35;141;7;12333;1
35;180;6;1245;1
35;180;7;22422;1
35;74;6;5511;4
35;59;3;96;4
35;164;7;12;1
35;164;7;13;11
35;164;7;15;2
35;4;7;11;1
35;4;7;13;9
35;4;7;14;1
35;4;7;22;1
35;4;7;70;1
35;4;6;11;1
35;4;6;13;1
35;4;6;22;1
35;4;6;44;1
35;4;6;50;1
35;37;6;12;2
35;37;6;13;1
35;37;6;15;1
35;37;6;19;1
35;37;6;65;1
35;37;7;11;4
35;37;7;12;2
35;37;7;13;4
35;37;7;15;1
35;33;7;11999;2
35;112;7;11000;86
35;28;6;1515;1
35;35;7;22777;5
35;45;3;96;12
35;37;7;22;1
35;81;6;5533;4
35;109;6;2211;9
35;10;7;50500;5
35;173;3;44;51
35;97;6;4440;1
35;145;6;5511;5
35;157;7;70070;2
35;170;6;95;14
35;16;7;44777;6
35;129;6;5044;2
35;129;7;12333;1
35;157;6;1533;106
35;154;6;4488;10
35;132;7;95;8
35;29;3;12;26
35;36;7;15888;1
35;73;6;1245;1
35;53;7;13789;1
35;45;7;44888;3
35;31;6;1000;1
35;5;5;131;175
35;180;6;4410;8
35;114;7;10123;2
35;152;7;95;4
35;10;7;13131;1
35;78;6;4433;1
35;6;6;5100;1
35;34;6;1234;1
35;153;6;2222;11
35;9;6;1233;21
35;67;6;2200;1
35;19;6;1100;2
35;21;6;5013;4
35;152;5;555;6
35;155;6;1122;1
35;47;6;1010;1
35;47;6;4456;1
35;21;6;4000;7
35;21;7;22678;1
35;19;7;44111;1
35;127;6;1133;1
35;169;6;1233;14
35;29;6;5133;1
35;103;5;700;51
35;8;7;22556;1
35;132;7;12456;66
35;13;3;12;25
35;21;7;55678;1
35;48;6;1322;1
35;187;7;55234;1
35;97;6;4000;2
35;163;3;13;102
35;8;6;1311;1
35;73;7;13789;1
35;67;5;131;178
35;23;5;131;161
35;181;7;50444;1
35;17;7;44333;1
35;15;7;90123;1
35;18;6;1292;4
35;18;7;44111;3
35;14;6;1111;1
35;14;7;95;9
35;172;7;95;8
35;172;6;1111;1
35;2;7;44020;1
35;2;7;96;5
35;70;6;1100;1
35;12;6;1533;93
35;7;7;44000;1
35;148;7;12888;6
35;115;6;1010;3
35;23;6;1251;1
35;47;6;5013;2
35;21;6;2201;2
35;171;6;1322;9
35;146;6;1100;2
35;50;7;12456;30
35;57;5;96;23
35;73;7;44190;1
35;73;7;22222;2
35;68;3;96;15
35;74;6;2288;2
35;100;7;11999;2
35;94;5;95;16
35;60;3;95;14
35;55;6;5511;4
35;20;6;5533;3
35;18;5;131;202
35;112;6;1533;89
35;15;6;96;3
35;69;6;1533;83
35;96;7;12888;31
35;150;7;44888;4
35;87;7;36999;1
35;144;7;13456;6
35;10;7;11113;1
35;10;7;22022;2
35;17;7;12456;40
35;14;6;1322;2
35;9;7;11000;59
35;136;6;4000;9
35;3;6;1111;1
35;12;6;4445;1
35;29;7;12111;1
35;95;7;22422;1
35;110;7;44777;1
35;33;6;2211;8
35;85;6;1333;2
35;85;6;12;2
35;85;6;15;2
35;85;6;22;1
35;85;6;33;1
35;85;6;44;2
35;85;7;12;1
35;85;7;13;4
35;85;7;22;1
35;85;7;45;1
35;85;7;55;1
35;85;7;70;1
35;87;6;11;1
35;87;6;12;1
35;87;6;13;2
35;87;7;11;1
35;87;7;12;1
35;87;7;13;7
35;87;7;15;1
35;124;6;22;1
35;124;7;13;13
35;124;7;45;1
35;124;7;50;1
35;97;3;44;47
35;19;7;44777;5
35;150;7;65013;1
35;73;7;12333;1
35;69;7;13555;2
35;36;3;13;134
35;77;5;131;146
35;142;6;5533;8
35;177;7;33000;2
35;106;7;44333;1
35;73;6;96;2
35;7;6;95;18
35;132;7;44111;1
35;126;7;22556;1
35;52;3;12;13
35;131;7;13456;1
35;123;3;96;6
35;2;7;12456;28
35;34;7;44122;1
35;55;6;2211;2
35;34;6;2277;2
35;7;6;96;9
35;59;7;12888;12
35;20;7;23192;1
35;128;5;95;9
35;179;5;96;7
35;135;6;1213;4
35;121;7;12000;1
35;96;7;13456;20
35;132;7;50444;1
35;18;6;4488;18
35;53;6;2323;1
35;150;5;96;12
35;158;6;1111;1
35;158;7;95;10
35;83;5;131;211
35;182;7;22422;21
35;137;6;1255;1
35;73;6;5533;2
35;6;6;2201;3
35;98;5;555;10
35;152;6;2222;2
35;10;6;2277;1
35;23;6;22;1
35;23;7;10;3
35;23;7;11;6
35;23;7;12;2
35;23;7;13;6
35;23;7;14;1
35;23;7;22;1
35;3;7;10190;1
35;157;7;65013;1
35;10;6;5013;4
35;77;6;4455;1
35;34;5;95;12
35;22;7;96;12
35;4;7;12888;12
35;112;7;50500;2
35;153;6;96;5
35;83;7;65700;13
35;25;6;1322;10
35;63;6;5044;1
35;83;6;4410;2
35;30;7;65700;1
35;10;3;96;17
35;87;6;1100;1
35;165;6;2210;6
35;29;6;2277;1
35;178;7;95;10
35;23;6;4410;3
35;7;3;95;14
35;120;6;5511;4
35;142;6;5555;1
35;61;7;96;2
35;110;6;95;22
35;53;6;21;1
35;53;6;44;1
35;53;6;55;1
35;53;6;70;1
35;53;7;10;1
35;53;7;11;5
35;53;7;12;1
35;53;7;13;16
35;53;7;15;4
35;35;6;1245;1
35;109;6;1111;4
35;109;7;95;30
35;147;6;95;18
35;136;7;96;7
35;23;6;2210;4
35;173;6;96;8
35;144;6;3000;1
35;173;6;4455;13
35;58;7;65013;1
35;67;7;70;1
35;80;7;10;1
35;80;7;11;2
35;80;7;12;1
35;80;7;13;4
35;80;7;15;3
35;80;7;22;1
35;80;7;55;1
35;123;3;95;7
35;140;6;1212;1
35;170;6;4488;20
35;12;7;44123;2
35;179;7;11000;72
35;70;7;13333;1
35;14;7;13555;1
35;187;6;2255;2
35;35;6;4477;3
35;124;6;4400;1
35;89;5;96;31
35;12;6;6565;1
35;91;7;12;2
35;160;6;2211;4
35;12;7;80180;1
35;66;5;96;22
35;11;7;12456;17
35;5;7;15111;1
35;6;7;44111;1
35;36;7;70001;1
35;135;7;96;3
35;18;6;1213;17
35;6;7;11333;1
35;146;6;2255;2
35;3;6;1277;1
35;182;7;12888;12
35;177;7;44777;4
35;86;6;5013;7
35;111;7;11111;1
35;42;7;22777;4
35;83;6;2222;1
35;39;6;1322;1
35;96;3;44;27
35;135;3;96;8
35;58;6;1010;1
35;181;6;1333;1
35;114;7;95;9
35;153;7;44888;2
35;104;6;1100;1
35;31;3;95;13
35;130;6;5555;1
35;160;7;65700;4
35;32;5;95;5
35;2;7;13234;2
35;182;7;10000;2
35;107;7;44777;2
35;121;3;13;209
35;78;6;1233;17
35;71;6;2277;10
35;171;7;11999;8
35;4;7;45333;1
35;30;7;12300;10
35;122;6;1100;1
35;145;5;700;10
35;173;6;1010;11
35;22;3;96;15
35;72;3;96;14
35;19;6;1513;1
35;37;7;45;1
35;37;7;55;1
35;91;6;11;1
35;91;6;12;3
35;91;6;15;2
35;91;6;22;1
35;91;6;40;1
35;91;6;44;1
35;91;7;11;3
35;114;6;5013;6
35;4;7;11111;1
35;50;6;1010;3
35;178;7;22777;1
35;67;3;95;3
35;38;7;12999;1
35;142;6;1322;4
35;34;7;95;13
35;164;7;12999;1
35;95;6;1333;1
35;57;5;95;5
35;104;6;1245;1
35;104;7;22422;7
35;81;6;1313;2
35;9;6;1292;1
35;41;7;22777;3
35;150;7;12456;47
35;6;7;22422;23
35;6;6;1245;1
35;133;6;1233;3
35;4;3;44;66
35;137;6;4000;12
35;17;6;2277;1
35;115;6;1233;5
35;21;7;95;14
35;21;6;1111;3
35;153;7;96;3
35;5;6;1201;1
35;158;7;45333;4
35;97;6;1277;2
35;61;7;45413;1
35;154;6;1233;26
35;136;6;1277;1
35;28;6;1322;5
35;177;3;96;5
35;41;7;22;1
35;41;7;44;2
35;41;7;70;1
35;129;7;44111;1
35;14;5;95;11
35;57;7;13234;1
35;165;6;2000;1
35;132;7;11999;1
35;33;6;1233;10
35;120;7;33000;1
35;128;7;11999;1
35;74;7;12345;1
35;122;6;4490;4
35;114;5;700;40
35;52;6;4455;14
35;110;6;4488;29
35;105;6;5001;1
35;91;7;12300;9
35;112;7;70070;1
35;40;6;1212;1
35;32;7;44888;2
35;32;6;2277;4
35;83;7;11100;1
35;84;3;96;10
35;1;7;12;1
35;1;7;13;14
35;1;7;15;1
35;16;6;4000;3
35;1;7;22;1
35;1;7;40;1
35;1;7;44;2
35;1;7;45;1
35;1;7;55;1
35;1;7;80;1
35;1;6;12;3
35;1;6;13;6
35;1;6;15;2
35;1;6;22;1
35;152;6;4488;36
35;4;7;50777;2
35;163;7;45413;3
35;1;7;23999;1
35;50;6;9000;1
35;20;7;22777;2
35;36;6;1233;15
35;93;6;95;6
35;92;7;44888;3
35;13;6;1322;8
35;57;7;50500;2
35;171;7;13777;1
35;187;6;4490;1
35;128;6;1232;1
35;28;7;22777;3
35;157;7;12;2
35;157;7;13;7
35;157;7;44;1
35;157;7;55;1
35;96;7;12300;2
35;58;6;4411;8
35;95;7;11000;72
35;90;6;5013;3
35;127;6;4455;18
35;19;3;44;47
35;5;6;5511;10
35;63;6;1233;22
35;176;6;2222;2
35;114;7;22722;1
35;157;5;555;10
35;73;7;96;4
35;52;6;1533;57
35;136;7;33000;1
35;58;6;2277;1
35;68;7;12300;10
35;38;3;95;13
35;113;7;12333;14
35;74;6;2201;3
35;144;3;13;173
35;15;7;44123;1
35;23;7;95;7
35;40;6;1313;1
35;96;7;10123;1
35;58;7;22777;1
35;49;5;131;96
35;91;6;1233;32
35;14;7;55111;1
35;100;7;96;12
35;107;6;1322;3
35;33;3;95;8
35;103;7;44888;6
35;88;3;44;30
35;70;6;5044;1
35;9;6;1313;1
35;147;5;555;14
35;170;6;5533;2
35;74;6;1333;3
35;38;5;96;22
35;146;7;96;5
35;16;6;1321;2
35;59;7;12333;3
35;127;6;1333;2
35;13;7;13789;1
35;171;5;95;15
35;55;6;4447;1
35;87;6;5055;2
35;82;7;45555;1
35;30;6;5511;3
35;104;3;44;36
35;172;6;2222;3
35;110;7;96;18
35;170;6;1212;1
35;66;7;44888;2
35;111;7;13456;7
35;19;6;4533;1
35;172;7;11999;1
35;130;5;95;9
35;121;7;12300;1
35;73;6;4477;1
35;58;3;12;22
35;23;7;50013;2
35;170;7;11000;78
35;97;7;44777;2
35;71;6;1010;5
35;71;6;4456;1
35;144;7;50444;3
35;5;7;44888;11
35;20;7;14888;1
35;169;7;13133;1
35;19;6;4488;7
35;74;6;4455;1
35;113;7;14122;1
35;83;3;12;4
35;111;7;12300;15
35;4;6;1515;1
35;22;6;5001;1
35;93;6;1233;39
35;106;3;95;6
35;122;7;50500;3
35;116;6;1010;4
35;182;7;13100;1
35;20;6;13;1
35;20;7;12;2
35;20;7;13;8
35;109;7;96;6
35;172;6;4000;3
35;61;6;2201;4
35;77;6;1233;13
35;176;6;2323;1
35;104;6;96;5
35;16;6;5013;2
35;81;7;10123;2
35;101;7;45300;4
35;82;3;96;9
35;129;6;6565;1
35;187;6;1333;1
35;182;6;5013;8
35;83;6;1233;5
35;2;3;12;18
35;78;3;12;22
35;176;6;1292;2
35;51;3;13;85
35;5;6;1322;4
35;20;7;11999;1
35;55;6;2299;1
35;15;6;1214;1
35;26;3;12;17
35;89;6;2200;1
35;60;7;12111;1
35;9;5;700;59
35;2;7;22022;5
35;78;7;22022;1
35;47;6;2222;5
35;82;7;22322;1
35;126;7;10123;4
35;14;6;2200;2
35;106;7;12333;3
35;59;6;1234;1
35;59;6;4411;1
35;166;7;65700;5
35;120;6;2277;3
35;68;7;15000;1
35;124;6;96;5
35;163;7;12300;10
35;110;7;23123;1
35;9;7;10000;4
35;9;7;44777;4
35;51;7;65013;1
35;107;5;555;7
35;17;6;1313;3
35;112;7;22222;1
35;112;7;44190;2
35;83;6;96;7
35;127;6;4000;4
35;173;7;95;15
35;120;6;1201;1
35;17;7;44000;1
35;124;6;1199;1
35;52;7;10123;1
35;106;6;4000;8
35;7;7;12011;1
35;177;6;7070;1
35;99;6;1234;8
35;10;3;12;19
35;173;6;4488;5
35;47;5;131;100
35;124;6;4488;5
35;27;6;2288;4
35;116;6;1245;1
35;116;7;22422;14
35;89;7;11000;71
35;128;6;1201;2
35;1;6;1333;2
35;108;7;45123;1
35;2;6;1112;1
35;141;7;22422;4
35;33;7;95;13
35;88;6;4410;2
35;120;7;70000;1
35;126;7;15331;1
35;112;7;12123;3
35;123;7;33000;1
35;68;6;5511;1
35;112;7;70;1
35;29;6;1010;14
35;14;6;4488;13
35;2;5;555;11
35;78;5;555;14
35;158;7;12111;2
35;37;7;45111;1
35;91;6;1533;129
35;129;7;50180;1
35;172;6;5511;4
35;108;7;44777;3
35;136;7;13456;3
35;77;5;95;23
35;178;7;11000;62
35;171;7;50500;1
35;16;5;96;19
35;53;7;95;19
35;89;7;12456;31
35;13;5;131;153
35;73;6;2277;6
35;55;3;95;9
35;21;7;33033;1
35;3;6;2201;2
35;17;6;5533;1
35;26;7;10123;6
35;132;6;96;6
35;158;7;12456;33
35;165;6;12;2
35;165;6;13;1
35;165;7;11;2
35;26;3;44;55
35;23;7;44777;3
35;67;7;44777;2
35;163;7;44700;1
35;150;6;4455;3
35;8;7;12456;31
35;163;5;555;11
35;124;6;12;1
35;155;6;96;7
35;132;6;4000;14
35;12;7;22222;1
35;152;6;96;4
35;121;7;50500;1
35;180;6;15;2
35;180;7;13;1
35;180;7;50;1
35;180;7;55;1
35;150;7;11;3
35;64;7;11999;1
35;2;6;1111;2
35;35;6;95;4
35;130;3;44;53
35;42;7;23123;1
35;60;7;13130;1
35;104;5;700;20
35;145;7;44777;2
35;51;3;12;21
35;17;6;5133;1
35;19;6;2222;5
35;141;5;700;42
35;7;7;12456;36
35;142;7;12333;3
35;129;6;95;11
35;31;6;1010;8
35;32;3;44;27
35;137;3;96;17
35;170;7;22123;1
35;169;7;44777;4
35;112;7;12333;10
35;58;6;4444;2
35;33;6;5500;1
35;20;6;2200;1
35;88;6;5511;4
35;14;3;95;6
35;61;7;55555;1
35;28;7;22222;1
35;130;6;4410;1
35;121;6;1322;16
35;3;6;1233;18
35;101;7;13555;6
35;72;6;5044;1
35;72;7;12333;2
35;84;6;1333;1
35;103;6;2211;2
35;135;7;10123;2
35;12;6;1313;3
35;77;7;12300;3
35;41;6;95;20
35;92;6;1133;1
35;31;7;70001;1
35;1;7;12456;31
35;48;7;23123;1
35;49;5;96;8
35;182;6;4490;3
35;160;6;1215;1
35;171;7;22422;14
35;29;7;44700;1
35;66;7;22422;2
35;61;7;44888;5
35;71;7;22422;3
35;15;5;95;8
35;40;6;4000;3
35;163;7;44777;2
35;112;3;95;14
35;150;6;4477;3
35;131;6;4000;1
35;74;6;95;15
35;66;5;131;131
35;37;6;1533;107
35;72;6;1123;1
35;133;3;96;7
35;101;3;13;98
35;68;7;11000;131
35;179;3;13;142
35;145;6;1123;2
35;157;6;4490;1
35;136;5;131;208
35;3;6;7040;1
35;36;7;96;4
35;144;6;1111;1
35;152;7;12300;2
35;136;6;1515;1
35;98;7;44777;2
35;57;6;2222;3
35;179;6;4411;3
35;36;6;1299;1
35;171;6;3300;1
35;63;7;13777;1
35;91;7;50500;1
35;18;6;2201;3
35;25;5;555;6
35;128;5;700;4
35;109;5;700;29
35;128;6;1222;1
35;9;7;22222;3
35;25;6;4000;1
35;112;6;4411;3
35;130;6;95;5
35;9;6;1285;1
35;12;6;1020;2
35;57;7;12300;2
35;58;6;4410;3
35;53;7;11000;105
35;21;7;11000;94
35;16;7;12888;12
35;16;7;13333;2
35;91;6;2201;1
35;109;7;12300;13
35;109;7;45413;4
35;53;3;95;15
35;21;6;1500;1
35;21;3;95;12
35;10;7;22222;1
35;10;7;44190;2
35;85;7;12456;47
35;137;6;2200;1
35;2;5;700;60
35;78;7;44555;1
35;90;3;95;8
35;170;3;12;14
35;93;7;50113;1
35;11;7;95;13
35;10;7;12114;1
35;3;6;2323;1
35;172;7;22111;1
35;70;6;5533;2
35;95;7;13777;1
35;142;7;12888;6
35;77;7;12456;42
35;145;6;5044;3
35;145;7;12333;2
35;164;7;96;12
35;57;6;1292;1
35;11;7;12345;1
35;11;7;65013;1
35;140;6;96;5
35;40;6;4488;31
35;100;7;22222;2
35;124;7;95;6
35;124;6;1111;2
35;3;3;95;13
35;42;6;2277;3
35;89;6;1313;2
35;89;6;4466;1
35;53;6;22;5
35;53;6;13;5
35;53;6;15;3
35;113;7;12120;1
35;80;7;65700;9
35;123;7;12888;16
35;71;7;13456;1
35;101;7;22422;1
35;10;7;11000;44
35;54;5;555;8
35;19;7;12456;14
35;150;7;13138;1
35;124;7;12456;7
35;89;6;96;12
35;173;7;96;7
35;157;7;50500;1
35;89;6;1233;14
35;16;7;15333;1
35;58;6;5533;2
35;99;6;1299;1
35;87;7;12456;5
35;38;7;13555;4
35;106;7;12123;1
35;72;7;12888;4
35;187;6;1213;11
35;20;7;15;1
35;20;7;22;1
35;20;7;45;1
35;20;7;55;1
35;20;7;65;1
35;20;7;70;1
35;10;6;12;3
35;116;7;10123;1
35;41;5;95;16
35;17;7;44556;1
35;105;7;22777;1
35;29;6;2211;10
35;116;6;2201;4
35;18;6;1515;8
35;135;6;2255;1
35;82;6;4410;1
35;55;7;55011;1
35;152;7;22422;3
35;22;7;11999;3
35;89;7;96;13
35;9;6;2222;9
35;22;7;22777;1
35;148;7;22777;3
35;111;7;12123;14
35;90;6;4455;11
35;157;6;1580;1
35;136;7;13555;14
35;16;7;13456;5
35;21;6;2255;1
35;31;7;10123;4
35;1;7;45333;5
35;12;6;1233;14
35;86;7;13;7
35;86;7;10;1
35;86;7;11;2
35;86;7;12;4
35;122;6;12;3
35;124;7;11999;16
35;122;6;13;3
35;122;6;15;3
35;122;6;22;1
35;163;7;11000;55
35;23;7;11100;1
35;35;7;65700;4
35;117;7;96;6
35;110;7;10123;1
35;173;7;15000;1
35;6;6;1322;5
35;132;6;95;9
35;146;6;1010;5
35;89;3;13;150
35;73;6;1234;7
35;5;7;22222;3
35;5;7;44190;3
35;73;6;4488;23
35;164;5;131;185
35;165;7;22777;7
35;160;6;1533;133
35;181;7;13456;2
35;90;5;131;180
35;170;7;55011;1
35;13;6;4411;1
35;141;6;1233;13
35;160;6;1213;15
35;80;7;13456;1
35;57;6;5050;1
35;104;3;13;143
35;96;6;4490;1
35;109;6;1221;1
35;132;6;2288;2
35;15;6;1233;16
35;55;3;44;65
35;131;7;22111;1
35;18;3;95;7
35;1;6;1322;9
35;129;6;2100;1
35;70;6;4410;1
35;4;6;4456;3
35;69;5;96;15
35;6;7;36600;1
35;80;6;96;4
35;78;6;4477;1
35;61;6;2255;1
35;147;7;22422;2
35;29;6;1234;1
35;106;6;1010;6
35;178;6;1311;1
35;9;6;5044;2
35;85;6;2211;1
35;129;7;30000;1
35;7;6;4488;11
35;74;7;15123;1
35;15;7;44888;2
35;92;7;96;4
35;22;6;4490;3
35;103;6;2222;16
35;126;7;12333;16
35;4;7;96;6
35;124;7;15000;1
35;45;7;96;3
35;140;7;15000;1
35;6;6;1333;1
35;82;7;12333;4
35;40;5;555;5
35;13;3;13;132
35;94;7;11111;1
35;77;7;22022;1
35;111;7;10000;1
35;58;7;70;1
35;58;7;15;1
35;58;7;22;1
35;58;7;45;1
35;30;6;7040;1
35;20;7;12345;1
35;20;7;65013;1
35;65;7;45;2
35;125;7;11;5
35;125;7;12;2
35;125;7;13;10
35;125;7;15;3
35;137;7;12;3
35;137;7;13;9
35;137;7;15;1
35;137;7;22;1
35;88;3;13;171
35;142;7;44777;3
35;95;7;22222;2
35;69;5;555;1
35;106;7;13133;1
35;121;7;45333;5
35;179;6;1322;7
35;91;7;11999;9
35;121;7;15000;1
35;63;6;2211;3
35;144;6;4455;4
35;16;6;2210;9
35;105;7;11;3
35;105;7;12;8
35;165;7;12456;58
35;40;6;1333;2
35;18;7;22556;1
35;74;7;45000;1
35;91;5;555;20
35;63;3;44;25
35;26;7;45555;1
35;70;6;1233;12
35;30;7;11999;5
35;83;6;1322;3
35;108;5;555;12
35;22;7;23190;1
35;81;7;12333;1
35;144;6;2277;2
35;33;6;4490;1
35;181;3;96;4
35;49;6;1322;3
35;47;6;1333;28
35;81;6;2211;1
35;121;7;11999;2
35;8;7;44888;3
35;26;6;2022;1
35;12;7;12100;1
35;12;7;44000;1
35;130;7;45333;10
35;42;6;4000;6
35;45;6;1533;87
35;50;7;15000;1
35;129;6;5013;2
35;152;7;12888;3
35;33;7;44888;6
35;176;6;4455;3
35;94;3;12;7
35;96;7;95;7
35;135;6;2244;1
35;94;7;12123;12
35;4;3;12;35
35;173;6;5555;1
35;150;7;12300;1
35;15;7;12456;22
35;155;7;13234;1
35;12;5;95;22
35;182;3;95;4
35;4;7;22422;13
35;17;7;50500;3
35;129;6;4410;2
35;137;7;12888;8
35;133;7;44777;1
35;86;7;12456;37
35;64;6;4488;18
35;23;7;22556;1
35;67;7;22556;1
35;8;6;2201;1
35;124;6;5001;1
35;111;5;555;9
35;125;7;15555;1
35;63;6;1010;8
35;63;6;4456;2
35;32;6;1213;2
35;106;3;44;14
35;39;7;12333;1
35;29;7;12123;1
35;130;7;13555;11
35;137;6;4410;3
35;120;3;96;14
35;66;5;95;1
35;135;7;70677;1
35;71;3;44;53
35;37;5;555;2
35;26;7;44700;1
35;17;7;22777;1
35;133;7;95;13
35;181;7;44022;1
35;130;6;2201;1
35;92;3;12;6
35;173;6;1233;9
35;128;6;5044;1
35;128;7;12333;14
35;9;5;555;10
35;83;7;13555;1
35;137;6;95;14
35;40;6;96;8
35;59;6;1010;2
35;87;7;12888;2
35;87;7;13333;1
35;23;7;12555;1
35;36;5;700;28
35;9;7;10001;1
35;12;3;95;15
35;144;7;13555;7
35;165;7;22422;11
35;25;6;11;2
35;25;6;13;3
35;25;6;50;1
35;25;6;65;1
35;28;6;12;4
35;28;6;13;1
35;28;6;23;1
35;28;6;51;1
35;28;7;10;1
35;28;7;11;3
35;28;7;12;3
35;28;7;13;10
35;28;7;15;3
35;182;7;11000;82
35;5;6;4410;2
35;89;7;22222;1
35;131;6;1322;4
35;146;7;12888;24
35;29;6;5511;3
35;101;3;96;4
35;182;6;1010;10
35;177;7;12456;20
35;81;6;1322;7
35;110;7;12123;1
35;49;6;4000;4
35;109;6;1012;1
35;36;7;13123;1
35;129;6;2288;2
35;170;7;12333;1
35;8;7;50500;4
35;88;7;44027;1
35;88;6;5005;1
35;136;7;45333;14
35;136;7;12444;1
35;171;6;1111;3
35;171;7;95;14
35;108;7;44123;1
35;105;7;50500;1
35;122;5;700;35
35;130;3;95;7
35;26;5;700;31
35;31;7;12333;14
35;91;3;95;5
35;61;6;45;1
35;61;6;50;1
35;61;6;55;1
35;128;6;11;2
35;128;6;12;3
35;128;6;13;6
35;128;6;15;2
35;128;7;11;1
35;128;7;12;5
35;128;7;13;15
35;115;7;12345;1
35;31;6;1533;85
35;140;6;4410;15
35;144;7;10123;1
35;56;7;12888;3
35;45;7;22777;2
35;4;7;10000;3
35;100;5;96;23
35;19;7;12888;14
35;19;7;13333;1
35;80;6;1313;4
35;171;7;44777;7
35;42;6;2210;1
35;166;7;12888;38
35;166;7;13333;1
35;60;6;4000;9
35;72;7;12300;6
35;72;7;45413;1
35;137;7;15331;1
35;177;7;13138;1
35;153;6;95;3
35;142;7;10123;5
35;107;5;95;8
35;47;6;1100;1
35;14;6;4400;2
35;172;6;1433;1
35;88;3;96;7
35;26;7;22222;4
35;26;7;44190;1
35;160;6;1333;4
35;29;7;12888;6
35;31;7;65700;3
35;53;6;1201;2
35;16;7;45999;3
35;14;6;4455;2
35;187;6;1313;3
35;157;3;13;139
35;48;3;44;43
35;16;7;15151;1
35;56;7;44777;3
35;106;3;96;5
35;97;7;95;15
35;37;7;44111;1
35;131;5;96;28
35;4;5;95;13
35;131;7;44777;1
35;135;7;55555;2
35;169;7;12888;9
35;67;7;12456;24
35;84;7;12888;6
35;155;7;11999;11
35;16;7;22000;2
35;37;6;1221;1
35;37;6;2222;3
35;187;6;5044;2
35;58;7;65700;7
35;96;5;95;8
35;96;7;22222;1
35;56;6;1213;3
35;136;6;4488;49
35;32;3;96;9
35;136;6;5044;1
35;18;7;10000;3
35;96;6;1313;4
35;117;7;12333;3
35;98;7;12456;42
35;93;3;13;122
35;120;7;22422;15
35;103;6;4512;1
35;5;6;2277;1
35;82;6;1233;10
35;37;7;12456;40
35;181;7;44777;6
35;178;7;10000;1
35;187;6;4444;2
35;142;6;4488;100
35;131;7;15331;1
35;35;6;96;4
35;42;5;95;16
35;154;7;95;9
35;109;6;5050;1
35;57;5;555;16
35;108;3;12;17
35;23;6;5511;3
35;66;7;11000;93
35;95;3;96;19
35;132;6;4455;4
35;173;7;22777;4
35;18;7;65013;1
35;35;6;1333;3
35;70;6;2201;1
35;17;3;96;11
35;20;7;12456;22
35;89;7;12888;22
35;4;6;5001;1
35;135;3;44;43
35;125;5;96;40
35;187;7;11000;39
35;45;3;44;55
35;112;6;1233;49
35;64;6;1321;1
35;70;6;2211;4
35;126;7;12456;22
35;12;7;19000;1
35;52;7;13555;4
35;50;6;2277;6
35;40;7;95;18
35;155;7;22222;2
35;49;3;44;41
35;70;7;44888;4
35;93;7;45300;1
35;8;6;5533;1
35;116;3;13;159
35;29;6;1292;2
35;34;6;2201;1
35;17;6;2222;6
35;141;3;95;9
35;17;6;1213;34
35;14;6;5001;1
35;144;7;44222;1
35;173;7;12456;49
35;8;7;22022;4
35;29;6;1213;25
35;18;6;1322;9
35;81;6;7080;1
35;47;7;13133;1
35;21;6;2222;19
35;158;7;12123;4
35;132;3;96;4
35;1;6;96;16
35;26;5;95;4
35;25;6;3555;1
35;6;3;95;11
35;47;7;12111;1
35;172;3;96;15
35;123;6;1245;1
35;123;7;22422;1
35;103;7;70000;1
35;96;6;1213;11
35;140;3;95;16
35;140;6;1233;19
35;18;6;2200;6
35;17;6;1588;1
35;17;6;96;8
35;63;7;55555;1
35;150;3;13;201
35;107;3;95;4
35;127;6;1111;1
35;127;7;95;12
35;103;6;2201;2
35;70;7;44777;3
35;103;7;44123;1
35;100;6;2222;3
35;126;6;1100;1
35;157;6;5555;1
35;12;6;2222;7
35;16;6;5044;1
35;6;6;1500;1
35;63;7;44441;1
35;87;6;4445;1
35;9;6;5013;2
35;187;6;2200;1
35;70;7;12888;14
35;111;6;95;3
35;60;6;96;13
35;23;7;13555;2
35;67;7;13555;1
35;170;6;1322;4
35;157;5;96;16
35;80;6;5533;3
35;4;7;22222;3
35;4;7;44190;3
35;170;7;44190;1
35;41;7;45333;2
35;116;6;2255;1
35;9;7;12444;1
35;9;7;45333;4
35;41;3;21;1
35;105;7;13;24
35;105;7;15;3
35;105;7;22;1
35;105;7;44;2
35;105;6;11;1
35;105;6;12;4
35;105;6;13;3
35;105;6;15;1
35;105;6;50;1
35;108;6;12;1
35;108;6;13;3
35;108;6;14;1
35;108;6;15;2
35;108;7;10;1
35;108;7;11;5
35;108;7;12;3
35;152;3;44;35
35;108;7;13;15
35;108;7;15;1
35;108;7;45;1
35;108;7;55;3
35;108;7;70;4
35;169;6;11;1
35;169;6;12;1
35;106;6;95;9
35;176;7;12456;21
35;17;7;65013;1
35;31;6;1500;1
35;95;6;5013;4
35;179;6;2210;1
35;29;3;13;169
35;84;7;13555;2
35;109;7;15331;1
35;1;7;33193;1
35;47;7;44777;4
35;21;7;70000;1
35;22;6;95;10
35;29;5;131;173
35;116;7;12300;1
35;98;7;22777;5
35;169;6;1321;1
35;74;6;1322;7
35;178;6;1213;5
35;155;7;10700;1
35;124;5;95;4
35;158;7;65700;1
35;178;7;22222;1
35;91;5;700;31
35;155;3;13;176
35;129;5;131;175
35;13;3;44;63
35;8;6;1322;8
35;95;6;14;2
35;95;6;15;3
35;95;6;22;1
35;54;6;11;1
35;54;6;12;4
35;54;6;13;3
35;54;6;15;1
35;54;6;22;1
35;54;6;55;1
35;54;7;11;2
35;54;7;12;4
35;54;7;13;10
35;54;7;15;2
35;54;7;44;1
35;54;7;45;3
35;54;7;70;1
35;148;6;12;3
35;148;6;13;1
35;148;7;12;2
35;123;6;96;2
35;33;7;15888;1
35;126;7;11999;2
35;83;6;1213;11
35;106;5;96;11
35;26;6;2210;1
35;164;6;1533;118
35;121;6;1213;11
35;91;6;1292;1
35;59;6;4000;7
35;6;7;12300;7
35;6;6;2277;4
35;27;6;96;5
35;158;5;555;7
35;4;7;44111;1
35;106;6;2222;4
35;81;5;95;18
35;157;6;2277;3
35;33;5;96;15
35;7;7;65234;1
35;120;7;44333;1
35;82;6;4477;1
35;54;6;1213;5
35;58;6;11;1
35;58;6;12;3
35;58;6;13;1
35;178;6;15;1
35;178;7;11;1
35;178;7;13;3
35;178;7;33;1
35;178;7;44;1
35;65;6;12;3
35;65;6;13;1
35;65;6;15;1
35;65;7;12;5
35;65;7;13;10
35;65;7;23;1
35;65;7;44;1
35;88;7;22000;1
35;22;7;12;2
35;22;7;13;18
35;22;7;15;1
35;22;7;22;2
35;22;7;44;2
35;22;7;45;1
35;22;7;55;2
35;22;6;11;1
35;22;6;12;2
35;22;6;13;5
35;22;6;15;3
35;22;6;22;2
35;27;6;12;1
35;27;6;13;2
35;27;6;15;1
35;27;6;22;2
35;27;6;36;1
35;27;7;11;2
35;27;7;12;2
35;27;7;13;8
35;27;7;14;1
35;27;7;15;2
35;27;7;23;1
35;6;7;95;11
35;6;6;1111;4
35;106;6;6565;1
35;8;7;12300;9
35;164;3;96;15
35;155;6;4477;1
35;87;5;700;17
35;180;6;1300;1
35;141;6;1133;1
35;4;6;5005;1
35;28;7;12456;41
35;25;7;12456;20
35;181;6;15;1
35;181;6;11;1
35;9;7;44190;2
35;94;6;2211;17
35;160;3;12;48
35;80;6;7040;1
35;101;6;4455;1
35;34;6;2200;1
35;142;7;45999;1
35;58;6;5013;3
35;172;7;12444;2
35;172;7;45333;6
35;61;7;15333;3
35;187;7;12444;1
35;74;3;95;13
35;3;6;5044;3
35;3;7;12333;1
35;33;7;44190;2
35;91;7;12456;72
35;96;6;1221;1
35;179;7;13555;1
35;178;7;22422;2
35;41;6;4490;1
35;89;7;12123;7
35;112;7;44027;1
35;83;7;12456;14
35;90;7;12888;58
35;14;7;12888;5
35;90;3;13;172
35;74;7;44888;5
35;181;6;1233;19
35;6;7;10000;3
35;11;7;12888;5
35;126;7;12888;21
35;152;3;13;60
35;95;5;700;23
35;68;6;1232;1
35;160;5;555;22
35;8;7;44777;1
35;18;6;4455;3
35;23;6;2222;6
35;31;6;1333;4
35;133;7;11111;1
35;14;6;4490;1
35;10;7;23192;2
35;180;3;12;4
35;38;7;15331;1
35;109;3;96;14
35;142;3;96;9
35;64;3;12;14
35;136;5;95;12
35;48;3;13;72
35;40;6;5511;2
35;53;6;1533;117
35;4;7;50500;7
35;66;6;4000;40
35;55;5;96;19
35;10;7;11999;2
35;81;6;95;17
35;145;6;5013;1
35;170;3;95;11
35;123;7;12123;2
35;153;3;44;65
35;72;3;13;89
35;55;6;4512;2
35;74;7;44000;1
35;125;3;12;19
35;122;7;45333;9
35;73;7;40888;1
35;84;6;4477;6
35;58;7;11999;1
35;108;7;44888;1
35;150;5;95;17
35;136;5;555;28
35;28;7;96;4
35;13;6;1213;16
35;110;7;95;19
35;137;6;96;6
35;21;6;4411;1
35;98;6;4533;1
35;38;7;44567;1
35;176;6;1123;1
35;14;7;10123;1
35;77;3;44;52
35;141;6;11;1
35;141;6;12;3
35;141;6;44;2
35;141;7;11;1
35;141;7;12;2
35;141;7;13;7
35;74;6;1010;19
35;141;7;15;1
35;141;7;44;1
35;141;7;55;1
35;141;7;70;4
35;131;6;11;1
35;131;6;12;5
35;131;6;15;1
35;53;6;1245;1
35;136;7;12456;67
35;160;7;12300;14
35;103;6;1212;1
35;90;6;1010;17
35;18;6;2323;1
35;103;7;33699;1
35;12;7;11999;3
35;160;7;12333;3
35;40;7;22222;1
35;140;7;44888;2
35;5;7;12888;15
35;5;7;13333;2
35;65;7;10123;2
35;179;6;4000;1
35;94;7;12456;7
35;55;5;131;171
35;61;6;5013;1
35;141;5;96;19
35;116;7;12888;9
35;100;7;44888;4
35;90;6;2211;5
35;126;7;96;18
35;131;6;4488;8
35;112;7;12300;1
35;147;6;1533;137
35;3;5;96;25
35;68;7;44441;1
35;27;7;11999;3
35;58;7;44888;17
35;6;7;96;3
35;5;7;22022;4
35;42;7;33000;1
35;32;7;13456;16
35;81;7;12123;3
35;126;6;1201;1
35;165;7;45333;12
35;82;3;13;152
35;146;6;1213;4
35;87;6;4490;1
35;29;6;1322;5
35;86;7;12555;1
35;147;6;4000;3
35;49;5;555;9
35;178;6;4410;1
35;165;6;1234;1
35;22;5;96;24
35;106;5;700;12
35;87;6;1313;1
35;16;7;65013;1
35;173;6;1531;1
35;8;3;12;21
35;111;6;96;4
35;30;7;45413;4
35;2;6;4444;2
35;124;7;11000;67
35;84;7;12123;3
35;130;6;2222;3
35;19;5;96;11
35;99;7;22777;3
35;23;6;1313;1
35;9;6;5533;2
35;130;7;95;7
35;130;6;1111;1
35;124;3;95;4
35;38;5;555;4
35;128;7;12600;2
35;128;7;65700;1
35;171;6;1245;1
35;55;7;15333;1
35;146;6;4410;5
35;81;3;96;7
35;36;7;65700;5
35;122;6;2288;3
35;160;6;23;2
35;160;7;11;2
35;160;7;12;9
35;160;7;13;8
35;160;7;15;1
35;160;7;45;1
35;160;7;70;1
35;154;6;11;1
35;154;6;12;3
35;154;6;13;1
35;154;6;15;2
35;154;7;11;2
35;154;7;12;1
35;154;7;13;4
35;154;7;15;1
35;154;7;55;1
35;26;6;12;5
35;26;6;13;1
35;26;6;15;3
35;26;6;23;1
35;26;6;55;1
35;123;7;96;1
35;104;6;4555;1
35;173;7;14100;1
35;104;6;4410;3
35;21;7;44777;7
35;106;7;44777;5
35;55;7;11999;1
35;55;6;1322;44
35;112;7;70000;3
35;177;7;50500;2
35;107;7;95;4
35;116;5;95;16
35;123;7;11000;60
35;127;7;65700;2
35;73;6;1333;5
35;87;6;1533;93
35;64;5;96;16
35;25;6;7040;1
35;4;7;50444;1
35;187;6;2201;3
35;129;6;5533;3
35;99;7;12888;4
35;148;7;65700;2
35;19;7;95;10
35;14;6;4410;1
35;91;6;1333;3
35;92;6;2210;1
35;45;7;12000;1
35;128;6;5511;1
35;166;6;5511;4
35;11;7;12300;8
35;127;5;700;30
35;11;6;5533;8
35;2;6;5533;5
35;85;3;12;15
35;8;7;44000;2
35;157;6;2211;1
35;117;6;2277;4
35;16;7;11100;1
35;34;7;12300;5
35;95;7;45300;1
35;14;6;96;5
35;87;6;1322;4
35;147;6;1201;1
35;128;5;555;15
35;128;7;45;1
35;128;7;14;2
35;128;7;15;3
35;128;7;22;1
35;128;7;55;1
35;52;7;96;3
35;17;7;11000;97
35;17;7;13111;1
35;19;6;4410;2
35;99;7;22022;1
35;12;6;2100;1
35;160;6;2255;4
35;72;7;44888;9
35;5;6;4488;23
35;51;5;555;19
35;19;6;1233;5
35;30;7;22777;3
35;71;7;12456;28
35;103;7;44447;1
35;100;7;45300;1
35;85;3;95;7
35;173;7;10123;4
35;77;6;96;8
35;15;6;4488;6
35;98;7;11000;87
35;30;6;1251;2
35;2;7;40888;1
35;163;6;1213;3
35;146;6;1233;12
35;91;6;5001;1
35;33;6;4000;2
35;110;6;1212;1
35;128;7;13777;2
35;1;6;1233;9
35;168;6;1333;2
35;3;7;11000;78
35;74;5;555;15
35;121;7;12456;26
35;126;7;13456;9
35;85;7;12345;1
35;5;7;11333;1
35;3;7;45333;7
35;16;6;1212;4
35;12;6;5511;9
35;21;6;1515;1
35;109;6;1000;1
35;100;7;12456;9
35;133;7;11000;32
35;127;5;96;19
35;3;7;12300;6
35;69;6;1245;1
35;69;7;22422;2
35;25;6;4456;1
35;28;6;1010;11
35;14;6;1433;1
35;30;7;12888;3
35;30;7;13333;3
35;157;5;95;19
35;93;6;2123;1
35;158;7;15333;2
35;109;6;1010;9
35;99;6;1333;3
35;93;6;6565;1
35;130;3;13;136
35;25;6;6565;1
35;165;6;5044;1
35;165;7;12333;2
35;110;3;44;62
35;55;6;1533;87
35;74;7;22022;5
35;8;7;10123;3
35;177;3;95;7
35;178;5;131;118
35;65;3;13;107
35;71;3;95;3
35;122;6;1533;98
35;42;3;95;11
35;89;3;96;16
35;111;7;12200;1
35;37;6;5511;1
35;105;7;22222;1
35;105;7;44190;1
35;97;6;2201;1
35;168;5;95;8
35;25;7;13456;11
35;25;3;44;50
35;168;7;15888;1
35;147;6;5533;5
35;117;7;45300;3
35;13;6;1292;1
35;11;6;4488;12
35;2;6;4488;13
35;97;6;5533;6
35;23;7;11999;6
35;61;6;2210;1
35;80;6;2277;5
35;133;7;55014;2
35;152;7;33000;7
35;11;6;4000;8
35;100;6;1245;2
35;100;7;22422;2
35;148;6;4555;1
35;96;3;96;20
35;103;3;95;13
35;40;3;44;48
35;93;6;5013;2
35;57;6;1213;6
35;37;5;700;30
35;7;7;65700;7
35;34;6;4488;6
35;21;6;1313;3
35;92;6;1113;1
35;116;7;13555;1
35;51;7;12300;12
35;36;3;96;10
35;6;6;1311;2
35;74;6;4000;9
35;137;6;1533;88
35;104;7;13555;4
35;142;7;13123;1
35;164;6;1299;2
35;12;7;11111;1
35;94;5;131;169
35;55;7;12333;1
35;181;5;555;12
35;131;7;12456;46
35;39;6;1199;1
35;128;7;70;1
35;168;7;10;1
35;168;7;11;1
35;168;7;12;3
35;168;7;13;5
35;168;7;15;1
35;168;7;18;1
35;10;7;44234;1
35;152;6;5511;2
35;82;3;95;7
35;89;6;1292;2
35;89;7;44111;1
35;122;5;95;15
35;53;7;70070;1
35;115;7;13;7
35;115;7;44;1
35;58;7;12;3
35;58;7;13;10
35;16;7;11000;85
35;2;7;12888;12
35;2;7;13333;1
35;165;5;555;15
35;140;7;15333;1
35;99;6;1245;2
35;99;7;22422;8
35;8;7;10124;1
35;8;7;22322;1
35;108;3;13;162
35;169;3;13;132
35;12;6;7040;2
35;96;6;3300;1
35;57;6;96;11
35;93;7;22022;2
35;47;6;2277;6
35;136;7;22422;14
35;150;3;96;6
35;182;7;22222;5
35;182;7;44190;1
35;131;6;2222;3
35;166;6;1233;6
35;71;7;11111;1
35;6;6;1012;1
35;130;5;700;36
35;141;6;1333;1
35;7;7;13138;1
35;112;6;5511;4
35;10;6;1515;3
35;3;7;22000;1
35;133;3;44;41
35;104;7;55555;1
35;173;7;11000;91
35;91;6;5533;13
35;28;7;18;1
35;28;7;22;1
35;28;7;44;1
35;28;7;45;4
35;28;7;70;2
35;103;7;11;3
35;112;6;1010;8
35;103;7;12;1
35;103;7;13;6
35;25;7;22777;1
35;4;5;131;167
35;61;7;12888;4
35;61;7;13333;2
35;70;6;9070;1
35;127;7;10123;3
35;3;6;4455;5
35;176;7;11000;41
35;14;6;2210;3
35;112;6;5050;1
35;4;5;555;19
35;4;6;1500;1
35;178;7;22123;1
35;177;5;96;11
35;109;7;12333;8
35;171;7;12123;6
35;144;7;12300;5
35;147;3;96;15
35;25;6;2323;1
35;120;7;50500;4
35;15;6;2201;3
35;17;7;13456;8
35;50;7;44447;1
35;110;6;2222;2
35;42;7;12888;1
35;103;6;1321;1
35;37;6;4000;6
35;120;6;5555;1
35;72;3;44;46
35;50;7;95;7
35;180;6;1111;1
35;180;7;95;22
35;14;6;95;8
35;39;7;96;12
35;81;6;4410;2
35;59;7;23192;3
35;100;6;1111;1
35;100;7;95;3
35;94;6;1333;1
35;68;6;1010;1
35;74;7;44777;3
35;38;3;12;14
35;74;7;33033;1
35;16;7;23456;1
35;91;6;2210;2
35;1;7;11111;1
35;15;3;13;86
35;84;3;12;22
35;115;7;13789;1
35;86;6;2288;1
35;14;7;65013;1
35;71;7;96;5
35;112;7;22022;1
35;80;3;12;5
35;56;7;13456;1
35;164;6;2210;3
35;73;7;12300;8
35;165;6;3300;2
35;105;6;1588;1
35;105;6;96;5
35;69;6;1233;3
35;20;7;11000;60
35;55;7;23192;1
35;49;7;13555;6
35;120;6;1477;1
35;146;6;4488;3
35;177;7;11999;1
35;23;6;4490;8
35;23;6;5588;1
35;2;7;45333;8
35;94;6;4488;9
35;92;6;1533;129
35;41;6;1033;1
35;111;7;14393;2
35;45;7;12456;44
35;96;6;2222;2
35;153;7;10123;3
35;47;3;95;1
35;60;7;10;1
35;60;7;11;1
35;60;7;12;2
35;60;7;13;12
35;60;7;14;1
35;60;7;23;1
35;60;7;44;2
35;60;7;65;1
35;60;6;10;2
35;60;6;12;3
35;60;6;13;4
35;60;6;14;1
35;60;6;15;1
35;60;6;21;2
35;60;6;40;1
35;37;6;2210;6
35;169;5;95;17
35;63;5;95;6
35;58;5;555;12
35;5;6;1277;1
35;61;5;95;6
35;6;7;12888;10
35;31;6;95;24
35;3;7;70070;1
35;33;6;2222;1
35;132;5;555;10
35;107;7;96;1
35;101;7;12333;5
35;9;7;13456;1
35;88;5;96;9
35;103;6;1533;90
35;11;7;50500;1
35;135;6;1313;2
35;66;3;13;124
35;57;7;13789;1
35;45;5;96;20
35;82;7;96;8
35;114;6;1221;1
35;8;6;1099;1
35;153;7;12456;32
35;141;3;13;175
35;112;6;1333;6
35;45;7;12345;1
35;13;6;1030;1
35;137;6;4445;1
35;5;7;11000;74
35;168;6;1010;1
35;171;7;45333;10
35;128;3;96;8
35;38;5;95;15
35;49;6;2200;1
35;8;6;4477;2
35;123;7;12456;5
35;7;6;4013;1
35;92;6;95;6
35;68;5;96;34
35;130;7;44777;2
35;28;3;44;38
35;41;6;1533;67
35;22;6;1212;3
35;33;6;1533;91
35;147;6;5013;1
35;97;5;96;32
35;27;7;23192;1
35;57;3;13;156
35;4;7;22777;1
35;182;6;4455;1
35;120;7;23192;3
35;91;7;13789;1
35;85;6;1533;90
35;14;6;5005;1
35;22;6;4455;2
35;148;6;4455;37
35;59;7;15;2
35;59;7;44;1
35;59;7;55;2
35;59;7;65;1
35;78;6;11;1
35;78;6;12;1
35;78;6;15;1
35;169;6;5013;8
35;27;3;12;24
35;181;7;12456;55
35;18;7;36600;2
35;145;6;1333;5
35;133;7;11333;1
35;18;6;4410;5
35;158;7;13777;1
35;61;6;2222;6
35;37;7;45999;1
35;120;6;95;7
35;89;7;12333;1
35;152;6;1245;1
35;49;3;12;13
35;150;7;22422;7
35;137;6;1111;1
35;60;6;44;1
35;60;6;45;1
35;166;6;12;1
35;166;6;13;4
35;166;7;11;2
35;166;7;13;9
35;7;7;22556;2
35;31;6;1251;1
35;6;7;23333;1
35;86;7;11999;1
35;15;6;4422;1
35;187;6;1010;8
35;3;7;22222;4
35;3;7;44190;1
35;5;7;13555;5
35;26;6;5533;2
35;129;6;4567;1
35;82;5;131;172
35;131;7;96;13
35;49;6;5001;1
35;85;6;4455;2
35;22;6;4000;4
35;97;7;70123;1
35;83;7;44234;1
35;91;6;2277;7
35;52;7;22222;3
35;26;7;65700;6
35;126;6;4444;1
35;21;6;1010;9
35;18;7;12500;1
35;84;7;96;3
35;93;7;55234;2
35;4;7;44333;1
35;154;5;95;6
35;20;7;15151;1
35;99;6;96;5
35;81;3;13;163
35;146;5;131;226
35;110;6;5555;1
35;83;3;13;204
35;125;6;4488;38
35;103;7;13456;5
35;22;3;13;157
35;158;6;2222;6
35;55;7;12111;1
35;148;7;12114;1
35;80;7;44777;5
35;173;6;5501;1
35;52;6;1233;20
35;7;7;70007;1
35;53;6;1322;36
35;187;6;1533;43
35;52;7;22777;7
35;36;7;15;3
35;36;7;18;1
35;36;7;22;1
35;36;7;45;2
35;36;7;70;1
35;140;7;12;1
35;140;7;13;16
35;140;7;15;2
35;140;6;11;2
35;140;6;13;1
35;140;6;15;1
35;137;6;15;2
35;137;6;23;1
35;137;6;33;1
35;137;7;10;2
35;137;7;11;2
35;32;6;1245;2
35;32;7;22422;6
35;171;5;555;7
35;121;7;13456;15
35;26;7;12300;6
35;6;6;5533;1
35;74;7;96;11
35;166;7;22222;2
35;177;7;11000;47
35;89;6;4455;6
35;177;6;1333;1
35;104;7;11111;2
35;73;7;12456;41
35;17;5;95;12
35;124;6;1100;1
35;158;6;1533;150
35;64;7;22777;1
35;42;7;96;8
35;2;7;23456;1
35;155;5;131;200
35;96;5;96;31
35;21;7;23192;1
35;14;5;96;14
35;170;7;10001;1
35;141;7;12300;32
35;94;7;10123;2
35;166;6;95;9
35;85;7;12300;4
35;146;7;65700;2
35;142;6;2288;4
35;51;7;12888;1
35;51;7;13333;1
35;165;5;95;10
35;124;5;555;24
35;173;7;12888;12
35;173;7;13333;2
35;154;7;55888;4
35;32;6;96;7
35;93;6;2222;4
35;18;7;13456;7
35;77;6;2288;1
35;110;7;12333;2
35;98;6;1123;1
35;97;6;1531;1
35;63;7;50500;1
35;51;7;22422;3
35;69;7;13789;2
35;121;7;10000;1
35;14;6;5533;2
35;65;7;13456;3
35;41;7;15331;1
35;135;7;12888;15
35;52;6;5001;1
35;71;7;11444;1
35;173;6;2244;1
35;122;6;1515;1
35;83;3;96;9
35;32;6;4000;1
35;88;7;22777;9
35;166;7;96;6
35;66;7;55555;1
35;104;6;5013;9
35;32;7;12000;1
35;98;6;1245;2
35;67;7;12999;2
35;65;6;4455;9
35;34;6;4455;2
35;50;7;22777;5
35;37;5;96;12
35;168;6;4410;1
35;13;7;22422;15
35;137;6;5013;11
35;87;3;96;8
35;30;7;12456;56
35;124;6;2277;1
35;32;7;22022;1
35;94;7;11000;83
35;125;6;1233;12
35;50;6;2200;2
35;58;5;131;156
35;169;6;2323;1
35;169;7;36600;1
35;40;5;131;131
35;29;6;4488;22
35;55;6;1010;4
35;18;6;5001;1
35;128;6;1500;1
35;128;3;95;4
35;100;6;95;2
35;5;6;5522;1
35;5;6;95;14
35;103;7;12888;17
35;2;7;50113;1
35;35;7;12333;2
35;9;6;1201;2
35;30;7;22999;1
35;40;7;12456;38
35;78;5;700;25
35;29;7;14888;1
35;21;3;13;150
35;9;6;4455;2
35;92;7;12300;5
35;28;6;1111;3
35;47;7;96;8
35;13;6;2222;8
35;114;6;2200;1
35;39;6;96;14
35;158;6;5013;1
35;115;7;55100;1
35;142;7;11000;79
35;90;6;2277;2
35;106;7;13555;3
35;147;6;4410;1
35;1;7;50444;1
35;51;7;22222;8
35;61;6;1213;25
35;147;6;1513;1
35;2;3;96;13
35;78;3;96;9
35;85;6;2277;9
35;132;7;55678;6
35;165;7;12300;11
35;4;7;10123;2
35;95;6;96;5
35;164;7;11000;75
35;16;6;2255;3
35;91;3;12;42
35;147;6;4455;3
35;88;6;1322;15
35;166;6;4411;1
35;95;5;131;141
35;91;6;1221;1
35;105;6;1300;1
35;6;6;2200;3
35;57;7;12000;1
35;6;6;1588;1
35;6;6;96;6
35;68;6;1533;154
35;169;6;4410;1
35;108;6;4410;3
35;17;3;13;163
35;100;6;4000;9
35;80;6;2210;2
35;22;7;95;9
35;41;6;1456;1
35;42;7;22222;2
35;99;7;44111;1
35;77;6;5013;6
35;13;7;10123;6
35;165;7;12;2
35;165;7;13;6
35;165;7;22;1
35;165;7;70;2
35;182;6;15;1
35;182;6;50;1
35;182;7;11;1
35;182;7;12;1
35;182;7;13;1
35;182;7;70;1
35;16;7;44441;1
35;181;6;1221;1
35;33;6;1333;2
35;67;6;4455;3
35;105;3;12;15
35;30;6;1321;1
35;56;7;12456;27
35;20;3;12;19
35;153;7;12999;1
35;80;3;96;8
35;72;7;11999;2
35;105;6;5511;2
35;45;3;95;13
35;182;6;1100;2
35;12;6;1515;3
35;4;6;1221;1
35;91;3;44;56
35;121;6;1201;1
35;48;6;2222;7
35;34;6;5533;1
35;14;3;44;45
35;56;6;4000;26
35;170;7;22422;13
35;1;6;5511;7
35;19;7;22111;1
35;146;7;95;2
35;171;3;44;74
35;140;7;44333;1
35;166;5;700;11
35;144;6;5511;8
35;15;3;95;6
35;86;6;4000;3
35;45;6;4422;1
35;157;3;96;13
35;4;7;55555;1
35;169;7;10123;5
35;3;6;1322;8
35;177;7;12123;2
35;40;7;12888;5
35;8;7;11000;74
35;133;6;4490;5
35;128;6;95;9
35;49;7;44000;1
35;125;6;5050;1
35;51;6;2222;9
35;115;3;13;104
35;14;6;1233;17
35;6;7;22222;3
35;164;6;4488;9
35;1;6;1277;1
35;97;6;7099;2
35;107;6;4001;1
35;109;6;5013;9
35;8;6;1111;1
35;39;6;95;12
35;19;7;44888;3
35;101;6;1533;72
35;141;6;4000;32
35;164;6;70;1
35;179;7;44888;2
35;69;7;11333;1
35;8;6;5013;4
35;136;6;1292;1
35;26;7;44888;9
35;172;6;2288;1
35;106;6;2244;1
35;16;5;95;14
35;182;6;1515;1
35;171;7;45999;1
35;72;7;22222;1
35;72;7;44190;1
35;14;7;70007;1
35;125;6;1100;1
35;93;6;4410;1
35;165;6;4477;3
35;81;5;555;11
35;32;5;96;20
35;34;7;22777;4
35;173;5;95;13
35;70;5;96;20
35;34;7;13777;4
35;66;7;12300;37
35;107;6;1333;2
35;187;7;10123;6
35;87;6;1213;7
35;53;6;4488;23
35;21;6;4488;18
35;115;7;10124;1
35;158;7;12888;51
35;26;7;12444;1
35;26;7;45333;2
35;31;6;96;6
35;16;7;45555;1
35;7;7;12888;10
35;7;7;13333;1
35;27;7;65700;6
35;52;6;5013;3
35;4;7;95;13
35;178;6;1533;72
35;77;7;95;29
35;39;5;96;27
35;68;6;1012;1
35;7;6;1533;84
35;41;5;131;107
35;35;7;44777;2
35;106;6;1533;120
35;164;7;10123;3
35;56;7;96;3
35;170;6;1100;1
35;78;7;12300;4
35;110;6;2201;1
35;127;7;12888;53
35;124;7;13333;2
35;129;7;12300;7
35;129;7;45413;1
35;40;7;13555;1
35;140;6;1010;1
35;130;6;4447;1
35;30;7;13234;1
35;34;7;11000;83
35;128;7;13456;17
35;128;7;15888;1
35;66;6;1010;3
35;66;6;4456;1
35;165;6;5511;2
35;80;6;1111;2
35;80;7;95;10
35;70;6;1010;14
35;70;6;4456;1
35;165;3;96;9
35;87;3;12;22
35;170;6;1299;1
35;100;7;13456;16
35;17;7;23192;4
35;49;6;12;2
35;1;6;35;1
35;1;6;50;1
35;49;6;11;1
35;49;6;13;1
35;49;6;14;1
35;49;6;18;1
35;49;6;22;1
35;49;7;10;1
35;49;7;12;3
35;49;7;13;6
35;49;7;14;1
35;49;7;22;1
35;154;3;44;24
35;131;7;44888;1
35;10;6;5533;3
35;127;6;2277;1
35;182;7;44111;1
35;23;5;555;12
35;30;6;1333;4
35;17;6;4488;11
35;20;6;1313;1
35;122;7;11999;2
35;182;5;96;10
35;164;7;12333;6
35;178;7;12456;49
35;10;6;4488;7
35;16;6;5533;8
35;130;3;12;39
35;16;7;13555;4
35;55;7;44888;4
35;135;6;4488;5
35;93;6;4000;1
35;96;3;95;7
35;148;7;11000;84
35;117;6;4456;1
35;68;3;21;1
35;173;6;4477;1
35;145;7;22556;2
35;54;7;43197;1
35;2;7;13133;1
35;163;7;44774;1
35;130;6;4488;63
35;45;6;2277;3
35;19;3;13;115
35;111;7;33033;1
35;150;7;23123;1
35;91;3;96;18
35;114;3;96;9
35;70;5;131;162
35;47;6;2200;1
35;168;6;1123;2
35;82;6;5013;5
35;77;6;5511;1
35;133;3;12;15
35;2;6;1221;1
35;94;7;15555;1
35;17;6;4410;1
35;28;6;96;5
35;25;6;96;4
35;32;7;96;6
35;18;7;11000;97
35;34;7;22022;2
35;130;6;1010;6
35;130;6;4456;1
35;53;6;1023;1
35;122;5;131;185
35;41;6;96;7
35;8;7;23192;2
35;110;6;2210;6
35;38;6;1333;1
35;130;7;11999;1
35;10;6;1313;1
35;65;7;12333;1
35;34;6;5044;1
35;34;7;12333;11
35;81;6;15;2
35;81;6;18;1
35;81;7;10;1
35;81;7;12;1
35;81;7;13;7
35;81;7;33;1
35;81;7;44;1
35;81;7;45;1
35;53;6;11;1
35;53;6;12;3
35;105;7;12456;34
35;136;7;22556;1
35;181;7;95;14
35;58;3;96;13
35;124;7;22777;1
35;140;3;96;9
35;137;7;11666;2
35;147;7;23123;3
35;22;7;13456;7
35;70;7;33;2
35;6;5;96;13
35;3;6;96;12
35;122;6;1277;1
35;111;7;44888;1
35;39;6;5013;7
35;7;7;45333;3
35;180;6;96;4
35;27;7;55555;3
35;113;7;11000;27
35;176;6;4410;2
35;163;5;700;34
35;20;7;44777;5
35;26;7;11;1
35;26;7;13;13
35;26;7;15;1
35;26;7;40;1
35;26;7;44;1
35;26;7;45;1
35;26;7;50;1
35;26;7;70;2
35;144;7;13100;1
35;15;7;22122;1
35;152;5;96;15
35;40;7;10;1
35;40;7;12;1
35;29;5;555;8
35;19;6;1533;71
35;18;6;1010;11
35;169;7;22555;1
35;60;7;44888;5
35;169;5;700;46
35;148;3;44;47
35;176;7;50777;1
35;66;5;555;25
35;103;7;44234;1
35;14;3;96;10
35;34;6;4490;1
35;110;5;95;24
35;8;3;13;135
35;132;7;22777;5
35;177;6;4444;1
35;106;6;5055;1
35;165;6;2222;2
35;2;6;1010;12
35;10;7;33000;1
35;63;6;95;6
35;6;7;44190;4
35;137;5;96;32
35;8;6;2210;5
35;166;6;4490;3
35;164;3;44;51
35;13;7;13133;1
35;73;7;65700;11
35;122;7;13777;1
35;105;6;1212;2
35;13;6;2244;2
35;1;6;2288;2
35;144;6;4410;1
35;158;6;2211;2
35;58;7;44101;1
35;57;6;4455;3
35;135;5;95;25
35;1;6;1201;2
35;141;6;96;7
35;135;6;1212;1
35;30;5;95;21
35;146;3;12;20
35;12;6;5533;6
35;182;6;1111;2
35;50;6;2222;6
35;113;7;44777;11
35;180;6;4490;1
35;172;6;1933;1
35;136;7;22777;10
35;140;7;11000;108
35;133;5;555;3
35;8;7;12888;14
35;87;3;13;121
35;132;5;131;159
35;54;6;1533;109
35;14;6;1201;1
35;97;6;1010;6
35;81;7;22900;1
35;126;7;55;1
35;81;6;11;2
35;18;5;555;10
35;28;7;65700;1
35;81;6;12;2
35;81;6;13;2
35;41;7;50500;1
35;57;6;1010;5
35;131;6;1533;156
35;172;7;22777;3
35;136;7;12123;7
35;180;6;2222;1
35;96;6;96;8
35;8;6;1515;4
35;125;7;44777;1
35;121;7;44888;3
35;120;7;45333;2
35;9;6;1010;13
35;70;6;5511;4
35;52;7;50500;1
35;144;6;1199;1
35;35;7;22222;1
35;35;7;44190;1
35;88;7;22022;1
35;40;7;11000;99
35;170;6;1251;1
35;100;6;4410;1
35;166;7;95;9
35;166;6;1111;1
35;92;7;22422;1
35;126;6;1533;137
35;160;7;45333;1
35;15;7;22222;2
35;64;7;13133;1
35;145;3;96;11
35;180;6;1533;70
35;4;6;1212;1
35;3;6;1221;1
35;126;6;1221;1
35;142;7;22777;6
35;31;7;22777;5
35;59;5;555;10
35;82;5;700;21
35;10;6;1213;10
35;115;7;95;9
35;10;6;1222;1
35;66;6;5013;1
35;106;6;1233;17
35;19;6;2069;1
35;144;7;33300;1
35;153;3;13;66
35;55;7;12123;3
35;38;7;12888;3
35;155;7;45333;1
35;14;6;2222;4
35;4;5;700;48
35;68;5;700;10
35;150;6;1212;1
35;84;7;22022;3
35;55;7;95;9
35;179;7;50500;2
35;172;6;5013;2
35;120;7;96;5
35;83;7;12345;1
35;148;6;1123;1
35;23;6;5555;1
35;182;6;2288;1
35;36;5;95;6
35;88;6;96;5
35;64;6;96;2
35;66;6;1100;1
35;166;7;44556;2
35;26;6;4444;1
35;114;7;12888;38
35;114;7;13333;1
35;10;6;1322;4
35;122;7;95;19
35;70;7;23;1
35;70;7;44;3
35;70;6;11;3
35;70;6;12;1
35;70;6;13;6
35;70;6;15;4
35;70;6;22;1
35;70;6;44;1
35;116;6;12;3
35;116;6;13;2
35;116;6;15;1
35;116;6;45;1
35;116;7;11;3
35;116;7;12;2
35;116;7;13;4
35;116;7;44;1
35;116;7;45;2
35;116;7;55;1
35;77;7;12;1
35;77;7;13;7
35;77;7;14;1
35;77;7;15;2
35;77;7;18;1
35;77;7;70;1
35;72;7;15120;1
35;181;7;45234;2
35;72;7;33000;1
35;133;7;22777;7
35;82;6;7001;1
35;59;6;5013;3
35;19;3;12;10
35;45;6;1234;1
35;98;5;96;30
35;70;7;22777;4
35;22;5;555;14
35;165;6;1333;7
35;91;7;44777;7
35;49;7;12456;28
35;95;6;4488;70
35;173;7;12000;1
35;52;7;95;9
35;104;3;96;21
35;106;6;4433;2
35;105;7;96;3
35;101;6;1010;20
35;101;6;4456;4
35;106;3;12;27
35;57;6;2277;3
35;123;5;700;5
35;66;3;96;10
35;180;6;4477;2
35;51;7;15888;1
35;152;5;131;60
35;69;5;131;129
35;6;7;44888;8
35;7;6;1333;3
35;48;7;22777;7
35;97;7;10000;1
35;47;7;44888;2
35;137;5;700;28
35;94;6;1010;6
35;94;6;4456;1
35;22;7;22222;2
35;22;7;44190;1
35;29;6;95;18
35;50;6;4000;7
35;141;7;96;6
35;137;6;1123;1
35;137;6;1313;2
35;182;7;12456;25
35;112;5;700;15
35;5;7;13456;3
35;104;5;95;12
35;109;6;1333;4
35;19;5;95;15
35;11;6;95;13
35;20;6;1201;3
35;45;7;15120;1
35;81;7;70007;1
35;20;7;96;10
35;178;6;1233;2
35;171;6;2299;1
35;103;7;95;21
35;178;6;2201;2
35;110;7;12888;20
35;110;7;13333;1
35;144;3;95;16
35;93;7;13555;2
35;66;7;12888;2
35;9;6;2200;4
35;92;6;2222;3
35;124;3;96;12
35;146;6;96;4
35;182;6;4488;9
35;114;6;2201;1
35;80;5;700;36
35;48;6;1133;1
35;19;6;5533;4
35;1;6;5055;2
35;14;7;44888;9
35;69;6;1531;1
35;4;6;4447;2
35;52;7;13123;1
35;65;7;12300;37
35;91;7;65700;7
35;19;6;1292;1
35;187;6;5511;2
35;12;7;65700;7
35;172;6;2211;1
35;5;6;4477;2
35;127;6;4477;2
35;59;7;65700;25
35;131;6;1000;4
35;154;6;1010;4
35;154;6;4456;1
35;5;6;2222;14
35;61;6;1531;2
35;11;3;12;25
35;98;6;1533;101
35;144;6;1322;9
35;38;7;12300;4
35;129;6;1322;8
35;47;6;1515;1
35;4;7;15888;1
35;142;7;70070;1
35;7;6;2201;1
35;56;7;11333;1
35;34;5;700;15
35;112;7;10123;1
35;148;7;96;4
35;36;7;44888;4
35;130;6;1322;6
35;142;7;12444;1
35;142;7;45333;8
35;23;6;1515;2
35;178;6;96;3
35;116;6;1500;1
35;154;6;95;10
35;45;6;1322;6
35;132;6;5013;2
35;73;6;2288;2
35;87;5;95;7
35;55;6;1313;1
35;92;7;44777;1
35;8;7;22422;20
35;145;7;11000;120
35;49;3;96;6
35;155;7;13789;1
35;164;6;1313;1
35;137;7;12456;18
35;40;7;55888;1
35;56;7;22422;2
35;13;6;1313;1
35;16;6;1331;1
35;99;7;11100;2
35;152;6;95;5
35;27;7;70000;1
35;3;6;1212;1
35;85;3;44;49
35;141;6;1213;2
35;111;5;131;123
35;36;6;4410;1
35;144;6;4000;4
35;137;7;33;1
35;137;7;55;3
35;137;7;70;3
35;137;6;12;4
35;137;6;13;2
35;171;6;12;1
35;171;6;13;4
35;171;6;15;1
35;171;6;22;1
35;171;6;55;1
35;171;7;12;1
35;171;7;13;8
35;171;7;15;1
35;171;7;22;1
35;55;7;96;2
35;116;5;96;15
35;173;6;1313;2
35;29;7;11333;1
35;121;6;5511;1
35;74;6;5013;5
35;131;7;12300;3
35;19;7;96;5
35;170;5;95;18
35;27;6;5013;2
35;178;7;22022;3
35;26;7;33000;1
35;3;6;4444;1
35;8;6;1100;1
35;168;5;555;9
35;172;7;13456;6
35;54;7;50500;1
35;33;6;5013;3
35;145;7;22222;1
35;59;6;1123;1
35;45;6;4000;5
35;176;7;12111;1
35;77;7;12888;4
35;19;7;22222;2
35;73;6;1010;6
35;133;7;11999;2
35;66;6;1533;93
35;104;7;13456;1
35;123;5;131;147
35;18;6;1133;1
35;106;7;10123;3
35;110;7;22777;5
35;63;5;700;20
35;35;6;1234;3
35;28;7;13132;1
35;27;6;95;14
35;1;6;5013;2
35;28;6;2069;1
35;23;7;33033;2
35;48;6;1010;2
35;88;6;4488;17
35;145;6;1292;5
35;17;3;44;79
35;1;6;1313;3
35;71;7;22222;8
35;96;6;1333;2
35;110;7;50777;1
35;123;6;5555;1
35;45;6;5169;1
35;67;7;15331;1
35;11;7;44234;1
35;68;6;1245;1
35;164;7;22777;3
35;145;7;13456;11
35;145;7;15888;1
35;87;6;95;5
35;113;5;555;29
35;47;7;95;3
35;33;7;44777;5
35;56;7;12300;23
35;31;3;44;34
35;117;7;13555;9
35;77;7;13456;1
35;65;6;96;5
35;34;6;96;2
35;26;6;1213;19
35;38;6;4488;38
35;42;6;2244;1
35;41;7;12456;43
35;63;7;12300;3
35;64;6;13;3
35;64;6;15;4
35;130;7;11000;84
35;103;6;4444;1
35;88;6;1333;1
35;71;7;10123;2
35;2;6;1016;1
35;85;6;1515;3
35;164;3;13;170
35;111;5;95;2
35;22;7;50500;1
35;126;5;95;23
35;55;7;22000;1
35;57;7;22222;3
35;53;3;44;68
35;21;3;44;77
35;31;7;45234;1
35;99;5;96;20
35;160;6;4444;1
35;18;6;1000;1
35;74;3;13;148
35;122;3;44;66
35;166;3;13;138
35;50;5;95;6
35;180;5;95;17
35;57;6;1233;18
35;73;7;12123;1
35;86;6;5055;1
35;69;3;13;125
35;125;6;5013;12
35;52;6;1245;2
35;52;7;22422;1
35;27;6;2022;1
35;84;6;2222;6
35;180;6;1322;9
35;147;6;1023;1
35;142;6;1012;1
35;122;7;22777;1
35;111;6;1212;1
35;165;6;1233;14
35;165;5;131;204
35;30;6;2200;1
35;27;5;555;11
35;73;7;22422;11
35;127;3;13;193
35;15;6;95;9
35;18;7;50500;3
35;55;3;12;11
35;19;6;5511;2
35;26;6;2201;3
35;107;7;10123;1
35;84;6;1010;6
35;145;7;23192;5
35;170;3;44;74
35;98;5;95;18
35;131;7;11100;1
35;68;7;22222;1
35;65;6;1010;6
35;65;6;4456;2
35;74;6;4488;12
35;39;3;95;10
35;173;6;2200;1
35;111;6;1111;1
35;111;7;95;5
35;70;7;11000;78
35;70;7;13111;1
35;90;7;44888;1
35;165;6;2200;1
35;61;6;1155;1
35;15;6;4568;1
35;84;7;11000;85
35;53;6;4456;3
35;21;6;4456;1
35;158;7;22000;1
35;99;7;12456;114
35;85;6;4410;1
35;20;6;96;8
35;172;3;13;159
35;16;6;1222;1
35;16;6;9000;1
35;92;7;11000;103
35;88;7;19444;1
35;88;6;1533;121
35;129;6;1201;1
35;9;6;1111;6
35;160;3;95;5
35;157;5;700;13
35;72;7;11000;55
35;19;6;5001;2
35;105;3;13;198
35;25;6;5055;1
35;166;6;1322;25
35;155;7;22777;1
35;19;6;2277;1
35;82;6;5511;4
35;170;6;4422;1
35;7;5;96;25
35;57;3;95;5
35;21;6;1245;1
35;21;7;22422;16
35;61;6;1333;2
35;97;6;13;3
35;166;7;15;2
35;166;7;50;1
35;97;6;12;2
35;97;6;14;1
35;97;6;15;2
35;97;7;10;1
35;97;7;12;3
35;97;7;13;22
35;97;7;15;1
35;97;7;44;4
35;97;7;45;1
35;97;7;70;1
35;33;6;11;1
35;33;6;13;1
35;33;6;15;4
35;33;6;22;1
35;33;7;10;1
35;33;7;11;1
35;33;7;13;14
35;33;7;15;4
35;47;6;1470;1
35;35;3;12;8
35;82;7;44333;1
35;101;6;2277;2
35;23;3;96;16
35;67;3;96;9
35;99;3;13;213
35;129;6;2323;1
35;23;6;4488;14
35;67;6;4488;3
35;3;6;2200;2
35;63;7;22022;1
35;109;6;1323;1
35;63;6;4447;1
35;165;6;1313;1
35;15;6;2200;1
35;182;6;1333;1
35;17;6;95;9
35;9;7;12999;1
35;98;7;44555;1
35;98;5;700;11
35;158;7;12333;2
35;33;7;11000;82
35;2;7;22556;1
35;103;6;5013;4
35;12;6;2288;1
35;33;7;15331;1
35;68;7;15111;1
35;140;7;13555;14
35;82;6;1292;2
35;144;6;1233;13
35;89;6;1322;8
35;3;7;13555;2
35;182;7;12300;4
35;164;7;45413;2
35;178;3;13;107
35;155;7;22022;1
35;97;5;131;170
35;10;5;96;21
35;38;3;96;13
35;25;7;22022;2
35;25;7;11113;1
35;4;7;11999;4
35;82;6;1533;102
35;165;7;44777;2
35;81;6;4000;5
35;108;7;45333;13
35;169;7;45333;3
35;77;7;10123;2
35;2;6;95;10
35;11;3;95;8
35;164;7;12300;3
35;40;6;1213;2
35;70;3;96;13
35;146;7;22222;2
35;140;6;1100;1
35;97;6;2210;1
35;132;6;4444;2
35;34;6;5511;1
35;179;5;555;3
35;27;7;12123;1
35;153;6;1533;33
35;22;6;1221;3
35;50;6;1533;37
35;57;7;12456;24
35;36;6;1213;13
35;152;7;22777;4
35;4;6;2288;3
35;104;6;5555;1
35;50;7;13555;4
35;180;7;13555;8
35;160;7;13555;1
35;26;3;16;1
35;133;6;1010;5
35;169;6;4490;1
35;108;6;4490;1
35;56;3;44;36
35;61;7;45333;1
35;7;7;44777;6
35;164;6;5533;5
35;104;6;2222;3
35;107;6;1233;27
35;121;6;1333;4
35;129;7;12111;1
35;136;6;2220;1
35;17;6;2200;5
35;112;7;12456;54
35;112;7;15123;1
35;173;7;12345;2
35;77;7;22422;1
35;91;7;12333;2
35;125;5;95;15
35;171;7;10123;2
35;1;5;131;166
35;114;7;50500;1
35;23;7;50777;2
35;28;5;131;184
35;25;7;15151;1
35;25;7;11999;1
35;21;6;1213;11
35;8;7;13555;4
35;100;6;2277;1
35;42;5;131;116
35;187;5;96;4
35;65;3;95;6
35;58;7;96;13
35;29;7;65700;1
35;74;3;21;1
35;6;6;5013;2
35;111;7;11100;1
35;32;7;12333;5
35;41;7;12111;1
35;33;7;13456;14
35;172;3;12;22
35;77;6;1010;6
35;80;7;70;1
35;80;6;13;1
35;80;6;22;2
35;6;7;10;2
35;111;3;13;112
35;172;7;44777;1
35;137;7;22222;1
35;33;6;1100;2
35;41;3;96;15
35;3;3;13;141
35;128;6;1212;1
35;77;7;13555;5
35;32;6;2201;1
35;81;7;22200;1
35;67;3;13;167
35;23;3;13;145
35;28;7;44777;2
35;65;6;1515;1
35;70;3;13;154
35;20;7;12444;1
35;20;7;45333;3
35;164;6;1245;1
35;18;6;1100;3
35;52;6;1010;3
35;81;6;4477;1
35;96;6;5555;1
35;47;6;2210;1
35;10;7;12345;2
35;23;7;45645;1
35;181;6;1313;1
35;68;6;1322;1
35;98;3;44;28
35;182;6;4410;4
35;116;3;12;30
35;110;5;131;173
35;83;7;11000;142
35;9;7;13131;1
35;47;7;44123;1
35;20;7;44888;7
35;182;6;2277;5
35;72;6;5533;1
35;141;6;1010;14
35;15;6;4455;1
35;15;5;96;16
35;108;6;1333;1
35;135;6;2277;5
35;121;7;13131;1
35;107;6;2201;1
35;51;3;44;48
35;85;7;10000;2
35;56;6;2201;2
35;129;7;13456;6
35;8;7;44190;2
35;8;7;22222;1
35;21;7;96;12
35;10;7;12444;2
35;10;7;45333;4
35;82;7;44888;1
35;64;7;50500;1
35;122;3;13;163
35;89;7;11999;3
35;166;6;2225;1
35;121;3;96;13
35;47;6;4000;5
35;72;6;1313;1
35;33;6;1010;8
35;41;7;44111;1
35;115;3;96;4
35;8;6;1277;1
35;84;6;1100;2
35;83;7;10123;1
35;177;6;2211;1
35;22;6;1100;2
35;31;6;4000;20
35;109;6;2277;5
35;146;7;22777;1
35;182;7;11999;4
35;39;7;33000;1
35;108;5;95;17
35;112;6;1111;1
35;112;7;95;21
35;8;6;1292;2
35;88;7;95;15
35;177;6;2277;2
35;114;7;44777;6
35;28;7;55011;1
35;84;6;1000;1
35;34;7;12345;1
35;9;6;4477;4
35;85;3;13;127
35;22;3;21;1
35;17;7;22022;2
35;58;7;11444;1
35;133;6;1533;39
35;140;6;1333;1
35;129;7;22422;17
35;177;5;555;4
35;23;7;65100;1
35;12;7;15151;1
35;55;6;1100;1
35;4;6;1111;1
35;54;6;4488;20
35;158;7;44222;1
35;45;7;22022;2
35;80;7;13234;1
35;25;7;44123;1
35;121;6;4422;1
35;94;7;55678;1
35;120;7;22222;2
35;150;3;95;10
35;112;7;23192;1
35;37;6;4488;25
35;120;3;44;53
35;157;7;50444;2
35;27;6;2222;5
35;64;5;700;28
35;121;6;4488;16
35;136;6;5511;5
35;39;7;12888;7
35;101;6;96;3
35;128;7;22222;1
35;61;7;22422;8
35;22;3;95;8
35;123;3;13;142
35;126;6;1234;1
35;144;5;700;22
35;187;7;22022;1
35;6;3;13;138
35;166;6;4422;2
35;47;6;1213;6
35;84;7;12300;16
35;21;7;13234;1
35;106;7;22120;1
35;5;5;700;62
35;74;6;1212;1
35;26;7;10000;1
35;128;7;70007;1
35;121;5;131;224
35;8;5;95;22
35;23;6;2211;2
35;122;6;4410;2
35;171;6;1292;1
35;112;7;11111;1
35;96;6;7080;1
35;89;6;4488;26
35;91;7;44543;1
35;111;5;700;30
35;29;6;5555;1
35;70;6;1212;1
35;179;6;1123;1
35;133;6;5013;7
35;10;6;1292;3
35;52;7;12888;2
35;52;7;13333;2
35;101;6;4447;1
35;101;7;44888;2
35;121;6;1123;1
35;109;7;13133;1
35;111;6;1313;2
35;70;6;1533;75
35;180;7;65700;2
35;142;7;12456;90
35;27;6;4410;5
35;136;7;50444;1
35;165;3;44;57
35;19;6;1313;1
35;179;7;12300;2
35;179;7;45413;1
35;29;3;44;35
35;11;7;12333;1
35;83;7;12888;5
35;121;5;95;6
35;121;7;11000;119
35;164;7;12456;29
35;115;6;2288;1
35;88;7;13555;5
35;72;6;2211;2
35;137;7;22422;4
35;137;6;1245;1
35;148;5;131;156
35;55;6;96;2
35;97;6;2277;3
35;23;3;44;65
35;67;3;44;12
35;22;6;1234;1
35;11;6;1533;59
35;2;6;1533;89
35;171;6;2323;1
35;179;3;95;9
35;145;6;1010;8
35;87;3;44;32
35;22;6;2210;4
35;148;6;2210;1
35;5;6;2200;1
35;109;7;11999;7
35;52;6;1333;18
35;63;6;1100;2
35;121;6;4455;5
35;117;6;1232;1
35;9;6;1011;1
35;125;6;2288;1
35;104;7;12333;6
35;16;6;1000;3
35;136;7;95;6
35;17;6;5055;1
35;84;7;44000;1
35;150;6;95;27
35;37;5;95;10
35;50;3;13;69
35;180;3;13;109
35;178;3;44;39
35;158;6;5511;3
35;177;7;12300;4
35;80;3;44;54
35;50;5;700;30
35;180;5;700;9
35;173;6;1533;103
35;5;7;12300;7
35;127;7;22777;1
35;82;6;2277;10
35;99;6;1533;134
35;114;7;12333;3
35;31;5;96;16
35;2;5;95;16
35;78;5;95;14
35;54;7;12345;1
35;169;5;96;17
35;77;6;1515;1
35;121;7;65700;1
35;154;6;5555;2
35;58;7;11111;1
35;58;6;2210;1
35;27;3;13;134
35;147;7;12456;80
35;51;6;95;7
35;48;7;44777;8
35;125;5;700;41
35;72;6;1213;15
35;142;6;4455;2
35;65;6;2222;4
35;7;6;1212;1
35;157;7;22777;3
35;2;7;22222;8
35;2;7;44190;2
35;78;7;22222;6
35;109;7;13258;1
35;91;7;22555;2
35;8;5;131;149
35;125;6;1010;33
35;158;7;13555;1
35;107;6;95;7
35;42;7;65700;7
35;23;6;2288;3
35;37;7;10123;4
35;136;6;1533;108
35;40;5;96;23
35;158;6;2200;1
35;182;6;2210;6
35;92;6;1010;1
35;94;6;1213;5
35;54;7;10123;2
35;90;7;10123;3
35;74;6;1213;18
35;122;7;13123;1
35;120;6;1213;13
35;26;7;13555;2
35;4;6;1155;1
35;11;6;1322;2
35;128;6;1292;1
35;146;5;95;1
35;173;6;4567;1
35;178;3;95;10
35;18;7;96;8
35;81;6;2201;2
35;15;7;44777;2
35;7;5;555;9
35;120;7;13456;2
35;120;7;15888;1
35;172;7;12300;4
35;80;6;4488;23
35;6;6;2288;2
35;82;6;1213;2
35;8;6;1023;1
35;7;7;10000;2
35;59;7;44447;1
35;86;7;12000;1
35;34;7;44888;1
35;98;7;13333;1
35;178;6;2288;1
35;32;7;22015;1
35;38;7;44888;4
35;71;6;1333;15
35;104;6;4533;1
35;54;6;4411;1
35;137;6;1233;8
35;63;6;4000;6
35;155;6;95;20
35;141;6;1500;1
35;77;6;2277;4
35;172;6;4455;1
35;48;7;11000;38
35;169;6;1400;1
35;172;6;4410;3
35;32;6;2222;2
35;17;7;44777;5
35;60;7;11000;71
35;69;6;2277;2
35;3;6;1333;2
35;179;3;44;63
35;141;7;12888;4
35;69;6;4411;1
35;53;6;4000;1
35;94;6;1515;1
35;65;5;555;25
35;38;6;1123;1
35;93;6;2211;3
35;8;6;1201;1
35;140;7;15888;4
35;140;7;13456;19
35;152;3;96;8
35;96;5;555;11
35;164;6;2222;12
35;129;7;13555;1
35;103;6;2200;1
35;128;6;1213;2
35;128;7;44556;1
35;17;7;96;8
35;25;5;96;20
35;157;6;4455;2
35;113;3;96;6
35;106;6;1277;1
35;63;7;12888;42
35;160;6;2222;1
35;137;6;2222;4
35;36;6;4000;5
35;121;7;22422;10
35;58;6;96;8
35;17;6;4411;1
35;5;7;12333;2
35;5;6;5044;1
35;40;7;43640;1
35;120;5;555;4
35;179;6;5533;4
35;3;6;95;26
35;121;6;1111;2
35;18;6;95;10
35;106;7;55;1
35;153;6;10;1
35;153;6;11;1
35;153;6;15;1
35;153;6;22;1
35;121;7;95;8
35;145;6;1213;5
35;91;6;2200;2
35;87;6;1111;1
35;87;7;95;6
35;40;6;2288;1
35;61;7;23190;1
35;8;7;44333;1
35;54;7;13100;1
35;158;7;13131;1
35;140;7;95;19
35;91;7;45333;16
35;163;7;12123;7
35;32;6;1322;15
35;4;6;4433;1
35;136;6;5599;1
35;25;6;2200;1
35;41;6;4477;1
35;70;7;12300;5
35;129;7;22022;3
35;13;6;1311;1
35;22;7;13133;2
35;171;7;15888;1
35;171;7;13456;9
35;180;6;5013;11
35;145;7;12111;1
35;136;3;44;62
35;95;7;13456;2
35;3;6;2222;10
35;47;3;96;9
35;178;7;13456;2
35;178;7;15888;4
35;7;7;33789;1
35;137;6;2210;2
35;15;6;5511;5
35;73;7;22777;3
35;169;6;95;17
35;129;6;96;6
35;2;6;1333;3
35;78;6;1333;19
35;101;5;700;41
35;23;7;45555;1
35;96;6;3000;1
35;19;7;44333;2
35;107;3;13;148
35;181;7;13133;1
35;5;7;95;12
35;5;6;1111;1
35;14;6;5013;1
35;112;6;4488;13
35;7;7;12999;1
35;136;6;1333;5
35;133;7;13;3
35;133;6;13;1
35;133;6;15;1
35;133;6;23;1
35;157;6;11;2
35;157;6;15;1
35;157;7;10;1
35;157;7;11;4
35;131;6;2323;3
35;29;6;5013;3
35;163;6;1234;1
35;158;6;4455;2
35;170;7;15331;1
35;91;6;1322;10
35;127;7;15333;1
35;124;7;12888;3
35;6;7;10123;5
35;5;7;44777;6
35;166;5;96;8
35;12;6;1010;9
35;12;6;4456;1
35;122;6;4400;1
35;27;6;2211;1
35;41;6;4410;4
35;9;6;1212;1
35;129;6;1311;1
35;170;6;5001;1
35;93;5;95;11
35;101;6;5013;7
35;81;7;22022;2
35;103;7;12123;3
35;5;7;50500;3
35;106;7;11444;2
35;120;6;2201;3
35;124;6;1333;1
35;107;7;65700;3
35;6;7;12333;6
35;7;6;5533;2
35;101;6;1100;1
35;187;7;70070;1
35;7;6;4422;1
35;60;6;1321;1
35;150;6;2277;1
35;176;6;95;5
35;13;6;4477;4
35;170;7;95;18
35;168;7;23190;1
35;182;7;44888;6
35;53;7;12345;1
35;21;7;12345;2
35;31;7;13555;2
35;187;6;2222;11
35;27;6;2200;1
35;96;7;15333;1
35;108;7;95;17
35;72;5;131;100
35;57;6;1533;104
35;157;7;11100;1
35;86;7;50444;1
35;48;7;22222;4
35;4;7;40130;1
35;19;6;96;4
35;3;5;700;49
35;142;6;1111;1
35;163;3;96;8
35;19;6;1213;10
35;23;7;10123;4
35;67;7;10123;3
35;58;7;33000;4
35;2;7;50444;1
35;164;7;22022;3
35;1;7;10123;4
35;104;6;2210;3
35;53;6;5533;1
35;180;7;44111;1
35;21;6;5533;2
35;182;6;4000;4
35;19;6;5044;3
35;19;7;12333;1
35;94;6;5013;5
35;171;6;1010;15
35;58;6;1233;14
35;16;7;96;5
35;114;5;131;118
35;187;3;96;3
35;178;6;1277;1
35;132;7;55888;2
35;163;6;1212;1
35;81;7;12888;17
35;81;7;13333;1
35;173;6;2222;5
35;128;7;13555;2
35;36;7;12456;31
35;103;6;1500;1
35;57;6;95;7
35;82;6;4000;2
35;182;6;4477;1
35;142;6;1201;1
35;92;6;1322;11
35;90;6;1213;7
35;169;7;12300;4
35;95;3;12;50
35;129;6;2201;5
35;108;7;13456;4
35;108;7;15888;1
35;45;7;65700;3
35;41;6;4000;9
35;163;7;13555;7
35;169;6;2201;3
35;53;7;44774;1
35;83;7;12333;3
35;8;6;2277;3
35;160;7;11000;140
35;160;7;13111;1
35;2;6;5590;1
35;181;5;96;11
35;13;5;700;35
35;72;7;45333;1
35;142;5;700;64
35;33;6;5001;1
35;16;7;44123;1
35;35;7;70;3
35;35;6;12;1
35;35;6;13;1
35;35;6;15;5
35;35;6;16;1
35;35;6;33;1
35;35;6;35;1
35;35;6;45;1
35;123;6;11;1
35;123;6;13;2
35;123;6;15;2
35;123;6;33;1
35;123;7;12;2
35;123;7;13;14
35;123;7;15;2
35;133;7;11;1
35;3;7;55234;1
35;36;6;1010;5
35;98;6;1010;4
35;98;6;4456;1
35;49;6;5501;1
35;131;7;12888;3
35;158;7;11000;98
35;69;7;11000;75
35;60;6;2255;1
35;181;7;44556;1
35;181;6;1213;30
35;27;6;4000;6
35;100;7;44000;1
35;22;7;44543;1
35;135;7;22222;4
35;136;6;4410;2
35;103;6;1233;14
35;59;5;131;201
35;40;6;1321;2
35;105;3;44;21
35;47;7;10000;1
35;169;7;50500;1
35;155;6;4488;33
35;85;5;95;16
35;19;6;5055;1
35;73;6;1232;1
35;34;6;4412;1
35;11;5;555;17
35;28;6;1020;1
35;171;6;5511;4
35;147;5;131;225
35;154;3;96;3
35;163;7;12345;1
35;50;7;12888;3
35;50;7;13333;5
35;180;7;12888;18
35;68;7;55;2
35;68;7;13;19
35;68;7;15;1
35;68;7;44;1
35;68;6;11;1
35;68;6;12;2
35;68;6;13;4
35;68;6;15;1
35;68;6;23;1
35;68;6;44;2
35;108;7;11100;1
35;38;6;1533;89
35;54;6;2222;14
35;80;7;11111;1
35;2;6;2277;2
35;26;7;23999;2
35;111;3;44;39
35;135;6;1100;2
35;158;6;1234;1
35;158;6;4411;1
35;6;7;44123;1
35;181;7;13555;5
35;64;7;22022;1
35;87;6;1333;2
35;124;7;12123;3
35;131;5;555;11
35;23;6;1111;4
35;67;7;95;7
35;64;7;11000;29
35;107;7;13777;1
35;68;7;55111;2
35;11;7;13456;2
35;11;7;15888;2
35;2;7;13456;8
35;48;7;95;3
35;158;5;96;23
35;95;7;10000;1
35;19;7;65700;4
35;60;7;13456;20
35;2;5;96;25
35;78;5;96;15
35;30;7;13456;5
35;27;7;12456;19
35;93;7;45333;1
35;108;5;96;22
35;135;7;44888;4
35;145;7;50000;2
35;57;7;95;11
35;19;6;4000;4
35;53;7;44888;8
35;21;7;44888;6
35;187;6;1233;10
35;38;7;96;16
35;2;6;2201;5
35;17;6;4000;1
35;65;6;95;6
35;6;6;4422;1
35;20;5;96;24
35;13;7;44888;6
35;29;6;1122;1
35;93;7;12300;2
35;49;7;22555;1
35;20;6;2201;3
35;164;7;11111;1
35;85;7;44777;1
35;7;6;1010;8
35;21;6;1201;2
35;48;5;555;15
35;52;6;1213;3
35;97;6;4477;1
35;8;7;96;6
35;100;6;1251;1
35;182;7;13789;1
35;74;6;4400;1
35;157;3;44;27
35;181;7;19000;1
35;177;6;5599;1
35;155;5;700;26
35;40;7;10000;1
35;20;7;70007;1
35;144;7;11000;82
35;52;3;44;49
35;91;6;3300;1
35;66;5;700;7
35;112;7;44777;2
35;163;6;4488;30
35;63;3;12;10
35;173;3;13;198
35;31;7;44700;2
35;120;6;2222;5
35;18;6;4533;1
35;121;6;5533;6
35;81;6;1533;112
35;39;7;13456;1
35;39;7;15888;1
35;164;6;5511;2
35;67;5;700;10
35;23;5;700;42
35;113;7;65700;1
35;20;6;4422;1
35;146;6;4490;1
35;6;7;15333;1
35;170;7;12888;14
35;129;5;95;12
35;11;6;2210;5
35;2;6;2210;3
35;129;6;2200;3
35;85;5;96;20
35;117;7;50444;1
35;116;7;43333;1
35;136;7;45000;1
35;136;6;95;8
35;103;3;12;27
35;104;6;1322;1
35;89;5;95;12
35;178;5;96;6
35;127;6;4488;14
35;16;5;700;64
35;47;5;700;28
35;86;7;96;4
35;35;6;2222;4
35;49;6;1010;1
35;87;5;131;135
35;19;7;13131;1
35;12;6;1111;2
35;12;7;95;20
35;14;6;1314;1
35;154;6;5013;6
35;20;6;4567;1
35;106;3;13;187
35;123;6;1100;2
35;125;6;1245;1
35;125;7;22422;3
35;145;7;12888;46
35;145;7;13333;1
35;123;6;95;11
35;57;6;4000;3
35;132;6;1533;87
35;42;6;2201;1
35;15;7;13555;1
35;170;6;1292;1
35;127;7;11999;1
35;36;6;1292;1
35;8;3;96;7
35;73;5;555;2
35;131;7;22422;4
35;131;6;1245;1
35;103;7;15;1
35;58;6;1201;1
35;146;6;1531;1
35;5;6;1010;8
35;11;6;2288;1
35;16;6;2222;10
35;15;6;2222;4
35;103;7;40;1
35;103;7;55;1
35;103;7;70;1
35;103;6;12;2
35;103;6;13;2
35;61;7;10;2
35;61;7;11;1
35;61;7;12;1
35;61;7;13;11
35;61;7;15;2
35;61;7;18;1
35;51;6;4455;6
35;135;6;2201;1
35;181;7;96;4
35;103;6;5511;5
35;58;6;2211;2
35;65;7;55555;1
35;173;5;700;24
35;155;3;12;30
35;6;6;2255;2
35;70;6;1133;2
35;171;6;2210;7
35;27;7;44777;4
35;71;6;1123;1
35;73;7;12888;4
35;47;7;13555;3
35;169;6;1500;1
35;153;5;131;68
35;57;6;1313;3
35;93;6;96;4
35;146;6;4000;14
35;51;7;45333;1
35;104;5;131;144
35;7;7;22;1
35;7;7;44;1
35;7;7;50;1
35;7;7;55;1
35;7;7;70;1
35;86;7;14;1
35;86;7;15;2
35;86;7;44;1
35;86;7;55;1
35;86;7;70;2
35;86;6;10;1
35;86;6;11;1
35;86;6;12;1
35;86;6;13;5
35;86;6;55;1
35;163;6;1533;70
35;10;7;55123;1
35;29;6;2222;1
35;178;6;2277;2
35;165;7;22222;1
35;148;6;1234;1
35;158;6;4490;3
35;17;6;6565;1
35;128;7;12000;1
35;145;5;96;17
35;71;6;5511;2
35;153;6;2211;5
35;107;6;1533;106
35;30;3;95;13
35;83;3;95;4
35;125;7;44888;15
35;83;7;96;9
35;22;6;1533;105
35;53;5;131;191
35;21;5;131;165
35;41;7;65700;6
35;29;7;22555;1
35;129;6;3000;1
35;34;5;131;140
35;78;7;12456;33
35;6;6;1292;2
35;87;7;13456;5
35;66;6;96;4
35;26;3;96;10
35;136;5;96;19
35;70;7;65700;7
35;39;7;10000;1
35;40;7;44888;1
35;124;3;12;32
35;36;6;2288;1
35;12;5;555;11
35;7;3;12;20
35;95;5;95;11
35;128;7;96;4
35;115;7;65700;5
35;27;7;22022;3
35;61;5;555;10
35;26;6;1533;88
35;4;7;12456;46
35;4;7;15123;1
35;101;7;15331;1
35;98;7;13456;17
35;13;7;22022;1
35;127;7;12123;20
35;168;6;4488;16
35;81;6;5511;8
35;187;7;44321;1
35;155;7;15000;1
35;178;6;5533;3
35;155;3;44;52
35;142;6;1010;4
35;91;6;2255;2
35;45;6;2222;4
35;178;6;2222;5
35;39;6;1313;1
35;104;6;2211;5
35;123;7;95;11
35;169;7;96;11
35;19;7;12123;3
35;72;6;1533;60
35;40;7;22777;5
35;60;6;1010;17
35;58;7;11000;80
35;173;6;1333;3
35;21;7;11111;1
35;126;5;96;39
35;129;5;555;9
35;9;5;96;25
35;25;6;5599;1
35;59;7;13133;2
35;6;5;131;168
35;27;7;10000;1
35;172;6;2210;7
35;106;7;12888;10
35;106;7;13333;1
35;57;7;12333;3
35;108;6;1313;2
35;163;6;2222;9
35;169;7;22022;5
35;135;7;45333;12
35;12;7;33700;2
35;8;7;95;15
35;42;7;30000;2
35;2;7;44888;5
35;48;6;2277;9
35;78;7;44888;4
35;37;7;44777;4
35;10;7;44333;1
35;116;6;5511;3
35;144;7;12123;3
35;116;6;1111;14
35;116;7;95;19
35;172;6;2200;1
35;107;6;2200;1
35;54;6;1122;1
35;116;6;1213;4
35;101;6;2222;9
35;132;6;4488;26
35;157;6;2222;4
35;57;7;11999;1
35;129;6;4000;9
35;58;7;12456;34
35;31;7;12444;1
35;128;3;12;29
35;70;7;13555;4
35;168;7;12456;61
35;41;7;44447;1
35;41;7;12888;1
35;164;7;95;16
35;49;6;4410;1
35;41;7;13456;5
35;106;6;1213;20
35;177;7;13133;2
35;65;7;50500;1
35;37;6;1234;4
35;101;7;96;2
35;82;6;2222;1
35;72;6;4422;1
35;158;6;5533;4
35;13;7;10000;1
35;127;6;96;7
35;99;6;1112;1
35;128;5;131;237
35;187;7;12123;2
35;113;6;2222;3
35;86;7;55888;1
35;181;7;22222;3
35;56;3;96;7
35;92;5;700;9
35;126;7;22422;6
35;80;6;4477;2
35;128;6;1333;9
35;35;6;1322;1
35;140;6;4000;2
35;29;3;96;16
35;125;3;13;192
35;140;6;4477;1
35;12;3;44;88
35;107;6;2210;1
35;182;6;96;10
35;93;6;1245;3
35;32;6;2255;1
35;182;7;65013;2
35;68;6;5533;1
35;147;7;50013;1
35;40;6;1233;8
35;155;6;4410;1
35;100;6;1333;1
35;7;6;1221;1
35;109;7;44888;4
35;106;7;11000;100
35;26;6;2222;6
35;105;6;4410;15
35;158;5;700;25
35;123;6;4488;4
35;69;6;4488;34
35;146;5;96;26
35;57;7;13456;1
35;35;7;11000;95
35;20;7;12333;2
35;129;7;10000;2
35;7;6;4490;4
35;30;6;2201;1
35;28;7;10123;2
35;25;7;10123;2
35;103;7;22999;1
35;12;6;4410;2
35;170;7;44888;3
35;116;6;4488;11
35;120;6;1010;12
35;69;7;23192;1
35;5;7;33000;1
35;122;6;4000;9
35;177;6;4455;2
35;29;6;1533;77
35;16;7;44888;11
35;69;6;95;13
35;144;7;12345;1
35;164;6;2277;3
35;12;7;40888;2
35;10;7;12456;23
35;6;6;4488;17
35;122;6;1010;14
35;22;3;12;16
35;170;5;96;23
35;181;3;13;194
35;25;7;11100;1
35;28;6;1333;2
35;80;7;96;4
35;5;7;70007;2
35;47;7;22222;3
35;90;5;96;25
35;117;7;22022;1
35;87;6;1010;5
35;87;6;4456;1
35;1;6;95;15
35;1;7;45000;1
35;113;7;12888;35
35;57;7;11000;88
35;110;5;555;15
35;63;5;131;117
35;129;7;96;5
35;179;6;1213;22
35;89;3;12;20
35;8;7;22777;3
35;142;6;1213;2
35;81;6;96;5
35;131;3;12;39
35;179;7;44000;1
35;181;6;4488;36
35;179;3;12;13
35;136;6;2222;2
35;144;7;12456;34
35;33;6;2277;3
35;8;7;44123;1
35;42;7;13456;3
35;64;7;45300;3
35;7;5;131;164
35;5;6;96;10
35;147;3;44;48
35;177;6;1313;2
35;68;3;95;9
35;16;6;2200;2
35;131;7;22777;4
35;82;6;1313;4
35;34;7;44;1
35;42;7;12;3
35;42;7;13;9
35;42;7;15;1
35;42;7;18;1
35;42;7;44;1
35;42;7;70;1
35;42;6;13;1
35;21;6;11;1
35;21;6;12;4
35;21;6;13;1
35;21;6;15;7
35;21;6;22;1
35;81;5;96;18
35;38;7;15888;1
35;109;7;55555;1
35;130;6;1533;88
35;106;6;1234;1
35;20;7;10123;2
35;120;6;1515;1
35;85;7;13555;3
35;158;3;13;196
35;99;3;12;43
35;32;7;12300;4
35;117;7;13789;1
35;8;6;5599;1
35;12;7;44888;4
35;63;6;1322;1
35;58;6;2233;1
35;121;6;2201;1
35;45;7;95;22
35;80;7;13555;1
35;55;3;96;6
35;64;7;13555;7
35;187;7;50013;1
35;169;7;22222;3
35;103;7;44777;6
35;77;6;1213;6
35;125;7;95;16
35;108;6;2200;1
35;89;6;2277;4
35;11;6;2020;1
35;39;7;11000;74
35;140;6;1322;15
35;33;6;2201;1
35;6;6;1233;7
35;3;7;10123;2
35;15;7;12123;1
35;18;3;44;83
35;123;6;5511;1
35;61;5;96;34
35;148;3;96;4
35;99;7;44888;1
35;165;5;96;24
35;126;3;12;21
35;95;7;11;2
35;95;7;12;3
35;129;6;12;1
35;129;6;15;1
35;82;6;12;1
35;82;6;13;2
35;82;6;15;2
35;82;7;13;7
35;82;7;15;2
35;144;6;10;1
35;144;6;12;2
35;54;6;4490;1
35;41;6;1233;13
35;84;5;555;15
35;64;7;22222;2
35;122;7;23192;4
35;31;3;12;32
35;70;6;5001;2
35;106;6;5013;2
35;180;7;12456;23
35;109;7;22777;5
35;15;7;22556;1
35;5;6;4455;2
35;31;5;555;16
35;141;7;10123;9
35;27;7;11000;72
35;137;7;11111;1
35;101;7;11000;27
35;30;7;15111;1
35;68;7;13777;1
35;16;6;4456;1
35;16;6;1010;8
35;80;6;2288;1
35;3;7;70000;1
35;42;6;1313;1
35;7;5;95;19
35;29;7;70070;1
35;152;7;12456;71
35;154;7;96;2
35;38;6;2222;5
35;97;3;12;12
35;157;6;96;8
35;70;7;44190;3
35;113;3;12;28
35;56;3;12;27
35;29;7;96;7
35;171;6;96;7
35;8;6;4490;3
35;181;7;44888;10
35;9;6;3000;1
35;74;6;1251;1
35;110;7;40888;2
35;35;3;95;6
35;33;6;5511;3
35;64;6;4003;1
35;1;6;1515;2
35;107;6;1213;4
35;83;6;1500;1
35;4;7;12333;4
35;4;6;5044;3
35;137;6;1500;1
35;56;5;555;19
35;92;7;13555;4
35;86;7;13555;5
35;166;6;5500;1
35;148;7;11111;1
35;179;7;15888;3
35;144;7;65700;3
35;18;7;44234;1
35;91;6;5013;9
35;16;7;23192;2
35;70;7;96;9
35;101;6;2211;4
35;81;6;4490;3
35;169;6;2277;2
35;56;6;1322;2
35;165;7;13555;10
35;57;7;33033;1
35;122;6;4455;6
35;129;6;1533;103
35;58;6;7000;1
35;33;7;22;1
35;33;7;44;1
35;33;7;45;1
35;33;7;70;1
35;187;6;15;1
35;187;6;50;1
35;187;7;13;1
35;187;7;15;1
35;140;6;2255;2
35;70;6;5013;3
35;132;3;13;157
35;146;6;1232;1
35;180;6;95;20
35;141;6;4488;84
35;120;7;44777;8
35;55;6;5555;1
35;165;6;95;11
35;165;7;45000;1
35;1;7;33000;1
35;57;7;13;11
35;124;6;13;1
35;57;7;11;4
35;57;7;12;3
35;57;7;15;3
35;57;7;22;1
35;57;7;44;1
35;57;7;55;3
35;57;7;65;1
35;57;7;70;1
35;4;6;2200;1
35;73;6;95;7
35;20;6;1010;7
35;20;6;4456;1
35;6;7;11999;3
35;61;7;44777;4
35;96;7;96;13
35;12;6;4433;1
35;10;6;4455;1
35;69;6;2222;1
35;176;3;96;3
35;74;7;12300;10
35;61;6;1221;1
35;48;3;12;18
35;98;6;96;3
35;15;6;1100;2
35;103;6;4455;5
35;114;6;2211;2
35;10;7;12123;2
35;97;7;12888;3
35;16;6;22;1
35;16;7;10;1
35;16;7;12;1
35;16;7;13;13
35;16;7;15;4
35;16;7;22;2
35;63;7;22777;1
35;69;3;12;7
35;16;7;44;1
35;16;7;45;1
35;16;7;55;1
35;16;7;70;2
35;121;6;11;2
35;121;6;12;2
35;121;6;13;4
35;121;6;15;4
35;121;7;10;1
35;121;7;11;3
35;121;7;12;2
35;121;7;13;17
35;121;7;15;3
35;121;7;22;1
35;121;7;45;2
35;121;7;55;1
35;121;7;70;1
35;99;6;4477;2
35;157;7;96;9
35;144;6;2211;8
35;32;6;4488;13
35;9;6;4533;1
35;120;6;1333;1
35;94;7;12888;16
35;94;7;13333;1
35;57;6;2244;1
35;120;7;65700;7
35;10;7;44777;2
35;51;6;5511;3
35;10;6;2233;1
35;160;6;1234;1
35;160;6;9000;1
35;124;6;1010;4
35;124;6;4456;1
35;158;6;1292;1
35;17;6;4555;1
35;105;6;1233;25
35;181;3;95;9
35;178;7;12888;3
35;88;3;16;1
35;124;7;22222;2
35;173;6;2210;1
35;30;7;15000;1
35;172;6;4447;1
35;40;6;7040;1
35;35;6;1111;1
35;35;7;12456;29
35;11;5;700;32
35;22;6;1333;1
35;142;6;95;7
35;125;7;13555;9
35;181;6;4410;1
35;129;3;13;147
35;56;6;5013;3
35;9;6;2201;1
35;122;7;15331;1
35;142;5;95;11
35;173;6;1213;7
35;116;5;555;16
35;98;7;44888;3
35;163;6;4455;6
35;81;7;44888;2
35;69;7;65700;1
35;20;6;1515;2
35;17;7;12123;2
35;84;7;12456;38
35;89;6;7000;1
35;95;7;12300;18
35;173;6;4444;9
35;1;6;1213;13
35;176;3;95;3
35;89;7;65700;7
35;160;6;4455;1
35;49;7;10333;1
35;150;7;10123;1
35;64;6;4000;9
35;18;7;50444;1
35;137;3;12;16
35;51;7;11999;1
35;128;7;12456;55
35;27;7;10123;3
35;15;7;22022;1
35;3;7;12456;31
35;3;7;15123;1
35;112;5;96;12
35;17;7;11999;2
35;126;6;1245;1
35;137;7;65700;1
35;109;7;12456;52
35;82;3;12;16
35;41;6;7040;1
35;17;7;65700;12
35;177;7;13555;6
35;176;5;131;76
35;126;7;44888;2
35;110;7;44888;2
35;32;6;95;6
35;28;5;96;27
35;157;5;131;149
35;93;6;5511;1
35;144;6;3300;2
35;150;6;5013;1
35;59;6;2210;2
35;101;6;1214;1
35;80;7;10123;2
35;56;6;1010;6
35;20;3;95;6
35;95;7;12456;68
35;11;6;1233;10
35;153;3;95;4
35;107;3;96;6
35;90;7;13456;1
35;177;6;96;7
35;177;6;1588;1
35;104;7;10123;1
35;71;7;12345;1
35;34;5;96;12
35;13;6;4490;1
35;77;5;555;3
35;164;7;44000;1
35;110;6;1233;28
35;176;7;45333;1
35;71;7;22777;11
35;30;7;13;12
35;30;7;16;1
35;30;7;55;2
35;30;7;65;1
35;30;7;70;1
35;30;6;12;5
35;30;6;13;2
35;30;6;22;1
35;13;6;13;1
35;13;6;22;1
35;41;6;1213;9
35;177;7;65700;1
35;54;5;700;42
35;4;6;4488;14
35;154;7;65700;3
35;63;6;5013;5
35;171;6;1233;10
35;4;6;1233;28
35;86;6;1333;1
35;25;6;4455;2
35;28;6;4455;1
35;170;7;22022;2
35;71;3;96;7
35;18;6;5511;7
35;47;6;4455;7
35;12;6;4490;1
35;87;6;4000;26
35;136;6;5013;7
35;74;6;96;10
35;160;7;12111;1
35;77;6;4488;38
35;100;7;44111;1
35;148;7;22;1
35;148;7;13;4
35;148;7;14;1
35;148;7;15;1
35;148;7;44;2
35;148;7;70;2
35;22;7;10;1
35;22;7;11;5
35;20;3;96;14
35;33;5;555;5
35;58;7;12888;13
35;3;6;1201;3
35;74;7;13456;4
35;33;6;5555;2
35;60;7;12300;6
35;163;6;5013;7
35;34;6;2288;1
35;55;6;2222;18
35;32;5;131;156
35;166;6;4455;4
35;95;6;2222;3
35;169;6;1322;8
35;108;6;1322;6
35;135;3;13;206
35;81;7;13555;4
35;13;6;1212;1
35;155;7;12300;14
35;155;7;45413;2
35;4;7;12300;6
35;105;6;95;27
35;172;6;1313;2
35;70;7;10000;2
35;95;6;1213;1
35;166;7;13456;22
35;15;3;44;48
35;97;7;65013;1
35;68;7;44888;1
35;20;6;1212;1
35;136;3;21;1
35;18;5;700;59
35;1;7;65234;1
35;14;6;5044;2
35;179;7;10123;3
35;25;7;15120;1
35;160;7;22111;2
35;81;7;11999;1
35;135;7;33000;3
35;124;6;95;9
35;171;7;65700;8
35;14;7;11100;1
35;6;6;2211;7
35;181;7;55011;1
35;3;7;44444;1
35;89;7;11;4
35;89;7;12;2
35;89;7;13;16
35;89;7;15;2
35;89;7;19;1
35;5;6;11;1
35;5;6;12;4
35;5;6;13;2
35;5;6;44;1
35;5;7;11;1
35;5;7;12;2
35;5;7;13;10
35;5;7;22;1
35;5;7;45;1
35;5;7;70;1
35;64;7;12;6
35;64;7;13;12
35;64;7;15;3
35;64;7;18;1
35;64;7;22;2
35;64;7;70;2
35;64;6;11;1
35;64;6;12;4
35;111;7;50500;1
35;57;6;5511;3
35;49;7;13456;3
35;146;7;44777;3
35;142;7;13555;1
35;36;6;1588;1
35;36;6;96;7
35;116;6;95;19
35;6;7;22022;1
35;88;6;2033;1
35;2;7;95;11
35;78;7;95;16
35;187;7;22222;1
35;92;5;96;21
35;15;6;1213;12
35;18;7;12123;2
35;136;3;13;179
35;18;6;1533;104
35;4;6;5055;5
35;34;3;13;132
35;154;6;2288;4
35;26;6;1233;23
35;42;6;1333;5
35;36;3;95;7
35;11;6;2211;1
35;2;6;2211;2
35;23;7;44888;7
35;67;7;44888;1
35;99;6;1111;1
35;99;7;12400;1
35;99;7;95;3
35;68;7;13555;4
35;144;6;1531;1
35;28;7;45111;1
35;177;6;4000;1
35;53;7;12123;1
35;21;7;12123;5
35;95;6;1010;1
35;166;6;4410;1
35;131;7;45333;4
35;45;7;22422;1
35;27;7;44888;4
35;103;3;13;145
35;17;3;95;6
35;86;6;1245;1
35;86;7;22422;2
35;42;7;11;2
35;34;7;12;1
35;34;7;13;8
35;112;6;4455;4
35;122;6;2277;1
35;106;7;12300;8
35;29;7;12222;1
35;20;6;2255;1
35;60;3;13;198
35;177;6;5044;2
35;49;7;22422;2
35;45;7;44123;1
35;23;6;5533;6
35;129;6;1213;16
35;126;6;1322;9
35;15;7;12111;1
35;148;6;1010;13
35;130;7;22222;2
35;25;6;4490;1
35;16;7;12300;3
35;88;7;44888;7
35;148;3;95;6
35;135;6;95;34
35;59;6;1299;3
35;170;6;96;12
35;107;6;5533;1
35;153;7;12333;5
35;57;7;96;11
35;56;6;1515;1
35;18;6;3660;1
35;22;6;2211;1
35;82;6;96;6
35;103;6;4000;6
35;70;3;12;14
35;41;7;22422;4
35;41;6;1245;1
35;18;7;12111;3
35;17;6;1233;19
35;94;6;96;15
35;121;7;22022;2
35;42;5;700;41
35;88;7;11000;123
35;90;3;96;14
35;2;6;1233;17
35;2;7;11999;3
35;27;6;5001;1
35;31;6;5013;2
35;95;6;4456;1
35;101;7;22556;2
35;53;7;50500;1
35;53;6;2227;1
35;21;7;50500;3
35;154;6;1533;75
35;3;6;1100;4
35;55;6;2200;2
35;97;6;1201;1
35;85;6;2288;5
35;99;7;12300;1
35;64;6;5013;7
35;45;7;44777;1
35;42;6;1331;1
35;103;6;95;21
35;73;7;44777;3
35;38;6;2277;5
35;22;5;95;9
35;53;6;2201;1
35;163;7;70007;1
35;61;3;12;13
35;89;6;2299;1
35;84;6;4410;3
35;98;7;12888;8
35;69;6;4000;2
35;61;7;12000;1
35;5;3;96;14
35;81;7;12300;9
35;60;7;12456;40
35;18;7;12444;1
35;18;7;45333;2
35;59;6;5050;1
35;51;5;95;6
35;177;7;12888;6
35;90;6;2222;3
35;97;7;12456;69
35;22;7;10122;1
35;99;6;1010;4
35;160;6;1233;45
35;3;6;2210;4
35;155;7;13555;3
35;19;7;15333;1
35;4;6;1213;12
35;172;5;131;172
35;152;6;1533;18
35;68;7;65700;3
35;130;6;5013;8
35;29;5;96;34
35;25;6;1456;1
35;2;7;55555;2
35;8;5;96;19
35;81;6;1292;1
35;80;6;1221;1
35;130;6;1321;1
35;51;6;4488;3
35;165;6;5533;12
35;158;7;13456;13
35;53;6;96;10
35;21;6;96;10
35;39;3;12;16
35;33;6;1531;1
35;66;7;13555;2
35;52;7;11000;60
35;28;7;55234;1
35;14;3;12;10
35;84;6;1533;92
35;32;7;11;3
35;32;7;12;1
35;32;7;13;10
35;32;7;15;4
35;32;7;22;1
35;32;7;55;2
35;32;6;11;1
35;32;6;13;2
35;170;7;11;1
35;170;7;12;1
35;170;7;13;9
35;170;7;44;2
35;170;7;45;1
35;170;7;70;1
35;170;6;10;1
35;170;6;12;2
35;170;6;13;2
35;170;6;15;1
35;170;6;22;1
35;29;7;12300;11
35;29;7;45413;2
35;170;6;33;1
35;170;6;44;1
35;12;6;12;1
35;12;6;13;3
35;92;7;12123;2
35;169;6;2255;1
35;96;6;1331;1
35;89;6;7040;1
35;35;6;1233;12
35;125;5;131;198
35;29;7;10122;1
35;73;5;700;34
35;74;7;15007;1
35;135;6;1221;2
35;61;7;12300;8
35;2;3;44;87
35;78;3;44;36
35;107;7;55555;1
35;25;7;96;7
35;173;7;45333;6
35;30;6;1010;12
35;179;6;1533;94
35;53;6;5044;1
35;25;6;2222;9
35;28;6;2222;2
35;15;7;22422;15
35;140;7;45333;1
35;124;7;13456;5
35;110;6;4455;1
35;145;7;11999;3
35;127;6;1213;6
35;8;6;1212;2
35;66;7;11999;1
35;61;7;22777;5
35;49;7;95;3
35;178;7;65700;3
35;114;6;1213;2
35;94;7;95;15
35;146;7;12300;9
35;133;7;44123;1
35;113;5;131;111
35;97;6;1322;2
35;3;6;1234;1
35;172;6;1333;2
35;146;7;15331;1
35;12;5;700;49
35;84;6;5533;2
35;11;7;44888;7
35;8;3;44;83
35;177;6;5013;5
35;52;5;555;13
35;125;6;1213;1
35;51;6;1213;4
35;14;6;1515;1
35;181;5;131;221
35;88;7;12333;3
35;57;6;1322;1
35;96;5;131;217
35;160;3;44;23
35;23;6;1213;18
35;67;6;1213;1
35;3;6;5050;1
35;5;7;12555;1
35;155;6;4000;17
35;157;7;13555;2
35;26;6;1100;1
35;133;6;96;3
35;130;6;96;2
35;66;6;1285;1
35;48;7;12456;37
35;158;7;96;9
35;71;6;95;6
35;57;3;96;20
35;170;6;2222;5
35;136;6;1010;2
35;136;6;4456;1
35;110;7;44556;1
35;110;6;1213;17
35;104;6;4455;7
35;106;6;4488;16
35;61;3;95;1
35;45;6;5533;1
35;6;7;13100;2
35;120;7;44123;2
35;179;6;1313;2
35;19;7;22120;1
35;132;6;2222;4
35;9;6;2323;1
35;169;7;44234;1
35;103;7;44190;1
35;9;6;95;13
35;106;7;13789;1
35;106;6;1201;1
35;68;6;5555;1
35;6;6;1221;1
35;124;3;44;27
35;144;7;55333;1
35;82;7;44777;4
35;173;6;2299;3
35;27;7;22777;3
35;36;6;1533;88
35;172;6;5555;1
35;23;6;2201;3
35;9;6;1000;1
35;128;7;22422;1
35;128;6;1245;1
35;84;7;65700;2
35;54;6;5555;1
35;41;6;4488;31
35;11;7;55888;1
35;176;6;1322;2
35;45;6;13;3
35;45;7;44;2
35;45;7;45;1
35;45;7;70;1
35;45;6;44;1
35;132;6;11;1
35;132;6;12;3
35;132;6;13;2
35;80;7;14100;1
35;89;6;2222;4
35;153;3;96;3
35;132;6;15;1
35;132;6;30;1
35;132;7;11;2
35;132;7;12;6
35;132;7;13;9
35;132;7;15;1
35;132;7;45;2
35;132;7;55;1
35;180;6;4455;1
35;70;6;1322;6
35;41;6;6565;1
35;50;7;11000;35
35;23;7;12123;1
35;67;7;12123;1
35;69;6;1213;2
35;126;3;95;13
35;69;7;22777;2
35;160;5;131;247
35;120;6;6565;2
35;137;5;131;156
35;56;3;13;109
35;127;3;96;11
35;97;7;13456;2
35;168;7;40101;1
35;23;7;10000;2
35;70;7;15333;1
35;3;7;13456;5
35;3;7;15888;2
35;16;6;96;6
35;109;7;45234;1
35;5;7;55011;1
35;90;7;12456;14
35;87;7;12300;28
35;97;3;95;10
35;17;6;1292;4
35;122;7;22111;1
35;16;6;6565;1
35;169;7;12333;5
35;173;7;50013;1
35;14;7;45333;3
35;169;7;11999;2
35;30;6;2222;3
35;144;7;44777;1
35;66;6;4444;2
35;181;6;2200;3
35;115;6;1533;62
35;103;6;5111;1
35;74;6;1531;1
35;107;6;1100;1
35;1;5;96;26
35;23;6;95;11
35;67;6;95;6
35;122;6;2201;1
35;145;6;2201;2
35;1;7;70070;1
35;61;7;12456;53
35;135;7;12000;1
35;50;6;5013;4
35;95;7;22777;2
35;26;6;5511;2
35;39;6;1010;3
35;45;6;1333;1
35;15;7;22777;1
35;57;6;5013;2
35;112;6;5013;1
35;157;6;1232;1
35;113;6;1515;1
35;136;7;44888;1
35;120;7;22777;2
35;108;7;12300;18
35;70;6;2210;4
35;38;7;22022;1
35;123;5;95;10
35;129;7;44888;7
35;13;7;12345;1
35;171;6;1213;13
35;101;7;22022;1
35;52;5;700;30
35;122;6;96;5
35;16;7;33193;1
35;55;6;1233;7
35;77;3;12;11
35;21;7;13456;3
35;73;6;4490;1
35;131;6;5013;3
35;101;7;12888;51
35;101;7;13333;3
35;45;6;1221;1
35;169;6;2211;1
35;120;7;12888;11
35;117;5;555;9
35;38;5;131;127
35;39;6;1321;1
35;169;6;15;1
35;166;3;96;6
35;169;6;44;1
35;169;7;12;3
35;169;7;13;9
35;55;6;4488;21
35;67;6;2222;2
35;94;6;1111;3
35;80;5;96;12
35;171;5;131;155
35;36;6;5533;4
35;179;7;70000;1
35;36;6;95;8
35;132;7;12300;9
35;120;6;5013;3
35;155;6;1533;95
35;140;5;95;21
35;136;6;1322;5
35;131;7;10;1
35;87;5;96;14
35;35;7;45333;3
35;6;7;12345;1
35;29;6;1221;6
35;144;6;4488;31
35;51;7;22777;7
35;164;6;1322;9
35;157;7;12111;2
35;182;5;131;174
35;127;7;70123;1
35;158;6;1221;3
35;78;6;2222;8
35;48;3;96;10
35;49;6;1533;54
35;28;7;11999;3
35;89;7;22777;4
35;89;7;44777;10
35;38;5;700;32
35;179;5;131;167
35;2;7;12300;6
35;10;6;1513;1
35;133;7;22222;1
35;133;7;44190;3
35;66;7;10123;1
35;160;7;10123;2
35;58;6;4000;4
35;6;7;15151;1
35;140;6;2210;1
35;67;3;12;14
35;23;3;12;22
35;17;5;131;188
35;112;6;2277;1
35;15;7;12333;1
35;68;3;12;24
35;106;7;22222;2
35;146;6;1123;1
35;27;6;1533;94
35;132;7;12888;64
35;132;7;13333;3
35;51;3;21;1
35;136;7;65700;3
35;130;7;15333;1
35;58;7;11100;1
35;187;7;55678;1
35;154;7;13555;5
35;135;6;2299;2
35;108;7;23192;1
35;169;7;23192;4
35;103;5;555;11
35;126;7;13789;2
35;51;7;96;6
35;154;6;1333;2
35;169;6;1201;1
35;69;7;45333;1
35;131;7;11999;5
35;127;5;95;9
35;117;7;22222;1
35;164;6;5013;1
35;88;5;95;13
35;113;3;95;5
35;122;6;5533;12
35;5;6;1016;1
35;158;7;22422;8
35;129;6;7007;2
35;135;6;2200;2
35;173;7;33000;4
35;64;7;12456;39
35;27;6;1000;1
35;170;6;4490;2
35;9;6;4433;1
35;82;6;1277;1
35;10;5;95;11
35;90;5;95;11
35;13;6;5055;1
35;153;7;44441;2
35;10;6;2255;1
35;32;7;95;8
35;81;7;12345;1
35;81;7;65013;3
35;170;7;65100;1
35;72;6;2022;1
35;99;3;95;3
35;18;6;4512;1
35;103;7;45000;2
35;47;7;50500;2
35;19;7;12111;1
35;64;7;13456;1
35;10;7;44000;1
35;158;6;4456;1
35;28;6;1313;1
35;14;6;2069;1
35;72;5;96;22
35;112;7;12888;14
35;112;7;13333;2
35;11;6;2222;6
35;158;6;1313;2
35;90;7;22422;2
35;173;6;2288;2
35;63;7;22222;1
35;4;7;22556;1
35;169;3;12;26
35;3;6;4410;1
35;172;6;2277;3
35;41;7;23190;1
35;146;3;44;30
35;21;6;1000;1
35;20;6;2211;1
35;108;7;10123;2
35;31;6;1313;1
35;14;6;1221;1
35;56;6;5511;3
35;4;6;2210;3
35;82;6;95;10
35;28;6;1212;2
35;74;7;22556;1
35;17;3;12;36
35;122;7;13456;4
35;146;7;22022;1
35;42;7;13789;1
35;99;6;4000;2
35;88;6;2255;1
35;22;6;2277;1
35;148;6;2277;3
35;22;7;22120;1
35;88;7;13456;15
35;96;3;12;18
35;3;6;1533;77
35;2;7;11113;1
35;93;6;1313;1
35;14;7;23192;1
35;54;7;96;8
35;116;7;45111;1
35;65;7;10000;1
35;158;3;96;15
35;4;6;4444;1
35;113;7;22022;1
35;22;6;1233;14
35;66;3;44;20
35;147;7;12123;3
35;99;6;95;5
35;144;6;1100;1
35;131;3;13;166
35;168;6;5567;1
35;31;5;700;16
35;63;7;96;3
35;71;7;11999;1
35;15;6;1000;1
35;12;3;13;134
35;25;7;12888;16
35;28;7;12888;9
35;121;5;555;10
35;30;6;96;4
35;164;7;11999;4
35;40;7;65013;1
35;25;7;45413;1
35;28;7;12300;11
35;28;7;45413;3
35;25;7;12300;3
35;146;6;1533;183
35;94;6;1233;10
35;74;3;96;15
35;11;6;1515;2
35;2;6;1515;1
35;12;6;1213;19
35;81;7;23192;1
35;45;6;4488;34
35;21;6;1212;1
35;111;6;2222;4
35;181;5;95;12
35;13;6;4455;5
35;107;7;11000;84
35;15;7;65234;1
35;82;6;5555;1
35;148;6;4410;1
35;123;6;1111;1
35;150;7;22777;1
35;53;7;10000;1
35;21;7;10000;1
35;42;6;5013;3
35;80;6;1533;115
35;74;7;11999;3
35;108;7;12888;10
35;39;3;96;19
35;91;6;1111;1
35;91;7;95;2
35;101;7;11999;1
35;4;7;44777;2
35;95;3;95;8
35;53;5;95;21
35;133;7;44700;2
35;16;5;555;18
35;116;7;70000;4
35;30;6;1533;101
35;36;6;1111;1
35;121;6;1515;1
35;36;7;95;9
35;114;6;2277;3
35;154;7;12888;63
35;154;7;13333;1
35;3;7;11999;3
35;117;5;131;126
35;65;6;2211;2
35;72;6;2210;4
35;72;6;5599;1
35;12;5;96;21
35;78;6;4488;4
35;1;7;12300;5
35;95;7;12888;4
35;16;7;45333;10
35;25;6;3300;1
35;112;7;70007;1
35;93;3;96;12
35;48;6;5013;4
35;57;3;12;17
35;12;7;13555;3
35;72;7;10123;7
35;26;6;1234;1
35;115;7;11000;66
35;125;7;12456;29
35;77;6;2222;3
35;53;5;96;38
35;21;5;96;28
35;110;7;11999;1
35;83;7;19333;1
35;144;6;96;6
35;89;6;1245;1
35;89;7;22422;11
35;47;7;12123;5
35;153;5;555;17
35;98;6;4000;10
35;27;7;44;2
35;146;6;33;1
35;146;7;10;2
35;146;7;11;3
35;72;7;12123;1
35;17;6;5013;3
35;96;7;13131;2
35;4;6;7080;1
35;171;7;44888;4
35;65;7;11999;3
35;63;6;96;2
35;142;6;1234;1
35;109;7;12111;1
35;154;7;45300;2
35;171;6;7040;1
35;93;5;555;9
35;30;5;131;201
35;18;7;70000;2
35;32;6;2211;6
35;10;6;2222;3
35;35;6;2277;6
35;121;3;95;4
35;5;7;15333;1
35;8;7;13456;8
35;187;5;131;90
35;22;6;1245;3
35;22;7;22422;17
35;96;7;50444;1
35;103;5;131;169
35;61;6;1322;2
35;129;7;11999;5
35;81;7;65700;9
35;126;6;1111;4
35;5;7;12123;2
35;136;7;12888;23
35;9;7;11111;2
35;29;7;12333;12
35;145;7;13555;1
35;47;5;96;16
35;66;7;12123;8
35;124;5;700;17
35;68;5;95;18
35;117;5;95;4
35;2;6;5013;4
35;172;7;12333;2
35;27;6;1213;15
35;177;6;1322;1
35;117;3;44;43
35;163;7;45333;1
35;122;7;12333;1
35;57;7;23192;1
35;166;3;44;25
35;164;7;45333;6
35;2;6;1314;1
35;10;6;1311;1
35;1;6;4410;4
35;135;7;12111;1
35;48;7;12888;3
35;48;7;13333;3
35;23;6;4411;1
35;126;3;96;20
35;19;6;2210;5
35;4;7;45413;1
35;146;6;1133;1
35;9;7;44888;9
35;1;6;2222;8
35;39;5;700;19
35;170;6;5500;1
35;37;7;22777;2
35;65;7;12456;4
35;1;7;22555;1
35;18;7;33000;1
35;106;7;12456;30
35;158;6;96;10
35;187;7;45333;3
35;17;7;22422;23
35;105;7;12300;5
35;178;7;22556;1
35;16;7;65700;4
35;6;7;12456;23
35;171;7;44190;1
35;157;7;44888;4
35;170;7;23192;1
35;107;7;13456;5
35;1;7;12345;1
35;1;7;65013;1
35;65;7;96;6
35;12;6;2201;2
35;6;6;1313;1
35;91;7;33000;2
35;144;7;55234;2
35;40;7;15888;3
35;88;3;12;10
35;108;7;50500;2
35;53;7;13555;5
35;21;7;13555;5
35;150;6;1251;2
35;121;6;95;7
35;103;6;4488;19
35;70;7;11111;3
35;5;7;11999;7
35;124;6;4455;3
35;125;5;555;5
35;26;6;95;8
35;18;6;2288;1
35;90;7;12333;5
35;89;7;22555;1
35;144;6;1533;93
35;18;7;44123;2
35;58;3;13;137
35;2;7;22678;1
35;78;6;4000;7
35;113;6;4488;9
35;132;7;22556;1
35;39;6;4488;42
35;155;7;44027;1
35;25;6;1100;1
35;116;7;11111;15
35;166;5;131;157
35;96;5;700;13
35;60;5;700;7
35;9;7;10123;9
35;5;7;10123;2
35;53;6;2222;22
35;48;6;2210;1
35;25;6;2210;2
35;166;7;22422;4
35;99;6;1233;86
35;64;7;10123;1
35;33;6;4488;15
35;54;7;55234;1
35;73;3;96;17
35;150;5;555;5
35;121;7;12333;4
35;84;7;13456;1
35;145;6;1313;1
35;172;7;12456;29
35;69;7;12456;41
35;112;6;2211;7
35;171;7;13789;3
35;165;3;95;6
35;135;7;12456;55
35;70;6;2277;3
35;54;3;44;57
35;169;6;1111;2
35;28;7;13555;2
35;25;7;13555;4
35;65;3;12;32
35;141;3;12;21
35;172;6;95;11
35;172;7;45000;1
35;95;7;10;1
35;17;6;5511;1
35;116;6;1322;4
35;117;3;12;21
35;98;6;1233;4
35;112;7;96;3
35;93;6;1213;4
35;29;6;4000;10
35;57;3;44;38
35;78;6;4441;1
35;30;3;13;187
35;4;7;13456;3
35;84;3;95;11
35;80;7;11000;100
35;26;7;22422;11
35;74;7;45333;2
35;82;5;96;13
35;152;7;12999;1
35;71;6;1313;1
35;73;6;1533;110
35;106;7;95;9
35;99;7;13131;1
35;23;7;44333;1
35;23;6;1531;1
35;61;6;1353;1
35;123;7;44123;2
35;90;7;70123;1
35;90;5;700;27
35;7;7;14393;1
35;166;7;50500;1
35;182;6;1533;85
35;35;7;12300;5
35;99;6;4488;29
35;15;7;55888;1
35;141;5;555;20
35;48;7;13138;1
35;181;6;1010;14
35;3;6;1020;1
35;125;3;44;62
35;131;7;95;20
35;100;7;13;26
35;100;7;15;2
35;100;7;16;1
35;100;7;40;1
35;100;7;44;1
35;100;7;45;2
35;100;7;55;2
35;11;6;12;3
35;11;6;13;4
35;11;6;15;1
35;164;7;12888;42
35;178;7;10123;1
35;30;6;1322;4
35;48;7;13555;4
35;57;5;131;166
35;141;5;95;13
35;34;6;2255;1
35;148;7;44777;2
35;29;3;95;11
35;112;7;11999;2
35;45;6;1233;10
35;41;7;13222;1
35;108;5;131;174
35;155;7;11000;98
35;68;6;50;1
35;14;6;11;1
35;14;6;12;2
35;14;6;13;4
35;14;6;15;2
35;14;6;22;1
35;14;7;11;1
35;14;7;13;8
35;14;7;15;1
35;14;7;22;2
35;14;7;44;1
35;39;6;13;2
35;39;6;15;1
35;39;6;44;1
35;39;7;11;2
35;39;7;13;10
35;39;7;23;1
35;39;7;70;1
35;25;7;11;2
35;25;7;12;1
35;25;7;13;13
35;25;7;15;2
35;25;7;22;1
35;25;7;70;1
35;9;3;13;118
35;166;7;12333;2
35;91;5;95;5
35;4;6;2201;5
35;39;6;1233;17
35;99;3;96;11
35;77;3;13;118
35;132;7;70000;1
35;34;6;95;11
35;96;6;1300;1
35;124;6;1322;5
35;128;6;1533;137
35;42;6;1322;6
35;59;7;44777;6
35;169;6;1533;89
35;108;6;1533;102
35;129;3;21;1
35;114;7;13;13
35;114;7;15;3
35;96;6;12;7
35;96;6;13;2
35;96;6;15;2
35;96;7;10;1
35;96;7;11;3
35;96;7;12;3
35;96;7;13;21
35;96;7;16;1
35;96;7;50;1
35;96;7;55;1
35;112;6;12;1
35;85;6;1313;1
35;117;7;12888;49
35;140;6;5533;1
35;100;6;4411;1
35;103;6;6565;2
35;68;6;4000;10
35;182;6;4445;2
35;94;6;5511;1
35;157;7;11000;90
35;182;7;95;17
35;18;7;22777;1
35;63;7;95;4
35;30;5;700;26
35;5;6;5013;3
35;153;6;4000;2
35;50;6;4455;12
35;70;6;1111;4
35;70;7;95;14
35;96;6;5050;1
35;33;5;95;11
35;101;7;40101;1
35;103;7;44020;1
35;103;7;96;7
35;93;7;65700;14
35;22;6;4488;11
35;132;7;11000;23
35;59;3;12;20
35;30;7;13100;1
35;37;7;11000;95
35;6;6;1212;3
35;39;3;44;41
35;30;6;2277;4
35;113;6;2211;11
35;73;7;45333;1
35;142;6;2222;4
35;74;6;1353;1
35;61;3;44;41
35;129;7;50500;4
35;84;7;45333;3
35;19;3;95;4
35;21;7;13513;1
35;157;7;12333;1
35;96;6;4422;1
35;109;6;1233;30
35;106;5;95;8
35;112;7;44000;2
35;88;6;4490;2
35;96;6;1322;24
35;81;6;2200;2
35;47;6;4433;1
35;21;7;33890;1
35;87;6;5013;1
35;106;7;45333;1
35;18;7;65700;7
35;52;7;12345;1
35;80;7;45333;1
35;30;7;50500;1
35;166;7;15333;1
35;177;7;13456;1
35;178;5;95;10
35;63;7;65700;1
35;90;7;13;19
35;90;7;50;1
35;90;7;55;2
35;90;7;70;1
35;13;6;2210;3
35;71;6;5013;1
35;5;6;2210;11
35;80;6;4000;1
35;112;6;1322;6
35;12;7;33033;1
35;98;6;4488;5
35;131;5;95;25
35;17;6;1251;2
35;181;3;21;1
35;68;5;131;199
35;111;6;1322;8
35;56;6;2222;2
35;96;7;44888;2
35;31;6;7011;2
35;80;7;22422;15
35;155;7;12111;7
35;47;6;1533;50
35;81;7;13100;1
35;133;3;13;39
35;5;7;10000;1
35;61;6;1234;1
35;155;7;12333;23
35;129;6;2210;5
35;21;7;10123;3
35;110;7;12444;2
35;110;7;45333;8
35;122;7;44777;6
35;163;3;44;48
35;154;7;12456;35
35;103;6;96;7
35;59;6;1233;13
35;136;7;12345;2
35;103;6;4477;2
35;55;6;1234;1
35;147;7;13555;3
35;148;7;12123;32
35;4;3;95;6
35;135;7;13555;4
35;148;6;1213;5
35;32;7;12111;1
35;18;7;13555;1
35;74;6;4456;1
35;89;6;95;14
35;181;6;95;15
35;103;6;5599;1
35;25;7;33000;3
35;133;7;13555;11
35;31;7;11000;86
35;82;5;555;5
35;92;5;95;4
35;5;7;44447;1
35;72;6;1221;1
35;148;7;12300;5
35;147;6;2255;1
35;145;7;65700;1
35;146;7;13100;1
35;100;6;2201;2
35;117;5;96;10
35;73;6;4455;1
35;55;7;22422;12
35;171;3;13;140
35;112;6;5055;2
35;34;7;12456;17
35;81;6;1201;1
35;115;6;2277;5
35;144;6;5044;5
35;144;7;12333;7
35;120;7;70321;1
35;26;7;12888;15
35;47;3;13;87
35;81;6;1311;1
35;137;6;1333;4
35;66;6;5055;1
35;158;7;33000;1
35;21;6;55;1
35;21;7;11;4
35;21;7;12;1
35;21;7;13;12
35;21;7;44;2
35;21;7;55;1
35;17;5;96;21
35;160;6;4477;2
35;34;7;13555;3
35;54;6;96;8
35;58;7;44543;1
35;103;6;4410;5
35;22;7;14888;1
35;182;6;5055;1
35;179;6;2288;1
35;90;6;1533;143
35;92;6;96;5
35;153;7;14122;1
35;10;3;13;97
35;10;6;1111;2
35;10;7;95;9
35;23;6;2255;1
35;77;6;1533;80
35;123;6;1322;43
35;165;7;12345;1
35;10;6;1010;6
35;10;6;4456;2
35;41;6;1515;1
35;23;7;15333;1
35;131;6;22;1
35;131;6;23;1
35;131;6;44;1
35;131;7;11;6
35;131;7;12;3
35;131;7;13;14
35;131;7;15;1
35;131;7;55;1
35;72;6;11;1
35;72;6;12;2
35;72;6;13;1
35;72;6;22;1
35;72;6;33;1
35;72;7;12;1
35;72;7;13;8
35;72;7;55;2
35;20;6;12;5
35;88;6;1133;1
35;90;7;11999;1
35;10;7;55555;1
35;170;7;65700;13
35;109;6;3333;1
35;29;6;2288;1
35;179;6;2222;6
35;16;6;1111;1
35;129;7;12345;1
35;17;7;70123;1
35;55;6;2210;3
35;20;7;44000;1
35;6;7;50131;1
35;101;7;12456;29
35;70;7;45333;2
35;96;6;4410;1
35;105;6;1213;1
35;7;7;12;3
35;7;7;13;9
35;55;6;4410;4
35;168;7;10123;1
35;59;6;2211;2
35;111;6;1233;1
35;11;7;22222;2
35;129;7;13133;1
35;65;6;1213;3
35;123;6;1213;6
35;8;6;4488;17
35;18;7;44888;7
35;108;3;96;17
35;142;6;1245;1
35;142;7;22422;8
35;170;7;50500;4
35;163;7;22777;5
35;41;3;13;106
35;87;7;13555;1
35;94;6;2201;1
35;150;7;65700;1
35;116;5;131;180
35;50;3;95;3
35;180;3;95;15
35;145;3;12;40
35;60;7;65700;53
35;152;3;95;9
35;66;7;55;1
35;66;7;70;1
35;50;6;11;1
35;50;6;12;2
35;50;6;13;1
35;50;6;55;1
35;50;7;10;1
35;50;7;11;1
35;50;7;12;4
35;50;7;13;9
35;99;7;33000;1
35;148;6;4488;8
35;7;7;96;8
35;150;6;1531;1
35;35;5;96;23
35;150;7;50013;1
35;52;6;1313;3
35;145;6;1515;1
35;124;6;1500;2
35;26;6;96;3
35;34;7;12111;1
35;166;6;5013;2
35;150;7;13777;2
35;89;6;2211;1
35;147;6;2200;1
35;84;6;4488;29
35;37;6;1212;1
35;178;3;12;6
35;147;6;5511;3
35;25;7;50777;1
35;103;3;96;11
35;66;3;12;31
35;20;6;95;13
35;125;6;95;15
35;83;6;95;10
35;145;6;96;9
35;117;7;11000;31
35;117;3;96;8
35;94;7;65700;1
35;117;6;4488;11
35;4;6;1245;1
35;33;6;4477;1
35;131;6;1233;33
35;114;6;1010;20
35;114;6;4456;5
35;90;7;44777;7
35;27;7;95;16
35;39;5;555;7
35;116;6;4000;1
35;68;7;12345;1
35;172;7;14888;2
35;13;6;1500;1
35;4;6;4000;7
35;1;7;22422;13
35;82;5;95;12
35;8;5;555;8
35;109;5;131;217
35;135;6;1322;8
35;19;6;1010;8
35;36;6;4488;15
35;3;3;96;18
35;182;6;1311;1
35;122;7;65700;8
35;12;7;22422;20
35;10;6;13;1
35;10;6;15;4
35;10;6;22;1
35;10;7;11;3
35;10;7;12;2
35;10;7;13;8
35;10;7;15;1
35;10;7;44;1
35;10;7;45;2
35;10;7;55;2
35;10;7;70;1
35;93;7;10;2
35;93;7;11;2
35;93;7;12;5
35;15;7;12888;8
35;15;7;13333;1
35;140;3;13;212
35;179;6;1233;14
35;114;7;11000;35
35;107;6;1221;1
35;68;3;44;21
35;73;7;10123;2
35;11;6;96;4
35;48;6;4455;9
35;63;6;1111;1
35;6;7;45333;5
35;51;7;12123;4
35;63;3;95;2
35;158;6;2277;3
35;117;7;12999;1
35;124;6;1533;84
35;56;6;4477;1
35;72;6;4410;2
35;91;6;5511;3
35;57;6;5533;2
35;117;6;1233;20
35;57;7;65013;2
35;81;7;95;19
35;66;6;4441;1
35;112;6;1292;3
35;112;7;44111;1
35;33;5;700;17
35;181;7;12333;11
35;58;7;15111;1
35;71;6;1533;70
35;104;7;22556;2
35;111;6;13;2
35;50;7;40;1
35;50;7;55;1
35;111;6;12;2
35;111;6;15;4
35;111;7;10;1
35;111;7;11;2
35;111;7;12;2
35;111;7;13;9
35;111;7;45;1
35;111;7;55;1
35;111;7;70;1
35;113;6;10;1
35;113;6;12;2
35;113;6;13;1
35;113;6;15;1
35;27;6;1221;3
35;35;5;131;151
35;128;6;1233;55
35;117;6;2211;1
35;187;5;555;4
35;85;7;12888;5
35;73;6;4000;5
35;3;7;96;13
35;87;7;55234;1
35;126;3;44;55
35;70;6;1333;6
35;54;6;5055;1
35;140;7;12456;34
35;52;3;13;87
35;64;6;5055;1
35;170;7;44123;1
35;92;6;1333;1
35;113;6;1245;1
35;2;6;2222;23
35;163;5;131;141
35;141;3;44;49
35;145;6;4411;1
35;13;7;65700;9
35;169;7;12456;29
35;95;6;1322;1
35;11;6;1313;1
35;30;7;10123;5
35;18;7;12888;12
35;18;7;13333;3
35;88;6;1233;7
35;4;7;44123;1
35;11;5;95;15
35;155;7;33000;1
35;74;7;13234;1
35;85;7;33000;1
35;13;6;5533;3
35;87;6;4477;1
35;17;6;5001;2
35;170;6;2201;3
35;170;6;5515;1
35;7;6;1245;1
35;7;7;22422;15
35;16;6;4490;2
35;33;6;7001;1
35;12;5;131;175
35;67;5;95;5
35;74;6;5599;1
35;100;6;5013;3
35;180;7;13456;7
35;180;7;15888;2
35;9;6;4488;19
35;135;6;5555;2
35;26;7;15331;1
35;63;6;1313;3
35;117;7;45234;1
35;147;5;95;17
35;178;7;44888;2
35;133;5;95;12
35;73;6;2210;1
35;15;7;96;6
35;74;5;700;43
35;23;7;12333;4
35;107;6;1010;8
35;66;7;13131;1
35;96;6;1111;1
35;182;7;50500;4
35;135;6;2222;4
35;101;6;1234;1
35;110;6;1222;1
35;15;7;13100;1
35;12;7;13138;1
35;51;6;16;1
35;51;6;33;1
35;51;6;44;1
35;4;6;1313;2
35;89;6;4477;2
35;100;6;2210;1
35;14;3;13;95
35;70;7;50000;1
35;5;6;1221;2
35;16;6;13;2
35;21;7;70;1
35;16;6;11;2
35;16;6;12;4
35;16;6;14;1
35;88;7;12888;5
35;179;7;13123;1
35;154;5;700;13
35;103;6;1100;1
35;17;7;44123;1
35;13;7;12123;3
35;73;5;95;4
35;2;6;1213;8
35;1;6;2200;3
35;106;6;96;3
35;67;6;1299;1
35;131;7;13555;3
35;85;6;96;9
35;170;6;1333;2
35;10;6;1888;1
35;84;6;35;2
35;84;7;12;2
35;84;7;13;13
35;84;7;15;3
35;84;7;22;1
35;84;7;55;1
35;94;7;11;3
35;94;7;12;4
35;94;7;13;14
35;94;7;14;1
35;94;7;15;1
35;94;7;16;1
35;94;7;18;1
35;94;7;22;2
35;94;7;44;1
35;94;7;70;1
35;53;6;2277;2
35;21;6;2277;2
35;40;6;1100;1
35;72;6;2255;1
35;81;3;95;11
35;164;6;1588;1
35;164;6;96;11
35;74;6;2277;1
35;160;3;21;1
35;155;6;1010;12
35;22;7;44777;2
35;168;6;96;4
35;22;6;2201;4
35;3;7;33233;1
35;29;6;12;4
35;29;6;13;3
35;29;6;15;1
35;29;6;22;1
35;29;7;11;2
35;57;7;15111;1
35;4;3;13;145
35;155;6;11;1
35;155;6;12;1
35;155;6;13;4
35;155;6;15;1
35;155;6;18;1
35;155;6;22;2
35;155;7;11;2
35;155;7;12;3
35;155;7;13;7
35;59;7;13555;4
35;67;5;96;12
35;23;5;96;29
35;181;7;11999;15
35;14;7;22022;3
35;131;3;95;12
35;182;6;1292;1
35;142;7;65700;1
35;31;6;1245;2
35;140;7;22777;2
35;55;7;12456;25
35;182;7;50777;1
35;187;7;22422;8
35;181;7;70070;1
35;9;7;44027;1
35;129;7;22777;2
35;14;7;11333;1
35;14;6;1313;1
35;30;5;555;12
35;145;7;95;17
35;92;6;1123;1
35;64;7;15888;2
35;99;3;44;42
35;150;6;2222;4
35;91;7;50444;1
35;121;6;2222;10
35;107;7;45333;1
35;98;6;1212;1
35;107;7;43640;1
35;179;6;95;14
35;34;6;1818;1
35;11;5;96;16
35;104;7;15555;1
35;36;5;96;20
35;158;5;95;16
35;160;6;1010;5
35;148;5;96;13
35;29;6;4410;1
35;113;7;45300;8
35;91;7;13456;6
35;91;7;15888;1
35;71;7;50500;1
35;171;7;12888;28
35;128;6;1322;19
35;16;7;11999;9
35;187;7;11999;2
35;86;7;12333;1
35;29;6;1233;27
35;112;6;2222;3
35;8;6;5511;4
35;59;6;1333;1
35;170;6;5013;3
35;14;5;131;104
35;35;7;13789;1
35;154;3;95;7
35;158;7;15000;1
35;37;6;5013;1
35;140;6;95;26
35;83;6;1333;3
35;59;3;44;22
35;81;7;22422;19
35;131;6;1111;1
35;9;7;13555;2
35;168;6;4555;3
35;98;7;50113;1
35;34;5;555;6
35;84;7;44777;5
35;114;5;96;12
35;176;6;4411;3
35;72;6;4477;1
35;115;7;22222;1
35;42;7;65013;1
35;97;6;4455;1
35;4;6;5511;3
35;80;6;1234;3
35;18;3;13;176
35;25;6;1222;1
35;87;7;11111;1
35;28;6;1234;1
35;121;7;13555;1
35;50;3;12;25
35;173;7;22422;3
35;54;6;1112;1
35;31;6;2222;1
35;36;6;2210;2
35;133;3;95;8
35;53;3;96;24
35;21;3;96;14
35;13;6;2211;3
35;141;6;2211;1
35;56;7;65700;3
35;81;6;2288;2
35;114;6;2222;4
35;86;3;96;12
35;47;7;13333;2
35;166;6;4488;2
35;132;6;4400;1
35;50;6;96;6
35;31;3;16;1
35;13;7;55234;1
35;147;3;95;7
35;123;6;1292;1
35;6;5;555;13
35;165;6;1111;2
35;165;7;95;15
35;163;7;33000;1
35;178;6;1010;2
35;133;7;10123;2
35;26;6;4599;1
35;172;6;5050;1
35;128;6;4488;4
35;53;6;2200;1
35;126;6;2222;1
35;166;6;2210;2
35;12;7;23192;1
35;132;7;13555;1
35;52;6;2200;2
35;137;7;10123;2
35;20;6;1233;11
35;17;7;22556;1
35;69;5;95;11
35;121;7;44190;2
35;155;6;1333;3
35;21;6;2200;2
35;101;5;555;6
35;30;7;95;22
35;29;7;13456;3
35;177;7;55011;1
35;172;7;96;8
35;68;7;15333;1
35;3;3;44;78
35;106;7;23192;1
35;19;6;1111;1
35;27;6;1010;5
35;74;7;22777;1
35;153;6;1233;27
35;18;6;1233;25
35;15;7;95;10
35;15;6;1111;1
35;54;6;4000;1
35;182;6;1322;10
35;39;6;4000;4
35;41;7;11000;67
35;37;3;95;4
35;22;6;1292;1
35;97;6;4410;1
35;171;5;96;19
35;145;7;65013;1
35;18;6;1201;1
35;178;7;12300;4
35;112;6;13;1
35;112;6;44;1
35;112;7;12;1
35;112;7;13;7
35;112;7;15;2
35;112;7;22;1
35;112;7;65;1
35;16;7;50500;2
35;4;6;1201;4
35;8;7;45111;1
35;8;6;5044;1
35;23;7;23123;1
35;3;7;95;21
35;148;6;4001;1
35;1;6;1533;90
35;181;6;2211;11
35;1;7;13456;7
35;168;6;4477;1
35;68;6;1333;1
35;145;6;2211;4
35;155;6;1515;1
35;173;7;23190;2
35;9;6;2211;6
35;65;7;55234;1
35;59;6;1313;1
35;170;7;43640;1
35;165;6;1221;2
35;49;7;44777;9
35;182;7;22777;5
35;146;7;13;24
35;146;7;15;5
35;146;7;22;1
35;146;7;55;3
35;146;7;70;4
35;146;6;11;1
35;146;6;12;3
35;146;6;13;3
35;146;6;15;2
35;106;6;11;2
35;106;6;12;4
35;106;6;13;3
35;106;6;65;1
35;106;7;11;4
35;106;7;12;3
35;106;7;13;9
35;106;7;15;1
35;106;7;22;1
35;106;7;44;1
35;16;7;22556;1
35;8;7;22000;1
35;154;7;44777;2
35;140;5;555;2
35;170;7;44447;2
35;6;6;4490;4
35;152;7;96;4
35;30;7;96;3
35;109;7;45111;1
35;71;7;13222;1
35;98;7;95;21
35;64;7;44777;2
35;100;7;10000;1
35;150;6;1333;1
35;89;7;13789;1
35;163;6;1233;26
35;15;6;5001;1
35;2;6;5055;2
35;169;7;12555;1
35;114;7;12444;1
35;33;3;12;19
35;34;6;1221;2
35;80;7;13789;1
35;74;7;70321;1
35;45;3;12;9
35;54;6;4410;3
35;6;7;15;3
35;6;7;44;2
35;6;7;70;1
35;6;6;11;2
35;6;6;44;1
35;73;6;11;1
35;73;6;12;4
35;73;6;13;2
35;73;6;15;2
35;73;6;22;1
35;39;6;1333;1
35;92;7;13456;11
35;60;3;96;16
35;49;5;95;4
35;29;6;2255;1
35;63;6;2222;2
35;88;6;1010;8
35;60;7;44777;1
35;25;7;65013;2
35;89;6;1012;1
35;19;6;4099;1
35;26;6;2233;1
35;99;6;1100;1
35;176;7;65700;9
35;144;6;5599;1
35;142;5;555;3
35;124;6;4000;37
35;1;5;700;54
35;103;7;13100;2
35;110;6;1251;1
35;91;7;96;10
35;163;6;2211;1
35;47;6;5001;1
35;61;7;65700;10
35;4;6;4410;2
35;35;7;45999;1
35;131;7;12333;2
35;166;3;95;8
35;101;7;44777;7
35;130;7;22777;2
35;142;6;96;5
35;114;5;555;9
35;71;6;7080;1
35;140;7;11100;1
35;72;6;5511;5
35;74;7;13555;5
35;10;6;2200;4
35;97;6;1123;1
35;135;7;13456;7
35;107;6;1251;2
35;122;6;5511;2
35;96;6;1010;2
35;14;6;5511;1
35;18;6;5044;1
35;18;7;12333;2
35;116;3;95;13
35;55;7;11000;81
35;17;6;2210;9
35;61;6;5555;1
35;22;7;44020;1
35;109;3;95;19
35;155;5;95;20
35;23;7;50500;3
35;122;6;45;1
35;122;6;65;1
35;97;7;10123;3
35;170;6;2288;2
35;59;7;44567;1
35;86;6;2277;3
35;154;6;2222;3
35;50;7;12123;13
35;180;7;12123;1
35;5;5;95;13
35;155;7;44777;3
35;168;3;96;4
35;58;7;12000;1
35;16;6;1311;1
35;22;6;2200;1
35;53;7;22777;2
35;165;6;1533;97
35;122;6;4488;23
35;58;5;96;17
35;27;5;95;6
35;182;7;23190;1
35;31;3;96;11
35;3;7;44;1
35;3;7;45;1
35;3;6;11;1
35;3;6;12;5
35;3;6;13;5
35;3;6;15;2
35;3;6;22;1
35;3;6;30;2
35;3;6;44;1
35;3;6;50;1
35;1;7;10;1
35;50;5;555;22
35;180;5;555;3
35;47;7;22777;6
35;13;6;1333;2
35;88;7;15333;1
35;59;7;12300;7
35;116;3;96;9
35;10;7;22777;1
35;15;6;1201;1
35;26;7;50500;5
35;73;3;95;4
35;80;6;1322;1
35;104;7;44888;2
35;89;5;131;174
35;52;6;2255;1
35;13;7;13555;2
35;5;5;96;13
35;140;6;5555;1
35;26;6;2255;2
35;55;3;13;158
35;93;7;12333;2
35;104;7;12888;5
35;115;7;12456;17
35;104;5;96;39
35;65;6;1233;4
35;34;6;1233;15
35;115;7;22777;5
35;144;7;12888;10
35;67;6;7040;1
35;48;6;1213;5
35;84;7;11111;1
35;132;3;44;45
35;150;6;1533;119
35;88;6;4000;1
35;6;7;50500;6
35;57;7;13555;1
35;132;7;96;5
35;155;3;95;14
35;9;7;96;10
35;122;5;555;5
35;53;6;5511;2
35;21;6;5511;10
35;172;7;50500;5
35;158;7;12300;3
35;58;7;12300;1
35;12;7;12333;2
35;160;7;11999;1
35;77;6;1353;1
35;69;3;44;20
35;120;6;1533;72
35;114;6;4477;1
35;7;6;1234;1
35;37;6;2288;1
35;103;6;1010;17
35;140;6;1213;4
35;53;6;95;20
35;21;6;95;17
35;10;7;70070;1
35;57;6;4410;3
35;173;7;13555;3
35;154;7;12300;13
35;120;7;11113;1
35;98;6;4477;1
35;14;7;12555;1
35;12;7;55555;1
35;54;6;1232;1
35;18;6;96;8
35;29;6;4455;1
35;81;6;1515;1
35;19;7;55333;1
35;103;7;10123;6
35;135;6;96;7
35;25;6;1213;18
35;28;6;1213;22
35;74;6;5050;1
35;91;7;22777;5
35;169;7;12123;1
35;15;3;96;9
35;4;7;12123;1
35;137;5;95;12
35;56;7;12500;1
35;133;7;44888;1
35;155;7;44888;9
35;14;7;44190;1
35;168;7;12300;14
35;1;5;95;22
35;109;7;13333;2
35;47;3;44;44
35;140;7;13138;1
35;31;7;12888;10
35;142;3;95;6
35;158;6;4422;1
35;17;7;44888;4
35;120;6;2211;1
35;120;6;5533;1
35;72;6;2222;5
35;125;6;5533;1
35;127;7;55888;3
35;61;7;12330;1
35;154;6;1213;3
35;154;7;44556;1
35;21;6;1303;1
35;182;7;13133;1
35;172;6;2255;1
35;114;6;95;8
35;68;7;96;5
35;8;7;50777;1
35;38;6;13;2
35;38;6;14;1
35;38;7;11;2
35;38;7;12;5
35;17;7;15331;1
35;145;7;12789;2
35;5;6;1333;1
35;52;7;22022;3
35;166;7;11999;1
35;47;6;96;4
35;26;7;70000;1
35;114;7;22777;3
35;58;7;22022;1
35;19;6;4455;4
35;14;7;13456;2
35;14;7;15888;1
35;23;6;5055;2
35;177;6;1292;1
35;3;7;22022;2
35;58;3;95;9
35;72;3;95;12
35;7;6;2299;1
35;60;6;2222;2
35;57;6;2211;1
35;54;5;95;14
35;20;7;11111;2
35;51;6;13;1
35;55;6;1201;3
35;94;7;12333;16
35;17;7;10123;3
35;45;6;5044;1
35;181;6;2233;2
35;164;7;70123;1
35;164;5;700;36
35;172;7;44888;1
35;110;6;1533;82
35;29;6;2201;1
35;112;7;13456;5
35;170;7;55555;1
35;5;7;23190;1
35;2;3;95;7
35;78;3;95;11
35;101;3;44;59
35;1;7;65700;6
35;6;3;12;26
35;83;6;1234;1
35;88;5;700;17
35;100;6;1213;3
35;16;6;2288;3
35;126;7;45333;1
35;90;7;95;10
35;66;7;11111;2
35;49;7;11000;51
35;101;7;10123;1
35;152;7;55111;2
35;99;1;13;256
35;88;1;12;11
35;73;1;95;1
35;81;1;12;17
35;22;1;22;55
35;148;1;22;21
35;66;1;12;12
35;30;1;12;9
35;3;1;95;11
35;66;1;13;139
35;6;1;95;3
35;50;1;44;1
35;45;1;15;3
35;27;1;22;52
35;146;1;22;26
35;132;1;15;4
35;173;1;15;3
35;70;1;12;10
35;160;1;44;2
35;105;1;15;1
35;12;1;44;2
35;111;1;44;1
35;99;1;44;2
35;108;1;15;1
35;127;1;12;10
35;92;1;44;1
35;169;1;15;6
35;54;1;22;57
35;45;1;12;11
35;173;1;13;233
35;115;1;80;1
35;95;1;22;32
35;132;1;12;9
35;41;1;12;12
35;13;1;80;1
35;94;1;13;172
35;52;1;12;9
35;94;1;22;43
35;18;1;15;4
35;106;1;22;15
35;94;1;12;11
35;147;1;13;241
35;84;1;15;6
35;109;1;95;5
35;135;1;13;252
35;12;1;15;3
35;32;1;44;1
35;170;1;44;1
35;32;1;15;3
35;170;1;15;3
35;80;1;95;1
35;71;1;27;1
35;53;1;27;1
35;23;1;95;5
35;67;1;95;1
35;153;1;22;32
35;147;1;15;4
35;135;1;15;2
35;51;1;13;97
35;176;1;22;20
35;84;1;22;36
35;147;1;44;2
35;32;1;22;24
35;170;1;22;64
35;176;1;13;78
35;147;1;96;8
35;135;1;96;5
35;12;1;22;74
35;128;1;13;257
35;81;1;13;188
35;5;1;13;152
35;132;1;22;34
35;30;1;13;216
35;108;1;44;1
35;169;1;44;1
35;101;1;13;112
35;84;1;13;147
35;177;1;13;110
35;181;1;13;224
35;173;1;96;4
35;32;1;13;159
35;45;1;22;47
35;170;1;13;157
35;89;1;13;169
35;105;1;96;5
35;179;1;13;160
35;163;1;44;1
35;157;1;13;164
35;97;1;13;188
35;94;1;95;6
35;4;1;13;149
35;69;1;13;135
35;155;1;13;215
35;122;1;13;191
35;82;1;13;165
35;144;1;13;207
35;26;1;44;1
35;40;1;44;1
35;108;1;96;9
35;169;1;96;5
35;16;1;13;169
35;56;1;44;2
35;152;1;13;83
35;29;1;13;191
35;84;1;95;8
35;33;1;13;145
35;37;1;13;166
35;168;1;13;136
35;137;1;22;31
35;132;1;13;177
35;96;1;21;1
35;31;1;13;205
35;129;1;13;159
35;150;1;44;1
35;110;1;13;184
35;47;1;22;39
35;32;1;95;1
35;170;1;95;6
35;158;1;13;211
35;109;1;22;38
35;12;1;95;7
35;187;1;13;93
35;99;1;95;1
35;98;1;13;246
35;105;1;95;5
35;55;1;13;153
35;114;1;13;125
35;171;1;22;61
35;108;1;95;5
35;169;1;95;6
35;96;1;13;225
35;56;1;13;132
35;7;1;13;162
35;178;1;13;115
35;91;1;13;264
35;17;1;22;72
35;116;1;13;181
35;26;1;13;166
35;38;1;13;124
35;40;1;13;133
35;6;1;22;79
35;142;1;13;183
35;104;1;13;171
35;73;1;22;40
35;147;1;12;5
35;86;1;13;111
35;135;1;12;18
35;133;1;13;56
35;45;1;44;1
35;100;1;13;184
35;18;1;95;3
35;94;1;44;2
35;84;1;96;4
35;163;1;95;4
35;3;1;22;63
35;32;1;96;5
35;19;1;13;129
35;45;1;95;3
35;170;1;96;8
35;9;1;13;134
35;93;1;44;2
35;12;1;96;3
35;35;1;13;149
35;164;1;13;187
35;99;1;96;8
35;90;1;13;192
35;36;1;22;32
35;123;1;13;150
35;166;1;44;2
35;140;1;22;19
35;173;1;12;15
35;85;1;21;1
35;63;1;13;121
35;115;1;13;110
35;88;1;96;3
35;1;1;13;153
35;93;1;95;4
35;45;1;96;5
35;170;1;14;1
35;132;1;96;5
35;169;1;14;1
35;182;1;13;156
35;165;1;13;214
35;15;1;13;90
35;50;1;12;5
35;180;1;12;2
35;66;1;96;7
35;160;1;12;10
35;94;1;96;9
35;50;1;13;91
35;180;1;13;132
35;160;1;13;269
35;111;1;13;128
35;111;1;12;6
35;176;1;12;7
35;92;1;12;5
35;84;1;12;12
35;60;1;12;12
35;88;1;95;1
35;25;1;13;161
35;28;1;13;194
35;103;1;13;173
35;147;1;95;3
35;135;1;95;7
35;93;1;96;6
35;33;1;12;20
35;32;1;12;7
35;92;1;13;166
35;170;1;12;15
35;60;1;13;222
35;55;1;12;21
35;61;1;13;217
35;18;1;96;6
35;56;1;12;9
35;163;1;96;2
35;187;1;12;4
35;12;1;12;26
35;99;1;12;16
35;68;1;13;203
35;26;1;12;11
35;40;1;12;10
35;166;1;13;152
35;113;1;12;10
35;66;1;95;1
35;49;1;13;94
35;154;1;12;10
35;173;1;95;2
35;150;1;12;4
35;154;1;13;138
35;150;1;13;227
35;85;1;13;131
35;124;1;13;123
35;14;1;13;110
35;80;1;22;45
35;39;1;13;139
35;23;1;22;62
35;67;1;22;9
35;113;1;13;156
35;166;1;12;8
35;48;1;22;34
35;97;1;12;8
35;187;1;80;1
35;66;1;22;24
35;93;1;12;22
35;93;1;22;32
35;97;1;15;7
35;108;1;22;51
35;169;1;22;62
35;187;1;22;36
35;18;1;22;69
35;57;1;13;173
35;163;1;22;51
35;45;1;13;137
35;26;1;22;43
35;147;1;22;36
35;135;1;22;23
35;99;1;22;29
35;164;1;21;1
35;55;1;22;66
35;56;1;22;39
35;173;1;22;30
35;88;1;22;32
35;129;1;21;1
35;105;1;22;22
35;74;1;13;161
35;136;1;13;229
35;145;1;13;271
35;122;1;95;4
35;112;1;13;176
35;180;1;15;1
35;40;1;22;46
35;87;1;13;135
35;154;1;22;17
35;187;1;15;3
35;55;1;15;1
35;158;1;95;6
35;56;1;15;1
35;105;1;12;9
35;108;1;12;7
35;169;1;12;21
35;26;1;15;2
35;51;1;95;1
35;40;1;15;5
35;141;1;13;194
35;13;1;13;152
35;4;1;95;1
35;160;1;15;1
35;126;1;13;219
35;20;1;13;126
35;37;1;95;4
35;111;1;15;2
35;129;1;95;6
35;154;1;15;1
35;82;1;95;3
35;144;1;95;3
35;150;1;15;1
35;113;1;15;3
35;91;1;95;1
35;133;1;12;4
35;86;1;95;1
35;92;1;15;4
35;60;1;15;3
35;10;1;13;112
35;7;1;95;6
35;125;1;13;201
35;105;1;13;217
35;38;1;95;5
35;142;1;95;3
35;93;1;13;144
35;128;1;12;6
35;5;1;12;25
35;179;1;12;12
35;69;1;95;4
35;157;1;12;9
35;18;1;12;22
35;166;1;15;2
35;163;1;12;9
35;89;1;12;13
35;57;1;22;33
35;164;1;27;1
35;172;1;12;17
35;64;1;12;7
35;108;1;13;186
35;169;1;13;154
35;26;1;96;4
35;40;1;96;4
35;50;1;22;41
35;8;1;12;26
35;180;1;22;20
35;160;1;22;15
35;107;1;12;3
35;163;1;15;1
35;177;1;95;1
35;90;1;95;3
35;88;1;13;178
35;33;1;96;7
35;19;1;12;10
35;164;1;95;3
35;9;1;12;21
35;68;1;22;33
35;18;1;13;196
35;35;1;12;6
35;163;1;13;137
35;100;1;22;23
35;63;1;95;2
35;181;1;95;3
35;171;1;96;7
35;14;1;22;42
35;33;1;22;26
35;115;1;22;20
35;111;1;96;10
35;123;1;12;10
35;92;1;96;8
35;98;1;95;5
35;187;1;96;1
35;104;1;22;22
35;55;1;96;4
35;137;1;96;9
35;178;1;22;36
35;56;1;96;6
35;154;1;96;3
35;150;1;96;3
35;155;1;22;37
35;113;1;96;1
35;17;1;96;7
35;47;1;96;7
35;39;1;22;27
35;109;1;96;3
35;93;1;15;2
35;116;1;22;35
35;111;1;22;33
35;92;1;22;17
35;82;1;22;35
35;144;1;22;35
35;88;1;15;4
35;153;1;96;5
35;60;1;22;7
35;50;1;96;3
35;160;1;96;9
35;168;1;12;11
35;106;1;96;4
35;54;1;15;3
35;152;1;22;24
35;29;1;22;34
35;95;1;15;1
35;22;1;96;7
35;148;1;96;3
35;23;1;96;11
35;67;1;96;5
35;164;1;22;60
35;31;1;12;14
35;63;1;22;21
35;36;1;96;9
35;106;1;15;1
35;110;1;22;69
35;140;1;96;5
35;91;1;22;39
35;60;1;96;8
35;10;1;12;16
35;80;1;96;4
35;90;1;22;36
35;27;1;96;8
35;146;1;96;7
35;125;1;12;22
35;166;1;96;2
35;126;1;22;39
35;20;1;22;47
35;30;1;22;42
35;48;1;96;2
35;104;1;12;19
35;4;1;22;67
35;141;1;22;56
35;13;1;22;54
35;37;1;22;31
35;97;1;96;11
35;66;1;15;3
35;110;1;12;11
35;129;1;22;68
35;97;1;22;40
35;101;1;96;1
35;126;1;12;10
35;177;1;96;3
35;181;1;96;2
35;20;1;12;12
35;54;1;96;11
35;7;1;22;72
35;95;1;96;7
35;125;1;22;49
35;178;1;12;8
35;3;1;96;10
35;86;1;22;33
35;6;1;96;6
35;16;1;22;92
35;166;1;22;18
35;141;1;12;4
35;38;1;22;48
35;73;1;96;11
35;142;1;22;66
35;164;1;96;5
35;16;1;12;25
35;116;1;12;14
35;63;1;96;9
35;98;1;22;15
35;10;1;22;48
35;90;1;96;6
35;69;1;22;20
35;13;1;12;24
35;81;1;22;67
35;150;1;22;9
35;113;1;22;10
35;61;1;15;3
35;3;1;15;3
35;22;1;15;2
35;148;1;15;1
35;85;1;15;2
35;115;1;12;8
35;124;1;15;6
35;155;1;12;16
35;100;1;12;7
35;27;1;15;3
35;146;1;15;6
35;85;1;22;48
35;38;1;96;7
35;142;1;96;2
35;158;1;22;39
35;114;1;15;1
35;68;1;96;10
35;152;1;12;7
35;29;1;12;17
35;14;1;96;3
35;165;1;22;37
35;15;1;22;49
35;122;1;96;10
35;49;1;15;3
35;39;1;96;8
35;101;1;12;9
35;1;1;22;79
35;177;1;12;7
35;17;1;15;8
35;181;1;12;13
35;182;1;15;7
35;74;1;96;9
35;136;1;96;7
35;122;1;22;52
35;69;1;12;6
35;145;1;96;5
35;165;1;15;3
35;15;1;15;5
35;112;1;96;2
35;74;1;22;63
35;136;1;22;40
35;23;1;15;2
35;67;1;15;3
35;114;1;22;43
35;74;1;15;6
35;96;1;22;19
35;1;1;15;4
35;95;1;30;1
35;7;1;12;15
35;51;1;12;14
35;49;1;96;5
35;87;1;22;29
35;182;1;96;3
35;47;1;15;3
35;165;1;96;3
35;15;1;96;2
35;49;1;22;37
35;96;1;15;6
35;87;1;96;8
35;80;1;44;1
35;182;1;22;78
35;122;1;12;10
35;80;1;15;1
35;25;1;15;1
35;85;1;96;8
35;28;1;15;4
35;51;1;22;49
35;103;1;15;4
35;124;1;96;5
35;86;1;12;15
35;153;1;15;1
35;47;1;44;1
35;1;1;96;16
35;68;1;15;4
35;158;1;96;6
35;136;1;15;2
35;112;1;22;33
35;145;1;15;1
35;36;1;15;5
35;67;1;44;1
35;28;1;22;30
35;103;1;22;64
35;96;1;96;11
35;48;1;15;2
35;61;1;22;36
35;124;1;22;25
35;61;1;96;6
35;38;1;12;15
35;145;1;22;13
35;48;1;44;1
35;113;1;14;1
35;14;1;15;3
35;51;1;96;5
35;112;1;15;3
35;114;1;96;2
35;164;1;12;19
35;25;1;96;1
35;28;1;96;10
35;39;1;15;2
35;25;1;22;55
35;103;1;96;4
35;63;1;12;12
35;101;1;22;44
35;87;1;15;2
35;177;1;22;20
35;90;1;12;12
35;181;1;22;48
35;142;1;12;8
35;57;1;96;11
35;98;1;96;6
35;7;1;96;3
35;158;1;12;15
35;87;1;95;2
35;86;1;96;6
35;73;1;15;1
35;49;1;95;2
35;6;1;15;2
35;153;1;21;1
35;22;1;44;2
35;148;1;44;2
35;182;1;95;4
35;137;1;15;1
35;165;1;95;1
35;15;1;95;3
35;1;1;95;3
35;74;1;95;6
35;136;1;95;2
35;145;1;95;4
35;54;1;44;5
35;95;1;44;1
35;27;1;44;1
35;96;1;44;2
35;128;1;95;2
35;96;1;95;5
35;85;1;95;5
35;133;1;95;1
35;5;1;95;3
35;124;1;95;4
35;86;1;44;3
35;112;1;95;9
35;35;1;95;5
35;23;1;21;1
35;91;1;44;1
35;3;1;30;1
35;4;1;12;34
35;37;1;12;11
35;25;1;95;3
35;89;1;95;1
35;28;1;95;6
35;103;1;95;9
35;179;1;95;1
35;123;1;95;2
35;57;1;95;5
35;37;1;96;3
35;129;1;96;7
35;157;1;95;4
35;98;1;12;9
35;82;1;96;5
35;61;1;95;1
35;144;1;96;8
35;129;1;12;15
35;82;1;12;12
35;144;1;12;6
35;4;1;96;6
35;165;1;12;18
35;140;1;44;2
35;15;1;12;17
35;101;1;44;2
35;91;1;12;29
35;1;1;12;19
35;68;1;95;3
35;6;1;44;2
35;172;1;95;2
35;64;1;95;2
35;27;1;13;156
35;146;1;13;236
35;14;1;95;2
35;91;1;96;9
35;112;1;12;22
35;39;1;95;4
35;85;1;44;2
35;160;1;16;1
35;124;1;44;1
35;153;1;44;1
35;13;1;21;1
35;87;1;12;10
35;3;1;44;2
35;8;1;95;3
35;182;1;30;1
35;54;1;13;154
35;107;1;95;5
35;71;1;22;58
35;95;1;13;158
35;42;1;22;54
35;117;1;22;35
35;37;1;44;2
35;19;1;95;2
35;142;1;44;2
35;9;1;95;3
35;83;1;22;18
35;72;1;22;45
35;168;1;95;1
35;65;1;22;27
35;34;1;22;30
35;125;1;30;2
35;31;1;95;4
35;120;1;22;50
35;122;1;44;1
35;166;1;95;4
35;25;1;30;1
35;57;1;12;12
35;25;1;12;6
35;41;1;22;54
35;28;1;12;10
35;158;1;44;2
35;103;1;12;17
35;26;1;95;3
35;40;1;95;6
35;52;1;22;43
35;35;1;96;8
35;85;1;12;15
35;154;1;95;1
35;129;1;15;4
35;22;1;13;181
35;82;1;15;3
35;59;1;22;18
35;144;1;15;2
35;124;1;12;12
35;121;1;13;229
35;22;1;95;1
35;148;1;13;174
35;148;1;95;1
35;83;1;13;210
35;81;1;30;1
35;72;1;13;113
35;65;1;13;127
35;130;1;22;53
35;70;1;22;45
35;34;1;13;142
35;120;1;13;130
35;87;1;30;1
35;121;1;22;34
35;27;1;95;2
35;146;1;95;1
35;130;1;13;167
35;41;1;13;127
35;51;1;15;3
35;61;1;12;14
35;52;1;13;97
35;97;1;95;4
35;54;1;95;3
35;70;1;13;172
35;153;1;16;1
35;150;1;95;2
35;113;1;95;5
35;73;1;13;182
35;127;1;22;36
35;36;1;95;1
35;91;1;15;3
35;106;1;13;202
35;140;1;95;3
35;124;1;30;1
35;131;1;22;71
35;89;1;96;10
35;137;1;95;5
35;179;1;96;6
35;153;1;13;108
35;145;1;12;14
35;157;1;96;6
35;172;1;13;176
35;64;1;13;124
35;53;1;22;71
35;21;1;22;71
35;133;1;96;1
35;2;1;22;77
35;78;1;22;35
35;11;1;22;39
35;3;1;13;164
35;171;1;95;5
35;71;1;13;99
35;42;1;13;120
35;50;1;95;2
35;160;1;95;4
35;36;1;13;139
35;77;1;22;47
35;17;1;95;3
35;117;1;13;133
35;95;1;95;9
35;140;1;13;251
35;63;1;15;1
35;47;1;14;1
35;74;1;12;23
35;109;1;14;1
35;136;1;12;16
35;111;1;95;1
35;92;1;95;2
35;58;1;13;160
35;106;1;95;4
35;172;1;96;9
35;64;1;96;5
35;8;1;13;148
35;107;1;13;186
35;60;1;95;3
35;8;1;96;4
35;107;1;96;3
35;58;1;22;36
35;90;1;15;6
35;80;1;13;167
35;153;1;95;2
35;128;1;96;7
35;5;1;96;10
35;148;1;14;1
35;48;1;13;100
35;59;1;13;200
35;57;1;44;2
35;125;1;15;17
35;54;1;14;1
35;110;1;95;6
35;137;1;13;171
35;126;1;15;1
35;39;1;44;1
35;20;1;15;1
35;171;1;13;167
35;126;1;95;3
35;20;1;95;2
35;17;1;13;179
35;168;1;96;3
35;47;1;13;95
35;141;1;15;2
35;127;1;13;219
35;13;1;15;4
35;81;1;95;6
35;16;1;14;1
35;30;1;95;5
35;114;1;12;14
35;141;1;95;5
35;13;1;95;3
35;4;1;15;4
35;6;1;13;146
35;96;1;12;11
35;10;1;15;2
35;33;1;95;3
35;10;1;95;4
35;109;1;13;247
35;23;1;13;164
35;67;1;13;167
35;178;1;15;2
35;131;1;13;174
35;115;1;95;2
35;68;1;12;18
35;152;1;95;4
35;29;1;95;5
35;28;1;44;1
35;103;1;44;2
35;81;1;27;1
35;14;1;12;6
35;155;1;95;7
35;39;1;12;13
35;49;1;12;3
35;182;1;12;13
35;126;1;14;1
35;104;1;95;1
35;116;1;15;1
35;77;1;13;137
35;125;1;95;2
35;81;1;15;2
35;171;1;12;16
35;68;1;44;1
35;158;1;15;3
35;30;1;15;1
35;13;1;14;1
35;100;1;15;4
35;10;1;16;1
35;178;1;95;3
35;122;1;15;7
35;137;1;12;17
35;17;1;12;26
35;116;1;95;5
35;47;1;12;9
35;115;1;15;1
35;101;1;15;4
35;55;1;95;4
35;155;1;15;3
35;31;1;96;5
35;61;1;44;2
35;22;1;12;12
35;148;1;12;17
35;53;1;13;191
35;21;1;13;176
35;2;1;13;158
35;78;1;13;111
35;11;1;13;126
35;54;1;12;29
35;29;1;15;1
35;95;1;12;17
35;27;1;12;17
35;146;1;12;8
35;16;1;15;3
35;133;1;22;43
35;177;1;15;1
35;181;1;15;2
35;153;1;12;10
35;106;1;12;13
35;128;1;22;7
35;164;1;15;2
35;5;1;22;80
35;104;1;15;2
35;110;1;15;6
35;140;1;12;8
35;129;1;30;1
35;131;1;12;40
35;89;1;22;65
35;179;1;22;53
35;172;1;22;50
35;157;1;22;22
35;98;1;15;4
35;64;1;22;28
35;71;1;12;9
35;36;1;12;12
35;42;1;12;12
35;7;1;15;5
35;121;1;12;10
35;73;1;12;3
35;8;1;22;76
35;107;1;22;11
35;3;1;12;18
35;117;1;12;8
35;121;1;95;5
35;6;1;12;25
35;77;1;12;13
35;38;1;15;1
35;142;1;15;4
35;19;1;22;39
35;83;1;12;7
35;83;1;95;3
35;9;1;22;75
35;72;1;12;13
35;72;1;95;6
35;65;1;95;4
35;65;1;12;10
35;34;1;95;1
35;34;1;12;7
35;109;1;12;16
35;120;1;95;4
35;23;1;12;15
35;67;1;12;19
35;42;1;30;1
35;168;1;22;39
35;80;1;12;10
35;35;1;22;35
35;59;1;12;14
35;130;1;30;1
35;48;1;12;8
35;70;1;30;1
35;130;1;95;2
35;19;1;96;6
35;9;1;96;11
35;31;1;22;27
35;41;1;15;4
35;133;1;14;1
35;123;1;22;10
35;5;1;14;1
35;77;1;15;3
35;71;1;95;1
35;42;1;95;4
35;117;1;95;1
35;120;1;12;9
35;127;1;15;2
35;130;1;12;15
35;59;1;95;4
35;89;1;14;1
35;53;1;95;9
35;21;1;95;5
35;58;1;44;1
35;71;1;15;1
35;42;1;15;1
35;78;1;95;4
35;2;1;95;5
35;11;1;95;4
35;53;1;12;16
35;21;1;12;14
35;52;1;14;1
35;11;1;12;17
35;131;1;15;1
35;58;1;30;1
35;2;1;12;16
35;78;1;12;10
35;58;1;12;9
35;131;1;95;11
35;53;1;44;4
35;21;1;44;2
35;2;1;44;2
35;11;1;44;1
35;128;1;15;7
35;8;1;15;3
35;70;1;95;2
35;107;1;15;5
35;9;1;30;2
35;2;1;14;1
35;5;1;15;2
35;172;1;15;2
35;64;1;15;2
35;53;1;15;2
35;21;1;15;6
35;152;1;96;6
35;29;1;96;9
35;2;1;15;4
35;78;1;15;1
35;11;1;15;2
35;53;1;96;12
35;21;1;96;9
35;58;1;15;2
35;41;1;95;8
35;52;1;95;1
35;81;1;44;1
35;78;1;96;7
35;2;1;96;8
35;11;1;96;5
35;179;1;15;1
35;157;1;15;2
35;77;1;95;3
35;81;1;96;3
35;110;1;96;8
35;70;1;15;1
35;30;1;96;5
35;70;1;44;1
35;70;1;21;1
35;59;1;15;2
35;126;1;96;9
35;58;1;95;8
35;41;1;44;2
35;121;1;15;2
35;52;1;44;2
35;168;1;15;1
35;20;1;96;9
35;31;1;15;3
35;133;1;44;2
35;83;1;15;1
35;59;1;96;1
35;72;1;15;3
35;71;1;96;2
35;65;1;15;3
35;42;1;96;3
35;34;1;15;3
35;120;1;15;1
35;117;1;96;3
35;130;1;15;3
35;133;1;15;2
35;58;1;96;8
35;141;1;96;7
35;77;1;44;2
35;13;1;96;8
35;42;1;44;1
35;9;1;15;1
35;59;1;44;1
35;35;1;15;3
35;121;1;44;1
35;123;1;15;3
35;83;1;96;5
35;5;1;44;1
35;127;1;96;4
35;72;1;96;7
35;16;1;96;4
35;65;1;96;8
35;34;1;96;1
35;120;1;96;8
35;83;1;44;1
35;65;1;44;1
35;34;1;44;1
35;131;1;96;6
35;130;1;96;1
35;10;1;96;9
35;77;1;96;5
35;121;1;96;8
35;104;1;96;18
35;178;1;96;2
35;70;1;96;9
35;116;1;96;3
35;41;1;96;5
35;52;1;96;3
35;100;1;96;13
35;125;1;96;5
35;115;1;96;2
35;155;1;96;3
35;64;1;44;2
35;16;1;44;1
35;8;1;44;1
35;107;1;44;1
35;31;1;44;1
35;116;1;44;2
35;9;1;44;1
35;35;1;44;1
35;178;1;44;1
35;19;1;44;1
35;141;1;44;1
35;13;1;44;3
35;155;1;44;1
35;110;1;44;2
35;10;1;44;3
35;125;1;44;1
35;126;1;44;1
35;179;1;44;1
