zona;secao;cargo;numero;votos
78;114;13;12222;1
78;367;13;55789;9
78;145;13;13789;1
78;95;13;10580;3
78;361;13;25777;7
78;96;13;55555;1
78;111;13;27000;1
78;158;13;25777;7
78;215;13;15611;2
78;109;13;55580;1
78;109;13;10111;1
78;225;13;13345;1
78;124;13;13555;2
78;183;13;10789;6
78;364;13;40000;2
78;188;13;40000;1
78;112;13;10123;1
78;180;13;40456;15
78;187;13;55999;12
78;223;13;27777;1
78;98;13;40000;2
78;117;13;40567;9
78;214;13;12123;1
78;117;13;55888;3
78;388;13;55888;2
78;106;13;55888;2
78;117;13;55456;2
78;85;13;40567;7
78;371;13;13;1
78;346;13;25;1
78;167;13;55;2
78;147;13;15111;10
78;139;13;40567;8
78;210;13;55456;1
78;152;13;15555;2
78;128;13;10580;1
78;115;13;27333;1
78;139;13;10100;2
78;92;13;25222;1
78;197;13;44333;8
78;360;13;40456;11
78;101;13;96;9
78;221;13;12777;1
78;92;13;12345;1
78;156;13;27123;6
78;214;13;13456;1
78;196;13;13131;1
78;88;13;55555;3
78;172;13;15222;1
78;156;13;15678;10
78;114;13;25888;1
78;86;13;13567;1
78;165;13;27277;1
78;74;13;27277;1
78;208;13;10111;2
78;111;13;55000;5
78;197;13;25888;3
78;165;13;15678;3
78;113;13;13456;2
78;152;13;13456;5
78;79;13;25888;1
78;150;13;15222;2
78;79;13;15611;4
78;350;13;55153;1
78;368;13;15611;2
78;184;13;15678;1
78;78;13;55555;3
78;215;13;10456;2
78;167;13;27999;1
78;392;13;40456;17
78;68;13;40456;1
78;159;13;15456;7
78;73;13;15456;4
78;116;13;10789;6
78;221;13;40123;2
78;131;13;40123;8
78;359;13;13321;1
78;366;13;10123;1
78;192;13;25234;3
78;192;13;25123;3
78;108;13;40580;92
78;378;13;15555;3
78;189;13;15555;2
78;104;13;55789;67
78;125;13;55123;7
78;364;13;12133;2
78;132;13;15555;2
78;124;13;44888;1
78;214;13;55456;1
78;127;13;15456;2
78;67;13;13555;1
78;75;13;13345;7
78;70;13;10789;5
78;208;13;12012;2
78;195;13;40456;16
78;139;13;15111;8
78;207;13;10580;6
78;84;13;55333;2
78;142;13;10630;2
78;219;13;13555;1
78;346;13;40567;3
78;89;13;25678;1
78;208;13;25456;7
78;215;13;55888;6
78;204;13;25369;22
78;349;13;10580;9
78;92;13;55789;6
78;223;13;10345;8
78;151;13;44789;1
78;143;13;27190;1
78;226;13;44789;4
78;369;13;44789;2
78;114;13;96;7
78;164;13;55678;1
78;172;13;40888;4
78;92;13;44556;1
78;119;13;40123;3
78;158;13;25222;1
78;219;13;12111;1
78;219;13;44567;1
78;138;13;10222;2
78;204;13;10100;1
78;179;13;44789;2
78;373;13;96;5
78;186;13;10580;10
78;120;13;10456;4
78;124;13;10456;5
78;98;13;15000;2
78;166;13;44556;6
78;102;13;15111;8
78;115;13;25678;2
78;225;13;40567;11
78;80;13;55999;4
78;189;13;15111;14
78;381;13;10222;2
78;386;13;27333;2
78;176;13;10456;15
78;181;13;40444;4
78;82;13;44111;4
78;348;13;55123;4
78;132;13;40123;1
78;148;13;44255;3
78;97;13;44333;1
78;221;13;10000;2
78;75;13;10000;7
78;148;13;10580;20
78;225;13;25456;4
78;226;13;10100;4
78;221;13;44255;1
78;179;13;40;1
78;136;13;25999;1
78;360;13;40567;4
78;98;13;55999;4
78;142;13;44333;4
78;132;13;44556;1
78;168;13;13555;10
78;165;13;25456;3
78;130;13;44789;1
78;108;13;10100;1
78;198;13;10123;4
78;175;13;40111;1
78;388;13;44255;1
78;92;13;40;3
78;128;13;44022;1
78;371;13;40580;13
78;80;13;55444;1
78;206;13;10123;1
78;195;13;10789;14
78;124;13;44333;9
78;95;13;55789;2
78;82;13;13555;3
78;378;13;10630;1
78;111;13;44789;1
78;214;13;44567;4
78;369;13;55333;2
78;150;13;55333;2
78;89;13;55789;8
78;116;13;13789;1
78;206;13;40123;5
78;105;13;40580;79
78;151;13;44222;15
78;179;13;25222;3
78;138;13;10580;4
78;170;13;27888;6
78;100;13;27190;1
78;151;13;10789;8
78;365;13;10789;7
78;208;13;10000;11
78;209;13;44022;2
78;190;13;44111;1
78;373;13;27190;1
78;222;13;44556;1
78;176;13;10789;12
78;89;13;10222;2
78;115;13;25123;4
78;189;13;25234;1
78;183;13;55123;4
78;345;13;12222;1
78;386;13;12012;1
78;184;13;25123;2
78;74;13;25123;4
78;219;13;44111;3
78;157;13;10100;1
78;151;13;10345;5
78;88;13;25789;1
78;89;13;27190;2
78;122;13;13789;9
78;360;13;55999;9
78;192;13;10123;5
78;117;13;27190;1
78;168;13;10222;1
78;373;13;25123;4
78;73;13;40100;1
78;150;13;12555;1
78;361;13;13111;1
78;347;13;10123;5
78;228;13;55444;2
78;152;13;12012;2
78;212;13;10123;8
78;178;13;12222;1
78;141;13;27000;1
78;133;13;13456;1
78;201;13;25222;1
78;164;13;25222;2
78;171;13;13111;1
78;198;13;12111;1
78;383;13;13123;1
78;181;13;13333;4
78;80;13;25777;2
78;112;13;40580;3
78;376;13;40580;2
78;130;13;25234;2
78;195;13;10100;1
78;99;13;10100;1
78;220;13;27777;2
78;144;13;27190;2
78;151;13;44333;3
78;138;13;15111;7
78;222;13;44222;4
78;346;13;40222;1
78;219;13;10580;1
78;103;13;13555;2
78;110;13;44556;4
78;173;13;55000;4
78;158;13;10111;2
78;154;13;13321;3
78;136;13;13232;1
78;118;13;10678;1
78;113;13;15222;9
78;88;13;55153;1
78;368;13;44556;1
78;130;13;12012;1
78;121;13;15678;1
78;154;13;55888;6
78;90;13;27999;1
78;365;13;15678;1
78;180;13;27999;1
78;143;13;55153;3
78;137;13;10111;2
78;82;13;55000;4
78;180;13;55333;6
78;184;13;10456;18
78;147;13;10456;10
78;203;13;55999;3
78;137;13;15;1
78;135;13;55;1
78;143;13;44000;1
78;137;13;55456;2
78;140;13;55456;2
78;368;13;12150;1
78;194;13;55333;2
78;139;13;40789;1
78;190;13;10100;1
78;108;13;40444;5
78;134;13;25123;2
78;349;13;10789;8
78;84;13;10123;3
78;117;13;12222;1
78;177;13;27888;1
78;206;13;15611;2
78;223;13;27277;4
78;151;13;15222;2
78;153;13;40222;1
78;89;13;13123;1
78;349;13;15555;3
78;143;13;40456;12
78;119;13;10580;11
78;95;13;13555;1
78;371;13;40456;3
78;206;13;15555;13
78;376;13;40456;3
78;364;13;40456;5
78;179;13;12222;1
78;145;13;44255;4
78;208;13;55153;1
78;153;13;13555;4
78;137;13;27888;3
78;98;13;40456;12
78;222;13;27789;2
78;395;13;40444;2
78;199;13;10678;2
78;188;13;25456;5
78;349;13;13555;4
78;171;13;27789;5
78;174;13;10580;4
78;217;13;13555;5
78;206;13;55888;1
78;164;13;10333;3
78;75;13;10630;8
78;148;13;10630;2
78;194;13;55123;6
78;157;13;55123;2
78;373;13;25456;1
78;179;13;13123;1
78;127;13;27222;1
78;126;13;95;2
78;217;13;15555;2
78;165;13;15456;2
78;181;13;40456;21
78;168;13;25456;1
78;210;13;10000;10
78;85;13;44789;1
78;115;13;12111;2
78;84;13;95;5
78;143;13;10456;13
78;347;13;27888;2
78;111;13;25111;2
78;150;13;25369;1
78;197;13;25678;1
78;85;13;25456;4
78;153;13;12444;1
78;114;13;55000;3
78;381;13;25234;2
78;78;13;40123;6
78;378;13;40580;1
78;100;13;10222;38
78;137;13;55999;34
78;151;13;44556;2
78;367;13;40123;5
78;118;13;27333;2
78;378;13;95;1
78;161;13;44789;3
78;132;13;10000;6
78;79;13;15456;1
78;102;13;15555;1
78;92;13;13888;1
78;174;13;25456;10
78;166;13;15123;7
78;368;13;13123;2
78;368;13;25234;5
78;188;13;55111;1
78;176;13;40000;3
78;161;13;12222;3
78;152;13;55111;4
78;180;13;10789;7
78;168;13;12222;1
78;367;13;10123;3
78;221;13;25555;1
78;102;13;25555;8
78;88;13;13333;4
78;121;13;10100;1
78;83;13;15555;5
78;126;13;40456;9
78;84;13;10345;5
78;187;13;55333;2
78;217;13;15123;1
78;122;13;27789;1
78;347;13;40456;16
78;178;13;10789;9
78;179;13;55111;2
78;350;13;10789;9
78;349;13;40580;10
78;68;13;40580;13
78;135;13;13789;2
78;85;13;55321;1
78;210;13;13555;6
78;226;13;96;6
78;82;13;25123;3
78;372;13;10789;3
78;385;13;25222;2
78;136;13;55;3
78;77;13;12;1
78;211;13;25;1
78;220;13;12;1
78;93;13;10;1
78;204;13;25;2
78;175;13;25;1
78;225;13;10;1
78;203;13;44556;1
78;148;13;25369;1
78;130;13;27888;1
78;386;13;10580;6
78;122;13;13345;2
78;81;13;10123;7
78;79;13;44123;1
78;367;13;40580;11
78;120;13;13789;4
78;198;13;55999;6
78;166;13;55999;2
78;91;13;40580;5
78;210;13;40580;5
78;386;13;12150;1
78;212;13;10;1
78;111;13;55;2
78;149;13;15;1
78;84;13;44;1
78;157;13;10222;2
78;175;13;13111;1
78;105;13;25777;1
78;183;13;27999;1
78;89;13;27999;1
78;97;13;10222;34
78;156;13;55999;5
78;93;13;55999;2
78;227;13;55520;2
78;170;13;27567;1
78;170;13;55520;1
78;95;13;40123;2
78;217;13;40123;1
78;144;13;44556;3
78;132;13;15111;3
78;121;13;15456;2
78;386;13;55888;4
78;386;13;15456;1
78;68;13;10123;4
78;386;13;27789;2
78;224;13;27123;1
78;386;13;40580;7
78;175;13;55111;2
78;160;13;55111;10
78;208;13;10789;32
78;208;13;25123;2
78;144;13;12222;1
78;67;13;40580;12
78;345;13;40580;3
78;202;13;55000;41
78;350;13;15611;1
78;202;13;15611;4
78;193;13;25222;1
78;372;13;25777;4
78;159;13;44333;16
78;136;13;13567;3
78;372;13;27277;1
78;344;13;25369;2
78;101;13;44510;5
78;173;13;55888;1
78;104;13;15456;11
78;386;13;44000;2
78;81;13;10630;12
78;201;13;96;4
78;111;13;95;6
78;141;13;10345;4
78;73;13;13777;1
78;142;13;10789;7
78;196;13;25369;1
78;217;13;55999;29
78;149;13;10789;10
78;144;13;10789;8
78;100;13;55111;1
78;395;13;40580;19
78;184;13;12012;1
78;199;13;44022;1
78;161;13;25369;1
78;223;13;96;13
78;101;13;55789;1
78;200;13;55789;8
78;367;13;15456;3
78;367;13;25111;1
78;150;13;15111;6
78;193;13;44789;1
78;128;13;40456;13
78;218;13;40567;3
78;146;13;44510;1
78;116;13;10333;1
78;135;13;55888;9
78;114;13;15111;4
78;191;13;10580;9
78;96;13;10;3
78;102;13;13;1
78;128;13;55;1
78;136;13;12;1
78;223;13;12222;3
78;187;13;55789;5
78;139;13;13123;2
78;169;13;55123;8
78;82;13;44222;4
78;197;13;44255;1
78;172;13;40;3
78;131;13;25;1
78;135;13;44111;2
78;177;13;44556;2
78;170;13;10789;7
78;134;13;10789;3
78;169;13;13123;1
78;167;13;40100;2
78;89;13;40;3
78;127;13;25;3
78;98;13;55;1
78;206;13;40;4
78;156;13;40123;10
78;201;13;25;1
78;89;13;12;1
78;369;13;10580;19
78;124;13;25456;2
78;188;13;40;2
78;186;13;55111;2
78;345;13;15555;2
78;178;13;55888;5
78;197;13;15000;2
78;203;13;40;2
78;91;13;44;1
78;88;13;55000;4
78;116;13;27333;1
78;365;13;44789;3
78;166;13;12777;1
78;137;13;15456;1
78;226;13;15;1
78;67;13;40456;1
78;386;13;10100;2
78;95;13;55111;1
78;111;13;40580;5
78;173;13;55444;3
78;96;13;40123;3
78;102;13;10123;2
78;91;13;95;5
78;140;13;25369;4
78;156;13;25222;2
78;216;13;40111;15
78;185;13;27555;1
78;211;13;15111;16
78;81;13;13888;1
78;77;13;10678;8
78;131;13;55789;2
78;383;13;55444;2
78;217;13;12012;4
78;115;13;40000;2
78;347;13;40580;5
78;149;13;44556;2
78;146;13;25123;3
78;148;13;55789;6
78;139;13;95;4
78;169;13;40580;17
78;201;13;27888;1
78;208;13;44255;1
78;226;13;25222;2
78;150;13;25555;3
78;142;13;44022;1
78;224;13;96;3
78;84;13;40567;4
78;173;13;40456;13
78;208;13;55789;6
78;385;13;15555;24
78;381;13;44333;10
78;359;13;27888;1
78;216;13;13555;1
78;360;13;10630;13
78;158;13;10630;3
78;130;13;55888;1
78;110;13;55888;11
78;133;13;40567;15
78;366;13;40567;4
78;381;13;25777;3
78;142;13;15123;2
78;176;13;55555;3
78;82;13;10580;11
78;122;13;25456;3
78;81;13;44567;3
78;227;13;15678;2
78;217;13;27277;3
78;157;13;13567;1
78;147;13;13567;3
78;197;13;15611;1
78;199;13;27567;1
78;359;13;96;6
78;150;13;13345;1
78;123;13;96;2
78;97;13;10630;6
78;96;13;10630;3
78;227;13;44333;11
78;378;13;27888;4
78;369;13;44333;4
78;219;13;25369;4
78;90;13;15678;4
78;96;13;13222;1
78;163;13;15678;6
78;81;13;96;9
78;84;13;25369;5
78;73;13;15611;2
78;151;13;10678;1
78;210;13;44333;11
78;171;13;10580;11
78;144;13;13555;2
78;136;13;13345;7
78;366;13;10630;1
78;112;13;44888;1
78;188;13;15555;1
78;149;13;13111;2
78;113;13;44123;1
78;227;13;44556;2
78;72;13;25369;2
78;373;13;55789;5
78;89;13;13111;1
78;211;13;13321;1
78;144;13;13321;2
78;225;13;44000;1
78;159;13;40789;1
78;220;13;40222;7
78;218;13;10630;1
78;118;13;13321;3
78;347;13;44567;2
78;217;13;15456;2
78;199;13;27789;1
78;141;13;13111;1
78;369;13;13888;3
78;206;13;13333;8
78;69;13;40444;88
78;192;13;15111;9
78;181;13;55888;2
78;211;13;15555;3
78;175;13;13321;1
78;212;13;40444;3
78;159;13;40444;5
78;90;13;12111;1
78;211;13;40222;2
78;373;13;25555;4
78;120;13;96;9
78;216;13;40567;1
78;166;13;13555;6
78;366;13;44888;2
78;157;13;13555;1
78;140;13;95;3
78;364;13;13333;6
78;90;13;25555;2
78;114;13;25555;1
78;107;13;27789;1
78;164;13;15678;6
78;197;13;44456;1
78;210;13;13777;1
78;193;13;15678;2
78;85;13;55789;5
78;386;13;12000;1
78;365;13;25456;3
78;142;13;40444;2
78;85;13;12111;2
78;174;13;40444;3
78;208;13;44022;2
78;195;13;15678;3
78;115;13;13456;1
78;184;13;13456;7
78;83;13;13131;1
78;366;13;27277;1
78;106;13;25777;2
78;84;13;55153;1
78;82;13;55555;1
78;137;13;55520;1
78;162;13;27200;1
78;344;13;27277;2
78;71;13;13567;3
78;98;13;15611;1
78;367;13;15678;9
78;68;13;55789;22
78;148;13;10345;3
78;141;13;44567;1
78;349;13;10222;3
78;176;13;25555;3
78;117;13;13;1
78;147;13;40;2
78;190;13;25115;1
78;172;13;55123;3
78;381;13;44567;1
78;100;13;25555;1
78;95;13;44022;1
78;192;13;12555;1
78;178;13;44567;2
78;67;13;13333;1
78;96;13;55123;4
78;147;13;12111;4
78;388;13;10678;1
78;210;13;55000;2
78;166;13;55000;1
78;143;13;55678;1
78;79;13;95;10
78;137;13;44556;8
78;169;13;96;4
78;99;13;44223;1
78;201;13;15123;1
78;71;13;55000;3
78;205;13;55000;1
78;101;13;10111;6
78;101;13;27277;1
78;372;13;10111;1
78;206;13;10456;1
78;211;13;10111;4
78;119;13;25888;2
78;158;13;15611;7
78;190;13;15678;4
78;366;13;25555;2
78;146;13;25333;2
78;395;13;15611;1
78;82;13;27200;1
78;372;13;15611;14
78;139;13;55000;2
78;360;13;27123;2
78;145;13;44567;1
78;221;13;40456;13
78;143;13;27789;2
78;195;13;13111;1
78;153;13;10678;1
78;115;13;25369;2
78;77;13;95;2
78;112;13;25555;1
78;204;13;95;3
78;160;13;13;1
78;158;13;25;2
78;360;13;15611;1
78;182;13;55000;4
78;381;13;44255;1
78;141;13;44580;1
78;105;13;27700;1
78;96;13;13888;1
78;107;13;12000;2
78;151;13;27008;1
78;389;13;96;1
78;161;13;10630;1
78;76;13;10630;8
78;135;13;25369;1
78;348;13;40100;1
78;196;13;44222;2
78;227;13;10222;1
78;179;13;44556;18
78;150;13;40123;9
78;102;13;96;4
78;173;13;95;9
78;137;13;44123;6
78;168;13;40123;3
78;83;13;15222;3
78;383;13;25333;5
78;361;13;13567;1
78;114;13;13131;1
78;373;13;13131;8
78;373;13;27222;1
78;114;13;55012;2
78;214;13;10;1
78;346;13;44111;6
78;160;13;40;3
78;197;13;15;1
78;216;13;13456;3
78;191;13;55555;2
78;125;13;12345;1
78;376;13;40444;3
78;89;13;10678;2
78;204;13;13333;8
78;182;13;13333;1
78;121;13;15234;5
78;195;13;10630;10
78;183;13;10630;3
78;172;13;10630;3
78;184;13;13555;5
78;98;13;40567;1
78;96;13;25369;3
78;171;13;55789;10
78;140;13;96;3
78;150;13;10123;4
78;344;13;55000;7
78;344;13;15611;4
78;392;13;44456;1
78;178;13;55012;1
78;369;13;44456;1
78;90;13;55333;2
78;193;13;55555;1
78;191;13;25777;12
78;76;13;27000;1
78;221;13;13777;1
78;218;13;15678;7
78;168;13;15678;3
78;106;13;15678;3
78;149;13;27200;1
78;69;13;10111;2
78;386;13;27277;2
78;159;13;44022;6
78;161;13;44000;1
78;221;13;13345;7
78;203;13;13555;3
78;347;13;13345;6
78;359;13;13555;6
78;201;13;40123;1
78;125;13;40123;27
78;189;13;55888;9
78;169;13;55888;4
78;346;13;55111;1
78;349;13;15111;4
78;80;13;40000;1
78;376;13;13789;1
78;164;13;55999;5
78;153;13;55111;3
78;180;13;40567;10
78;150;13;40567;7
78;101;13;15555;3
78;168;13;15111;9
78;187;13;40580;6
78;80;13;25;1
78;210;13;55888;5
78;162;13;12777;2
78;201;13;55999;5
78;125;13;25234;2
78;164;13;25234;3
78;164;13;10222;1
78;71;13;15555;19
78;72;13;27888;2
78;389;13;10580;2
78;116;13;10580;9
78;225;13;44333;5
78;140;13;15555;1
78;85;13;40456;19
78;82;13;10456;11
78;121;13;95;5
78;220;13;40567;1
78;160;13;44567;2
78;187;13;12555;2
78;212;13;25369;4
78;192;13;55000;10
78;228;13;55555;1
78;101;13;13456;1
78;163;13;25777;5
78;114;13;15222;2
78;114;13;15678;3
78;172;13;55000;5
78;347;13;25333;1
78;138;13;55153;1
78;187;13;25333;2
78;204;13;40567;1
78;392;13;25555;2
78;144;13;44567;1
78;170;13;15123;4
78;187;13;55123;13
78;200;13;13456;2
78;101;13;55678;4
78;185;13;15222;6
78;113;13;44456;1
78;152;13;15111;8
78;349;13;40456;23
78;190;13;55111;2
78;132;13;10789;3
78;72;13;40123;7
78;148;13;10123;3
78;227;13;40456;23
78;207;13;40456;18
78;142;13;55444;1
78;383;13;10789;12
78;154;13;40123;8
78;164;13;27190;2
78;134;13;13345;2
78;89;13;12123;4
78;187;13;13555;1
78;78;13;25777;8
78;109;13;13456;2
78;183;13;13456;7
78;125;13;15234;1
78;119;13;10123;4
78;184;13;13111;1
78;213;13;55789;7
78;206;13;12345;1
78;350;13;25234;3
78;141;13;15123;1
78;178;13;15111;7
78;96;13;40456;12
78;162;13;40567;7
78;157;13;44888;1
78;151;13;55888;13
78;208;13;44222;1
78;221;13;44556;4
78;162;13;55999;9
78;153;13;44022;1
78;87;13;44111;6
78;77;13;40123;4
78;101;13;44022;2
78;213;13;44510;1
78;191;13;10222;3
78;185;13;13123;1
78;72;13;10000;2
78;181;13;44111;2
78;349;13;44022;2
78;192;13;25000;1
78;207;13;12012;1
78;141;13;27888;2
78;78;13;13321;1
78;67;13;25222;1
78;345;13;25222;1
78;350;13;55444;2
78;168;13;40222;3
78;141;13;10580;1
78;157;13;44333;10
78;207;13;27333;1
78;179;13;10;1
78;168;13;10630;4
78;84;13;40100;1
78;369;13;12111;2
78;86;13;25222;1
78;122;13;25222;53
78;119;13;44333;9
78;200;13;27190;1
78;97;13;55789;3
78;185;13;55999;10
78;85;13;55123;13
78;152;13;25789;1
78;222;13;40123;11
78;221;13;25234;2
78;181;13;10678;1
78;207;13;27190;4
78;143;13;25555;1
78;361;13;55111;6
78;208;13;13789;1
78;199;13;55123;10
78;74;13;12222;1
78;345;13;25123;8
78;121;13;13123;1
78;198;13;10456;15
78;155;13;55789;14
78;73;13;10456;12
78;216;13;27888;1
78;89;13;55999;10
78;121;13;10000;1
78;346;13;27007;3
78;167;13;55333;2
78;199;13;44556;4
78;174;13;40000;1
78;172;13;15123;1
78;89;13;55123;11
78;228;13;25555;4
78;186;13;10100;5
78;386;13;25123;1
78;92;13;12;1
78;86;13;25;1
78;171;13;40;4
78;386;13;55456;3
78;77;13;40580;10
78;131;13;55444;36
78;182;13;10789;6
78;212;13;55999;13
78;147;13;55123;10
78;369;13;25456;6
78;222;13;44111;2
78;168;13;25234;1
78;139;13;44333;8
78;204;13;25234;5
78;199;13;10222;1
78;102;13;10456;6
78;72;13;10456;10
78;76;13;12222;3
78;172;13;12222;3
78;104;13;44789;1
78;78;13;55789;4
78;183;13;25234;2
78;225;13;40580;13
78;116;13;27777;2
78;215;13;25123;1
78;392;13;40888;6
78;361;13;44556;6
78;158;13;10123;4
78;212;13;10789;9
78;172;13;55789;5
78;168;13;55444;3
78;200;13;27777;2
78;212;13;12012;1
78;368;13;13131;1
78;91;13;44111;1
78;80;13;55333;1
78;76;13;12150;1
78;165;13;12150;1
78;109;13;25789;2
78;129;13;40580;15
78;192;13;40123;5
78;217;13;40000;2
78;198;13;15000;1
78;104;13;13333;3
78;361;13;40222;2
78;136;13;55123;5
78;114;13;40456;20
78;198;13;10000;9
78;209;13;55123;19
78;95;13;25777;4
78;108;13;15611;3
78;129;13;13345;1
78;183;13;10333;1
78;153;13;25678;1
78;156;13;27277;1
78;74;13;27567;1
78;350;13;27277;1
78;168;13;40000;4
78;156;13;13131;2
78;148;13;27222;1
78;346;13;25888;1
78;180;13;13;2
78;197;13;27190;1
78;180;13;10456;5
78;114;13;13111;4
78;365;13;10222;2
78;198;13;40000;2
78;392;13;55333;3
78;180;13;40444;5
78;206;13;10000;5
78;99;13;10456;9
78;224;13;25777;2
78;207;13;44111;2
78;167;13;13456;8
78;80;13;55555;2
78;223;13;25777;4
78;376;13;25777;14
78;125;13;44255;1
78;86;13;55999;12
78;150;13;55321;1
78;159;13;13333;5
78;84;13;44556;3
78;198;13;10678;2
78;120;13;40444;1
78;224;13;10000;4
78;88;13;25;1
78;196;13;12333;1
78;348;13;25678;1
78;88;13;55456;2
78;193;13;40000;1
78;164;13;40580;8
78;364;13;40580;72
78;87;13;10580;1
78;151;13;27888;1
78;189;13;40567;4
78;159;13;27222;1
78;169;13;55012;3
78;153;13;55888;2
78;154;13;15456;4
78;215;13;44022;3
78;195;13;25456;4
78;223;13;25369;4
78;102;13;15678;6
78;81;13;15222;4
78;143;13;10580;2
78;125;13;15111;21
78;194;13;55000;3
78;386;13;55153;1
78;182;13;10630;6
78;165;13;10123;2
78;171;13;55999;3
78;117;13;44567;1
78;213;13;10678;1
78;182;13;10456;13
78;122;13;44333;5
78;143;13;25123;3
78;228;13;55111;1
78;151;13;13123;1
78;198;13;13123;3
78;113;13;13333;3
78;121;13;44789;4
78;150;13;13123;2
78;350;13;25;3
78;162;13;40456;17
78;368;13;12012;2
78;147;13;12222;1
78;219;13;55678;1
78;99;13;10111;13
78;222;13;15611;1
78;173;13;13321;6
78;211;13;40567;5
78;220;13;40456;14
78;165;13;44510;1
78;138;13;25555;3
78;137;13;13345;6
78;180;13;27888;1
78;347;13;13555;6
78;127;13;40456;7
78;75;13;13555;3
78;186;13;13555;6
78;181;13;13555;4
78;182;13;13555;5
78;203;13;96;4
78;111;13;15555;1
78;77;13;15555;9
78;77;13;13321;1
78;185;13;13321;1
78;77;13;25678;1
78;179;13;40580;10
78;122;13;15234;4
78;73;13;44022;1
78;212;13;27190;4
78;121;13;55123;3
78;220;13;10333;2
78;100;13;44255;1
78;130;13;40222;1
78;392;13;15123;4
78;135;13;25456;1
78;207;13;44789;1
78;221;13;12140;1
78;183;13;10456;10
78;175;13;27888;2
78;135;13;13345;1
78;131;13;15555;22
78;209;13;40567;3
78;344;13;15456;1
78;78;13;40100;2
78;372;13;10630;7
78;117;13;10789;11
78;83;13;44222;2
78;179;13;25123;2
78;71;13;10123;1
78;83;13;13789;1
78;82;13;55444;2
78;162;13;12222;2
78;165;13;55123;5
78;205;13;27190;1
78;373;13;40222;2
78;186;13;10456;17
78;87;13;25222;2
78;191;13;10000;4
78;206;13;44567;1
78;190;13;12;1
78;186;13;25;2
78;185;13;40;1
78;221;13;40;1
78;217;13;27;1
78;79;13;40;4
78;176;13;25;1
78;116;13;55456;3
78;207;13;44556;4
78;103;13;44222;1
78;210;13;25123;1
78;160;13;40123;1
78;163;13;40123;1
78;84;13;40580;4
78;82;13;40580;3
78;150;13;55111;2
78;84;13;25234;3
78;181;13;10456;9
78;118;13;25222;2
78;143;13;10111;2
78;170;13;10111;3
78;174;13;27277;2
78;124;13;95;2
78;70;13;15111;3
78;73;13;15555;3
78;205;13;13456;5
78;191;13;15222;6
78;187;13;44789;4
78;145;13;10456;7
78;190;13;25;1
78;132;13;12;2
78;165;13;12;1
78;360;13;44;1
78;72;13;55;1
78;214;13;40123;1
78;360;13;25369;4
78;196;13;25222;2
78;360;13;40580;3
78;129;13;55789;6
78;112;13;96;4
78;170;13;10222;1
78;369;13;96;5
78;199;13;55999;11
78;385;13;55789;6
78;163;13;44556;15
78;218;13;15555;3
78;200;13;40567;6
78;172;13;10000;4
78;92;13;44022;2
78;101;13;12123;1
78;75;13;55888;2
78;95;13;13789;1
78;166;13;40567;1
78;139;13;44888;2
78;101;13;55456;1
78;200;13;55456;2
78;170;13;15555;5
78;67;13;10789;4
78;150;13;40456;8
78;383;13;44111;2
78;70;13;13333;3
78;79;13;25369;2
78;178;13;55789;8
78;205;13;10222;14
78;172;13;55;1
78;219;13;40;2
78;128;13;55789;5
78;112;13;12222;2
78;224;13;40580;72
78;171;13;44022;1
78;197;13;44111;4
78;185;13;44111;9
78;197;13;10000;4
78;82;13;55123;9
78;128;13;10000;4
78;130;13;55111;3
78;225;13;40456;10
78;71;13;15456;5
78;209;13;15111;1
78;183;13;55111;3
78;368;13;27;1
78;89;13;25;1
78;98;13;10;3
78;222;13;55;1
78;96;13;10000;3
78;201;13;44789;5
78;72;13;13789;38
78;137;13;55111;3
78;350;13;55111;2
78;209;13;55999;8
78;367;13;25234;2
78;123;13;55321;1
78;373;13;12012;1
78;111;13;44333;2
78;97;13;10;1
78;115;13;44556;5
78;95;13;10;1
78;99;13;44222;1
78;125;13;12012;2
78;193;13;55111;4
78;216;13;55111;1
78;98;13;25123;2
78;137;13;44022;3
78;203;13;10000;2
78;169;13;44580;1
78;202;13;10100;4
78;71;13;27888;4
78;150;13;10580;22
78;124;13;27190;6
78;90;13;25456;4
78;138;13;44789;4
78;85;13;44111;2
78;152;13;12333;2
78;100;13;44510;2
78;167;13;25123;2
78;215;13;55999;21
78;344;13;44222;1
78;176;13;44123;2
78;142;13;40000;4
78;202;13;40567;1
78;73;13;40456;34
78;350;13;15456;3
78;178;13;10456;14
78;210;13;12;1
78;194;13;44;1
78;381;13;10580;4
78;118;13;55789;6
78;111;13;55999;16
78;392;13;40580;4
78;200;13;44333;6
78;96;13;44789;6
78;84;13;55888;2
78;126;13;25678;1
78;159;13;55456;1
78;71;13;15111;7
78;90;13;10456;11
78;149;13;12012;3
78;176;13;25234;1
78;72;13;25123;1
78;149;13;40123;15
78;360;13;10222;2
78;87;13;25123;2
78;392;13;96;4
78;198;13;25234;4
78;383;13;10580;13
78;223;13;25000;1
78;195;13;44333;8
78;173;13;27888;17
78;100;13;10678;1
78;378;13;25555;2
78;171;13;13345;2
78;128;13;15555;25
78;90;13;55999;14
78;152;13;55999;26
78;174;13;55999;20
78;344;13;10123;1
78;221;13;25123;3
78;156;13;40100;2
78;95;13;44222;1
78;75;13;25234;8
78;134;13;55999;1
78;164;13;27888;1
78;226;13;25234;1
78;386;13;25000;1
78;77;13;27555;2
78;77;13;40567;5
78;116;13;44888;1
78;383;13;55888;9
78;117;13;10630;5
78;114;13;27888;2
78;209;13;44333;27
78;112;13;13345;5
78;195;13;13345;2
78;368;13;25369;5
78;369;13;13232;1
78;179;13;13232;1
78;125;13;13456;2
78;98;13;25222;1
78;171;13;27888;8
78;113;13;10580;6
78;193;13;55888;4
78;216;13;55888;3
78;110;13;15456;21
78;202;13;10000;3
78;350;13;25222;2
78;228;13;10456;3
78;359;13;10456;8
78;181;13;15123;4
78;220;13;25777;4
78;344;13;13456;1
78;206;13;15678;2
78;360;13;25456;4
78;89;13;10000;5
78;203;13;10222;38
78;211;13;40888;3
78;395;13;95;3
78;208;13;25369;58
78;190;13;25369;4
78;90;13;15222;4
78;147;13;36333;1
78;132;13;27277;1
78;68;13;40000;2
78;186;13;95;8
78;198;13;10345;2
78;159;13;10345;7
78;161;13;10345;10
78;156;13;13456;1
78;345;13;12111;1
78;200;13;13345;5
78;378;13;13345;2
78;132;13;44333;20
78;199;13;44333;7
78;210;13;27888;2
78;80;13;10630;14
78;378;13;40111;10
78;86;13;15000;2
78;116;13;13555;8
78;73;13;25369;3
78;99;13;13321;1
78;81;13;10678;2
78;163;13;95;8
78;79;13;10345;5
78;156;13;10345;10
78;145;13;40100;2
78;180;13;40123;2
78;103;13;10345;2
78;383;13;96;9
78;217;13;96;4
78;147;13;25888;1
78;163;13;27277;1
78;169;13;13555;13
78;178;13;27888;4
78;139;13;96;5
78;133;13;13555;1
78;78;13;13333;1
78;381;13;15456;3
78;164;13;44888;7
78;364;13;40567;21
78;212;13;27007;1
78;113;13;12222;2
78;162;13;10123;7
78;178;13;95;6
78;158;13;55456;4
78;147;13;95;4
78;143;13;10630;6
78;193;13;95;9
78;197;13;12111;1
78;190;13;13345;4
78;106;13;12000;1
78;159;13;44567;1
78;160;13;44022;8
78;152;13;13258;1
78;208;13;96;5
78;221;13;44888;2
78;180;13;25369;2
78;137;13;13111;2
78;95;13;44510;3
78;75;13;40444;5
78;112;13;44022;1
78;69;13;40567;5
78;161;13;15111;4
78;191;13;15111;6
78;227;13;12150;1
78;197;13;10678;1
78;345;13;13777;1
78;148;13;27999;2
78;98;13;15678;3
78;165;13;55012;1
78;100;13;44456;1
78;176;13;15222;2
78;151;13;55000;5
78;124;13;25333;1
78;73;13;44336;2
78;367;13;44022;5
78;151;13;13333;1
78;111;13;13123;1
78;106;13;44567;1
78;208;13;25115;4
78;91;13;12111;1
78;176;13;10111;3
78;93;13;15611;5
78;70;13;15611;1
78;101;13;27567;1
78;175;13;13456;4
78;98;13;25888;1
78;223;13;15611;1
78;188;13;15611;2
78;200;13;10345;10
78;162;13;44336;1
78;101;13;55;1
78;69;13;25555;16
78;114;13;12;2
78;145;13;10123;2
78;360;13;15123;4
78;197;13;15123;2
78;162;13;44567;5
78;154;13;44111;3
78;170;13;44567;1
78;149;13;96;14
78;180;13;55555;2
78;143;13;25777;3
78;210;13;13456;7
78;185;13;40999;1
78;144;13;10111;2
78;214;13;27567;1
78;367;13;15611;8
78;83;13;27000;1
78;218;13;27277;2
78;116;13;25888;1
78;180;13;15611;11
78;91;13;25555;2
78;159;13;96;5
78;145;13;40789;1
78;211;13;55456;1
78;74;13;40444;2
78;157;13;10345;10
78;111;13;40222;2
78;76;13;95;11
78;215;13;96;7
78;208;13;13131;3
78;212;13;25777;6
78;159;13;13131;1
78;83;13;25777;5
78;223;13;12345;2
78;160;13;25555;2
78;226;13;55580;1
78;392;13;10111;1
78;350;13;40789;1
78;76;13;13123;5
78;359;13;10100;2
78;196;13;40111;1
78;364;13;55888;9
78;78;13;44888;1
78;201;13;15456;1
78;166;13;25369;1
78;76;13;15111;9
78;208;13;40567;1
78;74;13;44567;3
78;139;13;27789;1
78;364;13;95;4
78;87;13;15678;4
78;87;13;25888;2
78;161;13;13111;2
78;386;13;15678;6
78;361;13;15678;6
78;171;13;13456;4
78;148;13;15678;4
78;181;13;15678;4
78;203;13;25;4
78;372;13;40789;1
78;227;13;55333;1
78;115;13;44022;4
78;154;13;55153;2
78;159;13;15222;1
78;373;13;13555;21
78;135;13;44556;3
78;160;13;12150;1
78;79;13;13555;3
78;381;13;10333;1
78;167;13;55888;1
78;177;13;25678;3
78;164;13;55888;5
78;383;13;95;8
78;227;13;25234;1
78;369;13;55789;15
78;150;13;55789;4
78;71;13;40888;1
78;91;13;15222;5
78;386;13;15222;5
78;75;13;15222;2
78;179;13;55555;2
78;149;13;15222;3
78;150;13;13456;1
78;86;13;55153;2
78;160;13;15678;5
78;134;13;13456;1
78;121;13;15;1
78;146;13;40;1
78;110;13;55678;1
78;192;13;55012;1
78;103;13;25777;1
78;166;13;25888;2
78;386;13;10111;3
78;215;13;27999;1
78;392;13;15678;4
78;141;13;44336;1
78;136;13;40567;9
78;149;13;55888;8
78;96;13;55456;1
78;72;13;13345;1
78;376;13;40100;1
78;206;13;40580;7
78;112;13;40123;4
78;188;13;40123;4
78;138;13;13555;2
78;157;13;15111;6
78;195;13;25234;4
78;86;13;55888;5
78;154;13;40000;2
78;169;13;15456;1
78;139;13;55456;2
78;113;13;12123;1
78;92;13;40567;4
78;82;13;15456;1
78;86;13;40567;2
78;167;13;25;1
78;174;13;10100;5
78;119;13;10100;2
78;225;13;27333;3
78;368;13;12222;1
78;162;13;55888;5
78;111;13;25000;1
78;181;13;96;10
78;96;13;15111;12
78;184;13;13321;2
78;175;13;44567;1
78;211;13;40444;2
78;198;13;13111;1
78;359;13;25777;10
78;203;13;55678;3
78;85;13;55555;4
78;197;13;10111;2
78;373;13;15678;2
78;373;13;25888;2
78;350;13;13456;2
78;185;13;15678;6
78;127;13;27277;1
78;158;13;15222;2
78;85;13;25777;7
78;385;13;15678;2
78;200;13;55153;1
78;171;13;15222;6
78;72;13;27567;1
78;74;13;44336;1
78;138;13;13456;3
78;77;13;25888;2
78;346;13;10111;1
78;187;13;10111;1
78;153;13;13777;2
78;223;13;55555;1
78;98;13;55555;2
78;114;13;12777;2
78;359;13;55456;4
78;373;13;44888;2
78;171;13;44888;1
78;395;13;12012;2
78;77;13;10123;3
78;152;13;15456;1
78;90;13;44000;1
78;81;13;40456;25
78;191;13;40580;6
78;223;13;55123;8
78;90;13;13345;6
78;184;13;15111;11
78;218;13;55456;1
78;218;13;25678;1
78;97;13;13222;1
78;81;13;44333;5
78;105;13;10630;4
78;349;13;15000;1
78;89;13;25777;11
78;183;13;13131;1
78;89;13;10100;1
78;349;13;44111;1
78;161;13;10456;4
78;191;13;10456;17
78;201;13;10345;1
78;164;13;10345;4
78;141;13;25555;3
78;174;13;25789;1
78;114;13;55456;2
78;202;13;40456;10
78;168;13;25678;1
78;214;13;13321;2
78;389;13;40567;3
78;113;13;13888;1
78;154;13;44022;7
78;181;13;44567;1
78;197;13;10123;4
78;117;13;15123;3
78;134;13;55123;59
78;92;13;25555;2
78;202;13;55888;4
78;174;13;15111;5
78;213;13;15111;10
78;172;13;55444;3
78;210;13;25456;1
78;155;13;44789;1
78;88;13;44022;1
78;84;13;15555;1
78;164;13;40888;3
78;386;13;15000;1
78;153;13;13345;1
78;80;13;40567;4
78;381;13;15111;5
78;78;13;15555;7
78;98;13;12222;1
78;137;13;40580;8
78;140;13;55444;1
78;153;13;10456;3
78;348;13;55999;3
78;198;13;44556;3
78;120;13;10630;9
78;110;13;40456;5
78;156;13;44255;3
78;174;13;12222;1
78;195;13;40111;1
78;119;13;15234;1
78;142;13;10100;2
78;123;13;15234;3
78;90;13;40;1
78;90;13;55;1
78;86;13;40;1
78;158;13;44222;6
78;96;13;44111;4
78;149;13;10222;1
78;126;13;25456;1
78;152;13;13333;2
78;347;13;40222;1
78;179;13;40444;3
78;145;13;55000;3
78;92;13;10123;4
78;222;13;12222;1
78;201;13;10789;3
78;142;13;40100;1
78;86;13;10100;1
78;140;13;10222;3
78;360;13;10345;12
78;158;13;10345;6
78;361;13;44789;1
78;175;13;10000;4
78;165;13;44789;1
78;155;13;25111;1
78;183;13;55789;9
78;186;13;27123;1
78;220;13;27123;2
78;208;13;12111;2
78;395;13;44567;1
78;73;13;27777;1
78;73;13;55999;13
78;215;13;44789;1
78;74;13;40580;6
78;186;13;44111;3
78;226;13;55123;7
78;210;13;55123;8
78;212;13;40100;2
78;212;13;44222;2
78;68;13;44022;3
78;71;13;44789;1
78;226;13;44111;6
78;388;13;44789;2
78;191;13;12345;1
78;73;13;10100;1
78;183;13;27888;2
78;183;13;27333;1
78;208;13;25222;2
78;80;13;10789;6
78;83;13;44580;1
78;372;13;10000;4
78;165;13;15123;13
78;212;13;10456;13
78;222;13;10789;8
78;101;13;44222;1
78;191;13;40123;8
78;172;13;27888;4
78;214;13;10100;2
78;126;13;44222;5
78;373;13;40444;1
78;86;13;40444;5
78;150;13;40444;1
78;225;13;44022;6
78;87;13;40100;2
78;369;13;44255;4
78;151;13;25000;1
78;369;13;25222;2
78;185;13;55123;8
78;156;13;44222;2
78;217;13;44111;2
78;128;13;25123;1
78;90;13;25369;2
78;157;13;25123;9
78;395;13;10000;2
78;371;13;25777;1
78;80;13;13131;2
78;127;13;13456;5
78;178;13;55000;9
78;169;13;40123;2
78;228;13;44789;1
78;76;13;25555;1
78;172;13;25555;2
78;346;13;40444;2
78;153;13;40789;23
78;71;13;10678;1
78;386;13;44022;7
78;216;13;10222;2
78;172;13;10789;8
78;124;13;15234;2
78;381;13;10630;11
78;195;13;25123;3
78;118;13;40000;5
78;191;13;10789;8
78;158;13;55444;2
78;225;13;12000;1
78;349;13;44255;4
78;94;13;10123;7
78;97;13;40567;3
78;189;13;13131;1
78;170;13;55012;2
78;181;13;55520;1
78;350;13;15678;3
78;182;13;27277;1
78;135;13;13567;1
78;143;13;55111;2
78;152;13;44222;3
78;128;13;15678;1
78;389;13;15678;1
78;392;13;55000;3
78;138;13;27277;2
78;386;13;25;1
78;214;13;10456;6
78;181;13;44333;7
78;123;13;25456;5
78;166;13;40580;7
78;214;13;55444;1
78;180;13;40580;5
78;222;13;55555;2
78;195;13;25222;2
78;75;13;13123;4
78;386;13;55123;6
78;360;13;27888;1
78;75;13;44022;1
78;124;13;12345;2
78;224;13;44111;1
78;112;13;44111;1
78;118;13;25456;5
78;166;13;40444;2
78;360;13;55444;1
78;148;13;55999;6
78;220;13;55999;3
78;146;13;10580;14
78;118;13;40444;3
78;145;13;44;1
78;228;13;40;3
78;135;13;13;1
78;68;13;15555;1
78;196;13;25678;2
78;169;13;25000;1
78;169;13;44333;7
78;344;13;13345;1
78;104;13;55678;2
78;102;13;25777;2
78;111;13;55555;6
78;225;13;13555;3
78;206;13;25111;1
78;180;13;13456;6
78;143;13;13456;5
78;182;13;13567;1
78;115;13;27567;1
78;140;13;27277;1
78;226;13;13345;2
78;201;13;25369;2
78;183;13;95;1
78;167;13;15678;4
78;213;13;27333;1
78;117;13;25123;5
78;157;13;55321;1
78;214;13;12222;1
78;92;13;12111;1
78;180;13;40100;1
78;346;13;27888;1
78;210;13;44567;2
78;348;13;43;1
78;350;13;40;4
78;203;13;55123;3
78;92;13;15456;1
78;143;13;25999;2
78;349;13;25456;3
78;126;13;27888;1
78;187;13;55000;4
78;201;13;10111;9
78;169;13;13456;1
78;112;13;25456;9
78;140;13;25555;1
78;134;13;25369;2
78;109;13;13222;2
78;136;13;13555;7
78;165;13;55456;1
78;151;13;44888;1
78;80;13;40456;26
78;212;13;10630;14
78;112;13;15111;6
78;376;13;15111;4
78;79;13;40444;1
78;134;13;10000;2
78;202;13;15000;4
78;386;13;13555;15
78;188;13;25777;5
78;195;13;13131;1
78;171;13;15611;5
78;368;13;10580;1
78;113;13;12345;1
78;154;13;13333;4
78;132;13;25789;2
78;383;13;12234;1
78;139;13;44789;4
78;87;13;96;6
78;85;13;15111;6
78;224;13;25234;2
78;376;13;55111;6
78;129;13;55999;2
78;109;13;44556;2
78;108;13;12222;2
78;109;13;40123;6
78;369;13;25123;2
78;202;13;27777;1
78;85;13;40580;12
78;168;13;10456;11
78;152;13;44022;4
78;372;13;96;4
78;186;13;10333;1
78;130;13;13333;3
78;76;13;44567;2
78;194;13;15123;1
78;103;13;44333;2
78;101;13;15123;2
78;169;13;44789;1
78;213;13;44111;3
78;196;13;10000;9
78;174;13;10456;9
78;220;13;44888;6
78;95;13;15111;15
78;146;13;40456;17
78;366;13;40100;2
78;98;13;44556;2
78;89;13;40123;9
78;203;13;40100;2
78;129;13;15555;22
78;159;13;10100;1
78;90;13;10630;8
78;124;13;44022;1
78;146;13;55999;7
78;204;13;12222;3
78;94;13;25123;1
78;116;13;10000;5
78;145;13;10789;15
78;371;13;44333;2
78;80;13;44333;7
78;76;13;10456;7
78;71;13;10580;2
78;83;13;95;4
78;70;13;10345;1
78;209;13;10345;2
78;359;13;10345;5
78;132;13;55888;4
78;178;13;15123;5
78;174;13;13345;5
78;139;13;13345;5
78;156;13;40;4
78;185;13;10;1
78;76;13;25;1
78;84;13;15;1
78;84;13;40;6
78;110;13;96;7
78;218;13;55789;8
78;175;13;95;5
78;107;13;95;3
78;147;13;15555;1
78;348;13;96;6
78;128;13;55999;1
78;76;13;25234;4
78;156;13;25234;3
78;92;13;40580;2
78;350;13;25123;3
78;180;13;12012;1
78;216;13;25555;1
78;157;13;25369;1
78;89;13;44456;1
78;147;13;10111;1
78;119;13;27567;1
78;170;13;44336;1
78;162;13;44000;2
78;218;13;40456;20
78;346;13;25369;2
78;212;13;25;1
78;212;13;40;5
78;186;13;10;1
78;185;13;12;1
78;217;13;55;1
78;347;13;13;2
78;75;13;10;1
78;74;13;55;1
78;165;13;15;1
78;173;13;13;1
78;173;13;15;1
78;72;13;12;2
78;344;13;15;1
78;115;13;40;2
78;148;13;43;1
78;182;13;10;1
78;367;13;65;1
78;84;13;15678;9
78;104;13;40580;74
78;144;13;95;2
78;218;13;25234;2
78;207;13;40123;3
78;222;13;12000;1
78;181;13;55444;3
78;159;13;15000;1
78;158;13;40580;9
78;115;13;40580;4
78;217;13;10123;4
78;142;13;95;8
78;174;13;25234;2
78;378;13;96;1
78;385;13;10345;2
78;98;13;44456;1
78;212;13;15611;2
78;213;13;10111;1
78;143;13;27277;1
78;134;13;40567;7
78;383;13;10456;7
78;386;13;25111;5
78;96;13;15555;3
78;192;13;15222;2
78;191;13;25888;3
78;79;13;25123;4
78;107;13;12222;1
78;84;13;10789;7
78;84;13;25123;3
78;122;13;12;2
78;205;13;55456;3
78;199;13;13333;5
78;196;13;55444;1
78;185;13;10456;17
78;146;13;10456;17
78;126;13;10;3
78;103;13;12;1
78;219;13;44;1
78;160;13;44789;1
78;203;13;44111;1
78;345;13;25456;3
78;67;13;40;3
78;122;13;40;1
78;92;13;13321;2
78;179;13;10333;1
78;215;13;10789;10
78;196;13;40580;12
78;190;13;10222;1
78;179;13;40000;3
78;165;13;10789;10
78;181;13;44222;1
78;366;13;44333;3
78;214;13;55111;1
78;175;13;25234;1
78;115;13;40123;5
78;208;13;25;3
78;105;13;55;1
78;92;13;10789;7
78;213;13;10789;6
78;188;13;44222;2
78;164;13;10123;1
78;193;13;10789;12
78;77;13;10000;9
78;225;13;10000;9
78;100;13;44789;8
78;180;13;25456;4
78;92;13;13123;2
78;87;13;13123;1
78;80;13;44556;5
78;133;13;40580;3
78;136;13;55999;30
78;104;13;55999;5
78;176;13;40580;9
78;381;13;40100;1
78;203;13;44;1
78;226;13;12;2
78;133;13;55;1
78;183;13;25;3
78;127;13;13;1
78;99;13;10;2
78;99;13;40;2
78;188;13;15;1
78;187;13;10580;10
78;69;13;10456;8
78;93;13;40000;1
78;116;13;40000;2
78;152;13;10580;8
78;200;13;27333;2
78;204;13;10000;12
78;166;13;44000;1
78;159;13;44888;1
78;145;13;55456;1
78;372;13;10456;12
78;227;13;10456;9
78;166;13;15;1
78;166;13;25;1
78;221;13;40580;7
78;116;13;25123;1
78;226;13;13789;6
78;176;13;40888;1
78;175;13;40456;12
78;175;13;15111;12
78;162;13;25555;1
78;381;13;25456;4
78;92;13;55999;9
78;102;13;40580;47
78;221;13;55444;2
78;121;13;55444;9
78;194;13;96;11
78;359;13;25123;3
78;187;13;27888;1
78;136;13;10580;2
78;105;13;13111;4
78;148;13;15555;1
78;347;13;15456;3
78;96;13;27123;2
78;90;13;13789;2
78;191;13;27789;1
78;150;13;15611;3
78;97;13;25222;1
78;136;13;25222;3
78;85;13;10580;5
78;222;13;13321;1
78;86;13;55000;6
78;112;13;55012;1
78;211;13;25777;8
78;114;13;44333;10
78;130;13;13321;1
78;176;13;40567;7
78;175;13;25777;7
78;107;13;25777;3
78;175;13;13131;1
78;74;13;10678;3
78;147;13;10123;2
78;222;13;15123;2
78;136;13;96;6
78;367;13;25369;3
78;383;13;55520;5
78;157;13;15678;4
78;386;13;27567;1
78;145;13;44336;1
78;189;13;10111;2
78;366;13;95;6
78;124;13;44556;1
78;145;13;10345;12
78;73;13;55789;5
78;388;13;27789;1
78;349;13;27555;1
78;177;13;13555;13
78;179;13;27888;3
78;185;13;10630;16
78;93;13;10630;1
78;149;13;40888;1
78;100;13;44022;1
78;346;13;12140;1
78;129;13;10345;3
78;200;13;25888;3
78;75;13;13232;1
78;186;13;10111;2
78;144;13;55000;2
78;189;13;15678;5
78;80;13;10345;7
78;192;13;10345;13
78;160;13;40999;1
78;100;13;40444;2
78;130;13;40888;1
78;225;13;25369;3
78;117;13;13345;3
78;392;13;15000;1
78;168;13;27888;1
78;372;13;44333;3
78;181;13;25678;2
78;225;13;55456;1
78;89;13;13333;1
78;376;13;40567;6
78;188;13;40567;8
78;178;13;25234;4
78;226;13;40888;1
78;166;13;10630;5
78;203;13;13111;1
78;150;13;27008;1
78;188;13;44022;3
78;139;13;13555;10
78;80;13;40888;1
78;104;13;96;2
78;206;13;95;5
78;110;13;13222;1
78;131;13;12111;3
78;211;13;25115;2
78;174;13;25369;4
78;206;13;15111;10
78;105;13;40456;6
78;122;13;15456;2
78;152;13;13555;3
78;156;13;27555;3
78;137;13;95;4
78;202;13;95;6
78;138;13;13111;1
78;115;13;40567;16
78;155;13;40567;2
78;187;13;13333;3
78;386;13;44888;1
78;125;13;13333;3
78;205;13;13345;1
78;186;13;27999;1
78;175;13;55012;3
78;184;13;27999;1
78;210;13;13131;1
78;118;13;15222;9
78;193;13;15222;3
78;162;13;25777;8
78;97;13;25555;4
78;193;13;10000;8
78;71;13;40222;2
78;105;13;44111;1
78;82;13;55333;2
78;102;13;44022;1
78;219;13;25115;1
78;120;13;15222;3
78;152;13;40999;1
78;87;13;13456;2
78;117;13;55555;2
78;91;13;55012;1
78;182;13;13131;2
78;376;13;13567;4
78;345;13;25777;5
78;151;13;13131;2
78;116;13;25777;10
78;150;13;27567;1
78;80;13;25222;3
78;182;13;55153;2
78;91;13;55555;2
78;95;13;10345;1
78;195;13;55000;9
78;164;13;15611;5
78;193;13;25333;2
78;118;13;27008;1
78;224;13;40444;3
78;117;13;12;1
78;150;13;15;1
78;142;13;44567;3
78;219;13;10345;1
78;123;13;55789;3
78;225;13;10345;9
78;84;13;13333;2
78;126;13;13333;1
78;215;13;40789;13
78;82;13;10678;4
78;131;13;12140;1
78;221;13;13333;4
78;82;13;44567;2
78;161;13;55123;8
78;217;13;13333;6
78;122;13;13333;2
78;383;13;27123;1
78;177;13;13333;3
78;170;13;25777;1
78;91;13;13456;3
78;139;13;27000;1
78;381;13;10345;8
78;156;13;95;4
78;140;13;40123;3
78;171;13;55520;1
78;91;13;55000;2
78;207;13;27277;3
78;70;13;55000;2
78;227;13;25333;1
78;170;13;15611;3
78;197;13;25777;6
78;217;13;55678;1
78;220;13;55012;1
78;143;13;15678;6
78;139;13;15678;12
78;92;13;25888;1
78;115;13;10111;3
78;128;13;55012;1
78;125;13;55000;1
78;376;13;55000;1
78;141;13;13232;1
78;163;13;10222;1
78;190;13;55520;1
78;225;13;15611;6
78;152;13;40;1
78;145;13;40444;2
78;114;13;13222;2
78;85;13;40888;2
78;139;13;10345;3
78;189;13;27555;3
78;149;13;27190;5
78;169;13;40000;5
78;191;13;96;5
78;112;13;12000;1
78;182;13;95;5
78;79;13;55678;1
78;115;13;55555;8
78;395;13;25777;1
78;95;13;55678;1
78;92;13;15678;5
78;158;13;55;1
78;347;13;55000;1
78;90;13;55000;2
78;368;13;10100;6
78;224;13;25222;1
78;188;13;27008;1
78;87;13;10345;5
78;125;13;12111;2
78;195;13;10678;4
78;116;13;13888;1
78;112;13;10630;11
78;364;13;13555;2
78;187;13;13345;1
78;113;13;40888;2
78;177;13;55123;5
78;366;13;44022;5
78;84;13;13258;3
78;371;13;15555;1
78;71;13;10630;15
78;188;13;55888;4
78;125;13;25111;1
78;103;13;15456;4
78;134;13;25555;71
78;149;13;25369;2
78;372;13;55789;6
78;150;13;25234;2
78;194;13;40123;5
78;205;13;95;6
78;83;13;15678;2
78;86;13;55555;3
78;82;13;13456;6
78;134;13;25777;1
78;186;13;15678;3
78;179;13;44456;1
78;83;13;12111;2
78;97;13;25456;37
78;167;13;10000;4
78;161;13;25777;4
78;173;13;25777;2
78;75;13;12345;1
78;211;13;12000;1
78;194;13;44333;6
78;141;13;10630;4
78;348;13;44333;11
78;196;13;44333;6
78;162;13;25234;2
78;162;13;10222;4
78;145;13;13111;2
78;378;13;44556;3
78;145;13;25369;1
78;86;13;40123;3
78;369;13;10123;3
78;132;13;25369;2
78;191;13;27277;1
78;210;13;13567;3
78;112;13;27567;1
78;171;13;13131;1
78;137;13;25777;8
78;73;13;13456;7
78;381;13;27277;1
78;214;13;44;1
78;146;13;10;1
78;146;13;27007;1
78;191;13;13131;5
78;118;13;55678;1
78;75;13;13777;1
78;171;13;12222;1
78;366;13;15000;1
78;225;13;10456;4
78;91;13;44580;1
78;131;13;15234;1
78;108;13;55153;1
78;96;13;10111;8
78;71;13;55789;1
78;161;13;13456;1
78;161;13;55012;1
78;360;13;13777;2
78;160;13;13123;3
78;80;13;95;5
78;164;13;40000;7
78;223;13;55444;3
78;215;13;12012;3
78;68;13;15111;4
78;368;13;40123;22
78;188;13;55999;10
78;87;13;55888;5
78;86;13;15456;1
78;80;13;44;1
78;78;13;44;1
78;167;13;40;3
78;201;13;10222;26
78;199;13;25111;4
78;147;13;40567;6
78;147;13;55888;10
78;82;13;15111;5
78;381;13;12;1
78;174;13;40567;7
78;91;13;15111;10
78;194;13;25222;1
78;178;13;25222;3
78;120;13;25369;2
78;175;13;96;4
78;160;13;96;10
78;211;13;44567;3
78;158;13;40456;16
78;209;13;25777;1
78;135;13;55555;1
78;90;13;13456;6
78;79;13;15222;3
78;111;13;55520;1
78;74;13;13567;1
78;80;13;27277;2
78;137;13;27999;1
78;141;13;55555;2
78;141;13;44255;1
78;176;13;25222;4
78;378;13;13321;4
78;345;13;55888;4
78;73;13;44000;1
78;395;13;44222;1
78;143;13;15111;6
78;134;13;40456;3
78;158;13;55111;8
78;195;13;55123;4
78;364;13;55123;7
78;223;13;27190;3
78;97;13;13111;1
78;395;13;10630;1
78;207;13;15611;25
78;108;13;44111;3
78;392;13;40222;1
78;214;13;13333;6
78;216;13;40456;5
78;163;13;10580;4
78;207;13;44333;8
78;369;13;15555;3
78;90;13;15111;5
78;123;13;55888;2
78;138;13;10333;1
78;83;13;40567;3
78;168;13;55888;2
78;71;13;44222;1
78;79;13;40888;2
78;125;13;10580;3
78;119;13;44556;5
78;77;13;25369;3
78;209;13;44556;1
78;136;13;12012;1
78;151;13;55321;1
78;106;13;40567;28
78;135;13;55123;5
78;177;13;55456;1
78;69;13;13345;1
78;75;13;15111;6
78;76;13;13321;1
78;211;13;44000;2
78;198;13;10630;4
78;146;13;44111;3
78;164;13;13123;1
78;84;13;27123;1
78;170;13;10000;3
78;120;13;55123;4
78;103;13;44789;2
78;163;13;44022;2
78;81;13;44123;1
78;81;13;25999;1
78;183;13;12222;3
78;381;13;55444;1
78;92;13;27777;1
78;182;13;44556;7
78;199;13;10123;2
78;97;13;13777;12
78;198;13;40123;9
78;92;13;12222;1
78;97;13;10580;5
78;74;13;95;8
78;168;13;44111;1
78;200;13;44789;1
78;85;13;27190;1
78;145;13;44789;1
78;171;13;13;2
78;170;13;10;1
78;104;13;15111;2
78;211;13;44510;2
78;95;13;40456;15
78;131;13;55111;3
78;168;13;44022;5
78;149;13;44111;4
78;100;13;10789;7
78;90;13;13333;3
78;372;13;13333;3
78;180;13;15123;5
78;90;13;12234;1
78;208;13;44567;1
78;347;13;25456;4
78;178;13;40222;2
78;344;13;44789;2
78;137;13;13333;3
78;171;13;44567;1
78;381;13;40123;2
78;98;13;44333;5
78;167;13;55999;10
78;223;13;10789;11
78;376;13;10789;7
78;167;13;10789;9
78;148;13;10100;1
78;367;13;25456;6
78;369;13;44022;1
78;133;13;44556;1
78;191;13;12012;1
78;151;13;12012;4
78;220;13;25234;2
78;361;13;15555;3
78;122;13;40567;1
78;184;13;25456;2
78;219;13;55999;2
78;197;13;25123;4
78;185;13;40580;4
78;225;13;12222;2
78;213;13;13333;4
78;159;13;10789;3
78;82;13;13789;1
78;115;13;55789;6
78;191;13;25456;3
78;142;13;55123;19
78;202;13;55123;6
78;138;13;55123;14
78;127;13;12111;1
78;153;13;55333;2
78;206;13;12222;1
78;364;13;10789;2
78;215;13;40000;4
78;367;13;44567;1
78;105;13;25234;1
78;173;13;10123;4
78;383;13;25234;1
78;160;13;44111;3
78;144;13;10000;11
78;154;13;10789;6
78;190;13;10789;6
78;190;13;25123;4
78;179;13;55123;11
78;369;13;27190;1
78;179;13;27190;1
78;179;13;25456;5
78;174;13;13333;6
78;148;13;44123;1
78;214;13;13123;2
78;108;13;12000;3
78;165;13;25555;1
78;139;13;55111;5
78;113;13;10789;13
78;152;13;44123;2
78;212;13;40123;6
78;159;13;10123;8
78;141;13;25456;7
78;75;13;44222;4
78;178;13;13;1
78;373;13;40888;3
78;347;13;10000;3
78;126;13;44111;1
78;369;13;44111;2
78;159;13;12234;3
78;378;13;12555;1
78;224;13;13567;3
78;364;13;25222;2
78;359;13;15611;24
78;177;13;10580;5
78;182;13;55789;6
78;135;13;10100;1
78;198;13;44333;5
78;210;13;44022;4
78;215;13;44222;3
78;215;13;55789;5
78;392;13;25369;4
78;227;13;25369;4
78;135;13;15555;2
78;88;13;10100;1
78;209;13;55888;4
78;171;13;40456;6
78;169;13;12777;1
78;219;13;25555;1
78;206;13;40567;2
78;193;13;55520;1
78;125;13;10100;2
78;105;13;55012;1
78;142;13;13232;1
78;105;13;55888;1
78;136;13;15611;8
78;83;13;13555;1
78;101;13;15678;5
78;111;13;15678;10
78;81;13;25888;1
78;100;13;10111;10
78;211;13;27190;1
78;107;13;12133;1
78;371;13;15611;3
78;223;13;27200;1
78;94;13;15611;4
78;211;13;25456;6
78;386;13;13456;4
78;147;13;10580;17
78;124;13;25222;47
78;122;13;27190;1
78;223;13;10000;3
78;99;13;10000;2
78;99;13;25123;3
78;103;13;25123;1
78;181;13;27777;2
78;171;13;25111;1
78;150;13;55456;1
78;359;13;25678;1
78;180;13;25123;1
78;344;13;12111;1
78;344;13;10678;1
78;97;13;44567;1
78;86;13;44123;1
78;77;13;40222;1
78;143;13;27123;1
78;75;13;55123;9
78;111;13;25777;7
78;87;13;44255;3
78;360;13;44333;4
78;117;13;13456;2
78;95;13;15222;7
78;217;13;15678;7
78;211;13;27567;1
78;350;13;15222;5
78;192;13;55333;1
78;91;13;44222;3
78;378;13;55999;3
78;169;13;13789;2
78;118;13;10580;4
78;209;13;15222;1
78;113;13;25888;1
78;196;13;55153;1
78;347;13;15222;2
78;177;13;15611;11
78;145;13;13456;7
78;218;13;27007;1
78;361;13;13456;2
78;76;13;25777;6
78;167;13;25888;1
78;123;13;12;1
78;137;13;25;1
78;169;13;15;2
78;174;13;25999;2
78;157;13;25222;1
78;192;13;25678;1
78;154;13;15678;2
78;164;13;44336;3
78;129;13;40567;4
78;168;13;12012;2
78;225;13;10123;7
78;151;13;10123;1
78;176;13;25456;4
78;131;13;13333;2
78;201;13;25456;41
78;165;13;10456;10
78;170;13;13258;1
78;388;13;27888;3
78;117;13;27333;3
78;191;13;55333;2
78;184;13;25234;5
78;117;13;13789;2
78;117;13;40000;2
78;107;13;44580;1
78;392;13;12111;1
78;154;13;13555;4
78;140;13;44;1
78;349;13;40;1
78;200;13;15111;9
78;224;13;95;7
78;388;13;12222;1
78;112;13;27277;2
78;191;13;15555;3
78;78;13;13123;1
78;213;13;10580;2
78;147;13;27888;1
78;123;13;13123;1
78;203;13;15000;1
78;145;13;10580;19
78;184;13;55888;1
78;184;13;15456;2
78;222;13;44456;1
78;164;13;13131;2
78;151;13;44111;2
78;124;13;10000;3
78;175;13;25000;1
78;211;13;25000;1
78;369;13;25369;3
78;79;13;55456;1
78;187;13;10222;1
78;222;13;40190;1
78;172;13;44333;23
78;200;13;12234;1
78;187;13;25777;11
78;218;13;40222;4
78;196;13;44111;1
78;188;13;13131;1
78;81;13;55000;5
78;144;13;44333;10
78;166;13;13123;2
78;185;13;44789;2
78;349;13;40222;1
78;182;13;44255;1
78;179;13;40888;1
78;156;13;55888;1
78;94;13;13111;1
78;72;13;15123;2
78;191;13;12222;1
78;116;13;13345;3
78;121;13;27190;1
78;84;13;40456;23
78;179;13;44888;2
78;171;13;15456;1
78;214;13;40456;9
78;90;13;13123;1
78;188;13;27555;4
78;173;13;44510;3
78;162;13;10100;1
78;85;13;13555;2
78;113;13;13555;9
78;106;13;40580;96
78;213;13;55444;1
78;189;13;55111;3
78;132;13;15456;10
78;181;13;27789;2
78;132;13;40;4
78;360;13;25;1
78;71;13;15;1
78;116;13;10;2
78;111;13;44;2
78;148;13;12;1
78;175;13;40;2
78;176;13;40;1
78;68;13;44222;1
78;135;13;96;5
78;82;13;55111;1
78;208;13;10123;1
78;140;13;10789;12
78;169;13;55111;1
78;117;13;44123;1
78;104;13;10580;3
78;381;13;25369;3
78;344;13;55888;4
78;190;13;40580;3
78;367;13;55444;2
78;210;13;55444;3
78;211;13;40123;3
78;214;13;25123;3
78;165;13;10;1
78;115;13;27;1
78;176;13;55;1
78;349;13;44222;3
78;349;13;44123;1
78;383;13;10345;7
78;133;13;25555;76
78;117;13;27277;2
78;194;13;40567;6
78;347;13;25369;5
78;154;13;27789;1
78;77;13;40100;1
78;71;13;55444;9
78;166;13;13789;1
78;162;13;40999;1
78;190;13;55153;1
78;173;13;15222;2
78;144;13;55111;10
78;151;13;40580;3
78;87;13;44333;3
78;106;13;55789;63
78;99;13;96;6
78;139;13;10222;1
78;89;13;55153;1
78;138;13;15611;12
78;98;13;12140;1
78;227;13;25777;11
78;139;13;10111;3
78;71;13;13456;3
78;73;13;55555;3
78;124;13;55555;1
78;214;13;13131;1
78;75;13;40580;4
78;96;13;10789;4
78;361;13;10123;4
78;345;13;55444;1
78;146;13;27333;1
78;196;13;10456;11
78;221;13;55123;5
78;111;13;55123;11
78;72;13;25789;1
78;215;13;55;2
78;128;13;15111;18
78;228;13;55789;3
78;207;13;15555;2
78;81;13;55456;2
78;86;13;40456;16
78;136;13;10000;8
78;77;13;10100;6
78;69;13;12;1
78;69;13;40;5
78;120;13;12;2
78;215;13;44;1
78;155;13;40;3
78;181;13;25;1
78;179;13;40456;23
78;139;13;10789;8
78;105;13;55999;2
78;86;13;15111;2
78;369;13;15111;7
78;82;13;25456;2
78;114;13;44789;1
78;349;13;44789;2
78;200;13;13333;2
78;130;13;10123;2
78;225;13;25234;4
78;123;13;55111;2
78;381;13;44556;3
78;171;13;12012;1
78;190;13;10456;17
78;221;13;44333;5
78;199;13;12;1
78;100;13;44;1
78;129;13;43;1
78;112;13;25;2
78;81;13;10789;7
78;364;13;44222;2
78;154;13;12222;3
78;188;13;55;1
78;350;13;44022;1
78;395;13;13123;1
78;106;13;12133;2
78;225;13;44111;3
78;388;13;25456;1
78;174;13;13123;2
78;191;13;44556;3
78;181;13;12222;1
78;204;13;40580;2
78;146;13;13333;1
78;189;13;10000;6
78;176;13;55444;1
78;166;13;27888;2
78;217;13;44789;2
78;182;13;10000;1
78;152;13;25456;3
78;112;13;12;1
78;99;13;25;4
78;193;13;55789;10
78;383;13;40123;13
78;178;13;40456;25
78;163;13;25678;1
78;190;13;55999;19
78;360;13;40123;15
78;76;13;44556;2
78;172;13;44556;2
78;76;13;10123;4
78;116;13;12222;4
78;178;13;10100;1
78;82;13;25;1
78;366;13;10100;5
78;189;13;25222;3
78;142;13;44789;2
78;149;13;44789;1
78;145;13;13333;1
78;208;13;44789;1
78;165;13;40456;17
78;349;13;40567;2
78;162;13;15111;14
78;68;13;15456;2
78;210;13;13;1
78;73;13;15;1
78;73;13;36;1
78;73;13;40;3
78;361;13;10456;7
78;385;13;13789;1
78;96;13;25123;1
78;217;13;55111;4
78;96;13;44222;2
78;151;13;55111;3
78;388;13;96;2
78;189;13;25123;3
78;79;13;10100;1
78;91;13;25234;1
78;211;13;40456;12
78;93;13;40567;6
78;96;13;13258;1
78;197;13;27123;1
78;344;13;40123;10
78;219;13;55111;6
78;199;13;25123;2
78;146;13;55111;2
78;74;13;96;8
78;97;13;44556;1
78;174;13;44123;1
78;197;13;27700;1
78;91;13;55789;7
78;164;13;25000;1
78;207;13;12222;1
78;75;13;44333;1
78;91;13;25222;3
78;197;13;27555;1
78;131;13;27789;2
78;368;13;96;4
78;131;13;40567;3
78;178;13;55444;2
78;365;13;12111;1
78;185;13;55789;6
78;386;13;40456;10
78;178;13;40580;9
78;143;13;55999;26
78;117;13;13555;9
78;160;13;13345;4
78;164;13;44456;1
78;130;13;10456;12
78;228;13;44333;6
78;368;13;40567;2
78;130;13;15555;26
78;137;13;10000;7
78;350;13;10000;4
78;164;13;13345;1
78;197;13;13777;1
78;186;13;25777;10
78;88;13;10345;9
78;186;13;25555;2
78;202;13;25222;1
78;196;13;10345;3
78;169;13;10345;4
78;207;13;12111;1
78;78;13;10000;5
78;366;13;96;4
78;80;13;13888;1
78;70;13;96;5
78;184;13;10678;1
78;90;13;13567;3
78;367;13;27277;1
78;212;13;25333;1
78;169;13;15222;15
78;214;13;10123;4
78;81;13;10222;2
78;85;13;10111;2
78;124;13;55000;2
78;158;13;95;2
78;220;13;95;3
78;215;13;95;5
78;215;13;25369;1
78;117;13;15222;12
78;180;13;15222;10
78;176;13;15555;3
78;116;13;44333;9
78;226;13;44333;12
78;160;13;15611;8
78;209;13;10580;7
78;350;13;44333;6
78;344;13;10630;19
78;222;13;13345;1
78;175;13;13555;8
78;369;13;27888;2
78;141;13;13345;4
78;224;13;15111;4
78;223;13;40567;3
78;113;13;44222;1
78;90;13;40123;6
78;145;13;95;4
78;116;13;27888;2
78;123;13;25222;60
78;381;13;13345;11
78;70;13;95;2
78;86;13;27888;1
78;373;13;10123;2
78;209;13;10222;2
78;116;13;13111;1
78;79;13;96;8
78;142;13;25369;3
78;215;13;13333;1
78;209;13;13345;1
78;216;13;95;7
78;170;13;96;4
78;220;13;15456;2
78;110;13;13333;5
78;349;13;25555;2
78;187;13;25456;5
78;176;13;40789;1
78;226;13;25369;2
78;74;13;40567;8
78;220;13;25678;1
78;181;13;44000;1
78;128;13;15456;3
78;367;13;40567;14
78;111;13;44888;2
78;372;13;13555;11
78;163;13;10630;4
78;200;13;44567;1
78;175;13;44022;2
78;107;13;13333;5
78;144;13;13333;2
78;186;13;25999;1
78;345;13;40567;3
78;361;13;44567;1
78;75;13;40567;6
78;67;13;96;4
78;111;13;12111;1
78;115;13;40444;2
78;162;13;13345;3
78;183;13;25888;1
78;71;13;27000;1
78;184;13;55153;2
78;218;13;55555;1
78;168;13;55555;1
78;162;13;10111;1
78;183;13;55333;1
78;188;13;25888;5
78;84;13;55555;3
78;210;13;25777;5
78;226;13;13131;2
78;166;13;13131;2
78;392;13;13131;4
78;168;13;13131;7
78;392;13;55555;1
78;196;13;10123;4
78;113;13;10678;1
78;168;13;40444;2
78;82;13;12111;1
78;92;13;40444;2
78;95;13;55123;4
78;95;13;25456;41
78;88;13;13258;1
78;163;13;40444;1
78;210;13;12111;2
78;120;13;15678;1
78;146;13;44456;1
78;213;13;25777;5
78;117;13;13777;1
78;178;13;25777;3
78;132;13;25555;30
78;193;13;10111;1
78;204;13;25555;18
78;79;13;13333;1
78;170;13;55333;2
78;119;13;44567;1
78;361;13;25456;3
78;219;13;44022;5
78;169;13;15123;6
78;216;13;55123;2
78;147;13;15;2
78;119;13;25777;6
78;87;13;27999;1
78;226;13;15611;9
78;82;13;55520;2
78;116;13;13232;1
78;199;13;15611;19
78;176;13;44111;3
78;89;13;15611;4
78;381;13;40789;3
78;219;13;13333;6
78;108;13;96;5
78;350;13;44556;6
78;376;13;44223;3
78;217;13;55012;2
78;95;13;27999;1
78;158;13;55520;1
78;360;13;55000;8
78;185;13;25333;1
78;92;13;10345;4
78;213;13;10345;5
78;162;13;10678;1
78;173;13;13123;1
78;217;13;44022;3
78;146;13;10111;2
78;128;13;55000;2
78;177;13;25555;3
78;182;13;15555;3
78;138;13;55789;5
78;100;13;95;5
78;181;13;44456;1
78;178;13;13567;1
78;158;13;55000;2
78;347;13;55012;3
78;152;13;13222;1
78;212;13;13131;2
78;91;13;27277;3
78;198;13;55520;1
78;224;13;10456;5
78;117;13;55000;4
78;123;13;27789;2
78;191;13;13222;1
78;135;13;13222;1
78;371;13;12133;4
78;195;13;95;9
78;158;13;12;1
78;381;13;44022;1
78;115;13;25555;2
78;138;13;40789;1
78;137;13;40444;2
78;185;13;13345;4
78;196;13;10580;9
78;192;13;10630;16
78;173;13;10630;1
78;346;13;25678;1
78;71;13;13555;6
78;201;13;55888;11
78;99;13;44000;1
78;78;13;40567;4
78;176;13;55456;2
78;201;13;12111;1
78;195;13;40789;1
78;164;13;44567;1
78;84;13;12345;1
78;71;13;95;5
78;111;13;96;10
78;85;13;10456;13
78;223;13;10630;8
78;99;13;10630;8
78;112;13;13555;15
78;191;13;10111;2
78;223;13;55520;2
78;376;13;55520;1
78;386;13;13567;5
78;171;13;25777;3
78;190;13;10630;14
78;89;13;44888;1
78;164;13;25678;2
78;186;13;13567;4
78;220;13;15222;10
78;115;13;13567;1
78;158;13;44022;9
78;177;13;10000;8
78;176;13;44567;1
78;105;13;55153;1
78;187;13;55520;2
78;96;13;13777;7
78;369;13;25777;14
78;86;13;13777;1
78;140;13;25777;6
78;369;13;13456;1
78;86;13;44456;1
78;144;13;15222;4
78;81;13;13456;8
78;392;13;10;2
78;80;13;10000;5
78;153;13;55153;5
78;176;13;44456;1
78;176;13;55153;1
78;153;13;15611;4
78;95;13;10456;10
78;176;13;27888;1
78;365;13;10580;1
78;386;13;55555;6
78;104;13;55580;1
78;95;13;10100;3
78;217;13;10100;3
78;122;13;10580;1
78;93;13;10456;1
78;383;13;44333;3
78;136;13;27333;1
78;116;13;10100;1
78;366;13;15611;4
78;78;13;55580;1
78;182;13;15222;5
78;82;13;15678;6
78;96;13;55888;4
78;212;13;44022;2
78;173;13;55456;1
78;124;13;10630;10
78;217;13;13345;2
78;202;13;13555;1
78;364;13;40123;2
78;224;13;55789;40
78;112;13;40100;1
78;223;13;44556;1
78;125;13;44556;2
78;376;13;44556;6
78;223;13;13789;1
78;366;13;55999;2
78;99;13;10222;24
78;106;13;40456;5
78;150;13;44000;2
78;80;13;40;3
78;99;13;55999;1
78;146;13;55888;6
78;94;13;25111;2
78;113;13;40456;10
78;210;13;15456;6
78;80;13;15;3
78;187;13;13789;1
78;91;13;15456;1
78;102;13;27888;1
78;212;13;10580;8
78;115;13;27888;1
78;139;13;25222;1
78;197;13;27888;3
78;148;13;96;11
78;211;13;96;7
78;72;13;55888;4
78;207;13;13222;1
78;174;13;12345;1
78;368;13;27190;2
78;123;13;25777;4
78;145;13;13131;2
78;179;13;15222;8
78;156;13;13232;1
78;217;13;44333;11
78;360;13;15678;3
78;200;13;55012;1
78;369;13;15222;1
78;207;13;13567;1
78;347;13;27200;1
78;177;13;10111;1
78;164;13;55555;1
78;98;13;25777;7
78;183;13;10100;1
78;84;13;44510;1
78;157;13;40567;3
78;372;13;15456;1
78;119;13;15111;5
78;383;13;44222;2
78;345;13;55999;4
78;151;13;55999;6
78;182;13;25999;1
78;171;13;55888;5
78;372;13;15111;3
78;140;13;40456;12
78;166;13;25678;3
78;102;13;13555;2
78;111;13;13555;11
78;208;13;13555;3
78;177;13;40567;11
78;141;13;55888;6
78;84;13;44000;1
78;194;13;55888;3
78;122;13;55789;4
78;395;13;25789;1
78;192;13;55789;8
78;108;13;25234;5
78;153;13;10123;4
78;195;13;40888;1
78;198;13;55888;4
78;80;13;44000;2
78;203;13;13333;2
78;223;13;27999;1
78;130;13;96;6
78;170;13;55123;11
78;139;13;12555;1
78;179;13;12234;1
78;169;13;25456;2
78;111;13;25999;1
78;115;13;15555;1
78;155;13;55888;1
78;178;13;55123;15
78;383;13;13333;1
78;188;13;13123;1
78;221;13;44111;2
78;224;13;55555;1
78;139;13;55789;3
78;188;13;10345;10
78;149;13;10345;5
78;202;13;25234;3
78;209;13;40123;14
78;220;13;44111;1
78;114;13;12444;1
78;92;13;12555;1
78;98;13;27888;1
78;144;13;15456;4
78;347;13;44888;1
78;115;13;13321;1
78;167;13;13789;2
78;198;13;25222;1
78;218;13;10100;2
78;209;13;10789;1
78;123;13;40580;5
78;70;13;44556;2
78;74;13;25222;2
78;200;13;44111;2
78;347;13;27190;1
78;149;13;10456;12
78;345;13;27190;1
78;198;13;27190;1
78;128;13;25456;3
78;392;13;13555;9
78;128;13;55111;1
78;77;13;12012;1
78;225;13;44222;2
78;177;13;10789;9
78;100;13;40123;1
78;366;13;10580;3
78;203;13;25222;1
78;86;13;10678;2
78;369;13;27123;3
78;153;13;40580;7
78;142;13;12222;3
78;140;13;10580;7
78;95;13;10789;4
78;217;13;10789;7
78;165;13;10000;6
78;225;13;12012;1
78;100;13;44111;1
78;155;13;25123;5
78;225;13;25123;1
78;149;13;55789;9
78;197;13;40000;3
78;73;13;10789;11
78;124;13;25123;4
78;214;13;40789;1
78;149;13;25456;5
78;100;13;55999;6
78;177;13;40123;5
78;88;13;25222;1
78;349;13;25222;2
78;179;13;44255;1
78;143;13;44333;16
78;92;13;44333;8
78;203;13;13123;1
78;212;13;40000;2
78;79;13;44222;2
78;161;13;25555;1
78;147;13;44789;2
78;77;13;13789;3
78;82;13;10630;13
78;114;13;10345;6
78;152;13;10000;9
78;154;13;27123;1
78;105;13;40444;6
78;74;13;12150;1
78;367;13;10678;1
78;166;13;44789;3
78;190;13;40444;3
78;205;13;10789;1
78;142;13;44222;3
78;124;13;40580;8
78;98;13;44789;7
78;116;13;55123;8
78;156;13;55789;13
78;94;13;10789;11
78;114;13;25789;1
78;135;13;40222;1
78;84;13;44111;3
78;108;13;12345;1
78;90;13;10000;5
78;349;13;55123;11
78;179;13;10345;4
78;359;13;15123;1
78;122;13;55999;3
78;161;13;40123;3
78;79;13;10789;13
78;194;13;25234;2
78;148;13;25123;2
78;347;13;40123;4
78;135;13;10789;4
78;185;13;27190;2
78;228;13;44222;2
78;359;13;44222;2
78;347;13;44556;4
78;194;13;40000;1
78;359;13;55444;1
78;100;13;55789;4
78;189;13;44111;2
78;187;13;10100;5
78;197;13;55123;5
78;376;13;25222;1
78;107;13;25456;1
78;386;13;25115;1
78;75;13;13333;2
78;368;13;10000;3
78;383;13;27190;1
78;187;13;10789;12
78;89;13;27000;1
78;381;13;55012;1
78;201;13;10456;6
78;142;13;13777;1
78;173;13;10789;10
78;125;13;25777;1
78;223;13;25222;4
78;127;13;10580;1
78;163;13;44255;1
78;367;13;12150;2
78;120;13;44333;6
78;82;13;44333;4
78;220;13;44022;7
78;225;13;13333;4
78;220;13;27000;1
78;95;13;55555;2
78;193;13;55999;13
78;216;13;55321;1
78;110;13;40000;2
78;73;13;13567;1
78;167;13;15111;9
78;129;13;55000;1
78;203;13;15222;1
78;202;13;13567;1
78;217;13;15611;9
78;228;13;15222;1
78;113;13;55678;1
78;163;13;13456;2
78;209;13;15456;11
78;190;13;15123;3
78;386;13;40;3
78;161;13;10;1
78;79;13;55555;7
78;187;13;25678;3
78;117;13;10456;6
78;187;13;12123;1
78;214;13;25888;2
78;200;13;15222;11
78;145;13;27222;1
78;95;13;15678;2
78;119;13;55012;1
78;184;13;55520;1
78;347;13;15678;8
78;80;13;55000;8
78;346;13;15611;8
78;225;13;15678;10
78;188;13;25333;2
78;165;13;40123;2
78;225;13;44556;2
78;187;13;44111;4
78;159;13;27;1
78;131;13;25222;52
78;74;13;44022;3
78;143;13;10678;1
78;386;13;12555;1
78;169;13;55999;5
78;166;13;44567;4
78;369;13;44222;6
78;150;13;44123;1
78;172;13;44022;2
78;123;13;25;2
78;207;13;12;1
78;74;13;15234;1
78;119;13;25111;1
78;165;13;25234;2
78;213;13;25123;6
78;91;13;55333;1
78;188;13;10111;1
78;105;13;27277;1
78;142;13;40567;11
78;207;13;10;1
78;121;13;40456;10
78;160;13;27123;1
78;123;13;13555;3
78;68;13;44333;2
78;95;13;10630;6
78;206;13;44888;2
78;153;13;13567;1
78;151;13;13567;3
78;133;13;15611;5
78;141;13;40456;10
78;148;13;13555;1
78;70;13;10678;1
78;164;13;25456;6
78;116;13;40444;1
78;195;13;25369;4
78;139;13;10580;7
78;163;13;44333;8
78;128;13;10630;10
78;91;13;10630;12
78;203;13;27190;1
78;120;13;44789;1
78;145;13;13123;3
78;360;13;44111;2
78;151;13;10000;2
78;157;13;27190;1
78;119;13;44789;2
78;156;13;55333;2
78;346;13;27000;1
78;221;13;25111;1
78;159;13;25555;2
78;79;13;55333;2
78;69;13;12111;1
78;368;13;25456;2
78;179;13;95;9
78;146;13;96;4
78;173;13;12222;1
78;216;13;55444;1
78;147;13;10789;13
78;378;13;10789;20
78;194;13;44222;4
78;214;13;96;9
78;76;13;15456;1
78;157;13;40000;4
78;217;13;15111;7
78;77;13;55888;5
78;392;13;10456;8
78;227;13;44022;4
78;367;13;55123;5
78;86;13;40580;2
78;168;13;44222;3
78;135;13;25123;1
78;115;13;10456;10
78;216;13;44333;5
78;84;13;44255;1
78;210;13;10456;3
78;76;13;44333;4
78;205;13;55123;27
78;71;13;27190;1
78;101;13;25456;36
78;92;13;25456;5
78;83;13;25222;2
78;91;13;10456;14
78;140;13;10345;10
78;174;13;27700;1
78;152;13;25222;1
78;157;13;10456;8
78;128;13;40789;1
78;168;13;15456;2
78;214;13;55888;5
78;117;13;15555;4
78;388;13;15555;4
78;180;13;15555;1
78;193;13;25369;1
78;177;13;96;6
78;196;13;10630;12
78;212;13;55444;3
78;79;13;25234;4
78;172;13;10222;2
78;94;13;40580;2
78;156;13;10456;3
78;103;13;40456;1
78;222;13;25000;1
78;115;13;25234;5
78;83;13;25234;1
78;220;13;10456;5
78;184;13;10100;1
78;136;13;25;6
78;75;13;40;4
78;205;13;40;5
78;72;13;13;1
78;72;13;40;6
78;111;13;15;2
78;214;13;44556;7
78;158;13;25369;3
78;181;13;25369;3
78;350;13;40000;1
78;207;13;10123;3
78;173;13;10000;8
78;190;13;40;1
78;193;13;40;1
78;173;13;25;1
78;205;13;12;3
78;115;13;13;1
78;367;13;40;2
78;88;13;44123;1
78;166;13;25234;1
78;124;13;55111;1
78;226;13;25123;2
78;214;13;10345;5
78;78;13;44456;1
78;388;13;10111;2
78;92;13;10111;2
78;124;13;15555;31
78;120;13;15611;1
78;117;13;44336;1
78;210;13;44000;1
78;137;13;10630;6
78;73;13;13131;1
78;203;13;25777;3
78;108;13;15222;4
78;214;13;55555;5
78;110;13;15111;3
78;176;13;44556;5
78;95;13;12222;2
78;184;13;44222;6
78;104;13;55456;2
78;199;13;13456;1
78;199;13;55012;1
78;192;13;13567;2
78;211;13;55111;1
78;386;13;10123;6
78;135;13;40444;2
78;195;13;96;7
78;142;13;96;8
78;92;13;10222;2
78;135;13;40789;1
78;97;13;44111;1
78;75;13;25369;2
78;139;13;44022;2
78;76;13;44111;2
78;226;13;15555;1
78;174;13;44888;2
78;170;13;44888;2
78;113;13;15456;4
78;189;13;12123;2
78;367;13;55456;2
78;369;13;12123;1
78;101;13;40456;13
78;228;13;15111;6
78;383;13;10000;15
78;228;13;55999;13
78;197;13;10100;3
78;77;13;10580;8
78;72;13;44333;39
78;129;13;55;2
78;131;13;40;2
78;157;13;55111;2
78;174;13;10789;9
78;167;13;55789;3
78;176;13;27777;2
78;82;13;27190;1
78;84;13;10000;3
78;126;13;10000;77
78;172;13;25;1
78;389;13;15;1
78;163;13;44789;3
78;180;13;55444;1
78;373;13;55321;1
78;164;13;44222;2
78;223;13;55789;4
78;147;13;44111;3
78;344;13;55111;3
78;346;13;44556;10
78;153;13;25123;2
78;75;13;55999;8
78;368;13;55;1
78;183;13;12;1
78;206;13;12;1
78;224;13;40456;8
78;183;13;13;1
78;141;13;12;1
78;141;13;44;1
78;103;13;40580;37
78;165;13;55999;4
78;218;13;55444;1
78;168;13;40580;10
78;144;13;10222;2
78;69;13;10789;2
78;184;13;55999;8
78;74;13;10789;8
78;165;13;40000;4
78;140;13;44255;1
78;218;13;55123;4
78;350;13;10100;11
78;190;13;10000;6
78;146;13;10000;6
78;73;13;55123;9
78;168;13;15555;1
78;165;13;10333;5
78;68;13;40567;4
78;137;13;25678;1
78;95;13;15000;1
78;100;13;15111;21
78;349;13;55888;7
78;106;13;44;1
78;162;13;40;3
78;208;13;40456;11
78;154;13;13456;3
78;223;13;44255;1
78;88;13;13232;1
78;347;13;13789;1
78;93;13;40580;3
78;160;13;55444;1
78;83;13;10789;6
78;174;13;95;2
78;119;13;95;8
78;228;13;25123;2
78;81;13;12222;1
78;104;13;44333;9
78;182;13;10678;4
78;174;13;13111;3
78;119;13;13111;1
78;152;13;40000;1
78;76;13;10100;3
78;206;13;27888;2
78;376;13;27888;3
78;79;13;10580;13
78;179;13;25555;1
78;88;13;13345;1
78;105;13;95;2
78;186;13;13321;1
78;126;13;40567;5
78;225;13;15555;2
78;193;13;44022;1
78;197;13;40567;6
78;90;13;15123;2
78;216;13;25115;4
78;383;13;55456;1
78;154;13;15111;3
78;388;13;10630;2
78;150;13;55000;5
78;179;13;15611;3
78;376;13;55153;5
78;369;13;55000;7
78;216;13;10456;9
78;366;13;13345;3
78;118;13;25678;1
78;118;13;55888;2
78;140;13;44111;4
78;140;13;10000;7
78;77;13;27000;1
78;186;13;55555;2
78;137;13;12888;1
78;367;13;27888;1
78;95;13;12140;1
78;103;13;95;3
78;160;13;25369;1
78;155;13;95;5
78;144;13;25369;3
78;134;13;55789;30
78;207;13;10222;1
78;75;13;55520;2
78;217;13;10111;2
78;157;13;36333;1
78;180;13;25888;2
78;220;13;44336;1
78;149;13;55520;2
78;68;13;15678;3
78;145;13;15678;4
78;73;13;55000;1
78;196;13;27200;1
78;169;13;25369;5
78;107;13;55555;1
78;144;13;55555;2
78;172;13;13456;2
78;115;13;25777;7
78;150;13;15123;1
78;117;13;27789;2
78;97;13;40456;9
78;189;13;10456;12
78;368;13;13555;2
78;193;13;13345;2
78;160;13;13555;5
78;86;13;40111;1
78;222;13;10630;9
78;176;13;10630;4
78;366;13;13555;4
78;385;13;10630;2
78;222;13;55456;1
78;195;13;44888;2
78;132;13;13555;1
78;376;13;15555;1
78;197;13;10630;6
78;376;13;12333;1
78;80;13;15123;2
78;372;13;44556;4
78;372;13;40123;3
78;114;13;44556;3
78;162;13;40123;6
78;114;13;10123;4
78;76;13;96;15
78;217;13;27789;1
78;73;13;27789;1
78;78;13;13111;3
78;194;13;13345;3
78;128;13;55888;1
78;115;13;25999;1
78;71;13;40567;1
78;190;13;40567;5
78;181;13;55456;1
78;146;13;15123;1
78;217;13;40444;3
78;181;13;40222;1
78;216;13;13333;2
78;395;13;96;2
78;94;13;96;1
78;220;13;13345;1
78;349;13;10630;20
78;117;13;13111;1
78;219;13;55888;2
78;166;13;96;6
78;181;13;25999;1
78;361;13;44888;1
78;104;13;40567;9
78;177;13;40888;1
78;213;13;10630;6
78;99;13;13333;1
78;160;13;27789;1
78;161;13;13333;3
78;109;13;15222;3
78;199;13;55555;10
78;218;13;25777;3
78;166;13;55555;3
78;345;13;55153;1
78;133;13;15222;1
78;132;13;25777;3
78;153;13;12150;1
78;85;13;25234;3
78;386;13;25555;3
78;89;13;44567;1
78;82;13;13131;2
78;82;13;44336;1
78;73;13;27200;1
78;141;13;40444;2
78;217;13;55123;6
78;196;13;40444;5
78;88;13;12111;4
78;190;13;13333;1
78;209;13;44567;1
78;359;13;40444;5
78;156;13;13333;4
78;215;13;55123;8
78;177;13;27567;1
78;150;13;44336;2
78;104;13;25456;3
78;200;13;27567;1
78;92;13;55000;4
78;213;13;15611;2
78;147;13;27123;2
78;117;13;25777;7
78;92;13;55555;1
78;199;13;25888;1
78;205;13;15222;2
78;184;13;10345;5
78;373;13;10111;2
78;226;13;55000;4
78;210;13;15611;6
78;213;13;40;3
78;213;13;55;1
78;201;13;15611;1
78;227;13;44;1
78;169;13;12111;1
78;72;13;13333;2
78;158;13;12150;1
78;177;13;13258;1
78;75;13;10345;5
78;99;13;12150;1
78;112;13;12140;1
78;162;13;40444;1
78;181;13;55153;2
78;174;13;15222;9
78;122;13;55000;1
78;159;13;25777;3
78;344;13;15678;5
78;194;13;55789;12
78;131;13;95;5
78;195;13;15123;1
78;168;13;44336;1
78;372;13;55000;2
78;180;13;55000;4
78;77;13;13131;1
78;111;13;55012;2
78;124;13;12140;1
78;77;13;55555;1
78;217;13;13456;4
78;119;13;15678;12
78;97;13;13567;1
78;146;13;25777;10
78;91;13;10111;3
78;218;13;10111;2
78;376;13;44580;2
78;177;13;10456;10
78;101;13;25369;1
78;227;13;95;10
78;114;13;95;5
78;211;13;55888;1
78;184;13;44567;1
78;165;13;40444;5
78;192;13;95;8
78;108;13;95;6
78;168;13;44556;10
78;392;13;40123;2
78;160;13;55888;4
78;371;13;55123;7
78;345;13;44567;2
78;376;13;95;3
78;197;13;10;1
78;198;13;13;2
78;114;13;10630;3
78;85;13;40123;6
78;102;13;10345;1
78;149;13;13888;1
78;107;13;12150;1
78;197;13;40;3
78;137;13;12111;1
78;177;13;44888;1
78;190;13;13555;3
78;183;13;44888;1
78;130;13;40456;8
78;164;13;15456;1
78;188;13;55456;1
78;140;13;44567;1
78;171;13;10222;3
78;344;13;13232;1
78;97;13;15611;2
78;139;13;13777;1
78;361;13;15222;4
78;69;13;15678;5
78;202;13;96;4
78;96;13;25888;1
78;97;13;55000;41
78;142;13;27277;1
78;171;13;13777;1
78;162;13;13456;3
78;155;13;13567;1
78;146;13;55;1
78;368;13;15678;1
78;216;13;55153;1
78;361;13;27000;1
78;136;13;13131;2
78;149;13;13333;2
78;227;13;40444;3
78;127;13;44111;2
78;115;13;13333;1
78;108;13;13131;3
78;366;13;55678;3
78;105;13;15611;3
78;171;13;44222;1
78;165;13;44580;1
78;386;13;13131;2
78;360;13;13131;1
78;176;13;55000;3
78;82;13;13567;1
78;183;13;27277;1
78;149;13;25777;9
78;168;13;15222;17
78;204;13;15222;8
78;109;13;27277;1
78;220;13;55123;5
78;148;13;27190;1
78;148;13;55123;9
78;181;13;55123;6
78;191;13;15456;1
78;161;13;55456;1
78;383;13;40567;5
78;154;13;27777;1
78;195;13;40100;1
78;188;13;40100;1
78;206;13;55444;117
78;164;13;40100;2
78;191;13;13789;1
78;177;13;40000;4
78;145;13;40456;15
78;189;13;15456;4
78;80;13;55111;1
78;105;13;44222;1
78;112;13;27777;1
78;381;13;10789;15
78;85;13;44888;1
78;179;13;25678;1
78;78;13;25;2
78;213;13;55456;1
78;226;13;55888;4
78;121;13;55888;2
78;101;13;12777;1
78;194;13;44255;7
78;155;13;44333;11
78;227;13;10100;1
78;185;13;25000;2
78;90;13;44255;1
78;144;13;96;16
78;211;13;44888;1
78;144;13;40444;3
78;163;13;13888;1
78;79;13;27007;1
78;101;13;44223;1
78;206;13;55123;1
78;349;13;25777;8
78;113;13;13777;2
78;79;13;15678;5
78;369;13;15678;8
78;219;13;15222;3
78;67;13;15678;7
78;113;13;55555;5
78;76;13;15611;1
78;140;13;55678;2
78;209;13;44456;1
78;184;13;25888;2
78;112;13;55555;7
78;168;13;40456;16
78;150;13;15555;1
78;179;13;15555;1
78;186;13;10123;6
78;77;13;44556;6
78;101;13;55111;2
78;69;13;25234;2
78;205;13;55111;1
78;71;13;40456;5
78;88;13;27888;1
78;349;13;27888;2
78;98;13;15555;4
78;183;13;13321;1
78;190;13;12222;1
78;220;13;40123;3
78;185;13;10123;2
78;90;13;55444;2
78;222;13;15111;5
78;215;13;15456;2
78;197;13;15111;5
78;350;13;44888;1
78;372;13;55888;1
78;227;13;44000;1
78;76;13;55444;1
78;136;13;40100;2
78;105;13;40123;1
78;136;13;44222;3
78;112;13;55123;8
78;99;13;55123;8
78;88;13;40111;1
78;94;13;40567;6
78;167;13;55456;1
78;208;13;12555;2
78;81;13;25000;3
78;141;13;27222;1
78;206;13;15123;1
78;195;13;10345;6
78;108;13;10456;2
78;99;13;10580;1
78;101;13;10123;1
78;165;13;95;9
78;148;13;12111;2
78;148;13;27123;2
78;99;13;10345;1
78;98;13;25555;1
78;151;13;27190;3
78;150;13;44789;2
78;95;13;40567;4
78;389;13;55123;2
78;385;13;44111;1
78;175;13;44255;1
78;78;13;27888;1
78;381;13;40000;3
78;78;13;12222;2
78;109;13;44222;2
78;366;13;13333;4
78;170;13;12000;1
78;174;13;25555;1
78;360;13;10000;10
78;359;13;10789;12
78;366;13;10456;6
78;180;13;44022;1
78;120;13;27190;1
78;207;13;13333;1
78;181;13;10000;10
78;162;13;40222;2
78;91;13;10100;4
78;90;13;25;1
78;86;13;12;1
78;378;13;13;1
78;378;13;40;2
78;171;13;43;1
78;136;13;40456;8
78;193;13;27888;1
78;381;13;40580;3
78;144;13;10580;3
78;97;13;40100;2
78;395;13;10580;1
78;392;13;44022;1
78;131;13;40580;15
78;116;13;10123;4
78;180;13;44255;2
78;147;13;10100;1
78;178;13;15611;3
78;73;13;55333;1
78;187;13;44222;1
78;188;13;10789;12
78;197;13;40580;8
78;227;13;12444;1
78;217;13;55789;8
78;84;13;44222;1
78;122;13;10789;3
78;197;13;27777;2
78;197;13;55999;8
78;372;13;55123;3
78;373;13;55333;1
78;98;13;55789;6
78;167;13;40580;5
78;99;13;10789;2
78;347;13;44222;4
78;205;13;25123;1
78;162;13;55111;2
78;219;13;13789;14
78;194;13;13123;2
78;131;13;27777;1
78;74;13;13345;3
78;165;13;44111;3
78;101;13;55444;1
78;182;13;44111;5
78;142;13;55111;1
78;191;13;44222;2
78;215;13;12150;1
78;182;13;10345;8
78;75;13;55111;1
78;73;13;25123;6
78;124;13;13789;6
78;202;13;25456;35
78;68;13;25789;3
78;74;13;25555;1
78;109;13;25456;2
78;165;13;25123;1
78;182;13;13789;2
78;190;13;55333;1
78;104;13;10789;1
78;192;13;13888;1
78;162;13;10000;2
78;350;13;25456;5
78;346;13;44567;1
78;156;13;15123;1
78;68;13;55123;45
78;165;13;12000;1
78;367;13;12111;2
78;209;13;25555;5
78;182;13;25234;5
78;90;13;12222;1
78;159;13;44556;7
78;178;13;25;1
78;86;13;25456;6
78;136;13;10100;2
78;168;13;40888;7
78;77;13;25234;1
78;213;13;55111;2
78;171;13;40580;7
78;204;13;55789;32
78;187;13;44333;10
78;195;13;25777;8
78;201;13;44255;1
78;164;13;10100;2
78;105;13;10100;1
78;167;13;10580;8
78;154;13;13123;2
78;85;13;44255;5
78;113;13;10100;2
78;136;13;27190;2
78;200;13;13258;2
78;346;13;25777;4
78;161;13;10789;9
78;122;13;12222;1
78;371;13;44456;1
78;224;13;13333;6
78;193;13;55333;3
78;86;13;10456;12
78;145;13;15456;1
78;144;13;25456;7
78;135;13;44255;4
78;73;13;10580;5
78;225;13;12444;1
78;128;13;13333;6
78;128;13;40222;1
78;122;13;55123;9
78;360;13;13456;6
78;142;13;13345;6
78;127;13;15111;4
78;78;13;15111;12
78;216;13;55999;3
78;191;13;55888;4
78;156;13;25888;1
78;169;13;13131;1
78;221;13;15222;3
78;157;13;27999;2
78;102;13;15611;4
78;72;13;15611;4
78;134;13;15678;1
78;95;13;55000;49
78;148;13;55000;7
78;196;13;13567;2
78;167;13;55000;6
78;88;13;13456;2
78;386;13;40000;2
78;110;13;40789;1
78;204;13;44333;1
78;350;13;10111;3
78;106;13;15611;3
78;346;13;15222;13
78;202;13;15111;19
78;220;13;44333;6
78;208;13;40111;11
78;175;13;13777;1
78;371;13;27789;1
78;191;13;15611;3
78;141;13;25999;1
78;142;13;15611;3
78;383;13;15611;1
78;76;13;25888;1
78;181;13;27567;2
78;144;13;27567;1
78;177;13;55000;9
78;82;13;13232;1
78;82;13;15611;4
78;184;13;10123;2
78;95;13;27000;1
78;178;13;55111;6
78;361;13;55123;7
78;161;13;40;7
78;146;13;10100;1
78;151;13;15123;2
78;139;13;25123;5
78;85;13;13789;2
78;203;13;40580;3
78;117;13;55444;2
78;179;13;55444;3
78;347;13;10222;2
78;150;13;44222;13
78;85;13;40;4
78;349;13;55;1
78;143;13;15456;3
78;213;13;15456;3
78;348;13;15456;11
78;79;13;44022;2
78;197;13;25222;3
78;74;13;10456;7
78;75;13;27190;1
78;146;13;44255;6
78;119;13;25123;5
78;110;13;10580;1
78;86;13;40100;1
78;364;13;27277;1
78;130;13;15611;4
78;154;13;12333;5
78;140;13;55;1
78;137;13;12;1
78;349;13;12;1
78;119;13;12777;1
78;211;13;40789;1
78;140;13;12150;2
78;134;13;15456;1
78;105;13;40567;21
78;153;13;12333;1
78;143;13;12150;1
78;376;13;25456;2
78;138;13;13345;4
78;180;13;44333;8
78;347;13;10630;13
78;203;13;44333;5
78;104;13;10630;5
78;122;13;44789;1
78;146;13;55123;6
78;157;13;12555;1
78;226;13;10000;3
78;86;13;13123;1
78;378;13;13123;1
78;193;13;44888;1
78;216;13;44888;2
78;194;13;25456;6
78;169;13;13333;3
78;209;13;13123;1
78;167;13;27000;2
78;346;13;13777;1
78;151;13;25369;4
78;92;13;44111;3
78;130;13;13777;1
78;101;13;10456;4
78;102;13;15456;2
78;144;13;12111;1
78;200;13;10456;8
78;92;13;10456;10
78;346;13;25234;1
78;127;13;25234;1
78;83;13;12222;1
78;150;13;40580;4
78;138;13;27777;1
78;159;13;55789;9
78;72;13;25222;9
78;173;13;15234;3
78;166;13;10123;6
78;172;13;55456;1
78;218;13;13333;2
78;190;13;27190;3
78;191;13;44789;2
78;162;13;25456;4
78;161;13;15000;1
78;137;13;13789;1
78;190;13;40123;4
78;178;13;44123;2
78;221;13;10100;2
78;74;13;10580;8
78;212;13;10100;4
78;184;13;55123;5
78;197;13;44789;1
78;119;13;25456;9
78;224;13;44022;4
78;367;13;10580;1
78;85;13;13345;1
78;214;13;12777;1
78;93;13;15456;1
78;87;13;40456;25
78;113;13;13345;4
78;161;13;12777;2
78;114;13;25678;3
78;190;13;55321;1
78;87;13;55999;10
78;205;13;40000;11
78;142;13;55888;4
78;142;13;10580;3
78;210;13;44556;3
78;208;13;40100;1
78;100;13;12222;2
78;90;13;10789;7
78;139;13;40580;7
78;139;13;55444;1
78;219;13;10123;3
78;67;13;10123;1
78;75;13;10580;3
78;162;13;40888;5
78;193;13;10;1
78;132;13;44;2
78;71;13;13;1
78;151;13;25;1
78;345;13;43;1
78;163;13;44123;2
78;216;13;96;3
78;81;13;44556;6
78;142;13;10;1
78;142;13;55;1
78;212;13;55;1
78;366;13;25;2
78;184;13;40;6
78;350;13;40100;1
78;160;13;95;5
78;217;13;40580;6
78;129;13;25234;2
78;116;13;55999;18
78;368;13;12345;3
78;347;13;44123;4
78;211;13;10123;7
78;215;13;10123;7
78;225;13;55999;16
78;190;13;55444;3
78;160;13;44556;5
78;124;13;10345;3
78;196;13;25234;7
78;69;13;12140;1
78;348;13;15611;3
78;89;13;15234;1
78;116;13;15111;6
78;121;13;25111;1
78;105;13;10580;3
78;153;13;25777;12
78;140;13;55000;1
78;198;13;13456;10
78;361;13;55888;8
78;180;13;27277;2
78;139;13;27277;1
78;178;13;44336;1
78;116;13;13456;3
78;182;13;15456;3
78;159;13;15111;6
78;148;13;55444;1
78;160;13;10789;7
78;136;13;15111;3
78;69;13;15456;2
78;214;13;25777;6
78;386;13;55444;1
78;104;13;55444;1
78;75;13;55444;1
78;172;13;25369;1
78;196;13;44255;1
78;183;13;10345;11
78;184;13;25369;2
78;111;13;27190;1
78;113;13;44567;1
78;196;13;27123;1
78;376;13;96;6
78;200;13;25234;2
78;174;13;10222;2
78;120;13;15;1
78;122;13;55;1
78;71;13;55888;5
78;205;13;25111;2
78;226;13;40456;7
78;378;13;40456;5
78;225;13;13123;2
78;70;13;25;1
78;154;13;25;1
78;121;13;44022;1
78;114;13;55111;2
78;192;13;10580;11
78;126;13;12;1
78;381;13;55789;11
78;140;13;55111;1
78;146;13;44556;2
78;131;13;10456;3
78;193;13;44123;2
78;125;13;10123;3
78;216;13;10789;24
78;105;13;25;2
78;107;13;25;1
78;131;13;15;1
78;101;13;13333;1
78;80;13;55789;5
78;177;13;55789;15
78;89;13;40580;8
78;112;13;55789;11
78;188;13;55789;6
78;175;13;44789;3
78;211;13;44789;1
78;159;13;10000;5
78;87;13;44789;1
78;113;13;44111;1
78;222;13;13131;1
78;381;13;12222;6
78;222;13;40100;2
78;364;13;27;1
78;109;13;55;1
78;100;13;40580;4
78;71;13;55999;2
78;125;13;25;5
78;183;13;10;2
78;130;13;12;1
78;194;13;25123;6
78;104;13;12222;1
78;148;13;40100;1
78;148;13;12222;2
78;79;13;44556;2
78;79;13;10123;3
78;166;13;55444;4
78;160;13;10222;1
78;350;13;10456;8
78;168;13;10580;4
78;227;13;10580;21
78;73;13;25456;7
78;168;13;44789;4
78;227;13;40567;3
78;137;13;40567;11
78;373;13;15555;2
78;202;13;25678;2
78;151;13;40456;18
78;372;13;40567;3
78;190;13;15111;8
78;151;13;15555;2
78;83;13;10;1
78;106;13;15;1
78;210;13;25;2
78;162;13;12;1
78;166;13;10;1
78;350;13;12333;1
78;207;13;15111;8
78;161;13;25222;3
78;91;13;40;1
78;83;13;55;4
78;97;13;55555;1
78;173;13;25222;12
78;136;13;25123;1
78;144;13;40580;9
78;116;13;55444;2
78;367;13;96;5
78;161;13;55444;2
78;199;13;40580;10
78;345;13;40000;2
78;189;13;40580;4
78;181;13;25222;1
78;164;13;44333;16
78;92;13;95;4
78;151;13;10100;4
78;175;13;10580;9
78;124;13;13345;1
78;93;13;55789;19
78;152;13;40100;1
78;188;13;27888;1
78;81;13;40100;1
78;373;13;13345;1
78;107;13;15111;2
78;149;13;27123;1
78;87;13;25555;3
78;227;13;55999;10
78;70;13;40567;9
78;381;13;55123;15
78;197;13;40444;2
78;213;13;55999;1
78;361;13;40456;9
78;180;13;13555;6
78;206;13;55555;1
78;118;13;10456;9
78;110;13;10456;3
78;193;13;10456;11
78;171;13;44333;18
78;359;13;25000;1
78;118;13;10630;3
78;222;13;15555;2
78;381;13;13131;1
78;195;13;27000;1
78;112;13;13777;3
78;190;13;27888;3
78;140;13;25222;1
78;148;13;12000;1
78;181;13;12000;1
78;186;13;12000;2
78;197;13;96;9
78;158;13;25456;6
78;141;13;10000;5
78;140;13;44222;4
78;214;13;10222;3
78;175;13;25369;5
78;185;13;96;10
78;208;13;95;5
78;71;13;25369;2
78;72;13;55580;1
78;220;13;25333;1
78;147;13;15678;9
78;176;13;96;8
78;180;13;10123;1
78;107;13;55000;1
78;349;13;15678;5
78;77;13;13232;1
78;76;13;44456;1
78;219;13;95;6
78;212;13;13345;1
78;88;13;27555;2
78;361;13;55000;3
78;75;13;15611;4
78;348;13;15678;3
78;116;13;27277;1
78;115;13;55000;1
78;344;13;40456;3
78;185;13;55000;5
78;212;13;10111;1
78;138;13;44333;7
78;349;13;40100;1
78;344;13;96;11
78;194;13;40111;1
78;211;13;55555;2
78;76;13;55012;2
78;345;13;13555;4
78;193;13;44510;1
78;89;13;96;4
78;207;13;96;3
78;200;13;10580;7
78;371;13;10630;3
78;152;13;44333;17
78;99;13;44888;1
78;134;13;96;6
78;118;13;10345;4
78;225;13;95;13
78;128;13;40888;1
78;193;13;13333;2
78;151;13;13345;1
78;228;13;13345;2
78;94;13;25555;67
78;128;13;25678;1
78;142;13;44000;1
78;383;13;15555;6
78;136;13;15555;5
78;149;13;44567;1
78;212;13;10678;2
78;227;13;12111;1
78;117;13;95;9
78;202;13;13111;1
78;208;13;55888;5
78;86;13;13888;1
78;104;13;44567;1
78;75;13;44567;2
78;386;13;40444;2
78;92;13;25369;1
78;167;13;40888;5
78;203;13;95;6
78;180;13;95;8
78;147;13;13111;1
78;360;13;15111;4
78;67;13;55888;3
78;386;13;40567;8
78;92;13;10630;8
78;112;13;13333;2
78;161;13;12444;2
78;185;13;13258;1
78;114;13;15123;2
78;151;13;13777;1
78;164;13;13567;1
78;100;13;55555;1
78;376;13;25888;1
78;116;13;55555;4
78;146;13;40999;1
78;166;13;25777;4
78;82;13;25777;3
78;194;13;10345;3
78;116;13;27008;1
78;183;13;15678;2
78;205;13;55555;2
78;100;13;13456;1
78;84;13;13456;3
78;100;13;15611;2
78;348;13;55789;4
78;78;13;44567;2
78;392;13;40444;4
78;174;13;44567;5
78;110;13;10000;2
78;110;13;55123;8
78;193;13;27190;1
78;366;13;10111;6
78;198;13;15222;4
78;103;13;15222;2
78;218;13;55000;7
78;214;13;10111;1
78;90;13;27200;1
78;371;13;25222;1
78;79;13;25456;4
78;154;13;10000;12
78;172;13;13333;3
78;165;13;13333;3
78;165;13;40222;1
78;344;13;10111;5
78;97;13;10111;12
78;78;13;55000;4
78;71;13;15222;3
78;71;13;25888;1
78;74;13;10345;4
78;178;13;10678;3
78;157;13;44;1
78;212;13;13456;2
78;83;13;27999;1
78;178;13;13131;1
78;146;13;15611;3
78;84;13;15611;3
78;93;13;55000;1
78;205;13;15611;10
78;223;13;13232;1
78;201;13;55000;35
78;200;13;13;2
78;139;13;15;1
78;152;13;44;1
78;117;13;40;1
78;208;13;10345;5
78;123;13;25234;1
78;180;13;10345;12
78;185;13;15123;3
78;191;13;12555;3
78;373;13;27123;1
78;127;13;13333;1
78;392;13;10123;5
78;381;13;25555;1
78;189;13;40000;1
78;364;13;25555;13
78;161;13;27190;1
78;185;13;25777;5
78;156;13;27999;1
78;197;13;13131;1
78;115;13;27277;3
78;168;13;55789;8
78;67;13;15611;4
78;83;13;10111;2
78;185;13;95;6
78;350;13;10123;4
78;202;13;55789;1
78;100;13;13232;1
78;152;13;15611;2
78;364;13;27700;1
78;80;13;10100;4
78;174;13;55000;6
78;347;13;25777;3
78;220;13;44456;1
78;347;13;13456;9
78;97;13;15222;5
78;152;13;55000;1
78;171;13;13222;1
78;373;13;95;12
78;226;13;12000;1
78;214;13;25555;2
78;219;13;40567;1
78;92;13;27789;1
78;372;13;13222;2
78;152;13;95;9
78;172;13;15111;24
78;160;13;55456;1
78;72;13;40456;8
78;144;13;55888;6
78;80;13;55123;11
78;345;13;40444;2
78;130;13;25456;4
78;158;13;10;1
78;197;13;44;2
78;188;13;44567;1
78;208;13;12;2
78;82;13;27888;1
78;80;13;13321;1
78;175;13;12000;3
78;137;13;55333;1
78;364;13;10630;5
78;88;13;15234;1
78;78;13;13555;1
78;161;13;27277;6
78;83;13;13567;1
78;127;13;15555;5
78;80;13;15555;6
78;346;13;55888;8
78;195;13;15456;1
78;176;13;15456;4
78;152;13;55789;8
78;154;13;96;11
78;123;13;25369;1
78;381;13;55580;1
78;366;13;44567;1
78;142;13;10111;2
78;110;13;15611;4
78;110;13;55555;2
78;383;13;13131;3
78;215;13;55153;3
78;212;13;15678;7
78;150;13;13777;2
78;350;13;13131;3
78;214;13;40;4
78;360;13;44022;2
78;157;13;12111;1
78;118;13;55555;6
78;105;13;55000;3
78;383;13;27888;1
78;386;13;40999;1
78;136;13;55012;3
78;381;13;15678;10
78;96;13;25777;1
78;218;13;25888;2
78;75;13;27200;1
78;186;13;12555;1
78;191;13;44000;2
78;192;13;55999;13
78;98;13;10789;6
78;97;13;40580;3
78;368;13;55999;1
78;130;13;55321;1
78;201;13;55444;1
78;164;13;44556;13
78;167;13;40000;5
78;179;13;55888;2
78;378;13;15456;1
78;364;13;25234;1
78;347;13;15111;5
78;120;13;40456;6
78;83;13;15111;6
78;78;13;10;1
78;119;13;55456;4
78;190;13;12123;1
78;200;13;25678;1
78;137;13;13321;2
78;206;13;13789;3
78;94;13;10456;4
78;159;13;10580;5
78;143;13;25222;3
78;128;13;15000;1
78;77;13;27888;1
78;81;13;95;9
78;76;13;44510;1
78;221;13;55888;6
78;77;13;12123;1
78;111;13;55456;2
78;350;13;55555;1
78;228;13;13131;1
78;200;13;44456;1
78;88;13;40999;1
78;156;13;15222;4
78;369;13;13567;1
78;197;13;15678;2
78;184;13;13567;2
78;165;13;25888;1
78;140;13;55555;3
78;85;13;13131;2
78;172;13;15678;2
78;137;13;44456;1
78;140;13;55012;1
78;109;13;25777;1
78;98;13;13131;1
78;78;13;13131;1
78;183;13;25777;11
78;89;13;13131;1
78;381;13;55999;23
78;350;13;40456;17
78;138;13;40456;8
78;163;13;40456;20
78;70;13;15555;1
78;199;13;15555;3
78;67;13;15111;2
78;367;13;55111;10
78;182;13;44123;1
78;121;13;55999;1
78;90;13;40580;5
78;77;13;15111;6
78;359;13;15555;1
78;162;13;10789;9
78;367;13;44222;6
78;152;13;40580;2
78;192;13;40580;9
78;347;13;10789;18
78;188;13;55123;6
78;72;13;10630;22
78;72;13;13555;5
78;170;13;15111;37
78;360;13;55111;3
78;221;13;10789;6
78;201;13;55123;1
78;395;13;55123;1
78;223;13;40456;26
78;99;13;40456;14
78;108;13;40567;21
78;120;13;55888;2
78;129;13;15111;15
78;221;13;10630;6
78;219;13;10630;7
78;206;13;13555;2
78;120;13;13555;4
78;201;13;40456;12
78;223;13;55678;2
78;195;13;55678;2
78;125;13;55678;1
78;176;13;27700;1
78;112;13;10580;8
78;170;13;44556;9
78;174;13;40123;6
78;109;13;12000;4
78;79;13;13111;2
78;359;13;40123;3
78;139;13;40123;3
78;170;13;40123;2
78;139;13;10123;2
78;213;13;10123;1
78;171;13;96;5
78;156;13;15555;1
78;86;13;44789;2
78;158;13;44567;2
78;175;13;15456;7
78;144;13;44000;5
78;186;13;44567;1
78;87;13;10000;8
78;166;13;25555;2
78;214;13;15123;1
78;178;13;13333;2
78;97;13;44789;6
78;210;13;27190;1
78;138;13;13333;4
78;361;13;10000;6
78;141;13;27333;1
78;187;13;40000;1
78;78;13;13789;1
78;141;13;44222;6
78;219;13;10456;6
78;109;13;40111;1
78;144;13;10100;2
78;169;13;15611;7
78;139;13;12222;4
78;347;13;10456;7
78;141;13;55999;39
78;130;13;10789;3
78;207;13;27777;1
78;93;13;10123;3
78;219;13;44333;18
78;176;13;10580;4
78;117;13;25222;5
78;180;13;25222;5
78;86;13;10;2
78;111;13;40000;3
78;149;13;25234;1
78;166;13;10789;16
78;159;13;55999;39
78;214;13;12111;2
78;378;13;12111;1
78;173;13;25456;12
78;86;13;12111;2
78;346;13;40123;1
78;118;13;27777;1
78;164;13;10789;7
78;369;13;10100;1
78;154;13;40580;9
78;213;13;44333;2
78;129;13;40123;10
78;86;13;13555;1
78;115;13;55111;7
78;150;13;13555;7
78;225;13;55444;1
78;152;13;55123;2
78;75;13;27777;1
78;199;13;27777;1
78;181;13;10222;2
78;366;13;44789;4
78;386;13;44556;5
78;198;13;40580;2
78;159;13;40580;8
78;200;13;40580;6
78;159;13;44222;1
78;194;13;55444;3
78;159;13;40100;1
78;169;13;10123;1
78;106;13;44789;1
78;78;13;55123;13
78;190;13;10678;1
78;183;13;25456;5
78;104;13;44222;2
78;221;13;55111;4
78;158;13;55999;38
78;175;13;55999;23
78;136;13;55789;7
78;120;13;44111;1
78;124;13;44789;4
78;220;13;44789;3
78;157;13;44111;3
78;360;13;10456;3
78;106;13;10123;2
78;209;13;40580;2
78;114;13;25123;3
78;124;13;12222;3
78;163;13;13789;1
78;167;13;25777;6
78;169;13;44111;3
78;346;13;13456;1
78;223;13;10456;13
78;188;13;10100;2
78;228;13;15611;3
78;212;13;13333;1
78;135;13;25555;1
78;196;13;12000;1
78;198;13;55333;1
78;383;13;25789;1
78;117;13;10580;6
78;195;13;44111;3
78;360;13;55123;5
78;158;13;12555;2
78;164;13;25123;2
78;149;13;55999;7
78;118;13;55999;14
78;110;13;40444;1
78;182;13;44333;10
78;345;13;44333;5
78;83;13;25000;1
78;209;13;25678;2
78;118;13;44567;5
78;369;13;10456;17
78;85;13;15555;2
78;359;13;15456;5
78;373;13;40456;11
78;346;13;10123;2
78;344;13;40444;6
78;67;13;15123;1
78;187;13;15456;2
78;214;13;15222;3
78;76;13;27200;1
78;87;13;13555;2
78;72;13;13567;1
78;157;13;55012;1
78;365;13;25888;1
78;137;13;13567;1
78;140;13;15222;6
78;350;13;25888;2
78;345;13;10111;2
78;220;13;15611;5
78;196;13;13456;4
78;147;13;13456;5
78;221;13;15611;7
78;148;13;55520;1
78;113;13;15678;6
78;165;13;55520;1
78;158;13;55555;6
78;75;13;13456;2
78;376;13;27200;1
78;217;13;27222;1
78;122;13;55555;2
78;159;13;40;4
78;161;13;25;2
78;371;13;15678;2
78;159;13;10;1
78;151;13;10580;14
78;73;13;25234;3
78;350;13;27700;2
78;160;13;55789;5
78;144;13;55789;7
78;74;13;10123;4
78;392;13;12012;1
78;170;13;10678;2
78;119;13;40789;1
78;196;13;10789;9
78;369;13;12012;1
78;154;13;44333;20
78;92;13;10678;1
78;161;13;10678;1
78;191;13;10678;1
78;226;13;12222;3
78;207;13;40580;3
78;163;13;10789;12
78;126;13;10123;2
78;210;13;40444;1
78;226;13;40444;3
78;194;13;10678;2
78;145;13;12;1
78;207;13;15;2
78;202;13;44;2
78;174;13;25678;2
78;139;13;15456;4
78;170;13;15456;2
78;207;13;55888;4
78;101;13;15111;17
78;119;13;40456;20
78;134;13;10456;2
78;87;13;10123;4
78;345;13;15222;7
78;105;13;55580;3
78;112;13;10111;1
78;138;13;12150;1
78;182;13;13345;3
78;172;13;27789;5
78;99;13;25369;1
78;150;13;27555;1
78;144;13;40789;2
78;91;13;13345;1
78;199;13;40789;2
78;98;13;95;4
78;136;13;10630;2
78;140;13;40111;1
78;125;13;40456;5
78;188;13;15111;8
78;174;13;27333;2
78;178;13;10580;9
78;381;13;95;6
78;187;13;25999;1
78;97;13;15555;1
78;189;13;13333;4
78;113;13;44789;4
78;165;13;44000;2
78;165;13;25678;1
78;208;13;15555;11
78;103;13;40444;7
78;75;13;10678;4
78;113;13;25456;5
78;81;13;44789;1
78;174;13;44111;2
78;109;13;10456;2
78;206;13;25777;1
78;84;13;10580;4
78;347;13;10580;2
78;347;13;44333;7
78;212;13;15234;1
78;77;13;15456;1
78;153;13;13333;4
78;182;13;96;5
78;82;13;40888;2
78;169;13;40456;7
78;164;13;55111;6
78;98;13;40123;3
78;165;13;44556;8
78;367;13;44556;2
78;205;13;40123;6
78;159;13;44255;2
78;79;13;44333;6
78;184;13;27190;2
78;71;13;55123;6
78;173;13;44789;4
78;121;13;25456;5
78;81;13;10345;8
78;221;13;12150;2
78;202;13;10345;4
78;187;13;44567;2
78;159;13;13888;1
78;191;13;44022;2
78;70;13;55888;1
78;170;13;13345;2
78;167;13;96;4
78;392;13;25111;4
78;373;13;15456;3
78;194;13;12123;2
78;129;13;55456;1
78;85;13;55999;9
78;174;13;40580;7
78;177;13;44333;6
78;146;13;10222;2
78;127;13;44333;14
78;146;13;95;5
78;161;13;10000;2
78;347;13;13123;1
78;82;13;44022;2
78;212;13;12;1
78;77;13;25;4
78;383;13;25;1
78;344;13;44;2
78;115;13;15;1
78;144;13;15;2
78;79;13;10;1
78;360;13;40;6
78;151;13;10;2
78;149;13;12;1
78;225;13;12;2
78;88;13;44222;4
78;193;13;96;9
78;202;13;12222;2
78;196;13;96;10
78;172;13;13789;4
78;103;13;10789;6
78;142;13;55789;5
78;155;13;40580;78
78;77;13;10789;11
78;203;13;10789;4
78;175;13;10123;2
78;193;13;25555;1
78;78;13;55678;1
78;152;13;13131;1
78;227;13;27567;1
78;90;13;55520;1
78;141;13;55012;2
78;141;13;55153;1
78;157;13;55520;2
78;159;13;55000;2
78;117;13;55520;2
78;100;13;55456;1
78;199;13;15111;7
78;120;13;13456;1
78;101;13;13777;3
78;178;13;27567;2
78;166;13;10333;1
78;130;13;15234;1
78;178;13;40567;6
78;80;13;25369;3
78;215;13;15678;13
78;207;13;40567;11
78;108;13;25888;2
78;129;13;10789;1
78;156;13;40580;9
78;192;13;25888;1
78;74;13;44222;5
78;176;13;40123;4
78;365;13;55999;5
78;76;13;25123;9
78;72;13;55123;7
78;72;13;25456;3
78;344;13;10000;2
78;72;13;95;6
78;190;13;55888;4
78;205;13;15456;1
78;139;13;15555;4
78;85;13;44000;1
78;135;13;25111;3
78;189;13;44000;1
78;226;13;13333;5
78;77;13;25456;2
78;128;13;25234;1
78;345;13;10222;1
78;157;13;44222;4
78;111;13;27333;2
78;208;13;15;2
78;107;13;40;3
78;155;13;15;1
78;155;13;55;1
78;205;13;10456;1
78;74;13;55789;10
78;389;13;55789;45
78;89;13;25123;5
78;78;13;55444;4
78;165;13;55789;11
78;170;13;13123;1
78;195;13;10123;3
78;110;13;10789;2
78;212;13;10000;4
78;214;13;10000;1
78;171;13;44789;4
78;180;13;44111;1
78;189;13;55123;3
78;189;13;12555;3
78;180;13;10000;4
78;85;13;10000;1
78;222;13;25123;2
78;130;13;40000;1
78;195;13;13;1
78;141;13;55;1
78;89;13;44;2
78;224;13;12;1
78;187;13;10;2
78;182;13;25123;1
78;386;13;10789;5
78;190;13;13789;1
78;122;13;10123;2
78;120;13;25123;5
78;220;13;10789;5
78;70;13;40000;2
78;138;13;10456;7
78;138;13;10100;1
78;132;13;27333;1
78;392;13;10580;4
78;218;13;44333;5
78;350;13;13123;1
78;367;13;10000;2
78;372;13;25456;1
78;227;13;25456;6
78;198;13;12333;1
78;137;13;25111;2
78;217;13;15000;1
78;71;13;15234;1
78;152;13;10456;5
78;106;13;27;1
78;73;13;25;1
78;162;13;44;1
78;106;13;10;1
78;73;13;10;2
78;168;13;40;5
78;104;13;10456;6
78;386;13;10456;6
78;149;13;25123;3
78;366;13;55789;3
78;72;13;40580;5
78;386;13;25234;1
78;221;13;55789;12
78;169;13;55444;1
78;198;13;55789;11
78;107;13;10456;4
78;198;13;44255;1
78;350;13;25369;2
78;138;13;25369;2
78;81;13;55999;7
78;209;13;25123;2
78;143;13;44222;1
78;207;13;40000;3
78;148;13;25222;1
78;201;13;44333;4
78;73;13;13345;2
78;68;13;13345;1
78;349;13;13345;2
78;181;13;15555;5
78;107;13;40456;8
78;144;13;25999;1
78;111;13;40444;2
78;146;13;25555;3
78;118;13;44022;1
78;92;13;13789;1
78;139;13;55999;35
78;136;13;55456;1
78;161;13;40456;14
78;191;13;40456;22
78;173;13;27789;1
78;187;13;55555;2
78;376;13;13345;4
78;126;13;10630;5
78;110;13;55456;2
78;115;13;13555;14
78;187;13;25888;2
78;190;13;44333;12
78;205;13;44333;18
78;142;13;12140;2
78;77;13;96;9
78;81;13;13258;1
78;385;13;13123;1
78;89;13;44111;1
78;349;13;96;15
78;372;13;15678;5
78;365;13;10111;7
78;75;13;27567;1
78;96;13;15611;3
78;227;13;15222;1
78;349;13;13567;4
78;126;13;27277;1
78;71;13;55580;3
78;163;13;15222;13
78;185;13;15611;5
78;145;13;15222;4
78;189;13;15222;6
78;165;13;55000;4
78;159;13;27277;1
78;196;13;10111;1
78;74;13;55000;4
78;184;13;15611;1
78;196;13;12012;1
78;73;13;40123;6
78;88;13;40100;2
78;181;13;95;6
78;346;13;10345;6
78;91;13;27789;2
78;157;13;27555;1
78;147;13;27555;1
78;126;13;44333;14
78;80;13;13555;3
78;189;13;44255;5
78;177;13;10630;5
78;228;13;10580;2
78;97;13;13555;1
78;216;13;13345;2
78;381;13;13111;1
78;86;13;44333;5
78;222;13;13555;3
78;378;13;44333;3
78;89;13;13345;1
78;125;13;40567;4
78;222;13;44510;1
78;195;13;15555;8
78;125;13;15555;19
78;85;13;44222;3
78;167;13;15123;17
78;349;13;95;12
78;88;13;25369;2
78;116;13;95;3
78;116;13;13222;1
78;199;13;95;5
78;361;13;96;7
78;128;13;12111;1
78;78;13;25369;3
78;129;13;40888;1
78;110;13;95;9
78;74;13;44888;1
78;148;13;55888;15
78;225;13;55888;6
78;183;13;40222;2
78;153;13;27190;1
78;372;13;13258;1
78;78;13;27789;2
78;154;13;40456;12
78;193;13;40567;12
78;158;13;15456;8
78;383;13;13321;1
78;148;13;13345;1
78;217;13;55888;7
78;361;13;40567;5
78;181;13;15111;6
78;143;13;13555;5
78;115;13;27555;1
78;144;13;55678;1
78;364;13;15678;3
78;118;13;25888;1
78;84;13;13131;3
78;91;13;25777;6
78;166;13;40999;1
78;151;13;55012;1
78;77;13;10345;2
78;85;13;10222;2
78;196;13;44556;2
78;345;13;15611;6
78;183;13;44567;3
78;163;13;10678;1
78;167;13;44022;1
78;80;13;44022;1
78;177;13;44022;3
78;228;13;12111;1
78;345;13;12000;1
78;156;13;12555;4
78;174;13;55333;1
78;139;13;55333;1
78;139;13;44567;1
78;119;13;40444;1
78;131;13;44022;5
78;90;13;55555;2
78;178;13;55555;4
78;185;13;44022;1
78;180;13;27007;1
78;86;13;10111;1
78;202;13;55520;1
78;83;13;55000;5
78;86;13;55520;3
78;150;13;27277;1
78;200;13;44336;1
78;199;13;15678;4
78;190;13;13567;1
78;98;13;55000;47
78;183;13;15611;2
78;216;13;27277;1
78;165;13;10345;7
78;163;13;25234;2
78;152;13;10345;16
78;70;13;15678;3
78;99;13;15611;4
78;367;13;13567;1
78;205;13;15678;1
78;123;13;44556;1
78;139;13;27;1
78;145;13;27123;2
78;189;13;27123;1
78;189;13;10678;2
78;381;13;27123;1
78;197;13;25555;1
78;161;13;13123;1
78;108;13;55123;15
78;136;13;10678;1
78;392;13;55789;12
78;132;13;12150;1
78;136;13;40789;1
78;205;13;25555;1
78;346;13;13333;3
78;194;13;10123;6
78;388;13;55789;4
78;117;13;25234;1
78;376;13;25555;1
78;123;13;12012;1
78;180;13;25234;6
78;117;13;10222;1
78;77;13;25777;4
78;364;13;15123;1
78;208;13;25777;2
78;128;13;25777;1
78;225;13;13456;1
78;95;13;13456;1
78;170;13;15222;3
78;107;13;55580;1
78;107;13;27277;1
78;146;13;55520;2
78;90;13;15611;1
78;122;13;12111;1
78;360;13;12111;1
78;226;13;25555;1
78;347;13;96;5
78;127;13;27190;1
78;207;13;25555;2
78;79;13;15111;8
78;175;13;55456;2
78;125;13;95;3
78;376;13;13111;1
78;188;13;95;10
78;145;13;27789;1
78;161;13;95;1
78;140;13;44123;4
78;171;13;10630;6
78;114;13;13555;7
78;171;13;13555;5
78;135;13;10123;1
78;188;13;12111;1
78;223;13;10678;1
78;188;13;10678;1
78;223;13;55333;1
78;211;13;15123;7
78;195;13;55333;1
78;188;13;40444;3
78;141;13;12111;5
78;350;13;13258;1
78;350;13;40444;2
78;182;13;40222;1
78;209;13;10100;2
78;187;13;10630;10
78;368;13;13345;1
78;89;13;10630;9
78;167;13;15555;3
78;346;13;44888;3
78;183;13;40567;5
78;366;13;44000;1
78;344;13;15111;3
78;103;13;15555;2
78;112;13;12777;3
78;141;13;15555;1
78;108;13;44888;1
78;129;13;40456;7
78;381;13;15123;1
78;162;13;55789;9
78;217;13;25369;1
78;372;13;10222;1
78;83;13;36333;1
78;146;13;36333;3
78;87;13;15222;1
78;188;13;55520;1
78;166;13;13456;1
78;218;13;55012;1
78;149;13;36333;1
78;136;13;27200;1
78;216;13;55000;2
78;226;13;15678;5
78;174;13;13777;1
78;179;13;55153;1
78;140;13;13131;3
78;207;13;13456;1
78;121;13;25;4
78;94;13;27;1
78;146;13;15;3
78;392;13;13;1
78;163;13;44;1
78;344;13;55123;5
78;344;13;25456;1
78;152;13;40789;30
78;224;13;15678;2
78;386;13;27222;2
78;142;13;55555;1
78;159;13;25888;3
78;163;13;55111;6
78;373;13;44222;2
78;192;13;13456;4
78;89;13;55520;1
78;75;13;10111;1
78;173;13;55012;1
78;361;13;13131;4
78;82;13;15222;4
78;181;13;12555;1
78;108;13;25678;1
78;108;13;55456;1
78;214;13;13555;13
78;149;13;27789;1
78;209;13;13555;3
78;112;13;40000;4
78;141;13;10789;8
78;344;13;40580;7
78;110;13;55111;2
78;201;13;10123;1
78;127;13;55111;1
78;113;13;55456;1
78;114;13;25999;2
78;346;13;12222;2
78;364;13;55999;1
78;376;13;10222;1
78;91;13;40567;1
78;94;13;15456;2
78;162;13;15555;3
78;80;13;12222;2
78;161;13;55111;14
78;82;13;40456;29
78;381;13;25;1
78;78;13;40;5
78;346;13;10;2
78;162;13;55456;1
78;101;13;55888;7
78;196;13;44888;1
78;350;13;15555;10
78;85;13;44510;1
78;197;13;25999;1
78;168;13;44888;1
78;194;13;10100;1
78;168;13;25222;4
78;128;13;44333;13
78;159;13;25369;1
78;207;13;95;3
78;185;13;44510;1
78;174;13;27008;2
78;79;13;13258;1
78;107;13;55333;1
78;144;13;55333;1
78;224;13;55123;10
78;185;13;12123;1
78;175;13;55333;2
78;187;13;27190;3
78;74;13;27200;1
78;113;13;25777;7
78;88;13;25777;4
78;224;13;15611;3
78;381;13;15611;7
78;74;13;25333;1
78;76;13;55000;6
78;197;13;15222;3
78;77;13;15222;6
78;77;13;15678;5
78;85;13;44456;1
78;113;13;55000;2
78;154;13;13777;3
78;215;13;27000;1
78;97;13;10100;3
78;194;13;40456;27
78;145;13;55888;6
78;368;13;10123;2
78;126;13;15456;1
78;71;13;12222;3
78;148;13;40123;7
78;200;13;55111;2
78;152;13;25111;2
78;129;13;55444;35
78;111;13;10789;10
78;67;13;10630;2
78;183;13;15555;1
78;79;13;40000;1
78;383;13;40100;2
78;96;13;55111;2
78;219;13;55444;26
78;194;13;13333;3
78;141;13;15456;1
78;109;13;15456;20
78;219;13;25456;2
78;98;13;44510;4
78;188;13;12234;1
78;212;13;13321;4
78;166;13;55888;3
78;141;13;44000;1
78;207;13;27888;4
78;153;13;10630;7
78;219;13;55123;2
78;195;13;10580;7
78;188;13;10580;12
78;122;13;10100;2
78;158;13;10100;1
78;170;13;10123;2
78;109;13;25555;8
78;169;13;12012;3
78;223;13;10580;8
78;101;13;55123;3
78;185;13;25369;1
78;183;13;25555;2
78;172;13;15555;5
78;160;13;15456;6
78;155;13;15555;3
78;92;13;25789;1
78;207;13;25456;5
78;143;13;12000;1
78;83;13;13345;2
78;87;13;13345;1
78;146;13;13345;2
78;347;13;55123;7
78;207;13;12234;1
78;91;13;15123;1
78;350;13;13333;2
78;127;13;25456;4
78;208;13;27123;1
78;92;13;12000;1
78;74;13;13123;1
78;141;13;12222;3
78;186;13;10000;9
78;148;13;10000;4
78;165;13;13123;1
78;135;13;55111;1
78;210;13;40123;5
78;210;13;10123;3
78;226;13;10222;1
78;147;13;44255;1
78;126;13;10456;6
78;97;13;55999;2
78;78;13;44123;1
78;107;13;10580;1
78;127;13;10789;1
78;208;13;10580;6
78;126;13;10222;1
78;90;13;27;1
78;221;13;27700;1
78;203;13;10100;3
78;117;13;10100;1
78;75;13;15555;2
78;194;13;44022;1
78;171;13;12;1
78;73;13;44567;2
78;347;13;44022;2
78;185;13;25123;2
78;179;13;44567;3
78;187;13;12222;4
78;139;13;27888;1
78;73;13;40444;2
78;369;13;13333;2
78;179;13;13333;1
78;350;13;10580;5
78;174;13;44333;1
78;183;13;10123;3
78;344;13;55789;6
78;156;13;12222;1
78;79;13;12012;1
78;76;13;13345;1
78;367;13;10789;10
78;72;13;25234;1
78;226;13;10789;5
78;129;13;44222;1
78;345;13;44222;1
78;86;13;10630;11
78;95;13;10000;4
78;184;13;13345;5
78;141;13;44789;4
78;93;13;55123;37
78;95;13;40100;2
78;219;13;10000;1
78;192;13;44222;1
78;108;13;44222;1
78;389;13;40580;22
78;71;13;10789;3
78;76;13;55789;6
78;104;13;55111;2
78;189;13;55789;9
78;173;13;12000;1
78;169;13;25234;1
78;140;13;55123;13
78;120;13;12345;3
78;209;13;15123;1
78;142;13;40580;5
78;158;13;13789;1
78;168;13;13123;2
78;113;13;44022;3
78;182;13;40000;4
78;106;13;55999;1
78;361;13;12012;2
78;161;13;10123;6
78;144;13;55999;31
78;74;13;55111;2
78;95;13;40000;1
78;169;13;55789;12
78;140;13;27190;1
78;153;13;40444;1
78;361;13;44222;2
78;175;13;13789;1
78;186;13;25123;5
78;128;13;44789;2
78;147;13;27190;3
78;86;13;55123;4
78;178;13;44789;1
78;150;13;55123;12
78;171;13;25123;4
78;228;13;40580;18
78;359;13;40580;7
78;199;13;25234;3
78;115;13;55123;4
78;131;13;25234;2
78;146;13;40100;4
78;194;13;95;11
78;114;13;10789;12
78;73;13;12012;1
78;180;13;10;1
78;77;13;55123;7
78;142;13;27000;1
78;222;13;13456;5
78;193;13;25777;2
78;145;13;25456;6
78;135;13;25222;2
78;177;13;13456;3
78;364;13;25777;1
78;376;13;10100;2
78;181;13;44022;1
78;195;13;10000;7
78;201;13;25123;1
78;188;13;40580;6
78;171;13;44255;1
78;128;13;25555;1
78;198;13;40789;2
78;148;13;25115;1
78;350;13;15111;6
78;223;13;44111;2
78;220;13;15000;1
78;158;13;12222;2
78;385;13;10789;1
78;347;13;15123;1
78;72;13;13131;1
78;216;13;55520;2
78;349;13;10100;1
78;228;13;40456;3
78;359;13;40456;6
78;395;13;25555;7
78;89;13;15111;4
78;76;13;10111;3
78;217;13;13567;1
78;147;13;27999;4
78;174;13;55012;3
78;207;13;15678;7
78;138;13;13567;1
78;160;13;55520;1
78;345;13;44336;1
78;85;13;15222;3
78;189;13;27888;1
78;214;13;13567;1
78;156;13;25777;10
78;200;13;15678;4
78;139;13;55012;2
78;134;13;15222;1
78;140;13;15678;7
78;228;13;15678;1
78;148;13;15611;4
78;203;13;10456;4
78;68;13;13456;3
78;364;13;27200;1
78;187;13;27700;1
78;80;13;15222;6
78;148;13;27888;3
78;220;13;27888;1
78;163;13;12222;2
78;172;13;25777;1
78;159;13;44;1
78;148;13;44333;5
78;157;13;55999;10
78;146;13;55789;12
78;76;13;44022;3
78;203;13;55444;1
78;117;13;40580;6
78;345;13;15123;2
78;101;13;13789;1
78;91;13;12222;1
78;81;13;40580;4
78;88;13;10789;5
78;392;13;27123;1
78;224;13;12150;4
78;386;13;13123;3
78;154;13;27333;1
78;87;13;10100;3
78;168;13;10678;1
78;161;13;40789;2
78;170;13;25123;8
78;68;13;25;2
78;68;13;55;1
78;123;13;40;3
78;196;13;13;1
78;196;13;25;1
78;138;13;44;2
78;189;13;40;1
78;216;13;25456;5
78;392;13;27007;1
78;207;13;40;6
78;134;13;55;1
78;196;13;10;1
78;196;13;40;1
78;228;13;25;1
78;135;13;25;1
78;119;13;10333;1
78;84;13;15222;2
78;93;13;40444;5
78;68;13;13555;1
78;109;13;95;3
78;187;13;15611;3
78;117;13;27888;3
78;147;13;44333;2
78;177;13;25999;1
78;153;13;10111;1
78;222;13;55000;4
78;208;13;40444;2
78;347;13;12111;1
78;159;13;13555;6
78;153;13;40567;6
78;223;13;15111;8
78;182;13;27789;1
78;89;13;95;11
78;210;13;15000;1
78;161;13;13345;1
78;159;13;10630;1
78;214;13;44333;13
78;137;13;15000;2
78;187;13;40456;14
78;154;13;44510;1
78;158;13;44111;3
78;83;13;55123;8
78;87;13;25456;3
78;347;13;44789;1
78;120;13;13123;1
78;207;13;44022;1
78;85;13;13333;2
78;88;13;25456;1
78;90;13;96;8
78;175;13;40567;13
78;148;13;40456;17
78;198;13;15123;1
78;133;13;13333;2
78;79;13;44567;2
78;156;13;40444;4
78;81;13;10000;10
78;366;13;13777;14
78;373;13;15611;8
78;216;13;27700;1
78;129;13;25222;54
78;224;13;10580;2
78;179;13;13222;1
78;86;13;25369;1
78;76;13;55888;5
78;197;13;55888;4
78;105;13;13333;5
78;177;13;44123;1
78;192;13;12222;1
78;183;13;40123;3
78;89;13;40100;1
78;193;13;40580;7
78;193;13;55444;1
78;141;13;40123;3
78;150;13;10789;6
78;178;13;12012;1
78;111;13;25222;2
78;205;13;10123;2
78;110;13;44333;5
78;136;13;25000;2
78;190;13;55123;8
78;117;13;40222;1
78;388;13;40222;1
78;159;13;12555;1
78;140;13;13333;2
78;139;13;25456;4
78;165;13;10580;7
78;162;13;44255;1
78;111;13;15123;2
78;207;13;10345;7
78;219;13;12345;2
78;143;13;13345;1
78;388;13;44888;1
78;83;13;40456;25
78;97;13;15456;4
78;172;13;40567;7
78;156;13;40567;1
78;177;13;13111;10
78;135;13;10630;6
78;219;13;40100;1
78;190;13;40100;1
78;79;13;10222;1
78;155;13;25234;8
78;208;13;40123;2
78;213;13;40580;5
78;91;13;44556;4
78;368;13;10345;1
78;210;13;96;12
78;115;13;96;7
78;109;13;44789;6
78;75;13;27;1
78;220;13;13;1
78;383;13;40;2
78;344;13;40;5
78;204;13;55;1
78;151;13;40;3
78;149;13;25;3
78;366;13;13;1
78;84;13;25;1
78;217;13;25;1
78;211;13;43;1
78;205;13;55;4
78;93;13;25;1
78;149;13;40;1
78;148;13;40;2
78;144;13;13111;1
78;85;13;96;7
78;347;13;95;13
78;122;13;25123;5
78;158;13;40100;1
78;128;13;13789;9
78;107;13;10123;2
78;76;13;44123;1
78;131;13;55321;1
78;84;13;40000;3
78;175;13;40123;8
78;115;13;10345;5
78;107;13;10345;2
78;144;13;10345;6
78;163;13;10123;4
78;98;13;55678;2
78;130;13;44255;2
78;372;13;13131;4
78;152;13;27567;1
78;198;13;55000;7
78;159;13;15611;7
78;142;13;15678;6
78;200;13;55555;11
78;182;13;55456;2
78;100;13;15456;1
78;166;13;40456;8
78;204;13;55888;2
78;371;13;25369;1
78;193;13;15111;7
78;121;13;13555;2
78;81;13;13555;1
78;190;13;55678;1
78;191;13;15678;8
78;105;13;55789;45
78;162;13;27000;1
78;173;13;13567;1
78;173;13;15678;1
78;104;13;40123;1
78;146;13;44333;5
78;69;13;40580;8
78;366;13;40123;2
78;172;13;40580;8
78;212;13;27888;1
78;116;13;13333;3
78;348;13;40789;2
78;113;13;40789;3
78;135;13;44567;1
78;135;13;40000;1
78;364;13;96;8
78;221;13;95;5
78;346;13;15123;8
78;165;13;40888;7
78;213;13;10222;2
78;109;13;10345;3
78;135;13;40100;1
78;86;13;96;6
78;150;13;96;6
78;78;13;10345;5
78;74;13;25369;5
78;179;13;96;4
78;118;13;12234;2
78;70;13;55;1
78;69;13;55;1
78;67;13;25;1
78;147;13;15456;2
78;126;13;15111;5
78;143;13;13321;1
78;85;13;15456;1
78;150;13;25999;1
78;217;13;25222;1
78;150;13;40000;1
78;129;13;12;1
78;83;13;40123;6
78;131;13;10580;2
78;96;13;12;1
78;153;13;55999;17
78;109;13;40580;64
78;78;13;40580;8
78;185;13;10000;1
78;376;13;10123;2
78;364;13;55789;48
78;214;13;44789;2
78;373;13;44789;2
78;388;13;44111;1
78;151;13;25456;2
78;129;13;44111;5
78;120;13;25456;1
78;80;13;25123;5
78;127;13;25123;1
78;366;13;25123;1
78;361;13;55999;4
78;224;13;55888;8
78;364;13;13;1
78;223;13;15;1
78;361;13;12222;1
78;221;13;12222;1
78;76;13;55111;1
78;360;13;10123;8
78;156;13;44556;2
78;212;13;55111;1
78;392;13;55111;2
78;160;13;25234;2
78;148;13;55111;4
78;392;13;13789;1
78;194;13;55111;1
78;140;13;10456;4
78;199;13;12234;1
78;202;13;13123;1
78;137;13;44789;2
78;140;13;40567;13
78;138;13;15456;5
78;349;13;15456;3
78;205;13;15111;4
78;166;13;15111;18
78;162;13;55;2
78;218;13;10;1
78;218;13;25;1
78;129;13;10456;5
78;163;13;55000;3
78;104;13;10100;1
78;181;13;55789;12
78;116;13;55789;7
78;348;13;55111;2
78;120;13;55789;3
78;187;13;25000;1
78;99;13;44333;5
78;175;13;10456;7
78;211;13;10456;6
78;118;13;15000;1
78;151;13;10456;8
78;77;13;27789;2
78;158;13;25234;2
78;87;13;55111;1
78;367;13;12012;1
78;153;13;13111;1
78;190;13;96;8
78;172;13;40456;11
78;100;13;10123;2
78;174;13;44222;5
78;361;13;27888;1
78;211;13;10333;2
78;132;13;40567;6
78;82;13;15123;2
78;110;13;44022;3
78;197;13;40789;2
78;157;13;10789;12
78;220;13;15555;2
78;199;13;40567;10
78;119;13;13789;1
78;119;13;55999;12
78;105;13;15111;2
78;136;13;25678;1
78;136;13;15456;3
78;136;13;12777;1
78;223;13;13345;3
78;369;13;15611;3
78;224;13;40567;19
78;155;13;10630;1
78;360;13;55153;1
78;186;13;13131;3
78;385;13;13456;1
78;97;13;55012;1
78;184;13;13777;1
78;144;13;25777;3
78;205;13;27888;12
78;205;13;10345;8
78;222;13;40444;1
78;190;13;10345;8
78;120;13;10345;1
78;83;13;25369;3
78;199;13;96;3
78;81;13;40444;4
78;167;13;25555;2
78;117;13;44556;7
78;142;13;10345;10
78;350;13;44222;1
78;388;13;40123;3
78;177;13;13888;3
78;149;13;55000;3
78;196;13;15222;4
78;367;13;10111;5
78;148;13;27200;1
78;189;13;13567;3
78;88;13;27567;1
78;163;13;27567;1
78;144;13;15611;5
78;349;13;15222;5
78;148;13;13111;1
78;169;13;40888;5
78;209;13;27277;1
78;124;13;40123;24
78;172;13;55153;2
78;157;13;55789;11
78;175;13;40999;1
78;91;13;27555;1
78;366;13;13321;1
78;81;13;10100;1
78;189;13;27700;1
78;211;13;10630;6
78;346;13;13555;18
78;152;13;27333;1
78;137;13;44333;7
78;113;13;25000;1
78;85;13;44333;4
78;381;13;25111;1
78;112;13;13321;1
78;135;13;44333;4
78;82;13;25234;7
78;135;13;12222;1
78;365;13;95;1
78;359;13;25234;2
78;385;13;13555;1
78;381;13;40456;17
78;132;13;95;7
78;152;13;10123;2
78;178;13;10222;2
78;110;13;10345;5
78;76;13;10345;4
78;75;13;96;10
78;189;13;13555;6
78;169;13;10630;5
78;89;13;25369;1
78;381;13;96;7
78;183;13;25369;6
78;220;13;55888;3
78;220;13;55456;1
78;220;13;25111;2
78;175;13;15555;1
78;128;13;55456;1
78;205;13;12333;1
78;162;13;15123;7
78;159;13;55333;1
78;175;13;13333;2
78;160;13;40222;1
78;225;13;15123;2
78;213;13;25369;11
78;143;13;25369;2
78;139;13;25369;3
78;130;13;44888;1
78;360;13;55888;4
78;360;13;15456;1
78;214;13;95;4
78;180;13;40888;1
78;95;13;15456;2
78;179;13;12345;1
78;221;13;40789;1
78;164;13;13333;1
78;376;13;13333;1
78;171;13;15123;1
78;151;13;25777;14
78;376;13;15222;2
78;151;13;55555;1
78;141;13;15222;4
78;376;13;15678;2
78;345;13;55555;2
78;89;13;15222;2
78;197;13;13456;9
78;199;13;25777;5
78;205;13;13131;1
78;118;13;15678;5
78;100;13;55678;6
78;226;13;13777;1
78;82;13;10111;3
78;224;13;27700;1
78;185;13;10345;6
78;118;13;15123;1
78;154;13;15123;1
78;141;13;12345;1
78;186;13;10345;8
78;196;13;55789;7
78;78;13;40444;2
78;104;13;25555;12
78;109;13;44567;1
78;216;13;44111;2
78;217;13;25456;3
78;129;13;12111;2
78;227;13;13888;2
78;142;13;12111;2
78;121;13;12345;3
78;228;13;40444;18
78;113;13;12111;1
78;209;13;40789;2
78;359;13;40789;2
78;215;13;12111;3
78;72;13;44022;2
78;74;13;13333;2
78;149;13;13123;1
78;139;13;40444;4
78;110;13;25789;2
78;147;13;13131;1
78;174;13;13131;2
78;90;13;27000;1
78;152;13;13777;1
78;143;13;13131;2
78;179;13;55520;1
78;207;13;44336;1
78;87;13;13232;1
78;190;13;13232;2
78;139;13;15611;1
78;116;13;15678;8
78;70;13;15222;1
78;99;13;55000;46
78;364;13;15611;4
78;110;13;25333;1
78;78;13;15611;5
78;176;13;12000;3
78;217;13;12345;1
78;139;13;25;1
78;369;13;10;1
78;148;13;13123;1
78;381;13;55333;1
78;176;13;27008;1
78;192;13;55123;12
78;147;13;55789;12
78;140;13;55789;8
78;147;13;25234;1
78;140;13;44556;5
78;187;13;13888;1
78;111;13;44456;4
78;220;13;55153;1
78;74;13;55555;3
78;147;13;15611;4
78;346;13;10100;4
78;227;13;55000;7
78;381;13;10456;11
78;100;13;15555;1
78;117;13;15611;15
78;80;13;10456;13
78;113;13;95;7
78;135;13;40888;1
78;111;13;40456;9
78;147;13;25555;1
78;212;13;96;9
78;171;13;95;7
78;85;13;25369;1
78;117;13;25555;1
78;222;13;12555;4
78;112;13;13222;1
78;201;13;13111;1
78;194;13;44556;4
78;158;13;40;2
78;197;13;25;1
78;216;13;12;1
78;158;13;27;1
78;198;13;40;2
78;216;13;40;4
78;112;13;13888;1
78;112;13;44567;1
78;99;13;40444;1
78;98;13;13258;1
78;135;13;40123;4
78;364;13;12111;1
78;112;13;55333;1
78;78;13;10678;7
78;137;13;10678;1
78;138;13;40444;3
78;155;13;25555;16
78;113;13;10456;8
78;392;13;44333;5
78;385;13;25456;4
78;79;13;10630;7
78;188;13;13555;3
78;141;13;44888;1
78;364;13;15456;24
78;90;13;25234;2
78;133;13;40456;2
78;141;13;40567;10
78;99;13;44510;2
78;189;13;95;6
78;367;13;95;8
78;72;13;96;15
78;142;13;40456;15
78;95;13;25369;2
78;227;13;55789;8
78;176;13;10345;12
78;170;13;13777;1
78;221;13;96;7
78;171;13;27000;1
78;96;13;15222;2
78;144;13;15678;3
78;191;13;44336;1
78;179;13;25777;4
78;168;13;44456;1
78;81;13;55555;6
78;92;13;27999;2
78;220;13;15678;4
78;178;13;13555;6
78;163;13;15123;10
78;90;13;40444;1
78;372;13;40444;3
78;160;13;25888;1
78;169;13;55;1
78;173;13;13131;3
78;216;13;13131;5
78;110;13;13456;3
78;192;13;25777;7
78;123;13;55999;1
78;360;13;10580;18
78;132;13;44255;1
78;158;13;10580;10
78;142;13;55153;1
78;149;13;55580;1
78;149;13;13131;2
78;192;13;15456;2
78;214;13;10630;4
78;193;13;27555;2
78;228;13;13555;4
78;99;13;40000;1
78;118;13;55111;6
78;167;13;55111;4
78;88;13;15111;6
78;127;13;40000;5
78;206;13;55999;3
78;112;13;55999;18
78;109;13;40000;1
78;78;13;40000;2
78;146;13;25678;1
78;94;13;55888;2
78;392;13;15111;22
78;216;13;25123;2
78;179;13;40567;4
78;203;13;44510;6
78;180;13;55888;1
78;150;13;25111;1
78;381;13;40;2
78;207;13;12777;2
78;170;13;40567;4
78;140;13;13321;3
78;162;13;25678;1
78;200;13;25111;1
78;226;13;15111;34
78;378;13;27700;7
78;93;13;10580;1
78;162;13;13222;1
78;120;13;95;2
78;186;13;96;3
78;74;13;13321;1
78;194;13;25555;2
78;79;13;12123;1
78;220;13;12333;1
78;202;13;13777;16
78;373;13;15222;7
78;86;13;15678;4
78;346;13;27277;1
78;74;13;15678;7
78;381;13;55000;1
78;209;13;13131;6
78;348;13;13131;8
78;90;13;55153;1
78;184;13;10111;2
78;172;13;15611;5
78;140;13;44456;1
78;177;13;27277;1
78;125;13;55555;1
78;381;13;13789;1
78;137;13;40456;10
78;116;13;15555;3
78;219;13;15111;12
78;208;13;15111;5
78;67;13;44123;1
78;121;13;10789;1
78;78;13;44255;1
78;85;13;55000;6
78;152;13;55888;8
78;115;13;55999;19
78;154;13;44556;1
78;84;13;44567;2
78;84;13;40444;5
78;188;13;40888;1
78;207;13;13345;1
78;349;13;25000;1
78;161;13;40567;8
78;215;13;25111;1
78;212;13;15456;2
78;159;13;25111;1
78;212;13;12123;1
78;111;13;44556;4
78;111;13;40123;3
78;367;13;12222;1
78;185;13;44556;4
78;157;13;13321;1
78;79;13;55444;4
78;172;13;40000;1
78;188;13;27190;3
78;74;13;15111;4
78;177;13;15456;5
78;78;13;15456;1
78;137;13;25234;2
78;350;13;10222;1
78;98;13;44223;1
78;156;13;13321;1
78;72;13;25999;1
78;360;13;55333;1
78;148;13;13258;2
78;220;13;55333;2
78;83;13;10000;5
78;81;13;55123;6
78;106;13;13333;5
78;158;13;10000;6
78;72;13;44111;1
78;111;13;44111;1
78;137;13;55000;5
78;76;13;13111;1
78;213;13;44556;1
78;77;13;13123;2
78;172;13;44789;6
78;115;13;44789;2
78;138;13;25234;3
78;228;13;44556;2
78;78;13;12150;1
78;119;13;25789;1
78;91;13;44789;2
78;194;13;44111;3
78;196;13;40456;24
78;79;13;25000;1
78;76;13;25000;1
78;105;13;10456;3
78;145;13;40580;3
78;344;13;27888;6
78;208;13;27333;1
78;349;13;15611;4
78;186;13;10678;2
78;142;13;10000;3
78;90;13;44;1
78;210;13;25789;1
78;108;13;25000;1
78;77;13;55111;2
78;103;13;10123;2
78;116;13;55111;2
78;128;13;27190;1
78;211;13;10100;2
78;81;13;44222;4
78;346;13;13789;2
78;344;13;55999;5
78;111;13;10580;5
78;84;13;10222;1
78;139;13;40000;4
78;191;13;10100;4
78;96;13;25456;47
78;346;13;40580;10
78;222;13;55789;6
78;224;13;44333;6
78;368;13;44333;2
78;215;13;44556;3
78;76;13;12012;1
78;131;13;44222;3
78;386;13;44789;1
78;372;13;27190;2
78;227;13;13333;1
78;105;13;10789;2
78;199;13;13789;2
78;87;13;40580;7
78;111;13;25234;2
78;124;13;10789;1
78;181;13;25234;8
78;161;13;25456;5
78;214;13;40444;2
78;129;13;25456;2
78;114;13;55333;1
78;114;13;40444;1
78;88;13;25999;1
78;130;13;13789;14
78;204;13;55123;71
78;383;13;10222;2
78;119;13;13333;2
78;167;13;40123;4
78;127;13;40580;12
78;156;13;12012;1
78;94;13;10630;1
78;179;13;10630;6
78;365;13;10000;4
78;72;13;44789;2
78;115;13;12345;1
78;190;13;13258;1
78;367;13;55333;1
78;71;13;44567;2
78;83;13;40580;6
78;76;13;10789;10
78;383;13;55789;7
78;143;13;13333;1
78;82;13;44789;1
78;359;13;44789;2
78;154;13;55333;3
78;109;13;55123;6
78;129;13;25123;1
78;369;13;55123;6
78;228;13;12555;1
78;75;13;13111;2
78;83;13;40000;1
78;114;13;40580;4
78;73;13;12222;2
78;88;13;55999;11
78;206;13;44333;3
78;104;13;95;4
78;372;13;44222;1
78;86;13;10000;1
78;177;13;25777;8
78;91;13;44022;3
78;344;13;25777;6
78;177;13;55012;1
78;130;13;13456;1
78;171;13;40888;2
78;144;13;55123;8
78;160;13;25789;1
78;361;13;13333;2
78;157;13;10000;10
78;123;13;55123;5
78;222;13;25777;2
78;110;13;55999;5
78;188;13;25123;4
78;193;13;40123;9
78;193;13;12111;4
78;118;13;55333;2
78;210;13;27008;1
78;88;13;44255;1
78;99;13;44111;1
78;198;13;44022;3
78;218;13;10456;11
78;73;13;15678;8
78;183;13;25999;1
78;89;13;25999;1
78;83;13;10630;8
78;101;13;15222;3
78;117;13;55012;3
78;104;13;40000;1
78;373;13;10100;3
78;186;13;55000;5
78;84;13;10111;1
78;348;13;13456;7
78;392;13;15611;2
78;106;13;55000;1
78;359;13;10111;2
78;182;13;25456;3
78;123;13;15456;1
78;75;13;55153;1
78;219;13;12140;1
78;386;13;55678;1
78;149;13;55153;1
78;158;13;13456;6
78;213;13;55153;1
78;365;13;55000;8
78;138;13;15222;3
78;220;13;55000;2
78;349;13;13456;3
78;168;13;55000;6
78;95;13;13777;13
78;214;13;55999;14
78;147;13;55444;1
78;347;13;25234;2
78;85;13;55444;1
78;156;13;44022;1
78;180;13;44567;1
78;186;13;27888;1
78;185;13;25222;4
78;158;13;44333;5
78;147;13;25123;1
78;147;13;40580;2
78;94;13;40000;3
78;373;13;13789;1
78;117;13;40444;1
78;184;13;44022;4
78;174;13;12111;1
78;119;13;10678;2
78;209;13;25;1
78;138;13;10;1
78;138;13;25;1
78;207;13;44000;1
78;213;13;40456;10
78;196;13;15456;1
78;192;13;40789;1
78;147;13;55999;6
78;174;13;25123;4
78;92;13;25123;4
78;81;13;25123;6
78;88;13;25123;4
78;226;13;10580;17
78;218;13;44567;2
78;161;13;15555;4
78;113;13;55;3
78;134;13;40;2
78;85;13;25;1
78;143;13;25678;1
78;134;13;55888;3
78;156;13;27789;3
78;91;13;10580;5
78;145;13;44333;1
78;167;13;40456;18
78;177;13;40456;11
78;127;13;25999;1
78;151;13;36333;1
78;210;13;13345;3
78;163;13;13555;19
78;204;13;13345;2
78;350;13;40111;1
78;100;13;13555;1
78;163;13;27333;1
78;80;13;10333;1
78;220;13;13555;8
78;116;13;25456;1
78;136;13;44789;5
78;392;13;25456;1
78;174;13;44789;1
78;92;13;44789;1
78;199;13;27190;1
78;87;13;55123;8
78;74;13;15456;1
78;219;13;15555;17
78;117;13;13123;1
78;162;13;44789;1
78;212;13;25555;4
78;76;13;40444;2
78;200;13;15123;3
78;84;13;40888;2
78;201;13;13131;1
78;89;13;10456;12
78;144;13;27333;1
78;347;13;27333;1
78;107;13;40567;19
78;79;13;40789;1
78;172;13;25111;2
78;72;13;15555;20
78;160;13;10678;1
78;119;13;44111;1
78;114;13;15611;24
78;120;13;10580;3
78;139;13;10456;9
78;206;13;25234;1
78;216;13;40580;2
78;202;13;13789;1
78;227;13;44123;1
78;212;13;55789;11
78;194;13;10456;13
78;150;13;13222;1
78;378;13;25369;8
78;196;13;40888;2
78;90;13;44022;2
78;190;13;12555;4
78;373;13;13333;7
78;143;13;25456;5
78;191;13;15000;2
78;165;13;15000;2
78;145;13;15111;8
78;345;13;44556;10
78;212;13;10222;2
78;218;13;25222;1
78;388;13;13333;2
78;74;13;13888;1
78;199;13;15456;8
78;116;13;12777;3
78;116;13;10345;6
78;217;13;12150;2
78;151;13;15111;9
78;106;13;25123;1
78;152;13;25123;2
78;227;13;25123;1
78;123;13;10789;3
78;112;13;27555;1
78;142;13;55456;1
78;76;13;40567;2
78;100;13;40100;2
78;71;13;40000;1
78;137;13;25123;6
78;167;13;44333;3
78;147;13;44222;16
78;130;13;44333;15
78;156;13;55;1
78;186;13;12;1
78;221;13;10;1
78;74;13;12;1
78;74;13;40;3
78;154;13;40;4
78;175;13;55;2
78;184;13;25;1
78;186;13;25369;3
78;103;13;96;3
78;95;13;10123;1
78;211;13;44556;11
78;108;13;10000;2
78;106;13;44022;1
78;347;13;40;1
78;116;13;40;2
78;204;13;40;3
78;211;13;95;4
78;160;13;13111;1
78;348;13;25234;5
78;196;13;10222;1
78;75;13;15123;1
78;79;13;55999;11
78;107;13;44556;1
78;107;13;40123;3
78;73;13;55111;3
78;160;13;10123;12
78;180;13;27567;1
78;147;13;55520;2
78;92;13;55520;1
78;149;13;25555;1
78;368;13;10678;1
78;162;13;13777;2
78;214;13;13777;1
78;154;13;55789;7
78;361;13;40580;9
78;211;13;40000;8
78;83;13;44333;5
78;228;13;44111;1
78;145;13;10000;4
78;141;13;27999;2
78;169;13;55000;4
78;129;13;15678;1
78;180;13;10111;2
78;168;13;40567;3
78;82;13;44888;1
78;111;13;25456;5
78;196;13;10678;4
78;149;13;10100;1
78;162;13;13555;12
78;215;13;25888;1
78;376;13;12247;1
78;143;13;25234;4
78;153;13;55789;8
78;220;13;55444;2
78;107;13;10789;5
78;153;13;12;1
78;215;13;40;5
78;210;13;13321;1
78;156;13;44111;2
78;156;13;10000;8
78;174;13;44022;2
78;70;13;44;1
78;120;13;40;4
78;179;13;15111;5
78;106;13;44222;1
78;205;13;25234;3
78;145;13;55321;1
78;108;13;10580;2
78;87;13;44556;2
78;369;13;40000;1
78;77;13;10456;10
78;128;13;25222;70
78;96;13;25;6
78;195;13;44123;1
78;110;13;12012;2
78;350;13;25115;3
78;182;13;44789;3
78;153;13;25000;1
78;360;13;25000;1
78;172;13;15;3
78;199;13;40;3
78;95;13;25;6
78;364;13;10123;1
78;212;13;13123;1
78;106;13;55123;7
78;160;13;12234;1
78;117;13;25456;4
78;147;13;10000;3
78;83;13;13333;3
78;142;13;44111;2
78;187;13;44556;3
78;222;13;40000;2
78;376;13;40;1
78;224;13;40;3
78;127;13;10;2
78;127;13;55;2
78;167;13;44556;9
78;97;13;55111;1
78;214;13;44022;2
78;156;13;55111;1
78;385;13;40580;1
78;72;13;12222;1
78;220;13;12222;2
78;392;13;10789;3
78;155;13;40123;1
78;133;13;40;2
78;201;13;55;1
78;127;13;40;3
78;99;13;12;1
78;98;13;13;1
78;222;13;10;2
78;222;13;27;1
78;223;13;40;1
78;136;13;40123;4
78;221;13;12012;1
78;181;13;10789;4
78;122;13;40123;25
78;212;13;55321;1
78;392;13;55999;12
78;90;13;10580;7
78;219;13;44789;1
78;126;13;55888;1
78;194;13;10580;6
78;138;13;44255;2
78;82;13;10100;3
78;83;13;40;3
78;106;13;12;1
78;218;13;40;4
78;359;13;55000;8
78;194;13;15555;3
78;386;13;25222;2
78;178;13;25678;3
78;125;13;10456;8
78;142;13;10456;14
78;97;13;40123;1
78;176;13;10222;2
78;111;13;55444;1
78;211;13;25123;7
78;70;13;25123;1
78;70;13;40580;7
78;210;13;55999;37
78;165;13;96;8
78;210;13;95;6
78;161;13;27333;1
78;361;13;44333;10
78;114;13;13345;6
78;148;13;13321;1
78;165;13;44888;4
78;164;13;40222;6
78;199;13;55444;1
78;91;13;55999;13
78;111;13;55789;8
78;190;13;44123;1
78;218;13;12012;1
78;92;13;44222;3
78;210;13;55789;8
78;210;13;25234;4
78;161;13;27888;1
78;76;13;40456;25
78;87;13;12000;1
78;121;13;25555;1
78;157;13;12000;1
78;67;13;55789;14
78;108;13;40456;8
78;388;13;13555;1
78;147;13;10630;6
78;144;13;13345;2
78;201;13;13456;1
78;188;13;13456;4
78;183;13;25222;2
78;78;13;25222;2
78;148;13;27700;1
78;110;13;10630;4
78;110;13;13555;2
78;188;13;13345;3
78;360;13;13555;1
78;381;13;13321;1
78;179;13;55000;5
78;112;13;13456;3
78;125;13;55153;1
78;216;13;10630;6
78;84;13;10630;8
78;99;13;13777;9
78;181;13;25777;6
78;224;13;15222;3
78;185;13;27222;1
78;165;13;27222;1
78;130;13;12111;1
78;385;13;95;3
78;145;13;40000;2
78;127;13;25555;6
78;180;13;44556;10
78;117;13;40123;2
78;147;13;40123;6
78;222;13;12150;1
78;386;13;55000;5
78;361;13;15611;8
78;211;13;15611;9
78;349;13;25888;2
78;93;13;27567;1
78;145;13;25333;1
78;196;13;44123;1
78;122;13;95;1
78;73;13;10123;5
78;220;13;13222;1
78;186;13;13111;1
78;220;13;40888;7
78;209;13;96;2
78;78;13;44111;2
78;368;13;10630;2
78;373;13;10580;2
78;166;13;10222;2
78;117;13;10123;2
78;163;13;96;11
78;144;13;10630;4
78;224;13;55456;1
78;194;13;27888;3
78;78;13;13345;2
78;365;13;96;2
78;195;13;12333;1
78;149;13;95;8
78;121;13;44556;2
78;152;13;40123;7
78;123;13;95;3
78;69;13;15611;3
78;117;13;15678;8
78;180;13;15678;3
78;117;13;25888;1
78;149;13;15611;6
78;70;13;13111;1
78;88;13;15678;8
78;197;13;55000;6
78;200;13;13232;2
78;108;13;10345;5
78;369;13;13345;2
78;346;13;10630;5
78;114;13;10580;4
78;178;13;44333;10
78;202;13;44333;5
78;344;13;13555;4
78;392;13;27888;2
78;150;13;44333;4
78;77;13;10630;11
78;199;13;13555;5
78;98;13;96;3
78;183;13;40888;1
78;213;13;96;6
78;148;13;44000;1
78;389;13;55888;2
78;74;13;13258;1
78;153;13;55123;7
78;82;13;96;7
78;141;13;27789;1
78;153;13;40456;15
78;189;13;10630;9
78;138;13;95;5
78;350;13;13111;1
78;179;13;27789;2
78;118;13;13111;1
78;361;13;40444;2
78;344;13;25999;1
78;75;13;44888;1
78;178;13;10630;5
78;118;13;13333;2
78;198;13;96;7
78;181;13;13345;2
78;217;13;25678;1
78;150;13;13888;1
78;99;13;44022;1
78;119;13;13555;11
78;348;13;13345;1
78;205;13;25777;1
78;216;13;15222;3
78;216;13;15678;8
78;210;13;55555;2
78;166;13;27000;2
78;126;13;13456;4
78;88;13;40444;2
78;76;13;25456;6
78;222;13;15678;2
78;100;13;40999;1
78;112;13;15222;7
78;223;13;15222;3
78;182;13;13456;5
78;110;13;15678;5
78;103;13;25456;1
78;159;13;13456;5
78;146;13;13456;2
78;170;13;55000;2
78;197;13;10345;4
78;113;13;25234;3
78;89;13;12345;1
78;122;13;12345;2
78;361;13;12000;1
78;106;13;10345;2
78;109;13;55333;1
78;110;13;27277;1
78;158;13;25555;2
78;101;13;13888;1
78;176;13;10000;2
78;79;13;55123;9
78;184;13;13333;2
78;381;13;40444;2
78;154;13;12111;1
78;91;13;10678;3
78;92;13;13131;2
78;191;13;27190;2
78;373;13;10678;1
78;132;13;55000;2
78;200;13;10111;6
78;189;13;40100;1
78;388;13;25234;3
78;386;13;10345;9
78;116;13;15222;7
78;112;13;15123;1
78;184;13;25777;3
78;178;13;25888;2
78;159;13;55555;4
78;225;13;44456;1
78;150;13;12;1
78;87;13;44336;1
78;347;13;15611;2
78;168;13;10111;1
78;140;13;12345;1
78;176;13;13888;3
78;162;13;96;3
78;220;13;13888;2
78;149;13;55123;8
78;207;13;12000;1
78;166;13;27789;1
78;116;13;15123;5
78;147;13;10222;1
78;188;13;15123;2
78;347;13;55555;1
78;220;13;13456;4
78;347;13;55678;1
78;87;13;27000;1
78;164;13;44580;1
78;127;13;10456;4
78;368;13;15234;6
78;92;13;13232;1
78;360;13;10678;9
78;198;13;25;3
78;135;13;95;4
78;107;13;55888;2
78;388;13;25555;3
78;176;13;44022;2
78;84;13;12111;1
78;84;13;10678;3
78;168;13;44333;7
78;125;13;13222;1
78;154;13;25369;2
78;74;13;13555;5
78;223;13;12123;1
78;187;13;96;5
78;348;13;40000;1
78;372;13;25234;2
78;169;13;13222;1
78;378;13;55789;3
78;87;13;13567;2
78;210;13;15222;7
78;350;13;25777;3
78;81;13;44456;1
78;145;13;25555;2
78;109;13;10630;2
78;141;13;13555;3
78;215;13;13345;1
78;346;13;15555;2
78;80;13;44888;1
78;112;13;15456;4
78;164;13;12777;1
78;366;13;55888;5
78;176;13;25111;1
78;136;13;13222;1
78;137;13;96;5
78;138;13;96;6
78;118;13;15611;12
78;349;13;15123;1
78;142;13;25777;6
78;383;13;25777;6
78;173;13;55153;2
78;381;13;15222;6
78;122;13;25777;2
78;194;13;13567;3
78;106;13;15222;4
78;171;13;40100;2
78;132;13;10456;5
78;78;13;10111;1
78;148;13;25456;5
78;186;13;25456;3
78;220;13;25456;5
78;80;13;13222;1
78;359;13;10630;11
78;169;13;25678;1
78;161;13;55999;35
78;364;13;44556;1
78;164;13;40123;1
78;153;13;44222;7
78;368;13;55789;2
78;195;13;10222;2
78;126;13;25999;1
78;82;13;55456;1
78;82;13;55888;4
78;371;13;55;1
78;167;13;15;1
78;223;13;25234;1
78;143;13;40567;7
78;369;13;55888;12
78;388;13;15111;8
78;180;13;15111;6
78;119;13;25222;1
78;221;13;15000;1
78;225;13;10580;6
78;372;13;10100;4
78;77;13;44333;5
78;90;13;10100;3
78;345;13;96;9
78;81;13;13111;1
78;149;13;15111;10
78;111;13;55888;3
78;368;13;55123;4
78;107;13;40444;3
78;203;13;13456;3
78;135;13;25777;1
78;184;13;15555;3
78;182;13;40567;5
78;185;13;10111;1
78;369;13;25888;1
78;156;13;15611;2
78;76;13;12111;1
78;119;13;15123;3
78;162;13;10456;7
78;81;13;27000;1
78;156;13;36333;1
78;171;13;15678;6
78;77;13;27277;1
78;74;13;25888;2
78;359;13;27999;1
78;135;13;13456;1
78;395;13;15222;2
78;365;13;44333;2
78;95;13;44333;3
78;365;13;27333;1
78;134;13;15611;4
78;73;13;25999;1
78;373;13;55888;4
78;87;13;40567;3
78;146;13;40567;3
78;228;13;15555;1
78;89;13;44255;3
78;173;13;55789;7
78;76;13;40000;2
78;136;13;12222;1
78;161;13;25123;2
78;173;13;25123;6
78;376;13;55123;8
78;364;13;25789;1
78;383;13;44255;22
78;165;13;15111;5
78;221;13;13555;6
78;167;13;44000;1
78;192;13;44111;2
78;392;13;13333;1
78;117;13;15000;1
78;84;13;55444;2
78;177;13;13345;3
78;190;13;44222;2
78;372;13;55444;1
78;185;13;15111;9
78;122;13;55111;2
78;192;13;10222;2
78;144;13;44123;1
78;126;13;40444;25
78;125;13;27190;4
78;84;13;13321;2
78;151;13;44510;2
78;367;13;10333;1
78;182;13;25369;3
78;129;13;10630;4
78;123;13;15611;1
78;161;13;44111;1
78;130;13;15111;14
78;143;13;40123;6
78;187;13;15123;2
78;122;13;10345;3
78;213;13;55123;12
78;113;13;27190;1
78;189;13;25456;6
78;149;13;40456;19
78;166;13;12000;1
78;186;13;55333;1
78;148;13;44567;1
78;101;13;10000;3
78;345;13;55123;4
78;163;13;44111;2
78;88;13;10000;5
78;216;13;44255;5
78;193;13;10100;5
78;187;13;10345;6
78;174;13;55789;12
78;182;13;25222;4
78;207;13;44222;1
78;346;13;55999;3
78;187;13;27000;2
78;121;13;44222;1
78;228;13;10789;5
78;85;13;55111;2
78;123;13;55444;15
78;170;13;40100;1
78;120;13;40123;21
78;91;13;10123;2
78;72;13;15111;10
78;111;13;15111;4
78;181;13;12111;1
78;106;13;10000;1
78;122;13;10000;4
78;368;13;55153;1
78;383;13;40456;12
78;111;13;10000;5
78;162;13;13123;2
78;67;13;10456;3
78;215;13;25234;1
78;73;13;13333;3
78;152;13;12444;2
78;225;13;55123;6
78;177;13;55999;18
78;169;13;15111;15
78;176;13;55111;2
78;366;13;55111;2
78;137;13;55444;1
78;162;13;44123;1
78;124;13;40444;2
78;116;13;40123;3
78;189;13;10789;7
78;191;13;44255;11
78;91;13;40123;12
78;99;13;15000;1
78;165;13;25222;2
78;214;13;25222;2
78;127;13;40123;2
78;129;13;12222;4
78;226;13;15234;2
78;208;13;44333;3
78;67;13;44333;2
78;180;13;10100;3
78;388;13;25222;23
78;143;13;27888;1
78;175;13;44111;2
78;144;13;44111;3
78;150;13;25;1
78;171;13;25;3
78;142;13;15111;3
78;220;13;40000;3
78;185;13;44123;2
78;166;13;55111;3
78;96;13;55789;2
78;210;13;10789;13
78;220;13;40580;7
78;383;13;44789;2
78;169;13;44022;1
78;125;13;10789;2
78;215;13;55111;8
78;130;13;55789;4
78;345;13;25000;1
78;74;13;27888;1
78;92;13;40111;1
78;88;13;55123;9
78;98;13;55123;5
78;211;13;10000;4
78;90;13;12555;1
78;366;13;10789;2
78;104;13;13789;1
78;115;13;44222;1
78;128;13;40580;6
78;151;13;44123;1
78;92;13;13333;2
78;69;13;44556;2
78;115;13;10123;4
78;212;13;12222;1
78;180;13;55123;8
78;177;13;40789;3
78;346;13;55333;2
78;369;13;10345;14
78;122;13;10456;2
78;359;13;12000;1
78;69;13;95;1
78;104;13;13111;1
78;75;13;40888;1
78;185;13;25234;2
78;81;13;55111;5
78;93;13;25234;2
78;227;13;44222;11
78;180;13;44;2
78;180;13;55;1
78;178;13;44;1
78;159;13;44789;3
78;73;13;96;4
78;124;13;96;8
78;171;13;25369;2
78;145;13;12555;4
78;381;13;55678;1
78;80;13;55012;1
78;206;13;10100;4
78;201;13;25777;3
78;346;13;10580;6
78;349;13;13789;1
78;107;13;55123;5
78;361;13;44022;1
78;168;13;25369;1
78;85;13;10100;1
78;85;13;25222;3
78;106;13;44333;5
78;162;13;15000;1
78;164;13;10000;3
78;114;13;40888;1
78;129;13;12012;1
78;118;13;44556;2
78;216;13;40123;6
78;378;13;10000;3
78;220;13;13789;1
78;186;13;55999;10
78;373;13;44255;1
78;150;13;10456;8
78;346;13;13131;3
78;371;13;13456;4
78;169;13;55456;1
78;373;13;10333;1
78;195;13;44255;2
78;118;13;25777;11
78;97;13;40789;1
78;180;13;13888;2
78;189;13;25000;2
78;186;13;13777;1
78;124;13;25888;2
78;98;13;15111;11
78;225;13;10111;1
78;67;13;25888;1
78;80;13;15611;5
78;225;13;15222;4
78;194;13;15611;4
78;344;13;10789;4
78;215;13;40580;3
78;122;13;55444;8
78;148;13;27777;1
78;345;13;10580;7
78;193;13;10678;3
78;171;13;25222;1
78;368;13;10789;3
78;76;13;55555;1
78;97;13;13345;1
78;80;13;27789;1
78;173;13;15611;1
78;73;13;25888;4
78;388;13;13456;1
78;180;13;55153;1
78;217;13;15222;3
78;137;13;15678;6
78;114;13;55999;18
78;345;13;10123;5
78;147;13;40444;2
78;151;13;27277;3
78;85;13;15678;5
78;346;13;55000;1
78;88;13;55012;1
78;190;13;44255;4
78;385;13;25777;1
78;79;13;25777;2
78;167;13;25000;1
78;117;13;40100;1
78;145;13;25;1
78;88;13;44;1
78;139;13;55888;5
78;170;13;55888;6
78;163;13;44888;3
78;388;13;40580;10
78;194;13;44123;1
78;185;13;13333;3
78;83;13;10123;5
78;143;13;12111;2
78;119;13;12111;1
78;369;13;55999;11
78;147;13;40000;1
78;192;13;15555;5
78;216;13;10580;4
78;166;13;12111;1
78;350;13;25555;1
78;125;13;25369;1
78;350;13;13345;2
78;168;13;27007;1
78;137;13;55;1
78;119;13;15456;8
78;207;13;25678;2
78;138;13;55456;1
78;140;13;27888;3
78;69;13;13555;1
78;206;13;40456;9
78;179;13;40100;1
78;345;13;15678;7
78;89;13;40456;22
78;129;13;44888;2
78;160;13;40789;1
78;99;13;25456;55
78;123;13;44333;1
78;191;13;13345;2
78;187;13;55888;3
78;210;13;10630;3
78;87;13;12555;3
78;168;13;27190;1
78;170;13;44789;3
78;213;13;44789;3
78;175;13;44333;7
78;160;13;44333;10
78;369;13;95;16
78;179;13;25369;1
78;160;13;40567;14
78;131;13;55456;1
78;143;13;13888;1
78;218;13;12150;3
78;368;13;10222;3
78;142;13;55999;28
78;373;13;55000;6
78;210;13;27700;1
78;149;13;44333;5
78;96;13;44333;7
78;367;13;27190;2
78;160;13;12111;1
78;89;13;44556;3
78;85;13;25123;4
78;140;13;55999;28
78;135;13;40580;4
78;190;13;10123;5
78;111;13;10100;2
78;166;13;25222;2
78;74;13;55123;5
78;147;13;13333;1
78;147;13;40222;1
78;114;13;13333;6
78;159;13;25456;1
78;162;13;27190;3
78;199;13;25678;1
78;200;13;25456;2
78;213;13;25456;23
78;207;13;27789;1
78;161;13;12140;1
78;129;13;55888;3
78;77;13;12345;1
78;126;13;40580;15
78;199;13;55888;4
78;90;13;25123;5
78;92;13;55444;3
78;213;13;13345;2
78;113;13;55999;23
78;226;13;44556;2
78;361;13;10580;7
78;216;13;25369;32
78;74;13;10100;3
78;73;13;40567;7
78;124;13;40567;1
78;87;13;15555;5
78;82;13;15555;12
78;223;13;27555;3
78;96;13;44510;2
78;119;13;55444;4
78;349;13;12012;2
78;162;13;40000;8
78;126;13;25234;1
78;117;13;44222;1
78;144;13;13222;1
78;165;13;10100;3
78;155;13;96;5
78;142;13;25234;2
78;218;13;55999;7
78;88;13;10123;6
78;193;13;12;1
78;182;13;40;3
78;137;13;40000;3
78;138;13;55000;3
78;172;13;55999;1
78;129;13;15222;1
78;147;13;27277;1
78;182;13;40456;21
78;162;13;15456;2
78;386;13;15123;2
78;190;13;55012;1
78;111;13;55111;3
78;151;13;27777;1
78;228;13;10000;94
78;111;13;12555;1
78;103;13;10456;4
78;191;13;25369;8
78;92;13;27277;1
78;170;13;27277;1
78;392;13;40567;7
78;153;13;10345;13
78;207;13;10630;11
78;134;13;13555;1
78;359;13;10123;2
78;209;13;55789;5
78;190;13;13456;2
78;367;13;13456;5
78;95;13;55999;3
78;175;13;10789;12
78;208;13;40580;4
78;165;13;44123;1
78;212;13;44333;7
78;102;13;55123;12
78;221;13;27190;5
78;102;13;25456;2
78;132;13;13333;1
78;142;13;13222;3
78;113;13;40100;1
78;67;13;55;1
78;120;13;25;2
78;367;13;44000;1
78;146;13;15456;5
78;70;13;40456;1
78;210;13;10333;2
78;174;13;15555;1
78;119;13;15555;1
78;69;13;44;1
78;218;13;44888;2
78;71;13;25678;1
78;116;13;40456;8
78;92;13;44888;2
78;213;13;13321;2
78;373;13;15111;27
78;105;13;44789;1
78;173;13;10580;7
78;365;13;10;1
78;365;13;55;2
78;105;13;27;2
78;110;13;40;5
78;389;13;55;1
78;129;13;25;2
78;128;13;25;1
78;128;13;40;1
78;346;13;55789;8
78;141;13;40580;6
78;103;13;27777;1
78;77;13;44111;4
78;169;13;27190;4
78;138;13;55111;7
78;103;13;10580;4
78;104;13;55;1
78;181;13;13;1
78;181;13;40;2
78;97;13;40;3
78;91;13;40100;1
78;106;13;12222;2
78;366;13;40580;1
78;183;13;25123;4
78;107;13;44789;1
78;146;13;44789;1
78;209;13;25456;1
78;224;13;25;1
78;130;13;25;3
78;130;13;55;1
78;141;13;40;4
78;188;13;12;1
78;364;13;44789;2
78;79;13;55111;3
78;221;13;55999;23
78;158;13;44556;3
78;211;13;25234;2
78;101;13;10789;2
78;215;13;55321;1
78;89;13;15;1
78;109;13;13;1
78;224;13;15;1
78;224;13;55;2
78;367;13;15000;1
78;140;13;10100;1
78;190;13;25000;1
78;86;13;10580;7
78;146;13;13123;1
78;161;13;44556;4
78;76;13;40123;9
78;163;13;13123;1
78;168;13;55999;4
78;168;13;10789;7
78;144;13;25234;2
78;218;13;15456;4
78;166;13;15456;5
78;152;13;40567;9
78;218;13;15111;13
78;106;13;40;4
78;166;13;40;3
78;378;13;10580;3
78;129;13;44789;2
78;164;13;10456;2
78;188;13;10456;17
78;166;13;55123;6
78;166;13;12555;4
78;124;13;55123;12
78;392;13;44789;3
78;105;13;13456;3
78;350;13;44789;1
78;163;13;44000;1
78;87;13;12;1
78;87;13;25;1
78;226;13;40;2
78;168;13;12;1
78;153;13;13456;4
78;192;13;25222;3
78;176;13;55789;15
78;104;13;10222;1
78;225;13;10789;4
78;84;13;55999;8
78;83;13;55111;1
78;219;13;10222;1
78;207;13;55999;6
78;90;13;40100;2
78;119;13;44222;3
78;160;13;10456;6
78;182;13;55333;2
78;347;13;55888;4
78;149;13;44222;10
78;191;13;55444;2
78;185;13;10678;4
78;84;13;13789;1
78;125;13;27888;1
78;186;13;25222;2
78;125;13;44333;4
78;369;13;25555;1
78;179;13;12000;2
78;186;13;15555;2
78;347;13;25111;2
78;185;13;40444;2
78;77;13;55789;7
78;153;13;15111;7
78;107;13;13345;1
78;118;13;13555;12
78;216;13;15456;4
78;193;13;44000;1
78;195;13;13456;2
78;135;13;10580;7
78;99;13;13345;1
78;122;13;10630;9
78;176;13;25777;7
78;366;13;13131;1
78;148;13;25777;16
78;187;13;15222;4
78;209;13;10456;1
78;212;13;10345;3
78;85;13;10345;6
78;148;13;15123;2
78;81;13;25234;2
78;152;13;15222;1
78;361;13;27567;1
78;139;13;13567;1
78;348;13;25888;1
78;155;13;15611;1
78;74;13;12111;2
78;98;13;44111;1
78;183;13;10000;2
78;151;13;55520;1
78;145;13;25888;3
78;177;13;10345;10
78;204;13;40444;1
78;193;13;12123;1
78;166;13;10580;6
78;91;13;44333;5
78;221;13;44336;3
78;383;13;13345;2
78;117;13;13567;3
78;179;13;27333;1
78;199;13;27277;4
78;169;13;25888;1
78;70;13;10630;1
78;132;13;10630;10
78;201;13;44888;1
78;164;13;40567;7
78;203;13;55000;45
78;176;13;95;2
78;176;13;13111;3
78;206;13;96;9
78;136;13;25369;1
78;200;13;10222;1
78;95;13;95;4
78;345;13;10678;1
78;169;13;13345;4
78;169;13;10580;4
78;227;13;27888;3
78;369;13;25000;1
78;85;13;12222;3
78;90;13;10123;6
78;68;13;95;1
78;347;13;40789;1
78;147;13;13345;2
78;144;13;15111;7
78;87;13;15123;1
78;141;13;13333;7
78;105;13;25789;2
78;178;13;25555;2
78;200;13;95;5
78;170;13;25369;1
78;97;13;44000;3
78;129;13;15456;2
78;142;13;12777;1
78;158;13;44000;1
78;180;13;13222;1
78;143;13;96;9
78;92;13;96;6
78;350;13;95;4
78;126;13;44888;1
78;67;13;15456;2
78;179;13;13888;1
78;95;13;55333;1
78;153;13;25456;2
78;212;13;55333;1
78;200;13;40444;2
78;170;13;13555;12
78;152;13;12111;1
78;222;13;44888;1
78;218;13;13555;9
78;227;13;13555;6
78;158;13;15111;10
78;211;13;55153;1
78;345;13;13131;2
78;223;13;25888;2
78;205;13;13777;1
78;197;13;55153;1
78;77;13;55153;1
78;345;13;13456;10
78;162;13;25333;2
78;68;13;13258;1
78;163;13;55333;2
78;346;13;44022;5
78;70;13;25555;29
78;211;13;13456;7
78;175;13;55678;2
78;89;13;15678;3
78;185;13;13456;1
78;70;13;25777;2
78;77;13;55012;1
78;185;13;55012;1
78;93;13;55555;1
78;165;13;13456;1
78;204;13;15611;12
78;166;13;10345;3
78;131;13;25115;1
78;210;13;55153;1
78;378;13;55520;1
78;150;13;10111;2
78;84;13;55000;5
78;90;13;10111;1
78;119;13;15611;19
78;190;13;44022;3
78;223;13;55000;6
78;109;13;55000;2
78;118;13;10111;1
78;205;13;44022;3
78;116;13;12000;2
78;373;13;40;1
78;114;13;40;2
78;119;13;40;3
78;227;13;40;3
78;168;13;44567;2
78;94;13;40444;2
78;189;13;13258;1
78;189;13;12111;1
78;120;13;25888;1
78;383;13;15222;1
78;147;13;25777;14
78;91;13;55153;1
78;147;13;10345;9
78;87;13;55000;4
78;140;13;27567;1
78;203;13;10111;11
78;92;13;15611;2
78;187;13;10456;13
78;162;13;55333;2
78;190;13;15222;4
78;136;13;44567;3
78;368;13;55333;1
78;145;13;12012;2
78;200;13;40;2
78;101;13;44;1
78;96;13;96;9
78;182;13;40888;1
78;128;13;27000;1
78;181;13;13456;2
78;211;13;44336;1
78;360;13;55520;4
78;87;13;10111;1
78;91;13;27200;1
78;83;13;55520;1
78;227;13;15611;4
78;157;13;15611;2
78;174;13;10345;12
78;121;13;96;5
78;73;13;10678;4
78;395;13;13333;2
78;85;13;95;10
78;178;13;96;11
78;383;13;55333;1
78;103;13;25369;1
78;209;13;40000;1
78;133;13;55123;63
78;225;13;27555;1
78;131;13;40888;1
78;350;13;55789;6
78;350;13;12012;1
78;92;13;15222;3
78;115;13;55580;1
78;344;13;15222;3
78;225;13;55678;3
78;87;13;25777;6
78;83;13;27200;1
78;210;13;25333;1
78;210;13;27277;2
78;128;13;15611;1
78;91;13;55520;1
78;223;13;12111;2
78;164;13;40444;5
78;185;13;40456;19
78;346;13;27190;2
78;136;13;44022;3
78;81;13;25555;1
78;140;13;55333;2
78;202;13;40444;2
78;348;13;10580;1
78;80;13;55888;3
78;367;13;13555;5
78;376;13;25111;2
78;201;13;44510;4
78;153;13;96;6
78;216;13;25;2
78;226;13;15222;5
78;376;13;27567;2
78;378;13;25777;1
78;86;13;13131;3
78;175;13;13567;1
78;107;13;15222;2
78;214;13;12;1
78;214;13;55;1
78;163;13;40;5
78;87;13;13258;1
78;87;13;10678;2
78;146;13;10678;1
78;154;13;25555;2
78;160;13;15123;3
78;141;13;10678;2
78;157;13;10678;4
78;392;13;12345;1
78;137;13;44567;1
78;381;13;13567;3
78;224;13;13345;1
78;212;13;15222;4
78;184;13;10630;10
78;371;13;55888;1
78;167;13;25678;1
78;222;13;40456;11
78;103;13;55888;8
78;369;13;25234;2
78;146;13;15678;5
78;193;13;55000;6
78;361;13;25888;1
78;149;13;13567;2
78;82;13;55678;1
78;207;13;55555;4
78;174;13;27999;1
78;115;13;15222;8
78;136;13;27000;2
78;154;13;27999;1
78;193;13;13456;2
78;161;13;40999;1
78;215;13;55012;1
78;349;13;55111;5
78;70;13;10456;4
78;166;13;15678;14
78;182;13;15678;7
78;149;13;10111;1
78;129;13;13456;1
78;153;13;55520;1
78;183;13;44336;1
78;141;13;10111;1
78;106;13;25888;1
78;181;13;25456;5
78;96;13;44000;1
78;215;13;44111;2
78;161;13;15456;6
78;96;13;15456;3
78;167;13;95;6
78;111;13;13345;6
78;360;13;27555;5
78;223;13;10123;5
78;112;13;44556;5
78;376;13;40123;4
78;117;13;40456;8
78;177;13;55111;4
78;127;13;44222;5
78;154;13;12012;1
78;222;13;55321;1
78;198;13;40456;10
78;378;13;55888;3
78;188;13;13789;1
78;84;13;25999;1
78;203;13;40567;1
78;180;13;25678;1
78;119;13;40567;9
78;106;13;15111;1
78;117;13;15111;6
78;159;13;25999;1
78;143;13;10100;1
78;373;13;10456;11
78;227;13;44255;4
78;94;13;25369;1
78;151;13;96;4
78;76;13;10678;3
78;143;13;15123;2
78;140;13;13777;1
78;221;13;55000;2
78;347;13;44336;2
78;85;13;13456;5
78;221;13;25678;1
78;79;13;10678;7
78;200;13;25555;2
78;344;13;44022;2
78;73;13;55153;1
78;359;13;13131;1
78;158;13;15678;12
78;138;13;27000;2
78;369;13;36333;1
78;111;13;27567;1
78;165;13;10111;1
78;79;13;55000;6
78;80;13;25333;1
78;376;13;55555;1
78;159;13;55888;2
78;126;13;55444;2
78;199;13;10789;9
78;186;13;40123;9
78;224;13;55111;1
78;161;13;55789;6
78;191;13;25234;1
78;153;13;44556;3
78;153;13;40123;10
78;161;13;40580;11
78;105;13;10123;1
78;175;13;44222;1
78;81;13;15123;2
78;82;13;27555;1
78;82;13;40567;6
78;198;13;15456;2
78;218;13;55888;5
78;80;13;15456;1
78;208;13;55123;1
78;114;13;55888;3
78;202;13;44510;3
78;157;13;40456;24
78;193;13;44255;9
78;189;13;12222;3
78;200;13;44556;10
78;200;13;10123;2
78;222;13;10345;10
78;74;13;13111;2
78;78;13;12000;1
78;227;13;55888;10
78;139;13;55123;9
78;210;13;44789;3
78;175;13;44123;1
78;367;13;40456;9
78;227;13;44789;5
78;168;13;13333;1
78;104;13;13345;1
78;366;13;44510;1
78;190;13;13123;1
78;81;13;13333;3
78;395;13;10456;5
78;100;13;25222;1
78;220;13;10580;8
78;207;13;25000;1
78;89;13;25000;1
78;175;13;10100;5
78;109;13;55999;5
78;141;13;44123;1
78;97;13;40000;2
78;109;13;10580;1
78;226;13;40123;7
78;226;13;10123;5
78;181;13;10100;3
78;120;13;15234;4
78;349;13;10000;6
78;141;13;13456;7
78;92;13;25;1
78;192;13;10456;14
78;164;13;10580;5
78;197;13;25369;2
78;92;13;40123;9
78;213;13;40123;4
78;130;13;10345;1
78;112;13;10345;2
78;208;13;13123;4
78;143;13;55123;8
78;174;13;55123;9
78;119;13;55123;7
78;135;13;27190;1
78;171;13;40444;3
78;217;13;40456;10
78;80;13;40580;3
78;133;13;55789;31
78;213;13;27888;8
78;117;13;12150;1
78;90;13;44789;2
78;187;13;13123;2
78;213;13;10000;3
78;134;13;13333;1
78;226;13;25115;1
78;71;13;25456;4
78;166;13;44022;2
78;386;13;10000;11
78;121;13;25222;56
78;132;13;44789;1
78;161;13;44222;6
78;109;13;25234;3
78;72;13;10580;2
78;89;13;10580;4
78;181;13;44255;1
78;220;13;10100;3
78;182;13;55123;5
78;132;13;55123;24
78;148;13;12012;1
78;137;13;25456;7
78;178;13;10000;6
78;179;13;15;2
78;360;13;12012;1
78;75;13;10789;14
78;118;13;10222;1
78;69;13;25123;2
78;156;13;10789;10
78;347;13;13333;2
78;150;13;12111;3
78;167;13;55444;1
78;118;13;13789;1
78;383;13;55321;5
78;142;13;44556;4
78;212;13;44789;2
78;378;13;55123;1
78;218;13;10000;6
78;166;13;10000;4
78;369;13;10630;7
78;369;13;13555;2
78;86;13;44022;3
78;150;13;13333;3
78;218;13;44789;5
78;155;13;10789;3
78;151;13;12222;1
78;87;13;55444;1
78;91;13;55111;1
78;373;13;10789;6
78;85;13;10789;5
78;208;13;55999;4
78;74;13;55444;3
78;111;13;10456;5
78;224;13;25555;6
78;100;13;40000;1
78;70;13;12012;1
78;165;13;44333;14
78;80;13;12111;4
78;167;13;44567;1
78;167;13;40444;4
78;177;13;40444;2
78;150;13;10345;13
78;367;13;40444;2
78;94;13;95;1
78;348;13;13222;1
78;123;13;27190;1
78;127;13;25777;2
78;224;13;13131;1
78;188;13;44255;7
78;154;13;10100;1
78;82;13;13123;2
78;160;13;55123;5
78;200;13;10678;1
78;186;13;13333;2
78;223;13;25123;2
78;96;13;55999;6
78;156;13;55321;1
78;216;13;12111;2
78;110;13;55333;1
78;216;13;55333;1
78;70;13;25234;1
78;116;13;10222;1
78;349;13;55999;2
78;90;13;44123;3
78;221;13;10456;8
78;159;13;40123;1
78;214;13;25999;1
78;80;13;10123;1
78;208;13;15123;1
78;169;13;44567;2
78;169;13;40444;4
78;206;13;13567;1
78;95;13;13131;1
78;177;13;15111;3
78;194;13;13111;1
78;383;13;55000;6
78;156;13;10111;1
78;221;13;15678;8
78;72;13;15678;3
78;194;13;25369;2
78;195;13;10456;8
78;177;13;40999;1
78;161;13;12;2
78;124;13;25234;3
78;162;13;10580;4
78;201;13;10000;4
78;175;13;55789;14
78;125;13;25123;1
78;125;13;40580;5
78;82;13;40000;1
78;348;13;10789;1
78;117;13;40789;2
78;108;13;10789;1
78;69;13;25789;2
78;209;13;25111;1
78;86;13;13789;1
78;150;13;55999;8
78;97;13;40444;5
78;193;13;25456;2
78;218;13;40444;1
78;161;13;15611;6
78;214;13;15678;7
78;105;13;15456;19
78;227;13;27999;4
78;169;13;25777;13
78;209;13;44;1
78;359;13;40;3
78;202;13;40;4
78;138;13;40;4
78;174;13;12777;2
78;88;13;44888;3
78;147;13;55153;1
78;170;13;55153;1
78;95;13;15611;2
78;202;13;15222;4
78;167;13;15222;10
78;207;13;10456;7
78;146;13;10123;1
78;388;13;10456;5
78;153;13;15222;2
78;198;13;13131;1
78;164;13;27277;1
78;78;13;95;10
78;113;13;55444;1
78;188;13;40456;24
78;212;13;13555;4
78;87;13;55789;5
78;366;13;25456;40
78;104;13;55123;13
78;71;13;10100;1
78;207;13;55444;1
78;180;13;40000;3
78;210;13;40789;1
78;359;13;25;3
78;202;13;25;3
78;81;13;40;8
78;88;13;13321;1
78;126;13;25000;1
78;157;13;40190;1
78;120;13;25777;1
78;164;13;10111;1
78;100;13;25888;1
78;151;13;15678;5
78;192;13;13321;1
78;137;13;15123;1
78;202;13;13345;1
78;92;13;10580;6
78;117;13;44333;3
78;164;13;15111;12
78;364;13;15111;3
78;81;13;40888;2
78;111;13;15456;3
78;184;13;25678;1
78;181;13;10333;2
78;69;13;10630;2
78;361;13;13555;10
78;75;13;12111;1
78;177;13;55153;1
78;156;13;27333;1
78;373;13;44111;3
78;114;13;10000;5
78;203;13;25456;48
78;157;13;25456;1
78;138;13;25456;6
78;86;13;13111;1
78;185;13;15555;5
78;185;13;55888;1
78;385;13;96;1
78;385;13;10678;1
78;158;13;25999;1
78;195;13;55111;3
78;105;13;55111;2
78;77;13;10222;1
78;113;13;25123;9
78;214;13;40000;8
78;222;13;13333;5
78;72;13;10100;1
78;107;13;25222;2
78;118;13;44333;9
78;159;13;55123;8
78;189;13;44789;1
78;170;13;44111;3
78;163;13;13333;1
78;163;13;40222;5
78;70;13;10000;3
78;160;13;27333;2
78;71;13;25222;17
78;126;13;10345;1
78;217;13;12000;3
78;78;13;44556;5
78;183;13;44556;11
78;74;13;44556;5
78;210;13;44888;2
78;194;13;12222;4
78;347;13;55789;6
78;71;13;44556;1
78;347;13;44255;2
78;97;13;13333;2
78;349;13;13333;1
78;203;13;55888;4
78;157;13;55888;4
78;367;13;25222;1
78;196;13;13555;1
78;199;13;10345;8
78;350;13;10345;3
78;190;13;40000;4
78;170;13;40580;9
78;395;13;10123;8
78;202;13;10789;2
78;346;13;44333;10
78;224;13;10345;3
78;190;13;27555;3
78;81;13;27789;1
78;87;13;95;5
78;359;13;40567;12
78;360;13;15555;1
78;200;13;10630;4
78;111;13;40;5
78;367;13;25;1
78;200;13;55999;8
78;143;13;40580;6
78;210;13;44123;2
78;135;13;55999;7
78;126;13;55789;7
78;131;13;10789;2
78;197;13;10789;7
78;165;13;44255;1
78;91;13;96;3
78;73;13;10345;10
78;103;13;44111;1
78;191;13;13777;1
78;140;13;15611;9
78;196;13;15611;2
78;107;13;27700;1
78;152;13;25777;5
78;136;13;15;1
78;136;13;40;3
78;142;13;27;1
78;144;13;40;2
78;71;13;40;3
78;134;13;44556;3
78;198;13;27999;1
78;166;13;15555;3
78;76;13;55999;9
78;360;13;25123;7
78;197;13;55321;1
78;77;13;12222;3
78;167;13;25369;2
78;144;13;10123;4
78;116;13;55012;1
78;67;13;25123;2
78;154;13;25777;5
78;113;13;40000;1
78;350;13;55000;3
78;90;13;13131;2
78;227;13;13131;3
78;359;13;55789;5
78;100;13;55888;9
78;104;13;55888;5
78;138;13;10630;9
78;124;13;25777;1
78;67;13;40000;1
78;159;13;27333;1
78;102;13;25789;2
78;76;13;10000;8
78;67;13;13;1
78;190;13;55456;1
78;119;13;13321;1
78;185;13;25456;6
78;151;13;10222;2
78;190;13;25234;1
78;87;13;40123;4
78;348;13;15555;6
78;208;13;40;4
78;102;13;40;1
78;219;13;12;1
78;143;13;10789;15
78;82;13;12222;2
78;361;13;44111;5
78;359;13;25456;13
78;127;13;40100;1
78;222;13;55111;2
78;78;13;55111;2
78;197;13;10580;5
78;105;13;12;2
78;96;13;55;1
78;129;13;15;1
78;112;13;12012;1
78;78;13;25123;6
78;188;13;10123;5
78;201;13;55789;1
78;167;13;44789;3
78;181;13;40100;1
78;186;13;44222;3
78;182;13;40580;7
78;203;13;44789;2
78;172;13;40123;8
78;172;13;10123;1
78;70;13;27333;1
78;169;13;25222;1
78;177;13;25123;4
78;209;13;12444;1
78;209;13;13333;3
78;137;13;13123;1
78;121;13;44111;2
78;124;13;40456;6
78;81;13;15111;7
78;197;13;40111;1
78;168;13;25;2
78;120;13;10789;3
78;194;13;55321;1
78;168;13;55111;3
78;202;13;10456;7
78;198;13;40567;6
78;114;13;15555;2
78;87;13;40;3
78;219;13;40456;11
78;228;13;55000;3
78;149;13;40580;9
78;72;13;55444;8
78;175;13;25123;2
78;144;13;25123;3
78;361;13;10222;2
78;146;13;10789;9
78;184;13;96;3
78;214;13;25369;1
78;199;13;55789;4
78;184;13;44888;1
78;116;13;40567;7
78;89;13;25115;1
78;115;13;12222;1
78;132;13;40580;60
78;83;13;25123;5
78;186;13;55789;8
78;166;13;44222;2
78;70;13;55789;18
78;143;13;12012;1
78;178;13;40000;3
78;156;13;10580;16
78;120;13;10100;3
78;102;13;40567;4
78;227;13;15123;1
78;77;13;55333;2
78;195;13;44456;1
78;130;13;10580;3
78;359;13;27333;2
78;223;13;13456;4
78;112;13;44456;2
78;378;13;15611;1
78;215;13;10100;2
78;176;13;13345;5
78;118;13;15456;7
78;164;13;27000;1
78;201;13;13777;11
78;349;13;10345;5
78;97;13;55678;6
78;131;13;96;7
78;87;13;25369;2
78;93;13;96;2
78;132;13;96;8
78;214;13;25234;11
78;123;13;12222;3
78;365;13;12247;1
78;163;13;10345;3
78;220;13;15123;10
78;372;13;15222;5
78;104;13;15611;3
78;220;13;10111;1
78;107;13;25333;1
78;77;13;55000;7
78;184;13;55000;1
78;159;13;10111;2
78;200;13;15611;26
78;173;13;10345;4
78;151;13;27123;1
78;218;13;27555;1
78;151;13;10630;3
78;127;13;13555;5
78;96;13;13555;1
78;107;13;10630;2
78;179;13;44333;7
78;385;13;55123;3
78;131;13;10630;9
78;222;13;12123;1
78;364;13;15555;1
78;162;13;44556;16
78;211;13;25369;1
78;81;13;55789;8
78;177;13;15123;1
78;217;13;95;8
78;88;13;13222;1
78;75;13;55000;8
78;148;13;44336;1
78;88;13;13567;1
78;169;13;15678;7
78;85;13;44336;1
78;169;13;10111;2
78;176;13;13222;1
78;157;13;10123;7
78;181;13;40888;4
78;228;13;96;2
78;182;13;44567;3
78;86;13;15123;2
78;222;13;25369;5
78;199;13;27888;1
78;70;13;44333;3
78;359;13;10580;11
78;160;13;10630;1
78;187;13;95;4
78;166;13;13345;3
78;99;13;15555;2
78;164;13;15555;1
78;105;13;10345;1
78;163;13;40888;2
78;163;13;25369;6
78;165;13;40567;6
78;148;13;15456;4
78;109;13;13333;5
78;154;13;55123;9
78;159;13;12111;2
78;91;13;25369;1
78;193;13;15555;2
78;215;13;15111;2
78;157;13;96;11
78;345;13;12333;1
78;219;13;15456;2
78;148;13;15111;7
78;220;13;15111;15
78;221;13;12111;1
78;223;13;44022;2
78;345;13;13345;5
78;347;13;40444;1
78;213;13;13555;1
78;184;13;12333;1
78;115;13;40456;17
78;149;13;40444;6
78;217;13;44567;1
78;105;13;12133;1
78;96;13;44022;1
78;154;13;25456;5
78;72;13;44567;1
78;152;13;10678;2
78;171;13;25555;3
78;192;13;13333;3
78;125;13;27789;1
78;193;13;13321;2
78;157;13;10630;9
78;218;13;96;5
78;395;13;55888;3
78;75;13;55333;1
78;178;13;13345;1
78;107;13;44456;2
78;84;13;25777;4
78;141;13;15678;6
78;392;13;27000;5
78;215;13;13567;2
78;131;13;10345;1
78;135;13;10222;2
78;348;13;40123;9
78;98;13;40444;1
78;132;13;12000;4
78;372;13;13888;1
78;135;13;12111;1
78;76;13;40222;1
78;106;13;40444;6
78;204;13;25777;1
78;182;13;55555;2
78;126;13;25777;3
78;367;13;27000;1
78;83;13;40444;3
78;146;13;40444;3
78;169;13;25555;3
78;193;13;13567;2
78;83;13;55555;5
78;366;13;15678;2
78;157;13;13131;1
78;174;13;25777;7
78;103;13;15678;4
78;210;13;55678;2
78;194;13;55520;1
78;116;13;55000;4
78;174;13;15611;16
78;196;13;40123;5
78;115;13;15123;4
78;349;13;55789;8
78;145;13;44556;4
78;372;13;10345;2
78;217;13;27008;1
78;88;13;10678;3
78;349;13;27123;1
78;145;13;10678;3
78;105;13;10000;4
78;145;13;55789;9
78;189;13;44556;4
78;83;13;55333;1
78;191;13;55123;9
78;118;13;55123;14
78;212;13;13567;3
78;192;13;27200;1
78;159;13;55012;1
78;157;13;25777;5
78;174;13;55555;3
78;190;13;55000;5
78;119;13;55000;3
78;138;13;44556;4
78;164;13;55000;8
78;188;13;55000;2
78;88;13;25234;1
78;158;13;12000;1
78;213;13;15222;6
78;107;13;44336;1
78;219;13;15611;3
78;227;13;13;1
78;147;13;10;1
78;225;13;55000;2
78;80;13;44255;2
78;166;13;40888;3
78;128;13;96;9
78;123;13;10222;2
78;128;13;10345;2
78;219;13;44888;3
78;395;13;40567;7
78;115;13;15111;5
78;127;13;55123;21
78;121;13;40444;1
78;108;13;25789;5
78;104;13;10345;1
78;223;13;25555;1
78;138;13;10123;4
78;74;13;13131;3
78;225;13;13777;1
78;67;13;25777;3
78;170;13;15678;5
78;178;13;15678;7
78;67;13;55000;1
78;194;13;25333;1
78;194;13;10111;2
78;346;13;10456;11
78;73;13;25555;1
78;72;13;10345;1
78;111;13;10345;6
78;144;13;12000;1
78;201;13;40789;1
78;164;13;40789;1
78;160;13;12140;1
78;183;13;40789;2
78;166;13;95;7
78;372;13;95;7
78;195;13;13555;2
78;186;13;12123;1
78;151;13;55333;1
78;376;13;55888;7
78;364;13;55456;2
78;196;13;40000;1
78;90;13;10222;3
78;86;13;44556;4
78;108;13;13222;1
78;205;13;40888;1
78;383;13;27277;1
78;91;13;15678;9
78;104;13;15222;3
78;392;13;13456;2
78;138;13;25777;7
78;178;13;13456;6
78;148;13;15222;1
78;211;13;15222;14
78;381;13;25333;1
78;115;13;15678;7
78;87;13;12111;1
78;176;13;27999;1
78;146;13;10345;8
78;364;13;40444;4
78;188;13;10630;6
78;223;13;13555;8
78;183;13;13555;5
78;125;13;55888;2
78;136;13;95;6
78;121;13;55789;3
78;90;13;55789;9
78;152;13;10222;1
78;150;13;44556;4
78;179;13;10123;5
78;169;13;95;12
78;190;13;95;9
78;178;13;27000;1
78;202;13;25777;5
78;121;13;55153;2
78;144;13;25888;4
78;146;13;27123;2
78;176;13;55012;4
78;154;13;55000;2
78;366;13;27888;1
78;173;13;13456;1
78;136;13;13456;7
78;177;13;13567;2
78;194;13;15678;2
78;205;13;55789;8
78;145;13;55999;7
78;171;13;40000;1
78;136;13;27888;2
78;199;13;44255;2
78;192;13;55153;1
78;161;13;55153;1
78;383;13;13456;7
78;383;13;55012;1
78;360;13;25777;6
78;218;13;15222;12
78;366;13;55000;39
78;392;13;15222;7
78;361;13;10111;1
78;211;13;13123;2
78;148;13;12555;3
78;140;13;13555;4
78;73;13;10630;3
78;228;13;10630;5
78;187;13;55444;2
78;147;13;40456;21
78;359;13;25999;1
78;125;13;55444;12
78;109;13;10789;4
78;201;13;44556;1
78;192;13;55111;2
78;112;13;25234;2
78;210;13;40567;7
78;94;13;40456;3
78;78;13;12;1
78;190;13;44510;1
78;192;13;40100;1
78;126;13;10333;1
78;162;13;13321;1
78;194;13;15111;9
78;203;13;15111;17
78;224;13;40123;1
78;392;13;25222;2
78;115;13;25000;1
78;115;13;44333;4
78;213;13;25222;9
78;392;13;10100;10
78;139;13;12888;1
78;220;13;96;6
78;131;13;44333;17
78;160;13;44888;1
78;82;13;25369;4
78;212;13;95;6
78;228;13;25777;1
78;81;13;13777;1
78;196;13;25777;5
78;179;13;15678;6
78;224;13;55000;1
78;228;13;13456;7
78;144;13;44888;1
78;74;13;15555;8
78;138;13;55555;5
78;88;13;13131;4
78;217;13;27567;1
78;137;13;13456;3
78;165;13;15222;9
78;73;13;55888;3
78;71;13;55111;3
78;220;13;10123;2
78;131;13;15111;8
78;227;13;15456;1
78;137;13;55888;8
78;149;13;12222;1
78;191;13;55789;7
78;102;13;10789;1
78;155;13;55999;2
78;207;13;15123;4
78;188;13;12555;2
78;90;13;44888;1
78;192;13;12333;1
78;216;13;25999;1
78;81;13;10580;5
78;99;13;55555;1
78;109;13;10100;2
78;345;13;95;9
78;122;13;96;5
78;201;13;55678;4
78;89;13;13456;4
78;133;13;96;1
78;173;13;10456;2
78;101;13;40123;1
78;360;13;10100;2
78;141;13;12000;2
78;89;13;15123;1
78;113;13;25789;1
78;187;13;13777;1
78;386;13;15111;2
78;107;13;15456;19
78;166;13;40000;4
78;148;13;40444;7
78;81;13;25456;6
78;73;13;12777;1
78;68;13;44888;1
78;174;13;10000;5
78;164;13;55123;10
78;201;13;27190;1
78;345;13;15456;1
78;227;13;44888;1
78;197;13;13123;5
78;140;13;44022;5
78;100;13;10100;4
78;371;13;15456;8
78;208;13;10630;8
78;371;13;40567;2
78;128;13;55123;5
78;69;13;10000;1
78;124;13;10100;3
78;386;13;13345;1
78;361;13;13345;2
78;141;13;12012;1
78;202;13;55444;1
78;154;13;10456;7
78;93;13;44556;1
78;192;13;10100;3
78;172;13;44255;1
78;81;13;27888;1
78;206;13;25222;42
78;158;13;40567;5
78;194;13;13555;3
78;184;13;13789;1
78;165;13;13789;2
78;124;13;13333;2
78;218;13;55111;1
78;196;13;55000;4
78;108;13;25456;1
78;73;13;40789;1
78;169;13;12222;2
78;101;13;44556;1
78;143;13;44556;8
78;142;13;13123;1
78;150;13;27123;2
78;86;13;44255;2
78;202;13;10580;6
78;200;13;55123;11
78;139;13;25789;1
78;194;13;10000;7
78;123;13;44789;4
78;131;13;13789;16
78;79;13;13345;2
78;190;13;25456;5
78;76;13;15555;6
78;150;13;10630;11
78;174;13;25115;1
78;217;13;10000;5
78;165;13;13345;1
78;74;13;44111;4
78;347;13;40567;10
78;128;13;44888;3
78;226;13;15123;1
78;227;13;12555;1
78;153;13;10789;9
78;161;13;44123;1
78;98;13;10222;38
78;347;13;55111;1
78;347;13;12222;2
78;71;13;25123;1
78;346;13;25456;3
78;83;13;44111;4
78;112;13;13123;2
78;143;13;10000;4
78;345;13;44123;1
78;186;13;25234;3
78;124;13;55999;1
78;124;13;55444;10
78;139;13;10000;9
78;165;13;40580;11
78;116;13;44222;4
78;148;13;44111;3
78;160;13;10100;2
78;184;13;12000;2
78;120;13;25222;65
78;182;13;40123;3
78;361;13;10789;3
78;107;13;55999;3
78;223;13;40111;1
78;147;13;25222;1
78;187;13;25222;4
78;104;13;15555;1
78;185;13;55111;1
78;221;13;40000;3
78;348;13;44022;1
78;204;13;10789;1
78;227;13;40222;1
78;166;13;44111;1
78;203;13;10678;1
78;222;13;10000;7
78;86;13;44567;1
78;136;13;55111;6
78;150;13;44255;10
78;360;13;10789;18
78;158;13;10789;7
78;92;13;55111;1
78;170;13;55111;1
78;142;13;40123;5
78;142;13;10123;7
78;172;13;12012;1
78;107;13;10000;4
78;180;13;12;1
78;78;13;25234;2
78;176;13;25123;1
78;347;13;40000;2
78;100;13;55123;4
78;70;13;55123;32
78;182;13;55999;6
78;189;13;44022;2
78;348;13;95;1
78;120;13;55444;11
78;159;13;40000;2
78;101;13;25123;1
78;200;13;25123;2
78;150;13;10000;8
78;190;13;44789;2
78;171;13;12555;1
78;180;13;44789;2
78;140;13;12555;1
78;80;13;10678;1
78;178;13;10345;4
78;227;13;10000;5
78;371;13;40444;2
78;141;13;55123;10
78;78;13;27190;2
78;184;13;55111;2
78;386;13;13333;1
78;383;13;55123;1
78;187;13;25123;1
78;193;13;10123;7
78;388;13;55123;1
78;347;13;25555;1
78;87;13;27008;1
78;378;13;10456;4
78;383;13;10100;2
78;167;13;10123;7
78;161;13;40888;1
78;367;13;15123;4
78;189;13;44567;1
78;187;13;13567;2
78;119;13;55111;1
78;139;13;55153;1
78;135;13;15222;4
78;80;13;13232;1
78;100;13;25456;39
78;346;13;15678;2
78;177;13;15678;9
78;168;13;95;6
78;381;13;55153;1
78;112;13;25777;10
78;216;13;25777;4
78;99;13;25222;1
78;107;13;27190;1
78;175;13;25456;7
78;203;13;44222;1
78;147;13;55333;1
78;105;13;27888;1
78;215;13;27888;3
78;69;13;55123;57
78;104;13;12133;2
78;348;13;25555;3
78;220;13;13333;3
78;376;13;10000;2
78;108;13;10678;1
78;112;13;25123;4
78;99;13;40580;2
78;142;13;44123;2
78;192;13;10789;7
78;118;13;40123;3
78;349;13;25123;3
78;193;13;40444;3
78;83;13;40111;1
78;146;13;25000;2
78;194;13;12111;1
78;209;13;13;1
78;209;13;40;2
78;134;13;25;2
78;189;13;10;1
78;189;13;25;3
78;119;13;25678;2
78;178;13;15555;2
78;170;13;40456;7
78;224;13;12012;1
78;166;13;10456;3
78;122;13;10111;1
78;124;13;15678;2
78;92;13;13456;2
78;207;13;15222;6
78;359;13;15678;8
78;347;13;13567;2
78;128;13;15222;2
78;127;13;15222;2
78;189;13;13456;2
78;116;13;44567;4
78;70;13;40444;53
78;383;13;13555;2
78;154;13;40567;5
78;84;13;12012;1
78;369;13;55444;1
78;225;13;40123;1
78;92;13;13258;1
78;198;13;27700;1
78;215;13;44333;8
78;215;13;27333;2
78;381;13;13333;3
78;73;13;27008;1
78;180;13;55999;10
78;163;13;25123;4
78;200;13;40000;3
78;145;13;10;1
78;145;13;13;1
78;81;13;25;3
78;81;13;55888;9
78;196;13;25111;1
78;132;13;12133;2
78;157;13;13333;4
78;392;13;27190;3
78;214;13;25456;3
78;81;13;10456;15
78;376;13;10111;1
78;189;13;55012;1
78;345;13;25369;6
78;109;13;13123;1
78;157;13;13345;2
78;84;13;13111;1
78;349;13;44333;9
78;217;13;10630;3
78;152;13;96;10
78;173;13;13345;4
78;167;13;25999;1
78;225;13;10630;6
78;144;13;40567;9
78;74;13;25111;1
78;159;13;12150;1
78;138;13;15000;1
78;144;13;27888;2
78;213;13;10456;3
78;373;13;10000;2
78;83;13;12555;1
78;82;13;13111;2
78;157;13;95;7
78;123;13;15111;12
78;110;13;40580;58
78;184;13;44556;8
78;179;13;10789;8
78;71;13;40123;13
78;107;13;27888;1
78;197;13;15555;4
78;70;13;13345;2
78;108;13;44022;1
78;167;13;12012;1
78;169;13;10333;2
78;127;13;96;3
78;168;13;12123;1
78;366;13;40000;1
78;176;13;12222;2
78;157;13;13789;2
78;150;13;25123;4
78;345;13;40123;1
78;214;13;15456;1
78;216;13;27333;1
78;212;13;44255;14
78;166;13;40222;2
78;142;13;13321;1
78;171;13;13333;3
78;156;13;44888;2
78;152;13;10630;3
78;227;13;10630;8
78;76;13;10222;1
78;181;13;44556;8
78;79;13;10456;11
78;146;13;25234;2
78;129;13;12000;1
78;73;13;95;9
78;161;13;44022;8
78;345;13;15111;9
78;194;13;15456;1
78;214;13;44000;1
78;157;13;44510;1
78;144;13;25;2
78;212;13;13;1
78;76;13;12;1
78;76;13;40;5
78;132;13;25;2
78;151;13;13;1
78;203;13;40456;10
78;175;13;15;1
78;176;13;12;1
78;184;13;12;1
78;118;13;96;7
78;140;13;40000;2
78;215;13;40456;9
78;79;13;44888;1
78;79;13;40567;1
78;200;13;13555;7
78;70;13;55999;2
78;185;13;12222;1
78;217;13;44556;2
78;172;13;25234;2
78;158;13;13345;4
78;88;13;40123;7
78;361;13;15123;2
78;209;13;44111;1
78;222;13;44255;18
78;206;13;44789;6
78;142;13;15222;1
78;117;13;10111;2
78;101;13;40567;1
78;153;13;10580;10
78;144;13;55;1
78;217;13;40;3
78;76;13;10;3
78;182;13;44;1
78;118;13;15111;3
78;361;13;15456;5
78;126;13;15678;1
78;122;13;40580;6
78;160;13;40000;3
78;144;13;40000;1
78;103;13;44556;6
78;132;13;55999;1
78;116;13;55321;1
78;226;13;40580;14
78;344;13;44111;6
78;173;13;25369;15
78;386;13;25369;1
78;76;13;25369;1
78;102;13;95;3
78;120;13;15555;43
78;73;13;55456;1
78;218;13;10333;2
78;136;13;10456;12
78;149;13;15555;4
78;162;13;10630;6
78;350;13;10630;8
78;156;13;25123;11
78;386;13;40123;3
78;219;13;40580;17
78;143;13;44022;3
78;111;13;25789;1
78;97;13;25369;2
78;190;13;15456;5
78;82;13;55789;12
78;226;13;10333;1
78;210;13;25999;1
78;171;13;15111;33
78;213;13;25234;3
78;178;13;44556;8
78;75;13;44111;8
78;151;13;25234;3
78;114;13;44123;1
78;131;13;44255;1
78;185;13;44255;5
78;91;13;40456;23
78;135;13;12333;1
78;226;13;40100;1
78;223;13;44222;1
78;197;13;25456;4
78;117;13;10000;8
78;200;13;40222;1
78;129;13;10000;4
78;185;13;10100;4
78;128;13;10100;1
78;87;13;10456;10
78;185;13;10580;12
78;221;13;27333;1
78;95;13;40;4
78;226;13;40000;3
78;225;13;55789;9
78;164;13;12222;3
78;154;13;55999;16
78;371;13;55789;22
78;112;13;44222;2
78;364;13;12012;2
78;376;13;44123;2
78;173;13;55321;1
78;114;13;44022;2
78;106;13;25789;6
78;206;13;15;1
78;85;13;13123;2
78;189;13;13123;2
78;177;13;44789;2
78;103;13;55789;167
78;184;13;10789;3
78;194;13;55999;10
78;199;13;40000;4
78;169;13;10000;1
78;130;13;25123;3
78;222;13;40580;5
78;112;13;40;8
78;177;13;55;1
78;195;13;44;1
78;166;13;27190;1
78;218;13;25456;2
78;224;13;10;1
78;102;13;55999;4
78;71;13;13789;36
78;90;13;40567;7
78;205;13;55999;49
78;198;13;12012;1
78;138;13;25678;2
78;202;13;44000;1
78;163;13;15456;3
78;83;13;12;2
78;162;13;15;1
78;95;13;44789;5
78;350;13;40567;6
78;88;13;55888;4
78;206;13;10580;2
78;136;13;40580;3
78;97;13;10123;1
78;211;13;55444;1
78;87;13;10789;5
78;220;13;55789;5
78;228;13;95;4
78;168;13;96;9
78;120;13;10222;1
78;191;13;27888;3
78;160;13;10580;3
78;163;13;13345;2
78;376;13;40222;1
78;111;13;10123;1
78;359;13;95;7
78;226;13;95;9
78;202;13;25369;1
78;124;13;40000;1
78;132;13;55789;20
78;172;13;25222;5
78;193;13;15000;1
78;173;13;44333;2
78;76;13;10580;6
78;152;13;27789;2
78;199;13;44888;1
78;160;13;15111;9
78;149;13;13258;1
78;195;13;40222;1
78;95;13;12111;1
78;216;13;44022;3
78;372;13;55999;2
78;197;13;55789;5
78;170;13;55999;5
78;218;13;12222;2
78;373;13;27888;2
78;373;13;44333;14
78;114;13;27333;2
78;364;13;13456;2
78;222;13;10580;9
78;158;13;13555;4
78;222;13;55888;5
78;193;13;25678;1
78;220;13;55555;1
78;144;13;13131;1
78;220;13;25555;4
78;106;13;10580;2
78;146;13;25369;3
78;346;13;25555;2
78;68;13;96;4
78;67;13;95;2
78;103;13;15611;3
78;182;13;55520;1
78;74;13;13232;2
78;84;13;55520;1
78;79;13;13456;2
78;76;13;13456;3
78;159;13;13345;2
78;109;13;10000;2
78;345;13;10630;6
78;372;13;27333;1
78;130;13;13555;1
78;150;13;27888;2
78;381;13;44888;1
78;157;13;15222;3
78;199;13;10111;2
78;152;13;44556;3
78;227;13;40123;6
78;227;13;10123;7
78;154;13;10345;8
78;114;13;55789;8
78;190;13;10111;4
78;123;13;15678;1
78;135;13;10111;1
78;162;13;15611;9
78;214;13;15611;25
78;163;13;10111;2
78;360;13;95;6
78;189;13;25369;5
78;179;13;15123;5
78;179;13;13345;4
78;116;13;15000;2
78;101;13;10580;3
78;133;13;10630;2
78;130;13;10630;8
78;85;13;25000;1
78;195;13;40567;4
78;78;13;96;6
78;373;13;44556;3
78;171;13;44556;1
78;193;13;40888;1
78;365;13;40444;1
78;144;13;25115;1
78;389;13;15123;1
78;106;13;96;5
78;223;13;27789;1
78;344;13;55456;1
78;142;13;44510;2
78;215;13;27789;1
78;117;13;25369;1
78;118;13;95;5
78;225;13;15456;5
78;83;13;15123;2
78;141;13;12444;1
78;90;13;10678;4
78;176;13;12111;1
78;123;13;12345;5
78;101;13;95;1
78;130;13;95;2
78;385;13;13345;1
78;99;13;15222;4
78;164;13;15222;24
78;91;13;27222;1
78;194;13;25777;7
78;366;13;15222;2
78;75;13;25555;1
78;82;13;10345;6
78;118;13;10000;2
78;68;13;40444;55
78;84;13;15123;4
78;156;13;27190;3
78;345;13;40222;1
78;156;13;25456;6
78;77;13;13456;1
78;367;13;40999;1
78;100;13;44223;1
78;193;13;25888;4
78;392;13;25777;5
78;151;13;27999;3
78;106;13;10111;1
78;143;13;55333;1
78;75;13;25456;3
78;185;13;25115;2
78;181;13;10345;13
78;115;13;12150;1
78;176;13;27277;4
78;136;13;15678;9
78;180;13;25777;9
78;117;13;13131;2
78;83;13;13456;1
78;388;13;55555;1
78;87;13;15611;4
78;378;13;10111;2
78;190;13;15611;2
78;163;13;12111;1
78;195;13;15611;1
78;125;13;15611;1
78;109;13;15611;2
78;360;13;25555;2
78;129;13;27123;1
78;199;13;25555;2
78;369;13;15;1
78;153;13;44111;4
78;145;13;55333;2
78;139;13;25777;9
78;139;13;55555;1
78;114;13;25333;1
78;215;13;25555;2
78;169;13;44556;12
78;173;13;55123;9
78;227;13;10345;4
78;167;13;13333;1
78;185;13;13222;2
78;192;13;96;8
78;161;13;96;5
78;188;13;25555;1
78;373;13;10;1
78;123;13;12111;1
78;212;13;27567;1
78;157;13;55000;4
78;124;13;15123;2
78;381;13;12111;1
78;143;13;10345;7
78;131;13;15123;1
78;192;13;13123;3
78;114;13;12111;2
78;383;13;12111;1
78;383;13;10678;8
78;225;13;96;7
78;168;13;10123;6
78;185;13;13111;1
78;117;13;55789;16
78;173;13;96;5
78;77;13;40888;2
78;137;13;55789;5
78;386;13;12247;2
78;180;13;25555;3
78;102;13;44456;1
78;139;13;25888;1
78;144;13;27277;4
78;194;13;27555;3
78;97;13;15678;2
78;191;13;95;7
78;100;13;55000;47
78;381;13;10100;2
78;208;13;44888;1
78;221;13;10333;1
78;211;13;25678;2
78;188;13;13111;2
78;164;13;12111;1
78;164;13;10678;1
78;211;13;25555;5
78;84;13;13888;1
78;364;13;44567;1
78;183;13;10678;1
78;89;13;40789;1
78;202;13;10678;1
78;164;13;13555;7
78;98;13;10630;5
78;196;13;27333;1
78;191;13;10630;11
78;191;13;13555;4
78;156;13;10630;7
78;156;13;13555;3
78;367;13;10630;1
78;99;13;55888;7
78;96;13;44888;1
78;86;13;10123;4
78;160;13;10;1
78;198;13;12;1
78;208;13;10;3
78;192;13;10111;1
78;146;13;13567;1
78;210;13;15678;7
78;91;13;25888;1
78;218;13;13456;5
78;221;13;10345;8
78;151;13;12345;1
78;112;13;40444;3
78;96;13;15678;4
78;162;13;55012;1
78;144;13;13567;3
78;86;13;13456;2
78;175;13;15222;5
78;211;13;15678;1
78;134;13;44456;1
78;124;13;40;4
78;192;13;13555;5
78;172;13;13555;8
78;165;13;10630;3
78;188;13;15456;2
78;112;13;55456;1
78;196;13;12222;1
78;171;13;25234;1
78;91;13;13567;1
78;118;13;55000;3
78;216;13;15611;1
78;86;13;25777;5
78;186;13;25888;1
78;203;13;13;1
78;153;13;55000;4
78;154;13;15611;5
78;373;13;40000;5
78;128;13;10456;2
78;75;13;25777;1
78;78;13;44336;2
78;373;13;12222;3
78;136;13;44333;11
78;156;13;27000;2
78;221;13;27222;1
78;215;13;55000;4
78;100;13;15678;1
78;344;13;27567;1
78;366;13;40456;12
78;120;13;13333;8
78;73;13;13555;1
78;137;13;13555;4
78;223;13;40000;3
78;201;13;40100;2
78;97;13;25123;1
78;228;13;25999;1
78;188;13;55444;3
78;78;13;10789;9
78;193;13;12222;1
78;368;13;13789;7
78;376;13;55999;10
78;118;13;25123;4
78;193;13;25123;1
78;226;13;40567;4
78;117;13;12777;2
78;346;13;40;1
78;164;13;12;1
78;191;13;40100;1
78;141;13;44556;5
78;179;13;12333;1
78;147;13;12123;1
78;159;13;40456;8
78;164;13;40;4
78;91;13;55456;2
78;210;13;15111;3
78;225;13;27888;1
78;168;13;10100;7
78;221;13;27888;2
78;92;13;10100;1
78;131;13;27888;2
78;185;13;27888;3
78;171;13;10456;5
78;198;13;95;6
78;143;13;27008;1
78;139;13;15123;3
78;102;13;55888;8
78;100;13;40567;2
78;85;13;40999;1
78;68;13;55555;1
78;168;13;25555;3
78;138;13;55012;2
78;359;13;13456;5
78;140;13;40999;1
78;227;13;13456;2
78;90;13;44456;1
78;90;13;55012;2
78;150;13;15678;7
78;81;13;55678;2
78;81;13;27999;1
78;85;13;15611;2
78;137;13;10333;1
78;121;13;13789;6
78;181;13;10123;4
78;350;13;55888;4
78;136;13;44123;3
78;107;13;12012;1
78;160;13;44123;1
78;361;13;55789;11
78;372;13;13345;1
78;159;13;15555;2
78;163;13;27888;2
78;111;13;10630;8
78;183;13;15456;7
78;67;13;55123;36
78;127;13;13345;2
78;124;13;15111;18
78;169;13;15555;4
78;360;13;55789;2
78;93;13;10789;21
78;219;13;44222;1
78;185;13;40123;5
78;372;13;27777;1
78;88;13;40567;10
78;372;13;40456;8
78;152;13;40456;8
78;92;13;15111;6
78;158;13;96;7
78;108;13;55789;70
78;173;13;25234;5
78;198;13;25111;1
78;127;13;40567;4
78;222;13;96;11
78;189;13;44222;3
78;74;13;13222;1
78;78;13;25111;1
78;194;13;40222;1
78;118;13;40456;10
78;183;13;15123;2
78;110;13;10333;1
78;101;13;44789;3
78;167;13;13345;2
78;115;13;55888;5
78;148;13;55333;1
78;178;13;27190;2
78;366;13;40222;2
78;174;13;12000;1
78;348;13;25456;2
78;198;13;55123;7
78;99;13;55678;3
78;118;13;10100;2
78;200;13;40123;2
78;185;13;40888;2
78;182;13;10580;8
78;109;13;27333;2
78;196;13;25999;1
78;183;13;12150;2
78;196;13;13789;2
78;92;13;55123;8
78;143;13;12222;2
78;170;13;12222;3
78;222;13;44333;1
78;160;13;15000;2
78;219;13;27888;1
78;385;13;15456;1
78;211;13;15456;6
78;115;13;55456;3
78;177;13;25456;3
78;178;13;12555;1
78;213;13;25555;1
78;174;13;55;2
78;170;13;25;3
78;200;13;10000;4
78;194;13;10630;15
78;72;13;40000;1
78;220;13;10000;4
78;208;13;10456;2
78;149;13;10000;5
78;91;13;44255;5
78;159;13;10456;9
78;123;13;25123;7
78;116;13;44556;7
78;169;13;10789;3
78;150;13;10678;1
78;76;13;44255;1
78;179;13;44022;1
78;86;13;55;1
78;90;13;55123;11
78;130;13;40123;12
78;141;13;10123;5
78;89;13;10123;2
78;141;13;55789;4
78;141;13;25234;4
78;74;13;25456;3
78;221;13;10222;2
78;192;13;25456;5
78;124;13;40789;1
78;142;13;25456;4
78;67;13;10000;2
78;79;13;55789;9
78;106;13;10789;2
78;159;13;12012;1
78;74;13;44333;8
78;157;13;44255;11
78;114;13;44567;3
78;133;13;10000;3
78;177;13;55444;2
78;124;13;27888;1
78;192;13;25555;1
78;210;13;44111;4
78;137;13;55123;7
78;373;13;10345;3
78;177;13;44567;1
78;215;13;40123;2
78;77;13;55999;9
78;183;13;25789;1
78;118;13;25234;5
78;211;13;44111;2
78;123;13;44022;2
78;227;13;55123;12
78;109;13;55789;46
78;386;13;55111;14
78;148;13;40580;4
78;67;13;55999;4
78;182;13;27777;1
78;395;13;44111;1
78;345;13;10789;3
78;70;13;44222;1
78;82;13;10789;14
78;116;13;44123;1
78;101;13;40580;3
78;198;13;44111;2
78;120;13;10000;2
78;180;13;27190;2
78;69;13;44222;1
78;160;13;55999;31
78;361;13;40888;4
78;90;13;44222;7
78;224;13;12000;1
78;228;13;55123;25
78;158;13;10456;5
78;209;13;40100;1
78;82;13;10123;7
78;179;13;44111;2
78;369;13;10000;4
78;178;13;55999;11
78;99;13;25777;10
78;152;13;12222;3
78;116;13;25234;1
78;175;13;55123;14
78;131;13;55123;11
78;188;13;10000;9
78;130;13;25222;55
78;112;13;10100;3
78;364;13;10100;1
78;182;13;27888;1
78;177;13;10123;1
78;113;13;25555;2
78;181;13;15000;1
78;162;13;15678;1
78;196;13;25555;1
78;383;13;12555;9
78;101;13;10678;1
78;158;13;27277;4
78;109;13;15111;1
78;183;13;15111;6
78;145;13;13777;2
78;119;13;55153;2
78;189;13;13777;1
78;138;13;15678;8
78;135;13;25888;1
78;195;13;40580;10
78;181;13;55000;2
78;202;13;10111;3
78;118;13;10123;4
78;216;13;10123;1
78;368;13;13333;4
78;103;13;55153;1
78;75;13;55012;1
78;177;13;25888;1
78;216;13;40444;1
78;389;13;25555;2
78;179;13;10456;11
78;189;13;12777;1
78;209;13;40456;2
78;159;13;25;2
78;203;13;15678;5
78;141;13;15111;7
78;146;13;13555;1
78;344;13;40567;1
78;74;13;40123;3
78;157;13;13456;3
78;137;13;36333;1
78;74;13;25115;1
78;172;13;13131;1
78;386;13;55012;2
78;367;13;10100;4
78;161;13;55;2
78;203;13;12345;1
78;134;13;40580;3
78;84;13;40123;5
78;176;13;55123;16
78;137;13;40;4
78;92;13;55888;5
78;196;13;40567;9
78;162;13;10333;1
78;196;13;44000;1
78;218;13;40580;6
78;214;13;40580;3
78;210;13;10580;3
78;194;13;40789;1
78;104;13;25789;3
78;192;13;10678;3
78;84;13;12000;1
78;74;13;25234;4
78;86;13;27777;1
78;81;13;55444;1
78;189;13;55999;10
78;167;13;27888;1
78;188;13;25369;5
78;192;13;13345;4
78;209;13;12;1
78;119;13;55888;4
78;123;13;10100;3
78;180;13;12222;2
78;154;13;13567;2
78;208;13;13456;1
78;208;13;44456;2
78;198;13;25777;5
78;345;13;13567;4
78;126;13;15222;1
78;361;13;10630;8
78;220;13;10630;1
78;125;13;25456;1
78;118;13;44888;3
78;121;13;27888;1
78;187;13;13321;1
78;114;13;44111;2
78;171;13;44111;4
78;204;13;10630;1
78;344;13;15555;13
78;158;13;44789;2
78;392;13;55123;8
78;345;13;10000;2
78;198;13;44789;1
78;369;13;13123;3
78;87;13;27190;1
78;146;13;12555;2
78;168;13;55123;3
78;214;13;27190;1
78;151;13;40888;1
78;211;13;44333;5
78;170;13;10456;3
78;227;13;96;6
78;74;13;55888;1
78;150;13;95;6
78;186;13;44888;3
78;346;13;55153;2
78;348;13;44111;1
78;206;13;13131;2
78;171;13;55000;2
78;207;13;55000;5
78;119;13;10456;6
78;113;13;15111;7
78;177;13;44222;3
78;167;13;25234;5
78;381;13;25123;2
78;369;13;10789;14
78;86;13;25123;1
78;202;13;55999;2
78;151;13;40123;15
78;221;13;25222;2
78;180;13;13333;6
78;71;13;25789;1
78;172;13;55888;3
78;199;13;10000;4
78;218;13;15123;3
78;106;13;13111;1
78;346;13;10222;1
78;372;13;55111;1
78;146;13;44222;17
78;392;13;44222;1
78;193;13;44333;8
78;347;13;10100;1
78;166;13;13333;3
78;191;13;15123;1
78;132;13;10345;2
78;138;13;10345;4
78;126;13;55123;29
78;131;13;44789;3
78;116;13;55888;4
78;190;13;25222;4
78;140;13;27789;1
78;184;13;10580;8
78;74;13;12345;2
78;187;13;40444;3
78;116;13;25678;1
78;113;13;10630;3
78;186;13;27555;1
78;227;13;10789;16
78;138;13;10789;13
78;147;13;12012;1
78;168;13;44510;1
78;117;13;44888;1
78;97;13;15000;3
78;192;13;44510;1
78;176;13;15111;5
78;122;13;15555;28
78;83;13;55999;8
78;87;13;44022;1
78;119;13;40580;4
78;174;13;55444;1
78;129;13;10580;1
78;191;13;12;1
78;192;13;40;3
78;211;13;15;1
78;211;13;44;1
78;383;13;10;3
78;118;13;40;2
78;148;13;44;1
78;175;13;44;1
78;107;13;13111;1
78;113;13;96;11
78;81;13;40123;8
78;73;13;13111;2
78;97;13;25234;3
78;185;13;10789;8
78;198;13;13789;1
78;91;13;25123;2
78;146;13;44022;2
78;183;13;44789;1
78;142;13;40;4
78;211;13;40;5
78;116;13;12;1
78;118;13;10;1
78;148;13;13;1
78;225;13;40;1
78;202;13;40000;2
78;138;13;12222;1
78;140;13;12222;3
78;193;13;12000;1
78;224;13;12345;1
78;136;13;10345;7
78;225;13;40000;1
78;189;13;55000;2
78;198;13;15611;1
78;155;13;10345;1
78;111;13;13888;1
78;140;13;10630;6
78;84;13;25888;1
78;132;13;13456;3
78;161;13;25888;1
78;123;13;10000;1
78;101;13;25777;2
78;172;13;25123;3
78;79;13;40580;9
78;137;13;15611;8
78;219;13;10789;4
78;75;13;40123;5
78;361;13;40123;1
78;212;13;15111;4
78;121;13;10630;3
78;134;13;10630;2
78;211;13;10789;6
78;348;13;25369;1
78;211;13;12222;4
78;126;13;25123;1
78;203;13;10580;6
78;97;13;10000;3
78;122;13;15;1
78;122;13;25;2
78;83;13;15456;1
78;93;13;40456;3
78;120;13;15111;23
78;210;13;40456;23
78;139;13;13321;1
78;117;13;25111;1
78;113;13;55888;7
78;369;13;40456;9
78;136;13;44111;2
78;172;13;44111;2
78;213;13;44022;2
78;225;13;15111;13
78;91;13;15555;1
78;135;13;44000;1
78;151;13;55789;9
78;145;13;55111;2
78;83;13;44556;4
78;367;13;10456;7
78;108;13;40;3
78;105;13;40;5
78;155;13;12;1
78;97;13;25;3
78;97;13;55;1
78;103;13;40;2
78;207;13;10789;15
78;191;13;55321;1
78;344;13;55444;8
78;118;13;10789;13
78;103;13;55999;2
78;128;13;44111;2
78;196;13;13333;1
78;345;13;55789;10
78;71;13;25234;3
78;87;13;13333;3
78;91;13;40000;4
78;119;13;10789;12
78;368;13;40580;8
78;224;13;55444;1
78;376;13;44222;4
78;195;13;55789;5
78;376;13;25;2
78;133;13;25;2
78;177;13;12;1
78;154;13;25123;1
78;348;13;15111;1
78;112;13;44789;3
78;198;13;10789;15
78;368;13;44000;1
78;109;13;40;4
78;98;13;40;5
78;141;13;25;2
78;222;13;40;2
78;188;13;25;1
78;346;13;44789;1
78;99;13;44789;3
78;386;13;12222;4
78;192;13;44556;4
78;186;13;40100;1
78;100;13;25123;4
78;360;13;44556;3
78;367;13;55999;28
78;168;13;13789;2
78;107;13;10222;1
78;137;13;10456;11
78;178;13;15456;4
78;218;13;27888;3
78;123;13;13333;2
78;73;13;12;1
78;395;13;40456;2
78;182;13;15111;3
78;163;13;40567;6
78;349;13;44000;2
78;361;13;25222;2
78;211;13;40580;15
78;107;13;40580;109
78;158;13;10222;1
78;116;13;40580;18
78;72;13;10123;2
78;180;13;96;3
78;170;13;40888;6
78;139;13;44123;2
78;212;13;44556;4
78;161;13;44333;2
78;172;13;10580;9
78;69;13;44333;2
78;150;13;12000;2
78;347;13;55444;1
78;126;13;55999;19
78;226;13;55999;3
78;146;13;27789;1
78;209;13;95;2
78;176;13;25369;1
78;170;13;95;5
78;139;13;44222;2
78;170;13;12012;1
78;188;13;44333;4
78;203;13;13345;2
78;372;13;27789;1
78;381;13;12555;2
78;154;13;95;9
78;385;13;15111;18
78;160;13;40456;10
78;106;13;12150;1
78;77;13;40444;2
78;372;13;13789;1
78;213;13;13789;3
78;166;13;12222;6
78;136;13;44000;1
78;104;13;40456;3
78;211;13;13345;1
78;193;13;10630;11
78;359;13;44333;6
78;201;13;13345;3
78;378;13;55000;3
78;381;13;55888;7
78;188;13;13777;1
78;220;13;13131;1
78;74;13;13777;1
78;366;13;25777;5
78;215;13;25777;7
78;367;13;44333;7
78;214;13;55789;6
78;124;13;25369;1
78;115;13;95;4
78;182;13;44022;1
78;207;13;40444;1
78;137;13;44222;4
78;111;13;44336;1
78;103;13;55000;1
78;95;13;10111;5
78;386;13;15611;6
78;175;13;15611;7
78;196;13;25888;6
78;165;13;15611;7
78;383;13;25369;6
78;97;13;96;9
78;226;13;27789;1
78;145;13;13345;2
78;131;13;15611;3
78;200;13;55000;5
78;73;13;44556;8
78;122;13;13222;1
78;167;13;10345;5
78;84;13;44333;6
78;132;13;25000;2
78;175;13;55555;9
78;189;13;10100;3
78;127;13;10630;3
78;81;13;44255;2
78;226;13;27888;4
78;169;13;10100;3
78;113;13;44333;3
78;109;13;13345;1
78;131;13;13555;7
78;77;13;13555;2
78;138;13;27333;1
78;199;13;10630;5
78;118;13;12777;2
78;109;13;96;8
78;217;13;13111;1
78;152;13;27888;4
78;106;13;25234;3
78;121;13;10123;2
78;344;13;10345;3
78;172;13;96;11
78;69;13;96;4
78;128;13;25369;1
78;181;13;15456;4
78;141;13;25369;2
78;212;13;27123;1
78;211;13;44022;1
78;227;13;27123;1
78;359;13;25369;1
78;184;13;40567;5
78;71;13;44888;1
78;96;13;40444;2
78;105;13;55123;7
78;211;13;13333;4
78;160;13;13333;1
78;118;13;40567;12
78;216;13;15555;5
78;186;13;13345;3
78;388;13;95;2
78;122;13;15111;23
78;95;13;55888;5
78;131;13;44888;1
78;220;13;25999;1
78;151;13;40567;7
78;364;13;44022;1
78;72;13;44888;2
78;173;13;15111;17
78;139;13;10630;2
78;92;13;13555;8
78;111;13;55333;1
78;373;13;15123;3
78;212;13;27555;1
78;152;13;12150;1
78;108;13;13333;2
78;100;13;25777;2
78;182;13;25777;3
78;125;13;13567;1
78;201;13;15222;1
78;125;13;15678;2
78;116;13;13777;2
78;183;13;15222;6
78;109;13;25888;2
78;345;13;13232;1
78;126;13;27222;3
78;160;13;13456;7
78;125;13;15222;1
78;190;13;25777;4
78;87;13;13131;1
78;218;13;10345;4
78;151;13;15611;3
78;365;13;10345;1
78;345;13;25555;1
78;93;13;25555;60
78;103;13;55123;11
78;117;13;12111;1
78;156;13;55123;5
78;172;13;27190;1
78;215;13;10111;2
78;80;13;55520;4
78;136;13;15222;8
78;146;13;55000;7
78;83;13;15611;5
78;171;13;27277;1
78;143;13;40444;4
78;162;13;27567;1
78;367;13;55000;4
78;213;13;55000;1
78;167;13;25222;4
78;193;13;13123;1
78;193;13;55123;13
78;103;13;25789;1
78;77;13;44022;2
78;180;13;10678;2
78;198;13;25888;3
78;118;13;12345;2
78;372;13;55555;3
78;227;13;13777;1
78;200;13;10;4
78;139;13;40;4
78;157;13;40;4
78;105;13;44580;1
78;373;13;15;1
78;101;13;12;1
78;145;13;12111;1
78;114;13;15;1
78;373;13;12111;3
78;149;13;12555;1
78;185;13;25555;3
78;70;13;12150;1
78;367;13;25555;3
78;162;13;27123;1
78;145;13;44222;10
78;137;13;40123;3
78;202;13;40123;1
78;138;13;40123;2
78;99;13;25555;1
78;202;13;10123;1
78;140;13;10123;4
78;190;13;25555;1
78;359;13;40000;9
78;72;13;13456;1
78;213;13;15678;5
78;160;13;10111;1
78;197;13;40888;1
78;188;13;12000;3
78;344;13;25888;1
78;381;13;25222;1
78;185;13;13131;3
78;119;13;15222;5
78;174;13;15678;8
78;107;13;10111;1
78;160;13;27277;5
78;143;13;55000;6
78;208;13;55000;4
78;392;13;27277;2
78;168;13;27277;1
78;147;13;55000;5
78;139;13;13232;1
78;227;13;13111;1
78;156;13;15111;3
78;131;13;40456;3
78;165;13;55333;1
78;167;13;55123;7
78;128;13;27789;1
78;223;13;95;8
78;392;13;44556;2
78;346;13;55123;5
78;216;13;44;2
78;91;13;10345;5
78;112;13;12111;1
78;144;13;25555;3
78;144;13;12150;1
78;223;13;13888;2
78;113;13;44556;6
78;113;13;10123;3
78;105;13;25555;10
78;89;13;12111;3
78;141;13;40789;1
78;125;13;10630;8
78;99;13;13555;1
78;206;13;13345;2
78;350;13;10678;2
78;76;13;13555;2
78;157;13;10580;4
78;157;13;27888;2
78;201;13;10630;5
78;78;13;10630;14
78;215;13;12333;5
78;192;13;44888;2
78;96;13;40567;2
78;74;13;10630;10
78;179;13;40123;5
78;125;13;15456;3
78;89;13;12333;1
78;176;13;55888;3
78;157;13;44556;6
78;116;13;25369;1
78;114;13;55555;6
78;150;13;25777;11
78;378;13;13131;2
78;207;13;13131;1
78;175;13;15678;8
78;142;13;27200;2
78;155;13;15222;5
78;81;13;25777;5
78;149;13;15678;6
78;179;13;13777;1
78;82;13;27999;1
78;121;13;13456;1
78;145;13;12000;1
78;146;13;25;1
78;169;13;40;2
78;80;13;44111;2
78;366;13;40444;1
78;122;13;44022;1
78;123;13;15123;1
78;127;13;10000;104
78;176;13;55333;1
78;212;13;25888;2
78;153;13;27999;1
78;136;13;25777;6
78;114;13;40000;3
78;123;13;13789;6
78;191;13;55153;3
78;75;13;27277;1
78;94;13;15222;8
78;129;13;55153;1
78;75;13;55555;3
78;136;13;55153;3
78;162;13;13567;1
78;120;13;40222;2
78;198;13;13333;4
78;108;13;15456;12
78;216;13;27555;3
78;209;13;10630;1
78;173;13;13789;1
78;195;13;55444;1
78;193;13;40100;1
78;89;13;10789;10
78;188;13;44556;5
78;376;13;40000;1
78;118;13;12222;2
78;195;13;44556;9
78;99;13;40123;1
78;149;13;55321;1
78;388;13;40456;4
78;163;13;15111;10
78;346;13;40000;10
78;176;13;55999;15
78;188;13;25234;5
78;388;13;40567;1
78;167;13;44222;2
78;125;13;13789;8
78;214;13;15111;3
78;179;13;15456;8
78;200;13;15555;2
78;150;13;55888;5
78;147;13;44510;2
78;202;13;15555;1
78;135;13;40456;9
78;198;13;15111;16
78;226;13;15456;2
78;213;13;40567;1
78;199;13;10580;10
78;170;13;10100;1
78;198;13;25369;4
78;159;13;95;1
78;198;13;25555;1
78;175;13;40444;5
78;139;13;12150;1
78;137;13;55555;2
78;124;13;44456;1
78;79;13;13567;2
78;76;13;15222;4
78;372;13;13456;1
78;145;13;25777;7
78;72;13;55000;5
78;140;13;13456;1
78;131;13;15678;4
78;137;13;55153;2
78;131;13;15222;2
78;185;13;25888;1
78;165;13;13567;1
78;208;13;15222;1
78;208;13;15678;5
78;188;13;55555;1
78;344;13;10100;3
78;135;13;55000;5
78;138;13;12123;1
78;227;13;15111;5
78;88;13;40456;21
78;124;13;15456;2
78;227;13;40580;8
78;218;13;40000;7
78;202;13;44888;1
78;209;13;15555;2
78;156;13;55444;2
78;161;13;25234;2
78;173;13;10222;1
78;160;13;44222;3
78;207;13;12150;1
78;152;13;13345;3
78;175;13;12012;1
78;75;13;55789;6
78;126;13;15555;1
78;205;13;40456;8
78;167;13;15456;4
78;344;13;95;6
78;346;13;15456;2
78;98;13;55888;6
78;195;13;12234;1
78;141;13;25111;1
78;97;13;15111;12
78;88;13;10580;11
78;154;13;10630;1
78;88;13;44111;1
78;163;13;10000;2
78;78;13;13456;3
78;139;13;44556;4
78;364;13;10345;2
78;96;13;10345;1
78;122;13;44255;1
78;360;13;44255;22
78;143;13;10123;5
78;119;13;55789;6
78;78;13;15123;6
78;359;13;44556;7
78;378;13;44789;2
78;113;13;55123;5
78;135;13;13888;1
78;207;13;55123;6
78;94;13;10000;1
78;195;13;13123;6
78;147;13;44022;2
78;81;13;27190;1
78;139;13;12000;1
78;196;13;55123;8
78;119;13;10000;6
78;151;13;55123;10
78;117;13;44022;1
78;226;13;13123;1
78;91;13;12555;2
78;128;13;12555;1
78;104;13;10000;3
78;121;13;13333;6
78;75;13;40111;1
78;100;13;10580;4
78;107;13;10100;1
78;218;13;44556;10
78;84;13;10456;10
78;129;13;44333;18
78;141;13;44333;7
78;218;13;40123;2
78;141;13;13789;1
78;102;13;10580;7
78;104;13;27333;1
78;138;13;40580;10
78;170;13;40000;2
78;350;13;40580;3
78;196;13;55999;6
78;92;13;40000;1
78;92;13;40100;1
78;183;13;10580;6
78;78;13;10580;12
78;103;13;25222;1
78;156;13;27888;1
78;117;13;44255;1
78;88;13;15611;4
78;97;13;27888;1
78;144;13;15000;1
78;68;13;15611;3
78;129;13;44255;1
78;96;13;10456;6
78;170;13;12;1
78;179;13;25;1
78;225;13;55111;8
78;148;13;40000;1
78;181;13;40000;7
78;392;13;10630;5
78;142;13;10222;1
78;185;13;44222;4
78;197;13;55444;1
78;218;13;10789;9
78;159;13;13789;1
78;179;13;10678;3
78;187;13;55111;4
78;214;13;55333;1
78;86;13;55333;2
78;179;13;55333;4
78;213;13;40111;1
78;170;13;44333;14
78;137;13;10580;7
78;174;13;27888;1
78;79;13;12222;1
78;95;13;44111;2
78;74;13;10000;5
78;359;13;44022;4
78;150;13;44022;2
78;116;13;44789;1
78;71;13;44111;1
78;129;13;55111;3
78;78;13;10123;5
78;173;13;44222;1
78;128;13;55444;42
78;102;13;25234;2
78;220;13;10222;1
78;119;13;12444;1
78;135;13;44022;1
78;184;13;40580;10
78;75;13;44556;6
78;85;13;44022;3
78;198;13;55444;5
78;212;13;40580;7
78;184;13;27888;1
78;184;13;44333;4
78;205;13;44789;1
78;76;13;15123;1
78;153;13;44567;1
78;367;13;44789;1
78;171;13;55123;10
78;191;13;25555;3
78;345;13;10345;3
78;163;13;55123;7
78;349;13;12555;2
78;190;13;12111;2
78;78;13;25456;8
78;127;13;40444;13
78;190;13;27123;1
78;205;13;40444;2
78;142;13;25123;5
78;361;13;25123;2
78;149;13;25222;2
78;117;13;55123;6
78;86;13;27190;1
78;150;13;27190;4
78;73;13;44789;2
78;75;13;95;9
78;100;13;25234;2
78;68;13;55999;3
78;227;13;12012;1
78;178;13;40100;1
78;163;13;55999;9
78;372;13;12012;1
78;77;13;27190;1
78;77;13;12555;1
78;196;13;95;3
78;392;13;95;3
78;179;13;10000;9
78;167;13;13131;1
78;177;13;44456;2
78;164;13;25777;8
78;153;13;44456;1
78;150;13;44111;2
78;98;13;13777;7
78;112;13;10456;7
78;80;13;13456;8
78;187;13;44255;8
78;112;13;25222;1
78;104;13;44022;1
78;201;13;44111;1
78;198;13;44567;1
78;94;13;44333;3
78;186;13;44022;3
78;136;13;25456;6
78;148;13;13333;1
78;188;13;44111;2
78;97;13;10789;6
78;130;13;10222;1
78;75;13;40000;1
78;360;13;12222;3
78;216;13;44556;1
78;128;13;12000;1
78;100;13;44333;5
78;163;13;10456;3
78;114;13;44255;1
78;110;13;44567;3
78;117;13;13888;1
78;179;13;12777;1
78;359;13;55888;6
78;137;13;15111;8
78;208;13;25555;1
78;97;13;27123;1
78;221;13;55555;1
78;217;13;25777;10
78;108;13;55000;2
78;192;13;15611;3
78;80;13;15111;11
78;73;13;15222;5
78;98;13;10333;1
78;108;13;55888;2
78;200;13;13567;1
78;172;13;44336;1
78;149;13;27999;2
78;187;13;40567;8
78;191;13;55000;8
78;360;13;27277;1
78;149;13;13345;1
78;146;13;10630;6
78;189;13;40999;2
78;207;13;25888;1
78;135;13;15678;3
78;186;13;13232;2
78;186;13;15611;5
78;222;13;25333;7
78;168;13;15611;3
78;221;13;13567;3
78;169;13;40999;1
78;169;13;55555;2
78;100;13;27277;1
78;127;13;15611;2
78;222;13;10111;1
78;365;13;13777;2
78;159;13;15;2
78;186;13;44333;3
78;161;13;15;1
78;107;13;55789;56
78;146;13;12012;1
78;114;13;13789;1
78;217;13;10222;1
78;373;13;55999;5
78;105;13;27333;1
78;153;13;44333;18
78;165;13;44022;1
78;77;13;25222;2
78;119;13;13258;1
78;100;13;10456;13
78;158;13;27888;1
78;82;13;25222;1
78;179;13;27777;1
78;179;13;55999;11
78;74;13;10222;1
78;359;13;55111;4
78;88;13;40580;6
78;147;13;40100;2
78;163;13;40580;6
78;176;13;13123;1
78;385;13;13333;2
78;366;13;55123;4
78;156;13;25115;1
78;209;13;55;1
78;359;13;13;1
78;113;13;12;1
78;145;13;40;4
78;202;13;55;2
78;139;13;12777;1
78;207;13;55;1
78;88;13;40;2
78;92;13;40456;22
78;183;13;40456;11
78;153;13;15678;6
78;206;13;55000;1
78;105;13;10111;1
78;123;13;10630;4
78;364;13;25456;3
78;183;13;13123;2
78;350;13;15123;1
78;121;13;44333;6
78;383;13;10630;15
78;346;13;40456;14
78;99;13;15111;12
78;181;13;10630;6
78;100;13;10630;5
78;226;13;10630;9
78;199;13;25456;7
78;81;13;44022;3
78;169;13;40222;2
78;140;13;25456;5
78;359;13;13123;1
78;163;13;25456;2
78;135;13;44789;1
78;114;13;25456;10
78;186;13;40456;14
78;206;13;44022;2
78;104;13;10678;1
78;207;13;10000;7
78;187;13;13131;4
78;78;13;10456;8
78;97;13;10456;8
78;175;13;27333;2
78;198;13;10580;12
78;107;13;44333;3
78;211;13;27333;1
78;181;13;44888;1
78;79;13;55888;9
78;172;13;15456;1
78;115;13;12777;3
78;365;13;15111;8
78;119;13;13888;1
78;204;13;96;4
78;83;13;96;9
78;189;13;40456;21
78;118;13;40580;9
78;87;13;44222;2
78;90;13;55111;2
78;86;13;10789;10
78;350;13;55999;7
78;138;13;55999;23
78;218;13;10123;9
78;159;13;10222;1
78;96;13;15000;3
78;149;13;27888;2
78;108;13;44789;1
78;178;13;13123;3
78;185;13;12345;1
78;187;13;10678;2
78;74;13;15123;1
78;70;13;15456;6
78;128;13;55333;1
78;82;13;13345;3
78;92;13;13345;5
78;171;13;40567;8
78;150;13;44888;1
78;228;13;40567;5
78;366;13;15111;15
78;158;13;15555;1
78;101;13;13555;3
78;101;13;10630;7
78;148;13;44556;5
78;220;13;44556;10
78;121;13;12222;1
78;100;13;44222;1
78;367;13;40000;2
78;101;13;55999;2
78;91;13;44123;1
78;147;13;44123;1
78;208;13;44556;3
78;121;13;40000;2
78;137;13;10789;11
78;87;13;25234;1
78;83;13;10222;1
78;97;13;25678;1
78;130;13;15000;1
78;368;13;15123;2
78;84;13;96;7
78;162;13;25369;4
78;221;13;12;1
78;217;13;13;1
78;79;13;15;1
78;220;13;40;2
78;173;13;40;4
78;93;13;12;2
78;176;13;13;1
78;367;13;15;1
78;122;13;25369;2
78;142;13;25;1
78;191;13;25;1
78;186;13;55;1
78;75;13;25;1
78;132;13;15;1
78;383;13;12;1
78;205;13;13;1
78;111;13;13;1
78;149;13;55;1
78;148;13;25;2
78;163;13;44222;1
78;347;13;13111;1
78;344;13;25234;1
78;360;13;40000;1
78;71;13;40580;9
78;120;13;55999;3
78;214;13;10789;12
78;205;13;40580;2
78;218;13;13789;2
78;91;13;55444;1
78;175;13;44556;5
78;211;13;10345;4
78;110;13;25555;13
78;175;13;10345;7
78;145;13;44111;2
78;359;13;10000;5
78;183;13;44456;1
78;154;13;13131;2
78;78;13;27999;1
78;100;13;25678;1
78;212;13;40567;4
78;100;13;40456;7
78;212;13;55000;7
78;139;13;55520;1
78;174;13;10111;1
78;154;13;10580;4
78;361;13;25111;1
78;208;13;13345;1
78;161;13;15222;1
78;192;13;15678;7
78;216;13;15111;4
78;217;13;27777;2
78;71;13;44456;2
78;142;13;13567;1
78;214;13;10580;4
78;116;13;44022;1
78;199;13;12444;1
78;192;13;25369;6
78;85;13;40444;2
78;113;13;40444;6
78;70;13;44022;1
78;125;13;96;3
78;139;13;25234;1
78;129;13;95;4
78;164;13;96;7
78;129;13;96;5
78;87;13;15456;1
78;84;13;15111;5
78;117;13;15456;8
78;207;13;55456;2
78;85;13;55888;5
78;91;13;13333;2
78;199;13;40456;14
78;150;13;44510;1
78;81;13;15555;2
78;224;13;44789;1
78;131;13;25456;3
78;104;13;40;3
78;126;13;40;2
78;102;13;55;3
78;195;13;12222;1
78;376;13;12222;1
78;188;13;12222;1
78;127;13;55789;2
78;216;13;44222;1
78;183;13;40580;14
78;153;13;27888;3
78;93;13;25222;1
78;164;13;55789;12
78;198;13;25456;6
78;83;13;10456;10
78;395;13;40;1
78;129;13;40;3
78;128;13;10;2
78;131;13;44;1
78;131;13;12;1
78;368;13;55444;13
78;155;13;25456;1
78;141;13;25123;2
78;202;13;44022;1
78;94;13;55123;26
78;144;13;44789;1
78;147;13;25456;4
78;212;13;44111;2
78;117;13;44111;3
78;113;13;10000;9
78;386;13;55999;33
78;187;13;40100;1
78;109;13;55111;1
78;222;13;10123;6
78;196;13;15111;9
78;215;13;10222;1
78;181;13;55111;4
78;224;13;15456;22
78;195;13;40;2
78;74;13;55999;12
78;221;13;44123;2
78;158;13;40123;3
78;156;13;10123;5
78;198;13;12222;2
78;198;13;44222;1
78;110;13;55789;51
78;221;13;44222;1
78;136;13;10123;4
78;148;13;44222;10
78;171;13;13123;1
78;199;13;27333;2
78;84;13;15456;1
78;367;13;15111;10
78;212;13;44888;1
78;88;13;15456;5
78;83;13;15;1
78;83;13;25;2
78;106;13;55;2
78;82;13;12;1
78;192;13;12888;1
78;192;13;55444;2
78;76;13;40100;1
78;217;13;44222;2
78;175;13;40580;8
78;361;13;25234;1
78;147;13;96;5
78;102;13;55789;134
78;209;13;13222;1
78;71;13;96;12
78;205;13;96;4
78;119;13;13222;1
78;143;13;95;4
78;213;13;95;3
78;81;13;40000;3
78;99;13;27888;2
78;193;13;25000;1
78;191;13;44333;5
78;108;13;44333;4
78;227;13;40000;1
78;144;13;10456;8
78;345;13;10456;15
78;151;13;44255;4
78;120;13;44255;1
78;345;13;10100;2
78;82;13;44580;1
78;386;13;27888;2
78;159;13;27789;1
78;227;13;27555;1
78;149;13;12111;1
78;141;13;44022;2
78;183;13;44022;2
78;162;13;12000;1
78;98;13;44022;1
78;365;13;40789;1
78;103;13;40567;7
78;75;13;40456;31
78;111;13;40567;12
78;191;13;27555;1
78;223;13;55153;1
78;228;13;27888;2
78;222;13;40567;3
78;148;13;13131;1
78;122;13;55153;1
78;197;13;27000;1
78;367;13;10345;5
78;136;13;15123;1
78;222;13;10678;1
78;123;13;10345;2
78;189;13;10345;2
78;133;13;40444;2
78;214;13;13222;1
78;145;13;96;6
78;95;13;96;10
78;147;13;15222;5
78;181;13;44336;1
78;149;13;13232;1
78;190;13;27200;2
78;196;13;15678;4
78;116;13;10111;3
78;74;13;15611;1
78;162;13;55000;3
78;124;13;15611;1
78;145;13;13567;1
78;131;13;55000;1
78;349;13;55520;2
78;189;13;27567;1
78;214;13;55000;6
78;222;13;13123;1
78;115;13;13131;1
78;179;13;12150;1
78;182;13;40444;2
78;129;13;13333;3
78;189;13;13345;2
78;215;13;13111;1
78;116;13;25000;1
78;93;13;27888;1
78;224;13;10630;3
78;167;13;13555;11
78;167;13;10630;2
78;101;13;15000;1
78;133;13;13345;2
78;176;13;13555;4
78;135;13;27888;1
78;215;13;10630;3
78;368;13;15111;26
78;197;13;13555;5
78;112;13;15555;1
78;96;13;13111;1
78;183;13;96;6
78;101;13;10222;54
78;193;13;10345;4
78;349;13;25369;1
78;171;13;40123;6
78;216;13;10345;5
78;209;13;25234;4
78;199;13;40888;1
78;180;13;13345;3
78;359;13;13345;1
78;98;13;25369;3
78;106;13;25555;5
78;174;13;96;2
78;92;13;12247;1
78;148;13;12777;1
78;160;13;15555;1
78;178;13;40888;1
78;121;13;15123;1
78;68;13;25555;27
78;225;13;12140;1
78;219;13;96;9
78;200;13;13111;1
78;119;13;25369;3
78;97;13;55456;1
78;158;13;55888;4
78;68;13;10630;4
78;140;13;13111;1
78;147;13;25369;1
78;395;13;15456;5
78;104;13;40444;2
78;125;13;44022;1
78;164;13;44022;1
78;215;13;40567;5
78;170;13;10630;8
78;142;13;27789;1
78;346;13;40888;2
78;223;13;13333;3
78;373;13;12150;1
78;102;13;40444;5
78;211;13;55678;1
78;155;13;13456;11
78;112;13;15678;6
78;223;13;15678;5
78;99;13;15678;1
78;141;13;13567;1
78;367;13;25777;7
78;74;13;44456;1
78;190;13;13131;4
78;151;13;13456;2
78;151;13;55678;3
78;392;13;27567;1
78;113;13;10222;2
78;103;13;12150;1
78;78;13;55333;1
78;183;13;40444;3
78;193;13;44111;3
78;205;13;40222;1
78;365;13;55123;1
78;348;13;40444;2
78;163;13;44567;1
78;76;13;55123;9
78;209;13;10678;1
78;215;13;25456;3
78;180;13;12111;1
78;147;13;10678;1
78;189;13;25555;5
78;158;13;13333;4
78;189;13;15123;2
78;91;13;55678;1
78;369;13;27277;1
78;213;13;13131;2
78;92;13;40999;2
78;91;13;15611;6
78;207;13;10111;1
78;71;13;15611;7
78;93;13;15222;8
78;199;13;15222;3
78;367;13;15222;7
78;216;13;12345;1
78;143;13;55;2
78;200;13;55;1
78;101;13;15;2
78;101;13;40;3
78;373;13;12;2
78;152;13;25;1
78;114;13;25;1
78;147;13;25;1
78;145;13;40123;13
78;102;13;13333;2
78;199;13;15123;6
78;367;13;12000;1
78;180;13;55789;8
78;201;13;25555;1
78;137;13;10123;3
78;164;13;15123;6
78;100;13;13777;8
78;143;13;15222;3
78;139;13;15222;2
78;221;13;13456;5
78;111;13;55678;1
78;165;13;40999;1
78;95;13;55012;1
78;186;13;13456;1
78;143;13;25888;2
78;174;13;25888;2
78;153;13;25888;1
78;97;13;25888;1
78;116;13;55520;1
78;182;13;13232;1
78;167;13;10456;2
78;167;13;10100;9
78;158;13;10678;2
78;91;13;27567;1
78;368;13;10456;5
78;182;13;13321;1
78;203;13;25555;1
78;217;13;44888;1
78;77;13;40456;25
78;222;13;25456;2
78;201;13;95;9
78;197;13;40456;21
78;130;13;55123;2
78;170;13;27789;3
78;164;13;95;6
78;99;13;13111;1
78;376;13;40789;8
78;197;13;13345;1
78;140;13;40789;1
78;164;13;55333;4
78;376;13;10630;5
78;98;13;13555;2
78;127;13;44888;1
78;195;13;55888;10
78;149;13;40567;8
78;378;13;40123;1
78;383;13;40888;1
78;350;13;96;4
78;146;13;15222;4
78;146;13;25888;1
78;114;13;25777;7
78;194;13;13456;6
78;207;13;25777;6
78;160;13;15222;1
78;185;13;13567;6
78;124;13;12;1
78;163;13;15;1
78;110;13;55000;1
78;373;13;25777;8
78;97;13;55123;3
78;177;13;44111;2
78;216;13;55555;1
78;152;13;40444;2
78;371;13;10000;2
78;176;13;40444;4
78;142;13;13131;1
78;159;13;15678;11
78;365;13;10456;2
78;190;13;55789;11
78;114;13;44222;4
78;217;13;10580;8
78;103;13;13131;1
78;69;13;25777;1
78;168;13;13567;1
78;162;13;15222;8
78;158;13;27222;1
78;191;13;13456;1
78;104;13;25777;1
78;186;13;55123;10
78;215;13;10000;6
78;176;13;40456;13
78;173;13;15456;1
78;149;13;15456;4
78;203;13;10630;1
78;346;13;95;10
78;153;13;40000;5
78;112;13;55444;1
78;195;13;40123;8
78;136;13;40000;3
78;123;13;40456;11
78;224;13;40000;1
78;223;13;55999;5
78;154;13;44222;9
78;190;13;15555;2
78;83;13;55888;4
78;146;13;15111;9
78;167;13;12222;1
78;80;13;44222;5
78;125;13;55999;2
78;153;13;12012;3
78;108;13;55111;1
78;99;13;25234;2
78;376;13;25234;1
78;161;13;40100;1
78;121;13;15555;27
78;135;13;40567;4
78;78;13;13;3
78;194;13;44888;1
78;212;13;40456;32
78;200;13;55888;4
78;91;13;55888;6
78;106;13;10456;4
78;101;13;10100;1
78;114;13;10456;4
78;162;13;95;7
78;159;13;40888;1
78;148;13;40567;4
78;156;13;12111;1
78;139;13;27008;1
78;156;13;13567;1
78;156;13;55520;2
78;150;13;13567;3
78;137;13;55012;6
78;138;13;27999;1
78;209;13;13456;9
78;74;13;15222;2
78;161;13;55000;1
78;124;13;55678;1
78;122;13;15678;1
78;76;13;15678;9
78;77;13;10111;1
78;156;13;55000;4
78;202;13;55678;3
78;184;13;15222;10
78;219;13;15678;3
78;135;13;15611;2
78;78;13;10100;1
78;73;13;15111;8
78;121;13;40567;3
78;181;13;40123;7
78;140;13;44888;1
78;138;13;55888;4
78;123;13;15555;40
78;96;13;40100;1
78;69;13;55789;6
78;386;13;55789;7
78;123;13;40567;1
78;214;13;15555;1
78;154;13;13345;7
78;346;13;55456;1
78;89;13;55888;7
78;198;13;13555;2
78;197;13;44556;5
78;372;13;40580;1
78;197;13;40123;8
78;192;13;40567;10
78;90;13;55888;5
78;90;13;15456;2
78;372;13;25111;3
78;90;13;40456;22
78;136;13;10789;9
78;97;13;95;3
78;89;13;15555;2
78;109;13;55888;9
78;78;13;55888;3
78;191;13;44111;2
78;98;13;15456;1
78;183;13;44000;1
78;215;13;15555;3
78;191;13;40567;7
78;68;13;10000;3
78;162;13;25000;1
78;184;13;95;8
78;170;13;55789;8
78;81;13;13123;2
78;69;13;15111;1
78;158;13;44255;2
78;344;13;10580;1
78;186;13;40444;2
78;196;13;12555;1
78;174;13;44556;3
78;174;13;10123;4
78;143;13;55789;6
78;202;13;10222;33
78;89;13;12000;1
78;91;13;55123;7
78;202;13;13333;3
78;348;13;13111;5
78;217;13;40567;7
78;78;13;44333;3
78;89;13;44333;2
78;166;13;40123;4
78;109;13;13789;1
78;79;13;15555;4
78;89;13;12222;3
78;346;13;10789;5
78;178;13;25123;5
78;186;13;12111;1
78;220;13;44567;1
78;220;13;40444;5
78;176;13;40222;2
78;152;13;44789;1
78;136;13;13333;2
78;218;13;44022;1
78;174;13;12;2
78;181;13;10580;3
78;215;13;10580;8
78;109;13;44333;7
78;129;13;27888;2
78;89;13;44222;3
78;122;13;44222;2
78;129;13;10222;2
78;186;13;40000;3
78;133;13;10789;1
78;156;13;40111;1
78;140;13;40580;2
78;189;13;15611;2
78;119;13;12222;1
78;186;13;44255;6
78;201;13;15000;3
78;344;13;44333;42
78;163;13;15611;2
78;129;13;55123;2
78;130;13;10000;4
78;150;13;40;3
78;80;13;40123;10
78;383;13;55111;5
78;150;13;10100;2
78;124;13;27333;1
78;360;13;44222;3
78;77;13;25123;4
78;84;13;25456;6
78;199;13;55111;2
78;128;13;12222;2
78;197;13;13789;1
78;172;13;13345;2
78;86;13;13333;3
78;149;13;10123;2
78;115;13;44123;1
78;77;13;40000;1
78;148;13;25234;3
78;139;13;12444;1
78;139;13;13333;2
78;177;13;40580;13
78;346;13;55444;1
78;130;13;55444;35
78;369;13;12888;1
78;155;13;10123;1
78;119;13;27888;1
78;173;13;12345;1
78;80;13;40444;3
78;90;13;44111;2
78;152;13;44111;3
78;160;13;10000;7
78;163;13;12555;1
78;86;13;10345;6
78;154;13;40789;20
78;89;13;25456;4
78;109;13;10123;4
78;115;13;10789;5
78;211;13;27777;1
78;181;13;25123;3
78;83;13;55444;1
78;186;13;40580;12
78;115;13;44111;1
78;82;13;55999;7
78;347;13;44111;3
78;196;13;25115;1
78;189;13;10123;6
78;196;13;44789;1
78;350;13;55123;5
78;350;13;27190;3
78;89;13;12555;1
78;205;13;13258;1
78;193;13;25234;4
78;173;13;40123;2
78;211;13;55999;4
78;361;13;95;9
78;171;13;55444;2
78;106;13;95;3
78;192;13;40888;1
78;386;13;95;6
78;82;13;44556;3
78;82;13;40123;4
78;145;13;55123;7
78;86;13;44111;5
78;368;13;25777;1
78;110;13;25777;3
78;125;13;25222;54
78;146;13;40000;3
78;171;13;10789;7
78;73;13;44222;1
78;132;13;25234;1
78;80;13;10580;5
78;180;13;40;3
78;194;13;40888;1
78;82;13;95;5
78;125;13;44111;2
78;364;13;10000;1
78;181;13;55999;12
78;118;13;40789;1
78;373;13;44000;4
78;169;13;40567;1
78;224;13;10789;1
78;360;13;25333;6
78;346;13;15111;15
78;154;13;25111;1
78;172;13;25333;1
78;217;13;25888;1
78;170;13;13456;1
78;119;13;13456;1
78;174;13;55153;2
78;111;13;15611;10
78;85;13;27999;2
78;223;13;25333;1
78;113;13;25222;3
78;124;13;10580;2
78;180;13;10580;6
78;381;13;13555;8
78;125;13;10000;6
78;206;13;25123;2
78;361;13;40000;8
78;118;13;12111;1
78;83;13;10580;10
78;88;13;10456;12
78;140;13;15111;8
78;224;13;44556;7
78;211;13;55789;8
78;168;13;44123;1
78;96;13;55678;2
78;203;13;13567;1
78;172;13;10111;1
78;213;13;13456;1
78;217;13;27888;3
78;81;13;15678;3
78;137;13;15222;7
78;359;13;25888;1
78;151;13;10111;1
78;135;13;55678;1
78;347;13;25888;1
78;167;13;15611;5
78;126;13;25555;3
78;207;13;25123;2
78;177;13;15222;4
78;137;13;27700;2
78;202;13;10;1
78;92;13;44000;1
78;388;13;55444;23
78;128;13;40123;3
78;139;13;10678;1
78;361;13;27190;1
78;145;13;55012;1
78;188;13;27277;1
78;182;13;25888;1
78;109;13;40456;7
78;210;13;12222;1
78;180;13;27777;2
78;165;13;10222;1
78;117;13;55999;23
78;67;13;40444;68
78;145;13;13555;4
78;70;13;12111;3
78;223;13;25456;4
78;138;13;12000;2
78;166;13;55333;2
78;344;13;40888;1
78;154;13;44888;2
78;350;13;55;1
78;140;13;40;6
78;163;13;15555;1
78;138;13;27888;1
78;381;13;13222;1
78;105;13;15678;2
78;145;13;10630;10
78;137;13;12150;3
78;138;13;15123;2
78;88;13;44333;4
78;201;13;15111;27
78;214;13;55123;11
78;91;13;10000;4
78;73;13;10000;3
78;140;13;25000;1
78;123;13;10580;3
78;222;13;27555;2
78;221;13;44000;1
78;165;13;55888;3
78;171;13;10000;6
78;146;13;27190;3
78;223;13;13131;1
78;159;13;15123;3
78;172;13;40444;2
78;75;13;13258;1
78;221;13;13321;1
78;166;13;12150;1
78;89;13;40000;2
78;348;13;10000;50
78;133;13;44456;1
78;376;13;13131;1
78;141;13;10456;9
78;344;13;10456;8
78;129;13;13789;19
78;118;13;55444;1
78;185;13;10222;3
78;115;13;10100;1
78;381;13;44789;1
78;372;13;44022;1
78;84;13;55123;14
78;117;13;13333;2
78;212;13;55123;5
78;86;13;13222;1
78;210;13;12234;1
78;205;13;10580;2
78;135;13;15111;5
78;369;13;40580;1
78;113;13;40580;8
78;115;13;10580;6
78;187;13;13258;2
78;73;13;25115;1
78;367;13;12555;1
78;378;13;25115;2
78;346;13;96;6
78;371;13;96;6
78;190;13;10580;9
78;392;13;15456;4
78;114;13;40567;12
78;114;13;15456;7
78;142;13;25555;1
78;137;13;10345;8
78;199;13;55456;4
78;347;13;25999;1
78;225;13;40789;1
78;182;13;44222;4
78;140;13;25123;2
78;373;13;40567;9
78;85;13;10630;8
78;87;13;13789;1
78;106;13;55111;1
78;219;13;40123;11
78;180;13;55111;1
78;138;13;25123;3
78;148;13;10456;18
78;191;13;40;3
78;221;13;55;2
78;165;13;40;5
78;205;13;10;1
78;72;13;44;2
78;345;13;13;1
78;138;13;40000;2
78;192;13;10;1
78;79;13;12;1
78;77;13;40;5
78;165;13;25;1
78;385;13;55;1
78;344;13;25;1
78;367;13;44;2
78;349;13;40123;11
78;203;13;10345;1
78;144;13;40123;1
78;203;13;25123;1
78;160;13;10345;11
78;90;13;25777;4
78;118;13;25555;1
78;182;13;55888;3
78;149;13;44255;3
78;161;13;55888;4
78;381;13;55555;3
78;75;13;10123;7
78;160;13;12222;2
78;157;13;25333;2
78;182;13;44000;2
78;159;13;40567;10
78;198;13;15555;13
78;383;13;15111;3
78;202;13;10630;9
78;203;13;13777;14
78;200;13;25777;9
78;72;13;55111;2
78;76;13;40580;5
78;182;13;55111;4
78;123;13;10456;7
78;196;13;10100;2
78;111;13;13222;1
78;119;13;25234;1
78;89;13;10345;5
78;361;13;40;2
78;213;13;15555;81
78;200;13;40456;18
78;196;13;15555;9
78;359;13;15111;3
78;386;13;44111;3
78;205;13;55888;2
78;143;13;15555;1
78;180;13;15456;3
78;345;13;25234;3
78;348;13;40580;4
78;146;13;40123;11
78;71;13;10456;13
78;158;13;15000;2
78;104;13;25;4
78;155;13;25;1
78;100;13;25;6
78;125;13;44222;3
78;153;13;12222;3
78;141;13;55444;1
78;376;13;55789;6
78;131;13;10000;1
78;228;13;25456;1
78;214;13;44111;1
78;373;13;55111;3
78;359;13;55999;15
78;367;13;10222;2
78;197;13;10456;9
78;225;13;25222;1
78;206;13;55789;5
78;110;13;44222;4
78;98;13;55111;1
78;206;13;44556;2
78;187;13;40123;9
78;177;13;40;1
78;187;13;40;3
78;89;13;55111;5
78;371;13;44556;1
78;344;13;12222;3
78;130;13;40580;18
78;75;13;40100;1
78;75;13;12222;3
78;136;13;44556;4
78;186;13;10789;11
78;148;13;10789;17
78;198;13;25123;1
78;107;13;25234;4
78;201;13;40;1
78;195;13;25;1
78;364;13;40;2
78;223;13;55;1
78;104;13;40100;1
78;383;13;10123;6
78;74;13;40000;3
78;194;13;10789;13
78;168;13;25123;5
78;200;13;10789;3
78;202;13;44789;3
78;345;13;40456;21
78;166;13;44333;12
78;372;13;10580;4
78;166;13;25456;3
78;210;13;40;3
78;194;13;40;2
78;376;13;10456;3
78;75;13;25222;1
78;68;13;55888;2
78;87;13;55;2
78;82;13;40;3
78;168;13;10;3
78;364;13;10456;5
78;176;13;10100;1
78;75;13;10456;9
78;75;13;10100;4
78;149;13;55444;2
78;111;13;25123;5
78;79;13;40100;1
78;160;13;40580;7
78;104;13;25234;3
78;162;13;25123;5
78;139;13;40888;2
78;208;13;25234;1
78;112;13;27333;1
78;395;13;10100;2
78;386;13;44333;8
78;366;13;25369;1
78;185;13;40567;11
78;347;13;25123;2
78;151;13;40000;3
78;151;13;40100;1
78;209;13;13111;6
78;219;13;55789;2
78;395;13;55789;22
78;218;13;44222;2
78;172;13;10100;1
78;76;13;25222;3
78;112;13;44333;5
78;223;13;44333;8
78;75;13;27888;1
78;211;13;10580;6
78;214;13;13345;3
78;149;13;10678;1
78;170;13;13789;7
78;136;13;55888;5
78;192;13;40456;17
78;221;13;12333;1
78;386;13;25999;2
78;86;13;15611;3
78;222;13;25678;1
78;118;13;55456;2
78;178;13;44111;2
78;195;13;55012;1
78;222;13;10456;15
78;114;13;25000;1
78;193;13;13555;2
78;115;13;10630;7
78;202;13;44111;1
78;138;13;10000;9
78;97;13;13456;1
78;187;13;15678;5
78;206;13;15222;1
78;176;13;13131;2
78;107;13;13131;1
78;71;13;44333;50
78;137;13;25222;3
78;222;13;27123;2
78;71;13;10345;3
78;383;13;15123;1
78;113;13;10345;7
78;177;13;12000;3
78;147;13;44556;8
78;88;13;96;9
78;207;13;55789;10
78;81;13;12111;2
78;98;13;10000;2
78;347;13;27567;1
78;107;13;15611;1
78;138;13;44222;4
78;115;13;13222;1
78;163;13;25888;3
78;189;13;25888;3
78;349;13;10111;1
78;189;13;27200;1
78;160;13;55555;8
78;130;13;13123;1
78;208;13;27555;1
78;181;13;10111;1
78;96;13;55000;46
78;185;13;13232;1
78;77;13;15611;4
78;123;13;15222;1
78;184;13;13232;1
78;163;13;40100;1
78;140;13;44333;7
78;368;13;55456;1
78;90;13;44333;3
78;151;13;12111;4
78;86;13;25000;2
78;116;13;10630;9
78;112;13;40567;9
78;90;13;44556;2
78;111;13;25369;2
78;350;13;27333;1
78;88;13;95;5
78;373;13;40123;3
78;179;13;40111;1
78;215;13;13555;4
78;223;13;15555;7
78;96;13;95;7
78;72;13;40888;5
78;114;13;40123;7
78;156;13;96;13
78;129;13;25369;2
78;217;13;55333;3
78;95;13;40444;1
78;163;13;25555;1
78;101;13;27123;1
78;228;13;25369;1
78;187;13;15111;10
78;381;13;44111;3
78;360;13;55456;1
78;88;13;10630;9
78;197;13;44888;3
78;186;13;15111;4
78;179;13;27008;1
78;216;13;13321;3
78;119;13;10630;10
78;174;13;13555;4
78;386;13;55333;1
78;115;13;13345;8
78;221;13;40444;2
78;155;13;40444;1
78;201;13;13333;4
78;188;13;13333;3
78;144;13;27789;2
78;367;13;13345;3
78;191;13;13333;4
78;188;13;15678;3
78;78;13;15678;3
78;367;13;55555;1
78;91;13;13131;3
78;168;13;13777;1
78;218;13;27567;1
78;110;13;15123;1
78;217;13;10345;10
78;168;13;10345;1
78;144;13;13456;3
78;223;13;13567;1
78;364;13;15222;4
78;112;13;25888;2
78;98;13;15222;3
78;218;13;13131;2
78;121;13;25777;1
78;113;13;55789;9
78;359;13;44567;3
78;83;13;40789;2
78;198;13;15678;2
78;146;13;27999;7
78;143;13;40999;1
78;83;13;13232;1
78;218;13;15611;4
78;81;13;10111;2
78;134;13;27277;2
78;174;13;55678;1
78;139;13;55678;4
78;116;13;15611;15
78;221;13;13123;1
78;112;13;55000;3
78;132;13;15678;6
78;112;13;15611;15
78;141;13;55000;6
78;76;13;13333;1
78;156;13;40190;1
78;92;13;55333;1
78;163;13;55789;12
78;221;13;12345;1
78;197;13;44022;1
78;127;13;27567;1
78;174;13;40999;1
78;166;13;15611;3
78;143;13;15611;5
78;376;13;15611;2
78;183;13;55000;6
78;118;13;27277;2
78;193;13;27277;1
78;88;13;10222;1
78;185;13;12000;1
78;117;13;55;1
78;121;13;10678;1
78;111;13;13333;3
78;145;13;13258;1
78;136;13;12111;2
78;136;13;27123;1
78;189;13;96;7
78;361;13;10345;8
78;119;13;10345;1
78;197;13;12000;2
78;192;13;27190;2
78;166;13;25333;1
78;166;13;10111;1
78;392;13;27200;1
78;87;13;55520;1
78;177;13;10100;1
78;136;13;40444;2
78;371;13;25555;10
78;177;13;27008;1
78;223;13;15123;1
78;221;13;44456;1
78;74;13;25777;9
78;225;13;25777;7
78;175;13;10111;1
78;178;13;15222;11
78;218;13;25369;1
78;90;13;95;9
78;371;13;10456;4
78;144;13;25678;1
78;202;13;12345;1
78;194;13;27789;2
78;189;13;27789;1
78;165;13;44567;2
78;222;13;27190;6
78;225;13;27789;3
78;112;13;95;6
78;160;13;27;1
78;85;13;44556;1
78;226;13;10345;2
78;103;13;25555;7
78;195;13;40444;3
78;156;13;13123;1
78;350;13;55333;8
78;164;13;10630;5
78;89;13;13555;5
78;108;13;10630;2
78;112;13;55888;5
78;136;13;13111;2
78;107;13;25555;3
78;369;13;40123;6
78;350;13;44567;1
78;201;13;13555;1
78;158;13;13567;1
78;165;13;13555;12
78;177;13;55888;6
78;99;13;15456;1
78;181;13;13567;1
78;181;13;15222;10
78;107;13;15678;1
78;224;13;55580;1
78;150;13;27999;4
78;392;13;40;2
78;94;13;40;3
78;203;13;12;1
78;86;13;55789;7
78;167;13;44111;2
78;346;13;10000;1
78;118;13;13131;2
78;193;13;13131;2
78;136;13;55555;3
78;119;13;27000;2
78;119;13;13777;1
78;166;13;55678;1
78;81;13;13131;1
78;220;13;13567;1
78;392;13;55;1
78;121;13;10;1
78;94;13;25;3
78;163;13;10;2
78;176;13;13456;4
78;161;13;55555;8
78;176;13;55678;1
78;199;13;10456;9
78;166;13;15222;16
78;176;13;15611;8
78;217;13;10456;4
78;176;13;25000;2
78;225;13;44255;2
78;116;13;10456;5
78;192;13;55678;1
78;386;13;25777;2
78;75;13;25333;1
78;98;13;10111;11
78;100;13;15222;3
78;136;13;44888;1
78;177;13;95;3
78;149;13;27555;1
78;350;13;13555;5
78;191;13;55999;18
78;223;13;40123;2
78;368;13;40000;3
78;346;13;44222;1
78;191;13;55111;2
78;378;13;40567;1
78;87;13;15111;7
78;113;13;40567;15
78;381;13;55;1
78;80;13;12;1
78;177;13;12222;3
78;195;13;55999;10
78;141;13;40000;2
78;223;13;10222;2
78;214;13;40567;14
78;83;13;25678;1
78;106;13;15456;24
78;369;13;40567;7
78;88;13;15555;6
78;381;13;55111;3
78;91;13;25678;1
78;159;13;10333;1
78;90;13;15555;5
78;116;13;25999;2
78;200;13;15456;2
78;132;13;10580;2
78;185;13;44333;11
78;107;13;96;7
78;181;13;12247;1
78;200;13;96;3
78;186;13;40567;9
78;181;13;40567;4
78;122;13;40456;11
78;160;13;40444;4
78;138;13;13777;1
78;359;13;13777;1
78;163;13;13131;2
78;152;13;55153;3
78;86;13;15222;3
78;395;13;27277;2
78;138;13;55678;2
78;359;13;55555;2
78;372;13;44456;2
78;152;13;44456;2
78;74;13;10111;3
78;202;13;13456;3
78;167;13;27277;1
78;121;13;10456;5
78;75;13;27700;1
78;87;13;44888;1
78;146;13;44888;1
78;392;13;55888;5
78;124;13;12777;1
78;137;13;44888;1
78;115;13;27777;1
78;154;13;10123;3
78;141;13;25777;7
78;98;13;44255;1
78;346;13;44000;1
78;113;13;15611;15
78;183;13;55888;4
78;145;13;40567;6
78;350;13;25999;1
78;140;13;25999;1
78;212;13;55888;9
78;159;13;44000;2
78;203;13;15555;2
78;158;13;55789;5
78;151;13;95;8
78;360;13;96;5
78;131;13;44556;2
78;157;13;15555;1
78;140;13;55888;4
78;202;13;13232;1
78;176;13;10123;1
78;364;13;10580;1
78;125;13;10345;2
78;190;13;40456;20
78;142;13;13555;4
78;228;13;40123;1
78;167;13;40567;3
78;192;13;10000;1
78;207;13;13123;3
78;112;13;40456;3
78;193;13;40456;27
78;221;13;15111;2
78;115;13;15456;7
78;346;13;13345;1
78;158;13;40444;3
78;214;13;12150;1
78;372;13;44789;1
78;82;13;10000;4
78;91;13;25456;5
78;226;13;25456;4
78;115;13;12234;4
78;182;13;10100;3
78;127;13;55999;12
78;219;13;25222;24
78;72;13;15234;1
78;78;13;55999;8
78;221;13;10580;2
78;145;13;15611;4
78;201;13;10580;6
78;376;13;10580;9
78;119;13;27777;1
78;119;13;40000;2
78;79;13;44255;4
78;98;13;10580;5
78;376;13;10345;17
78;140;13;25234;3
78;168;13;10000;5
78;361;13;15111;26
78;144;13;25111;1
78;155;13;15456;1
78;194;13;25115;1
78;147;13;15123;1
78;80;13;25456;2
78;187;13;25369;5
78;82;13;13333;3
78;92;13;10000;5
78;226;13;27190;1
78;222;13;55999;3
78;381;13;10123;1
78;130;13;12222;2
78;187;13;10123;9
78;128;13;25789;2
78;183;13;44333;6
78;378;13;44255;1
78;183;13;55999;8
78;344;13;13789;34
78;183;13;44222;1
78;166;13;10100;3
78;145;13;25123;2
78;192;13;44255;4
78;208;13;27888;3
78;205;13;25456;2
78;378;13;13555;3
78;179;13;13555;9
78;184;13;10000;1
78;98;13;25234;3
78;89;13;25234;1
78;183;13;10222;1
78;347;13;55999;26
78;185;13;40000;4
78;174;13;10;2
78;174;13;40;2
78;170;13;40;6
78;146;13;40580;6
78;91;13;10789;6
78;73;13;40580;9
78;77;13;55444;3
78;96;13;10222;37
78;214;13;25115;1
78;136;13;25234;2
78;120;13;40580;8
78;199;13;44222;3
78;184;13;27333;1
78;129;13;25789;1
78;189;13;40123;9
78;114;13;55123;8
78;373;13;55123;3
78;108;13;25555;9
78;189;13;10222;1
78;130;13;44111;1
78;369;13;40444;3
78;381;13;44123;11
78;130;13;55999;1
78;112;13;10789;12
78;350;13;12555;1
78;171;13;10345;1
78;79;13;15123;2
78;349;13;27190;1
78;378;13;10345;3
78;184;13;15123;4
78;73;13;44333;3
78;75;13;25123;6
78;108;13;10123;2
78;76;13;44222;4
78;106;13;10630;2
78;184;13;44111;1
78;367;13;44111;9
78;96;13;10123;2
78;210;13;55111;5
78;176;13;44789;4
78;181;13;40580;10
78;165;13;12222;2
78;151;13;25123;1
78;392;13;25234;2
78;100;13;10345;1
78;138;13;27190;3
78;79;13;25555;1
78;98;13;25456;41
78;386;13;44222;5
78;373;13;40580;10
78;75;13;12012;1
78;191;13;10123;4
78;165;13;55111;4
78;226;13;44022;1
78;148;13;44789;6
78;150;13;25456;6
78;359;13;55123;9
78;209;13;15611;3
78;160;13;25456;3
78;157;13;40580;8
78;197;13;25234;3
78;120;13;40111;1
78;158;13;55123;5
78;112;13;10000;5
78;174;13;55111;1
78;392;13;40000;4
78;207;13;55111;4
78;180;13;25;1
78;223;13;40580;7
78;186;13;27777;1
78;155;13;55123;3
78;349;13;10456;17
78;228;13;55888;5
78;163;13;10100;6
78;67;13;25555;21
78;114;13;25369;2
78;167;13;40222;5
78;189;13;44333;4
78;111;13;13131;2
78;217;13;55555;2
78;187;13;44000;1
78;97;13;25777;5
78;187;13;55456;1
78;124;13;15222;1
78;153;13;15456;3
78;156;13;25333;1
78;87;13;10630;9
78;123;13;55555;3
78;189;13;25777;4
78;72;13;15222;6
78;201;13;10100;2
78;188;13;25222;2
78;174;13;13456;1
78;217;13;55000;4
78;359;13;15222;5
78;182;13;10111;1
78;181;13;15611;7
78;211;13;55123;9
78;107;13;25789;3
78;103;13;44456;1
78;127;13;15678;1
78;80;13;15678;5
78;79;13;13131;1
78;75;13;25115;1
78;148;13;44022;1
78;383;13;25456;6
78;360;13;12555;7
78;114;13;25111;2
78;68;13;10456;5
78;228;13;15456;1
78;184;13;40123;2
78;146;13;44123;1
78;171;13;13789;6
78;130;13;44222;1
78;83;13;55789;7
78;197;13;13333;2
78;154;13;27888;6
78;105;13;44333;4
78;158;13;27333;1
78;169;13;27333;1
78;221;13;25777;9
78;149;13;13456;2
78;144;13;27222;1
78;108;13;40789;1
78;388;13;13789;11
78;153;13;15555;2
78;111;13;15222;10
78;139;13;13456;2
78;193;13;10580;6
78;202;13;15678;5
78;140;13;10111;3
78;176;13;27190;1
78;207;13;15456;7
78;134;13;25111;1
78;174;13;40456;12
78;139;13;40456;10
78;92;13;25999;1
78;88;13;12222;1
78;95;13;10222;30
78;145;13;55678;1
78;78;13;40456;29
78;194;13;44567;2
78;132;13;40444;18
78;88;13;13555;3
78;187;13;10000;7
78;141;13;95;5
78;162;13;44333;10
78;170;13;10580;8
78;126;13;40123;5
78;68;13;25123;2
78;366;13;13123;1
78;218;13;55333;1
78;178;13;40111;1
78;68;13;40;3
78;113;13;40;4
78;143;13;55888;7
78;174;13;55888;8
78;170;13;25678;2
78;174;13;15456;3
78;348;13;55888;2
78;196;13;55888;5
78;368;13;95;6
78;186;13;10630;18
78;105;13;15222;4
78;364;13;55580;1
78;145;13;27999;4
78;130;13;55000;1
78;215;13;12123;1
78;173;13;15555;86
78;140;13;13345;11
78;388;13;44333;10
78;122;13;44111;2
78;70;13;25789;1
78;83;13;25456;8
78;146;13;25456;11
78;180;13;13123;2
78;164;13;40456;16
78;195;13;15111;13
78;386;13;10630;9
78;91;13;13555;2
78;226;13;13555;4
78;168;13;15123;7
78;176;13;12234;1
78;115;13;10000;4
78;194;13;12555;2
78;80;13;55678;1
78;98;13;10456;6
78;86;13;95;7
78;197;13;15456;1
78;81;13;25369;2
78;221;13;15456;2
78;72;13;15456;2
78;177;13;12012;2
78;172;13;55333;1
78;112;13;55111;4
78;80;13;25234;5
78;177;13;25234;2
78;159;13;25234;2
78;102;13;10100;1
78;155;13;10456;5
78;196;13;13123;1
78;212;13;12555;3
78;212;13;25789;1
78;212;13;25456;5
78;170;13;25456;3
78;131;13;55888;3
78;174;13;13888;3
78;365;13;44223;1
78;223;13;55111;2
78;80;13;10222;1
78;110;13;55444;1
78;116;13;15456;10
78;115;13;40789;1
78;156;13;44333;6
78;389;13;40444;5
78;180;13;40222;1
78;162;13;55123;6
78;80;13;96;11
78;226;13;10456;2
78;90;13;25222;3
78;135;13;13555;3
78;192;13;15123;1
78;161;13;15123;4
78;186;13;44556;4
78;147;13;55321;1
78;117;13;55111;2
78;84;13;55789;9
78;180;13;44222;2
78;193;13;44;1
78;344;13;13;1
78;115;13;12;1
78;111;13;12;2
78;111;13;25;2
78;175;13;12;1
78;345;13;40;1
78;84;13;55;1
78;203;13;40123;3
78;152;13;10789;10
78;170;13;55444;6
78;350;13;12222;2
78;172;13;10456;8
78;97;13;55888;6
78;121;13;25369;2
78;126;13;96;2
78;88;13;44556;3
78;349;13;10123;4
78;74;13;25;1
78;205;13;44;1
78;151;13;27;1
78;166;13;55789;11
78;209;13;10000;100
78;93;13;15111;1
78;81;13;40567;8
78;158;13;40000;4
78;197;13;12222;2
78;96;13;10100;1
78;75;13;15456;3
78;126;13;40000;5
78;177;13;25369;3
78;199;13;13567;3
78;214;13;40999;2
78;97;13;12140;1
78;349;13;44556;1
78;162;13;10345;3
78;221;13;25456;7
78;178;13;44888;1
78;94;13;55789;14
78;188;13;96;8
78;192;13;55888;3
78;207;13;13555;12
78;73;13;25777;3
78;161;13;15678;10
78;108;13;15678;1
78;360;13;55321;3
78;107;13;55111;1
78;217;13;12222;2
78;175;13;40000;3
78;126;13;10789;1
78;216;13;44789;3
78;178;13;40123;2
78;170;13;44022;1
78;70;13;12;1
78;153;13;40;8
78;190;13;25678;1
78;71;13;25111;1
78;82;13;12123;1
78;135;13;15456;1
78;79;13;44111;2
78;79;13;10000;3
78;119;13;44022;4
78;153;13;44;1
78;367;13;55888;6
78;92;13;15555;2
78;161;13;10580;2
78;176;13;44333;10
78;116;13;25222;1
78;172;13;12;2
78;199;13;15;1
78;184;13;55789;10
78;195;13;44222;1
78;118;13;44222;3
78;99;13;10123;3
78;348;13;13333;2
78;115;13;25456;4
78;196;13;25123;3
78;208;13;27700;1
78;102;13;44333;5
78;135;13;10000;1
78;141;13;55111;3
78;346;13;25123;2
78;155;13;44;1
78;105;13;12222;1
78;89;13;55444;4
78;125;13;55789;3
78;108;13;40000;4
78;189;13;27190;2
78;368;13;40456;4
78;183;13;40;1
78;141;13;10;1
78;164;13;44789;1
78;216;13;55789;7
78;72;13;55999;1
78;385;13;25123;1
78;79;13;40123;5
78;194;13;40580;5
78;130;13;13131;1
78;133;13;25123;2
78;368;13;15555;40
78;202;13;44255;1
78;101;13;44333;2
78;368;13;10;1
78;130;13;40;1
78;187;13;15;1
78;206;13;55;1
78;205;13;10000;67
78;178;13;25456;1
78;371;13;44789;1
78;383;13;44556;3
78;159;13;55111;13
78;211;13;10222;2
78;227;13;12333;1
78;121;13;15111;23
78;87;13;15;3
78;349;13;55000;7
78;68;13;55000;1
78;179;13;10580;11
78;71;13;10000;1
78;114;13;13123;1
78;138;13;13123;2
78;162;13;44111;1
78;184;13;40456;21
78;120;13;40567;2
78;74;13;40456;26
78;138;13;40567;5
78;171;13;15555;5
78;178;13;25111;1
78;91;13;13;1
78;383;13;40580;2
78;366;13;10222;45
78;72;13;55789;3
78;121;13;25123;2
78;121;13;40580;9
78;162;13;55444;1
78;117;13;96;6
78;395;13;25234;1
78;143;13;44123;5
78;376;13;44333;16
78;125;13;27333;1
78;149;13;10580;13
78;192;13;44333;4
78;79;13;40456;29
78;144;13;40456;13
78;96;13;12111;1
78;78;13;44022;1
78;372;13;15123;1
78;383;13;25123;5
78;149;13;44123;1
78;217;13;44123;4
78;122;13;25234;1
78;91;13;13789;1
78;162;13;40580;6
78;182;13;10123;2
78;372;13;40000;1
78;226;13;55789;8
78;376;13;25000;2
78;188;13;25000;2
78;364;13;44333;7
78;100;13;40789;1
78;153;13;95;5
78;156;13;40456;12
78;72;13;40567;3
78;221;13;40567;4
78;161;13;27789;2
78;180;13;10630;8
78;175;13;13345;1
78;164;13;55012;2
78;126;13;13555;4
78;350;13;44111;4
78;138;13;44111;2
78;133;13;10456;1
78;89;13;25222;1
78;344;13;25222;6
78;215;13;44255;2
78;383;13;25222;1
78;122;13;13555;1
78;130;13;15456;3
78;344;13;55012;3
78;160;13;25777;1
78;128;13;12345;1
78;130;13;40444;1
78;138;13;25222;3
78;109;13;44111;2
78;183;13;44111;1
78;207;13;44567;3
78;135;13;10345;6
78;152;13;15678;5
78;175;13;55000;2
78;115;13;15611;14
78;359;13;27277;1
78;101;13;55000;49
78;148;13;95;2
78;191;13;10345;6
78;116;13;96;6
78;156;13;44456;1
78;127;13;13123;1
78;134;13;40444;3
78;86;13;13345;5
78;151;13;13555;6
78;218;13;10580;7
78;169;13;10456;7
78;189;13;15234;1
78;189;13;10580;12
78;149;13;13555;1
78;211;13;13555;6
78;205;13;25369;1
78;90;13;27888;2
78;160;13;27200;1
78;395;13;27567;1
78;121;13;40123;26
78;211;13;55000;5
78;367;13;25333;1
78;88;13;15222;2
78;123;13;13567;2
78;169;13;27277;1
78;101;13;15611;2
78;127;13;10345;1
78;163;13;40000;10
78;349;13;40000;1
78;124;13;55789;3
78;157;13;40123;8
78;199;13;13222;2
78;74;13;27007;1
78;208;13;27789;1
78;133;13;25369;2
78;145;13;25222;2
78;149;13;10630;5
78;118;13;13345;6
78;175;13;10630;5
78;113;13;27333;3
78;185;13;13555;4
78;85;13;44123;1
78;141;13;96;6
78;84;13;13345;5
78;82;13;25555;2
78;228;13;40888;1
78;119;13;96;4
78;210;13;25369;1
78;110;13;40567;15
78;128;13;95;5
78;386;13;96;11
78;97;13;44510;2
78;90;13;13555;2
78;187;13;13111;1
78;116;13;27555;1
78;124;13;27789;2
78;388;13;25369;1
78;365;13;55888;8
78;385;13;40456;12
78;77;13;44888;2
78;155;13;40456;1
78;174;13;10630;6
78;383;13;27555;7
78;183;13;13333;2
78;381;13;10000;3
78;195;13;13333;2
78;211;13;27555;1
78;142;13;15456;3
78;222;13;95;8
78;103;13;15111;4
78;208;13;13321;11
78;361;13;55333;1
78;386;13;44567;1
78;376;13;44022;11
78;152;13;25555;1
78;222;13;15222;1
78;107;13;13456;1
78;188;13;15222;4
78;195;13;25888;2
78;89;13;13567;1
78;115;13;27999;1
78;74;13;13456;3
78;110;13;15222;3
78;182;13;55012;1
78;168;13;25777;7
78;176;13;15678;9
78;106;13;55555;1
78;106;13;55580;1
78;220;13;10345;4
78;205;13;13333;7
78;216;13;10000;5
78;195;13;15222;6
78;201;13;15678;6
78;109;13;15678;7
78;71;13;25777;3
78;118;13;13567;1
78;215;13;40444;1
78;106;13;13131;1
78;79;13;27190;1
78;153;13;10000;6
78;85;13;10678;1
78;162;13;13888;2
78;182;13;15611;1
78;106;13;27277;2
78;345;13;55000;3
78;74;13;40222;1
78;178;13;40789;1
78;157;13;40444;4
78;135;13;55789;1
78;392;13;10345;5
78;198;13;13567;2
78;212;13;55678;1
78;373;13;27567;2
78;369;13;27567;2
78;132;13;15611;3
78;367;13;13333;3
78;89;13;13232;1
78;141;13;15611;7
78;88;13;55789;8
78;90;13;10345;2
78;142;13;27123;1
78;182;13;15123;1
78;151;13;25555;2
78;221;13;44022;4
78;386;13;25456;4
78;118;13;27190;3
78;388;13;27123;1
78;381;13;27567;1
78;92;13;25777;8
78;119;13;55555;5
78;174;13;27000;1
78;92;13;27000;1
78;86;13;27200;1
78;347;13;10345;7
78;145;13;25234;3
78;122;13;15123;1
78;388;13;10345;1
78;77;13;15123;2
78;178;13;40444;6
78;171;13;10678;1
78;216;13;10111;1
78;228;13;40000;3
78;101;13;25;5
78;388;13;40;2
78;172;13;95;10
78;197;13;95;10
78;111;13;13456;7
78;114;13;13567;2
78;190;13;27567;1
78;366;13;10000;4
78;395;13;10345;3
78;123;13;40123;29
78;117;13;10345;3
78;153;13;12111;3
78;154;13;10678;1
78;175;13;55888;5
78;175;13;25678;3
78;350;13;40123;2
78;80;13;27190;2
78;222;13;55123;6
78;92;13;27555;1
78;165;13;25777;7
78;222;13;13567;1
78;212;13;55555;2
78;83;13;13777;1
78;208;13;15611;1
78;205;13;55520;10
78;166;13;27277;1
78;224;13;44255;1
78;368;13;25222;55
78;210;13;12000;1
78;210;13;25555;2
78;218;13;95;5
78;67;13;40567;7
78;102;13;40456;3
78;211;13;12777;1
78;113;13;40123;3
78;210;13;10345;5
78;188;13;40789;1
78;99;13;95;7
78;140;13;12012;1
78;135;13;10456;11
78;206;13;10630;2
78;167;13;44888;1
78;205;13;13555;6
78;89;13;40567;10
78;215;13;10345;13
78;179;13;55789;16
78;179;13;25234;3
78;193;13;15611;3
78;75;13;15678;9
78;106;13;13456;2
78;122;13;13567;1
78;373;13;10630;9
78;179;13;13456;5
78;155;13;15678;7
78;124;13;15;1
78;99;13;13888;1
78;83;13;10345;12
78;188;13;55333;1
78;175;13;15123;1
78;152;13;44567;3
78;103;13;13123;1
78;138;13;10678;2
78;162;13;15234;1
78;376;13;13555;2
78;383;13;13777;2
78;118;13;13456;3
78;161;13;13555;7
78;381;13;40567;10
78;127;13;55888;1
78;223;13;55888;9
78;109;13;40567;17
78;176;13;25678;1
78;105;13;96;10
78;152;13;25234;4
78;114;13;10222;1
78;199;13;25369;1
78;222;13;55520;4
78;369;13;13131;4
78;168;13;13456;2
78;114;13;27000;1
78;179;13;27000;1
78;162;13;55153;1
78;186;13;15222;4
78;369;13;27999;4
78;121;13;40;2
78;214;13;15;1
78;193;13;40999;1
78;206;11;95;6
78;192;11;25;47
78;161;11;25;64
78;191;11;25;60
78;173;11;25;82
78;108;11;25;58
78;129;11;25;67
78;142;11;25;53
78;383;11;25;40
78;136;11;25;66
78;103;11;25;56
78;69;11;25;37
78;386;11;25;60
78;104;11;25;70
78;75;11;25;61
78;361;11;25;32
78;117;11;25;59
78;388;11;25;25
78;180;11;25;61
78;147;11;25;62
78;143;11;25;74
78;174;11;25;81
78;139;11;25;59
78;92;11;25;46
78;170;11;25;42
78;213;11;25;89
78;119;11;25;59
78;192;11;12;15
78;161;11;12;14
78;191;11;12;13
78;173;11;12;4
78;108;11;12;14
78;129;11;12;12
78;142;11;12;15
78;383;11;12;9
78;136;11;12;25
78;118;11;95;6
78;110;11;95;8
78;193;11;95;9
78;216;11;95;8
78;166;11;12;19
78;218;11;12;10
78;392;11;12;9
78;194;11;12;17
78;168;11;12;11
78;94;11;12;3
78;106;11;12;15
78;82;11;12;12
78;103;11;95;9
78;162;11;12;15
78;121;11;12;10
78;166;11;96;3
78;218;11;96;3
78;137;11;96;17
78;350;11;96;5
78;202;11;96;7
78;138;11;96;12
78;140;11;96;11
78;91;11;96;8
78;226;11;96;5
78;210;11;96;16
78;103;11;96;9
78;175;11;96;8
78;211;11;96;13
78;160;11;96;15
78;107;11;96;11
78;144;11;96;22
78;166;11;95;4
78;218;11;95;5
78;114;11;95;5
78;373;11;95;5
78;171;11;95;7
78;346;11;96;8
78;167;11;96;12
78;127;11;96;13
78;80;11;96;18
78;371;11;96;6
78;177;11;96;8
78;86;11;95;5
78;369;11;95;13
78;378;11;95;2
78;150;11;95;3
78;179;11;95;9
78;141;11;96;12
78;98;11;96;9
78;109;11;96;15
78;78;11;96;17
78;89;11;96;12
78;183;11;96;7
78;212;11;95;11
78;159;11;95;7
78;131;11;95;10
78;197;11;95;11
78;77;11;95;4
78;185;11;95;7
78;184;11;95;12
78;165;11;95;6
78;74;11;95;7
78;141;11;95;8
78;98;11;95;5
78;109;11;95;4
78;78;11;95;13
78;89;11;95;6
78;183;11;95;5
78;346;11;12;16
78;167;11;12;24
78;127;11;12;3
78;80;11;12;18
78;371;11;12;6
78;177;11;12;26
78;187;11;12;15
78;206;11;12;9
78;175;11;12;27
78;211;11;12;17
78;160;11;12;22
78;107;11;12;12
78;144;11;12;15
78;115;11;12;25
78;155;11;12;7
78;192;11;95;9
78;161;11;95;6
78;191;11;95;4
78;173;11;95;10
78;108;11;95;10
78;131;11;12;6
78;197;11;12;16
78;77;11;12;17
78;185;11;12;18
78;184;11;12;12
78;165;11;12;16
78;74;11;12;17
78;85;11;12;10
78;113;11;12;26
78;135;11;12;11
78;158;11;95;2
78;360;11;95;4
78;122;11;95;3
78;348;11;12;8
78;196;11;12;16
78;88;11;12;16
78;163;11;12;22
78;349;11;12;18
78;68;11;12;6
78;157;11;40;202
78;117;11;40;204
78;388;11;40;110
78;180;11;40;197
78;147;11;40;195
78;189;11;40;189
78;169;11;40;210
78;79;11;25;45
78;385;11;40;72
78;76;11;25;64
78;156;11;25;52
78;172;11;25;35
78;221;11;25;54
78;102;11;25;56
78;72;11;25;55
78;111;11;25;60
78;79;11;40;199
78;76;11;40;171
78;156;11;40;190
78;172;11;40;185
78;365;11;25;18
78;95;11;25;94
78;217;11;25;63
78;84;11;40;159
78;126;11;40;202
78;93;11;40;119
78;70;11;40;160
78;116;11;40;210
78;132;11;40;185
78;199;11;40;208
78;128;11;25;78
78;225;11;25;47
78;389;11;25;13
78;204;11;25;52
78;100;11;25;97
78;182;11;25;56
78;345;11;25;40
78;151;11;25;60
78;84;11;25;56
78;126;11;25;64
78;93;11;25;61
78;70;11;25;44
78;116;11;25;57
78;132;11;25;71
78;199;11;25;50
78;175;11;95;7
78;211;11;95;4
78;160;11;95;4
78;107;11;95;6
78;144;11;95;4
78;101;11;96;11
78;200;11;96;8
78;115;11;95;8
78;155;11;95;2
78;145;11;96;11
78;123;11;96;4
78;120;11;95;3
78;198;11;95;7
78;120;11;96;17
78;198;11;96;15
78;178;11;96;16
78;114;11;96;18
78;373;11;96;8
78;171;11;96;20
78;112;11;95;14
78;223;11;95;12
78;201;11;95;5
78;195;11;95;9
78;99;11;95;6
78;125;11;95;8
78;164;11;95;9
78;376;11;95;3
78;212;11;96;14
78;159;11;96;14
78;83;11;96;14
78;146;11;96;12
78;87;11;96;7
78;86;11;96;17
78;369;11;96;8
78;150;11;96;9
78;179;11;96;14
78;207;11;96;14
78;134;11;96;4
78;81;11;96;18
78;392;11;95;6
78;194;11;95;8
78;168;11;95;2
78;184;11;96;12
78;165;11;96;8
78;74;11;96;11
78;364;11;95;5
78;188;11;95;10
78;224;11;12;18
78;368;11;12;4
78;221;11;12;22
78;102;11;12;13
78;72;11;12;7
78;111;11;12;13
78;365;11;12;1
78;95;11;12;2
78;217;11;12;21
78;215;11;95;4
78;186;11;12;19
78;148;11;12;15
78;181;11;12;20
78;220;11;12;12
78;207;11;12;19
78;134;11;12;9
78;81;11;12;19
78;137;11;12;18
78;350;11;12;17
78;202;11;12;9
78;138;11;12;9
78;140;11;12;19
78;228;11;12;2
78;209;11;12;9
78;359;11;12;22
78;344;11;40;229
78;97;11;40;195
78;149;11;40;212
78;96;11;40;179
78;347;11;40;207
78;128;11;40;177
78;225;11;40;183
78;389;11;40;68
78;93;11;95;1
78;70;11;95;1
78;116;11;95;4
78;132;11;95;5
78;199;11;95;6
78;71;11;95;4
78;205;11;95;3
78;190;11;95;7
78;367;11;95;10
78;345;11;95;3
78;151;11;95;5
78;186;11;95;10
78;148;11;95;2
78;181;11;95;5
78;220;11;95;3
78;186;11;96;8
78;148;11;96;21
78;181;11;96;10
78;220;11;96;11
78;133;11;25;65
78;130;11;25;64
78;222;11;25;36
78;71;11;25;71
78;205;11;25;52
78;190;11;25;67
78;367;11;25;57
78;120;11;25;66
78;198;11;25;53
78;212;11;25;65
78;159;11;25;58
78;83;11;25;62
78;146;11;25;69
78;87;11;25;58
78;141;11;40;188
78;98;11;40;183
78;109;11;40;191
78;78;11;40;190
78;89;11;40;184
78;183;11;40;173
78;221;11;40;172
78;102;11;40;217
78;72;11;40;211
78;111;11;40;193
78;365;11;40;53
78;95;11;40;186
78;217;11;40;181
78;71;11;40;221
78;381;11;12;15
78;205;11;40;259
78;190;11;40;214
78;367;11;40;208
78;83;11;95;2
78;146;11;95;7
78;383;11;96;13
78;136;11;96;11
78;145;11;12;11
78;123;11;12;15
78;189;11;12;20
78;169;11;12;11
78;346;11;25;38
78;167;11;25;37
78;127;11;25;54
78;80;11;25;45
78;371;11;25;14
78;177;11;25;54
78;187;11;25;45
78;206;11;25;59
78;91;11;95;7
78;226;11;95;9
78;210;11;95;11
78;87;11;95;2
78;178;11;95;8
78;118;11;40;208
78;110;11;40;213
78;193;11;40;224
78;216;11;40;177
78;176;11;40;210
78;366;11;40;169
78;88;11;96;12
78;163;11;96;12
78;349;11;96;16
78;68;11;96;10
78;131;11;96;14
78;197;11;96;12
78;77;11;96;23
78;185;11;96;9
78;69;11;96;4
78;386;11;96;19
78;104;11;96;10
78;75;11;96;10
78;361;11;96;8
78;115;11;96;10
78;155;11;96;4
78;94;11;95;3
78;106;11;95;3
78;82;11;95;7
78;207;11;95;6
78;81;11;95;10
78;203;11;40;168
78;214;11;40;187
78;153;11;96;11
78;105;11;96;10
78;154;11;96;13
78;228;11;40;219
78;209;11;40;210
78;359;11;40;195
78;85;11;40;162
78;113;11;40;202
78;135;11;40;119
78;348;11;40;106
78;347;11;96;8
78;94;11;96;3
78;106;11;96;8
78;82;11;96;10
78;162;11;96;9
78;121;11;96;12
78;73;11;96;13
78;124;11;96;9
78;348;11;96;9
78;196;11;96;9
78;120;11;40;195
78;198;11;40;181
78;212;11;40;209
78;159;11;40;201
78;112;11;25;67
78;223;11;25;51
78;201;11;25;99
78;195;11;25;63
78;99;11;25;102
78;125;11;25;58
78;164;11;25;46
78;376;11;25;43
78;364;11;25;57
78;188;11;25;51
78;141;11;25;77
78;98;11;25;102
78;109;11;25;67
78;78;11;25;62
78;89;11;25;51
78;183;11;25;53
78;153;11;25;56
78;105;11;25;57
78;154;11;25;65
78;344;11;25;39
78;97;11;25;90
78;91;11;25;63
78;226;11;25;39
78;210;11;25;49
78;166;11;25;50
78;218;11;25;32
78;392;11;25;37
78;194;11;25;56
78;168;11;25;49
78;94;11;25;46
78;106;11;25;81
78;82;11;25;54
78;162;11;25;58
78;121;11;25;64
78;73;11;25;60
78;124;11;25;71
78;153;11;40;201
78;105;11;40;211
78;154;11;40;192
78;215;11;40;176
78;189;11;96;7
78;169;11;96;5
78;381;11;95;2
78;141;11;12;14
78;98;11;12;5
78;109;11;12;18
78;78;11;12;18
78;89;11;12;15
78;183;11;12;16
78;153;11;95;8
78;105;11;95;4
78;154;11;95;5
78;153;11;12;28
78;105;11;12;10
78;154;11;12;19
78;344;11;12;11
78;97;11;12;2
78;204;11;12;11
78;100;11;12;6
78;182;11;12;9
78;345;11;12;6
78;151;11;12;16
78;84;11;12;13
78;126;11;12;4
78;93;11;12;4
78;70;11;12;6
78;116;11;12;16
78;132;11;12;13
78;199;11;12;7
78;383;11;95;5
78;136;11;95;6
78;71;11;12;7
78;205;11;12;10
78;190;11;12;16
78;367;11;12;18
78;219;11;96;13
78;208;11;96;13
78;67;11;96;15
78;395;11;96;2
78;103;11;12;11
78;69;11;12;11
78;386;11;12;16
78;104;11;12;13
78;75;11;12;15
78;361;11;12;4
78;79;11;95;15
78;76;11;95;8
78;156;11;95;8
78;172;11;95;4
78;120;11;12;10
78;198;11;12;16
78;212;11;12;14
78;159;11;12;21
78;73;11;12;14
78;124;11;12;19
78;203;11;12;5
78;214;11;12;20
78;101;11;12;7
78;200;11;12;12
78;90;11;12;16
78;372;11;12;6
78;152;11;12;16
78;227;11;12;10
78;69;11;95;2
78;386;11;95;9
78;104;11;95;4
78;75;11;95;7
78;361;11;95;10
78;157;11;12;13
78;203;11;96;12
78;214;11;96;10
78;128;11;96;21
78;225;11;96;8
78;389;11;96;1
78;204;11;96;11
78;100;11;96;6
78;182;11;96;8
78;158;11;96;13
78;360;11;96;9
78;122;11;96;18
78;348;11;95;3
78;196;11;95;6
78;118;11;96;9
78;110;11;96;7
78;193;11;96;10
78;216;11;96;10
78;224;11;96;13
78;368;11;96;9
78;203;11;95;5
78;214;11;95;8
78;85;11;95;8
78;113;11;95;6
78;135;11;95;2
78;117;11;95;15
78;388;11;95;2
78;180;11;95;5
78;147;11;95;9
78;381;11;96;7
78;166;11;40;216
78;218;11;40;218
78;392;11;40;201
78;194;11;40;196
78;168;11;40;220
78;114;11;40;197
78;373;11;40;232
78;171;11;40;193
78;86;11;40;140
78;369;11;40;220
78;378;11;40;83
78;150;11;40;213
78;179;11;40;211
78;178;11;25;56
78;114;11;25;67
78;373;11;25;34
78;171;11;25;42
78;86;11;25;57
78;369;11;25;49
78;378;11;25;35
78;150;11;25;66
78;179;11;25;70
78;383;11;40;240
78;136;11;40;202
78;115;11;40;209
78;155;11;40;155
78;131;11;40;179
78;197;11;40;170
78;77;11;40;191
78;185;11;40;205
78;187;11;40;227
78;206;11;40;213
78;133;11;40;144
78;130;11;40;213
78;222;11;40;197
78;112;11;40;181
78;223;11;40;189
78;201;11;40;170
78;195;11;40;182
78;99;11;40;178
78;125;11;40;188
78;164;11;40;233
78;376;11;40;180
78;364;11;40;218
78;188;11;40;206
78;347;11;95;8
78;128;11;95;11
78;225;11;95;11
78;389;11;95;3
78;90;11;96;14
78;372;11;96;6
78;152;11;96;12
78;227;11;96;10
78;345;11;96;10
78;151;11;96;9
78;84;11;96;15
78;126;11;96;10
78;186;11;25;66
78;148;11;25;62
78;181;11;25;61
78;220;11;25;28
78;175;11;25;64
78;211;11;25;54
78;160;11;25;71
78;107;11;25;72
78;144;11;25;66
78;115;11;25;52
78;155;11;25;36
78;131;11;25;80
78;197;11;25;58
78;77;11;25;49
78;185;11;25;75
78;184;11;25;44
78;165;11;25;44
78;74;11;25;55
78;219;11;25;50
78;208;11;25;75
78;67;11;25;42
78;395;11;25;18
78;347;11;25;52
78;344;11;95;4
78;97;11;95;7
78;215;11;12;23
78;346;11;95;11
78;167;11;95;5
78;127;11;95;4
78;80;11;95;8
78;177;11;95;7
78;118;11;12;20
78;110;11;12;7
78;193;11;12;16
78;216;11;12;7
78;176;11;12;31
78;366;11;12;4
78;112;11;96;14
78;223;11;96;11
78;201;11;96;5
78;195;11;96;9
78;99;11;96;13
78;125;11;96;4
78;164;11;96;8
78;376;11;96;4
78;364;11;96;8
78;188;11;96;9
78;129;11;96;19
78;142;11;96;15
78;221;11;96;7
78;102;11;96;7
78;72;11;96;19
78;111;11;96;17
78;365;11;96;5
78;95;11;96;16
78;217;11;96;8
78;143;11;95;3
78;174;11;95;7
78;139;11;95;4
78;92;11;95;4
78;170;11;95;7
78;213;11;95;5
78;119;11;95;9
78;84;11;95;10
78;126;11;95;2
78;88;11;40;182
78;163;11;40;220
78;349;11;40;212
78;68;11;40;177
78;145;11;40;198
78;123;11;40;197
78;392;11;96;5
78;194;11;96;21
78;168;11;96;6
78;204;11;40;141
78;100;11;40;198
78;182;11;40;177
78;345;11;40;185
78;151;11;40;203
78;228;11;96;6
78;209;11;96;5
78;359;11;96;12
78;101;11;40;186
78;200;11;40;208
78;90;11;40;184
78;372;11;40;138
78;152;11;40;211
78;227;11;40;210
78;196;11;40;177
78;85;11;96;10
78;113;11;96;11
78;135;11;96;8
78;224;11;95;8
78;368;11;95;8
78;137;11;40;206
78;350;11;40;177
78;202;11;40;191
78;138;11;40;199
78;140;11;40;205
78;133;11;12;6
78;130;11;12;5
78;222;11;12;9
78;112;11;12;20
78;223;11;12;16
78;201;11;12;5
78;195;11;12;19
78;99;11;12;4
78;125;11;12;7
78;164;11;12;15
78;376;11;12;7
78;364;11;12;13
78;188;11;12;27
78;219;11;12;4
78;208;11;12;17
78;67;11;12;3
78;395;11;12;3
78;347;11;12;7
78;128;11;12;14
78;225;11;12;20
78;389;11;12;3
78;129;11;95;6
78;142;11;95;5
78;385;11;95;2
78;88;11;95;8
78;163;11;95;11
78;349;11;95;12
78;158;11;40;205
78;360;11;40;227
78;122;11;40;186
78;176;11;96;6
78;366;11;96;8
78;385;11;96;1
78;101;11;95;3
78;200;11;95;4
78;224;11;25;40
78;368;11;25;47
78;381;11;25;47
78;90;11;95;8
78;372;11;95;6
78;152;11;95;6
78;227;11;95;13
78;219;11;95;9
78;208;11;95;9
78;67;11;95;1
78;395;11;95;3
78;83;11;12;15
78;146;11;12;16
78;87;11;12;10
78;91;11;12;18
78;226;11;12;12
78;210;11;12;29
78;221;11;95;8
78;102;11;95;3
78;72;11;95;7
78;111;11;95;9
78;365;11;95;1
78;95;11;95;2
78;217;11;95;8
78;73;11;40;184
78;124;11;40;180
78;207;11;40;197
78;134;11;40;147
78;81;11;40;195
78;149;11;96;13
78;96;11;96;18
78;117;11;96;7
78;388;11;96;6
78;180;11;96;10
78;147;11;96;11
78;207;11;25;63
78;134;11;25;64
78;81;11;25;62
78;137;11;25;71
78;350;11;25;46
78;202;11;25;90
78;138;11;25;71
78;140;11;25;64
78;228;11;25;42
78;209;11;25;59
78;359;11;25;67
78;85;11;25;62
78;113;11;25;62
78;135;11;25;30
78;348;11;25;42
78;196;11;25;60
78;88;11;25;48
78;163;11;25;42
78;349;11;25;34
78;68;11;25;41
78;145;11;25;65
78;123;11;25;68
78;189;11;25;67
78;169;11;25;53
78;103;11;40;235
78;204;11;95;2
78;100;11;95;6
78;182;11;95;5
78;69;11;40;181
78;386;11;40;222
78;104;11;40;194
78;75;11;40;203
78;361;11;40;218
78;184;11;40;168
78;165;11;40;221
78;74;11;40;204
78;219;11;40;179
78;208;11;40;184
78;67;11;40;159
78;395;11;40;87
78;94;11;40;125
78;106;11;40;219
78;82;11;40;213
78;162;11;40;221
78;121;11;40;178
78;162;11;95;5
78;121;11;95;4
78;73;11;95;10
78;124;11;95;3
78;137;11;95;6
78;350;11;95;6
78;202;11;95;6
78;138;11;95;6
78;140;11;95;2
78;187;11;96;14
78;206;11;96;15
78;228;11;95;5
78;209;11;95;6
78;359;11;95;6
78;344;11;96;15
78;97;11;96;17
78;130;11;95;4
78;222;11;95;8
78;149;11;12;14
78;96;11;12;6
78;147;11;12;18
78;176;11;95;6
78;366;11;95;5
78;158;11;12;28
78;360;11;12;11
78;122;11;12;7
78;93;11;96;7
78;70;11;96;10
78;116;11;96;16
78;132;11;96;17
78;199;11;96;7
78;385;11;12;2
78;71;11;96;15
78;205;11;96;17
78;190;11;96;8
78;367;11;96;9
78;157;11;96;17
78;79;11;12;13
78;76;11;12;16
78;156;11;12;15
78;172;11;12;20
78;189;11;95;10
78;169;11;95;8
78;133;11;96;8
78;130;11;96;14
78;222;11;96;11
78;117;11;12;22
78;388;11;12;3
78;215;11;96;11
78;180;11;12;23
78;143;11;12;22
78;174;11;12;23
78;139;11;12;19
78;92;11;12;15
78;170;11;12;19
78;213;11;12;3
78;119;11;12;14
78;192;11;96;15
78;161;11;96;15
78;191;11;96;15
78;173;11;96;13
78;108;11;96;7
78;79;11;96;16
78;76;11;96;27
78;156;11;96;11
78;172;11;96;16
78;157;11;95;10
78;145;11;95;4
78;123;11;95;3
78;149;11;25;61
78;96;11;25;90
78;158;11;25;62
78;360;11;25;50
78;122;11;25;58
78;385;11;25;17
78;224;11;40;211
78;368;11;40;209
78;381;11;40;239
78;346;11;40;208
78;167;11;40;203
78;127;11;40;207
78;80;11;40;194
78;371;11;40;82
78;177;11;40;214
78;143;11;96;8
78;174;11;96;11
78;139;11;96;9
78;92;11;96;11
78;170;11;96;10
78;213;11;96;10
78;119;11;96;8
78;118;11;25;56
78;110;11;25;60
78;193;11;25;41
78;216;11;25;51
78;176;11;25;54
78;366;11;25;103
78;215;11;25;45
78;178;11;12;12
78;114;11;12;17
78;373;11;12;12
78;171;11;12;16
78;149;11;95;4
78;96;11;95;9
78;86;11;12;13
78;369;11;12;5
78;378;11;12;5
78;150;11;12;10
78;179;11;12;16
78;186;11;40;198
78;148;11;40;200
78;181;11;40;205
78;220;11;40;204
78;175;11;40;211
78;211;11;40;217
78;160;11;40;186
78;107;11;40;220
78;144;11;40;186
78;83;11;40;166
78;146;11;40;203
78;87;11;40;156
78;91;11;40;171
78;226;11;40;199
78;210;11;40;191
78;143;11;40;176
78;174;11;40;194
78;139;11;40;207
78;92;11;40;176
78;170;11;40;205
78;213;11;40;184
78;119;11;40;209
78;178;11;40;221
78;203;11;25;103
78;214;11;25;72
78;101;11;25;89
78;200;11;25;52
78;90;11;25;57
78;372;11;25;15
78;152;11;25;58
78;227;11;25;55
78;157;11;25;33
78;192;11;40;216
78;161;11;40;194
78;191;11;40;219
78;173;11;40;204
78;108;11;40;233
78;129;11;40;193
78;142;11;40;187
