zona;secao;cargo;numero;votos
109;1;1;13;104
109;1;1;14;2
109;1;1;22;47
109;1;1;70;5
109;1;1;95;2
109;1;1;96;8
109;1;6;13;2
109;1;6;45;1
109;1;6;50;1
109;1;6;95;10
109;1;6;96;6
109;1;6;1055;2
109;1;6;1111;1
109;1;6;1144;10
109;1;6;1277;1
109;1;6;1301;4
109;1;6;1314;1
109;1;6;1323;1
109;1;6;1331;5
109;1;6;1333;3
109;1;6;1377;1
109;1;6;1399;2
109;1;6;1414;1
109;1;6;1515;24
109;1;6;2200;4
109;1;6;2222;25
109;1;6;2244;1
109;1;6;2277;2
109;1;6;2288;3
109;1;6;2299;3
109;1;6;2518;1
109;1;6;2525;1
109;1;6;3300;1
109;1;6;4001;1
109;1;6;4020;7
109;1;6;4040;8
109;1;6;4044;1
109;1;6;4055;11
109;1;6;4077;6
109;1;6;4422;2
109;1;6;4445;1
109;1;6;4490;3
109;1;6;5050;3
109;1;6;5511;4
109;1;6;5533;1
109;1;6;7744;1
109;1;6;7788;2
109;1;7;13;2
109;1;7;15;1
109;1;7;18;3
109;1;7;40;3
109;1;7;50;1
109;1;7;95;9
109;1;7;96;9
109;1;7;10100;1
109;1;7;12123;1
109;1;7;13013;7
109;1;7;13123;1
109;1;7;13131;3
109;1;7;13132;3
109;1;7;13133;3
109;1;7;13258;1
109;1;7;13333;2
109;1;7;15333;10
109;1;7;22000;1
109;1;7;22022;7
109;1;7;22190;1
109;1;7;22221;2
109;1;7;22222;7
109;1;7;22456;1
109;1;7;22580;1
109;1;7;22777;1
109;1;7;22888;3
109;1;7;25555;2
109;1;7;33000;17
109;1;7;33111;1
109;1;7;33309;1
109;1;7;33456;1
109;1;7;33789;1
109;1;7;40000;1
109;1;7;40200;7
109;1;7;40234;12
109;1;7;40555;11
109;1;7;40700;4
109;1;7;45000;1
109;1;7;45111;1
109;1;7;45190;2
109;1;7;45456;1
109;1;7;45678;2
109;1;7;45888;1
109;1;7;45999;1
109;1;7;50013;1
109;1;7;50555;1
109;1;7;77123;14
109;1;7;77888;1
109;1;5;95;26
109;1;5;96;42
109;1;5;162;1
109;1;5;180;69
109;1;5;222;54
109;1;5;300;1
109;1;5;400;78
109;1;5;445;64
109;1;5;800;1
109;1;3;13;73
109;1;3;45;85
109;1;3;80;1
109;1;3;95;3
109;1;3;96;6
109;2;1;13;99
109;2;1;14;2
109;2;1;22;50
109;2;1;55;1
109;2;1;70;3
109;2;1;95;1
109;2;1;96;4
109;2;6;10;1
109;2;6;11;1
109;2;6;13;1
109;2;6;77;1
109;2;6;95;3
109;2;6;96;5
109;2;6;1001;1
109;2;6;1055;1
109;2;6;1144;9
109;2;6;1234;1
109;2;6;1277;4
109;2;6;1301;7
109;2;6;1314;2
109;2;6;1322;1
109;2;6;1323;1
109;2;6;1331;5
109;2;6;1333;1
109;2;6;1370;1
109;2;6;1399;2
109;2;6;1511;1
109;2;6;1515;34
109;2;6;1533;1
109;2;6;2026;1
109;2;6;2200;4
109;2;6;2211;1
109;2;6;2222;15
109;2;6;2233;2
109;2;6;2244;2
109;2;6;2252;1
109;2;6;2277;2
109;2;6;2299;1
109;2;6;2555;2
109;2;6;4000;1
109;2;6;4011;1
109;2;6;4020;5
109;2;6;4040;1
109;2;6;4044;3
109;2;6;4055;8
109;2;6;4077;7
109;2;6;4400;1
109;2;6;4422;3
109;2;6;4445;1
109;2;6;4555;1
109;2;6;5050;4
109;2;6;5077;1
109;2;6;5511;4
109;2;6;5533;2
109;2;6;6565;1
109;2;6;7788;1
109;2;7;12;1
109;2;7;13;2
109;2;7;18;4
109;2;7;22;1
109;2;7;40;4
109;2;7;44;1
109;2;7;45;1
109;2;7;95;5
109;2;7;96;1
109;2;7;10000;1
109;2;7;10222;1
109;2;7;10678;2
109;2;7;13000;1
109;2;7;13013;2
109;2;7;13131;1
109;2;7;13132;3
109;2;7;13133;1
109;2;7;13234;2
109;2;7;13258;1
109;2;7;13444;4
109;2;7;13999;1
109;2;7;15333;15
109;2;7;22000;1
109;2;7;22022;7
109;2;7;22190;2
109;2;7;22221;3
109;2;7;22222;5
109;2;7;22522;1
109;2;7;22777;2
109;2;7;25555;1
109;2;7;33000;18
109;2;7;33111;2
109;2;7;40100;1
109;2;7;40111;1
109;2;7;40200;10
109;2;7;40234;12
109;2;7;40456;1
109;2;7;40500;1
109;2;7;40555;6
109;2;7;40700;1
109;2;7;40789;1
109;2;7;40999;1
109;2;7;44111;1
109;2;7;44456;1
109;2;7;45111;2
109;2;7;45123;1
109;2;7;45678;2
109;2;7;45888;1
109;2;7;45999;1
109;2;7;50013;2
109;2;7;50555;4
109;2;7;55777;3
109;2;7;77123;10
109;2;5;95;14
109;2;5;96;29
109;2;5;180;74
109;2;5;222;61
109;2;5;400;77
109;2;5;445;64
109;2;5;800;1
109;2;3;13;75
109;2;3;16;1
109;2;3;45;73
109;2;3;95;5
109;2;3;96;6
109;3;1;13;85
109;3;1;14;3
109;3;1;22;41
109;3;1;70;5
109;3;1;95;2
109;3;1;96;11
109;3;6;13;1
109;3;6;18;1
109;3;6;22;1
109;3;6;40;2
109;3;6;45;1
109;3;6;95;8
109;3;6;96;3
109;3;6;1010;2
109;3;6;1055;2
109;3;6;1088;1
109;3;6;1144;4
109;3;6;1301;4
109;3;6;1314;2
109;3;6;1323;1
109;3;6;1331;2
109;3;6;1333;2
109;3;6;1399;2
109;3;6;1515;27
109;3;6;2030;1
109;3;6;2200;3
109;3;6;2211;1
109;3;6;2222;17
109;3;6;2255;1
109;3;6;2270;1
109;3;6;2277;3
109;3;6;2278;2
109;3;6;2288;4
109;3;6;2299;1
109;3;6;2333;1
109;3;6;2518;1
109;3;6;2555;1
109;3;6;4000;1
109;3;6;4010;1
109;3;6;4020;6
109;3;6;4040;7
109;3;6;4044;2
109;3;6;4055;7
109;3;6;4077;7
109;3;6;4455;2
109;3;6;4490;1
109;3;6;5050;3
109;3;6;5511;5
109;3;6;5533;1
109;3;6;7788;1
109;3;7;13;3
109;3;7;15;2
109;3;7;18;1
109;3;7;22;1
109;3;7;40;6
109;3;7;95;10
109;3;7;96;7
109;3;7;10123;1
109;3;7;10333;1
109;3;7;10678;1
109;3;7;13013;5
109;3;7;13123;1
109;3;7;13131;1
109;3;7;13132;1
109;3;7;13133;2
109;3;7;13234;1
109;3;7;13333;1
109;3;7;13456;1
109;3;7;15333;11
109;3;7;22000;1
109;3;7;22022;8
109;3;7;22190;1
109;3;7;22222;8
109;3;7;22223;2
109;3;7;22580;1
109;3;7;22777;3
109;3;7;22888;3
109;3;7;33000;12
109;3;7;40100;1
109;3;7;40200;9
109;3;7;40234;7
109;3;7;40555;6
109;3;7;40600;1
109;3;7;40700;3
109;3;7;40999;1
109;3;7;45111;1
109;3;7;45123;1
109;3;7;45456;1
109;3;7;45678;3
109;3;7;45999;2
109;3;7;50180;1
109;3;7;50555;3
109;3;7;55333;1
109;3;7;77123;10
109;3;5;95;14
109;3;5;96;42
109;3;5;180;55
109;3;5;222;51
109;3;5;400;74
109;3;5;445;58
109;3;3;13;61
109;3;3;16;1
109;3;3;45;65
109;3;3;95;6
109;3;3;96;14
109;4;1;13;157
109;4;1;14;3
109;4;1;22;89
109;4;1;55;3
109;4;1;70;10
109;4;1;95;6
109;4;1;96;7
109;4;6;22;1
109;4;6;33;1
109;4;6;77;1
109;4;6;95;12
109;4;6;96;4
109;4;6;1010;3
109;4;6;1055;4
109;4;6;1144;16
109;4;6;1212;1
109;4;6;1277;6
109;4;6;1301;7
109;4;6;1313;1
109;4;6;1314;1
109;4;6;1323;1
109;4;6;1331;5
109;4;6;1333;2
109;4;6;1399;3
109;4;6;1515;40
109;4;6;1555;1
109;4;6;1800;1
109;4;6;2200;1
109;4;6;2211;1
109;4;6;2222;47
109;4;6;2225;1
109;4;6;2244;3
109;4;6;2277;3
109;4;6;2288;5
109;4;6;2299;7
109;4;6;2333;2
109;4;6;2525;1
109;4;6;2555;1
109;4;6;4020;17
109;4;6;4040;7
109;4;6;4044;1
109;4;6;4055;19
109;4;6;4077;14
109;4;6;4400;1
109;4;6;4422;1
109;4;6;4490;4
109;4;6;4522;1
109;4;6;4555;4
109;4;6;5050;4
109;4;6;5055;1
109;4;6;5077;3
109;4;6;5511;10
109;4;6;5533;2
109;4;6;5588;1
109;4;6;6565;2
109;4;7;13;1
109;4;7;15;1
109;4;7;18;6
109;4;7;22;3
109;4;7;40;5
109;4;7;44;2
109;4;7;55;1
109;4;7;65;1
109;4;7;95;15
109;4;7;96;8
109;4;7;10100;3
109;4;7;10123;3
109;4;7;10444;2
109;4;7;11100;2
109;4;7;12333;1
109;4;7;13013;6
109;4;7;13113;1
109;4;7;13123;1
109;4;7;13131;2
109;4;7;13132;2
109;4;7;13234;1
109;4;7;13258;1
109;4;7;13333;2
109;4;7;13444;2
109;4;7;15333;25
109;4;7;22000;1
109;4;7;22022;11
109;4;7;22180;1
109;4;7;22190;3
109;4;7;22221;10
109;4;7;22222;14
109;4;7;22322;1
109;4;7;22580;3
109;4;7;22777;3
109;4;7;22888;3
109;4;7;25555;2
109;4;7;30222;1
109;4;7;30300;1
109;4;7;33000;12
109;4;7;33111;1
109;4;7;33789;1
109;4;7;40200;13
109;4;7;40234;25
109;4;7;40500;1
109;4;7;40555;9
109;4;7;40700;3
109;4;7;43000;1
109;4;7;45111;1
109;4;7;45123;1
109;4;7;45190;3
109;4;7;45200;1
109;4;7;45555;1
109;4;7;45645;1
109;4;7;45678;2
109;4;7;45777;1
109;4;7;45888;1
109;4;7;45999;5
109;4;7;50013;2
109;4;7;50180;2
109;4;7;50555;6
109;4;7;55011;1
109;4;7;55111;1
109;4;7;55333;1
109;4;7;77123;28
109;4;5;95;37
109;4;5;96;63
109;4;5;180;119
109;4;5;222;95
109;4;5;300;3
109;4;5;400;128
109;4;5;445;103
109;4;5;800;2
109;4;3;13;123
109;4;3;16;1
109;4;3;45;129
109;4;3;95;8
109;4;3;96;14
109;5;1;13;161
109;5;1;14;4
109;5;1;16;1
109;5;1;22;69
109;5;1;55;1
109;5;1;70;7
109;5;1;95;4
109;5;1;96;9
109;5;6;10;1
109;5;6;11;1
109;5;6;12;2
109;5;6;13;2
109;5;6;14;2
109;5;6;15;2
109;5;6;18;1
109;5;6;22;3
109;5;6;40;1
109;5;6;44;1
109;5;6;45;2
109;5;6;95;12
109;5;6;96;5
109;5;6;1010;3
109;5;6;1055;5
109;5;6;1088;1
109;5;6;1144;7
109;5;6;1212;1
109;5;6;1277;2
109;5;6;1313;1
109;5;6;1323;3
109;5;6;1331;10
109;5;6;1333;5
109;5;6;1399;1
109;5;6;1515;37
109;5;6;1555;1
109;5;6;2200;2
109;5;6;2211;1
109;5;6;2222;37
109;5;6;2277;1
109;5;6;2288;2
109;5;6;2299;5
109;5;6;2333;2
109;5;6;2518;1
109;5;6;2525;1
109;5;6;4001;1
109;5;6;4020;12
109;5;6;4040;4
109;5;6;4044;2
109;5;6;4055;24
109;5;6;4077;16
109;5;6;4400;1
109;5;6;4410;1
109;5;6;4422;3
109;5;6;4455;1
109;5;6;4490;3
109;5;6;4555;1
109;5;6;5050;4
109;5;6;5077;2
109;5;6;5511;6
109;5;6;5533;6
109;5;6;5551;1
109;5;6;5588;1
109;5;6;6565;1
109;5;6;7715;1
109;5;6;7788;1
109;5;7;10;1
109;5;7;12;2
109;5;7;13;2
109;5;7;15;3
109;5;7;18;4
109;5;7;22;5
109;5;7;40;9
109;5;7;44;3
109;5;7;45;1
109;5;7;95;18
109;5;7;96;8
109;5;7;10100;1
109;5;7;10123;2
109;5;7;10234;2
109;5;7;10333;1
109;5;7;10444;1
109;5;7;13013;7
109;5;7;13111;2
109;5;7;13113;1
109;5;7;13123;2
109;5;7;13131;2
109;5;7;13132;1
109;5;7;13133;1
109;5;7;13222;1
109;5;7;13234;2
109;5;7;13258;1
109;5;7;13333;4
109;5;7;15222;1
109;5;7;15333;21
109;5;7;22000;2
109;5;7;22022;6
109;5;7;22190;5
109;5;7;22221;3
109;5;7;22222;9
109;5;7;22223;1
109;5;7;22322;2
109;5;7;22422;1
109;5;7;22580;2
109;5;7;22777;1
109;5;7;22888;2
109;5;7;30722;1
109;5;7;33000;11
109;5;7;33456;1
109;5;7;33789;1
109;5;7;40055;1
109;5;7;40111;1
109;5;7;40200;13
109;5;7;40234;18
109;5;7;40555;16
109;5;7;40700;6
109;5;7;40789;1
109;5;7;40999;1
109;5;7;44456;1
109;5;7;44545;1
109;5;7;45123;2
109;5;7;45190;3
109;5;7;45200;1
109;5;7;45456;1
109;5;7;45678;2
109;5;7;45888;1
109;5;7;45999;1
109;5;7;50013;2
109;5;7;50113;1
109;5;7;50180;1
109;5;7;50555;6
109;5;7;55011;1
109;5;7;77123;18
109;5;5;95;38
109;5;5;96;90
109;5;5;180;116
109;5;5;222;67
109;5;5;400;123
109;5;5;445;76
109;5;5;800;2
109;5;3;13;126
109;5;3;45;102
109;5;3;80;1
109;5;3;95;5
109;5;3;96;22
109;6;1;13;147
109;6;1;14;4
109;6;1;22;85
109;6;1;55;1
109;6;1;70;6
109;6;1;95;5
109;6;1;96;8
109;6;6;12;1
109;6;6;13;1
109;6;6;15;1
109;6;6;40;3
109;6;6;45;1
109;6;6;95;18
109;6;6;96;6
109;6;6;1001;1
109;6;6;1010;5
109;6;6;1055;4
109;6;6;1144;15
109;6;6;1212;1
109;6;6;1277;4
109;6;6;1301;8
109;6;6;1323;1
109;6;6;1331;4
109;6;6;1333;1
109;6;6;1399;3
109;6;6;1500;1
109;6;6;1515;36
109;6;6;1520;2
109;6;6;1522;1
109;6;6;1800;1
109;6;6;2200;4
109;6;6;2211;2
109;6;6;2212;1
109;6;6;2222;33
109;6;6;2225;1
109;6;6;2233;2
109;6;6;2252;1
109;6;6;2270;2
109;6;6;2277;4
109;6;6;2288;4
109;6;6;2518;2
109;6;6;2555;1
109;6;6;4000;1
109;6;6;4001;1
109;6;6;4020;12
109;6;6;4040;7
109;6;6;4044;2
109;6;6;4055;17
109;6;6;4077;12
109;6;6;4433;1
109;6;6;4445;1
109;6;6;4490;2
109;6;6;4555;1
109;6;6;5050;1
109;6;6;5077;1
109;6;6;5511;7
109;6;6;5522;1
109;6;6;5533;6
109;6;6;5555;1
109;6;6;5588;2
109;6;6;6565;2
109;6;6;7711;1
109;6;6;7788;1
109;6;7;15;3
109;6;7;18;3
109;6;7;22;4
109;6;7;40;7
109;6;7;44;1
109;6;7;45;1
109;6;7;95;16
109;6;7;96;10
109;6;7;10000;1
109;6;7;10100;2
109;6;7;10123;4
109;6;7;10222;1
109;6;7;10234;2
109;6;7;10444;3
109;6;7;11100;1
109;6;7;12123;1
109;6;7;13013;4
109;6;7;13111;1
109;6;7;13113;2
109;6;7;13123;2
109;6;7;13131;1
109;6;7;13133;3
109;6;7;13222;2
109;6;7;13258;2
109;6;7;13333;2
109;6;7;13456;1
109;6;7;15000;1
109;6;7;15333;19
109;6;7;22000;1
109;6;7;22022;6
109;6;7;22190;1
109;6;7;22221;6
109;6;7;22222;8
109;6;7;22223;1
109;6;7;22322;1
109;6;7;22522;1
109;6;7;22777;6
109;6;7;22888;5
109;6;7;33000;15
109;6;7;33456;1
109;6;7;40000;1
109;6;7;40111;1
109;6;7;40200;10
109;6;7;40234;22
109;6;7;40555;11
109;6;7;40700;2
109;6;7;40999;2
109;6;7;44456;2
109;6;7;45123;2
109;6;7;45190;2
109;6;7;45645;1
109;6;7;45678;1
109;6;7;45777;2
109;6;7;45800;1
109;6;7;45888;1
109;6;7;45999;4
109;6;7;50013;3
109;6;7;50113;2
109;6;7;50500;1
109;6;7;50555;8
109;6;7;55011;1
109;6;7;55111;1
109;6;7;55888;2
109;6;7;65656;1
109;6;7;77123;19
109;6;7;77888;1
109;6;5;95;42
109;6;5;96;54
109;6;5;180;98
109;6;5;222;96
109;6;5;300;1
109;6;5;400;108
109;6;5;445;112
109;6;5;800;1
109;6;3;13;102
109;6;3;45;126
109;6;3;95;9
109;6;3;96;19
109;7;1;13;153
109;7;1;14;3
109;7;1;22;96
109;7;1;55;1
109;7;1;70;3
109;7;1;80;1
109;7;1;95;5
109;7;1;96;10
109;7;6;13;3
109;7;6;22;4
109;7;6;65;1
109;7;6;95;9
109;7;6;96;7
109;7;6;1001;1
109;7;6;1010;1
109;7;6;1055;7
109;7;6;1111;1
109;7;6;1144;12
109;7;6;1277;5
109;7;6;1301;7
109;7;6;1312;1
109;7;6;1314;2
109;7;6;1315;1
109;7;6;1323;2
109;7;6;1331;3
109;7;6;1333;2
109;7;6;1399;5
109;7;6;1515;51
109;7;6;1520;1
109;7;6;1555;2
109;7;6;2200;2
109;7;6;2211;5
109;7;6;2222;45
109;7;6;2277;2
109;7;6;2288;2
109;7;6;2299;4
109;7;6;3007;1
109;7;6;4020;14
109;7;6;4040;8
109;7;6;4055;14
109;7;6;4077;18
109;7;6;4422;2
109;7;6;4433;1
109;7;6;4488;1
109;7;6;4490;2
109;7;6;4522;1
109;7;6;4555;1
109;7;6;5050;4
109;7;6;5511;7
109;7;6;5533;4
109;7;6;5588;1
109;7;6;6565;1
109;7;6;7700;2
109;7;6;7788;2
109;7;7;13;2
109;7;7;15;3
109;7;7;18;1
109;7;7;22;4
109;7;7;40;7
109;7;7;95;14
109;7;7;96;6
109;7;7;10100;2
109;7;7;10333;1
109;7;7;10444;1
109;7;7;11111;2
109;7;7;13013;3
109;7;7;13123;1
109;7;7;13131;2
109;7;7;13132;2
109;7;7;13133;2
109;7;7;13234;1
109;7;7;13333;3
109;7;7;13789;1
109;7;7;15000;1
109;7;7;15222;1
109;7;7;15333;25
109;7;7;18420;1
109;7;7;22000;1
109;7;7;22022;8
109;7;7;22190;2
109;7;7;22221;6
109;7;7;22222;18
109;7;7;22223;1
109;7;7;22580;1
109;7;7;22762;1
109;7;7;22777;2
109;7;7;22888;2
109;7;7;25555;1
109;7;7;30222;1
109;7;7;33000;18
109;7;7;33111;4
109;7;7;33300;1
109;7;7;40000;1
109;7;7;40114;1
109;7;7;40200;8
109;7;7;40234;33
109;7;7;40555;9
109;7;7;40700;4
109;7;7;40999;2
109;7;7;44545;1
109;7;7;44810;1
109;7;7;45123;3
109;7;7;45190;3
109;7;7;45200;2
109;7;7;45222;1
109;7;7;45678;4
109;7;7;45999;7
109;7;7;50180;1
109;7;7;50500;2
109;7;7;50555;3
109;7;7;55011;2
109;7;7;55777;1
109;7;7;55888;1
109;7;7;77123;29
109;7;5;95;33
109;7;5;96;43
109;7;5;180;117
109;7;5;222;96
109;7;5;300;2
109;7;5;400;136
109;7;5;445;115
109;7;5;800;2
109;7;3;13;123
109;7;3;45;129
109;7;3;95;5
109;7;3;96;15
109;8;1;13;154
109;8;1;14;1
109;8;1;22;91
109;8;1;55;3
109;8;1;70;8
109;8;1;95;2
109;8;1;96;8
109;8;6;13;3
109;8;6;15;2
109;8;6;22;1
109;8;6;40;1
109;8;6;44;1
109;8;6;95;6
109;8;6;96;10
109;8;6;1000;1
109;8;6;1010;1
109;8;6;1055;3
109;8;6;1144;12
109;8;6;1234;1
109;8;6;1277;4
109;8;6;1301;5
109;8;6;1314;1
109;8;6;1322;1
109;8;6;1323;3
109;8;6;1331;7
109;8;6;1333;3
109;8;6;1399;7
109;8;6;1500;1
109;8;6;1515;49
109;8;6;1520;2
109;8;6;1555;1
109;8;6;2200;3
109;8;6;2211;4
109;8;6;2222;46
109;8;6;2277;3
109;8;6;2288;2
109;8;6;2299;4
109;8;6;2333;2
109;8;6;4001;2
109;8;6;4020;14
109;8;6;4040;6
109;8;6;4044;1
109;8;6;4055;11
109;8;6;4077;11
109;8;6;4422;4
109;8;6;4445;1
109;8;6;4490;1
109;8;6;4512;1
109;8;6;4555;3
109;8;6;4578;1
109;8;6;5050;1
109;8;6;5511;14
109;8;6;5533;2
109;8;6;5555;1
109;8;6;5588;1
109;8;6;6565;2
109;8;7;13;1
109;8;7;18;3
109;8;7;40;4
109;8;7;45;2
109;8;7;77;1
109;8;7;95;14
109;8;7;96;13
109;8;7;10100;1
109;8;7;10222;1
109;8;7;10333;1
109;8;7;10444;1
109;8;7;10999;1
109;8;7;13013;5
109;8;7;13123;1
109;8;7;13131;2
109;8;7;13132;3
109;8;7;13133;1
109;8;7;13234;2
109;8;7;13333;2
109;8;7;13456;2
109;8;7;15000;2
109;8;7;15222;1
109;8;7;15333;28
109;8;7;22022;9
109;8;7;22180;1
109;8;7;22190;3
109;8;7;22221;3
109;8;7;22222;19
109;8;7;22580;2
109;8;7;22762;1
109;8;7;22777;4
109;8;7;22888;2
109;8;7;30722;1
109;8;7;33000;13
109;8;7;33333;1
109;8;7;33456;1
109;8;7;33789;1
109;8;7;40200;9
109;8;7;40234;30
109;8;7;40400;1
109;8;7;40555;12
109;8;7;40700;2
109;8;7;40789;2
109;8;7;40999;1
109;8;7;44456;2
109;8;7;45111;1
109;8;7;45190;2
109;8;7;45678;1
109;8;7;45777;1
109;8;7;45999;5
109;8;7;50013;3
109;8;7;50180;2
109;8;7;50555;4
109;8;7;55011;1
109;8;7;55024;1
109;8;7;55111;1
109;8;7;55777;1
109;8;7;55888;1
109;8;7;77123;30
109;8;7;77888;1
109;8;5;95;43
109;8;5;96;57
109;8;5;180;111
109;8;5;222;92
109;8;5;400;128
109;8;5;445;102
109;8;5;800;1
109;8;3;13;120
109;8;3;45;127
109;8;3;95;4
109;8;3;96;16
109;9;1;13;116
109;9;1;14;1
109;9;1;22;103
109;9;1;70;4
109;9;1;95;6
109;9;1;96;3
109;9;6;22;2
109;9;6;40;1
109;9;6;45;1
109;9;6;95;11
109;9;6;96;6
109;9;6;1010;4
109;9;6;1055;2
109;9;6;1144;12
109;9;6;1277;2
109;9;6;1301;3
109;9;6;1322;1
109;9;6;1331;3
109;9;6;1333;4
109;9;6;1515;46
109;9;6;1516;1
109;9;6;1525;1
109;9;6;1800;2
109;9;6;2211;1
109;9;6;2212;1
109;9;6;2222;48
109;9;6;2233;2
109;9;6;2244;1
109;9;6;2270;1
109;9;6;2277;2
109;9;6;2288;5
109;9;6;2299;1
109;9;6;2333;1
109;9;6;2518;3
109;9;6;4000;2
109;9;6;4020;10
109;9;6;4040;7
109;9;6;4044;2
109;9;6;4055;16
109;9;6;4077;3
109;9;6;4422;1
109;9;6;4444;2
109;9;6;4455;2
109;9;6;4490;2
109;9;6;4545;1
109;9;6;5050;3
109;9;6;5055;1
109;9;6;5077;2
109;9;6;5511;6
109;9;6;5533;2
109;9;6;6565;2
109;9;6;7700;1
109;9;7;18;1
109;9;7;44;1
109;9;7;45;1
109;9;7;55;1
109;9;7;95;16
109;9;7;96;7
109;9;7;10000;2
109;9;7;10100;1
109;9;7;10123;2
109;9;7;10222;1
109;9;7;10234;1
109;9;7;10333;1
109;9;7;10444;1
109;9;7;10678;2
109;9;7;13013;6
109;9;7;13111;1
109;9;7;13123;2
109;9;7;13131;3
109;9;7;13132;1
109;9;7;13133;6
109;9;7;13222;1
109;9;7;13789;1
109;9;7;15333;20
109;9;7;15555;1
109;9;7;22000;2
109;9;7;22022;8
109;9;7;22130;1
109;9;7;22190;3
109;9;7;22221;10
109;9;7;22222;11
109;9;7;22345;1
109;9;7;22422;1
109;9;7;22580;1
109;9;7;22777;4
109;9;7;22888;3
109;9;7;33000;19
109;9;7;33111;1
109;9;7;33789;1
109;9;7;40000;1
109;9;7;40111;1
109;9;7;40123;2
109;9;7;40200;10
109;9;7;40234;11
109;9;7;40555;14
109;9;7;40700;1
109;9;7;40777;2
109;9;7;40789;1
109;9;7;40999;1
109;9;7;43640;2
109;9;7;44090;1
109;9;7;44444;2
109;9;7;45111;2
109;9;7;45123;1
109;9;7;45190;1
109;9;7;45456;1
109;9;7;45678;2
109;9;7;45777;1
109;9;7;45999;2
109;9;7;50013;2
109;9;7;50555;9
109;9;7;55011;1
109;9;7;55111;1
109;9;7;55777;1
109;9;7;55888;1
109;9;7;77123;13
109;9;5;95;32
109;9;5;96;34
109;9;5;180;98
109;9;5;222;94
109;9;5;300;1
109;9;5;400;103
109;9;5;445;102
109;9;5;800;2
109;9;3;13;96
109;9;3;45;125
109;9;3;95;5
109;9;3;96;7
109;10;1;13;127
109;10;1;14;2
109;10;1;22;92
109;10;1;55;1
109;10;1;70;2
109;10;1;95;4
109;10;1;96;6
109;10;6;11;1
109;10;6;13;1
109;10;6;40;1
109;10;6;44;2
109;10;6;45;1
109;10;6;77;1
109;10;6;95;10
109;10;6;96;8
109;10;6;1010;1
109;10;6;1055;1
109;10;6;1111;1
109;10;6;1144;7
109;10;6;1234;1
109;10;6;1277;1
109;10;6;1301;3
109;10;6;1313;2
109;10;6;1314;1
109;10;6;1323;2
109;10;6;1331;5
109;10;6;1333;1
109;10;6;1399;2
109;10;6;1414;1
109;10;6;1511;2
109;10;6;1515;42
109;10;6;1520;1
109;10;6;1544;1
109;10;6;1555;1
109;10;6;1800;2
109;10;6;2200;3
109;10;6;2211;2
109;10;6;2222;49
109;10;6;2244;1
109;10;6;2252;1
109;10;6;2255;2
109;10;6;2277;3
109;10;6;2299;3
109;10;6;2333;1
109;10;6;2518;1
109;10;6;3300;1
109;10;6;4001;1
109;10;6;4020;6
109;10;6;4040;7
109;10;6;4044;2
109;10;6;4055;16
109;10;6;4077;5
109;10;6;4400;1
109;10;6;4422;1
109;10;6;4445;1
109;10;6;4512;1
109;10;6;4545;1
109;10;6;5005;1
109;10;6;5050;5
109;10;6;5077;1
109;10;6;5511;8
109;10;6;5533;2
109;10;6;5588;1
109;10;6;6565;1
109;10;6;7700;1
109;10;6;7711;1
109;10;6;7733;1
109;10;7;13;3
109;10;7;18;3
109;10;7;22;2
109;10;7;33;2
109;10;7;40;7
109;10;7;44;1
109;10;7;45;4
109;10;7;95;11
109;10;7;96;10
109;10;7;10000;1
109;10;7;10010;1
109;10;7;10100;2
109;10;7;10222;1
109;10;7;10678;1
109;10;7;13013;5
109;10;7;13111;2
109;10;7;13131;5
109;10;7;13132;4
109;10;7;13133;5
109;10;7;13234;3
109;10;7;13333;1
109;10;7;13456;2
109;10;7;15333;15
109;10;7;22000;1
109;10;7;22022;4
109;10;7;22221;7
109;10;7;22222;18
109;10;7;22223;1
109;10;7;22762;1
109;10;7;22777;4
109;10;7;22822;1
109;10;7;30000;1
109;10;7;33000;22
109;10;7;33111;1
109;10;7;40110;1
109;10;7;40200;6
109;10;7;40234;8
109;10;7;40400;1
109;10;7;40555;16
109;10;7;40700;2
109;10;7;40777;1
109;10;7;43640;1
109;10;7;44456;2
109;10;7;45000;1
109;10;7;45090;1
109;10;7;45111;1
109;10;7;45123;4
109;10;7;45190;1
109;10;7;45450;1
109;10;7;45678;1
109;10;7;45777;1
109;10;7;50013;5
109;10;7;50555;5
109;10;7;55000;1
109;10;7;55011;1
109;10;7;55111;2
109;10;7;77123;19
109;10;5;95;37
109;10;5;96;62
109;10;5;180;92
109;10;5;222;86
109;10;5;300;2
109;10;5;400;91
109;10;5;445;95
109;10;5;800;3
109;10;3;13;88
109;10;3;45;126
109;10;3;80;2
109;10;3;95;4
109;10;3;96;14
109;11;1;13;133
109;11;1;14;3
109;11;1;21;1
109;11;1;22;76
109;11;1;55;2
109;11;1;70;8
109;11;1;95;7
109;11;1;96;3
109;11;6;11;1
109;11;6;13;2
109;11;6;18;1
109;11;6;50;1
109;11;6;77;1
109;11;6;95;15
109;11;6;96;5
109;11;6;1010;2
109;11;6;1055;1
109;11;6;1144;7
109;11;6;1234;1
109;11;6;1256;1
109;11;6;1277;2
109;11;6;1300;1
109;11;6;1301;2
109;11;6;1313;2
109;11;6;1314;1
109;11;6;1323;1
109;11;6;1331;9
109;11;6;1333;3
109;11;6;1515;40
109;11;6;1800;1
109;11;6;2200;2
109;11;6;2211;1
109;11;6;2222;37
109;11;6;2225;1
109;11;6;2255;3
109;11;6;2270;1
109;11;6;2277;3
109;11;6;2288;4
109;11;6;2299;3
109;11;6;2518;8
109;11;6;2525;1
109;11;6;4011;1
109;11;6;4020;5
109;11;6;4040;5
109;11;6;4055;16
109;11;6;4077;7
109;11;6;4445;2
109;11;6;4490;5
109;11;6;4555;2
109;11;6;5050;5
109;11;6;5055;1
109;11;6;5077;2
109;11;6;5511;11
109;11;6;5533;3
109;11;6;5588;2
109;11;6;7711;1
109;11;6;7788;1
109;11;7;11;2
109;11;7;13;2
109;11;7;15;1
109;11;7;18;2
109;11;7;22;3
109;11;7;40;1
109;11;7;77;1
109;11;7;95;18
109;11;7;96;11
109;11;7;10100;2
109;11;7;10123;3
109;11;7;10333;1
109;11;7;10456;1
109;11;7;11111;1
109;11;7;11999;1
109;11;7;13013;2
109;11;7;13123;2
109;11;7;13130;1
109;11;7;13131;3
109;11;7;13132;5
109;11;7;13133;4
109;11;7;13234;2
109;11;7;13444;1
109;11;7;13789;1
109;11;7;15333;17
109;11;7;22000;1
109;11;7;22022;8
109;11;7;22190;5
109;11;7;22221;3
109;11;7;22222;7
109;11;7;22322;1
109;11;7;22777;3
109;11;7;22888;4
109;11;7;25555;1
109;11;7;33000;26
109;11;7;33111;1
109;11;7;33789;1
109;11;7;40200;8
109;11;7;40222;1
109;11;7;40234;10
109;11;7;40333;1
109;11;7;40500;1
109;11;7;40555;13
109;11;7;40700;2
109;11;7;43640;1
109;11;7;44333;2
109;11;7;44444;2
109;11;7;44456;1
109;11;7;44789;1
109;11;7;45111;1
109;11;7;45123;1
109;11;7;45190;2
109;11;7;45222;1
109;11;7;45678;3
109;11;7;45999;3
109;11;7;50555;11
109;11;7;55111;2
109;11;7;55777;1
109;11;7;65013;1
109;11;7;77123;13
109;11;7;77888;2
109;11;5;95;47
109;11;5;96;30
109;11;5;162;1
109;11;5;180;99
109;11;5;222;85
109;11;5;290;1
109;11;5;300;1
109;11;5;400;112
109;11;5;445;90
109;11;3;13;109
109;11;3;30;1
109;11;3;45;108
109;11;3;95;12
109;11;3;96;3
109;12;1;13;132
109;12;1;14;1
109;12;1;22;84
109;12;1;55;1
109;12;1;70;8
109;12;1;80;1
109;12;1;95;1
109;12;1;96;5
109;12;6;11;1
109;12;6;12;1
109;12;6;13;3
109;12;6;15;1
109;12;6;22;2
109;12;6;95;6
109;12;6;96;9
109;12;6;1000;1
109;12;6;1010;6
109;12;6;1055;2
109;12;6;1111;1
109;12;6;1144;11
109;12;6;1234;1
109;12;6;1277;1
109;12;6;1299;1
109;12;6;1301;3
109;12;6;1314;1
109;12;6;1315;1
109;12;6;1323;2
109;12;6;1331;5
109;12;6;1333;1
109;12;6;1399;2
109;12;6;1414;1
109;12;6;1515;55
109;12;6;1555;2
109;12;6;1800;1
109;12;6;2200;3
109;12;6;2211;1
109;12;6;2222;37
109;12;6;2277;2
109;12;6;2288;5
109;12;6;2299;5
109;12;6;2333;1
109;12;6;2555;1
109;12;6;2580;1
109;12;6;4020;6
109;12;6;4040;7
109;12;6;4044;1
109;12;6;4055;11
109;12;6;4077;8
109;12;6;4422;2
109;12;6;4455;1
109;12;6;4490;1
109;12;6;4578;1
109;12;6;5050;5
109;12;6;5077;1
109;12;6;5511;10
109;12;6;6565;1
109;12;6;7788;1
109;12;7;12;2
109;12;7;13;1
109;12;7;15;3
109;12;7;18;3
109;12;7;22;2
109;12;7;25;1
109;12;7;33;1
109;12;7;40;7
109;12;7;44;1
109;12;7;45;1
109;12;7;95;9
109;12;7;96;8
109;12;7;10100;1
109;12;7;10123;4
109;12;7;10444;2
109;12;7;13013;3
109;12;7;13123;4
109;12;7;13131;4
109;12;7;13132;4
109;12;7;13133;3
109;12;7;13258;1
109;12;7;13333;1
109;12;7;13999;1
109;12;7;15333;30
109;12;7;22000;5
109;12;7;22022;8
109;12;7;22130;1
109;12;7;22190;1
109;12;7;22221;3
109;12;7;22222;8
109;12;7;22456;1
109;12;7;22580;1
109;12;7;22777;5
109;12;7;22822;1
109;12;7;22888;6
109;12;7;33000;13
109;12;7;33456;1
109;12;7;33789;1
109;12;7;40100;2
109;12;7;40111;1
109;12;7;40123;2
109;12;7;40200;4
109;12;7;40234;12
109;12;7;40555;9
109;12;7;40700;7
109;12;7;40789;1
109;12;7;43640;1
109;12;7;45123;1
109;12;7;45190;1
109;12;7;45456;3
109;12;7;45678;1
109;12;7;45777;1
109;12;7;45999;3
109;12;7;50555;8
109;12;7;77123;22
109;12;7;77888;1
109;12;7;80180;1
109;12;5;95;18
109;12;5;96;55
109;12;5;180;97
109;12;5;222;84
109;12;5;300;2
109;12;5;400;120
109;12;5;445;89
109;12;5;800;1
109;12;3;13;102
109;12;3;45;113
109;12;3;95;3
109;12;3;96;15
109;13;1;13;170
109;13;1;14;1
109;13;1;22;53
109;13;1;70;5
109;13;1;95;5
109;13;1;96;5
109;13;6;10;1
109;13;6;13;5
109;13;6;15;3
109;13;6;22;1
109;13;6;40;2
109;13;6;77;2
109;13;6;95;11
109;13;6;96;4
109;13;6;1010;4
109;13;6;1055;4
109;13;6;1111;1
109;13;6;1144;3
109;13;6;1256;1
109;13;6;1301;3
109;13;6;1323;6
109;13;6;1333;2
109;13;6;1399;1
109;13;6;1515;111
109;13;6;2200;1
109;13;6;2211;1
109;13;6;2222;20
109;13;6;2244;1
109;13;6;2252;1
109;13;6;2288;1
109;13;6;2299;2
109;13;6;2518;1
109;13;6;2525;1
109;13;6;3300;1
109;13;6;4001;1
109;13;6;4020;3
109;13;6;4040;8
109;13;6;4055;5
109;13;6;4077;6
109;13;6;4445;1
109;13;6;4490;4
109;13;6;4548;1
109;13;6;5000;1
109;13;6;5050;1
109;13;6;5077;1
109;13;6;5099;1
109;13;6;5511;4
109;13;6;5533;5
109;13;6;5555;1
109;13;6;6565;1
109;13;7;11;1
109;13;7;13;2
109;13;7;15;4
109;13;7;18;6
109;13;7;22;1
109;13;7;33;1
109;13;7;40;5
109;13;7;77;1
109;13;7;95;14
109;13;7;96;6
109;13;7;10100;1
109;13;7;10123;4
109;13;7;10333;1
109;13;7;10444;11
109;13;7;11111;2
109;13;7;11222;1
109;13;7;13000;1
109;13;7;13013;1
109;13;7;13123;1
109;13;7;13132;2
109;13;7;13133;1
109;13;7;13258;1
109;13;7;13333;3
109;13;7;13444;1
109;13;7;13789;2
109;13;7;15333;79
109;13;7;22022;1
109;13;7;22221;1
109;13;7;22222;7
109;13;7;22522;1
109;13;7;33000;24
109;13;7;33111;1
109;13;7;33900;1
109;13;7;40200;1
109;13;7;40234;9
109;13;7;40555;1
109;13;7;40700;2
109;13;7;45111;1
109;13;7;45190;4
109;13;7;45800;1
109;13;7;50013;1
109;13;7;50180;1
109;13;7;50555;3
109;13;7;77123;26
109;13;5;95;26
109;13;5;96;58
109;13;5;180;137
109;13;5;222;55
109;13;5;400;136
109;13;5;445;66
109;13;3;13;140
109;13;3;45;84
109;13;3;95;6
109;13;3;96;9
109;14;1;13;181
109;14;1;14;1
109;14;1;22;36
109;14;1;55;3
109;14;1;70;5
109;14;1;95;4
109;14;1;96;6
109;14;6;12;1
109;14;6;13;1
109;14;6;15;1
109;14;6;95;16
109;14;6;96;4
109;14;6;1000;1
109;14;6;1001;1
109;14;6;1010;1
109;14;6;1055;7
109;14;6;1144;3
109;14;6;1277;2
109;14;6;1301;1
109;14;6;1313;1
109;14;6;1323;8
109;14;6;1331;2
109;14;6;1370;1
109;14;6;1399;1
109;14;6;1511;1
109;14;6;1515;116
109;14;6;2211;1
109;14;6;2212;1
109;14;6;2222;19
109;14;6;2277;2
109;14;6;2299;3
109;14;6;2518;2
109;14;6;3300;4
109;14;6;4000;1
109;14;6;4001;2
109;14;6;4020;6
109;14;6;4040;7
109;14;6;4055;3
109;14;6;4077;5
109;14;6;4343;1
109;14;6;4422;1
109;14;6;5013;1
109;14;6;5050;1
109;14;6;5099;1
109;14;6;5533;2
109;14;6;5555;2
109;14;6;6565;1
109;14;6;7711;1
109;14;7;13;1
109;14;7;15;5
109;14;7;18;3
109;14;7;33;1
109;14;7;40;4
109;14;7;44;2
109;14;7;77;2
109;14;7;95;12
109;14;7;96;3
109;14;7;10123;1
109;14;7;10234;1
109;14;7;10444;9
109;14;7;10678;1
109;14;7;12123;1
109;14;7;13000;1
109;14;7;13013;1
109;14;7;13132;1
109;14;7;13333;5
109;14;7;13444;1
109;14;7;13789;1
109;14;7;15000;1
109;14;7;15222;1
109;14;7;15333;85
109;14;7;15555;1
109;14;7;22022;1
109;14;7;22190;2
109;14;7;22221;1
109;14;7;22222;7
109;14;7;22777;4
109;14;7;25555;1
109;14;7;33000;21
109;14;7;40140;1
109;14;7;40200;6
109;14;7;40234;6
109;14;7;40456;1
109;14;7;40555;2
109;14;7;40700;3
109;14;7;43640;1
109;14;7;45123;1
109;14;7;45190;1
109;14;7;45678;2
109;14;7;45800;3
109;14;7;50555;1
109;14;7;55555;1
109;14;7;77123;26
109;14;5;95;36
109;14;5;96;52
109;14;5;180;130
109;14;5;222;53
109;14;5;400;146
109;14;5;445;55
109;14;3;13;133
109;14;3;45;78
109;14;3;95;10
109;14;3;96;15
109;15;1;13;187
109;15;1;22;52
109;15;1;30;1
109;15;1;55;1
109;15;1;70;9
109;15;1;80;1
109;15;1;95;6
109;15;1;96;10
109;15;6;11;2
109;15;6;13;1
109;15;6;15;2
109;15;6;77;1
109;15;6;95;15
109;15;6;96;9
109;15;6;1000;2
109;15;6;1010;3
109;15;6;1055;2
109;15;6;1144;9
109;15;6;1233;1
109;15;6;1277;3
109;15;6;1301;7
109;15;6;1313;1
109;15;6;1323;5
109;15;6;1331;2
109;15;6;1333;4
109;15;6;1515;120
109;15;6;1533;2
109;15;6;2211;2
109;15;6;2222;21
109;15;6;2233;1
109;15;6;2234;1
109;15;6;2244;1
109;15;6;2277;1
109;15;6;2288;4
109;15;6;2299;1
109;15;6;2518;4
109;15;6;3300;1
109;15;6;4001;1
109;15;6;4020;7
109;15;6;4040;3
109;15;6;4055;7
109;15;6;4077;5
109;15;6;4422;1
109;15;6;4444;1
109;15;6;4490;1
109;15;6;5511;3
109;15;6;5533;6
109;15;6;5588;2
109;15;6;7711;1
109;15;6;7788;1
109;15;7;10;1
109;15;7;13;1
109;15;7;15;5
109;15;7;18;3
109;15;7;20;1
109;15;7;22;2
109;15;7;40;2
109;15;7;44;2
109;15;7;77;1
109;15;7;95;11
109;15;7;96;8
109;15;7;10100;2
109;15;7;10123;1
109;15;7;10333;1
109;15;7;10444;8
109;15;7;11111;1
109;15;7;13013;3
109;15;7;13132;1
109;15;7;13133;1
109;15;7;13180;1
109;15;7;13258;2
109;15;7;13333;6
109;15;7;13789;7
109;15;7;15333;77
109;15;7;22022;2
109;15;7;22221;3
109;15;7;22222;8
109;15;7;22762;1
109;15;7;22777;1
109;15;7;22888;1
109;15;7;33000;35
109;15;7;40055;1
109;15;7;40200;3
109;15;7;40234;6
109;15;7;40555;5
109;15;7;40700;2
109;15;7;40999;2
109;15;7;44456;1
109;15;7;44555;1
109;15;7;45111;1
109;15;7;45190;1
109;15;7;45800;2
109;15;7;45999;1
109;15;7;50013;2
109;15;7;77123;40
109;15;5;95;36
109;15;5;96;62
109;15;5;162;1
109;15;5;180;145
109;15;5;222;54
109;15;5;290;1
109;15;5;400;165
109;15;5;445;70
109;15;3;13;143
109;15;3;14;1
109;15;3;45;93
109;15;3;80;1
109;15;3;95;6
109;15;3;96;23
109;16;1;13;168
109;16;1;14;1
109;16;1;22;41
109;16;1;55;1
109;16;1;70;9
109;16;1;95;2
109;16;1;96;3
109;16;6;11;2
109;16;6;12;4
109;16;6;13;1
109;16;6;15;2
109;16;6;44;1
109;16;6;77;1
109;16;6;95;4
109;16;6;96;9
109;16;6;1144;6
109;16;6;1277;2
109;16;6;1301;3
109;16;6;1314;1
109;16;6;1322;1
109;16;6;1323;8
109;16;6;1331;5
109;16;6;1515;113
109;16;6;1533;1
109;16;6;2200;1
109;16;6;2222;28
109;16;6;2277;2
109;16;6;2299;1
109;16;6;2555;2
109;16;6;3300;1
109;16;6;4020;2
109;16;6;4040;3
109;16;6;4055;4
109;16;6;4422;1
109;16;6;4490;1
109;16;6;4555;1
109;16;6;5005;1
109;16;6;5050;1
109;16;6;5511;4
109;16;6;5533;1
109;16;6;5588;1
109;16;6;7711;1
109;16;6;7777;1
109;16;6;7788;4
109;16;7;10;1
109;16;7;12;1
109;16;7;13;4
109;16;7;15;4
109;16;7;18;5
109;16;7;22;2
109;16;7;23;1
109;16;7;25;1
109;16;7;40;6
109;16;7;44;2
109;16;7;95;7
109;16;7;96;9
109;16;7;10222;1
109;16;7;10234;1
109;16;7;12123;1
109;16;7;13013;4
109;16;7;13123;6
109;16;7;13132;1
109;16;7;13222;1
109;16;7;13333;7
109;16;7;13444;1
109;16;7;15000;1
109;16;7;15333;70
109;16;7;22022;3
109;16;7;22221;5
109;16;7;22222;5
109;16;7;22422;1
109;16;7;22777;7
109;16;7;33000;27
109;16;7;40200;6
109;16;7;40222;1
109;16;7;40555;4
109;16;7;40888;5
109;16;7;45123;2
109;16;7;50013;3
109;16;7;50555;3
109;16;7;77123;16
109;16;5;95;16
109;16;5;96;70
109;16;5;180;135
109;16;5;222;35
109;16;5;400;142
109;16;5;445;50
109;16;5;800;2
109;16;3;13;136
109;16;3;14;1
109;16;3;45;63
109;16;3;95;4
109;16;3;96;21
109;17;1;13;163
109;17;1;14;2
109;17;1;22;52
109;17;1;55;1
109;17;1;70;10
109;17;1;95;2
109;17;1;96;9
109;17;6;12;3
109;17;6;13;1
109;17;6;15;1
109;17;6;18;1
109;17;6;22;1
109;17;6;95;9
109;17;6;96;4
109;17;6;1055;3
109;17;6;1144;12
109;17;6;1212;1
109;17;6;1244;1
109;17;6;1277;4
109;17;6;1301;4
109;17;6;1322;1
109;17;6;1323;5
109;17;6;1331;1
109;17;6;1365;1
109;17;6;1515;118
109;17;6;1516;1
109;17;6;1555;1
109;17;6;2200;1
109;17;6;2222;25
109;17;6;2277;7
109;17;6;2299;1
109;17;6;2555;1
109;17;6;3300;1
109;17;6;4020;7
109;17;6;4040;3
109;17;6;4055;1
109;17;6;4077;2
109;17;6;4455;1
109;17;6;4555;4
109;17;6;5050;3
109;17;6;5511;4
109;17;6;5533;1
109;17;6;5588;3
109;17;6;7788;1
109;17;7;13;1
109;17;7;15;3
109;17;7;18;4
109;17;7;22;1
109;17;7;40;4
109;17;7;45;1
109;17;7;77;1
109;17;7;95;12
109;17;7;96;5
109;17;7;10234;1
109;17;7;10444;1
109;17;7;12123;3
109;17;7;13123;2
109;17;7;13131;1
109;17;7;13222;1
109;17;7;13333;5
109;17;7;13444;2
109;17;7;13456;1
109;17;7;13789;1
109;17;7;15333;60
109;17;7;22022;4
109;17;7;22190;2
109;17;7;22221;4
109;17;7;22222;9
109;17;7;22422;2
109;17;7;22777;7
109;17;7;33000;55
109;17;7;40200;9
109;17;7;40222;1
109;17;7;40234;4
109;17;7;40500;1
109;17;7;40555;2
109;17;7;40777;1
109;17;7;40789;1
109;17;7;45678;1
109;17;7;50013;1
109;17;7;50555;3
109;17;7;77123;22
109;17;5;95;32
109;17;5;96;41
109;17;5;180;147
109;17;5;222;51
109;17;5;290;1
109;17;5;400;149
109;17;5;445;56
109;17;5;800;1
109;17;3;13;144
109;17;3;35;1
109;17;3;45;73
109;17;3;95;5
109;17;3;96;16
109;18;1;13;144
109;18;1;14;5
109;18;1;22;75
109;18;1;70;7
109;18;1;95;1
109;18;1;96;5
109;18;6;11;1
109;18;6;12;1
109;18;6;13;4
109;18;6;40;3
109;18;6;50;1
109;18;6;95;7
109;18;6;96;5
109;18;6;1010;5
109;18;6;1055;6
109;18;6;1144;6
109;18;6;1234;1
109;18;6;1277;5
109;18;6;1299;1
109;18;6;1301;2
109;18;6;1312;1
109;18;6;1313;2
109;18;6;1314;4
109;18;6;1323;4
109;18;6;1331;3
109;18;6;1333;2
109;18;6;1399;2
109;18;6;1414;1
109;18;6;1511;1
109;18;6;1515;44
109;18;6;1800;1
109;18;6;2200;2
109;18;6;2222;47
109;18;6;2233;2
109;18;6;2277;1
109;18;6;2288;1
109;18;6;2299;1
109;18;6;2333;1
109;18;6;2518;1
109;18;6;2555;1
109;18;6;4020;12
109;18;6;4040;9
109;18;6;4044;1
109;18;6;4055;18
109;18;6;4077;8
109;18;6;4343;1
109;18;6;4422;1
109;18;6;4433;1
109;18;6;4548;1
109;18;6;5050;5
109;18;6;5077;2
109;18;6;5099;1
109;18;6;5511;3
109;18;6;5533;1
109;18;6;5588;2
109;18;6;7711;1
109;18;7;12;1
109;18;7;13;4
109;18;7;15;3
109;18;7;18;3
109;18;7;22;2
109;18;7;40;10
109;18;7;44;2
109;18;7;77;1
109;18;7;95;9
109;18;7;96;10
109;18;7;10100;1
109;18;7;10123;4
109;18;7;10333;1
109;18;7;10444;2
109;18;7;11111;1
109;18;7;12123;1
109;18;7;13113;2
109;18;7;13123;1
109;18;7;13130;1
109;18;7;13131;2
109;18;7;13132;2
109;18;7;13133;6
109;18;7;13222;1
109;18;7;13234;1
109;18;7;13333;2
109;18;7;13444;1
109;18;7;13456;1
109;18;7;13789;1
109;18;7;13888;1
109;18;7;15333;23
109;18;7;22022;6
109;18;7;22221;8
109;18;7;22222;12
109;18;7;22322;1
109;18;7;22580;1
109;18;7;22777;1
109;18;7;22822;1
109;18;7;22888;3
109;18;7;25555;1
109;18;7;33000;18
109;18;7;33111;1
109;18;7;33456;1
109;18;7;40200;11
109;18;7;40234;13
109;18;7;40400;1
109;18;7;40456;1
109;18;7;40555;14
109;18;7;40789;1
109;18;7;40840;1
109;18;7;45000;1
109;18;7;45090;1
109;18;7;45123;2
109;18;7;45222;1
109;18;7;45333;1
109;18;7;45456;1
109;18;7;45678;2
109;18;7;45777;2
109;18;7;45888;1
109;18;7;50013;2
109;18;7;50180;1
109;18;7;50555;5
109;18;7;55011;1
109;18;7;55777;1
109;18;7;65123;1
109;18;7;77123;18
109;18;5;95;30
109;18;5;96;61
109;18;5;162;1
109;18;5;180;105
109;18;5;222;83
109;18;5;400;107
109;18;5;445;87
109;18;3;13;103
109;18;3;14;2
109;18;3;45;117
109;18;3;95;3
109;18;3;96;12
109;19;1;13;127
109;19;1;14;2
109;19;1;22;81
109;19;1;55;2
109;19;1;70;3
109;19;1;95;2
109;19;1;96;7
109;19;6;11;2
109;19;6;22;2
109;19;6;23;1
109;19;6;95;7
109;19;6;96;4
109;19;6;1010;4
109;19;6;1055;1
109;19;6;1144;14
109;19;6;1234;1
109;19;6;1299;2
109;19;6;1301;3
109;19;6;1313;2
109;19;6;1314;2
109;19;6;1323;1
109;19;6;1331;5
109;19;6;1333;3
109;19;6;1511;1
109;19;6;1515;43
109;19;6;1533;1
109;19;6;1544;1
109;19;6;2200;4
109;19;6;2211;1
109;19;6;2212;1
109;19;6;2222;43
109;19;6;2233;1
109;19;6;2255;1
109;19;6;2277;2
109;19;6;2288;3
109;19;6;2299;2
109;19;6;2518;2
109;19;6;2555;1
109;19;6;3007;1
109;19;6;4000;1
109;19;6;4001;1
109;19;6;4011;1
109;19;6;4020;6
109;19;6;4040;8
109;19;6;4041;1
109;19;6;4044;2
109;19;6;4055;12
109;19;6;4077;6
109;19;6;4410;1
109;19;6;4422;1
109;19;6;4444;1
109;19;6;4455;1
109;19;6;4490;2
109;19;6;4545;1
109;19;6;4548;1
109;19;6;4555;1
109;19;6;5050;2
109;19;6;5077;2
109;19;6;5511;8
109;19;6;5533;2
109;19;6;5555;1
109;19;7;13;1
109;19;7;15;4
109;19;7;18;4
109;19;7;22;1
109;19;7;40;1
109;19;7;44;4
109;19;7;95;10
109;19;7;96;5
109;19;7;10100;3
109;19;7;10123;4
109;19;7;10222;1
109;19;7;10234;2
109;19;7;10444;2
109;19;7;11111;1
109;19;7;13013;3
109;19;7;13111;2
109;19;7;13123;1
109;19;7;13131;1
109;19;7;13132;4
109;19;7;13333;1
109;19;7;13444;1
109;19;7;13999;1
109;19;7;15333;22
109;19;7;22000;2
109;19;7;22022;8
109;19;7;22180;1
109;19;7;22190;1
109;19;7;22221;5
109;19;7;22222;16
109;19;7;22422;1
109;19;7;22580;1
109;19;7;22762;1
109;19;7;22777;2
109;19;7;22888;2
109;19;7;30222;1
109;19;7;33000;14
109;19;7;33789;1
109;19;7;40111;2
109;19;7;40200;8
109;19;7;40234;15
109;19;7;40500;1
109;19;7;40555;9
109;19;7;40700;1
109;19;7;40840;1
109;19;7;40999;2
109;19;7;45190;3
109;19;7;45999;7
109;19;7;50013;2
109;19;7;50180;2
109;19;7;50500;1
109;19;7;50555;6
109;19;7;55777;1
109;19;7;77123;28
109;19;5;95;22
109;19;5;96;40
109;19;5;180;95
109;19;5;222;88
109;19;5;400;110
109;19;5;445;91
109;19;5;800;2
109;19;3;13;91
109;19;3;35;1
109;19;3;45;111
109;19;3;80;1
109;19;3;95;5
109;19;3;96;15
109;20;1;13;150
109;20;1;14;2
109;20;1;22;69
109;20;1;55;2
109;20;1;70;5
109;20;1;95;4
109;20;1;96;6
109;20;6;13;1
109;20;6;45;1
109;20;6;95;15
109;20;6;96;3
109;20;6;1010;2
109;20;6;1055;4
109;20;6;1111;1
109;20;6;1144;11
109;20;6;1212;1
109;20;6;1277;5
109;20;6;1301;3
109;20;6;1313;2
109;20;6;1314;2
109;20;6;1315;3
109;20;6;1331;7
109;20;6;1333;4
109;20;6;1399;4
109;20;6;1515;58
109;20;6;1555;1
109;20;6;1592;1
109;20;6;2030;1
109;20;6;2211;4
109;20;6;2222;33
109;20;6;2233;1
109;20;6;2244;2
109;20;6;2277;1
109;20;6;2288;1
109;20;6;2299;1
109;20;6;2333;1
109;20;6;2518;3
109;20;6;2525;1
109;20;6;2555;1
109;20;6;3300;1
109;20;6;4001;1
109;20;6;4020;9
109;20;6;4040;10
109;20;6;4044;3
109;20;6;4055;5
109;20;6;4077;10
109;20;6;4445;1
109;20;6;4490;1
109;20;6;4545;1
109;20;6;5050;4
109;20;6;5077;2
109;20;6;5511;6
109;20;6;5533;1
109;20;6;5555;1
109;20;6;6565;3
109;20;7;13;1
109;20;7;15;1
109;20;7;18;5
109;20;7;22;2
109;20;7;25;1
109;20;7;40;3
109;20;7;45;2
109;20;7;95;19
109;20;7;96;7
109;20;7;11111;1
109;20;7;13000;2
109;20;7;13013;6
109;20;7;13111;1
109;20;7;13113;1
109;20;7;13123;3
109;20;7;13130;1
109;20;7;13131;2
109;20;7;13132;2
109;20;7;13133;4
109;20;7;13222;2
109;20;7;13444;1
109;20;7;13777;1
109;20;7;13999;1
109;20;7;15111;1
109;20;7;15333;32
109;20;7;22000;2
109;20;7;22022;8
109;20;7;22180;2
109;20;7;22190;1
109;20;7;22222;9
109;20;7;22322;1
109;20;7;22580;1
109;20;7;22762;1
109;20;7;22777;2
109;20;7;25555;2
109;20;7;33000;26
109;20;7;40111;2
109;20;7;40114;1
109;20;7;40200;6
109;20;7;40234;14
109;20;7;40555;6
109;20;7;40789;1
109;20;7;44111;1
109;20;7;44456;1
109;20;7;45111;3
109;20;7;45190;1
109;20;7;45645;1
109;20;7;45678;2
109;20;7;45999;4
109;20;7;50013;2
109;20;7;50180;1
109;20;7;50555;4
109;20;7;55777;1
109;20;7;65656;1
109;20;7;77123;28
109;20;7;77888;1
109;20;5;95;33
109;20;5;96;38
109;20;5;180;118
109;20;5;222;73
109;20;5;400;134
109;20;5;445;80
109;20;3;13;115
109;20;3;14;1
109;20;3;45;110
109;20;3;95;8
109;20;3;96;4
109;21;1;13;180
109;21;1;14;3
109;21;1;22;53
109;21;1;55;1
109;21;1;70;5
109;21;1;95;3
109;21;1;96;15
109;21;6;11;1
109;21;6;12;1
109;21;6;13;1
109;21;6;15;3
109;21;6;18;2
109;21;6;22;1
109;21;6;40;1
109;21;6;45;2
109;21;6;95;6
109;21;6;96;3
109;21;6;1055;8
109;21;6;1111;1
109;21;6;1144;29
109;21;6;1212;1
109;21;6;1255;1
109;21;6;1301;1
109;21;6;1322;2
109;21;6;1323;2
109;21;6;1333;2
109;21;6;1444;1
109;21;6;1515;113
109;21;6;1533;1
109;21;6;1555;1
109;21;6;2222;30
109;21;6;2277;6
109;21;6;2288;1
109;21;6;2518;1
109;21;6;3300;3
109;21;6;4001;1
109;21;6;4011;1
109;21;6;4020;11
109;21;6;4040;1
109;21;6;4055;5
109;21;6;4422;2
109;21;6;4445;3
109;21;6;4490;1
109;21;6;4545;1
109;21;6;4548;1
109;21;6;4555;4
109;21;6;5511;3
109;21;6;5533;1
109;21;7;13;3
109;21;7;15;9
109;21;7;18;7
109;21;7;22;2
109;21;7;33;1
109;21;7;40;12
109;21;7;44;2
109;21;7;45;1
109;21;7;77;2
109;21;7;95;12
109;21;7;96;9
109;21;7;10000;2
109;21;7;10100;2
109;21;7;12123;2
109;21;7;12333;1
109;21;7;13013;4
109;21;7;13123;2
109;21;7;13133;1
109;21;7;13333;1
109;21;7;13456;1
109;21;7;13888;2
109;21;7;15333;57
109;21;7;22022;4
109;21;7;22190;1
109;21;7;22221;1
109;21;7;22222;8
109;21;7;22777;10
109;21;7;33000;40
109;21;7;40114;1
109;21;7;40200;6
109;21;7;40234;1
109;21;7;40555;4
109;21;7;44333;1
109;21;7;44456;1
109;21;7;44545;1
109;21;7;45123;3
109;21;7;45190;1
109;21;7;45678;1
109;21;7;50555;1
109;21;7;55777;1
109;21;7;77123;39
109;21;5;95;32
109;21;5;96;94
109;21;5;180;131
109;21;5;222;59
109;21;5;400;134
109;21;5;445;70
109;21;3;13;147
109;21;3;14;1
109;21;3;45;82
109;21;3;95;6
109;21;3;96;24
109;22;1;13;188
109;22;1;14;8
109;22;1;22;63
109;22;1;70;2
109;22;1;95;4
109;22;1;96;8
109;22;6;12;2
109;22;6;13;3
109;22;6;15;4
109;22;6;18;1
109;22;6;22;1
109;22;6;33;1
109;22;6;44;1
109;22;6;77;3
109;22;6;95;5
109;22;6;96;5
109;22;6;1055;2
109;22;6;1144;33
109;22;6;1233;1
109;22;6;1300;1
109;22;6;1301;2
109;22;6;1322;1
109;22;6;1323;3
109;22;6;1333;2
109;22;6;1399;2
109;22;6;1515;118
109;22;6;1533;1
109;22;6;2200;1
109;22;6;2212;1
109;22;6;2222;25
109;22;6;2277;5
109;22;6;2288;1
109;22;6;2518;3
109;22;6;3300;3
109;22;6;4020;12
109;22;6;4040;1
109;22;6;4044;1
109;22;6;4055;10
109;22;6;4077;1
109;22;6;4410;1
109;22;6;4422;1
109;22;6;4511;1
109;22;6;4555;6
109;22;6;5050;1
109;22;6;5511;2
109;22;6;5533;3
109;22;6;7788;2
109;22;7;11;4
109;22;7;13;4
109;22;7;15;4
109;22;7;18;10
109;22;7;22;1
109;22;7;23;1
109;22;7;33;1
109;22;7;40;10
109;22;7;44;2
109;22;7;45;5
109;22;7;77;2
109;22;7;95;7
109;22;7;96;6
109;22;7;10000;1
109;22;7;10100;1
109;22;7;13013;3
109;22;7;13132;1
109;22;7;13133;1
109;22;7;13333;4
109;22;7;13456;1
109;22;7;15190;1
109;22;7;15333;62
109;22;7;22022;2
109;22;7;22221;5
109;22;7;22222;11
109;22;7;22777;8
109;22;7;33000;35
109;22;7;40111;1
109;22;7;40123;1
109;22;7;40200;7
109;22;7;40234;1
109;22;7;40555;5
109;22;7;44090;1
109;22;7;44422;1
109;22;7;44545;1
109;22;7;45000;1
109;22;7;45123;6
109;22;7;45222;1
109;22;7;45678;1
109;22;7;45999;1
109;22;7;50555;1
109;22;7;77123;50
109;22;7;77888;1
109;22;5;95;21
109;22;5;96;80
109;22;5;180;141
109;22;5;222;73
109;22;5;300;1
109;22;5;400;150
109;22;5;445;80
109;22;3;13;156
109;22;3;14;1
109;22;3;45;92
109;22;3;95;3
109;22;3;96;21
109;23;1;13;162
109;23;1;14;7
109;23;1;22;97
109;23;1;55;1
109;23;1;70;9
109;23;1;95;6
109;23;1;96;12
109;23;6;12;2
109;23;6;13;4
109;23;6;15;3
109;23;6;40;2
109;23;6;44;1
109;23;6;45;1
109;23;6;50;2
109;23;6;55;1
109;23;6;65;1
109;23;6;95;20
109;23;6;96;8
109;23;6;1001;1
109;23;6;1010;3
109;23;6;1055;2
109;23;6;1111;1
109;23;6;1144;12
109;23;6;1277;4
109;23;6;1301;4
109;23;6;1314;1
109;23;6;1323;1
109;23;6;1331;6
109;23;6;1333;2
109;23;6;1399;2
109;23;6;1414;1
109;23;6;1467;1
109;23;6;1502;1
109;23;6;1515;49
109;23;6;2200;1
109;23;6;2211;2
109;23;6;2222;45
109;23;6;2233;1
109;23;6;2255;1
109;23;6;2277;4
109;23;6;2278;1
109;23;6;2288;7
109;23;6;2299;2
109;23;6;2333;2
109;23;6;3030;1
109;23;6;4020;11
109;23;6;4040;10
109;23;6;4044;3
109;23;6;4055;18
109;23;6;4077;8
109;23;6;4422;3
109;23;6;4433;2
109;23;6;4445;3
109;23;6;4490;1
109;23;6;4545;1
109;23;6;4555;2
109;23;6;5050;8
109;23;6;5077;2
109;23;6;5511;11
109;23;6;5533;4
109;23;6;5555;1
109;23;6;5588;1
109;23;6;6565;2
109;23;7;10;1
109;23;7;13;3
109;23;7;15;3
109;23;7;18;4
109;23;7;22;2
109;23;7;33;1
109;23;7;40;4
109;23;7;43;1
109;23;7;44;1
109;23;7;45;1
109;23;7;50;2
109;23;7;55;1
109;23;7;77;2
109;23;7;95;26
109;23;7;96;13
109;23;7;10000;1
109;23;7;10101;1
109;23;7;10123;2
109;23;7;10678;1
109;23;7;11111;2
109;23;7;13013;4
109;23;7;13113;1
109;23;7;13123;3
109;23;7;13130;2
109;23;7;13131;3
109;23;7;13132;2
109;23;7;13133;2
109;23;7;13234;1
109;23;7;13333;2
109;23;7;15333;30
109;23;7;22000;1
109;23;7;22022;7
109;23;7;22221;9
109;23;7;22222;17
109;23;7;22223;1
109;23;7;22444;1
109;23;7;22580;1
109;23;7;22777;7
109;23;7;22888;6
109;23;7;30000;1
109;23;7;30222;1
109;23;7;33000;19
109;23;7;33456;1
109;23;7;33789;1
109;23;7;40110;1
109;23;7;40111;3
109;23;7;40114;1
109;23;7;40200;8
109;23;7;40222;1
109;23;7;40234;12
109;23;7;40555;12
109;23;7;40700;3
109;23;7;40789;1
109;23;7;44010;1
109;23;7;44456;1
109;23;7;45111;1
109;23;7;45123;1
109;23;7;45190;3
109;23;7;45222;2
109;23;7;45411;1
109;23;7;45678;3
109;23;7;45777;2
109;23;7;45888;1
109;23;7;45999;4
109;23;7;50013;1
109;23;7;50180;1
109;23;7;50555;6
109;23;7;55555;1
109;23;7;55888;1
109;23;7;77123;27
109;23;5;95;55
109;23;5;96;85
109;23;5;180;114
109;23;5;222;99
109;23;5;300;2
109;23;5;400;123
109;23;5;445;108
109;23;5;800;2
109;23;3;13;121
109;23;3;14;1
109;23;3;30;2
109;23;3;45;138
109;23;3;80;1
109;23;3;95;10
109;23;3;96;21
109;24;1;13;171
109;24;1;14;8
109;24;1;22;94
109;24;1;55;2
109;24;1;70;2
109;24;1;95;3
109;24;1;96;7
109;24;6;11;1
109;24;6;20;1
109;24;6;22;3
109;24;6;50;2
109;24;6;95;17
109;24;6;96;6
109;24;6;1000;1
109;24;6;1055;4
109;24;6;1111;2
109;24;6;1144;14
109;24;6;1217;1
109;24;6;1233;1
109;24;6;1277;4
109;24;6;1301;8
109;24;6;1312;1
109;24;6;1313;2
109;24;6;1314;1
109;24;6;1323;2
109;24;6;1331;11
109;24;6;1333;2
109;24;6;1399;1
109;24;6;1414;1
109;24;6;1467;1
109;24;6;1515;62
109;24;6;1533;2
109;24;6;1555;2
109;24;6;2077;1
109;24;6;2200;5
109;24;6;2222;50
109;24;6;2277;1
109;24;6;2288;3
109;24;6;2299;3
109;24;6;2518;2
109;24;6;3300;1
109;24;6;4020;15
109;24;6;4040;1
109;24;6;4044;1
109;24;6;4055;19
109;24;6;4077;5
109;24;6;4343;2
109;24;6;4404;1
109;24;6;4433;2
109;24;6;4455;1
109;24;6;4555;2
109;24;6;4578;1
109;24;6;5050;1
109;24;6;5077;1
109;24;6;5511;4
109;24;6;5533;5
109;24;6;5555;1
109;24;6;5588;3
109;24;6;6565;3
109;24;7;11;1
109;24;7;13;3
109;24;7;15;2
109;24;7;18;7
109;24;7;40;6
109;24;7;44;2
109;24;7;50;2
109;24;7;77;1
109;24;7;95;12
109;24;7;96;5
109;24;7;10000;1
109;24;7;10100;5
109;24;7;10222;1
109;24;7;10444;2
109;24;7;10678;1
109;24;7;13000;1
109;24;7;13013;9
109;24;7;13123;2
109;24;7;13130;1
109;24;7;13131;3
109;24;7;13132;2
109;24;7;13133;2
109;24;7;13234;1
109;24;7;13333;3
109;24;7;13444;1
109;24;7;13700;1
109;24;7;15333;34
109;24;7;22000;8
109;24;7;22022;10
109;24;7;22190;2
109;24;7;22221;6
109;24;7;22222;20
109;24;7;22555;1
109;24;7;22762;1
109;24;7;22777;5
109;24;7;22888;5
109;24;7;33000;28
109;24;7;33300;1
109;24;7;40000;3
109;24;7;40110;1
109;24;7;40111;2
109;24;7;40200;12
109;24;7;40234;10
109;24;7;40555;18
109;24;7;40700;3
109;24;7;43640;2
109;24;7;44456;1
109;24;7;44810;1
109;24;7;45123;3
109;24;7;45222;2
109;24;7;45456;1
109;24;7;45678;2
109;24;7;45888;1
109;24;7;45999;3
109;24;7;50013;2
109;24;7;50555;2
109;24;7;55111;1
109;24;7;55234;1
109;24;7;77123;18
109;24;5;95;45
109;24;5;96;59
109;24;5;180;138
109;24;5;222;89
109;24;5;300;3
109;24;5;400;139
109;24;5;445;100
109;24;5;800;1
109;24;3;13;137
109;24;3;14;4
109;24;3;45;125
109;24;3;95;5
109;24;3;96;16
109;25;1;13;158
109;25;1;14;9
109;25;1;22;85
109;25;1;30;1
109;25;1;55;2
109;25;1;70;7
109;25;1;95;4
109;25;1;96;9
109;25;6;13;1
109;25;6;40;2
109;25;6;44;1
109;25;6;45;1
109;25;6;77;1
109;25;6;95;17
109;25;6;96;9
109;25;6;1000;1
109;25;6;1010;4
109;25;6;1055;3
109;25;6;1111;1
109;25;6;1144;14
109;25;6;1277;1
109;25;6;1301;2
109;25;6;1313;1
109;25;6;1314;1
109;25;6;1322;1
109;25;6;1323;4
109;25;6;1331;8
109;25;6;1333;3
109;25;6;1399;3
109;25;6;1400;1
109;25;6;1444;1
109;25;6;1500;1
109;25;6;1511;1
109;25;6;1515;65
109;25;6;1800;1
109;25;6;2200;3
109;25;6;2211;2
109;25;6;2222;44
109;25;6;2277;1
109;25;6;2278;1
109;25;6;2288;12
109;25;6;2333;1
109;25;6;2518;4
109;25;6;4000;1
109;25;6;4020;6
109;25;6;4040;8
109;25;6;4044;2
109;25;6;4055;19
109;25;6;4077;1
109;25;6;4343;1
109;25;6;4422;2
109;25;6;4433;1
109;25;6;4555;1
109;25;6;5511;8
109;25;6;5533;3
109;25;6;5588;1
109;25;6;6565;1
109;25;6;7700;1
109;25;6;7788;2
109;25;7;11;2
109;25;7;12;1
109;25;7;13;1
109;25;7;18;7
109;25;7;22;3
109;25;7;25;1
109;25;7;40;6
109;25;7;43;1
109;25;7;45;1
109;25;7;50;1
109;25;7;55;1
109;25;7;77;1
109;25;7;80;1
109;25;7;95;18
109;25;7;96;13
109;25;7;10000;1
109;25;7;10100;2
109;25;7;10123;3
109;25;7;10234;1
109;25;7;11100;1
109;25;7;11111;1
109;25;7;13013;5
109;25;7;13113;1
109;25;7;13123;3
109;25;7;13131;2
109;25;7;13132;3
109;25;7;13133;3
109;25;7;13222;1
109;25;7;13223;1
109;25;7;13258;1
109;25;7;13333;3
109;25;7;13444;1
109;25;7;13456;2
109;25;7;13999;1
109;25;7;15000;1
109;25;7;15333;31
109;25;7;22000;1
109;25;7;22022;5
109;25;7;22190;4
109;25;7;22221;8
109;25;7;22222;15
109;25;7;22223;2
109;25;7;22555;1
109;25;7;22580;3
109;25;7;22777;3
109;25;7;22888;7
109;25;7;25555;1
109;25;7;33000;17
109;25;7;33111;1
109;25;7;33456;1
109;25;7;33789;1
109;25;7;40000;1
109;25;7;40110;1
109;25;7;40111;2
109;25;7;40140;1
109;25;7;40200;5
109;25;7;40234;4
109;25;7;40555;14
109;25;7;40700;1
109;25;7;40789;1
109;25;7;40999;1
109;25;7;43640;2
109;25;7;45111;2
109;25;7;45123;2
109;25;7;45190;1
109;25;7;45222;1
109;25;7;45450;1
109;25;7;45678;2
109;25;7;45777;1
109;25;7;45888;1
109;25;7;45999;3
109;25;7;50013;2
109;25;7;50500;1
109;25;7;50555;2
109;25;7;55011;1
109;25;7;55888;1
109;25;7;77123;22
109;25;7;77888;3
109;25;5;95;34
109;25;5;96;84
109;25;5;180;109
109;25;5;222;97
109;25;5;300;1
109;25;5;400;124
109;25;5;445;99
109;25;5;800;2
109;25;3;13;122
109;25;3;14;2
109;25;3;16;1
109;25;3;45;129
109;25;3;80;1
109;25;3;95;6
109;25;3;96;14
109;26;1;13;162
109;26;1;14;4
109;26;1;22;76
109;26;1;55;2
109;26;1;70;7
109;26;1;95;6
109;26;1;96;16
109;26;6;10;1
109;26;6;11;1
109;26;6;13;2
109;26;6;15;2
109;26;6;18;2
109;26;6;22;2
109;26;6;40;2
109;26;6;77;2
109;26;6;95;16
109;26;6;96;4
109;26;6;1010;8
109;26;6;1055;3
109;26;6;1099;1
109;26;6;1144;29
109;26;6;1212;1
109;26;6;1277;1
109;26;6;1301;1
109;26;6;1311;1
109;26;6;1313;1
109;26;6;1314;1
109;26;6;1323;7
109;26;6;1331;5
109;26;6;1333;3
109;26;6;1500;1
109;26;6;1515;84
109;26;6;1555;4
109;26;6;1800;1
109;26;6;2200;5
109;26;6;2222;27
109;26;6;2244;1
109;26;6;2277;2
109;26;6;2288;4
109;26;6;2299;8
109;26;6;2518;1
109;26;6;2580;1
109;26;6;4000;1
109;26;6;4020;7
109;26;6;4044;2
109;26;6;4055;7
109;26;6;4077;1
109;26;6;4343;1
109;26;6;4400;1
109;26;6;4422;5
109;26;6;4490;1
109;26;6;4545;1
109;26;6;4555;2
109;26;6;5050;2
109;26;6;5077;1
109;26;6;5511;4
109;26;6;5533;1
109;26;6;7777;1
109;26;7;13;1
109;26;7;15;4
109;26;7;18;8
109;26;7;22;2
109;26;7;33;1
109;26;7;40;7
109;26;7;44;1
109;26;7;45;3
109;26;7;95;15
109;26;7;96;7
109;26;7;10123;3
109;26;7;10222;2
109;26;7;10234;1
109;26;7;10444;3
109;26;7;10999;3
109;26;7;13000;1
109;26;7;13013;2
109;26;7;13131;1
109;26;7;13132;2
109;26;7;13133;1
109;26;7;13333;8
109;26;7;13444;4
109;26;7;15000;1
109;26;7;15333;33
109;26;7;22000;1
109;26;7;22022;4
109;26;7;22190;1
109;26;7;22221;4
109;26;7;22222;12
109;26;7;22223;1
109;26;7;22762;1
109;26;7;22777;3
109;26;7;22888;4
109;26;7;30222;1
109;26;7;33000;31
109;26;7;33300;1
109;26;7;33456;1
109;26;7;40200;9
109;26;7;40234;4
109;26;7;40333;1
109;26;7;40456;1
109;26;7;40555;3
109;26;7;40700;7
109;26;7;40789;1
109;26;7;40999;1
109;26;7;45111;3
109;26;7;45123;1
109;26;7;45190;3
109;26;7;45456;1
109;26;7;45678;1
109;26;7;45777;1
109;26;7;45999;9
109;26;7;50013;1
109;26;7;50180;1
109;26;7;50555;1
109;26;7;55111;1
109;26;7;77123;44
109;26;5;95;39
109;26;5;96;86
109;26;5;180;124
109;26;5;222;81
109;26;5;300;1
109;26;5;400;123
109;26;5;445;91
109;26;5;800;1
109;26;3;13;136
109;26;3;14;2
109;26;3;45;101
109;26;3;80;1
109;26;3;95;10
109;26;3;96;23
109;27;1;13;184
109;27;1;14;5
109;27;1;22;78
109;27;1;70;5
109;27;1;95;4
109;27;1;96;6
109;27;6;11;1
109;27;6;12;1
109;27;6;13;1
109;27;6;15;1
109;27;6;22;2
109;27;6;77;1
109;27;6;95;12
109;27;6;96;6
109;27;6;1001;1
109;27;6;1010;8
109;27;6;1055;2
109;27;6;1144;25
109;27;6;1234;1
109;27;6;1277;7
109;27;6;1301;1
109;27;6;1322;1
109;27;6;1323;2
109;27;6;1331;2
109;27;6;1333;5
109;27;6;1399;1
109;27;6;1515;93
109;27;6;1555;2
109;27;6;1800;1
109;27;6;2200;3
109;27;6;2211;3
109;27;6;2222;43
109;27;6;2252;1
109;27;6;2277;5
109;27;6;2288;2
109;27;6;2299;6
109;27;6;2580;1
109;27;6;3007;1
109;27;6;3300;2
109;27;6;4020;5
109;27;6;4044;8
109;27;6;4055;7
109;27;6;4077;3
109;27;6;4343;1
109;27;6;4422;1
109;27;6;4548;1
109;27;6;4555;1
109;27;6;5050;4
109;27;6;5533;1
109;27;6;5555;1
109;27;6;5588;1
109;27;6;6565;1
109;27;6;7700;1
109;27;6;7777;1
109;27;6;7788;1
109;27;7;15;4
109;27;7;18;7
109;27;7;22;2
109;27;7;40;2
109;27;7;43;1
109;27;7;45;2
109;27;7;77;1
109;27;7;95;14
109;27;7;96;4
109;27;7;10123;4
109;27;7;10222;1
109;27;7;10234;1
109;27;7;10444;2
109;27;7;10999;3
109;27;7;12222;1
109;27;7;13000;1
109;27;7;13013;3
109;27;7;13131;1
109;27;7;13133;1
109;27;7;13333;3
109;27;7;13444;7
109;27;7;13456;3
109;27;7;15222;1
109;27;7;15333;57
109;27;7;22000;2
109;27;7;22022;10
109;27;7;22180;2
109;27;7;22190;1
109;27;7;22221;9
109;27;7;22222;14
109;27;7;22223;2
109;27;7;22777;5
109;27;7;30222;1
109;27;7;33000;32
109;27;7;40140;1
109;27;7;40200;8
109;27;7;40234;5
109;27;7;40555;3
109;27;7;40700;5
109;27;7;40789;5
109;27;7;45123;3
109;27;7;45777;2
109;27;7;45999;8
109;27;7;50013;2
109;27;7;50180;2
109;27;7;50555;1
109;27;7;55888;2
109;27;7;77123;31
109;27;5;95;37
109;27;5;96;52
109;27;5;180;142
109;27;5;222;89
109;27;5;400;149
109;27;5;445;95
109;27;3;13;148
109;27;3;14;2
109;27;3;45;114
109;27;3;95;5
109;27;3;96;13
109;28;1;13;175
109;28;1;14;2
109;28;1;22;68
109;28;1;29;1
109;28;1;55;2
109;28;1;70;3
109;28;1;95;8
109;28;1;96;19
109;28;6;11;1
109;28;6;12;2
109;28;6;13;4
109;28;6;15;6
109;28;6;22;1
109;28;6;23;1
109;28;6;30;1
109;28;6;33;2
109;28;6;43;1
109;28;6;44;2
109;28;6;45;1
109;28;6;55;1
109;28;6;95;19
109;28;6;96;10
109;28;6;1055;5
109;28;6;1144;37
109;28;6;1234;1
109;28;6;1277;5
109;28;6;1301;10
109;28;6;1312;1
109;28;6;1314;2
109;28;6;1322;2
109;28;6;1323;7
109;28;6;1331;3
109;28;6;1333;3
109;28;6;1399;1
109;28;6;1414;1
109;28;6;1515;69
109;28;6;1555;2
109;28;6;2055;1
109;28;6;2222;31
109;28;6;2277;2
109;28;6;2278;1
109;28;6;2288;4
109;28;6;2518;2
109;28;6;4020;13
109;28;6;4055;14
109;28;6;4077;1
109;28;6;4422;1
109;28;6;4490;1
109;28;6;5055;1
109;28;6;5511;1
109;28;6;5533;2
109;28;6;7788;2
109;28;7;12;1
109;28;7;13;6
109;28;7;15;6
109;28;7;18;4
109;28;7;22;6
109;28;7;40;6
109;28;7;44;3
109;28;7;95;25
109;28;7;96;8
109;28;7;10100;2
109;28;7;10234;1
109;28;7;12333;1
109;28;7;13013;2
109;28;7;13123;22
109;28;7;13131;2
109;28;7;13234;1
109;28;7;13333;4
109;28;7;13789;1
109;28;7;15333;46
109;28;7;22022;2
109;28;7;22190;1
109;28;7;22221;3
109;28;7;22222;13
109;28;7;22322;1
109;28;7;22777;1
109;28;7;22888;4
109;28;7;30000;1
109;28;7;33000;33
109;28;7;33123;1
109;28;7;33789;1
109;28;7;40055;1
109;28;7;40100;1
109;28;7;40200;34
109;28;7;40222;1
109;28;7;40234;3
109;28;7;40555;5
109;28;7;40789;1
109;28;7;43640;1
109;28;7;45111;1
109;28;7;45123;2
109;28;7;45200;1
109;28;7;50013;1
109;28;7;50113;1
109;28;7;50555;1
109;28;7;55111;1
109;28;7;55777;1
109;28;7;77123;13
109;28;7;77888;1
109;28;5;95;57
109;28;5;96;100
109;28;5;180;121
109;28;5;222;76
109;28;5;300;1
109;28;5;400;124
109;28;5;445;76
109;28;5;800;1
109;28;3;13;139
109;28;3;35;1
109;28;3;45;87
109;28;3;95;17
109;28;3;96;34
109;29;1;13;167
109;29;1;14;4
109;29;1;22;58
109;29;1;28;1
109;29;1;55;1
109;29;1;70;1
109;29;1;80;1
109;29;1;95;5
109;29;1;96;31
109;29;6;11;1
109;29;6;12;1
109;29;6;13;5
109;29;6;14;1
109;29;6;15;2
109;29;6;18;1
109;29;6;40;2
109;29;6;95;19
109;29;6;96;11
109;29;6;1010;1
109;29;6;1055;3
109;29;6;1111;1
109;29;6;1144;40
109;29;6;1234;1
109;29;6;1277;1
109;29;6;1301;5
109;29;6;1312;2
109;29;6;1315;1
109;29;6;1322;1
109;29;6;1323;11
109;29;6;1331;1
109;29;6;1333;1
109;29;6;1515;73
109;29;6;2222;28
109;29;6;2277;3
109;29;6;2278;1
109;29;6;2288;2
109;29;6;2299;2
109;29;6;2518;1
109;29;6;3300;1
109;29;6;4020;14
109;29;6;4040;1
109;29;6;4055;13
109;29;6;4077;1
109;29;6;4400;1
109;29;6;4422;1
109;29;6;4455;1
109;29;6;4456;1
109;29;6;4490;1
109;29;6;5511;4
109;29;6;5533;1
109;29;6;5555;2
109;29;6;5588;2
109;29;6;6565;1
109;29;6;7711;1
109;29;6;7788;1
109;29;7;11;1
109;29;7;12;2
109;29;7;13;5
109;29;7;15;3
109;29;7;18;11
109;29;7;22;2
109;29;7;40;8
109;29;7;44;1
109;29;7;45;3
109;29;7;95;19
109;29;7;96;17
109;29;7;10444;2
109;29;7;12123;2
109;29;7;13123;21
109;29;7;13131;2
109;29;7;13132;2
109;29;7;13234;1
109;29;7;13333;8
109;29;7;15222;1
109;29;7;15333;40
109;29;7;22190;1
109;29;7;22221;7
109;29;7;22222;5
109;29;7;22223;1
109;29;7;22322;1
109;29;7;22422;1
109;29;7;22777;1
109;29;7;22888;2
109;29;7;30000;1
109;29;7;33000;29
109;29;7;33333;1
109;29;7;33456;2
109;29;7;40000;1
109;29;7;40055;2
109;29;7;40111;2
109;29;7;40200;34
109;29;7;40555;6
109;29;7;40700;2
109;29;7;40789;1
109;29;7;44022;1
109;29;7;45123;1
109;29;7;45456;1
109;29;7;45645;1
109;29;7;45678;1
109;29;7;45888;1
109;29;7;50555;3
109;29;7;55777;1
109;29;7;77123;7
109;29;7;77888;1
109;29;5;95;41
109;29;5;96;134
109;29;5;180;111
109;29;5;222;64
109;29;5;300;1
109;29;5;400;121
109;29;5;445;66
109;29;3;13;122
109;29;3;16;1
109;29;3;45;96
109;29;3;95;8
109;29;3;96;42
109;30;1;13;207
109;30;1;14;1
109;30;1;22;67
109;30;1;27;1
109;30;1;55;4
109;30;1;70;3
109;30;1;95;8
109;30;1;96;17
109;30;6;10;1
109;30;6;11;2
109;30;6;13;2
109;30;6;18;1
109;30;6;22;1
109;30;6;44;1
109;30;6;95;25
109;30;6;96;14
109;30;6;1055;2
109;30;6;1111;1
109;30;6;1122;1
109;30;6;1144;40
109;30;6;1277;1
109;30;6;1300;1
109;30;6;1301;11
109;30;6;1313;3
109;30;6;1323;6
109;30;6;1331;2
109;30;6;1333;5
109;30;6;1515;99
109;30;6;1800;1
109;30;6;2211;2
109;30;6;2222;26
109;30;6;2244;1
109;30;6;2277;2
109;30;6;2278;2
109;30;6;2288;3
109;30;6;2299;1
109;30;6;2518;2
109;30;6;3300;5
109;30;6;4020;11
109;30;6;4040;1
109;30;6;4055;14
109;30;6;4077;2
109;30;6;4422;1
109;30;6;4456;1
109;30;6;4490;2
109;30;6;4555;1
109;30;6;5013;1
109;30;6;5050;1
109;30;6;5511;4
109;30;6;5522;1
109;30;6;5555;1
109;30;6;7711;2
109;30;6;7788;1
109;30;7;10;2
109;30;7;12;1
109;30;7;13;6
109;30;7;15;1
109;30;7;18;7
109;30;7;22;2
109;30;7;40;5
109;30;7;44;5
109;30;7;45;3
109;30;7;55;1
109;30;7;95;28
109;30;7;96;15
109;30;7;10222;1
109;30;7;12333;2
109;30;7;13013;1
109;30;7;13123;24
109;30;7;13131;3
109;30;7;13133;1
109;30;7;13333;4
109;30;7;13456;1
109;30;7;13789;1
109;30;7;15222;4
109;30;7;15333;41
109;30;7;22022;2
109;30;7;22130;1
109;30;7;22190;3
109;30;7;22221;6
109;30;7;22222;10
109;30;7;22223;2
109;30;7;22777;2
109;30;7;22888;2
109;30;7;33000;44
109;30;7;40000;1
109;30;7;40110;1
109;30;7;40123;1
109;30;7;40200;34
109;30;7;40234;6
109;30;7;40555;11
109;30;7;40700;2
109;30;7;40999;1
109;30;7;43640;1
109;30;7;44022;1
109;30;7;45111;1
109;30;7;45411;1
109;30;7;45678;2
109;30;7;50555;3
109;30;7;55000;1
109;30;7;55333;1
109;30;7;55777;1
109;30;7;77123;6
109;30;7;77888;2
109;30;5;95;64
109;30;5;96;89
109;30;5;180;144
109;30;5;222;82
109;30;5;300;1
109;30;5;400;144
109;30;5;445;92
109;30;3;13;158
109;30;3;14;1
109;30;3;45;114
109;30;3;95;13
109;30;3;96;22
109;31;1;13;171
109;31;1;14;4
109;31;1;22;86
109;31;1;70;5
109;31;1;95;3
109;31;1;96;2
109;31;6;11;2
109;31;6;12;1
109;31;6;13;1
109;31;6;15;1
109;31;6;18;1
109;31;6;22;1
109;31;6;40;1
109;31;6;95;14
109;31;6;96;4
109;31;6;1010;4
109;31;6;1022;1
109;31;6;1055;3
109;31;6;1111;3
109;31;6;1144;32
109;31;6;1277;4
109;31;6;1301;1
109;31;6;1314;2
109;31;6;1323;7
109;31;6;1331;2
109;31;6;1333;2
109;31;6;1399;1
109;31;6;1515;83
109;31;6;1533;1
109;31;6;1555;3
109;31;6;1800;2
109;31;6;2200;3
109;31;6;2222;35
109;31;6;2277;4
109;31;6;2288;2
109;31;6;2299;12
109;31;6;2580;1
109;31;6;3300;1
109;31;6;4000;1
109;31;6;4020;4
109;31;6;4044;4
109;31;6;4055;2
109;31;6;4077;3
109;31;6;4422;3
109;31;6;4477;1
109;31;6;4490;1
109;31;6;4545;1
109;31;6;4548;1
109;31;6;4555;2
109;31;6;5050;2
109;31;6;5077;1
109;31;6;5511;1
109;31;6;5522;3
109;31;6;5533;4
109;31;6;5588;1
109;31;6;7711;1
109;31;7;10;1
109;31;7;13;2
109;31;7;15;1
109;31;7;18;7
109;31;7;33;1
109;31;7;40;5
109;31;7;44;1
109;31;7;45;2
109;31;7;77;1
109;31;7;95;17
109;31;7;96;7
109;31;7;10000;1
109;31;7;10123;3
109;31;7;10222;2
109;31;7;10333;1
109;31;7;10444;2
109;31;7;10678;1
109;31;7;10999;1
109;31;7;12333;1
109;31;7;13013;3
109;31;7;13131;2
109;31;7;13132;2
109;31;7;13133;1
109;31;7;13333;7
109;31;7;13456;2
109;31;7;13700;1
109;31;7;15222;2
109;31;7;15333;47
109;31;7;22022;4
109;31;7;22190;1
109;31;7;22221;6
109;31;7;22222;10
109;31;7;22580;1
109;31;7;22777;8
109;31;7;22888;2
109;31;7;30222;1
109;31;7;33000;33
109;31;7;33111;1
109;31;7;33123;1
109;31;7;40000;1
109;31;7;40140;2
109;31;7;40200;7
109;31;7;40234;7
109;31;7;40555;2
109;31;7;40700;12
109;31;7;40789;1
109;31;7;45111;1
109;31;7;45123;2
109;31;7;45190;1
109;31;7;45777;3
109;31;7;45999;5
109;31;7;50013;1
109;31;7;50555;1
109;31;7;55555;1
109;31;7;77123;32
109;31;5;95;45
109;31;5;96;52
109;31;5;180;119
109;31;5;222;94
109;31;5;400;130
109;31;5;445;102
109;31;3;13;139
109;31;3;45;118
109;31;3;95;6
109;31;3;96;8
109;32;1;13;124
109;32;1;14;3
109;32;1;22;81
109;32;1;70;6
109;32;1;95;5
109;32;1;96;5
109;32;6;10;1
109;32;6;13;1
109;32;6;22;2
109;32;6;23;1
109;32;6;40;1
109;32;6;44;1
109;32;6;95;9
109;32;6;96;8
109;32;6;1055;2
109;32;6;1144;8
109;32;6;1277;2
109;32;6;1301;3
109;32;6;1313;1
109;32;6;1314;2
109;32;6;1315;1
109;32;6;1322;1
109;32;6;1323;1
109;32;6;1331;2
109;32;6;1333;5
109;32;6;1399;1
109;32;6;1414;1
109;32;6;1511;1
109;32;6;1515;41
109;32;6;1520;1
109;32;6;1555;1
109;32;6;1800;1
109;32;6;2200;5
109;32;6;2211;2
109;32;6;2222;42
109;32;6;2255;1
109;32;6;2277;5
109;32;6;2299;4
109;32;6;2333;2
109;32;6;2518;2
109;32;6;2555;1
109;32;6;3030;1
109;32;6;4020;9
109;32;6;4040;8
109;32;6;4044;1
109;32;6;4055;10
109;32;6;4077;5
109;32;6;4343;1
109;32;6;4455;4
109;32;6;4515;1
109;32;6;5050;4
109;32;6;5511;9
109;32;6;5522;1
109;32;6;5533;3
109;32;6;5588;2
109;32;6;7700;1
109;32;6;7711;1
109;32;7;13;1
109;32;7;15;2
109;32;7;18;1
109;32;7;22;1
109;32;7;25;1
109;32;7;40;1
109;32;7;45;2
109;32;7;77;1
109;32;7;95;12
109;32;7;96;11
109;32;7;13000;1
109;32;7;13013;6
109;32;7;13123;2
109;32;7;13131;1
109;32;7;13132;3
109;32;7;13133;3
109;32;7;13234;1
109;32;7;13258;1
109;32;7;13333;1
109;32;7;13444;1
109;32;7;15333;29
109;32;7;22000;1
109;32;7;22022;19
109;32;7;22221;4
109;32;7;22222;15
109;32;7;22223;2
109;32;7;22580;2
109;32;7;22777;6
109;32;7;22888;1
109;32;7;33000;19
109;32;7;40123;1
109;32;7;40200;10
109;32;7;40234;8
109;32;7;40400;1
109;32;7;40555;11
109;32;7;40700;4
109;32;7;40777;1
109;32;7;40888;1
109;32;7;43640;3
109;32;7;45190;1
109;32;7;45450;1
109;32;7;45456;2
109;32;7;45678;1
109;32;7;50013;1
109;32;7;50555;6
109;32;7;55001;1
109;32;7;55111;1
109;32;7;55777;1
109;32;7;55888;1
109;32;7;77123;17
109;32;5;95;37
109;32;5;96;50
109;32;5;180;96
109;32;5;222;85
109;32;5;400;98
109;32;5;445;82
109;32;3;13;93
109;32;3;14;1
109;32;3;45;112
109;32;3;95;8
109;32;3;96;10
109;33;1;13;131
109;33;1;14;4
109;33;1;22;74
109;33;1;70;8
109;33;1;95;2
109;33;1;96;4
109;33;6;11;1
109;33;6;12;1
109;33;6;13;2
109;33;6;14;1
109;33;6;15;1
109;33;6;22;1
109;33;6;40;1
109;33;6;95;9
109;33;6;96;2
109;33;6;1010;1
109;33;6;1055;2
109;33;6;1144;8
109;33;6;1212;1
109;33;6;1234;1
109;33;6;1277;1
109;33;6;1301;4
109;33;6;1313;1
109;33;6;1315;1
109;33;6;1322;1
109;33;6;1331;3
109;33;6;1333;4
109;33;6;1399;3
109;33;6;1414;1
109;33;6;1515;48
109;33;6;1533;2
109;33;6;1555;1
109;33;6;2200;1
109;33;6;2211;2
109;33;6;2222;29
109;33;6;2244;1
109;33;6;2255;1
109;33;6;2277;1
109;33;6;2278;1
109;33;6;2288;5
109;33;6;2299;2
109;33;6;2518;1
109;33;6;4020;6
109;33;6;4040;9
109;33;6;4044;4
109;33;6;4055;16
109;33;6;4077;3
109;33;6;4422;2
109;33;6;4445;1
109;33;6;4455;1
109;33;6;4490;4
109;33;6;4555;2
109;33;6;4599;1
109;33;6;5050;5
109;33;6;5077;1
109;33;6;5511;13
109;33;6;5522;1
109;33;6;5533;2
109;33;6;5550;1
109;33;6;5555;1
109;33;6;6565;2
109;33;6;7788;2
109;33;7;12;2
109;33;7;13;2
109;33;7;15;2
109;33;7;18;4
109;33;7;22;3
109;33;7;40;4
109;33;7;44;2
109;33;7;95;11
109;33;7;96;9
109;33;7;10123;1
109;33;7;10333;1
109;33;7;13000;1
109;33;7;13013;8
109;33;7;13131;1
109;33;7;13132;3
109;33;7;13133;1
109;33;7;13222;1
109;33;7;13234;1
109;33;7;13258;2
109;33;7;13444;2
109;33;7;13789;1
109;33;7;15333;26
109;33;7;22000;1
109;33;7;22022;4
109;33;7;22190;1
109;33;7;22221;4
109;33;7;22222;14
109;33;7;22322;1
109;33;7;22777;3
109;33;7;22888;5
109;33;7;25555;1
109;33;7;33000;25
109;33;7;33111;1
109;33;7;33123;1
109;33;7;33789;1
109;33;7;40111;2
109;33;7;40200;6
109;33;7;40234;7
109;33;7;40444;1
109;33;7;40555;12
109;33;7;40700;2
109;33;7;44444;1
109;33;7;45190;1
109;33;7;45456;2
109;33;7;45678;2
109;33;7;45999;1
109;33;7;50013;3
109;33;7;50180;1
109;33;7;50555;7
109;33;7;55011;1
109;33;7;55111;1
109;33;7;55777;1
109;33;7;77123;20
109;33;7;77888;2
109;33;5;95;31
109;33;5;96;37
109;33;5;162;1
109;33;5;180;107
109;33;5;222;75
109;33;5;400;116
109;33;5;445;78
109;33;5;800;1
109;33;3;13;100
109;33;3;14;2
109;33;3;45;104
109;33;3;95;6
109;33;3;96;11
109;34;1;13;142
109;34;1;14;2
109;34;1;22;81
109;34;1;55;1
109;34;1;70;4
109;34;1;95;9
109;34;1;96;7
109;34;6;13;4
109;34;6;18;1
109;34;6;22;1
109;34;6;95;11
109;34;6;96;10
109;34;6;1010;3
109;34;6;1055;1
109;34;6;1144;15
109;34;6;1234;2
109;34;6;1277;1
109;34;6;1299;1
109;34;6;1301;3
109;34;6;1313;2
109;34;6;1314;2
109;34;6;1322;1
109;34;6;1323;1
109;34;6;1331;10
109;34;6;1333;1
109;34;6;1414;1
109;34;6;1515;36
109;34;6;1533;2
109;34;6;1544;1
109;34;6;1800;2
109;34;6;2030;1
109;34;6;2099;1
109;34;6;2211;1
109;34;6;2222;35
109;34;6;2255;2
109;34;6;2270;1
109;34;6;2277;1
109;34;6;2288;5
109;34;6;2299;2
109;34;6;2518;3
109;34;6;2525;2
109;34;6;2555;1
109;34;6;3300;1
109;34;6;4020;10
109;34;6;4040;11
109;34;6;4044;2
109;34;6;4055;10
109;34;6;4077;3
109;34;6;4343;1
109;34;6;4422;3
109;34;6;4433;2
109;34;6;4445;1
109;34;6;4455;1
109;34;6;4490;3
109;34;6;5050;7
109;34;6;5077;4
109;34;6;5511;12
109;34;6;5522;2
109;34;6;5533;3
109;34;6;5555;1
109;34;6;6565;2
109;34;7;10;1
109;34;7;12;1
109;34;7;13;2
109;34;7;15;2
109;34;7;18;2
109;34;7;22;1
109;34;7;40;2
109;34;7;44;1
109;34;7;45;1
109;34;7;95;16
109;34;7;96;12
109;34;7;10100;1
109;34;7;10123;1
109;34;7;10222;1
109;34;7;11100;1
109;34;7;13013;5
109;34;7;13113;1
109;34;7;13131;2
109;34;7;13132;2
109;34;7;13133;4
109;34;7;13180;2
109;34;7;13258;3
109;34;7;13700;2
109;34;7;15333;29
109;34;7;22000;1
109;34;7;22022;4
109;34;7;22190;2
109;34;7;22221;3
109;34;7;22222;13
109;34;7;22223;1
109;34;7;22580;1
109;34;7;22777;2
109;34;7;22888;4
109;34;7;25555;1
109;34;7;33000;19
109;34;7;33456;1
109;34;7;33789;2
109;34;7;40111;3
109;34;7;40123;1
109;34;7;40200;14
109;34;7;40234;9
109;34;7;40333;1
109;34;7;40456;3
109;34;7;40555;7
109;34;7;40700;2
109;34;7;40789;1
109;34;7;43640;2
109;34;7;44000;1
109;34;7;44456;2
109;34;7;45123;1
109;34;7;45190;1
109;34;7;45222;1
109;34;7;45456;1
109;34;7;45678;2
109;34;7;45999;1
109;34;7;50013;1
109;34;7;50180;1
109;34;7;50555;9
109;34;7;55011;3
109;34;7;55111;3
109;34;7;55777;1
109;34;7;77123;26
109;34;5;95;44
109;34;5;96;49
109;34;5;180;101
109;34;5;222;84
109;34;5;300;3
109;34;5;400;111
109;34;5;445;100
109;34;3;13;99
109;34;3;45;125
109;34;3;95;9
109;34;3;96;13
109;35;1;13;87
109;35;1;16;1
109;35;1;22;57
109;35;1;55;1
109;35;1;70;2
109;35;1;96;8
109;35;6;12;1
109;35;6;13;1
109;35;6;22;1
109;35;6;25;1
109;35;6;40;1
109;35;6;95;5
109;35;6;96;5
109;35;6;1010;3
109;35;6;1055;3
109;35;6;1144;5
109;35;6;1277;4
109;35;6;1299;1
109;35;6;1301;5
109;35;6;1314;1
109;35;6;1331;7
109;35;6;1399;1
109;35;6;1414;1
109;35;6;1511;1
109;35;6;1515;30
109;35;6;1520;1
109;35;6;1555;2
109;35;6;2200;3
109;35;6;2222;24
109;35;6;2277;1
109;35;6;2333;1
109;35;6;2525;1
109;35;6;2548;1
109;35;6;4020;9
109;35;6;4040;9
109;35;6;4044;2
109;35;6;4055;7
109;35;6;4077;5
109;35;6;4412;1
109;35;6;4433;1
109;35;6;5050;1
109;35;6;5511;6
109;35;6;5533;3
109;35;6;7788;1
109;35;7;13;1
109;35;7;15;1
109;35;7;18;3
109;35;7;22;1
109;35;7;33;1
109;35;7;40;3
109;35;7;95;6
109;35;7;96;5
109;35;7;10100;2
109;35;7;10123;1
109;35;7;13013;1
109;35;7;13111;1
109;35;7;13113;2
109;35;7;13131;2
109;35;7;13132;4
109;35;7;13133;1
109;35;7;13222;1
109;35;7;13234;1
109;35;7;13333;2
109;35;7;13444;1
109;35;7;13789;1
109;35;7;15333;17
109;35;7;22022;5
109;35;7;22190;2
109;35;7;22221;1
109;35;7;22222;10
109;35;7;22580;2
109;35;7;22777;2
109;35;7;25555;1
109;35;7;33000;11
109;35;7;33789;1
109;35;7;40123;1
109;35;7;40200;8
109;35;7;40234;9
109;35;7;40500;1
109;35;7;40555;7
109;35;7;40700;2
109;35;7;40777;2
109;35;7;43640;1
109;35;7;45123;2
109;35;7;45222;1
109;35;7;45456;1
109;35;7;45555;1
109;35;7;45678;2
109;35;7;45888;2
109;35;7;45999;1
109;35;7;50180;1
109;35;7;50500;1
109;35;7;50555;6
109;35;7;55011;1
109;35;7;55111;1
109;35;7;77123;11
109;35;7;77888;1
109;35;5;95;19
109;35;5;96;44
109;35;5;180;63
109;35;5;222;50
109;35;5;400;75
109;35;5;445;59
109;35;5;800;2
109;35;3;13;66
109;35;3;35;2
109;35;3;45;73
109;35;3;95;5
109;35;3;96;10
109;36;1;13;98
109;36;1;14;2
109;36;1;22;42
109;36;1;55;1
109;36;1;70;3
109;36;1;95;2
109;36;1;96;2
109;36;6;13;2
109;36;6;15;1
109;36;6;22;1
109;36;6;40;1
109;36;6;44;1
109;36;6;50;1
109;36;6;95;11
109;36;6;96;4
109;36;6;1010;2
109;36;6;1055;4
109;36;6;1144;9
109;36;6;1234;1
109;36;6;1277;1
109;36;6;1301;1
109;36;6;1313;1
109;36;6;1323;1
109;36;6;1331;5
109;36;6;1414;1
109;36;6;1511;1
109;36;6;1515;23
109;36;6;2200;1
109;36;6;2211;1
109;36;6;2222;18
109;36;6;2233;1
109;36;6;2277;1
109;36;6;2288;2
109;36;6;2299;2
109;36;6;2333;3
109;36;6;4001;1
109;36;6;4020;11
109;36;6;4040;5
109;36;6;4044;1
109;36;6;4055;6
109;36;6;4077;8
109;36;6;4400;1
109;36;6;4422;1
109;36;6;4455;2
109;36;6;4490;1
109;36;6;5050;1
109;36;6;5055;1
109;36;6;5511;4
109;36;6;5533;2
109;36;6;6565;2
109;36;6;7711;1
109;36;6;7788;1
109;36;7;18;1
109;36;7;22;2
109;36;7;40;2
109;36;7;44;1
109;36;7;45;1
109;36;7;50;1
109;36;7;77;1
109;36;7;95;9
109;36;7;96;3
109;36;7;10123;2
109;36;7;10444;1
109;36;7;10678;1
109;36;7;11111;1
109;36;7;13013;3
109;36;7;13113;1
109;36;7;13131;2
109;36;7;13132;2
109;36;7;13133;2
109;36;7;13333;3
109;36;7;13456;1
109;36;7;15000;1
109;36;7;15333;13
109;36;7;22022;4
109;36;7;22190;2
109;36;7;22221;2
109;36;7;22222;8
109;36;7;22322;1
109;36;7;22580;2
109;36;7;22777;2
109;36;7;22888;2
109;36;7;30222;1
109;36;7;33000;8
109;36;7;40111;2
109;36;7;40200;10
109;36;7;40234;11
109;36;7;40456;1
109;36;7;40500;1
109;36;7;40555;9
109;36;7;40700;2
109;36;7;45111;1
109;36;7;45123;1
109;36;7;45633;2
109;36;7;45777;1
109;36;7;50013;1
109;36;7;50500;1
109;36;7;50555;2
109;36;7;65656;1
109;36;7;77123;17
109;36;7;77888;1
109;36;5;95;28
109;36;5;96;25
109;36;5;162;1
109;36;5;180;74
109;36;5;222;44
109;36;5;400;74
109;36;5;445;52
109;36;5;800;2
109;36;3;13;77
109;36;3;45;64
109;36;3;80;1
109;36;3;95;3
109;36;3;96;5
109;37;1;13;103
109;37;1;14;3
109;37;1;22;43
109;37;1;55;4
109;37;1;70;1
109;37;1;80;2
109;37;1;95;4
109;37;1;96;6
109;37;6;12;1
109;37;6;13;2
109;37;6;15;1
109;37;6;18;1
109;37;6;95;6
109;37;6;96;4
109;37;6;1010;5
109;37;6;1055;5
109;37;6;1144;8
109;37;6;1301;3
109;37;6;1314;3
109;37;6;1331;1
109;37;6;1333;4
109;37;6;1399;7
109;37;6;1515;34
109;37;6;1533;1
109;37;6;2200;1
109;37;6;2211;2
109;37;6;2222;17
109;37;6;2244;2
109;37;6;2270;1
109;37;6;2278;1
109;37;6;2288;2
109;37;6;2299;2
109;37;6;2333;1
109;37;6;2518;2
109;37;6;4020;10
109;37;6;4040;1
109;37;6;4055;15
109;37;6;4077;1
109;37;6;4410;1
109;37;6;4422;2
109;37;6;4445;2
109;37;6;4490;1
109;37;6;4555;2
109;37;6;5050;1
109;37;6;5077;1
109;37;6;5511;7
109;37;6;5533;1
109;37;6;5555;1
109;37;6;6565;1
109;37;6;7788;1
109;37;6;8080;1
109;37;7;10;1
109;37;7;13;3
109;37;7;15;1
109;37;7;18;3
109;37;7;40;6
109;37;7;44;1
109;37;7;45;1
109;37;7;95;11
109;37;7;96;4
109;37;7;10100;2
109;37;7;10222;1
109;37;7;10333;1
109;37;7;10444;1
109;37;7;12123;1
109;37;7;13013;2
109;37;7;13113;2
109;37;7;13123;1
109;37;7;13131;4
109;37;7;13222;1
109;37;7;13234;1
109;37;7;13444;1
109;37;7;15333;25
109;37;7;22000;1
109;37;7;22022;5
109;37;7;22190;1
109;37;7;22222;8
109;37;7;22580;1
109;37;7;22777;1
109;37;7;22888;2
109;37;7;25555;3
109;37;7;25888;1
109;37;7;33000;4
109;37;7;33789;1
109;37;7;40114;1
109;37;7;40200;9
109;37;7;40234;9
109;37;7;40555;11
109;37;7;40700;1
109;37;7;40999;1
109;37;7;45111;2
109;37;7;45123;3
109;37;7;45190;1
109;37;7;45678;6
109;37;7;50013;1
109;37;7;50180;1
109;37;7;50555;3
109;37;7;55333;1
109;37;7;55888;1
109;37;7;77123;10
109;37;7;77888;2
109;37;7;80000;1
109;37;5;95;29
109;37;5;96;43
109;37;5;162;2
109;37;5;180;73
109;37;5;222;47
109;37;5;300;1
109;37;5;400;78
109;37;5;445;55
109;37;5;800;4
109;37;3;13;72
109;37;3;16;1
109;37;3;45;81
109;37;3;80;2
109;37;3;95;2
109;37;3;96;8
109;38;1;13;77
109;38;1;22;66
109;38;1;70;3
109;38;1;95;6
109;38;1;96;4
109;38;6;11;1
109;38;6;13;2
109;38;6;40;3
109;38;6;95;2
109;38;6;96;4
109;38;6;1000;1
109;38;6;1010;1
109;38;6;1055;2
109;38;6;1111;1
109;38;6;1144;8
109;38;6;1277;1
109;38;6;1301;3
109;38;6;1331;2
109;38;6;1333;2
109;38;6;1399;1
109;38;6;1512;1
109;38;6;1515;28
109;38;6;1800;1
109;38;6;2044;1
109;38;6;2099;1
109;38;6;2200;3
109;38;6;2211;1
109;38;6;2222;29
109;38;6;2270;1
109;38;6;2277;3
109;38;6;2288;1
109;38;6;2299;4
109;38;6;2333;2
109;38;6;2510;1
109;38;6;4001;1
109;38;6;4020;9
109;38;6;4040;3
109;38;6;4044;1
109;38;6;4055;7
109;38;6;4077;5
109;38;6;4422;1
109;38;6;4455;1
109;38;6;4555;2
109;38;6;5050;2
109;38;6;5077;3
109;38;6;5533;4
109;38;6;5555;1
109;38;6;5588;2
109;38;6;7711;2
109;38;6;7788;1
109;38;7;13;2
109;38;7;15;1
109;38;7;18;2
109;38;7;22;1
109;38;7;40;2
109;38;7;44;1
109;38;7;50;1
109;38;7;95;7
109;38;7;96;4
109;38;7;10100;2
109;38;7;10444;2
109;38;7;11111;1
109;38;7;13000;2
109;38;7;13013;2
109;38;7;13123;1
109;38;7;13131;2
109;38;7;13258;1
109;38;7;13333;1
109;38;7;13456;2
109;38;7;15333;14
109;38;7;22000;2
109;38;7;22022;5
109;38;7;22180;1
109;38;7;22221;4
109;38;7;22222;7
109;38;7;22522;1
109;38;7;22580;3
109;38;7;22777;3
109;38;7;22888;1
109;38;7;25555;1
109;38;7;33000;11
109;38;7;33111;1
109;38;7;40114;1
109;38;7;40200;11
109;38;7;40222;1
109;38;7;40234;12
109;38;7;40456;1
109;38;7;40555;7
109;38;7;40700;2
109;38;7;40888;1
109;38;7;40999;1
109;38;7;43640;1
109;38;7;45111;1
109;38;7;45645;1
109;38;7;45888;1
109;38;7;50013;2
109;38;7;50180;1
109;38;7;50555;3
109;38;7;55000;1
109;38;7;55125;1
109;38;7;77123;15
109;38;7;77888;1
109;38;5;95;21
109;38;5;96;35
109;38;5;162;1
109;38;5;180;62
109;38;5;222;59
109;38;5;400;68
109;38;5;445;64
109;38;5;800;2
109;38;3;13;65
109;38;3;14;1
109;38;3;45;78
109;38;3;95;2
109;38;3;96;10
109;39;1;13;94
109;39;1;14;2
109;39;1;22;83
109;39;1;55;2
109;39;1;70;2
109;39;1;95;4
109;39;1;96;3
109;39;6;13;1
109;39;6;22;1
109;39;6;40;1
109;39;6;45;1
109;39;6;77;1
109;39;6;95;9
109;39;6;96;3
109;39;6;1055;1
109;39;6;1144;12
109;39;6;1211;1
109;39;6;1234;1
109;39;6;1277;3
109;39;6;1301;6
109;39;6;1314;1
109;39;6;1322;1
109;39;6;1331;2
109;39;6;1333;2
109;39;6;1399;1
109;39;6;1515;26
109;39;6;1555;1
109;39;6;1577;1
109;39;6;2044;1
109;39;6;2200;3
109;39;6;2211;2
109;39;6;2222;34
109;39;6;2233;1
109;39;6;2255;1
109;39;6;2266;1
109;39;6;2270;2
109;39;6;2277;1
109;39;6;2288;1
109;39;6;2299;2
109;39;6;2333;2
109;39;6;4001;1
109;39;6;4020;11
109;39;6;4040;3
109;39;6;4044;2
109;39;6;4055;5
109;39;6;4077;6
109;39;6;4422;1
109;39;6;4445;1
109;39;6;4455;2
109;39;6;4490;12
109;39;6;5012;1
109;39;6;5050;2
109;39;6;5055;1
109;39;6;5077;2
109;39;6;5511;4
109;39;6;5522;1
109;39;6;5533;3
109;39;6;5555;1
109;39;6;6565;1
109;39;6;7788;1
109;39;7;12;1
109;39;7;13;2
109;39;7;18;4
109;39;7;22;1
109;39;7;40;4
109;39;7;45;1
109;39;7;95;8
109;39;7;96;4
109;39;7;10001;1
109;39;7;10123;1
109;39;7;10234;1
109;39;7;10678;1
109;39;7;11000;2
109;39;7;13013;4
109;39;7;13111;1
109;39;7;13132;3
109;39;7;13133;4
109;39;7;13222;1
109;39;7;13234;3
109;39;7;13333;2
109;39;7;13456;2
109;39;7;13888;1
109;39;7;15333;15
109;39;7;22000;1
109;39;7;22022;12
109;39;7;22190;13
109;39;7;22221;4
109;39;7;22222;10
109;39;7;22580;2
109;39;7;22777;1
109;39;7;22888;1
109;39;7;25555;1
109;39;7;33000;16
109;39;7;40000;1
109;39;7;40111;1
109;39;7;40114;1
109;39;7;40123;1
109;39;7;40200;12
109;39;7;40222;1
109;39;7;40234;8
109;39;7;40555;5
109;39;7;40700;2
109;39;7;45000;1
109;39;7;45123;3
109;39;7;45190;2
109;39;7;45456;2
109;39;7;45645;1
109;39;7;45800;1
109;39;7;45888;1
109;39;7;50555;4
109;39;7;55111;1
109;39;7;55333;1
109;39;7;65656;1
109;39;7;77123;9
109;39;7;77888;1
109;39;5;95;22
109;39;5;96;33
109;39;5;180;70
109;39;5;222;82
109;39;5;400;79
109;39;5;445;88
109;39;5;800;2
109;39;3;13;66
109;39;3;45;107
109;39;3;95;6
109;39;3;96;9
109;40;1;13;106
109;40;1;14;1
109;40;1;22;48
109;40;1;30;1
109;40;1;55;4
109;40;1;70;3
109;40;1;95;2
109;40;1;96;4
109;40;6;13;1
109;40;6;18;1
109;40;6;40;2
109;40;6;95;7
109;40;6;96;5
109;40;6;1010;3
109;40;6;1055;2
109;40;6;1144;9
109;40;6;1277;4
109;40;6;1301;4
109;40;6;1313;1
109;40;6;1315;1
109;40;6;1322;1
109;40;6;1331;4
109;40;6;1333;5
109;40;6;1515;28
109;40;6;1577;1
109;40;6;1800;1
109;40;6;2200;4
109;40;6;2222;23
109;40;6;2288;3
109;40;6;2299;1
109;40;6;2333;3
109;40;6;2518;1
109;40;6;4020;8
109;40;6;4040;7
109;40;6;4044;2
109;40;6;4055;12
109;40;6;4077;5
109;40;6;4455;2
109;40;6;4490;1
109;40;6;4499;1
109;40;6;4555;1
109;40;6;5050;3
109;40;6;5055;1
109;40;6;5077;1
109;40;6;5511;7
109;40;6;5555;2
109;40;6;6565;1
109;40;7;13;1
109;40;7;15;1
109;40;7;22;1
109;40;7;40;4
109;40;7;95;6
109;40;7;96;8
109;40;7;10100;1
109;40;7;10123;2
109;40;7;10222;1
109;40;7;10444;1
109;40;7;11000;1
109;40;7;13013;4
109;40;7;13131;1
109;40;7;13133;2
109;40;7;13333;1
109;40;7;13444;2
109;40;7;13456;1
109;40;7;15333;12
109;40;7;22000;3
109;40;7;22022;7
109;40;7;22190;2
109;40;7;22222;8
109;40;7;22580;2
109;40;7;22777;1
109;40;7;25555;1
109;40;7;30222;1
109;40;7;33000;13
109;40;7;33789;1
109;40;7;40111;1
109;40;7;40123;1
109;40;7;40200;8
109;40;7;40234;17
109;40;7;40444;1
109;40;7;40555;8
109;40;7;40700;2
109;40;7;40888;1
109;40;7;40999;2
109;40;7;45123;1
109;40;7;45190;1
109;40;7;45456;3
109;40;7;45555;1
109;40;7;45678;2
109;40;7;45999;5
109;40;7;50013;1
109;40;7;50180;1
109;40;7;50555;6
109;40;7;55024;1
109;40;7;55555;1
109;40;7;55777;1
109;40;7;55888;1
109;40;7;65656;1
109;40;7;77123;13
109;40;5;95;19
109;40;5;96;31
109;40;5;180;80
109;40;5;222;50
109;40;5;300;3
109;40;5;400;96
109;40;5;445;56
109;40;5;800;3
109;40;3;13;85
109;40;3;45;76
109;40;3;95;1
109;40;3;96;7
109;41;1;13;80
109;41;1;14;3
109;41;1;22;62
109;41;1;30;1
109;41;1;70;5
109;41;1;95;3
109;41;1;96;5
109;41;6;13;2
109;41;6;14;1
109;41;6;22;1
109;41;6;77;1
109;41;6;95;9
109;41;6;96;1
109;41;6;1055;2
109;41;6;1144;7
109;41;6;1277;1
109;41;6;1301;4
109;41;6;1312;1
109;41;6;1314;2
109;41;6;1331;5
109;41;6;1333;1
109;41;6;1400;2
109;41;6;1414;1
109;41;6;1515;32
109;41;6;2026;2
109;41;6;2200;2
109;41;6;2222;32
109;41;6;2277;1
109;41;6;2278;1
109;41;6;2288;3
109;41;6;2299;1
109;41;6;2518;1
109;41;6;3300;1
109;41;6;4001;2
109;41;6;4020;6
109;41;6;4040;4
109;41;6;4044;1
109;41;6;4055;7
109;41;6;4077;4
109;41;6;4422;1
109;41;6;4433;1
109;41;6;4444;1
109;41;6;5000;1
109;41;6;5050;4
109;41;6;5077;1
109;41;6;5511;3
109;41;6;5533;2
109;41;6;5555;1
109;41;6;7700;1
109;41;6;7711;2
109;41;7;13;2
109;41;7;15;1
109;41;7;20;1
109;41;7;22;1
109;41;7;25;1
109;41;7;40;2
109;41;7;44;1
109;41;7;45;1
109;41;7;77;1
109;41;7;95;12
109;41;7;96;2
109;41;7;10100;1
109;41;7;13013;5
109;41;7;13123;1
109;41;7;13132;3
109;41;7;13133;2
109;41;7;13222;2
109;41;7;13258;1
109;41;7;13444;2
109;41;7;13700;1
109;41;7;15333;15
109;41;7;22000;4
109;41;7;22022;4
109;41;7;22221;4
109;41;7;22222;13
109;41;7;22322;1
109;41;7;22777;2
109;41;7;22888;3
109;41;7;33000;16
109;41;7;33111;1
109;41;7;33789;3
109;41;7;40100;1
109;41;7;40200;9
109;41;7;40222;1
109;41;7;40234;8
109;41;7;40456;1
109;41;7;40555;3
109;41;7;40700;2
109;41;7;40777;1
109;41;7;40888;2
109;41;7;44111;1
109;41;7;44456;1
109;41;7;44555;1
109;41;7;45111;1
109;41;7;45123;2
109;41;7;45190;1
109;41;7;45222;1
109;41;7;45800;1
109;41;7;45999;2
109;41;7;50555;6
109;41;7;77123;5
109;41;5;95;23
109;41;5;96;37
109;41;5;180;62
109;41;5;222;62
109;41;5;300;1
109;41;5;400;72
109;41;5;445;60
109;41;5;800;1
109;41;3;13;66
109;41;3;45;77
109;41;3;95;7
109;41;3;96;9
109;42;1;13;132
109;42;1;14;7
109;42;1;22;86
109;42;1;55;3
109;42;1;70;5
109;42;1;80;1
109;42;1;95;3
109;42;1;96;10
109;42;6;12;1
109;42;6;13;2
109;42;6;44;3
109;42;6;95;11
109;42;6;96;9
109;42;6;1000;2
109;42;6;1010;2
109;42;6;1055;3
109;42;6;1111;2
109;42;6;1144;10
109;42;6;1267;1
109;42;6;1277;1
109;42;6;1301;5
109;42;6;1322;1
109;42;6;1331;5
109;42;6;1333;1
109;42;6;1399;1
109;42;6;1515;43
109;42;6;1533;1
109;42;6;1555;1
109;42;6;2200;2
109;42;6;2211;1
109;42;6;2222;59
109;42;6;2244;3
109;42;6;2252;2
109;42;6;2278;1
109;42;6;2288;3
109;42;6;2299;6
109;42;6;2333;3
109;42;6;3007;1
109;42;6;4001;1
109;42;6;4020;10
109;42;6;4040;7
109;42;6;4044;2
109;42;6;4055;12
109;42;6;4077;3
109;42;6;4343;3
109;42;6;4422;1
109;42;6;4433;1
109;42;6;4445;1
109;42;6;4455;1
109;42;6;4477;1
109;42;6;4490;2
109;42;6;4555;1
109;42;6;4578;1
109;42;6;5050;1
109;42;6;5055;1
109;42;6;5099;1
109;42;6;5511;5
109;42;6;5533;2
109;42;6;5588;2
109;42;6;6565;2
109;42;7;10;1
109;42;7;13;2
109;42;7;15;2
109;42;7;18;3
109;42;7;22;6
109;42;7;33;1
109;42;7;40;3
109;42;7;44;3
109;42;7;55;1
109;42;7;95;14
109;42;7;96;7
109;42;7;10100;1
109;42;7;10123;2
109;42;7;11111;2
109;42;7;13013;8
109;42;7;13113;2
109;42;7;13123;1
109;42;7;13131;2
109;42;7;13132;2
109;42;7;13133;1
109;42;7;13222;1
109;42;7;13444;1
109;42;7;15333;23
109;42;7;22000;1
109;42;7;22022;6
109;42;7;22190;2
109;42;7;22220;1
109;42;7;22221;3
109;42;7;22222;20
109;42;7;22223;1
109;42;7;22322;1
109;42;7;22580;4
109;42;7;22762;1
109;42;7;22777;3
109;42;7;22888;3
109;42;7;25555;1
109;42;7;30222;4
109;42;7;30300;1
109;42;7;30330;1
109;42;7;33000;9
109;42;7;33111;1
109;42;7;33123;1
109;42;7;40000;1
109;42;7;40123;1
109;42;7;40200;11
109;42;7;40234;17
109;42;7;40456;2
109;42;7;40555;9
109;42;7;40700;7
109;42;7;40999;1
109;42;7;44111;1
109;42;7;44545;1
109;42;7;45111;2
109;42;7;45123;1
109;42;7;45222;1
109;42;7;45678;2
109;42;7;45999;1
109;42;7;50013;2
109;42;7;50555;6
109;42;7;55000;1
109;42;7;55888;1
109;42;7;77123;26
109;42;5;95;25
109;42;5;96;58
109;42;5;180;98
109;42;5;222;90
109;42;5;300;2
109;42;5;400;117
109;42;5;445;103
109;42;5;800;1
109;42;3;13;106
109;42;3;45;121
109;42;3;95;3
109;42;3;96;17
109;43;1;13;155
109;43;1;14;4
109;43;1;22;82
109;43;1;70;6
109;43;1;95;2
109;43;1;96;3
109;43;6;13;1
109;43;6;15;1
109;43;6;18;1
109;43;6;77;1
109;43;6;95;8
109;43;6;96;7
109;43;6;1010;1
109;43;6;1055;2
109;43;6;1144;12
109;43;6;1256;2
109;43;6;1299;1
109;43;6;1301;8
109;43;6;1314;1
109;43;6;1323;3
109;43;6;1331;4
109;43;6;1333;3
109;43;6;1370;1
109;43;6;1399;1
109;43;6;1515;38
109;43;6;1555;2
109;43;6;1800;1
109;43;6;2044;1
109;43;6;2200;3
109;43;6;2211;3
109;43;6;2222;48
109;43;6;2277;2
109;43;6;2278;1
109;43;6;2288;5
109;43;6;2299;3
109;43;6;2333;2
109;43;6;2518;1
109;43;6;4001;1
109;43;6;4010;1
109;43;6;4020;11
109;43;6;4040;10
109;43;6;4044;1
109;43;6;4055;19
109;43;6;4077;9
109;43;6;4422;2
109;43;6;4444;2
109;43;6;4490;2
109;43;6;4500;1
109;43;6;4555;1
109;43;6;5018;1
109;43;6;5050;4
109;43;6;5077;2
109;43;6;5511;8
109;43;6;5533;2
109;43;6;5588;2
109;43;6;6565;2
109;43;6;7777;1
109;43;6;7788;2
109;43;7;11;1
109;43;7;13;1
109;43;7;15;2
109;43;7;18;6
109;43;7;22;3
109;43;7;25;1
109;43;7;33;1
109;43;7;40;2
109;43;7;44;1
109;43;7;77;1
109;43;7;95;12
109;43;7;96;8
109;43;7;10100;1
109;43;7;10123;1
109;43;7;10444;1
109;43;7;10678;1
109;43;7;11555;1
109;43;7;13000;3
109;43;7;13003;1
109;43;7;13013;5
109;43;7;13123;2
109;43;7;13131;2
109;43;7;13132;3
109;43;7;13133;1
109;43;7;13180;1
109;43;7;13258;1
109;43;7;13333;3
109;43;7;13456;1
109;43;7;15333;21
109;43;7;22022;13
109;43;7;22190;4
109;43;7;22221;6
109;43;7;22222;18
109;43;7;22322;1
109;43;7;22555;1
109;43;7;22580;2
109;43;7;22762;1
109;43;7;22777;2
109;43;7;25555;1
109;43;7;33000;15
109;43;7;40000;1
109;43;7;40111;2
109;43;7;40200;7
109;43;7;40234;17
109;43;7;40555;15
109;43;7;40700;3
109;43;7;40777;2
109;43;7;40999;1
109;43;7;44444;1
109;43;7;45000;2
109;43;7;45045;1
109;43;7;45633;1
109;43;7;45678;1
109;43;7;45999;2
109;43;7;50013;1
109;43;7;50180;2
109;43;7;50555;5
109;43;7;55555;1
109;43;7;55777;1
109;43;7;55888;1
109;43;7;77123;31
109;43;7;77888;2
109;43;5;95;35
109;43;5;96;50
109;43;5;162;1
109;43;5;180;113
109;43;5;222;80
109;43;5;300;1
109;43;5;400;128
109;43;5;445;94
109;43;5;800;2
109;43;3;13;124
109;43;3;45;110
109;43;3;95;8
109;43;3;96;10
109;44;1;13;184
109;44;1;14;3
109;44;1;22;49
109;44;1;55;4
109;44;1;70;7
109;44;1;95;5
109;44;1;96;12
109;44;6;10;1
109;44;6;12;1
109;44;6;13;2
109;44;6;15;3
109;44;6;22;1
109;44;6;40;1
109;44;6;44;1
109;44;6;77;1
109;44;6;95;23
109;44;6;96;11
109;44;6;1010;4
109;44;6;1055;4
109;44;6;1144;7
109;44;6;1200;3
109;44;6;1277;4
109;44;6;1301;1
109;44;6;1313;1
109;44;6;1323;9
109;44;6;1331;1
109;44;6;1333;3
109;44;6;1388;1
109;44;6;1399;2
109;44;6;1515;69
109;44;6;1555;1
109;44;6;1800;3
109;44;6;2200;2
109;44;6;2211;1
109;44;6;2212;3
109;44;6;2222;27
109;44;6;2244;1
109;44;6;2277;2
109;44;6;2278;2
109;44;6;2299;5
109;44;6;2518;3
109;44;6;2555;1
109;44;6;2580;1
109;44;6;4010;1
109;44;6;4020;9
109;44;6;4040;2
109;44;6;4055;18
109;44;6;4077;9
109;44;6;4422;2
109;44;6;4545;1
109;44;6;5050;4
109;44;6;5077;1
109;44;6;5511;3
109;44;6;5533;5
109;44;6;5588;2
109;44;6;6565;1
109;44;7;10;1
109;44;7;12;1
109;44;7;13;3
109;44;7;15;5
109;44;7;18;5
109;44;7;40;12
109;44;7;44;3
109;44;7;45;1
109;44;7;95;24
109;44;7;96;10
109;44;7;10010;1
109;44;7;10100;4
109;44;7;10123;1
109;44;7;10222;2
109;44;7;10234;2
109;44;7;10333;1
109;44;7;10444;1
109;44;7;11111;1
109;44;7;13013;1
109;44;7;13123;2
109;44;7;13131;1
109;44;7;13132;3
109;44;7;13133;1
109;44;7;13333;15
109;44;7;13444;2
109;44;7;13789;2
109;44;7;13999;2
109;44;7;15000;1
109;44;7;15333;39
109;44;7;22022;3
109;44;7;22221;1
109;44;7;22222;11
109;44;7;22223;1
109;44;7;22777;4
109;44;7;25555;1
109;44;7;33000;17
109;44;7;33111;2
109;44;7;40200;5
109;44;7;40222;1
109;44;7;40234;9
109;44;7;40555;14
109;44;7;40700;5
109;44;7;40777;1
109;44;7;40999;1
109;44;7;44222;1
109;44;7;44456;1
109;44;7;45645;1
109;44;7;45678;1
109;44;7;45888;1
109;44;7;45999;2
109;44;7;50555;4
109;44;7;77123;30
109;44;5;95;49
109;44;5;96;81
109;44;5;180;138
109;44;5;222;56
109;44;5;400;136
109;44;5;445;66
109;44;5;800;2
109;44;3;13;143
109;44;3;14;2
109;44;3;45;87
109;44;3;95;10
109;44;3;96;22
109;45;1;13;152
109;45;1;22;30
109;45;1;55;2
109;45;1;70;5
109;45;1;80;1
109;45;1;95;3
109;45;1;96;12
109;45;6;10;1
109;45;6;11;2
109;45;6;12;1
109;45;6;13;2
109;45;6;15;1
109;45;6;18;1
109;45;6;23;1
109;45;6;44;1
109;45;6;55;1
109;45;6;95;10
109;45;6;96;8
109;45;6;1010;1
109;45;6;1144;15
109;45;6;1234;1
109;45;6;1277;1
109;45;6;1313;2
109;45;6;1314;1
109;45;6;1323;4
109;45;6;1331;4
109;45;6;1333;1
109;45;6;1399;1
109;45;6;1515;74
109;45;6;1555;1
109;45;6;2040;1
109;45;6;2222;10
109;45;6;2234;1
109;45;6;2277;2
109;45;6;2278;1
109;45;6;2288;1
109;45;6;2299;1
109;45;6;2333;2
109;45;6;2525;6
109;45;6;2555;1
109;45;6;3000;1
109;45;6;3300;1
109;45;6;4000;1
109;45;6;4001;1
109;45;6;4020;11
109;45;6;4040;3
109;45;6;4044;3
109;45;6;4055;14
109;45;6;4077;3
109;45;6;5050;2
109;45;6;5511;1
109;45;6;6565;1
109;45;6;7711;1
109;45;6;7788;1
109;45;7;13;3
109;45;7;18;7
109;45;7;40;5
109;45;7;44;1
109;45;7;45;2
109;45;7;55;1
109;45;7;95;12
109;45;7;96;7
109;45;7;10123;1
109;45;7;12002;1
109;45;7;12123;1
109;45;7;13000;1
109;45;7;13013;3
109;45;7;13113;3
109;45;7;13131;1
109;45;7;13132;2
109;45;7;13133;16
109;45;7;13333;10
109;45;7;15333;16
109;45;7;22221;5
109;45;7;22222;2
109;45;7;22322;1
109;45;7;22580;3
109;45;7;22777;3
109;45;7;25555;1
109;45;7;33000;39
109;45;7;33111;2
109;45;7;33300;1
109;45;7;40200;4
109;45;7;40234;3
109;45;7;40555;6
109;45;7;45123;2
109;45;7;45190;1
109;45;7;45888;1
109;45;7;50180;1
109;45;7;50555;1
109;45;7;77123;36
109;45;5;95;25
109;45;5;96;73
109;45;5;180;108
109;45;5;222;34
109;45;5;400;125
109;45;5;445;45
109;45;3;13;111
109;45;3;45;64
109;45;3;95;4
109;45;3;96;26
109;46;1;13;105
109;46;1;14;2
109;46;1;22;41
109;46;1;55;3
109;46;1;70;1
109;46;1;95;1
109;46;1;96;2
109;46;6;13;1
109;46;6;40;2
109;46;6;95;4
109;46;6;96;5
109;46;6;1144;20
109;46;6;1234;1
109;46;6;1290;2
109;46;6;1313;2
109;46;6;1314;1
109;46;6;1323;9
109;46;6;1331;4
109;46;6;1333;2
109;46;6;1515;42
109;46;6;1555;1
109;46;6;2222;14
109;46;6;2525;1
109;46;6;3300;1
109;46;6;4000;1
109;46;6;4020;9
109;46;6;4055;16
109;46;6;4077;4
109;46;6;4422;2
109;46;6;4444;1
109;46;6;4455;1
109;46;6;5050;2
109;46;6;5077;1
109;46;6;5511;1
109;46;6;5532;1
109;46;6;5588;1
109;46;6;7030;1
109;46;6;7700;1
109;46;6;7711;1
109;46;7;13;1
109;46;7;15;2
109;46;7;18;5
109;46;7;33;2
109;46;7;40;2
109;46;7;44;1
109;46;7;45;1
109;46;7;77;1
109;46;7;95;3
109;46;7;96;4
109;46;7;10222;1
109;46;7;13000;1
109;46;7;13013;1
109;46;7;13113;1
109;46;7;13132;11
109;46;7;13133;4
109;46;7;13234;1
109;46;7;13333;4
109;46;7;13999;1
109;46;7;15333;6
109;46;7;22221;5
109;46;7;22222;3
109;46;7;22888;1
109;46;7;33000;27
109;46;7;33111;1
109;46;7;33456;1
109;46;7;40140;2
109;46;7;40200;6
109;46;7;40222;2
109;46;7;40234;1
109;46;7;40555;8
109;46;7;40777;2
109;46;7;40999;1
109;46;7;44444;1
109;46;7;44456;1
109;46;7;45000;1
109;46;7;45123;3
109;46;7;45200;1
109;46;7;50555;1
109;46;7;55111;1
109;46;7;77123;32
109;46;7;77888;1
109;46;5;95;9
109;46;5;96;26
109;46;5;180;81
109;46;5;222;37
109;46;5;300;1
109;46;5;400;99
109;46;5;445;57
109;46;3;13;94
109;46;3;14;1
109;46;3;45;52
109;46;3;95;2
109;46;3;96;6
109;47;1;13;151
109;47;1;14;5
109;47;1;22;104
109;47;1;30;1
109;47;1;55;3
109;47;1;70;9
109;47;1;95;5
109;47;1;96;5
109;47;6;11;1
109;47;6;12;1
109;47;6;13;4
109;47;6;22;1
109;47;6;45;1
109;47;6;77;1
109;47;6;80;1
109;47;6;95;15
109;47;6;96;8
109;47;6;1000;1
109;47;6;1001;1
109;47;6;1010;4
109;47;6;1022;1
109;47;6;1055;2
109;47;6;1111;1
109;47;6;1144;11
109;47;6;1212;2
109;47;6;1233;1
109;47;6;1301;5
109;47;6;1313;1
109;47;6;1314;3
109;47;6;1315;1
109;47;6;1323;3
109;47;6;1331;3
109;47;6;1333;2
109;47;6;1500;1
109;47;6;1502;1
109;47;6;1515;44
109;47;6;1555;2
109;47;6;2026;1
109;47;6;2200;1
109;47;6;2211;1
109;47;6;2222;60
109;47;6;2277;2
109;47;6;2278;1
109;47;6;2288;10
109;47;6;2299;1
109;47;6;2518;4
109;47;6;2555;1
109;47;6;3022;1
109;47;6;3300;1
109;47;6;4001;2
109;47;6;4010;1
109;47;6;4020;13
109;47;6;4040;3
109;47;6;4044;4
109;47;6;4055;19
109;47;6;4077;5
109;47;6;4343;2
109;47;6;4422;2
109;47;6;4445;2
109;47;6;4455;1
109;47;6;4555;1
109;47;6;5018;1
109;47;6;5050;2
109;47;6;5077;3
109;47;6;5511;7
109;47;6;5522;1
109;47;6;5533;2
109;47;6;5555;1
109;47;6;5588;2
109;47;6;6565;1
109;47;6;7788;1
109;47;7;13;3
109;47;7;18;5
109;47;7;22;4
109;47;7;40;2
109;47;7;44;1
109;47;7;77;1
109;47;7;95;20
109;47;7;96;9
109;47;7;10010;1
109;47;7;10100;2
109;47;7;10123;3
109;47;7;10222;1
109;47;7;10444;1
109;47;7;10678;1
109;47;7;11111;1
109;47;7;12123;3
109;47;7;13000;1
109;47;7;13013;6
109;47;7;13113;2
109;47;7;13131;2
109;47;7;13133;5
109;47;7;13222;1
109;47;7;13234;1
109;47;7;13333;3
109;47;7;15333;29
109;47;7;22000;1
109;47;7;22022;5
109;47;7;22130;1
109;47;7;22190;2
109;47;7;22221;8
109;47;7;22222;19
109;47;7;22444;2
109;47;7;22762;1
109;47;7;22777;6
109;47;7;22888;7
109;47;7;30222;1
109;47;7;33000;16
109;47;7;33111;1
109;47;7;33456;1
109;47;7;40000;1
109;47;7;40110;1
109;47;7;40111;2
109;47;7;40114;1
109;47;7;40140;1
109;47;7;40200;7
109;47;7;40222;3
109;47;7;40234;11
109;47;7;40555;12
109;47;7;40700;3
109;47;7;40777;2
109;47;7;43640;1
109;47;7;44111;1
109;47;7;44456;1
109;47;7;44810;1
109;47;7;45111;1
109;47;7;45123;2
109;47;7;45555;1
109;47;7;45678;4
109;47;7;45800;1
109;47;7;45888;1
109;47;7;45999;2
109;47;7;50013;4
109;47;7;50180;1
109;47;7;50555;7
109;47;7;55111;2
109;47;7;55555;1
109;47;7;55888;3
109;47;7;77123;25
109;47;7;77888;1
109;47;5;95;41
109;47;5;96;56
109;47;5;180;113
109;47;5;222;111
109;47;5;400;124
109;47;5;445;117
109;47;5;800;4
109;47;3;13;123
109;47;3;14;1
109;47;3;45;139
109;47;3;95;3
109;47;3;96;17
109;48;1;13;175
109;48;1;14;6
109;48;1;16;1
109;48;1;22;87
109;48;1;55;1
109;48;1;70;12
109;48;1;95;7
109;48;1;96;5
109;48;6;12;1
109;48;6;13;2
109;48;6;14;1
109;48;6;15;1
109;48;6;22;1
109;48;6;40;2
109;48;6;50;1
109;48;6;95;19
109;48;6;96;7
109;48;6;1000;1
109;48;6;1010;8
109;48;6;1055;5
109;48;6;1111;2
109;48;6;1144;13
109;48;6;1277;3
109;48;6;1301;3
109;48;6;1313;2
109;48;6;1315;1
109;48;6;1322;1
109;48;6;1323;3
109;48;6;1331;9
109;48;6;1333;2
109;48;6;1399;3
109;48;6;1515;54
109;48;6;2099;1
109;48;6;2200;2
109;48;6;2212;1
109;48;6;2222;53
109;48;6;2233;2
109;48;6;2244;3
109;48;6;2252;1
109;48;6;2255;1
109;48;6;2277;4
109;48;6;2278;1
109;48;6;2288;8
109;48;6;2299;3
109;48;6;4001;1
109;48;6;4020;15
109;48;6;4040;4
109;48;6;4044;3
109;48;6;4055;12
109;48;6;4077;12
109;48;6;4410;1
109;48;6;4422;1
109;48;6;4444;1
109;48;6;4455;1
109;48;6;4490;1
109;48;6;5050;3
109;48;6;5077;2
109;48;6;5099;1
109;48;6;5511;2
109;48;6;5533;1
109;48;6;5555;1
109;48;6;5588;4
109;48;6;7700;2
109;48;6;7777;1
109;48;7;11;1
109;48;7;13;2
109;48;7;15;5
109;48;7;18;4
109;48;7;22;1
109;48;7;40;2
109;48;7;95;28
109;48;7;96;7
109;48;7;10100;2
109;48;7;10123;2
109;48;7;13000;1
109;48;7;13013;4
109;48;7;13123;3
109;48;7;13131;2
109;48;7;13132;3
109;48;7;13133;1
109;48;7;13234;2
109;48;7;13333;3
109;48;7;13444;1
109;48;7;13700;3
109;48;7;13789;1
109;48;7;15222;1
109;48;7;15333;24
109;48;7;22022;7
109;48;7;22190;1
109;48;7;22221;10
109;48;7;22222;16
109;48;7;22223;2
109;48;7;22322;1
109;48;7;22522;1
109;48;7;22580;2
109;48;7;22777;5
109;48;7;22888;4
109;48;7;25555;3
109;48;7;25888;1
109;48;7;30111;1
109;48;7;30222;1
109;48;7;33000;25
109;48;7;33111;1
109;48;7;40000;1
109;48;7;40100;1
109;48;7;40111;3
109;48;7;40200;17
109;48;7;40234;15
109;48;7;40500;1
109;48;7;40555;13
109;48;7;40600;1
109;48;7;40700;4
109;48;7;40777;2
109;48;7;40789;1
109;48;7;40999;1
109;48;7;43640;2
109;48;7;44111;1
109;48;7;45000;1
109;48;7;45111;2
109;48;7;45123;2
109;48;7;45190;1
109;48;7;45200;1
109;48;7;45678;3
109;48;7;45800;1
109;48;7;45888;1
109;48;7;45999;4
109;48;7;50013;4
109;48;7;50180;1
109;48;7;50555;5
109;48;7;55777;1
109;48;7;55888;1
109;48;7;77123;18
109;48;7;80000;1
109;48;5;95;60
109;48;5;96;53
109;48;5;162;1
109;48;5;180;133
109;48;5;222;95
109;48;5;400;141
109;48;5;445;101
109;48;5;800;4
109;48;3;13;145
109;48;3;14;1
109;48;3;45;123
109;48;3;95;13
109;48;3;96;12
109;49;1;13;198
109;49;1;14;3
109;49;1;22;79
109;49;1;55;4
109;49;1;70;4
109;49;1;95;5
109;49;1;96;14
109;49;6;11;1
109;49;6;12;1
109;49;6;13;2
109;49;6;15;3
109;49;6;18;1
109;49;6;33;1
109;49;6;40;1
109;49;6;44;1
109;49;6;95;20
109;49;6;96;13
109;49;6;1000;1
109;49;6;1010;1
109;49;6;1055;6
109;49;6;1144;38
109;49;6;1277;2
109;49;6;1301;5
109;49;6;1312;2
109;49;6;1314;1
109;49;6;1322;3
109;49;6;1323;8
109;49;6;1331;1
109;49;6;1511;1
109;49;6;1515;104
109;49;6;1533;1
109;49;6;2222;37
109;49;6;2244;1
109;49;6;2277;6
109;49;6;2288;2
109;49;6;3300;3
109;49;6;4020;9
109;49;6;4040;1
109;49;6;4044;1
109;49;6;4055;13
109;49;6;4077;3
109;49;6;4422;1
109;49;6;4490;2
109;49;6;4500;1
109;49;6;4522;1
109;49;6;4545;1
109;49;6;5511;3
109;49;6;5533;2
109;49;6;5555;1
109;49;6;5588;1
109;49;7;10;1
109;49;7;12;1
109;49;7;13;6
109;49;7;15;7
109;49;7;18;10
109;49;7;22;1
109;49;7;23;1
109;49;7;33;2
109;49;7;40;5
109;49;7;44;2
109;49;7;95;26
109;49;7;96;14
109;49;7;10100;1
109;49;7;10444;1
109;49;7;12123;1
109;49;7;13013;1
109;49;7;13123;36
109;49;7;13131;6
109;49;7;13132;1
109;49;7;13133;1
109;49;7;13333;5
109;49;7;13456;1
109;49;7;15222;1
109;49;7;15333;40
109;49;7;22022;2
109;49;7;22221;5
109;49;7;22222;14
109;49;7;22777;5
109;49;7;22888;2
109;49;7;33000;41
109;49;7;40000;1
109;49;7;40100;1
109;49;7;40200;40
109;49;7;40234;4
109;49;7;40400;1
109;49;7;40555;5
109;49;7;45111;1
109;49;7;45123;1
109;49;7;45190;2
109;49;7;50013;1
109;49;7;50555;1
109;49;7;55777;1
109;49;7;77123;8
109;49;5;95;57
109;49;5;96;98
109;49;5;180;134
109;49;5;222;91
109;49;5;300;1
109;49;5;400;140
109;49;5;445;93
109;49;3;13;156
109;49;3;45;113
109;49;3;95;12
109;49;3;96;26
109;50;1;13;146
109;50;1;14;3
109;50;1;22;69
109;50;1;55;2
109;50;1;70;1
109;50;1;95;4
109;50;1;96;12
109;50;6;15;2
109;50;6;40;1
109;50;6;44;1
109;50;6;77;3
109;50;6;95;12
109;50;6;96;1
109;50;6;1000;1
109;50;6;1055;1
109;50;6;1111;2
109;50;6;1144;10
109;50;6;1233;1
109;50;6;1301;2
109;50;6;1311;1
109;50;6;1313;1
109;50;6;1323;5
109;50;6;1331;5
109;50;6;1370;1
109;50;6;1511;3
109;50;6;1515;82
109;50;6;1533;2
109;50;6;1555;1
109;50;6;2200;2
109;50;6;2222;29
109;50;6;2233;1
109;50;6;2277;7
109;50;6;2288;9
109;50;6;2299;11
109;50;6;2518;1
109;50;6;4020;4
109;50;6;4040;3
109;50;6;4044;2
109;50;6;4055;6
109;50;6;4411;1
109;50;6;4433;1
109;50;6;4477;1
109;50;6;4490;9
109;50;6;5511;7
109;50;6;5555;4
109;50;6;5588;1
109;50;7;10;1
109;50;7;13;1
109;50;7;15;1
109;50;7;18;6
109;50;7;22;1
109;50;7;33;3
109;50;7;40;2
109;50;7;44;4
109;50;7;45;1
109;50;7;95;13
109;50;7;96;3
109;50;7;10333;1
109;50;7;12123;3
109;50;7;13123;1
109;50;7;13131;1
109;50;7;13132;5
109;50;7;13333;5
109;50;7;13444;1
109;50;7;13789;2
109;50;7;15333;57
109;50;7;15555;1
109;50;7;20000;1
109;50;7;22022;1
109;50;7;22221;5
109;50;7;22222;3
109;50;7;22322;1
109;50;7;22580;1
109;50;7;22777;13
109;50;7;22888;13
109;50;7;33000;12
109;50;7;33789;1
109;50;7;40000;1
109;50;7;40111;1
109;50;7;40200;2
109;50;7;40234;1
109;50;7;40555;4
109;50;7;45190;4
109;50;7;45678;2
109;50;7;55888;2
109;50;7;77123;56
109;50;5;95;31
109;50;5;96;65
109;50;5;162;1
109;50;5;180;106
109;50;5;222;66
109;50;5;300;2
109;50;5;400;124
109;50;5;445;79
109;50;3;13;121
109;50;3;14;1
109;50;3;45;92
109;50;3;95;11
109;50;3;96;12
109;51;1;13;169
109;51;1;14;2
109;51;1;22;40
109;51;1;55;4
109;51;1;70;7
109;51;1;95;2
109;51;1;96;35
109;51;6;10;1
109;51;6;11;1
109;51;6;13;2
109;51;6;14;1
109;51;6;18;2
109;51;6;77;1
109;51;6;95;6
109;51;6;96;12
109;51;6;1001;1
109;51;6;1010;1
109;51;6;1055;2
109;51;6;1111;2
109;51;6;1144;62
109;51;6;1245;1
109;51;6;1277;1
109;51;6;1301;1
109;51;6;1313;1
109;51;6;1314;7
109;51;6;1322;1
109;51;6;1323;6
109;51;6;1331;1
109;51;6;1333;1
109;51;6;1515;74
109;51;6;2222;23
109;51;6;2277;2
109;51;6;2278;4
109;51;6;2288;1
109;51;6;2299;2
109;51;6;3300;1
109;51;6;4011;2
109;51;6;4020;7
109;51;6;4044;4
109;51;6;4077;3
109;51;6;4444;1
109;51;6;4455;1
109;51;6;4490;1
109;51;6;4555;1
109;51;6;4578;1
109;51;6;5099;1
109;51;6;5511;1
109;51;6;5588;9
109;51;6;6565;1
109;51;6;7711;1
109;51;6;7777;3
109;51;6;7788;1
109;51;7;10;1
109;51;7;11;1
109;51;7;13;2
109;51;7;15;4
109;51;7;18;14
109;51;7;22;4
109;51;7;33;1
109;51;7;40;2
109;51;7;44;2
109;51;7;77;5
109;51;7;95;7
109;51;7;96;14
109;51;7;10222;1
109;51;7;10333;1
109;51;7;11111;2
109;51;7;11456;1
109;51;7;12123;2
109;51;7;13132;1
109;51;7;13133;1
109;51;7;13333;4
109;51;7;13456;1
109;51;7;15111;1
109;51;7;15333;18
109;51;7;22221;1
109;51;7;22222;10
109;51;7;22777;2
109;51;7;33000;31
109;51;7;40200;2
109;51;7;40234;1
109;51;7;40777;1
109;51;7;45555;1
109;51;7;45678;7
109;51;7;45999;3
109;51;7;50013;1
109;51;7;55888;8
109;51;7;55999;1
109;51;7;77123;100
109;51;5;95;20
109;51;5;96;121
109;51;5;180;114
109;51;5;222;63
109;51;5;300;4
109;51;5;400;126
109;51;5;445;70
109;51;3;13;138
109;51;3;14;3
109;51;3;45;75
109;51;3;95;4
109;51;3;96;39
109;52;1;13;160
109;52;1;14;1
109;52;1;22;69
109;52;1;28;1
109;52;1;55;1
109;52;1;70;1
109;52;1;95;6
109;52;1;96;13
109;52;6;10;1
109;52;6;12;1
109;52;6;13;3
109;52;6;15;2
109;52;6;22;1
109;52;6;40;2
109;52;6;44;2
109;52;6;45;1
109;52;6;95;11
109;52;6;96;4
109;52;6;1010;1
109;52;6;1055;2
109;52;6;1144;20
109;52;6;1313;1
109;52;6;1314;1
109;52;6;1323;14
109;52;6;1331;2
109;52;6;1333;6
109;52;6;1512;1
109;52;6;1515;47
109;52;6;1555;1
109;52;6;2040;2
109;52;6;2222;24
109;52;6;2233;1
109;52;6;2244;1
109;52;6;2270;1
109;52;6;2277;1
109;52;6;2288;23
109;52;6;2518;1
109;52;6;2580;1
109;52;6;3300;3
109;52;6;4020;49
109;52;6;4044;3
109;52;6;4055;3
109;52;6;4077;6
109;52;6;4545;1
109;52;6;5511;1
109;52;6;5522;1
109;52;6;5533;1
109;52;6;5588;1
109;52;6;7700;2
109;52;6;7711;1
109;52;6;7788;1
109;52;7;11;2
109;52;7;13;3
109;52;7;15;2
109;52;7;18;2
109;52;7;20;1
109;52;7;22;3
109;52;7;33;1
109;52;7;40;15
109;52;7;44;2
109;52;7;95;14
109;52;7;96;4
109;52;7;10123;1
109;52;7;10234;2
109;52;7;10444;1
109;52;7;12123;3
109;52;7;13013;8
109;52;7;13133;2
109;52;7;13222;3
109;52;7;13258;1
109;52;7;13333;10
109;52;7;13456;2
109;52;7;13700;1
109;52;7;13999;1
109;52;7;15333;12
109;52;7;22000;1
109;52;7;22022;1
109;52;7;22190;4
109;52;7;22221;2
109;52;7;22222;6
109;52;7;22777;2
109;52;7;22888;12
109;52;7;30222;2
109;52;7;33000;28
109;52;7;33111;8
109;52;7;40200;44
109;52;7;40234;5
109;52;7;40500;1
109;52;7;40555;1
109;52;7;40888;1
109;52;7;44444;1
109;52;7;45000;1
109;52;7;45111;1
109;52;7;45123;9
109;52;7;45678;1
109;52;7;45888;1
109;52;7;45999;2
109;52;7;77123;22
109;52;5;95;51
109;52;5;96;95
109;52;5;180;99
109;52;5;222;66
109;52;5;400;119
109;52;5;445;74
109;52;3;13;128
109;52;3;14;1
109;52;3;45;81
109;52;3;95;9
109;52;3;96;33
109;53;1;13;162
109;53;1;14;3
109;53;1;22;102
109;53;1;55;4
109;53;1;70;7
109;53;1;95;5
109;53;1;96;8
109;53;6;11;1
109;53;6;13;1
109;53;6;22;1
109;53;6;40;3
109;53;6;95;15
109;53;6;96;14
109;53;6;1000;2
109;53;6;1001;1
109;53;6;1010;3
109;53;6;1055;3
109;53;6;1144;14
109;53;6;1212;1
109;53;6;1234;2
109;53;6;1277;5
109;53;6;1301;5
109;53;6;1313;1
109;53;6;1314;2
109;53;6;1315;2
109;53;6;1322;1
109;53;6;1323;1
109;53;6;1331;3
109;53;6;1333;5
109;53;6;1515;44
109;53;6;2200;2
109;53;6;2211;1
109;53;6;2212;1
109;53;6;2222;50
109;53;6;2233;4
109;53;6;2244;4
109;53;6;2252;1
109;53;6;2270;3
109;53;6;2277;4
109;53;6;2288;7
109;53;6;2299;1
109;53;6;2333;2
109;53;6;2518;1
109;53;6;2555;3
109;53;6;2999;1
109;53;6;3300;1
109;53;6;4000;1
109;53;6;4020;10
109;53;6;4040;6
109;53;6;4055;18
109;53;6;4077;10
109;53;6;4343;1
109;53;6;4410;1
109;53;6;4422;3
109;53;6;4433;1
109;53;6;4490;2
109;53;6;4545;1
109;53;6;4555;3
109;53;6;5050;1
109;53;6;5511;3
109;53;6;5522;1
109;53;6;5533;4
109;53;6;5551;1
109;53;6;5555;1
109;53;6;5588;2
109;53;6;6565;3
109;53;6;7733;1
109;53;6;7788;1
109;53;7;10;1
109;53;7;13;2
109;53;7;18;4
109;53;7;22;5
109;53;7;25;1
109;53;7;30;1
109;53;7;40;5
109;53;7;44;1
109;53;7;45;1
109;53;7;77;1
109;53;7;80;1
109;53;7;95;13
109;53;7;96;15
109;53;7;10100;3
109;53;7;10123;1
109;53;7;10222;1
109;53;7;10333;1
109;53;7;10444;1
109;53;7;13000;1
109;53;7;13003;1
109;53;7;13013;6
109;53;7;13113;1
109;53;7;13123;1
109;53;7;13132;3
109;53;7;13133;5
109;53;7;13222;1
109;53;7;13234;2
109;53;7;13258;1
109;53;7;13333;2
109;53;7;13444;5
109;53;7;13999;1
109;53;7;15333;16
109;53;7;22000;2
109;53;7;22022;5
109;53;7;22190;1
109;53;7;22221;11
109;53;7;22222;21
109;53;7;22456;1
109;53;7;22522;1
109;53;7;22580;2
109;53;7;22762;2
109;53;7;22777;7
109;53;7;22888;6
109;53;7;25555;2
109;53;7;33000;22
109;53;7;33789;1
109;53;7;40110;1
109;53;7;40111;1
109;53;7;40123;1
109;53;7;40200;15
109;53;7;40234;30
109;53;7;40555;13
109;53;7;40700;1
109;53;7;40789;2
109;53;7;43640;1
109;53;7;44123;1
109;53;7;45111;2
109;53;7;45190;1
109;53;7;45222;2
109;53;7;45678;2
109;53;7;45777;1
109;53;7;45999;10
109;53;7;50013;1
109;53;7;55000;2
109;53;7;77123;16
109;53;5;95;31
109;53;5;96;59
109;53;5;180;123
109;53;5;222;109
109;53;5;400;138
109;53;5;445;120
109;53;5;800;2
109;53;3;13;129
109;53;3;45;134
109;53;3;95;7
109;53;3;96;21
109;54;1;13;157
109;54;1;14;2
109;54;1;22;41
109;54;1;55;1
109;54;1;70;6
109;54;1;95;3
109;54;1;96;14
109;54;6;12;1
109;54;6;13;3
109;54;6;15;1
109;54;6;40;2
109;54;6;44;1
109;54;6;55;1
109;54;6;77;2
109;54;6;95;16
109;54;6;96;13
109;54;6;1010;1
109;54;6;1144;17
109;54;6;1234;1
109;54;6;1277;1
109;54;6;1313;1
109;54;6;1322;1
109;54;6;1323;2
109;54;6;1333;1
109;54;6;1515;88
109;54;6;1800;2
109;54;6;2211;1
109;54;6;2222;15
109;54;6;2277;2
109;54;6;2299;2
109;54;6;2333;1
109;54;6;2525;1
109;54;6;2555;1
109;54;6;3300;2
109;54;6;4020;9
109;54;6;4040;1
109;54;6;4044;1
109;54;6;4055;24
109;54;6;4077;2
109;54;6;4422;1
109;54;6;4490;2
109;54;6;5050;1
109;54;6;5511;2
109;54;6;7711;1
109;54;7;12;1
109;54;7;13;3
109;54;7;15;4
109;54;7;18;6
109;54;7;22;2
109;54;7;40;3
109;54;7;44;1
109;54;7;45;2
109;54;7;95;15
109;54;7;96;10
109;54;7;12002;1
109;54;7;12333;1
109;54;7;13000;1
109;54;7;13013;3
109;54;7;13131;1
109;54;7;13132;1
109;54;7;13133;20
109;54;7;13333;1
109;54;7;15333;16
109;54;7;22022;1
109;54;7;22221;3
109;54;7;22222;7
109;54;7;22580;1
109;54;7;22777;3
109;54;7;25555;1
109;54;7;33000;51
109;54;7;33111;1
109;54;7;33555;1
109;54;7;40200;4
109;54;7;40234;2
109;54;7;40555;14
109;54;7;40700;1
109;54;7;45190;1
109;54;7;45555;1
109;54;7;45678;2
109;54;7;45888;1
109;54;7;50013;1
109;54;7;50180;1
109;54;7;77123;35
109;54;5;95;30
109;54;5;96;64
109;54;5;180;123
109;54;5;222;45
109;54;5;400;131
109;54;5;445;55
109;54;3;13;128
109;54;3;45;72
109;54;3;95;6
109;54;3;96;18
109;55;1;13;199
109;55;1;14;4
109;55;1;22;61
109;55;1;55;6
109;55;1;70;5
109;55;1;95;5
109;55;1;96;12
109;55;6;15;2
109;55;6;22;1
109;55;6;95;21
109;55;6;96;13
109;55;6;1055;2
109;55;6;1111;1
109;55;6;1144;21
109;55;6;1200;1
109;55;6;1234;1
109;55;6;1277;8
109;55;6;1301;1
109;55;6;1312;3
109;55;6;1313;2
109;55;6;1314;1
109;55;6;1323;3
109;55;6;1333;1
109;55;6;1399;1
109;55;6;1515;117
109;55;6;1544;1
109;55;6;2211;1
109;55;6;2222;35
109;55;6;2255;1
109;55;6;2277;4
109;55;6;2278;3
109;55;6;2288;2
109;55;6;2299;2
109;55;6;2518;1
109;55;6;3300;2
109;55;6;4020;6
109;55;6;4040;2
109;55;6;4055;13
109;55;6;4077;5
109;55;6;4422;1
109;55;6;4490;2
109;55;6;4555;2
109;55;6;5013;1
109;55;6;5077;1
109;55;6;5511;3
109;55;6;5533;1
109;55;6;5555;2
109;55;6;6565;1
109;55;7;11;1
109;55;7;13;2
109;55;7;15;4
109;55;7;18;5
109;55;7;40;6
109;55;7;95;27
109;55;7;96;13
109;55;7;10100;1
109;55;7;10333;1
109;55;7;11111;1
109;55;7;12345;1
109;55;7;13113;1
109;55;7;13123;14
109;55;7;13131;3
109;55;7;13133;1
109;55;7;13333;1
109;55;7;13456;2
109;55;7;15000;1
109;55;7;15222;1
109;55;7;15333;83
109;55;7;22022;6
109;55;7;22190;2
109;55;7;22221;12
109;55;7;22222;11
109;55;7;22580;1
109;55;7;22777;6
109;55;7;22888;1
109;55;7;33000;27
109;55;7;33111;2
109;55;7;33456;1
109;55;7;40111;1
109;55;7;40200;17
109;55;7;40234;4
109;55;7;40555;11
109;55;7;40700;2
109;55;7;40774;3
109;55;7;40777;1
109;55;7;40789;4
109;55;7;45190;1
109;55;7;50555;1
109;55;7;77123;9
109;55;5;95;58
109;55;5;96;67
109;55;5;180;156
109;55;5;222;73
109;55;5;300;1
109;55;5;400;152
109;55;5;445;77
109;55;3;13;158
109;55;3;45;102
109;55;3;95;14
109;55;3;96;18
109;56;1;13;144
109;56;1;14;1
109;56;1;22;67
109;56;1;55;1
109;56;1;70;8
109;56;1;95;3
109;56;1;96;9
109;56;6;12;2
109;56;6;13;4
109;56;6;23;1
109;56;6;40;1
109;56;6;95;13
109;56;6;96;4
109;56;6;1055;8
109;56;6;1144;5
109;56;6;1290;1
109;56;6;1301;1
109;56;6;1313;1
109;56;6;1322;1
109;56;6;1323;10
109;56;6;1331;4
109;56;6;1500;4
109;56;6;1515;76
109;56;6;1516;1
109;56;6;1555;5
109;56;6;1577;3
109;56;6;2222;33
109;56;6;2225;1
109;56;6;2233;1
109;56;6;2244;1
109;56;6;2277;2
109;56;6;2299;7
109;56;6;2518;3
109;56;6;3300;1
109;56;6;4000;1
109;56;6;4001;1
109;56;6;4020;3
109;56;6;4040;1
109;56;6;4044;5
109;56;6;4055;11
109;56;6;4433;1
109;56;6;4455;2
109;56;6;4477;1
109;56;6;4490;4
109;56;6;4545;1
109;56;6;4599;1
109;56;6;5050;1
109;56;6;5511;4
109;56;6;5533;2
109;56;7;13;4
109;56;7;15;4
109;56;7;18;2
109;56;7;22;1
109;56;7;40;7
109;56;7;43;1
109;56;7;44;1
109;56;7;45;1
109;56;7;77;1
109;56;7;95;11
109;56;7;96;10
109;56;7;11100;1
109;56;7;12123;2
109;56;7;12345;2
109;56;7;13013;5
109;56;7;13131;1
109;56;7;13132;4
109;56;7;13333;8
109;56;7;13789;9
109;56;7;15000;4
109;56;7;15333;44
109;56;7;22022;2
109;56;7;22190;2
109;56;7;22222;5
109;56;7;22777;2
109;56;7;22888;2
109;56;7;22999;1
109;56;7;30000;1
109;56;7;33000;18
109;56;7;33456;2
109;56;7;40111;2
109;56;7;40200;2
109;56;7;40555;5
109;56;7;43640;14
109;56;7;45123;3
109;56;7;45190;1
109;56;7;45678;1
109;56;7;45999;6
109;56;7;77123;41
109;56;5;95;34
109;56;5;96;49
109;56;5;180;116
109;56;5;222;62
109;56;5;400;130
109;56;5;445;74
109;56;5;800;1
109;56;3;13;123
109;56;3;45;88
109;56;3;95;9
109;56;3;96;13
109;57;1;13;135
109;57;1;22;42
109;57;1;55;1
109;57;1;70;4
109;57;1;96;6
109;57;6;11;1
109;57;6;15;2
109;57;6;45;1
109;57;6;77;2
109;57;6;95;6
109;57;6;96;6
109;57;6;1000;1
109;57;6;1055;1
109;57;6;1144;40
109;57;6;1244;1
109;57;6;1301;3
109;57;6;1314;1
109;57;6;1323;11
109;57;6;1331;4
109;57;6;1515;67
109;57;6;2211;1
109;57;6;2222;15
109;57;6;2288;4
109;57;6;2518;2
109;57;6;3300;1
109;57;6;4020;2
109;57;6;4040;2
109;57;6;4044;2
109;57;6;4077;1
109;57;6;4422;1
109;57;6;4445;2
109;57;6;4455;1
109;57;6;4490;1
109;57;6;5050;3
109;57;6;5588;1
109;57;6;6565;1
109;57;6;7788;1
109;57;7;11;1
109;57;7;15;1
109;57;7;18;5
109;57;7;22;1
109;57;7;33;1
109;57;7;40;4
109;57;7;44;1
109;57;7;45;2
109;57;7;77;1
109;57;7;95;8
109;57;7;96;7
109;57;7;10333;1
109;57;7;10999;2
109;57;7;12123;2
109;57;7;12333;1
109;57;7;13013;6
109;57;7;13133;1
109;57;7;13333;12
109;57;7;13444;1
109;57;7;15333;28
109;57;7;22221;2
109;57;7;22222;4
109;57;7;22762;1
109;57;7;22888;1
109;57;7;33000;12
109;57;7;40000;1
109;57;7;40111;2
109;57;7;40200;1
109;57;7;45190;2
109;57;7;50555;1
109;57;7;55888;1
109;57;7;77123;74
109;57;5;95;14
109;57;5;96;49
109;57;5;180;109
109;57;5;222;42
109;57;5;400;110
109;57;5;445;50
109;57;5;800;2
109;57;3;13;113
109;57;3;45;56
109;57;3;95;3
109;57;3;96;16
109;58;1;13;150
109;58;1;14;3
109;58;1;22;74
109;58;1;55;2
109;58;1;70;3
109;58;1;95;4
109;58;1;96;9
109;58;6;12;1
109;58;6;15;1
109;58;6;18;1
109;58;6;22;1
109;58;6;40;1
109;58;6;45;1
109;58;6;77;1
109;58;6;95;11
109;58;6;96;7
109;58;6;1000;1
109;58;6;1055;11
109;58;6;1144;25
109;58;6;1277;11
109;58;6;1301;1
109;58;6;1313;1
109;58;6;1322;1
109;58;6;1323;6
109;58;6;1331;1
109;58;6;1333;3
109;58;6;1515;60
109;58;6;1533;1
109;58;6;1555;1
109;58;6;1577;1
109;58;6;2200;5
109;58;6;2201;1
109;58;6;2211;1
109;58;6;2222;30
109;58;6;2277;2
109;58;6;2288;5
109;58;6;2299;6
109;58;6;2555;1
109;58;6;3300;4
109;58;6;4020;10
109;58;6;4040;1
109;58;6;4055;2
109;58;6;4077;5
109;58;6;4404;1
109;58;6;4422;4
109;58;6;4445;1
109;58;6;4512;1
109;58;6;4555;1
109;58;6;5050;1
109;58;6;5077;1
109;58;6;5511;3
109;58;6;5555;3
109;58;6;5588;1
109;58;6;6513;1
109;58;6;6565;2
109;58;6;7700;1
109;58;6;7777;1
109;58;6;7788;1
109;58;7;11;1
109;58;7;12;1
109;58;7;13;1
109;58;7;15;4
109;58;7;18;7
109;58;7;22;2
109;58;7;40;5
109;58;7;95;17
109;58;7;96;10
109;58;7;10123;1
109;58;7;10222;1
109;58;7;10234;1
109;58;7;10444;1
109;58;7;11111;1
109;58;7;11456;1
109;58;7;13013;2
109;58;7;13123;1
109;58;7;13131;2
109;58;7;13132;1
109;58;7;13333;4
109;58;7;13444;3
109;58;7;15333;32
109;58;7;22022;2
109;58;7;22221;1
109;58;7;22222;13
109;58;7;22223;2
109;58;7;22580;1
109;58;7;22762;1
109;58;7;22777;4
109;58;7;22822;1
109;58;7;22888;6
109;58;7;33000;26
109;58;7;33789;1
109;58;7;40200;9
109;58;7;40234;11
109;58;7;40555;2
109;58;7;40700;7
109;58;7;40789;4
109;58;7;43000;1
109;58;7;44810;1
109;58;7;45123;1
109;58;7;45678;4
109;58;7;45777;1
109;58;7;45999;4
109;58;7;50013;1
109;58;7;50113;1
109;58;7;50555;2
109;58;7;55555;1
109;58;7;55888;5
109;58;7;77123;33
109;58;5;95;44
109;58;5;96;64
109;58;5;180;114
109;58;5;222;68
109;58;5;400;119
109;58;5;445;81
109;58;3;13;126
109;58;3;14;2
109;58;3;45;98
109;58;3;95;8
109;58;3;96;11
109;59;1;13;152
109;59;1;14;7
109;59;1;22;86
109;59;1;55;1
109;59;1;70;6
109;59;1;95;4
109;59;1;96;6
109;59;6;12;1
109;59;6;13;3
109;59;6;15;1
109;59;6;40;2
109;59;6;45;2
109;59;6;95;15
109;59;6;96;6
109;59;6;1001;1
109;59;6;1010;2
109;59;6;1055;2
109;59;6;1111;2
109;59;6;1144;10
109;59;6;1212;1
109;59;6;1277;4
109;59;6;1301;5
109;59;6;1323;3
109;59;6;1331;4
109;59;6;1333;4
109;59;6;1414;2
109;59;6;1515;39
109;59;6;1533;1
109;59;6;1592;1
109;59;6;1888;1
109;59;6;2200;1
109;59;6;2211;2
109;59;6;2222;49
109;59;6;2233;2
109;59;6;2244;2
109;59;6;2255;1
109;59;6;2277;1
109;59;6;2288;1
109;59;6;2299;7
109;59;6;2333;1
109;59;6;2525;1
109;59;6;4001;2
109;59;6;4020;8
109;59;6;4040;8
109;59;6;4055;24
109;59;6;4077;12
109;59;6;4343;2
109;59;6;4400;1
109;59;6;4422;4
109;59;6;4433;1
109;59;6;4444;3
109;59;6;4490;1
109;59;6;4555;1
109;59;6;5077;1
109;59;6;5511;6
109;59;6;5533;3
109;59;6;5588;1
109;59;6;6565;2
109;59;6;7788;2
109;59;7;10;1
109;59;7;13;2
109;59;7;15;2
109;59;7;18;1
109;59;7;22;1
109;59;7;23;1
109;59;7;40;8
109;59;7;95;21
109;59;7;96;8
109;59;7;10100;3
109;59;7;10444;2
109;59;7;12123;1
109;59;7;13000;1
109;59;7;13013;6
109;59;7;13111;1
109;59;7;13131;1
109;59;7;13132;1
109;59;7;13133;2
109;59;7;13180;1
109;59;7;13333;3
109;59;7;15333;27
109;59;7;22000;2
109;59;7;22022;10
109;59;7;22190;3
109;59;7;22221;9
109;59;7;22222;13
109;59;7;22422;2
109;59;7;22444;1
109;59;7;22555;1
109;59;7;22580;3
109;59;7;22777;2
109;59;7;22888;2
109;59;7;25555;2
109;59;7;33000;16
109;59;7;33111;1
109;59;7;33789;1
109;59;7;40111;1
109;59;7;40200;9
109;59;7;40234;21
109;59;7;40400;1
109;59;7;40456;1
109;59;7;40555;16
109;59;7;40700;6
109;59;7;40777;1
109;59;7;40789;2
109;59;7;40999;1
109;59;7;44111;2
109;59;7;44444;1
109;59;7;45111;2
109;59;7;45123;2
109;59;7;45190;1
109;59;7;45633;1
109;59;7;45678;1
109;59;7;45999;2
109;59;7;50013;3
109;59;7;50113;1
109;59;7;50555;1
109;59;7;55333;1
109;59;7;55888;1
109;59;7;65656;1
109;59;7;77123;19
109;59;7;77888;2
109;59;5;95;42
109;59;5;96;45
109;59;5;180;113
109;59;5;222;96
109;59;5;300;2
109;59;5;400;124
109;59;5;445;102
109;59;3;13;114
109;59;3;16;1
109;59;3;45;128
109;59;3;95;9
109;59;3;96;10
109;60;1;13;100
109;60;1;14;2
109;60;1;16;1
109;60;1;22;59
109;60;1;70;6
109;60;1;95;2
109;60;1;96;7
109;60;6;15;2
109;60;6;18;1
109;60;6;22;2
109;60;6;23;1
109;60;6;40;1
109;60;6;95;10
109;60;6;96;7
109;60;6;1010;1
109;60;6;1144;5
109;60;6;1234;1
109;60;6;1256;1
109;60;6;1277;2
109;60;6;1301;4
109;60;6;1313;1
109;60;6;1323;3
109;60;6;1331;2
109;60;6;1333;2
109;60;6;1399;1
109;60;6;1515;34
109;60;6;2030;1
109;60;6;2200;1
109;60;6;2211;1
109;60;6;2222;27
109;60;6;2288;5
109;60;6;2518;4
109;60;6;4020;15
109;60;6;4040;1
109;60;6;4044;1
109;60;6;4055;9
109;60;6;4077;7
109;60;6;4343;1
109;60;6;4422;3
109;60;6;4443;1
109;60;6;4445;1
109;60;6;4555;1
109;60;6;4599;1
109;60;6;5005;1
109;60;6;5511;9
109;60;6;5533;2
109;60;6;5551;1
109;60;6;6565;1
109;60;6;7788;2
109;60;7;13;1
109;60;7;15;3
109;60;7;22;1
109;60;7;40;1
109;60;7;95;8
109;60;7;96;8
109;60;7;10100;1
109;60;7;10123;1
109;60;7;10444;2
109;60;7;10678;3
109;60;7;13000;1
109;60;7;13013;1
109;60;7;13111;1
109;60;7;13131;1
109;60;7;13132;1
109;60;7;13234;1
109;60;7;13333;2
109;60;7;13444;1
109;60;7;13456;3
109;60;7;15333;20
109;60;7;22000;2
109;60;7;22022;3
109;60;7;22190;1
109;60;7;22221;4
109;60;7;22222;9
109;60;7;22223;1
109;60;7;22762;1
109;60;7;22822;1
109;60;7;22888;2
109;60;7;33000;15
109;60;7;40111;3
109;60;7;40200;16
109;60;7;40234;16
109;60;7;40555;7
109;60;7;40600;1
109;60;7;40700;3
109;60;7;40900;1
109;60;7;43640;1
109;60;7;45111;1
109;60;7;45123;2
109;60;7;45222;1
109;60;7;45678;1
109;60;7;45777;1
109;60;7;45999;1
109;60;7;50013;1
109;60;7;77123;20
109;60;7;77888;1
109;60;5;95;28
109;60;5;96;26
109;60;5;180;83
109;60;5;222;56
109;60;5;400;91
109;60;5;445;70
109;60;3;13;81
109;60;3;45;80
109;60;3;95;4
109;60;3;96;12
109;61;1;13;204
109;61;1;14;2
109;61;1;22;60
109;61;1;70;3
109;61;1;95;4
109;61;1;96;5
109;61;6;11;1
109;61;6;12;1
109;61;6;77;1
109;61;6;95;11
109;61;6;96;3
109;61;6;1000;1
109;61;6;1055;7
109;61;6;1111;1
109;61;6;1144;36
109;61;6;1277;1
109;61;6;1301;3
109;61;6;1322;3
109;61;6;1323;1
109;61;6;1414;1
109;61;6;1515;136
109;61;6;1555;1
109;61;6;2222;34
109;61;6;2244;1
109;61;6;2277;1
109;61;6;2278;1
109;61;6;2288;2
109;61;6;2299;2
109;61;6;2518;1
109;61;6;3300;3
109;61;6;4020;9
109;61;6;4040;1
109;61;6;4055;7
109;61;6;4077;1
109;61;6;4555;1
109;61;6;5050;2
109;61;6;5511;2
109;61;6;5522;2
109;61;7;13;1
109;61;7;15;1
109;61;7;18;3
109;61;7;22;1
109;61;7;40;5
109;61;7;44;2
109;61;7;45;1
109;61;7;77;1
109;61;7;95;12
109;61;7;96;4
109;61;7;10000;1
109;61;7;10222;3
109;61;7;11111;1
109;61;7;12333;1
109;61;7;13131;1
109;61;7;13234;1
109;61;7;13333;2
109;61;7;13444;1
109;61;7;13456;3
109;61;7;13888;1
109;61;7;15190;1
109;61;7;15333;64
109;61;7;22022;1
109;61;7;22190;1
109;61;7;22221;9
109;61;7;22222;12
109;61;7;22777;4
109;61;7;22888;1
109;61;7;33000;52
109;61;7;40000;1
109;61;7;40111;2
109;61;7;40114;2
109;61;7;40200;9
109;61;7;40234;1
109;61;7;40555;6
109;61;7;40700;1
109;61;7;44545;2
109;61;7;45111;1
109;61;7;45123;10
109;61;7;45678;1
109;61;7;50555;2
109;61;7;77123;49
109;61;5;95;35
109;61;5;96;57
109;61;5;180;153
109;61;5;222;71
109;61;5;300;1
109;61;5;400;164
109;61;5;445;75
109;61;3;13;163
109;61;3;14;1
109;61;3;45;91
109;61;3;95;11
109;61;3;96;12
109;62;1;13;162
109;62;1;14;2
109;62;1;22;105
109;62;1;30;2
109;62;1;55;1
109;62;1;70;7
109;62;1;95;9
109;62;1;96;11
109;62;6;11;1
109;62;6;12;1
109;62;6;13;1
109;62;6;15;1
109;62;6;22;3
109;62;6;44;1
109;62;6;45;1
109;62;6;77;1
109;62;6;95;15
109;62;6;96;7
109;62;6;1001;1
109;62;6;1010;4
109;62;6;1055;3
109;62;6;1144;11
109;62;6;1233;1
109;62;6;1234;1
109;62;6;1277;1
109;62;6;1301;2
109;62;6;1323;1
109;62;6;1331;5
109;62;6;1333;1
109;62;6;1399;4
109;62;6;1414;1
109;62;6;1500;1
109;62;6;1515;61
109;62;6;2200;1
109;62;6;2211;2
109;62;6;2222;46
109;62;6;2233;1
109;62;6;2244;1
109;62;6;2277;2
109;62;6;2288;10
109;62;6;2299;3
109;62;6;2333;1
109;62;6;2518;3
109;62;6;3007;1
109;62;6;3022;1
109;62;6;3030;1
109;62;6;4020;20
109;62;6;4040;5
109;62;6;4044;1
109;62;6;4055;21
109;62;6;4077;12
109;62;6;4343;1
109;62;6;4422;4
109;62;6;4433;1
109;62;6;4444;1
109;62;6;4490;3
109;62;6;5005;1
109;62;6;5050;6
109;62;6;5077;2
109;62;6;5511;9
109;62;6;5533;3
109;62;6;5588;3
109;62;6;6565;1
109;62;6;7711;2
109;62;7;13;3
109;62;7;15;2
109;62;7;18;1
109;62;7;22;2
109;62;7;40;2
109;62;7;44;2
109;62;7;55;1
109;62;7;95;18
109;62;7;96;7
109;62;7;10000;1
109;62;7;10100;2
109;62;7;10123;3
109;62;7;10222;1
109;62;7;10444;1
109;62;7;10456;1
109;62;7;10678;1
109;62;7;10999;1
109;62;7;11111;1
109;62;7;13013;4
109;62;7;13113;1
109;62;7;13123;1
109;62;7;13131;2
109;62;7;13132;5
109;62;7;13133;4
109;62;7;13333;1
109;62;7;13456;1
109;62;7;13700;1
109;62;7;13789;2
109;62;7;15000;1
109;62;7;15333;32
109;62;7;22000;2
109;62;7;22022;9
109;62;7;22180;1
109;62;7;22190;5
109;62;7;22221;5
109;62;7;22222;18
109;62;7;22223;1
109;62;7;22580;1
109;62;7;22762;1
109;62;7;22777;3
109;62;7;22888;6
109;62;7;30200;1
109;62;7;33000;23
109;62;7;33111;2
109;62;7;40000;1
109;62;7;40111;1
109;62;7;40200;12
109;62;7;40234;19
109;62;7;40555;20
109;62;7;40700;3
109;62;7;40777;1
109;62;7;40999;2
109;62;7;43640;1
109;62;7;44111;1
109;62;7;44455;1
109;62;7;45111;1
109;62;7;45123;2
109;62;7;45190;1
109;62;7;45678;1
109;62;7;45800;1
109;62;7;50013;3
109;62;7;50113;1
109;62;7;50180;1
109;62;7;50555;8
109;62;7;55888;2
109;62;7;65656;1
109;62;7;77123;32
109;62;5;95;45
109;62;5;96;54
109;62;5;180;125
109;62;5;222;106
109;62;5;300;1
109;62;5;400;140
109;62;5;445;122
109;62;5;800;5
109;62;3;13;127
109;62;3;30;2
109;62;3;45;143
109;62;3;80;1
109;62;3;95;10
109;62;3;96;16
109;63;1;13;142
109;63;1;14;2
109;63;1;22;101
109;63;1;30;1
109;63;1;55;2
109;63;1;70;5
109;63;1;95;6
109;63;1;96;8
109;63;6;12;1
109;63;6;13;1
109;63;6;15;2
109;63;6;18;1
109;63;6;40;1
109;63;6;77;2
109;63;6;95;15
109;63;6;96;10
109;63;6;1010;5
109;63;6;1055;3
109;63;6;1144;14
109;63;6;1277;3
109;63;6;1301;5
109;63;6;1311;1
109;63;6;1323;1
109;63;6;1331;4
109;63;6;1399;2
109;63;6;1400;1
109;63;6;1515;34
109;63;6;1533;1
109;63;6;1555;1
109;63;6;2030;1
109;63;6;2200;2
109;63;6;2211;2
109;63;6;2212;1
109;63;6;2222;55
109;63;6;2233;1
109;63;6;2252;1
109;63;6;2288;3
109;63;6;2299;3
109;63;6;2518;1
109;63;6;4020;9
109;63;6;4040;10
109;63;6;4055;14
109;63;6;4077;16
109;63;6;4400;2
109;63;6;4422;4
109;63;6;4433;1
109;63;6;4444;3
109;63;6;4455;1
109;63;6;4490;3
109;63;6;4578;1
109;63;6;5050;6
109;63;6;5511;9
109;63;6;5533;6
109;63;6;5551;1
109;63;6;5588;2
109;63;6;6565;1
109;63;7;12;1
109;63;7;13;2
109;63;7;15;3
109;63;7;22;1
109;63;7;40;3
109;63;7;44;2
109;63;7;45;1
109;63;7;77;1
109;63;7;95;24
109;63;7;96;10
109;63;7;10100;2
109;63;7;10123;3
109;63;7;10222;1
109;63;7;10444;1
109;63;7;11100;1
109;63;7;13013;4
109;63;7;13123;1
109;63;7;13132;4
109;63;7;13133;3
109;63;7;13234;1
109;63;7;13258;2
109;63;7;13333;3
109;63;7;15000;2
109;63;7;15333;13
109;63;7;22000;1
109;63;7;22022;7
109;63;7;22190;3
109;63;7;22221;10
109;63;7;22222;15
109;63;7;22223;1
109;63;7;22422;2
109;63;7;22580;1
109;63;7;22777;2
109;63;7;22888;3
109;63;7;33000;14
109;63;7;33111;2
109;63;7;40000;1
109;63;7;40100;1
109;63;7;40111;1
109;63;7;40140;1
109;63;7;40200;14
109;63;7;40234;27
109;63;7;40555;8
109;63;7;40700;4
109;63;7;40789;1
109;63;7;44111;2
109;63;7;44444;1
109;63;7;45123;2
109;63;7;45190;3
109;63;7;45678;2
109;63;7;45999;12
109;63;7;50013;2
109;63;7;50180;2
109;63;7;50500;1
109;63;7;50555;8
109;63;7;55333;1
109;63;7;65656;1
109;63;7;77123;21
109;63;7;77589;1
109;63;5;95;49
109;63;5;96;45
109;63;5;180;111
109;63;5;222;96
109;63;5;300;1
109;63;5;400;122
109;63;5;445;109
109;63;5;800;1
109;63;3;13;110
109;63;3;14;1
109;63;3;45;133
109;63;3;95;7
109;63;3;96;16
109;64;1;13;169
109;64;1;14;7
109;64;1;22;72
109;64;1;55;1
109;64;1;70;4
109;64;1;95;3
109;64;1;96;8
109;64;6;11;1
109;64;6;13;4
109;64;6;22;1
109;64;6;44;1
109;64;6;77;2
109;64;6;95;11
109;64;6;96;9
109;64;6;1010;4
109;64;6;1055;2
109;64;6;1144;42
109;64;6;1277;1
109;64;6;1313;2
109;64;6;1314;1
109;64;6;1331;7
109;64;6;1333;1
109;64;6;1400;1
109;64;6;1515;59
109;64;6;1555;1
109;64;6;2200;1
109;64;6;2222;34
109;64;6;2288;4
109;64;6;2299;2
109;64;6;2518;1
109;64;6;3300;2
109;64;6;4020;12
109;64;6;4040;2
109;64;6;4044;10
109;64;6;4055;13
109;64;6;4077;4
109;64;6;4422;3
109;64;6;4444;1
109;64;6;4445;2
109;64;6;4512;1
109;64;6;4545;1
109;64;6;4555;2
109;64;6;5000;1
109;64;6;5077;1
109;64;6;5511;7
109;64;6;5533;7
109;64;6;5555;1
109;64;6;5588;1
109;64;6;6565;1
109;64;7;11;2
109;64;7;12;2
109;64;7;13;3
109;64;7;15;6
109;64;7;18;3
109;64;7;22;2
109;64;7;40;5
109;64;7;44;2
109;64;7;45;2
109;64;7;77;1
109;64;7;95;15
109;64;7;96;8
109;64;7;10100;3
109;64;7;10123;3
109;64;7;10444;1
109;64;7;10999;1
109;64;7;13013;4
109;64;7;13113;1
109;64;7;13123;1
109;64;7;13131;2
109;64;7;13132;1
109;64;7;13133;1
109;64;7;13180;1
109;64;7;13333;1
109;64;7;15333;37
109;64;7;22022;3
109;64;7;22180;1
109;64;7;22221;4
109;64;7;22222;10
109;64;7;22223;1
109;64;7;22777;1
109;64;7;22888;3
109;64;7;33000;24
109;64;7;40111;13
109;64;7;40200;10
109;64;7;40234;3
109;64;7;40555;8
109;64;7;40700;3
109;64;7;43000;1
109;64;7;43640;1
109;64;7;44010;1
109;64;7;44555;1
109;64;7;45123;2
109;64;7;45999;3
109;64;7;50013;1
109;64;7;50555;1
109;64;7;55111;1
109;64;7;55777;2
109;64;7;55888;1
109;64;7;65656;1
109;64;7;77123;56
109;64;5;95;36
109;64;5;96;58
109;64;5;180;126
109;64;5;222;84
109;64;5;400;128
109;64;5;445;96
109;64;3;13;133
109;64;3;14;2
109;64;3;45;108
109;64;3;95;6
109;64;3;96;15
109;65;1;13;176
109;65;1;14;2
109;65;1;22;69
109;65;1;55;4
109;65;1;70;3
109;65;1;95;3
109;65;1;96;10
109;65;6;11;1
109;65;6;12;1
109;65;6;13;3
109;65;6;15;1
109;65;6;18;2
109;65;6;22;1
109;65;6;30;1
109;65;6;40;2
109;65;6;45;1
109;65;6;50;1
109;65;6;95;19
109;65;6;96;8
109;65;6;1010;5
109;65;6;1055;3
109;65;6;1144;16
109;65;6;1212;1
109;65;6;1244;1
109;65;6;1277;1
109;65;6;1301;1
109;65;6;1314;1
109;65;6;1315;1
109;65;6;1323;5
109;65;6;1331;6
109;65;6;1333;10
109;65;6;1399;1
109;65;6;1515;70
109;65;6;1800;1
109;65;6;2200;1
109;65;6;2211;2
109;65;6;2222;30
109;65;6;2270;1
109;65;6;2277;10
109;65;6;2288;1
109;65;6;2299;1
109;65;6;3300;2
109;65;6;4000;2
109;65;6;4020;9
109;65;6;4040;2
109;65;6;4044;3
109;65;6;4055;7
109;65;6;4077;9
109;65;6;4343;2
109;65;6;4422;2
109;65;6;4545;1
109;65;6;4599;1
109;65;6;5077;1
109;65;6;5511;4
109;65;6;5533;6
109;65;6;5551;1
109;65;6;6565;2
109;65;6;7788;3
109;65;7;11;1
109;65;7;13;5
109;65;7;15;3
109;65;7;18;2
109;65;7;22;3
109;65;7;30;1
109;65;7;40;6
109;65;7;44;1
109;65;7;45;1
109;65;7;95;21
109;65;7;96;13
109;65;7;10100;2
109;65;7;10123;1
109;65;7;12123;1
109;65;7;13013;4
109;65;7;13123;2
109;65;7;13131;4
109;65;7;13258;5
109;65;7;13333;2
109;65;7;13444;2
109;65;7;13789;1
109;65;7;15333;34
109;65;7;22022;2
109;65;7;22111;1
109;65;7;22180;1
109;65;7;22190;2
109;65;7;22221;4
109;65;7;22222;8
109;65;7;22322;1
109;65;7;22777;11
109;65;7;22888;1
109;65;7;30222;1
109;65;7;33000;33
109;65;7;33111;5
109;65;7;40111;1
109;65;7;40140;1
109;65;7;40200;9
109;65;7;40234;8
109;65;7;40345;1
109;65;7;40456;2
109;65;7;40555;10
109;65;7;40700;1
109;65;7;40789;1
109;65;7;40888;1
109;65;7;44111;1
109;65;7;45111;1
109;65;7;45123;1
109;65;7;45678;2
109;65;7;45999;4
109;65;7;50013;2
109;65;7;50555;1
109;65;7;55111;1
109;65;7;55555;1
109;65;7;77123;30
109;65;7;77888;3
109;65;5;95;35
109;65;5;96;86
109;65;5;180;129
109;65;5;222;71
109;65;5;400;138
109;65;5;445;73
109;65;5;800;2
109;65;3;13;140
109;65;3;45;89
109;65;3;95;12
109;65;3;96;26
109;66;1;13;194
109;66;1;14;7
109;66;1;22;49
109;66;1;55;1
109;66;1;70;11
109;66;1;95;4
109;66;1;96;7
109;66;6;11;1
109;66;6;12;3
109;66;6;13;3
109;66;6;15;1
109;66;6;55;1
109;66;6;95;17
109;66;6;96;9
109;66;6;1010;2
109;66;6;1055;3
109;66;6;1144;8
109;66;6;1234;1
109;66;6;1277;1
109;66;6;1323;17
109;66;6;1331;4
109;66;6;1333;8
109;66;6;1399;3
109;66;6;1414;1
109;66;6;1500;1
109;66;6;1515;62
109;66;6;1800;1
109;66;6;2200;3
109;66;6;2211;2
109;66;6;2222;32
109;66;6;2299;11
109;66;6;2518;2
109;66;6;2555;1
109;66;6;3300;1
109;66;6;4020;12
109;66;6;4040;4
109;66;6;4055;14
109;66;6;4077;18
109;66;6;4422;1
109;66;6;4455;1
109;66;6;4490;1
109;66;6;4555;1
109;66;6;4568;1
109;66;6;5050;5
109;66;6;5511;7
109;66;6;5522;1
109;66;6;5533;6
109;66;6;5588;1
109;66;6;7711;1
109;66;7;13;3
109;66;7;15;1
109;66;7;18;4
109;66;7;22;2
109;66;7;23;1
109;66;7;30;1
109;66;7;40;3
109;66;7;45;2
109;66;7;95;22
109;66;7;96;11
109;66;7;10000;1
109;66;7;10100;3
109;66;7;10101;1
109;66;7;10123;1
109;66;7;10222;1
109;66;7;10234;1
109;66;7;11111;1
109;66;7;11222;1
109;66;7;13013;5
109;66;7;13123;2
109;66;7;13131;1
109;66;7;13132;5
109;66;7;13133;2
109;66;7;13333;17
109;66;7;13444;2
109;66;7;15333;41
109;66;7;22022;1
109;66;7;22190;1
109;66;7;22221;8
109;66;7;22222;18
109;66;7;22522;1
109;66;7;22580;1
109;66;7;22777;2
109;66;7;25555;1
109;66;7;33000;20
109;66;7;40200;8
109;66;7;40234;22
109;66;7;40456;1
109;66;7;40555;9
109;66;7;40700;11
109;66;7;40999;1
109;66;7;44456;2
109;66;7;45000;1
109;66;7;45111;2
109;66;7;45123;1
109;66;7;45999;1
109;66;7;50555;3
109;66;7;77123;23
109;66;5;95;56
109;66;5;96;70
109;66;5;162;2
109;66;5;180;141
109;66;5;222;56
109;66;5;400;156
109;66;5;445;65
109;66;3;13;158
109;66;3;45;87
109;66;3;95;13
109;66;3;96;15
109;67;1;13;148
109;67;1;14;5
109;67;1;22;94
109;67;1;55;2
109;67;1;70;12
109;67;1;95;8
109;67;1;96;8
109;67;6;12;1
109;67;6;13;1
109;67;6;15;1
109;67;6;20;1
109;67;6;22;2
109;67;6;95;20
109;67;6;96;5
109;67;6;1010;8
109;67;6;1055;3
109;67;6;1144;12
109;67;6;1277;1
109;67;6;1301;2
109;67;6;1313;3
109;67;6;1314;1
109;67;6;1322;1
109;67;6;1331;7
109;67;6;1333;11
109;67;6;1399;3
109;67;6;1500;1
109;67;6;1515;46
109;67;6;1800;1
109;67;6;2200;1
109;67;6;2211;1
109;67;6;2222;45
109;67;6;2244;1
109;67;6;2277;1
109;67;6;2288;7
109;67;6;2299;2
109;67;6;2525;1
109;67;6;2555;1
109;67;6;4000;2
109;67;6;4020;8
109;67;6;4040;5
109;67;6;4044;2
109;67;6;4055;13
109;67;6;4077;11
109;67;6;4343;1
109;67;6;4422;3
109;67;6;4445;1
109;67;6;4490;3
109;67;6;4555;1
109;67;6;5000;1
109;67;6;5005;1
109;67;6;5050;6
109;67;6;5055;1
109;67;6;5077;2
109;67;6;5511;10
109;67;6;5522;1
109;67;6;5533;8
109;67;6;5555;2
109;67;6;5588;1
109;67;6;6565;2
109;67;6;7711;1
109;67;7;10;1
109;67;7;13;3
109;67;7;15;1
109;67;7;18;3
109;67;7;22;1
109;67;7;25;1
109;67;7;30;1
109;67;7;40;4
109;67;7;44;2
109;67;7;45;2
109;67;7;77;1
109;67;7;95;18
109;67;7;96;7
109;67;7;10100;6
109;67;7;10123;3
109;67;7;10444;1
109;67;7;10678;2
109;67;7;11222;1
109;67;7;13013;7
109;67;7;13131;2
109;67;7;13132;1
109;67;7;13133;6
109;67;7;13234;2
109;67;7;13258;2
109;67;7;13333;2
109;67;7;13444;1
109;67;7;13456;1
109;67;7;13700;1
109;67;7;13789;1
109;67;7;15000;1
109;67;7;15222;1
109;67;7;15333;26
109;67;7;22000;1
109;67;7;22022;6
109;67;7;22190;7
109;67;7;22221;3
109;67;7;22222;15
109;67;7;22322;1
109;67;7;22580;1
109;67;7;22777;3
109;67;7;22888;8
109;67;7;25555;3
109;67;7;33000;22
109;67;7;33789;2
109;67;7;40000;1
109;67;7;40100;1
109;67;7;40110;1
109;67;7;40111;1
109;67;7;40200;7
109;67;7;40222;2
109;67;7;40234;18
109;67;7;40500;1
109;67;7;40555;11
109;67;7;40700;2
109;67;7;43000;1
109;67;7;45123;3
109;67;7;45190;1
109;67;7;45678;4
109;67;7;45777;2
109;67;7;45999;4
109;67;7;50013;3
109;67;7;50113;1
109;67;7;50180;1
109;67;7;50500;1
109;67;7;50555;11
109;67;7;65013;1
109;67;7;77123;15
109;67;5;95;47
109;67;5;96;61
109;67;5;180;127
109;67;5;222;87
109;67;5;300;1
109;67;5;400;132
109;67;5;445;96
109;67;5;800;3
109;67;3;13;128
109;67;3;14;1
109;67;3;45;118
109;67;3;80;1
109;67;3;95;15
109;67;3;96;14
109;69;1;13;148
109;69;1;14;3
109;69;1;22;107
109;69;1;55;2
109;69;1;70;11
109;69;1;95;6
109;69;1;96;13
109;69;6;10;1
109;69;6;12;2
109;69;6;13;2
109;69;6;15;2
109;69;6;22;1
109;69;6;40;1
109;69;6;43;1
109;69;6;44;1
109;69;6;45;1
109;69;6;95;15
109;69;6;96;14
109;69;6;1000;1
109;69;6;1001;1
109;69;6;1010;2
109;69;6;1055;4
109;69;6;1088;1
109;69;6;1111;4
109;69;6;1144;15
109;69;6;1200;1
109;69;6;1277;2
109;69;6;1300;1
109;69;6;1301;2
109;69;6;1313;1
109;69;6;1314;1
109;69;6;1323;2
109;69;6;1331;4
109;69;6;1333;3
109;69;6;1399;3
109;69;6;1515;42
109;69;6;1533;1
109;69;6;1800;1
109;69;6;2200;1
109;69;6;2211;2
109;69;6;2212;1
109;69;6;2222;58
109;69;6;2244;3
109;69;6;2255;1
109;69;6;2277;3
109;69;6;2288;8
109;69;6;2299;5
109;69;6;2333;1
109;69;6;2518;1
109;69;6;3300;2
109;69;6;4020;5
109;69;6;4040;6
109;69;6;4044;3
109;69;6;4055;11
109;69;6;4077;11
109;69;6;4422;3
109;69;6;4433;1
109;69;6;4445;1
109;69;6;4455;1
109;69;6;4466;1
109;69;6;4490;4
109;69;6;4555;2
109;69;6;5050;3
109;69;6;5077;2
109;69;6;5511;6
109;69;6;5533;2
109;69;6;5551;1
109;69;6;5555;1
109;69;6;6565;3
109;69;6;7711;2
109;69;6;7777;1
109;69;7;13;2
109;69;7;15;5
109;69;7;18;3
109;69;7;22;3
109;69;7;40;1
109;69;7;44;1
109;69;7;45;2
109;69;7;95;21
109;69;7;96;19
109;69;7;10000;1
109;69;7;10100;2
109;69;7;10123;1
109;69;7;10333;1
109;69;7;10369;1
109;69;7;10444;2
109;69;7;10678;1
109;69;7;11234;1
109;69;7;12123;1
109;69;7;13000;1
109;69;7;13013;3
109;69;7;13131;1
109;69;7;13132;2
109;69;7;13133;3
109;69;7;13444;1
109;69;7;13456;1
109;69;7;13700;3
109;69;7;13789;1
109;69;7;15222;2
109;69;7;15333;25
109;69;7;22000;1
109;69;7;22022;6
109;69;7;22190;4
109;69;7;22221;5
109;69;7;22222;23
109;69;7;22322;1
109;69;7;22580;3
109;69;7;22777;3
109;69;7;22822;1
109;69;7;22888;5
109;69;7;25555;2
109;69;7;33000;22
109;69;7;33111;3
109;69;7;33789;1
109;69;7;40100;1
109;69;7;40111;3
109;69;7;40114;1
109;69;7;40200;7
109;69;7;40222;1
109;69;7;40234;18
109;69;7;40555;8
109;69;7;40700;6
109;69;7;44789;1
109;69;7;45000;1
109;69;7;45111;3
109;69;7;45123;3
109;69;7;45678;4
109;69;7;45777;1
109;69;7;45999;5
109;69;7;50013;1
109;69;7;50555;3
109;69;7;55000;1
109;69;7;55111;1
109;69;7;55234;1
109;69;7;55555;1
109;69;7;55777;2
109;69;7;55888;1
109;69;7;65013;1
109;69;7;77123;23
109;69;5;95;48
109;69;5;96;74
109;69;5;162;1
109;69;5;180;111
109;69;5;222;105
109;69;5;300;1
109;69;5;400;118
109;69;5;445;118
109;69;5;800;2
109;69;3;13;113
109;69;3;30;1
109;69;3;45;132
109;69;3;80;1
109;69;3;95;11
109;69;3;96;31
109;70;1;13;151
109;70;1;14;1
109;70;1;22;78
109;70;1;27;1
109;70;1;55;3
109;70;1;70;9
109;70;1;95;12
109;70;1;96;13
109;70;6;13;1
109;70;6;22;1
109;70;6;33;1
109;70;6;40;2
109;70;6;70;1
109;70;6;77;1
109;70;6;95;17
109;70;6;96;7
109;70;6;1010;2
109;70;6;1055;6
109;70;6;1099;1
109;70;6;1144;30
109;70;6;1234;1
109;70;6;1256;1
109;70;6;1313;1
109;70;6;1314;1
109;70;6;1323;8
109;70;6;1331;2
109;70;6;1333;4
109;70;6;1515;47
109;70;6;1533;1
109;70;6;2200;1
109;70;6;2211;1
109;70;6;2222;35
109;70;6;2277;3
109;70;6;2288;8
109;70;6;2299;3
109;70;6;2333;1
109;70;6;2518;1
109;70;6;2525;1
109;70;6;3300;1
109;70;6;4000;1
109;70;6;4020;48
109;70;6;4040;2
109;70;6;4055;4
109;70;6;4077;6
109;70;6;4422;2
109;70;6;4444;2
109;70;6;4455;1
109;70;6;4490;1
109;70;6;4545;1
109;70;6;4555;2
109;70;6;5511;1
109;70;6;5522;1
109;70;6;5533;1
109;70;6;7030;1
109;70;6;7711;3
109;70;7;13;1
109;70;7;15;2
109;70;7;18;3
109;70;7;22;3
109;70;7;40;4
109;70;7;44;2
109;70;7;95;21
109;70;7;96;9
109;70;7;10123;2
109;70;7;10222;1
109;70;7;10444;1
109;70;7;10999;1
109;70;7;13013;4
109;70;7;13123;1
109;70;7;13132;1
109;70;7;13222;3
109;70;7;13333;6
109;70;7;13789;1
109;70;7;15333;23
109;70;7;22000;1
109;70;7;22022;1
109;70;7;22221;4
109;70;7;22222;11
109;70;7;22322;1
109;70;7;22580;2
109;70;7;22777;4
109;70;7;22888;10
109;70;7;25888;1
109;70;7;33000;22
109;70;7;33111;10
109;70;7;33456;1
109;70;7;40000;1
109;70;7;40200;55
109;70;7;40234;6
109;70;7;40500;1
109;70;7;40555;1
109;70;7;40700;2
109;70;7;40777;1
109;70;7;40888;1
109;70;7;45111;2
109;70;7;45123;4
109;70;7;45190;1
109;70;7;45678;3
109;70;7;45888;1
109;70;7;45999;1
109;70;7;55777;1
109;70;7;77123;30
109;70;5;95;64
109;70;5;96;61
109;70;5;180;120
109;70;5;222;79
109;70;5;400;123
109;70;5;445;89
109;70;3;13;132
109;70;3;30;1
109;70;3;35;2
109;70;3;45;99
109;70;3;95;15
109;70;3;96;19
109;71;1;13;173
109;71;1;14;4
109;71;1;21;1
109;71;1;22;77
109;71;1;55;2
109;71;1;70;1
109;71;1;95;2
109;71;1;96;3
109;71;6;12;1
109;71;6;13;2
109;71;6;15;1
109;71;6;18;1
109;71;6;44;1
109;71;6;95;14
109;71;6;96;4
109;71;6;1010;6
109;71;6;1055;2
109;71;6;1099;1
109;71;6;1144;28
109;71;6;1277;1
109;71;6;1290;1
109;71;6;1301;6
109;71;6;1313;1
109;71;6;1331;7
109;71;6;1333;1
109;71;6;1399;1
109;71;6;1515;80
109;71;6;1533;1
109;71;6;2200;1
109;71;6;2211;1
109;71;6;2222;27
109;71;6;2244;1
109;71;6;2277;1
109;71;6;2288;7
109;71;6;2299;2
109;71;6;2518;2
109;71;6;3300;3
109;71;6;4020;14
109;71;6;4040;1
109;71;6;4044;9
109;71;6;4055;3
109;71;6;4077;5
109;71;6;4422;1
109;71;6;4555;7
109;71;6;5511;8
109;71;6;5533;6
109;71;6;5555;1
109;71;6;7711;1
109;71;6;7744;1
109;71;6;7788;1
109;71;7;10;2
109;71;7;13;2
109;71;7;15;2
109;71;7;18;1
109;71;7;22;1
109;71;7;44;2
109;71;7;95;14
109;71;7;96;3
109;71;7;10100;6
109;71;7;10123;3
109;71;7;10444;1
109;71;7;10678;2
109;71;7;10999;1
109;71;7;12123;2
109;71;7;13013;4
109;71;7;13123;5
109;71;7;13131;2
109;71;7;13133;2
109;71;7;15222;1
109;71;7;15333;51
109;71;7;22022;5
109;71;7;22221;3
109;71;7;22222;9
109;71;7;22777;3
109;71;7;22888;8
109;71;7;33000;27
109;71;7;33456;1
109;71;7;40111;10
109;71;7;40200;9
109;71;7;40234;9
109;71;7;40400;1
109;71;7;40555;3
109;71;7;40700;3
109;71;7;40840;2
109;71;7;43640;1
109;71;7;45123;2
109;71;7;45678;2
109;71;7;45999;5
109;71;7;55011;1
109;71;7;55777;2
109;71;7;77123;49
109;71;7;77192;1
109;71;5;95;48
109;71;5;96;37
109;71;5;180;136
109;71;5;222;77
109;71;5;400;147
109;71;5;445;80
109;71;5;800;1
109;71;3;13;137
109;71;3;45;104
109;71;3;95;6
109;71;3;96;16
109;72;1;13;134
109;72;1;14;3
109;72;1;22;51
109;72;1;55;3
109;72;1;70;6
109;72;1;95;1
109;72;1;96;5
109;72;6;11;2
109;72;6;15;2
109;72;6;77;1
109;72;6;95;6
109;72;6;96;4
109;72;6;1001;2
109;72;6;1055;1
109;72;6;1111;2
109;72;6;1144;26
109;72;6;1300;1
109;72;6;1301;1
109;72;6;1313;1
109;72;6;1314;1
109;72;6;1323;3
109;72;6;1331;4
109;72;6;1511;1
109;72;6;1515;100
109;72;6;2200;1
109;72;6;2222;14
109;72;6;2233;3
109;72;6;2288;3
109;72;6;2299;2
109;72;6;2518;2
109;72;6;2555;1
109;72;6;4040;3
109;72;6;4044;3
109;72;6;4055;2
109;72;6;4077;1
109;72;6;4455;1
109;72;6;4545;1
109;72;6;5511;1
109;72;6;5533;1
109;72;6;5555;1
109;72;6;5588;1
109;72;6;6565;1
109;72;6;7700;1
109;72;6;7777;1
109;72;6;7788;1
109;72;7;10;1
109;72;7;11;1
109;72;7;13;1
109;72;7;15;2
109;72;7;18;3
109;72;7;22;1
109;72;7;40;1
109;72;7;44;2
109;72;7;95;6
109;72;7;96;2
109;72;7;10099;2
109;72;7;10222;1
109;72;7;10999;5
109;72;7;12123;1
109;72;7;13013;1
109;72;7;13123;1
109;72;7;13132;1
109;72;7;13333;3
109;72;7;15333;47
109;72;7;22022;2
109;72;7;22221;2
109;72;7;22222;6
109;72;7;33000;25
109;72;7;40100;1
109;72;7;40111;2
109;72;7;40200;2
109;72;7;40234;1
109;72;7;40456;1
109;72;7;40600;1
109;72;7;43640;3
109;72;7;45678;3
109;72;7;50013;1
109;72;7;55888;1
109;72;7;77123;70
109;72;5;95;21
109;72;5;96;37
109;72;5;180;112
109;72;5;222;50
109;72;5;400;125
109;72;5;445;61
109;72;3;13;113
109;72;3;45;76
109;72;3;95;4
109;72;3;96;10
109;73;1;13;175
109;73;1;14;6
109;73;1;22;96
109;73;1;30;1
109;73;1;55;5
109;73;1;70;3
109;73;1;95;3
109;73;1;96;8
109;73;6;12;1
109;73;6;15;1
109;73;6;22;2
109;73;6;40;1
109;73;6;45;1
109;73;6;95;16
109;73;6;96;7
109;73;6;1010;4
109;73;6;1055;2
109;73;6;1144;11
109;73;6;1222;1
109;73;6;1277;5
109;73;6;1301;6
109;73;6;1313;1
109;73;6;1314;1
109;73;6;1322;1
109;73;6;1323;1
109;73;6;1331;6
109;73;6;1333;3
109;73;6;1399;2
109;73;6;1515;67
109;73;6;1800;1
109;73;6;2200;1
109;73;6;2211;2
109;73;6;2212;1
109;73;6;2222;48
109;73;6;2233;1
109;73;6;2288;6
109;73;6;2299;3
109;73;6;2518;1
109;73;6;2525;1
109;73;6;3399;1
109;73;6;4001;1
109;73;6;4010;1
109;73;6;4020;14
109;73;6;4040;7
109;73;6;4055;16
109;73;6;4077;4
109;73;6;4343;2
109;73;6;4422;3
109;73;6;4433;1
109;73;6;4444;2
109;73;6;4445;2
109;73;6;4455;1
109;73;6;4466;1
109;73;6;4490;2
109;73;6;4548;3
109;73;6;4555;1
109;73;6;5005;2
109;73;6;5050;3
109;73;6;5077;3
109;73;6;5511;14
109;73;6;5522;1
109;73;6;5555;1
109;73;6;5588;2
109;73;6;6565;2
109;73;6;7777;1
109;73;6;7788;1
109;73;7;12;1
109;73;7;15;1
109;73;7;18;1
109;73;7;22;5
109;73;7;40;2
109;73;7;50;1
109;73;7;95;20
109;73;7;96;11
109;73;7;10010;1
109;73;7;10123;2
109;73;7;12123;1
109;73;7;13000;2
109;73;7;13013;6
109;73;7;13123;1
109;73;7;13131;2
109;73;7;13132;1
109;73;7;13133;1
109;73;7;13234;1
109;73;7;13258;1
109;73;7;13456;1
109;73;7;13777;1
109;73;7;15000;1
109;73;7;15333;33
109;73;7;22000;3
109;73;7;22022;4
109;73;7;22190;5
109;73;7;22220;1
109;73;7;22221;5
109;73;7;22222;16
109;73;7;22223;2
109;73;7;22444;1
109;73;7;22580;1
109;73;7;22777;1
109;73;7;22888;7
109;73;7;25555;1
109;73;7;30222;2
109;73;7;33000;36
109;73;7;40000;1
109;73;7;40123;1
109;73;7;40200;17
109;73;7;40234;8
109;73;7;40456;1
109;73;7;40555;15
109;73;7;40700;3
109;73;7;40777;1
109;73;7;40840;1
109;73;7;40999;1
109;73;7;43640;1
109;73;7;44111;2
109;73;7;44456;1
109;73;7;45123;2
109;73;7;45190;2
109;73;7;45222;1
109;73;7;45678;2
109;73;7;45777;6
109;73;7;45999;2
109;73;7;50013;6
109;73;7;50180;1
109;73;7;50500;1
109;73;7;50555;10
109;73;7;55555;1
109;73;7;55777;1
109;73;7;77123;27
109;73;5;95;38
109;73;5;96;62
109;73;5;180;139
109;73;5;222;94
109;73;5;400;147
109;73;5;445;112
109;73;5;800;2
109;73;3;13;140
109;73;3;14;2
109;73;3;30;1
109;73;3;45;132
109;73;3;80;1
109;73;3;95;8
109;73;3;96;13
109;74;1;13;146
109;74;1;14;4
109;74;1;22;75
109;74;1;55;3
109;74;1;70;3
109;74;1;95;5
109;74;1;96;3
109;74;6;12;1
109;74;6;13;1
109;74;6;95;9
109;74;6;96;1
109;74;6;1010;1
109;74;6;1022;1
109;74;6;1055;1
109;74;6;1144;10
109;74;6;1233;1
109;74;6;1290;1
109;74;6;1301;1
109;74;6;1313;2
109;74;6;1323;7
109;74;6;1331;2
109;74;6;1399;1
109;74;6;1414;1
109;74;6;1511;5
109;74;6;1515;100
109;74;6;1555;1
109;74;6;1577;1
109;74;6;2222;37
109;74;6;2277;7
109;74;6;2288;4
109;74;6;2299;4
109;74;6;2518;4
109;74;6;2589;1
109;74;6;4020;4
109;74;6;4040;2
109;74;6;4044;4
109;74;6;4055;2
109;74;6;4422;2
109;74;6;4433;1
109;74;6;4445;1
109;74;6;4490;8
109;74;6;4545;1
109;74;6;5050;1
109;74;6;5055;1
109;74;6;5077;1
109;74;6;5511;4
109;74;6;5588;1
109;74;6;7700;1
109;74;7;12;1
109;74;7;13;1
109;74;7;15;2
109;74;7;18;3
109;74;7;40;1
109;74;7;95;9
109;74;7;96;3
109;74;7;10123;1
109;74;7;10222;1
109;74;7;11100;1
109;74;7;13013;1
109;74;7;13131;1
109;74;7;13133;1
109;74;7;13234;1
109;74;7;13333;7
109;74;7;13444;1
109;74;7;15222;1
109;74;7;15333;86
109;74;7;22026;1
109;74;7;22190;2
109;74;7;22221;4
109;74;7;22222;9
109;74;7;22322;1
109;74;7;22777;9
109;74;7;22888;6
109;74;7;33000;11
109;74;7;40111;1
109;74;7;40200;2
109;74;7;40222;1
109;74;7;40555;1
109;74;7;40777;1
109;74;7;45123;2
109;74;7;45190;2
109;74;7;45222;1
109;74;7;45678;3
109;74;7;45999;1
109;74;7;50555;3
109;74;7;77111;1
109;74;7;77123;55
109;74;5;95;29
109;74;5;96;33
109;74;5;180;121
109;74;5;222;71
109;74;5;300;2
109;74;5;400;135
109;74;5;445;84
109;74;5;800;3
109;74;3;13;118
109;74;3;14;3
109;74;3;45;104
109;74;3;95;7
109;74;3;96;7
109;75;1;13;151
109;75;1;22;54
109;75;1;55;2
109;75;1;70;3
109;75;1;95;3
109;75;1;96;8
109;75;6;11;1
109;75;6;12;1
109;75;6;15;1
109;75;6;77;2
109;75;6;95;6
109;75;6;96;2
109;75;6;1001;1
109;75;6;1010;2
109;75;6;1055;2
109;75;6;1144;44
109;75;6;1200;1
109;75;6;1234;1
109;75;6;1277;2
109;75;6;1300;1
109;75;6;1301;2
109;75;6;1313;1
109;75;6;1314;2
109;75;6;1323;3
109;75;6;1331;1
109;75;6;1333;3
109;75;6;1511;1
109;75;6;1515;83
109;75;6;1516;1
109;75;6;1800;1
109;75;6;2200;1
109;75;6;2222;13
109;75;6;2244;3
109;75;6;2277;1
109;75;6;2288;1
109;75;6;2299;1
109;75;6;2518;2
109;75;6;2525;1
109;75;6;2580;1
109;75;6;3300;3
109;75;6;4020;5
109;75;6;4040;3
109;75;6;4055;1
109;75;6;4077;1
109;75;6;4343;3
109;75;6;4422;4
109;75;6;4445;5
109;75;6;4545;1
109;75;6;4555;1
109;75;6;5050;1
109;75;6;5511;1
109;75;6;5588;3
109;75;7;10;2
109;75;7;11;1
109;75;7;12;3
109;75;7;13;2
109;75;7;15;2
109;75;7;18;1
109;75;7;22;3
109;75;7;44;3
109;75;7;65;1
109;75;7;95;7
109;75;7;96;4
109;75;7;10123;1
109;75;7;10222;1
109;75;7;10234;2
109;75;7;10333;1
109;75;7;10678;1
109;75;7;10999;7
109;75;7;12123;3
109;75;7;13132;1
109;75;7;13180;1
109;75;7;13333;1
109;75;7;15333;6
109;75;7;22221;1
109;75;7;22222;3
109;75;7;22223;2
109;75;7;22777;1
109;75;7;33000;70
109;75;7;40200;1
109;75;7;40456;1
109;75;7;40500;1
109;75;7;45678;5
109;75;7;55888;1
109;75;7;77123;81
109;75;5;95;20
109;75;5;96;46
109;75;5;180;111
109;75;5;222;59
109;75;5;400;131
109;75;5;445;75
109;75;3;13;120
109;75;3;45;84
109;75;3;95;3
109;75;3;96;14
109;76;1;13;154
109;76;1;14;2
109;76;1;22;100
109;76;1;70;3
109;76;1;95;9
109;76;1;96;15
109;76;6;13;1
109;76;6;14;1
109;76;6;15;1
109;76;6;95;12
109;76;6;96;14
109;76;6;1000;1
109;76;6;1010;5
109;76;6;1055;5
109;76;6;1144;8
109;76;6;1212;1
109;76;6;1234;1
109;76;6;1277;5
109;76;6;1301;4
109;76;6;1313;1
109;76;6;1314;2
109;76;6;1323;2
109;76;6;1331;3
109;76;6;1333;9
109;76;6;1399;1
109;76;6;1500;1
109;76;6;1515;45
109;76;6;1555;1
109;76;6;1800;2
109;76;6;2200;2
109;76;6;2211;4
109;76;6;2222;60
109;76;6;2233;1
109;76;6;2244;3
109;76;6;2270;1
109;76;6;2277;2
109;76;6;2288;7
109;76;6;2299;1
109;76;6;2333;2
109;76;6;4020;9
109;76;6;4040;4
109;76;6;4044;2
109;76;6;4055;11
109;76;6;4077;12
109;76;6;4400;1
109;76;6;4422;1
109;76;6;4433;1
109;76;6;4444;1
109;76;6;4522;1
109;76;6;5000;1
109;76;6;5050;4
109;76;6;5077;2
109;76;6;5511;9
109;76;6;5533;2
109;76;6;5551;1
109;76;6;5555;1
109;76;6;5588;3
109;76;6;6565;2
109;76;6;7711;1
109;76;6;7777;2
109;76;6;7788;3
109;76;7;11;1
109;76;7;18;2
109;76;7;22;1
109;76;7;40;2
109;76;7;44;1
109;76;7;95;17
109;76;7;96;16
109;76;7;10123;5
109;76;7;10222;3
109;76;7;10444;3
109;76;7;10999;1
109;76;7;13000;1
109;76;7;13013;7
109;76;7;13113;2
109;76;7;13123;2
109;76;7;13131;4
109;76;7;13132;1
109;76;7;13133;3
109;76;7;13234;2
109;76;7;13258;1
109;76;7;13333;3
109;76;7;13456;1
109;76;7;13700;1
109;76;7;15000;1
109;76;7;15333;18
109;76;7;22022;10
109;76;7;22220;1
109;76;7;22221;10
109;76;7;22222;16
109;76;7;22223;2
109;76;7;22322;3
109;76;7;22580;2
109;76;7;22777;3
109;76;7;22888;2
109;76;7;25555;4
109;76;7;33000;23
109;76;7;33111;3
109;76;7;40000;1
109;76;7;40111;1
109;76;7;40123;1
109;76;7;40200;12
109;76;7;40234;17
109;76;7;40555;7
109;76;7;40600;1
109;76;7;40700;1
109;76;7;40789;2
109;76;7;40999;1
109;76;7;43000;1
109;76;7;43640;1
109;76;7;44444;1
109;76;7;45111;1
109;76;7;45222;1
109;76;7;45555;1
109;76;7;45633;1
109;76;7;45678;3
109;76;7;45777;2
109;76;7;45800;1
109;76;7;45888;3
109;76;7;45999;9
109;76;7;50113;1
109;76;7;50555;5
109;76;7;55111;2
109;76;7;55888;3
109;76;7;65013;1
109;76;7;77123;23
109;76;7;77888;1
109;76;5;95;51
109;76;5;96;61
109;76;5;180;121
109;76;5;222;103
109;76;5;300;1
109;76;5;400;124
109;76;5;445;104
109;76;5;800;1
109;76;3;13;110
109;76;3;30;2
109;76;3;45;135
109;76;3;95;14
109;76;3;96;22
109;78;1;13;131
109;78;1;14;2
109;78;1;22;53
109;78;1;55;1
109;78;1;70;5
109;78;1;95;8
109;78;1;96;12
109;78;6;13;2
109;78;6;18;1
109;78;6;40;1
109;78;6;95;14
109;78;6;96;11
109;78;6;1010;1
109;78;6;1055;2
109;78;6;1122;1
109;78;6;1144;7
109;78;6;1212;2
109;78;6;1301;1
109;78;6;1313;2
109;78;6;1314;1
109;78;6;1323;1
109;78;6;1331;2
109;78;6;1333;1
109;78;6;1467;1
109;78;6;1515;74
109;78;6;1516;1
109;78;6;1555;3
109;78;6;2222;21
109;78;6;2277;5
109;78;6;2299;1
109;78;6;2333;3
109;78;6;2525;1
109;78;6;2555;1
109;78;6;3300;2
109;78;6;4020;11
109;78;6;4040;3
109;78;6;4044;1
109;78;6;4055;16
109;78;6;4077;2
109;78;6;4400;2
109;78;6;4422;1
109;78;6;4490;1
109;78;6;4555;2
109;78;6;5511;5
109;78;6;5555;1
109;78;6;6565;1
109;78;6;7788;3
109;78;7;13;3
109;78;7;18;1
109;78;7;22;2
109;78;7;40;3
109;78;7;45;2
109;78;7;77;1
109;78;7;95;14
109;78;7;96;12
109;78;7;10000;1
109;78;7;10222;1
109;78;7;10234;1
109;78;7;10444;1
109;78;7;12002;2
109;78;7;12123;1
109;78;7;13000;1
109;78;7;13013;1
109;78;7;13111;1
109;78;7;13113;1
109;78;7;13123;1
109;78;7;13130;1
109;78;7;13131;2
109;78;7;13132;4
109;78;7;13133;17
109;78;7;13333;1
109;78;7;13444;3
109;78;7;13456;1
109;78;7;15333;19
109;78;7;22022;2
109;78;7;22221;3
109;78;7;22222;9
109;78;7;22580;2
109;78;7;22777;6
109;78;7;22822;1
109;78;7;25555;1
109;78;7;33000;35
109;78;7;33456;1
109;78;7;40111;1
109;78;7;40114;1
109;78;7;40200;10
109;78;7;40234;4
109;78;7;40555;13
109;78;7;45123;5
109;78;7;45678;1
109;78;7;55111;1
109;78;7;77123;17
109;78;7;77888;1
109;78;5;95;47
109;78;5;96;58
109;78;5;180;100
109;78;5;222;57
109;78;5;400;110
109;78;5;445;51
109;78;5;800;1
109;78;3;13;105
109;78;3;14;1
109;78;3;45;73
109;78;3;95;12
109;78;3;96;21
109;79;1;13;174
109;79;1;14;5
109;79;1;16;1
109;79;1;22;57
109;79;1;70;5
109;79;1;95;5
109;79;1;96;4
109;79;6;11;1
109;79;6;13;4
109;79;6;15;1
109;79;6;18;1
109;79;6;22;1
109;79;6;77;1
109;79;6;95;13
109;79;6;96;5
109;79;6;1010;4
109;79;6;1011;1
109;79;6;1055;1
109;79;6;1144;30
109;79;6;1222;2
109;79;6;1234;1
109;79;6;1301;4
109;79;6;1313;2
109;79;6;1314;1
109;79;6;1331;7
109;79;6;1414;1
109;79;6;1500;1
109;79;6;1515;73
109;79;6;1533;1
109;79;6;2200;3
109;79;6;2211;1
109;79;6;2222;30
109;79;6;2233;1
109;79;6;2288;1
109;79;6;2299;1
109;79;6;2333;1
109;79;6;3300;2
109;79;6;4020;9
109;79;6;4040;3
109;79;6;4044;9
109;79;6;4055;6
109;79;6;4077;3
109;79;6;4422;1
109;79;6;4455;1
109;79;6;4555;6
109;79;6;5050;1
109;79;6;5511;9
109;79;6;5533;4
109;79;6;5555;1
109;79;6;7711;2
109;79;7;10;1
109;79;7;13;2
109;79;7;15;6
109;79;7;18;3
109;79;7;22;1
109;79;7;33;1
109;79;7;95;13
109;79;7;96;6
109;79;7;10100;4
109;79;7;10123;2
109;79;7;10222;3
109;79;7;13013;1
109;79;7;13113;1
109;79;7;13123;1
109;79;7;13131;1
109;79;7;13132;1
109;79;7;13133;3
109;79;7;13223;1
109;79;7;15000;1
109;79;7;15222;1
109;79;7;15333;55
109;79;7;22022;4
109;79;7;22190;1
109;79;7;22221;7
109;79;7;22222;11
109;79;7;22223;1
109;79;7;22580;1
109;79;7;22777;1
109;79;7;25555;1
109;79;7;30222;2
109;79;7;33000;23
109;79;7;40100;1
109;79;7;40111;8
109;79;7;40200;6
109;79;7;40234;9
109;79;7;40555;4
109;79;7;40700;4
109;79;7;40777;1
109;79;7;40840;1
109;79;7;44455;1
109;79;7;44555;1
109;79;7;45123;1
109;79;7;45333;1
109;79;7;45999;4
109;79;7;50013;1
109;79;7;50555;3
109;79;7;55111;1
109;79;7;55777;1
109;79;7;77123;43
109;79;5;95;56
109;79;5;96;51
109;79;5;180;134
109;79;5;222;57
109;79;5;300;3
109;79;5;400;142
109;79;5;445;58
109;79;5;800;1
109;79;3;13;136
109;79;3;45;92
109;79;3;95;14
109;79;3;96;9
109;80;1;13;159
109;80;1;14;5
109;80;1;16;1
109;80;1;22;78
109;80;1;70;9
109;80;1;95;8
109;80;1;96;8
109;80;6;11;1
109;80;6;13;4
109;80;6;14;1
109;80;6;15;1
109;80;6;22;2
109;80;6;45;1
109;80;6;50;1
109;80;6;95;22
109;80;6;96;22
109;80;6;1000;1
109;80;6;1010;4
109;80;6;1055;3
109;80;6;1144;7
109;80;6;1234;3
109;80;6;1277;3
109;80;6;1301;2
109;80;6;1322;1
109;80;6;1323;8
109;80;6;1331;2
109;80;6;1333;5
109;80;6;1388;1
109;80;6;1414;1
109;80;6;1515;48
109;80;6;2200;2
109;80;6;2211;1
109;80;6;2222;37
109;80;6;2234;1
109;80;6;2277;2
109;80;6;2299;1
109;80;6;2518;5
109;80;6;2525;2
109;80;6;2555;1
109;80;6;2580;1
109;80;6;4000;1
109;80;6;4001;2
109;80;6;4020;10
109;80;6;4040;3
109;80;6;4044;3
109;80;6;4055;4
109;80;6;4077;16
109;80;6;4422;5
109;80;6;4488;1
109;80;6;4490;2
109;80;6;4546;1
109;80;6;4548;1
109;80;6;4555;1
109;80;6;5050;3
109;80;6;5077;1
109;80;6;5511;11
109;80;6;5533;3
109;80;6;5580;1
109;80;6;5588;2
109;80;7;13;3
109;80;7;15;1
109;80;7;18;2
109;80;7;30;1
109;80;7;33;1
109;80;7;40;4
109;80;7;45;1
109;80;7;95;26
109;80;7;96;26
109;80;7;10000;1
109;80;7;10015;1
109;80;7;10100;4
109;80;7;10123;1
109;80;7;10222;1
109;80;7;10444;1
109;80;7;10678;3
109;80;7;12123;1
109;80;7;13013;3
109;80;7;13123;2
109;80;7;13131;2
109;80;7;13132;3
109;80;7;13133;3
109;80;7;13234;1
109;80;7;13258;2
109;80;7;13333;7
109;80;7;13444;4
109;80;7;13789;1
109;80;7;15333;36
109;80;7;22022;7
109;80;7;22190;1
109;80;7;22221;7
109;80;7;22222;16
109;80;7;22223;1
109;80;7;22580;1
109;80;7;22777;1
109;80;7;25555;1
109;80;7;30111;1
109;80;7;30222;2
109;80;7;33000;15
109;80;7;33456;1
109;80;7;40111;1
109;80;7;40200;7
109;80;7;40234;16
109;80;7;40500;1
109;80;7;40555;4
109;80;7;40600;2
109;80;7;40700;3
109;80;7;40777;3
109;80;7;44090;1
109;80;7;45645;1
109;80;7;45800;1
109;80;7;45999;1
109;80;7;50013;1
109;80;7;50113;1
109;80;7;50555;3
109;80;7;55000;1
109;80;7;77123;25
109;80;5;95;56
109;80;5;96;85
109;80;5;180;120
109;80;5;222;68
109;80;5;300;1
109;80;5;400;136
109;80;5;445;70
109;80;3;13;122
109;80;3;45;112
109;80;3;95;11
109;80;3;96;23
109;81;1;13;169
109;81;1;14;1
109;81;1;22;105
109;81;1;30;1
109;81;1;55;1
109;81;1;70;4
109;81;1;95;3
109;81;1;96;15
109;81;6;15;2
109;81;6;18;1
109;81;6;22;1
109;81;6;40;1
109;81;6;50;1
109;81;6;95;11
109;81;6;96;12
109;81;6;1010;3
109;81;6;1055;3
109;81;6;1144;43
109;81;6;1212;1
109;81;6;1234;1
109;81;6;1277;1
109;81;6;1301;5
109;81;6;1313;2
109;81;6;1323;3
109;81;6;1331;1
109;81;6;1333;3
109;81;6;1414;1
109;81;6;1515;95
109;81;6;1544;1
109;81;6;2222;60
109;81;6;2255;1
109;81;6;2277;2
109;81;6;2288;1
109;81;6;2555;1
109;81;6;3007;1
109;81;6;3300;1
109;81;6;4020;6
109;81;6;4040;1
109;81;6;4055;16
109;81;6;4077;2
109;81;6;4422;3
109;81;6;4444;1
109;81;6;4455;1
109;81;6;4477;1
109;81;6;4555;1
109;81;6;5050;3
109;81;6;5511;3
109;81;6;5555;1
109;81;6;7700;1
109;81;7;11;1
109;81;7;13;3
109;81;7;15;1
109;81;7;18;1
109;81;7;22;2
109;81;7;30;1
109;81;7;40;6
109;81;7;44;1
109;81;7;50;1
109;81;7;95;19
109;81;7;96;12
109;81;7;10123;3
109;81;7;12123;1
109;81;7;13013;1
109;81;7;13111;1
109;81;7;13123;20
109;81;7;13132;1
109;81;7;13133;2
109;81;7;13333;2
109;81;7;13456;1
109;81;7;15000;2
109;81;7;15222;1
109;81;7;15333;41
109;81;7;22022;3
109;81;7;22221;5
109;81;7;22222;26
109;81;7;22223;2
109;81;7;22322;1
109;81;7;22777;4
109;81;7;22822;1
109;81;7;22888;1
109;81;7;30123;1
109;81;7;33000;41
109;81;7;33789;1
109;81;7;40000;1
109;81;7;40200;41
109;81;7;40234;3
109;81;7;40555;14
109;81;7;40999;1
109;81;7;43777;1
109;81;7;44010;1
109;81;7;44422;1
109;81;7;45111;1
109;81;7;45123;2
109;81;7;45190;1
109;81;7;45200;1
109;81;7;45678;3
109;81;7;45800;1
109;81;7;45999;1
109;81;7;50113;1
109;81;7;50180;1
109;81;7;50555;4
109;81;7;55777;1
109;81;7;77123;8
109;81;7;77888;1
109;81;5;95;46
109;81;5;96;78
109;81;5;162;2
109;81;5;180;123
109;81;5;222;107
109;81;5;300;1
109;81;5;400;125
109;81;5;445;115
109;81;5;800;1
109;81;3;13;118
109;81;3;16;1
109;81;3;30;3
109;81;3;45;146
109;81;3;95;9
109;81;3;96;22
109;82;1;13;180
109;82;1;14;2
109;82;1;22;68
109;82;1;55;3
109;82;1;70;7
109;82;1;95;8
109;82;1;96;6
109;82;6;10;1
109;82;6;12;1
109;82;6;13;3
109;82;6;15;2
109;82;6;22;1
109;82;6;95;18
109;82;6;96;8
109;82;6;1010;4
109;82;6;1022;1
109;82;6;1055;3
109;82;6;1099;1
109;82;6;1144;15
109;82;6;1277;3
109;82;6;1313;1
109;82;6;1323;4
109;82;6;1331;1
109;82;6;1333;3
109;82;6;1414;1
109;82;6;1511;1
109;82;6;1515;96
109;82;6;1525;1
109;82;6;1555;3
109;82;6;1800;1
109;82;6;2200;1
109;82;6;2222;35
109;82;6;2233;1
109;82;6;2277;4
109;82;6;2288;2
109;82;6;2299;10
109;82;6;2518;2
109;82;6;2555;1
109;82;6;2580;6
109;82;6;4001;1
109;82;6;4020;8
109;82;6;4040;2
109;82;6;4044;5
109;82;6;4055;6
109;82;6;4077;2
109;82;6;4422;1
109;82;6;4455;1
109;82;6;4548;2
109;82;6;4555;2
109;82;6;5050;1
109;82;6;5511;3
109;82;6;5522;1
109;82;6;5533;1
109;82;6;5551;1
109;82;6;7700;1
109;82;6;7788;1
109;82;7;11;1
109;82;7;13;2
109;82;7;15;1
109;82;7;18;8
109;82;7;25;1
109;82;7;30;1
109;82;7;40;4
109;82;7;45;4
109;82;7;95;20
109;82;7;96;14
109;82;7;10123;2
109;82;7;10222;5
109;82;7;10333;3
109;82;7;10999;5
109;82;7;11100;1
109;82;7;13000;2
109;82;7;13013;4
109;82;7;13132;2
109;82;7;13133;1
109;82;7;13333;3
109;82;7;13444;2
109;82;7;13456;2
109;82;7;15333;41
109;82;7;22022;5
109;82;7;22221;8
109;82;7;22222;7
109;82;7;22223;1
109;82;7;22580;1
109;82;7;22777;6
109;82;7;22888;1
109;82;7;30000;1
109;82;7;33000;43
109;82;7;33190;1
109;82;7;40140;1
109;82;7;40200;9
109;82;7;40234;2
109;82;7;40555;2
109;82;7;40700;10
109;82;7;44810;1
109;82;7;45123;1
109;82;7;45200;1
109;82;7;45456;1
109;82;7;45678;3
109;82;7;45777;3
109;82;7;45999;7
109;82;7;50013;1
109;82;7;50555;1
109;82;7;77123;28
109;82;5;95;64
109;82;5;96;83
109;82;5;180;125
109;82;5;222;72
109;82;5;300;1
109;82;5;400;126
109;82;5;445;77
109;82;3;13;142
109;82;3;45;97
109;82;3;80;1
109;82;3;95;16
109;82;3;96;18
109;83;1;13;136
109;83;1;21;2
109;83;1;22;97
109;83;1;70;4
109;83;1;95;3
109;83;1;96;7
109;83;6;11;2
109;83;6;13;2
109;83;6;45;1
109;83;6;50;1
109;83;6;65;1
109;83;6;95;13
109;83;6;96;8
109;83;6;1010;3
109;83;6;1026;1
109;83;6;1055;2
109;83;6;1144;10
109;83;6;1212;3
109;83;6;1277;1
109;83;6;1301;1
109;83;6;1313;1
109;83;6;1314;2
109;83;6;1315;1
109;83;6;1323;6
109;83;6;1331;3
109;83;6;1333;4
109;83;6;1399;1
109;83;6;1515;78
109;83;6;1555;1
109;83;6;1800;2
109;83;6;2210;1
109;83;6;2211;2
109;83;6;2222;45
109;83;6;2270;1
109;83;6;2277;3
109;83;6;2288;1
109;83;6;4020;12
109;83;6;4040;1
109;83;6;4055;10
109;83;6;4077;10
109;83;6;4343;1
109;83;6;4422;2
109;83;6;4490;1
109;83;6;4599;1
109;83;6;5511;4
109;83;6;5533;3
109;83;6;5551;2
109;83;6;6565;1
109;83;7;13;3
109;83;7;15;1
109;83;7;18;2
109;83;7;33;1
109;83;7;40;3
109;83;7;44;1
109;83;7;95;14
109;83;7;96;12
109;83;7;10015;1
109;83;7;10100;2
109;83;7;10123;2
109;83;7;10444;1
109;83;7;13013;4
109;83;7;13123;1
109;83;7;13131;4
109;83;7;13132;1
109;83;7;13333;5
109;83;7;13444;2
109;83;7;13789;1
109;83;7;15333;30
109;83;7;22022;3
109;83;7;22111;1
109;83;7;22190;1
109;83;7;22221;8
109;83;7;22222;17
109;83;7;22322;2
109;83;7;22777;4
109;83;7;22822;1
109;83;7;22888;5
109;83;7;33000;39
109;83;7;33111;3
109;83;7;40000;1
109;83;7;40111;1
109;83;7;40200;12
109;83;7;40234;12
109;83;7;40555;6
109;83;7;40700;1
109;83;7;40777;3
109;83;7;43640;1
109;83;7;44090;1
109;83;7;44111;1
109;83;7;45123;2
109;83;7;45190;1
109;83;7;45555;2
109;83;7;45678;3
109;83;7;45999;5
109;83;7;50555;3
109;83;7;55777;1
109;83;7;77123;18
109;83;5;95;44
109;83;5;96;42
109;83;5;180;109
109;83;5;222;88
109;83;5;300;1
109;83;5;400;115
109;83;5;445;98
109;83;5;800;1
109;83;3;13;112
109;83;3;35;1
109;83;3;45;110
109;83;3;95;12
109;83;3;96;14
109;84;1;13;145
109;84;1;14;6
109;84;1;22;113
109;84;1;70;6
109;84;1;95;4
109;84;1;96;7
109;84;6;13;2
109;84;6;22;2
109;84;6;95;16
109;84;6;96;10
109;84;6;1001;1
109;84;6;1010;4
109;84;6;1055;5
109;84;6;1111;1
109;84;6;1144;15
109;84;6;1234;1
109;84;6;1277;2
109;84;6;1301;5
109;84;6;1315;1
109;84;6;1333;2
109;84;6;1400;1
109;84;6;1414;2
109;84;6;1511;1
109;84;6;1515;36
109;84;6;1520;1
109;84;6;1800;1
109;84;6;2030;1
109;84;6;2200;2
109;84;6;2211;2
109;84;6;2222;65
109;84;6;2233;2
109;84;6;2244;2
109;84;6;2252;1
109;84;6;2277;6
109;84;6;2288;7
109;84;6;2299;2
109;84;6;2518;1
109;84;6;2548;1
109;84;6;2555;1
109;84;6;4020;8
109;84;6;4040;5
109;84;6;4044;3
109;84;6;4055;25
109;84;6;4077;7
109;84;6;4422;3
109;84;6;4433;1
109;84;6;4444;1
109;84;6;4455;1
109;84;6;4490;1
109;84;6;5050;5
109;84;6;5077;2
109;84;6;5511;11
109;84;6;5522;2
109;84;6;5533;1
109;84;6;5588;2
109;84;6;7777;1
109;84;7;10;1
109;84;7;13;1
109;84;7;22;1
109;84;7;40;5
109;84;7;45;1
109;84;7;55;1
109;84;7;95;15
109;84;7;96;14
109;84;7;10100;1
109;84;7;10123;3
109;84;7;10222;2
109;84;7;10444;1
109;84;7;12123;1
109;84;7;13013;1
109;84;7;13111;1
109;84;7;13113;1
109;84;7;13123;1
109;84;7;13131;2
109;84;7;13132;1
109;84;7;13133;3
109;84;7;13234;1
109;84;7;13700;2
109;84;7;13789;2
109;84;7;15333;15
109;84;7;22000;2
109;84;7;22022;3
109;84;7;22190;3
109;84;7;22221;9
109;84;7;22222;20
109;84;7;22322;1
109;84;7;22345;1
109;84;7;22522;1
109;84;7;22762;1
109;84;7;22777;9
109;84;7;22822;1
109;84;7;22888;3
109;84;7;25555;2
109;84;7;25888;2
109;84;7;30222;1
109;84;7;33000;24
109;84;7;40111;4
109;84;7;40200;10
109;84;7;40222;1
109;84;7;40234;22
109;84;7;40555;23
109;84;7;40700;3
109;84;7;44010;1
109;84;7;44111;2
109;84;7;44444;1
109;84;7;45111;1
109;84;7;45123;2
109;84;7;45190;1
109;84;7;45678;2
109;84;7;45800;1
109;84;7;45999;3
109;84;7;50013;1
109;84;7;50180;2
109;84;7;50555;8
109;84;7;55011;1
109;84;7;55111;1
109;84;7;55777;2
109;84;7;65656;1
109;84;7;77123;27
109;84;7;77888;1
109;84;5;95;44
109;84;5;96;51
109;84;5;180;111
109;84;5;222;107
109;84;5;300;3
109;84;5;400;123
109;84;5;445;120
109;84;5;800;3
109;84;3;13;115
109;84;3;14;1
109;84;3;45;142
109;84;3;95;6
109;84;3;96;17
109;85;1;13;142
109;85;1;14;7
109;85;1;22;73
109;85;1;70;6
109;85;1;95;4
109;85;1;96;7
109;85;6;12;1
109;85;6;13;3
109;85;6;15;1
109;85;6;45;1
109;85;6;95;8
109;85;6;96;14
109;85;6;1010;1
109;85;6;1055;1
109;85;6;1144;7
109;85;6;1277;1
109;85;6;1301;1
109;85;6;1312;1
109;85;6;1313;2
109;85;6;1322;1
109;85;6;1323;1
109;85;6;1331;2
109;85;6;1333;4
109;85;6;1399;2
109;85;6;1414;1
109;85;6;1441;1
109;85;6;1510;1
109;85;6;1515;32
109;85;6;1520;1
109;85;6;1800;1
109;85;6;2026;1
109;85;6;2211;2
109;85;6;2212;1
109;85;6;2222;36
109;85;6;2252;1
109;85;6;2277;5
109;85;6;2288;2
109;85;6;2299;3
109;85;6;2333;1
109;85;6;2518;3
109;85;6;4000;1
109;85;6;4001;1
109;85;6;4020;14
109;85;6;4040;5
109;85;6;4044;2
109;85;6;4055;15
109;85;6;4077;26
109;85;6;4422;3
109;85;6;4445;3
109;85;6;5050;5
109;85;6;5077;2
109;85;6;5511;7
109;85;6;5533;4
109;85;6;5555;1
109;85;6;6565;1
109;85;6;7777;1
109;85;6;7788;4
109;85;7;13;2
109;85;7;18;1
109;85;7;22;2
109;85;7;40;3
109;85;7;44;2
109;85;7;45;1
109;85;7;95;10
109;85;7;96;12
109;85;7;10444;1
109;85;7;10879;1
109;85;7;11456;2
109;85;7;13013;5
109;85;7;13123;1
109;85;7;13130;1
109;85;7;13132;3
109;85;7;13133;3
109;85;7;13234;2
109;85;7;13444;1
109;85;7;13456;1
109;85;7;15333;16
109;85;7;15678;1
109;85;7;15888;1
109;85;7;22022;8
109;85;7;22190;5
109;85;7;22221;1
109;85;7;22222;12
109;85;7;22322;1
109;85;7;22580;1
109;85;7;22777;8
109;85;7;25555;1
109;85;7;30222;3
109;85;7;33000;17
109;85;7;40200;10
109;85;7;40222;1
109;85;7;40234;45
109;85;7;40456;1
109;85;7;40555;8
109;85;7;40600;1
109;85;7;40700;3
109;85;7;40999;1
109;85;7;45411;1
109;85;7;45450;1
109;85;7;45678;7
109;85;7;45999;2
109;85;7;50013;4
109;85;7;50180;1
109;85;7;50555;7
109;85;7;55555;1
109;85;7;55888;2
109;85;7;77123;10
109;85;7;77888;4
109;85;5;95;38
109;85;5;96;56
109;85;5;180;98
109;85;5;222;77
109;85;5;290;1
109;85;5;300;1
109;85;5;400;110
109;85;5;445;95
109;85;5;800;2
109;85;3;13;89
109;85;3;14;1
109;85;3;35;1
109;85;3;45;133
109;85;3;95;7
109;85;3;96;8
109;86;1;13;142
109;86;1;14;5
109;86;1;22;114
109;86;1;55;1
109;86;1;70;13
109;86;1;95;6
109;86;1;96;11
109;86;6;13;2
109;86;6;40;1
109;86;6;43;1
109;86;6;95;15
109;86;6;96;9
109;86;6;1010;1
109;86;6;1055;6
109;86;6;1111;1
109;86;6;1144;16
109;86;6;1234;1
109;86;6;1301;5
109;86;6;1314;2
109;86;6;1315;1
109;86;6;1323;1
109;86;6;1331;2
109;86;6;1333;1
109;86;6;1414;1
109;86;6;1511;1
109;86;6;1515;75
109;86;6;1555;2
109;86;6;1818;2
109;86;6;2200;2
109;86;6;2211;1
109;86;6;2222;60
109;86;6;2244;1
109;86;6;2277;3
109;86;6;2288;6
109;86;6;2299;1
109;86;6;2333;1
109;86;6;2518;2
109;86;6;3007;1
109;86;6;3030;1
109;86;6;4020;10
109;86;6;4040;5
109;86;6;4044;1
109;86;6;4055;9
109;86;6;4077;7
109;86;6;4433;1
109;86;6;4445;1
109;86;6;4455;1
109;86;6;4490;1
109;86;6;4545;1
109;86;6;4548;1
109;86;6;4555;1
109;86;6;5050;3
109;86;6;5511;13
109;86;6;5533;3
109;86;6;5555;3
109;86;6;5588;1
109;86;6;6565;1
109;86;6;7700;1
109;86;6;7744;1
109;86;6;7788;1
109;86;6;8080;1
109;86;7;13;1
109;86;7;15;2
109;86;7;18;2
109;86;7;40;1
109;86;7;45;1
109;86;7;77;1
109;86;7;95;18
109;86;7;96;13
109;86;7;10000;1
109;86;7;10100;3
109;86;7;10234;1
109;86;7;10333;1
109;86;7;10444;3
109;86;7;10678;1
109;86;7;11111;1
109;86;7;13013;4
109;86;7;13111;1
109;86;7;13113;1
109;86;7;13123;3
109;86;7;13132;4
109;86;7;13133;2
109;86;7;13180;1
109;86;7;13234;1
109;86;7;13333;1
109;86;7;13700;1
109;86;7;15000;1
109;86;7;15333;43
109;86;7;22000;6
109;86;7;22022;10
109;86;7;22180;2
109;86;7;22190;3
109;86;7;22221;4
109;86;7;22222;24
109;86;7;22223;1
109;86;7;22456;1
109;86;7;22580;4
109;86;7;22762;1
109;86;7;22777;4
109;86;7;22888;4
109;86;7;30000;1
109;86;7;30222;1
109;86;7;33000;23
109;86;7;40000;1
109;86;7;40123;1
109;86;7;40200;12
109;86;7;40222;1
109;86;7;40234;10
109;86;7;40333;1
109;86;7;40400;1
109;86;7;40555;7
109;86;7;40777;1
109;86;7;40999;1
109;86;7;43640;1
109;86;7;45111;1
109;86;7;45123;3
109;86;7;45190;1
109;86;7;45678;1
109;86;7;45777;1
109;86;7;45999;3
109;86;7;50013;1
109;86;7;50113;1
109;86;7;50555;8
109;86;7;55555;1
109;86;7;55777;1
109;86;7;55888;1
109;86;7;65123;1
109;86;7;77123;29
109;86;5;95;53
109;86;5;96;49
109;86;5;180;116
109;86;5;222;115
109;86;5;300;1
109;86;5;400;127
109;86;5;445;120
109;86;5;800;3
109;86;3;13;112
109;86;3;16;1
109;86;3;45;156
109;86;3;80;1
109;86;3;95;9
109;86;3;96;13
109;87;1;13;139
109;87;1;14;7
109;87;1;21;1
109;87;1;22;107
109;87;1;28;1
109;87;1;55;3
109;87;1;70;6
109;87;1;95;5
109;87;1;96;10
109;87;6;12;1
109;87;6;13;2
109;87;6;14;1
109;87;6;22;1
109;87;6;45;1
109;87;6;95;17
109;87;6;96;18
109;87;6;1010;8
109;87;6;1055;7
109;87;6;1144;8
109;87;6;1200;1
109;87;6;1234;1
109;87;6;1277;3
109;87;6;1301;2
109;87;6;1312;1
109;87;6;1313;2
109;87;6;1314;1
109;87;6;1331;7
109;87;6;1333;4
109;87;6;1370;1
109;87;6;1400;3
109;87;6;1511;1
109;87;6;1515;44
109;87;6;1555;1
109;87;6;1800;4
109;87;6;2200;2
109;87;6;2222;57
109;87;6;2233;1
109;87;6;2244;3
109;87;6;2252;1
109;87;6;2277;3
109;87;6;2288;5
109;87;6;2299;1
109;87;6;2333;1
109;87;6;4000;2
109;87;6;4020;7
109;87;6;4040;3
109;87;6;4044;2
109;87;6;4055;15
109;87;6;4077;4
109;87;6;4410;1
109;87;6;4411;1
109;87;6;4422;2
109;87;6;4490;3
109;87;6;4555;4
109;87;6;5050;1
109;87;6;5055;1
109;87;6;5077;1
109;87;6;5511;7
109;87;6;5522;1
109;87;6;5533;2
109;87;6;5555;1
109;87;6;5588;1
109;87;6;6565;2
109;87;6;7711;3
109;87;6;7788;1
109;87;7;12;2
109;87;7;13;1
109;87;7;18;2
109;87;7;22;1
109;87;7;33;1
109;87;7;40;1
109;87;7;45;1
109;87;7;95;23
109;87;7;96;21
109;87;7;10100;1
109;87;7;10123;5
109;87;7;10222;1
109;87;7;10444;3
109;87;7;10678;1
109;87;7;10999;2
109;87;7;12123;2
109;87;7;13000;3
109;87;7;13003;1
109;87;7;13013;2
109;87;7;13113;1
109;87;7;13131;5
109;87;7;13132;5
109;87;7;13258;2
109;87;7;13444;2
109;87;7;15000;1
109;87;7;15222;1
109;87;7;15333;19
109;87;7;15678;1
109;87;7;22000;1
109;87;7;22022;8
109;87;7;22190;5
109;87;7;22221;10
109;87;7;22222;25
109;87;7;22322;7
109;87;7;22522;1
109;87;7;22580;1
109;87;7;22777;5
109;87;7;22888;4
109;87;7;25555;2
109;87;7;30300;1
109;87;7;33000;16
109;87;7;33789;1
109;87;7;40100;1
109;87;7;40110;1
109;87;7;40111;1
109;87;7;40200;13
109;87;7;40222;1
109;87;7;40234;8
109;87;7;40555;15
109;87;7;40600;1
109;87;7;40700;1
109;87;7;40789;1
109;87;7;45000;2
109;87;7;45045;2
109;87;7;45111;1
109;87;7;45123;1
109;87;7;45190;1
109;87;7;45555;1
109;87;7;45678;2
109;87;7;45888;1
109;87;7;45999;4
109;87;7;50013;1
109;87;7;50180;1
109;87;7;50555;5
109;87;7;55777;1
109;87;7;55888;1
109;87;7;77123;12
109;87;7;77888;2
109;87;5;95;47
109;87;5;96;59
109;87;5;162;1
109;87;5;180;113
109;87;5;222;104
109;87;5;300;4
109;87;5;400;120
109;87;5;445;110
109;87;3;13;107
109;87;3;14;2
109;87;3;45;137
109;87;3;95;13
109;87;3;96;20
109;88;1;13;180
109;88;1;14;5
109;88;1;22;69
109;88;1;70;3
109;88;1;95;4
109;88;1;96;8
109;88;6;11;1
109;88;6;15;1
109;88;6;95;8
109;88;6;96;7
109;88;6;1010;1
109;88;6;1055;11
109;88;6;1144;29
109;88;6;1212;1
109;88;6;1245;1
109;88;6;1322;1
109;88;6;1323;1
109;88;6;1331;3
109;88;6;1333;2
109;88;6;1515;107
109;88;6;1533;1
109;88;6;1800;2
109;88;6;2200;1
109;88;6;2222;36
109;88;6;2255;1
109;88;6;2277;2
109;88;6;2278;2
109;88;6;2299;1
109;88;6;2518;2
109;88;6;3300;3
109;88;6;4001;1
109;88;6;4020;11
109;88;6;4040;1
109;88;6;4055;9
109;88;6;4410;1
109;88;6;4445;1
109;88;6;4490;3
109;88;6;4545;1
109;88;6;4555;2
109;88;6;5005;1
109;88;6;5050;1
109;88;6;5511;6
109;88;6;5533;1
109;88;6;7700;1
109;88;6;7711;1
109;88;6;7777;1
109;88;6;7788;2
109;88;7;10;1
109;88;7;13;1
109;88;7;15;2
109;88;7;18;6
109;88;7;40;3
109;88;7;95;14
109;88;7;96;6
109;88;7;10100;1
109;88;7;10110;1
109;88;7;11100;1
109;88;7;12123;1
109;88;7;12345;1
109;88;7;13013;4
109;88;7;13123;3
109;88;7;13333;1
109;88;7;13888;1
109;88;7;15333;44
109;88;7;22022;7
109;88;7;22221;6
109;88;7;22222;15
109;88;7;22777;3
109;88;7;25555;3
109;88;7;33000;45
109;88;7;40114;3
109;88;7;40200;5
109;88;7;40555;5
109;88;7;44545;3
109;88;7;45000;1
109;88;7;45123;4
109;88;7;45222;2
109;88;7;45678;7
109;88;7;45999;1
109;88;7;50013;1
109;88;7;50555;5
109;88;7;55777;1
109;88;7;77123;60
109;88;7;77888;1
109;88;5;95;49
109;88;5;96;51
109;88;5;180;148
109;88;5;222;71
109;88;5;300;2
109;88;5;400;145
109;88;5;445;72
109;88;3;13;147
109;88;3;14;1
109;88;3;45;100
109;88;3;95;11
109;88;3;96;10
109;89;1;13;115
109;89;1;14;14
109;89;1;22;124
109;89;1;70;2
109;89;1;95;4
109;89;1;96;12
109;89;6;13;2
109;89;6;22;1
109;89;6;40;1
109;89;6;45;1
109;89;6;50;1
109;89;6;95;16
109;89;6;96;12
109;89;6;1010;1
109;89;6;1055;2
109;89;6;1144;9
109;89;6;1234;1
109;89;6;1277;2
109;89;6;1301;3
109;89;6;1313;3
109;89;6;1314;1
109;89;6;1331;3
109;89;6;1333;6
109;89;6;1414;1
109;89;6;1515;41
109;89;6;1555;3
109;89;6;1800;2
109;89;6;2026;1
109;89;6;2030;2
109;89;6;2200;4
109;89;6;2211;4
109;89;6;2222;69
109;89;6;2233;2
109;89;6;2244;1
109;89;6;2270;1
109;89;6;2277;1
109;89;6;2288;6
109;89;6;2299;3
109;89;6;2518;1
109;89;6;2589;1
109;89;6;3007;1
109;89;6;3300;1
109;89;6;4001;2
109;89;6;4013;1
109;89;6;4020;3
109;89;6;4040;8
109;89;6;4044;2
109;89;6;4055;9
109;89;6;4077;2
109;89;6;4422;3
109;89;6;4455;1
109;89;6;4490;5
109;89;6;4546;2
109;89;6;4555;3
109;89;6;5050;4
109;89;6;5511;10
109;89;6;5533;1
109;89;6;5551;1
109;89;6;6565;3
109;89;6;7700;1
109;89;7;13;3
109;89;7;15;1
109;89;7;18;1
109;89;7;20;1
109;89;7;22;2
109;89;7;33;1
109;89;7;40;1
109;89;7;44;1
109;89;7;50;1
109;89;7;95;18
109;89;7;96;11
109;89;7;10000;1
109;89;7;10100;2
109;89;7;10123;2
109;89;7;10444;2
109;89;7;10678;3
109;89;7;12123;2
109;89;7;12345;1
109;89;7;13000;1
109;89;7;13013;6
109;89;7;13113;1
109;89;7;13131;2
109;89;7;13132;3
109;89;7;13133;2
109;89;7;13258;2
109;89;7;13444;4
109;89;7;13789;2
109;89;7;15333;16
109;89;7;18420;1
109;89;7;22022;8
109;89;7;22190;7
109;89;7;22221;13
109;89;7;22222;21
109;89;7;22223;1
109;89;7;22322;1
109;89;7;22422;2
109;89;7;22762;1
109;89;7;22777;4
109;89;7;22822;2
109;89;7;22888;3
109;89;7;33000;25
109;89;7;33456;1
109;89;7;40111;2
109;89;7;40123;1
109;89;7;40200;8
109;89;7;40234;9
109;89;7;40555;10
109;89;7;40700;2
109;89;7;40840;1
109;89;7;40888;2
109;89;7;44012;1
109;89;7;44456;1
109;89;7;45111;2
109;89;7;45190;2
109;89;7;45456;1
109;89;7;45555;1
109;89;7;45678;3
109;89;7;45777;1
109;89;7;45800;1
109;89;7;45999;4
109;89;7;50180;1
109;89;7;50555;6
109;89;7;55011;2
109;89;7;55111;3
109;89;7;55777;1
109;89;7;55888;1
109;89;7;65013;2
109;89;7;77123;20
109;89;5;95;39
109;89;5;96;60
109;89;5;162;3
109;89;5;180;87
109;89;5;222;128
109;89;5;400;84
109;89;5;445;136
109;89;5;800;5
109;89;3;13;87
109;89;3;14;3
109;89;3;45;161
109;89;3;95;6
109;89;3;96;14
109;90;1;13;160
109;90;1;22;88
109;90;1;55;2
109;90;1;70;6
109;90;1;95;9
109;90;1;96;8
109;90;6;13;1
109;90;6;22;1
109;90;6;44;1
109;90;6;45;1
109;90;6;95;21
109;90;6;96;11
109;90;6;1010;2
109;90;6;1055;5
109;90;6;1144;7
109;90;6;1234;1
109;90;6;1277;3
109;90;6;1290;1
109;90;6;1300;1
109;90;6;1301;1
109;90;6;1314;2
109;90;6;1323;2
109;90;6;1331;1
109;90;6;1333;8
109;90;6;1515;82
109;90;6;2222;47
109;90;6;2244;10
109;90;6;2277;2
109;90;6;2278;1
109;90;6;2288;1
109;90;6;2299;1
109;90;6;2333;2
109;90;6;4011;1
109;90;6;4020;10
109;90;6;4040;1
109;90;6;4044;7
109;90;6;4055;10
109;90;6;4077;4
109;90;6;4445;2
109;90;6;4456;1
109;90;6;4490;4
109;90;6;4548;1
109;90;6;4555;3
109;90;6;5050;1
109;90;6;5511;8
109;90;6;5522;1
109;90;6;5533;1
109;90;6;5555;2
109;90;7;13;1
109;90;7;15;1
109;90;7;18;8
109;90;7;22;1
109;90;7;33;1
109;90;7;40;6
109;90;7;43;1
109;90;7;44;1
109;90;7;77;1
109;90;7;95;25
109;90;7;96;8
109;90;7;10000;1
109;90;7;10100;1
109;90;7;10444;1
109;90;7;10678;1
109;90;7;12123;2
109;90;7;13013;9
109;90;7;13113;1
109;90;7;13222;1
109;90;7;13234;1
109;90;7;13333;4
109;90;7;13456;1
109;90;7;15333;60
109;90;7;22022;2
109;90;7;22190;2
109;90;7;22221;3
109;90;7;22222;22
109;90;7;22322;2
109;90;7;22580;2
109;90;7;22777;4
109;90;7;22888;2
109;90;7;25555;1
109;90;7;33000;24
109;90;7;40111;5
109;90;7;40200;13
109;90;7;40234;6
109;90;7;40555;6
109;90;7;40888;1
109;90;7;40999;2
109;90;7;45000;1
109;90;7;45111;11
109;90;7;45123;1
109;90;7;45190;3
109;90;7;45555;1
109;90;7;45678;1
109;90;7;45777;1
109;90;7;50555;4
109;90;7;55111;2
109;90;7;55234;2
109;90;7;55888;2
109;90;7;77123;10
109;90;5;95;69
109;90;5;96;60
109;90;5;162;1
109;90;5;180;114
109;90;5;222;80
109;90;5;290;2
109;90;5;400;132
109;90;5;445;84
109;90;5;800;4
109;90;3;13;126
109;90;3;45;109
109;90;3;95;18
109;90;3;96;20
109;91;1;13;154
109;91;1;14;5
109;91;1;22;70
109;91;1;55;2
109;91;1;70;5
109;91;1;95;6
109;91;1;96;9
109;91;6;11;1
109;91;6;13;2
109;91;6;15;1
109;91;6;18;2
109;91;6;22;1
109;91;6;40;1
109;91;6;70;1
109;91;6;77;2
109;91;6;95;13
109;91;6;96;5
109;91;6;1010;9
109;91;6;1055;1
109;91;6;1144;30
109;91;6;1299;1
109;91;6;1301;3
109;91;6;1311;1
109;91;6;1315;1
109;91;6;1331;5
109;91;6;1414;1
109;91;6;1515;73
109;91;6;1555;1
109;91;6;2211;1
109;91;6;2222;29
109;91;6;2277;3
109;91;6;2288;6
109;91;6;2299;1
109;91;6;3300;1
109;91;6;4020;13
109;91;6;4044;8
109;91;6;4055;9
109;91;6;4077;2
109;91;6;4400;2
109;91;6;4422;3
109;91;6;4455;1
109;91;6;4555;3
109;91;6;5000;2
109;91;6;5077;1
109;91;6;5511;6
109;91;6;5533;3
109;91;6;5555;1
109;91;6;7733;1
109;91;7;13;2
109;91;7;15;1
109;91;7;18;4
109;91;7;22;2
109;91;7;40;4
109;91;7;44;3
109;91;7;45;2
109;91;7;50;1
109;91;7;77;2
109;91;7;95;14
109;91;7;96;6
109;91;7;10100;3
109;91;7;10101;1
109;91;7;10123;3
109;91;7;13013;3
109;91;7;13123;2
109;91;7;13131;4
109;91;7;13180;1
109;91;7;13333;1
109;91;7;15333;40
109;91;7;22022;1
109;91;7;22180;1
109;91;7;22221;2
109;91;7;22222;14
109;91;7;22777;2
109;91;7;22888;6
109;91;7;33000;28
109;91;7;40100;1
109;91;7;40111;4
109;91;7;40200;14
109;91;7;40234;6
109;91;7;40555;10
109;91;7;40700;1
109;91;7;40840;1
109;91;7;45111;1
109;91;7;45123;2
109;91;7;45333;1
109;91;7;45456;1
109;91;7;45999;4
109;91;7;50013;2
109;91;7;50555;4
109;91;7;55777;2
109;91;7;77123;43
109;91;7;77192;1
109;91;5;95;44
109;91;5;96;65
109;91;5;180;123
109;91;5;222;70
109;91;5;400;122
109;91;5;445;78
109;91;3;13;132
109;91;3;14;1
109;91;3;45;89
109;91;3;95;10
109;91;3;96;19
109;92;1;13;146
109;92;1;14;2
109;92;1;22;103
109;92;1;55;1
109;92;1;70;7
109;92;1;95;5
109;92;1;96;12
109;92;6;11;2
109;92;6;13;5
109;92;6;22;1
109;92;6;25;1
109;92;6;77;1
109;92;6;95;21
109;92;6;96;14
109;92;6;1010;4
109;92;6;1055;4
109;92;6;1144;5
109;92;6;1277;4
109;92;6;1301;2
109;92;6;1313;2
109;92;6;1331;4
109;92;6;1511;1
109;92;6;1515;53
109;92;6;1520;1
109;92;6;1555;1
109;92;6;1800;2
109;92;6;1888;1
109;92;6;2030;2
109;92;6;2200;3
109;92;6;2222;59
109;92;6;2233;2
109;92;6;2244;2
109;92;6;2277;4
109;92;6;2288;2
109;92;6;2299;2
109;92;6;2555;4
109;92;6;4010;1
109;92;6;4020;12
109;92;6;4040;5
109;92;6;4044;1
109;92;6;4055;13
109;92;6;4077;8
109;92;6;4445;1
109;92;6;4511;1
109;92;6;4555;2
109;92;6;5050;3
109;92;6;5077;5
109;92;6;5511;4
109;92;6;5533;4
109;92;6;5551;1
109;92;6;5555;1
109;92;6;5588;1
109;92;6;6565;2
109;92;6;7711;1
109;92;6;7788;1
109;92;7;13;1
109;92;7;15;1
109;92;7;18;2
109;92;7;22;2
109;92;7;40;3
109;92;7;95;26
109;92;7;96;12
109;92;7;10100;4
109;92;7;10123;4
109;92;7;10234;1
109;92;7;10444;1
109;92;7;10678;1
109;92;7;12123;2
109;92;7;13013;3
109;92;7;13111;1
109;92;7;13123;1
109;92;7;13131;3
109;92;7;13132;4
109;92;7;13133;6
109;92;7;13180;1
109;92;7;13444;1
109;92;7;13700;4
109;92;7;13999;1
109;92;7;15333;27
109;92;7;22000;2
109;92;7;22022;9
109;92;7;22190;6
109;92;7;22221;10
109;92;7;22222;17
109;92;7;22322;3
109;92;7;22441;1
109;92;7;22777;3
109;92;7;22888;2
109;92;7;25555;3
109;92;7;33000;15
109;92;7;33456;2
109;92;7;33789;1
109;92;7;40111;4
109;92;7;40200;15
109;92;7;40222;1
109;92;7;40234;10
109;92;7;40555;14
109;92;7;40700;1
109;92;7;40777;1
109;92;7;40840;1
109;92;7;40888;1
109;92;7;43640;1
109;92;7;45045;2
109;92;7;45111;1
109;92;7;45123;1
109;92;7;45190;1
109;92;7;45678;1
109;92;7;45777;1
109;92;7;45888;1
109;92;7;45999;5
109;92;7;50013;3
109;92;7;50180;2
109;92;7;50555;6
109;92;7;55000;1
109;92;7;55777;3
109;92;7;65013;1
109;92;7;77123;9
109;92;7;77888;3
109;92;5;95;68
109;92;5;96;52
109;92;5;180;117
109;92;5;222;94
109;92;5;300;1
109;92;5;400;120
109;92;5;445;97
109;92;5;800;3
109;92;3;13;122
109;92;3;30;1
109;92;3;45;126
109;92;3;80;1
109;92;3;95;12
109;92;3;96;14
109;93;1;13;128
109;93;1;14;4
109;93;1;22;94
109;93;1;55;4
109;93;1;70;4
109;93;1;95;6
109;93;1;96;6
109;93;6;13;2
109;93;6;15;1
109;93;6;45;3
109;93;6;95;14
109;93;6;96;5
109;93;6;1000;1
109;93;6;1001;1
109;93;6;1010;4
109;93;6;1055;2
109;93;6;1144;13
109;93;6;1212;1
109;93;6;1234;1
109;93;6;1267;1
109;93;6;1277;1
109;93;6;1301;7
109;93;6;1313;1
109;93;6;1322;1
109;93;6;1323;3
109;93;6;1331;5
109;93;6;1333;4
109;93;6;1399;2
109;93;6;1414;1
109;93;6;1444;1
109;93;6;1515;29
109;93;6;1533;2
109;93;6;2200;3
109;93;6;2211;3
109;93;6;2222;54
109;93;6;2244;2
109;93;6;2277;3
109;93;6;2299;7
109;93;6;2333;1
109;93;6;3030;1
109;93;6;3300;1
109;93;6;4020;7
109;93;6;4040;7
109;93;6;4044;4
109;93;6;4055;8
109;93;6;4077;9
109;93;6;4445;2
109;93;6;4490;1
109;93;6;4555;2
109;93;6;5050;5
109;93;6;5077;1
109;93;6;5511;7
109;93;6;5533;5
109;93;6;5555;1
109;93;6;5588;1
109;93;6;6565;2
109;93;6;7711;2
109;93;6;7788;1
109;93;7;13;6
109;93;7;18;2
109;93;7;22;6
109;93;7;40;4
109;93;7;44;2
109;93;7;45;1
109;93;7;95;19
109;93;7;96;10
109;93;7;10100;1
109;93;7;10123;1
109;93;7;10222;1
109;93;7;10333;1
109;93;7;10678;1
109;93;7;11111;1
109;93;7;13013;4
109;93;7;13113;3
109;93;7;13131;1
109;93;7;13132;1
109;93;7;13133;3
109;93;7;13234;3
109;93;7;13258;1
109;93;7;13333;4
109;93;7;13999;1
109;93;7;15222;1
109;93;7;15333;19
109;93;7;22000;3
109;93;7;22022;6
109;93;7;22190;1
109;93;7;22221;5
109;93;7;22222;24
109;93;7;22223;1
109;93;7;22322;1
109;93;7;22522;1
109;93;7;22580;1
109;93;7;22777;4
109;93;7;30222;2
109;93;7;33000;9
109;93;7;33111;3
109;93;7;33456;2
109;93;7;33789;1
109;93;7;40111;3
109;93;7;40200;6
109;93;7;40234;13
109;93;7;40555;5
109;93;7;40700;6
109;93;7;40777;3
109;93;7;43640;1
109;93;7;44010;1
109;93;7;45111;2
109;93;7;45123;1
109;93;7;45190;1
109;93;7;45555;1
109;93;7;45645;2
109;93;7;45678;1
109;93;7;45777;1
109;93;7;45888;1
109;93;7;45999;4
109;93;7;50013;1
109;93;7;50180;1
109;93;7;50555;7
109;93;7;55777;1
109;93;7;77123;23
109;93;5;95;43
109;93;5;96;52
109;93;5;162;1
109;93;5;180;99
109;93;5;222;83
109;93;5;300;2
109;93;5;400;117
109;93;5;445;94
109;93;5;800;1
109;93;3;13;93
109;93;3;14;1
109;93;3;45;127
109;93;3;95;11
109;93;3;96;14
109;94;1;13;142
109;94;1;14;3
109;94;1;22;100
109;94;1;55;2
109;94;1;70;6
109;94;1;95;8
109;94;1;96;7
109;94;6;13;4
109;94;6;15;1
109;94;6;22;4
109;94;6;45;1
109;94;6;77;1
109;94;6;95;20
109;94;6;96;5
109;94;6;1055;1
109;94;6;1144;6
109;94;6;1277;2
109;94;6;1301;1
109;94;6;1313;1
109;94;6;1314;5
109;94;6;1323;3
109;94;6;1331;6
109;94;6;1333;2
109;94;6;1370;1
109;94;6;1377;1
109;94;6;1515;52
109;94;6;1555;2
109;94;6;2200;4
109;94;6;2222;51
109;94;6;2244;3
109;94;6;2277;7
109;94;6;2288;5
109;94;6;2299;1
109;94;6;2333;1
109;94;6;2555;2
109;94;6;3300;2
109;94;6;4020;8
109;94;6;4040;4
109;94;6;4044;5
109;94;6;4055;13
109;94;6;4077;5
109;94;6;4343;1
109;94;6;4422;4
109;94;6;4433;3
109;94;6;4490;3
109;94;6;4511;1
109;94;6;4545;1
109;94;6;4555;2
109;94;6;5050;2
109;94;6;5077;6
109;94;6;5511;5
109;94;6;5512;1
109;94;6;5533;5
109;94;6;5588;1
109;94;6;7700;2
109;94;6;7777;1
109;94;7;12;3
109;94;7;13;4
109;94;7;15;2
109;94;7;18;2
109;94;7;22;3
109;94;7;23;1
109;94;7;40;5
109;94;7;44;1
109;94;7;50;1
109;94;7;95;25
109;94;7;96;8
109;94;7;10100;4
109;94;7;10222;1
109;94;7;10444;2
109;94;7;10678;2
109;94;7;13000;1
109;94;7;13013;8
109;94;7;13111;1
109;94;7;13113;1
109;94;7;13123;2
109;94;7;13131;1
109;94;7;13132;4
109;94;7;13234;2
109;94;7;13258;3
109;94;7;13333;4
109;94;7;13444;1
109;94;7;15333;19
109;94;7;22000;2
109;94;7;22022;9
109;94;7;22190;4
109;94;7;22220;1
109;94;7;22221;6
109;94;7;22222;18
109;94;7;22223;1
109;94;7;22322;1
109;94;7;22580;1
109;94;7;22777;9
109;94;7;22888;4
109;94;7;25555;1
109;94;7;33000;21
109;94;7;33789;1
109;94;7;40000;1
109;94;7;40111;5
109;94;7;40200;10
109;94;7;40234;6
109;94;7;40456;2
109;94;7;40555;7
109;94;7;40700;2
109;94;7;40999;1
109;94;7;44444;1
109;94;7;45111;5
109;94;7;45190;1
109;94;7;45222;3
109;94;7;45678;4
109;94;7;45999;1
109;94;7;50180;2
109;94;7;50555;4
109;94;7;55111;4
109;94;7;55888;1
109;94;7;77123;18
109;94;5;95;50
109;94;5;96;49
109;94;5;180;102
109;94;5;222;105
109;94;5;300;1
109;94;5;400;118
109;94;5;445;109
109;94;5;800;2
109;94;3;13;115
109;94;3;45;123
109;94;3;95;12
109;94;3;96;18
109;95;1;13;146
109;95;1;14;3
109;95;1;22;63
109;95;1;30;2
109;95;1;55;2
109;95;1;70;7
109;95;1;95;5
109;95;1;96;4
109;95;6;11;1
109;95;6;15;1
109;95;6;22;1
109;95;6;95;14
109;95;6;96;7
109;95;6;1001;1
109;95;6;1010;4
109;95;6;1055;2
109;95;6;1144;4
109;95;6;1234;3
109;95;6;1301;3
109;95;6;1313;2
109;95;6;1314;1
109;95;6;1323;4
109;95;6;1331;3
109;95;6;1333;2
109;95;6;1399;1
109;95;6;1511;2
109;95;6;1515;102
109;95;6;2200;1
109;95;6;2211;1
109;95;6;2222;30
109;95;6;2277;1
109;95;6;2278;1
109;95;6;2288;2
109;95;6;2518;1
109;95;6;2525;1
109;95;6;2580;1
109;95;6;4001;3
109;95;6;4020;2
109;95;6;4040;1
109;95;6;4055;4
109;95;6;4077;1
109;95;6;4477;1
109;95;6;4599;1
109;95;6;5018;1
109;95;6;5050;2
109;95;6;5077;4
109;95;6;5511;8
109;95;6;5533;3
109;95;6;5555;1
109;95;6;5588;1
109;95;6;7700;1
109;95;6;7788;1
109;95;7;10;1
109;95;7;12;1
109;95;7;13;1
109;95;7;15;2
109;95;7;18;2
109;95;7;20;1
109;95;7;33;1
109;95;7;40;1
109;95;7;45;1
109;95;7;95;14
109;95;7;96;5
109;95;7;10100;1
109;95;7;10123;2
109;95;7;10333;2
109;95;7;10444;3
109;95;7;11111;1
109;95;7;12123;2
109;95;7;13013;3
109;95;7;13132;2
109;95;7;13133;2
109;95;7;13180;3
109;95;7;13333;4
109;95;7;13789;2
109;95;7;15222;1
109;95;7;15333;83
109;95;7;22000;2
109;95;7;22022;4
109;95;7;22111;1
109;95;7;22130;1
109;95;7;22190;1
109;95;7;22221;5
109;95;7;22222;7
109;95;7;22762;1
109;95;7;33000;17
109;95;7;33111;1
109;95;7;40200;3
109;95;7;40234;2
109;95;7;40500;2
109;95;7;40555;4
109;95;7;40700;1
109;95;7;40789;2
109;95;7;43640;2
109;95;7;45111;1
109;95;7;45123;1
109;95;7;45190;3
109;95;7;45678;2
109;95;7;50180;3
109;95;7;50555;4
109;95;7;55000;2
109;95;7;55111;1
109;95;7;55555;1
109;95;7;55888;1
109;95;7;77123;16
109;95;5;95;31
109;95;5;96;31
109;95;5;180;134
109;95;5;222;66
109;95;5;400;133
109;95;5;445;68
109;95;5;800;1
109;95;3;13;110
109;95;3;45;102
109;95;3;95;10
109;95;3;96;10
109;96;1;13;134
109;96;1;14;6
109;96;1;22;80
109;96;1;55;2
109;96;1;70;1
109;96;1;95;2
109;96;1;96;4
109;96;6;10;2
109;96;6;11;2
109;96;6;12;2
109;96;6;13;1
109;96;6;40;4
109;96;6;45;1
109;96;6;95;9
109;96;6;96;7
109;96;6;1010;1
109;96;6;1055;1
109;96;6;1111;1
109;96;6;1144;10
109;96;6;1277;1
109;96;6;1301;3
109;96;6;1311;1
109;96;6;1322;2
109;96;6;1323;1
109;96;6;1331;5
109;96;6;1333;1
109;96;6;1414;1
109;96;6;1515;26
109;96;6;1533;1
109;96;6;2200;2
109;96;6;2220;2
109;96;6;2222;45
109;96;6;2277;5
109;96;6;2288;2
109;96;6;2299;4
109;96;6;2333;1
109;96;6;2518;3
109;96;6;3050;1
109;96;6;4001;1
109;96;6;4020;5
109;96;6;4040;6
109;96;6;4044;1
109;96;6;4055;14
109;96;6;4077;31
109;96;6;4422;1
109;96;6;4433;2
109;96;6;4490;2
109;96;6;4555;1
109;96;6;5050;4
109;96;6;5511;8
109;96;6;5533;1
109;96;6;5588;2
109;96;6;6565;1
109;96;6;7711;1
109;96;7;13;1
109;96;7;18;4
109;96;7;22;4
109;96;7;40;11
109;96;7;45;1
109;96;7;50;1
109;96;7;55;1
109;96;7;95;11
109;96;7;96;10
109;96;7;10100;1
109;96;7;10879;5
109;96;7;13013;2
109;96;7;13123;2
109;96;7;13131;1
109;96;7;13132;4
109;96;7;13133;1
109;96;7;13234;1
109;96;7;13258;1
109;96;7;13456;1
109;96;7;13700;1
109;96;7;15333;10
109;96;7;22000;6
109;96;7;22022;9
109;96;7;22190;2
109;96;7;22221;9
109;96;7;22222;13
109;96;7;22777;5
109;96;7;22888;2
109;96;7;25555;2
109;96;7;33000;12
109;96;7;40200;4
109;96;7;40234;39
109;96;7;40400;1
109;96;7;40555;6
109;96;7;40600;2
109;96;7;40700;1
109;96;7;44456;1
109;96;7;45123;1
109;96;7;45190;1
109;96;7;45222;2
109;96;7;45678;2
109;96;7;45999;2
109;96;7;50013;2
109;96;7;50555;6
109;96;7;55000;2
109;96;7;55888;2
109;96;7;77123;21
109;96;5;95;35
109;96;5;96;62
109;96;5;180;98
109;96;5;222;77
109;96;5;300;1
109;96;5;400;101
109;96;5;445;82
109;96;5;800;2
109;96;3;13;88
109;96;3;14;1
109;96;3;45;112
109;96;3;95;11
109;96;3;96;17
109;97;1;13;141
109;97;1;14;4
109;97;1;22;77
109;97;1;55;2
109;97;1;70;5
109;97;1;95;3
109;97;1;96;15
109;97;6;11;3
109;97;6;13;3
109;97;6;15;2
109;97;6;18;1
109;97;6;33;1
109;97;6;40;1
109;97;6;95;17
109;97;6;96;7
109;97;6;1010;8
109;97;6;1055;4
109;97;6;1111;5
109;97;6;1144;12
109;97;6;1200;1
109;97;6;1211;1
109;97;6;1301;2
109;97;6;1313;1
109;97;6;1314;1
109;97;6;1322;2
109;97;6;1323;3
109;97;6;1331;10
109;97;6;1333;5
109;97;6;1399;1
109;97;6;1515;59
109;97;6;1800;3
109;97;6;2200;1
109;97;6;2211;1
109;97;6;2222;38
109;97;6;2225;1
109;97;6;2244;1
109;97;6;2277;3
109;97;6;2288;3
109;97;6;2555;1
109;97;6;4000;2
109;97;6;4020;14
109;97;6;4044;1
109;97;6;4055;8
109;97;6;4077;3
109;97;6;4422;1
109;97;6;4426;1
109;97;6;4490;3
109;97;6;4545;1
109;97;6;5077;2
109;97;6;5511;4
109;97;6;5533;2
109;97;6;6565;2
109;97;6;7700;1
109;97;7;10;1
109;97;7;11;1
109;97;7;12;2
109;97;7;13;2
109;97;7;15;3
109;97;7;18;4
109;97;7;33;1
109;97;7;40;4
109;97;7;45;1
109;97;7;65;1
109;97;7;77;1
109;97;7;95;24
109;97;7;96;8
109;97;7;10100;1
109;97;7;10222;1
109;97;7;10444;1
109;97;7;10678;2
109;97;7;11100;1
109;97;7;11111;4
109;97;7;13013;5
109;97;7;13123;1
109;97;7;13131;2
109;97;7;13132;3
109;97;7;13180;1
109;97;7;13333;4
109;97;7;13444;3
109;97;7;13456;1
109;97;7;13777;1
109;97;7;13789;2
109;97;7;15000;1
109;97;7;15333;24
109;97;7;22022;4
109;97;7;22122;1
109;97;7;22221;6
109;97;7;22222;19
109;97;7;22223;1
109;97;7;22777;5
109;97;7;22888;2
109;97;7;30000;1
109;97;7;30222;1
109;97;7;33000;26
109;97;7;33111;2
109;97;7;40140;1
109;97;7;40200;15
109;97;7;40234;6
109;97;7;40555;5
109;97;7;44090;1
109;97;7;45111;2
109;97;7;45190;2
109;97;7;45411;1
109;97;7;45678;3
109;97;7;45999;5
109;97;7;50013;2
109;97;7;50500;2
109;97;7;50555;5
109;97;7;77123;18
109;97;5;95;49
109;97;5;96;78
109;97;5;180;96
109;97;5;222;83
109;97;5;300;1
109;97;5;400;98
109;97;5;445;89
109;97;3;13;112
109;97;3;14;1
109;97;3;45;98
109;97;3;95;9
109;97;3;96;27
109;98;1;13;117
109;98;1;14;5
109;98;1;22;54
109;98;1;55;2
109;98;1;70;3
109;98;1;95;7
109;98;1;96;5
109;98;6;15;1
109;98;6;22;1
109;98;6;44;1
109;98;6;77;4
109;98;6;95;11
109;98;6;96;6
109;98;6;1001;2
109;98;6;1010;3
109;98;6;1055;2
109;98;6;1111;1
109;98;6;1144;26
109;98;6;1200;3
109;98;6;1277;1
109;98;6;1301;4
109;98;6;1314;2
109;98;6;1323;1
109;98;6;1331;1
109;98;6;1333;3
109;98;6;1400;1
109;98;6;1511;1
109;98;6;1515;53
109;98;6;1555;1
109;98;6;2211;1
109;98;6;2222;28
109;98;6;2244;1
109;98;6;2277;4
109;98;6;2299;1
109;98;6;2555;1
109;98;6;3300;1
109;98;6;4000;2
109;98;6;4001;1
109;98;6;4020;2
109;98;6;4044;4
109;98;6;4343;2
109;98;6;4445;2
109;98;6;4490;1
109;98;6;5050;3
109;98;6;5511;1
109;98;6;5555;2
109;98;6;5588;6
109;98;6;7711;1
109;98;7;10;1
109;98;7;11;4
109;98;7;40;1
109;98;7;77;2
109;98;7;95;7
109;98;7;96;5
109;98;7;10123;4
109;98;7;10333;4
109;98;7;10678;1
109;98;7;10999;2
109;98;7;11111;1
109;98;7;12123;2
109;98;7;13013;1
109;98;7;13123;2
109;98;7;13132;1
109;98;7;13133;2
109;98;7;13789;2
109;98;7;15333;7
109;98;7;22221;4
109;98;7;22222;13
109;98;7;22762;1
109;98;7;22777;5
109;98;7;33000;48
109;98;7;40123;1
109;98;7;40456;1
109;98;7;44141;1
109;98;7;44555;1
109;98;7;45123;3
109;98;7;45190;1
109;98;7;45678;1
109;98;7;50500;1
109;98;7;50555;1
109;98;7;55888;5
109;98;7;65123;1
109;98;7;77123;56
109;98;5;95;30
109;98;5;96;39
109;98;5;180;93
109;98;5;222;54
109;98;5;400;102
109;98;5;445;68
109;98;3;13;97
109;98;3;14;1
109;98;3;45;73
109;98;3;95;11
109;98;3;96;11
109;99;1;13;153
109;99;1;14;2
109;99;1;22;83
109;99;1;70;5
109;99;1;95;3
109;99;1;96;14
109;99;6;10;1
109;99;6;11;1
109;99;6;12;1
109;99;6;13;5
109;99;6;14;1
109;99;6;45;1
109;99;6;95;16
109;99;6;96;17
109;99;6;1010;1
109;99;6;1055;3
109;99;6;1144;22
109;99;6;1234;1
109;99;6;1277;1
109;99;6;1313;1
109;99;6;1314;1
109;99;6;1322;1
109;99;6;1333;5
109;99;6;1414;1
109;99;6;1500;1
109;99;6;1515;93
109;99;6;1555;1
109;99;6;2222;39
109;99;6;2277;3
109;99;6;2278;1
109;99;6;2288;3
109;99;6;2299;1
109;99;6;2580;1
109;99;6;3300;2
109;99;6;4020;8
109;99;6;4040;2
109;99;6;4055;13
109;99;6;4077;1
109;99;6;4422;2
109;99;6;4522;1
109;99;6;5050;2
109;99;6;5077;1
109;99;6;5511;3
109;99;6;5555;1
109;99;6;7788;1
109;99;7;13;6
109;99;7;15;3
109;99;7;18;4
109;99;7;20;1
109;99;7;40;3
109;99;7;44;2
109;99;7;95;14
109;99;7;96;21
109;99;7;10123;2
109;99;7;10234;1
109;99;7;10444;1
109;99;7;12345;1
109;99;7;13013;3
109;99;7;13123;14
109;99;7;13333;2
109;99;7;13444;1
109;99;7;13700;1
109;99;7;15000;1
109;99;7;15333;50
109;99;7;22022;1
109;99;7;22180;1
109;99;7;22221;7
109;99;7;22222;20
109;99;7;22223;1
109;99;7;22322;1
109;99;7;22777;6
109;99;7;22888;2
109;99;7;25555;2
109;99;7;33000;22
109;99;7;33456;2
109;99;7;40000;1
109;99;7;40200;28
109;99;7;40234;3
109;99;7;40555;10
109;99;7;40700;1
109;99;7;40774;2
109;99;7;40789;1
109;99;7;45111;1
109;99;7;45123;2
109;99;7;45678;1
109;99;7;45800;1
109;99;7;45888;1
109;99;7;50013;1
109;99;7;50500;1
109;99;7;50555;3
109;99;7;77123;6
109;99;7;77888;1
109;99;5;95;60
109;99;5;96;84
109;99;5;180;104
109;99;5;222;76
109;99;5;300;1
109;99;5;400;106
109;99;5;445;88
109;99;5;800;1
109;99;3;13;120
109;99;3;45;103
109;99;3;80;1
109;99;3;95;12
109;99;3;96;24
109;100;1;13;132
109;100;1;14;8
109;100;1;22;83
109;100;1;70;3
109;100;1;95;8
109;100;1;96;5
109;100;6;10;1
109;100;6;13;1
109;100;6;40;2
109;100;6;95;11
109;100;6;96;6
109;100;6;1010;2
109;100;6;1055;2
109;100;6;1111;1
109;100;6;1144;26
109;100;6;1277;1
109;100;6;1313;1
109;100;6;1314;2
109;100;6;1323;3
109;100;6;1331;2
109;100;6;1333;1
109;100;6;1515;32
109;100;6;1577;1
109;100;6;1800;2
109;100;6;2222;40
109;100;6;2244;2
109;100;6;2270;1
109;100;6;2278;1
109;100;6;2288;11
109;100;6;2333;2
109;100;6;2525;1
109;100;6;3300;1
109;100;6;4020;70
109;100;6;4055;1
109;100;6;4077;3
109;100;6;4410;1
109;100;6;4422;3
109;100;6;5077;1
109;100;6;5511;1
109;100;6;7711;3
109;100;7;13;1
109;100;7;15;1
109;100;7;18;1
109;100;7;20;1
109;100;7;22;2
109;100;7;40;6
109;100;7;44;1
109;100;7;95;11
109;100;7;96;7
109;100;7;10123;1
109;100;7;10444;2
109;100;7;12123;2
109;100;7;13013;2
109;100;7;13123;1
109;100;7;13131;2
109;100;7;13132;1
109;100;7;13333;2
109;100;7;13456;4
109;100;7;13700;1
109;100;7;15333;13
109;100;7;22022;2
109;100;7;22221;13
109;100;7;22222;11
109;100;7;22580;2
109;100;7;22777;1
109;100;7;22888;8
109;100;7;33000;17
109;100;7;33111;10
109;100;7;40140;3
109;100;7;40200;62
109;100;7;40234;4
109;100;7;40888;1
109;100;7;44010;1
109;100;7;45111;2
109;100;7;45122;1
109;100;7;45123;5
109;100;7;45777;1
109;100;7;50180;1
109;100;7;50555;1
109;100;7;55555;1
109;100;7;77123;30
109;100;5;95;47
109;100;5;96;41
109;100;5;162;1
109;100;5;180;107
109;100;5;222;82
109;100;5;290;1
109;100;5;300;1
109;100;5;400;117
109;100;5;445;80
109;100;5;800;1
109;100;3;13;100
109;100;3;30;1
109;100;3;35;1
109;100;3;45;113
109;100;3;95;14
109;100;3;96;10
109;101;1;13;124
109;101;1;14;4
109;101;1;22;123
109;101;1;55;4
109;101;1;70;7
109;101;1;95;4
109;101;1;96;11
109;101;6;12;3
109;101;6;13;1
109;101;6;15;1
109;101;6;22;1
109;101;6;77;1
109;101;6;95;14
109;101;6;96;6
109;101;6;1055;8
109;101;6;1111;2
109;101;6;1144;10
109;101;6;1212;1
109;101;6;1244;1
109;101;6;1277;5
109;101;6;1301;4
109;101;6;1312;1
109;101;6;1313;1
109;101;6;1314;1
109;101;6;1323;3
109;101;6;1331;4
109;101;6;1333;5
109;101;6;1414;3
109;101;6;1500;1
109;101;6;1515;46
109;101;6;1800;1
109;101;6;2030;1
109;101;6;2200;2
109;101;6;2222;66
109;101;6;2233;1
109;101;6;2244;2
109;101;6;2270;1
109;101;6;2278;1
109;101;6;2288;11
109;101;6;2518;1
109;101;6;4001;2
109;101;6;4020;10
109;101;6;4040;4
109;101;6;4044;5
109;101;6;4055;16
109;101;6;4077;3
109;101;6;4343;1
109;101;6;4422;4
109;101;6;4444;1
109;101;6;4445;1
109;101;6;4555;1
109;101;6;5050;3
109;101;6;5511;4
109;101;6;5522;1
109;101;6;5533;3
109;101;6;6565;1
109;101;6;7700;4
109;101;6;7711;1
109;101;6;7788;2
109;101;7;13;2
109;101;7;18;3
109;101;7;22;4
109;101;7;40;3
109;101;7;44;1
109;101;7;45;1
109;101;7;95;18
109;101;7;96;9
109;101;7;10000;1
109;101;7;10100;2
109;101;7;10333;2
109;101;7;10444;4
109;101;7;10678;2
109;101;7;11111;2
109;101;7;12123;1
109;101;7;12333;1
109;101;7;13000;1
109;101;7;13013;3
109;101;7;13123;2
109;101;7;13131;2
109;101;7;13133;2
109;101;7;13220;1
109;101;7;13222;3
109;101;7;13234;3
109;101;7;13333;2
109;101;7;13444;5
109;101;7;13456;2
109;101;7;15000;1
109;101;7;15333;23
109;101;7;18420;1
109;101;7;22000;2
109;101;7;22022;7
109;101;7;22180;1
109;101;7;22190;1
109;101;7;22221;5
109;101;7;22222;25
109;101;7;22322;2
109;101;7;22345;1
109;101;7;22777;8
109;101;7;22888;9
109;101;7;30222;1
109;101;7;33000;19
109;101;7;40110;1
109;101;7;40111;3
109;101;7;40200;9
109;101;7;40234;6
109;101;7;40555;14
109;101;7;40700;2
109;101;7;40789;1
109;101;7;43777;1
109;101;7;44123;1
109;101;7;44447;1
109;101;7;45000;1
109;101;7;45045;1
109;101;7;45111;4
109;101;7;45123;4
109;101;7;45555;2
109;101;7;45678;4
109;101;7;45777;1
109;101;7;45999;2
109;101;7;50013;1
109;101;7;50555;5
109;101;7;55777;1
109;101;7;77123;24
109;101;5;95;52
109;101;5;96;50
109;101;5;162;1
109;101;5;180;100
109;101;5;222;125
109;101;5;400;104
109;101;5;445;120
109;101;5;800;2
109;101;3;13;101
109;101;3;45;155
109;101;3;95;7
109;101;3;96;14
109;102;1;13;148
109;102;1;22;100
109;102;1;70;8
109;102;1;95;1
109;102;1;96;16
109;102;6;10;1
109;102;6;12;4
109;102;6;13;1
109;102;6;15;1
109;102;6;18;1
109;102;6;22;1
109;102;6;40;1
109;102;6;45;3
109;102;6;95;11
109;102;6;96;15
109;102;6;1010;5
109;102;6;1022;1
109;102;6;1055;2
109;102;6;1144;21
109;102;6;1212;1
109;102;6;1233;1
109;102;6;1277;3
109;102;6;1301;3
109;102;6;1313;1
109;102;6;1314;1
109;102;6;1315;1
109;102;6;1322;1
109;102;6;1323;1
109;102;6;1331;4
109;102;6;1333;2
109;102;6;1377;1
109;102;6;1399;1
109;102;6;1500;1
109;102;6;1511;1
109;102;6;1512;1
109;102;6;1515;38
109;102;6;1533;2
109;102;6;1555;2
109;102;6;2030;1
109;102;6;2200;2
109;102;6;2210;1
109;102;6;2211;3
109;102;6;2222;51
109;102;6;2244;2
109;102;6;2278;1
109;102;6;2288;9
109;102;6;2299;1
109;102;6;2518;1
109;102;6;3300;1
109;102;6;4001;1
109;102;6;4020;11
109;102;6;4040;3
109;102;6;4044;4
109;102;6;4055;14
109;102;6;4077;6
109;102;6;4343;1
109;102;6;4433;1
109;102;6;4444;2
109;102;6;4445;1
109;102;6;4455;1
109;102;6;4555;2
109;102;6;5013;1
109;102;6;5077;2
109;102;6;5511;12
109;102;6;5533;3
109;102;6;5551;1
109;102;7;10;1
109;102;7;11;2
109;102;7;12;1
109;102;7;13;3
109;102;7;15;3
109;102;7;18;2
109;102;7;22;6
109;102;7;33;1
109;102;7;40;7
109;102;7;44;2
109;102;7;95;11
109;102;7;96;18
109;102;7;10100;1
109;102;7;10123;5
109;102;7;10333;1
109;102;7;10444;2
109;102;7;10678;3
109;102;7;10999;1
109;102;7;12123;1
109;102;7;13013;4
109;102;7;13113;4
109;102;7;13123;2
109;102;7;13130;1
109;102;7;13131;1
109;102;7;13132;1
109;102;7;13133;5
109;102;7;13258;1
109;102;7;13333;1
109;102;7;13700;1
109;102;7;15000;1
109;102;7;15333;19
109;102;7;22000;2
109;102;7;22022;4
109;102;7;22111;1
109;102;7;22190;2
109;102;7;22221;5
109;102;7;22222;19
109;102;7;22322;3
109;102;7;22345;1
109;102;7;22580;1
109;102;7;22762;1
109;102;7;22888;11
109;102;7;25555;2
109;102;7;30222;1
109;102;7;30330;1
109;102;7;33000;12
109;102;7;33233;1
109;102;7;33456;2
109;102;7;40000;1
109;102;7;40100;1
109;102;7;40111;3
109;102;7;40200;9
109;102;7;40234;13
109;102;7;40456;1
109;102;7;40555;10
109;102;7;40777;1
109;102;7;43000;2
109;102;7;44090;1
109;102;7;44444;2
109;102;7;44456;1
109;102;7;45111;3
109;102;7;45122;1
109;102;7;45190;1
109;102;7;45222;1
109;102;7;45456;1
109;102;7;45678;2
109;102;7;45999;6
109;102;7;50013;1
109;102;7;50555;6
109;102;7;77123;25
109;102;5;95;27
109;102;5;96;80
109;102;5;162;1
109;102;5;180;111
109;102;5;222;97
109;102;5;300;1
109;102;5;400;121
109;102;5;445;107
109;102;5;800;1
109;102;3;13;110
109;102;3;45;125
109;102;3;95;6
109;102;3;96;32
109;103;1;13;127
109;103;1;14;3
109;103;1;21;1
109;103;1;22;65
109;103;1;55;1
109;103;1;70;6
109;103;1;95;7
109;103;1;96;9
109;103;6;11;1
109;103;6;12;2
109;103;6;15;2
109;103;6;18;1
109;103;6;40;1
109;103;6;55;1
109;103;6;95;8
109;103;6;96;5
109;103;6;1000;1
109;103;6;1010;5
109;103;6;1144;23
109;103;6;1234;1
109;103;6;1244;1
109;103;6;1301;3
109;103;6;1313;1
109;103;6;1331;9
109;103;6;1333;3
109;103;6;1414;1
109;103;6;1442;1
109;103;6;1515;47
109;103;6;1520;1
109;103;6;1533;1
109;103;6;1800;1
109;103;6;2211;1
109;103;6;2222;40
109;103;6;2244;1
109;103;6;2270;1
109;103;6;2277;4
109;103;6;2288;5
109;103;6;2299;5
109;103;6;4020;7
109;103;6;4044;6
109;103;6;4055;3
109;103;6;4077;7
109;103;6;4400;1
109;103;6;4422;2
109;103;6;4555;3
109;103;6;5050;1
109;103;6;5077;1
109;103;6;5511;3
109;103;6;5533;4
109;103;6;5555;1
109;103;6;6565;2
109;103;6;7733;1
109;103;7;11;1
109;103;7;13;4
109;103;7;15;2
109;103;7;18;5
109;103;7;22;2
109;103;7;33;1
109;103;7;40;1
109;103;7;44;2
109;103;7;55;1
109;103;7;65;1
109;103;7;95;8
109;103;7;96;4
109;103;7;10100;4
109;103;7;10123;2
109;103;7;10234;1
109;103;7;11111;1
109;103;7;11456;2
109;103;7;13013;3
109;103;7;13123;1
109;103;7;13132;1
109;103;7;13222;1
109;103;7;13456;2
109;103;7;15000;1
109;103;7;15333;30
109;103;7;22000;1
109;103;7;22022;2
109;103;7;22221;2
109;103;7;22222;17
109;103;7;22777;4
109;103;7;22888;4
109;103;7;25555;1
109;103;7;30222;1
109;103;7;33000;26
109;103;7;33111;1
109;103;7;33456;1
109;103;7;40111;5
109;103;7;40200;6
109;103;7;40234;7
109;103;7;40555;1
109;103;7;40700;5
109;103;7;43640;1
109;103;7;44000;1
109;103;7;45111;1
109;103;7;45123;4
109;103;7;45999;2
109;103;7;50000;1
109;103;7;50013;3
109;103;7;50555;4
109;103;7;55111;2
109;103;7;65013;1
109;103;7;77123;34
109;103;5;95;35
109;103;5;96;55
109;103;5;180;88
109;103;5;222;78
109;103;5;300;1
109;103;5;400;99
109;103;5;445;82
109;103;3;13;92
109;103;3;14;1
109;103;3;30;1
109;103;3;45;103
109;103;3;95;4
109;103;3;96;18
109;104;1;13;130
109;104;1;14;5
109;104;1;21;1
109;104;1;22;84
109;104;1;70;5
109;104;1;95;3
109;104;1;96;6
109;104;6;13;3
109;104;6;22;1
109;104;6;40;1
109;104;6;95;14
109;104;6;96;3
109;104;6;1001;1
109;104;6;1010;7
109;104;6;1055;6
109;104;6;1144;8
109;104;6;1212;1
109;104;6;1277;2
109;104;6;1301;10
109;104;6;1313;1
109;104;6;1322;1
109;104;6;1323;1
109;104;6;1331;5
109;104;6;1399;2
109;104;6;1414;1
109;104;6;1515;41
109;104;6;1533;1
109;104;6;1555;1
109;104;6;1800;2
109;104;6;2200;1
109;104;6;2211;2
109;104;6;2222;41
109;104;6;2225;1
109;104;6;2244;1
109;104;6;2277;1
109;104;6;2288;3
109;104;6;2299;4
109;104;6;2333;2
109;104;6;2512;1
109;104;6;2518;1
109;104;6;3009;1
109;104;6;4001;1
109;104;6;4020;14
109;104;6;4040;2
109;104;6;4044;1
109;104;6;4055;10
109;104;6;4077;2
109;104;6;4400;1
109;104;6;4410;2
109;104;6;4433;1
109;104;6;4490;1
109;104;6;4511;1
109;104;6;4548;1
109;104;6;5000;1
109;104;6;5050;6
109;104;6;5511;6
109;104;6;5533;5
109;104;6;5555;1
109;104;6;5588;3
109;104;6;6565;1
109;104;6;7777;1
109;104;6;7788;1
109;104;7;11;1
109;104;7;13;2
109;104;7;15;2
109;104;7;18;3
109;104;7;22;3
109;104;7;40;5
109;104;7;44;2
109;104;7;50;1
109;104;7;95;12
109;104;7;96;5
109;104;7;10123;5
109;104;7;10444;2
109;104;7;10678;1
109;104;7;13013;6
109;104;7;13123;1
109;104;7;13131;5
109;104;7;13132;4
109;104;7;13133;2
109;104;7;13234;1
109;104;7;13333;3
109;104;7;13789;1
109;104;7;13888;1
109;104;7;15333;17
109;104;7;22000;3
109;104;7;22022;6
109;104;7;22190;2
109;104;7;22221;5
109;104;7;22222;16
109;104;7;22580;2
109;104;7;22762;1
109;104;7;22777;1
109;104;7;22888;1
109;104;7;30222;1
109;104;7;30330;1
109;104;7;33000;18
109;104;7;33111;2
109;104;7;33456;2
109;104;7;40123;1
109;104;7;40200;12
109;104;7;40234;11
109;104;7;40456;1
109;104;7;40555;4
109;104;7;40700;6
109;104;7;40777;1
109;104;7;43000;1
109;104;7;44123;1
109;104;7;44545;1
109;104;7;45000;1
109;104;7;45123;2
109;104;7;45222;1
109;104;7;45411;1
109;104;7;45678;1
109;104;7;45777;1
109;104;7;45999;1
109;104;7;50013;3
109;104;7;50555;5
109;104;7;55011;1
109;104;7;55111;1
109;104;7;55125;1
109;104;7;55555;1
109;104;7;55888;2
109;104;7;77123;26
109;104;7;77888;1
109;104;5;95;32
109;104;5;96;33
109;104;5;162;1
109;104;5;180;109
109;104;5;222;86
109;104;5;300;1
109;104;5;400;114
109;104;5;445;92
109;104;3;13;98
109;104;3;45;116
109;104;3;95;9
109;104;3;96;11
109;199;1;13;135
109;199;1;14;8
109;199;1;22;101
109;199;1;55;4
109;199;1;70;2
109;199;1;80;2
109;199;1;95;2
109;199;1;96;7
109;199;6;22;1
109;199;6;33;1
109;199;6;95;13
109;199;6;96;13
109;199;6;1010;5
109;199;6;1055;5
109;199;6;1111;1
109;199;6;1144;11
109;199;6;1277;2
109;199;6;1301;4
109;199;6;1314;4
109;199;6;1323;2
109;199;6;1331;2
109;199;6;1333;6
109;199;6;1414;1
109;199;6;1515;62
109;199;6;1544;1
109;199;6;1555;2
109;199;6;1592;1
109;199;6;2200;1
109;199;6;2211;2
109;199;6;2222;46
109;199;6;2244;9
109;199;6;2277;2
109;199;6;2278;1
109;199;6;2288;4
109;199;6;2299;2
109;199;6;2518;3
109;199;6;2525;1
109;199;6;4001;2
109;199;6;4020;10
109;199;6;4040;3
109;199;6;4044;5
109;199;6;4055;8
109;199;6;4077;1
109;199;6;4444;2
109;199;6;4490;1
109;199;6;4578;1
109;199;6;5000;1
109;199;6;5013;1
109;199;6;5050;5
109;199;6;5077;1
109;199;6;5511;4
109;199;6;5533;3
109;199;6;5555;2
109;199;6;6565;1
109;199;6;7711;2
109;199;7;13;2
109;199;7;15;1
109;199;7;22;1
109;199;7;40;1
109;199;7;95;16
109;199;7;96;17
109;199;7;10010;1
109;199;7;10100;1
109;199;7;10123;3
109;199;7;10333;1
109;199;7;10444;2
109;199;7;10678;1
109;199;7;11100;1
109;199;7;13013;4
109;199;7;13113;1
109;199;7;13123;6
109;199;7;13131;2
109;199;7;13132;4
109;199;7;13133;4
109;199;7;13333;4
109;199;7;13444;1
109;199;7;13456;2
109;199;7;13700;1
109;199;7;15333;40
109;199;7;15444;1
109;199;7;22022;6
109;199;7;22190;2
109;199;7;22221;8
109;199;7;22222;21
109;199;7;22322;3
109;199;7;22422;1
109;199;7;22777;3
109;199;7;22888;4
109;199;7;33000;16
109;199;7;33190;1
109;199;7;40100;1
109;199;7;40111;3
109;199;7;40200;21
109;199;7;40234;2
109;199;7;40555;3
109;199;7;40600;2
109;199;7;40700;2
109;199;7;40888;1
109;199;7;44444;1
109;199;7;45111;10
109;199;7;45678;1
109;199;7;45777;2
109;199;7;45999;5
109;199;7;50180;2
109;199;7;50555;6
109;199;7;55000;1
109;199;7;55333;1
109;199;7;55555;1
109;199;7;77123;13
109;199;5;95;50
109;199;5;96;44
109;199;5;162;2
109;199;5;180;113
109;199;5;222;94
109;199;5;300;1
109;199;5;400;119
109;199;5;445;97
109;199;5;800;2
109;199;3;13;116
109;199;3;14;5
109;199;3;45;117
109;199;3;95;7
109;199;3;96;16
109;200;1;13;124
109;200;1;14;10
109;200;1;22;76
109;200;1;55;2
109;200;1;70;3
109;200;1;80;1
109;200;1;95;3
109;200;1;96;9
109;200;6;12;1
109;200;6;13;1
109;200;6;40;1
109;200;6;45;1
109;200;6;50;1
109;200;6;95;15
109;200;6;96;10
109;200;6;1010;3
109;200;6;1055;2
109;200;6;1144;4
109;200;6;1200;1
109;200;6;1277;3
109;200;6;1301;7
109;200;6;1314;2
109;200;6;1322;3
109;200;6;1331;2
109;200;6;1333;1
109;200;6;1399;1
109;200;6;1414;1
109;200;6;1515;20
109;200;6;1533;1
109;200;6;1800;1
109;200;6;2026;1
109;200;6;2200;2
109;200;6;2211;1
109;200;6;2222;48
109;200;6;2233;1
109;200;6;2277;1
109;200;6;2288;2
109;200;6;2299;1
109;200;6;2333;1
109;200;6;2518;3
109;200;6;2555;1
109;200;6;4020;8
109;200;6;4040;2
109;200;6;4044;4
109;200;6;4055;15
109;200;6;4077;20
109;200;6;4410;1
109;200;6;4433;1
109;200;6;4443;2
109;200;6;4490;2
109;200;6;4515;1
109;200;6;5000;1
109;200;6;5050;10
109;200;6;5511;10
109;200;6;5533;1
109;200;6;5557;2
109;200;6;5588;1
109;200;6;6565;3
109;200;7;15;1
109;200;7;22;2
109;200;7;40;5
109;200;7;80;1
109;200;7;95;21
109;200;7;96;12
109;200;7;10123;2
109;200;7;10234;2
109;200;7;10333;1
109;200;7;10444;1
109;200;7;10879;1
109;200;7;13013;3
109;200;7;13113;3
109;200;7;13131;4
109;200;7;13132;2
109;200;7;13133;1
109;200;7;13180;1
109;200;7;13234;1
109;200;7;13258;1
109;200;7;13333;1
109;200;7;13456;1
109;200;7;15333;11
109;200;7;22022;6
109;200;7;22180;1
109;200;7;22190;3
109;200;7;22221;6
109;200;7;22222;18
109;200;7;22777;1
109;200;7;22888;3
109;200;7;25555;6
109;200;7;30222;1
109;200;7;33000;6
109;200;7;40000;1
109;200;7;40111;3
109;200;7;40123;1
109;200;7;40200;5
109;200;7;40234;27
109;200;7;40400;1
109;200;7;40555;12
109;200;7;40600;1
109;200;7;40840;2
109;200;7;40999;1
109;200;7;44545;1
109;200;7;45111;1
109;200;7;45678;3
109;200;7;45888;2
109;200;7;45999;2
109;200;7;50013;8
109;200;7;50180;1
109;200;7;50500;1
109;200;7;50555;12
109;200;7;55011;1
109;200;7;55111;1
109;200;7;55777;1
109;200;7;55888;1
109;200;7;77123;10
109;200;5;95;55
109;200;5;96;34
109;200;5;180;97
109;200;5;222;70
109;200;5;300;2
109;200;5;400;113
109;200;5;445;81
109;200;5;800;4
109;200;3;13;105
109;200;3;14;2
109;200;3;45;102
109;200;3;95;7
109;200;3;96;12
109;201;1;13;126
109;201;1;14;12
109;201;1;22;101
109;201;1;27;1
109;201;1;55;1
109;201;1;70;11
109;201;1;95;8
109;201;1;96;5
109;201;6;22;2
109;201;6;44;1
109;201;6;77;1
109;201;6;95;12
109;201;6;96;7
109;201;6;1000;1
109;201;6;1010;2
109;201;6;1055;9
109;201;6;1111;1
109;201;6;1144;18
109;201;6;1234;2
109;201;6;1277;1
109;201;6;1301;9
109;201;6;1313;1
109;201;6;1314;1
109;201;6;1322;1
109;201;6;1323;1
109;201;6;1331;7
109;201;6;1333;1
109;201;6;1370;1
109;201;6;1399;1
109;201;6;1400;2
109;201;6;1414;3
109;201;6;1515;48
109;201;6;1555;1
109;201;6;1800;1
109;201;6;2211;1
109;201;6;2222;56
109;201;6;2244;2
109;201;6;2277;6
109;201;6;2288;6
109;201;6;2299;2
109;201;6;2333;1
109;201;6;2518;3
109;201;6;2525;1
109;201;6;4001;2
109;201;6;4020;3
109;201;6;4040;1
109;201;6;4044;1
109;201;6;4055;12
109;201;6;4077;2
109;201;6;4343;1
109;201;6;4422;2
109;201;6;4445;1
109;201;6;4455;1
109;201;6;4490;3
109;201;6;4548;3
109;201;6;5013;1
109;201;6;5050;3
109;201;6;5055;1
109;201;6;5077;1
109;201;6;5511;9
109;201;6;5533;3
109;201;6;5555;1
109;201;6;6565;1
109;201;7;12;1
109;201;7;13;1
109;201;7;15;1
109;201;7;22;3
109;201;7;40;3
109;201;7;43;1
109;201;7;45;2
109;201;7;95;19
109;201;7;96;9
109;201;7;10100;2
109;201;7;10123;3
109;201;7;10234;1
109;201;7;10456;1
109;201;7;10678;1
109;201;7;11555;1
109;201;7;13000;2
109;201;7;13013;6
109;201;7;13113;2
109;201;7;13132;3
109;201;7;13133;2
109;201;7;13222;1
109;201;7;13234;1
109;201;7;13258;2
109;201;7;15000;1
109;201;7;15333;27
109;201;7;22000;1
109;201;7;22022;12
109;201;7;22130;2
109;201;7;22190;1
109;201;7;22221;12
109;201;7;22222;12
109;201;7;22223;1
109;201;7;22762;2
109;201;7;22777;9
109;201;7;22888;3
109;201;7;30222;1
109;201;7;30300;1
109;201;7;33000;17
109;201;7;33123;2
109;201;7;40111;2
109;201;7;40200;5
109;201;7;40222;2
109;201;7;40234;11
109;201;7;40555;11
109;201;7;40700;6
109;201;7;40777;3
109;201;7;43000;2
109;201;7;43640;2
109;201;7;45190;2
109;201;7;45678;4
109;201;7;45999;3
109;201;7;50013;1
109;201;7;50180;1
109;201;7;50555;8
109;201;7;55777;2
109;201;7;55888;2
109;201;7;65013;1
109;201;7;77123;25
109;201;5;95;56
109;201;5;96;39
109;201;5;180;101
109;201;5;222;107
109;201;5;300;2
109;201;5;400;114
109;201;5;445;110
109;201;5;800;1
109;201;3;13;106
109;201;3;14;3
109;201;3;45;132
109;201;3;95;14
109;201;3;96;10
109;202;1;13;144
109;202;1;14;10
109;202;1;22;82
109;202;1;70;7
109;202;1;95;5
109;202;1;96;11
109;202;6;10;1
109;202;6;11;1
109;202;6;12;1
109;202;6;13;2
109;202;6;18;1
109;202;6;22;1
109;202;6;40;1
109;202;6;44;1
109;202;6;95;20
109;202;6;96;14
109;202;6;1010;5
109;202;6;1055;9
109;202;6;1144;4
109;202;6;1212;3
109;202;6;1234;2
109;202;6;1277;1
109;202;6;1301;1
109;202;6;1313;1
109;202;6;1314;1
109;202;6;1323;8
109;202;6;1333;4
109;202;6;1414;1
109;202;6;1511;1
109;202;6;1515;48
109;202;6;1800;1
109;202;6;2200;1
109;202;6;2211;2
109;202;6;2222;37
109;202;6;2244;3
109;202;6;2252;1
109;202;6;2277;4
109;202;6;2288;3
109;202;6;2299;7
109;202;6;2518;1
109;202;6;2589;1
109;202;6;3399;1
109;202;6;4020;7
109;202;6;4040;3
109;202;6;4044;3
109;202;6;4055;3
109;202;6;4077;11
109;202;6;4422;2
109;202;6;4477;1
109;202;6;4490;4
109;202;6;4555;1
109;202;6;5050;5
109;202;6;5077;2
109;202;6;5511;7
109;202;6;5533;6
109;202;6;5577;1
109;202;6;5588;3
109;202;6;6565;4
109;202;6;7700;1
109;202;6;7711;1
109;202;7;13;2
109;202;7;15;1
109;202;7;18;5
109;202;7;22;2
109;202;7;45;1
109;202;7;95;22
109;202;7;96;13
109;202;7;10000;1
109;202;7;10100;7
109;202;7;10123;4
109;202;7;10222;4
109;202;7;10234;1
109;202;7;10444;1
109;202;7;10678;1
109;202;7;11000;2
109;202;7;11111;2
109;202;7;13013;4
109;202;7;13131;2
109;202;7;13132;2
109;202;7;13133;2
109;202;7;13180;1
109;202;7;13258;1
109;202;7;13333;11
109;202;7;13444;5
109;202;7;13700;1
109;202;7;13888;1
109;202;7;15000;2
109;202;7;15123;1
109;202;7;15333;23
109;202;7;22022;6
109;202;7;22190;2
109;202;7;22221;7
109;202;7;22222;14
109;202;7;22580;2
109;202;7;22777;2
109;202;7;22888;4
109;202;7;25555;2
109;202;7;33000;19
109;202;7;33456;1
109;202;7;40111;2
109;202;7;40200;4
109;202;7;40234;14
109;202;7;40456;1
109;202;7;40555;4
109;202;7;40700;8
109;202;7;40777;1
109;202;7;44090;2
109;202;7;45000;1
109;202;7;45111;1
109;202;7;45123;4
109;202;7;45190;3
109;202;7;45777;1
109;202;7;45800;1
109;202;7;45999;2
109;202;7;50013;4
109;202;7;50555;5
109;202;7;55011;1
109;202;7;77123;16
109;202;5;95;58
109;202;5;96;58
109;202;5;162;2
109;202;5;180;124
109;202;5;222;71
109;202;5;400;131
109;202;5;445;73
109;202;5;800;1
109;202;3;13;133
109;202;3;45;109
109;202;3;95;8
109;202;3;96;9
109;203;1;13;102
109;203;1;14;4
109;203;1;22;46
109;203;1;55;1
109;203;1;70;10
109;203;1;95;1
109;203;1;96;2
109;203;6;12;1
109;203;6;13;1
109;203;6;15;2
109;203;6;77;1
109;203;6;95;13
109;203;6;96;4
109;203;6;1000;1
109;203;6;1055;1
109;203;6;1144;9
109;203;6;1212;1
109;203;6;1290;1
109;203;6;1301;3
109;203;6;1314;3
109;203;6;1323;2
109;203;6;1331;1
109;203;6;1441;1
109;203;6;1515;44
109;203;6;2211;1
109;203;6;2222;28
109;203;6;2244;1
109;203;6;2277;1
109;203;6;2299;2
109;203;6;2333;3
109;203;6;2555;2
109;203;6;4000;1
109;203;6;4020;9
109;203;6;4044;3
109;203;6;4055;16
109;203;6;4077;1
109;203;6;4444;3
109;203;6;5050;1
109;203;6;5511;2
109;203;6;5532;1
109;203;6;5588;2
109;203;7;15;3
109;203;7;40;2
109;203;7;44;1
109;203;7;95;14
109;203;7;96;6
109;203;7;10222;1
109;203;7;11000;3
109;203;7;13131;2
109;203;7;13132;3
109;203;7;13133;8
109;203;7;13333;2
109;203;7;15333;5
109;203;7;22022;2
109;203;7;22130;1
109;203;7;22221;4
109;203;7;22222;6
109;203;7;22580;1
109;203;7;22777;2
109;203;7;22888;1
109;203;7;25555;1
109;203;7;33000;33
109;203;7;33111;1
109;203;7;40111;1
109;203;7;40140;1
109;203;7;40200;7
109;203;7;40234;3
109;203;7;40555;14
109;203;7;40700;1
109;203;7;40777;1
109;203;7;45111;1
109;203;7;45123;1
109;203;7;45678;1
109;203;7;45999;1
109;203;7;50555;4
109;203;7;77123;28
109;203;5;95;28
109;203;5;96;37
109;203;5;180;86
109;203;5;222;47
109;203;5;400;90
109;203;5;445;43
109;203;5;800;1
109;203;3;13;79
109;203;3;45;69
109;203;3;95;6
109;203;3;96;12
109;204;1;13;136
109;204;1;14;8
109;204;1;22;79
109;204;1;70;6
109;204;1;80;1
109;204;1;95;6
109;204;1;96;10
109;204;6;12;1
109;204;6;13;3
109;204;6;14;1
109;204;6;40;2
109;204;6;95;14
109;204;6;96;11
109;204;6;1000;1
109;204;6;1001;1
109;204;6;1010;4
109;204;6;1055;4
109;204;6;1111;2
109;204;6;1144;8
109;204;6;1277;2
109;204;6;1301;3
109;204;6;1313;1
109;204;6;1314;3
109;204;6;1315;1
109;204;6;1322;2
109;204;6;1323;1
109;204;6;1331;4
109;204;6;1333;1
109;204;6;1414;1
109;204;6;1515;39
109;204;6;1533;1
109;204;6;1544;1
109;204;6;1800;1
109;204;6;2030;1
109;204;6;2200;5
109;204;6;2211;1
109;204;6;2222;44
109;204;6;2225;1
109;204;6;2277;1
109;204;6;2288;3
109;204;6;2299;3
109;204;6;2333;1
109;204;6;2555;1
109;204;6;4001;1
109;204;6;4020;11
109;204;6;4040;2
109;204;6;4044;3
109;204;6;4055;15
109;204;6;4077;4
109;204;6;4411;1
109;204;6;4422;1
109;204;6;4445;1
109;204;6;4490;1
109;204;6;4511;1
109;204;6;4545;1
109;204;6;5050;3
109;204;6;5077;1
109;204;6;5511;10
109;204;6;5533;1
109;204;6;5555;1
109;204;6;5588;2
109;204;6;6565;5
109;204;6;7700;4
109;204;6;7733;1
109;204;6;7788;1
109;204;6;8080;1
109;204;7;13;2
109;204;7;15;2
109;204;7;22;4
109;204;7;40;5
109;204;7;44;2
109;204;7;95;16
109;204;7;96;13
109;204;7;10100;2
109;204;7;10110;1
109;204;7;10123;3
109;204;7;10369;1
109;204;7;10444;3
109;204;7;10678;2
109;204;7;10999;1
109;204;7;12123;1
109;204;7;13013;2
109;204;7;13113;4
109;204;7;13123;2
109;204;7;13131;6
109;204;7;13132;2
109;204;7;13133;2
109;204;7;13234;1
109;204;7;13333;1
109;204;7;13789;4
109;204;7;15333;17
109;204;7;15678;1
109;204;7;18333;1
109;204;7;22022;8
109;204;7;22130;1
109;204;7;22190;2
109;204;7;22221;3
109;204;7;22222;20
109;204;7;22223;1
109;204;7;22322;1
109;204;7;22580;3
109;204;7;22777;1
109;204;7;22822;2
109;204;7;22888;2
109;204;7;25555;1
109;204;7;33000;16
109;204;7;40111;2
109;204;7;40200;8
109;204;7;40222;1
109;204;7;40234;15
109;204;7;40500;1
109;204;7;40555;8
109;204;7;40700;1
109;204;7;40777;2
109;204;7;43000;1
109;204;7;44111;2
109;204;7;45000;2
109;204;7;45222;1
109;204;7;45999;3
109;204;7;50013;1
109;204;7;50180;1
109;204;7;50555;6
109;204;7;55000;3
109;204;7;55555;1
109;204;7;55777;1
109;204;7;55888;3
109;204;7;65656;2
109;204;7;77123;19
109;204;5;95;42
109;204;5;96;57
109;204;5;180;109
109;204;5;222;79
109;204;5;300;2
109;204;5;400;110
109;204;5;445;89
109;204;5;800;4
109;204;3;13;113
109;204;3;14;2
109;204;3;30;1
109;204;3;45;109
109;204;3;95;8
109;204;3;96;13
109;206;1;13;120
109;206;1;14;11
109;206;1;22;119
109;206;1;70;5
109;206;1;80;1
109;206;1;95;5
109;206;1;96;13
109;206;6;22;1
109;206;6;40;3
109;206;6;44;1
109;206;6;95;18
109;206;6;96;10
109;206;6;1010;1
109;206;6;1055;6
109;206;6;1111;1
109;206;6;1144;5
109;206;6;1256;1
109;206;6;1314;2
109;206;6;1315;1
109;206;6;1323;3
109;206;6;1331;3
109;206;6;1333;6
109;206;6;1414;1
109;206;6;1500;1
109;206;6;1515;49
109;206;6;1533;1
109;206;6;1555;1
109;206;6;2026;1
109;206;6;2200;6
109;206;6;2211;2
109;206;6;2222;59
109;206;6;2255;1
109;206;6;2277;3
109;206;6;2288;12
109;206;6;2299;4
109;206;6;2555;2
109;206;6;4000;1
109;206;6;4001;1
109;206;6;4020;10
109;206;6;4040;10
109;206;6;4044;2
109;206;6;4055;9
109;206;6;4077;2
109;206;6;4422;2
109;206;6;4445;2
109;206;6;4455;2
109;206;6;4490;2
109;206;6;4545;1
109;206;6;4546;1
109;206;6;5050;3
109;206;6;5077;3
109;206;6;5511;10
109;206;6;5533;1
109;206;6;6565;4
109;206;6;7700;1
109;206;6;7777;1
109;206;6;7788;1
109;206;7;15;2
109;206;7;22;1
109;206;7;40;1
109;206;7;95;24
109;206;7;96;12
109;206;7;10070;1
109;206;7;10100;1
109;206;7;10123;1
109;206;7;10444;3
109;206;7;10678;1
109;206;7;12123;3
109;206;7;12345;1
109;206;7;13013;2
109;206;7;13111;1
109;206;7;13132;1
109;206;7;13133;4
109;206;7;13222;1
109;206;7;13234;2
109;206;7;13333;1
109;206;7;13444;2
109;206;7;13456;1
109;206;7;13789;1
109;206;7;13888;1
109;206;7;15333;30
109;206;7;22000;2
109;206;7;22022;11
109;206;7;22180;1
109;206;7;22190;4
109;206;7;22221;7
109;206;7;22222;18
109;206;7;22223;1
109;206;7;22322;3
109;206;7;22580;1
109;206;7;22777;5
109;206;7;22888;6
109;206;7;33000;23
109;206;7;33520;1
109;206;7;33777;1
109;206;7;40111;1
109;206;7;40200;8
109;206;7;40222;1
109;206;7;40234;6
109;206;7;40500;2
109;206;7;40555;10
109;206;7;40700;4
109;206;7;40888;1
109;206;7;40900;1
109;206;7;45000;1
109;206;7;45111;4
109;206;7;45123;1
109;206;7;45190;2
109;206;7;45456;1
109;206;7;45678;3
109;206;7;45777;1
109;206;7;45888;2
109;206;7;45999;2
109;206;7;50013;1
109;206;7;50555;13
109;206;7;55111;1
109;206;7;55455;2
109;206;7;55777;1
109;206;7;55888;1
109;206;7;77123;19
109;206;7;77192;2
109;206;7;77777;1
109;206;5;95;47
109;206;5;96;50
109;206;5;180;100
109;206;5;222;116
109;206;5;300;1
109;206;5;400;111
109;206;5;445;120
109;206;5;800;3
109;206;3;13;103
109;206;3;14;1
109;206;3;45;141
109;206;3;95;11
109;206;3;96;18
109;211;1;13;119
109;211;1;14;16
109;211;1;22;115
109;211;1;55;3
109;211;1;70;9
109;211;1;95;9
109;211;1;96;5
109;211;6;10;1
109;211;6;18;1
109;211;6;22;1
109;211;6;95;23
109;211;6;96;6
109;211;6;1055;6
109;211;6;1144;9
109;211;6;1212;1
109;211;6;1301;5
109;211;6;1314;1
109;211;6;1315;1
109;211;6;1331;5
109;211;6;1333;2
109;211;6;1399;4
109;211;6;1414;3
109;211;6;1467;1
109;211;6;1515;36
109;211;6;1555;1
109;211;6;1800;1
109;211;6;2200;2
109;211;6;2211;2
109;211;6;2222;81
109;211;6;2244;2
109;211;6;2277;3
109;211;6;2288;8
109;211;6;2299;1
109;211;6;3030;1
109;211;6;3300;2
109;211;6;4020;7
109;211;6;4040;4
109;211;6;4044;4
109;211;6;4055;7
109;211;6;4077;4
109;211;6;4422;2
109;211;6;4490;2
109;211;6;4512;1
109;211;6;4555;1
109;211;6;5000;1
109;211;6;5050;7
109;211;6;5077;5
109;211;6;5511;9
109;211;6;5533;3
109;211;6;5551;1
109;211;6;5555;1
109;211;6;5557;2
109;211;6;5588;3
109;211;6;7788;2
109;211;7;13;1
109;211;7;15;2
109;211;7;18;2
109;211;7;22;1
109;211;7;40;2
109;211;7;80;1
109;211;7;95;31
109;211;7;96;15
109;211;7;10100;2
109;211;7;10222;1
109;211;7;10444;2
109;211;7;11100;1
109;211;7;11111;3
109;211;7;12123;4
109;211;7;13013;6
109;211;7;13113;2
109;211;7;13131;6
109;211;7;13132;3
109;211;7;13180;1
109;211;7;13222;1
109;211;7;13234;3
109;211;7;13444;3
109;211;7;15333;15
109;211;7;22022;17
109;211;7;22190;1
109;211;7;22221;10
109;211;7;22222;28
109;211;7;22322;1
109;211;7;22777;7
109;211;7;22888;6
109;211;7;33000;16
109;211;7;40100;1
109;211;7;40111;3
109;211;7;40200;10
109;211;7;40234;7
109;211;7;40555;7
109;211;7;40700;4
109;211;7;44000;1
109;211;7;45111;3
109;211;7;45123;1
109;211;7;45678;3
109;211;7;45777;1
109;211;7;45999;1
109;211;7;50013;3
109;211;7;50180;1
109;211;7;50555;14
109;211;7;55024;2
109;211;7;55888;1
109;211;7;77123;17
109;211;7;77888;2
109;211;5;95;64
109;211;5;96;41
109;211;5;180;96
109;211;5;222;116
109;211;5;300;2
109;211;5;400;109
109;211;5;445;118
109;211;5;800;6
109;211;3;13;95
109;211;3;14;3
109;211;3;35;1
109;211;3;45;154
109;211;3;80;1
109;211;3;95;14
109;211;3;96;8
109;214;1;13;147
109;214;1;14;6
109;214;1;22;74
109;214;1;55;4
109;214;1;95;8
109;214;1;96;5
109;214;6;10;1
109;214;6;11;2
109;214;6;13;3
109;214;6;15;2
109;214;6;20;2
109;214;6;45;1
109;214;6;50;1
109;214;6;77;1
109;214;6;95;14
109;214;6;96;2
109;214;6;1010;7
109;214;6;1055;2
109;214;6;1144;13
109;214;6;1301;2
109;214;6;1314;2
109;214;6;1323;2
109;214;6;1331;2
109;214;6;1414;1
109;214;6;1515;62
109;214;6;1533;1
109;214;6;2200;4
109;214;6;2222;43
109;214;6;2270;1
109;214;6;2277;3
109;214;6;2288;3
109;214;6;2299;1
109;214;6;2518;1
109;214;6;3300;2
109;214;6;4020;9
109;214;6;4040;4
109;214;6;4044;9
109;214;6;4055;8
109;214;6;4077;3
109;214;6;4445;1
109;214;6;4455;4
109;214;6;4490;1
109;214;6;4555;8
109;214;6;5050;1
109;214;6;5077;1
109;214;6;5511;2
109;214;6;5522;2
109;214;6;5533;6
109;214;6;5555;2
109;214;6;8088;2
109;214;7;12;2
109;214;7;13;1
109;214;7;15;4
109;214;7;18;2
109;214;7;22;1
109;214;7;30;1
109;214;7;40;1
109;214;7;44;1
109;214;7;45;1
109;214;7;80;1
109;214;7;95;20
109;214;7;96;4
109;214;7;10100;6
109;214;7;10123;2
109;214;7;10678;1
109;214;7;10999;1
109;214;7;12123;1
109;214;7;13013;4
109;214;7;13111;1
109;214;7;13123;1
109;214;7;13133;2
109;214;7;13234;1
109;214;7;13444;1
109;214;7;15111;1
109;214;7;15333;39
109;214;7;22000;1
109;214;7;22022;7
109;214;7;22190;6
109;214;7;22222;9
109;214;7;22777;6
109;214;7;22888;4
109;214;7;25555;1
109;214;7;33000;27
109;214;7;33456;1
109;214;7;40111;9
109;214;7;40200;7
109;214;7;40234;7
109;214;7;40555;6
109;214;7;40700;1
109;214;7;40840;1
109;214;7;43000;1
109;214;7;43640;2
109;214;7;44090;1
109;214;7;45123;6
109;214;7;45678;3
109;214;7;45999;3
109;214;7;50013;3
109;214;7;50555;5
109;214;7;55100;2
109;214;7;55555;2
109;214;7;55888;2
109;214;7;77123;19
109;214;7;77192;1
109;214;7;77777;1
109;214;5;95;52
109;214;5;96;40
109;214;5;180;118
109;214;5;222;74
109;214;5;400;123
109;214;5;445;75
109;214;5;800;6
109;214;3;13;129
109;214;3;14;2
109;214;3;30;2
109;214;3;45;85
109;214;3;95;12
109;214;3;96;14
109;215;1;13;136
109;215;1;14;9
109;215;1;21;1
109;215;1;22;106
109;215;1;55;3
109;215;1;70;6
109;215;1;95;5
109;215;1;96;8
109;215;6;12;1
109;215;6;13;4
109;215;6;15;1
109;215;6;20;1
109;215;6;22;2
109;215;6;40;3
109;215;6;45;1
109;215;6;77;1
109;215;6;95;14
109;215;6;96;10
109;215;6;1000;1
109;215;6;1022;2
109;215;6;1055;9
109;215;6;1088;2
109;215;6;1111;2
109;215;6;1144;8
109;215;6;1212;1
109;215;6;1277;3
109;215;6;1301;2
109;215;6;1313;2
109;215;6;1314;1
109;215;6;1331;6
109;215;6;1333;6
109;215;6;1414;2
109;215;6;1467;1
109;215;6;1515;44
109;215;6;1800;1
109;215;6;2200;3
109;215;6;2211;2
109;215;6;2222;62
109;215;6;2244;1
109;215;6;2277;1
109;215;6;2288;6
109;215;6;2299;4
109;215;6;2518;1
109;215;6;4001;2
109;215;6;4011;1
109;215;6;4020;7
109;215;6;4040;9
109;215;6;4044;2
109;215;6;4055;11
109;215;6;4077;1
109;215;6;4343;1
109;215;6;4422;2
109;215;6;4445;1
109;215;6;4455;2
109;215;6;4490;2
109;215;6;4545;1
109;215;6;4555;1
109;215;6;5005;1
109;215;6;5050;3
109;215;6;5077;1
109;215;6;5511;4
109;215;6;5533;4
109;215;6;5577;1
109;215;6;6565;1
109;215;6;7711;1
109;215;6;7733;1
109;215;6;7777;1
109;215;6;7788;1
109;215;6;8080;1
109;215;7;10;1
109;215;7;12;1
109;215;7;13;5
109;215;7;15;1
109;215;7;22;6
109;215;7;40;5
109;215;7;77;1
109;215;7;95;25
109;215;7;96;13
109;215;7;10100;2
109;215;7;10333;2
109;215;7;10444;2
109;215;7;11111;1
109;215;7;12345;1
109;215;7;13000;1
109;215;7;13013;7
109;215;7;13111;2
109;215;7;13113;2
109;215;7;13123;2
109;215;7;13131;2
109;215;7;13133;4
109;215;7;13234;1
109;215;7;13258;1
109;215;7;13333;1
109;215;7;13444;2
109;215;7;13789;1
109;215;7;15333;28
109;215;7;22022;14
109;215;7;22180;2
109;215;7;22190;1
109;215;7;22218;2
109;215;7;22221;4
109;215;7;22222;25
109;215;7;22322;1
109;215;7;22522;1
109;215;7;22580;1
109;215;7;22777;2
109;215;7;22888;7
109;215;7;33000;23
109;215;7;33111;1
109;215;7;33789;1
109;215;7;40000;1
109;215;7;40111;2
109;215;7;40200;10
109;215;7;40234;5
109;215;7;40456;1
109;215;7;40555;7
109;215;7;40700;1
109;215;7;44456;1
109;215;7;44545;1
109;215;7;45111;2
109;215;7;45123;4
109;215;7;45190;2
109;215;7;45456;1
109;215;7;45678;3
109;215;7;45777;1
109;215;7;50013;1
109;215;7;50180;1
109;215;7;50500;2
109;215;7;50555;6
109;215;7;55024;1
109;215;7;55888;2
109;215;7;65656;1
109;215;7;77123;12
109;215;7;77888;1
109;215;5;95;53
109;215;5;96;50
109;215;5;180;112
109;215;5;222;109
109;215;5;300;4
109;215;5;400;110
109;215;5;445;104
109;215;5;800;6
109;215;3;13;112
109;215;3;14;3
109;215;3;45;134
109;215;3;80;1
109;215;3;95;4
109;215;3;96;20
109;216;1;13;134
109;216;1;14;5
109;216;1;22;87
109;216;1;30;1
109;216;1;55;2
109;216;1;70;6
109;216;1;95;6
109;216;1;96;12
109;216;6;12;1
109;216;6;13;1
109;216;6;15;1
109;216;6;18;1
109;216;6;30;1
109;216;6;40;1
109;216;6;44;1
109;216;6;45;1
109;216;6;55;1
109;216;6;65;1
109;216;6;95;11
109;216;6;96;8
109;216;6;1001;1
109;216;6;1010;2
109;216;6;1055;2
109;216;6;1111;1
109;216;6;1144;4
109;216;6;1212;1
109;216;6;1277;3
109;216;6;1301;6
109;216;6;1313;1
109;216;6;1322;1
109;216;6;1323;3
109;216;6;1331;1
109;216;6;1333;1
109;216;6;1399;1
109;216;6;1467;1
109;216;6;1515;48
109;216;6;1800;3
109;216;6;2200;4
109;216;6;2211;1
109;216;6;2222;59
109;216;6;2288;5
109;216;6;2299;3
109;216;6;2333;1
109;216;6;3300;1
109;216;6;4000;1
109;216;6;4001;1
109;216;6;4020;11
109;216;6;4040;5
109;216;6;4044;6
109;216;6;4055;8
109;216;6;4077;3
109;216;6;4422;1
109;216;6;4433;2
109;216;6;4455;1
109;216;6;4490;1
109;216;6;5000;2
109;216;6;5005;1
109;216;6;5013;1
109;216;6;5050;4
109;216;6;5077;1
109;216;6;5511;10
109;216;6;5533;1
109;216;6;5588;2
109;216;6;6565;4
109;216;6;7030;1
109;216;6;7788;3
109;216;7;13;1
109;216;7;15;3
109;216;7;18;3
109;216;7;25;1
109;216;7;30;1
109;216;7;33;2
109;216;7;40;2
109;216;7;44;1
109;216;7;45;1
109;216;7;95;19
109;216;7;96;12
109;216;7;10100;1
109;216;7;10123;2
109;216;7;10321;1
109;216;7;10333;1
109;216;7;10444;2
109;216;7;10678;1
109;216;7;11222;1
109;216;7;12123;1
109;216;7;13000;1
109;216;7;13013;2
109;216;7;13123;1
109;216;7;13131;2
109;216;7;13132;3
109;216;7;13133;1
109;216;7;13444;1
109;216;7;15000;2
109;216;7;15222;1
109;216;7;15333;20
109;216;7;22000;1
109;216;7;22022;10
109;216;7;22111;1
109;216;7;22190;1
109;216;7;22221;8
109;216;7;22222;21
109;216;7;22223;2
109;216;7;22777;1
109;216;7;22822;1
109;216;7;22888;7
109;216;7;25888;2
109;216;7;33000;20
109;216;7;33111;1
109;216;7;40111;5
109;216;7;40140;3
109;216;7;40200;8
109;216;7;40222;1
109;216;7;40234;6
109;216;7;40555;4
109;216;7;40600;1
109;216;7;40700;3
109;216;7;40789;2
109;216;7;40999;1
109;216;7;45000;1
109;216;7;45123;2
109;216;7;45200;1
109;216;7;45222;2
109;216;7;45678;2
109;216;7;45777;2
109;216;7;45999;5
109;216;7;50013;6
109;216;7;50555;14
109;216;7;55000;2
109;216;7;55111;1
109;216;7;55888;2
109;216;7;65656;1
109;216;7;77123;11
109;216;7;77888;1
109;216;5;95;33
109;216;5;96;55
109;216;5;180;113
109;216;5;222;87
109;216;5;290;1
109;216;5;300;1
109;216;5;400;121
109;216;5;445;93
109;216;5;800;2
109;216;3;13;114
109;216;3;45;109
109;216;3;95;11
109;216;3;96;19
109;217;1;13;70
109;217;1;14;5
109;217;1;22;50
109;217;1;55;1
109;217;1;70;8
109;217;1;80;1
109;217;1;95;2
109;217;1;96;5
109;217;6;13;1
109;217;6;18;2
109;217;6;77;1
109;217;6;95;6
109;217;6;96;5
109;217;6;1010;2
109;217;6;1055;3
109;217;6;1144;4
109;217;6;1234;1
109;217;6;1301;1
109;217;6;1313;3
109;217;6;1314;4
109;217;6;1331;2
109;217;6;1333;2
109;217;6;1377;1
109;217;6;1515;36
109;217;6;1544;1
109;217;6;1555;3
109;217;6;2200;2
109;217;6;2211;2
109;217;6;2222;25
109;217;6;2233;3
109;217;6;2244;3
109;217;6;2288;1
109;217;6;2555;2
109;217;6;4001;1
109;217;6;4011;1
109;217;6;4020;4
109;217;6;4040;1
109;217;6;4044;1
109;217;6;4055;3
109;217;6;4077;3
109;217;6;4422;1
109;217;6;4490;1
109;217;6;4512;1
109;217;6;5005;1
109;217;6;5050;1
109;217;6;5511;6
109;217;6;5533;1
109;217;7;11;1
109;217;7;12;1
109;217;7;13;2
109;217;7;15;3
109;217;7;18;1
109;217;7;22;4
109;217;7;40;3
109;217;7;44;1
109;217;7;45;2
109;217;7;95;7
109;217;7;96;5
109;217;7;10123;2
109;217;7;10222;2
109;217;7;10444;1
109;217;7;13013;4
109;217;7;13123;2
109;217;7;13131;2
109;217;7;13132;1
109;217;7;13133;1
109;217;7;13999;1
109;217;7;15333;29
109;217;7;22000;2
109;217;7;22022;2
109;217;7;22190;3
109;217;7;22221;6
109;217;7;22222;11
109;217;7;22422;1
109;217;7;22888;1
109;217;7;33000;4
109;217;7;40000;1
109;217;7;40111;3
109;217;7;40200;5
109;217;7;40234;3
109;217;7;40555;2
109;217;7;40888;2
109;217;7;45000;2
109;217;7;45111;3
109;217;7;45123;2
109;217;7;45645;1
109;217;7;45678;2
109;217;7;45999;2
109;217;7;50555;3
109;217;7;55111;1
109;217;7;55777;3
109;217;7;77123;2
109;217;5;95;16
109;217;5;96;33
109;217;5;180;53
109;217;5;222;58
109;217;5;290;1
109;217;5;400;63
109;217;5;445;59
109;217;5;800;1
109;217;3;13;54
109;217;3;45;74
109;217;3;95;3
109;217;3;96;11
109;219;1;13;72
109;219;1;14;3
109;219;1;16;1
109;219;1;22;37
109;219;1;55;2
109;219;1;70;4
109;219;1;95;4
109;219;1;96;6
109;219;6;12;1
109;219;6;18;1
109;219;6;33;1
109;219;6;95;8
109;219;6;96;2
109;219;6;1010;1
109;219;6;1055;1
109;219;6;1144;12
109;219;6;1212;1
109;219;6;1277;2
109;219;6;1314;1
109;219;6;1323;4
109;219;6;1333;1
109;219;6;1515;29
109;219;6;1533;1
109;219;6;1555;1
109;219;6;1800;1
109;219;6;2030;2
109;219;6;2211;1
109;219;6;2222;22
109;219;6;2233;1
109;219;6;2270;2
109;219;6;2277;3
109;219;6;2288;2
109;219;6;2299;1
109;219;6;4000;1
109;219;6;4020;6
109;219;6;4040;3
109;219;6;4055;6
109;219;6;4343;1
109;219;6;4455;1
109;219;6;4490;1
109;219;6;5013;1
109;219;6;5050;1
109;219;6;5077;1
109;219;6;5511;1
109;219;6;5522;1
109;219;6;5533;2
109;219;6;7711;1
109;219;7;15;1
109;219;7;18;1
109;219;7;22;1
109;219;7;33;1
109;219;7;40;1
109;219;7;80;1
109;219;7;95;9
109;219;7;96;3
109;219;7;10100;1
109;219;7;10123;2
109;219;7;10222;3
109;219;7;10444;1
109;219;7;11100;1
109;219;7;12123;1
109;219;7;13013;2
109;219;7;13131;1
109;219;7;13333;3
109;219;7;13444;1
109;219;7;15333;14
109;219;7;22000;2
109;219;7;22022;2
109;219;7;22190;2
109;219;7;22221;3
109;219;7;22222;9
109;219;7;22777;3
109;219;7;22888;2
109;219;7;33000;13
109;219;7;33456;1
109;219;7;40200;8
109;219;7;40234;1
109;219;7;40555;6
109;219;7;40777;1
109;219;7;43640;1
109;219;7;44456;1
109;219;7;45111;1
109;219;7;45123;1
109;219;7;45678;1
109;219;7;50013;1
109;219;7;50555;3
109;219;7;55555;1
109;219;7;77111;1
109;219;7;77123;17
109;219;5;95;23
109;219;5;96;18
109;219;5;180;62
109;219;5;222;44
109;219;5;400;67
109;219;5;445;43
109;219;5;800;1
109;219;3;13;62
109;219;3;45;54
109;219;3;95;7
109;219;3;96;6
