zona;secao;cargo;numero;votos
38;1;1;13;173
38;1;1;14;3
38;1;1;22;53
38;1;1;55;1
38;1;1;70;5
38;1;1;95;1
38;1;1;96;7
38;1;6;11;1
38;1;6;12;3
38;1;6;40;1
38;1;6;95;6
38;1;6;96;7
38;1;6;1020;1
38;1;6;1099;1
38;1;6;1111;4
38;1;6;1234;23
38;1;6;1301;2
38;1;6;1322;37
38;1;6;1323;4
38;1;6;1333;4
38;1;6;1515;11
38;1;6;1555;5
38;1;6;1592;1
38;1;6;1888;1
38;1;6;2200;1
38;1;6;2222;13
38;1;6;2277;1
38;1;6;2278;2
38;1;6;2288;2
38;1;6;2299;6
38;1;6;2323;1
38;1;6;2333;1
38;1;6;2555;5
38;1;6;3007;1
38;1;6;4020;2
38;1;6;4040;6
38;1;6;4077;9
38;1;6;4333;1
38;1;6;4343;1
38;1;6;4422;1
38;1;6;4444;52
38;1;6;4445;1
38;1;6;4490;3
38;1;6;5050;5
38;1;6;5511;4
38;1;6;5522;1
38;1;6;5533;5
38;1;6;5555;3
38;1;6;5588;3
38;1;6;8080;1
38;1;7;13;5
38;1;7;18;2
38;1;7;40;8
38;1;7;44;1
38;1;7;55;1
38;1;7;95;9
38;1;7;96;7
38;1;7;10100;2
38;1;7;10333;1
38;1;7;10478;1
38;1;7;10999;76
38;1;7;11000;1
38;1;7;11555;3
38;1;7;13111;16
38;1;7;13123;1
38;1;7;13222;12
38;1;7;13333;9
38;1;7;13444;5
38;1;7;13777;1
38;1;7;13888;6
38;1;7;13999;1
38;1;7;15222;5
38;1;7;22000;2
38;1;7;22022;2
38;1;7;22221;1
38;1;7;22222;3
38;1;7;22777;1
38;1;7;22789;5
38;1;7;22888;2
38;1;7;40114;7
38;1;7;40333;27
38;1;7;40456;1
38;1;7;44447;1
38;1;7;45190;3
38;1;7;50013;2
38;1;7;50111;1
38;1;7;50180;2
38;1;7;50555;2
38;1;7;55111;1
38;1;7;55555;6
38;1;7;77888;1
38;1;5;95;19
38;1;5;96;64
38;1;5;180;130
38;1;5;222;46
38;1;5;400;152
38;1;5;445;74
38;1;5;800;1
38;1;3;13;145
38;1;3;45;84
38;1;3;95;5
38;1;3;96;9
38;3;1;13;154
38;3;1;14;4
38;3;1;22;30
38;3;1;55;2
38;3;1;70;3
38;3;1;95;1
38;3;1;96;5
38;3;6;10;1
38;3;6;13;3
38;3;6;15;1
38;3;6;44;1
38;3;6;95;9
38;3;6;96;8
38;3;6;1010;1
38;3;6;1020;1
38;3;6;1111;1
38;3;6;1234;28
38;3;6;1313;3
38;3;6;1322;26
38;3;6;1323;10
38;3;6;1331;2
38;3;6;1333;4
38;3;6;1388;1
38;3;6;1515;4
38;3;6;1520;1
38;3;6;1555;4
38;3;6;1888;2
38;3;6;2026;1
38;3;6;2200;1
38;3;6;2220;1
38;3;6;2222;3
38;3;6;2277;1
38;3;6;2323;3
38;3;6;2333;4
38;3;6;2555;12
38;3;6;4000;1
38;3;6;4020;1
38;3;6;4040;3
38;3;6;4422;1
38;3;6;4433;2
38;3;6;4444;38
38;3;6;4445;1
38;3;6;5050;1
38;3;6;5511;1
38;3;6;5533;3
38;3;6;5555;6
38;3;6;5588;4
38;3;7;11;1
38;3;7;12;2
38;3;7;13;1
38;3;7;15;1
38;3;7;22;2
38;3;7;40;7
38;3;7;44;5
38;3;7;45;1
38;3;7;95;11
38;3;7;96;3
38;3;7;10123;1
38;3;7;10999;64
38;3;7;11555;1
38;3;7;12333;1
38;3;7;13111;10
38;3;7;13131;1
38;3;7;13133;1
38;3;7;13222;6
38;3;7;13234;2
38;3;7;13333;17
38;3;7;13456;1
38;3;7;13777;1
38;3;7;13888;1
38;3;7;15222;3
38;3;7;22000;2
38;3;7;22022;2
38;3;7;22777;2
38;3;7;22789;4
38;3;7;40100;1
38;3;7;40111;1
38;3;7;40114;2
38;3;7;40333;25
38;3;7;40444;1
38;3;7;44321;1
38;3;7;45190;1
38;3;7;45222;2
38;3;7;45456;1
38;3;7;50180;1
38;3;7;55555;9
38;3;5;95;33
38;3;5;96;56
38;3;5;180;107
38;3;5;222;33
38;3;5;400;115
38;3;5;445;54
38;3;3;13;124
38;3;3;30;1
38;3;3;45;55
38;3;3;95;4
38;3;3;96;15
38;4;1;13;131
38;4;1;14;4
38;4;1;16;1
38;4;1;22;40
38;4;1;55;3
38;4;1;70;7
38;4;1;95;1
38;4;1;96;9
38;4;6;12;3
38;4;6;13;2
38;4;6;20;1
38;4;6;25;1
38;4;6;40;1
38;4;6;44;1
38;4;6;95;7
38;4;6;96;5
38;4;6;1010;1
38;4;6;1111;2
38;4;6;1234;23
38;4;6;1322;22
38;4;6;1323;9
38;4;6;1331;4
38;4;6;1333;2
38;4;6;1515;5
38;4;6;1520;1
38;4;6;1555;4
38;4;6;2220;1
38;4;6;2222;8
38;4;6;2278;4
38;4;6;2288;1
38;4;6;2323;3
38;4;6;2333;6
38;4;6;2555;4
38;4;6;4000;1
38;4;6;4040;4
38;4;6;4433;2
38;4;6;4444;46
38;4;6;4490;3
38;4;6;5511;2
38;4;6;5533;1
38;4;6;5555;5
38;4;6;5588;9
38;4;6;6565;1
38;4;6;7788;1
38;4;7;12;1
38;4;7;13;2
38;4;7;15;1
38;4;7;18;2
38;4;7;22;1
38;4;7;40;8
38;4;7;44;2
38;4;7;45;1
38;4;7;55;1
38;4;7;65;1
38;4;7;95;6
38;4;7;96;7
38;4;7;10100;1
38;4;7;10123;1
38;4;7;10222;1
38;4;7;10999;59
38;4;7;11555;2
38;4;7;13111;4
38;4;7;13132;2
38;4;7;13222;13
38;4;7;13333;10
38;4;7;13444;2
38;4;7;13888;4
38;4;7;13999;3
38;4;7;15222;10
38;4;7;22000;1
38;4;7;22762;1
38;4;7;22789;7
38;4;7;22888;1
38;4;7;33900;1
38;4;7;40114;4
38;4;7;40333;22
38;4;7;44321;1
38;4;7;44455;1
38;4;7;45190;3
38;4;7;45222;2
38;4;7;50555;1
38;4;7;55555;6
38;4;5;95;29
38;4;5;96;58
38;4;5;180;90
38;4;5;222;39
38;4;5;400;116
38;4;5;445;59
38;4;5;800;1
38;4;3;13;112
38;4;3;14;1
38;4;3;16;1
38;4;3;45;65
38;4;3;95;4
38;4;3;96;13
38;5;1;13;173
38;5;1;14;5
38;5;1;16;1
38;5;1;22;49
38;5;1;55;2
38;5;1;70;10
38;5;1;95;2
38;5;1;96;7
38;5;6;10;1
38;5;6;12;2
38;5;6;13;3
38;5;6;23;1
38;5;6;40;1
38;5;6;44;1
38;5;6;95;11
38;5;6;96;6
38;5;6;1010;1
38;5;6;1099;1
38;5;6;1111;3
38;5;6;1234;36
38;5;6;1301;1
38;5;6;1322;24
38;5;6;1323;9
38;5;6;1331;2
38;5;6;1333;5
38;5;6;1399;1
38;5;6;1414;1
38;5;6;1515;4
38;5;6;1555;1
38;5;6;1888;2
38;5;6;2200;1
38;5;6;2211;1
38;5;6;2222;9
38;5;6;2277;2
38;5;6;2278;7
38;5;6;2288;1
38;5;6;2299;3
38;5;6;2323;2
38;5;6;2333;9
38;5;6;2555;8
38;5;6;4000;1
38;5;6;4020;2
38;5;6;4040;9
38;5;6;4077;6
38;5;6;4343;1
38;5;6;4444;42
38;5;6;4455;1
38;5;6;4490;4
38;5;6;5050;3
38;5;6;5511;5
38;5;6;5533;2
38;5;6;5555;3
38;5;6;5588;8
38;5;6;6565;1
38;5;6;7788;1
38;5;7;11;1
38;5;7;12;1
38;5;7;13;4
38;5;7;18;2
38;5;7;22;3
38;5;7;23;2
38;5;7;40;8
38;5;7;44;3
38;5;7;95;12
38;5;7;96;7
38;5;7;10100;1
38;5;7;10123;1
38;5;7;10333;1
38;5;7;10444;1
38;5;7;10999;63
38;5;7;11555;4
38;5;7;13013;1
38;5;7;13111;11
38;5;7;13132;1
38;5;7;13222;7
38;5;7;13234;2
38;5;7;13333;7
38;5;7;13444;14
38;5;7;13456;4
38;5;7;13777;1
38;5;7;13888;4
38;5;7;13999;1
38;5;7;15222;3
38;5;7;22190;2
38;5;7;22221;3
38;5;7;22222;2
38;5;7;22762;1
38;5;7;22777;2
38;5;7;22789;6
38;5;7;22888;1
38;5;7;25444;1
38;5;7;40100;1
38;5;7;40114;4
38;5;7;40222;1
38;5;7;40333;34
38;5;7;40456;1
38;5;7;40888;1
38;5;7;44774;1
38;5;7;45000;1
38;5;7;45190;1
38;5;7;45222;1
38;5;7;45888;1
38;5;7;50013;2
38;5;7;50180;3
38;5;7;50555;1
38;5;7;55100;1
38;5;7;55555;6
38;5;7;77888;1
38;5;5;95;23
38;5;5;96;60
38;5;5;180;127
38;5;5;222;53
38;5;5;400;160
38;5;5;445;74
38;5;5;800;1
38;5;3;13;145
38;5;3;14;1
38;5;3;30;1
38;5;3;45;83
38;5;3;95;2
38;5;3;96;17
38;6;1;13;176
38;6;1;22;51
38;6;1;70;4
38;6;1;95;1
38;6;1;96;8
38;6;6;12;1
38;6;6;13;3
38;6;6;40;1
38;6;6;55;1
38;6;6;95;11
38;6;6;96;6
38;6;6;1010;1
38;6;6;1055;1
38;6;6;1099;3
38;6;6;1111;3
38;6;6;1222;1
38;6;6;1234;32
38;6;6;1322;24
38;6;6;1323;4
38;6;6;1331;3
38;6;6;1333;7
38;6;6;1377;1
38;6;6;1399;1
38;6;6;1444;1
38;6;6;1515;9
38;6;6;1544;1
38;6;6;1555;5
38;6;6;2200;1
38;6;6;2222;12
38;6;6;2278;3
38;6;6;2299;1
38;6;6;2323;1
38;6;6;2333;11
38;6;6;2555;1
38;6;6;4000;1
38;6;6;4020;4
38;6;6;4040;4
38;6;6;4044;3
38;6;6;4343;2
38;6;6;4444;55
38;6;6;4445;1
38;6;6;4455;1
38;6;6;5000;1
38;6;6;5050;2
38;6;6;5077;1
38;6;6;5511;3
38;6;6;5533;1
38;6;6;5555;7
38;6;6;5588;1
38;6;6;7788;3
38;6;7;12;1
38;6;7;13;6
38;6;7;18;2
38;6;7;22;1
38;6;7;40;4
38;6;7;44;1
38;6;7;55;1
38;6;7;95;13
38;6;7;96;11
38;6;7;10100;4
38;6;7;10478;1
38;6;7;10999;72
38;6;7;11555;2
38;6;7;12333;1
38;6;7;13013;1
38;6;7;13111;8
38;6;7;13133;1
38;6;7;13222;13
38;6;7;13234;2
38;6;7;13333;8
38;6;7;13444;1
38;6;7;13777;1
38;6;7;13888;4
38;6;7;15222;9
38;6;7;15333;1
38;6;7;22022;3
38;6;7;22222;2
38;6;7;22789;8
38;6;7;33309;1
38;6;7;40111;1
38;6;7;40114;4
38;6;7;40222;2
38;6;7;40234;1
38;6;7;40333;25
38;6;7;44011;1
38;6;7;44444;1
38;6;7;44774;1
38;6;7;45645;1
38;6;7;45999;2
38;6;7;50013;1
38;6;7;50050;1
38;6;7;50180;2
38;6;7;55100;2
38;6;7;55555;9
38;6;7;77123;1
38;6;7;77888;2
38;6;5;95;31
38;6;5;96;59
38;6;5;180;127
38;6;5;222;45
38;6;5;300;1
38;6;5;400;139
38;6;5;445;77
38;6;5;800;1
38;6;3;13;151
38;6;3;14;1
38;6;3;45;67
38;6;3;95;9
38;6;3;96;12
38;7;1;13;171
38;7;1;14;10
38;7;1;22;37
38;7;1;55;2
38;7;1;70;5
38;7;1;95;7
38;7;1;96;10
38;7;6;11;1
38;7;6;12;1
38;7;6;13;3
38;7;6;33;1
38;7;6;40;2
38;7;6;95;6
38;7;6;96;6
38;7;6;1020;1
38;7;6;1099;2
38;7;6;1111;2
38;7;6;1222;1
38;7;6;1234;33
38;7;6;1244;1
38;7;6;1301;5
38;7;6;1322;22
38;7;6;1323;2
38;7;6;1333;4
38;7;6;1414;2
38;7;6;1515;7
38;7;6;1555;1
38;7;6;1888;1
38;7;6;2200;1
38;7;6;2222;11
38;7;6;2278;5
38;7;6;2288;1
38;7;6;2299;2
38;7;6;2323;2
38;7;6;2333;7
38;7;6;2555;3
38;7;6;4020;2
38;7;6;4040;10
38;7;6;4077;6
38;7;6;4433;2
38;7;6;4444;54
38;7;6;4445;3
38;7;6;4490;2
38;7;6;5050;1
38;7;6;5077;1
38;7;6;5533;4
38;7;6;5555;5
38;7;6;5588;15
38;7;6;7700;1
38;7;7;10;3
38;7;7;11;1
38;7;7;12;1
38;7;7;13;3
38;7;7;18;1
38;7;7;22;3
38;7;7;40;6
38;7;7;44;3
38;7;7;55;1
38;7;7;95;8
38;7;7;96;3
38;7;7;10100;4
38;7;7;10222;1
38;7;7;10444;1
38;7;7;10999;75
38;7;7;11555;2
38;7;7;12345;1
38;7;7;13013;1
38;7;7;13111;12
38;7;7;13113;1
38;7;7;13222;10
38;7;7;13234;1
38;7;7;13333;11
38;7;7;13444;14
38;7;7;13456;2
38;7;7;13888;2
38;7;7;13999;1
38;7;7;15222;1
38;7;7;22022;2
38;7;7;22190;2
38;7;7;22221;1
38;7;7;22444;1
38;7;7;22777;3
38;7;7;22789;2
38;7;7;40114;3
38;7;7;40222;1
38;7;7;40333;30
38;7;7;44444;1
38;7;7;44774;2
38;7;7;45000;1
38;7;7;45190;1
38;7;7;45222;1
38;7;7;50013;2
38;7;7;50180;3
38;7;7;55100;1
38;7;7;55555;10
38;7;7;77888;2
38;7;5;95;36
38;7;5;96;52
38;7;5;162;1
38;7;5;180;130
38;7;5;222;49
38;7;5;400;145
38;7;5;445;69
38;7;5;800;2
38;7;3;13;147
38;7;3;16;1
38;7;3;30;1
38;7;3;45;73
38;7;3;80;1
38;7;3;95;7
38;7;3;96;12
38;9;1;13;168
38;9;1;14;2
38;9;1;22;17
38;9;1;70;2
38;9;1;96;7
38;9;6;12;2
38;9;6;13;2
38;9;6;18;1
38;9;6;25;1
38;9;6;55;2
38;9;6;95;3
38;9;6;96;2
38;9;6;1010;6
38;9;6;1099;4
38;9;6;1111;2
38;9;6;1144;1
38;9;6;1222;1
38;9;6;1233;1
38;9;6;1234;19
38;9;6;1311;1
38;9;6;1313;2
38;9;6;1322;28
38;9;6;1323;1
38;9;6;1333;5
38;9;6;1414;1
38;9;6;1515;3
38;9;6;1555;2
38;9;6;2222;5
38;9;6;2278;3
38;9;6;2299;2
38;9;6;2333;7
38;9;6;2555;4
38;9;6;4020;8
38;9;6;4040;1
38;9;6;4077;2
38;9;6;4444;53
38;9;6;5511;3
38;9;6;5555;1
38;9;6;5588;17
38;9;7;10;1
38;9;7;11;2
38;9;7;12;1
38;9;7;13;2
38;9;7;15;1
38;9;7;18;5
38;9;7;22;1
38;9;7;40;10
38;9;7;44;3
38;9;7;45;1
38;9;7;95;2
38;9;7;96;4
38;9;7;10099;1
38;9;7;10100;3
38;9;7;10123;4
38;9;7;10222;2
38;9;7;10999;79
38;9;7;11555;1
38;9;7;11999;1
38;9;7;12333;1
38;9;7;13013;1
38;9;7;13111;7
38;9;7;13222;6
38;9;7;13333;21
38;9;7;13777;3
38;9;7;22221;1
38;9;7;22789;5
38;9;7;40100;1
38;9;7;40114;1
38;9;7;40333;21
38;9;7;44444;2
38;9;7;55555;1
38;9;7;77888;1
38;9;5;95;19
38;9;5;96;69
38;9;5;162;1
38;9;5;180;127
38;9;5;222;15
38;9;5;400;130
38;9;5;445;30
38;9;5;800;1
38;9;3;13;151
38;9;3;45;28
38;9;3;95;1
38;9;3;96;16
38;11;1;13;183
38;11;1;14;4
38;11;1;22;57
38;11;1;55;4
38;11;1;70;6
38;11;1;95;4
38;11;1;96;10
38;11;6;10;1
38;11;6;11;1
38;11;6;12;5
38;11;6;13;2
38;11;6;40;1
38;11;6;45;1
38;11;6;95;7
38;11;6;96;3
38;11;6;1010;4
38;11;6;1055;1
38;11;6;1099;1
38;11;6;1212;1
38;11;6;1233;1
38;11;6;1234;20
38;11;6;1301;1
38;11;6;1311;1
38;11;6;1312;1
38;11;6;1322;30
38;11;6;1323;3
38;11;6;1331;4
38;11;6;1333;16
38;11;6;1399;1
38;11;6;1414;1
38;11;6;1515;11
38;11;6;1555;3
38;11;6;1888;1
38;11;6;2026;1
38;11;6;2200;1
38;11;6;2222;13
38;11;6;2255;1
38;11;6;2278;6
38;11;6;2299;8
38;11;6;2333;11
38;11;6;2555;5
38;11;6;4000;1
38;11;6;4020;3
38;11;6;4040;3
38;11;6;4044;2
38;11;6;4077;3
38;11;6;4444;69
38;11;6;4445;2
38;11;6;4490;3
38;11;6;4555;3
38;11;6;5511;2
38;11;6;5533;1
38;11;6;5555;5
38;11;6;5588;3
38;11;7;11;1
38;11;7;12;3
38;11;7;13;6
38;11;7;18;3
38;11;7;22;4
38;11;7;40;10
38;11;7;44;4
38;11;7;45;1
38;11;7;95;10
38;11;7;96;5
38;11;7;10099;1
38;11;7;10100;6
38;11;7;10101;1
38;11;7;10123;3
38;11;7;10999;89
38;11;7;11555;3
38;11;7;13013;1
38;11;7;13111;6
38;11;7;13123;1
38;11;7;13133;1
38;11;7;13222;14
38;11;7;13234;1
38;11;7;13333;6
38;11;7;13444;4
38;11;7;13456;2
38;11;7;13888;3
38;11;7;13999;2
38;11;7;15222;3
38;11;7;22022;2
38;11;7;22190;2
38;11;7;22220;1
38;11;7;22221;1
38;11;7;22222;1
38;11;7;22777;3
38;11;7;22789;11
38;11;7;25555;1
38;11;7;40000;1
38;11;7;40114;9
38;11;7;40333;20
38;11;7;40555;1
38;11;7;44077;1
38;11;7;45123;1
38;11;7;45190;1
38;11;7;45222;2
38;11;7;45678;1
38;11;7;45888;1
38;11;7;50180;1
38;11;7;50555;2
38;11;7;55100;1
38;11;7;55555;9
38;11;7;55777;1
38;11;5;95;21
38;11;5;96;90
38;11;5;180;123
38;11;5;222;48
38;11;5;300;1
38;11;5;400;157
38;11;5;445;96
38;11;3;13;155
38;11;3;45;88
38;11;3;95;6
38;11;3;96;19
38;14;1;13;188
38;14;1;14;2
38;14;1;22;79
38;14;1;55;1
38;14;1;70;3
38;14;1;95;3
38;14;1;96;6
38;14;6;12;1
38;14;6;13;2
38;14;6;18;1
38;14;6;40;1
38;14;6;44;2
38;14;6;55;1
38;14;6;95;7
38;14;6;96;8
38;14;6;1010;1
38;14;6;1055;1
38;14;6;1111;3
38;14;6;1144;1
38;14;6;1222;1
38;14;6;1234;28
38;14;6;1301;1
38;14;6;1322;26
38;14;6;1323;8
38;14;6;1331;2
38;14;6;1333;10
38;14;6;1515;13
38;14;6;1555;7
38;14;6;2200;1
38;14;6;2222;23
38;14;6;2278;4
38;14;6;2288;1
38;14;6;2299;6
38;14;6;2323;1
38;14;6;2333;7
38;14;6;2555;3
38;14;6;4000;1
38;14;6;4001;2
38;14;6;4020;3
38;14;6;4040;6
38;14;6;4044;4
38;14;6;4077;3
38;14;6;4343;2
38;14;6;4422;1
38;14;6;4444;56
38;14;6;4445;2
38;14;6;4455;1
38;14;6;4490;2
38;14;6;4555;3
38;14;6;5050;6
38;14;6;5077;1
38;14;6;5511;3
38;14;6;5533;1
38;14;6;5555;8
38;14;6;5588;4
38;14;6;7788;1
38;14;6;8080;1
38;14;7;12;1
38;14;7;13;4
38;14;7;22;1
38;14;7;40;4
38;14;7;44;2
38;14;7;55;1
38;14;7;95;4
38;14;7;96;11
38;14;7;10100;2
38;14;7;10123;1
38;14;7;10222;1
38;14;7;10478;1
38;14;7;10999;85
38;14;7;11100;1
38;14;7;11555;2
38;14;7;12333;1
38;14;7;13111;17
38;14;7;13131;2
38;14;7;13222;10
38;14;7;13234;1
38;14;7;13333;11
38;14;7;13444;3
38;14;7;13456;4
38;14;7;13777;4
38;14;7;13888;6
38;14;7;13999;3
38;14;7;15222;2
38;14;7;22000;1
38;14;7;22022;1
38;14;7;22190;4
38;14;7;22220;3
38;14;7;22222;2
38;14;7;22444;1
38;14;7;22777;1
38;14;7;22789;9
38;14;7;33900;1
38;14;7;40100;1
38;14;7;40111;2
38;14;7;40114;14
38;14;7;40333;30
38;14;7;40888;1
38;14;7;40999;1
38;14;7;45190;3
38;14;7;45222;1
38;14;7;45333;1
38;14;7;50180;2
38;14;7;50555;5
38;14;7;55111;1
38;14;7;55555;11
38;14;7;65013;1
38;14;5;95;26
38;14;5;96;64
38;14;5;180;138
38;14;5;222;76
38;14;5;400;162
38;14;5;445;98
38;14;3;13;158
38;14;3;45;105
38;14;3;95;5
38;14;3;96;14
38;18;1;13;189
38;18;1;14;4
38;18;1;16;1
38;18;1;22;70
38;18;1;55;1
38;18;1;70;5
38;18;1;95;2
38;18;1;96;9
38;18;6;11;2
38;18;6;12;1
38;18;6;14;1
38;18;6;20;1
38;18;6;22;1
38;18;6;40;1
38;18;6;44;3
38;18;6;95;6
38;18;6;96;5
38;18;6;1010;1
38;18;6;1055;3
38;18;6;1111;2
38;18;6;1144;3
38;18;6;1222;1
38;18;6;1234;25
38;18;6;1301;1
38;18;6;1313;1
38;18;6;1322;34
38;18;6;1323;4
38;18;6;1331;4
38;18;6;1333;13
38;18;6;1515;13
38;18;6;1520;1
38;18;6;1555;2
38;18;6;1800;1
38;18;6;2200;1
38;18;6;2211;1
38;18;6;2220;1
38;18;6;2222;12
38;18;6;2233;2
38;18;6;2278;6
38;18;6;2288;3
38;18;6;2299;7
38;18;6;2323;1
38;18;6;2333;16
38;18;6;2555;1
38;18;6;4020;1
38;18;6;4040;9
38;18;6;4044;1
38;18;6;4343;1
38;18;6;4444;60
38;18;6;4445;1
38;18;6;4455;1
38;18;6;4490;2
38;18;6;4555;3
38;18;6;5050;1
38;18;6;5511;6
38;18;6;5533;4
38;18;6;5555;3
38;18;6;5588;6
38;18;6;7788;1
38;18;7;10;1
38;18;7;13;3
38;18;7;18;3
38;18;7;22;1
38;18;7;40;2
38;18;7;44;2
38;18;7;95;7
38;18;7;96;7
38;18;7;10010;1
38;18;7;10100;3
38;18;7;10123;1
38;18;7;10333;1
38;18;7;10444;1
38;18;7;10478;1
38;18;7;10999;91
38;18;7;11555;3
38;18;7;12333;1
38;18;7;13111;12
38;18;7;13123;1
38;18;7;13131;1
38;18;7;13132;3
38;18;7;13222;12
38;18;7;13234;3
38;18;7;13333;12
38;18;7;13444;2
38;18;7;13456;4
38;18;7;13888;2
38;18;7;13999;2
38;18;7;15222;4
38;18;7;22022;1
38;18;7;22190;1
38;18;7;22222;2
38;18;7;22444;3
38;18;7;22580;1
38;18;7;22762;1
38;18;7;22789;9
38;18;7;22888;2
38;18;7;25444;2
38;18;7;40114;14
38;18;7;40333;32
38;18;7;40555;1
38;18;7;40888;1
38;18;7;44447;1
38;18;7;45123;1
38;18;7;45190;2
38;18;7;45222;1
38;18;7;45456;1
38;18;7;45633;1
38;18;7;45888;1
38;18;7;50013;1
38;18;7;50555;1
38;18;7;55100;2
38;18;7;55111;1
38;18;7;55555;8
38;18;7;55777;1
38;18;7;77888;2
38;18;5;95;20
38;18;5;96;50
38;18;5;162;1
38;18;5;180;155
38;18;5;222;70
38;18;5;400;178
38;18;5;445;88
38;18;3;13;176
38;18;3;35;1
38;18;3;45;89
38;18;3;95;5
38;18;3;96;10
38;21;1;13;185
38;21;1;14;4
38;21;1;22;58
38;21;1;35;1
38;21;1;55;2
38;21;1;70;6
38;21;1;95;4
38;21;1;96;17
38;21;6;10;1
38;21;6;11;2
38;21;6;12;4
38;21;6;13;1
38;21;6;22;1
38;21;6;44;1
38;21;6;95;10
38;21;6;96;11
38;21;6;1010;1
38;21;6;1099;4
38;21;6;1111;3
38;21;6;1234;23
38;21;6;1313;1
38;21;6;1322;37
38;21;6;1323;3
38;21;6;1331;1
38;21;6;1333;8
38;21;6;1515;8
38;21;6;1520;1
38;21;6;1555;1
38;21;6;1888;1
38;21;6;2040;1
38;21;6;2200;3
38;21;6;2211;1
38;21;6;2222;12
38;21;6;2224;1
38;21;6;2252;1
38;21;6;2278;6
38;21;6;2288;2
38;21;6;2299;9
38;21;6;2323;2
38;21;6;2333;11
38;21;6;2525;1
38;21;6;2555;7
38;21;6;4000;3
38;21;6;4020;2
38;21;6;4040;4
38;21;6;4044;3
38;21;6;4055;3
38;21;6;4077;1
38;21;6;4343;1
38;21;6;4444;54
38;21;6;4455;1
38;21;6;4490;3
38;21;6;5050;1
38;21;6;5077;1
38;21;6;5511;5
38;21;6;5533;3
38;21;6;5555;5
38;21;6;5588;7
38;21;7;10;2
38;21;7;13;2
38;21;7;18;3
38;21;7;22;2
38;21;7;40;6
38;21;7;44;2
38;21;7;77;1
38;21;7;80;1
38;21;7;95;13
38;21;7;96;15
38;21;7;10100;6
38;21;7;10123;1
38;21;7;10999;82
38;21;7;11555;3
38;21;7;12345;1
38;21;7;13111;3
38;21;7;13132;1
38;21;7;13222;17
38;21;7;13333;18
38;21;7;13444;2
38;21;7;13456;1
38;21;7;13700;1
38;21;7;13777;3
38;21;7;13888;3
38;21;7;13999;5
38;21;7;15000;1
38;21;7;15222;8
38;21;7;15333;1
38;21;7;22222;2
38;21;7;22444;1
38;21;7;22762;1
38;21;7;22789;8
38;21;7;22888;2
38;21;7;25555;1
38;21;7;40114;11
38;21;7;40123;1
38;21;7;40333;26
38;21;7;40555;2
38;21;7;44774;2
38;21;7;45190;1
38;21;7;45222;2
38;21;7;45633;2
38;21;7;50555;1
38;21;7;55011;1
38;21;7;55100;1
38;21;7;55555;5
38;21;7;55888;1
38;21;7;65123;1
38;21;7;77888;1
38;21;5;95;43
38;21;5;96;87
38;21;5;180;125
38;21;5;222;63
38;21;5;300;1
38;21;5;400;149
38;21;5;445;85
38;21;5;800;1
38;21;3;13;161
38;21;3;45;88
38;21;3;95;6
38;21;3;96;22
38;22;1;13;200
38;22;1;14;8
38;22;1;16;1
38;22;1;22;59
38;22;1;55;4
38;22;1;70;8
38;22;1;95;5
38;22;1;96;11
38;22;6;12;2
38;22;6;20;1
38;22;6;40;1
38;22;6;44;2
38;22;6;45;1
38;22;6;55;1
38;22;6;95;14
38;22;6;96;4
38;22;6;1010;1
38;22;6;1099;2
38;22;6;1111;4
38;22;6;1222;1
38;22;6;1234;27
38;22;6;1301;2
38;22;6;1313;2
38;22;6;1322;36
38;22;6;1323;1
38;22;6;1331;1
38;22;6;1333;3
38;22;6;1399;1
38;22;6;1414;1
38;22;6;1444;1
38;22;6;1515;8
38;22;6;1555;3
38;22;6;2200;1
38;22;6;2222;17
38;22;6;2278;6
38;22;6;2288;1
38;22;6;2299;5
38;22;6;2323;3
38;22;6;2333;8
38;22;6;2555;7
38;22;6;4000;5
38;22;6;4020;3
38;22;6;4040;13
38;22;6;4044;2
38;22;6;4077;2
38;22;6;4422;1
38;22;6;4444;75
38;22;6;4445;2
38;22;6;4490;3
38;22;6;5050;1
38;22;6;5511;4
38;22;6;5533;4
38;22;6;5555;5
38;22;6;5588;7
38;22;6;7788;1
38;22;7;10;2
38;22;7;12;2
38;22;7;13;2
38;22;7;18;2
38;22;7;22;1
38;22;7;23;2
38;22;7;40;5
38;22;7;44;3
38;22;7;55;1
38;22;7;95;12
38;22;7;96;9
38;22;7;10123;1
38;22;7;10999;115
38;22;7;11555;3
38;22;7;13000;1
38;22;7;13013;2
38;22;7;13111;10
38;22;7;13133;1
38;22;7;13222;14
38;22;7;13234;3
38;22;7;13333;13
38;22;7;13444;2
38;22;7;13777;5
38;22;7;13888;2
38;22;7;13999;4
38;22;7;15222;12
38;22;7;22022;3
38;22;7;22190;2
38;22;7;22222;4
38;22;7;22762;1
38;22;7;22789;11
38;22;7;22888;1
38;22;7;25555;1
38;22;7;40000;1
38;22;7;40114;6
38;22;7;40123;1
38;22;7;40333;22
38;22;7;40456;1
38;22;7;45190;4
38;22;7;45888;2
38;22;7;50180;1
38;22;7;55555;6
38;22;5;95;44
38;22;5;96;66
38;22;5;180;147
38;22;5;222;72
38;22;5;300;1
38;22;5;400;173
38;22;5;445;89
38;22;3;13;162
38;22;3;14;1
38;22;3;45;105
38;22;3;95;10
38;22;3;96;18
38;24;1;13;161
38;24;1;14;5
38;24;1;22;57
38;24;1;55;3
38;24;1;70;7
38;24;1;95;1
38;24;1;96;3
38;24;6;13;1
38;24;6;22;2
38;24;6;40;1
38;24;6;95;8
38;24;6;96;2
38;24;6;1010;3
38;24;6;1099;2
38;24;6;1111;5
38;24;6;1144;1
38;24;6;1233;1
38;24;6;1234;28
38;24;6;1313;1
38;24;6;1322;32
38;24;6;1323;1
38;24;6;1331;2
38;24;6;1333;2
38;24;6;1515;7
38;24;6;1555;6
38;24;6;1888;1
38;24;6;2200;1
38;24;6;2222;9
38;24;6;2255;1
38;24;6;2278;7
38;24;6;2288;2
38;24;6;2299;2
38;24;6;2323;1
38;24;6;2333;3
38;24;6;2555;2
38;24;6;4000;5
38;24;6;4040;8
38;24;6;4044;1
38;24;6;4433;1
38;24;6;4444;61
38;24;6;4445;1
38;24;6;4490;1
38;24;6;5050;2
38;24;6;5511;5
38;24;6;5533;4
38;24;6;5555;8
38;24;6;5588;5
38;24;6;6565;1
38;24;7;10;1
38;24;7;13;2
38;24;7;15;1
38;24;7;18;3
38;24;7;22;3
38;24;7;40;5
38;24;7;55;2
38;24;7;95;5
38;24;7;96;1
38;24;7;10100;1
38;24;7;10123;3
38;24;7;10222;1
38;24;7;10999;80
38;24;7;11555;4
38;24;7;13111;8
38;24;7;13133;1
38;24;7;13222;14
38;24;7;13234;2
38;24;7;13333;11
38;24;7;13444;1
38;24;7;13777;1
38;24;7;13888;5
38;24;7;13999;1
38;24;7;15222;4
38;24;7;22022;3
38;24;7;22221;1
38;24;7;22444;2
38;24;7;22522;2
38;24;7;22762;3
38;24;7;22789;13
38;24;7;33333;1
38;24;7;40111;1
38;24;7;40114;5
38;24;7;40333;29
38;24;7;44774;1
38;24;7;45000;1
38;24;7;45190;2
38;24;7;45645;1
38;24;7;50013;1
38;24;7;50180;1
38;24;7;50555;2
38;24;7;55100;1
38;24;7;55555;6
38;24;7;55888;1
38;24;5;95;33
38;24;5;96;52
38;24;5;180;122
38;24;5;222;56
38;24;5;400;132
38;24;5;445;73
38;24;5;800;6
38;24;3;13;129
38;24;3;45;97
38;24;3;95;5
38;24;3;96;6
38;26;1;13;164
38;26;1;14;4
38;26;1;22;63
38;26;1;55;1
38;26;1;70;6
38;26;1;95;3
38;26;1;96;5
38;26;6;11;2
38;26;6;12;5
38;26;6;13;2
38;26;6;40;2
38;26;6;44;1
38;26;6;95;5
38;26;6;96;4
38;26;6;1010;2
38;26;6;1111;3
38;26;6;1234;20
38;26;6;1301;2
38;26;6;1322;24
38;26;6;1323;4
38;26;6;1331;2
38;26;6;1333;4
38;26;6;1515;8
38;26;6;1520;1
38;26;6;1555;7
38;26;6;2026;2
38;26;6;2200;1
38;26;6;2222;12
38;26;6;2278;9
38;26;6;2299;5
38;26;6;2323;1
38;26;6;2333;5
38;26;6;2555;4
38;26;6;4000;2
38;26;6;4020;3
38;26;6;4040;11
38;26;6;4044;3
38;26;6;4077;4
38;26;6;4343;3
38;26;6;4422;2
38;26;6;4433;1
38;26;6;4444;51
38;26;6;4445;3
38;26;6;4455;1
38;26;6;4490;1
38;26;6;4545;2
38;26;6;4555;1
38;26;6;5077;1
38;26;6;5511;4
38;26;6;5523;1
38;26;6;5533;3
38;26;6;5555;8
38;26;6;5588;4
38;26;7;10;1
38;26;7;12;2
38;26;7;13;3
38;26;7;15;2
38;26;7;18;1
38;26;7;22;1
38;26;7;40;1
38;26;7;44;1
38;26;7;45;1
38;26;7;95;6
38;26;7;96;4
38;26;7;10100;2
38;26;7;10123;2
38;26;7;10478;1
38;26;7;10999;81
38;26;7;11555;3
38;26;7;13111;14
38;26;7;13132;2
38;26;7;13222;4
38;26;7;13234;2
38;26;7;13333;15
38;26;7;13444;5
38;26;7;13777;1
38;26;7;13888;6
38;26;7;13999;3
38;26;7;15222;3
38;26;7;22022;2
38;26;7;22190;1
38;26;7;22221;3
38;26;7;22222;3
38;26;7;22444;1
38;26;7;22789;14
38;26;7;25444;1
38;26;7;30200;1
38;26;7;33309;1
38;26;7;40114;7
38;26;7;40222;1
38;26;7;40333;19
38;26;7;40555;1
38;26;7;40600;1
38;26;7;40700;1
38;26;7;44456;1
38;26;7;44777;1
38;26;7;45190;1
38;26;7;45222;1
38;26;7;45444;1
38;26;7;45999;1
38;26;7;50013;3
38;26;7;50180;1
38;26;7;55011;1
38;26;7;55111;1
38;26;7;55555;10
38;26;5;95;28
38;26;5;96;51
38;26;5;180;116
38;26;5;222;62
38;26;5;400;140
38;26;5;445;92
38;26;5;800;3
38;26;3;13;129
38;26;3;45;103
38;26;3;95;3
38;26;3;96;11
38;27;1;13;173
38;27;1;14;5
38;27;1;22;51
38;27;1;55;1
38;27;1;70;3
38;27;1;95;2
38;27;1;96;5
38;27;6;12;3
38;27;6;13;2
38;27;6;40;3
38;27;6;45;1
38;27;6;50;2
38;27;6;55;1
38;27;6;95;5
38;27;6;96;3
38;27;6;1010;2
38;27;6;1111;3
38;27;6;1234;23
38;27;6;1313;1
38;27;6;1322;34
38;27;6;1323;5
38;27;6;1331;2
38;27;6;1333;7
38;27;6;1515;10
38;27;6;1555;5
38;27;6;2211;1
38;27;6;2222;16
38;27;6;2252;1
38;27;6;2277;1
38;27;6;2278;7
38;27;6;2299;2
38;27;6;2323;1
38;27;6;2333;9
38;27;6;2555;9
38;27;6;4000;2
38;27;6;4020;5
38;27;6;4040;3
38;27;6;4044;1
38;27;6;4077;5
38;27;6;4444;46
38;27;6;4490;1
38;27;6;5050;1
38;27;6;5511;6
38;27;6;5555;6
38;27;6;5578;1
38;27;6;5588;4
38;27;7;13;4
38;27;7;15;1
38;27;7;18;1
38;27;7;22;1
38;27;7;40;3
38;27;7;45;2
38;27;7;95;5
38;27;7;96;2
38;27;7;10100;2
38;27;7;10123;1
38;27;7;10478;1
38;27;7;10999;79
38;27;7;11555;5
38;27;7;13013;1
38;27;7;13111;13
38;27;7;13123;1
38;27;7;13131;1
38;27;7;13132;2
38;27;7;13222;10
38;27;7;13333;14
38;27;7;13777;3
38;27;7;13888;5
38;27;7;13999;1
38;27;7;15222;4
38;27;7;22022;1
38;27;7;22221;1
38;27;7;22222;4
38;27;7;22223;1
38;27;7;22789;16
38;27;7;40100;1
38;27;7;40114;9
38;27;7;40222;1
38;27;7;40333;27
38;27;7;45190;1
38;27;7;45222;2
38;27;7;45456;1
38;27;7;50013;3
38;27;7;50180;2
38;27;7;50555;1
38;27;7;55100;1
38;27;7;55555;6
38;27;5;95;21
38;27;5;96;41
38;27;5;180;127
38;27;5;222;60
38;27;5;400;142
38;27;5;445;87
38;27;5;800;2
38;27;3;13;144
38;27;3;45;86
38;27;3;95;1
38;27;3;96;9
38;28;1;13;171
38;28;1;14;4
38;28;1;22;53
38;28;1;27;1
38;28;1;55;1
38;28;1;70;3
38;28;1;95;3
38;28;1;96;7
38;28;6;13;1
38;28;6;18;1
38;28;6;95;11
38;28;6;96;7
38;28;6;1010;2
38;28;6;1111;6
38;28;6;1234;26
38;28;6;1301;1
38;28;6;1313;1
38;28;6;1322;29
38;28;6;1323;5
38;28;6;1331;2
38;28;6;1333;7
38;28;6;1399;1
38;28;6;1414;1
38;28;6;1444;1
38;28;6;1515;13
38;28;6;1555;6
38;28;6;1800;2
38;28;6;1888;2
38;28;6;2200;2
38;28;6;2222;13
38;28;6;2277;1
38;28;6;2278;8
38;28;6;2299;3
38;28;6;2323;1
38;28;6;2333;11
38;28;6;2555;3
38;28;6;4000;1
38;28;6;4011;1
38;28;6;4020;1
38;28;6;4040;7
38;28;6;4044;1
38;28;6;4444;49
38;28;6;5050;1
38;28;6;5077;1
38;28;6;5511;1
38;28;6;5523;1
38;28;6;5533;1
38;28;6;5555;7
38;28;6;5588;3
38;28;6;7788;1
38;28;7;10;1
38;28;7;13;2
38;28;7;18;1
38;28;7;22;2
38;28;7;40;4
38;28;7;95;14
38;28;7;96;7
38;28;7;10100;4
38;28;7;10999;74
38;28;7;11111;1
38;28;7;11555;5
38;28;7;13111;12
38;28;7;13131;2
38;28;7;13222;11
38;28;7;13333;10
38;28;7;13444;3
38;28;7;13456;1
38;28;7;13777;1
38;28;7;13888;3
38;28;7;15222;4
38;28;7;15333;1
38;28;7;22022;1
38;28;7;22220;1
38;28;7;22222;2
38;28;7;22762;2
38;28;7;22777;1
38;28;7;22789;14
38;28;7;25444;1
38;28;7;40000;1
38;28;7;40114;8
38;28;7;40333;23
38;28;7;44774;1
38;28;7;45123;1
38;28;7;45190;1
38;28;7;45633;1
38;28;7;50180;2
38;28;7;50333;1
38;28;7;50555;1
38;28;7;55100;3
38;28;7;55555;13
38;28;7;77777;1
38;28;7;77888;1
38;28;5;95;43
38;28;5;96;51
38;28;5;180;132
38;28;5;222;47
38;28;5;400;142
38;28;5;445;70
38;28;5;800;1
38;28;3;13;148
38;28;3;14;1
38;28;3;45;72
38;28;3;95;9
38;28;3;96;13
38;30;1;13;158
38;30;1;14;11
38;30;1;22;54
38;30;1;55;2
38;30;1;70;4
38;30;1;95;5
38;30;1;96;2
38;30;6;12;1
38;30;6;13;1
38;30;6;55;1
38;30;6;95;6
38;30;6;96;4
38;30;6;1010;2
38;30;6;1111;1
38;30;6;1233;1
38;30;6;1234;23
38;30;6;1290;1
38;30;6;1313;1
38;30;6;1322;33
38;30;6;1323;2
38;30;6;1333;4
38;30;6;1414;1
38;30;6;1515;12
38;30;6;1520;1
38;30;6;1555;7
38;30;6;1888;1
38;30;6;2211;1
38;30;6;2212;1
38;30;6;2222;16
38;30;6;2277;1
38;30;6;2278;7
38;30;6;2288;2
38;30;6;2299;2
38;30;6;2333;8
38;30;6;2555;6
38;30;6;4000;1
38;30;6;4011;1
38;30;6;4020;2
38;30;6;4040;10
38;30;6;4044;2
38;30;6;4077;3
38;30;6;4343;1
38;30;6;4422;1
38;30;6;4444;46
38;30;6;4445;1
38;30;6;4455;1
38;30;6;4477;1
38;30;6;5050;1
38;30;6;5077;1
38;30;6;5511;4
38;30;6;5533;2
38;30;6;5555;11
38;30;7;10;1
38;30;7;12;1
38;30;7;18;1
38;30;7;40;2
38;30;7;55;1
38;30;7;95;6
38;30;7;96;4
38;30;7;10100;1
38;30;7;10123;3
38;30;7;10222;1
38;30;7;10999;64
38;30;7;11111;1
38;30;7;13111;15
38;30;7;13132;2
38;30;7;13222;7
38;30;7;13234;2
38;30;7;13333;18
38;30;7;13444;7
38;30;7;13777;3
38;30;7;13888;1
38;30;7;15222;4
38;30;7;15333;2
38;30;7;22022;3
38;30;7;22221;4
38;30;7;22222;3
38;30;7;22777;1
38;30;7;22789;13
38;30;7;22888;1
38;30;7;25444;1
38;30;7;33300;1
38;30;7;40114;10
38;30;7;40333;25
38;30;7;44444;1
38;30;7;44774;1
38;30;7;45190;2
38;30;7;45222;1
38;30;7;45999;1
38;30;7;50180;2
38;30;7;50555;1
38;30;7;55011;1
38;30;7;55100;2
38;30;7;55111;2
38;30;7;55555;12
38;30;7;77888;1
38;30;5;95;43
38;30;5;96;33
38;30;5;180;123
38;30;5;222;50
38;30;5;300;1
38;30;5;400;144
38;30;5;445;76
38;30;5;800;2
38;30;3;13;134
38;30;3;14;1
38;30;3;45;86
38;30;3;95;7
38;30;3;96;8
38;31;1;13;159
38;31;1;14;3
38;31;1;22;63
38;31;1;55;1
38;31;1;70;6
38;31;1;95;4
38;31;1;96;5
38;31;6;11;1
38;31;6;13;1
38;31;6;95;9
38;31;6;96;5
38;31;6;1010;2
38;31;6;1099;2
38;31;6;1111;3
38;31;6;1234;22
38;31;6;1301;3
38;31;6;1322;23
38;31;6;1323;3
38;31;6;1331;3
38;31;6;1333;8
38;31;6;1399;2
38;31;6;1515;10
38;31;6;1555;5
38;31;6;2222;11
38;31;6;2244;1
38;31;6;2277;1
38;31;6;2278;6
38;31;6;2288;1
38;31;6;2299;2
38;31;6;2333;11
38;31;6;2555;8
38;31;6;4020;3
38;31;6;4040;5
38;31;6;4044;3
38;31;6;4077;4
38;31;6;4444;59
38;31;6;4445;2
38;31;6;4490;1
38;31;6;4499;1
38;31;6;4555;1
38;31;6;5511;5
38;31;6;5533;2
38;31;6;5555;8
38;31;6;5588;3
38;31;6;7788;1
38;31;7;10;2
38;31;7;13;3
38;31;7;18;2
38;31;7;44;1
38;31;7;95;8
38;31;7;96;3
38;31;7;10123;2
38;31;7;10999;86
38;31;7;11555;3
38;31;7;13111;21
38;31;7;13123;1
38;31;7;13132;3
38;31;7;13222;11
38;31;7;13234;2
38;31;7;13333;8
38;31;7;13444;3
38;31;7;13456;2
38;31;7;13888;1
38;31;7;13999;1
38;31;7;15222;2
38;31;7;22022;1
38;31;7;22190;3
38;31;7;22221;2
38;31;7;22456;1
38;31;7;22522;1
38;31;7;22777;1
38;31;7;22789;15
38;31;7;25444;1
38;31;7;25555;1
38;31;7;33333;1
38;31;7;40100;1
38;31;7;40114;5
38;31;7;40333;25
38;31;7;40700;1
38;31;7;44774;2
38;31;7;45190;2
38;31;7;45222;1
38;31;7;50013;1
38;31;7;55555;9
38;31;7;65123;1
38;31;7;77888;1
38;31;5;95;41
38;31;5;96;32
38;31;5;180;120
38;31;5;222;58
38;31;5;300;1
38;31;5;400;146
38;31;5;445;83
38;31;5;800;1
38;31;3;13;131
38;31;3;45;95
38;31;3;80;1
38;31;3;95;6
38;31;3;96;8
38;32;1;13;155
38;32;1;14;1
38;32;1;22;26
38;32;1;55;1
38;32;1;70;3
38;32;1;95;3
38;32;1;96;6
38;32;6;11;1
38;32;6;12;3
38;32;6;13;1
38;32;6;22;1
38;32;6;95;7
38;32;6;96;6
38;32;6;1010;4
38;32;6;1099;1
38;32;6;1234;19
38;32;6;1299;1
38;32;6;1322;20
38;32;6;1323;1
38;32;6;1331;1
38;32;6;1333;7
38;32;6;1414;1
38;32;6;1515;11
38;32;6;1555;8
38;32;6;1800;1
38;32;6;2200;1
38;32;6;2222;12
38;32;6;2278;3
38;32;6;2299;1
38;32;6;2323;1
38;32;6;2333;7
38;32;6;4020;7
38;32;6;4040;1
38;32;6;4044;3
38;32;6;4077;5
38;32;6;4343;1
38;32;6;4422;1
38;32;6;4444;46
38;32;6;5511;2
38;32;6;5555;9
38;32;6;5588;1
38;32;7;10;2
38;32;7;11;1
38;32;7;13;5
38;32;7;18;1
38;32;7;25;1
38;32;7;40;5
38;32;7;44;2
38;32;7;45;1
38;32;7;95;7
38;32;7;96;5
38;32;7;10099;1
38;32;7;10100;2
38;32;7;10123;2
38;32;7;10999;58
38;32;7;11555;1
38;32;7;13111;14
38;32;7;13132;1
38;32;7;13222;7
38;32;7;13333;11
38;32;7;13444;1
38;32;7;13999;1
38;32;7;22221;1
38;32;7;22222;1
38;32;7;22322;1
38;32;7;22444;1
38;32;7;22789;11
38;32;7;40000;1
38;32;7;40111;1
38;32;7;40114;6
38;32;7;40333;23
38;32;7;44774;5
38;32;7;45456;2
38;32;7;55100;1
38;32;7;55111;1
38;32;7;55555;11
38;32;5;95;24
38;32;5;96;44
38;32;5;180;104
38;32;5;222;31
38;32;5;400;123
38;32;5;445;60
38;32;5;800;4
38;32;3;13;130
38;32;3;14;2
38;32;3;45;49
38;32;3;95;5
38;32;3;96;9
38;34;1;13;171
38;34;1;22;14
38;34;1;70;2
38;34;1;95;2
38;34;1;96;9
38;34;6;10;1
38;34;6;12;1
38;34;6;44;1
38;34;6;65;1
38;34;6;95;8
38;34;6;96;1
38;34;6;1010;5
38;34;6;1099;3
38;34;6;1111;1
38;34;6;1234;17
38;34;6;1313;1
38;34;6;1322;27
38;34;6;1323;1
38;34;6;1333;2
38;34;6;1515;1
38;34;6;1555;1
38;34;6;2040;1
38;34;6;2200;1
38;34;6;2222;1
38;34;6;2278;3
38;34;6;2333;7
38;34;6;2555;6
38;34;6;4011;1
38;34;6;4020;8
38;34;6;4040;1
38;34;6;4044;1
38;34;6;4077;1
38;34;6;4444;68
38;34;6;4455;1
38;34;6;5511;3
38;34;6;5555;3
38;34;6;5588;20
38;34;7;10;1
38;34;7;12;1
38;34;7;13;2
38;34;7;18;3
38;34;7;20;1
38;34;7;22;1
38;34;7;40;4
38;34;7;55;1
38;34;7;95;9
38;34;7;96;6
38;34;7;10100;3
38;34;7;10123;4
38;34;7;10222;1
38;34;7;10999;95
38;34;7;11222;2
38;34;7;11555;1
38;34;7;13111;4
38;34;7;13222;8
38;34;7;13333;18
38;34;7;13444;2
38;34;7;13777;3
38;34;7;22022;1
38;34;7;22789;3
38;34;7;40111;1
38;34;7;40114;2
38;34;7;40333;15
38;34;7;43640;1
38;34;7;55111;1
38;34;7;55555;4
38;34;5;95;33
38;34;5;96;63
38;34;5;180;126
38;34;5;222;12
38;34;5;400;140
38;34;5;445;22
38;34;3;13;160
38;34;3;45;20
38;34;3;95;7
38;34;3;96;11
38;36;1;13;144
38;36;1;14;5
38;36;1;22;42
38;36;1;55;1
38;36;1;70;4
38;36;1;95;3
38;36;1;96;5
38;36;6;12;1
38;36;6;13;1
38;36;6;22;1
38;36;6;95;7
38;36;6;96;5
38;36;6;1010;2
38;36;6;1111;3
38;36;6;1234;26
38;36;6;1301;1
38;36;6;1312;1
38;36;6;1322;21
38;36;6;1323;5
38;36;6;1331;1
38;36;6;1333;4
38;36;6;1414;1
38;36;6;1515;6
38;36;6;1522;1
38;36;6;1555;7
38;36;6;1800;1
38;36;6;1888;2
38;36;6;2222;11
38;36;6;2278;7
38;36;6;2299;2
38;36;6;2323;2
38;36;6;2333;5
38;36;6;2555;8
38;36;6;4000;1
38;36;6;4001;1
38;36;6;4040;3
38;36;6;4044;2
38;36;6;4077;2
38;36;6;4444;41
38;36;6;4445;2
38;36;6;4545;1
38;36;6;5511;3
38;36;6;5533;5
38;36;6;5555;4
38;36;6;5588;3
38;36;6;7777;2
38;36;6;7788;2
38;36;7;10;2
38;36;7;40;6
38;36;7;95;11
38;36;7;96;4
38;36;7;10100;2
38;36;7;10999;59
38;36;7;11111;1
38;36;7;11555;1
38;36;7;13111;11
38;36;7;13131;3
38;36;7;13132;1
38;36;7;13133;1
38;36;7;13222;11
38;36;7;13333;7
38;36;7;13444;2
38;36;7;13456;3
38;36;7;13777;1
38;36;7;13888;3
38;36;7;13999;1
38;36;7;15000;1
38;36;7;15222;3
38;36;7;22022;3
38;36;7;22221;1
38;36;7;22222;2
38;36;7;22223;1
38;36;7;22777;1
38;36;7;22789;16
38;36;7;40114;4
38;36;7;40234;1
38;36;7;40333;25
38;36;7;40840;1
38;36;7;44444;1
38;36;7;45190;1
38;36;7;45222;3
38;36;7;55111;1
38;36;7;55125;1
38;36;7;55555;6
38;36;7;65123;1
38;36;7;77888;1
38;36;5;95;30
38;36;5;96;53
38;36;5;180;89
38;36;5;222;46
38;36;5;400;120
38;36;5;445;70
38;36;3;13;121
38;36;3;45;73
38;36;3;95;2
38;36;3;96;8
38;39;1;13;198
38;39;1;14;2
38;39;1;22;34
38;39;1;55;1
38;39;1;70;3
38;39;1;95;3
38;39;1;96;5
38;39;6;13;1
38;39;6;22;1
38;39;6;40;1
38;39;6;55;2
38;39;6;95;6
38;39;6;96;3
38;39;6;1010;1
38;39;6;1099;2
38;39;6;1234;8
38;39;6;1313;2
38;39;6;1322;18
38;39;6;1323;1
38;39;6;1333;5
38;39;6;1444;1
38;39;6;1515;3
38;39;6;1522;1
38;39;6;1555;1
38;39;6;2222;15
38;39;6;2278;1
38;39;6;2555;8
38;39;6;4020;4
38;39;6;4040;3
38;39;6;4044;1
38;39;6;4077;1
38;39;6;4444;129
38;39;6;4455;1
38;39;6;4456;1
38;39;6;5050;1
38;39;6;5077;1
38;39;6;5511;1
38;39;6;5533;1
38;39;6;5555;18
38;39;6;5588;3
38;39;7;10;2
38;39;7;13;2
38;39;7;40;3
38;39;7;44;5
38;39;7;55;1
38;39;7;95;3
38;39;7;96;4
38;39;7;10999;178
38;39;7;13111;2
38;39;7;13133;1
38;39;7;13222;6
38;39;7;13333;7
38;39;7;13444;2
38;39;7;13456;1
38;39;7;15222;1
38;39;7;22220;1
38;39;7;22221;1
38;39;7;22222;1
38;39;7;22789;1
38;39;7;40333;3
38;39;7;50555;1
38;39;7;55555;19
38;39;7;77888;1
38;39;5;95;15
38;39;5;96;48
38;39;5;180;136
38;39;5;222;30
38;39;5;400;179
38;39;5;445;83
38;39;5;800;1
38;39;3;13;175
38;39;3;14;1
38;39;3;45;49
38;39;3;95;5
38;39;3;96;16
38;40;1;13;112
38;40;1;22;18
38;40;1;55;1
38;40;1;70;1
38;40;1;95;1
38;40;1;96;2
38;40;6;12;2
38;40;6;40;1
38;40;6;44;1
38;40;6;55;1
38;40;6;95;6
38;40;6;96;2
38;40;6;1099;1
38;40;6;1111;1
38;40;6;1234;6
38;40;6;1322;6
38;40;6;1333;2
38;40;6;1515;1
38;40;6;1555;1
38;40;6;2222;6
38;40;6;2555;4
38;40;6;4077;1
38;40;6;4422;1
38;40;6;4444;71
38;40;6;4455;5
38;40;6;5555;16
38;40;7;10;1
38;40;7;12;1
38;40;7;18;1
38;40;7;40;8
38;40;7;44;1
38;40;7;45;1
38;40;7;55;1
38;40;7;95;6
38;40;7;96;1
38;40;7;10999;82
38;40;7;13111;1
38;40;7;13123;1
38;40;7;13222;3
38;40;7;13333;4
38;40;7;22220;1
38;40;7;40333;1
38;40;7;44444;2
38;40;7;45645;1
38;40;7;55555;18
38;40;5;95;10
38;40;5;96;32
38;40;5;180;66
38;40;5;222;16
38;40;5;400;95
38;40;5;445;50
38;40;5;800;1
38;40;3;13;96
38;40;3;45;24
38;40;3;95;4
38;40;3;96;11
38;42;1;13;218
38;42;1;14;2
38;42;1;16;1
38;42;1;22;13
38;42;1;55;1
38;42;1;70;2
38;42;1;95;4
38;42;1;96;5
38;42;6;11;1
38;42;6;12;2
38;42;6;13;2
38;42;6;95;8
38;42;6;96;3
38;42;6;1010;1
38;42;6;1099;1
38;42;6;1234;14
38;42;6;1322;49
38;42;6;1323;8
38;42;6;1331;1
38;42;6;1333;11
38;42;6;1555;2
38;42;6;2222;1
38;42;6;2277;2
38;42;6;2278;1
38;42;6;2299;1
38;42;6;2333;28
38;42;6;2555;1
38;42;6;4000;1
38;42;6;4040;1
38;42;6;4444;101
38;42;6;5533;2
38;42;6;5555;2
38;42;6;5588;2
38;42;7;10;4
38;42;7;13;5
38;42;7;18;5
38;42;7;40;7
38;42;7;44;1
38;42;7;55;1
38;42;7;80;1
38;42;7;95;6
38;42;7;96;3
38;42;7;10100;21
38;42;7;10999;105
38;42;7;13111;3
38;42;7;13222;17
38;42;7;13333;36
38;42;7;13444;3
38;42;7;13456;1
38;42;7;15222;2
38;42;7;22222;1
38;42;7;22762;1
38;42;7;22777;1
38;42;7;22789;3
38;42;7;33309;1
38;42;7;40333;12
38;42;7;44774;1
38;42;7;45222;1
38;42;7;55555;3
38;42;7;55777;1
38;42;5;95;18
38;42;5;96;57
38;42;5;180;160
38;42;5;222;22
38;42;5;400;188
38;42;5;445;47
38;42;3;13;200
38;42;3;45;29
38;42;3;95;6
38;42;3;96;11
38;43;1;13;125
38;43;1;14;1
38;43;1;22;28
38;43;1;55;2
38;43;1;70;2
38;43;1;95;3
38;43;1;96;4
38;43;6;12;1
38;43;6;13;1
38;43;6;25;1
38;43;6;44;1
38;43;6;45;1
38;43;6;55;1
38;43;6;95;5
38;43;6;96;3
38;43;6;1010;1
38;43;6;1055;1
38;43;6;1099;1
38;43;6;1234;12
38;43;6;1322;11
38;43;6;1323;3
38;43;6;1333;1
38;43;6;1522;1
38;43;6;2222;11
38;43;6;2333;2
38;43;6;2555;2
38;43;6;4020;1
38;43;6;4040;3
38;43;6;4444;93
38;43;6;4545;1
38;43;6;5050;1
38;43;6;5555;5
38;43;6;5588;1
38;43;7;10;2
38;43;7;12;1
38;43;7;13;1
38;43;7;16;2
38;43;7;18;2
38;43;7;22;1
38;43;7;40;2
38;43;7;44;1
38;43;7;95;6
38;43;7;96;4
38;43;7;10100;1
38;43;7;10999;110
38;43;7;13123;1
38;43;7;13222;5
38;43;7;13333;5
38;43;7;13777;1
38;43;7;13888;1
38;43;7;22022;1
38;43;7;22220;2
38;43;7;22221;1
38;43;7;40333;8
38;43;7;45678;1
38;43;7;55555;6
38;43;5;95;20
38;43;5;96;28
38;43;5;180;73
38;43;5;222;21
38;43;5;400;121
38;43;5;445;67
38;43;3;13;117
38;43;3;45;34
38;43;3;95;6
38;43;3;96;8
38;44;1;13;195
38;44;1;22;35
38;44;1;55;1
38;44;1;70;2
38;44;1;95;2
38;44;1;96;8
38;44;6;10;1
38;44;6;12;4
38;44;6;44;2
38;44;6;77;1
38;44;6;95;3
38;44;6;96;7
38;44;6;1099;1
38;44;6;1111;4
38;44;6;1234;114
38;44;6;1311;1
38;44;6;1322;5
38;44;6;1323;1
38;44;6;1333;37
38;44;6;1515;1
38;44;6;1555;5
38;44;6;2222;5
38;44;6;2299;2
38;44;6;2333;1
38;44;6;2555;1
38;44;6;4077;1
38;44;6;4333;1
38;44;6;4444;42
38;44;6;5555;2
38;44;6;5588;1
38;44;7;10;2
38;44;7;12;2
38;44;7;13;1
38;44;7;16;1
38;44;7;18;5
38;44;7;22;1
38;44;7;33;1
38;44;7;40;10
38;44;7;44;2
38;44;7;45;2
38;44;7;77;1
38;44;7;95;6
38;44;7;96;8
38;44;7;10333;1
38;44;7;10999;72
38;44;7;13111;10
38;44;7;13222;2
38;44;7;13333;2
38;44;7;13456;1
38;44;7;13777;1
38;44;7;13999;1
38;44;7;15222;1
38;44;7;22221;1
38;44;7;22777;1
38;44;7;22999;1
38;44;7;40000;1
38;44;7;40114;1
38;44;7;40333;97
38;44;7;40999;1
38;44;7;55555;7
38;44;5;95;18
38;44;5;96;75
38;44;5;180;147
38;44;5;222;22
38;44;5;400;170
38;44;5;445;54
38;44;3;13;176
38;44;3;45;46
38;44;3;95;4
38;44;3;96;17
38;45;1;13;96
38;45;1;14;3
38;45;1;22;10
38;45;1;70;2
38;45;1;95;1
38;45;1;96;6
38;45;6;12;6
38;45;6;13;1
38;45;6;40;1
38;45;6;95;3
38;45;6;96;2
38;45;6;1111;1
38;45;6;1222;1
38;45;6;1234;46
38;45;6;1245;1
38;45;6;1322;5
38;45;6;1333;15
38;45;6;1515;1
38;45;6;1555;1
38;45;6;2222;1
38;45;6;2288;1
38;45;6;2333;1
38;45;6;4444;24
38;45;6;5555;7
38;45;7;12;3
38;45;7;13;2
38;45;7;18;1
38;45;7;40;4
38;45;7;44;1
38;45;7;45;3
38;45;7;95;5
38;45;7;96;3
38;45;7;10999;35
38;45;7;13111;1
38;45;7;13222;1
38;45;7;13333;5
38;45;7;15222;1
38;45;7;22022;1
38;45;7;40114;1
38;45;7;40333;41
38;45;7;45555;1
38;45;7;55555;9
38;45;5;95;24
38;45;5;96;36
38;45;5;180;64
38;45;5;222;7
38;45;5;400;82
38;45;5;445;23
38;45;3;13;83
38;45;3;45;22
38;45;3;95;3
38;45;3;96;10
38;49;1;13;201
38;49;1;14;3
38;49;1;22;18
38;49;1;70;3
38;49;1;95;4
38;49;1;96;5
38;49;6;10;1
38;49;6;12;4
38;49;6;13;2
38;49;6;44;1
38;49;6;95;9
38;49;6;96;5
38;49;6;1088;1
38;49;6;1099;2
38;49;6;1212;1
38;49;6;1234;14
38;49;6;1322;40
38;49;6;1323;10
38;49;6;1331;1
38;49;6;1333;6
38;49;6;1515;8
38;49;6;1555;3
38;49;6;2222;1
38;49;6;2277;2
38;49;6;2278;3
38;49;6;2299;1
38;49;6;2333;19
38;49;6;2555;1
38;49;6;4040;1
38;49;6;4044;1
38;49;6;4444;93
38;49;6;5533;2
38;49;6;5555;1
38;49;6;5588;1
38;49;7;12;1
38;49;7;13;2
38;49;7;18;4
38;49;7;22;1
38;49;7;40;8
38;49;7;44;2
38;49;7;45;1
38;49;7;95;8
38;49;7;96;8
38;49;7;10100;12
38;49;7;10999;95
38;49;7;12222;1
38;49;7;13111;6
38;49;7;13222;15
38;49;7;13333;23
38;49;7;13444;4
38;49;7;15222;5
38;49;7;22022;1
38;49;7;22422;1
38;49;7;22777;1
38;49;7;22789;3
38;49;7;40000;1
38;49;7;40111;1
38;49;7;40114;8
38;49;7;40333;16
38;49;7;44444;1
38;49;7;44774;1
38;49;7;55555;4
38;49;5;95;20
38;49;5;96;59
38;49;5;180;154
38;49;5;222;23
38;49;5;300;1
38;49;5;400;170
38;49;5;445;39
38;49;5;800;2
38;49;3;13;182
38;49;3;45;34
38;49;3;95;7
38;49;3;96;11
38;50;1;13;219
38;50;1;14;1
38;50;1;22;32
38;50;1;55;1
38;50;1;70;4
38;50;6;11;1
38;50;6;12;1
38;50;6;13;1
38;50;6;23;1
38;50;6;40;1
38;50;6;95;2
38;50;6;96;3
38;50;6;1234;19
38;50;6;1313;2
38;50;6;1322;16
38;50;6;1323;3
38;50;6;1333;1
38;50;6;1515;11
38;50;6;1522;1
38;50;6;2222;6
38;50;6;2244;3
38;50;6;2278;1
38;50;6;2299;1
38;50;6;2555;15
38;50;6;4020;1
38;50;6;4040;3
38;50;6;4077;1
38;50;6;4444;136
38;50;6;5511;1
38;50;6;5555;20
38;50;6;5588;1
38;50;6;7788;5
38;50;7;10;2
38;50;7;12;1
38;50;7;15;1
38;50;7;23;1
38;50;7;40;5
38;50;7;44;1
38;50;7;95;1
38;50;7;96;4
38;50;7;10020;1
38;50;7;10999;179
38;50;7;13111;1
38;50;7;13123;2
38;50;7;13133;2
38;50;7;13222;3
38;50;7;13333;3
38;50;7;13888;1
38;50;7;15222;1
38;50;7;22222;1
38;50;7;22789;1
38;50;7;40114;9
38;50;7;40333;14
38;50;7;45222;1
38;50;7;50555;1
38;50;7;55555;20
38;50;7;77888;1
38;50;5;95;8
38;50;5;96;39
38;50;5;180;131
38;50;5;222;33
38;50;5;400;200
38;50;5;445;103
38;50;3;13;209
38;50;3;14;1
38;50;3;45;43
38;50;3;96;4
38;51;1;13;188
38;51;1;14;3
38;51;1;16;1
38;51;1;22;25
38;51;1;55;2
38;51;1;70;1
38;51;1;95;2
38;51;1;96;12
38;51;6;11;1
38;51;6;12;4
38;51;6;13;3
38;51;6;18;1
38;51;6;22;1
38;51;6;40;5
38;51;6;95;5
38;51;6;96;4
38;51;6;1099;1
38;51;6;1111;3
38;51;6;1234;101
38;51;6;1322;17
38;51;6;1323;1
38;51;6;1333;32
38;51;6;1555;3
38;51;6;2222;2
38;51;6;2255;1
38;51;6;2277;4
38;51;6;2299;1
38;51;6;2333;2
38;51;6;4077;2
38;51;6;4444;30
38;51;6;4490;1
38;51;6;5511;1
38;51;6;5533;1
38;51;6;5555;7
38;51;7;10;3
38;51;7;12;3
38;51;7;13;3
38;51;7;15;1
38;51;7;18;3
38;51;7;40;9
38;51;7;44;4
38;51;7;45;1
38;51;7;55;1
38;51;7;95;4
38;51;7;96;9
38;51;7;10999;59
38;51;7;13111;6
38;51;7;13222;7
38;51;7;13333;4
38;51;7;15222;2
38;51;7;22190;1
38;51;7;22777;2
38;51;7;40114;1
38;51;7;40333;92
38;51;7;55111;1
38;51;7;55555;18
38;51;5;95;18
38;51;5;96;74
38;51;5;180;152
38;51;5;222;17
38;51;5;400;165
38;51;5;445;41
38;51;5;800;1
38;51;3;13;168
38;51;3;35;1
38;51;3;45;35
38;51;3;95;4
38;51;3;96;26
38;58;1;13;194
38;58;1;14;3
38;58;1;22;49
38;58;1;70;10
38;58;1;95;2
38;58;1;96;7
38;58;6;12;3
38;58;6;13;3
38;58;6;23;2
38;58;6;40;1
38;58;6;45;1
38;58;6;95;11
38;58;6;96;7
38;58;6;1010;2
38;58;6;1099;3
38;58;6;1234;21
38;58;6;1301;2
38;58;6;1322;42
38;58;6;1323;6
38;58;6;1331;1
38;58;6;1333;8
38;58;6;1388;1
38;58;6;1444;1
38;58;6;1515;4
38;58;6;1555;4
38;58;6;2026;1
38;58;6;2200;1
38;58;6;2222;13
38;58;6;2278;3
38;58;6;2288;3
38;58;6;2299;2
38;58;6;2323;1
38;58;6;2333;7
38;58;6;2555;3
38;58;6;4000;1
38;58;6;4011;1
38;58;6;4020;1
38;58;6;4040;2
38;58;6;4044;2
38;58;6;4055;1
38;58;6;4077;8
38;58;6;4343;1
38;58;6;4422;1
38;58;6;4444;68
38;58;6;4490;1
38;58;6;5050;1
38;58;6;5511;2
38;58;6;5533;4
38;58;6;5555;11
38;58;6;5588;3
38;58;7;10;2
38;58;7;12;4
38;58;7;13;1
38;58;7;18;2
38;58;7;22;1
38;58;7;40;8
38;58;7;44;2
38;58;7;45;3
38;58;7;55;2
38;58;7;95;12
38;58;7;96;10
38;58;7;10100;3
38;58;7;10123;1
38;58;7;10999;97
38;58;7;13000;1
38;58;7;13013;1
38;58;7;13111;9
38;58;7;13123;1
38;58;7;13222;11
38;58;7;13234;1
38;58;7;13333;20
38;58;7;13888;2
38;58;7;13999;2
38;58;7;15222;5
38;58;7;15333;1
38;58;7;22022;2
38;58;7;22222;1
38;58;7;22762;1
38;58;7;22777;1
38;58;7;22789;4
38;58;7;22888;1
38;58;7;40114;6
38;58;7;40333;23
38;58;7;44456;1
38;58;7;44774;1
38;58;7;45190;1
38;58;7;45222;1
38;58;7;50013;1
38;58;7;50180;1
38;58;7;50555;2
38;58;7;55100;1
38;58;7;55555;11
38;58;7;77888;4
38;58;5;95;37
38;58;5;96;69
38;58;5;180;141
38;58;5;222;40
38;58;5;400;168
38;58;5;445;75
38;58;3;13;168
38;58;3;45;66
38;58;3;80;1
38;58;3;95;9
38;58;3;96;21
38;60;1;13;121
38;60;1;14;2
38;60;1;22;44
38;60;1;55;1
38;60;1;70;3
38;60;1;95;3
38;60;1;96;3
38;60;6;13;1
38;60;6;22;1
38;60;6;95;7
38;60;6;96;3
38;60;6;1111;5
38;60;6;1222;1
38;60;6;1234;17
38;60;6;1301;2
38;60;6;1311;1
38;60;6;1313;1
38;60;6;1322;17
38;60;6;1323;2
38;60;6;1331;1
38;60;6;1333;7
38;60;6;1399;1
38;60;6;1414;1
38;60;6;1515;5
38;60;6;1555;2
38;60;6;1888;1
38;60;6;2201;1
38;60;6;2211;1
38;60;6;2222;10
38;60;6;2278;2
38;60;6;2288;2
38;60;6;2299;3
38;60;6;2323;3
38;60;6;2333;6
38;60;6;2555;8
38;60;6;2589;1
38;60;6;4000;2
38;60;6;4020;1
38;60;6;4040;7
38;60;6;4077;4
38;60;6;4343;1
38;60;6;4444;32
38;60;6;4445;3
38;60;6;4490;1
38;60;6;5511;4
38;60;6;5555;6
38;60;6;5588;1
38;60;6;7788;1
38;60;7;13;1
38;60;7;22;1
38;60;7;40;6
38;60;7;44;2
38;60;7;95;6
38;60;7;96;3
38;60;7;10100;2
38;60;7;10478;1
38;60;7;10999;46
38;60;7;11555;3
38;60;7;13013;1
38;60;7;13111;11
38;60;7;13123;2
38;60;7;13131;2
38;60;7;13132;1
38;60;7;13222;12
38;60;7;13333;6
38;60;7;13444;6
38;60;7;13456;1
38;60;7;13777;1
38;60;7;13888;3
38;60;7;13999;2
38;60;7;15222;3
38;60;7;22022;2
38;60;7;22180;1
38;60;7;22222;1
38;60;7;22444;1
38;60;7;22789;8
38;60;7;22888;2
38;60;7;25222;1
38;60;7;40100;1
38;60;7;40114;2
38;60;7;40333;19
38;60;7;44774;1
38;60;7;45190;1
38;60;7;45222;1
38;60;7;50180;2
38;60;7;55111;1
38;60;7;55333;1
38;60;7;55555;7
38;60;7;77888;2
38;60;5;95;27
38;60;5;96;28
38;60;5;180;94
38;60;5;222;43
38;60;5;300;1
38;60;5;400;105
38;60;5;445;54
38;60;3;13;108
38;60;3;45;59
38;60;3;95;2
38;60;3;96;7
38;62;1;13;166
38;62;1;14;2
38;62;1;22;56
38;62;1;55;1
38;62;1;70;5
38;62;1;95;4
38;62;1;96;11
38;62;6;11;1
38;62;6;13;2
38;62;6;22;2
38;62;6;40;2
38;62;6;95;12
38;62;6;96;7
38;62;6;1010;2
38;62;6;1099;1
38;62;6;1111;1
38;62;6;1234;29
38;62;6;1301;1
38;62;6;1322;21
38;62;6;1323;2
38;62;6;1331;2
38;62;6;1333;11
38;62;6;1399;1
38;62;6;1414;1
38;62;6;1515;11
38;62;6;1555;9
38;62;6;1888;1
38;62;6;2222;16
38;62;6;2233;1
38;62;6;2278;3
38;62;6;2299;6
38;62;6;2323;2
38;62;6;2333;8
38;62;6;2555;8
38;62;6;4000;1
38;62;6;4020;1
38;62;6;4040;8
38;62;6;4044;1
38;62;6;4077;1
38;62;6;4343;1
38;62;6;4444;53
38;62;6;4490;1
38;62;6;5050;2
38;62;6;5511;2
38;62;6;5525;1
38;62;6;5533;3
38;62;6;5555;6
38;62;6;5588;1
38;62;7;10;1
38;62;7;13;4
38;62;7;18;1
38;62;7;22;1
38;62;7;40;5
38;62;7;44;4
38;62;7;95;15
38;62;7;96;9
38;62;7;10100;3
38;62;7;10999;76
38;62;7;11555;2
38;62;7;13013;1
38;62;7;13111;13
38;62;7;13132;1
38;62;7;13222;9
38;62;7;13234;3
38;62;7;13333;8
38;62;7;13444;3
38;62;7;13456;1
38;62;7;13888;1
38;62;7;13999;4
38;62;7;15222;5
38;62;7;22022;1
38;62;7;22190;2
38;62;7;22221;1
38;62;7;22444;1
38;62;7;22789;11
38;62;7;25444;1
38;62;7;33300;1
38;62;7;40100;1
38;62;7;40111;1
38;62;7;40114;9
38;62;7;40200;1
38;62;7;40333;23
38;62;7;44022;1
38;62;7;44444;1
38;62;7;44456;1
38;62;7;45222;1
38;62;7;45633;1
38;62;7;45678;1
38;62;7;50013;3
38;62;7;50100;1
38;62;7;50180;2
38;62;7;55555;9
38;62;7;65123;1
38;62;5;95;38
38;62;5;96;59
38;62;5;162;1
38;62;5;180;118
38;62;5;222;57
38;62;5;400;141
38;62;5;445;76
38;62;3;13;129
38;62;3;14;1
38;62;3;45;89
38;62;3;95;10
38;62;3;96;16
38;65;1;13;158
38;65;1;14;7
38;65;1;22;26
38;65;1;70;4
38;65;1;95;1
38;65;1;96;7
38;65;6;11;1
38;65;6;12;3
38;65;6;13;2
38;65;6;15;1
38;65;6;18;1
38;65;6;95;7
38;65;6;96;6
38;65;6;1010;2
38;65;6;1099;2
38;65;6;1111;1
38;65;6;1233;1
38;65;6;1234;17
38;65;6;1301;2
38;65;6;1311;1
38;65;6;1313;1
38;65;6;1322;32
38;65;6;1323;3
38;65;6;1333;7
38;65;6;1515;8
38;65;6;1555;5
38;65;6;2222;12
38;65;6;2278;6
38;65;6;2323;1
38;65;6;2333;11
38;65;6;2555;3
38;65;6;4000;1
38;65;6;4020;2
38;65;6;4040;2
38;65;6;4077;2
38;65;6;4444;45
38;65;6;4445;1
38;65;6;4455;1
38;65;6;5511;2
38;65;6;5555;7
38;65;6;5588;4
38;65;7;10;1
38;65;7;12;1
38;65;7;13;3
38;65;7;15;1
38;65;7;18;1
38;65;7;22;2
38;65;7;23;1
38;65;7;40;8
38;65;7;44;2
38;65;7;45;1
38;65;7;95;4
38;65;7;96;5
38;65;7;10100;1
38;65;7;10123;3
38;65;7;10999;59
38;65;7;11555;2
38;65;7;13111;16
38;65;7;13123;2
38;65;7;13132;1
38;65;7;13222;17
38;65;7;13333;13
38;65;7;13444;3
38;65;7;13888;1
38;65;7;13999;1
38;65;7;15222;1
38;65;7;22222;1
38;65;7;22789;12
38;65;7;25222;1
38;65;7;40000;1
38;65;7;40114;6
38;65;7;40333;14
38;65;7;40600;1
38;65;7;44444;1
38;65;7;44774;2
38;65;7;45190;1
38;65;7;45555;1
38;65;7;55111;1
38;65;7;55555;11
38;65;5;95;15
38;65;5;96;57
38;65;5;180;107
38;65;5;222;39
38;65;5;400;125
38;65;5;445;63
38;65;3;13;136
38;65;3;45;53
38;65;3;95;2
38;65;3;96;12
38;66;1;13;186
38;66;1;14;3
38;66;1;22;25
38;66;1;30;1
38;66;1;70;2
38;66;1;95;5
38;66;1;96;5
38;66;6;12;2
38;66;6;13;4
38;66;6;45;1
38;66;6;50;1
38;66;6;95;15
38;66;6;96;1
38;66;6;1010;1
38;66;6;1111;1
38;66;6;1222;1
38;66;6;1233;1
38;66;6;1234;32
38;66;6;1322;42
38;66;6;1323;1
38;66;6;1333;5
38;66;6;1515;18
38;66;6;1555;2
38;66;6;1888;1
38;66;6;2200;1
38;66;6;2211;1
38;66;6;2222;6
38;66;6;2278;7
38;66;6;2299;3
38;66;6;2323;2
38;66;6;2333;5
38;66;6;2555;8
38;66;6;4000;1
38;66;6;4020;3
38;66;6;4040;2
38;66;6;4044;2
38;66;6;4077;8
38;66;6;4343;1
38;66;6;4444;37
38;66;6;4445;1
38;66;6;4490;1
38;66;6;5050;1
38;66;6;5511;2
38;66;6;5555;6
38;66;7;12;1
38;66;7;13;5
38;66;7;18;4
38;66;7;22;1
38;66;7;40;6
38;66;7;44;1
38;66;7;45;1
38;66;7;55;1
38;66;7;95;15
38;66;7;96;3
38;66;7;10100;2
38;66;7;10123;1
38;66;7;10333;2
38;66;7;10478;2
38;66;7;10999;48
38;66;7;11555;1
38;66;7;13111;11
38;66;7;13222;17
38;66;7;13333;19
38;66;7;13700;1
38;66;7;13777;1
38;66;7;13888;1
38;66;7;13999;1
38;66;7;15222;2
38;66;7;22022;1
38;66;7;22221;1
38;66;7;22222;2
38;66;7;22789;13
38;66;7;40000;1
38;66;7;40114;18
38;66;7;40333;31
38;66;7;44011;1
38;66;7;44444;1
38;66;7;45190;1
38;66;7;45222;1
38;66;7;45633;1
38;66;7;50180;2
38;66;7;55555;6
38;66;5;95;26
38;66;5;96;54
38;66;5;180;139
38;66;5;222;29
38;66;5;400;156
38;66;5;445;46
38;66;5;800;4
38;66;3;13;149
38;66;3;45;56
38;66;3;95;9
38;66;3;96;13
38;71;1;13;182
38;71;1;14;5
38;71;1;16;1
38;71;1;22;64
38;71;1;55;1
38;71;1;70;4
38;71;1;95;3
38;71;1;96;12
38;71;6;10;3
38;71;6;11;1
38;71;6;12;1
38;71;6;13;2
38;71;6;40;2
38;71;6;44;1
38;71;6;45;1
38;71;6;95;5
38;71;6;96;11
38;71;6;1020;1
38;71;6;1099;2
38;71;6;1111;3
38;71;6;1234;21
38;71;6;1301;1
38;71;6;1313;2
38;71;6;1322;32
38;71;6;1323;3
38;71;6;1331;3
38;71;6;1333;2
38;71;6;1400;1
38;71;6;1515;11
38;71;6;1555;6
38;71;6;2200;2
38;71;6;2211;2
38;71;6;2222;26
38;71;6;2278;3
38;71;6;2288;2
38;71;6;2299;9
38;71;6;2323;3
38;71;6;2333;8
38;71;6;2555;6
38;71;6;4000;1
38;71;6;4020;3
38;71;6;4040;9
38;71;6;4077;1
38;71;6;4444;52
38;71;6;4490;2
38;71;6;5050;5
38;71;6;5511;2
38;71;6;5533;2
38;71;6;5555;10
38;71;6;5588;5
38;71;6;6565;3
38;71;6;7788;1
38;71;7;12;2
38;71;7;13;5
38;71;7;15;1
38;71;7;18;3
38;71;7;40;5
38;71;7;45;1
38;71;7;55;1
38;71;7;95;6
38;71;7;96;13
38;71;7;10100;2
38;71;7;10333;1
38;71;7;10999;79
38;71;7;11555;5
38;71;7;13111;9
38;71;7;13132;1
38;71;7;13222;12
38;71;7;13234;2
38;71;7;13333;15
38;71;7;13444;1
38;71;7;13456;2
38;71;7;13777;3
38;71;7;13888;4
38;71;7;13999;4
38;71;7;15222;4
38;71;7;22022;3
38;71;7;22190;3
38;71;7;22220;1
38;71;7;22221;2
38;71;7;22222;5
38;71;7;22762;2
38;71;7;22789;12
38;71;7;25444;1
38;71;7;40114;10
38;71;7;40333;26
38;71;7;44444;2
38;71;7;44774;1
38;71;7;45222;2
38;71;7;45456;1
38;71;7;45888;1
38;71;7;50180;2
38;71;7;50555;1
38;71;7;55100;1
38;71;7;55555;11
38;71;7;65123;1
38;71;7;65656;3
38;71;5;95;25
38;71;5;96;75
38;71;5;180;129
38;71;5;222;72
38;71;5;400;148
38;71;5;445;94
38;71;5;800;1
38;71;3;13;144
38;71;3;14;2
38;71;3;16;1
38;71;3;45;104
38;71;3;95;5
38;71;3;96;16
38;74;1;13;176
38;74;1;14;6
38;74;1;22;54
38;74;1;70;5
38;74;1;95;4
38;74;1;96;17
38;74;6;11;1
38;74;6;12;1
38;74;6;13;2
38;74;6;15;2
38;74;6;22;1
38;74;6;33;1
38;74;6;44;2
38;74;6;95;13
38;74;6;96;7
38;74;6;1010;1
38;74;6;1099;1
38;74;6;1111;2
38;74;6;1233;1
38;74;6;1234;36
38;74;6;1301;1
38;74;6;1322;31
38;74;6;1323;2
38;74;6;1333;6
38;74;6;1515;12
38;74;6;1888;1
38;74;6;2200;2
38;74;6;2222;16
38;74;6;2244;1
38;74;6;2278;3
38;74;6;2288;6
38;74;6;2299;1
38;74;6;2323;2
38;74;6;2333;9
38;74;6;2555;3
38;74;6;4040;3
38;74;6;4044;5
38;74;6;4077;9
38;74;6;4422;1
38;74;6;4444;53
38;74;6;4490;1
38;74;6;4555;1
38;74;6;5050;1
38;74;6;5511;5
38;74;6;5533;3
38;74;6;5555;8
38;74;6;5588;2
38;74;6;7700;1
38;74;6;7788;2
38;74;7;10;1
38;74;7;11;1
38;74;7;12;2
38;74;7;13;2
38;74;7;15;1
38;74;7;18;1
38;74;7;22;2
38;74;7;40;10
38;74;7;44;2
38;74;7;50;1
38;74;7;77;1
38;74;7;95;12
38;74;7;96;11
38;74;7;10100;3
38;74;7;10123;2
38;74;7;10999;80
38;74;7;11555;2
38;74;7;12345;1
38;74;7;13111;10
38;74;7;13222;7
38;74;7;13234;1
38;74;7;13333;13
38;74;7;13777;1
38;74;7;13888;3
38;74;7;13999;2
38;74;7;15222;5
38;74;7;15555;1
38;74;7;22022;4
38;74;7;22222;3
38;74;7;22762;1
38;74;7;22789;5
38;74;7;22888;1
38;74;7;30000;1
38;74;7;40114;12
38;74;7;40234;1
38;74;7;40333;31
38;74;7;45111;1
38;74;7;45190;1
38;74;7;45789;1
38;74;7;50180;1
38;74;7;55100;3
38;74;7;55555;12
38;74;7;55888;1
38;74;7;77888;5
38;74;5;95;35
38;74;5;96;73
38;74;5;180;131
38;74;5;222;50
38;74;5;400;154
38;74;5;445;81
38;74;3;13;153
38;74;3;45;79
38;74;3;95;8
38;74;3;96;22
38;76;1;13;153
38;76;1;14;3
38;76;1;22;40
38;76;1;55;1
38;76;1;70;5
38;76;1;95;2
38;76;1;96;9
38;76;6;11;1
38;76;6;12;3
38;76;6;14;1
38;76;6;22;1
38;76;6;40;1
38;76;6;44;1
38;76;6;95;10
38;76;6;96;3
38;76;6;1010;1
38;76;6;1222;1
38;76;6;1234;31
38;76;6;1301;2
38;76;6;1322;19
38;76;6;1323;4
38;76;6;1331;1
38;76;6;1333;12
38;76;6;1515;8
38;76;6;1555;8
38;76;6;2200;1
38;76;6;2222;8
38;76;6;2277;1
38;76;6;2278;4
38;76;6;2299;1
38;76;6;2323;2
38;76;6;2333;10
38;76;6;2525;1
38;76;6;2555;5
38;76;6;4020;5
38;76;6;4040;3
38;76;6;4044;4
38;76;6;4077;3
38;76;6;4444;42
38;76;6;4455;1
38;76;6;4490;1
38;76;6;5077;1
38;76;6;5511;1
38;76;6;5555;4
38;76;6;5588;7
38;76;7;10;2
38;76;7;12;1
38;76;7;13;4
38;76;7;16;1
38;76;7;18;1
38;76;7;40;6
38;76;7;44;3
38;76;7;95;10
38;76;7;96;4
38;76;7;10100;3
38;76;7;10123;1
38;76;7;10222;2
38;76;7;10999;68
38;76;7;11555;1
38;76;7;13111;13
38;76;7;13131;1
38;76;7;13132;2
38;76;7;13222;10
38;76;7;13333;9
38;76;7;13456;3
38;76;7;13888;2
38;76;7;15222;4
38;76;7;15333;1
38;76;7;22190;1
38;76;7;22222;2
38;76;7;22444;1
38;76;7;22789;8
38;76;7;25444;1
38;76;7;40100;1
38;76;7;40114;4
38;76;7;40333;29
38;76;7;40456;1
38;76;7;40999;1
38;76;7;44774;1
38;76;7;50555;1
38;76;7;55100;1
38;76;7;55555;8
38;76;7;77888;1
38;76;5;95;23
38;76;5;96;53
38;76;5;180;116
38;76;5;222;36
38;76;5;400;136
38;76;5;445;60
38;76;5;800;2
38;76;3;13;132
38;76;3;30;1
38;76;3;45;67
38;76;3;95;4
38;76;3;96;9
38;77;1;13;168
38;77;1;14;1
38;77;1;22;40
38;77;1;95;5
38;77;1;96;12
38;77;6;11;1
38;77;6;12;3
38;77;6;13;1
38;77;6;40;2
38;77;6;43;1
38;77;6;45;1
38;77;6;50;1
38;77;6;95;7
38;77;6;96;6
38;77;6;1010;1
38;77;6;1099;1
38;77;6;1111;12
38;77;6;1233;1
38;77;6;1234;24
38;77;6;1322;18
38;77;6;1323;2
38;77;6;1333;7
38;77;6;1414;1
38;77;6;1444;1
38;77;6;1515;10
38;77;6;1555;6
38;77;6;2222;11
38;77;6;2278;9
38;77;6;2288;2
38;77;6;2299;1
38;77;6;2333;10
38;77;6;2518;1
38;77;6;4020;2
38;77;6;4040;1
38;77;6;4044;4
38;77;6;4077;4
38;77;6;4444;56
38;77;6;4490;3
38;77;6;5050;1
38;77;6;5511;2
38;77;6;5533;2
38;77;6;5555;8
38;77;6;5588;1
38;77;6;7788;1
38;77;7;10;4
38;77;7;12;2
38;77;7;13;1
38;77;7;18;4
38;77;7;22;2
38;77;7;23;1
38;77;7;40;2
38;77;7;44;2
38;77;7;45;1
38;77;7;50;2
38;77;7;95;9
38;77;7;96;11
38;77;7;10100;1
38;77;7;10999;67
38;77;7;11555;9
38;77;7;13013;2
38;77;7;13111;13
38;77;7;13222;8
38;77;7;13234;1
38;77;7;13333;7
38;77;7;13777;2
38;77;7;13888;1
38;77;7;15222;1
38;77;7;22022;3
38;77;7;22222;1
38;77;7;22777;1
38;77;7;22789;15
38;77;7;22888;1
38;77;7;25444;2
38;77;7;33333;1
38;77;7;40111;1
38;77;7;40114;7
38;77;7;40333;22
38;77;7;40555;1
38;77;7;44774;2
38;77;7;45190;2
38;77;7;45999;1
38;77;7;50100;1
38;77;7;55111;1
38;77;7;55555;10
38;77;7;77888;1
38;77;5;95;36
38;77;5;96;64
38;77;5;180;108
38;77;5;222;38
38;77;5;400;132
38;77;5;445;73
38;77;5;800;1
38;77;3;13;135
38;77;3;45;66
38;77;3;95;7
38;77;3;96;18
38;81;1;13;146
38;81;1;14;2
38;81;1;22;10
38;81;1;70;1
38;81;1;96;7
38;81;6;11;1
38;81;6;12;2
38;81;6;13;3
38;81;6;15;1
38;81;6;40;1
38;81;6;95;4
38;81;6;96;3
38;81;6;1099;1
38;81;6;1233;1
38;81;6;1234;5
38;81;6;1301;1
38;81;6;1322;25
38;81;6;1323;13
38;81;6;1333;2
38;81;6;1555;1
38;81;6;1800;1
38;81;6;2222;2
38;81;6;2270;1
38;81;6;2555;11
38;81;6;4000;1
38;81;6;4020;3
38;81;6;4040;2
38;81;6;4444;73
38;81;6;5555;6
38;81;6;5588;2
38;81;7;10;2
38;81;7;11;1
38;81;7;13;3
38;81;7;18;2
38;81;7;25;1
38;81;7;40;5
38;81;7;45;1
38;81;7;95;5
38;81;7;96;5
38;81;7;10999;91
38;81;7;12345;1
38;81;7;13123;6
38;81;7;13222;10
38;81;7;13333;16
38;81;7;13444;1
38;81;7;13999;1
38;81;7;15555;1
38;81;7;40333;5
38;81;7;40555;1
38;81;7;44444;1
38;81;7;55100;1
38;81;7;55555;6
38;81;5;95;13
38;81;5;96;55
38;81;5;180;91
38;81;5;222;4
38;81;5;400;128
38;81;5;445;40
38;81;5;800;1
38;81;3;13;139
38;81;3;14;1
38;81;3;45;13
38;81;3;95;1
38;81;3;96;12
38;82;1;13;132
38;82;1;14;3
38;82;1;22;31
38;82;1;70;8
38;82;1;80;1
38;82;1;95;3
38;82;1;96;8
38;82;6;12;2
38;82;6;13;2
38;82;6;40;1
38;82;6;44;1
38;82;6;95;10
38;82;6;96;8
38;82;6;1111;1
38;82;6;1234;18
38;82;6;1301;1
38;82;6;1313;1
38;82;6;1322;17
38;82;6;1323;3
38;82;6;1333;1
38;82;6;1515;10
38;82;6;1555;3
38;82;6;2200;1
38;82;6;2220;1
38;82;6;2222;4
38;82;6;2233;1
38;82;6;2252;1
38;82;6;2278;5
38;82;6;2288;1
38;82;6;2333;1
38;82;6;2555;2
38;82;6;4000;2
38;82;6;4077;4
38;82;6;4444;67
38;82;6;4555;1
38;82;6;5511;1
38;82;6;5522;3
38;82;6;5555;6
38;82;6;5588;5
38;82;6;6565;1
38;82;7;10;1
38;82;7;11;1
38;82;7;13;4
38;82;7;18;1
38;82;7;22;1
38;82;7;33;1
38;82;7;40;9
38;82;7;44;1
38;82;7;45;1
38;82;7;95;14
38;82;7;96;9
38;82;7;10099;1
38;82;7;10100;2
38;82;7;10111;1
38;82;7;10999;61
38;82;7;11555;1
38;82;7;13013;2
38;82;7;13111;4
38;82;7;13132;1
38;82;7;13222;6
38;82;7;13333;6
38;82;7;13888;4
38;82;7;13999;3
38;82;7;15222;6
38;82;7;22022;1
38;82;7;22522;1
38;82;7;22789;6
38;82;7;33900;1
38;82;7;40114;12
38;82;7;40333;15
38;82;7;45678;1
38;82;7;50333;1
38;82;7;55100;1
38;82;7;55555;6
38;82;5;95;24
38;82;5;96;72
38;82;5;180;79
38;82;5;222;35
38;82;5;300;1
38;82;5;400;104
38;82;5;445;56
38;82;5;800;1
38;82;3;13;96
38;82;3;45;68
38;82;3;95;6
38;82;3;96;16
38;83;1;13;100
38;83;1;14;2
38;83;1;22;7
38;83;1;30;1
38;83;1;70;1
38;83;1;96;4
38;83;6;13;1
38;83;6;44;1
38;83;6;95;3
38;83;6;96;2
38;83;6;1022;1
38;83;6;1234;4
38;83;6;1322;22
38;83;6;1323;6
38;83;6;1331;3
38;83;6;1515;1
38;83;6;1522;1
38;83;6;4020;14
38;83;6;4040;1
38;83;6;4444;46
38;83;6;5533;1
38;83;6;5588;8
38;83;7;13;2
38;83;7;18;3
38;83;7;40;1
38;83;7;95;7
38;83;7;96;2
38;83;7;10999;66
38;83;7;13123;5
38;83;7;13222;15
38;83;7;13333;7
38;83;7;13888;2
38;83;7;15222;2
38;83;7;40333;3
38;83;5;95;13
38;83;5;96;20
38;83;5;180;75
38;83;5;222;3
38;83;5;400;97
38;83;5;445;22
38;83;3;13;101
38;83;3;45;8
38;83;3;95;3
38;83;3;96;3
38;84;1;13;134
38;84;1;14;3
38;84;1;22;10
38;84;1;55;1
38;84;1;70;2
38;84;1;95;2
38;84;1;96;3
38;84;6;12;1
38;84;6;25;1
38;84;6;40;2
38;84;6;77;1
38;84;6;95;3
38;84;6;1234;4
38;84;6;1322;26
38;84;6;1331;2
38;84;6;1333;1
38;84;6;1414;1
38;84;6;1515;2
38;84;6;2222;6
38;84;6;2278;1
38;84;6;2555;17
38;84;6;4001;1
38;84;6;4020;7
38;84;6;4077;3
38;84;6;4444;66
38;84;6;5050;5
38;84;6;5077;1
38;84;6;5533;1
38;84;6;5555;3
38;84;7;10;2
38;84;7;12;2
38;84;7;13;1
38;84;7;18;1
38;84;7;22;1
38;84;7;40;5
38;84;7;44;3
38;84;7;95;2
38;84;7;10999;81
38;84;7;13013;3
38;84;7;13111;2
38;84;7;13123;1
38;84;7;13133;1
38;84;7;13180;3
38;84;7;13222;14
38;84;7;13333;3
38;84;7;13456;1
38;84;7;13888;1
38;84;7;22022;1
38;84;7;22789;2
38;84;7;40000;1
38;84;7;40114;1
38;84;7;40333;7
38;84;7;44444;1
38;84;7;45111;3
38;84;7;45222;3
38;84;7;45800;1
38;84;7;50555;1
38;84;7;55555;4
38;84;7;55777;1
38;84;7;77888;2
38;84;5;95;17
38;84;5;96;29
38;84;5;180;104
38;84;5;222;12
38;84;5;400;118
38;84;5;445;30
38;84;3;13;121
38;84;3;45;25
38;84;3;95;6
38;84;3;96;3
38;85;1;13;172
38;85;1;22;3
38;85;1;70;1
38;85;1;95;2
38;85;1;96;7
38;85;6;11;2
38;85;6;12;4
38;85;6;13;2
38;85;6;14;1
38;85;6;40;1
38;85;6;65;1
38;85;6;95;1
38;85;6;96;2
38;85;6;1222;3
38;85;6;1233;2
38;85;6;1234;10
38;85;6;1322;80
38;85;6;1323;4
38;85;6;1333;20
38;85;6;1555;22
38;85;6;2278;4
38;85;6;2333;1
38;85;6;4444;23
38;85;6;4445;1
38;85;6;5555;1
38;85;7;11;1
38;85;7;12;1
38;85;7;13;6
38;85;7;18;2
38;85;7;40;4
38;85;7;44;1
38;85;7;45;2
38;85;7;55;1
38;85;7;95;2
38;85;7;96;7
38;85;7;10999;37
38;85;7;13111;22
38;85;7;13222;13
38;85;7;13333;62
38;85;7;15222;2
38;85;7;22789;4
38;85;7;40333;11
38;85;7;44456;3
38;85;7;55555;4
38;85;5;95;8
38;85;5;96;55
38;85;5;180;121
38;85;5;222;5
38;85;5;400;152
38;85;5;445;29
38;85;3;13;166
38;85;3;45;8
38;85;3;95;1
38;85;3;96;10
38;86;1;13;216
38;86;1;14;3
38;86;1;22;29
38;86;1;70;4
38;86;1;95;2
38;86;1;96;10
38;86;6;11;1
38;86;6;12;4
38;86;6;18;1
38;86;6;22;1
38;86;6;55;1
38;86;6;96;1
38;86;6;1010;3
38;86;6;1099;3
38;86;6;1222;1
38;86;6;1233;2
38;86;6;1234;22
38;86;6;1322;81
38;86;6;1323;1
38;86;6;1333;22
38;86;6;1515;8
38;86;6;1520;1
38;86;6;1555;6
38;86;6;1888;1
38;86;6;2200;1
38;86;6;2211;1
38;86;6;2222;4
38;86;6;2278;3
38;86;6;2288;1
38;86;6;2299;3
38;86;6;2555;2
38;86;6;4077;1
38;86;6;4343;1
38;86;6;4400;1
38;86;6;4444;72
38;86;6;4455;1
38;86;6;4490;1
38;86;6;5511;1
38;86;6;5533;4
38;86;6;5555;6
38;86;6;7777;1
38;86;7;11;2
38;86;7;13;4
38;86;7;16;1
38;86;7;18;2
38;86;7;22;1
38;86;7;23;1
38;86;7;40;13
38;86;7;44;1
38;86;7;55;1
38;86;7;95;2
38;86;7;96;4
38;86;7;10111;1
38;86;7;10123;2
38;86;7;10999;94
38;86;7;12333;1
38;86;7;12345;1
38;86;7;13111;8
38;86;7;13131;1
38;86;7;13222;7
38;86;7;13333;57
38;86;7;13777;1
38;86;7;15222;1
38;86;7;22022;1
38;86;7;22222;1
38;86;7;22789;6
38;86;7;25444;7
38;86;7;33900;4
38;86;7;40114;6
38;86;7;40333;21
38;86;7;44456;2
38;86;7;45190;1
38;86;7;45999;2
38;86;7;50180;1
38;86;7;55001;1
38;86;7;55555;4
38;86;7;77888;1
38;86;5;95;6
38;86;5;96;74
38;86;5;180;173
38;86;5;222;27
38;86;5;400;198
38;86;5;445;50
38;86;3;13;202
38;86;3;45;44
38;86;3;96;18
38;88;1;13;239
38;88;1;14;2
38;88;1;22;27
38;88;1;70;6
38;88;1;95;2
38;88;1;96;7
38;88;6;12;1
38;88;6;13;2
38;88;6;40;2
38;88;6;44;1
38;88;6;95;10
38;88;6;96;1
38;88;6;1099;2
38;88;6;1233;2
38;88;6;1234;12
38;88;6;1322;30
38;88;6;1323;12
38;88;6;1333;10
38;88;6;1400;1
38;88;6;1515;7
38;88;6;1555;22
38;88;6;1888;1
38;88;6;2200;1
38;88;6;2222;5
38;88;6;2277;1
38;88;6;2299;7
38;88;6;2323;1
38;88;6;2333;2
38;88;6;2555;7
38;88;6;4040;3
38;88;6;4404;1
38;88;6;4444;129
38;88;6;5550;1
38;88;6;5555;6
38;88;6;5588;3
38;88;7;10;2
38;88;7;11;3
38;88;7;13;2
38;88;7;18;3
38;88;7;40;4
38;88;7;44;3
38;88;7;55;1
38;88;7;95;7
38;88;7;96;4
38;88;7;10999;139
38;88;7;12333;1
38;88;7;13111;32
38;88;7;13222;4
38;88;7;13333;23
38;88;7;13456;15
38;88;7;15222;4
38;88;7;22022;1
38;88;7;22222;1
38;88;7;22777;2
38;88;7;22789;3
38;88;7;40040;1
38;88;7;40333;13
38;88;7;45222;1
38;88;7;45456;1
38;88;7;45678;1
38;88;7;50180;1
38;88;7;55100;1
38;88;7;55555;10
38;88;5;95;44
38;88;5;96;57
38;88;5;180;165
38;88;5;222;17
38;88;5;400;213
38;88;5;445;70
38;88;3;13;231
38;88;3;14;1
38;88;3;45;32
38;88;3;95;9
38;88;3;96;10
38;91;1;13;114
38;91;1;14;2
38;91;1;22;10
38;91;1;70;1
38;91;1;96;5
38;91;6;12;3
38;91;6;13;2
38;91;6;40;1
38;91;6;44;1
38;91;6;45;1
38;91;6;55;1
38;91;6;95;7
38;91;6;96;3
38;91;6;1000;1
38;91;6;1099;1
38;91;6;1111;2
38;91;6;1222;1
38;91;6;1234;5
38;91;6;1322;26
38;91;6;1323;2
38;91;6;1888;1
38;91;6;2222;3
38;91;6;2233;1
38;91;6;2278;1
38;91;6;2323;1
38;91;6;2333;7
38;91;6;2555;8
38;91;6;4000;1
38;91;6;4020;3
38;91;6;4040;2
38;91;6;4444;39
38;91;6;5511;1
38;91;6;5533;4
38;91;6;5555;1
38;91;6;5588;2
38;91;7;10;3
38;91;7;13;2
38;91;7;18;3
38;91;7;40;3
38;91;7;44;1
38;91;7;55;1
38;91;7;95;9
38;91;7;96;9
38;91;7;10100;4
38;91;7;10110;1
38;91;7;10999;59
38;91;7;11555;1
38;91;7;12222;1
38;91;7;13222;4
38;91;7;13333;21
38;91;7;15222;1
38;91;7;22022;2
38;91;7;22789;1
38;91;7;40333;5
38;91;7;44077;1
38;91;5;95;16
38;91;5;96;40
38;91;5;180;75
38;91;5;222;11
38;91;5;400;95
38;91;5;445;27
38;91;3;13;106
38;91;3;14;2
38;91;3;45;12
38;91;3;95;2
38;91;3;96;10
38;92;1;13;157
38;92;1;14;1
38;92;1;22;9
38;92;1;55;2
38;92;1;70;1
38;92;1;95;1
38;92;1;96;8
38;92;6;12;1
38;92;6;13;3
38;92;6;44;1
38;92;6;45;1
38;92;6;95;9
38;92;6;96;3
38;92;6;1099;1
38;92;6;1234;1
38;92;6;1313;1
38;92;6;1322;20
38;92;6;1323;9
38;92;6;1333;18
38;92;6;1800;1
38;92;6;2222;4
38;92;6;2278;2
38;92;6;2288;1
38;92;6;2299;3
38;92;6;2555;2
38;92;6;4020;1
38;92;6;4040;3
38;92;6;4077;1
38;92;6;4444;80
38;92;6;5533;3
38;92;6;5555;4
38;92;6;5588;5
38;92;6;7788;1
38;92;7;10;1
38;92;7;12;2
38;92;7;13;3
38;92;7;18;2
38;92;7;25;1
38;92;7;40;7
38;92;7;44;1
38;92;7;45;1
38;92;7;55;2
38;92;7;95;11
38;92;7;96;4
38;92;7;10999;90
38;92;7;12123;1
38;92;7;13111;1
38;92;7;13131;3
38;92;7;13132;1
38;92;7;13222;6
38;92;7;13333;16
38;92;7;13444;3
38;92;7;13888;1
38;92;7;22022;1
38;92;7;22789;3
38;92;7;25013;1
38;92;7;40000;1
38;92;7;40333;2
38;92;7;45190;1
38;92;7;55100;1
38;92;7;55555;11
38;92;7;77888;1
38;92;5;95;31
38;92;5;96;63
38;92;5;162;2
38;92;5;180;63
38;92;5;222;8
38;92;5;400;130
38;92;5;445;61
38;92;3;13;138
38;92;3;45;14
38;92;3;95;4
38;92;3;96;23
38;94;1;13;200
38;94;1;14;3
38;94;1;22;37
38;94;1;70;11
38;94;1;95;4
38;94;1;96;6
38;94;6;10;1
38;94;6;12;1
38;94;6;44;1
38;94;6;95;13
38;94;6;96;5
38;94;6;1099;1
38;94;6;1234;27
38;94;6;1301;5
38;94;6;1322;27
38;94;6;1323;6
38;94;6;1331;4
38;94;6;1333;8
38;94;6;1515;9
38;94;6;1533;1
38;94;6;1555;7
38;94;6;1800;2
38;94;6;2222;9
38;94;6;2233;1
38;94;6;2244;1
38;94;6;2278;2
38;94;6;2299;7
38;94;6;2323;3
38;94;6;2333;7
38;94;6;2555;6
38;94;6;4000;2
38;94;6;4020;2
38;94;6;4040;3
38;94;6;4044;1
38;94;6;4055;1
38;94;6;4077;2
38;94;6;4343;1
38;94;6;4422;1
38;94;6;4444;70
38;94;6;4501;1
38;94;6;4555;1
38;94;6;5050;1
38;94;6;5511;3
38;94;6;5533;4
38;94;6;5555;6
38;94;6;5588;5
38;94;6;6565;1
38;94;6;7788;1
38;94;6;8080;1
38;94;7;10;1
38;94;7;11;1
38;94;7;12;1
38;94;7;13;2
38;94;7;18;1
38;94;7;20;1
38;94;7;22;1
38;94;7;40;8
38;94;7;44;1
38;94;7;45;2
38;94;7;95;11
38;94;7;96;7
38;94;7;10100;1
38;94;7;10999;86
38;94;7;13111;16
38;94;7;13123;1
38;94;7;13130;1
38;94;7;13131;2
38;94;7;13132;2
38;94;7;13133;2
38;94;7;13222;9
38;94;7;13234;1
38;94;7;13333;18
38;94;7;13444;1
38;94;7;13456;1
38;94;7;13777;1
38;94;7;13888;3
38;94;7;13999;2
38;94;7;15222;8
38;94;7;22022;1
38;94;7;22190;2
38;94;7;22221;2
38;94;7;22222;1
38;94;7;22789;6
38;94;7;40111;1
38;94;7;40114;8
38;94;7;40333;25
38;94;7;40555;1
38;94;7;44090;1
38;94;7;45222;4
38;94;7;45678;1
38;94;7;50013;1
38;94;7;55111;1
38;94;7;55555;12
38;94;7;77888;2
38;94;5;95;32
38;94;5;96;56
38;94;5;180;149
38;94;5;222;38
38;94;5;400;177
38;94;5;445;69
38;94;5;800;1
38;94;3;13;178
38;94;3;45;61
38;94;3;95;7
38;94;3;96;15
38;96;1;13;173
38;96;1;14;5
38;96;1;22;58
38;96;1;55;3
38;96;1;70;6
38;96;1;80;1
38;96;1;95;5
38;96;1;96;5
38;96;6;11;1
38;96;6;12;1
38;96;6;13;1
38;96;6;40;3
38;96;6;44;1
38;96;6;55;1
38;96;6;95;7
38;96;6;96;9
38;96;6;1055;1
38;96;6;1099;2
38;96;6;1111;2
38;96;6;1234;26
38;96;6;1301;4
38;96;6;1322;43
38;96;6;1323;4
38;96;6;1331;2
38;96;6;1333;4
38;96;6;1515;7
38;96;6;1522;1
38;96;6;1555;5
38;96;6;2200;1
38;96;6;2211;1
38;96;6;2222;12
38;96;6;2244;1
38;96;6;2252;1
38;96;6;2255;1
38;96;6;2278;5
38;96;6;2288;1
38;96;6;2323;1
38;96;6;2333;9
38;96;6;2555;5
38;96;6;4000;2
38;96;6;4001;1
38;96;6;4020;1
38;96;6;4040;4
38;96;6;4044;1
38;96;6;4077;7
38;96;6;4444;55
38;96;6;4445;2
38;96;6;4490;1
38;96;6;5050;2
38;96;6;5511;6
38;96;6;5533;4
38;96;6;5555;3
38;96;6;5588;2
38;96;6;7788;2
38;96;7;10;2
38;96;7;11;1
38;96;7;12;3
38;96;7;13;2
38;96;7;18;2
38;96;7;22;1
38;96;7;40;10
38;96;7;44;1
38;96;7;45;1
38;96;7;95;6
38;96;7;96;9
38;96;7;10100;1
38;96;7;10478;1
38;96;7;10999;64
38;96;7;11555;1
38;96;7;13013;3
38;96;7;13111;15
38;96;7;13113;1
38;96;7;13132;1
38;96;7;13222;24
38;96;7;13333;9
38;96;7;13444;8
38;96;7;13456;3
38;96;7;13888;7
38;96;7;13999;2
38;96;7;15222;6
38;96;7;22022;3
38;96;7;22220;1
38;96;7;22221;2
38;96;7;22522;2
38;96;7;22789;13
38;96;7;22888;1
38;96;7;40114;4
38;96;7;40333;18
38;96;7;40600;1
38;96;7;40888;1
38;96;7;40999;2
38;96;7;44444;2
38;96;7;45111;1
38;96;7;45190;2
38;96;7;45222;2
38;96;7;45444;2
38;96;7;45633;1
38;96;7;45888;1
38;96;7;50180;1
38;96;7;50555;3
38;96;7;55111;1
38;96;7;55555;4
38;96;7;55777;1
38;96;7;65656;1
38;96;7;77888;2
38;96;5;95;38
38;96;5;96;72
38;96;5;180;122
38;96;5;222;62
38;96;5;400;133
38;96;5;445;82
38;96;5;800;3
38;96;3;13;129
38;96;3;14;2
38;96;3;45;103
38;96;3;95;4
38;96;3;96;18
38;106;1;13;133
38;106;1;14;3
38;106;1;22;30
38;106;1;70;3
38;106;1;95;4
38;106;1;96;13
38;106;6;12;1
38;106;6;13;2
38;106;6;40;1
38;106;6;44;1
38;106;6;95;10
38;106;6;96;5
38;106;6;1099;3
38;106;6;1111;2
38;106;6;1234;20
38;106;6;1322;19
38;106;6;1323;6
38;106;6;1333;2
38;106;6;1515;11
38;106;6;1555;3
38;106;6;2222;7
38;106;6;2234;1
38;106;6;2278;3
38;106;6;2288;1
38;106;6;2323;2
38;106;6;2333;3
38;106;6;2555;3
38;106;6;4020;1
38;106;6;4040;1
38;106;6;4044;1
38;106;6;4077;6
38;106;6;4343;1
38;106;6;4422;1
38;106;6;4444;60
38;106;6;4490;1
38;106;6;5050;1
38;106;6;5511;1
38;106;6;5522;2
38;106;6;5533;1
38;106;6;5555;1
38;106;6;5588;2
38;106;7;13;5
38;106;7;20;1
38;106;7;22;1
38;106;7;40;9
38;106;7;44;1
38;106;7;55;1
38;106;7;95;11
38;106;7;96;10
38;106;7;10100;1
38;106;7;10999;64
38;106;7;11111;1
38;106;7;11555;1
38;106;7;12345;1
38;106;7;13111;6
38;106;7;13123;1
38;106;7;13222;7
38;106;7;13333;8
38;106;7;13456;2
38;106;7;13888;3
38;106;7;15222;8
38;106;7;22221;1
38;106;7;22222;1
38;106;7;22789;3
38;106;7;22888;1
38;106;7;40114;11
38;106;7;40333;20
38;106;7;40456;1
38;106;7;44444;1
38;106;7;45222;2
38;106;7;50555;1
38;106;7;55555;2
38;106;5;95;35
38;106;5;96;66
38;106;5;180;83
38;106;5;222;26
38;106;5;400;109
38;106;5;445;53
38;106;3;13;115
38;106;3;45;48
38;106;3;95;8
38;106;3;96;15
38;107;1;13;207
38;107;1;14;3
38;107;1;22;32
38;107;1;55;1
38;107;1;70;4
38;107;1;95;3
38;107;1;96;9
38;107;6;11;1
38;107;6;12;1
38;107;6;25;1
38;107;6;40;5
38;107;6;95;14
38;107;6;96;4
38;107;6;1010;1
38;107;6;1111;2
38;107;6;1234;19
38;107;6;1301;5
38;107;6;1322;21
38;107;6;1323;6
38;107;6;1331;4
38;107;6;1333;6
38;107;6;1377;1
38;107;6;1515;9
38;107;6;1555;5
38;107;6;1800;2
38;107;6;2200;2
38;107;6;2222;9
38;107;6;2278;4
38;107;6;2299;4
38;107;6;2323;1
38;107;6;2333;6
38;107;6;2555;6
38;107;6;4000;4
38;107;6;4020;1
38;107;6;4040;3
38;107;6;4044;2
38;107;6;4077;5
38;107;6;4422;1
38;107;6;4444;87
38;107;6;4445;1
38;107;6;5000;1
38;107;6;5050;1
38;107;6;5511;1
38;107;6;5533;4
38;107;6;5555;6
38;107;6;5588;1
38;107;6;7700;1
38;107;6;8080;1
38;107;7;10;1
38;107;7;12;2
38;107;7;13;1
38;107;7;18;2
38;107;7;22;1
38;107;7;25;1
38;107;7;40;8
38;107;7;44;1
38;107;7;45;1
38;107;7;95;13
38;107;7;96;6
38;107;7;10100;1
38;107;7;10123;1
38;107;7;10999;107
38;107;7;11555;2
38;107;7;13111;11
38;107;7;13123;1
38;107;7;13131;4
38;107;7;13132;5
38;107;7;13133;2
38;107;7;13222;4
38;107;7;13234;1
38;107;7;13333;13
38;107;7;13444;3
38;107;7;13456;2
38;107;7;13888;7
38;107;7;13999;1
38;107;7;15222;4
38;107;7;22022;2
38;107;7;22222;1
38;107;7;22762;1
38;107;7;22789;6
38;107;7;33333;1
38;107;7;40114;8
38;107;7;40333;17
38;107;7;40444;1
38;107;7;40700;1
38;107;7;45222;4
38;107;7;50050;1
38;107;7;55555;9
38;107;7;77888;1
38;107;5;95;46
38;107;5;96;62
38;107;5;180;139
38;107;5;222;31
38;107;5;400;173
38;107;5;445;67
38;107;3;13;174
38;107;3;14;1
38;107;3;45;68
38;107;3;95;2
38;107;3;96;14
38;108;1;13;193
38;108;1;14;3
38;108;1;22;48
38;108;1;70;9
38;108;1;95;5
38;108;1;96;5
38;108;6;12;1
38;108;6;13;1
38;108;6;15;2
38;108;6;22;1
38;108;6;27;1
38;108;6;40;4
38;108;6;95;11
38;108;6;96;9
38;108;6;1099;1
38;108;6;1111;1
38;108;6;1222;1
38;108;6;1234;38
38;108;6;1301;1
38;108;6;1322;30
38;108;6;1323;8
38;108;6;1333;7
38;108;6;1370;1
38;108;6;1377;1
38;108;6;1515;9
38;108;6;1555;3
38;108;6;2200;2
38;108;6;2222;19
38;108;6;2252;1
38;108;6;2278;6
38;108;6;2288;1
38;108;6;2299;2
38;108;6;2323;2
38;108;6;2333;6
38;108;6;2555;4
38;108;6;4010;1
38;108;6;4020;1
38;108;6;4040;4
38;108;6;4044;3
38;108;6;4077;6
38;108;6;4444;47
38;108;6;4445;2
38;108;6;4490;2
38;108;6;5050;1
38;108;6;5511;3
38;108;6;5533;3
38;108;6;5555;11
38;108;6;5588;4
38;108;6;7788;1
38;108;7;10;1
38;108;7;12;1
38;108;7;13;6
38;108;7;18;1
38;108;7;22;1
38;108;7;33;1
38;108;7;40;5
38;108;7;44;2
38;108;7;45;1
38;108;7;95;13
38;108;7;96;8
38;108;7;10100;3
38;108;7;10123;1
38;108;7;10234;1
38;108;7;10999;67
38;108;7;11111;1
38;108;7;13111;12
38;108;7;13123;1
38;108;7;13131;1
38;108;7;13132;1
38;108;7;13222;9
38;108;7;13234;2
38;108;7;13333;21
38;108;7;13888;4
38;108;7;13999;2
38;108;7;15222;4
38;108;7;22022;6
38;108;7;22130;1
38;108;7;22221;1
38;108;7;22222;2
38;108;7;22789;11
38;108;7;40111;1
38;108;7;40114;11
38;108;7;40333;34
38;108;7;44774;1
38;108;7;45190;1
38;108;7;45222;2
38;108;7;50180;1
38;108;7;50555;1
38;108;7;55100;3
38;108;7;55555;11
38;108;7;77888;6
38;108;5;95;39
38;108;5;96;66
38;108;5;180;134
38;108;5;222;47
38;108;5;400;164
38;108;5;445;76
38;108;3;13;159
38;108;3;45;85
38;108;3;95;6
38;108;3;96;13
38;110;1;13;203
38;110;1;14;3
38;110;1;22;43
38;110;1;55;1
38;110;1;70;6
38;110;1;96;10
38;110;6;11;1
38;110;6;12;3
38;110;6;13;3
38;110;6;40;2
38;110;6;45;1
38;110;6;95;5
38;110;6;96;1
38;110;6;1010;1
38;110;6;1099;2
38;110;6;1111;3
38;110;6;1234;34
38;110;6;1301;2
38;110;6;1313;1
38;110;6;1322;44
38;110;6;1323;3
38;110;6;1331;1
38;110;6;1333;6
38;110;6;1512;1
38;110;6;1515;9
38;110;6;1555;5
38;110;6;2200;2
38;110;6;2222;10
38;110;6;2278;5
38;110;6;2299;2
38;110;6;2323;1
38;110;6;2333;11
38;110;6;2555;8
38;110;6;2580;1
38;110;6;4000;3
38;110;6;4020;2
38;110;6;4040;6
38;110;6;4044;5
38;110;6;4077;6
38;110;6;4444;47
38;110;6;4445;5
38;110;6;4490;2
38;110;6;4555;1
38;110;6;5050;2
38;110;6;5511;6
38;110;6;5522;1
38;110;6;5555;8
38;110;6;5588;2
38;110;6;7788;2
38;110;7;10;1
38;110;7;12;1
38;110;7;13;5
38;110;7;18;1
38;110;7;22;1
38;110;7;40;7
38;110;7;44;1
38;110;7;45;1
38;110;7;95;6
38;110;7;96;6
38;110;7;10100;5
38;110;7;10999;73
38;110;7;11111;1
38;110;7;11555;2
38;110;7;13111;13
38;110;7;13131;1
38;110;7;13132;1
38;110;7;13133;1
38;110;7;13180;1
38;110;7;13222;11
38;110;7;13234;1
38;110;7;13333;22
38;110;7;13444;3
38;110;7;13456;2
38;110;7;13777;1
38;110;7;13888;3
38;110;7;13999;1
38;110;7;15222;3
38;110;7;22022;2
38;110;7;22180;1
38;110;7;22221;3
38;110;7;22222;1
38;110;7;22789;12
38;110;7;25444;1
38;110;7;40111;1
38;110;7;40114;7
38;110;7;40333;35
38;110;7;44774;1
38;110;7;45190;4
38;110;7;50180;1
38;110;7;50555;1
38;110;7;55111;2
38;110;7;55555;13
38;110;7;77000;1
38;110;7;77888;5
38;110;5;95;16
38;110;5;96;74
38;110;5;180;155
38;110;5;222;42
38;110;5;400;183
38;110;5;445;60
38;110;5;800;2
38;110;3;13;178
38;110;3;45;69
38;110;3;95;1
38;110;3;96;18
38;113;1;13;162
38;113;1;14;2
38;113;1;22;9
38;113;1;96;5
38;113;6;13;2
38;113;6;22;1
38;113;6;44;1
38;113;6;95;6
38;113;6;96;3
38;113;6;1099;1
38;113;6;1111;1
38;113;6;1233;1
38;113;6;1234;6
38;113;6;1322;48
38;113;6;1333;3
38;113;6;1515;2
38;113;6;2222;4
38;113;6;2299;1
38;113;6;2322;1
38;113;6;2333;2
38;113;6;2555;17
38;113;6;4020;11
38;113;6;4444;50
38;113;6;5511;1
38;113;6;5555;12
38;113;6;5588;4
38;113;7;13;2
38;113;7;40;12
38;113;7;44;1
38;113;7;45;1
38;113;7;95;6
38;113;7;96;1
38;113;7;10100;1
38;113;7;10999;76
38;113;7;12222;2
38;113;7;13111;3
38;113;7;13123;7
38;113;7;13222;24
38;113;7;13333;8
38;113;7;13888;2
38;113;7;22022;4
38;113;7;40114;2
38;113;7;40333;6
38;113;7;43123;1
38;113;7;45222;1
38;113;7;50013;1
38;113;7;55555;17
38;113;5;95;12
38;113;5;96;65
38;113;5;180;118
38;113;5;222;7
38;113;5;400;131
38;113;5;445;23
38;113;3;13;152
38;113;3;45;16
38;113;3;95;2
38;113;3;96;8
38;114;1;13;136
38;114;1;22;7
38;114;1;95;1
38;114;1;96;1
38;114;6;10;1
38;114;6;11;1
38;114;6;40;1
38;114;6;95;5
38;114;6;1111;1
38;114;6;1222;1
38;114;6;1234;17
38;114;6;1322;38
38;114;6;1323;1
38;114;6;1333;5
38;114;6;2222;1
38;114;6;2278;1
38;114;6;2333;12
38;114;6;4020;1
38;114;6;4040;4
38;114;6;4077;1
38;114;6;4343;1
38;114;6;4444;50
38;114;6;4499;1
38;114;6;5588;2
38;114;7;10;1
38;114;7;12;1
38;114;7;13;2
38;114;7;15;1
38;114;7;18;1
38;114;7;40;7
38;114;7;95;5
38;114;7;96;3
38;114;7;10100;2
38;114;7;10999;55
38;114;7;11111;1
38;114;7;11555;1
38;114;7;12222;1
38;114;7;13111;2
38;114;7;13222;5
38;114;7;13333;32
38;114;7;13456;7
38;114;7;13999;1
38;114;7;15222;2
38;114;7;22222;1
38;114;7;22789;2
38;114;7;40333;12
38;114;5;95;7
38;114;5;96;41
38;114;5;180;92
38;114;5;222;10
38;114;5;400;114
38;114;5;445;26
38;114;3;13;121
38;114;3;45;11
38;114;3;95;2
38;114;3;96;11
38;116;1;13;136
38;116;1;14;4
38;116;1;22;16
38;116;1;95;2
38;116;1;96;5
38;116;6;13;1
38;116;6;95;7
38;116;6;1010;3
38;116;6;1099;2
38;116;6;1234;10
38;116;6;1313;1
38;116;6;1322;29
38;116;6;1323;4
38;116;6;1333;8
38;116;6;1515;4
38;116;6;1555;4
38;116;6;2222;5
38;116;6;2277;1
38;116;6;2278;2
38;116;6;2288;2
38;116;6;2299;1
38;116;6;2333;3
38;116;6;2555;1
38;116;6;4040;2
38;116;6;4044;4
38;116;6;4444;56
38;116;6;4490;1
38;116;6;5511;2
38;116;6;5555;1
38;116;6;5578;1
38;116;6;5588;8
38;116;7;13;2
38;116;7;40;4
38;116;7;55;1
38;116;7;95;8
38;116;7;10123;3
38;116;7;10999;74
38;116;7;11555;1
38;116;7;13111;5
38;116;7;13131;2
38;116;7;13222;6
38;116;7;13333;19
38;116;7;13444;1
38;116;7;13888;2
38;116;7;15222;2
38;116;7;22022;1
38;116;7;22222;3
38;116;7;22777;1
38;116;7;22789;5
38;116;7;22888;2
38;116;7;40111;4
38;116;7;40333;10
38;116;7;55555;7
38;116;5;95;24
38;116;5;96;40
38;116;5;180;73
38;116;5;222;19
38;116;5;400;107
38;116;5;445;63
38;116;3;13;125
38;116;3;14;1
38;116;3;45;25
38;116;3;95;4
38;116;3;96;8
38;124;1;13;174
38;124;1;14;1
38;124;1;22;27
38;124;1;55;1
38;124;1;70;3
38;124;1;95;2
38;124;1;96;11
38;124;6;11;1
38;124;6;12;4
38;124;6;13;2
38;124;6;15;2
38;124;6;22;3
38;124;6;25;1
38;124;6;43;1
38;124;6;44;1
38;124;6;77;1
38;124;6;95;6
38;124;6;96;4
38;124;6;1010;3
38;124;6;1099;2
38;124;6;1111;2
38;124;6;1222;1
38;124;6;1234;16
38;124;6;1301;1
38;124;6;1313;1
38;124;6;1322;23
38;124;6;1323;2
38;124;6;1333;6
38;124;6;1414;1
38;124;6;1515;7
38;124;6;1555;14
38;124;6;2200;1
38;124;6;2222;3
38;124;6;2278;8
38;124;6;2288;1
38;124;6;2299;1
38;124;6;2323;1
38;124;6;2333;6
38;124;6;2555;6
38;124;6;4020;3
38;124;6;4040;3
38;124;6;4077;3
38;124;6;4444;62
38;124;6;4445;3
38;124;6;4455;1
38;124;6;5511;2
38;124;6;5522;1
38;124;6;5533;1
38;124;6;5555;6
38;124;6;5588;2
38;124;7;13;1
38;124;7;18;1
38;124;7;22;2
38;124;7;40;6
38;124;7;45;1
38;124;7;55;2
38;124;7;77;1
38;124;7;95;7
38;124;7;96;6
38;124;7;10000;1
38;124;7;10123;3
38;124;7;10999;76
38;124;7;11555;3
38;124;7;13111;24
38;124;7;13113;1
38;124;7;13132;1
38;124;7;13133;1
38;124;7;13222;7
38;124;7;13333;11
38;124;7;13444;3
38;124;7;13888;2
38;124;7;15222;2
38;124;7;22022;1
38;124;7;22221;1
38;124;7;22222;1
38;124;7;22789;18
38;124;7;25444;1
38;124;7;33333;1
38;124;7;40114;6
38;124;7;40333;13
38;124;7;40444;1
38;124;7;44444;2
38;124;7;44774;1
38;124;7;45190;2
38;124;7;45622;1
38;124;7;50013;1
38;124;7;50100;1
38;124;7;55100;1
38;124;7;55555;5
38;124;5;95;12
38;124;5;96;57
38;124;5;180;110
38;124;5;222;42
38;124;5;400;144
38;124;5;445;73
38;124;3;13;154
38;124;3;14;1
38;124;3;30;1
38;124;3;45;46
38;124;3;95;3
38;124;3;96;14
38;125;1;13;176
38;125;1;22;39
38;125;1;55;1
38;125;1;70;3
38;125;1;95;3
38;125;1;96;9
38;125;6;11;1
38;125;6;12;2
38;125;6;13;1
38;125;6;55;1
38;125;6;95;13
38;125;6;96;5
38;125;6;1010;1
38;125;6;1020;1
38;125;6;1099;2
38;125;6;1111;3
38;125;6;1234;27
38;125;6;1301;2
38;125;6;1311;1
38;125;6;1313;2
38;125;6;1322;35
38;125;6;1323;1
38;125;6;1331;1
38;125;6;1333;3
38;125;6;1515;12
38;125;6;1555;8
38;125;6;1888;2
38;125;6;2200;3
38;125;6;2222;4
38;125;6;2278;3
38;125;6;2299;1
38;125;6;2333;6
38;125;6;2555;5
38;125;6;4020;3
38;125;6;4040;2
38;125;6;4077;5
38;125;6;4343;1
38;125;6;4400;1
38;125;6;4422;2
38;125;6;4444;52
38;125;6;4445;3
38;125;6;4490;1
38;125;6;5511;4
38;125;6;5522;2
38;125;6;5533;1
38;125;6;5555;3
38;125;6;5588;3
38;125;6;6565;1
38;125;6;7788;1
38;125;7;10;2
38;125;7;12;2
38;125;7;13;3
38;125;7;18;2
38;125;7;22;4
38;125;7;40;3
38;125;7;44;1
38;125;7;45;1
38;125;7;95;12
38;125;7;96;6
38;125;7;10100;1
38;125;7;10123;1
38;125;7;10333;1
38;125;7;10999;66
38;125;7;11555;3
38;125;7;13111;18
38;125;7;13123;2
38;125;7;13132;2
38;125;7;13133;2
38;125;7;13222;12
38;125;7;13234;1
38;125;7;13333;11
38;125;7;13777;2
38;125;7;13888;1
38;125;7;13999;2
38;125;7;15222;3
38;125;7;22022;2
38;125;7;22222;3
38;125;7;22789;6
38;125;7;22888;1
38;125;7;40111;1
38;125;7;40114;7
38;125;7;40333;26
38;125;7;44222;1
38;125;7;44444;2
38;125;7;44774;4
38;125;7;45190;1
38;125;7;45222;2
38;125;7;45633;1
38;125;7;50180;1
38;125;7;50555;1
38;125;7;55555;6
38;125;7;77888;2
38;125;5;95;32
38;125;5;96;53
38;125;5;180;124
38;125;5;222;38
38;125;5;400;149
38;125;5;445;65
38;125;5;800;1
38;125;3;13;140
38;125;3;45;68
38;125;3;95;5
38;125;3;96;18
38;126;1;13;146
38;126;1;14;4
38;126;1;22;27
38;126;1;70;5
38;126;1;95;3
38;126;1;96;10
38;126;6;12;2
38;126;6;13;1
38;126;6;14;1
38;126;6;15;1
38;126;6;18;1
38;126;6;22;1
38;126;6;40;1
38;126;6;44;2
38;126;6;95;12
38;126;6;96;3
38;126;6;1010;1
38;126;6;1099;1
38;126;6;1111;1
38;126;6;1234;20
38;126;6;1301;2
38;126;6;1322;17
38;126;6;1323;7
38;126;6;1331;2
38;126;6;1333;1
38;126;6;1414;1
38;126;6;1515;16
38;126;6;1555;1
38;126;6;2211;1
38;126;6;2220;1
38;126;6;2222;4
38;126;6;2278;3
38;126;6;2288;1
38;126;6;2299;1
38;126;6;2333;5
38;126;6;2555;1
38;126;6;4000;1
38;126;6;4011;1
38;126;6;4020;1
38;126;6;4040;1
38;126;6;4077;4
38;126;6;4444;60
38;126;6;4445;1
38;126;6;4555;1
38;126;6;5050;1
38;126;6;5555;5
38;126;6;5588;6
38;126;6;6565;1
38;126;7;13;2
38;126;7;16;1
38;126;7;18;1
38;126;7;23;1
38;126;7;40;4
38;126;7;44;5
38;126;7;45;1
38;126;7;55;1
38;126;7;95;12
38;126;7;96;9
38;126;7;10999;66
38;126;7;11555;1
38;126;7;13013;1
38;126;7;13111;5
38;126;7;13131;1
38;126;7;13132;1
38;126;7;13222;8
38;126;7;13333;7
38;126;7;13888;7
38;126;7;13999;1
38;126;7;15222;7
38;126;7;22322;1
38;126;7;22789;4
38;126;7;33900;2
38;126;7;40114;19
38;126;7;40333;19
38;126;7;44555;1
38;126;7;44774;1
38;126;7;45222;1
38;126;7;50555;1
38;126;7;55555;3
38;126;7;65656;1
38;126;5;95;33
38;126;5;96;56
38;126;5;180;92
38;126;5;222;28
38;126;5;400;123
38;126;5;445;58
38;126;3;13;123
38;126;3;14;1
38;126;3;16;1
38;126;3;45;55
38;126;3;95;5
38;126;3;96;10
38;127;1;13;200
38;127;1;14;3
38;127;1;22;47
38;127;1;55;1
38;127;1;70;5
38;127;1;95;4
38;127;1;96;3
38;127;6;11;2
38;127;6;12;3
38;127;6;13;4
38;127;6;40;1
38;127;6;44;1
38;127;6;95;9
38;127;6;96;2
38;127;6;1099;2
38;127;6;1111;2
38;127;6;1234;31
38;127;6;1322;35
38;127;6;1323;3
38;127;6;1333;8
38;127;6;1414;2
38;127;6;1515;17
38;127;6;1520;1
38;127;6;1555;5
38;127;6;1800;1
38;127;6;2220;1
38;127;6;2222;16
38;127;6;2278;2
38;127;6;2288;4
38;127;6;2299;1
38;127;6;2323;2
38;127;6;2333;12
38;127;6;2518;1
38;127;6;2555;1
38;127;6;2580;1
38;127;6;4000;1
38;127;6;4004;1
38;127;6;4020;3
38;127;6;4040;6
38;127;6;4044;4
38;127;6;4077;5
38;127;6;4343;1
38;127;6;4422;1
38;127;6;4444;51
38;127;6;4445;1
38;127;6;4455;1
38;127;6;4490;1
38;127;6;5050;1
38;127;6;5511;2
38;127;6;5555;10
38;127;6;7788;4
38;127;7;12;3
38;127;7;13;7
38;127;7;18;3
38;127;7;22;1
38;127;7;23;1
38;127;7;40;11
38;127;7;45;1
38;127;7;55;1
38;127;7;95;8
38;127;7;96;6
38;127;7;10100;3
38;127;7;10999;75
38;127;7;11555;1
38;127;7;13111;8
38;127;7;13131;1
38;127;7;13222;7
38;127;7;13333;19
38;127;7;13444;2
38;127;7;13888;2
38;127;7;13999;1
38;127;7;15222;7
38;127;7;22022;1
38;127;7;22130;2
38;127;7;22190;1
38;127;7;22220;1
38;127;7;22221;1
38;127;7;22222;3
38;127;7;22762;2
38;127;7;22789;9
38;127;7;22888;2
38;127;7;40114;13
38;127;7;40333;29
38;127;7;44774;3
38;127;7;45190;1
38;127;7;45999;1
38;127;7;50180;2
38;127;7;50555;1
38;127;7;55011;1
38;127;7;55555;13
38;127;7;77888;9
38;127;5;95;29
38;127;5;96;73
38;127;5;180;137
38;127;5;222;46
38;127;5;400;165
38;127;5;445;74
38;127;5;800;2
38;127;3;13;161
38;127;3;45;82
38;127;3;95;7
38;127;3;96;13
38;144;1;13;73
38;144;1;22;13
38;144;1;55;1
38;144;1;95;7
38;144;1;96;5
38;144;6;12;6
38;144;6;13;1
38;144;6;20;1
38;144;6;44;1
38;144;6;95;6
38;144;6;96;1
38;144;6;1099;1
38;144;6;1111;2
38;144;6;1234;41
38;144;6;1333;22
38;144;6;1555;6
38;144;6;2222;1
38;144;6;4444;8
38;144;6;5522;1
38;144;6;5533;1
38;144;7;11;1
38;144;7;13;1
38;144;7;40;8
38;144;7;44;1
38;144;7;45;1
38;144;7;95;8
38;144;7;96;2
38;144;7;10100;1
38;144;7;10999;28
38;144;7;13111;5
38;144;7;13888;1
38;144;7;22220;1
38;144;7;40333;35
38;144;7;44444;1
38;144;7;45645;1
38;144;7;55555;4
38;144;5;95;22
38;144;5;96;26
38;144;5;180;56
38;144;5;222;10
38;144;5;400;62
38;144;5;445;22
38;144;3;13;67
38;144;3;45;17
38;144;3;95;8
38;144;3;96;7
38;146;1;13;42
38;146;1;22;3
38;146;1;55;1
38;146;1;95;1
38;146;1;96;3
38;146;6;11;1
38;146;6;95;2
38;146;6;96;1
38;146;6;1099;1
38;146;6;1234;10
38;146;6;1322;6
38;146;6;1333;8
38;146;6;1555;7
38;146;6;2222;3
38;146;6;2555;6
38;146;6;4020;1
38;146;6;4444;4
38;146;7;18;1
38;146;7;40;3
38;146;7;45;1
38;146;7;95;2
38;146;7;10999;23
38;146;7;13111;7
38;146;7;13222;4
38;146;7;15222;1
38;146;7;40333;7
38;146;7;45888;1
38;146;5;95;3
38;146;5;96;15
38;146;5;180;30
38;146;5;222;4
38;146;5;400;33
38;146;5;445;15
38;146;3;13;39
38;146;3;45;8
38;146;3;95;1
38;146;3;96;2
38;147;1;13;95
38;147;1;14;2
38;147;1;22;9
38;147;1;55;1
38;147;1;70;1
38;147;1;95;1
38;147;1;96;5
38;147;6;11;2
38;147;6;12;1
38;147;6;13;3
38;147;6;22;1
38;147;6;40;2
38;147;6;55;1
38;147;6;95;3
38;147;6;96;4
38;147;6;1010;1
38;147;6;1055;1
38;147;6;1111;1
38;147;6;1234;2
38;147;6;1322;33
38;147;6;1323;1
38;147;6;1333;2
38;147;6;2222;3
38;147;6;2299;1
38;147;6;2333;4
38;147;6;2555;6
38;147;6;4020;1
38;147;6;4040;3
38;147;6;4077;1
38;147;6;4444;36
38;147;6;5533;1
38;147;7;10;1
38;147;7;11;2
38;147;7;12;1
38;147;7;13;7
38;147;7;18;3
38;147;7;40;4
38;147;7;44;2
38;147;7;95;5
38;147;7;96;5
38;147;7;10123;1
38;147;7;10333;1
38;147;7;10999;41
38;147;7;13111;1
38;147;7;13222;15
38;147;7;13223;1
38;147;7;13333;12
38;147;7;15222;6
38;147;7;22762;1
38;147;7;22789;1
38;147;7;44444;1
38;147;7;45222;2
38;147;7;50180;1
38;147;5;95;7
38;147;5;96;54
38;147;5;180;65
38;147;5;222;10
38;147;5;400;63
38;147;5;445;29
38;147;3;13;79
38;147;3;45;12
38;147;3;95;3
38;147;3;96;20
38;148;1;13;83
38;148;1;22;15
38;148;1;70;1
38;148;1;95;3
38;148;1;96;6
38;148;6;11;1
38;148;6;12;3
38;148;6;13;2
38;148;6;22;1
38;148;6;25;1
38;148;6;95;12
38;148;6;96;4
38;148;6;1099;1
38;148;6;1111;3
38;148;6;1222;1
38;148;6;1234;3
38;148;6;1313;1
38;148;6;1322;17
38;148;6;1515;4
38;148;6;1555;4
38;148;6;2222;2
38;148;6;2323;1
38;148;6;4040;5
38;148;6;4077;3
38;148;6;4444;30
38;148;6;4455;2
38;148;6;4555;1
38;148;6;5077;1
38;148;6;5533;4
38;148;6;5555;1
38;148;7;10;1
38;148;7;22;1
38;148;7;40;6
38;148;7;95;11
38;148;7;96;4
38;148;7;10999;38
38;148;7;12222;2
38;148;7;13111;4
38;148;7;13222;10
38;148;7;13234;2
38;148;7;13333;14
38;148;7;22522;1
38;148;7;22789;1
38;148;7;40114;6
38;148;7;40333;2
38;148;7;40600;1
38;148;7;44444;1
38;148;7;50013;1
38;148;7;55555;2
38;148;5;95;28
38;148;5;96;32
38;148;5;180;63
38;148;5;222;8
38;148;5;400;65
38;148;5;445;20
38;148;3;13;68
38;148;3;45;27
38;148;3;95;2
38;148;3;96;11
38;149;1;13;164
38;149;1;22;11
38;149;6;40;1
38;149;6;95;9
38;149;6;96;1
38;149;6;1099;1
38;149;6;1234;10
38;149;6;1322;23
38;149;6;1323;1
38;149;6;1331;1
38;149;6;1333;6
38;149;6;1515;5
38;149;6;2222;2
38;149;6;2255;1
38;149;6;2278;1
38;149;6;2333;4
38;149;6;2555;33
38;149;6;4020;10
38;149;6;4444;50
38;149;6;5050;1
38;149;6;5555;15
38;149;7;10;1
38;149;7;12;1
38;149;7;13;4
38;149;7;22;1
38;149;7;40;8
38;149;7;95;8
38;149;7;96;1
38;149;7;10100;3
38;149;7;10999;78
38;149;7;13111;4
38;149;7;13123;1
38;149;7;13222;13
38;149;7;13333;11
38;149;7;13888;1
38;149;7;22222;1
38;149;7;22789;2
38;149;7;40114;3
38;149;7;40333;8
38;149;7;45222;8
38;149;7;55555;18
38;149;5;95;16
38;149;5;96;26
38;149;5;180;120
38;149;5;222;7
38;149;5;400;144
38;149;5;445;37
38;149;3;13;161
38;149;3;45;14
38;150;1;13;185
38;150;1;14;5
38;150;1;22;36
38;150;1;55;1
38;150;1;70;5
38;150;1;96;5
38;150;6;12;3
38;150;6;13;1
38;150;6;40;2
38;150;6;45;1
38;150;6;95;13
38;150;6;96;4
38;150;6;1099;1
38;150;6;1111;3
38;150;6;1234;31
38;150;6;1322;35
38;150;6;1323;1
38;150;6;1333;5
38;150;6;1377;1
38;150;6;1515;18
38;150;6;1555;11
38;150;6;2200;2
38;150;6;2211;1
38;150;6;2222;6
38;150;6;2278;7
38;150;6;2323;1
38;150;6;2333;5
38;150;6;2555;7
38;150;6;4000;1
38;150;6;4020;2
38;150;6;4040;4
38;150;6;4077;4
38;150;6;4422;1
38;150;6;4444;53
38;150;6;4445;2
38;150;6;5511;2
38;150;6;5533;1
38;150;6;5555;6
38;150;6;5588;2
38;150;7;12;2
38;150;7;13;1
38;150;7;22;1
38;150;7;40;4
38;150;7;43;1
38;150;7;44;3
38;150;7;95;13
38;150;7;96;6
38;150;7;10333;1
38;150;7;10478;1
38;150;7;10999;70
38;150;7;11555;2
38;150;7;13111;15
38;150;7;13132;3
38;150;7;13222;11
38;150;7;13333;20
38;150;7;13777;2
38;150;7;15222;3
38;150;7;22022;2
38;150;7;22221;2
38;150;7;22222;3
38;150;7;22789;11
38;150;7;40114;17
38;150;7;40200;1
38;150;7;40222;1
38;150;7;40333;30
38;150;7;44444;1
38;150;7;44774;2
38;150;7;45222;2
38;150;7;45633;1
38;150;7;55555;5
38;150;5;95;40
38;150;5;96;55
38;150;5;180;131
38;150;5;222;40
38;150;5;400;143
38;150;5;445;64
38;150;5;800;1
38;150;3;13;145
38;150;3;45;72
38;150;3;95;6
38;150;3;96;14
38;153;1;13;137
38;153;1;14;6
38;153;1;22;18
38;153;1;70;2
38;153;1;95;2
38;153;1;96;2
38;153;6;40;1
38;153;6;95;8
38;153;6;96;4
38;153;6;1111;1
38;153;6;1234;5
38;153;6;1301;1
38;153;6;1312;1
38;153;6;1322;32
38;153;6;1323;6
38;153;6;1333;5
38;153;6;2222;12
38;153;6;2323;1
38;153;6;2555;15
38;153;6;2580;1
38;153;6;4020;4
38;153;6;4077;1
38;153;6;4422;1
38;153;6;4444;59
38;153;6;4455;1
38;153;6;5555;8
38;153;7;11;1
38;153;7;13;1
38;153;7;18;1
38;153;7;40;4
38;153;7;55;1
38;153;7;95;6
38;153;7;96;2
38;153;7;10444;1
38;153;7;10999;105
38;153;7;11111;1
38;153;7;13123;5
38;153;7;13222;13
38;153;7;13333;6
38;153;7;13777;1
38;153;7;15222;1
38;153;7;22220;1
38;153;7;40333;5
38;153;7;45222;1
38;153;7;45456;1
38;153;7;50180;1
38;153;7;55555;9
38;153;5;95;18
38;153;5;96;29
38;153;5;180;106
38;153;5;222;19
38;153;5;400;122
38;153;5;445;40
38;153;3;13;133
38;153;3;45;24
38;153;3;95;4
38;153;3;96;6
38;154;1;13;161
38;154;1;14;2
38;154;1;22;44
38;154;1;30;1
38;154;1;55;1
38;154;1;70;2
38;154;1;95;3
38;154;1;96;8
38;154;6;11;1
38;154;6;12;4
38;154;6;13;2
38;154;6;18;1
38;154;6;95;9
38;154;6;96;4
38;154;6;1010;2
38;154;6;1111;6
38;154;6;1200;1
38;154;6;1222;1
38;154;6;1234;29
38;154;6;1301;1
38;154;6;1311;1
38;154;6;1313;1
38;154;6;1322;19
38;154;6;1323;1
38;154;6;1333;11
38;154;6;1515;7
38;154;6;1520;1
38;154;6;1555;11
38;154;6;2222;8
38;154;6;2255;1
38;154;6;2278;9
38;154;6;2288;1
38;154;6;2299;5
38;154;6;2333;10
38;154;6;2555;8
38;154;6;4020;2
38;154;6;4040;3
38;154;6;4077;2
38;154;6;4444;49
38;154;6;4445;1
38;154;6;4456;1
38;154;6;4490;1
38;154;6;5511;2
38;154;6;5555;3
38;154;6;5588;2
38;154;6;7788;1
38;154;7;11;2
38;154;7;12;2
38;154;7;13;2
38;154;7;18;1
38;154;7;22;2
38;154;7;40;10
38;154;7;44;2
38;154;7;77;1
38;154;7;95;11
38;154;7;96;1
38;154;7;10100;3
38;154;7;10123;1
38;154;7;10222;1
38;154;7;10999;65
38;154;7;11555;6
38;154;7;13111;23
38;154;7;13133;1
38;154;7;13222;3
38;154;7;13333;7
38;154;7;13777;1
38;154;7;13888;1
38;154;7;13999;1
38;154;7;15222;1
38;154;7;15555;1
38;154;7;22221;1
38;154;7;22222;3
38;154;7;22762;2
38;154;7;22789;19
38;154;7;22888;1
38;154;7;33333;1
38;154;7;40114;4
38;154;7;40333;30
38;154;7;44022;1
38;154;7;44774;1
38;154;7;45222;1
38;154;7;50100;1
38;154;7;55555;8
38;154;5;95;29
38;154;5;96;52
38;154;5;180;105
38;154;5;222;47
38;154;5;290;1
38;154;5;400;139
38;154;5;445;70
38;154;5;800;1
38;154;3;13;134
38;154;3;14;1
38;154;3;16;1
38;154;3;45;65
38;154;3;95;10
38;154;3;96;11
38;158;1;13;190
38;158;1;14;2
38;158;1;22;34
38;158;1;70;1
38;158;1;95;2
38;158;1;96;9
38;158;6;11;1
38;158;6;12;2
38;158;6;13;2
38;158;6;27;1
38;158;6;40;1
38;158;6;95;15
38;158;6;96;3
38;158;6;1010;1
38;158;6;1099;3
38;158;6;1111;1
38;158;6;1234;28
38;158;6;1301;1
38;158;6;1313;1
38;158;6;1322;33
38;158;6;1323;3
38;158;6;1333;6
38;158;6;1399;1
38;158;6;1515;8
38;158;6;1520;2
38;158;6;1555;11
38;158;6;1888;3
38;158;6;2222;11
38;158;6;2233;1
38;158;6;2278;3
38;158;6;2299;1
38;158;6;2333;3
38;158;6;2555;5
38;158;6;4000;1
38;158;6;4020;1
38;158;6;4040;1
38;158;6;4044;4
38;158;6;4077;3
38;158;6;4343;2
38;158;6;4444;68
38;158;6;4490;1
38;158;6;5511;2
38;158;6;5555;4
38;158;7;10;4
38;158;7;12;1
38;158;7;13;3
38;158;7;18;3
38;158;7;22;2
38;158;7;40;16
38;158;7;44;3
38;158;7;95;14
38;158;7;96;4
38;158;7;10000;1
38;158;7;10100;1
38;158;7;10999;69
38;158;7;11555;1
38;158;7;12222;1
38;158;7;13111;18
38;158;7;13131;1
38;158;7;13132;6
38;158;7;13222;19
38;158;7;13333;11
38;158;7;13444;1
38;158;7;13777;1
38;158;7;13888;4
38;158;7;15222;2
38;158;7;22190;1
38;158;7;22221;1
38;158;7;22222;2
38;158;7;22322;1
38;158;7;22789;4
38;158;7;22888;1
38;158;7;40114;6
38;158;7;40333;27
38;158;7;44774;1
38;158;7;45190;1
38;158;7;50180;2
38;158;7;55555;4
38;158;7;77888;1
38;158;5;95;45
38;158;5;96;72
38;158;5;180;130
38;158;5;222;24
38;158;5;400;151
38;158;5;445;54
38;158;3;13;170
38;158;3;30;1
38;158;3;45;50
38;158;3;80;1
38;158;3;95;7
38;158;3;96;9
38;160;1;13;177
38;160;1;14;2
38;160;1;22;31
38;160;1;70;2
38;160;1;95;2
38;160;1;96;10
38;160;6;11;1
38;160;6;12;4
38;160;6;13;1
38;160;6;95;10
38;160;6;96;5
38;160;6;1010;5
38;160;6;1099;3
38;160;6;1111;10
38;160;6;1122;1
38;160;6;1234;22
38;160;6;1290;1
38;160;6;1322;25
38;160;6;1333;8
38;160;6;1515;11
38;160;6;1555;5
38;160;6;1800;1
38;160;6;2200;1
38;160;6;2211;1
38;160;6;2222;10
38;160;6;2278;8
38;160;6;2288;1
38;160;6;2299;3
38;160;6;2333;5
38;160;6;2555;5
38;160;6;4000;1
38;160;6;4020;10
38;160;6;4040;2
38;160;6;4044;1
38;160;6;4077;4
38;160;6;4444;46
38;160;6;4445;4
38;160;6;4490;2
38;160;6;5511;3
38;160;6;5555;2
38;160;6;6565;1
38;160;6;7777;1
38;160;7;10;1
38;160;7;12;3
38;160;7;13;1
38;160;7;22;1
38;160;7;40;8
38;160;7;44;1
38;160;7;45;1
38;160;7;77;1
38;160;7;95;10
38;160;7;96;7
38;160;7;10123;6
38;160;7;10999;65
38;160;7;11555;8
38;160;7;13111;16
38;160;7;13131;2
38;160;7;13132;1
38;160;7;13222;7
38;160;7;13234;1
38;160;7;13333;12
38;160;7;13444;4
38;160;7;15222;2
38;160;7;15333;1
38;160;7;22022;1
38;160;7;22190;1
38;160;7;22221;1
38;160;7;22222;1
38;160;7;22777;2
38;160;7;22789;20
38;160;7;40111;1
38;160;7;40114;5
38;160;7;40333;19
38;160;7;44444;1
38;160;7;44456;1
38;160;7;44774;1
38;160;7;45190;4
38;160;7;45999;1
38;160;7;55555;6
38;160;5;95;32
38;160;5;96;61
38;160;5;180;124
38;160;5;222;35
38;160;5;400;139
38;160;5;445;57
38;160;3;13;137
38;160;3;45;60
38;160;3;95;6
38;160;3;96;21
38;161;1;13;167
38;161;1;14;4
38;161;1;22;33
38;161;1;70;5
38;161;1;95;6
38;161;1;96;6
38;161;6;11;1
38;161;6;33;1
38;161;6;40;2
38;161;6;95;9
38;161;6;96;3
38;161;6;1099;1
38;161;6;1111;1
38;161;6;1234;32
38;161;6;1301;2
38;161;6;1313;1
38;161;6;1322;24
38;161;6;1323;1
38;161;6;1333;13
38;161;6;1400;1
38;161;6;1515;12
38;161;6;1555;5
38;161;6;2200;1
38;161;6;2222;12
38;161;6;2278;4
38;161;6;2299;2
38;161;6;2333;11
38;161;6;2555;3
38;161;6;4020;3
38;161;6;4040;2
38;161;6;4044;1
38;161;6;4077;3
38;161;6;4422;1
38;161;6;4444;48
38;161;6;4445;2
38;161;6;4490;1
38;161;6;5018;1
38;161;6;5050;2
38;161;6;5511;4
38;161;6;5555;8
38;161;6;5588;1
38;161;6;7755;1
38;161;6;7788;1
38;161;7;10;3
38;161;7;12;1
38;161;7;13;2
38;161;7;18;1
38;161;7;22;2
38;161;7;40;2
38;161;7;95;11
38;161;7;96;4
38;161;7;10100;3
38;161;7;10999;59
38;161;7;13111;14
38;161;7;13123;1
38;161;7;13130;1
38;161;7;13131;3
38;161;7;13222;12
38;161;7;13333;14
38;161;7;13444;2
38;161;7;13777;1
38;161;7;13999;2
38;161;7;22190;1
38;161;7;22222;1
38;161;7;22762;1
38;161;7;22789;10
38;161;7;40111;1
38;161;7;40114;10
38;161;7;40333;33
38;161;7;43640;1
38;161;7;44456;3
38;161;7;44774;2
38;161;7;45190;2
38;161;7;50013;1
38;161;7;50555;1
38;161;7;55100;1
38;161;7;55555;14
38;161;7;77888;1
38;161;5;95;32
38;161;5;96;52
38;161;5;180;110
38;161;5;222;49
38;161;5;400;127
38;161;5;445;70
38;161;5;800;2
38;161;3;13;134
38;161;3;14;1
38;161;3;45;72
38;161;3;95;5
38;161;3;96;9
38;162;1;13;142
38;162;1;14;2
38;162;1;22;20
38;162;1;70;2
38;162;1;95;1
38;162;1;96;2
38;162;6;22;1
38;162;6;40;1
38;162;6;95;7
38;162;6;96;4
38;162;6;1234;5
38;162;6;1322;17
38;162;6;1323;1
38;162;6;1331;1
38;162;6;1333;3
38;162;6;1400;1
38;162;6;1515;6
38;162;6;2222;6
38;162;6;2333;8
38;162;6;2555;35
38;162;6;4020;4
38;162;6;4077;1
38;162;6;4422;1
38;162;6;4444;44
38;162;6;5050;1
38;162;6;5555;21
38;162;6;8080;1
38;162;7;11;1
38;162;7;22;1
38;162;7;25;1
38;162;7;40;4
38;162;7;95;8
38;162;7;96;3
38;162;7;10100;5
38;162;7;10999;68
38;162;7;13111;8
38;162;7;13123;2
38;162;7;13222;10
38;162;7;13333;6
38;162;7;13999;1
38;162;7;15222;1
38;162;7;22220;1
38;162;7;22221;3
38;162;7;22222;2
38;162;7;22762;1
38;162;7;22789;1
38;162;7;25555;1
38;162;7;40114;6
38;162;7;40333;5
38;162;7;45222;4
38;162;7;50013;1
38;162;7;55555;25
38;162;5;95;26
38;162;5;96;27
38;162;5;180;110
38;162;5;222;12
38;162;5;400;132
38;162;5;445;30
38;162;5;800;1
38;162;3;13;137
38;162;3;45;20
38;162;3;80;1
38;162;3;95;4
38;162;3;96;7
38;166;1;13;185
38;166;1;14;4
38;166;1;22;34
38;166;1;55;2
38;166;1;70;5
38;166;1;95;2
38;166;1;96;7
38;166;6;13;2
38;166;6;40;1
38;166;6;95;8
38;166;6;96;10
38;166;6;1099;3
38;166;6;1111;2
38;166;6;1222;1
38;166;6;1234;13
38;166;6;1301;7
38;166;6;1322;19
38;166;6;1323;5
38;166;6;1331;6
38;166;6;1333;6
38;166;6;1515;10
38;166;6;1555;8
38;166;6;2200;1
38;166;6;2222;13
38;166;6;2278;3
38;166;6;2299;3
38;166;6;2323;3
38;166;6;2333;5
38;166;6;2555;5
38;166;6;4000;1
38;166;6;4020;3
38;166;6;4040;4
38;166;6;4044;1
38;166;6;4077;7
38;166;6;4343;2
38;166;6;4412;1
38;166;6;4444;66
38;166;6;4445;2
38;166;6;5511;3
38;166;6;5533;5
38;166;6;5555;4
38;166;6;5588;5
38;166;6;6565;1
38;166;7;13;6
38;166;7;18;1
38;166;7;22;1
38;166;7;40;3
38;166;7;44;4
38;166;7;55;1
38;166;7;77;1
38;166;7;95;12
38;166;7;96;7
38;166;7;10100;2
38;166;7;10999;85
38;166;7;11555;2
38;166;7;13111;14
38;166;7;13132;1
38;166;7;13222;2
38;166;7;13234;1
38;166;7;13333;13
38;166;7;13444;1
38;166;7;13777;3
38;166;7;13888;4
38;166;7;13999;2
38;166;7;15222;8
38;166;7;22022;2
38;166;7;22221;1
38;166;7;22222;2
38;166;7;22522;1
38;166;7;22789;7
38;166;7;33900;1
38;166;7;40114;16
38;166;7;40333;17
38;166;7;40600;1
38;166;7;43143;1
38;166;7;44774;1
38;166;7;45190;1
38;166;7;45222;4
38;166;7;50013;1
38;166;7;50555;1
38;166;7;55555;8
38;166;5;95;32
38;166;5;96;57
38;166;5;180;124
38;166;5;222;33
38;166;5;400;159
38;166;5;445;72
38;166;5;800;1
38;166;3;13;145
38;166;3;14;1
38;166;3;29;1
38;166;3;45;74
38;166;3;95;5
38;166;3;96;13
38;167;1;13;164
38;167;1;14;4
38;167;1;22;52
38;167;1;55;2
38;167;1;70;5
38;167;1;95;1
38;167;1;96;7
38;167;6;12;4
38;167;6;13;2
38;167;6;15;1
38;167;6;18;1
38;167;6;22;1
38;167;6;40;1
38;167;6;44;1
38;167;6;45;1
38;167;6;95;10
38;167;6;96;6
38;167;6;1010;2
38;167;6;1099;1
38;167;6;1111;5
38;167;6;1222;1
38;167;6;1234;28
38;167;6;1301;2
38;167;6;1322;17
38;167;6;1323;1
38;167;6;1333;5
38;167;6;1515;11
38;167;6;1555;4
38;167;6;1888;1
38;167;6;2200;1
38;167;6;2211;1
38;167;6;2222;8
38;167;6;2278;6
38;167;6;2288;3
38;167;6;2299;4
38;167;6;2333;7
38;167;6;2555;9
38;167;6;4000;1
38;167;6;4011;1
38;167;6;4020;3
38;167;6;4040;3
38;167;6;4044;2
38;167;6;4077;4
38;167;6;4343;1
38;167;6;4444;63
38;167;6;4445;1
38;167;6;4490;4
38;167;6;5050;1
38;167;6;5511;1
38;167;6;5533;1
38;167;6;5555;4
38;167;7;13;3
38;167;7;15;1
38;167;7;20;1
38;167;7;22;1
38;167;7;40;3
38;167;7;44;1
38;167;7;95;9
38;167;7;96;9
38;167;7;10100;2
38;167;7;10123;3
38;167;7;10999;78
38;167;7;11555;4
38;167;7;13111;11
38;167;7;13123;2
38;167;7;13131;1
38;167;7;13132;3
38;167;7;13222;10
38;167;7;13234;1
38;167;7;13333;9
38;167;7;13444;2
38;167;7;13888;2
38;167;7;15222;3
38;167;7;22190;3
38;167;7;22221;2
38;167;7;22222;6
38;167;7;22789;10
38;167;7;22888;2
38;167;7;40114;11
38;167;7;40200;2
38;167;7;40333;30
38;167;7;44444;1
38;167;7;44774;1
38;167;7;45190;2
38;167;7;45222;2
38;167;7;50180;1
38;167;7;55555;3
38;167;5;95;33
38;167;5;96;54
38;167;5;162;1
38;167;5;180;115
38;167;5;222;52
38;167;5;400;134
38;167;5;445;79
38;167;5;800;2
38;167;3;13;132
38;167;3;45;78
38;167;3;95;7
38;167;3;96;18
38;171;1;13;151
38;171;1;14;4
38;171;1;16;1
38;171;1;22;69
38;171;1;55;1
38;171;1;70;7
38;171;1;95;2
38;171;1;96;7
38;171;6;11;1
38;171;6;12;2
38;171;6;13;1
38;171;6;20;1
38;171;6;40;1
38;171;6;80;1
38;171;6;95;10
38;171;6;96;11
38;171;6;1010;3
38;171;6;1020;1
38;171;6;1055;1
38;171;6;1099;1
38;171;6;1111;1
38;171;6;1233;1
38;171;6;1234;24
38;171;6;1301;1
38;171;6;1322;16
38;171;6;1323;4
38;171;6;1331;1
38;171;6;1333;12
38;171;6;1388;1
38;171;6;1399;1
38;171;6;1515;12
38;171;6;1555;5
38;171;6;2200;2
38;171;6;2222;16
38;171;6;2233;1
38;171;6;2277;1
38;171;6;2278;8
38;171;6;2288;2
38;171;6;2299;7
38;171;6;2323;1
38;171;6;2333;4
38;171;6;2555;1
38;171;6;4000;1
38;171;6;4020;1
38;171;6;4040;8
38;171;6;4044;4
38;171;6;4077;2
38;171;6;4422;2
38;171;6;4433;1
38;171;6;4444;48
38;171;6;4455;1
38;171;6;4477;1
38;171;6;4490;2
38;171;6;4522;1
38;171;6;5050;1
38;171;6;5511;2
38;171;6;5555;4
38;171;6;5588;7
38;171;7;10;2
38;171;7;13;1
38;171;7;15;1
38;171;7;23;1
38;171;7;40;4
38;171;7;44;1
38;171;7;80;1
38;171;7;95;11
38;171;7;96;9
38;171;7;10100;1
38;171;7;10123;3
38;171;7;10999;71
38;171;7;11555;1
38;171;7;13111;14
38;171;7;13123;3
38;171;7;13131;1
38;171;7;13222;7
38;171;7;13234;1
38;171;7;13333;3
38;171;7;13444;3
38;171;7;13456;1
38;171;7;13777;2
38;171;7;13888;5
38;171;7;13999;1
38;171;7;15222;2
38;171;7;22000;1
38;171;7;22022;4
38;171;7;22190;1
38;171;7;22221;1
38;171;7;22222;1
38;171;7;22762;1
38;171;7;22777;1
38;171;7;22789;20
38;171;7;22888;1
38;171;7;33333;1
38;171;7;40100;1
38;171;7;40114;10
38;171;7;40222;1
38;171;7;40333;30
38;171;7;40999;1
38;171;7;44444;1
38;171;7;44774;1
38;171;7;45123;1
38;171;7;45222;3
38;171;7;50013;1
38;171;7;55100;3
38;171;7;55555;7
38;171;5;95;38
38;171;5;96;53
38;171;5;162;1
38;171;5;180;117
38;171;5;222;63
38;171;5;290;1
38;171;5;400;125
38;171;5;445;85
38;171;5;800;1
38;171;3;13;122
38;171;3;45;101
38;171;3;80;1
38;171;3;95;5
38;171;3;96;13
38;175;1;13;151
38;175;1;14;7
38;175;1;22;42
38;175;1;55;1
38;175;1;70;4
38;175;1;95;2
38;175;1;96;4
38;175;6;13;2
38;175;6;15;1
38;175;6;95;8
38;175;6;96;4
38;175;6;1010;2
38;175;6;1099;1
38;175;6;1111;6
38;175;6;1234;17
38;175;6;1313;1
38;175;6;1322;19
38;175;6;1333;6
38;175;6;1414;1
38;175;6;1515;8
38;175;6;1555;14
38;175;6;2200;1
38;175;6;2222;13
38;175;6;2278;9
38;175;6;2288;1
38;175;6;2333;7
38;175;6;2555;7
38;175;6;4000;2
38;175;6;4020;4
38;175;6;4040;1
38;175;6;4044;5
38;175;6;4077;3
38;175;6;4422;1
38;175;6;4444;50
38;175;6;4445;1
38;175;6;4490;1
38;175;6;5511;1
38;175;6;5533;2
38;175;6;5555;9
38;175;6;5588;2
38;175;6;7788;1
38;175;7;13;1
38;175;7;18;1
38;175;7;23;1
38;175;7;40;3
38;175;7;44;1
38;175;7;55;1
38;175;7;95;9
38;175;7;96;3
38;175;7;10100;2
38;175;7;10123;2
38;175;7;10999;68
38;175;7;11111;1
38;175;7;11555;3
38;175;7;13111;24
38;175;7;13131;1
38;175;7;13132;1
38;175;7;13222;7
38;175;7;13333;3
38;175;7;13444;1
38;175;7;13888;1
38;175;7;15222;4
38;175;7;22221;2
38;175;7;22222;2
38;175;7;22444;2
38;175;7;22789;18
38;175;7;25444;3
38;175;7;30000;1
38;175;7;40111;3
38;175;7;40114;10
38;175;7;40333;16
38;175;7;44456;1
38;175;7;45190;2
38;175;7;50555;1
38;175;7;55555;12
38;175;5;95;33
38;175;5;96;32
38;175;5;180;105
38;175;5;222;44
38;175;5;400;137
38;175;5;445;70
38;175;5;800;1
38;175;3;13;114
38;175;3;14;2
38;175;3;45;72
38;175;3;95;11
38;175;3;96;12
