zona;secao;cargo;numero;votos
66;180;6;1299;1
66;82;3;95;9
66;68;6;96;7
66;234;7;12000;42
66;93;7;13789;2
66;274;7;70400;3
66;78;7;55234;1
66;10;7;12222;6
66;322;7;10190;1
66;123;6;2299;13
66;49;7;10000;3
66;80;6;4447;1
66;230;6;2299;1
66;299;6;1010;7
66;107;5;96;20
66;291;6;2255;53
66;11;6;1512;1
66;11;6;5599;1
66;170;7;30000;1
66;124;6;5116;1
66;202;6;4477;3
66;294;7;13333;1
66;88;6;1313;9
66;90;3;95;16
66;61;6;4410;1
66;215;6;5001;1
66;38;6;2233;1
66;47;6;4530;1
66;181;6;1010;14
66;181;6;4456;3
66;223;6;4456;2
66;166;6;1010;9
66;225;6;1000;1
66;10;6;1010;5
66;22;7;50500;1
66;186;6;1277;1
66;17;3;95;14
66;248;7;44999;1
66;248;7;13222;1
66;82;6;4050;1
66;227;6;96;9
66;170;6;7040;1
66;309;3;96;3
66;322;6;4455;1
66;202;7;22333;1
66;297;7;40777;1
66;309;7;22555;61
66;195;7;22555;34
66;48;6;1333;6
66;152;7;12123;1
66;22;6;2299;7
66;130;6;4410;4
66;130;7;13220;1
66;35;3;13;124
66;23;5;95;7
66;55;6;5567;2
66;55;7;45999;1
66;63;6;2201;2
66;230;6;1313;3
66;296;7;22222;8
66;296;7;44190;1
66;13;7;96;5
66;133;3;13;137
66;162;6;4555;2
66;318;6;7040;1
66;23;5;555;4
66;180;7;10400;2
66;14;7;22555;52
66;294;6;1213;4
66;266;6;1016;1
66;266;7;10190;1
66;91;7;23456;1
66;161;7;12888;2
66;161;7;13333;3
66;42;7;44321;2
66;171;7;45300;1
66;297;7;13456;6
66;297;7;15888;1
66;48;6;5050;1
66;297;7;11000;1
66;182;6;5500;1
66;82;7;33123;1
66;42;7;95;17
66;173;6;1277;3
66;110;6;95;11
66;94;7;23;1
66;94;7;33;1
66;94;6;11;2
66;94;6;12;2
66;94;6;13;4
66;94;6;33;2
66;17;6;2256;1
66;264;6;4400;1
66;77;6;5013;1
66;98;6;6565;2
66;16;6;5511;9
66;90;7;22222;4
66;111;7;44333;2
66;105;6;1221;5
66;157;6;2201;3
66;55;6;4477;2
66;268;5;131;157
66;220;6;1214;77
66;16;6;5555;5
66;303;6;5055;1
66;127;5;700;76
66;36;7;15556;2
66;77;7;50444;1
66;63;7;44123;2
66;58;7;22555;99
66;52;6;4455;1
66;149;6;4447;1
66;207;6;1213;2
66;94;6;1333;4
66;105;6;2299;4
66;298;7;13138;1
66;184;6;5599;1
66;16;6;4445;1
66;89;7;22022;10
66;54;5;555;4
66;334;6;5050;1
66;290;7;11113;1
66;290;7;22022;5
66;272;6;2277;11
66;80;7;44027;1
66;301;7;12500;1
66;171;5;700;63
66;184;7;44027;1
66;233;7;12300;1
66;292;6;2277;1
66;42;7;11111;1
66;105;6;2201;2
66;249;7;11444;1
66;237;6;1333;1
66;128;6;4447;1
66;313;6;1023;1
66;133;7;70123;1
66;133;5;700;91
66;224;6;2200;8
66;158;7;10124;3
66;167;7;22022;2
66;66;7;22022;2
66;125;6;5005;1
66;129;6;1447;1
66;274;7;45300;1
66;308;6;1292;2
66;239;6;1292;2
66;243;7;65013;1
66;298;7;13234;1
66;56;7;22000;2
66;83;6;5599;1
66;27;6;1313;2
66;106;3;13;114
66;313;7;13133;1
66;65;7;22120;1
66;164;7;13111;1
66;231;7;50444;1
66;291;7;13234;2
66;111;6;4567;6
66;304;3;12;16
66;228;7;55678;17
66;17;6;5050;1
66;111;6;5050;2
66;161;7;70007;1
66;99;6;4410;3
66;52;6;96;10
66;51;7;22555;69
66;181;7;10190;4
66;234;7;12300;1
66;22;6;1322;4
66;233;7;12000;52
66;90;7;65234;1
66;152;6;5522;1
66;152;6;95;16
66;287;6;4555;2
66;79;7;50500;1
66;58;7;11111;6
66;238;6;4080;1
66;98;7;12500;1
66;218;6;2299;1
66;254;3;12;22
66;158;6;2244;1
66;18;7;96;7
66;309;7;12000;1
66;195;7;12000;1
66;13;7;95;15
66;286;6;1111;7
66;271;6;4440;1
66;181;3;96;8
66;223;3;96;6
66;248;3;12;47
66;318;6;1321;2
66;329;3;13;23
66;237;6;5555;1
66;303;6;95;21
66;163;7;65234;2
66;217;7;11000;1
66;13;6;4422;2
66;14;6;2233;1
66;94;7;13133;1
66;130;7;70222;1
66;28;6;5050;1
66;15;6;1020;2
66;84;6;1251;2
66;127;6;1214;63
66;98;7;70123;1
66;98;5;700;71
66;68;7;23123;2
66;291;7;12456;1
66;54;6;2200;1
66;148;6;1233;1
66;34;6;4444;5
66;111;6;7020;2
66;56;6;1233;1
66;77;6;5533;3
66;153;6;1292;1
66;125;6;1313;4
66;244;6;1313;5
66;164;7;55555;1
66;64;7;55678;13
66;227;3;12;21
66;125;6;2299;17
66;120;3;21;1
66;230;7;65234;1
66;321;7;44447;2
66;274;6;95;17
66;163;7;22022;1
66;215;3;12;11
66;185;6;1255;1
66;92;7;23123;1
66;238;6;2222;7
66;133;6;6565;1
66;251;7;96;8
66;162;6;1533;2
66;34;6;1222;2
66;34;6;1234;1
66;233;6;2288;2
66;167;7;70400;1
66;288;6;2277;5
66;27;6;1111;38
66;27;7;95;7
66;209;7;44776;9
66;120;6;4447;2
66;16;6;4410;4
66;65;6;1233;2
66;164;6;2222;16
66;224;6;2201;1
66;36;7;23190;1
66;247;7;12500;3
66;172;7;13789;2
66;139;7;23192;3
66;248;7;22555;44
66;170;7;33133;1
66;238;7;96;12
66;164;7;22556;1
66;275;6;1333;1
66;19;6;4400;1
66;278;5;131;108
66;94;5;700;89
66;318;7;33193;1
66;125;7;12789;1
66;128;7;50013;1
66;161;5;131;172
66;209;3;12;25
66;17;6;1300;1
66;82;7;15123;3
66;318;6;1292;1
66;14;7;22022;6
66;310;7;13234;1
66;208;7;12000;9
66;13;7;50500;6
66;239;7;55234;2
66;272;7;12144;1
66;249;3;21;1
66;276;7;12222;5
66;305;6;7080;1
66;278;6;1213;5
66;322;3;95;1
66;225;3;44;89
66;94;6;65;2
66;94;6;90;1
66;94;7;44;1
66;94;7;45;1
66;94;7;55;2
66;94;7;65;1
66;94;7;70;2
66;218;7;12000;57
66;329;7;12456;1
66;227;7;10190;3
66;90;6;1515;1
66;186;3;16;1
66;58;6;1010;8
66;109;6;1111;6
66;109;7;95;13
66;169;5;95;20
66;108;6;96;15
66;64;6;2200;2
66;62;6;96;16
66;224;6;1214;11
66;264;7;22022;12
66;22;7;23123;20
66;315;7;33567;1
66;294;7;50444;2
66;128;7;23123;1
66;128;7;55011;1
66;218;6;2255;125
66;130;7;13333;4
66;295;6;4445;1
66;248;7;45300;6
66;160;7;22380;1
66;76;6;1292;4
66;61;6;12;9
66;61;6;13;2
66;61;6;22;1
66;61;6;45;1
66;61;7;12;11
66;202;6;2255;80
66;80;7;22123;1
66;152;3;44;117
66;49;5;95;10
66;228;7;45000;2
66;128;6;1292;3
66;293;6;1221;1
66;53;7;13258;2
66;53;7;12123;1
66;68;6;4422;1
66;231;7;22222;3
66;313;7;33888;3
66;42;6;6565;11
66;64;7;44333;1
66;90;6;2277;1
66;223;7;12100;2
66;139;6;1213;7
66;303;6;1111;17
66;303;6;1313;6
66;139;6;5013;1
66;315;6;5522;6
66;315;6;95;17
66;164;6;2244;1
66;295;7;12333;3
66;124;7;55678;21
66;286;6;2210;2
66;278;7;44123;4
66;65;6;4444;1
66;127;7;12000;52
66;22;6;1212;1
66;123;6;1299;1
66;97;5;160;1
66;231;7;14;2
66;231;7;13;10
66;231;7;22;3
66;231;7;45;2
66;231;7;70;1
66;298;7;55011;6
66;140;7;23123;1
66;133;7;65234;4
66;248;7;50777;2
66;60;7;22777;16
66;69;6;1533;3
66;217;6;1012;1
66;180;6;6565;4
66;153;7;55011;1
66;117;7;12111;1
66;15;6;11;1
66;15;6;12;5
66;15;6;13;1
66;15;6;36;1
66;15;6;55;1
66;15;7;11;1
66;15;7;12;10
66;15;7;13;10
66;15;7;15;1
66;203;7;70400;2
66;268;6;1321;3
66;286;6;4400;1
66;204;6;1010;9
66;204;6;4456;1
66;209;7;40888;1
66;244;7;10022;1
66;185;5;555;2
66;225;7;55333;2
66;99;7;22222;5
66;99;7;44190;1
66;300;7;80180;1
66;53;6;5500;1
66;53;7;10102;1
66;170;7;44123;4
66;62;7;13131;1
66;18;6;1155;1
66;109;7;70000;1
66;278;7;33133;1
66;36;7;13234;1
66;312;7;13131;2
66;92;7;13132;1
66;286;3;95;13
66;228;7;12222;5
66;228;7;70345;2
66;60;6;1311;1
66;41;6;4567;1
66;243;6;1277;1
66;309;7;22777;1
66;160;6;1285;1
66;47;7;55678;5
66;63;6;2288;2
66;286;7;10400;1
66;207;5;96;39
66;28;5;95;13
66;83;5;95;20
66;244;6;4422;1
66;82;6;7011;1
66;82;7;90909;6
66;234;6;2323;1
66;317;7;22556;2
66;310;7;22777;5
66;298;7;13133;3
66;277;7;10000;12
66;57;7;55555;1
66;322;7;22022;4
66;172;7;12123;1
66;314;7;13123;2
66;270;7;15123;8
66;314;3;80;1
66;170;6;2288;4
66;296;7;50444;1
66;166;6;5533;2
66;243;3;12;25
66;54;6;4441;1
66;38;6;96;7
66;317;7;15757;1
66;317;7;22555;35
66;13;6;1322;1
66;28;7;44999;2
66;106;3;96;10
66;277;6;1299;1
66;288;6;4456;2
66;10;5;555;2
66;295;7;10000;3
66;1;6;4422;1
66;42;7;22222;3
66;173;7;96;9
66;224;6;6565;5
66;68;7;65013;1
66;68;7;44567;1
66;19;7;55011;2
66;243;6;4422;5
66;209;7;65700;1
66;292;7;13;6
66;292;7;55;1
66;130;6;5533;11
66;172;3;96;12
66;254;7;22777;7
66;79;7;70222;4
66;237;6;2222;9
66;230;6;1516;1
66;230;7;13789;2
66;224;6;95;29
66;224;7;45000;1
66;12;7;55011;1
66;164;7;11113;1
66;164;7;22022;7
66;48;6;2233;1
66;16;7;15123;4
66;313;7;50013;3
66;301;6;1112;1
66;60;7;12144;3
66;35;3;96;18
66;172;7;33000;1
66;92;7;33000;1
66;10;7;10190;1
66;166;7;10190;1
66;111;7;13130;1
66;264;7;10000;4
66;329;7;11444;1
66;37;7;22777;3
66;37;6;1010;11
66;244;6;5050;2
66;290;6;2299;7
66;28;7;55678;38
66;61;6;4477;2
66;157;6;5013;1
66;149;6;2323;1
66;291;7;44777;3
66;299;5;131;85
66;128;7;22511;5
66;128;7;96;6
66;195;6;5511;1
66;184;6;4010;1
66;22;7;22123;1
66;334;6;1111;2
66;334;7;95;29
66;160;7;11222;1
66;92;7;33888;1
66;161;7;33123;1
66;148;7;15123;8
66;224;6;1314;1
66;217;7;55011;1
66;65;7;23456;1
66;301;7;11113;2
66;301;7;22022;7
66;202;7;44567;1
66;52;6;1213;4
66;313;6;2200;8
66;156;6;3500;1
66;293;7;33888;2
66;37;6;2222;5
66;271;6;4477;1
66;104;6;1214;94
66;111;6;4554;1
66;203;6;4447;1
66;89;6;4343;1
66;58;7;55678;12
66;301;7;10124;3
66;301;7;45777;1
66;28;6;6565;4
66;303;7;44567;1
66;140;3;44;126
66;1;7;33099;2
66;208;7;50777;1
66;132;7;12333;1
66;244;6;2040;1
66;251;6;1010;31
66;291;7;22222;4
66;132;6;3323;1
66;82;7;10100;1
66;81;7;10190;2
66;133;7;12000;72
66;59;3;13;150
66;170;6;5511;6
66;208;7;10123;5
66;315;6;2255;40
66;95;7;55888;1
66;248;6;4410;8
66;314;7;50444;1
66;34;7;13555;1
66;322;6;45;1
66;322;6;50;1
66;322;7;11;1
66;322;7;12;2
66;322;7;13;3
66;322;7;44;1
66;322;7;50;1
66;91;6;4567;1
66;334;3;13;11
66;167;7;12444;1
66;167;7;13013;2
66;291;6;5567;2
66;69;3;12;14
66;251;7;55333;2
66;318;6;2200;1
66;195;7;12;1
66;195;7;13;2
66;195;7;22;1
66;195;7;45;2
66;195;7;55;1
66;173;7;10123;1
66;90;6;12;1
66;90;6;13;5
66;90;6;44;1
66;90;6;65;1
66;90;6;70;1
66;90;7;10;2
66;90;7;12;2
66;90;7;13;12
66;90;7;15;1
66;90;7;16;1
66;186;6;1000;4
66;310;6;44;1
66;310;7;12;1
66;310;7;13;2
66;171;7;12;5
66;171;7;13;9
66;171;7;70;1
66;51;6;5055;5
66;99;7;12222;11
66;69;7;44567;1
66;274;6;96;4
66;274;6;1588;1
66;224;6;1000;1
66;161;6;4422;6
66;312;6;1533;1
66;243;6;1313;14
66;48;6;5567;1
66;48;7;45999;1
66;248;6;2255;25
66;89;7;12000;9
66;294;7;22022;1
66;318;6;1214;38
66;68;7;22555;84
66;81;6;1313;5
66;208;6;4410;4
66;287;6;2277;1
66;205;7;55678;11
66;184;6;2210;5
66;290;7;12300;3
66;123;6;5511;2
66;277;7;50500;2
66;35;7;15001;1
66;96;6;3000;1
66;231;6;1221;2
66;58;6;5533;1
66;313;7;12555;1
66;289;7;96;4
66;149;7;11111;2
66;184;6;2255;64
66;295;6;2200;4
66;110;6;4567;5
66;22;6;1221;2
66;98;6;4456;1
66;180;7;55678;7
66;218;6;1313;3
66;207;7;15123;14
66;170;7;55;1
66;170;7;65;1
66;170;7;70;1
66;36;7;22555;24
66;148;6;1213;5
66;225;6;4410;6
66;329;6;4477;1
66;329;7;22022;29
66;15;6;7040;1
66;167;6;2222;17
66;309;6;4422;1
66;243;6;5599;1
66;248;7;22111;1
66;173;7;11999;1
66;47;7;50013;1
66;288;6;5005;3
66;308;3;44;102
66;14;6;5533;4
66;129;7;15123;13
66;239;6;2201;1
66;170;6;3000;1
66;182;7;13777;2
66;224;6;5013;2
66;233;6;12;2
66;233;6;13;1
66;233;6;22;1
66;233;6;44;1
66;233;6;45;1
66;233;7;11;2
66;233;7;13;9
66;233;7;55;4
66;233;7;70;2
66;38;7;11;1
66;38;7;12;1
66;38;7;13;11
66;38;7;15;1
66;38;7;22;1
66;311;7;11;1
66;311;7;12;1
66;170;6;1520;1
66;39;7;12300;5
66;203;7;12000;73
66;55;6;1213;4
66;314;6;2277;4
66;271;6;2299;16
66;139;6;5511;10
66;156;6;5500;3
66;41;7;12123;1
66;106;7;33193;1
66;16;6;96;22
66;48;7;22222;3
66;48;7;44190;3
66;264;7;10122;1
66;298;7;44456;2
66;309;5;96;8
66;68;7;12144;19
66;308;7;22777;4
66;28;3;95;6
66;321;7;50500;5
66;172;6;5500;1
66;83;3;95;16
66;61;3;13;154
66;321;7;80180;1
66;304;6;1213;2
66;48;7;96;4
66;95;7;10190;2
66;298;7;65;1
66;125;7;11000;1
66;117;6;2227;1
66;117;7;50500;2
66;17;6;95;25
66;111;6;95;17
66;37;6;4455;1
66;62;6;1213;5
66;293;7;50500;5
66;186;6;1533;1
66;209;7;13234;1
66;254;5;131;158
66;15;6;2222;9
66;320;6;1000;1
66;230;6;1212;1
66;171;7;12000;116
66;298;7;33000;1
66;66;6;2299;2
66;62;7;15321;1
66;195;6;65;1
66;309;6;22;1
66;309;7;12;1
66;309;7;13;2
66;322;6;6565;6
66;204;7;55234;1
66;225;7;55678;27
66;104;7;10000;3
66;104;7;22345;1
66;149;7;12000;68
66;22;6;1232;1
66;16;7;65234;2
66;108;7;65234;3
66;40;6;5533;5
66;139;6;5533;4
66;287;7;12000;17
66;62;5;95;10
66;211;6;5511;12
66;164;7;13132;2
66;41;7;11113;1
66;124;6;1314;2
66;239;7;22777;5
66;244;7;13132;4
66;249;7;45300;1
66;290;7;50013;1
66;153;7;55678;1
66;130;5;700;93
66;83;6;1221;1
66;28;6;1221;3
66;184;6;5555;6
66;208;7;10190;1
66;295;7;70900;1
66;80;7;44333;4
66;95;7;13132;1
66;266;6;1311;1
66;57;5;96;30
66;298;6;1214;12
66;36;6;4455;18
66;308;6;4444;2
66;89;7;22;3
66;89;7;45;1
66;89;7;70;1
66;52;7;15123;1
66;75;7;13777;1
66;294;3;13;129
66;63;7;15001;1
66;274;7;10123;3
66;161;7;55333;2
66;107;6;1020;1
66;97;6;1020;1
66;209;7;90500;1
66;270;6;4444;1
66;298;7;55999;1
66;127;7;23456;1
66;11;6;4444;2
66;10;6;4410;1
66;276;6;1000;2
66;299;7;15888;1
66;195;5;700;35
66;11;7;12000;4
66;234;7;12222;33
66;68;5;131;179
66;82;5;131;174
66;53;6;4477;1
66;127;6;1000;2
66;122;7;13100;1
66;284;6;1111;53
66;284;7;95;11
66;164;7;22555;94
66;34;7;45123;1
66;11;7;23192;2
66;249;6;2299;3
66;68;6;1221;2
66;16;6;9090;1
66;39;6;4410;2
66;221;7;43143;1
66;23;7;13789;1
66;239;7;50013;1
66;63;6;2244;1
66;247;6;5599;1
66;22;6;5599;1
66;129;7;23123;10
66;14;7;44777;1
66;1;7;12100;3
66;277;6;2277;3
66;221;6;2255;49
66;305;3;96;2
66;51;7;55011;1
66;152;6;6565;3
66;181;7;12000;14
66;300;7;22555;69
66;56;6;4410;1
66;122;7;44123;1
66;100;7;13123;1
66;52;7;70000;1
66;11;7;22222;7
66;54;5;96;24
66;221;7;10123;18
66;181;7;13234;2
66;19;7;12222;25
66;166;6;4433;1
66;181;7;33888;1
66;195;6;5588;1
66;112;7;95;14
66;80;6;5555;30
66;185;7;95;33
66;185;6;1111;18
66;231;6;1412;1
66;79;7;15151;1
66;16;7;44020;4
66;16;7;96;25
66;16;6;2299;14
66;162;6;1255;1
66;54;7;44123;1
66;284;7;12345;1
66;35;5;95;17
66;106;6;4447;1
66;48;7;13131;1
66;48;7;43333;1
66;270;7;44;1
66;270;7;45;1
66;270;7;55;1
66;270;7;70;1
66;270;6;11;1
66;270;6;13;1
66;270;6;22;2
66;270;6;44;1
66;270;6;50;1
66;167;6;4410;10
66;94;7;12;4
66;94;7;13;10
66;94;7;16;1
66;94;7;22;3
66;162;7;12555;2
66;47;7;10123;2
66;82;6;1333;1
66;161;6;96;14
66;54;7;22380;1
66;228;6;4447;3
66;21;6;5533;13
66;48;7;10777;1
66;154;7;15000;1
66;49;7;44040;1
66;139;7;13777;1
66;153;6;2299;3
66;297;7;11444;2
66;82;7;96;10
66;28;7;13013;1
66;237;6;96;9
66;82;6;5567;2
66;153;7;95;12
66;163;7;22555;74
66;311;7;55678;4
66;243;7;90180;1
66;164;6;1533;1
66;315;6;1016;1
66;28;6;2210;5
66;215;6;4477;1
66;75;7;45300;1
66;56;6;4411;1
66;152;7;22777;6
66;61;6;4447;2
66;91;7;22777;4
66;247;6;2323;2
66;204;7;12300;1
66;248;3;96;13
66;110;7;13789;3
66;288;7;13456;1
66;163;7;10123;5
66;129;5;131;183
66;108;6;1214;42
66;16;6;1214;31
66;35;7;70;4
66;35;7;13;14
66;35;7;22;2
66;35;7;55;1
66;186;7;14014;1
66;104;6;5533;1
66;234;6;5567;2
66;88;6;7020;1
66;12;7;22777;3
66;249;7;33123;1
66;151;6;5567;1
66;287;5;131;52
66;12;7;12000;6
66;231;7;44020;9
66;218;6;3555;3
66;218;7;12999;1
66;57;3;96;22
66;83;7;22777;3
66;289;7;13007;1
66;276;6;4410;1
66;21;6;4490;3
66;21;6;5588;2
66;329;6;2323;2
66;107;7;36192;1
66;248;6;1311;1
66;108;6;4420;2
66;17;7;12000;6
66;164;7;95;14
66;68;6;1010;20
66;68;6;4456;1
66;264;7;44027;1
66;231;7;44447;2
66;301;6;2323;1
66;120;7;33145;1
66;128;6;1010;3
66;298;7;12111;1
66;271;7;65234;1
66;209;6;1133;1
66;67;6;2277;1
66;91;3;95;6
66;218;7;44888;3
66;27;6;4490;1
66;264;7;44333;2
66;58;6;1213;3
66;300;6;2255;51
66;76;7;22222;6
66;107;6;7011;1
66;62;6;1321;3
66;334;7;13013;3
66;207;5;131;166
66;34;6;95;4
66;204;5;96;22
66;237;7;12222;11
66;104;6;95;9
66;104;7;45000;2
66;110;6;1214;63
66;209;7;12000;62
66;272;6;1580;1
66;272;3;96;18
66;301;7;10220;1
66;22;7;96;10
66;39;6;4477;1
66;289;7;13333;2
66;254;7;10190;6
66;10;6;4578;1
66;52;7;44333;1
66;293;6;95;22
66;21;6;1533;1
66;289;7;45000;1
66;92;7;55860;1
66;166;7;50013;1
66;303;6;1000;1
66;299;3;44;83
66;110;5;555;4
66;314;6;5533;5
66;238;7;65234;2
66;296;6;1111;13
66;296;7;95;11
66;276;7;12300;1
66;321;7;50444;1
66;90;7;44123;2
66;67;7;12222;4
66;181;7;55678;42
66;96;7;36192;1
66;112;5;95;14
66;299;7;44556;1
66;186;7;13131;1
66;182;6;95;17
66;92;6;4411;1
66;238;5;131;190
66;299;3;12;5
66;19;7;50013;1
66;12;6;4343;1
66;276;6;2200;4
66;55;3;12;22
66;65;6;5533;1
66;224;7;44444;1
66;39;7;12;1
66;39;7;13;15
66;39;7;14;1
66;39;7;19;1
66;39;7;22;3
66;39;7;33;1
66;205;6;6565;2
66;39;7;44;1
66;39;7;45;1
66;39;7;50;1
66;39;7;70;3
66;264;6;5013;1
66;88;7;13133;1
66;276;7;13133;1
66;81;6;1111;13
66;173;7;50013;1
66;132;7;33133;1
66;239;6;4567;1
66;293;6;5555;6
66;286;7;22333;3
66;19;7;14014;1
66;185;7;22111;1
66;128;6;4422;1
66;162;7;55234;1
66;218;7;10190;1
66;35;6;1000;1
66;220;5;95;18
66;36;5;131;152
66;108;7;70123;1
66;123;6;6565;5
66;88;7;44123;1
66;276;7;44123;3
66;320;7;13123;1
66;329;7;23192;1
66;270;6;4490;2
66;93;7;44123;1
66;13;6;1111;19
66;34;7;22222;3
66;34;7;44190;1
66;270;7;70007;1
66;37;6;2277;3
66;77;6;2255;76
66;89;6;11;1
66;89;6;12;2
66;89;6;13;1
66;89;6;22;1
66;89;6;44;1
66;89;7;12;1
66;89;7;13;5
66;14;7;50500;6
66;254;5;96;23
66;42;3;44;92
66;94;6;2323;1
66;317;6;2200;8
66;18;6;2323;2
66;322;6;4420;1
66;11;7;50777;1
66;57;7;36000;2
66;225;6;5055;4
66;13;6;5555;5
66;322;7;55333;2
66;211;6;5001;2
66;160;7;22777;16
66;318;6;13;2
66;318;6;23;1
66;318;6;43;1
66;288;6;4455;1
66;195;6;12;3
66;195;6;13;1
66;195;6;33;1
66;284;7;12222;10
66;272;7;15123;4
66;234;6;5013;1
66;120;6;2299;2
66;90;6;2288;1
66;127;7;10;1
66;127;7;12;1
66;127;7;13;3
66;127;7;22;3
66;127;7;50;1
66;127;7;70;1
66;127;6;12;2
66;127;6;13;3
66;127;6;22;1
66;127;6;65;1
66;83;6;2200;3
66;163;7;10400;14
66;12;6;5007;1
66;59;6;1313;3
66;234;6;1292;2
66;184;6;1313;11
66;62;3;13;112
66;243;6;1234;1
66;84;6;2288;1
66;173;6;96;10
66;297;6;4447;2
66;128;3;12;10
66;99;7;12300;1
66;65;7;10000;1
66;186;6;1269;1
66;112;7;45000;1
66;205;7;10123;3
66;28;6;4490;3
66;233;6;5511;8
66;233;5;160;1
66;160;6;5533;3
66;171;3;96;14
66;273;6;2288;1
66;237;3;96;15
66;171;7;23123;1
66;151;6;1020;2
66;109;7;10123;1
66;110;7;13333;1
66;51;5;96;17
66;169;6;2299;3
66;84;7;70300;1
66;56;6;4422;1
66;266;7;33222;1
66;1;6;1322;1
66;215;6;95;14
66;249;7;12123;2
66;254;6;4447;1
66;215;7;23123;1
66;218;6;1214;24
66;316;7;22022;2
66;297;6;5511;16
66;264;7;13123;1
66;274;7;14678;1
66;274;7;95;17
66;163;7;15123;4
66;94;7;12300;2
66;286;7;12600;1
66;314;6;6565;2
66;98;7;45111;1
66;21;5;555;1
66;291;7;70200;1
66;122;6;1213;2
66;228;7;12123;2
66;294;6;1818;1
66;18;7;12123;1
66;209;6;2323;1
66;140;3;95;6
66;120;7;22222;7
66;120;7;44190;3
66;233;6;1213;1
66;209;7;96;7
66;320;7;44543;1
66;92;6;5511;8
66;234;6;6565;17
66;276;7;13234;1
66;249;7;13234;1
66;80;6;2277;1
66;91;7;55678;9
66;139;6;4455;1
66;278;6;2233;1
66;271;7;55333;4
66;75;6;4444;1
66;249;6;96;10
66;34;6;1313;2
66;305;6;4400;1
66;299;7;65234;6
66;51;7;12;3
66;51;7;13;7
66;225;7;70090;1
66;51;7;22;3
66;51;7;44;1
66;148;6;1020;1
66;203;3;96;13
66;78;7;90909;4
66;205;6;4444;1
66;186;6;2288;3
66;98;7;10000;2
66;89;6;4477;5
66;321;6;2277;2
66;292;7;96;4
66;171;7;12888;1
66;312;6;2222;8
66;284;6;1214;16
66;21;7;33888;1
66;154;7;44123;3
66;10;7;44999;1
66;152;7;22222;8
66;296;6;2277;6
66;89;6;4410;5
66;133;7;13234;1
66;90;6;5055;2
66;151;6;2222;7
66;316;7;22222;2
66;203;6;1033;1
66;314;7;13555;2
66;90;6;4533;1
66;308;7;13333;4
66;62;7;12011;1
66;209;6;1322;1
66;294;6;2244;1
66;312;7;70090;2
66;160;7;55678;4
66;63;6;1112;2
66;163;7;70070;1
66;110;7;15123;7
66;109;6;5599;2
66;110;6;4420;2
66;228;7;12127;1
66;52;7;23123;1
66;28;7;13133;2
66;47;6;5533;6
66;305;7;13;1
66;305;7;40;1
66;305;7;70;1
66;274;6;2299;12
66;290;6;1422;2
66;286;6;4010;1
66;172;5;160;1
66;51;6;1299;1
66;99;7;44999;1
66;90;7;70400;2
66;111;7;13111;1
66;1;6;5511;3
66;127;6;1333;1
66;23;6;1314;1
66;75;6;4477;2
66;202;7;22222;8
66;220;7;15555;1
66;15;6;1090;1
66;289;6;2222;1
66;290;5;131;162
66;230;6;5511;9
66;10;7;55333;2
66;186;6;1112;2
66;297;7;55011;4
66;314;7;11333;1
66;58;7;33888;2
66;148;7;13;14
66;148;7;22;3
66;148;6;12;3
66;148;6;13;3
66;148;6;23;2
66;148;6;55;2
66;157;7;33888;1
66;249;7;96;11
66;173;7;15123;8
66;290;7;65013;2
66;152;6;1588;1
66;152;6;96;15
66;215;7;23192;1
66;65;6;1111;5
66;16;6;5533;8
66;89;7;15333;1
66;309;7;22222;1
66;195;7;44190;1
66;80;5;95;29
66;106;7;70007;1
66;166;6;1213;11
66;10;6;1213;9
66;139;6;1251;1
66;130;6;5567;2
66;185;7;44999;1
66;15;6;1111;10
66;93;6;2201;1
66;28;7;96;13
66;28;7;44020;3
66;286;6;5007;1
66;185;7;13132;1
66;185;7;70222;3
66;270;6;95;18
66;247;7;44123;8
66;110;7;13133;1
66;289;6;1311;1
66;13;6;2222;7
66;47;6;1020;2
66;127;6;7077;2
66;68;6;1214;40
66;35;6;1292;1
66;35;6;1222;1
66;75;6;4400;1
66;180;7;96;11
66;125;6;5555;3
66;58;6;1533;1
66;153;7;12100;1
66;204;5;555;5
66;275;7;22;2
66;275;7;45;1
66;275;7;55;2
66;275;7;70;1
66;298;7;30000;1
66;65;7;70122;1
66;173;6;1016;2
66;63;7;22556;1
66;162;6;1321;2
66;1;7;11111;1
66;93;6;6565;6
66;303;3;95;8
66;77;7;12100;1
66;318;7;23123;21
66;23;7;70400;1
66;162;7;12000;6
66;162;7;50513;1
66;264;6;4490;1
66;295;7;22555;40
66;254;5;95;32
66;270;7;44456;1
66;69;7;65700;1
66;172;7;13777;3
66;125;7;90180;2
66;244;7;50113;1
66;211;6;4555;1
66;148;7;12222;38
66;35;6;1020;1
66;125;7;10190;2
66;298;7;22222;5
66;298;7;44190;7
66;237;7;55678;5
66;315;7;12222;5
66;100;6;5566;5
66;104;6;4530;1
66;315;7;22555;69
66;309;7;96;3
66;95;6;5055;3
66;185;7;11111;1
66;162;6;1020;1
66;161;7;44333;3
66;139;7;10123;5
66;81;5;700;58
66;81;6;1520;1
66;104;7;13131;1
66;106;6;1313;3
66;16;7;33444;1
66;100;6;1000;2
66;300;7;50013;1
66;139;7;44999;1
66;301;7;30000;1
66;77;3;44;85
66;167;7;10777;1
66;82;5;96;21
66;288;7;95;28
66;55;6;5511;3
66;22;5;555;1
66;312;6;2200;4
66;228;7;95;23
66;163;6;2299;1
66;110;7;95;15
66;290;7;11111;1
66;112;7;22022;4
66;185;5;131;164
66;49;6;5588;2
66;158;6;1311;1
66;247;6;4512;2
66;99;6;95;10
66;304;6;2299;4
66;314;3;95;10
66;67;6;1212;1
66;221;7;10190;1
66;84;7;65234;1
66;152;7;90100;1
66;181;7;65234;1
66;83;6;55;1
66;83;7;12;2
66;83;7;13;10
66;83;7;22;4
66;83;7;23;1
66;83;7;33;1
66;83;7;44;1
66;83;7;70;2
66;111;6;4440;1
66;12;7;23123;15
66;153;7;45300;2
66;170;7;23123;4
66;127;7;13132;3
66;111;6;1111;1
66;111;7;95;15
66;313;7;10000;1
66;162;7;22999;1
66;13;7;12888;1
66;13;7;13333;2
66;215;5;95;10
66;318;6;96;6
66;37;7;13258;1
66;308;6;1369;2
66;274;6;4456;1
66;153;3;12;15
66;22;6;1313;2
66;132;6;1441;1
66;67;6;1000;3
66;317;6;1000;1
66;23;6;5511;5
66;28;7;12000;14
66;295;6;2277;7
66;38;7;12000;48
66;84;7;22022;6
66;215;3;13;114
66;120;7;12100;1
66;277;7;55333;2
66;77;7;44100;1
66;287;3;12;13
66;27;6;1213;1
66;149;6;1233;1
66;158;7;12011;1
66;123;7;23123;5
66;296;6;4490;1
66;296;6;5588;1
66;80;7;22555;93
66;296;3;12;20
66;205;5;555;7
66;271;6;2200;2
66;68;7;10;1
66;68;7;12;2
66;68;7;13;10
66;47;7;12111;1
66;82;6;1221;1
66;156;6;4488;1
66;95;7;15123;6
66;292;6;3555;1
66;95;7;12222;8
66;52;7;15;1
66;52;7;22;5
66;52;7;45;1
66;52;7;70;4
66;23;7;55234;1
66;217;7;45645;1
66;310;7;12123;1
66;93;6;2222;24
66;100;7;22777;7
66;264;6;5533;3
66;264;7;33777;2
66;297;6;1588;1
66;297;6;96;9
66;234;7;44123;1
66;296;7;11111;6
66;295;6;4456;1
66;295;6;1010;9
66;108;7;55678;16
66;303;7;13131;2
66;139;7;13789;1
66;271;7;50444;1
66;11;6;1520;1
66;39;7;44888;1
66;291;6;1155;1
66;291;7;13131;1
66;291;7;55888;1
66;272;6;2244;1
66;297;7;13133;1
66;82;3;96;12
66;133;6;4456;1
66;249;6;1321;1
66;93;6;1314;2
66;318;7;13789;2
66;202;6;4512;2
66;41;7;45000;1
66;286;7;13133;4
66;301;6;1321;3
66;81;3;12;23
66;301;3;95;7
66;303;6;1314;1
66;128;6;2211;3
66;61;5;96;37
66;240;7;70400;1
66;64;7;44020;1
66;64;7;96;10
66;195;3;12;13
66;157;6;1322;1
66;1;7;22888;1
66;68;7;11000;2
66;84;7;22222;7
66;163;7;22777;1
66;180;7;12999;1
66;83;7;33300;2
66;120;7;55678;21
66;23;6;1313;8
66;15;5;555;2
66;90;7;44333;1
66;108;7;33000;1
66;69;6;1111;19
66;277;6;1214;83
66;132;6;1213;2
66;130;7;44333;1
66;37;7;13333;2
66;95;6;2277;2
66;96;7;44447;1
66;292;3;13;93
66;81;6;5007;1
66;92;7;50013;2
66;314;6;2255;47
66;23;5;131;177
66;184;7;15122;1
66;299;5;700;62
66;277;6;5511;11
66;277;5;160;1
66;128;7;95;9
66;297;7;55234;1
66;248;6;2201;2
66;42;6;9001;1
66;239;6;1456;1
66;153;7;33000;1
66;272;7;55333;7
66;100;6;5567;1
66;107;6;1245;1
66;208;5;131;151
66;12;7;13133;2
66;209;6;1010;6
66;89;7;44456;1
66;231;7;13123;1
66;55;6;1214;12
66;225;7;12755;1
66;239;6;4410;13
66;17;6;2277;4
66;111;6;2277;2
66;52;6;5050;1
66;322;6;5188;1
66;153;7;15123;1
66;62;7;22556;2
66;180;6;4422;1
66;297;5;131;118
66;308;6;4567;2
66;120;7;44123;2
66;164;6;5013;1
66;271;7;50500;3
66;49;7;15555;1
66;14;3;95;8
66;204;7;44777;1
66;62;6;5555;1
66;248;7;15001;1
66;203;6;4455;2
66;273;6;95;14
66;20;7;13258;1
66;195;7;13789;1
66;28;6;1214;23
66;277;6;1311;1
66;13;7;44123;2
66;301;6;4400;2
66;91;5;96;20
66;291;6;95;19
66;195;7;13132;10
66;294;6;1010;12
66;56;7;13258;2
66;90;7;44666;1
66;173;7;22;3
66;173;6;12;2
66;173;6;13;1
66;77;7;44123;5
66;38;6;2222;15
66;16;7;10190;1
66;16;6;1016;1
66;238;7;12222;62
66;108;7;10190;3
66;172;7;23123;7
66;152;7;44543;1
66;316;3;95;3
66;169;7;33888;2
66;14;7;10123;3
66;247;6;65;3
66;247;6;70;1
66;247;7;12;3
66;95;6;4422;6
66;133;7;44123;2
66;104;7;12222;72
66;130;7;50500;2
66;20;6;1292;1
66;57;6;2222;2
66;124;6;1000;4
66;163;6;2255;76
66;40;6;1313;12
66;157;6;1212;1
66;148;6;2300;2
66;38;7;44020;7
66;104;6;1044;1
66;291;7;12888;1
66;14;6;1020;2
66;108;5;131;160
66;329;7;23190;3
66;14;6;4444;1
66;130;3;12;17
66;109;7;45300;2
66;228;5;131;176
66;170;7;23192;1
66;89;6;1533;3
66;231;6;4444;4
66;84;7;23123;25
66;94;7;22123;1
66;59;7;15001;1
66;254;7;13456;1
66;95;6;4444;1
66;22;3;96;20
66;329;6;2299;2
66;234;6;2222;4
66;228;6;2200;2
66;322;6;5511;9
66;322;5;160;1
66;68;6;1251;1
66;68;7;70;1
66;68;7;18;1
66;68;7;22;1
66;68;7;44;1
66;68;6;13;3
66;68;6;22;2
66;68;6;70;1
66;180;6;4477;1
66;218;7;22369;1
66;297;6;4490;1
66;297;6;5588;4
66;203;3;12;19
66;40;6;7040;2
66;254;3;44;101
66;268;7;13333;3
66;14;7;12100;1
66;173;7;55333;10
66;238;5;700;95
66;228;7;55333;1
66;195;7;95;6
66;309;7;95;3
66;195;6;1111;6
66;254;6;4578;1
66;248;6;95;15
66;248;7;45000;3
66;217;7;65234;1
66;162;7;22000;3
66;81;7;23192;4
66;301;6;5515;1
66;296;7;22777;7
66;320;7;70222;1
66;287;5;96;6
66;120;7;11444;1
66;292;6;2255;52
66;120;6;2244;1
66;130;6;4490;1
66;315;7;23123;1
66;65;7;95;16
66;233;7;22555;70
66;91;7;44027;1
66;208;7;10000;4
66;82;6;4422;2
66;254;7;50113;1
66;95;7;44333;1
66;300;5;700;105
66;167;7;55234;2
66;120;7;22123;1
66;207;7;15120;1
66;158;7;55234;1
66;215;6;1234;3
66;320;6;12;1
66;61;7;22555;76
66;133;3;96;15
66;240;7;23192;1
66;55;6;2123;1
66;303;7;50131;1
66;56;7;22;5
66;56;7;23;1
66;56;7;55;3
66;56;7;70;1
66;161;6;12;1
66;161;6;13;3
66;161;6;65;1
66;161;7;12;2
66;161;7;13;6
66;161;7;70;2
66;220;6;1533;5
66;288;6;2222;13
66;129;6;1044;1
66;298;7;45300;2
66;10;7;23123;9
66;184;6;1177;1
66;60;5;700;72
66;111;7;44123;1
66;243;7;33888;5
66;254;6;1023;1
66;109;6;4477;2
66;254;6;1292;3
66;156;7;12200;1
66;23;6;2288;10
66;63;7;23192;4
66;96;7;22022;12
66;292;6;1000;1
66;272;7;22511;3
66;272;7;96;15
66;93;7;12222;3
66;111;6;1020;2
66;39;6;5567;2
66;39;7;45999;1
66;220;7;10000;3
66;104;7;22190;1
66;104;5;131;175
66;247;6;95;6
66;223;7;33193;5
66;53;5;131;130
66;28;7;50013;2
66;52;3;12;6
66;204;6;5511;5
66;220;7;50500;1
66;300;6;5005;1
66;84;6;1214;74
66;156;6;2201;1
66;109;7;22222;6
66;79;6;4410;1
66;181;6;1569;1
66;181;7;22555;88
66;329;7;55011;1
66;230;6;4490;1
66;223;7;22555;124
66;27;6;5522;1
66;27;6;95;7
66;54;6;5050;1
66;90;7;95;19
66;61;3;80;1
66;316;6;2222;7
66;272;7;22555;44
66;251;6;6565;3
66;286;7;13132;1
66;233;6;2201;3
66;240;6;4567;1
66;80;6;9090;1
66;23;6;2222;6
66;273;6;5555;2
66;35;7;55333;4
66;75;6;1311;1
66;268;6;2277;3
66;203;7;55011;1
66;267;6;5555;9
66;62;6;4422;4
66;62;6;1016;1
66;153;6;5511;3
66;14;7;55888;1
66;14;7;13131;3
66;94;6;2256;1
66;268;7;50113;1
66;88;6;2200;1
66;48;7;12222;6
66;163;6;5555;2
66;112;6;1213;5
66;132;6;2222;2
66;80;7;45300;1
66;110;7;55678;18
66;13;3;44;87
66;39;7;13333;1
66;122;6;1234;1
66;228;7;22380;1
66;228;7;44333;2
66;127;7;50013;1
66;21;7;33193;1
66;298;6;2277;1
66;171;5;131;190
66;161;6;1020;1
66;128;6;96;7
66;230;6;5007;2
66;271;7;70222;1
66;296;5;131;107
66;120;6;1214;13
66;99;6;1322;1
66;77;6;96;10
66;41;7;10333;1
66;149;7;44044;1
66;14;7;55;2
66;14;7;70;2
66;37;7;55999;2
66;264;7;23190;1
66;109;6;4567;2
66;61;6;5533;1
66;296;7;22022;11
66;133;6;4343;1
66;133;7;22777;3
66;99;6;96;11
66;23;7;12555;1
66;321;7;12000;6
66;172;7;70000;1
66;16;7;22555;68
66;89;7;70400;1
66;61;7;10190;1
66;305;6;5055;1
66;13;7;10124;1
66;56;7;15678;1
66;67;7;33123;1
66;267;6;5001;1
66;124;7;50013;1
66;160;6;5522;1
66;160;6;95;12
66;160;7;45000;1
66;56;7;12000;56
66;184;7;10123;5
66;290;7;44565;1
66;129;5;95;14
66;92;6;4422;3
66;308;5;131;139
66;96;7;44777;2
66;290;7;13100;1
66;14;7;12300;3
66;185;6;1214;8
66;97;6;2244;2
66;230;6;1299;3
66;81;6;5533;8
66;220;6;1313;10
66;19;6;1214;36
66;91;7;65234;15
66;180;7;22555;74
66;180;5;96;23
66;112;6;4420;2
66;34;7;15123;1
66;286;7;50113;1
66;304;6;1214;110
66;321;3;96;5
66;240;3;96;14
66;92;3;44;100
66;291;6;4447;1
66;92;6;4555;2
66;49;6;1322;2
66;84;7;13111;1
66;239;7;12333;2
66;109;7;22555;82
66;207;7;23190;1
66;228;7;15151;1
66;63;6;5555;5
66;248;7;44447;1
66;248;7;44456;3
66;228;6;1201;1
66;109;7;55678;11
66;18;6;1214;77
66;221;7;15333;1
66;82;6;4447;1
66;268;6;10;2
66;268;6;12;2
66;268;6;13;1
66;268;6;14;1
66;293;7;15555;1
66;100;6;5001;1
66;107;6;1533;4
66;284;5;555;8
66;111;6;1222;1
66;111;6;1234;1
66;329;6;5055;4
66;36;6;1214;52
66;208;6;4000;1
66;89;7;11999;2
66;203;5;131;135
66;237;6;1000;2
66;276;7;70090;1
66;271;5;96;28
66;84;6;5533;3
66;308;7;13132;1
66;221;7;13132;2
66;180;3;13;147
66;125;7;65234;2
66;244;7;65234;3
66;317;6;1292;3
66;96;7;22555;72
66;157;6;1313;2
66;221;7;55333;5
66;247;5;700;139
66;221;7;50500;2
66;14;6;1212;1
66;23;5;700;72
66;120;7;10000;1
66;82;6;96;16
66;322;7;13133;1
66;296;6;1321;1
66;59;7;12000;26
66;55;7;22555;58
66;76;7;13133;4
66;287;7;44044;1
66;167;7;10190;1
66;84;7;22720;1
66;110;6;1232;1
66;310;6;2222;10
66;10;7;10123;3
66;110;7;70222;2
66;59;6;1090;1
66;62;6;2299;7
66;97;7;95;17
66;223;6;4400;1
66;334;7;70070;2
66;300;6;1369;1
66;149;6;2256;2
66;140;5;131;152
66;184;7;10;1
66;184;7;12;2
66;184;7;13;6
66;184;7;22;1
66;184;7;45;1
66;184;7;55;1
66;184;6;11;1
66;184;6;13;4
66;184;6;22;1
66;184;6;44;1
66;185;7;55777;1
66;67;6;1020;3
66;184;6;70;1
66;17;7;50113;2
66;203;6;1000;3
66;17;3;13;142
66;182;7;70369;1
66;55;6;1500;1
66;55;3;95;6
66;63;6;96;12
66;286;6;2222;19
66;152;6;2200;2
66;34;6;11;2
66;34;6;12;2
66;34;6;13;4
66;34;6;55;1
66;207;6;1010;26
66;244;7;11444;2
66;39;6;1214;67
66;38;7;33888;3
66;186;6;7020;1
66;195;7;44777;1
66;186;6;1303;1
66;195;3;13;132
66;100;7;55333;1
66;23;6;2299;2
66;299;6;2299;5
66;17;6;2299;15
66;111;6;2299;7
66;79;7;13333;1
66;90;7;15151;1
66;170;7;44321;1
66;217;7;15333;1
66;52;6;1000;4
66;293;6;4447;1
66;37;7;45123;1
66;123;6;4422;1
66;181;6;5511;15
66;181;5;160;1
66;81;7;11444;1
66;273;7;95;11
66;172;7;36300;1
66;173;7;70222;1
66;271;5;160;2
66;112;7;55678;12
66;64;7;22777;6
66;254;7;22222;9
66;195;6;2244;1
66;300;7;70222;2
66;300;7;13132;2
66;218;6;1010;6
66;77;6;2201;1
66;65;6;7020;1
66;318;7;13131;1
66;139;6;1313;5
66;234;5;96;19
66;28;6;1300;1
66;49;6;1112;2
66;125;3;95;6
66;244;3;95;6
66;20;7;55333;3
66;288;7;44123;1
66;83;6;1321;1
66;28;6;1321;6
66;104;6;1500;4
66;104;3;95;8
66;158;6;1201;1
66;75;7;23456;1
66;251;6;5001;1
66;224;5;96;23
66;51;7;15555;2
66;275;6;1020;1
66;272;6;2222;8
66;96;7;22222;2
66;329;6;95;6
66;220;6;1213;1
66;51;6;5005;2
66;63;7;10123;7
66;220;7;10124;1
66;278;6;2210;3
66;300;6;2299;22
66;248;7;15222;1
66;207;7;22777;2
66;112;6;5511;5
66;55;7;12200;1
66;167;7;45300;5
66;18;6;2277;5
66;211;5;96;20
66;36;6;1111;3
66;36;7;95;6
66;97;6;1292;1
66;107;6;1292;1
66;62;6;1314;2
66;227;6;2255;107
66;17;6;1520;1
66;240;7;70070;1
66;180;5;700;74
66;66;6;5099;1
66;312;7;22678;2
66;249;5;95;20
66;202;6;4455;1
66;17;6;1321;5
66;149;7;13555;1
66;291;3;44;94
66;107;6;1333;2
66;20;6;4490;1
66;248;7;23190;1
66;49;6;1000;3
66;120;6;1112;2
66;111;6;2222;11
66;225;5;700;73
66;64;6;2288;1
66;228;6;1333;1
66;16;6;1221;5
66;16;6;4412;1
66;79;5;700;23
66;88;7;65234;1
66;228;7;22444;1
66;334;7;14500;1
66;66;6;11;2
66;66;6;12;6
66;66;6;13;3
66;66;6;14;1
66;66;6;15;1
66;66;6;21;1
66;66;6;22;1
66;66;6;23;1
66;66;7;11;1
66;66;7;12;7
66;182;6;1322;2
66;195;6;4410;1
66;296;7;12222;1
66;163;7;12123;1
66;247;7;12111;1
66;208;6;5533;7
66;98;7;22;4
66;98;7;44;2
66;98;7;45;1
66;98;7;70;1
66;98;6;12;4
66;98;6;13;2
66;98;6;21;1
66;98;6;22;2
66;98;6;70;2
66;98;7;12;2
66;98;7;13;4
66;98;7;15;1
66;60;6;10;1
66;60;6;11;2
66;60;6;12;9
66;60;6;13;1
66;60;7;12;10
66;60;7;13;12
66;60;7;14;1
66;221;7;15123;3
66;304;7;50013;1
66;99;7;12;3
66;99;7;13;8
66;99;7;30;1
66;99;7;45;1
66;99;7;55;1
66;99;7;70;1
66;99;6;12;2
66;99;6;13;3
66;99;6;22;1
66;68;6;1222;2
66;92;6;4444;4
66;1;7;15555;6
66;171;7;33456;1
66;12;7;15000;1
66;180;7;12345;1
66;139;5;160;3
66;40;6;5511;12
66;75;7;50013;1
66;55;6;6565;1
66;35;7;22555;92
66;49;6;4490;1
66;220;6;4013;2
66;61;7;44027;1
66;63;6;1321;1
66;41;6;2299;1
66;55;6;95;8
66;60;7;12555;1
66;313;7;10123;2
66;120;6;5511;8
66;161;7;12123;2
66;248;7;22;3
66;154;7;22;1
66;154;7;70;1
66;248;7;13;5
66;248;7;44;3
66;248;7;45;3
66;248;7;55;1
66;248;7;70;1
66;77;7;12144;4
66;217;6;1533;3
66;211;7;50013;1
66;97;6;5533;29
66;60;7;15123;1
66;249;6;5511;9
66;311;7;95;5
66;224;6;4400;1
66;111;7;13234;1
66;287;6;4422;3
66;221;5;131;166
66;184;7;50000;1
66;107;7;13132;2
66;107;7;70222;8
66;38;7;44999;2
66;290;7;12555;1
66;238;7;12888;2
66;185;6;1292;6
66;173;7;10777;1
66;153;6;4445;1
66;254;7;55678;25
66;109;6;5001;1
66;133;7;23456;2
66;106;6;1201;1
66;233;7;12222;3
66;92;3;95;6
66;17;6;1422;1
66;218;7;11;3
66;218;7;12;2
66;218;7;13;7
66;218;7;22;6
66;218;7;33;1
66;218;7;45;1
66;218;7;70;4
66;218;6;11;1
66;218;6;12;1
66;218;6;13;4
66;75;6;5511;4
66;53;7;12000;49
66;17;5;95;22
66;290;7;55678;15
66;243;7;13100;1
66;274;6;6565;2
66;156;5;700;77
66;207;7;10123;16
66;40;7;22777;2
66;272;6;4321;1
66;140;7;15888;1
66;48;6;1011;1
66;264;6;1292;1
66;112;7;13133;2
66;286;6;1299;1
66;161;6;5013;1
66;36;7;44447;1
66;79;5;95;6
66;299;6;7022;1
66;299;7;23123;1
66;89;6;1331;1
66;221;6;1292;3
66;62;6;1233;1
66;95;6;1010;6
66;95;6;4456;1
66;133;6;2288;5
66;180;7;15122;1
66;203;7;44333;1
66;220;6;2244;1
66;64;7;70;5
66;148;7;12000;2
66;122;6;22;1
66;122;6;33;1
66;302;3;44;44
66;211;7;22555;68
66;133;6;2200;6
66;12;6;96;13
66;240;7;22556;1
66;209;6;2222;11
66;181;7;23192;4
66;284;6;1000;3
66;227;7;70000;4
66;19;6;1213;2
66;286;6;2200;2
66;295;7;23123;2
66;202;6;5111;1
66;290;7;44333;8
66;77;7;55678;8
66;284;6;5001;2
66;238;6;4432;2
66;16;7;70222;3
66;329;6;4447;3
66;185;7;12114;1
66;55;7;33700;1
66;158;6;1322;1
66;88;6;1292;2
66;291;7;55333;1
66;221;7;13123;2
66;186;7;22777;17
66;93;7;13155;1
66;88;7;13123;2
66;132;6;1020;1
66;12;7;12333;1
66;240;7;22222;4
66;205;7;95;6
66;180;6;5555;4
66;274;7;45333;1
66;154;6;7011;1
66;81;3;95;15
66;110;6;5013;2
66;234;6;2288;2
66;107;7;13456;3
66;18;3;44;100
66;272;6;1292;2
66;48;7;44123;1
66;185;6;6565;3
66;278;5;96;17
66;217;7;12000;15
66;240;7;44027;3
66;186;7;11000;1
66;120;6;4410;6
66;162;7;22380;1
66;162;7;44333;1
66;124;7;10000;1
66;60;6;1010;6
66;286;6;5555;2
66;205;7;13777;1
66;334;7;44190;1
66;321;7;11444;2
66;10;7;96;7
66;292;6;2244;1
66;15;7;96;7
66;108;6;1292;12
66;106;6;1323;2
66;16;7;50131;1
66;56;7;10190;1
66;240;7;13333;1
66;286;6;5533;12
66;22;6;7011;2
66;172;7;44007;1
66;244;5;555;4
66;91;6;5588;1
66;272;6;5055;2
66;237;6;4447;1
66;158;7;22777;1
66;125;7;13100;1
66;322;7;23123;1
66;20;7;12999;1
66;195;7;15556;1
66;82;6;1313;6
66;58;7;12222;20
66;111;7;90909;2
66;218;6;5511;1
66;293;6;1214;52
66;286;6;6565;2
66;208;6;9000;1
66;289;7;13100;1
66;122;6;4444;3
66;89;6;2200;4
66;244;6;6565;3
66;36;6;5001;1
66;276;3;44;118
66;88;3;44;81
66;288;7;12222;13
66;288;6;1455;1
66;301;6;1000;1
66;288;7;96;13
66;288;7;44020;2
66;274;7;15123;3
66;303;6;1221;1
66;243;7;22777;1
66;254;7;13222;1
66;1;7;12500;1
66;106;7;12222;2
66;204;6;4412;1
66;105;6;2288;1
66;12;3;44;93
66;154;6;4410;2
66;110;6;2210;2
66;167;7;12100;2
66;51;6;2288;2
66;238;6;1233;1
66;109;6;1033;1
66;10;6;13;10
66;88;7;12144;4
66;48;6;95;16
66;184;6;5044;1
66;310;7;10123;7
66;166;6;1123;1
66;38;6;2255;65
66;69;7;70000;1
66;292;7;70001;1
66;204;7;22022;8
66;105;6;1321;1
66;82;6;4567;1
66;55;7;13131;1
66;167;7;22222;10
66;163;5;700;33
66;41;5;131;153
66;40;6;1333;3
66;308;6;2288;6
66;225;6;2288;5
66;320;5;95;5
66;62;7;90909;1
66;181;7;50013;1
66;110;6;5533;5
66;169;7;33193;1
66;55;6;1277;1
66;22;7;13333;1
66;120;6;4490;1
66;208;6;1000;4
66;20;6;1214;42
66;203;6;2255;116
66;110;3;44;98
66;110;6;2323;1
66;108;7;30000;1
66;296;6;2288;2
66;268;7;55678;26
66;234;6;95;15
66;234;7;45000;5
66;23;7;13123;1
66;289;7;10000;3
66;14;6;4567;1
66;202;6;2277;3
66;163;6;1234;1
66;55;7;44777;1
66;308;3;96;19
66;230;7;13333;2
66;299;7;12300;2
66;186;6;1213;1
66;317;6;4455;1
66;289;7;13133;5
66;169;3;96;10
66;49;6;1331;1
66;76;7;10000;2
66;82;7;44567;2
66;17;7;44444;1
66;185;7;70321;1
66;64;6;5013;1
66;208;7;22022;7
66;14;7;13258;1
66;171;7;44123;2
66;297;7;45300;3
66;152;7;55678;16
66;205;6;4456;2
66;205;6;1010;4
66;228;6;4477;2
66;94;7;23123;10
66;129;6;1212;1
66;297;7;12444;2
66;297;7;13013;2
66;152;7;55999;1
66;215;7;65234;8
66;67;7;44;1
66;67;7;45;1
66;67;7;55;1
66;251;7;13258;1
66;295;7;95;7
66;321;7;33000;1
66;14;6;1292;3
66;297;6;2201;4
66;297;6;5515;1
66;311;7;12144;9
66;149;6;6565;6
66;231;3;44;101
66;228;7;33789;1
66;290;7;11444;1
66;59;7;55678;17
66;302;6;7055;2
66;89;7;12114;1
66;221;6;5522;1
66;91;7;22555;76
66;221;6;95;23
66;221;7;45000;2
66;78;7;70123;1
66;39;7;13132;5
66;39;7;70222;1
66;202;6;5533;4
66;40;6;4488;1
66;21;6;5511;14
66;40;7;22380;1
66;40;7;44333;3
66;295;7;12999;1
66;186;7;12111;1
66;233;6;4477;1
66;17;7;12555;1
66;244;6;1214;31
66;303;6;7044;1
66;169;7;10190;1
66;63;7;10190;2
66;63;6;1016;1
66;321;7;33888;1
66;244;7;15151;1
66;160;7;11000;1
66;18;7;12222;67
66;62;7;12222;4
66;105;6;1214;64
66;303;6;1213;8
66;39;7;44777;7
66;99;7;55555;1
66;80;3;44;84
66;88;7;11111;1
66;132;6;1533;1
66;186;7;15123;3
66;270;7;10000;1
66;157;7;22333;1
66;169;7;10123;6
66;291;7;70852;3
66;61;6;1123;1
66;312;3;96;1
66;48;5;700;45
66;268;7;55011;1
66;59;7;55333;1
66;57;7;95;11
66;288;6;2022;1
66;108;7;55011;2
66;301;7;50500;8
66;173;6;2200;3
66;321;7;10123;2
66;271;7;44777;1
66;294;5;555;3
66;182;7;11444;2
66;295;6;12;1
66;295;6;14;1
66;272;7;12000;159
66;35;3;95;6
66;161;6;7089;1
66;77;5;131;119
66;220;6;4422;2
66;64;6;95;13
66;217;6;4400;1
66;220;6;1300;1
66;298;7;13100;1
66;95;6;2211;1
66;139;7;70007;1
66;182;6;5599;1
66;112;7;12500;1
66;204;6;1111;18
66;112;6;5055;1
66;21;7;11444;1
66;275;5;160;1
66;170;7;13132;1
66;170;7;70222;1
66;221;6;1533;1
66;264;7;22777;2
66;21;6;1285;1
66;223;6;5511;2
66;334;7;13132;6
66;297;3;21;1
66;173;7;95;17
66;173;6;1111;4
66;53;7;50777;1
66;111;7;70222;3
66;195;7;50013;1
66;305;7;22622;1
66;133;3;95;11
66;268;7;13123;1
66;268;7;23999;1
66;112;7;12300;5
66;82;7;22555;98
66;202;6;2233;2
66;334;6;1516;2
66;158;6;1012;1
66;158;6;1321;1
66;270;6;5567;1
66;140;6;6565;19
66;91;6;1477;2
66;91;6;1818;1
66;54;6;4455;2
66;288;5;555;4
66;64;7;45000;1
66;105;6;5511;7
66;301;6;1010;8
66;301;6;4456;6
66;300;7;44123;6
66;84;7;36190;1
66;53;3;96;18
66;173;7;36555;2
66;10;7;12000;5
66;166;7;12000;8
66;122;3;12;17
66;329;6;5005;1
66;249;7;50013;1
66;288;6;7040;1
66;1;6;1323;10
66;83;7;13333;3
66;37;6;4488;1
66;169;6;4422;1
66;13;3;16;1
66;89;7;95;13
66;56;5;131;142
66;156;6;4477;1
66;63;7;45999;1
66;133;6;1000;1
66;66;7;22555;69
66;239;6;1213;3
66;111;3;12;23
66;211;7;44123;4
66;132;6;1285;1
66;310;3;95;2
66;291;6;4422;1
66;51;7;10400;10
66;139;6;5500;1
66;62;3;95;2
66;122;7;44567;1
66;81;7;22022;4
66;97;6;6565;2
66;107;6;6565;15
66;321;6;3000;2
66;109;7;15122;1
66;61;6;1000;11
66;97;7;55011;2
66;211;6;1322;2
66;172;7;13133;1
66;286;7;15123;8
66;52;7;50500;1
66;39;7;12321;1
66;237;7;13258;1
66;295;6;2255;55
66;156;7;12300;1
66;254;6;1321;3
66;35;6;2255;92
66;180;7;65234;7
66;221;6;2200;4
66;293;7;13789;4
66;266;6;7022;1
66;172;7;13555;1
66;207;3;95;9
66;63;6;1213;5
66;123;7;15123;2
66;254;6;2288;2
66;170;7;15120;1
66;1;6;1313;3
66;310;7;55678;5
66;171;7;55678;10
66;204;6;1000;9
66;290;5;96;11
66;299;6;1000;1
66;264;6;1020;1
66;13;7;65234;1
66;47;6;1533;2
66;76;7;22556;1
66;96;6;1251;2
66;96;7;14888;1
66;202;6;5511;11
66;76;7;45123;1
66;89;7;13234;2
66;186;5;700;118
66;49;6;1255;1
66;254;3;13;134
66;170;7;12222;17
66;182;6;4477;1
66;297;7;33700;1
66;224;7;90909;2
66;301;6;95;23
66;120;6;2200;4
66;75;6;4077;1
66;268;7;12111;1
66;182;6;1292;3
66;172;6;1533;1
66;228;3;13;146
66;60;7;12000;131
66;120;7;44122;1
66;128;6;1470;1
66;66;6;1111;17
66;66;7;95;14
66;334;7;13777;3
66;78;3;44;74
66;172;7;11111;1
66;98;7;12000;44
66;79;6;1322;1
66;156;6;1533;1
66;228;6;4422;5
66;218;6;4422;16
66;320;6;1313;2
66;288;6;1201;2
66;37;6;5511;6
66;227;6;1111;9
66;91;7;11222;1
66;89;7;13013;1
66;89;7;45333;1
66;221;6;4447;3
66;166;3;12;28
66;272;6;1322;1
66;69;6;4477;1
66;12;6;1299;1
66;234;7;22777;2
66;152;6;1322;4
66;12;3;96;13
66;164;7;12222;8
66;16;6;1010;5
66;16;6;4456;1
66;158;7;44999;1
66;34;5;131;138
66;215;6;2200;1
66;78;6;6513;1
66;17;6;5533;11
66;111;6;5533;4
66;62;3;12;26
66;81;6;4422;3
66;321;5;95;5
66;240;5;95;25
66;251;5;95;23
66;39;6;5055;2
66;267;6;2255;9
66;237;6;2255;67
66;207;3;44;98
66;215;7;44190;2
66;53;6;2299;2
66;132;7;50013;1
66;223;6;1111;15
66;104;7;22222;2
66;186;7;22999;1
66;124;7;33099;9
66;41;7;70345;2
66;286;7;50777;1
66;195;7;13456;8
66;139;6;70;1
66;293;3;95;16
66;167;7;14393;1
66;98;6;1277;1
66;69;7;33888;3
66;76;7;13131;1
66;19;3;95;6
66;329;7;22111;2
66;54;7;50500;1
66;60;7;10123;3
66;182;7;44234;1
66;296;7;10190;2
66;167;7;22777;1
66;66;7;22777;7
66;237;7;10400;1
66;225;7;23192;1
66;239;7;13777;2
66;129;7;23190;1
66;286;6;2123;1
66;58;7;13234;1
66;207;6;95;8
66;278;7;55555;1
66;278;7;70700;1
66;278;7;33193;1
66;58;5;700;32
66;105;7;10123;1
66;170;7;13133;1
66;287;6;5555;1
66;69;6;1213;1
66;77;7;44567;1
66;302;6;1111;3
66;302;7;95;1
66;81;7;44123;3
66;334;6;1450;1
66;297;7;11999;1
66;120;7;22777;9
66;209;7;45333;1
66;17;7;55011;3
66;34;7;55888;1
66;11;7;33200;1
66;223;6;1522;1
66;19;3;44;75
66;227;6;1221;7
66;152;6;2288;1
66;21;6;1113;1
66;129;7;36192;1
66;271;6;1600;1
66;125;6;4490;1
66;157;3;12;28
66;227;7;95;9
66;17;6;6565;6
66;111;6;6565;4
66;276;7;12555;1
66;12;7;12345;2
66;173;7;13133;1
66;1;6;1020;3
66;37;7;44888;3
66;209;6;4512;2
66;69;7;95;16
66;254;6;2255;40
66;153;7;12000;133
66;100;7;12111;2
66;228;7;12111;1
66;162;7;12300;3
66;68;6;1533;1
66;19;6;4555;1
66;275;6;7000;1
66;273;7;55333;3
66;38;6;4000;2
66;162;7;95;10
66;254;7;10122;1
66;23;7;55678;8
66;20;6;7077;2
66;69;6;1020;1
66;295;6;5055;1
66;318;6;95;5
66;133;7;55333;1
66;130;6;1322;2
66;90;6;4456;2
66;274;6;1222;2
66;157;6;7011;1
66;149;6;7011;3
66;278;7;44321;1
66;122;3;13;123
66;68;6;1023;4
66;334;7;44369;1
66;99;5;555;1
66;40;6;2288;2
66;292;6;1299;1
66;228;7;15123;10
66;166;3;44;34
66;215;7;15123;4
66;276;7;70;1
66;276;6;10;1
66;276;6;13;6
66;276;6;44;1
66;301;3;96;11
66;16;3;96;13
66;108;3;96;22
66;89;6;1515;1
66;89;6;9001;1
66;133;7;33000;3
66;225;6;5007;1
66;181;6;4422;3
66;170;6;2313;1
66;329;6;1100;1
66;84;7;12000;12
66;270;7;44776;1
66;244;6;4013;1
66;313;7;23190;1
66;218;6;1233;1
66;153;6;2201;1
66;120;7;19012;1
66;53;5;700;102
66;304;6;2255;66
66;225;7;15123;7
66;129;6;4013;1
66;48;6;4456;2
66;110;6;5555;9
66;300;6;1234;1
66;125;6;13;5
66;125;6;12;1
66;90;6;4410;4
66;221;6;5533;8
66;20;6;96;10
66;184;6;5533;6
66;54;6;2222;3
66;203;7;22111;1
66;39;6;5555;6
66;195;6;1515;1
66;79;6;2277;2
66;278;6;1000;2
66;51;7;12300;4
66;217;6;1322;10
66;221;7;55234;1
66;156;7;65700;2
66;81;3;21;1
66;298;6;1314;1
66;47;6;1321;2
66;248;7;12456;1
66;248;7;15123;7
66;104;7;22022;13
66;151;3;13;146
66;247;6;2201;1
66;63;7;11999;1
66;292;6;2222;6
66;186;7;50113;1
66;117;6;5522;1
66;117;6;95;14
66;248;6;5055;4
66;329;6;5533;1
66;254;6;5555;2
66;237;6;1016;1
66;237;7;10190;1
66;295;6;1292;1
66;48;6;4422;2
66;309;6;4077;2
66;83;7;22555;99
66;303;6;1333;1
66;267;7;16;1
66;267;7;45;1
66;267;7;65;3
66;160;7;70300;1
66;180;7;10190;2
66;172;6;1323;1
66;88;6;1300;1
66;88;7;55678;4
66;151;7;13133;1
66;39;7;12112;1
66;61;6;1234;2
66;167;7;65234;7
66;274;6;4410;1
66;78;7;44666;1
66;152;7;13333;2
66;65;6;1123;1
66;172;7;22222;6
66;16;7;23192;1
66;108;7;23192;1
66;108;6;2201;2
66;220;6;2288;5
66;156;6;4567;4
66;294;7;55234;1
66;12;5;700;82
66;12;7;44555;1
66;334;3;96;4
66;300;7;13100;1
66;133;6;2299;6
66;314;6;4422;1
66;298;7;10030;1
66;298;7;44020;5
66;298;7;96;8
66;14;7;22900;2
66;14;7;45777;2
66;158;7;44123;3
66;68;7;45999;1
66;228;7;33777;1
66;298;6;96;11
66;66;6;1234;1
66;320;6;4410;2
66;172;7;13333;3
66;301;7;13133;1
66;162;6;2299;5
66;317;6;1221;2
66;203;6;1313;5
66;157;3;44;127
66;100;6;4410;2
66;15;7;44999;2
66;286;5;96;17
66;251;3;13;136
66;244;7;23123;1
66;329;6;1020;1
66;301;7;44447;2
66;185;7;13258;1
66;278;7;13133;2
66;106;5;96;12
66;221;7;15222;1
66;161;7;22777;6
66;172;7;45333;1
66;93;7;55888;1
66;286;7;12000;50
66;276;6;1285;2
66;164;7;33000;2
66;268;6;1214;18
66;217;6;1111;14
66;149;7;13222;1
66;209;6;5013;3
66;291;7;22022;1
66;77;6;4456;2
66;77;6;1010;3
66;78;6;1326;1
66;181;5;131;188
66;185;6;1112;1
66;63;6;1245;1
66;149;5;96;27
66;249;6;1292;9
66;275;6;7011;2
66;215;6;7040;1
66;67;7;95;13
66;67;6;1111;9
66;53;7;96;12
66;14;5;96;18
66;13;7;70222;1
66;112;6;2288;2
66;154;7;23192;1
66;48;3;95;8
66;239;6;1010;8
66;239;6;4456;3
66;77;6;1155;1
66;112;6;4321;1
66;300;6;1818;1
66;225;6;2201;2
66;209;6;9001;4
66;120;3;13;100
66;185;7;44567;1
66;15;7;22777;10
66;225;6;5511;16
66;83;6;2277;3
66;28;6;2277;2
66;311;7;10190;1
66;237;7;13222;1
66;10;7;12123;2
66;318;5;131;87
66;51;6;1111;15
66;51;7;95;7
66;299;5;555;1
66;34;7;10;1
66;34;7;12;2
66;34;7;13;7
66;34;7;22;3
66;34;7;55;1
66;34;7;65;2
66;34;7;70;1
66;305;6;13;2
66;237;6;1010;2
66;130;6;11;1
66;130;6;12;1
66;130;6;13;6
66;130;6;22;1
66;130;7;11;1
66;130;7;12;1
66;130;7;13;7
66;130;7;22;3
66;130;7;33;1
66;130;7;45;1
66;130;7;55;2
66;130;7;70;1
66;130;7;90;1
66;68;7;22777;16
66;221;6;1214;36
66;11;7;12123;2
66;300;6;1000;1
66;224;7;13777;1
66;288;6;1333;1
66;62;6;5013;1
66;68;6;2277;17
66;12;6;5567;2
66;181;6;2299;24
66;289;7;44345;1
66;239;6;2255;55
66;84;6;4411;1
66;180;6;2244;1
66;65;7;12500;1
66;167;7;15333;1
66;62;7;70400;1
66;158;6;1112;1
66;225;6;1201;1
66;35;7;22120;1
66;277;7;11113;1
66;277;7;22022;5
66;243;7;44774;1
66;227;7;10333;1
66;58;7;13789;1
66;184;7;13333;3
66;223;7;10000;3
66;275;7;15123;7
66;63;7;50500;5
66;318;7;44123;1
66;124;7;12;3
66;124;7;13;10
66;124;7;15;1
66;53;7;55;2
66;28;7;22333;1
66;92;6;6565;8
66;125;7;45333;1
66;211;7;22222;11
66;270;7;33444;1
66;54;7;22511;1
66;152;7;22022;4
66;153;6;9010;1
66;68;7;70007;1
66;293;6;1010;5
66;240;7;45333;2
66;48;5;555;1
66;249;7;12300;3
66;56;6;2201;2
66;100;7;44690;2
66;96;6;5555;4
66;151;6;6565;1
66;109;7;70222;3
66;10;6;4000;3
66;225;5;96;18
66;81;6;1213;5
66;209;6;1818;1
66;186;7;12789;1
66;27;6;1321;18
66;112;6;95;14
66;162;7;12111;1
66;162;7;33200;1
66;35;6;1010;8
66;12;6;1214;21
66;217;6;1010;21
66;217;6;4456;1
66;94;6;1213;2
66;234;7;12144;1
66;182;7;13333;2
66;127;6;1533;1
66;122;7;10000;1
66;163;6;1214;45
66;224;7;13132;1
66;59;7;55011;1
66;231;7;11111;3
66;171;7;22777;12
66;163;3;96;3
66;52;7;12190;1
66;289;7;95;7
66;162;7;55011;3
66;48;6;1010;4
66;110;7;12600;1
66;17;6;4433;1
66;81;7;44333;1
66;208;6;4422;6
66;65;6;4555;1
66;221;5;95;29
66;78;7;70345;2
66;78;7;12222;9
66;38;7;12333;2
66;284;6;5055;1
66;270;7;55333;3
66;277;7;13789;5
66;308;7;50000;1
66;314;6;4433;1
66;22;6;4488;1
66;172;7;65234;6
66;305;7;44333;1
66;220;6;1321;2
66;99;6;1292;1
66;112;7;44888;1
66;11;6;4447;2
66;17;6;1533;1
66;161;6;1221;1
66;110;6;4555;1
66;274;5;95;13
66;68;7;13133;1
66;68;6;1313;4
66;294;7;22222;1
66;182;7;12114;2
66;112;7;44027;1
66;244;7;10123;6
66;170;7;50013;6
66;314;7;22555;69
66;153;6;2222;5
66;1;7;13222;1
66;124;7;15123;7
66;291;7;12600;1
66;130;7;44447;1
66;243;6;4477;2
66;295;7;12144;4
66;167;3;44;88
66;249;7;13013;1
66;186;6;1221;2
66;160;6;1214;124
66;249;6;4422;1
66;274;6;1010;3
66;173;7;22120;1
66;117;6;1285;1
66;224;7;50500;4
66;127;6;4422;2
66;148;6;5599;1
66;184;6;4422;2
66;100;5;700;93
66;38;6;4477;2
66;170;7;45000;2
66;275;3;13;155
66;225;7;44567;5
66;158;7;13133;1
66;48;7;22777;11
66;64;5;95;11
66;231;6;2255;48
66;91;3;44;70
66;157;6;4455;1
66;217;7;13777;2
66;248;6;1533;2
66;277;7;55678;8
66;277;6;1300;1
66;21;6;5013;2
66;290;6;2244;2
66;13;6;1214;26
66;37;6;70;1
66;162;6;12;1
66;162;6;13;2
66;162;6;20;1
66;162;6;33;1
66;162;6;43;1
66;162;6;55;1
66;162;7;12;2
66;162;7;13;14
66;162;7;14;1
66;162;7;22;3
66;162;7;44;2
66;162;7;50;1
66;162;7;55;1
66;284;6;5567;1
66;275;3;16;1
66;251;6;2277;1
66;14;6;1326;1
66;77;3;12;16
66;88;6;1515;1
66;303;7;22022;10
66;240;3;44;95
66;251;3;44;109
66;100;3;12;20
66;317;7;11111;3
66;129;6;2277;4
66;60;7;55011;2
66;322;6;95;10
66;15;7;13258;1
66;157;6;5055;1
66;148;7;13123;1
66;225;7;44123;1
66;20;7;55678;6
66;84;6;96;11
66;185;3;21;1
66;315;7;15222;1
66;208;7;13131;1
66;204;7;12500;1
66;291;7;90909;1
66;1;3;95;5
66;120;6;4412;1
66;305;6;95;2
66;105;7;10400;1
66;153;6;2288;8
66;34;7;90881;1
66;98;6;1333;1
66;248;7;13456;1
66;248;7;15888;1
66;169;7;12222;9
66;81;6;2222;16
66;270;6;2222;12
66;20;6;2222;10
66;117;7;95;14
66;105;7;50013;1
66;292;7;11111;1
66;215;5;96;35
66;130;7;44567;2
66;248;5;95;14
66;130;6;2255;51
66;290;7;15151;1
66;182;7;13234;7
66;184;7;55333;1
66;47;6;3323;1
66;28;7;22222;4
66;28;7;44190;2
66;318;6;1221;1
66;78;7;13555;1
66;100;7;44789;3
66;288;6;2233;1
66;47;7;12500;2
66;223;6;4003;1
66;173;6;1470;1
66;139;5;555;2
66;313;6;2210;4
66;230;6;2277;10
66;154;6;4512;1
66;89;7;50777;1
66;291;6;10;1
66;42;6;1234;3
66;291;6;12;1
66;291;6;13;6
66;291;6;44;2
66;291;6;70;1
66;291;7;10;1
66;291;7;12;4
66;291;7;13;10
66;291;7;22;1
66;291;7;44;1
66;291;7;45;1
66;291;7;55;1
66;266;7;22147;1
66;304;7;10190;1
66;38;7;22022;10
66;65;7;14888;1
66;247;6;7044;2
66;248;6;4445;2
66;99;5;131;98
66;81;7;55555;2
66;264;7;12555;3
66;122;5;700;59
66;274;7;22;1
66;274;7;44;1
66;127;6;1221;1
66;127;6;4412;1
66;156;6;4444;1
66;125;6;1520;1
66;169;7;44123;1
66;47;6;4455;5
66;310;6;5013;1
66;239;7;10190;1
66;151;6;1292;1
66;294;7;45333;2
66;95;7;45333;1
66;160;6;4455;5
66;163;7;33333;1
66;167;6;4088;1
66;93;6;2200;2
66;129;6;2233;1
66;133;7;13333;1
66;1;7;44111;2
66;153;7;12300;1
66;221;6;1321;6
66;55;7;70123;3
66;55;5;700;104
66;227;6;7001;1
66;110;5;131;159
66;240;6;1213;1
66;321;6;1213;2
66;109;6;2288;1
66;293;7;33433;1
66;223;3;95;7
66;248;6;1214;12
66;228;6;2210;1
66;170;6;4412;1
66;62;6;4555;1
66;164;7;90684;1
66;164;6;2288;3
66;92;6;2288;2
66;227;6;2123;1
66;91;3;13;151
66;38;6;1314;1
66;186;3;13;110
66;76;6;2323;1
66;244;7;55333;4
66;182;7;22000;2
66;217;7;12111;2
66;273;6;1214;41
66;78;7;70369;1
66;181;6;1233;1
66;170;7;45300;1
66;105;7;13123;1
66;180;7;11444;1
66;173;7;44123;5
66;234;7;96;12
66;15;7;13133;1
66;66;6;2222;6
66;318;7;96;5
66;14;6;1314;1
66;217;6;1292;1
66;171;5;555;2
66;61;6;5555;2
66;313;7;10190;1
66;28;6;1520;3
66;99;6;5050;1
66;1;6;5055;1
66;129;6;2288;6
66;298;6;5001;2
66;249;6;4343;1
66;278;7;50500;3
66;52;6;1313;6
66;217;6;5588;1
66;277;7;12222;63
66;132;6;1111;1
66;234;6;1533;1
66;202;7;13133;4
66;164;7;40888;1
66;164;7;50013;1
66;185;6;4422;3
66;271;7;44321;1
66;301;6;4490;3
66;247;6;1213;1
66;17;7;23123;13
66;185;7;22555;111
66;64;6;4455;3
66;64;7;44999;1
66;75;7;12111;1
66;140;7;23192;3
66;220;7;11333;1
66;106;7;22222;3
66;270;5;131;133
66;104;6;7011;1
66;99;6;5555;2
66;148;7;13100;1
66;99;6;1323;1
66;296;6;4013;2
66;95;7;13138;1
66;300;7;22022;12
66;10;6;55;1
66;10;7;12;3
66;10;7;13;14
66;10;7;19;1
66;10;7;22;1
66;10;7;23;1
66;10;7;55;3
66;10;7;70;1
66;14;6;4000;1
66;288;6;96;12
66;160;7;22555;63
66;161;6;2200;8
66;195;6;1010;2
66;195;6;4456;1
66;122;6;4423;1
66;321;6;22;1
66;321;7;14;1
66;96;3;44;110
66;204;6;1522;1
66;223;7;15555;4
66;41;6;2200;3
66;271;6;1322;2
66;290;7;12755;1
66;298;6;1588;1
66;301;6;5005;1
66;98;6;4555;1
66;300;7;12011;1
66;1;6;4055;1
66;247;5;131;185
66;161;7;70123;1
66;151;7;45333;1
66;301;7;33200;1
66;89;6;5044;1
66;167;6;2266;1
66;237;7;23123;1
66;1;5;700;52
66;238;6;1333;4
66;95;6;1313;16
66;95;6;4466;1
66;124;6;1215;1
66;274;3;12;8
66;20;7;12222;31
66;81;6;5544;1
66;185;7;44123;1
66;182;6;2244;2
66;93;7;22777;4
66;205;6;1000;4
66;34;6;2288;3
66;311;7;70400;1
66;209;6;5555;2
66;133;7;44333;2
66;217;7;96;3
66;251;6;2244;1
66;79;6;4477;1
66;64;7;11113;1
66;64;7;22022;6
66;117;7;96;13
66;225;7;36192;1
66;203;7;22369;1
66;83;7;95;14
66;83;6;1111;10
66;96;6;5001;1
66;239;7;23123;1
66;18;6;2288;1
66;107;6;1122;1
66;334;6;4422;1
66;225;6;1311;1
66;129;6;5555;2
66;68;3;95;6
66;170;6;2277;3
66;205;7;22022;8
66;248;6;1212;1
66;298;6;5050;1
66;34;6;5511;5
66;111;7;65234;5
66;112;3;44;95
66;81;6;2200;1
66;181;7;44777;1
66;82;7;44999;2
66;67;3;95;11
66;295;6;1512;1
66;59;7;40277;1
66;59;5;95;10
66;52;7;14;1
66;268;6;5555;8
66;129;7;13333;6
66;249;6;1322;1
66;228;6;4410;3
66;182;7;22022;43
66;20;7;13013;1
66;132;6;1010;1
66;132;6;4456;1
66;63;7;13123;2
66;322;5;131;135
66;109;6;2222;17
66;108;7;12000;44
66;248;6;2233;2
66;270;7;50000;1
66;233;7;96;5
66;83;7;22120;1
66;110;3;13;143
66;57;3;12;8
66;270;5;160;1
66;270;6;5050;1
66;170;5;160;1
66;204;3;96;18
66;207;3;21;1
66;78;6;7040;2
66;239;7;14393;1
66;151;6;10;1
66;151;6;11;1
66;151;6;12;2
66;151;6;13;5
66;151;6;22;1
66;151;6;23;1
66;80;3;12;26
66;266;7;90123;1
66;91;5;555;2
66;186;3;12;19
66;276;3;95;9
66;88;3;95;4
66;109;6;5013;1
66;248;7;44020;3
66;248;7;96;15
66;42;6;5055;1
66;228;6;7040;1
66;140;7;33000;1
66;288;7;10190;2
66;316;7;22;2
66;316;7;65;1
66;58;3;96;15
66;64;6;5050;1
66;290;6;5555;1
66;98;6;1292;1
66;239;7;13123;2
66;92;7;95;10
66;209;6;2277;1
66;48;6;1322;2
66;171;6;4410;2
66;96;7;13100;1
66;48;7;15123;1
66;278;7;55011;3
66;153;7;10000;1
66;268;7;55555;1
66;320;6;1221;2
66;244;6;1333;1
66;215;7;45333;3
66;42;7;45300;1
66;167;6;5588;3
66;276;7;12;1
66;276;7;13;9
66;221;7;22101;1
66;167;6;2323;1
66;244;6;1321;3
66;77;6;95;19
66;62;7;22444;1
66;124;6;1111;25
66;329;6;1269;1
66;124;6;6565;4
66;38;6;2200;3
66;148;7;22222;3
66;148;7;44190;1
66;220;7;13258;8
66;294;3;96;6
66;184;7;22022;12
66;90;7;22;6
66;90;7;70;4
66;321;6;4445;1
66;95;6;4555;1
66;62;7;15123;5
66;22;6;5055;2
66;215;6;6565;9
66;95;6;1111;18
66;78;6;2288;2
66;23;7;11111;1
66;297;6;4000;1
66;316;6;10;1
66;316;7;10;1
66;316;7;11;1
66;316;7;12;1
66;316;7;13;1
66;217;6;1299;1
66;49;6;2200;3
66;130;6;1213;3
66;40;6;1214;54
66;13;7;12190;1
66;301;7;50013;2
66;37;7;12114;1
66;207;7;70400;1
66;80;7;55678;28
66;220;6;2211;2
66;68;7;55678;16
66;296;3;13;80
66;124;6;1323;5
66;13;6;5050;1
66;268;7;33888;2
66;172;7;33145;1
66;160;6;2233;1
66;275;6;2288;3
66;243;7;90909;4
66;240;6;2255;55
66;321;6;2255;16
66;111;7;22556;1
66;124;6;2255;109
66;296;7;11000;1
66;329;7;90909;1
66;224;7;12300;8
66;231;6;1111;21
66;238;6;1313;6
66;215;3;95;8
66;182;7;44333;7
66;69;6;2277;25
66;270;6;5511;16
66;22;6;1533;1
66;321;6;2201;1
66;161;6;4400;2
66;100;7;12000;51
66;228;7;12000;55
66;51;6;4422;1
66;290;6;4012;2
66;205;6;4012;2
66;302;5;95;3
66;211;7;12222;5
66;301;6;6565;1
66;308;6;2255;39
66;274;6;7000;1
66;127;6;1515;1
66;127;6;9001;2
66;109;6;5555;10
66;334;6;1303;1
66;81;6;1321;3
66;295;6;5511;5
66;123;6;2277;2
66;303;7;90180;1
66;314;7;50131;2
66;298;6;95;21
66;17;7;13100;1
66;286;7;70700;1
66;308;7;45300;6
66;298;7;95;19
66;19;7;22555;85
66;248;6;2299;34
66;318;3;44;70
66;299;7;55123;1
66;254;7;95;31
66;254;6;1111;20
66;221;7;22555;81
66;51;7;12000;42
66;13;6;1311;1
66;47;7;50500;1
66;239;6;1277;2
66;173;7;22022;4
66;298;6;5555;8
66;60;6;9000;1
66;164;7;10400;2
66;162;6;2201;1
66;160;6;9010;1
66;308;7;12999;1
66;28;6;2200;5
66;225;7;22022;6
66;54;6;1213;3
66;208;6;4088;1
66;81;7;14014;1
66;81;7;44999;3
66;215;6;3300;2
66;93;3;96;13
66;69;7;12000;46
66;321;3;44;45
66;27;7;12000;28
66;303;7;44123;5
66;63;6;2277;7
66;301;7;13132;2
66;301;7;70222;1
66;162;7;44123;1
66;184;7;10190;1
66;287;6;5020;1
66;107;7;55678;16
66;308;6;1313;12
66;160;6;4447;6
66;217;7;12222;42
66;63;6;95;13
66;208;6;7000;1
66;139;7;11000;1
66;334;6;1326;1
66;112;6;2225;1
66;129;7;22777;3
66;125;7;45000;4
66;77;6;4410;7
66;312;7;13234;1
66;289;7;22111;1
66;149;7;70007;1
66;16;6;1322;2
66;18;3;21;1
66;276;7;44111;1
66;276;6;1292;8
66;167;7;13131;1
66;64;6;7070;1
66;153;3;95;11
66;240;6;2299;11
66;321;6;2299;1
66;139;7;44123;5
66;16;6;1321;2
66;47;5;700;95
66;243;7;15151;1
66;65;7;70345;1
66;122;6;5511;3
66;133;6;5055;2
66;317;7;96;4
66;82;7;14111;1
66;63;7;12011;1
66;312;6;95;8
66;185;6;2255;67
66;21;6;1111;14
66;18;7;44123;1
66;62;7;44123;2
66;276;7;70123;2
66;169;7;22567;1
66;37;6;2255;49
66;11;7;44123;4
66;104;3;96;24
66;14;7;12123;1
66;238;7;70007;1
66;300;7;90909;1
66;82;7;15678;1
66;166;7;13013;1
66;92;6;5055;2
66;130;6;2201;1
66;271;7;10030;1
66;41;6;5055;2
66;275;7;44123;1
66;38;6;1111;24
66;38;7;95;10
66;111;6;1533;1
66;109;6;1470;1
66;158;7;55678;12
66;318;7;22777;3
66;277;5;131;160
66;83;7;13222;1
66;308;6;1321;3
66;172;5;96;21
66;278;7;55678;15
66;322;7;55678;5
66;264;7;44400;2
66;308;6;2022;1
66;308;6;96;18
66;314;7;12011;2
66;83;6;1500;1
66;293;6;2244;3
66;185;7;12345;1
66;310;7;12222;12
66;284;6;5555;4
66;243;7;70070;1
66;299;7;33888;2
66;51;6;1234;1
66;59;6;1111;6
66;149;6;4410;1
66;317;7;12123;1
66;277;7;23192;1
66;267;6;6565;47
66;315;5;95;20
66;237;3;12;8
66;170;6;6565;1
66;41;7;96;3
66;300;6;1112;1
66;313;7;44123;1
66;186;6;5511;3
66;157;6;4422;3
66;276;6;2088;1
66;244;7;55888;1
66;76;6;4447;1
66;264;7;10123;4
66;80;6;1214;10
66;19;6;5511;6
66;108;6;5050;1
66;303;3;44;87
66;223;7;95;17
66;321;7;11000;1
66;128;7;22777;4
66;79;6;6565;2
66;65;7;70222;2
66;65;7;13132;1
66;88;6;9026;1
66;276;6;2277;5
66;94;6;2201;1
66;94;6;96;18
66;169;6;5533;11
66;162;6;96;9
66;249;7;55;1
66;249;7;65;2
66;249;7;70;2
66;249;6;11;1
66;249;6;13;5
66;249;6;22;1
66;249;6;70;1
66;186;6;6565;1
66;100;6;1233;1
66;91;6;2255;64
66;111;6;1300;1
66;111;7;55678;11
66;289;7;13013;1
66;290;6;4477;1
66;172;7;12111;6
66;10;6;95;18
66;230;6;4455;3
66;21;6;5000;1
66;215;6;2201;4
66;295;5;131;76
66;290;6;4455;1
66;182;7;95;20
66;182;6;1111;5
66;300;7;55011;4
66;301;7;13130;1
66;133;6;5044;1
66;133;6;5007;1
66;239;7;50500;2
66;329;6;1213;1
66;284;7;22222;7
66;84;5;700;79
66;286;6;1201;1
66;129;7;10124;2
66;129;7;22010;1
66;316;6;2210;2
66;301;6;1023;1
66;11;7;50013;1
66;68;7;13789;1
66;157;7;44567;1
66;158;7;23192;2
66;20;7;44333;1
66;77;7;13123;2
66;82;6;2244;1
66;311;6;4444;1
66;67;6;2299;1
66;88;7;13100;1
66;276;7;13100;1
66;225;6;1020;2
66;81;7;22222;5
66;81;7;44190;1
66;303;7;13333;4
66;16;7;70123;2
66;16;5;700;94
66;205;6;2123;2
66;224;7;33888;4
66;47;6;2299;1
66;139;6;4010;1
66;127;5;96;16
66;171;7;70699;1
66;294;7;65234;15
66;293;7;70007;1
66;317;6;4410;4
66;62;6;5511;14
66;18;6;5511;4
66;39;7;13777;2
66;124;5;555;1
66;129;7;13234;2
66;294;6;5511;4
66;209;6;4422;1
66;320;6;4490;2
66;156;6;4012;1
66;297;7;33145;1
66;312;6;96;3
66;295;7;96;9
66;249;6;2200;3
66;48;7;23123;18
66;65;6;2255;75
66;254;7;65700;1
66;254;7;12600;1
66;14;7;13234;2
66;163;3;13;139
66;16;7;44333;1
66;151;7;23123;1
66;51;6;1000;2
66;48;6;2299;7
66;158;6;9090;1
66;316;6;1214;28
66;211;6;1214;9
66;64;6;6565;1
66;299;7;13132;1
66;28;7;12222;9
66;161;7;10123;6
66;89;6;1010;10
66;180;7;11333;1
66;79;6;2222;4
66;120;6;5013;6
66;238;7;45111;2
66;243;7;12222;6
66;298;7;55333;4
66;220;6;1323;2
66;37;6;4410;2
66;217;6;5567;2
66;275;7;12000;5
66;172;6;1292;7
66;304;7;10000;6
66;296;6;1000;2
66;310;6;1522;1
66;1;7;13234;1
66;39;6;1322;4
66;67;7;12345;1
66;91;6;4420;2
66;34;7;50013;1
66;12;7;12600;1
66;40;7;13132;1
66;149;7;95;19
66;79;7;11111;1
66;195;7;12888;4
66;304;6;1111;12
66;60;7;22380;1
66;60;7;44333;1
66;318;7;55123;1
66;125;6;1314;1
66;162;7;22678;1
66;59;6;1500;1
66;105;7;12000;8
66;302;6;2277;3
66;13;6;1321;1
66;320;7;23190;1
66;217;6;96;1
66;11;6;1233;2
66;41;7;22022;5
66;39;7;22120;1
66;89;5;95;16
66;48;6;2222;9
66;293;7;13131;1
66;301;7;12555;2
66;61;7;50500;1
66;48;7;33133;2
66;296;3;44;104
66;64;7;22222;8
66;57;7;12114;2
66;36;6;4410;2
66;154;6;5599;2
66;129;7;12755;1
66;21;7;15123;9
66;248;6;1292;5
66;17;6;4400;1
66;125;6;1321;4
66;244;6;1012;1
66;21;7;36400;1
66;164;6;4456;1
66;162;7;23123;7
66;123;6;5567;1
66;75;6;96;14
66;228;6;1311;1
66;244;6;95;17
66;244;7;45000;2
66;321;6;1016;4
66;161;7;50000;1
66;64;6;12;1
66;64;6;13;4
66;64;6;22;2
66;64;6;44;2
66;28;7;23192;1
66;204;6;2299;13
66;66;7;12000;94
66;300;6;5555;2
66;41;6;1313;4
66;129;6;1023;2
66;151;6;1212;1
66;163;6;1255;1
66;158;6;5055;4
66;270;7;10123;7
66;91;7;13123;1
66;225;5;95;14
66;51;5;131;137
66;153;7;44888;1
66;55;7;13123;1
66;294;6;1533;1
66;290;7;70321;3
66;249;7;44333;2
66;11;6;1020;1
66;149;6;2210;1
66;16;5;131;169
66;321;6;4455;2
66;248;6;1977;1
66;167;6;2299;1
66;300;3;96;10
66;128;6;1213;3
66;42;7;45999;1
66;294;7;44333;2
66;39;7;13555;1
66;221;7;11113;1
66;221;7;22022;7
66;266;7;22555;84
66;100;6;5511;5
66;171;6;5555;1
66;208;7;70222;2
66;162;7;50000;1
66;54;3;95;5
66;291;6;4488;1
66;272;6;5050;4
66;264;3;13;111
66;63;6;1201;1
66;254;6;5511;13
66;292;6;95;6
66;292;7;45000;5
66;140;6;7044;1
66;209;5;131;164
66;233;5;131;168
66;48;7;12555;2
66;97;7;50500;2
66;39;7;50500;2
66;209;6;4444;9
66;315;6;5055;1
66;120;7;13123;1
66;248;6;4455;1
66;16;6;2211;1
66;28;6;1412;1
66;320;6;14;1
66;264;6;12;1
66;264;6;22;1
66;264;6;44;1
66;264;7;12;1
66;264;7;13;5
66;264;7;22;3
66;13;7;13456;1
66;37;6;6565;1
66;34;3;96;19
66;162;6;6565;6
66;75;6;4488;1
66;41;6;13;8
66;41;6;15;1
66;41;6;22;1
66;41;6;43;1
66;41;6;65;1
66;41;6;70;1
66;172;6;1321;1
66;298;6;1221;3
66;231;6;2277;3
66;268;7;45333;2
66;28;7;70090;1
66;68;7;12222;17
66;61;7;22556;1
66;100;7;13222;1
66;62;7;13234;1
66;228;6;96;8
66;12;7;22022;16
66;130;6;1000;2
66;308;6;4433;1
66;251;7;12;2
66;251;7;13;14
66;251;7;44;1
66;251;7;70;3
66;251;6;10;1
66;195;6;4477;1
66;251;6;11;1
66;251;6;12;3
66;251;6;13;6
66;251;6;20;1
66;251;6;22;1
66;63;7;12000;9
66;296;7;70321;1
66;76;6;4488;2
66;68;5;700;70
66;173;7;44333;2
66;248;7;10124;2
66;240;7;44333;1
66;251;7;44333;2
66;318;7;55678;2
66;56;7;22222;6
66;49;6;2244;2
66;120;5;131;140
66;304;7;12222;1
66;10;6;7040;1
66;161;6;1201;2
66;54;6;1010;21
66;54;6;4456;2
66;310;7;13133;1
66;292;5;96;10
66;60;7;50013;1
66;89;6;5511;9
66;39;7;11444;1
66;234;7;12888;2
66;217;6;1020;1
66;227;7;22777;10
66;224;6;1292;3
66;129;7;44567;2
66;40;6;13;5
66;40;6;44;1
66;40;7;10;1
66;40;7;12;2
66;40;7;13;9
66;40;7;22;5
66;40;7;43;1
66;40;7;45;1
66;40;7;55;1
66;40;7;70;3
66;139;7;12;2
66;139;7;13;9
66;139;7;22;1
66;139;7;44;3
66;139;7;65;1
66;139;7;70;3
66;139;6;12;2
66;139;6;13;8
66;139;6;22;1
66;182;7;13130;1
66;320;7;22022;5
66;272;6;1213;6
66;79;6;2299;24
66;182;7;15123;9
66;228;6;1292;8
66;148;7;13258;1
66;93;6;1313;3
66;292;5;555;1
66;322;6;4444;1
66;162;6;1333;1
66;181;7;12300;2
66;47;7;22511;4
66;47;7;96;7
66;299;6;5511;9
66;267;3;44;21
66;129;6;1333;1
66;276;6;7011;2
66;224;7;44020;1
66;224;7;96;17
66;149;6;1234;2
66;166;7;50500;1
66;186;6;1020;3
66;291;6;4000;1
66;186;7;10122;2
66;313;6;4080;1
66;211;7;22111;1
66;273;6;11;1
66;273;6;12;2
66;273;6;13;4
66;273;6;50;1
66;273;7;12;2
66;273;7;13;11
66;273;7;22;2
66;273;7;50;1
66;273;7;55;1
66;292;6;11;1
66;292;6;13;4
66;292;7;12;1
66;109;7;55011;2
66;40;6;96;7
66;96;6;2299;30
66;41;7;10;1
66;41;7;12;4
66;41;7;13;14
66;41;7;44;2
66;41;7;55;1
66;41;7;70;1
66;41;6;11;1
66;41;6;12;2
66;82;6;2323;3
66;291;6;1313;11
66;203;7;12144;1
66;254;6;1313;9
66;163;7;44567;1
66;92;7;22777;2
66;105;6;95;11
66;243;7;10124;1
66;290;6;1292;1
66;106;6;1277;1
66;225;6;7011;3
66;91;6;5013;1
66;195;7;22777;3
66;59;6;2299;35
66;202;6;13;2
66;202;7;55;1
66;202;7;70;1
66;202;7;80;1
66;129;6;12;1
66;129;6;13;2
66;40;6;4445;1
66;231;6;1214;96
66;227;7;11111;3
66;303;6;2277;1
66;240;7;55011;2
66;182;5;131;145
66;308;6;4490;1
66;308;6;5588;2
66;164;6;2200;4
66;133;7;22556;1
66;58;7;13258;2
66;123;7;12000;16
66;225;7;23123;5
66;53;6;1322;1
66;18;6;4422;1
66;57;7;22222;2
66;317;7;70123;1
66;106;7;22022;1
66;292;7;11444;1
66;170;7;22555;73
66;301;7;55678;16
66;292;6;5567;1
66;172;7;22022;6
66;38;6;4490;1
66;64;3;44;103
66;133;7;44777;2
66;186;6;3555;1
66;227;6;2222;4
66;65;7;22222;6
66;334;6;4410;1
66;125;7;65123;2
66;217;6;1333;1
66;224;7;12999;1
66;92;6;4410;1
66;299;7;12;1
66;299;7;13;4
66;299;7;22;1
66;299;7;50;1
66;284;5;131;181
66;251;7;10000;5
66;217;6;1214;49
66;275;6;2211;1
66;34;7;12222;78
66;305;6;1090;1
66;63;6;5533;4
66;271;3;13;127
66;57;7;22777;10
66;76;3;13;116
66;228;6;1214;69
66;321;7;13222;1
66;231;7;22777;5
66;268;7;50500;5
66;288;6;5055;3
66;247;7;15115;1
66;182;6;22;2
66;204;7;50113;1
66;296;6;2323;1
66;237;6;4490;1
66;11;7;44999;1
66;49;6;6565;2
66;169;7;50500;1
66;18;5;131;189
66;158;6;4512;2
66;62;6;1477;1
66;53;7;13234;1
66;224;7;23123;2
66;48;6;1112;2
66;321;3;13;32
66;240;3;13;103
66;308;7;13133;4
66;237;5;96;17
66;244;7;44456;1
66;273;7;10000;3
66;313;6;2277;1
66;27;7;12123;1
66;313;6;1111;15
66;313;7;95;23
66;153;6;1233;1
66;209;7;55011;1
66;34;7;44776;2
66;228;6;4420;3
66;299;6;1090;1
66;209;6;2255;73
66;329;7;13123;1
66;251;7;70070;1
66;94;7;44333;1
66;54;6;2288;10
66;14;7;12999;1
66;93;6;5055;1
66;290;7;45333;2
66;67;3;13;176
66;296;7;45000;4
66;296;6;95;14
66;15;3;96;12
66;34;7;10190;3
66;83;7;55333;5
66;20;7;22222;3
66;19;7;12111;1
66;100;7;70400;4
66;170;7;44020;3
66;160;7;70699;1
66;215;7;10123;3
66;53;7;55678;19
66;149;3;96;15
66;243;5;96;21
66;81;6;6565;1
66;82;6;1322;1
66;133;6;4422;3
66;299;6;1234;4
66;19;6;1313;2
66;158;6;2299;8
66;184;6;1213;3
66;278;6;3000;1
66;139;6;2277;3
66;139;6;3636;1
66;56;6;1322;1
66;287;7;13;1
66;13;7;44999;1
66;11;7;13130;1
66;92;6;1111;1
66;94;6;5511;7
66;243;6;95;32
66;163;6;95;10
66;209;7;65234;7
66;286;6;1292;2
66;18;6;1311;2
66;88;6;1010;9
66;125;6;1221;2
66;157;7;70123;2
66;157;5;700;107
66;278;7;95;12
66;157;6;1533;1
66;318;3;95;7
66;300;7;70;1
66;153;6;5013;1
66;268;7;70007;1
66;162;3;96;10
66;76;7;12111;1
66;297;7;95;17
66;297;6;1111;2
66;27;3;12;19
66;66;5;96;32
66;48;7;10190;1
66;300;6;1322;3
66;274;6;5013;1
66;95;6;5567;1
66;249;7;12127;1
66;291;6;2222;9
66;28;7;13456;1
66;91;5;95;14
66;152;7;44020;4
66;297;7;13513;1
66;36;5;700;23
66;264;5;700;101
66;275;6;5533;8
66;13;3;13;112
66;54;5;700;88
66;288;6;5511;15
66;110;6;1111;7
66;11;3;96;14
66;105;7;10000;3
66;275;7;95;10
66;208;7;13456;1
66;208;7;15888;1
66;186;7;33193;2
66;80;7;13132;1
66;112;7;55666;1
66;95;7;10124;1
66;186;7;23190;1
66;167;7;12333;2
66;108;6;1213;9
66;268;7;15151;1
66;124;7;22022;2
66;243;6;4444;2
66;300;7;45300;1
66;304;6;1010;6
66;1;7;13123;1
66;157;7;12144;10
66;106;3;12;7
66;317;7;12144;1
66;67;6;1213;1
66;57;3;95;4
66;84;7;12144;1
66;167;3;12;15
66;100;6;2255;94
66;310;5;131;70
66;153;7;22678;1
66;322;7;44123;4
66;130;7;44020;1
66;130;7;96;21
66;90;6;1111;10
66;274;7;12444;1
66;99;6;4444;1
66;275;7;13333;1
66;294;7;23123;1
66;84;6;1213;2
66;61;6;1313;2
66;42;6;2210;1
66;88;6;4499;1
66;182;7;23190;1
66;182;7;13789;1
66;224;5;555;3
66;276;6;1412;1
66;163;6;1277;1
66;108;6;2288;1
66;181;7;23123;5
66;69;7;70123;1
66;69;5;700;86
66;181;5;95;17
66;223;5;95;14
66;300;6;3000;1
66;276;6;1213;2
66;169;7;96;6
66;313;7;80180;1
66;153;3;96;19
66;68;6;4477;2
66;21;7;65234;2
66;297;7;10000;6
66;95;7;11113;1
66;95;7;22022;6
66;316;6;96;1
66;211;6;96;10
66;298;7;65234;4
66;300;6;1515;1
66;95;6;1311;1
66;163;7;33099;1
66;132;3;13;90
66;130;7;13222;1
66;130;7;44999;3
66;311;7;22022;2
66;239;7;55678;10
66;127;6;4444;3
66;22;7;33888;1
66;22;6;2200;2
66;223;6;5522;1
66;223;6;95;14
66;139;6;2222;12
66;296;7;44567;1
66;180;7;13789;1
66;181;7;13133;4
66;223;7;13133;3
66;272;7;12114;1
66;97;6;1213;7
66;107;7;44556;1
66;278;6;2255;32
66;75;7;12222;65
66;207;7;11111;1
66;21;6;4567;1
66;10;6;1020;2
66;91;6;4444;1
66;244;6;2200;2
66;61;3;95;7
66;204;7;12111;2
66;48;6;1522;2
66;48;7;15001;1
66;161;6;4088;1
66;291;7;33888;3
66;217;5;96;32
66;132;5;96;26
66;53;7;22555;60
66;170;6;5001;1
66;234;7;11999;1
66;15;6;2288;12
66;49;7;23190;1
66;153;7;15555;1
66;288;7;13555;2
66;202;6;5044;1
66;314;6;1321;3
66;63;6;5500;1
66;82;7;55999;1
66;37;7;11999;1
66;125;6;1112;1
66;244;6;1112;2
66;315;7;22022;7
66;293;7;12321;1
66;228;3;12;16
66;334;3;95;7
66;266;7;70300;1
66;99;7;95;9
66;99;6;1111;20
66;20;7;10222;2
66;127;7;15123;7
66;275;7;44700;1
66;81;6;2299;6
66;170;3;12;15
66;124;3;44;91
66;53;6;7040;2
66;268;6;4433;1
66;311;6;1010;6
66;153;6;1090;1
66;275;7;55333;1
66;272;6;13;4
66;272;6;22;1
66;272;7;10;1
66;272;7;11;1
66;272;7;12;4
66;272;7;13;9
66;272;7;36;1
66;272;7;44;1
66;272;7;55;1
66;272;7;70;1
66;152;6;12;2
66;152;6;13;1
66;152;6;22;1
66;152;6;33;1
66;152;6;55;1
66;152;6;90;1
66;22;6;95;16
66;96;7;50013;1
66;152;7;10;1
66;152;7;12;5
66;152;7;13;8
66;152;7;55;1
66;204;7;33888;1
66;173;6;1214;38
66;133;7;45300;1
66;40;3;96;12
66;149;6;96;8
66;67;6;1234;2
66;41;7;50013;1
66;318;6;2255;41
66;202;6;95;10
66;202;7;45000;8
66;320;5;700;41
66;110;7;11111;2
66;311;7;12000;21
66;56;7;50500;4
66;211;7;65234;2
66;181;3;80;1
66;297;6;1233;2
66;20;6;1111;3
66;247;6;1478;1
66;231;5;131;175
66;148;7;36190;1
66;170;7;12000;10
66;313;7;22111;1
66;208;7;15123;6
66;55;7;55678;50
66;164;7;70123;2
66;164;5;700;103
66;17;6;4477;2
66;111;6;4477;1
66;133;7;95;14
66;302;6;1214;34
66;153;6;95;12
66;217;6;7020;2
66;211;7;15123;1
66;182;7;50013;1
66;161;6;2244;1
66;56;7;13123;1
66;167;6;1010;1
66;140;7;22022;5
66;180;7;12000;40
66;1;6;1292;1
66;58;6;1212;2
66;286;6;96;7
66;186;6;2299;3
66;96;7;23123;6
66;99;6;5500;1
66;89;7;55678;6
66;49;7;15333;1
66;59;7;13131;1
66;56;7;12100;1
66;170;7;12300;1
66;160;6;4456;1
66;21;6;4447;2
66;77;3;95;12
66;127;7;11000;2
66;158;7;12345;1
66;267;6;4433;3
66;322;7;13132;1
66;322;7;70222;4
66;77;7;12500;1
66;139;7;22777;3
66;291;7;10123;8
66;297;7;10700;3
66;56;7;22777;23
66;122;3;44;79
66;129;7;44333;1
66;12;5;96;23
66;225;7;55011;3
66;22;5;131;169
66;96;3;21;1
66;254;6;4422;3
66;17;6;4422;2
66;111;6;4422;2
66;104;6;1233;1
66;288;7;22777;4
66;49;6;1533;4
66;61;5;700;66
66;37;7;13222;1
66;180;7;55;1
66;180;7;65;1
66;180;7;70;2
66;290;6;4000;1
66;41;7;12000;69
66;296;6;96;8
66;156;7;45123;1
66;312;6;1111;3
66;312;7;95;8
66;94;7;70000;1
66;140;7;50777;1
66;105;6;1000;3
66;180;6;7001;1
66;303;7;45300;1
66;82;6;4490;2
66;234;6;12;4
66;234;6;13;1
66;234;6;14;1
66;234;6;22;3
66;266;6;4444;1
66;139;7;12600;1
66;273;6;4530;1
66;298;6;2222;23
66;106;7;10;1
66;106;7;13;11
66;106;7;22;1
66;106;7;23;1
66;106;7;33;1
66;106;7;50;1
66;106;7;70;1
66;106;6;12;1
66;106;6;13;4
66;106;6;22;1
66;106;6;23;1
66;106;6;44;1
66;106;6;50;5
66;17;7;45000;2
66;48;6;4488;1
66;334;7;12755;1
66;42;7;44776;2
66;41;7;70400;1
66;204;6;1214;73
66;322;6;4000;1
66;322;7;22678;1
66;318;7;50500;1
66;122;6;1010;3
66;14;6;2323;1
66;15;6;1023;2
66;39;7;12000;1
66;247;6;1234;2
66;95;6;1251;2
66;204;7;15120;1
66;322;7;33888;1
66;40;6;1020;1
66;271;3;44;98
66;221;6;2201;1
66;266;7;44020;4
66;266;7;96;19
66;290;6;2210;1
66;208;3;95;10
66;310;6;4000;2
66;225;7;11111;2
66;123;6;96;3
66;318;6;1000;4
66;124;7;13234;2
66;298;7;65013;1
66;204;7;33567;1
66;162;6;4490;3
66;162;6;5588;4
66;297;3;95;10
66;301;6;4410;2
66;295;6;1251;1
66;49;6;10;1
66;49;6;13;4
66;49;6;22;2
66;49;6;23;1
66;49;6;33;1
66;49;6;65;1
66;92;6;2323;2
66;208;6;2222;13
66;1;3;21;1
66;40;7;13555;1
66;58;6;1313;5
66;248;7;45123;1
66;248;7;22556;3
66;23;6;7011;1
66;39;6;1000;4
66;291;6;4444;5
66;295;7;65123;1
66;180;3;12;11
66;47;6;2211;4
66;166;6;96;2
66;80;6;1313;7
66;21;7;13013;1
66;35;6;1333;4
66;230;6;2201;1
66;129;7;45333;1
66;268;3;12;23
66;64;5;96;30
66;322;7;44776;1
66;68;7;96;4
66;61;7;33033;2
66;77;6;5588;2
66;124;7;12600;1
66;167;7;44567;1
66;308;6;2323;3
66;140;6;1213;1
66;215;6;1111;11
66;215;7;14678;1
66;23;7;22777;15
66;297;6;1201;1
66;204;7;10123;5
66;129;6;2255;54
66;49;6;1313;21
66;286;7;55011;1
66;276;7;44027;1
66;18;7;55;4
66;18;7;70;1
66;161;7;44888;1
66;41;7;44777;1
66;172;6;6565;5
66;156;7;15888;1
66;293;6;1177;1
66;247;7;55888;3
66;322;6;4567;2
66;55;6;1111;44
66;55;7;95;7
66;156;6;12;2
66;156;6;13;1
66;156;6;22;1
66;156;7;12;4
66;156;7;13;4
66;156;7;22;3
66;156;7;33;1
66;156;7;44;1
66;156;7;55;1
66;156;7;70;1
66;151;7;33033;1
66;173;6;1221;2
66;122;7;55011;1
66;298;6;4488;2
66;207;3;96;30
66;36;5;95;3
66;238;3;13;162
66;275;7;55678;9
66;65;7;45;1
66;287;6;2222;6
66;38;7;70321;1
66;1;3;96;6
66;16;7;33700;1
66;209;7;33456;1
66;95;6;2222;10
66;63;7;22777;6
66;63;6;4343;1
66;120;7;23123;7
66;65;6;1313;7
66;329;6;1234;3
66;329;6;4411;1
66;54;7;70321;3
66;96;7;44190;1
66;17;7;70222;1
66;320;7;10123;1
66;66;7;70090;1
66;224;6;2323;1
66;301;7;12300;2
66;301;7;45413;1
66;167;7;12222;13
66;297;7;10777;1
66;239;6;95;8
66;239;7;45000;11
66;14;7;55333;2
66;299;7;13777;3
66;293;7;12300;6
66;266;6;1214;51
66;40;7;43211;1
66;52;7;43333;1
66;160;6;1234;2
66;81;6;96;10
66;48;7;13555;3
66;109;6;1000;2
66;233;6;2277;3
66;275;6;2277;8
66;63;6;2222;16
66;312;7;12222;1
66;76;5;131;133
66;313;6;96;6
66;288;7;13131;2
66;167;6;1112;3
66;221;7;70321;1
66;51;7;55678;7
66;129;6;4447;1
66;297;6;5115;1
66;149;6;5555;4
66;127;6;2255;70
66;308;7;96;19
66;92;6;2210;1
66;154;5;95;12
66;217;6;1515;1
66;1;7;10400;1
66;244;6;5511;12
66;311;5;555;1
66;207;7;14014;1
66;313;6;1233;1
66;303;7;13132;1
66;303;7;70222;1
66;254;7;44123;3
66;42;6;4512;1
66;90;6;1311;1
66;40;6;5055;1
66;156;7;44567;1
66;312;5;700;34
66;181;6;2288;2
66;13;7;44777;3
66;334;6;1333;2
66;109;3;13;137
66;83;7;44123;1
66;254;6;95;29
66;181;7;13222;1
66;47;6;1292;2
66;95;6;2210;3
66;156;7;10190;1
66;290;6;2200;4
66;11;6;5588;1
66;120;6;1321;5
66;182;5;700;142
66;15;7;95;8
66;93;7;12888;1
66;277;5;95;16
66;75;7;44333;1
66;40;7;22555;75
66;80;7;13333;1
66;75;6;1321;3
66;88;6;5511;10
66;184;7;22777;1
66;170;6;95;33
66;251;6;1311;1
66;63;5;131;141
66;287;6;4020;1
66;184;7;13133;1
66;15;7;13123;1
66;75;6;5005;1
66;75;7;44027;3
66;84;6;5555;23
66;304;6;1533;1
66;288;7;13258;2
66;97;7;22120;1
66;294;6;7044;1
66;268;6;6565;2
66;41;7;10123;5
66;49;6;2227;1
66;49;7;50500;1
66;12;7;12500;1
66;288;7;13234;1
66;124;7;12222;3
66;208;7;44020;7
66;208;7;96;14
66;172;7;10123;2
66;93;6;4055;1
66;322;3;13;111
66;21;7;10190;2
66;208;6;1588;1
66;208;6;96;15
66;42;3;96;12
66;39;6;5533;2
66;151;5;131;156
66;299;6;4490;1
66;299;6;5588;1
66;148;6;5007;1
66;148;7;12333;1
66;149;6;1214;67
66;310;7;33145;2
66;117;7;22022;3
66;276;7;22555;71
66;93;7;13132;1
66;304;5;95;12
66;120;6;5005;4
66;309;6;2033;2
66;195;6;2210;1
66;202;5;96;8
66;66;6;1020;3
66;308;7;55234;1
66;156;6;1269;2
66;156;6;4321;1
66;303;7;12333;1
66;76;6;5555;1
66;124;7;12111;1
66;166;6;5055;11
66;297;7;22555;24
66;105;7;95;12
66;169;3;95;11
66;81;7;13131;1
66;97;6;2227;1
66;298;6;5511;12
66;64;6;5511;2
66;157;7;22555;64
66;297;6;2233;1
66;154;7;13456;1
66;16;6;4490;2
66;76;7;45300;7
66;27;6;5533;3
66;28;7;15580;1
66;59;7;33888;2
66;83;6;1251;2
66;318;7;44567;1
66;108;6;2233;1
66;54;5;95;9
66;104;7;22123;1
66;18;3;13;172
66;109;7;11111;1
66;69;6;1313;9
66;129;7;55011;1
66;61;7;22777;9
66;288;7;65700;1
66;40;6;2277;5
66;301;6;1214;24
66;238;7;14014;1
66;19;6;23;1
66;19;6;55;1
66;19;6;10;1
66;19;6;11;1
66;19;6;12;5
66;156;7;23190;1
66;247;7;12000;70
66;58;6;6565;11
66;59;7;23123;3
66;171;6;1213;3
66;140;6;1214;70
66;299;7;55011;1
66;298;3;96;10
66;22;3;44;114
66;37;7;44567;1
66;95;6;5511;14
66;83;6;4456;3
66;278;6;1111;10
66;293;7;12555;1
66;272;7;44999;1
66;292;3;12;4
66;140;6;2222;18
66;122;6;95;8
66;38;7;22777;5
66;164;7;13123;2
66;60;6;2299;1
66;51;6;1010;9
66;184;6;1000;2
66;11;7;13100;1
66;65;7;44333;2
66;268;6;5005;1
66;158;6;2200;3
66;61;7;15123;3
66;34;6;1322;3
66;21;6;2255;42
66;95;6;2288;2
66;180;7;13258;2
66;240;6;1313;4
66;297;7;55333;2
66;286;6;1313;8
66;243;7;12300;7
66;124;7;70222;1
66;234;6;96;11
66;80;3;13;139
66;291;6;2210;1
66;39;5;131;160
66;248;6;4050;2
66;248;7;44600;1
66;314;7;44123;1
66;111;6;1314;1
66;96;6;1522;1
66;94;7;50444;1
66;171;7;12100;1
66;53;7;65700;2
66;55;5;96;24
66;291;5;700;76
66;75;6;4410;8
66;329;7;12100;2
66;244;7;12123;1
66;65;7;13123;1
66;93;6;9001;3
66;334;7;14014;1
66;154;5;131;157
66;36;3;96;8
66;240;6;5055;2
66;224;6;1213;4
66;294;7;12000;60
66;303;6;1322;5
66;105;7;30000;1
66;173;7;12222;26
66;217;7;13013;1
66;153;6;1313;7
66;211;6;1010;7
66;211;6;4456;1
66;184;6;4555;1
66;11;6;1322;4
66;215;5;700;105
66;266;7;95;16
66;13;7;50013;3
66;160;3;44;95
66;48;7;44321;1
66;153;7;55333;2
66;173;6;5511;9
66;48;7;15120;1
66;243;3;80;1
66;164;6;1016;1
66;92;7;50500;1
66;211;7;12500;2
66;69;7;13133;1
66;215;6;2222;18
66;49;7;22022;2
66;204;7;12114;3
66;315;6;7011;2
66;290;6;1123;1
66;249;5;555;1
66;321;7;55;1
66;321;6;14;1
66;309;7;12999;1
66;195;7;12999;2
66;158;7;22222;6
66;158;7;44190;2
66;12;7;13234;2
66;284;5;700;90
66;22;6;5555;19
66;334;7;55678;1
66;266;7;23192;1
66;41;7;22555;87
66;130;7;90909;1
66;12;7;22000;1
66;37;6;1222;1
66;37;6;1234;2
66;18;6;1222;1
66;316;7;22555;12
66;11;3;13;119
66;34;6;1333;1
66;125;7;22222;11
66;125;7;44190;1
66;96;5;96;32
66;202;6;1214;20
66;231;3;95;13
66;167;7;12144;10
66;239;5;95;15
66;57;6;1111;19
66;98;6;4477;1
66;321;6;2288;2
66;185;7;12222;6
66;264;6;5001;1
66;313;6;1221;2
66;209;6;5533;1
66;239;7;65234;4
66;296;7;45300;2
66;123;7;45333;1
66;149;6;5533;3
66;11;6;5555;2
66;42;6;2255;69
66;63;6;11;1
66;63;6;12;2
66;89;6;2277;2
66;38;7;55333;1
66;152;6;2222;16
66;49;6;1212;1
66;291;7;12222;55
66;125;6;2022;1
66;82;7;12123;1
66;11;7;55234;1
66;237;7;95;12
66;173;3;12;11
66;297;7;13555;1
66;158;7;44777;1
66;291;5;96;28
66;53;7;70;4
66;53;7;13;8
66;53;7;22;2
66;290;6;2288;6
66;243;7;12000;6
66;120;7;12111;1
66;172;7;55234;1
66;77;7;13133;2
66;99;6;1010;12
66;99;6;4456;1
66;88;6;4422;1
66;273;6;1233;2
66;48;7;55678;12
66;240;7;44123;1
66;49;7;45999;2
66;35;7;11999;1
66;237;7;96;11
66;315;5;555;2
66;318;7;22555;63
66;322;3;12;17
66;181;7;44321;1
66;321;7;22111;1
66;211;7;50113;1
66;231;6;2288;3
66;96;7;10123;9
66;39;6;2200;5
66;217;5;95;11
66;132;5;95;15
66;166;6;5511;7
66;151;7;44333;2
66;182;7;12222;3
66;82;6;5533;12
66;221;7;44999;1
66;211;6;2288;4
66;13;6;1515;1
66;83;6;2299;14
66;180;7;44776;1
66;149;6;95;15
66;295;6;1111;5
66;12;6;1010;3
66;320;7;11111;7
66;205;7;90887;1
66;153;6;12;7
66;153;6;13;3
66;296;6;1322;4
66;153;6;19;1
66;153;6;22;1
66;153;7;12;3
66;153;7;13;19
66;153;7;14;1
66;153;7;15;1
66;153;7;22;3
66;153;7;23;1
66;153;7;70;1
66;185;7;33888;4
66;130;6;5555;4
66;266;3;96;17
66;163;7;50500;1
66;95;7;10123;3
66;40;7;44777;2
66;303;6;2200;1
66;23;6;2277;18
66;13;7;44567;1
66;243;7;80180;1
66;276;6;1221;3
66;294;6;5588;1
66;63;6;4012;1
66;185;6;96;20
66;184;6;4444;1
66;289;6;96;5
66;94;6;4012;1
66;240;7;12144;1
66;266;6;1533;3
66;16;6;1111;15
66;16;7;95;16
66;81;6;4512;3
66;97;7;13222;2
66;231;7;95;19
66;290;6;1010;7
66;290;6;4456;1
66;172;7;13013;1
66;36;7;96;5
66;158;6;1292;2
66;39;6;2244;1
66;17;6;5555;2
66;301;6;5511;16
66;36;7;13131;1
66;182;7;23192;2
66;82;6;1012;1
66;82;6;1321;6
66;63;6;1000;3
66;88;7;13333;2
66;276;7;13333;1
66;271;7;13222;1
66;69;7;15123;5
66;14;7;12789;1
66;284;7;10124;1
66;172;6;5013;2
66;68;6;1292;1
66;298;6;5577;1
66;298;7;12222;2
66;290;7;13132;1
66;290;7;70222;2
66;77;3;13;108
66;217;7;15123;13
66;294;7;55555;2
66;42;5;555;3
66;81;6;1023;1
66;140;6;9001;2
66;185;6;4512;1
66;109;6;1213;6
66;16;3;13;140
66;154;7;10190;1
66;122;7;12222;4
66;207;7;55234;1
66;11;6;2288;8
66;181;6;95;23
66;69;7;11444;3
66;170;6;2200;3
66;151;7;11444;1
66;149;6;1213;9
66;278;6;4466;1
66;127;6;1212;1
66;264;7;10102;1
66;19;3;16;1
66;62;7;13100;1
66;139;7;50777;1
66;305;7;10124;1
66;94;6;2210;1
66;76;7;50500;3
66;329;7;12345;3
66;48;7;12888;3
66;313;6;8080;1
66;248;7;36192;1
66;254;7;50500;1
66;23;7;12000;120
66;58;6;95;9
66;58;7;45000;1
66;158;7;13131;1
66;277;6;2244;4
66;17;3;12;22
66;161;7;23190;1
66;56;6;96;6
66;125;6;2200;4
66;65;7;15888;1
66;21;7;12000;8
66;217;7;12144;6
66;60;7;13789;1
66;60;7;15;1
66;60;7;22;3
66;60;7;23;1
66;60;7;45;1
66;60;7;70;2
66;1;7;12;1
66;1;7;13;9
66;1;7;22;1
66;1;7;70;1
66;154;6;5511;8
66;154;5;160;1
66;289;5;160;1
66;296;7;13100;1
66;157;7;50113;1
66;161;6;1011;1
66;10;7;22022;12
66;329;7;44444;1
66;110;7;12000;55
66;110;7;14180;1
66;82;7;45300;3
66;75;6;4490;2
66;48;6;13;7
66;48;6;22;2
66;48;6;33;2
66;48;6;36;1
66;48;6;44;1
66;48;7;12;3
66;48;7;13;9
66;48;7;14;1
66;48;7;22;5
66;48;7;23;1
66;56;7;11000;1
66;329;7;13234;2
66;169;3;44;124
66;48;6;4412;1
66;223;6;1010;6
66;209;7;13;3
66;209;7;70;2
66;209;6;12;1
66;208;7;13100;1
66;61;6;2201;2
66;272;3;13;163
66;151;7;11999;1
66;294;7;33133;2
66;133;7;11000;2
66;133;7;13111;1
66;12;6;6565;4
66;128;5;96;21
66;278;6;4422;6
66;42;3;13;144
66;169;6;1111;15
66;169;7;95;17
66;122;6;5055;3
66;130;5;95;21
66;42;7;23123;1
66;314;6;5007;1
66;125;6;1023;1
66;244;6;1023;1
66;13;7;12300;1
66;237;6;1221;2
66;99;7;96;13
66;91;6;5511;9
66;78;7;10000;3
66;12;7;22222;3
66;12;7;44190;1
66;318;3;13;71
66;79;7;12000;8
66;91;5;700;48
66;169;7;55678;19
66;58;3;13;160
66;127;7;22022;6
66;81;6;95;32
66;51;6;2255;60
66;109;7;12000;65
66;267;6;1111;5
66;248;6;5567;1
66;275;7;70000;2
66;182;5;555;15
66;89;7;22222;9
66;154;7;23123;3
66;185;7;23123;3
66;81;7;13333;3
66;108;6;5500;1
66;180;6;2210;4
66;231;7;55999;1
66;129;6;4456;1
66;22;6;2201;1
66;22;6;5515;1
66;237;6;2299;5
66;276;6;5555;15
66;84;7;22555;110
66;62;6;4455;1
66;58;7;12444;1
66;309;6;2255;54
66;195;6;2255;28
66;317;7;13777;2
66;110;7;55011;1
66;320;6;2299;9
66;94;7;45111;1
66;180;6;1285;1
66;11;7;10123;6
66;157;6;7001;1
66;313;6;95;18
66;40;6;4013;2
66;57;6;1000;5
66;15;6;2277;4
66;125;6;2244;2
66;170;7;22123;1
66;294;6;4422;1
66;225;6;5555;4
66;64;5;700;98
66;299;7;50777;1
66;163;6;5533;5
66;277;7;15123;1
66;171;6;1020;2
66;182;6;2255;35
66;14;6;95;16
66;273;7;11113;1
66;273;7;22022;4
66;304;6;1333;1
66;156;6;5007;1
66;83;7;22222;5
66;231;6;5555;3
66;334;7;22555;2
66;204;7;70000;1
66;207;7;12190;1
66;317;6;95;2
66;207;7;12222;5
66;249;6;5533;2
66;164;6;5533;3
66;109;7;22678;1
66;1;7;45000;1
66;311;6;4477;1
66;153;6;1112;1
66;161;7;44020;1
66;161;7;96;15
66;273;7;22333;1
66;303;7;50013;3
66;233;6;1012;2
66;182;5;95;15
66;203;7;22777;15
66;209;7;13444;2
66;130;6;4422;10
66;288;6;95;22
66;128;6;1233;1
66;239;3;95;7
66;53;6;1201;1
66;237;7;22022;2
66;22;6;1214;69
66;111;7;22111;1
66;315;6;1322;1
66;161;7;13133;1
66;90;5;95;17
66;254;7;15123;8
66;69;6;5005;1
66;47;7;22380;2
66;298;6;1412;1
66;239;7;13234;2
66;221;6;2299;19
66;60;6;96;17
66;284;6;2255;104
66;314;6;95;19
66;314;7;45000;1
66;20;7;70222;1
66;58;6;1221;4
66;162;6;4011;1
66;1;6;5522;1
66;1;6;95;10
66;298;6;4444;2
66;39;6;1111;11
66;48;6;5501;1
66;10;5;131;129
66;53;6;5566;1
66;66;6;5511;4
66;162;7;10000;3
66;288;7;13333;5
66;291;7;23192;1
66;10;7;33193;1
66;92;6;1000;1
66;83;6;2288;1
66;89;6;1000;3
66;170;7;15123;11
66;314;7;22777;2
66;106;6;2255;46
66;231;6;5511;3
66;90;7;43640;1
66;13;6;1313;4
66;184;7;12999;1
66;227;7;44690;1
66;149;7;65234;6
66;205;7;10124;2
66;38;5;131;165
66;268;6;3535;2
66;312;7;22555;21
66;230;7;55011;1
66;268;6;5050;2
66;88;6;4410;6
66;124;6;1292;1
66;277;7;10190;1
66;211;6;4490;1
66;292;7;55011;3
66;80;7;10123;1
66;140;6;1234;1
66;64;7;12600;1
66;34;3;12;18
66;16;7;50777;2
66;110;7;44007;2
66;68;7;13100;1
66;288;5;131;154
66;15;7;10123;2
66;40;6;6565;2
66;139;6;6565;4
66;48;6;2201;1
66;223;6;4567;2
66;16;7;44022;1
66;247;6;1214;71
66;298;7;22022;12
66;83;7;50500;1
66;300;5;131;138
66;300;7;22190;1
66;105;7;96;9
66;211;6;5055;2
66;243;7;13222;1
66;243;7;14014;1
66;104;6;4410;3
66;78;5;555;2
66;161;6;5050;1
66;239;7;13013;2
66;63;7;55678;24
66;154;6;4488;1
66;181;6;1314;2
66;52;7;22555;56
66;129;6;1234;1
66;140;7;55555;1
66;181;6;5599;1
66;170;6;4466;1
66;98;3;12;16
66;221;7;22999;1
66;156;7;22022;3
66;268;6;2288;6
66;166;7;22555;27
66;148;6;2255;97
66;185;7;12144;1
66;167;7;12000;4
66;67;7;55678;8
66;17;7;13789;1
66;56;6;5567;1
66;271;6;6565;1
66;251;5;96;25
66;154;6;7040;2
66;289;7;13155;2
66;247;6;1313;4
66;167;6;4456;5
66;60;3;95;12
66;209;6;4490;1
66;14;7;44190;1
66;209;6;5588;1
66;249;6;6565;6
66;288;7;90091;1
66;38;6;7000;1
66;97;6;5007;1
66;120;7;95;14
66;88;7;70400;4
66;21;7;44333;2
66;17;6;2123;1
66;295;5;555;2
66;139;6;1477;1
66;166;7;12300;2
66;161;6;4490;2
66;321;7;22555;26
66;240;7;22555;76
66;128;7;22380;2
66;268;6;4555;1
66;40;6;5588;1
66;209;6;1214;73
66;304;7;15151;1
66;15;7;12114;2
66;274;7;22555;87
66;308;6;2277;2
66;132;7;12000;40
66;47;6;1010;4
66;91;6;96;14
66;249;6;4567;2
66;243;7;10123;1
66;62;7;44333;1
66;62;6;4020;1
66;270;7;45300;1
66;66;7;10000;2
66;290;6;1533;3
66;304;6;2277;6
66;139;6;2255;69
66;76;6;4410;8
66;310;6;5050;1
66;311;7;45300;1
66;69;7;12222;17
66;298;6;1213;4
66;290;7;22555;68
66;158;6;5511;11
66;154;7;22777;10
66;64;6;5533;7
66;11;7;13777;1
66;230;6;2255;80
66;110;7;12123;2
66;130;7;10123;6
66;149;6;5055;2
66;231;6;7022;1
66;243;7;23123;4
66;133;6;4567;1
66;93;7;23192;2
66;160;6;1292;2
66;166;6;1214;12
66;10;6;1214;18
66;79;6;95;6
66;79;7;45000;2
66;225;6;2222;15
66;97;6;5555;6
66;88;6;5055;1
66;13;6;4488;1
66;239;7;44666;1
66;139;7;12500;1
66;249;7;95;20
66;79;6;7011;1
66;69;7;12;4
66;69;7;13;8
66;40;6;11;1
66;108;7;13133;1
66;63;6;1233;1
66;276;7;33000;1
66;266;7;44777;1
66;271;6;2222;12
66;27;7;22555;26
66;52;6;1234;2
66;164;7;65234;8
66;84;6;2255;86
66;249;3;95;7
66;298;7;10190;1
66;297;7;22111;5
66;80;6;4000;1
66;276;7;30000;1
66;276;6;4321;1
66;186;7;13234;1
66;112;6;4444;1
66;78;3;96;10
66;223;6;4010;1
66;67;7;55333;1
66;109;6;5511;8
66;299;6;1299;1
66;248;6;5533;4
66;162;7;44777;4
66;88;6;4411;1
66;51;6;1321;2
66;132;7;22380;2
66;274;7;12100;1
66;125;7;44333;2
66;244;7;44333;4
66;63;7;12123;1
66;117;3;13;108
66;82;7;10123;6
66;66;5;131;190
66;161;7;12114;1
66;277;7;22777;3
66;100;6;1522;1
66;100;6;7007;1
66;162;7;13777;4
66;321;7;55011;2
66;22;6;1500;1
66;22;3;95;10
66;290;7;13131;1
66;95;7;15120;2
66;96;6;4445;1
66;149;7;12300;1
66;49;7;10777;1
66;108;6;5555;10
66;267;6;4422;33
66;243;6;5020;1
66;110;7;55888;1
66;184;7;90500;1
66;248;7;13234;3
66;208;6;1292;3
66;47;6;1234;1
66;221;6;5055;2
66;233;6;5013;1
66;130;6;4012;1
66;15;5;131;205
66;238;6;4410;1
66;20;7;44123;3
66;215;6;4490;4
66;215;6;5588;1
66;202;7;12600;4
66;277;6;2299;9
66;10;7;12111;1
66;204;6;5533;16
66;78;6;4555;1
66;312;6;4445;1
66;91;6;1213;7
66;264;6;1313;5
66;39;7;44020;1
66;39;7;96;10
66;52;6;1214;33
66;271;7;16000;1
66;276;6;2201;1
66;42;7;12000;55
66;268;6;4412;1
66;108;7;45999;1
66;244;6;4490;3
66;38;6;2323;1
66;184;7;45333;1
66;21;7;12999;1
66;237;7;44123;6
66;1;5;95;8
66;162;6;1221;2
66;334;6;96;10
66;309;6;1313;3
66;195;6;1313;6
66;170;7;55678;30
66;271;5;700;78
66;186;6;4445;1
66;195;6;4455;12
66;106;7;44567;1
66;251;7;10400;1
66;108;7;13132;2
66;108;7;70222;3
66;53;6;1111;17
66;104;7;65234;3
66;47;7;33233;1
66;172;6;2323;3
66;161;6;5555;7
66;320;6;2277;4
66;205;6;1020;1
66;169;6;1012;1
66;169;6;1321;1
66;315;6;2201;2
66;41;6;6565;12
66;156;6;4410;1
66;209;7;13456;2
66;111;7;45000;1
66;156;7;65234;5
66;184;3;95;11
66;27;6;1221;1
66;76;6;4444;1
66;105;6;1212;1
66;271;6;5055;3
66;276;7;13789;5
66;308;7;13;3
66;308;7;22;3
66;308;7;44;1
66;308;6;10;2
66;308;6;13;1
66;308;6;22;1
66;308;6;44;1
66;308;6;70;1
66;167;7;12190;1
66;96;7;12190;1
66;96;7;13155;1
66;59;7;95;4
66;109;7;13777;2
66;321;3;21;1
66;42;6;10;1
66;42;6;12;1
66;42;6;13;3
66;42;6;21;1
66;42;6;22;1
66;42;7;11;1
66;151;6;4512;1
66;158;7;13123;1
66;81;7;13013;1
66;64;6;2255;104
66;36;6;1213;16
66;271;7;13258;1
66;35;7;13333;2
66;311;5;95;6
66;205;6;4490;1
66;294;7;12600;1
66;94;6;7069;1
66;312;6;1010;1
66;240;7;55333;1
66;275;7;55555;1
66;21;7;12100;2
66;54;5;131;185
66;84;7;95;10
66;133;7;44111;1
66;117;6;2323;2
66;109;7;13013;2
66;67;7;65700;1
66;40;6;2201;2
66;294;7;96;6
66;302;6;2200;1
66;97;7;12222;28
66;16;7;12300;1
66;249;6;5599;1
66;52;7;12000;50
66;275;3;44;100
66;117;6;2255;73
66;108;7;90887;1
66;90;6;6565;2
66;248;7;13132;3
66;157;7;45999;1
66;162;6;2255;65
66;296;7;55011;1
66;182;6;4499;1
66;239;5;131;112
66;294;6;5005;1
66;28;6;2288;3
66;266;5;96;37
66;75;6;1000;1
66;276;7;13132;1
66;88;7;13132;1
66;10;3;44;99
66;111;7;44321;1
66;93;5;96;16
66;108;6;4422;4
66;209;7;22555;93
66;296;7;55007;1
66;224;7;22555;107
66;314;6;4410;1
66;10;6;1221;3
66;152;7;23123;2
66;53;7;65013;1
66;81;7;50777;1
66;270;7;12555;1
66;224;6;5055;9
66;157;6;1111;35
66;17;6;1201;1
66;231;3;12;25
66;293;6;1213;5
66;81;3;96;17
66;130;7;22777;5
66;54;7;50013;1
66;54;6;2201;1
66;184;7;12600;2
66;312;5;555;1
66;22;6;2288;1
66;110;6;5599;2
66;37;6;2210;1
66;205;3;12;27
66;202;7;33222;1
66;244;7;65013;1
66;57;6;1255;1
66;129;7;95;24
66;104;6;1322;1
66;13;7;90800;1
66;37;7;55888;1
66;15;5;95;9
66;92;6;4433;1
66;227;7;15333;1
66;122;5;555;2
66;254;5;700;77
66;273;7;12222;39
66;111;6;2010;1
66;21;6;3000;1
66;220;6;2277;9
66;63;5;555;2
66;95;7;70123;1
66;300;7;22000;2
66;274;7;12300;4
66;205;6;5055;6
66;58;7;36192;1
66;270;6;4400;2
66;316;7;10000;2
66;270;7;13333;5
66;311;6;1455;1
66;173;6;4444;1
66;75;6;1010;4
66;75;6;4456;2
66;301;6;1313;9
66;266;7;11444;2
66;16;7;12000;7
66;313;7;15333;2
66;288;6;1111;15
66;301;7;11444;1
66;139;7;15151;1
66;220;7;22000;1
66;268;7;22555;77
66;171;6;2299;5
66;79;6;5555;2
66;202;6;1111;6
66;122;6;2225;1
66;171;7;10000;7
66;228;7;23123;7
66;90;6;2255;76
66;41;7;55555;1
66;89;6;1292;1
66;313;6;1214;5
66;60;7;13258;4
66;98;7;13258;1
66;21;7;95;13
66;272;6;6565;2
66;111;6;5555;12
66;59;7;70007;1
66;311;6;96;4
66;66;7;44123;5
66;148;5;131;186
66;273;7;12144;1
66;149;7;50777;1
66;97;6;2255;39
66;298;6;2299;6
66;122;7;44333;4
66;320;6;4444;2
66;153;6;1212;1
66;169;6;4455;1
66;215;7;55123;2
66;164;7;50113;2
66;35;7;15123;4
66;277;6;2222;19
66;37;7;12000;2
66;77;6;1222;1
66;16;7;44567;2
66;164;3;95;9
66;36;7;12777;1
66;180;6;9070;1
66;313;6;1322;1
66;208;7;13132;1
66;278;7;13234;1
66;97;6;1214;85
66;308;6;1000;1
66;277;7;12000;13
66;140;5;700;110
66;318;7;50321;1
66;225;7;50500;3
66;23;3;13;161
66;237;6;95;12
66;132;5;131;92
66;28;6;2222;15
66;169;7;12888;1
66;169;7;13333;1
66;171;6;11;1
66;171;6;12;2
66;171;6;13;1
66;171;6;50;1
66;310;6;13;3
66;81;7;22555;94
66;254;6;2200;2
66;205;7;10000;2
66;105;5;131;164
66;20;6;1212;1
66;286;3;96;9
66;12;6;1111;13
66;249;6;1221;4
66;139;7;22555;75
66;268;7;10000;3
66;243;7;12144;1
66;184;6;1500;1
66;249;5;131;157
66;248;6;1221;2
66;38;6;1818;1
66;13;7;70123;1
66;208;6;5599;1
66;316;6;5533;1
66;211;6;5533;5
66;228;6;1213;7
66;320;7;44190;2
66;251;6;2288;2
66;303;6;1233;1
66;202;7;10123;7
66;105;6;2200;1
66;109;7;15555;1
66;14;7;12555;3
66;300;7;10123;6
66;149;6;7069;1
66;108;6;5501;1
66;128;7;13013;1
66;314;6;4456;1
66;225;6;3300;1
66;17;7;22222;1
66;17;7;44190;3
66;11;6;5005;2
66;180;6;4512;1
66;275;5;95;11
66;20;6;1221;2
66;298;7;40287;1
66;88;7;14393;1
66;98;7;22111;1
66;148;7;10190;1
66;264;6;1323;1
66;13;7;12000;8
66;243;6;5555;24
66;164;3;13;115
66;169;6;12;1
66;169;6;13;1
66;105;6;1111;10
66;17;5;96;35
66;316;7;22000;1
66;130;7;12000;15
66;299;3;13;72
66;139;3;12;33
66;40;3;12;26
66;173;6;5522;1
66;173;6;95;10
66;220;6;1000;4
66;105;7;44244;2
66;185;6;1020;2
66;266;7;44027;1
66;296;6;4567;1
66;186;5;95;12
66;203;7;55888;1
66;203;7;13131;1
66;162;6;1292;2
66;139;7;19123;1
66;286;6;2277;16
66;37;6;95;11
66;37;7;45000;1
66;129;7;70200;1
66;251;7;12222;34
66;153;7;12222;1
66;110;6;2288;3
66;112;7;65013;1
66;15;7;10000;3
66;311;5;131;40
66;48;7;65700;1
66;110;6;1233;2
66;303;7;12555;1
66;295;6;4477;2
66;12;6;5001;1
66;47;7;55888;1
66;34;5;700;84
66;289;7;13130;1
66;239;6;4445;3
66;162;7;10124;4
66;161;6;1322;4
66;130;3;96;18
66;270;7;13789;1
66;128;6;7011;1
66;275;6;1292;2
66;266;3;13;124
66;182;7;13132;3
66;20;3;96;6
66;211;7;43143;1
66;53;7;12222;15
66;37;7;12222;100
66;94;7;22777;2
66;76;6;1313;8
66;76;6;4466;4
66;42;3;95;5
66;211;6;1201;1
66;286;6;4411;1
66;334;6;1221;2
66;266;6;4477;1
66;304;7;10777;1
66;292;7;22022;1
66;117;6;2233;1
66;290;6;4445;2
66;181;7;55333;4
66;243;7;11999;1
66;314;7;13220;1
66;314;6;1515;3
66;300;6;2201;4
66;182;7;14393;2
66;164;7;55234;1
66;151;5;700;67
66;166;6;5599;1
66;314;7;15123;8
66;109;7;10000;2
66;169;6;70;1
66;169;7;10;2
66;169;7;12;1
66;169;7;13;8
66;169;7;70;1
66;227;3;44;82
66;22;6;6565;3
66;124;6;4000;2
66;295;6;5555;2
66;276;6;5511;14
66;276;7;15010;1
66;96;5;95;15
66;288;7;10123;10
66;55;6;4410;1
66;132;7;50777;1
66;130;3;44;119
66;185;6;7040;1
66;64;7;45300;3
66;130;6;6565;5
66;122;7;13234;2
66;62;7;11111;3
66;203;6;1322;1
66;40;6;4567;1
66;239;7;44888;2
66;202;3;96;7
66;152;6;1010;9
66;152;6;4456;3
66;182;7;22111;3
66;48;7;13133;3
66;161;3;44;132
66;204;7;44543;1
66;40;7;13777;1
66;244;6;4455;1
66;266;6;1292;1
66;274;7;10777;1
66;322;7;55011;3
66;62;6;1500;2
66;79;7;44321;1
66;120;6;6565;1
66;80;6;3688;1
66;303;6;5007;1
66;291;6;1311;2
66;58;7;12000;22
66;23;7;12114;4
66;202;7;12222;10
66;203;6;5511;7
66;28;6;2313;1
66;99;7;11999;3
66;13;6;1333;1
66;295;6;95;9
66;295;7;45000;1
66;153;6;4433;1
66;54;6;2225;1
66;100;6;1111;26
66;276;6;4444;1
66;69;7;55234;1
66;80;7;55234;2
66;90;7;22777;2
66;170;7;96;16
66;243;7;23190;1
66;125;7;13234;2
66;272;7;19000;1
66;157;6;2200;2
66;82;6;2288;1
66;13;7;11111;1
66;207;7;22555;55
66;243;5;555;3
66;220;3;96;21
66;317;7;22120;4
66;320;7;55777;1
66;272;5;95;10
66;310;6;2200;2
66;334;7;13456;1
66;273;7;12456;2
66;273;7;15123;10
66;300;7;12600;2
66;170;7;55333;2
66;211;6;2255;35
66;301;7;55777;1
66;298;3;12;24
66;297;7;44000;1
66;94;6;4444;2
66;186;7;15151;1
66;79;7;22022;1
66;11;7;10122;1
66;117;7;22380;3
66;248;5;96;19
66;49;7;22222;1
66;49;7;44190;1
66;37;3;44;70
66;117;7;23190;1
66;305;6;2300;1
66;22;6;1016;1
66;22;7;10190;1
66;110;7;23192;1
66;47;6;2288;9
66;12;6;1311;1
66;139;3;16;1
66;139;6;9070;1
66;293;6;21;1
66;293;6;50;1
66;293;7;13;5
66;293;7;14;1
66;293;7;22;2
66;293;7;65;1
66;204;7;44122;1
66;293;7;70;2
66;52;5;96;27
66;41;7;65234;13
66;152;6;1321;3
66;185;7;55333;1
66;273;5;95;17
66;268;7;70321;1
66;215;6;1333;4
66;217;3;95;10
66;81;7;33888;4
66;132;3;95;7
66;317;3;44;39
66;65;7;55678;9
66;27;6;2255;27
66;225;7;90909;1
66;14;7;22444;2
66;290;7;11;1
66;290;7;13;4
66;290;7;19;1
66;290;7;22;3
66;290;7;70;1
66;184;6;2200;8
66;299;6;1313;3
66;38;7;13133;1
66;38;7;44678;1
66;237;7;22555;80
66;161;7;55011;3
66;172;6;4422;3
66;11;7;22;1
66;11;7;40;1
66;11;7;45;1
66;11;7;50;1
66;11;7;55;1
66;11;7;70;1
66;247;7;10369;1
66;98;7;19000;1
66;77;3;96;10
66;35;7;13133;1
66;38;6;1221;1
66;274;6;4422;7
66;94;7;70070;1
66;140;7;45123;3
66;266;6;4511;1
66;182;6;1299;1
66;301;5;96;17
66;42;6;2299;3
66;249;6;1213;7
66;284;3;96;21
66;123;6;2222;4
66;27;6;14;1
66;27;6;22;3
66;27;6;23;1
66;27;6;55;1
66;27;7;10;3
66;27;7;11;2
66;27;7;12;2
66;27;7;13;17
66;27;7;15;1
66;27;7;22;3
66;27;7;44;3
66;27;7;70;1
66;184;6;5511;15
66;298;6;4321;2
66;221;7;22222;5
66;162;6;4445;1
66;277;7;22222;2
66;184;7;23192;1
66;42;6;4012;1
66;305;5;95;1
66;247;7;45333;3
66;36;7;12111;2
66;318;6;4422;2
66;248;7;12500;1
66;96;7;30000;1
66;321;6;12;1
66;38;3;44;116
66;322;7;33193;1
66;88;7;33888;2
66;276;7;33888;2
66;37;7;50500;1
66;117;7;11444;1
66;170;7;10000;5
66;148;6;5511;6
66;162;7;22555;80
66;184;6;5055;2
66;295;7;70762;1
66;11;6;5007;1
66;133;6;2323;1
66;97;7;10400;1
66;231;6;1222;1
66;231;6;1234;2
66;61;6;1199;1
66;300;6;1313;10
66;185;7;12300;10
66;223;7;36100;1
66;303;7;23192;2
66;133;6;4444;1
66;47;7;13013;1
66;154;7;55333;3
66;291;7;44020;8
66;234;6;5533;1
66;300;7;12111;1
66;297;5;95;18
66;267;7;96;5
66;111;5;95;16
66;80;6;4555;1
66;186;6;4477;2
66;127;6;2200;2
66;75;7;50113;1
66;55;5;95;8
66;248;6;1234;4
66;248;6;4411;1
66;130;7;13013;1
66;297;7;50500;12
66;98;7;55234;2
66;295;7;12111;1
66;54;6;5533;7
66;41;5;555;2
66;63;6;2323;1
66;301;6;1512;1
66;128;6;1214;37
66;274;5;96;10
66;231;6;1023;1
66;153;7;12144;1
66;156;6;1214;104
66;62;6;4456;2
66;62;7;44321;1
66;97;7;44123;2
66;91;7;12555;1
66;169;7;65013;1
66;130;7;22222;7
66;130;7;44190;1
66;76;7;13258;3
66;61;3;44;86
66;94;6;4033;1
66;1;7;22222;1
66;47;7;45300;2
66;130;7;50013;3
66;288;7;33193;1
66;140;6;2288;15
66;124;6;4445;1
66;65;3;95;9
66;59;6;2200;1
66;100;6;1010;19
66;91;3;96;13
66;130;7;22022;9
66;56;7;55011;1
66;272;7;55888;1
66;304;7;55333;2
66;55;7;15120;2
66;96;6;1221;3
66;301;7;11111;2
66;62;6;2255;40
66;23;3;44;94
66;268;7;11666;1
66;104;5;95;17
66;227;7;70400;7
66;268;6;4447;1
66;316;6;4010;2
66;169;6;2255;102
66;105;6;2244;3
66;69;7;12500;3
66;204;7;55888;1
66;64;6;1201;1
66;77;7;22022;6
66;62;7;12;2
66;62;7;13;3
66;62;7;22;2
66;62;7;44;1
66;62;7;70;2
66;204;3;13;142
66;157;3;96;17
66;17;6;1292;1
66;230;5;700;72
66;302;7;22555;27
66;290;6;1213;4
66;297;7;22022;67
66;271;7;22222;5
66;181;6;4410;2
66;223;6;4410;1
66;104;6;1000;1
66;69;7;11113;2
66;251;7;50500;2
66;67;6;1311;1
66;82;7;12222;4
66;297;6;1322;1
66;167;7;13133;2
66;84;7;13258;1
66;39;6;96;10
66;128;7;15013;1
66;65;6;1533;1
66;83;6;5555;19
66;21;6;1322;1
66;230;6;4488;1
66;107;7;12144;1
66;49;6;7001;1
66;247;6;1000;1
66;104;6;2222;18
66;308;7;44444;1
66;218;7;11111;2
66;234;3;12;13
66;275;7;22777;9
66;64;6;4488;1
66;173;6;5001;2
66;81;7;65234;2
66;82;6;6565;1
66;21;7;50013;2
66;133;7;23123;3
66;36;3;12;11
66;268;6;1213;1
66;207;6;1214;11
66;228;6;5500;2
66;228;6;7020;1
66;75;3;13;121
66;12;6;1322;2
66;13;6;95;16
66;13;7;45000;1
66;315;6;1221;2
66;108;7;33456;1
66;69;7;22222;5
66;295;6;4444;7
66;315;6;4456;1
66;96;6;4040;1
66;96;7;13222;1
66;108;7;13123;1
66;239;6;1000;4
66;62;6;1214;19
66;277;7;55011;3
66;211;7;13234;2
66;97;7;45123;1
66;39;7;22556;2
66;83;6;1313;2
66;316;7;96;1
66;273;7;23190;1
66;195;7;44321;1
66;170;6;4490;2
66;27;7;12600;1
66;66;5;700;50
66;149;6;40;1
66;149;6;65;1
66;149;6;11;1
66;243;6;5511;19
66;202;7;12144;4
66;225;6;5533;4
66;302;7;12000;36
66;62;7;12999;1
66;304;6;7040;1
66;49;7;12111;3
66;239;6;5055;1
66;211;7;15555;1
66;220;6;5599;1
66;132;7;22222;1
66;217;5;555;5
66;92;5;131;152
66;251;6;2323;1
66;47;5;555;1
66;295;3;44;84
66;40;7;15556;1
66;78;7;44190;2
66;34;6;1010;3
66;93;6;1299;1
66;60;5;96;23
66;98;5;96;23
66;110;3;12;19
66;221;3;44;121
66;271;6;1313;8
66;247;7;23192;1
66;36;7;55678;2
66;288;6;1322;4
66;211;6;1313;10
66;69;6;1023;2
66;39;7;10000;5
66;205;6;1214;136
66;154;6;4422;2
66;310;6;95;3
66;100;6;4555;1
66;181;6;2256;1
66;157;6;4554;1
66;195;6;1321;1
66;16;6;5005;3
66;16;7;44027;1
66;248;6;2022;1
66;322;7;96;1
66;169;6;1313;9
66;239;3;96;9
66;254;7;12300;2
66;37;7;12111;1
66;238;7;44888;2
66;19;6;1222;1
66;19;6;1234;1
66;65;6;1412;1
66;276;5;700;87
66;88;5;700;66
66;272;7;55011;1
66;110;7;22556;1
66;303;7;13456;1
66;234;6;1313;1
66;217;7;13333;7
66;195;6;2222;5
66;156;6;2255;47
66;63;7;44020;1
66;63;7;96;6
66;96;6;2323;1
66;108;7;11111;2
66;127;6;4477;1
66;59;6;95;7
66;112;7;50113;1
66;54;6;4447;1
66;19;6;50;1
66;19;6;13;4
66;19;6;22;1
66;322;7;45999;1
66;251;6;1516;1
66;251;7;13789;1
66;224;3;44;112
66;167;5;95;14
66;13;6;2255;49
66;90;6;4488;3
66;224;7;22022;11
66;254;6;1000;4
66;202;7;65234;1
66;54;7;10123;18
66;160;6;5567;2
66;123;6;1100;1
66;127;6;2323;1
66;129;6;4477;2
66;125;7;96;9
66;77;6;1313;10
66;293;6;1333;1
66;57;6;2288;18
66;205;6;2288;3
66;300;7;22222;6
66;300;7;44190;6
66;97;7;10000;1
66;108;7;15122;1
66;218;3;44;93
66;270;6;1000;1
66;133;7;12555;1
66;11;7;11111;2
66;305;6;5555;1
66;55;6;5555;1
66;248;7;33000;1
66;277;6;6565;1
66;95;7;15333;1
66;18;7;22222;3
66;18;7;44190;1
66;62;7;22222;6
66;62;7;44190;1
66;291;7;12345;2
66;268;6;1520;1
66;314;7;22222;2
66;314;7;44190;3
66;139;7;44777;3
66;12;7;12123;2
66;79;6;5013;1
66;55;6;2323;1
66;38;3;13;143
66;109;6;4555;1
66;239;6;4477;3
66;224;6;1044;1
66;109;7;44444;1
66;152;6;1013;1
66;98;6;1000;3
66;60;6;1000;3
66;49;3;44;61
66;75;7;22222;1
66;75;7;44190;1
66;295;3;95;8
66;184;7;10000;3
66;83;6;1213;1
66;317;7;22222;1
66;317;7;44190;2
66;291;6;4466;1
66;27;5;95;7
66;310;7;50013;1
66;117;7;22511;6
66;40;7;23192;1
66;272;7;65234;2
66;64;3;13;111
66;286;7;23192;2
66;313;7;55678;16
66;149;7;50013;1
66;303;7;12600;1
66;292;7;55678;3
66;186;7;12222;10
66;28;7;12300;4
66;80;7;23123;4
66;266;6;2222;13
66;167;7;13123;3
66;96;6;1016;2
66;40;7;70400;2
66;28;7;12555;2
66;304;7;22555;74
66;227;6;2201;2
66;14;6;1322;3
66;321;6;2100;1
66;117;6;1221;3
66;92;7;22022;2
66;51;6;4477;2
66;41;6;96;3
66;41;6;1292;1
66;107;7;22555;109
66;140;7;10000;3
66;88;7;11000;1
66;318;7;55333;2
66;149;6;5007;1
66;223;3;16;2
66;170;6;1313;8
66;40;6;4000;1
66;90;7;55678;12
66;95;7;44027;1
66;162;7;55333;3
66;312;7;44321;1
66;39;6;2225;2
66;230;7;22777;11
66;11;7;44333;6
66;204;6;2255;60
66;247;6;1533;1
66;35;5;700;71
66;129;3;12;17
66;248;7;44190;2
66;88;7;23190;1
66;52;5;95;5
66;298;7;22456;1
66;270;7;50113;1
66;133;7;10190;4
66;224;6;1201;1
66;117;7;45300;4
66;277;6;7011;1
66;19;7;96;11
66;81;7;96;10
66;220;7;33888;1
66;293;7;70090;2
66;237;7;33033;1
66;41;7;33133;1
66;202;6;4456;2
66;125;6;2277;6
66;129;6;5001;1
66;204;7;44027;1
66;59;7;10400;15
66;308;6;4477;2
66;268;6;5055;2
66;108;7;12222;2
66;185;6;1322;2
66;320;3;95;3
66;34;7;11999;1
66;62;7;70000;1
66;154;7;12222;3
66;291;6;2123;1
66;240;7;44567;3
66;211;7;12111;1
66;211;7;33200;1
66;169;3;12;24
66;94;7;70090;3
66;304;7;22222;3
66;266;7;12111;1
66;122;6;2200;1
66;208;6;5050;1
66;164;6;1292;4
66;19;3;96;19
66;130;6;5511;10
66;293;7;12144;1
66;19;6;1251;3
66;302;6;2255;24
66;271;7;12;1
66;271;7;13;11
66;271;7;22;1
66;215;7;50013;1
66;314;7;50013;1
66;67;6;1221;1
66;127;7;44776;4
66;284;6;2323;2
66;180;7;23123;1
66;105;7;13789;3
66;248;6;4422;1
66;207;7;10000;4
66;107;5;131;223
66;106;7;65013;1
66;48;7;65234;7
66;170;7;50444;1
66;18;6;2222;7
66;56;6;2222;14
66;284;7;12600;3
66;284;7;65700;1
66;10;6;1277;1
66;125;6;1090;1
66;125;7;12222;7
66;243;7;12011;2
66;293;5;95;30
66;264;6;2222;36
66;80;6;2255;59
66;130;7;11000;1
66;303;6;96;8
66;239;7;12111;1
66;163;7;12000;46
66;64;6;2299;4
66;63;6;1111;20
66;47;3;13;119
66;227;7;13123;2
66;129;6;1000;4
66;139;7;70222;2
66;97;7;70001;1
66;21;6;1010;5
66;302;7;14014;1
66;108;7;15555;1
66;172;6;1020;2
66;224;6;2211;2
66;315;7;65234;1
66;80;5;700;62
66;42;7;22022;3
66;182;6;1222;1
66;182;6;1234;4
66;170;6;5055;5
66;304;7;95;18
66;60;7;22511;1
66;60;7;96;11
66;88;6;4013;2
66;124;7;12400;1
66;124;7;95;19
66;207;7;23333;1
66;227;7;44;1
66;227;7;70;1
66;158;7;45300;4
66;23;7;44456;1
66;300;7;10190;2
66;152;7;55011;3
66;148;6;2222;10
66;292;7;50500;1
66;16;6;1000;2
66;125;7;15123;5
66;227;7;23123;2
66;321;6;5055;2
66;36;7;13132;22
66;295;6;1313;5
66;275;7;22022;10
66;82;6;13;7
66;82;6;22;1
66;82;7;10;1
66;82;7;12;2
66;82;7;13;9
66;296;7;12111;1
66;234;6;1221;2
66;127;7;13777;1
66;76;3;95;8
66;11;7;10220;1
66;90;6;7033;1
66;49;6;4555;1
66;311;3;12;10
66;97;6;1500;1
66;11;7;30000;1
66;111;6;1221;2
66;117;6;1012;1
66;202;7;12100;1
66;329;6;1010;1
66;1;6;1214;33
66;286;5;700;97
66;305;7;44678;1
66;172;7;22555;86
66;329;6;5511;5
66;290;6;1012;1
66;28;6;1201;1
66;293;7;13100;1
66;172;7;22123;1
66;318;6;2244;3
66;111;5;96;33
66;19;7;55333;6
66;15;6;2299;1
66;274;6;7069;1
66;41;7;13131;1
66;22;6;5511;5
66;322;6;5555;4
66;173;6;2233;1
66;295;7;70123;1
66;38;3;12;23
66;295;5;700;67
66;300;3;95;4
66;163;6;1322;3
66;84;7;10000;1
66;105;7;13333;1
66;62;7;11444;1
66;180;7;22001;2
66;313;7;13333;2
66;278;6;12;1
66;278;6;13;2
66;278;6;44;1
66;28;6;1010;13
66;28;6;4456;4
66;292;6;1214;25
66;49;6;1333;8
66;49;7;50131;2
66;56;6;4010;1
66;203;7;10190;1
66;181;6;2200;1
66;223;6;2200;2
66;58;6;2288;1
66;53;6;4455;3
66;21;7;10000;2
66;215;6;2255;54
66;54;6;1023;1
66;248;7;11113;1
66;248;7;22022;33
66;223;5;131;184
66;111;6;1214;59
66;140;3;80;1
66;248;7;11111;1
66;82;7;12999;2
66;98;6;1512;1
66;90;6;2299;2
66;82;3;12;24
66;13;7;50444;2
66;298;7;10122;1
66;170;6;1221;1
66;277;6;4489;1
66;153;6;4488;1
66;205;7;50113;2
66;247;7;12555;2
66;315;5;700;66
66;240;6;1515;1
66;309;6;1333;2
66;233;7;12144;1
66;80;7;22556;1
66;80;7;45123;1
66;233;7;44567;1
66;13;6;4477;3
66;158;7;44333;6
66;34;6;9026;1
66;248;6;5001;3
66;254;7;22456;1
66;303;6;4488;1
66;55;7;10190;2
66;57;7;55678;3
66;35;7;44190;1
66;15;6;4512;1
66;276;7;55678;7
66;181;7;55011;1
66;80;6;1314;1
66;37;6;2299;5
66;217;6;1221;1
66;217;6;4412;1
66;110;6;4512;1
66;120;7;13234;3
66;57;7;65000;1
66;204;7;70222;1
66;322;7;70123;2
66;322;5;700;43
66;120;6;5055;1
66;233;7;22777;3
66;166;5;555;2
66;209;6;4447;2
66;254;6;2277;6
66;228;6;7044;1
66;63;6;2200;4
66;109;6;2210;1
66;202;6;5005;1
66;96;7;15120;2
66;21;7;33123;1
66;205;6;1533;2
66;248;6;9001;1
66;182;7;33888;1
66;162;3;44;108
66;55;6;2299;1
66;154;7;22222;1
66;264;6;5511;16
66;94;6;2255;65
66;76;7;90909;2
66;297;6;1214;11
66;62;7;12144;1
66;266;6;4490;2
66;65;7;44700;2
66;48;7;50500;1
66;148;6;1333;1
66;108;6;2323;1
66;42;3;12;15
66;96;7;65234;1
66;254;6;2123;1
66;227;7;10123;9
66;108;6;1033;1
66;317;7;22777;2
66;106;7;65234;2
66;308;7;50013;3
66;184;6;1314;1
66;286;3;13;131
66;110;6;1292;4
66;122;6;6565;12
66;180;6;4400;2
66;63;7;15122;1
66;100;6;1333;2
66;162;7;33133;1
66;231;6;5567;1
66;202;5;555;2
66;124;7;12123;2
66;290;6;5533;9
66;186;6;1313;7
66;293;7;22222;5
66;117;6;1201;1
66;273;6;1000;3
66;181;6;1214;35
66;58;6;1000;1
66;22;6;2233;2
66;139;7;55678;15
66;40;7;55678;28
66;68;5;555;4
66;140;7;44111;1
66;234;7;22222;2
66;204;6;1323;1
66;296;6;9090;1
66;122;7;65234;12
66;203;7;13123;1
66;122;6;65;1
66;185;6;95;29
66;271;6;11;1
66;271;6;13;8
66;271;6;22;1
66;271;6;23;1
66;271;6;44;1
66;271;6;51;1
66;11;3;12;28
66;268;6;5013;2
66;48;7;13100;1
66;48;7;22120;1
66;88;7;33222;1
66;129;6;5055;2
66;129;7;11222;1
66;81;7;55678;15
66;157;7;11000;1
66;92;6;1470;1
66;95;7;12000;4
66;149;7;10000;4
66;173;6;5055;1
66;186;7;10190;1
66;89;3;12;12
66;127;6;2299;4
66;171;6;1214;123
66;315;7;13456;1
66;289;6;1319;1
66;78;6;2200;1
66;110;7;33033;1
66;321;7;12888;1
66;321;7;13333;1
66;223;6;1269;1
66;297;7;22222;2
66;297;7;44190;1
66;234;6;4422;1
66;204;6;5055;2
66;78;7;13132;1
66;204;5;95;19
66;293;7;50321;1
66;124;6;2200;1
66;22;5;95;12
66;76;6;96;5
66;21;7;12222;6
66;275;6;2323;6
66;160;6;1020;1
66;51;7;13333;4
66;124;6;5013;1
66;295;7;33888;1
66;69;6;4012;1
66;195;6;2288;1
66;94;6;95;16
66;83;7;12555;1
66;151;6;2277;11
66;218;6;22;2
66;218;6;23;1
66;312;6;5555;1
66;10;7;13133;1
66;166;7;13133;1
66;97;3;44;72
66;39;3;44;104
66;202;6;1010;10
66;181;7;15555;1
66;270;7;13013;2
66;10;6;4447;1
66;94;3;13;102
66;163;3;12;9
66;98;6;1111;19
66;243;6;5050;1
66;251;7;55234;1
66;36;7;15;1
66;36;6;23;1
66;36;7;12;4
66;36;7;13;8
66;36;7;22;3
66;36;7;70;2
66;303;7;44888;1
66;274;6;2255;74
66;153;6;5533;1
66;80;6;2244;1
66;315;6;2244;1
66;158;7;90909;6
66;88;7;22022;4
66;21;5;700;93
66;10;6;4567;1
66;166;5;131;85
66;278;7;44777;1
66;297;3;13;76
66;158;7;15123;6
66;297;5;555;15
66;208;7;23192;4
66;317;7;12111;1
66;162;7;15333;2
66;48;7;36555;4
66;249;7;13456;1
66;161;6;1277;1
66;289;7;70000;1
66;12;6;7069;1
66;16;7;44447;1
66;77;7;44000;1
66;234;6;1010;7
66;40;6;4555;1
66;62;6;1020;1
66;248;6;4004;1
66;68;6;1213;2
66;202;6;1020;1
66;125;7;44027;1
66;244;6;5005;1
66;51;5;95;5
66;65;7;33700;1
66;59;5;96;26
66;221;7;22567;1
66;132;7;10190;1
66;15;6;5511;3
66;63;7;33789;1
66;51;6;1522;1
66;75;6;1011;1
66;160;7;22022;1
66;19;7;13155;1
66;247;6;5511;5
66;292;6;4422;1
66;205;7;13258;2
66;17;6;1010;15
66;14;6;7069;1
66;294;7;13789;1
66;217;6;5533;17
66;129;7;13777;1
66;21;6;1277;1
66;127;6;5050;2
66;275;5;131;176
66;314;6;1214;34
66;164;6;6565;8
66;111;7;22222;5
66;220;7;22222;5
66;129;7;22555;77
66;172;7;15123;8
66;156;7;70700;1
66;270;6;1251;1
66;157;3;13;105
66;286;7;95;25
66;152;7;12999;1
66;68;6;1233;1
66;140;3;13;132
66;300;7;96;12
66;300;7;44020;4
66;303;6;5533;6
66;21;6;4456;3
66;202;6;5567;1
66;117;3;95;9
66;21;7;13133;1
66;80;3;96;17
66;120;6;1016;1
66;120;7;10190;1
66;276;6;5013;3
66;62;7;23192;3
66;34;7;45300;1
66;112;7;23456;2
66;120;7;45000;4
66;15;3;95;5
66;180;6;2255;49
66;109;6;1221;3
66;243;6;2210;2
66;96;7;11444;1
66;110;7;22010;1
66;300;6;1111;11
66;300;7;95;19
66;234;7;33456;1
66;186;6;4489;1
66;231;6;1321;1
66;243;6;1321;3
66;37;5;96;30
66;289;7;22222;1
66;289;7;44190;1
66;11;6;5050;1
66;278;5;95;8
66;68;6;7000;1
66;151;6;95;15
66;153;6;1277;1
66;105;7;15123;1
66;320;7;44027;1
66;117;5;131;128
66;106;7;15123;3
66;303;7;70123;1
66;303;5;700;70
66;81;6;2255;52
66;75;7;44567;3
66;1;6;2244;1
66;132;6;1292;1
66;278;6;4444;1
66;291;6;1322;5
66;239;7;10123;5
66;225;6;2299;12
66;12;6;5151;1
66;205;7;45999;1
66;1;6;2255;105
66;91;6;1234;2
66;91;6;9000;1
66;244;7;23192;3
66;40;6;7069;1
66;128;6;1313;4
66;10;7;33456;1
66;97;7;65234;2
66;39;7;65234;2
66;37;5;555;2
66;318;7;22022;1
66;1;3;44;69
66;106;6;1214;58
66;16;7;70900;1
66;209;6;5005;1
66;78;6;1323;1
66;28;6;1000;1
66;10;6;2244;1
66;152;6;1201;3
66;18;5;96;18
66;96;6;1111;20
66;209;6;1299;1
66;12;7;50500;6
66;239;6;5588;1
66;139;7;44333;3
66;301;7;33888;1
66;249;7;15888;1
66;278;7;23123;9
66;182;7;22622;1
66;152;7;23190;1
66;111;7;22555;81
66;273;7;12999;2
66;38;3;95;4
66;299;7;96;2
66;171;6;5050;1
66;221;7;12000;22
66;276;6;1214;51
66;315;6;96;5
66;297;6;1321;5
66;247;7;55234;1
66;181;7;45300;1
66;128;7;13258;2
66;151;6;5533;6
66;13;6;2277;6
66;13;7;12222;7
66;211;3;44;126
66;251;3;12;15
66;303;6;5050;2
66;152;7;43640;2
66;125;6;6565;4
66;14;3;13;124
66;162;7;13132;3
66;94;7;10000;3
66;184;3;96;6
66;75;6;1214;70
66;149;6;1422;1
66;243;6;1322;2
66;184;7;22222;14
66;81;7;95;30
66;209;7;55678;5
66;91;7;33456;1
66;224;7;10190;2
66;16;6;3300;1
66;69;6;2211;1
66;227;6;1222;1
66;182;7;33700;1
66;67;7;55555;1
66;151;6;1010;3
66;225;5;131;124
66;120;6;1111;12
66;180;6;4010;1
66;130;6;1323;1
66;91;7;10444;1
66;91;7;44123;5
66;128;6;5511;3
66;15;6;1010;3
66;299;7;10000;1
66;231;6;1020;4
66;38;7;15001;1
66;77;6;1213;5
66;248;3;95;8
66;62;7;55999;1
66;95;6;1331;1
66;69;6;1112;1
66;215;7;22123;1
66;107;6;1213;5
66;207;6;4477;1
66;41;7;50113;1
66;317;6;9090;1
66;60;6;5005;1
66;264;6;2255;61
66;276;7;22022;7
66;76;5;700;65
66;148;7;55678;11
66;297;6;4477;1
66;286;7;12127;1
66;77;6;5599;1
66;10;7;10700;1
66;180;6;1133;1
66;104;5;96;25
66;284;6;4512;1
66;13;6;1213;6
66;107;6;13;2
66;107;6;44;1
66;107;6;70;1
66;274;7;12555;2
66;322;7;65234;5
66;124;6;1010;7
66;53;7;33789;1
66;225;7;22111;1
66;220;7;15123;2
66;79;5;96;15
66;130;6;1314;1
66;107;7;33888;3
66;204;5;131;172
66;123;6;2255;79
66;14;7;70222;3
66;14;7;13132;2
66;203;7;12600;1
66;277;6;4456;1
66;315;7;10000;5
66;28;6;2323;2
66;69;7;12123;1
66;90;7;13133;1
66;97;6;95;20
66;107;6;95;12
66;107;7;45000;1
66;107;7;11;1
66;107;7;12;2
66;107;7;13;13
66;107;7;15;1
66;169;6;1222;1
66;169;6;4411;1
66;243;6;1188;1
66;59;6;1214;38
66;13;6;2323;1
66;310;6;2299;2
66;100;7;13131;1
66;310;7;96;8
66;272;6;2299;8
66;151;3;95;4
66;14;7;70007;1
66;220;6;2200;2
66;36;7;70777;1
66;91;7;44776;1
66;96;3;95;11
66;48;6;96;6
66;77;7;95;19
66;58;6;96;12
66;290;6;5050;3
66;89;7;45300;4
66;14;6;1512;1
66;164;6;1233;1
66;97;6;2299;2
66;107;6;2299;21
66;11;6;2200;7
66;218;6;2288;3
66;109;3;96;24
66;320;7;22555;17
66;195;6;1213;15
66;272;3;44;103
66;67;7;13777;1
66;62;6;13;4
66;62;6;22;2
66;62;6;33;1
66;62;6;70;1
66;18;6;13;3
66;18;6;22;1
66;18;7;12;6
66;18;7;13;7
66;18;7;22;3
66;65;7;11000;2
66;163;7;15555;1
66;329;3;44;68
66;140;7;44776;1
66;300;6;1522;1
66;300;7;15001;1
66;149;6;1111;12
66;195;6;4433;1
66;47;7;22555;105
66;251;6;1000;5
66;66;6;1000;1
66;329;7;15120;1
66;53;7;13133;1
66;234;7;22555;109
66;58;7;11444;1
66;208;6;2255;52
66;80;7;15123;3
66;161;6;5533;5
66;305;6;1333;5
66;109;6;2200;2
66;321;6;4410;3
66;240;6;4410;4
66;316;6;4020;1
66;211;6;4020;1
66;93;6;95;9
66;16;5;96;26
66;157;7;12300;1
66;152;7;45999;1
66;298;6;4490;7
66;298;6;5588;1
66;298;7;40111;1
66;128;6;2255;48
66;276;6;4422;4
66;78;6;2222;15
66;65;7;13133;1
66;110;6;1313;2
66;100;7;14133;1
66;90;7;12000;3
66;318;7;12222;26
66;23;6;2227;1
66;23;7;50500;1
66;205;7;33888;4
66;14;7;33300;1
66;208;6;1321;3
66;254;7;55011;1
66;112;6;1313;8
66;38;5;555;2
66;110;7;13555;1
66;39;6;4455;1
66;84;3;96;16
66;300;6;2277;4
66;309;7;13123;1
66;195;7;13123;1
66;153;6;1444;1
66;98;6;95;10
66;108;7;45;1
66;108;7;55;3
66;108;7;70;1
66;11;7;22333;2
66;127;6;96;12
66;152;5;95;19
66;316;7;22101;1
66;278;7;12;2
66;278;7;13;4
66;278;7;40;1
66;278;7;50;1
66;278;7;55;1
66;228;7;22;2
66;228;7;44;2
66;228;7;65;1
66;224;5;95;25
66;296;7;55678;20
66;62;6;2277;3
66;100;7;55678;19
66;296;7;10123;2
66;284;6;10;1
66;284;6;12;2
66;284;6;13;1
66;284;6;21;1
66;284;6;22;3
66;284;6;23;1
66;284;6;35;1
66;284;6;36;1
66;284;6;44;1
66;284;6;55;1
66;161;6;1233;2
66;284;7;10;1
66;284;7;11;2
66;284;7;12;5
66;284;7;13;3
66;284;7;15;1
66;284;7;22;3
66;284;7;23;1
66;284;7;44;1
66;284;7;45;1
66;182;7;12300;1
66;152;6;4422;2
66;293;7;44777;2
66;49;7;44333;1
66;105;3;13;135
66;95;7;50500;3
66;290;6;5522;1
66;290;6;95;16
66;205;7;23123;4
66;268;7;10190;1
66;298;7;55678;10
66;182;6;7011;1
66;272;6;1020;2
66;149;7;44777;1
66;173;7;23123;8
66;215;6;5501;1
66;329;7;22222;3
66;329;7;44190;1
66;41;6;7077;1
66;163;6;1313;5
66;298;6;1322;2
66;287;6;1201;1
66;111;6;2200;3
66;298;6;1277;4
66;106;6;1292;2
66;106;7;44111;1
66;22;7;10400;1
66;18;6;3612;3
66;11;6;1010;7
66;11;6;4456;1
66;59;7;22022;5
66;106;6;95;8
66;77;6;5511;10
66;225;7;33000;1
66;80;7;12114;1
66;228;3;44;125
66;153;6;1214;128
66;278;3;12;22
66;99;6;1213;3
66;133;6;2277;3
66;27;5;96;26
66;284;6;7012;1
66;316;6;4411;2
66;301;7;44567;2
66;75;5;555;1
66;293;6;3000;1
66;289;7;13513;1
66;278;6;1321;1
66;117;7;22222;1
66;117;7;44190;2
66;272;6;2288;9
66;291;6;4412;1
66;186;6;4444;1
66;244;7;22555;62
66;180;7;15123;15
66;184;5;555;5
66;217;6;1331;1
66;82;7;12144;1
66;154;7;55678;8
66;35;7;12555;3
66;41;7;95;11
66;57;7;10000;6
66;105;6;1020;1
66;315;7;10190;2
66;84;6;6565;3
66;23;7;22022;1
66;69;7;22555;73
66;105;7;15333;1
66;63;7;44777;1
66;158;7;10190;2
66;273;7;45111;1
66;294;6;1292;4
66;239;7;13258;1
66;303;7;10123;2
66;1;6;4444;1
66;58;6;5555;2
66;149;7;13456;1
66;109;7;13333;1
66;157;7;11111;1
66;205;7;50777;1
66;296;6;2201;2
66;230;7;15555;1
66;79;6;2200;1
66;217;7;12114;1
66;22;7;22555;115
66;133;7;50013;1
66;122;6;5533;4
66;288;7;55999;1
66;62;7;13333;6
66;18;6;1213;3
66;268;7;12600;2
66;47;6;12;2
66;47;6;13;4
66;47;6;15;1
66;47;6;44;1
66;56;7;55678;42
66;274;6;5511;9
66;291;6;1000;5
66;100;6;1020;1
66;295;7;13456;1
66;300;6;1020;1
66;14;6;1234;2
66;51;7;22511;1
66;51;7;96;4
66;28;7;13123;1
66;66;6;1292;1
66;301;7;23123;5
66;11;7;44690;1
66;244;7;11000;1
66;181;7;44333;1
66;223;7;44333;2
66;110;6;2299;4
66;82;7;33444;2
66;80;6;1234;2
66;300;7;22777;4
66;157;7;50500;1
66;312;7;44333;1
66;117;7;13133;1
66;164;6;1251;1
66;90;3;44;71
66;217;6;4555;1
66;112;6;4000;3
66;157;6;2211;2
66;110;7;55222;1
66;322;7;12222;2
66;41;3;13;133
66;64;6;2323;1
66;167;6;95;14
66;77;6;1353;1
66;268;6;1234;3
66;172;6;3300;1
66;317;3;13;57
66;22;6;1111;14
66;22;7;95;14
66;237;6;2277;15
66;13;5;555;4
66;22;6;1000;6
66;38;7;23123;5
66;127;6;5588;1
66;302;3;95;1
66;275;7;45000;1
66;233;6;7020;2
66;209;7;65013;2
66;154;7;50500;1
66;248;6;4555;2
66;248;7;33222;2
66;124;6;2277;3
66;310;3;44;74
66;171;3;44;82
66;35;7;36192;1
66;94;7;55678;12
66;34;3;44;94
66;205;6;1213;1
66;76;6;6565;3
66;270;7;44020;1
66;270;7;96;20
66;170;6;1300;1
66;291;7;15123;5
66;172;7;12300;8
66;34;3;13;135
66;303;7;13133;1
66;296;7;23190;2
66;314;7;55333;4
66;38;6;6565;4
66;274;3;13;108
66;309;7;13131;2
66;195;7;55888;1
66;27;7;55678;5
66;52;6;1020;2
66;247;6;1112;1
66;239;6;1112;3
66;312;7;44020;1
66;215;7;12222;3
66;104;7;44123;1
66;21;7;36192;1
66;130;6;5577;1
66;182;7;33145;1
66;227;7;12000;24
66;151;6;1599;1
66;297;6;5055;10
66;334;6;1314;1
66;172;6;1221;1
66;211;6;4000;2
66;171;6;5013;1
66;224;7;22777;2
66;243;6;4000;1
66;292;6;1313;1
66;243;6;1292;5
66;221;7;10000;4
66;123;6;1515;1
66;21;3;13;113
66;122;7;50444;1
66;84;7;12222;53
66;77;7;45000;5
66;163;7;55555;1
66;84;7;13789;1
66;53;7;11222;1
66;272;7;33193;1
66;272;7;55555;1
66;334;5;160;3
66;76;6;4013;1
66;47;7;44999;1
66;110;5;96;34
66;21;7;65013;3
66;128;7;12;1
66;128;7;13;7
66;128;7;22;3
66;128;7;65;1
66;128;7;70;4
66;12;6;10;1
66;12;6;12;4
66;12;6;13;1
66;233;5;700;91
66;203;5;95;7
66;95;7;22556;1
66;311;7;44447;1
66;14;6;96;15
66;90;7;10123;2
66;129;6;1292;2
66;129;7;44111;1
66;248;6;1010;3
66;248;6;4456;4
66;273;7;12600;2
66;273;7;65700;1
66;1;7;70000;1
66;182;3;44;157
66;19;6;5050;1
66;215;6;1201;1
66;133;6;95;16
66;125;7;50013;1
66;172;6;1213;5
66;277;7;96;9
66;244;6;1322;9
66;78;7;50500;3
66;208;6;6565;3
66;12;6;23;1
66;12;6;30;1
66;12;7;11;1
66;12;7;12;1
66;12;7;13;4
66;12;7;22;1
66;12;7;44;1
66;12;7;70;1
66;297;6;4422;3
66;36;6;12;1
66;36;6;22;1
66;82;7;22222;4
66;82;7;44190;2
66;68;6;1322;1
66;303;5;131;125
66;39;7;15123;6
66;298;7;55234;2
66;276;7;12123;2
66;228;7;13456;1
66;268;7;44999;2
66;35;6;4410;4
66;314;3;12;33
66;230;6;5555;56
66;98;7;22190;1
66;98;5;131;102
66;1;7;22556;1
66;124;7;22555;129
66;290;6;1000;2
66;320;6;1277;1
66;37;6;5055;3
66;234;7;12345;1
66;239;7;15123;3
66;311;7;13;1
66;311;6;13;1
66;248;7;13513;1
66;268;6;1221;1
66;195;6;1251;1
66;65;6;6565;3
66;329;6;4567;1
66;106;6;96;2
66;54;7;22555;67
66;315;5;96;19
66;238;6;5055;1
66;15;7;55888;2
66;301;7;45333;2
66;266;6;1313;3
66;67;7;33456;1
66;11;7;10000;1
66;96;6;11;1
66;96;6;12;3
66;96;6;13;4
66;96;6;22;1
66;96;6;44;2
66;96;7;12;4
66;96;7;13;11
66;96;7;22;1
66;96;7;44;1
66;96;7;70;1
66;221;6;4412;1
66;133;6;1369;1
66;301;6;1818;1
66;181;6;6565;1
66;91;7;15123;2
66;185;7;44700;1
66;209;7;44333;2
66;55;3;44;118
66;16;7;15151;1
66;298;7;13123;2
66;300;6;4410;3
66;132;7;10123;1
66;95;7;50013;1
66;231;7;12555;1
66;270;6;2255;50
66;20;6;2255;68
66;218;7;22555;95
66;107;6;2255;121
66;289;7;13131;2
66;91;7;33888;1
66;272;7;22022;3
66;127;3;95;6
66;294;6;2222;11
66;266;6;7011;1
66;300;7;12000;8
66;286;3;12;15
66;317;6;5013;5
66;66;7;33123;1
66;299;6;1020;2
66;12;6;1277;1
66;228;7;10123;1
66;203;6;7077;1
66;28;7;22777;3
66;95;6;1112;1
66;84;6;1333;2
66;60;6;5567;1
66;49;5;700;51
66;64;6;1213;1
66;94;7;15333;1
66;231;7;10;1
66;231;7;11;1
66;231;7;12;4
66;293;7;65234;6
66;108;6;1533;1
66;22;7;13789;3
66;220;7;55678;5
66;139;3;95;3
66;132;5;700;48
66;221;6;1020;1
66;251;7;15333;2
66;152;7;10777;1
66;278;7;15888;1
66;108;6;1010;1
66;108;6;4456;1
66;170;6;4555;4
66;278;6;4445;1
66;208;7;50013;1
66;53;6;2201;1
66;312;6;5511;9
66;157;6;1010;13
66;278;6;6565;3
66;266;6;2200;3
66;290;7;15120;2
66;297;7;12600;2
66;167;3;96;7
66;243;7;10000;1
66;230;7;45000;1
66;35;3;12;17
66;292;7;22222;1
66;123;6;2200;2
66;320;6;4000;1
66;312;7;22022;3
66;105;7;13222;1
66;39;6;4490;1
66;39;6;5588;2
66;209;7;22022;10
66;288;6;2288;2
66;248;6;5511;20
66;300;5;95;11
66;157;7;44123;1
66;68;3;96;16
66;69;7;10000;3
66;278;7;44111;2
66;184;7;13777;2
66;181;6;1520;2
66;153;7;12123;1
66;92;7;45300;1
66;302;7;22022;1
66;243;7;22222;5
66;243;7;44190;2
66;271;3;96;18
66;35;7;13555;1
66;160;7;13138;1
66;96;6;1010;11
66;96;6;4456;3
66;205;7;44027;1
66;11;7;13132;1
66;11;7;70222;2
66;312;7;15115;2
66;272;6;5511;5
66;88;6;4456;1
66;276;6;4456;1
66;276;6;1010;7
66;268;7;50777;1
66;60;6;2244;1
66;203;6;4555;1
66;57;7;12444;1
66;318;7;13132;1
66;237;6;7011;1
66;300;7;45777;1
66;299;6;2255;33
66;276;6;5500;1
66;224;6;1232;2
66;291;6;6565;2
66;313;3;13;114
66;128;6;4410;1
66;334;7;12111;1
66;170;7;11444;1
66;108;6;4567;2
66;271;7;44447;1
66;271;7;44456;1
66;315;6;5533;11
66;305;3;13;13
66;305;6;4410;1
66;47;6;1213;1
66;268;5;555;4
66;48;5;96;22
66;140;6;5111;1
66;276;5;96;21
66;88;5;96;26
66;225;3;13;103
66;247;7;22777;1
66;28;6;4000;1
66;267;6;4555;1
66;223;7;55678;9
66;62;7;10222;1
66;303;7;22556;1
66;63;6;4410;1
66;266;5;95;20
66;313;6;2222;15
66;186;7;12220;1
66;128;7;44123;1
66;310;6;5533;6
66;270;7;50500;5
66;39;6;2255;54
66;132;7;22511;2
66;132;7;96;13
66;169;6;1323;1
66;127;6;7069;1
66;69;6;4455;1
66;184;7;50500;1
66;12;6;95;11
66;40;6;2210;2
66;202;7;22111;1
66;220;7;22556;1
66;59;6;2277;1
66;329;5;700;62
66;111;6;7011;1
66;163;7;13333;2
66;268;7;14111;1
66;162;6;4433;1
66;182;7;44020;2
66;182;7;96;7
66;182;6;4423;2
66;124;7;22556;1
66;164;7;22777;1
66;48;5;95;17
66;90;6;2222;11
66;96;3;96;16
66;133;6;1010;5
66;251;7;15123;7
66;1;7;36700;1
66;186;6;1214;21
66;122;6;2255;46
66;217;7;12999;1
66;12;5;131;129
66;120;6;95;8
66;154;6;96;7
66;312;7;96;2
66;271;6;5050;1
66;109;3;44;100
66;233;6;4512;1
66;38;6;1299;1
66;288;6;4488;1
66;321;7;36192;2
66;130;6;2299;15
66;160;7;13789;1
66;128;7;12111;2
66;13;7;12500;1
66;112;7;65234;6
66;97;7;33888;2
66;83;5;700;97
66;10;7;95;15
66;67;6;2222;9
66;317;6;2222;2
66;202;6;5001;1
66;248;7;12111;1
66;318;6;6565;2
66;208;5;96;19
66;228;6;1111;8
66;180;5;95;19
66;267;7;55;1
66;267;7;13;2
66;63;7;13111;1
66;151;3;12;12
66;303;6;4410;1
66;233;6;4455;2
66;117;7;70400;1
66;90;6;5588;1
66;156;6;1010;4
66;292;6;6565;1
66;62;6;2323;2
66;195;6;1333;7
66;204;7;22222;7
66;120;6;5555;2
66;295;6;5050;2
66;158;6;1924;1
66;203;7;10000;2
66;39;7;22777;2
66;83;6;1322;2
66;297;7;44447;1
66;297;6;5001;5
66;172;7;45300;1
66;38;7;15888;1
66;234;7;22022;1
66;268;7;15123;7
66;164;6;4447;1
66;16;7;50500;1
66;108;7;50500;2
66;28;6;1322;5
66;81;7;70;2
66;329;6;4490;2
66;88;7;50500;1
66;203;7;12222;3
66;104;7;15222;1
66;97;7;11111;1
66;195;5;96;8
66;53;7;22022;3
66;322;6;4447;1
66;234;6;5588;1
66;65;6;1214;52
66;320;5;96;4
66;117;7;13258;4
66;167;7;13777;1
66;195;7;23123;6
66;224;7;11;1
66;224;6;18;1
66;224;6;55;2
66;224;6;70;1
66;224;7;12;1
66;224;7;13;6
66;158;7;70321;1
66;224;7;11444;1
66;239;6;1214;15
66;53;7;15123;5
66;264;7;44447;1
66;107;6;1212;1
66;156;7;45300;1
66;170;3;13;156
66;225;7;22555;63
66;318;6;1111;2
66;318;7;95;3
66;21;6;1520;1
66;297;6;5599;2
66;202;6;6565;2
66;161;7;13555;1
66;90;7;33000;1
66;322;6;1313;6
66;21;6;4055;1
66;273;7;70007;1
66;42;6;4440;1
66;274;7;44020;1
66;274;7;96;6
66;120;7;12444;1
66;120;7;13013;1
66;21;3;44;110
66;49;6;5005;1
66;49;7;44027;1
66;182;7;15333;6
66;317;6;5088;1
66;230;7;13133;1
66;162;6;1251;1
66;149;6;1321;1
66;58;6;2255;122
66;38;7;22222;6
66;38;7;44190;1
66;139;6;4422;5
66;133;7;45000;1
66;231;6;1213;2
66;75;7;44777;4
66;127;6;1112;1
66;287;6;4477;2
66;228;6;2244;1
66;227;7;12222;9
66;16;6;4422;10
66;96;7;15123;6
66;161;6;5055;1
66;298;7;45111;1
66;248;6;1512;2
66;318;7;10000;5
66;295;3;96;11
66;186;3;44;130
66;161;5;95;34
66;139;6;1012;1
66;139;6;1321;3
66;110;6;4000;1
66;218;7;70762;1
66;80;6;1020;1
66;268;6;2200;11
66;96;6;4410;3
66;273;7;15122;1
66;296;7;33333;1
66;184;7;22001;2
66;275;6;5511;1
66;273;5;555;1
66;12;7;22555;66
66;299;7;22022;5
66;66;7;22222;3
66;90;7;55555;1
66;128;3;95;5
66;334;3;44;57
66;156;6;4445;1
66;82;7;55555;1
66;294;5;95;15
66;12;7;44777;2
66;173;7;55011;3
66;247;6;5055;1
66;52;7;10122;3
66;53;6;5599;1
66;247;6;5533;2
66;158;6;5555;35
66;288;6;4422;1
66;89;7;15123;1
66;56;7;12111;1
66;66;6;1010;2
66;288;6;2244;1
66;64;7;33888;2
66;238;6;1322;1
66;40;7;22022;5
66;167;7;13100;1
66;167;7;22120;1
66;273;6;4447;2
66;184;7;13789;2
66;40;7;15123;2
66;139;7;12456;2
66;139;7;15123;8
66;107;7;22777;3
66;55;6;4490;1
66;264;7;70111;1
66;244;7;10400;1
66;12;6;5533;5
66;84;6;2300;1
66;88;7;12888;1
66;148;7;50113;1
66;181;6;1322;6
66;11;6;5001;2
66;156;6;5555;4
66;195;6;4555;1
66;11;7;13131;3
66;303;6;1321;2
66;156;7;55678;12
66;248;7;22222;4
66;271;5;555;5
66;157;6;2255;94
66;249;7;44700;2
66;106;7;10000;1
66;39;7;13131;3
66;130;7;55678;42
66;288;6;1233;1
66;17;3;44;107
66;52;7;22222;5
66;59;6;1533;1
66;157;7;12222;7
66;284;7;22777;5
66;39;6;1323;1
66;298;7;12300;2
66;284;6;2200;4
66;100;7;50500;1
66;274;7;13258;1
66;81;7;55011;1
66;208;6;4444;3
66;78;7;10123;3
66;302;7;96;1
66;211;6;7011;1
66;17;6;4490;2
66;111;6;4490;1
66;88;6;6565;1
66;276;6;6565;2
66;38;7;11999;1
66;208;7;12333;1
66;225;7;44020;1
66;225;7;96;8
66;274;6;1292;2
66;273;7;10123;24
66;317;3;95;1
66;154;6;5050;1
66;169;6;5511;5
66;311;6;5511;1
66;148;6;1313;5
66;170;6;4444;1
66;89;7;50500;2
66;51;6;4455;1
66;120;3;44;94
66;205;6;4477;1
66;249;7;12;1
66;249;7;13;7
66;249;7;22;3
66;249;7;44;1
66;16;7;13555;1
66;96;7;13333;10
66;14;7;13333;3
66;180;6;1369;1
66;273;7;13333;10
66;40;3;13;145
66;98;7;70400;2
66;334;6;4411;2
66;334;6;9000;1
66;63;6;6565;3
66;293;7;10400;1
66;204;6;70;1
66;204;7;11;2
66;204;7;12;2
66;204;7;13;6
66;204;7;22;1
66;47;7;22222;3
66;19;7;23123;24
66;47;7;44190;1
66;204;7;55;2
66;204;7;70;1
66;286;6;4445;1
66;271;6;5555;3
66;205;6;2200;4
66;240;7;10190;3
66;308;7;23123;3
66;180;7;70222;2
66;151;7;12100;1
66;223;6;2288;4
66;80;6;5055;2
66;59;6;2255;113
66;297;7;12999;1
66;122;3;95;5
66;181;7;10;1
66;181;7;12;1
66;181;7;13;1
66;181;7;22;2
66;181;7;50;1
66;23;6;96;9
66;88;7;12600;1
66;52;6;5567;1
66;42;3;21;1
66;64;6;70;1
66;64;7;11;1
66;64;7;12;2
66;64;7;13;9
66;64;7;22;4
66;64;7;44;3
66;64;7;45;1
66;49;6;1233;2
66;202;7;95;9
66;139;7;22345;1
66;95;6;2323;1
66;81;5;96;27
66;88;6;4003;1
66;97;5;700;57
66;49;7;13234;2
66;61;7;12345;1
66;267;7;12345;1
66;67;6;1201;1
66;244;7;12333;1
66;163;6;4411;1
66;100;7;15123;3
66;27;6;2201;1
66;276;7;55555;2
66;66;6;4567;1
66;156;6;95;15
66;316;7;13100;1
66;185;7;12755;1
66;208;7;55555;3
66;248;7;15120;1
66;308;6;1314;3
66;215;7;55678;11
66;271;7;33888;1
66;106;7;13123;1
66;123;3;95;1
66;301;6;4567;1
66;186;6;2255;90
66;154;7;95;16
66;227;6;5511;7
66;291;7;44444;1
66;266;7;70900;1
66;28;6;2255;42
66;251;7;13131;2
66;93;7;45123;1
66;244;6;5555;6
66;182;7;50444;3
66;13;7;65013;4
66;313;7;90909;2
66;170;6;3323;1
66;301;6;4447;1
66;203;6;5555;2
66;251;7;13333;6
66;293;7;22022;2
66;22;7;10123;1
66;53;3;13;109
66;313;7;12222;3
66;313;6;5005;1
66;139;6;7011;2
66;28;7;10123;13
66;211;6;1000;1
66;305;7;50500;1
66;172;3;13;160
66;218;6;95;8
66;301;7;44999;1
66;249;6;5007;2
66;286;6;2288;6
66;315;7;11444;2
66;88;7;90909;2
66;63;6;1214;16
66;164;6;7069;1
66;220;6;1020;2
66;38;6;1201;3
66;204;7;50013;3
66;173;6;1322;3
66;69;5;131;165
66;99;7;55011;2
66;180;6;1000;1
66;13;6;1331;2
66;291;7;50444;1
66;315;5;131;143
66;264;5;555;1
66;277;6;1000;10
66;172;6;1234;2
66;308;6;5555;5
66;312;7;13789;5
66;215;6;96;9
66;54;7;13131;2
66;54;7;55888;5
66;139;7;13131;1
66;62;7;33888;3
66;301;7;44556;2
66;106;6;1234;2
66;95;6;1212;1
66;107;7;23123;3
66;100;6;2222;14
66;76;7;13234;3
66;247;7;13132;3
66;314;7;50333;2
66;180;7;55234;1
66;243;7;22001;1
66;127;7;12123;1
66;277;6;4555;2
66;100;6;2200;1
66;266;5;555;3
66;98;7;95;10
66;109;7;33369;1
66;244;6;4000;1
66;170;6;96;11
66;244;5;96;22
66;274;6;2222;10
66;208;6;4545;1
66;89;6;1470;1
66;334;7;14400;1
66;123;6;4477;1
66;312;7;11111;2
66;161;7;44123;6
66;302;6;95;1
66;218;7;70000;1
66;286;7;12;2
66;286;7;13;5
66;160;6;6565;1
66;247;7;10030;2
66;247;7;96;2
66;244;7;50500;5
66;120;6;2277;10
66;81;7;10000;1
66;321;7;30000;1
66;12;6;1515;1
66;12;6;9001;1
66;15;6;4410;2
66;274;7;13100;1
66;316;6;1313;2
66;84;6;5522;1
66;84;6;95;11
66;84;7;45000;1
66;286;7;44447;1
66;277;3;95;6
66;267;7;95;3
66;93;7;22555;81
66;161;7;44444;1
66;39;6;4456;2
66;140;7;22555;122
66;186;6;4000;2
66;207;6;5567;2
66;52;7;33456;1
66;162;7;19012;1
66;154;6;2210;1
66;108;7;55234;1
66;109;6;4422;2
66;166;7;10123;10
66;299;3;95;5
66;299;6;1500;1
66;98;6;4565;1
66;37;7;33888;14
66;162;7;33888;1
66;41;6;1323;1
66;80;7;23192;3
66;315;7;23192;2
66;66;7;55333;2
66;148;6;4013;1
66;308;6;1214;17
66;21;7;13130;1
66;238;7;55011;1
66;313;7;12000;3
66;278;7;50013;3
66;304;6;2211;1
66;128;7;10123;2
66;39;6;2277;2
66;300;6;5055;1
66;218;5;700;90
66;76;7;13132;2
66;77;7;13132;1
66;312;5;96;9
66;140;7;65234;9
66;42;6;5533;2
66;308;7;11444;2
66;298;7;45333;1
66;297;7;44777;1
66;20;7;22555;86
66;23;7;13258;5
66;271;6;2288;7
66;272;5;700;90
66;202;6;96;4
66;53;6;96;13
66;35;7;13132;1
66;266;7;10;1
66;266;7;12;2
66;266;7;13;4
66;266;7;22;4
66;77;6;2300;1
66;129;3;96;8
66;314;6;1000;5
66;152;7;96;9
66;312;7;55011;2
66;273;6;1333;2
66;129;6;1111;14
66;195;7;55999;1
66;54;6;5055;1
66;288;6;4447;1
66;321;7;22222;4
66;238;7;12123;1
66;321;6;5533;2
66;83;6;5511;2
66;98;7;15123;3
66;130;7;15556;1
66;11;7;44567;2
66;1;6;1111;14
66;304;6;5511;2
66;271;7;23123;3
66;220;6;1234;1
66;284;7;55678;61
66;66;6;2288;1
66;11;7;11000;2
66;270;6;2277;2
66;203;5;555;2
66;54;7;22777;23
66;273;7;50777;1
66;162;7;30000;1
66;1;7;15123;3
66;254;7;12123;1
66;204;6;1322;3
66;239;6;5533;6
66;318;6;4410;1
66;111;6;4420;3
66;140;6;2299;3
66;54;6;1123;1
66;13;3;12;31
66;13;6;1399;1
66;129;7;33888;1
66;16;6;1313;5
66;153;7;13333;1
66;92;6;96;4
66;234;6;2200;2
66;10;6;4488;1
66;91;6;2299;1
66;63;6;2210;2
66;97;6;5511;4
66;107;6;5511;2
66;182;7;10190;2
66;286;7;44333;3
66;272;7;15151;1
66;48;7;15555;2
66;231;5;96;35
66;80;6;1201;1
66;66;6;2277;8
66;48;7;44027;2
66;297;6;1511;2
66;132;6;5555;1
66;14;6;2207;1
66;182;7;55234;1
66;88;7;50444;1
66;221;6;4444;1
66;288;6;1313;9
66;11;6;1213;6
66;104;7;55333;2
66;16;7;22222;5
66;16;7;44190;2
66;203;6;1214;11
66;228;6;4400;2
66;291;7;44333;4
66;160;6;1313;7
66;231;6;2299;2
66;237;6;1020;3
66;209;6;1520;1
66;12;7;13132;1
66;238;6;4422;4
66;112;6;2210;3
66;41;6;5013;1
66;271;6;4422;4
66;334;6;2201;1
66;312;6;1313;5
66;211;6;13;6
66;211;6;12;1
66;211;7;11;1
66;211;7;13;6
66;211;7;22;2
66;211;7;70;1
66;57;7;12000;98
66;243;7;44567;1
66;284;5;96;35
66;47;5;95;16
66;139;7;65234;4
66;40;7;65234;1
66;88;7;44321;1
66;48;7;12114;2
66;295;7;22022;3
66;170;7;13123;1
66;180;6;1251;1
66;180;7;14888;1
66;54;6;2277;25
66;290;6;1214;38
66;320;7;22123;2
66;100;7;12300;1
66;243;7;70;1
66;243;7;13;4
66;243;7;22;1
66;243;7;44;1
66;234;7;12333;1
66;40;6;2222;18
66;221;6;1222;1
66;301;7;50777;1
66;239;7;12600;2
66;120;7;11111;1
66;78;6;4477;2
66;294;6;2255;57
66;112;7;12222;1
66;132;7;12144;1
66;275;6;4567;5
66;98;6;5533;1
66;227;7;50500;1
66;314;6;2244;2
66;293;7;96;11
66;69;7;96;8
66;313;7;44888;1
66;61;7;44123;1
66;273;3;12;20
66;162;7;50013;2
66;286;6;4412;2
66;47;6;1233;2
66;77;7;70345;1
66;77;7;12222;8
66;167;7;50500;3
66;66;7;50500;1
66;167;6;2227;1
66;272;6;4455;2
66;49;6;2323;2
66;276;7;55011;2
66;248;6;1020;2
66;315;3;95;13
66;99;7;22111;1
66;248;7;12755;2
66;39;7;44447;1
66;243;6;2200;3
66;112;6;1214;76
66;110;7;44000;1
66;238;7;22222;4
66;90;7;12555;1
66;170;6;1000;5
66;56;5;95;12
66;104;6;1313;4
66;184;5;95;17
66;225;6;6565;1
66;292;7;22555;85
66;271;6;2277;3
66;99;6;2299;2
66;48;6;1311;1
66;301;6;4422;6
66;317;3;96;1
66;276;7;50500;2
66;129;7;22556;3
66;305;5;700;5
66;308;7;13131;2
66;185;7;22222;6
66;184;7;12222;34
66;209;7;33300;1
66;220;6;2233;1
66;244;6;2277;5
66;80;6;96;20
66;211;7;44333;1
66;12;6;4477;1
66;296;7;15123;4
66;96;7;95;11
66;12;7;44123;7
66;247;6;2244;3
66;268;7;15001;1
66;300;6;1311;1
66;274;7;10000;3
66;49;7;55678;13
66;296;7;44044;1
66;172;7;22777;1
66;111;6;15;1
66;111;6;22;1
66;17;7;10;1
66;17;7;11;2
66;17;7;12;4
66;17;7;13;11
66;17;7;15;1
66;17;7;44;2
66;17;7;45;1
66;17;7;50;1
66;17;7;55;2
66;17;7;70;1
66;17;6;12;5
66;17;6;13;3
66;17;6;36;1
66;17;6;45;1
66;17;6;50;1
66;154;6;12;3
66;154;6;22;1
66;154;6;65;1
66;154;7;12;7
66;154;7;13;6
66;284;6;2277;6
66;217;6;1311;1
66;221;6;5001;1
66;59;5;700;32
66;300;7;44567;1
66;220;6;1023;1
66;169;6;4441;1
66;322;7;12444;2
66;322;7;13013;2
66;171;6;1111;13
66;290;7;12100;2
66;234;6;1214;48
66;66;6;4447;1
66;218;6;1277;1
66;112;7;22556;2
66;28;6;1023;1
66;100;6;96;11
66;42;6;5013;5
66;18;7;22777;7
66;62;7;22777;3
66;64;6;4477;4
66;112;7;44777;1
66;185;6;5055;3
66;109;6;6565;1
66;63;7;13234;3
66;231;3;96;16
66;334;7;13258;2
66;218;3;96;23
66;181;7;45333;1
66;47;7;13133;1
66;157;7;12000;52
66;299;6;5050;2
66;304;7;10123;3
66;291;7;12000;5
66;160;7;55860;2
66;167;6;1321;1
66;21;5;131;140
66;108;6;2255;72
66;55;7;55111;1
66;238;5;95;8
66;21;6;4410;5
66;277;3;13;138
66;272;6;95;9
66;271;6;1292;3
66;172;7;50500;2
66;80;6;4522;1
66;151;7;22555;65
66;88;7;22222;7
66;88;7;44190;1
66;276;7;22222;6
66;297;6;1213;2
66;13;6;2299;12
66;60;7;22022;1
66;56;5;96;22
66;161;7;22222;3
66;161;7;44190;3
66;234;7;33888;5
66;160;6;5511;8
66;247;6;1321;1
66;247;6;1012;2
66;180;6;1233;1
66;120;5;96;23
66;205;6;5511;5
66;299;7;22777;4
66;41;7;22222;5
66;41;7;44190;1
66;169;6;1221;1
66;75;7;55678;5
66;149;7;43333;1
66;291;6;5555;2
66;52;6;2277;9
66;17;6;2323;3
66;111;6;2323;1
66;272;6;4410;3
66;127;7;15151;1
66;40;5;131;174
66;117;7;12100;1
66;180;6;5007;1
66;65;7;10190;2
66;42;6;4555;1
66;270;7;55555;3
66;270;7;33193;1
66;152;6;4554;1
66;288;6;2299;13
66;211;7;12300;2
66;310;7;70400;1
66;21;7;22777;4
66;312;7;13123;2
66;152;7;33700;1
66;310;6;6565;1
66;287;7;70762;1
66;248;7;22622;1
66;80;6;5115;2
66;124;6;4410;1
66;84;5;95;13
66;272;6;5567;1
66;300;5;96;24
66;295;7;50013;1
66;275;6;2200;2
66;77;7;44027;1
66;224;6;5511;12
66;184;7;13555;3
66;62;6;2200;3
66;127;7;44027;1
66;298;6;4455;1
66;13;6;5055;6
66;291;7;33000;1
66;92;7;12555;1
66;224;7;23192;4
66;248;7;55333;2
66;67;7;23123;2
66;204;6;2288;3
66;186;6;4455;4
66;243;7;55888;1
66;277;6;1213;4
66;195;7;96;2
66;133;5;96;22
66;66;6;2256;1
66;296;7;22555;60
66;160;3;12;15
66;11;7;55678;34
66;156;6;1000;3
66;36;6;2277;3
66;38;6;5533;12
66;52;6;95;8
66;156;7;22120;1
66;237;5;95;15
66;91;6;2323;1
66;310;5;96;15
66;62;7;12300;3
66;34;7;44777;2
66;202;6;2244;1
66;48;5;131;164
66;75;6;1522;1
66;78;7;11444;1
66;215;6;1000;3
66;40;5;96;16
66;123;7;33000;1
66;166;6;2222;6
66;170;6;4422;4
66;49;7;22777;5
66;123;7;22555;75
66;66;7;13;20
66;66;7;15;1
66;66;7;22;6
66;66;7;23;1
66;66;7;44;3
66;66;7;45;3
66;66;7;55;2
66;66;7;70;2
66;291;5;95;30
66;264;7;13258;1
66;180;6;4455;2
66;98;7;50777;1
66;296;6;5001;3
66;274;6;1321;1
66;67;6;1292;5
66;254;7;33333;1
66;37;6;1112;1
66;271;7;13132;1
66;128;7;55888;1
66;221;6;4099;1
66;224;6;7077;1
66;94;3;96;22
66;173;7;12000;7
66;298;7;50013;4
66;93;5;131;148
66;290;5;555;4
66;14;7;44123;3
66;63;6;5599;1
66;297;7;96;8
66;297;7;10030;1
66;139;6;1020;2
66;91;6;5555;7
66;243;7;55678;29
66;207;5;555;1
66;238;6;1311;1
66;167;6;1000;2
66;211;6;2201;1
66;12;6;1213;9
66;90;5;700;63
66;120;7;44020;2
66;53;5;96;28
66;17;7;70123;1
66;17;5;700;73
66;17;7;11113;1
66;111;7;22022;2
66;288;5;700;78
66;104;6;1111;5
66;104;7;95;11
66;308;6;1010;7
66;308;6;4456;2
66;286;7;10123;1
66;120;6;1000;1
66;37;7;15123;6
66;286;3;44;121
66;84;6;2200;1
66;158;6;2210;1
66;104;7;10123;2
66;120;5;700;84
66;19;6;1292;2
66;228;7;22022;3
66;90;7;13132;2
66;164;7;50500;3
66;271;6;4530;1
66;172;6;4567;1
66;129;6;4410;1
66;39;6;2201;1
66;186;3;96;12
66;105;7;12444;1
66;243;6;1599;1
66;79;3;95;5
66;17;7;22000;1
66;23;7;12123;1
66;95;5;555;2
66;334;6;1321;2
66;286;7;22555;90
66;54;3;13;168
66;128;7;22022;2
66;91;7;44333;1
66;297;7;22777;3
66;167;6;4488;3
66;42;5;95;12
66;247;6;4456;3
66;19;6;95;12
66;301;7;12000;9
66;79;7;45555;2
66;105;6;4321;4
66;120;7;10122;1
66;314;7;23333;1
66;294;6;1321;1
66;110;6;6565;5
66;15;6;1016;1
66;173;6;1213;1
66;77;7;12000;5
66;12;7;10190;1
66;249;7;13333;1
66;59;7;96;12
66;164;7;12000;28
66;81;7;55234;2
66;238;3;95;4
66;160;7;22511;2
66;160;7;96;11
66;310;6;2255;61
66;77;7;65234;3
66;238;6;95;6
66;17;6;2255;43
66;99;7;12888;1
66;99;7;13333;2
66;277;7;10400;3
66;313;7;22022;9
66;215;7;22022;8
66;244;5;700;88
66;42;6;1470;1
66;110;3;95;9
66;249;7;12144;1
66;95;6;5533;1
66;122;6;1111;3
66;54;7;15151;1
66;205;7;12;9
66;205;7;13;7
66;205;7;44;1
66;205;7;50;1
66;205;7;65;1
66;53;5;95;15
66;224;7;55234;2
66;104;7;12000;13
66;117;6;5050;1
66;308;7;12100;1
66;108;7;13258;2
66;82;7;70321;2
66;69;3;21;1
66;314;6;12;2
66;314;6;13;3
66;314;6;44;1
66;314;7;10;1
66;123;5;95;5
66;82;7;22022;4
66;273;6;5050;1
66;264;7;65234;8
66;277;6;2300;1
66;277;7;12123;1
66;268;7;12123;1
66;296;7;44333;1
66;124;7;22777;3
66;315;6;1000;5
66;181;6;5055;5
66;65;7;12300;4
66;293;6;2277;4
66;180;7;33789;2
66;181;7;11444;2
66;91;6;1010;2
66;286;6;2299;15
66;290;6;1522;1
66;290;7;15001;1
66;161;6;5511;20
66;302;5;700;31
66;37;7;13013;1
66;171;6;1313;1
66;10;6;2210;1
66;17;7;55333;4
66;90;6;1012;2
66;286;7;33888;1
66;316;7;55555;1
66;221;3;13;142
66;266;7;44;1
66;296;6;2299;8
66;28;3;96;11
66;293;7;13234;6
66;294;6;2277;4
66;108;6;2299;5
66;108;6;4444;1
66;184;3;44;111
66;100;6;4012;1
66;151;6;1221;1
66;291;6;5511;7
66;139;7;12333;1
66;83;6;5567;1
66;104;5;555;1
66;27;3;96;14
66;67;6;11;2
66;67;6;12;12
66;67;6;13;1
66;67;6;21;1
66;67;6;22;2
66;67;6;23;1
66;67;6;36;1
66;67;6;80;1
66;67;7;10;1
66;67;7;11;1
66;67;7;12;13
66;67;7;13;8
66;67;7;22;2
66;67;7;43;1
66;233;6;2210;1
66;140;6;96;6
66;16;7;44123;8
66;78;5;96;14
66;205;7;45645;1
66;106;6;4477;1
66;82;6;3500;1
66;83;6;96;14
66;28;6;1588;1
66;303;6;13;5
66;303;7;13;3
66;303;7;14;2
66;303;7;22;1
66;93;7;55678;7
66;248;6;4020;1
66;108;5;700;86
66;90;6;95;21
66;90;7;45000;2
66;94;6;1214;37
66;100;7;11113;1
66;100;7;22022;2
66;240;6;6565;1
66;297;6;7069;1
66;301;7;12011;1
66;110;6;1000;1
66;209;7;12888;1
66;209;7;13333;1
66;296;3;95;7
66;251;6;1112;1
66;62;6;1421;1
66;238;7;12300;1
66;108;3;13;155
66;303;6;12;2
66;61;7;11111;1
66;120;7;12222;5
66;110;7;22555;77
66;17;6;1221;2
66;82;6;2200;5
66;82;6;8080;1
66;52;5;131;112
66;117;7;12123;1
66;272;6;1010;4
66;272;6;4456;1
66;314;6;2200;2
66;62;5;96;23
66;313;6;1520;1
66;54;7;33888;4
66;247;7;10190;2
66;19;7;10123;1
66;237;7;44190;1
66;69;6;1221;3
66;266;7;55011;2
66;55;7;12345;1
66;182;6;1901;1
66;152;3;12;28
66;228;5;95;19
66;164;3;96;17
66;273;6;1221;1
66;317;7;13132;1
66;28;6;1212;1
66;105;6;1213;3
66;82;7;55234;1
66;123;7;45645;1
66;112;6;6565;6
66;96;6;4555;1
66;111;6;5599;2
66;63;7;70000;1
66;17;6;1512;1
66;16;7;12114;1
66;227;6;4447;2
66;47;6;1888;1
66;182;7;44321;1
66;82;7;33000;1
66;254;6;4441;1
66;298;3;44;115
66;180;7;22777;2
66;51;6;1313;4
66;97;6;2201;5
66;110;7;23123;3
66;149;6;2123;1
66;34;6;1292;2
66;287;7;10;1
66;181;7;45000;1
66;17;7;65013;3
66;148;7;96;9
66;295;6;96;9
66;270;3;44;91
66;20;3;44;81
66;82;7;95;17
66;132;6;7011;1
66;64;7;12000;52
66;180;6;4410;9
66;156;7;10000;4
66;270;6;2288;5
66;17;7;65234;2
66;20;6;2288;2
66;208;6;1010;7
66;166;6;13;1
66;166;6;65;3
66;166;7;11;1
66;166;7;13;4
66;166;7;22;1
66;166;7;45;1
66;166;7;65;3
66;166;7;70;1
66;172;7;55011;2
66;266;6;1233;1
66;266;7;15120;1
66;218;6;5044;1
66;182;7;44122;1
66;266;7;10123;7
66;107;6;2288;1
66;157;3;95;10
66;300;7;13123;3
66;291;6;4411;1
66;291;6;9000;1
66;59;7;10100;1
66;169;3;13;109
66;111;7;15123;6
66;99;7;10123;9
66;292;6;5050;1
66;272;7;11111;1
66;204;6;2222;11
66;152;6;1111;12
66;125;6;4477;4
66;273;6;1500;1
66;10;6;4422;3
66;64;6;1214;12
66;239;6;2277;4
66;231;6;96;17
66;274;7;70321;1
66;36;6;1515;2
66;92;6;1520;1
66;221;7;44123;3
66;123;6;1313;2
66;27;6;10;1
66;27;6;11;2
66;27;6;12;8
66;27;6;13;6
66;81;6;2244;3
66;107;7;12000;33
66;97;7;12000;63
66;321;5;700;42
66;240;5;700;74
66;208;6;1221;2
66;167;3;95;8
66;186;7;44690;3
66;15;3;13;187
66;275;7;11999;1
66;120;3;12;36
66;272;7;10123;3
66;284;6;1010;31
66;164;6;1213;1
66;90;6;5533;3
66;88;6;5555;2
66;65;7;22022;5
66;209;6;13;3
66;21;5;96;22
66;47;3;96;12
66;301;6;1111;6
66;227;6;4012;4
66;303;6;4422;3
66;40;7;12222;36
66;139;7;12222;5
66;301;6;7000;1
66;185;6;1201;1
66;289;6;1201;2
66;321;7;55888;2
66;77;7;11;2
66;77;7;13;8
66;77;7;22;4
66;77;7;44;1
66;77;7;55;2
66;77;7;65;1
66;77;7;70;1
66;77;6;12;1
66;77;6;13;5
66;77;6;21;1
66;77;6;44;1
66;77;6;50;1
66;317;6;2210;6
66;254;5;555;1
66;62;3;44;104
66;48;6;4490;4
66;48;6;5588;1
66;249;7;44123;1
66;284;7;13258;3
66;59;3;95;6
66;274;7;50777;1
66;211;6;1221;1
66;108;7;13234;1
66;297;7;12111;3
66;221;5;700;94
66;239;7;44123;4
66;221;7;44555;2
66;308;6;1213;5
66;182;7;22555;43
66;227;6;1333;1
66;266;6;2277;5
66;127;6;1213;4
66;38;7;45999;1
66;249;7;22222;9
66;313;5;131;142
66;64;5;555;1
66;1;7;22511;6
66;1;7;44020;2
66;248;6;1000;2
66;18;6;96;8
66;125;7;11444;1
66;41;6;5511;7
66;151;7;44123;1
66;52;7;12345;1
66;95;6;95;17
66;322;6;5013;2
66;286;6;1016;1
66;156;7;10123;2
66;254;7;14400;1
66;66;5;555;1
66;34;6;1214;88
66;295;7;12600;3
66;305;3;44;7
66;243;7;22556;1
66;243;7;45123;1
66;38;7;50444;1
66;314;7;44999;1
66;181;6;4567;1
66;80;7;55555;7
66;124;6;2244;2
66;15;7;22511;2
66;305;7;55678;1
66;202;7;22556;1
66;10;7;70400;1
66;123;6;2266;1
66;47;3;44;114
66;271;6;4445;1
66;205;7;22556;2
66;301;6;1311;1
66;67;7;12000;107
66;317;7;12000;15
66;76;6;1213;1
66;296;6;2200;3
66;16;7;55678;52
66;211;6;5567;2
66;67;7;96;9
66;237;6;4488;1
66;35;6;1221;2
66;10;6;5599;1
66;170;6;4040;1
66;292;6;2201;3
66;234;7;55678;11
66;290;6;2256;2
66;320;7;13131;1
66;320;5;131;42
66;321;3;95;3
66;240;3;95;13
66;79;6;5533;1
66;240;6;1533;2
66;287;7;12144;1
66;107;6;2323;2
66;315;7;44777;2
66;77;6;4510;1
66;239;6;1313;11
66;78;6;1213;2
66;301;6;3000;1
66;309;6;4432;1
66;51;6;5567;1
66;312;6;1221;2
66;205;7;50013;5
66;80;6;5511;11
66;225;6;4512;1
66;81;7;12222;4
66;35;7;12000;18
66;270;6;1222;1
66;289;6;1300;2
66;151;7;55333;1
66;180;6;1010;7
66;180;6;4456;4
66;233;6;3310;1
66;108;6;5533;2
66;157;6;1292;1
66;127;7;55678;6
66;286;7;10000;7
66;211;7;50500;10
66;264;7;22555;79
66;96;7;45999;2
66;39;7;70321;1
66;108;6;1111;10
66;63;7;22222;6
66;63;7;44190;3
66;308;6;4410;1
66;298;7;13456;1
66;184;7;13132;1
66;334;6;4029;1
66;39;6;7040;1
66;39;7;13155;1
66;211;7;44190;1
66;125;7;15151;1
66;80;6;1321;3
66;95;6;1321;4
66;202;3;95;3
66;158;6;1512;1
66;239;7;44333;1
66;209;6;2225;1
66;108;6;2244;1
66;217;6;5555;1
66;293;6;4567;3
66;182;6;1000;4
66;14;6;5555;4
66;39;6;4444;1
66;243;6;5007;1
66;161;6;4410;4
66;129;7;10190;2
66;37;7;10123;7
66;170;7;12144;1
66;314;7;44020;1
66;211;7;65700;2
66;204;7;10369;1
66;80;7;55011;1
66;127;7;13234;1
66;40;6;4410;3
66;139;6;4410;2
66;273;7;70400;3
66;99;6;4490;1
66;63;7;65234;1
66;156;6;5567;1
66;163;7;50013;1
66;298;7;44999;3
66;162;6;2022;1
66;37;6;1212;1
66;303;7;55222;1
66;278;6;1313;7
66;130;6;1221;3
66;266;7;44123;2
66;38;7;12114;1
66;130;7;12222;13
66;208;7;13133;1
66;167;7;45000;5
66;209;7;10000;2
66;128;7;13133;1
66;153;6;1322;1
66;208;7;55678;26
66;297;6;3000;2
66;308;7;44333;3
66;84;7;22556;1
66;79;6;1100;2
66;303;6;4013;1
66;215;7;12000;48
66;109;6;5007;1
66;89;7;33193;1
66;60;6;4455;5
66;291;7;13130;1
66;270;7;12500;2
66;53;7;12600;2
66;107;6;1111;6
66;272;7;23190;1
66;20;6;12;1
66;20;6;13;1
66;20;6;22;1
66;20;6;23;2
66;20;6;70;1
66;20;7;11;1
66;20;7;12;2
66;20;7;13;8
66;20;7;22;2
66;20;7;23;1
66;20;7;44;1
66;20;7;55;2
66;20;7;65;1
66;36;6;5555;1
66;84;6;5511;4
66;169;6;96;10
66;289;5;700;8
66;185;5;700;64
66;38;7;10123;4
66;84;6;2222;18
66;63;6;5055;2
66;296;6;2255;47
66;274;6;1111;4
66;58;6;1201;1
66;99;6;1326;1
66;218;7;44123;5
66;329;6;96;3
66;231;7;44123;2
66;313;6;5555;17
66;108;7;13333;1
66;157;6;4490;1
66;272;7;13123;2
66;181;7;23190;1
66;94;7;44321;1
66;291;6;1292;4
66;225;6;1221;2
66;80;7;96;16
66;301;7;45300;2
66;16;3;44;129
66;76;7;70400;1
66;76;6;7040;1
66;76;7;12190;1
66;237;7;22777;12
66;298;6;1311;1
66;298;7;12500;1
66;301;7;12123;2
66;272;7;50500;2
66;80;7;10190;1
66;139;3;13;134
66;164;7;45300;2
66;294;6;1000;3
66;129;6;1221;1
66;304;5;131;186
66;322;6;4578;1
66;149;7;44369;1
66;228;7;12300;3
66;88;7;70345;1
66;300;3;13;118
66;215;7;22777;10
66;218;7;22222;6
66;163;5;131;160
66;297;7;23192;1
66;110;7;44888;1
66;202;6;4411;1
66;180;6;2277;1
66;299;7;50013;2
66;248;3;44;151
66;207;7;55678;68
66;288;6;1269;1
66;76;7;12222;11
66;127;7;45333;3
66;1;6;4477;3
66;127;5;555;2
66;27;3;13;125
66;23;3;95;6
66;80;6;4422;1
66;78;3;13;115
66;81;7;45300;1
66;157;5;555;4
66;290;6;1020;1
66;275;6;5555;65
66;270;7;12222;14
66;76;3;44;80
66;304;6;1322;3
66;76;6;5511;10
66;62;7;50444;1
66;292;6;1292;1
66;68;7;45300;1
66;288;7;22000;1
66;83;6;5533;4
66;104;6;1016;1
66;290;7;30000;1
66;60;3;12;9
66;278;6;5511;14
66;240;7;33123;1
66;173;7;44321;1
66;65;7;12123;1
66;297;6;1055;1
66;270;6;1221;2
66;297;6;1234;6
66;182;6;5013;3
66;329;6;1221;1
66;308;7;12300;1
66;186;5;96;17
66;14;7;23123;13
66;315;6;6565;2
66;56;7;10123;7
66;63;7;12999;2
66;64;7;55234;1
66;291;3;12;35
66;111;7;19012;1
66;244;6;1020;4
66;94;6;2200;1
66;52;7;15151;1
66;225;6;4400;1
66;53;7;11111;1
66;320;6;1322;1
66;109;6;2299;5
66;18;7;95;9
66;62;7;14678;2
66;18;6;1111;2
66;49;7;12222;7
66;297;3;44;174
66;96;6;1520;1
66;53;7;44333;1
66;182;6;3000;1
66;293;7;70345;1
66;293;7;12222;6
66;278;6;1322;1
66;185;6;4400;1
66;99;7;70400;3
66;181;7;12114;1
66;21;6;95;13
66;204;6;4410;2
66;230;6;11;1
66;230;6;13;2
66;163;7;12300;5
66;254;7;65013;1
66;218;6;4554;2
66;298;7;12999;1
66;11;7;70090;1
66;254;7;15122;1
66;18;6;1000;1
66;16;7;55011;4
66;290;6;1321;1
66;77;7;13456;1
66;329;7;22010;1
66;185;7;90909;6
66;40;7;10124;5
66;40;7;22010;1
66;21;6;1000;2
66;271;6;4456;2
66;75;7;13133;1
66;294;7;22555;75
66;220;6;1233;1
66;204;7;95;18
66;129;6;22;1
66;49;7;33133;2
66;28;7;44123;2
66;249;7;65234;3
66;68;6;2222;7
66;289;6;1213;1
66;170;6;2255;53
66;230;5;95;21
66;184;6;96;5
66;298;7;44022;1
66;139;6;2299;9
66;300;7;11111;4
66;167;7;10123;1
66;276;6;5050;2
66;224;7;70007;1
66;244;7;10190;3
66;132;6;1234;1
66;41;6;2255;63
66;296;7;12123;1
66;38;7;44333;1
66;271;5;95;18
66;92;7;44123;3
66;264;7;44777;3
66;271;6;1000;3
66;215;7;12123;1
66;211;7;13333;2
66;127;3;13;128
66;13;6;5533;5
66;292;7;10222;3
66;123;7;33133;1
66;182;6;1333;2
66;75;7;33888;1
66;117;7;12000;63
66;184;3;12;27
66;67;7;65;1
66;67;7;70;2
66;67;7;90;1
66;267;6;7055;1
66;247;3;95;6
66;203;6;96;5
66;295;6;2201;2
66;171;7;12500;1
66;289;5;555;1
66;313;6;2288;5
66;181;7;22000;1
66;148;7;22777;4
66;96;6;4444;3
66;292;6;96;6
66;128;6;95;12
66;297;6;1313;8
66;13;7;12555;1
66;316;7;33888;2
66;211;7;33888;3
66;290;7;23123;2
66;297;6;2244;1
66;329;6;4422;1
66;329;7;40101;2
66;181;5;96;14
66;108;7;12300;4
66;220;7;22380;4
66;14;5;555;2
66;320;6;1010;1
66;320;6;4456;1
66;292;6;2288;4
66;12;6;1313;8
66;128;6;4455;5
66;244;3;96;11
66;172;7;55222;2
66;184;7;12555;4
66;117;6;7040;1
66;240;6;7040;3
66;14;6;2288;1
66;65;7;11444;1
66;217;6;4477;3
66;158;7;50013;2
66;231;7;55888;1
66;154;6;1044;1
66;100;7;13132;1
66;297;7;22001;2
66;317;7;13131;1
66;59;6;5044;1
66;320;7;22556;1
66;34;6;2225;1
66;27;6;1010;4
66;27;6;4456;1
66;68;6;4444;1
66;297;6;4410;6
66;12;7;70321;1
66;82;7;10000;2
66;76;7;13333;3
66;254;6;6565;2
66;125;5;555;3
66;202;7;14393;3
66;1;7;55678;14
66;153;7;13258;6
66;84;6;5599;2
66;66;6;5567;1
66;295;7;10123;8
66;148;5;95;14
66;55;6;5533;4
66;66;7;65700;1
66;181;7;10123;9
66;98;6;1313;2
66;60;6;1313;4
66;286;7;96;8
66;81;6;4000;2
66;298;3;13;94
66;35;6;2256;1
66;239;7;15333;1
66;127;6;2222;10
66;117;7;13456;1
66;96;7;70400;1
66;98;6;5005;1
66;240;3;16;1
66;84;5;131;166
66;290;6;7040;1
66;80;6;4445;1
66;290;7;96;9
66;320;7;10000;1
66;127;7;65234;18
66;304;3;13;160
66;140;7;44123;3
66;97;3;12;24
66;40;6;4422;1
66;167;6;4466;2
66;157;7;95;19
66;133;6;7011;1
66;314;7;12300;5
66;111;7;65;1
66;111;7;70;1
66;111;6;11;3
66;111;6;12;5
66;111;6;13;5
66;274;7;45000;1
66;286;7;23123;2
66;49;6;1299;1
66;130;5;555;2
66;329;6;6565;4
66;11;7;12100;1
66;66;6;1313;1
66;167;6;1313;14
66;293;6;4433;1
66;139;6;4456;2
66;139;6;1010;5
66;293;7;13133;2
66;23;6;2201;1
66;308;7;70190;1
66;11;6;4410;3
66;17;7;10123;13
66;111;7;10123;1
66;139;7;12345;2
66;217;6;2201;1
66;21;7;12123;1
66;180;7;50500;7
66;205;6;2222;16
66;39;3;12;16
66;37;7;22555;62
66;88;7;13777;1
66;278;7;15120;1
66;231;6;4400;1
66;109;3;95;8
66;40;7;12000;3
66;139;7;12000;57
66;79;6;96;5
66;254;7;22022;3
66;204;6;1299;2
66;243;6;2255;43
66;225;7;70321;2
66;48;6;1313;10
66;184;6;1292;1
66;211;7;13132;2
66;225;6;1322;3
66;276;6;5533;2
66;94;7;13111;2
66;271;7;13234;1
66;99;6;1214;15
66;95;6;12;3
66;95;6;13;7
66;95;6;50;1
66;111;7;11;1
66;111;7;12;8
66;111;7;13;8
66;111;7;14;1
66;111;7;15;1
66;111;7;22;4
66;130;6;95;26
66;111;7;45;1
66;111;7;55;1
66;268;6;4512;2
66;1;7;96;8
66;11;7;65234;3
66;27;7;13789;1
66;98;7;22777;9
66;314;7;23190;1
66;125;5;96;14
66;278;7;11111;2
66;127;5;95;19
66;91;6;2200;4
66;309;6;4411;1
66;195;6;1222;1
66;66;6;1221;2
66;167;6;1221;2
66;298;6;1251;1
66;98;7;65123;1
66;125;6;2323;1
66;247;6;1212;1
66;36;6;1222;3
66;36;6;1234;2
66;36;6;4411;1
66;316;6;4445;2
66;18;5;555;2
66;233;6;5522;1
66;233;6;95;14
66;182;7;12111;1
66;276;7;14678;1
66;276;7;95;18
66;276;6;1111;5
66;182;7;12755;1
66;55;7;22022;2
66;75;7;13234;1
66;94;7;13132;1
66;112;6;1221;5
66;55;7;12000;51
66;108;6;2277;4
66;16;6;2277;8
66;28;6;1313;5
66;164;5;131;131
66;220;6;2222;9
66;14;7;33000;1
66;108;6;4400;1
66;167;6;1322;2
66;322;6;4410;1
66;224;3;12;24
66;19;6;1016;1
66;11;5;96;20
66;298;6;4477;2
66;63;6;1322;7
66;117;6;4490;2
66;42;7;13131;1
66;42;7;55888;1
66;164;6;1333;1
66;151;7;10;1
66;151;7;11;1
66;151;7;12;8
66;151;7;13;5
66;151;7;22;2
66;151;7;55;1
66;151;7;70;2
66;264;7;12300;3
66;185;7;55678;12
66;110;6;5500;1
66;316;6;1213;3
66;28;7;13333;5
66;60;3;44;102
66;98;3;44;74
66;313;6;2299;7
66;217;7;10123;12
66;173;5;96;17
66;289;7;90000;1
66;14;7;90180;1
66;243;3;96;14
66;89;6;1111;8
66;10;6;2222;15
66;270;6;1322;2
66;220;3;12;18
66;205;6;2244;1
66;91;6;1020;1
66;129;6;1300;1
66;129;7;55678;42
66;105;7;22022;6
66;122;6;1292;3
66;16;3;95;13
66;99;7;50500;1
66;112;7;13132;1
66;95;7;45555;1
66;271;7;13333;3
66;184;7;44999;1
66;100;7;44020;1
66;100;7;96;8
66;299;6;5007;1
66;139;6;95;9
66;266;6;4000;1
66;231;6;7000;1
66;39;6;4422;1
66;108;6;1255;1
66;151;3;44;80
66;11;7;44111;1
66;125;6;5151;1
66;298;7;44556;1
66;161;3;96;18
66;275;7;45300;3
66;322;6;4445;1
66;268;5;95;21
66;97;7;12100;1
66;139;6;96;13
66;318;6;5055;1
66;66;6;4432;1
66;65;6;2200;8
66;54;6;1322;3
66;180;7;15115;1
66;180;7;70321;2
66;218;7;33193;3
66;218;7;55555;1
66;161;5;555;2
66;53;6;4422;2
66;249;7;44777;2
66;41;7;12222;8
66;299;6;1333;1
66;112;7;50500;4
66;19;6;1000;7
66;291;6;4477;2
66;94;6;4447;2
66;270;6;5533;7
66;275;7;12111;1
66;55;7;96;13
66;294;5;131;150
66;11;6;5567;1
66;276;7;55333;2
66;308;7;12000;8
66;54;6;1221;5
66;230;7;12345;1
66;117;6;4455;7
66;318;3;96;7
66;117;7;55678;2
66;67;7;12300;1
66;240;6;5533;1
66;35;3;21;1
66;239;7;13333;2
66;56;6;4455;1
66;293;7;70070;2
66;12;7;55678;34
66;215;7;95;13
66;182;7;13222;1
66;238;6;1000;1
66;299;6;2222;19
66;308;7;95;23
66;140;6;1311;1
66;49;6;2222;4
66;23;6;1212;1
66;90;6;1533;2
66;264;7;23456;2
66;158;5;95;25
66;104;7;33888;1
66;314;6;4490;2
66;156;6;2233;1
66;300;6;1010;9
66;300;6;4456;6
66;69;6;4321;1
66;314;6;2233;1
66;58;7;10400;20
66;53;6;4490;2
66;148;7;22555;131
66;96;6;5511;12
66;296;6;5555;2
66;65;3;96;21
66;290;6;5511;13
66;291;7;13333;2
66;272;7;13258;2
66;90;7;12144;5
66;125;7;13132;1
66;125;7;70222;1
66;305;6;1233;1
66;204;7;65234;1
66;39;3;95;7
66;172;6;1512;1
66;320;7;55678;3
66;105;6;1322;1
66;294;6;5533;4
66;299;3;16;1
66;301;7;44123;5
66;154;5;700;73
66;51;5;555;1
66;317;6;5533;4
66;317;7;33777;3
66;314;7;12755;1
66;140;5;96;20
66;51;6;1213;2
66;172;7;65013;1
66;108;6;2210;3
66;207;7;96;9
66;105;7;45300;1
66;230;6;95;13
66;225;6;3000;1
66;78;7;45333;1
66;182;6;1214;10
66;127;7;10123;6
66;169;6;1020;1
66;23;7;22555;68
66;299;7;22555;47
66;291;6;1533;3
66;28;7;44333;3
66;271;7;12111;1
66;122;7;10123;2
66;91;7;13132;2
66;59;7;11111;3
66;122;7;23190;1
66;21;6;1323;1
66;39;7;15555;2
66;14;3;96;13
66;10;5;95;13
66;89;6;2323;1
66;182;6;2299;26
66;217;6;2299;3
66;314;7;13100;1
66;288;6;1010;12
66;96;7;33000;1
66;82;7;70123;1
66;68;6;4012;1
66;296;6;5005;1
66;227;3;95;4
66;301;6;5151;1
66;49;6;96;1
66;224;7;44999;2
66;254;7;11111;4
66;112;6;1033;1
66;275;7;14014;4
66;20;7;22001;1
66;92;7;12;2
66;92;7;13;4
66;154;6;2277;9
66;92;7;22;1
66;92;7;45;1
66;92;7;65;1
66;92;7;70;1
66;284;6;2222;11
66;11;6;5533;4
66;173;3;96;3
66;88;6;5533;3
66;122;6;5555;2
66;48;7;33145;2
66;291;6;1111;7
66;291;7;95;16
66;65;6;1422;1
66;244;6;5599;1
66;117;3;44;102
66;185;7;12000;5
66;160;7;13258;6
66;48;7;22556;1
66;251;6;5511;5
66;291;6;4455;1
66;293;7;11111;1
66;112;7;12144;1
66;63;6;2255;42
66;254;6;5007;1
66;82;6;1512;1
66;94;7;12222;6
66;100;3;44;107
66;304;6;4447;2
66;296;6;4444;1
66;112;7;22222;11
66;122;7;44111;1
66;130;6;2323;1
66;321;6;4456;2
66;264;7;10190;1
66;65;7;22555;85
66;112;6;5533;3
66;208;7;44123;5
66;54;7;10000;1
66;293;7;22555;80
66;290;7;10124;8
66;290;7;22010;3
66;293;6;4512;2
66;273;7;55011;2
66;224;6;2299;17
66;62;7;95;14
66;62;6;1111;25
66;61;6;7040;2
66;294;6;9001;2
66;10;7;44777;1
66;284;6;5007;2
66;292;7;13131;1
66;208;3;13;116
66;290;7;12111;1
66;14;7;44122;1
66;13;7;22222;3
66;286;7;12111;2
66;173;7;22555;84
66;173;6;1569;1
66;161;6;2299;22
66;301;6;4445;1
66;14;7;44333;1
66;125;7;22000;1
66;173;6;1000;6
66;207;6;5511;7
66;153;6;4447;6
66;157;7;13222;1
66;231;7;22555;70
66;35;6;4444;1
66;111;7;12300;2
66;94;6;7020;1
66;295;6;1221;1
66;11;6;1000;1
66;105;7;65234;1
66;164;6;4488;1
66;320;7;44020;1
66;320;7;96;3
66;94;6;1010;1
66;301;7;13258;1
66;247;5;96;16
66;108;7;22555;92
66;56;7;12190;1
66;173;7;45045;1
66;180;7;13777;1
66;205;7;22123;1
66;15;6;1000;1
66;12;3;12;27
66;14;7;22222;2
66;158;6;95;29
66;180;5;555;6
66;129;6;2200;2
66;186;7;55123;1
66;11;6;4400;1
66;277;6;1292;5
66;209;6;2200;3
66;95;7;13258;1
66;96;6;2288;3
66;314;7;33099;1
66;55;7;55011;1
66;243;5;700;62
66;298;5;131;126
66;270;6;1213;6
66;127;7;12888;1
66;297;7;15333;1
66;51;6;2022;1
66;284;7;12144;1
66;156;3;95;8
66;20;5;96;20
66;233;7;65013;1
66;296;5;96;9
66;128;6;4411;1
66;273;6;1020;2
66;264;6;1214;42
66;127;6;1111;4
66;127;7;95;13
66;79;7;65234;1
66;109;7;13456;1
66;91;7;45300;2
66;15;7;13456;1
66;207;7;12000;47
66;104;6;12;4
66;65;6;95;18
66;39;7;70200;1
66;80;7;33444;1
66;90;6;1010;5
66;63;7;13333;5
66;230;6;4433;2
66;301;7;13100;1
66;301;7;22120;1
66;276;6;4477;1
66;297;3;12;57
66;12;7;11000;1
66;112;6;4410;1
66;1;7;95;13
66;211;6;2244;1
66;157;6;5567;1
66;152;7;22123;1
66;301;6;4455;1
66;122;7;12888;1
66;16;6;1234;2
66;247;7;22556;2
66;247;7;45123;1
66;42;6;5555;4
66;329;6;2200;14
66;182;6;2210;17
66;60;6;1215;1
66;227;3;96;9
66;315;7;55011;2
66;91;6;2222;10
66;304;7;50500;2
66;284;7;96;15
66;53;7;23190;1
66;17;6;2200;5
66;248;6;4013;1
66;293;7;36456;1
66;111;7;23123;3
66;52;7;11999;1
66;299;7;44447;1
66;225;6;13;3
66;225;6;44;1
66;225;7;11;1
66;225;7;13;3
66;225;7;33;1
66;225;7;70;1
66;202;6;1277;1
66;264;7;23123;1
66;266;7;15123;5
66;154;6;2299;2
66;19;7;12000;6
66;316;7;10124;1
66;127;7;33456;1
66;152;5;555;3
66;130;6;3500;1
66;211;7;33145;1
66;81;6;4456;5
66;14;6;10;1
66;14;6;12;2
66;14;6;13;4
66;14;6;22;3
66;14;6;23;1
66;14;6;70;1
66;157;7;13131;1
66;157;7;43333;1
66;312;3;95;4
66;68;7;65700;4
66;47;6;96;10
66;19;6;2255;63
66;278;6;4490;1
66;172;7;13234;5
66;233;7;11111;1
66;180;6;2288;2
66;230;7;12000;7
66;278;6;2200;6
66;254;7;55888;1
66;254;7;13131;1
66;140;7;44777;2
66;154;7;22555;84
66;89;5;131;121
66;57;6;4455;1
66;57;6;1118;1
66;90;7;12123;2
66;211;7;22444;1
66;297;7;12144;2
66;292;6;5555;14
66;61;7;23190;1
66;227;7;13333;2
66;10;6;2288;5
66;22;7;12333;1
66;34;6;1221;4
66;254;7;45333;1
66;83;7;13258;1
66;291;7;50777;2
66;77;6;4422;1
66;270;6;5055;1
66;20;6;5055;1
66;20;7;11222;1
66;291;6;1201;1
66;28;7;13258;3
66;238;7;45300;1
66;95;6;1512;1
66;88;7;70321;1
66;329;6;1251;1
66;125;7;12600;1
66;112;7;15123;6
66;17;6;2300;1
66;164;6;2255;76
66;27;6;96;4
66;97;6;3500;2
66;237;7;10000;4
66;312;6;1277;1
66;267;5;700;14
66;298;7;12000;10
66;59;6;96;12
66;208;6;1111;20
66;130;5;160;1
66;322;3;44;61
66;117;5;96;30
66;38;7;12222;11
66;21;6;2288;3
66;59;6;1000;1
66;149;3;44;106
66;290;7;55011;1
66;16;7;50013;4
66;91;6;1214;66
66;65;6;5555;4
66;1;6;2211;3
66;244;6;5533;8
66;97;6;3310;1
66;133;6;1322;2
66;130;5;96;23
66;13;7;33300;1
66;211;6;7040;1
66;316;6;7040;1
66;211;7;13155;1
66;38;6;2288;3
66;156;7;12222;39
66;124;6;2288;11
66;162;7;12100;1
66;117;6;6565;2
66;215;6;4433;3
66;149;6;2222;16
66;251;6;1299;1
66;171;6;2123;1
66;249;3;44;118
66;88;6;1000;3
66;169;7;55234;5
66;106;7;55678;12
66;12;7;70369;1
66;68;6;1020;1
66;63;7;12444;1
66;149;6;2288;1
66;321;7;44321;1
66;293;7;10000;2
66;266;6;1322;3
66;65;7;33888;1
66;308;7;33888;1
66;227;6;4555;1
66;292;7;15333;1
66;286;5;555;1
66;209;3;95;5
66;89;7;44123;1
66;63;3;95;9
66;75;5;95;12
66;63;6;1292;4
66;93;7;13555;1
66;1;7;22333;1
66;221;6;2288;5
66;298;7;22111;1
66;149;6;2200;7
66;129;7;50777;1
66;49;7;10400;2
66;127;5;131;156
66;231;7;45300;1
66;111;6;1000;1
66;129;7;12000;9
66;248;7;22001;2
66;153;6;2277;23
66;111;7;13123;1
66;299;6;7077;1
66;63;6;1331;1
66;167;6;1201;1
66;21;7;23123;6
66;56;7;15120;1
66;125;7;50777;1
66;313;6;1321;2
66;82;3;13;146
66;170;7;44567;1
66;153;6;1333;2
66;124;6;1333;1
66;239;7;10000;5
66;228;7;11111;2
66;208;6;4400;2
66;93;6;9000;1
66;57;6;1214;75
66;234;7;13456;2
66;248;6;2010;1
66;293;7;22777;4
66;51;6;2323;1
66;231;7;44321;1
66;211;7;33123;2
66;300;6;2100;1
66;300;7;50777;1
66;59;5;555;1
66;96;7;44020;3
66;38;7;12999;2
66;96;7;96;16
66;162;6;2288;4
66;21;7;12888;1
66;21;7;13333;2
66;100;7;11999;2
66;205;7;12400;1
66;205;6;1111;7
66;54;7;13234;2
66;316;6;1016;1
66;254;7;70222;1
66;299;6;1292;1
66;278;6;95;14
66;278;7;45000;2
66;107;7;15123;3
66;288;6;2255;37
66;132;7;55555;1
66;148;7;13789;4
66;19;6;1333;2
66;60;7;22555;60
66;291;7;45333;1
66;81;6;1234;1
66;81;6;4411;1
66;186;7;45300;1
66;309;6;96;3
66;195;6;96;4
66;237;7;50777;1
66;291;6;2277;8
66;274;6;1323;1
66;266;6;2299;12
66;37;7;22222;1
66;129;6;2222;16
66;270;6;2200;3
66;20;6;2200;1
66;1;7;12000;30
66;53;6;5088;1
66;275;7;13155;1
66;303;6;1123;1
66;35;3;44;89
66;182;7;12500;2
66;84;6;1221;6
66;78;7;12144;2
66;122;5;96;19
66;297;6;2299;11
66;58;7;10000;1
66;290;6;96;7
66;129;7;22333;1
66;211;6;4447;3
66;254;6;1213;3
66;294;6;1111;2
66;182;7;70007;5
66;148;3;95;9
66;286;6;1112;2
66;274;5;131;120
66;310;6;1214;15
66;220;5;700;85
66;89;6;2222;16
66;62;7;44567;1
66;127;6;2233;1
66;39;6;1010;4
66;107;6;1010;7
66;110;7;23190;1
66;224;7;55678;21
66;173;6;7077;1
66;290;7;13133;2
66;215;6;2299;16
66;298;7;44123;3
66;247;7;44777;1
66;36;7;22777;3
66;28;7;10124;1
66;107;3;44;76
66;161;7;11100;1
66;65;6;1112;1
66;215;7;44000;1
66;223;7;12123;3
66;218;6;96;17
66;291;6;1233;1
66;313;6;1277;1
66;109;7;65013;1
66;59;7;22555;100
66;120;7;44567;2
66;160;6;2299;1
66;293;7;10190;1
66;181;6;5050;2
66;223;6;5050;2
66;98;7;22555;45
66;97;7;13133;4
66;300;7;55234;1
66;58;7;70222;20
66;297;7;13138;1
66;82;6;1269;1
66;167;6;7069;1
66;297;6;1020;2
66;297;6;1000;5
66;11;6;4422;4
66;15;6;96;7
66;299;6;4010;1
66;277;6;1313;1
66;308;6;4445;1
66;318;5;700;52
66;97;6;1000;1
66;211;6;4410;8
66;268;6;1118;1
66;21;7;12300;3
66;182;6;1477;3
66;182;6;1818;1
66;112;5;96;33
66;313;7;44777;1
66;156;7;22555;67
66;225;6;4343;1
66;304;7;44333;2
66;248;7;44333;10
66;248;7;22380;1
66;225;6;1321;4
66;14;6;5511;11
66;169;6;1214;30
66;122;6;96;7
66;296;7;13132;2
66;296;7;70222;1
66;244;7;14678;1
66;244;7;95;18
66;164;6;1214;41
66;300;7;36666;1
66;112;7;15001;1
66;122;6;4455;1
66;292;7;22777;2
66;301;6;5044;2
66;301;7;12333;1
66;305;5;131;12
66;139;7;55222;1
66;220;7;45300;3
66;218;7;22777;4
66;239;7;55555;1
66;151;7;95;14
66;78;7;13234;2
66;90;6;1213;4
66;303;7;22555;62
66;109;6;1515;1
66;125;3;13;115
66;244;3;13;145
66;19;6;4490;1
66;227;7;13132;5
66;329;6;2210;7
66;287;3;96;3
66;151;6;1299;1
66;278;6;1292;2
66;82;6;95;23
66;62;7;15122;1
66;243;6;1333;1
66;297;7;50131;1
66;297;6;1333;1
66;244;7;13234;2
66;20;5;700;61
66;273;7;13013;1
66;273;7;96;6
66;90;6;1470;1
66;318;7;12;3
66;318;7;13;3
66;318;7;70;1
66;230;6;1232;1
66;51;6;2200;1
66;39;6;1515;1
66;297;7;44123;1
66;84;3;44;116
66;167;7;50013;2
66;66;7;50013;2
66;104;7;55860;1
66;47;7;11111;1
66;243;6;1221;1
66;318;6;4455;2
66;162;7;22777;2
66;13;5;131;144
66;120;6;1285;1
66;301;7;10400;1
66;15;7;15123;4
66;308;6;2233;1
66;16;6;1522;1
66;161;7;22022;9
66;92;6;5001;1
66;274;6;1477;1
66;221;6;4499;1
66;28;7;50000;1
66;182;7;44776;1
66;297;7;13123;2
66;23;7;22522;1
66;104;6;6565;2
66;309;7;55234;1
66;13;6;1292;4
66;220;3;44;109
66;172;6;2255;78
66;203;7;55123;1
66;238;6;2255;147
66;248;6;2210;15
66;298;6;5533;4
66;180;6;5533;13
66;180;7;33777;1
66;129;6;5533;8
66;223;7;12500;1
66;96;7;12345;1
66;166;7;55011;1
66;88;6;96;11
66;276;6;96;9
66;93;7;45333;1
66;64;7;55111;1
66;110;6;1515;1
66;272;6;1313;6
66;230;6;1221;2
66;42;7;19123;1
66;161;7;50500;4
66;227;6;10;1
66;227;6;12;2
66;227;6;13;1
66;227;6;44;1
66;227;7;12;5
66;227;7;13;6
66;227;7;22;2
66;132;7;19000;1
66;208;7;15122;1
66;14;7;22;2
66;14;7;10;1
66;14;7;12;4
66;14;7;13;9
66;61;6;5567;2
66;61;7;45999;1
66;80;7;70321;1
66;167;7;44333;2
66;14;6;6565;3
66;277;3;16;1
66;76;7;12333;2
66;173;3;95;15
66;173;6;1500;2
66;81;5;555;4
66;107;7;10400;19
66;35;6;1322;1
66;108;6;4433;1
66;41;6;2288;3
66;240;6;1973;1
66;107;5;700;29
66;243;6;5055;9
66;124;6;4490;1
66;314;6;1311;1
66;27;7;22511;1
66;27;7;44020;1
66;27;7;96;3
66;202;6;5055;2
66;77;6;2277;3
66;81;7;15123;2
66;67;6;1233;1
66;10;7;22777;2
66;218;7;10124;2
66;104;6;13;6
66;104;6;22;2
66;104;6;55;1
66;104;7;12;1
66;104;7;13;7
66;104;7;22;4
66;104;7;23;2
66;104;7;44;1
66;104;7;70;1
66;208;7;15120;1
66;11;7;12300;3
66;89;6;2288;2
66;296;7;13234;2
66;158;6;1313;5
66;158;6;96;9
66;300;7;13222;1
66;300;7;44999;1
66;171;6;4477;1
66;243;6;9090;2
66;65;6;1322;1
66;163;7;33000;1
66;234;6;5511;6
66;205;6;7000;1
66;272;6;4000;1
66;228;7;22222;4
66;68;7;10190;5
66;209;7;44123;1
66;221;7;13789;1
66;77;6;7020;1
66;294;7;95;14
66;18;6;2299;2
66;109;6;4410;1
66;97;7;10;1
66;97;7;11;2
66;182;7;36456;1
66;20;5;555;2
66;97;7;12;10
66;97;7;13;12
66;97;7;16;1
66;97;7;22;3
66;97;7;44;1
66;97;7;55;1
66;97;7;70;2
66;127;6;4490;1
66;293;6;1234;2
66;264;3;12;12
66;51;7;13258;2
66;293;7;12999;1
66;63;6;5511;14
66;217;7;22555;93
66;27;6;2222;3
66;96;6;1314;1
66;20;6;5511;7
66;35;6;1313;4
66;290;7;10123;2
66;184;6;4489;1
66;220;3;95;9
66;288;6;1000;6
66;63;7;12755;2
66;10;6;2200;9
66;217;6;2200;3
66;132;6;2200;1
66;60;7;10000;5
66;133;7;10123;4
66;233;7;22222;4
66;233;6;5567;2
66;276;7;22777;4
66;112;6;2123;1
66;169;7;70400;2
66;208;7;15115;1
66;218;3;95;8
66;231;6;1322;2
66;238;7;10000;2
66;124;7;13333;2
66;112;6;1010;1
66;112;6;4456;1
66;125;7;22777;9
66;322;7;13234;1
66;161;6;1111;20
66;268;7;44888;1
66;22;7;22222;2
66;244;7;22777;7
66;92;6;2255;51
66;202;3;13;117
66;98;7;55333;1
66;48;6;1292;2
66;211;6;4422;7
66;293;6;5013;2
66;221;6;4000;1
66;275;6;1111;6
66;228;7;13789;2
66;35;7;95;9
66;78;7;15123;2
66;169;6;1010;9
66;169;6;4456;2
66;244;7;15120;1
66;309;6;2299;1
66;314;6;5055;1
66;133;6;4420;3
66;129;7;11444;3
66;140;7;12;1
66;13;7;11;1
66;13;7;12;3
66;13;7;13;8
66;13;7;22;3
66;13;7;44;1
66;13;7;50;1
66;13;7;70;1
66;13;6;12;1
66;13;6;13;4
66;13;6;50;1
66;224;6;13;3
66;329;6;1511;1
66;10;5;96;21
66;96;6;3535;1
66;204;7;13333;4
66;167;5;131;137
66;207;6;5578;1
66;39;6;1313;13
66;185;7;70007;1
66;202;6;2222;14
66;266;6;4410;3
66;287;7;15123;3
66;204;7;44447;1
66;62;6;1201;1
66;244;6;12;1
66;244;6;13;2
66;244;6;44;1
66;207;7;12144;3
66;244;7;13258;1
66;304;7;13123;1
66;300;7;55999;1
66;291;7;55678;10
66;225;6;1112;2
66;49;6;5078;1
66;317;7;23456;2
66;266;7;44122;1
66;99;6;5055;1
66;40;6;1321;2
66;228;3;96;15
66;284;7;50500;1
66;91;6;1313;5
66;123;7;50013;2
66;36;6;1292;1
66;290;6;4013;1
66;231;7;10123;4
66;184;7;13234;4
66;39;5;95;16
66;322;6;4499;1
66;133;6;1433;1
66;170;7;10122;1
66;203;6;2288;1
66;133;6;4410;3
66;217;6;4530;2
66;68;7;70000;1
66;276;3;12;17
66;88;3;12;17
66;111;7;70123;3
66;111;5;700;57
66;80;7;10124;1
66;100;6;1214;22
66;48;3;12;16
66;205;3;96;18
66;12;6;2222;17
66;15;7;22222;2
66;273;7;45300;2
66;277;5;96;24
66;104;3;44;127
66;38;6;2211;1
66;184;6;1112;1
66;37;6;2200;1
66;108;6;4012;1
66;312;7;10190;1
66;248;6;4477;3
66;294;7;13132;1
66;96;7;44123;3
66;41;3;44;98
66;99;7;44123;1
66;163;5;96;11
66;82;7;12000;7
66;309;6;1233;1
66;276;7;23123;3
66;133;7;12222;8
66;308;7;55678;29
66;185;6;1313;4
66;152;6;1314;2
66;60;6;5055;1
66;181;6;1111;19
66;10;6;1520;1
66;181;7;95;19
66;311;6;2299;1
66;51;3;13;114
66;298;5;700;100
66;244;7;12222;9
66;185;7;33333;1
66;49;3;13;164
66;108;6;4488;1
66;78;7;13258;1
66;81;7;23123;6
66;98;6;2277;10
66;60;6;2277;16
66;329;6;2288;1
66;239;7;12123;3
66;290;7;50000;1
66;311;7;44222;1
66;313;6;4422;2
66;64;6;2222;22
66;10;7;23192;1
66;156;6;5599;1
66;209;6;1321;2
66;99;3;95;7
66;40;5;700;80
66;153;6;4455;2
66;78;6;2201;2
66;169;7;13258;2
66;170;7;95;30
66;291;7;22556;2
66;223;6;1234;1
66;223;6;4411;1
66;297;6;1292;3
66;76;7;12600;2
66;17;6;5511;18
66;111;6;5511;11
66;208;7;44333;2
66;156;7;13133;1
66;288;6;2200;5
66;112;6;1234;1
66;14;7;22777;7
66;27;6;1251;1
66;96;7;22777;6
66;10;7;40123;1
66;10;6;1011;1
66;244;7;12114;1
66;249;6;2277;3
66;218;7;10400;2
66;139;5;96;29
66;11;6;2277;3
66;36;3;95;3
66;56;7;95;7
66;48;6;1020;2
66;243;6;96;16
66;99;7;15123;4
66;202;6;1000;3
66;40;6;1299;2
66;104;7;13789;6
66;272;6;5533;3
66;124;3;95;8
66;53;7;10123;10
66;334;6;1000;2
66;20;6;1016;1
66;123;5;96;10
66;237;7;44333;3
66;302;5;131;43
66;67;6;1010;7
66;62;6;2244;1
66;248;7;44000;1
66;248;7;12100;3
66;180;7;15222;1
66;170;7;12600;4
66;170;7;65700;1
66;122;7;12000;63
66;112;7;70123;2
66;112;5;700;80
66;248;7;45111;1
66;247;7;33888;1
66;59;6;6565;9
66;288;7;22222;3
66;288;7;44190;1
66;59;7;55555;1
66;55;7;22222;4
66;55;7;44190;1
66;38;6;2277;5
66;297;5;700;160
66;297;7;44555;1
66;172;6;2277;2
66;314;6;1215;2
66;61;7;22022;1
66;298;6;4000;1
66;14;6;1214;19
66;65;6;2222;13
66;152;3;96;19
66;75;7;22022;1
66;275;7;22222;4
66;227;7;50777;1
66;63;6;4020;1
66;11;6;1321;3
66;209;7;23123;1
66;320;6;2222;8
66;12;6;5005;1
66;240;6;4423;1
66;127;3;44;104
66;313;5;96;13
66;109;6;1333;3
66;47;7;12000;58
66;49;7;50113;1
66;80;5;96;23
66;69;6;2222;6
66;292;7;12222;20
66;149;6;7055;1
66;170;5;96;20
66;94;7;12111;1
66;17;7;55666;1
66;211;6;5005;3
66;40;7;55234;1
66;12;6;2210;1
66;172;7;55555;1
66;268;7;12222;12
66;277;6;5533;3
66;273;7;22555;97
66;66;3;95;7
66;49;6;2288;1
66;208;7;95;15
66;51;6;1112;1
66;195;7;12111;1
66;77;6;1000;1
66;129;7;12111;1
66;110;3;96;15
66;111;6;1333;1
66;63;7;95;17
66;112;6;2201;2
66;288;7;22555;68
66;286;6;2255;58
66;75;6;2200;3
66;314;5;95;21
66;275;6;4422;1
66;294;7;55678;5
66;111;6;4321;1
66;166;7;22380;1
66;51;7;23123;1
66;38;7;65234;5
66;303;7;12222;6
66;180;7;13234;1
66;93;6;2244;1
66;220;7;22555;91
66;37;6;7011;1
66;248;7;10000;3
66;290;6;4433;2
66;320;6;2200;4
66;293;5;96;23
66;13;7;10190;1
66;318;7;55011;2
66;224;7;33123;1
66;286;7;55;1
66;286;6;13;5
66;286;6;22;1
66;286;6;55;1
66;77;7;10000;3
66;268;5;96;21
66;268;6;2255;51
66;77;5;95;22
66;315;6;2222;15
66;106;7;11444;1
66;275;3;12;19
66;173;6;2222;10
66;184;5;131;168
66;12;6;1234;3
66;12;6;1567;1
66;41;6;1322;1
66;297;7;45333;5
66;166;7;22556;2
66;158;6;1010;6
66;158;6;4456;1
66;209;6;95;17
66;275;7;10190;5
66;154;6;1111;12
66;231;6;1313;7
66;130;6;1214;27
66;314;6;1222;1
66;314;6;1234;1
66;314;6;4411;2
66;208;6;1251;1
66;132;7;22777;6
66;182;7;44447;1
66;215;6;7000;1
66;14;7;50123;1
66;195;7;44333;1
66;20;7;15123;10
66;295;7;12222;9
66;300;6;1588;1
66;300;6;96;13
66;69;6;5500;1
66;309;3;95;4
66;195;6;1500;1
66;297;6;5533;3
66;204;6;12;3
66;204;6;13;4
66;204;6;22;2
66;151;7;10123;3
66;133;5;131;168
66;158;7;12300;4
66;211;6;95;17
66;211;7;45000;8
66;49;6;1214;10
66;27;3;44;31
66;172;7;13123;2
66;60;7;44888;1
66;62;5;555;3
66;89;7;13513;1
66;89;7;44789;1
66;209;6;5001;1
66;224;6;2222;22
66;157;6;7077;2
66;58;5;555;2
66;122;7;55860;1
66;96;6;1322;5
66;95;7;50131;1
66;301;7;15333;1
66;288;6;5533;22
66;62;7;10124;1
66;182;7;22999;1
66;62;6;2313;1
66;233;7;45300;1
66;303;5;95;17
66;133;7;14014;1
66;133;7;44999;1
66;228;5;555;3
66;316;7;15123;2
66;300;6;4444;3
66;228;7;55011;4
66;78;6;1245;1
66;41;6;4490;2
66;313;7;55555;1
66;127;6;2201;1
66;11;6;96;11
66;128;7;55678;5
66;36;6;6565;2
66;48;6;4410;1
66;231;7;45999;1
66;66;3;13;186
66;10;7;15123;5
66;166;6;2288;3
66;68;3;13;150
66;275;3;95;6
66;162;7;50500;5
66;308;3;95;10
66;99;6;5533;5
66;28;6;1292;4
66;77;6;1111;5
66;124;3;96;15
66;132;7;13132;1
66;53;7;45300;3
66;63;6;1500;1
66;92;7;11444;1
66;209;6;1433;1
66;249;7;70762;1
66;161;7;55555;2
66;67;6;2255;56
66;317;6;2255;15
66;122;6;4420;1
66;311;6;5533;3
66;184;6;1322;4
66;127;7;50444;2
66;202;6;2200;7
66;268;7;12300;7
66;98;7;11111;1
66;82;6;2299;8
66;89;7;12111;1
66;39;7;23123;3
66;94;6;1016;1
66;122;7;12444;1
66;122;7;13013;1
66;122;7;45333;1
66;64;7;44369;1
66;94;7;10190;1
66;223;6;4477;2
66;208;6;1520;1
66;78;6;4422;2
66;320;6;2255;18
66;163;7;13234;1
66;205;7;44333;1
66;211;3;95;5
66;211;6;4444;1
66;19;6;2233;1
66;202;6;4410;10
66;91;7;44020;1
66;91;7;96;7
66;186;7;13;1
66;186;7;22;2
66;186;7;55;1
66;186;7;70;1
66;100;6;5055;1
66;224;7;13456;1
66;278;7;13132;2
66;80;3;95;16
66;290;7;13234;5
66;23;6;4400;1
66;21;7;12755;1
66;52;3;95;3
66;329;7;50131;1
66;217;6;2288;4
66;195;6;95;5
66;182;6;1313;11
66;181;7;50500;4
66;238;7;55555;1
66;97;7;55234;1
66;291;5;555;1
66;237;7;55333;2
66;47;6;1255;1
66;106;6;1213;2
66;66;6;4477;1
66;167;6;4477;1
66;334;7;10000;1
66;49;6;5533;1
66;19;6;2210;1
66;154;6;2255;70
66;284;6;5511;9
66;224;7;15000;1
66;268;7;13133;4
66;295;7;12888;1
66;295;7;13333;3
66;239;6;2323;1
66;181;7;12222;15
66;19;6;1010;1
66;130;6;4567;1
66;117;7;22777;4
66;231;7;12123;1
66;69;6;2225;1
66;98;6;4490;2
66;98;6;5588;1
66;94;5;555;1
66;38;6;2244;2
66;110;6;2222;14
66;12;6;2288;1
66;79;7;12600;1
66;125;6;1214;17
66;320;6;96;3
66;294;7;50500;2
66;267;6;5013;1
66;304;3;95;7
66;83;7;10220;1
66;10;7;55678;36
66;243;7;45333;2
66;13;5;700;70
66;55;6;2255;105
66;15;7;22022;2
66;65;6;1020;2
66;233;6;1023;1
66;93;6;4420;1
66;162;6;1214;56
66;14;6;2210;2
66;180;6;1333;3
66;247;7;95;11
66;14;6;1213;6
66;275;6;1321;1
66;68;6;4445;1
66;248;7;33888;2
66;162;7;36100;1
66;28;6;4568;1
66;313;6;1201;2
66;182;7;13100;1
66;182;7;22120;2
66;11;7;65013;1
66;305;6;3600;1
66;243;6;2288;1
66;97;7;22555;51
66;38;3;96;15
66;54;3;96;23
66;254;3;95;20
66;312;7;12000;8
66;266;3;44;122
66;205;6;5044;1
66;254;6;2266;1
66;130;6;1111;23
66;239;7;22555;71
66;217;6;2210;1
66;96;7;12000;10
66;96;7;14180;1
66;79;7;50013;1
66;95;7;12345;1
66;182;7;22556;4
66;125;7;55011;1
66;251;6;1322;6
66;60;6;7000;1
66;158;7;96;19
66;184;6;5500;1
66;295;7;50444;1
66;203;6;3555;1
66;300;7;70123;1
66;273;7;15555;1
66;208;7;22111;2
66;314;7;50500;6
66;112;6;4567;3
66;10;3;12;16
66;185;7;13555;1
66;154;7;50777;1
66;157;6;1213;1
66;98;7;55678;25
66;66;7;55888;1
66;220;7;15013;1
66;93;7;23123;2
66;224;7;44888;1
66;266;7;33123;1
66;244;7;70400;1
66;182;5;96;12
66;329;7;44777;1
66;274;6;1000;2
66;230;6;1010;4
66;304;6;3550;1
66;96;6;1234;1
66;172;6;4477;2
66;67;6;5599;1
66;13;6;4088;1
66;273;6;6565;2
66;290;7;50500;1
66;158;3;13;162
66;180;6;4444;4
66;75;7;13123;1
66;124;6;1533;4
66;89;6;96;4
66;296;6;1213;3
66;152;5;96;26
66;254;7;15151;1
66;160;6;4321;2
66;40;6;1292;1
66;110;6;2255;63
66;248;7;50500;8
66;300;7;36036;1
66;300;7;12144;1
66;112;6;2277;3
66;112;6;1321;1
66;315;6;1314;1
66;61;7;15151;2
66;276;7;10111;1
66;65;5;95;17
66;12;7;33888;3
66;90;3;96;13
66;223;6;1213;6
66;244;7;22222;11
66;244;7;44190;1
66;91;7;55888;1
66;227;7;22555;87
66;21;6;4555;1
66;249;7;13777;1
66;62;6;2201;1
66;130;6;5055;2
66;130;6;2222;22
66;247;6;5555;8
66;208;7;22777;8
66;149;3;16;1
66;215;6;1292;1
66;221;6;1000;4
66;88;7;22777;1
66;223;6;4000;1
66;299;6;96;1
66;52;6;5555;2
66;91;6;2277;2
66;122;7;23123;1
66;294;3;95;8
66;10;7;70123;2
66;10;5;700;78
66;217;7;10124;1
66;298;6;5500;1
66;107;6;1321;1
66;54;7;23123;1
66;268;6;4445;2
66;313;7;13131;1
66;320;7;22777;6
66;78;6;4447;1
66;311;3;95;3
66;278;7;23192;1
66;272;7;10122;1
66;166;7;13333;5
66;284;6;4422;6
66;202;6;1333;1
66;251;6;1313;4
66;20;7;10000;3
66;64;6;4445;3
66;204;6;5555;6
66;91;7;13789;1
66;19;6;2222;8
66;315;7;15151;2
66;224;7;12111;2
66;107;7;96;3
66;11;6;50;1
66;11;6;55;1
66;11;7;10;1
66;11;7;11;1
66;11;7;13;7
66;11;7;15;1
66;321;6;4433;1
66;151;6;1500;1
66;91;7;12600;1
66;107;5;555;3
66;130;7;55555;1
66;75;7;15555;1
66;268;7;95;17
66;268;6;1111;17
66;75;7;22000;1
66;122;7;22777;2
66;39;7;12444;1
66;64;6;7069;1
66;287;7;55678;10
66;125;7;44777;1
66;67;6;4410;2
66;228;7;23456;1
66;163;6;1010;12
66;91;7;10400;1
66;94;6;1000;3
66;251;6;1221;1
66;195;3;96;5
66;51;6;1323;2
66;67;7;10000;3
66;249;7;55011;6
66;295;6;9090;1
66;28;7;12190;1
66;172;6;4412;1
66;120;7;10123;8
66;1;6;1213;2
66;298;7;70400;1
66;152;7;95;19
66;156;7;55333;1
66;228;6;4012;1
66;106;6;5533;3
66;55;7;50500;1
66;157;6;5522;1
66;157;6;95;16
66;295;7;33193;1
66;221;6;4422;3
66;237;6;2288;1
66;273;7;10124;1
66;47;7;12100;1
66;304;3;44;78
66;163;7;44777;1
66;215;7;13013;1
66;295;6;1000;1
66;28;6;5511;13
66;314;7;13132;1
66;314;7;70222;2
66;125;5;131;137
66;300;7;30000;2
66;110;7;23456;3
66;203;5;96;20
66;132;7;13258;3
66;95;6;96;12
66;291;7;12111;1
66;153;7;22222;3
66;153;7;44190;1
66;181;7;44567;2
66;247;6;2299;12
66;276;6;7033;1
66;13;6;4490;1
66;93;7;44776;3
66;314;7;44777;1
66;61;3;12;10
66;303;7;50500;2
66;167;6;6513;1
66;270;6;1020;1
66;320;3;13;33
66;139;7;50500;1
66;92;6;4567;1
66;140;7;33888;1
66;37;6;1020;2
66;96;6;1000;3
66;10;6;7012;1
66;166;6;7012;1
66;291;6;2323;1
66;157;7;55011;1
66;94;5;96;30
66;204;7;10122;1
66;286;7;70500;1
66;266;7;50500;2
66;181;6;2210;1
66;84;7;70321;2
66;276;7;44776;1
66;154;3;13;137
66;289;3;13;17
66;185;3;13;139
66;301;6;1533;1
66;248;7;10444;1
66;284;3;13;149
66;225;7;70222;3
66;90;6;1321;1
66;139;7;44567;1
66;162;7;44020;1
66;162;7;96;8
66;28;6;3000;1
66;288;3;12;19
66;27;6;7040;1
66;247;6;1221;1
66;99;6;1222;1
66;99;6;1234;2
66;334;7;40140;1
66;41;7;13234;1
66;301;7;22001;1
66;251;7;10190;7
66;80;7;12600;1
66;64;7;22555;47
66;125;7;23123;7
66;289;5;131;27
66;63;6;1010;8
66;315;3;44;96
66;100;7;13333;1
66;93;6;4410;1
66;21;7;43333;1
66;209;6;1311;1
66;149;6;4490;1
66;298;7;70000;1
66;130;7;10190;3
66;130;6;1016;1
66;82;7;65013;1
66;288;7;12123;1
66;82;5;95;18
66;122;6;3378;2
66;79;6;1533;2
66;64;7;50013;1
66;313;5;700;63
66;54;6;4422;2
66;313;6;1234;1
66;313;6;4411;2
66;128;7;15000;1
66;97;7;50013;1
66;301;7;22222;5
66;301;7;44190;3
66;123;7;50500;2
66;251;7;70333;1
66;84;7;10123;1
66;127;7;22222;5
66;127;7;44190;1
66;321;6;5511;2
66;153;7;11111;2
66;297;7;33456;2
66;83;7;15123;5
66;270;6;3355;1
66;254;6;2222;19
66;27;6;1292;1
66;22;7;22022;6
66;309;3;13;65
66;88;6;2201;1
66;202;6;8080;1
66;186;7;13123;1
66;17;6;2211;1
66;288;6;4445;1
66;243;6;2201;1
66;164;6;1313;11
66;149;7;50500;2
66;272;7;22222;2
66;78;7;70;1
66;78;7;65;1
66;78;7;12;1
66;78;7;13;4
66;310;7;15123;5
66;148;6;1000;3
66;19;7;95;12
66;291;7;44123;1
66;160;6;2222;9
66;172;3;12;28
66;107;7;45645;1
66;129;7;55234;1
66;228;6;5533;11
66;95;7;11444;2
66;40;6;1255;1
66;311;7;15123;2
66;97;7;33323;1
66;75;3;12;22
66;18;3;96;13
66;52;6;1010;18
66;15;3;12;18
66;218;7;10123;5
66;52;6;4456;1
66;271;6;96;12
66;215;7;45123;1
66;294;6;4400;1
66;300;5;555;6
66;164;7;11111;2
66;243;7;12500;2
66;11;7;95;11
66;172;7;44777;3
66;220;7;44456;1
66;202;6;1313;16
66;227;6;4455;9
66;290;7;50777;3
66;287;3;95;4
66;290;7;12600;2
66;286;6;5511;12
66;120;7;44776;1
66;96;6;5055;2
66;299;6;4445;2
66;162;7;90909;4
66;215;3;44;116
66;167;6;1111;7
66;14;5;131;155
66;277;6;5050;1
66;125;6;4447;2
66;154;6;4440;1
66;109;6;1326;1
66;124;6;4010;1
66;93;7;40888;1
66;93;7;50013;1
66;288;6;1020;4
66;180;6;2201;1
66;62;6;5005;1
66;34;6;4422;1
66;218;6;1515;1
66;230;7;12300;1
66;160;6;1533;1
66;234;7;40277;1
66;234;5;95;17
66;55;6;1010;19
66;55;6;4456;2
66;220;7;12500;1
66;106;6;5511;2
66;133;6;1122;1
66;217;6;2123;1
66;93;3;95;5
66;40;6;4477;1
66;184;7;55888;1
66;308;6;5055;5
66;80;6;1221;3
66;17;7;44447;1
66;304;7;44123;1
66;104;6;5567;1
66;89;6;2211;1
66;158;7;55011;1
66;254;6;4512;1
66;297;6;2200;36
66;308;7;11999;1
66;128;6;2288;2
66;244;6;5055;6
66;47;6;7011;1
66;298;7;13333;4
66;277;7;44567;1
66;211;6;4445;1
66;56;7;44190;1
66;173;7;15333;1
66;27;7;11111;40
66;276;7;15151;2
66;172;7;55678;12
66;93;6;2277;1
66;52;6;1221;1
66;208;6;4020;1
66;129;7;10000;2
66;164;6;4033;2
66;100;7;10123;8
66;298;7;11444;1
66;21;6;1020;1
66;207;7;13258;6
66;268;7;45555;1
66;54;6;1111;4
66;54;7;95;10
66;130;7;55011;1
66;320;7;22900;1
66;300;7;12555;3
66;83;6;7011;2
66;221;6;2256;1
66;221;6;1023;1
66;223;7;44;1
66;223;7;13;8
66;223;7;15;1
66;223;7;22;2
66;223;7;55;1
66;181;6;12;1
66;181;6;15;1
66;181;6;22;1
66;181;6;23;1
66;181;6;50;1
66;315;6;1522;1
66;208;6;2244;3
66;68;6;2255;121
66;76;6;95;10
66;186;6;1111;20
66;186;7;95;10
66;83;7;55678;13
66;274;7;70123;1
66;274;5;700;86
66;161;6;1520;2
66;266;6;1234;1
66;209;7;22777;1
66;82;7;13258;2
66;53;3;44;121
66;16;7;22022;7
66;108;7;22022;5
66;34;6;1020;4
66;182;6;4555;2
66;22;6;2244;4
66;298;7;10123;2
66;78;6;1111;7
66;84;5;555;4
66;227;5;95;12
66;276;3;96;9
66;88;3;96;22
66;231;7;44543;2
66;234;5;555;1
66;153;7;22555;66
66;83;6;2244;2
66;230;6;4422;1
66;309;3;44;40
66;133;6;2222;16
66;304;6;5001;1
66;38;5;96;27
66;185;7;23190;1
66;81;7;12111;1
66;266;7;12222;2
66;308;7;44777;1
66;109;6;4522;1
66;93;5;700;78
66;273;6;2299;2
66;316;3;96;2
66;211;3;96;11
66;14;6;1285;1
66;249;7;22555;83
66;157;6;5533;4
66;230;3;95;10
66;184;6;1321;1
66;329;7;12111;1
66;300;7;23190;2
66;238;6;1300;1
66;152;6;1214;69
66;21;7;55333;2
66;180;7;12144;1
66;54;6;95;11
66;92;6;1020;1
66;273;6;1525;1
66;170;6;5567;2
66;95;6;1322;5
66;63;7;13555;1
66;124;5;700;72
66;157;6;5044;1
66;80;7;13258;3
66;68;6;2211;1
66;1;5;96;23
66;298;6;1020;2
66;40;6;1322;1
66;110;6;2200;2
66;36;7;12999;1
66;237;6;5533;11
66;77;6;5050;1
66;275;6;1000;4
66;276;6;1020;1
66;95;3;95;7
66;316;7;55678;4
66;211;7;55678;20
66;302;6;5511;2
66;14;6;1112;1
66;278;7;65700;1
66;82;6;5511;6
66;49;6;1111;15
66;49;7;95;10
66;57;7;50113;2
66;152;6;5020;1
66;49;7;50777;1
66;310;6;2211;1
66;270;6;2210;2
66;107;3;96;13
66;301;6;2210;3
66;112;7;44700;1
66;244;6;2299;21
66;314;6;4013;1
66;217;7;95;13
66;105;6;1412;1
66;195;7;45333;1
66;94;7;13123;3
66;63;7;15120;1
66;316;5;96;6
66;202;6;2201;1
66;240;7;14888;1
66;161;6;1321;3
66;67;7;50113;1
66;202;3;44;101
66;96;6;1588;2
66;96;6;96;23
66;301;7;55011;4
66;295;3;12;7
66;247;7;15123;7
66;303;7;70321;1
66;243;7;12555;1
66;65;7;70;3
66;320;7;12;1
66;320;7;13;2
66;320;7;14;1
66;320;7;55;1
66;313;7;22555;89
66;122;6;1214;80
66;40;7;13131;1
66;169;7;13123;2
66;130;7;33200;1
66;290;6;13;6
66;290;6;50;1
66;317;6;1321;1
66;184;7;70321;3
66;294;7;44027;1
66;321;7;15123;1
66;172;6;4410;2
66;320;3;96;2
66;156;7;11111;1
66;160;7;12500;1
66;75;5;96;23
66;21;7;13234;3
66;92;7;96;6
66;271;7;15000;1
66;205;6;7040;2
66;64;7;45045;1
66;22;6;12;1
66;22;6;13;2
66;22;6;22;4
66;22;7;12;3
66;22;7;13;7
66;186;3;95;8
66;303;7;13138;1
66;264;6;5577;1
66;264;7;12222;5
66;248;7;90180;1
66;12;6;4000;3
66;268;6;1010;12
66;268;6;4456;3
66;254;3;96;14
66;129;7;15555;2
66;247;7;44333;1
66;267;5;96;13
66;75;7;22555;76
66;249;6;1123;1
66;172;6;4555;1
66;276;6;1233;1
66;248;6;70;2
66;248;6;13;3
66;248;6;22;1
66;185;6;12;1
66;185;6;13;3
66;185;7;11;1
66;185;7;12;2
66;185;7;13;4
66;185;7;15;1
66;185;7;23;1
66;82;6;12;1
66;321;6;5005;1
66;75;6;1313;5
66;243;7;55234;1
66;161;6;1213;4
66;156;6;2200;1
66;217;7;22222;3
66;237;7;10123;3
66;299;7;12000;27
66;94;7;45300;3
66;315;7;55678;4
66;301;7;44543;1
66;268;6;1313;12
66;291;7;12999;1
66;82;6;5555;23
66;273;6;1010;26
66;273;6;4456;1
66;158;7;50500;2
66;93;7;10123;7
66;112;7;10000;2
66;21;6;5055;3
66;140;7;55678;3
66;270;6;5555;6
66;20;6;5555;13
66;298;6;1313;10
66;65;7;96;13
66;284;7;22555;62
66;231;7;23190;1
66;59;6;1213;1
66;296;6;4422;3
66;329;7;65234;2
66;227;7;50013;1
66;275;6;95;10
66;278;6;4400;1
66;221;7;70007;1
66;297;6;4445;1
66;170;7;12444;1
66;220;7;44123;2
66;106;7;50013;1
66;12;7;12555;2
66;170;6;2222;14
66;117;6;4433;1
66;247;7;22555;147
66;63;3;12;21
66;120;7;13333;4
66;233;6;2222;11
66;152;6;2210;1
66;66;6;5533;3
66;275;6;1313;2
66;100;3;96;13
66;158;3;95;13
66;132;6;1214;34
66;109;5;96;34
66;95;3;44;103
66;120;7;12000;7
66;120;7;50513;1
66;20;6;4455;1
66;225;7;12111;1
66;140;7;44333;2
66;89;6;6565;4
66;80;7;12300;8
66;184;6;1214;44
66;76;7;12144;5
66;68;3;12;27
66;162;6;1222;1
66;162;6;1234;1
66;304;7;13333;2
66;148;6;5555;33
66;300;6;1214;17
66;185;6;5533;10
66;120;6;1313;18
66;300;7;22123;2
66;299;6;5555;1
66;106;7;10123;4
66;205;5;95;20
66;63;7;55222;1
66;158;5;96;22
66;334;5;555;7
66;133;6;2210;1
66;158;7;33888;6
66;298;7;70321;1
66;211;7;22022;12
66;322;7;13555;2
66;148;6;1214;44
66;93;7;45999;1
66;160;6;2277;17
66;230;6;96;8
66;195;3;95;2
66;68;7;70400;5
66;57;3;44;143
66;230;7;50777;2
66;17;7;13131;1
66;89;7;13333;5
66;180;7;10000;4
66;314;6;4444;1
66;151;6;1111;12
66;296;7;13333;5
66;296;7;12888;1
66;80;6;1010;3
66;80;6;4456;1
66;152;6;1000;5
66;313;6;5533;9
66;296;7;12500;3
66;182;7;55678;19
66;240;6;2123;3
66;133;7;22222;4
66;99;7;11113;2
66;99;7;22022;2
66;170;7;70000;1
66;301;6;5577;2
66;301;7;12222;6
66;27;7;13258;29
66;132;6;4455;5
66;90;6;96;12
66;273;7;36192;2
66;11;7;55555;2
66;320;6;5010;1
66;218;5;96;32
66;284;6;1321;1
66;182;3;95;7
66;140;6;95;9
66;264;7;45123;1
66;248;7;13333;5
66;247;7;22678;1
66;37;7;10122;1
66;224;7;10000;5
66;275;6;1311;1
66;234;6;2299;28
66;161;6;1314;2
66;303;7;15123;5
66;315;3;13;122
66;275;5;700;77
66;23;6;2033;1
66;184;6;2222;32
66;60;6;95;12
66;303;6;6565;2
66;21;7;14393;1
66;94;6;2288;4
66;294;7;11000;1
66;98;6;1213;3
66;69;7;22888;1
66;128;7;12144;2
66;97;7;90909;5
66;60;6;1213;2
66;313;6;4488;1
66;82;7;90180;1
66;215;6;1010;5
66;215;6;4456;1
66;218;6;7011;1
66;299;6;4567;1
66;37;6;1299;1
66;88;7;96;10
66;104;7;70070;1
66;266;7;23123;1
66;53;7;11;1
66;53;7;12;1
66;59;6;2225;1
66;36;6;2299;11
66;47;7;10190;1
66;266;5;131;146
66;289;6;1000;1
66;95;6;1000;2
66;53;7;70400;5
66;224;3;13;147
66;125;7;22556;1
66;276;5;131;152
66;140;7;65123;1
66;11;7;90909;1
66;334;7;13133;2
66;334;7;44678;1
66;248;7;11999;1
66;47;3;95;8
66;293;7;65013;1
66;170;7;45111;1
66;184;7;15123;4
66;127;7;23192;1
66;270;6;1299;1
66;120;6;4000;1
66;120;7;22678;1
66;294;7;13133;1
66;21;6;2323;1
66;308;7;44020;1
66;322;6;2210;2
66;290;6;6565;5
66;243;7;22111;1
66;230;3;44;112
66;313;7;12333;1
66;57;7;12333;1
66;82;6;1214;7
66;294;7;13258;1
66;41;6;2222;14
66;125;7;55234;1
66;149;6;4455;1
66;308;7;50777;1
66;237;7;45333;1
66;180;6;2211;1
66;249;6;2244;1
66;36;6;2200;1
66;289;6;4490;2
66;1;7;13258;10
66;99;6;4412;1
66;152;7;15001;1
66;288;6;1213;5
66;65;3;12;20
66;186;6;2222;30
66;81;6;4455;2
66;128;7;45300;1
66;80;6;6565;2
66;205;7;70;3
66;205;6;11;1
66;205;6;12;3
66;205;6;13;3
66;205;6;20;1
66;205;6;22;1
66;205;6;23;1
66;205;6;70;1
66;308;3;13;119
66;170;6;1213;8
66;225;3;96;16
66;180;3;44;111
66;243;6;1477;1
66;42;7;70345;2
66;107;6;2277;9
66;161;6;7000;1
66;162;5;131;170
66;297;7;14122;4
66;128;7;10190;1
66;195;6;5533;1
66;211;7;65013;1
66;52;6;2255;92
66;125;6;1212;1
66;105;6;5567;2
66;249;6;1112;1
66;54;7;22222;1
66;180;7;22;1
66;180;7;23;1
66;180;7;44;1
66;180;7;50;1
66;17;7;13333;6
66;160;7;13555;1
66;154;7;12600;1
66;248;6;4433;1
66;64;7;44022;1
66;60;7;55888;1
66;244;7;45300;2
66;12;6;4488;1
66;298;7;22555;64
66;156;6;1111;9
66;105;6;1500;1
66;278;7;13333;1
66;297;7;10124;2
66;297;7;22010;4
66;297;7;22322;3
66;297;7;22900;1
66;53;6;95;16
66;313;7;12144;1
66;56;6;3555;1
66;53;6;1010;11
66;139;7;43333;1
66;63;7;55011;2
66;202;7;50500;4
66;182;7;44900;1
66;182;6;4445;1
66;125;7;10123;5
66;105;6;96;5
66;310;5;555;1
66;109;7;33033;1
66;148;5;700;74
66;36;6;1000;1
66;156;7;11555;1
66;107;7;22022;1
66;120;7;15123;8
66;105;7;12345;1
66;317;6;4444;1
66;14;6;4456;2
66;220;6;5511;15
66;303;7;22777;2
66;124;7;44333;1
66;272;6;1214;124
66;173;7;12600;1
66;49;7;15151;1
66;93;6;5511;4
66;225;7;65000;1
66;271;6;1369;1
66;51;6;5522;1
66;51;6;95;6
66;10;7;12345;1
66;314;7;12555;1
66;99;7;22555;36
66;317;6;6565;2
66;77;7;96;11
66;28;6;1314;2
66;17;7;33033;1
66;12;6;4410;1
66;276;6;2299;9
66;180;6;2200;10
66;93;6;1010;7
66;93;6;4456;2
66;181;6;4000;1
66;286;5;95;24
66;293;6;4488;1
66;224;6;5005;1
66;56;7;10124;1
66;163;7;96;5
66;148;7;55011;2
66;225;7;22556;2
66;215;7;13456;1
66;268;6;5533;7
66;42;6;1321;7
66;308;7;65234;1
66;35;7;43640;1
66;40;6;1010;7
66;40;6;4456;4
66;120;3;96;19
66;99;7;22777;10
66;52;6;4477;2
66;299;7;12888;1
66;167;7;13333;1
66;77;7;55234;2
66;83;7;12222;43
66;83;7;70345;1
66;75;7;12000;8
66;166;6;2210;1
66;238;6;2277;1
66;76;6;5533;3
66;76;7;44888;1
66;228;7;45123;1
66;23;7;10122;1
66;274;7;22000;1
66;264;5;96;24
66;287;5;95;7
66;21;6;1331;2
66;251;6;7011;1
66;129;7;44888;1
66;152;6;1522;3
66;290;7;12222;28
66;224;7;23;1
66;224;7;55;2
66;224;7;70;1
66;231;3;13;153
66;164;7;44190;1
66;164;7;22222;5
66;120;6;2210;1
66;78;7;12600;5
66;310;6;1292;2
66;182;6;96;8
66;221;6;12;1
66;221;6;13;3
66;221;6;45;1
66;221;6;55;1
66;221;7;10;1
66;221;7;12;3
66;20;5;131;142
66;217;7;45300;3
66;208;7;11444;1
66;239;7;12114;1
66;271;7;55011;1
66;124;3;13;172
66;11;6;1522;1
66;123;7;50444;1
66;238;7;13133;1
66;11;7;44020;2
66;11;7;96;6
66;127;6;6565;14
66;22;7;22720;1
66;37;7;70123;1
66;37;5;700;62
66;266;6;1213;2
66;40;6;5151;1
66;106;5;131;136
66;249;6;1000;2
66;247;6;2255;102
66;47;6;5555;1
66;16;6;4488;1
66;311;6;4455;1
66;223;7;12300;1
66;37;7;55678;9
66;293;7;70123;3
66;312;6;5533;3
66;293;5;700;75
66;58;7;13456;2
66;117;7;13555;1
66;317;7;55678;1
66;180;7;90180;1
66;104;6;1221;3
66;308;7;70369;1
66;65;6;7011;1
66;65;7;90909;1
66;90;3;12;10
66;156;7;96;14
66;182;7;45045;1
66;182;7;12579;1
66;287;5;700;33
66;286;6;1000;5
66;208;6;5001;1
66;109;7;50500;2
66;117;6;1111;11
66;129;6;5013;1
66;305;7;13222;1
66;301;6;1221;1
66;271;7;12555;1
66;1;7;10190;1
66;247;3;13;158
66;301;6;2222;17
66;161;5;700;109
66;221;7;13234;1
66;230;5;131;167
66;203;3;95;4
66;224;6;1322;7
66;233;6;1323;1
66;297;7;15151;2
66;273;7;44122;1
66;276;7;10000;2
66;322;7;55777;1
66;17;6;4488;1
66;304;7;33333;1
66;78;7;55678;2
66;12;7;70400;1
66;182;6;5555;3
66;17;6;5044;1
66;111;7;12333;1
66;302;7;55860;2
66;224;7;12000;8
66;95;7;12555;1
66;204;6;4455;1
66;321;6;1333;1
66;97;7;96;12
66;248;6;1477;2
66;248;6;1818;1
66;56;7;22555;43
66;19;3;12;14
66;61;6;5511;3
66;61;5;160;1
66;99;3;12;16
66;132;6;5511;5
66;315;6;1010;9
66;34;6;1000;3
66;151;7;55678;13
66;123;7;23192;1
66;125;7;10000;4
66;244;7;10000;5
66;105;6;5555;24
66;94;6;2244;2
66;209;7;70222;1
66;170;7;70007;1
66;76;7;10123;9
66;244;7;44321;2
66;301;6;1213;3
66;247;6;2200;2
66;125;7;23190;1
66;156;6;1285;1
66;35;6;4490;2
66;244;6;1222;1
66;244;6;1234;1
66;249;6;1422;1
66;51;7;65013;1
66;305;6;5111;1
66;78;6;2255;78
66;63;7;70190;1
66;166;5;95;4
66;91;7;10123;1
66;227;5;555;3
66;304;6;95;13
66;10;7;50500;2
66;231;6;4488;2
66;186;7;50777;1
66;182;7;22777;6
66;120;7;96;18
66;129;7;10122;1
66;184;7;50777;1
66;314;7;45300;4
66;17;7;15123;7
66;185;7;36111;1
66;313;6;4444;2
66;220;7;13123;2
66;277;6;1321;1
66;110;6;1010;1
66;284;6;7040;1
66;42;7;22777;2
66;322;6;12;1
66;322;6;13;3
66;322;6;14;1
66;322;6;44;1
66;83;7;13789;1
66;184;7;12100;1
66;91;7;13555;1
66;11;6;4411;1
66;164;7;44321;1
66;97;6;1269;1
66;37;7;10000;1
66;160;6;5005;1
66;63;7;22888;1
66;152;6;5055;1
66;318;7;13258;1
66;125;6;2201;2
66;296;7;65234;3
66;248;7;12300;1
66;293;7;95;28
66;293;6;1111;9
66;59;6;5511;5
66;69;7;70400;4
66;316;7;23123;1
66;211;7;23123;3
66;62;7;15333;1
66;295;5;96;18
66;39;7;22022;8
66;202;7;15333;1
66;37;6;1213;1
66;204;6;2323;2
66;132;6;2255;60
66;19;6;1300;1
66;169;7;15123;8
66;99;7;12114;1
66;205;7;22222;6
66;205;7;44190;3
66;264;5;131;122
66;23;7;13222;1
66;298;7;44333;2
66;237;3;13;134
66;53;6;2200;2
66;55;7;50113;1
66;254;7;10123;20
66;35;7;44777;1
66;117;6;1333;1
66;215;6;4432;1
66;27;6;4433;1
66;92;7;30000;1
66;133;7;13555;1
66;95;7;44020;2
66;249;7;10190;1
66;95;7;96;14
66;21;6;7000;1
66;224;7;15123;4
66;202;6;1213;4
66;130;6;1313;5
66;15;7;33456;1
66;238;7;22555;161
66;156;6;1322;1
66;228;7;70222;1
66;158;6;2123;1
66;162;7;23192;1
66;1;7;33193;1
66;1;7;55555;2
66;266;7;12123;1
66;311;7;22222;3
66;270;6;7012;1
66;291;7;50013;1
66;21;7;23190;1
66;64;7;15123;6
66;158;7;10123;3
66;28;6;95;12
66;28;7;45000;1
66;173;7;33888;1
66;84;7;45300;1
66;38;7;12300;1
66;124;6;2222;5
66;161;3;95;19
66;321;7;44333;1
66;37;7;22022;1
66;162;7;22022;11
66;244;6;4400;1
66;88;7;10000;2
66;56;6;22;2
66;56;6;11;1
66;56;6;13;2
66;56;6;23;1
66;56;7;10;3
66;56;7;11;3
66;228;6;1112;1
66;94;7;65013;1
66;230;6;1111;6
66;230;7;95;13
66;15;5;700;76
66;312;6;1234;1
66;182;6;2323;1
66;167;7;13234;1
66;95;7;13131;1
66;211;7;50777;1
66;186;6;5533;5
66;273;3;95;6
66;39;7;13133;3
66;152;7;65234;3
66;298;6;1533;2
66;225;7;13133;3
66;107;6;12;6
66;107;6;11;1
66;296;6;2244;1
66;83;7;96;13
66;264;7;12000;37
66;10;7;44888;1
66;293;3;44;106
66;54;7;45777;1
66;27;5;131;131
66;42;7;44333;2
66;152;6;1292;1
66;152;7;44111;2
66;19;7;50113;1
66;173;6;2299;18
66;233;7;50500;3
66;170;7;33888;2
66;221;6;1213;4
66;182;7;55333;1
66;211;7;12444;1
66;11;7;13234;2
66;240;6;4055;1
66;240;6;5500;1
66;248;6;1112;1
66;65;7;33300;1
66;88;6;2323;1
66;163;3;95;3
66;18;6;95;8
66;107;6;1155;1
66;129;7;13131;1
66;88;6;1111;7
66;272;7;13132;1
66;91;7;50444;1
66;243;6;1232;1
66;140;7;13777;1
66;182;7;15555;3
66;162;6;6513;1
66;162;5;95;15
66;205;6;2255;24
66;275;6;1010;2
66;275;6;4456;2
66;40;7;23123;1
66;139;6;7022;1
66;133;6;5555;7
66;105;5;700;110
66;237;6;1044;1
66;166;7;43640;1
66;129;6;4445;1
66;57;6;96;10
66;96;7;44567;2
66;291;3;95;11
66;109;6;1214;70
66;186;7;12500;1
66;248;7;12200;1
66;185;7;33145;1
66;160;3;13;174
66;224;7;95;29
66;224;6;1111;26
66;291;7;12114;1
66;288;7;50013;1
66;223;6;2201;1
66;80;6;1333;1
66;322;6;4012;1
66;38;6;4554;1
66;47;6;2244;1
66;132;6;2299;3
66;329;7;44543;2
66;61;7;44333;1
66;151;5;95;9
66;182;7;44123;2
66;182;7;10444;1
66;75;7;96;11
66;132;6;95;9
66;170;6;4455;1
66;286;7;10190;3
66;164;6;1111;8
66;36;6;1010;2
66;66;6;1123;1
66;64;7;13123;1
66;37;7;12;8
66;37;7;13;14
66;37;7;15;1
66;37;7;19;1
66;37;7;22;3
66;94;7;55011;3
66;127;7;12144;2
66;172;6;2200;4
66;311;5;96;7
66;185;7;10000;2
66;12;6;2255;47
66;65;7;23192;1
66;321;7;33193;1
66;27;7;13131;1
66;19;7;12300;4
66;13;6;2200;6
66;172;7;12222;5
66;220;7;10190;2
66;105;7;23123;28
66;156;7;22678;1
66;90;7;22022;4
66;291;6;5013;1
66;120;7;12755;2
66;243;7;95;39
66;243;6;1111;27
66;277;7;65234;2
66;62;7;22111;1
66;272;3;95;11
66;289;7;50131;1
66;39;6;1422;3
66;247;7;44567;1
66;317;7;50013;2
66;287;7;50500;2
66;228;7;65234;6
66;270;6;4456;1
66;169;7;22380;1
66;169;7;44333;1
66;225;6;96;7
66;278;6;2288;3
66;295;7;15123;3
66;55;6;1000;1
66;109;6;4455;1
66;171;6;96;9
66;220;6;96;13
66;91;6;1111;2
66;91;7;95;14
66;240;6;95;15
66;95;7;33123;2
66;299;7;13234;1
66;293;6;4456;1
66;69;7;12555;1
66;274;3;96;10
66;61;6;1214;95
66;167;6;1234;1
66;148;7;50013;1
66;288;7;10000;6
66;62;6;1520;2
66;158;5;131;170
66;53;6;5511;3
66;92;7;22222;2
66;92;7;44190;2
66;18;7;15151;2
66;211;6;1020;1
66;244;6;1213;5
66;182;6;1321;1
66;154;3;95;8
66;289;3;95;3
66;185;3;95;19
66;268;6;1973;1
66;105;7;12222;58
66;171;7;12222;6
66;148;7;10400;3
66;300;6;4400;1
66;318;5;555;3
66;49;6;1292;5
66;62;6;4013;1
66;47;7;22777;13
66;301;7;10123;5
66;180;7;15333;2
66;170;3;96;13
66;78;6;4077;1
66;167;7;11999;2
66;315;6;2299;5
66;108;6;1112;2
66;40;6;1311;1
66;17;7;11111;2
66;228;7;44123;4
66;97;7;13123;3
66;35;7;70400;1
66;195;6;2299;16
66;225;6;1233;1
66;202;5;700;92
66;27;7;12144;1
66;64;6;1012;1
66;64;6;1321;1
66;157;7;15678;1
66;16;7;13789;1
66;163;6;4410;1
66;129;7;44321;1
66;278;6;2299;5
66;169;6;1112;1
66;39;7;22010;3
66;75;7;70300;1
66;278;7;44020;2
66;267;7;22022;1
66;278;7;96;18
66;172;6;1322;2
66;95;7;55678;42
66;77;6;1533;1
66;21;6;1213;9
66;185;6;2288;2
66;14;3;12;25
66;237;3;21;1
66;120;7;11000;1
66;230;7;44123;1
66;36;6;1313;5
66;244;7;11113;2
66;244;7;22022;7
66;39;7;10680;1
66;39;6;1221;2
66;164;7;55678;10
66;224;7;55555;4
66;117;6;12;1
66;117;6;13;3
66;117;6;22;2
66;117;7;11;1
66;117;7;12;3
66;117;7;13;7
66;117;7;22;4
66;117;7;55;1
66;117;7;70;2
66;54;7;13333;3
66;311;3;96;4
66;205;7;44444;1
66;224;6;2277;4
66;314;6;4447;1
66;157;6;1214;21
66;244;6;2123;1
66;161;6;1000;1
66;316;3;44;38
66;172;6;2288;1
66;21;6;2201;1
66;80;7;11444;2
66;55;7;12600;2
66;254;7;23192;1
66;195;7;65700;1
66;171;7;15001;1
66;277;3;12;18
66;173;7;15001;1
66;66;3;96;20
66;79;6;2201;2
66;12;7;95;9
66;94;7;70123;2
66;248;7;44027;1
66;38;7;55011;1
66;20;6;2210;2
66;22;3;13;142
66;59;6;5555;1
66;296;6;1520;1
66;64;6;5055;2
66;303;3;13;109
66;66;7;10123;2
66;67;7;23192;5
66;249;7;55333;1
66;42;7;12144;2
66;273;7;45999;1
66;270;3;12;19
66;20;3;12;21
66;139;6;1322;1
66;89;6;5533;2
66;98;7;12345;1
66;28;6;1369;3
66;182;6;5533;8
66;77;6;1245;1
66;112;3;12;22
66;1;7;55888;1
66;154;6;1010;6
66;62;7;70090;1
66;195;6;3000;1
66;295;7;22777;9
66;158;6;4422;3
66;288;3;95;11
66;129;6;2299;30
66;94;6;2277;3
66;208;7;33888;1
66;321;7;15120;2
66;164;7;12;2
66;164;7;13;7
66;164;7;15;1
66;164;7;19;1
66;164;7;22;4
66;164;7;45;1
66;164;7;55;1
66;164;7;90;1
66;164;6;10;1
66;164;6;12;2
66;164;6;13;3
66;164;6;44;1
66;164;6;90;2
66;109;6;2323;1
66;247;6;4444;3
66;162;6;1515;1
66;81;7;15555;1
66;217;5;700;77
66;277;5;555;1
66;308;7;15123;8
66;321;6;96;6
66;315;7;22222;7
66;247;3;12;25
66;117;7;12555;1
66;129;6;1020;1
66;314;7;11113;2
66;47;5;131;134
66;111;3;95;10
66;272;6;1234;2
66;158;6;1111;19
66;158;7;95;24
66;11;7;44555;1
66;11;5;700;82
66;94;6;1020;8
66;109;7;50777;1
66;169;6;4512;1
66;248;7;33700;2
66;120;7;33888;1
66;15;6;95;6
66;264;6;13;2
66;320;6;13;1
66;276;6;95;18
66;276;7;45000;1
66;153;5;96;28
66;78;6;5055;1
66;104;7;50500;1
66;90;7;22556;2
66;60;6;2233;2
66;36;7;65234;2
66;170;7;70123;1
66;170;5;700;80
66;65;7;44123;1
66;243;7;13258;2
66;110;6;4410;1
66;11;6;2233;1
66;122;5;131;148
66;76;7;22555;78
66;202;7;22022;4
66;37;3;95;16
66;172;3;95;9
66;47;6;1214;46
66;195;6;1212;1
66;182;7;12789;1
66;329;7;95;7
66;202;7;13234;2
66;299;7;22123;1
66;107;7;10222;1
66;59;3;96;13
66;315;6;2288;4
66;154;6;4466;1
66;51;6;1020;1
66;249;6;1111;5
66;185;6;4000;1
66;120;6;1533;1
66;39;6;2222;26
66;34;5;555;5
66;305;5;555;3
66;268;6;5511;11
66;108;6;1188;1
66;243;6;2277;1
66;89;3;13;108
66;112;5;555;1
66;271;7;13100;1
66;81;7;13133;1
66;227;7;44020;1
66;227;7;96;8
66;65;6;4410;2
66;156;6;4555;1
66;139;6;5050;1
66;264;6;1213;4
66;129;7;50013;1
66;217;7;44234;1
66;182;7;50500;6
66;266;3;12;15
66;264;6;5555;6
66;243;5;95;28
66;122;7;33000;2
66;128;5;555;2
66;20;7;43640;1
66;286;7;50013;2
66;227;5;131;155
66;38;7;10000;10
66;249;6;5050;1
66;47;3;12;16
66;312;7;22222;1
66;312;7;44190;1
66;228;7;13123;1
66;109;5;700;80
66;215;6;5511;10
66;96;7;12222;7
66;218;5;555;2
66;93;6;1214;69
66;309;6;2222;6
66;92;6;5013;1
66;293;6;13;6
66;293;6;14;1
66;302;5;96;6
66;17;6;1322;2
66;117;6;1213;2
66;204;3;12;18
66;318;7;22720;1
66;233;3;96;15
66;322;7;13100;2
66;57;6;4567;1
66;140;6;5511;6
66;297;7;23190;1
66;133;7;70222;4
66;275;6;1221;6
66;54;6;7040;2
66;284;7;55555;1
66;156;3;44;113
66;92;6;1214;79
66;94;6;6565;6
66;275;6;2244;5
66;40;6;4447;1
66;274;6;1313;6
66;125;7;22444;1
66;314;6;1299;2
66;303;7;65234;4
66;248;6;4400;1
66;124;3;16;1
66;274;6;1400;1
66;180;6;1111;12
66;180;7;95;22
66;170;7;55234;1
66;22;7;22;3
66;22;7;40;1
66;22;7;45;1
66;22;7;55;2
66;36;7;22022;1
66;107;6;1222;1
66;107;6;1234;1
66;148;6;5533;9
66;157;7;10000;5
66;37;7;96;11
66;166;3;96;3
66;270;6;96;22
66;172;7;13131;1
66;56;7;12144;3
66;312;6;2244;5
66;158;6;2201;1
66;164;7;15123;4
66;81;6;5511;12
66;132;6;5533;2
66;299;7;10123;3
66;79;7;12333;1
66;290;6;1314;1
66;130;7;15555;1
66;18;7;23123;4
66;62;7;23123;6
66;166;7;22777;2
66;182;7;22222;5
66;185;7;65234;1
66;16;5;95;23
66;65;6;2201;1
66;271;7;55678;14
66;173;7;12111;3
66;244;7;55678;32
66;123;7;10400;5
66;207;6;1313;1
66;273;7;12345;1
66;56;7;22380;1
66;270;7;15001;2
66;89;5;700;75
66;292;7;15123;4
66;302;6;2288;5
66;294;6;5007;1
66;294;6;5044;1
66;54;7;13133;1
66;66;7;23123;1
66;249;6;1511;1
66;184;7;15001;1
66;95;6;5133;2
66;35;7;44027;1
66;297;7;22000;1
66;207;6;2255;99
66;13;6;1252;1
66;81;6;1333;1
66;181;7;70888;2
66;170;7;10190;1
66;288;6;6565;4
66;75;6;5533;6
66;311;6;2277;2
66;122;6;1012;1
66;122;6;1321;1
66;67;7;44543;1
66;67;6;1322;2
66;11;7;33888;1
66;287;6;2299;1
66;271;6;2210;2
66;238;7;23123;1
66;169;6;2201;1
66;109;6;2201;1
66;117;3;12;16
66;299;7;55678;4
66;156;6;1221;1
66;162;7;11444;1
66;15;7;10400;1
66;149;6;1292;17
66;204;7;15151;1
66;12;7;44333;2
66;36;7;12144;1
66;39;7;22000;1
66;49;7;36555;2
66;91;6;5533;7
66;154;7;10000;4
66;249;6;4447;3
66;317;3;12;9
66;90;7;45300;6
66;23;6;2255;57
66;15;6;4455;2
66;321;7;22999;1
66;215;5;131;114
66;297;6;1010;1
66;78;6;4410;6
66;54;7;12220;1
66;23;6;1234;1
66;56;6;1313;4
66;56;6;4466;1
66;51;6;5511;2
66;13;5;96;20
66;108;7;44333;1
66;149;6;1515;1
66;82;7;44123;1
66;166;7;96;1
66;48;6;1213;3
66;133;6;5567;1
66;215;6;1515;1
66;62;7;12100;1
66;40;7;44123;1
66;61;7;13;11
66;61;7;22;6
66;61;7;33;1
66;61;7;44;2
66;61;7;45;1
66;61;7;70;3
66;321;7;45300;1
66;21;7;45000;3
66;315;6;1012;1
66;60;6;1188;1
66;108;6;1515;1
66;182;7;11111;1
66;79;6;1313;2
66;125;6;4410;5
66;173;5;700;63
66;292;6;1331;1
66;148;3;13;158
66;243;6;4447;2
66;55;6;7040;1
66;132;7;55333;1
66;117;6;2288;5
66;313;7;13130;1
66;239;7;45300;4
66;299;6;2200;1
66;68;7;33888;1
66;27;6;1299;1
66;277;6;4013;1
66;62;6;1292;1
66;204;5;700;92
66;299;5;96;10
66;1;6;1522;1
66;161;6;4567;1
66;94;7;15123;4
66;334;6;1422;1
66;217;7;65013;1
66;238;6;1314;1
66;100;7;10000;6
66;172;6;4445;1
66;53;6;4441;1
66;274;7;65234;1
66;173;6;1010;4
66;173;6;4456;3
66;124;7;55999;1
66;322;6;4040;1
66;208;6;1112;1
66;215;7;15122;1
66;97;6;96;13
66;107;6;96;6
66;303;7;55678;35
66;215;7;45300;2
66;202;7;90909;1
66;17;7;22555;67
66;139;6;1292;9
66;291;6;5005;1
66;122;7;90500;2
66;89;6;4455;1
66;62;6;2222;14
66;28;7;45300;2
66;301;6;1016;3
66;287;7;44123;2
66;15;6;1313;8
66;68;6;7077;1
66;161;7;44567;1
66;89;7;44122;1
66;170;6;1234;1
66;117;6;2100;1
66;273;6;4477;2
66;99;6;2255;60
66;314;7;13133;1
66;227;7;70123;1
66;37;6;1111;21
66;37;7;95;11
66;78;6;96;7
66;275;6;4410;2
66;36;6;4422;1
66;244;7;13789;1
66;292;6;5500;1
66;14;6;4410;1
66;122;6;7000;1
66;278;6;7011;1
66;316;7;65234;1
66;16;7;12333;1
66;264;6;4477;3
66;38;7;13013;1
66;284;7;14014;1
66;225;7;12345;1
66;16;6;2255;62
66;303;6;5555;4
66;93;6;1944;1
66;291;7;50500;2
66;129;6;4400;1
66;270;6;4410;2
66;20;6;4410;1
66;12;7;44999;1
66;14;6;1111;19
66;153;6;1321;1
66;231;7;12111;1
66;117;5;700;78
66;172;7;44333;3
66;211;7;12123;1
66;299;6;4456;3
66;133;6;96;10
66;58;6;7022;1
66;58;7;23123;3
66;110;7;12345;1
66;110;7;65013;2
66;247;6;1111;1
66;239;6;1111;5
66;239;7;95;13
66;122;6;1311;1
66;228;7;13555;1
66;97;7;15123;25
66;267;7;12222;1
66;308;6;4000;1
66;109;6;1322;1
66;91;6;4432;1
66;221;6;4433;2
66;254;7;70;3
66;254;6;10;1
66;254;6;12;2
66;254;6;13;4
66;254;6;22;4
66;254;6;50;1
66;133;7;12111;1
66;128;6;5533;5
66;205;7;44456;2
66;14;7;55678;33
66;288;7;13789;2
66;299;7;95;10
66;36;6;5533;1
66;27;7;23192;1
66;305;5;96;2
66;12;6;1533;1
66;267;6;2222;1
66;304;5;96;9
66;181;7;12123;1
66;48;6;1533;2
66;83;7;65234;3
66;28;7;65234;1
66;28;7;33600;1
66;108;6;1221;2
66;108;6;4412;1
66;322;7;10123;3
66;209;6;1533;2
66;300;7;12500;3
66;107;6;4555;1
66;312;7;13132;1
66;21;7;44027;1
66;203;7;22555;57
66;65;6;2123;1
66;156;7;95;12
66;104;3;13;147
66;295;7;44111;1
66;153;6;6565;2
66;149;7;44456;3
66;171;3;12;11
66;248;6;1323;1
66;270;7;23123;5
66;290;6;4444;2
66;293;7;70222;1
66;293;7;13132;1
66;164;6;4000;1
66;181;6;2323;1
66;79;7;12222;9
66;56;6;1213;2
66;167;7;10000;4
66;27;6;4410;1
66;95;6;4445;2
66;81;7;44557;1
66;76;7;22380;1
66;288;7;65234;1
66;78;6;1277;1
66;237;6;4477;1
66;139;6;1333;1
66;186;7;22022;4
66;129;6;95;19
66;81;3;13;149
66;130;7;10000;3
66;90;6;1000;3
66;16;7;33888;1
66;291;7;33145;1
66;125;7;50500;6
66;148;7;10737;1
66;130;6;5500;1
66;49;5;555;1
66;23;6;95;9
66;299;6;95;12
66;76;7;70321;2
66;124;7;22222;1
66;91;7;55011;2
66;13;7;50777;1
66;297;5;96;15
66;163;7;22222;1
66;290;6;4447;1
66;315;6;4410;1
66;82;6;4444;1
66;298;6;5599;1
66;334;6;1313;2
66;122;7;11444;1
66;220;7;22511;1
66;220;7;44020;2
66;220;7;96;11
66;65;7;55555;3
66;19;6;2123;1
66;120;7;70123;2
66;38;7;13258;1
66;20;7;96;9
66;171;3;95;6
66;160;5;700;86
66;171;6;1000;5
66;21;6;1314;1
66;298;6;2255;39
66;17;7;11444;1
66;63;7;65013;2
66;231;7;13013;1
66;64;7;23123;1
66;42;7;50505;1
66;42;7;65234;8
66;274;7;44777;1
66;249;6;1233;2
66;125;7;44776;1
66;79;7;96;4
66;218;7;10000;2
66;220;6;5533;7
66;301;7;36123;1
66;296;5;95;16
66;297;7;65234;1
66;284;7;70123;5
66;152;6;2225;1
66;314;6;1313;7
66;148;7;10222;1
66;223;7;12600;1
66;38;6;1010;8
66;38;6;4456;4
66;42;7;12222;8
66;221;7;50013;2
66;170;5;95;33
66;170;6;5005;1
66;62;6;5533;10
66;94;7;22555;71
66;207;3;12;22
66;105;6;2300;4
66;184;6;4433;3
66;208;6;5567;1
66;208;7;45999;1
66;89;7;12144;4
66;211;7;10000;3
66;69;6;1000;2
66;220;7;40400;2
66;99;6;2323;1
66;64;3;12;24
66;182;6;7069;1
66;89;7;13258;1
66;228;7;96;9
66;203;6;12;1
66;203;6;13;1
66;203;6;22;1
66;203;7;11;1
66;203;7;13;2
66;203;7;22;3
66;203;7;43;1
66;203;7;55;1
66;203;7;70;1
66;36;7;12000;1
66;99;7;55888;1
66;251;6;2225;1
66;180;6;5013;1
66;42;7;13444;1
66;161;7;12111;1
66;249;7;44999;1
66;152;7;50500;1
66;208;7;22555;77
66;120;7;10;1
66;120;7;12;3
66;120;7;13;4
66;120;7;22;2
66;120;7;44;1
66;120;7;55;1
66;120;6;12;2
66;120;6;13;4
66;120;6;22;2
66;120;6;55;1
66;39;6;1213;4
66;292;6;1533;3
66;153;5;95;17
66;63;6;4567;1
66;268;7;44776;2
66;316;7;23190;1
66;133;6;1177;1
66;290;7;45000;1
66;27;6;1533;8
66;181;6;1012;1
66;181;6;1321;3
66;292;7;12111;1
66;139;7;96;14
66;208;6;13;1
66;208;7;10;1
66;208;7;13;7
66;208;7;55;1
66;208;7;70;2
66;160;5;96;21
66;308;6;95;19
66;308;7;45000;1
66;291;3;96;11
66;17;7;22022;9
66;47;6;6565;3
66;202;7;44000;1
66;84;6;12;2
66;93;7;65013;3
66;164;7;33888;1
66;228;3;95;8
66;166;6;1520;1
66;93;6;2299;4
66;251;6;8080;1
66;156;3;12;14
66;84;7;70001;1
66;123;6;4433;1
66;108;3;12;10
66;96;7;45000;2
66;149;7;44020;1
66;149;7;96;8
66;117;7;55860;2
66;67;3;12;15
66;218;7;12888;1
66;225;6;4488;1
66;203;6;95;9
66;288;6;4400;1
66;270;6;4422;2
66;20;6;4422;5
66;278;6;4410;3
66;289;7;13789;1
66;153;6;1213;3
66;140;6;4444;1
66;106;7;13258;3
66;98;6;5511;4
66;312;6;7069;1
66;244;7;44020;1
66;244;7;96;22
66;39;7;12222;55
66;204;7;55555;1
66;1;6;1000;2
66;153;6;1533;1
66;92;7;13131;1
66;92;7;55888;1
66;106;5;700;26
66;69;7;44690;3
66;170;7;55555;1
66;15;5;96;15
66;53;6;2222;20
66;221;6;1010;24
66;274;5;555;3
66;267;3;12;9
66;117;7;50013;2
66;296;7;44565;1
66;296;6;5055;8
66;125;7;44447;1
66;160;7;15151;2
66;275;7;10000;5
66;267;6;96;4
66;11;6;1292;2
66;158;5;555;3
66;296;7;44123;1
66;92;7;12000;58
66;315;7;50500;3
66;125;6;1213;8
66;79;7;13258;1
66;104;7;22555;97
66;239;7;33456;1
66;249;7;22022;10
66;129;6;1321;5
66;266;6;1500;1
66;111;6;2266;1
66;239;7;13133;2
66;315;7;13333;3
66;49;7;44567;3
66;157;6;1012;1
66;48;7;70;2
66;48;7;44;1
66;48;7;55;3
66;48;7;65;1
66;161;7;12000;13
66;161;7;14180;1
66;170;6;2022;1
66;84;6;13;3
66;84;7;11;1
66;84;7;12;1
66;84;7;13;9
66;84;7;22;1
66;84;7;70;3
66;290;6;12;1
66;298;7;50444;1
66;298;7;50500;3
66;220;6;4455;13
66;254;7;10000;3
66;18;7;22555;160
66;62;7;22555;62
66;133;6;1333;2
66;125;6;3550;1
66;11;6;1500;1
66;75;6;1213;2
66;69;6;1010;11
66;69;6;4456;3
66;35;6;2299;8
66;321;6;95;7
66;321;7;45000;3
66;158;3;96;6
66;23;7;22380;1
66;12;7;43640;1
66;233;3;12;10
66;320;7;45300;1
66;169;7;10000;4
66;55;7;22111;1
66;122;6;1000;1
66;11;7;23123;9
66;157;7;10123;12
66;164;6;1010;4
66;163;7;12222;1
66;96;6;1214;18
66;117;6;7055;2
66;75;7;15123;3
66;16;3;12;18
66;249;7;12456;1
66;249;7;15123;4
66;329;7;10190;2
66;247;7;23123;2
66;217;6;5511;7
66;204;3;44;118
66;163;7;12111;1
66;57;7;22022;3
66;157;7;10190;2
66;277;7;23123;20
66;41;7;44123;5
66;51;6;2222;5
66;112;3;95;16
66;1;7;22777;2
66;14;7;44044;1
66;304;6;1000;5
66;180;7;13133;1
66;299;6;6565;5
66;231;6;1010;10
66;81;7;90909;4
66;34;7;65700;1
66;322;7;50500;3
66;334;7;11666;1
66;77;7;22222;9
66;77;7;44190;1
66;329;3;96;2
66;221;6;5511;10
66;151;7;12222;5
66;92;6;2299;1
66;48;7;44333;1
66;100;6;1277;1
66;36;6;4530;1
66;104;7;23123;27
66;149;3;95;11
66;240;6;5555;1
66;122;6;2201;1
66;301;6;1331;1
66;292;7;10000;3
66;92;7;33700;1
66;78;6;1214;13
66;100;5;555;1
66;169;6;1213;3
66;139;6;4400;2
66;99;7;12144;4
66;63;6;1277;1
66;227;6;4000;7
66;167;7;22555;79
66;296;7;12000;7
66;54;6;1020;1
66;321;6;1313;2
66;284;7;12123;2
66;215;7;10400;1
66;271;7;44020;4
66;271;7;96;15
66;264;6;4455;1
66;110;6;4422;3
66;228;7;22555;94
66;62;7;70007;2
66;12;5;95;10
66;304;6;1818;1
66;211;7;44020;5
66;211;7;96;11
66;54;7;11999;1
66;78;3;12;18
66;221;7;15000;1
66;161;6;1333;4
66;289;6;2023;1
66;209;6;2288;3
66;14;6;5055;6
66;78;7;45000;3
66;40;7;44888;2
66;184;6;2277;1
66;215;7;22555;67
66;291;7;14888;1
66;160;7;10000;1
66;294;7;44543;1
66;17;7;50500;5
66;169;5;131;142
66;299;6;5005;2
66;290;3;95;8
66;39;7;44555;1
66;39;5;700;80
66;22;7;12999;1
66;248;3;13;105
66;56;7;44123;1
66;108;7;13789;2
66;57;5;131;129
66;275;6;5500;1
66;140;6;1292;7
66;300;6;95;16
66;300;7;45000;3
66;234;6;4555;1
66;68;7;10000;2
66;271;6;1333;1
66;129;5;555;4
66;315;7;12144;2
66;60;6;5555;1
66;294;6;5555;2
66;231;7;70369;1
66;11;6;1221;3
66;12;6;1333;1
66;83;6;1333;1
66;274;7;22556;1
66;291;6;1214;74
66;170;3;95;15
66;271;7;44999;1
66;296;6;4489;2
66;65;7;12144;1
66;10;6;5533;5
66;92;6;21;1
66;92;6;65;1
66;27;6;1044;1
66;124;6;4400;1
66;314;6;1201;1
66;97;6;1313;12
66;39;7;15145;1
66;297;6;1299;1
66;76;6;2255;66
66;105;7;50500;1
66;58;7;96;7
66;122;6;9001;1
66;88;6;2277;1
66;12;7;13456;1
66;300;7;33456;1
66;274;7;44123;3
66;89;7;10190;2
66;287;7;12222;4
66;322;6;1221;1
66;151;7;22222;2
66;185;7;10124;1
66;270;7;15362;1
66;295;7;10190;1
66;49;7;13555;4
66;93;6;2210;1
66;28;6;5055;4
66;186;7;45555;1
66;221;6;1333;3
66;107;5;95;11
66;14;7;15888;1
66;117;6;5533;2
66;96;7;10000;3
66;22;7;55333;3
66;125;7;22123;1
66;75;6;2222;9
66;75;6;2299;15
66;65;6;4422;4
66;298;7;15123;4
66;223;7;13258;7
66;54;7;44888;4
66;171;6;1010;6
66;298;7;13131;1
66;240;6;1010;7
66;321;6;1010;2
66;10;7;13333;4
66;296;6;1333;1
66;218;7;13777;1
66;223;6;1313;7
66;156;6;6565;6
66;97;6;1333;1
66;112;6;1111;10
66;106;6;2222;5
66;240;6;5511;15
66;1;6;4455;3
66;110;7;22678;1
66;247;7;45300;2
66;75;3;44;83
66;59;7;12127;1
66;20;7;50444;2
66;163;6;1000;1
66;272;6;1000;1
66;11;7;13123;2
66;42;6;2277;2
66;94;6;5555;3
66;78;6;1333;1
66;296;5;700;84
66;148;6;4321;1
66;59;3;12;12
66;247;6;1010;12
66;124;3;12;23
66;90;7;13234;2
66;221;3;96;18
66;315;6;1533;2
66;298;7;22101;1
66;274;7;44999;1
66;93;6;4412;1
66;133;7;12999;2
66;97;6;5055;1
66;228;5;96;14
66;89;7;10000;3
66;164;6;4477;1
66;63;6;1299;1
66;243;7;22022;7
66;18;7;10777;1
66;186;7;50013;2
66;180;6;1599;3
66;123;3;96;9
66;186;6;96;10
66;108;7;55555;1
66;294;7;44776;7
66;254;7;45123;1
66;254;7;22556;1
66;303;6;7011;1
66;112;7;55555;1
66;61;7;70000;1
66;68;7;12000;41
66;290;6;4489;1
66;69;7;22511;1
66;13;7;14111;1
66;185;7;22700;1
66;185;7;44333;2
66;221;7;11111;1
66;205;7;44777;1
66;139;7;55234;1
66;40;7;22222;6
66;40;7;44190;2
66;170;6;5050;1
66;239;6;2200;3
66;207;6;12;2
66;207;6;13;4
66;207;6;44;2
66;207;6;55;1
66;207;7;10;1
66;207;7;11;1
66;207;7;12;2
66;185;7;13333;1
66;237;7;22222;3
66;65;6;2299;5
66;244;7;13133;4
66;91;6;4422;6
66;129;7;45300;1
66;228;7;11222;3
66;67;6;1214;114
66;63;6;4455;2
66;56;7;12222;8
66;41;7;45111;1
66;221;7;44447;3
66;78;7;95;10
66;160;6;1213;1
66;75;3;96;14
66;308;7;15120;1
66;239;6;96;11
66;215;7;44400;1
66;247;6;4422;10
66;251;7;10123;25
66;140;5;555;1
66;95;7;43333;2
66;278;6;5007;1
66;120;6;4055;1
66;277;6;1010;3
66;78;6;5533;4
66;53;7;45555;1
66;91;7;70321;1
66;334;5;131;30
66;180;7;12123;1
66;264;6;7077;3
66;264;7;36007;1
66;63;7;45111;1
66;310;7;23192;1
66;37;7;90909;1
66;286;6;5522;1
66;286;6;95;22
66;271;5;131;138
66;109;6;1313;2
66;112;7;13013;2
66;152;7;65;1
66;152;7;70;4
66;152;7;90;1
66;314;7;70123;1
66;314;5;700;75
66;184;6;1221;2
66;254;6;1221;1
66;171;6;5511;1
66;60;6;1533;1
66;276;6;1313;7
66;313;3;96;7
66;227;7;12111;5
66;99;7;12333;1
66;34;6;6565;1
66;156;6;2288;1
66;65;6;2055;1
66;153;6;1314;1
66;169;7;55011;2
66;221;7;13133;1
66;273;6;1313;10
66;301;6;5001;2
66;64;6;2201;1
66;301;6;1322;10
66;42;6;4490;1
66;92;6;1010;8
66;92;6;4456;1
66;21;6;9000;1
66;21;6;1222;1
66;272;6;4447;2
66;301;6;5533;6
66;128;5;700;52
66;204;7;13133;2
66;117;6;1155;1
66;117;7;55888;1
66;247;7;33000;2
66;185;6;2222;14
66;322;7;10000;2
66;180;7;44333;2
66;104;6;2255;69
66;182;7;55888;1
66;97;6;4422;2
66;107;6;4422;1
66;237;6;1533;1
66;318;7;44400;1
66;297;7;13234;3
66;274;6;9001;1
66;266;7;33699;1
66;247;7;44776;2
66;264;7;22222;15
66;221;7;65700;1
66;184;7;90909;3
66;221;6;1111;33
66;221;7;95;29
66;237;6;1111;8
66;63;6;5050;3
66;11;7;55333;1
66;93;6;1112;1
66;76;6;2222;15
66;217;6;5055;1
66;35;6;2222;4
66;304;6;1313;1
66;88;6;4444;1
66;218;6;5005;1
66;271;6;2244;1
66;290;6;7011;1
66;94;6;4477;3
66;22;6;2277;4
66;34;6;1314;1
66;38;7;13333;2
66;299;7;44776;2
66;57;7;65013;1
66;27;7;10123;1
66;266;7;70500;1
66;220;6;2201;1
66;205;7;50444;1
66;157;7;13258;2
66;105;7;15222;1
66;120;6;1292;2
66;64;7;12422;1
66;60;5;555;2
66;310;6;1010;10
66;310;6;4456;1
66;109;6;2277;3
66;19;7;55678;6
66;161;7;95;24
66;186;7;13333;1
66;100;6;5050;1
66;84;3;12;17
66;68;7;70321;1
66;51;6;96;7
66;13;6;2201;3
66;249;6;1533;1
66;27;6;2123;1
66;239;6;4488;2
66;182;6;4444;3
66;218;6;5533;10
66;69;3;95;10
66;251;7;12144;3
66;203;3;44;116
66;48;7;13258;1
66;277;7;13132;1
66;209;7;22222;3
66;123;6;1213;7
66;167;7;12111;2
66;66;7;12111;1
66;173;6;5555;13
66;148;7;13222;1
66;148;7;14014;1
66;34;6;2222;9
66;35;6;4555;1
66;266;7;55123;1
66;320;6;4445;2
66;111;7;12000;58
66;36;6;5511;4
66;251;5;131;150
66;151;3;96;15
66;266;7;44333;1
66;225;3;12;20
66;313;7;22777;1
66;125;7;44999;5
66;90;7;22555;79
66;231;6;2222;8
66;217;6;1000;4
66;293;6;4321;1
66;34;5;95;11
66;334;6;1331;1
66;334;7;13444;1
66;28;3;13;141
66;83;3;13;122
66;182;6;1232;2
66;47;6;2323;1
66;272;6;1533;1
66;154;7;13222;1
66;202;7;45111;1
66;47;6;1313;5
66;81;6;1214;10
66;286;6;90;1
66;133;6;1234;2
66;133;6;4411;1
66;160;6;12;7
66;160;6;13;2
66;160;6;33;1
66;160;7;10;1
66;42;7;44567;2
66;157;7;44020;1
66;157;7;96;7
66;264;6;4444;1
66;205;6;2299;9
66;21;3;95;4
66;40;6;5555;1
66;14;6;2201;2
66;278;7;50777;1
66;122;7;95;7
66;156;6;5511;4
66;17;6;1314;1
66;231;7;33700;2
66;211;7;70111;1
66;28;6;4477;2
66;105;6;2222;20
66;83;6;1212;1
66;268;7;44123;4
66;14;7;40101;1
66;14;6;4422;2
66;106;7;22777;1
66;203;6;1213;3
66;227;7;45555;1
66;316;7;44447;1
66;148;6;4555;1
66;14;7;45123;1
66;94;7;11113;2
66;94;7;22022;2
66;89;7;45000;4
66;224;7;10124;1
66;224;7;22322;2
66;77;7;15123;2
66;317;7;11333;1
66;308;7;55011;1
66;202;7;22555;96
66;99;5;95;11
66;57;6;4447;2
66;88;6;5567;1
66;289;7;10123;1
66;40;7;50500;3
66;98;7;50013;1
66;160;7;13133;1
66;12;7;45000;1
66;205;7;55011;5
66;316;6;1111;2
66;316;7;95;2
66;211;7;95;17
66;211;6;1111;19
66;298;6;1333;1
66;11;5;95;19
66;75;6;95;17
66;296;6;4447;1
66;84;3;13;136
66;75;7;45000;7
66;123;7;55678;11
66;110;6;1221;4
66;334;7;22511;1
66;334;7;96;9
66;23;6;12;5
66;23;6;13;1
66;23;6;15;1
66;23;6;22;1
66;23;7;12;4
66;23;7;13;15
66;23;7;22;6
66;23;7;44;1
66;230;6;2323;3
66;42;6;4444;4
66;275;6;5055;2
66;266;6;1333;1
66;151;5;96;23
66;184;7;12300;4
66;54;7;55678;4
66;221;7;23123;1
66;301;7;12144;3
66;125;5;700;106
66;295;6;4422;1
66;292;7;23192;1
66;217;7;13258;1
66;82;6;1044;1
66;42;6;2244;3
66;239;6;1322;4
66;28;7;70888;1
66;158;7;15555;1
66;202;7;45300;2
66;170;6;1010;11
66;49;7;44321;4
66;293;7;15120;1
66;64;6;1313;6
66;123;7;15122;1
66;320;7;12114;1
66;247;6;1292;5
66;173;7;10190;3
66;303;7;33145;1
66;55;7;22777;18
66;89;7;65234;1
66;17;7;10000;4
66;278;6;2201;1
66;104;7;22777;9
66;162;6;1300;1
66;162;7;55678;9
66;122;7;44776;4
66;154;3;96;5
66;185;3;96;11
66;1;7;13132;1
66;160;6;1333;1
66;296;7;43640;1
66;13;7;55333;4
66;270;7;12300;2
66;23;6;5533;3
66;299;6;5533;3
66;184;7;22555;82
66;54;6;11;2
66;54;6;12;3
66;54;6;13;4
66;54;6;22;2
66;54;6;55;1
66;54;6;70;1
66;54;7;10;1
66;54;7;11;1
66;54;7;12;3
66;54;7;13;10
66;54;7;15;1
66;64;7;12144;11
66;160;7;95;8
66;160;6;1111;10
66;34;7;10123;2
66;104;6;2200;4
66;69;6;95;15
66;13;6;1010;6
66;13;6;4456;3
66;321;6;2022;1
66;47;6;2255;79
66;78;6;1322;1
66;273;7;15333;3
66;112;6;4488;1
66;275;7;10123;1
66;301;6;1299;1
66;28;7;30000;1
66;11;6;4445;1
66;12;6;4455;1
66;106;7;13333;1
66;77;5;555;2
66;81;6;5055;5
66;140;7;12144;3
66;81;6;5567;1
66;89;7;13123;3
66;249;6;1313;7
66;218;7;50777;1
66;158;7;14111;1
66;82;7;12300;9
66;110;7;13234;1
66;248;6;2277;2
66;243;7;44123;5
66;55;6;1313;3
66;41;6;4422;6
66;270;7;13;6
66;270;7;15;1
66;270;7;22;3
66;270;7;33;1
66;329;7;12999;4
66;109;6;1023;1
66;162;7;13555;1
66;112;7;22777;3
66;221;6;96;14
66;243;7;15123;3
66;308;3;12;16
66;17;6;1323;1
66;167;7;12;2
66;167;7;13;14
66;167;7;22;1
66;167;7;70;3
66;57;7;55888;4
66;215;5;555;4
66;95;6;2299;29
66;16;7;55234;1
66;124;6;1234;1
66;54;7;12144;2
66;112;6;2200;2
66;264;6;4410;1
66;295;6;2299;2
66;128;3;13;85
66;157;7;50013;2
66;128;6;4445;1
66;35;6;1512;2
66;225;6;4422;1
66;230;7;55333;1
66;290;7;10030;1
66;290;7;44020;3
66;157;6;4477;2
66;249;7;12000;48
66;286;6;1010;3
66;153;7;50013;1
66;286;6;4456;3
66;65;6;2277;1
66;65;6;3636;1
66;40;5;555;4
66;49;5;96;20
66;38;6;1000;8
66;82;3;44;85
66;170;6;1214;22
66;238;6;1214;71
66;78;7;13777;1
66;181;7;96;12
66;181;7;44020;3
66;223;7;22511;1
66;223;7;96;9
66;39;7;44333;1
66;312;7;12600;1
66;124;5;95;10
66;295;6;5013;1
66;47;6;4410;2
66;57;6;2277;9
66;217;3;13;161
66;157;7;70400;3
66;125;7;33789;1
66;296;7;55888;1
66;41;7;15123;1
66;170;6;1500;2
66;16;6;1213;9
66;13;7;11000;1
66;67;7;13333;1
66;36;7;33888;3
66;117;6;2210;3
66;274;6;2323;3
66;315;7;15120;1
66;95;7;55011;1
66;99;6;2277;13
66;267;6;4512;2
66;288;7;12755;2
66;162;6;1111;9
66;264;7;44020;1
66;264;7;96;7
66;68;7;22222;7
66;125;7;13155;1
66;239;7;45999;1
66;310;6;2277;2
66;158;6;4400;1
66;78;5;95;7
66;268;6;1292;3
66;16;7;13333;3
66;84;6;1111;6
66;275;7;13789;7
66;240;7;15789;1
66;184;7;22380;1
66;184;7;44333;1
66;11;7;13133;2
66;37;6;2288;1
66;278;7;12000;4
66;58;3;95;11
66;211;6;6565;2
66;228;6;6565;2
66;59;7;13258;2
66;251;6;2222;19
66;202;7;13013;1
66;205;7;12000;127
66;156;6;2222;17
66;171;7;22222;1
66;65;6;4420;3
66;61;6;5588;1
66;34;7;22123;1
66;273;7;44333;1
66;152;6;1313;4
66;104;7;13123;2
66;153;6;1556;1
66;298;7;65000;2
66;275;7;50500;2
66;58;7;13555;1
66;224;3;95;13
66;298;6;4445;2
66;237;6;1285;1
66;170;6;5555;5
66;318;7;15123;1
66;166;7;22222;1
66;243;6;2299;10
66;270;7;55678;26
66;52;6;4433;1
66;290;6;3000;1
66;62;6;5567;2
66;106;6;1000;1
66;223;7;10123;6
66;309;7;23190;1
66;170;7;22777;1
66;184;6;1333;1
66;105;3;95;14
66;149;3;13;143
66;117;7;23123;1
66;220;7;13131;1
66;220;7;55888;2
66;56;6;1214;12
66;1;6;1533;4
66;19;6;6565;2
66;130;7;22556;2
66;38;6;2299;14
66;249;3;96;15
66;13;7;11444;1
66;169;7;65192;1
66;11;7;10369;1
66;184;7;95;23
66;95;7;13222;1
66;163;6;1111;16
66;300;7;55333;3
66;239;5;96;15
66;185;6;2210;3
66;167;7;96;3
66;220;6;2255;79
66;122;7;13131;1
66;314;6;2299;22
66;316;5;555;2
66;56;3;96;20
66;106;6;2288;1
66;276;5;555;3
66;110;6;1020;2
66;288;7;15123;21
66;300;7;44222;1
66;298;7;70222;3
66;205;6;5522;2
66;205;6;95;6
66;181;6;1212;1
66;248;7;44345;1
66;158;6;5533;13
66;112;7;96;12
66;96;7;33193;1
66;96;7;55555;3
66;264;7;50500;4
66;55;6;2288;1
66;22;6;96;9
66;79;7;23192;1
66;208;6;1214;25
66;310;7;22222;3
66;276;6;4447;1
66;104;7;10400;1
66;93;3;13;124
66;315;7;22556;1
66;133;6;4000;1
66;251;7;12114;1
66;120;7;13789;2
66;37;7;70400;1
66;17;6;1234;1
66;205;7;96;5
66;161;7;12500;1
66;105;7;22222;2
66;167;6;5044;1
66;27;7;33193;1
66;130;7;65013;1
66;89;6;1020;1
66;305;7;22777;1
66;64;6;5588;1
66;80;6;1213;1
66;132;7;55888;2
66;69;6;5511;6
66;184;7;12144;2
66;202;7;44123;4
66;40;6;95;14
66;40;6;5522;1
66;40;7;45000;4
66;125;6;2255;51
66;244;6;2255;39
66;264;6;1010;6
66;66;7;13234;1
66;123;7;12333;1
66;227;7;50113;1
66;92;7;12100;2
66;208;7;13258;2
66;16;7;55555;1
66;309;7;12222;27
66;195;7;12222;73
66;10;7;33888;3
66;60;7;55860;1
66;293;6;5511;12
66;334;6;1023;4
66;305;7;13258;1
66;17;7;55678;34
66;21;6;96;10
66;140;5;95;13
66;20;7;10777;1
66;67;7;44333;1
66;57;6;5533;2
66;277;6;2233;1
66;305;3;12;1
66;167;7;22720;1
66;110;7;12222;6
66;154;7;10123;6
66;180;7;50113;1
66;66;6;4422;5
66;14;7;50777;1
66;295;7;55678;6
66;161;7;23192;3
66;133;6;5533;2
66;16;7;33000;2
66;139;7;95;11
66;88;7;45300;4
66;244;6;4410;2
66;97;7;22222;1
66;270;3;95;13
66;20;6;1500;1
66;20;3;95;11
66;299;7;44888;1
66;278;6;1533;1
66;284;7;22678;1
66;264;7;13133;3
66;53;7;22777;9
66;273;6;1023;2
66;111;7;13555;1
66;27;7;12999;1
66;315;3;12;13
66;123;6;1214;18
66;96;6;95;15
66;278;6;1020;1
66;120;6;5533;10
66;208;6;7040;1
66;58;6;5567;1
66;127;6;5533;5
66;278;7;70123;2
66;278;5;700;79
66;248;7;65013;1
66;248;7;12345;1
66;284;6;1818;1
66;314;6;5567;1
66;19;7;22999;1
66;294;3;44;93
66;268;7;10123;10
66;172;6;13;3
66;172;6;22;2
66;172;6;50;1
66;172;6;65;1
66;172;7;10;1
66;172;7;12;1
66;172;7;13;5
66;172;7;22;1
66;53;6;11;1
66;53;6;12;1
66;53;6;13;3
66;53;6;50;1
66;53;6;55;1
66;49;7;12888;11
66;49;7;13333;2
66;12;6;1292;1
66;162;6;4410;2
66;243;7;65234;3
66;225;7;65234;1
66;161;6;2313;1
66;75;6;2255;56
66;315;7;44999;1
66;217;7;50500;1
66;195;7;12333;1
66;67;7;22022;2
66;317;7;22022;2
66;61;6;1012;1
66;274;6;1214;55
66;148;3;12;15
66;92;6;3378;1
66;36;6;4555;1
66;149;7;33000;1
66;217;7;44122;1
66;320;6;5533;3
66;19;6;96;9
66;162;6;5013;1
66;291;7;12555;2
66;122;7;13555;1
66;75;3;21;1
66;239;3;13;93
66;133;5;555;3
66;128;7;22555;54
66;58;7;12200;1
66;227;6;5599;1
66;152;6;5511;3
66;148;6;2244;3
66;63;6;4422;1
66;293;7;23123;3
66;293;6;7022;1
66;329;7;12000;2
66;83;6;1000;1
66;67;5;131;187
66;308;7;10123;6
66;80;6;5001;2
66;315;6;5001;1
66;124;6;5567;1
66;19;6;4410;1
66;57;5;700;110
66;184;6;2323;3
66;35;7;22720;1
66;152;7;33888;3
66;129;7;12222;16
66;318;6;5005;1
66;104;6;1213;1
66;231;7;15123;9
66;310;7;45000;1
66;125;6;1533;1
66;225;7;22777;6
66;17;7;45300;3
66;94;6;1313;9
66;161;7;55678;52
66;211;5;555;1
66;35;6;12;5
66;35;6;13;3
66;35;6;21;1
66;35;6;22;2
66;35;6;36;1
66;321;6;5013;2
66;104;6;1222;2
66;106;7;12114;1
66;286;6;1300;1
66;96;6;5533;1
66;181;7;11111;3
66;223;7;11111;1
66;315;6;5555;5
66;218;3;12;11
66;225;7;44888;1
66;127;7;45123;1
66;93;7;33456;1
66;181;6;1232;1
66;17;6;4410;1
66;111;6;4410;1
66;152;6;4444;2
66;234;3;13;172
66;247;7;10123;7
66;292;5;95;11
66;157;6;5511;7
66;152;6;2255;62
66;224;7;55011;1
66;158;6;2222;21
66;64;7;70400;2
66;211;7;44888;1
66;301;7;10000;1
66;94;7;13456;1
66;271;6;1010;13
66;42;7;44123;2
66;41;6;5555;9
66;84;6;2299;14
66;67;5;95;18
66;53;6;2277;10
66;62;7;13133;2
66;96;6;4477;1
66;204;7;10000;8
66;39;6;5511;7
66;35;5;555;1
66;23;6;1214;118
66;209;7;12500;2
66;149;6;2255;52
66;296;6;5500;1
66;55;6;1292;2
66;19;5;700;57
66;266;7;12300;1
66;251;6;2255;76
66;218;6;1111;30
66;220;7;12222;1
66;218;7;95;2
66;233;3;13;145
66;48;7;22555;90
66;81;7;23190;1
66;286;6;4000;1
66;243;7;23192;6
66;266;7;10000;11
66;301;7;13234;4
66;1;3;13;150
66;149;7;22555;73
66;66;6;1321;1
66;301;5;131;165
66;220;6;1221;3
66;205;7;22555;35
66;286;6;1323;1
66;310;7;33000;1
66;172;6;1010;2
66;334;7;12000;1
66;111;7;43640;1
66;158;6;2288;2
66;301;6;5013;3
66;205;5;700;105
66;66;6;2225;1
66;68;6;6565;2
66;318;7;45000;2
66;149;6;2277;2
66;149;6;3636;1
66;133;6;1020;1
66;109;6;4444;1
66;297;7;12500;5
66;91;7;65;1
66;91;7;70;3
66;75;7;70123;1
66;123;3;44;50
66;68;7;22380;1
66;296;6;2100;1
66;296;7;50777;1
66;149;6;2299;6
66;220;6;5013;1
66;100;7;13258;1
66;27;6;1323;2
66;291;6;1522;1
66;182;6;33;1
66;251;3;95;14
66;305;6;2200;1
66;274;6;5001;1
66;288;3;44;97
66;96;6;1020;1
66;287;7;96;1
66;297;7;12300;1
66;36;6;96;6
66;69;7;10190;3
66;19;3;13;127
66;276;7;13777;2
66;302;6;11;1
66;223;7;22777;4
66;154;7;96;7
66;218;5;131;166
66;247;6;1020;1
66;291;7;13789;1
66;238;7;33133;1
66;164;6;1000;3
66;268;3;96;14
66;266;6;6565;2
66;334;7;50505;1
66;334;7;65234;1
66;78;6;5522;1
66;78;6;95;10
66;64;7;13234;2
66;290;7;22777;1
66;89;7;70001;1
66;89;6;1313;12
66;89;6;4466;1
66;268;7;55888;1
66;268;6;1155;1
66;99;6;7040;1
66;104;6;5599;1
66;65;7;22300;1
66;293;7;33456;1
66;301;6;2277;1
66;301;6;3636;1
66;278;3;13;86
66;83;6;1222;1
66;28;6;1234;1
66;208;7;12222;9
66;207;7;45300;1
66;273;7;23123;2
66;170;7;65234;1
66;270;7;22777;3
66;20;7;22777;1
66;286;7;44123;1
66;76;5;555;2
66;291;7;23123;2
66;288;6;4000;1
66;288;7;44144;1
66;17;7;13444;1
66;83;7;22556;1
66;195;6;4422;4
66;82;7;45000;2
66;78;6;7020;1
66;153;6;1111;6
66;297;3;96;8
66;62;6;6565;6
66;37;7;12190;1
66;53;7;95;15
66;39;7;22380;1
66;148;6;96;9
66;180;7;22022;7
66;314;6;5555;4
66;278;6;5533;6
66;185;7;10123;3
66;88;7;44333;1
66;276;7;44333;4
66;249;7;12100;1
66;317;7;44345;1
66;11;6;4567;1
66;207;6;2277;2
66;290;7;90123;1
66;17;5;131;171
66;315;6;1214;49
66;154;7;33033;1
66;313;6;1531;1
66;313;7;44333;1
66;275;6;1322;2
66;287;7;10190;2
66;251;7;12123;1
66;248;6;1321;5
66;19;7;70222;1
66;158;7;13258;3
66;215;6;5005;1
66;215;7;44027;2
66;287;7;10400;1
66;221;5;555;1
66;52;6;1233;1
66;23;7;15151;1
66;49;6;4410;4
66;273;6;1111;15
66;112;7;55888;1
66;152;6;5555;6
66;110;6;7040;1
66;303;7;96;11
66;164;5;555;1
66;186;6;2201;1
66;234;7;55011;3
66;171;6;2200;1
66;154;5;96;19
66;289;5;96;4
66;185;5;96;24
66;184;7;12500;1
66;277;7;50013;2
66;181;6;2255;54
66;14;6;4554;1
66;38;6;5055;1
66;93;3;44;93
66;266;7;13513;1
66;309;7;33888;1
66;195;7;33888;2
66;301;7;13222;1
66;181;7;15120;2
66;47;7;12345;1
66;79;7;55678;13
66;120;7;55011;1
66;60;7;70400;1
66;57;6;4433;2
66;278;7;22022;10
66;204;6;1020;1
66;204;6;1016;1
66;276;7;23456;1
66;58;7;22556;1
66;290;6;4422;2
66;162;6;5055;2
66;104;6;2277;9
66;81;6;1221;1
66;267;6;1213;13
66;112;6;96;14
66;68;7;10123;15
66;82;6;4456;2
66;82;6;1010;7
66;89;6;1277;1
66;301;7;70123;1
66;301;5;700;80
66;239;6;5511;10
66;14;6;4400;1
66;40;6;1111;8
66;40;7;14678;1
66;40;7;95;19
66;195;7;12100;2
66;94;6;1111;3
66;94;7;95;21
66;277;6;7077;1
66;62;7;44777;1
66;203;7;70123;2
66;203;5;700;98
66;148;6;1323;1
66;264;6;1333;1
66;35;7;22456;1
66;247;6;2210;2
66;230;6;5050;1
66;184;6;1020;1
66;41;6;4410;1
66;215;3;96;19
66;169;7;22777;12
66;207;6;4512;1
66;208;6;5013;1
66;172;7;33033;2
66;56;7;96;7
66;182;7;65013;1
66;182;7;12345;2
66;310;7;70123;1
66;310;5;700;56
66;36;7;12888;1
66;36;7;13333;1
66;67;6;2323;1
66;230;6;2244;1
66;108;6;1000;1
66;275;6;2210;1
66;172;6;5555;6
66;209;7;55888;3
66;209;7;13131;1
66;237;6;2200;1
66;156;3;13;170
66;40;6;2022;2
66;302;7;10000;2
66;158;7;22022;6
66;293;6;2211;1
66;140;7;12300;1
66;140;7;45413;1
66;321;6;1023;1
66;28;7;33888;1
66;266;7;22777;5
66;180;7;10123;7
66;13;7;55555;1
66;231;6;95;16
66;266;6;2323;1
66;49;6;2255;86
66;180;6;1313;8
66;233;6;2255;103
66;89;6;2201;2
66;11;6;5055;3
66;243;3;13;150
66;133;3;12;31
66;170;3;44;111
66;303;3;96;7
66;84;7;12300;1
66;248;6;5555;5
66;91;6;4456;1
66;223;3;12;19
66;97;7;13789;1
66;16;6;5151;1
66;297;7;12000;10
66;297;7;50777;4
66;300;6;1919;1
66;299;6;1214;25
66;132;6;2277;8
66;309;5;131;69
66;151;7;11113;1
66;151;7;22022;1
66;268;7;22777;3
66;84;7;55333;3
66;228;6;95;19
66;169;5;555;2
66;287;6;1299;1
66;11;6;2299;13
66;79;7;22555;63
66;48;7;13123;1
66;329;6;4456;3
66;63;6;4466;1
66;63;6;1313;12
66;228;6;5511;10
66;22;7;70300;2
66;270;6;1313;3
66;106;7;22555;52
66;82;6;3323;1
66;95;7;95;17
66;95;7;22555;85
66;59;6;1155;2
66;61;7;44777;2
66;63;3;13;124
66;284;6;96;17
66;308;7;22222;4
66;308;7;44190;1
66;172;7;12000;64
66;53;7;23192;1
66;16;6;95;30
66;16;7;45000;2
66;301;6;5555;3
66;120;7;13131;1
66;120;7;43333;1
66;120;7;55888;1
66;149;7;33300;1
66;35;7;23192;1
66;61;6;2200;1
66;271;6;1214;37
66;112;6;4490;1
66;233;6;7040;1
66;170;6;4013;1
66;107;7;22222;1
66;287;6;6565;2
66;275;7;44447;3
66;217;7;10;3
66;217;7;11;4
66;217;7;12;4
66;217;7;13;21
66;217;7;22;5
66;217;7;33;1
66;217;7;44;1
66;217;7;45;2
66;217;7;55;3
66;217;7;70;3
66;132;7;10;1
66;132;7;11;1
66;132;7;12;1
66;132;7;13;2
66;185;7;22022;4
66;106;7;33000;1
66;302;3;12;1
66;54;7;22556;1
66;157;7;22777;10
66;42;7;96;7
66;1;7;44333;1
66;81;6;1299;1
66;13;3;96;13
66;182;7;22900;1
66;182;7;10124;1
66;298;6;1111;8
66;239;6;5013;2
66;133;6;1292;7
66;15;6;4447;2
66;301;3;12;36
66;239;6;5599;1
66;57;6;1020;3
66;160;7;12114;4
66;290;3;44;109
66;237;7;15123;4
66;204;6;4477;1
66;19;6;4489;1
66;112;6;2222;17
66;100;7;22222;4
66;100;7;44190;1
66;127;7;50500;3
66;208;7;12144;2
66;106;6;7040;2
66;234;6;1201;1
66;170;6;4400;2
66;204;6;1533;1
66;151;6;96;4
66;156;7;50500;3
66;208;6;5055;3
66;111;6;1313;4
66;288;7;13;2
66;288;7;22;5
66;288;7;70;1
66;251;6;1515;1
66;21;7;11111;2
66;100;7;22555;68
66;334;7;11;1
66;89;6;1213;2
66;215;6;1214;36
66;97;6;1326;1
66;288;7;11;2
66;334;6;1277;5
66;22;6;5533;4
66;161;6;2255;70
66;314;5;131;170
66;130;7;44123;8
66;130;6;4445;2
66;123;6;1010;5
66;123;6;4456;2
66;288;6;13;1
66;288;6;22;1
66;288;6;55;1
66;288;6;65;1
66;17;7;12222;11
66;111;7;12222;8
66;195;5;131;152
66;225;7;12222;7
66;249;3;12;23
66;157;5;95;18
66;148;6;2277;6
66;296;7;96;7
66;169;7;22022;3
66;52;6;1111;21
66;52;7;95;5
66;123;7;12222;7
66;38;6;5511;7
66;13;7;45300;1
66;171;6;2277;9
66;55;7;70400;2
66;130;7;13555;1
66;243;7;50013;2
66;254;7;23123;3
66;268;6;1252;1
66;172;3;44;106
66;28;7;22555;73
66;112;6;1533;1
66;81;7;13258;3
66;315;7;12111;2
66;297;7;10190;2
66;149;6;1314;1
66;298;7;22622;1
66;94;7;22222;5
66;94;7;44190;1
66;11;7;22900;2
66;233;6;1233;1
66;291;6;7069;1
66;290;7;15333;2
66;184;7;10369;1
66;298;6;1321;1
66;315;6;5511;6
66;221;7;12888;1
66;221;7;13333;6
66;124;6;5555;1
66;314;6;1111;18
66;314;7;95;23
66;100;7;55234;1
66;34;6;2299;7
66;62;7;70111;1
66;120;7;44321;1
66;154;6;1221;1
66;154;6;4412;1
66;180;3;95;8
66;154;6;1000;5
66;297;6;6565;5
66;167;6;6565;4
66;234;7;11222;1
66;185;6;1010;6
66;120;6;1010;12
66;120;6;4456;2
66;153;6;2210;2
66;13;6;5511;7
66;186;6;95;10
66;186;7;45000;1
66;299;7;11000;1
66;288;7;15000;1
66;120;7;44044;1
66;38;6;1313;6
66;231;6;2210;2
66;163;6;96;5
66;215;7;13789;1
66;322;6;4422;3
66;139;6;1511;1
66;99;6;2222;11
66;124;6;2201;1
66;234;3;44;99
66;322;6;5007;1
66;238;6;2299;1
66;271;7;22555;65
66;224;3;96;12
66;21;7;22222;7
66;21;7;44190;2
66;301;6;4000;2
66;224;6;4456;1
66;224;6;1010;4
66;54;6;5511;1
66;195;7;65234;6
66;76;6;1020;1
66;89;6;1322;3
66;88;6;4455;1
66;209;6;5599;1
66;160;6;2211;1
66;240;7;44999;1
66;64;6;1292;1
66;149;7;12;4
66;149;7;13;13
66;149;7;22;5
66;149;7;44;1
66;149;7;55;1
66;149;7;70;3
66;149;6;22;3
66;110;6;5567;2
66;59;7;44369;2
66;239;6;5500;1
66;239;6;7020;1
66;170;7;22022;7
66;48;6;1214;13
66;308;7;23192;1
66;182;7;45300;6
66;182;7;12127;2
66;169;7;13131;1
66;208;6;1313;9
66;293;7;55678;8
66;97;6;2222;10
66;107;6;2222;5
66;293;7;50013;1
66;124;6;1313;8
66;120;6;4445;1
66;295;6;1213;1
66;93;7;65234;12
66;299;6;4410;1
66;99;7;45000;2
66;13;7;22777;6
66;69;6;1214;42
66;227;7;90100;1
66;77;6;2222;13
66;209;6;4410;1
66;238;6;1234;1
66;35;7;96;3
66;20;6;95;14
66;225;6;2323;2
66;91;7;11000;2
66;293;7;50777;2
66;11;6;2210;2
66;329;7;22000;2
66;223;7;22888;1
66;28;7;22022;7
66;277;7;12127;2
66;10;7;11111;3
66;271;6;5111;1
66;94;7;45333;2
66;268;7;22022;7
66;266;7;55;1
66;266;7;70;2
66;266;6;10;1
66;266;6;13;3
66;266;6;22;1
66;266;6;55;1
66;271;6;1221;2
66;47;7;55860;2
66;303;6;1214;18
66;69;7;12144;18
66;98;5;555;4
66;293;6;1020;1
66;315;7;13133;2
66;186;6;1011;1
66;91;5;131;174
66;289;6;4455;1
66;52;7;22777;9
66;52;6;5533;2
66;221;7;70070;1
66;312;3;44;45
66;300;7;23123;3
66;76;6;1199;1
66;182;6;4020;1
66;162;3;13;139
66;251;7;10122;1
66;133;7;15333;1
66;82;6;1111;15
66;234;7;36007;1
66;293;7;13333;2
66;109;7;12300;2
66;284;7;10000;5
66;278;6;1010;4
66;290;7;10190;1
66;117;6;4000;1
66;94;5;95;17
66;154;6;1292;2
66;91;6;7000;1
66;92;7;15123;1
66;274;7;50113;2
66;290;7;95;18
66;21;7;12333;2
66;217;7;13123;1
66;61;6;1111;14
66;61;7;95;14
66;173;7;13333;3
66;273;3;96;13
66;97;6;5001;1
66;84;6;4456;1
66;181;3;12;16
66;181;6;2222;12
66;223;6;2222;13
66;106;3;44;45
66;14;5;95;12
66;63;7;70090;1
66;167;7;13456;1
66;59;7;13456;1
66;68;7;95;11
66;16;7;70;2
66;16;7;44;2
66;16;7;45;1
66;16;7;55;1
66;16;7;90;1
66;108;6;10;1
66;108;6;12;7
66;108;6;13;8
66;108;6;21;1
66;108;6;29;1
66;108;6;33;1
66;108;6;70;2
66;108;7;12;6
66;108;7;13;18
66;108;7;14;1
66;108;7;22;6
66;108;7;44;1
66;172;6;5544;1
66;169;6;2233;1
66;91;6;5577;1
66;91;7;12222;4
66;91;7;70345;2
66;221;5;96;33
66;79;6;1214;16
66;284;3;95;10
66;284;7;15123;6
66;234;6;2277;7
66;208;6;4447;1
66;108;6;95;17
66;77;7;45300;1
66;240;7;10123;4
66;14;6;7020;1
66;93;6;2288;1
66;301;6;1515;1
66;64;6;5500;1
66;247;7;12123;1
66;15;7;12000;177
66;231;6;1233;1
66;14;7;12000;8
66;125;7;55333;4
66;288;7;10022;1
66;93;6;2255;57
66;56;6;2288;1
66;292;6;4455;4
66;109;7;13123;1
66;209;7;11111;1
66;81;7;44777;1
66;97;6;1111;15
66;107;7;95;10
66;164;6;1221;5
66;313;7;13258;2
66;231;6;4010;2
66;98;6;2288;1
66;60;6;2288;13
66;59;7;12222;25
66;15;7;55678;3
66;224;6;5533;8
66;21;6;5050;1
66;314;5;96;14
66;186;6;5013;1
66;49;7;15001;4
66;53;6;2255;97
66;14;6;5044;1
66;98;6;5055;1
66;125;7;12500;1
66;276;7;11444;1
66;117;6;1214;46
66;62;7;70127;1
66;64;7;95;17
66;64;6;1111;10
66;231;6;4447;1
66;266;7;13234;2
66;221;6;4441;1
66;207;6;2222;11
66;247;7;50500;1
66;37;6;1314;1
66;51;7;44123;1
66;65;6;2288;1
66;60;6;2200;1
66;228;6;2288;2
66;315;6;1292;2
66;14;7;44999;1
66;14;7;13222;1
66;170;7;22678;1
66;37;7;11111;2
66;298;5;95;16
66;286;6;1020;2
66;78;6;1020;1
66;173;6;1234;1
66;186;6;1010;15
66;208;5;555;4
66;203;7;96;8
66;127;3;96;6
66;21;7;50777;1
66;105;6;2211;1
66;81;6;1010;9
66;315;6;2323;2
66;117;7;22555;89
66;172;6;2222;10
66;248;6;1285;2
66;290;7;13258;2
66;247;6;4020;1
66;93;6;4444;3
66;27;6;4013;1
66;55;7;12111;1
66;90;6;1214;21
66;36;5;96;16
66;254;6;1214;43
66;132;6;2211;1
66;301;6;2201;1
66;207;7;70123;11
66;207;5;700;86
66;223;6;10;1
66;223;6;13;4
66;223;6;22;2
66;223;6;44;1
66;223;7;12;1
66;320;6;1414;1
66;95;6;4490;2
66;35;6;2323;1
66;313;7;44999;1
66;11;6;1112;1
66;62;6;1044;1
66;34;6;1213;3
66;42;6;2222;11
66;80;6;2200;3
66;211;3;16;1
66;130;6;96;22
66;288;6;4477;2
66;268;7;13234;2
66;208;5;95;16
66;234;7;23123;2
66;111;3;44;78
66;95;7;36321;1
66;313;3;44;89
66;291;6;4456;3
66;291;6;1010;13
66;125;6;96;9
66;10;3;13;110
66;84;6;5567;1
66;36;6;2255;26
66;313;6;2069;1
66;317;6;1234;2
66;300;6;5533;5
66;248;6;5088;1
66;248;7;11000;1
66;286;7;65234;3
66;172;6;1111;5
66;10;7;22222;4
66;10;7;44190;2
66;272;6;1111;19
66;272;7;95;11
66;162;5;555;4
66;122;6;2222;14
66;295;6;1233;1
66;84;3;95;6
66;12;5;555;3
66;182;7;12144;1
66;271;6;5511;11
66;82;7;70;1
66;82;7;22;6
66;82;7;23;1
66;82;7;44;1
66;289;7;13;1
66;289;7;15;1
66;289;6;12;1
66;289;6;13;2
66;28;7;44456;1
66;317;5;700;39
66;93;7;65700;1
66;300;3;12;26
66;268;7;10030;1
66;172;5;555;4
66;28;5;131;165
66;83;5;131;140
66;225;7;22222;5
66;225;7;44190;1
66;16;7;33033;1
66;314;3;44;91
66;163;7;55678;11
66;35;6;2200;2
66;167;6;5013;3
66;23;3;12;12
66;82;7;13333;4
66;37;6;4456;1
66;59;6;1234;1
66;10;3;96;9
66;227;3;13;131
66;162;6;5555;5
66;20;7;23123;24
66;284;6;1213;2
66;313;7;45111;1
66;62;6;1234;1
66;231;7;44111;1
66;48;7;15333;2
66;120;6;1277;1
66;58;7;22022;1
66;317;5;131;64
66;149;7;44555;1
66;149;7;70123;4
66;231;7;33888;6
66;63;7;10000;4
66;149;7;33456;1
66;310;3;12;13
66;161;7;12222;15
66;22;5;700;90
66;162;7;65700;1
66;120;6;96;19
66;13;6;4412;1
66;153;7;55888;1
66;186;7;44369;1
66;154;7;22022;3
66;80;7;12999;1
66;63;6;4488;1
66;300;7;70007;1
66;172;5;95;10
66;125;7;22022;7
66;311;7;13333;1
66;171;7;43640;1
66;314;6;2222;18
66;248;7;15333;1
66;133;7;10124;1
66;55;5;555;4
66;238;7;10777;1
66;149;7;45333;3
66;182;3;13;95
66;202;7;50777;1
66;133;6;11;1
66;133;6;12;2
66;133;6;13;3
66;133;6;44;2
66;290;3;13;137
66;218;6;2222;16
66;249;7;33789;1
66;271;7;12222;14
66;224;6;4422;1
66;308;7;12222;5
66;47;7;11999;1
66;77;7;70369;2
66;149;5;555;1
66;314;7;45111;1
66;225;6;95;12
66;173;3;13;108
66;133;7;13;4
66;133;7;22;1
66;299;7;22222;6
66;299;7;44190;4
66;321;7;13133;1
66;54;6;1000;1
66;268;6;1000;2
66;321;6;4422;1
66;240;6;4422;1
66;237;6;1214;87
66;157;7;55678;31
66;251;6;2200;4
66;171;7;12300;1
66;291;6;1213;2
66;80;7;14111;1
66;15;6;1214;164
66;172;6;5533;7
66;156;7;44777;4
66;275;7;96;9
66;109;7;22111;1
66;221;6;5555;4
66;251;6;2201;2
66;160;6;96;15
66;20;6;1222;2
66;329;7;22555;5
66;293;7;70321;1
66;100;5;95;11
66;316;6;95;2
66;128;6;1321;1
66;107;7;13258;8
66;21;7;44777;1
66;172;7;45000;1
66;172;6;95;17
66;17;6;1016;3
66;149;5;700;86
66;228;5;700;98
66;313;7;22120;1
66;49;3;12;12
66;289;6;4410;1
66;160;5;131;186
66;230;7;55678;2
66;203;7;55678;33
66;19;6;4321;1
66;79;6;1234;1
66;28;3;44;125
66;83;3;44;118
66;254;6;1020;1
66;243;7;45300;1
66;65;6;1010;4
66;65;6;4456;1
66;208;6;2288;1
66;19;6;2277;1
66;225;7;50777;1
66;65;3;13;143
66;62;6;4490;2
66;244;7;44777;2
66;108;3;44;107
66;64;6;96;6
66;248;6;1322;2
66;202;7;10190;3
66;127;7;10190;1
66;78;7;65234;4
66;10;6;1212;1
66;267;6;5533;20
66;64;6;2277;7
66;130;5;131;172
66;23;6;2211;2
66;209;6;5511;3
66;55;7;15123;5
66;238;3;44;117
66;99;6;1313;3
66;125;7;12000;5
66;244;7;12000;14
66;239;7;22111;2
66;254;6;5050;1
66;312;7;13333;1
66;122;6;1221;1
66;298;3;95;12
66;247;6;96;1
66;211;6;1321;1
66;316;6;1321;1
66;240;7;22777;1
66;251;7;22777;1
66;221;7;12127;1
66;315;7;44555;1
66;248;7;43333;1
66;23;7;22511;2
66;23;7;96;9
66;299;7;10030;3
66;204;7;22555;91
66;77;6;2288;1
66;224;6;4444;1
66;84;7;15123;4
66;27;6;2299;1
66;202;7;44333;2
66;162;7;10123;2
66;77;6;4445;1
66;156;6;2244;1
66;148;6;4422;3
66;92;6;5533;2
66;240;6;1292;2
66;321;6;1292;2
66;277;6;5555;19
66;140;7;13234;2
66;110;7;10000;2
66;310;3;96;8
66;237;7;12300;2
66;302;6;96;2
66;140;6;4422;3
66;227;6;1313;5
66;108;5;96;35
66;139;7;55555;1
66;139;6;4567;1
66;125;6;1500;1
66;132;6;1412;1
66;122;5;95;8
66;112;6;2299;2
66;98;6;1214;20
66;78;6;5511;9
66;60;6;1214;112
66;16;6;2200;4
66;277;7;44333;2
66;167;6;5599;1
66;95;6;5050;2
66;107;7;12222;22
66;84;6;1000;1
66;230;6;5533;11
66;301;7;70244;1
66;301;5;95;16
66;268;3;13;127
66;133;7;22555;78
66;36;6;4433;5
66;36;7;44777;1
66;48;6;1321;2
66;249;6;4444;3
66;62;7;55333;3
66;40;6;5050;2
66;186;6;1222;1
66;186;6;1234;1
66;186;6;9000;1
66;334;6;1533;1
66;55;6;1255;1
66;266;7;13013;1
66;63;7;13133;2
66;15;3;44;85
66;247;3;96;12
66;109;6;95;11
66;220;6;1111;6
66;227;6;4321;1
66;329;5;96;8
66;308;7;13123;1
66;227;7;12500;2
66;81;7;12300;11
66;308;6;2201;1
66;49;7;23123;16
66;16;7;22777;6
66;109;7;55123;1
66;299;5;95;10
66;284;6;4554;2
66;54;7;22;1
66;54;7;45;2
66;54;7;55;1
66;181;3;44;115
66;223;3;44;96
66;125;6;2210;2
66;83;3;96;24
66;11;6;2255;44
66;90;6;4411;1
66;224;6;1112;1
66;266;7;55888;1
66;41;7;12144;2
66;21;6;1234;1
66;273;7;44123;1
66;294;6;95;15
66;218;6;4488;3
66;41;6;5533;2
66;77;6;4490;1
66;79;6;5511;4
66;91;3;12;18
66;133;7;15123;2
66;17;6;1522;1
66;208;7;44567;2
66;303;6;2244;2
66;99;7;44789;1
66;293;3;13;139
66;278;7;33300;1
66;224;6;2255;53
66;60;5;95;16
66;107;7;33000;1
66;311;6;2222;9
66;334;6;4440;1
66;98;5;95;12
66;322;6;5001;1
66;221;3;95;16
66;10;6;1522;1
66;266;7;33888;2
66;218;7;12220;1
66;300;6;4490;4
66;110;6;2277;2
66;96;7;50500;5
66;239;6;1222;1
66;320;7;12000;5
66;320;7;50513;1
66;18;7;12220;1
66;276;7;55888;1
66;244;7;55555;2
66;53;7;65123;1
66;128;7;13123;1
66;23;6;1533;3
66;243;6;4490;1
66;311;7;10123;3
66;14;6;2277;7
66;161;6;1522;1
66;93;7;22222;4
66;38;7;13234;3
66;211;7;33300;1
66;211;6;2069;1
66;272;6;2200;1
66;28;7;44777;1
66;317;6;1213;1
66;169;7;22888;1
66;312;3;13;37
66;21;6;50;1
66;21;6;70;3
66;21;7;12;4
66;21;7;13;11
66;21;7;22;1
66;21;7;44;1
66;108;6;4321;1
66;276;6;1322;4
66;334;7;13333;3
66;40;7;10030;1
66;40;7;44020;2
66;40;7;96;6
66;171;6;4447;3
66;182;6;4410;12
66;12;6;5555;3
66;186;7;10123;10
66;295;7;15145;1
66;295;7;36123;1
66;273;7;11444;1
66;42;7;50500;2
66;152;7;15123;13
66;312;7;44543;1
66;173;6;1251;1
66;55;6;96;14
66;215;6;5533;5
66;215;7;33777;1
66;133;6;4010;1
66;163;7;13444;1
66;203;6;2222;6
66;278;3;95;3
66;83;6;2222;17
66;217;3;12;19
66;132;3;12;10
66;233;6;1221;1
66;109;7;50333;1
66;90;6;1277;1
66;273;3;13;147
66;286;7;22022;9
66;233;7;13258;2
66;125;7;55678;21
66;238;7;15151;2
66;38;6;4444;3
66;156;3;96;23
66;10;6;4490;1
66;313;6;1533;2
66;152;7;22555;80
66;111;7;45999;1
66;322;6;2255;31
66;169;6;2222;25
66;180;6;1201;1
66;125;7;11111;2
66;289;6;1010;1
66;295;6;44;1
66;295;7;13;4
66;295;7;22;1
66;295;7;44;1
66;185;7;13013;1
66;308;5;700;74
66;140;6;1313;3
66;139;6;4447;1
66;294;7;12144;1
66;180;6;2222;11
66;274;7;22222;2
66;83;6;6565;2
66;317;6;5055;1
66;11;6;1234;2
66;228;7;12444;1
66;97;7;23123;6
66;240;7;22322;2
66;268;7;22511;1
66;268;7;44020;3
66;63;3;44;96
66;41;5;96;20
66;47;6;4012;1
66;80;6;1000;1
66;164;7;44234;1
66;69;6;11;1
66;69;6;12;2
66;69;6;13;2
66;69;6;22;2
66;69;6;70;1
66;22;7;12222;49
66;224;6;4411;1
66;160;6;2288;11
66;149;6;1000;1
66;69;7;10123;6
66;65;6;2210;2
66;52;3;44;112
66;1;6;4410;1
66;204;7;33123;1
66;80;7;22222;6
66;182;6;2201;6
66;297;6;95;14
66;76;6;2288;4
66;290;3;12;23
66;12;7;96;9
66;239;6;4512;4
66;49;7;12114;1
66;109;3;12;25
66;243;7;22555;87
66;54;7;12114;2
66;91;6;5522;1
66;91;6;95;8
66;243;5;131;191
66;291;7;44888;2
66;51;6;1214;40
66;48;6;3333;1
66;181;6;1188;1
66;40;7;22000;2
66;218;6;14;1
66;249;6;1251;2
66;268;6;96;17
66;247;7;22333;1
66;54;7;13777;1
66;10;6;2255;40
66;111;7;33888;1
66;97;3;96;25
66;39;3;96;13
66;18;5;95;9
66;169;6;6565;1
66;278;6;2277;7
66;166;3;13;68
66;292;7;13123;1
66;300;7;44044;1
66;125;6;5511;12
66;181;6;1323;1
66;223;6;1323;12
66;274;7;22022;4
66;10;6;2277;4
66;298;7;44567;1
66;53;7;22222;7
66;78;7;22111;1
66;271;7;50013;2
66;308;6;1322;4
66;75;7;50500;1
66;51;6;5533;6
66;95;7;13133;4
66;22;7;36190;1
66;83;6;95;16
66;83;7;45000;1
66;297;6;4567;1
66;278;7;43640;1
66;249;7;12222;6
66;267;6;2288;1
66;91;6;1100;1
66;318;6;5511;7
66;301;7;15120;2
66;313;6;1313;5
66;173;3;44;101
66;300;6;2288;6
66;23;7;12144;1
66;149;6;5567;1
66;204;7;13234;1
66;247;6;4490;1
66;315;7;55555;1
66;59;7;23;1
66;79;7;10;1
66;79;7;12;3
66;79;7;13;5
66;79;7;22;3
66;79;7;70;1
66;79;6;13;4
66;79;6;22;1
66;79;6;30;1
66;79;6;44;2
66;237;7;10;1
66;237;7;12;1
66;309;5;95;4
66;52;7;55678;19
66;298;7;55007;2
66;28;6;4400;2
66;12;6;2200;8
66;63;7;33300;2
66;12;7;10123;4
66;247;6;4447;1
66;322;3;21;1
66;273;7;55678;4
66;62;7;70222;1
66;160;7;15555;1
66;308;6;5199;1
66;129;6;1322;5
66;125;6;4400;2
66;133;6;1321;1
66;75;7;70321;1
66;88;7;50777;2
66;295;7;12000;25
66;276;6;2210;1
66;13;7;22556;1
66;290;7;13333;1
66;266;6;1299;1
66;271;7;13555;3
66;234;6;1234;1
66;63;7;44567;2
66;81;6;1322;2
66;92;7;10123;6
66;243;7;55011;2
66;92;7;13013;1
66;92;7;45333;1
66;19;7;65234;4
66;278;7;44456;1
66;19;7;12;3
66;19;7;13;10
66;19;7;14;1
66;19;7;15;1
66;19;7;22;3
66;19;7;43;1
66;19;7;44;1
66;75;6;5050;1
66;158;6;1213;5
66;320;3;12;10
66;83;6;4422;2
66;28;6;4422;4
66;271;7;10000;5
66;60;7;15555;1
66;312;5;131;44
66;203;7;15120;1
66;59;3;44;88
66;148;7;22022;1
66;171;6;2255;53
66;254;6;5533;12
66;217;3;96;16
66;132;3;96;13
66;215;6;2277;9
66;28;6;5005;1
66;237;6;1213;2
66;28;7;11111;2
66;12;6;5055;2
66;140;6;1322;1
66;48;7;50113;1
66;322;6;2277;2
66;156;5;96;31
66;112;6;4422;2
66;295;6;2211;1
66;204;6;4400;4
66;111;7;13333;3
66;99;7;23192;1
66;108;7;10000;1
66;152;7;10000;4
66;286;7;22777;15
66;157;6;1251;1
66;218;7;23123;2
66;95;7;44190;1
66;95;7;22222;2
66;329;6;5001;1
66;17;7;15151;2
66;233;6;2299;1
66;318;6;1234;1
66;160;7;12000;139
66;14;7;15120;2
66;52;7;70762;1
66;133;7;70345;2
66;19;7;13789;1
66;303;6;1292;3
66;321;7;50013;1
66;266;7;12000;43
66;152;7;15333;1
66;53;6;1221;1
66;90;3;21;1
66;164;7;55011;2
66;271;7;13131;2
66;334;6;1525;1
66;89;7;22777;2
66;129;6;4422;1
66;315;6;4010;2
66;182;6;5055;6
66;233;7;12600;2
66;10;6;2233;1
66;112;7;13555;1
66;268;7;44567;1
66;19;7;55;1
66;19;7;70;2
66;17;6;4445;1
66;111;6;4445;1
66;207;6;2323;1
66;100;6;1112;1
66;296;6;2210;1
66;195;5;95;6
66;223;6;2277;4
66;181;7;22022;2
66;157;6;1112;1
66;122;7;10;1
66;122;7;11;1
66;122;7;12;2
66;122;7;13;7
66;122;7;22;2
66;122;7;44;1
66;122;7;55;1
66;122;7;70;2
66;122;6;12;1
66;122;6;13;2
66;36;3;44;39
66;62;7;70070;2
66;251;6;7000;1
66;186;7;13132;2
66;129;6;1323;2
66;297;6;4456;2
66;133;6;5511;7
66;302;6;1000;2
66;302;7;70;2
66;302;6;13;1
66;302;7;11;1
66;302;7;13;2
66;277;6;13;4
66;277;7;13;9
66;277;7;22;2
66;297;6;4444;5
66;17;7;12345;1
66;42;6;2200;1
66;287;7;22022;2
66;14;7;15001;1
66;108;7;22777;4
66;296;6;7007;2
66;249;7;10123;5
66;13;7;45045;1
66;163;7;13138;1
66;186;6;7000;1
66;98;3;96;22
66;81;6;5555;37
66;90;3;13;117
66;314;7;10123;12
66;314;3;96;8
66;290;6;1322;4
66;77;6;4455;1
66;106;7;10400;3
66;170;7;13234;1
66;12;7;33333;1
66;48;7;11111;2
66;297;6;2255;18
66;37;6;1000;1
66;162;6;1010;3
66;162;6;4456;1
66;308;6;2299;27
66;120;6;1299;1
66;182;6;1055;1
66;297;6;2222;29
66;36;7;11111;1
66;94;3;44;112
66;62;6;1000;5
66;130;6;5013;2
66;65;6;1234;1
66;124;7;12000;34
66;310;7;12000;42
66;249;7;50500;3
66;139;6;1214;63
66;309;7;65013;1
66;156;6;4422;1
66;89;7;12600;1
66;254;6;4400;1
66;312;6;1214;10
66;299;6;4444;1
66;303;6;5005;1
66;303;7;44027;1
66;185;6;4411;2
66;291;5;131;173
66;286;7;33222;1
66;153;6;2022;1
66;240;7;12222;63
66;42;6;1313;3
66;109;7;13234;3
66;12;6;4422;6
66;184;7;36192;1
66;17;7;44700;1
66;223;6;2211;1
66;228;6;1221;1
66;109;6;4010;1
66;127;6;2277;4
66;28;7;44776;1
66;84;7;22111;1
66;298;7;50777;1
66;202;6;7020;1
66;202;6;5500;1
66;21;7;12500;1
66;78;6;1000;3
66;271;3;16;1
66;34;7;70777;1
66;249;6;3000;1
66;290;6;1515;1
66;167;6;7020;2
66;62;7;13132;1
66;98;6;2201;1
66;100;7;65000;1
66;248;7;44776;1
66;18;6;7069;1
66;267;7;44123;1
66;93;6;5533;6
66;169;7;12144;13
66;312;7;10400;1
66;63;6;1251;1
66;221;6;6565;4
66;295;6;2222;15
66;105;6;1222;2
66;149;5;131;164
66;221;3;12;26
66;62;6;1323;2
66;95;5;95;14
66;230;7;45333;2
66;17;5;555;3
66;182;7;13138;1
66;158;6;4447;2
66;133;7;12300;4
66;17;6;2222;7
66;117;6;5511;5
66;315;3;80;1
66;293;6;2255;70
66;161;3;13;135
66;276;5;95;15
66;88;5;95;8
66;162;6;1213;4
66;218;6;1331;1
66;130;6;7069;1
66;181;7;22777;8
66;98;7;96;9
66;227;6;5533;2
66;82;6;1201;2
66;276;7;44999;1
66;54;6;2255;68
66;120;6;2288;3
66;55;7;12222;10
66;89;7;55234;1
66;220;7;12000;77
66;297;6;4406;1
66;297;6;2100;1
66;247;7;12300;3
66;247;7;45413;2
66;84;6;2244;3
66;90;5;131;122
66;228;6;1322;2
66;278;7;22222;8
66;278;7;44190;2
66;284;7;44222;1
66;329;7;50444;1
66;248;6;2313;1
66;248;7;10123;2
66;254;7;12111;2
66;220;7;55011;6
66;304;7;11111;1
66;104;7;10777;1
66;96;6;5013;2
66;303;6;5511;17
66;49;7;43640;1
66;133;7;50500;3
66;92;7;65234;18
66;95;7;13456;1
66;287;3;44;31
66;211;6;2277;8
66;58;6;2200;1
66;271;6;1321;2
66;92;6;5555;2
66;109;6;1292;7
66;272;6;5555;1
66;163;7;13100;1
66;20;6;1511;1
66;89;6;7020;3
66;316;7;22777;1
66;27;3;95;1
66;54;7;33789;2
66;164;7;90909;1
66;315;7;13234;5
66;1;5;131;170
66;77;6;4077;1
66;149;7;44333;7
66;97;6;2200;3
66;107;6;2200;1
66;296;6;1544;1
66;16;7;45300;1
66;96;7;70123;1
66;96;5;700;93
66;69;5;96;24
66;52;6;4422;1
66;248;6;96;11
66;139;7;44100;1
66;291;6;1412;1
66;243;3;44;98
66;91;6;12;3
66;91;6;13;4
66;91;6;15;1
66;91;6;40;1
66;91;6;70;1
66;91;7;10;1
66;91;7;12;6
66;91;7;13;8
66;91;7;22;3
66;91;7;44;1
66;91;7;55;2
66;109;7;22022;6
66;310;7;10000;1
66;36;7;13456;7
66;298;7;15333;1
66;56;7;15123;5
66;153;5;131;184
66;97;7;43640;1
66;17;7;44567;4
66;42;5;131;165
66;264;7;95;12
66;264;6;1111;8
66;223;7;33099;10
66;58;6;2222;5
66;233;6;1000;4
66;271;7;10123;12
66;299;6;2288;4
66;225;6;2210;2
66;272;7;44777;1
66;95;6;4400;1
66;56;3;13;128
66;38;6;2210;1
66;273;6;1533;2
66;271;6;5001;1
66;231;6;5533;16
66;243;7;33777;1
66;1;7;13333;1
66;238;6;3612;6
66;93;7;12000;54
66;223;6;2244;1
66;153;7;13789;1
66;35;6;2288;2
66;296;7;12345;1
66;296;7;65013;1
66;220;7;13132;1
66;225;6;1313;11
66;322;6;4321;1
66;13;7;12456;1
66;13;7;15123;1
66;78;6;1221;1
66;56;6;5511;6
66;54;7;13222;1
66;184;6;1533;2
66;76;7;11999;4
66;276;7;44777;1
66;169;7;15151;1
66;218;7;50500;2
66;185;7;12127;1
66;185;7;45300;3
66;124;7;36192;1
66;100;6;2277;9
66;158;6;1515;1
66;180;7;13130;1
66;240;7;50113;4
66;123;7;95;6
66;266;6;2255;54
66;125;3;12;18
66;296;3;96;11
66;204;6;2200;1
66;208;3;12;23
66;107;7;55011;1
66;310;3;13;50
66;171;3;13;167
66;312;7;55678;4
66;117;6;2299;1
66;334;7;13513;2
66;82;6;1292;6
66;321;3;12;17
66;240;3;12;23
66;205;6;4000;1
66;78;7;43211;1
66;19;6;4456;2
66;55;7;10123;13
66;40;6;5500;1
66;224;6;4477;2
66;173;7;10000;7
66;61;5;95;9
66;203;7;22720;1
66;12;3;13;106
66;228;7;36192;1
66;251;7;44122;1
66;133;6;1221;1
66;133;7;43333;2
66;96;6;4400;1
66;270;7;65234;2
66;209;3;13;127
66;315;7;22777;7
66;314;7;10000;5
66;20;7;65234;5
66;61;7;22222;4
66;61;7;44190;1
66;78;6;4445;1
66;228;7;13234;1
66;308;6;1520;1
66;274;7;13133;4
66;15;7;13234;1
66;79;6;5500;1
66;227;6;1533;2
66;230;7;22022;2
66;148;7;44123;3
66;47;7;11444;1
66;112;7;12345;1
66;164;7;12114;1
66;64;7;12222;5
66;92;3;13;120
66;104;3;12;12
66;83;6;13;5
66;83;6;12;1
66;83;6;22;2
66;81;7;13130;1
66;129;6;4567;1
66;78;6;2277;1
66;274;3;44;98
66;180;6;1234;1
66;180;6;4411;1
66;20;6;4441;1
66;182;7;55011;1
66;54;6;2323;2
66;313;7;22222;9
66;10;7;13123;1
66;48;6;2277;11
66;22;7;33123;1
66;17;6;7069;1
66;287;6;2255;33
66;231;6;12;3
66;231;6;13;4
66;231;6;45;1
66;14;7;15123;6
66;275;7;15122;1
66;63;6;4456;3
66;28;7;55007;1
66;215;7;23456;2
66;234;7;50444;2
66;225;7;50013;2
66;158;6;7040;1
66;299;7;15123;4
66;278;7;22380;2
66;278;7;44333;2
66;111;6;1212;1
66;65;6;4447;1
66;230;7;44020;2
66;230;7;96;12
66;127;7;10000;2
66;278;7;40400;1
66;329;6;2211;1
66;268;3;95;13
66;272;6;4440;1
66;100;7;11111;1
66;294;5;700;68
66;57;6;2123;1
66;266;6;1221;2
66;266;6;4412;1
66;110;7;12300;6
66;288;7;23190;1
66;248;6;1313;8
66;65;5;96;30
66;167;6;5511;7
66;181;6;1234;2
66;160;7;44999;1
66;278;6;4447;1
66;128;7;15123;1
66;125;7;95;13
66;163;7;13133;2
66;153;7;23190;1
66;157;7;22222;6
66;184;7;13258;1
66;64;3;96;20
66;112;6;1016;1
66;301;7;22555;67
66;54;6;1112;1
66;304;7;55011;1
66;94;6;4000;1
66;223;6;1533;3
66;329;7;70;1
66;63;7;13777;1
66;170;6;1322;3
66;223;6;1214;24
66;140;7;90500;1
66;221;7;22777;9
66;152;7;10123;9
66;63;7;50013;1
66;108;7;44123;2
66;273;6;5001;1
66;293;7;44111;2
66;293;6;1292;6
66;19;7;15123;9
66;171;7;33033;1
66;61;7;10123;3
66;227;6;1213;1
66;227;7;44556;1
66;240;7;12000;6
66;157;6;4447;1
66;89;3;44;88
66;300;6;1221;1
66;127;6;1010;5
66;127;6;4456;1
66;293;6;2222;13
66;167;6;1020;1
66;110;6;1512;1
66;49;3;96;16
66;106;7;12600;1
66;276;3;13;125
66;88;3;13;92
66;96;6;2222;16
66;90;7;12222;13
66;62;7;65013;2
66;218;7;45300;1
66;170;6;1314;1
66;58;5;131;195
66;314;6;2256;1
66;303;6;2255;40
66;267;6;5511;4
66;80;6;95;26
66;185;6;3323;1
66;96;6;1213;8
66;203;7;10123;16
66;95;6;6565;1
66;172;5;131;195
66;167;5;96;9
66;158;7;12114;1
66;238;3;12;12
66;320;6;5050;1
66;151;7;50500;1
66;322;7;13123;1
66;314;6;2323;1
66;243;7;12100;1
66;297;6;2277;2
66;298;6;4422;1
66;132;7;22555;67
66;284;6;2201;1
66;76;7;95;10
66;284;6;1323;1
66;65;6;5511;8
66;230;6;1000;3
66;64;6;1000;4
66;248;7;44777;2
66;238;3;96;10
66;90;7;15333;1
66;14;6;5050;1
66;53;6;7000;1
66;249;3;13;131
66;294;6;1234;1
66;276;7;15123;4
66;14;7;44567;1
66;39;7;22678;3
66;127;6;1234;1
66;59;7;70222;9
66;65;7;13789;1
66;267;6;7077;2
66;92;7;22555;84
66;129;6;5566;1
66;249;6;4321;1
66;270;6;2201;1
66;291;7;70400;1
66;149;6;1010;7
66;149;6;4456;2
66;225;6;2255;44
66;227;6;2277;11
66;268;6;1285;1
66;278;7;70007;1
66;108;7;95;22
66;152;7;44333;1
66;164;7;70090;1
66;320;6;1251;1
66;320;7;14888;1
66;41;7;12999;1
66;125;3;44;123
66;105;7;44567;1
66;225;6;4055;1
66;225;6;5500;1
66;244;3;44;119
66;37;6;5533;13
66;162;6;5533;3
66;91;6;7069;1
66;157;6;96;10
66;248;6;1233;1
66;152;6;1090;1
66;152;7;12222;13
66;274;7;55333;3
66;1;6;1010;3
66;1;6;4456;2
66;39;3;13;149
66;122;6;2323;1
66;94;6;1221;6
66;293;6;2288;3
66;67;6;4444;1
66;182;6;1213;1
66;239;7;96;10
66;105;6;1313;1
66;95;6;4000;1
66;167;6;96;3
66;149;7;22777;3
66;66;6;96;12
66;95;7;10000;3
66;53;7;33888;2
66;55;7;45000;1
66;205;3;44;131
66;172;7;50113;1
66;267;5;95;4
66;76;3;12;20
66;37;7;12555;2
66;299;6;13;4
66;322;7;12000;48
66;84;7;12888;1
66;290;3;96;8
66;19;6;1322;3
66;28;7;22001;1
66;254;6;2225;1
66;208;6;5511;11
66;49;7;96;4
66;320;6;4565;1
66;65;7;14393;1
66;1;6;2200;1
66;66;6;95;14
66;267;3;96;3
66;308;7;44666;1
66;16;7;50444;1
66;308;7;10124;1
66;195;6;1322;3
66;17;6;2288;2
66;278;3;96;13
66;23;5;96;35
66;268;6;1020;1
66;249;7;22777;3
66;162;6;1818;1
66;286;7;13789;1
66;13;7;12123;1
66;47;7;36666;1
66;63;7;13132;1
66;63;7;70222;1
66;162;6;4530;1
66;202;7;55234;4
66;163;6;2288;2
66;132;6;5055;1
66;95;7;12300;2
66;68;6;95;14
66;68;7;45000;2
66;152;7;55333;1
66;10;6;2299;15
66;215;6;7077;1
66;170;7;13333;3
66;184;7;11444;1
66;298;7;12144;1
66;140;6;1010;14
66;140;6;4456;2
66;67;6;7040;1
66;96;7;13131;1
66;171;6;1221;2
66;294;7;33888;1
66;76;6;1214;22
66;13;7;44321;1
66;52;7;13258;1
66;153;7;22777;20
66;315;6;4477;2
66;56;6;4477;3
66;278;7;10000;1
66;55;3;96;18
66;124;7;55234;1
66;125;6;3000;2
66;251;7;22555;80
66;41;7;13100;1
66;320;6;95;2
66;320;7;45000;2
66;202;7;12111;1
66;284;6;6565;1
66;238;7;12555;1
66;10;7;12600;1
66;58;6;2299;16
66;112;7;33300;1
66;129;7;44123;2
66;12;6;1201;1
66;300;6;2200;4
66;240;6;1221;1
66;78;5;700;58
66;12;6;1221;1
66;181;7;10000;2
66;239;7;33888;1
66;160;7;13131;1
66;160;7;55888;1
66;164;7;65700;1
66;111;6;1213;2
66;125;7;65013;4
66;148;3;44;105
66;89;7;13131;1
66;88;7;12500;1
66;268;7;22222;4
66;57;7;22555;91
66;49;3;95;5
66;92;7;11000;1
66;108;6;2222;14
66;129;6;1213;8
66;105;6;7011;1
66;82;6;1213;7
66;248;6;4488;1
66;91;6;1292;1
66;42;6;1010;12
66;42;6;4456;1
66;186;6;1233;1
66;133;7;55678;11
66;21;7;55678;27
66;35;7;12;5
66;218;5;95;13
66;295;3;13;60
66;268;7;44456;1
66;334;6;95;26
66;334;7;45000;1
66;40;7;13133;3
66;167;7;55011;1
66;244;7;50013;4
66;251;6;1020;1
66;96;6;2277;6
66;289;6;1333;4
66;127;7;44122;1
66;224;6;96;18
66;291;7;50113;1
66;35;7;10123;8
66;125;6;2288;7
66;65;7;44777;2
66;95;7;22001;2
66;10;6;1333;1
66;90;6;5567;1
66;62;7;22999;1
66;272;7;33323;1
66;272;7;50555;1
66;56;7;12;2
66;56;7;13;11
66;56;7;15;2
66;140;6;5055;1
66;300;6;2210;3
66;290;7;70400;1
66;299;6;1533;1
66;264;7;44;1
66;264;7;65;2
66;264;7;70;4
66;272;6;12;3
66;247;7;10000;4
66;225;7;12000;8
66;127;7;44123;2
66;221;7;12222;21
66;243;7;10400;1
66;133;6;1214;69
66;38;6;1213;2
66;38;7;44556;1
66;99;7;10000;2
66;98;6;2222;12
66;60;6;2222;4
66;154;7;12000;83
66;122;6;1818;1
66;308;7;10190;2
66;28;6;13;6
66;28;6;21;1
66;28;6;22;1
66;28;6;33;1
66;28;6;55;1
66;28;7;12;1
66;28;7;13;12
66;28;7;15;1
66;28;7;22;4
66;28;7;44;1
66;28;7;70;2
66;184;7;10124;5
66;184;7;22010;1
66;95;3;13;131
66;1;7;22555;109
66;22;6;5088;1
66;233;6;1111;79
66;80;7;13131;1
66;92;6;9001;1
66;315;7;12000;45
66;35;6;1214;83
66;278;6;4085;1
66;20;7;55123;1
66;278;7;22555;48
66;277;3;44;101
66;69;6;2200;1
66;100;7;11000;1
66;290;6;4490;3
66;290;6;5588;1
66;13;6;1020;1
66;329;6;12;2
66;329;6;13;2
66;329;6;65;1
66;12;7;11111;1
66;181;7;55234;1
66;15;7;70321;1
66;161;6;2277;8
66;313;3;95;7
66;78;7;11999;2
66;1;6;5533;5
66;224;6;4445;1
66;49;6;2123;1
66;315;7;44020;2
66;315;7;96;3
66;36;7;13555;1
66;161;7;13013;1
66;152;7;12000;61
66;209;6;1213;4
66;36;7;23123;6
66;82;7;11444;3
66;42;6;1214;72
66;77;7;22555;85
66;322;7;44447;1
66;298;6;1222;1
66;298;6;1234;1
66;249;7;33456;1
66;81;5;95;24
66;75;7;44123;1
66;67;6;5533;4
66;117;3;96;15
66;314;7;11;1
66;314;7;12;1
66;314;7;13;5
66;314;7;22;3
66;314;7;65;1
66;314;7;70;1
66;94;6;2299;3
66;180;6;1214;42
66;248;6;1232;1
66;123;5;700;16
66;109;7;22777;5
66;34;7;22022;4
66;267;6;1313;1
66;100;7;33888;2
66;228;7;33888;1
66;275;6;96;9
66;310;7;13132;1
66;316;5;131;29
66;243;7;44456;1
66;125;6;5055;3
66;40;7;50013;1
66;35;6;4455;1
66;207;6;96;10
66;88;7;12222;13
66;56;7;70123;3
66;56;5;700;90
66;149;6;1221;1
66;149;6;4412;1
66;204;7;50500;4
66;82;7;23192;5
66;88;7;55999;1
66;112;6;4433;1
66;181;6;5533;4
66;223;6;5533;8
66;54;6;1313;12
66;244;7;15123;5
66;133;6;2255;66
66;49;6;2070;1
66;292;7;23123;8
66;1;6;4533;1
66;139;6;4490;2
66;139;6;5588;2
66;227;6;1214;22
66;88;7;10123;7
66;276;7;10123;4
66;295;7;45300;1
66;231;6;4445;1
66;56;6;2299;2
66;53;6;5533;8
66;301;6;5055;6
66;173;5;555;2
66;88;7;15123;4
66;94;6;4410;1
66;313;3;80;1
66;244;6;2222;26
66;185;7;55555;1
66;314;7;11444;2
66;110;7;43640;1
66;230;6;1314;1
66;275;7;13132;5
66;17;6;7077;1
66;180;7;44777;1
66;160;7;50013;1
66;314;6;1010;16
66;139;3;80;1
66;40;3;80;1
66;41;6;95;9
66;110;7;96;9
66;66;6;1212;2
66;271;6;7040;1
66;62;6;4565;1
66;109;6;12;1
66;109;6;13;5
66;109;6;16;1
66;109;6;23;1
66;109;6;44;1
66;109;7;12;6
66;109;7;13;9
66;23;7;45;1
66;23;7;70;1
66;52;6;7069;1
66;286;6;4422;3
66;184;5;700;98
66;117;5;95;14
66;278;7;15123;2
66;20;6;2299;10
66;16;6;4400;1
66;268;6;5044;1
66;58;3;12;8
66;223;6;1000;4
66;248;7;55011;3
66;80;7;90909;9
66;314;7;13456;1
66;314;7;15888;1
66;249;5;96;26
66;127;6;5555;5
66;296;7;50500;6
66;104;6;4422;2
66;122;7;22022;5
66;34;7;22000;1
66;110;6;2244;4
66;310;7;50500;1
66;270;6;1232;1
66;149;6;13;1
66;149;6;19;1
66;220;6;1292;1
66;105;6;12;5
66;105;6;13;2
66;105;6;22;3
66;105;7;10;1
66;105;7;12;1
66;105;7;13;8
66;105;7;14;1
66;105;7;22;3
66;105;7;23;1
66;105;7;44;1
66;105;7;55;1
66;105;7;70;2
66;65;6;11;2
66;65;6;12;5
66;65;6;13;4
66;65;6;22;2
66;65;6;23;1
66;65;6;44;1
66;65;6;55;1
66;65;7;11;1
66;65;7;12;5
66;65;7;13;9
66;65;7;22;5
66;65;7;40;1
66;64;7;22511;1
66;117;6;4456;1
66;125;7;13456;2
66;36;6;7011;1
66;77;7;22777;2
66;152;6;2201;1
66;57;6;6513;2
66;66;6;1311;1
66;108;6;5013;1
66;221;6;2277;8
66;299;7;55234;1
66;217;6;1232;1
66;296;7;33777;2
66;296;6;5533;5
66;299;7;44333;2
66;62;7;44447;2
66;62;7;44456;1
66;35;6;1213;2
66;316;5;95;3
66;211;5;95;18
66;209;5;700;80
66;272;7;50013;1
66;182;6;1020;2
66;278;7;44999;1
66;156;6;1213;5
66;220;7;13234;3
66;162;6;4447;1
66;55;5;131;136
66;63;6;1522;1
66;162;6;5511;12
66;129;6;1214;41
66;207;6;4000;1
66;94;6;1314;1
66;217;6;1313;4
66;77;6;2299;6
66;69;6;2255;100
66;62;7;12000;6
66;117;6;2200;1
66;108;6;1212;1
66;254;6;5013;1
66;293;7;55011;4
66;277;6;4444;1
66;40;7;70321;1
66;41;6;7011;1
66;203;6;6565;2
66;211;7;70321;2
66;91;7;11111;1
66;48;6;2200;1
66;294;6;4444;7
66;48;6;5511;10
66;48;5;160;1
66;301;6;1292;2
66;321;7;55234;1
66;16;6;1818;1
66;39;6;2288;1
66;18;6;4490;2
66;244;6;2201;6
66;153;6;2233;2
66;182;7;65234;2
66;67;7;11111;3
66;98;7;22022;2
66;112;7;12;6
66;234;7;70400;1
66;297;6;4343;4
66;151;7;44690;1
66;298;6;1500;1
66;322;6;5055;2
66;154;6;95;15
66;154;7;45000;2
66;211;6;2210;1
66;184;6;95;21
66;106;6;1533;1
66;311;7;22333;1
66;248;6;2200;22
66;268;3;44;111
66;157;6;2277;12
66;127;7;22777;4
66;129;3;44;117
66;62;7;45000;1
66;278;6;5013;1
66;291;6;2201;3
66;164;3;12;13
66;41;6;1333;1
66;92;6;2277;3
66;83;7;23123;32
66;334;6;5501;1
66;51;7;12100;1
66;1;7;12111;1
66;38;6;1322;3
66;294;6;5055;5
66;93;7;90500;1
66;63;5;700;84
66;60;7;55678;4
66;128;6;1533;1
66;243;7;44244;1
66;204;6;5013;1
66;1;6;96;6
66;37;3;96;16
66;329;6;2233;2
66;276;7;12345;1
66;221;6;2222;14
66;271;7;33000;1
66;277;7;13131;2
66;48;7;10123;1
66;157;7;45300;3
66;105;5;96;26
66;10;7;44123;2
66;16;6;5055;5
66;75;6;1123;1
66;123;6;7011;1
66;286;6;1322;1
66;15;6;1199;1
66;38;6;5555;5
66;97;7;13333;1
66;51;5;700;35
66;54;7;12222;2
66;127;6;4512;1
66;186;7;22555;61
66;166;7;65234;51
66;322;3;96;2
66;266;6;2210;1
66;10;7;50505;1
66;10;7;65234;1
66;76;6;1322;3
66;160;7;23190;1
66;69;7;12300;1
66;169;6;2288;3
66;58;3;44;78
66;40;6;2200;7
66;107;3;13;178
66;302;6;1118;1
66;106;6;1010;7
66;148;7;10000;3
66;237;7;13;5
66;237;7;22;1
66;237;7;44;1
66;237;7;45;1
66;237;6;12;2
66;237;6;13;5
66;237;6;22;1
66;248;7;13777;1
66;163;3;44;60
66;112;6;1292;7
66;247;6;12;4
66;247;6;13;2
66;247;6;22;1
66;247;6;55;1
66;153;6;2255;51
66;109;6;1012;1
66;109;6;1321;1
66;292;6;4567;5
66;1;7;10177;1
66;296;5;555;6
66;76;6;1111;6
66;211;6;5013;2
66;37;6;5555;1
66;268;7;23190;1
66;61;6;2222;7
66;170;6;1292;1
66;334;7;90000;1
66;234;7;13258;2
66;161;5;96;20
66;313;6;1010;5
66;313;6;4456;1
66;244;6;1277;2
66;88;7;12;1
66;88;7;13;8
66;88;7;22;6
66;88;7;44;3
66;88;6;12;1
66;88;6;13;3
66;88;6;44;2
66;88;6;55;1
66;88;6;70;1
66;12;7;10220;1
66;68;6;4455;3
66;329;7;50777;1
66;39;7;22333;1
66;160;6;2200;2
66;62;7;10000;3
66;133;6;5588;1
66;21;7;30000;1
66;76;7;13777;1
66;49;6;1020;1
66;304;7;55678;8
66;207;6;4422;8
66;35;5;131;139
66;308;6;1111;19
66;64;6;1369;1
66;139;6;2201;1
66;78;7;12000;8
66;294;6;6565;12
66;37;7;33000;1
66;266;6;1000;10
66;77;6;4477;2
66;270;7;13234;1
66;244;5;131;168
66;172;6;2299;9
66;10;7;13234;4
66;215;7;96;9
66;112;6;1020;1
66;208;7;12888;1
66;160;6;2255;42
66;160;3;96;14
66;76;7;45000;7
66;230;7;10222;4
66;17;7;95;27
66;223;7;13234;3
66;290;6;2222;15
66;304;6;4422;1
66;76;7;22720;1
66;17;6;4444;1
66;151;6;4411;1
66;100;5;96;27
66;267;6;1214;4
66;294;3;12;11
66;90;7;70321;2
66;322;7;11111;2
66;152;6;2277;6
66;130;3;13;144
66;107;6;4455;2
66;96;5;555;6
66;91;7;22022;8
66;66;5;95;9
66;272;7;36000;1
66;303;6;1010;4
66;303;6;4456;4
66;182;6;1010;6
66;14;6;1010;3
66;249;6;2255;69
66;227;7;12600;2
66;227;7;65700;1
66;68;6;1000;2
66;11;7;15678;1
66;184;7;65234;5
66;320;6;1111;7
66;320;7;95;4
66;209;6;1292;1
66;22;6;1010;2
66;12;6;1321;1
66;17;3;96;19
66;94;7;44234;1
66;105;7;22777;6
66;300;6;4050;1
66;105;7;70070;2
66;314;7;55011;1
66;315;6;2200;1
66;19;6;1588;1
66;22;6;2255;80
66;296;7;12;1
66;287;6;1010;9
66;296;6;13;4
66;296;7;13;2
66;296;7;22;2
66;69;5;95;15
66;203;6;5533;6
66;16;7;44777;1
66;79;6;1111;2
66;38;6;1300;1
66;38;7;55678;20
66;303;7;23123;6
66;238;6;2200;2
66;66;7;12222;3
66;11;6;1214;26
66;208;7;13789;1
66;108;6;5055;1
66;169;7;22222;7
66;173;6;2244;1
66;149;7;12222;3
66;322;6;1311;1
66;65;6;1292;6
66;205;7;15123;8
66;249;6;4410;5
66;224;7;10123;1
66;89;7;44888;1
66;110;7;15000;1
66;61;5;131;162
66;23;7;13131;1
66;23;7;55888;2
66;125;6;4555;2
66;57;7;12600;1
66;111;7;50500;5
66;89;6;2244;1
66;95;7;23123;1
66;13;7;13131;1
66;291;6;2299;5
66;149;7;44123;1
66;223;6;2323;1
66;321;5;131;49
66;310;5;95;5
66;171;5;95;10
66;247;7;36300;1
66;295;7;70400;1
66;230;7;15123;8
66;19;6;2299;13
66;123;7;12123;1
66;317;5;95;1
66;249;6;1010;11
66;170;7;65013;1
66;208;7;13333;3
66;205;7;22777;1
66;41;7;44027;1
66;329;6;7040;1
66;182;7;10;1
66;182;7;12;1
66;182;7;13;7
66;182;7;15;1
66;182;7;22;5
66;182;7;40;1
66;182;7;70;1
66;182;6;12;1
66;182;6;13;6
66;182;6;19;1
66;185;7;96;17
66;123;3;13;98
66;90;7;44020;3
66;90;7;96;9
66;304;6;96;3
66;64;7;44888;1
66;112;7;13333;3
66;148;6;1321;1
66;243;7;13333;4
66;96;7;44333;2
66;247;6;7077;1
66;169;6;1000;5
66;234;7;10777;1
66;53;7;12144;11
66;247;6;4455;10
66;313;7;12300;11
66;67;7;45000;2
66;67;6;95;11
66;61;6;2323;1
66;129;6;5511;18
66;78;7;22022;6
66;298;7;23192;1
66;48;3;13;153
66;321;7;23190;1
66;240;7;23190;1
66;20;6;1314;1
66;211;7;12100;1
66;297;6;1221;3
66;284;7;10190;2
66;76;6;7020;2
66;220;6;4410;1
66;11;6;95;13
66;277;7;44447;2
66;240;6;2200;2
66;321;6;2200;6
66;227;6;2288;1
66;129;5;700;87
66;78;6;4490;2
66;78;6;5588;1
66;75;6;2233;1
66;78;7;44333;1
66;237;6;1818;1
66;208;6;2299;8
66;34;6;4010;2
66;120;6;5050;2
66;220;6;5055;2
66;215;7;12144;1
66;96;7;55333;4
66;151;6;2200;1
66;243;7;33193;1
66;243;7;55555;1
66;284;7;45123;2
66;207;7;55;4
66;207;7;13;17
66;207;7;15;1
66;276;7;22678;2
66;276;6;4000;1
66;14;7;12345;1
66;84;7;22777;3
66;293;6;1000;3
66;130;7;15123;7
66;63;7;13131;1
66;205;7;50500;2
66;90;6;4477;4
66;270;7;44000;1
66;290;7;10000;2
66;81;7;12000;5
66;273;6;2222;16
66;251;7;22222;16
66;161;7;33888;2
66;167;7;12123;1
66;254;7;22555;67
66;162;7;22222;10
66;162;7;44190;1
66;94;7;33000;1
66;60;6;1333;1
66;111;6;4441;1
66;237;5;700;74
66;60;3;96;13
66;270;6;1285;1
66;249;7;10100;1
66;318;6;2299;8
66;22;7;44999;1
66;315;7;44444;1
66;244;7;12888;1
66;244;7;13333;7
66;22;7;13456;2
66;284;6;2299;2
66;288;7;50444;1
66;267;7;70400;1
66;108;6;1016;1
66;88;7;12000;1
66;276;7;12000;55
66;16;6;4477;1
66;271;7;13133;1
66;11;6;1818;1
66;249;7;11111;2
66;106;7;10190;1
66;99;3;13;88
66;244;6;96;22
66;17;6;5055;1
66;111;6;5055;1
66;1;6;1122;1
66;83;7;12000;8
66;171;7;95;11
66;88;6;4077;1
66;314;6;4445;1
66;77;7;13333;4
66;334;6;1322;1
66;268;7;23192;3
66;275;7;13220;1
66;170;7;10123;10
66;248;5;700;138
66;62;7;15000;1
66;14;7;12600;2
66;230;7;13131;1
66;49;7;65234;10
66;164;7;65013;1
66;16;7;13222;1
66;16;7;44999;2
66;298;6;2200;6
66;79;7;22777;1
66;162;6;5050;1
66;167;6;2288;3
66;173;7;65234;2
66;224;7;13333;4
66;317;6;1214;20
66;39;7;45300;1
66;223;6;4422;1
66;69;7;50013;1
66;52;7;10123;13
66;207;6;1500;1
66;49;7;44123;1
66;312;5;95;8
66;248;6;1055;1
66;59;7;15123;4
66;225;7;10123;4
66;234;7;95;13
66;297;6;2022;1
66;225;5;555;2
66;53;3;12;20
66;36;7;10400;2
66;163;6;1522;1
66;308;5;95;25
66;288;7;13133;2
66;104;6;1292;3
66;209;7;33000;2
66;290;7;70007;2
66;124;6;4444;5
66;125;7;44123;2
66;49;6;7069;3
66;112;6;11;2
66;112;6;12;2
66;112;6;13;3
66;112;6;22;2
66;112;6;23;1
66;112;7;11;1
66;317;7;11000;1
66;106;7;33099;1
66;292;7;22556;4
66;230;6;6565;1
66;296;7;55555;2
66;97;6;4012;1
66;221;7;22556;1
66;67;6;4422;2
66;16;7;65013;1
66;220;5;555;2
66;153;3;44;102
66;270;7;36192;1
66;84;6;4488;1
66;91;7;12123;1
66;271;7;12000;20
66;316;6;2200;2
66;211;6;2200;10
66;48;7;13333;1
66;104;6;1010;5
66;20;7;12300;1
66;28;5;555;2
66;83;5;555;1
66;268;6;95;16
66;268;7;45000;3
66;225;7;13131;2
66;225;7;55888;1
66;20;6;1213;3
66;90;6;5555;1
66;182;6;2222;21
66;266;7;33444;1
66;266;7;45000;1
66;122;7;22555;61
66;266;6;2211;1
66;58;7;12144;1
66;202;5;131;129
66;251;6;96;5
66;27;6;2200;1
66;249;7;12999;1
66;286;5;131;150
66;167;6;10;1
66;167;6;11;1
66;167;6;13;4
66;167;6;33;1
66;167;6;70;1
66;167;7;10;2
66;53;6;4410;2
66;182;3;12;58
66;297;6;1232;2
66;88;6;1322;1
66;88;7;19888;1
66;182;7;12000;9
66;251;7;15888;1
66;231;7;12222;92
66;92;6;12;3
66;92;6;13;1
66;13;7;22022;7
66;180;7;22111;2
66;95;6;1221;1
66;251;6;1214;41
66;139;6;5555;5
66;230;7;13;10
66;230;6;55;1
66;230;7;10;1
66;230;7;12;1
66;230;7;22;3
66;230;7;44;1
66;230;7;55;2
66;230;7;70;1
66;55;6;11;1
66;55;6;13;1
66;55;6;22;3
66;55;7;11;2
66;55;7;12;1
66;41;6;4444;2
66;58;7;22;6
66;58;7;44;2
66;58;7;45;1
66;58;7;55;1
66;58;7;70;2
66;58;6;12;5
66;58;6;13;3
66;58;6;14;1
66;58;6;22;1
66;58;7;12;3
66;58;7;13;16
66;55;7;13;6
66;55;7;22;5
66;55;7;55;1
66;55;7;70;4
66;300;7;10;1
66;300;7;11;1
66;300;7;12;1
66;300;7;13;4
66;300;7;22;1
66;228;6;2299;8
66;292;6;2299;2
66;39;7;11111;1
66;124;7;33193;1
66;294;6;1313;4
66;171;5;96;15
66;230;7;70070;1
66;204;6;6565;1
66;172;6;2244;3
66;308;6;2222;20
66;21;6;1313;12
66;10;7;44567;2
66;60;6;5533;2
66;271;3;12;16
66;78;7;44000;1
66;109;7;44123;1
66;272;6;2255;38
66;95;6;2255;63
66;230;3;96;16
66;292;3;96;5
66;149;6;4488;1
66;273;6;4410;1
66;22;7;10000;6
66;273;6;2255;79
66;316;7;12000;23
66;211;7;12000;1
66;264;6;2277;2
66;1;6;4000;1
66;203;7;13133;1
66;292;7;13132;2
66;65;7;65234;7
66;304;7;12000;108
66;299;7;10190;2
66;21;6;2299;14
66;208;7;22010;1
66;299;7;13131;1
66;97;6;1010;7
66;11;7;13333;6
66;180;7;13333;2
66;105;6;5050;1
66;110;6;1234;1
66;110;6;4411;1
66;290;7;44123;1
66;22;7;65234;2
66;140;7;12000;60
66;120;7;70007;1
66;162;7;65234;3
66;186;7;96;12
66;158;7;45;1
66;158;7;50;1
66;158;7;55;1
66;274;6;5055;1
66;309;6;5511;1
66;273;6;5511;7
66;228;7;43640;1
66;105;3;12;18
66;62;7;96;17
66;301;7;23190;1
66;47;7;55555;1
66;218;7;96;14
66;251;6;1111;17
66;130;7;50444;1
66;39;6;6565;3
66;287;7;45300;2
66;247;6;6565;14
66;107;6;1214;36
66;47;7;15013;1
66;88;6;95;5
66;88;7;45000;2
66;13;6;1520;4
66;89;7;10123;9
66;166;6;2255;25
66;297;6;1311;1
66;230;7;44027;1
66;161;6;1222;1
66;295;6;1234;1
66;209;7;12333;1
66;244;6;7000;1
66;107;7;11111;5
66;164;6;1234;1
66;313;6;4050;2
66;77;7;90909;1
66;69;6;5533;7
66;84;6;7077;1
66;65;7;15123;2
66;291;6;2200;2
66;34;7;22555;89
66;152;6;7040;1
66;290;6;2277;4
66;153;7;23192;1
66;270;7;33888;2
66;132;6;1333;1
66;23;6;1213;5
66;127;6;1818;3
66;63;7;70900;1
66;302;3;96;5
66;51;7;33099;2
66;28;7;95;20
66;289;6;1399;1
66;248;6;1213;3
66;248;7;44556;2
66;92;7;70123;1
66;92;5;700;70
66;290;5;95;14
66;224;6;5555;19
66;163;6;5511;2
66;203;7;22022;1
66;315;6;4411;2
66;129;7;13133;1
66;184;6;1111;16
66;56;6;1111;41
66;297;7;13131;1
66;237;3;95;8
66;68;6;7069;1
66;223;5;96;16
66;248;6;4343;2
66;248;7;22777;5
66;11;7;33145;1
66;314;7;12000;23
66;108;6;4477;1
66;53;7;12200;1
66;195;7;15333;8
66;211;7;13777;1
66;22;6;4555;1
66;244;7;10122;1
66;181;6;4012;1
66;80;7;12000;7
66;81;7;13789;1
66;64;7;50500;3
66;47;6;1123;1
66;311;6;2288;1
66;205;7;44020;3
66;217;6;2277;1
66;125;7;13133;1
66;132;7;13789;1
66;181;7;13132;2
66;181;7;70222;2
66;108;6;2200;2
66;271;6;1111;16
66;161;6;1313;9
66;321;6;1111;3
66;321;7;95;6
66;240;7;95;16
66;110;7;33456;1
66;148;6;5567;2
66;318;6;2222;10
66;48;6;1233;1
66;55;6;2277;16
66;75;6;11;2
66;112;7;13;17
66;112;7;22;3
66;112;7;44;2
66;75;6;13;3
66;75;7;12;6
66;75;7;13;8
66;75;7;19;1
66;75;7;22;1
66;75;7;55;1
66;75;7;70;2
66;186;6;12;1
66;186;6;13;2
66;186;7;12;2
66;64;7;12345;1
66;51;3;96;11
66;303;7;13234;2
66;37;7;44123;1
66;292;5;700;52
66;158;7;11444;1
66;172;6;11;1
66;172;6;12;1
66;300;6;12;3
66;300;6;13;5
66;300;6;22;1
66;300;6;70;1
66;297;7;12;3
66;297;7;13;6
66;297;7;22;1
66;297;7;30;1
66;297;7;44;3
66;297;7;70;1
66;297;6;12;2
66;297;6;13;8
66;297;6;22;3
66;297;6;50;1
66;76;6;12;2
66;76;6;13;5
66;247;7;50013;2
66;163;6;1323;2
66;79;7;33456;1
66;231;6;1556;1
66;110;7;22777;2
66;217;6;1222;2
66;162;5;700;92
66;221;7;44567;1
66;217;6;1234;2
66;39;6;4010;1
66;310;6;2201;1
66;89;7;22555;77
66;204;7;15123;6
66;106;3;95;10
66;99;6;5511;4
66;248;6;2288;3
66;329;7;10123;1
66;97;7;55333;1
66;39;7;55333;2
66;317;7;13;3
66;139;6;4000;1
66;296;6;5013;1
66;317;6;2201;2
66;185;7;22777;1
66;95;7;22777;1
66;96;7;22333;1
66;20;6;5533;10
66;172;6;1313;5
66;227;7;13258;1
66;277;6;1215;1
66;122;6;4000;1
66;185;6;5555;36
66;130;7;43640;1
66;208;7;65234;4
66;69;7;55678;15
66;211;6;1292;1
66;120;6;4422;2
66;139;7;23123;4
66;171;7;96;9
66;77;7;15333;3
66;264;7;55011;2
66;288;7;11111;3
66;100;6;95;17
66;156;6;96;14
66;95;6;1023;1
66;228;6;2222;19
66;297;6;5013;1
66;66;3;12;9
66;209;7;23192;1
66;93;7;13234;1
66;53;6;1214;25
66;284;6;5533;7
66;284;7;33777;2
66;56;7;70400;1
66;95;6;1213;4
66;76;7;22022;4
66;271;7;44123;5
66;314;6;1322;3
66;170;5;131;176
66;185;6;1213;2
66;67;6;2210;1
66;233;5;555;2
66;266;5;700;85
66;266;7;22222;7
66;149;6;4422;2
66;215;7;13234;1
66;117;6;2222;7
66;99;7;70123;1
66;99;5;700;71
66;158;7;22555;115
66;28;7;33000;1
66;217;3;44;93
66;132;3;44;61
66;49;6;95;11
66;97;7;22556;5
66;290;7;12456;2
66;21;6;4013;1
66;120;6;1322;1
66;125;6;5533;4
66;173;7;22222;4
66;37;6;1122;1
66;133;7;33123;1
66;311;3;44;41
66;89;7;13133;3
66;40;7;12111;1
66;139;7;12111;1
66;151;6;4422;1
66;312;3;12;9
66;75;6;1111;7
66;75;7;95;14
66;293;7;44123;1
66;264;7;12220;1
66;63;6;13;2
66;63;6;22;2
66;63;6;33;1
66;63;7;11;2
66;63;7;12;2
66;63;7;13;9
66;63;7;22;2
66;63;7;40;1
66;63;7;45;1
66;63;7;70;2
66;13;6;1234;3
66;239;7;12144;8
66;11;7;22999;1
66;205;6;1023;1
66;251;6;1331;1
66;120;7;44777;1
66;267;7;65234;121
66;299;6;1111;1
66;152;7;44447;1
66;152;7;44456;1
66;166;6;1111;10
66;10;6;1111;14
66;184;7;23123;3
66;166;7;95;3
66;108;6;4410;2
66;110;7;44123;2
66;185;6;5500;1
66;272;7;65700;1
66;69;7;22380;1
66;69;7;44333;1
66;64;5;131;125
66;80;7;10000;2
66;59;7;11444;1
66;64;7;10123;15
66;36;6;5005;4
66;204;6;2277;6
66;195;7;70321;2
66;254;6;96;8
66;156;7;13789;1
66;1;7;11555;1
66;329;7;10030;1
66;329;7;96;5
66;67;3;96;21
66;34;7;12300;5
66;14;6;5567;1
66;13;7;44020;1
66;51;7;50500;3
66;95;5;131;165
66;308;6;5044;1
66;308;7;12333;2
66;162;7;15123;2
66;130;6;1012;1
66;130;6;1321;6
66;233;7;36100;1
66;97;7;55678;7
66;209;6;5055;1
66;23;6;1321;1
66;248;7;70007;3
66;300;7;65234;2
66;221;7;36111;1
66;221;7;15122;1
66;321;6;2210;1
66;98;6;1010;10
66;290;7;13138;1
66;182;3;96;12
66;124;6;5533;8
66;23;6;4321;1
66;124;7;13258;9
66;21;5;95;10
66;296;7;45333;2
66;296;7;12444;1
66;93;7;12;4
66;93;7;13;6
66;93;7;22;1
66;93;7;45;1
66;93;6;11;1
66;93;6;13;1
66;93;6;43;1
66;93;6;45;1
66;93;6;50;1
66;93;6;65;1
66;182;7;22001;1
66;215;6;1818;1
66;267;6;11;1
66;267;6;12;3
66;267;6;22;1
66;267;6;50;1
66;267;6;65;3
66;267;7;11;1
66;80;7;12011;1
66;254;6;1010;23
66;254;6;4456;2
66;240;6;2323;3
66;149;7;13789;2
66;40;6;1213;5
66;264;6;4422;2
66;278;6;2222;17
66;110;5;700;74
66;12;6;5050;2
66;215;6;4422;1
66;225;6;1111;9
66;106;6;2022;1
66;21;6;4020;1
66;21;6;4441;1
66;238;6;4012;2
66;48;6;5078;1
66;76;7;65234;4
66;124;7;36100;1
66;10;6;4013;1
66;240;6;1111;8
66;313;7;50123;1
66;152;7;50013;3
66;120;7;50013;3
66;28;5;96;28
66;83;5;96;35
66;14;6;2255;48
66;304;6;13;5
66;304;6;14;1
66;304;6;55;2
66;304;7;11;1
66;304;7;12;5
66;304;7;13;1
66;304;7;22;1
66;234;5;700;39
66;16;6;1292;1
66;185;6;2201;1
66;239;7;22022;5
66;109;5;555;1
66;223;7;10400;1
66;20;6;2323;1
66;76;5;95;14
66;47;5;96;23
66;149;7;15115;1
66;122;3;96;12
66;27;6;2211;3
66;12;7;12222;6
66;322;7;22777;2
66;316;6;2299;3
66;81;3;44;71
66;308;6;1973;1
66;308;7;43640;2
66;106;6;4555;1
66;238;6;5001;1
66;209;6;6565;7
66;220;7;13789;2
66;98;6;4012;1
66;316;6;2255;7
66;149;7;22123;1
66;160;6;2201;1
66;186;7;70123;2
66;233;6;1201;1
66;117;7;13132;1
66;301;6;4411;1
66;52;6;5511;3
66;93;7;15123;2
66;284;6;95;10
66;54;3;44;82
66;313;5;555;1
66;65;7;55;1
66;184;3;13;148
66;208;6;1422;1
66;92;6;5010;1
66;231;7;96;15
66;78;7;22777;2
66;182;6;2233;3
66;243;3;95;18
66;98;3;16;1
66;274;6;4010;1
66;129;3;13;157
66;34;7;10000;2
66;272;6;96;21
66;186;6;2323;2
66;123;7;65234;1
66;83;6;1016;1
66;76;6;4477;5
66;82;7;10124;1
66;34;7;12000;24
66;292;6;1201;3
66;227;7;44567;2
66;272;7;10000;1
66;322;6;2288;2
66;89;3;96;7
66;249;6;5555;6
66;271;7;36192;2
66;61;6;2277;10
66;162;7;10190;3
66;247;3;44;149
66;277;5;700;78
66;148;3;96;16
66;78;7;12111;1
66;297;7;55678;14
66;49;6;4447;1
66;107;3;12;12
66;139;6;4412;1
66;139;6;1221;4
66;266;7;22022;9
66;225;7;43640;1
66;89;7;70321;1
66;58;6;1214;33
66;186;6;4410;1
66;128;6;2222;7
66;293;5;131;165
66;228;7;22777;1
66;62;7;12345;1
66;209;6;9090;1
66;264;6;95;15
66;96;6;2255;53
66;98;6;2255;72
66;60;6;2255;46
66;56;6;2277;22
66;223;7;11999;1
66;99;6;4455;1
66;311;7;96;3
66;312;6;1020;1
66;12;6;2201;1
66;59;7;13789;1
66;270;3;96;22
66;11;7;22555;59
66;267;7;12000;2
66;297;7;22120;1
66;205;6;5533;8
66;61;6;95;13
66;230;7;50500;2
66;13;7;10030;1
66;63;3;96;13
66;233;3;95;12
66;317;6;2288;1
66;82;6;2222;9
66;38;7;22722;1
66;42;7;15123;4
66;217;7;10000;8
66;132;7;22;3
66;132;7;45;1
66;132;7;55;1
66;132;7;70;3
66;313;7;15123;6
66;76;6;1333;2
66;204;7;22777;5
66;322;6;1213;3
66;264;3;44;118
66;224;7;45300;5
66;66;7;55234;1
66;243;6;12;2
66;243;6;13;4
66;92;3;12;15
66;35;5;96;27
66;57;7;96;4
66;313;6;2255;48
66;305;6;4490;1
66;100;6;4455;1
66;288;7;22022;11
66;93;6;5599;1
66;321;6;4477;2
66;298;7;12600;1
66;88;7;13513;1
66;266;7;55234;2
66;111;7;96;10
66;89;6;1212;1
66;62;6;2210;1
66;94;7;55555;2
66;19;6;1111;8
66;156;5;131;204
66;100;6;2299;2
66;54;7;55234;1
66;288;6;1234;2
66;334;5;95;18
66;148;7;45000;5
66;148;6;95;15
66;11;7;11999;1
66;95;6;4410;2
66;106;7;13234;1
66;133;7;12123;1
66;83;7;13132;2
66;60;6;6565;1
66;100;3;13;122
66;21;7;70222;2
66;237;7;12000;87
66;162;7;12222;45
66;37;6;96;9
66;98;7;22120;1
66;105;7;45999;1
66;65;6;2244;1
66;278;7;70070;1
66;318;6;5588;1
66;321;6;4400;1
66;83;7;70123;1
66;128;7;22222;1
66;298;6;1000;1
66;130;6;4466;1
66;161;6;4445;2
66;66;6;1322;1
66;80;6;70;1
66;207;6;2200;1
66;292;7;95;7
66;65;3;44;90
66;130;7;23123;10
66;172;6;4455;6
66;63;7;22022;7
66;182;7;13133;5
66;162;6;1000;4
66;13;6;2288;1
66;162;7;13234;2
66;41;6;1010;8
66;77;7;13234;2
66;247;7;22222;4
66;247;7;70170;1
66;223;6;1292;1
66;223;7;44111;1
66;273;7;12000;4
66;244;7;33456;1
66;247;6;2288;16
66;13;6;4410;3
66;251;5;555;2
66;329;5;555;2
66;10;7;22555;55
66;170;6;1222;1
66;93;7;44333;2
66;91;7;12000;47
66;215;7;22222;6
66;286;7;55888;1
66;57;6;5511;2
66;154;3;12;8
66;289;3;12;22
66;185;3;12;27
66;109;7;23123;3
66;153;7;12114;1
66;313;7;13;2
66;313;7;22;2
66;313;7;33;1
66;313;7;50;1
66;313;7;55;1
66;202;7;13;6
66;202;7;15;1
66;202;7;22;1
66;202;7;45;1
66;98;6;96;7
66;108;7;65013;1
66;21;7;55234;2
66;98;6;1020;2
66;77;6;2200;1
66;211;6;2222;27
66;321;7;22777;2
66;334;6;4490;3
66;289;7;23190;1
66;289;7;33369;1
66;56;6;5533;8
66;268;6;2323;1
66;186;6;1292;1
66;81;7;70000;1
66;66;6;1213;3
66;167;6;1213;2
66;80;6;1511;1
66;217;7;44333;1
66;186;7;22720;1
66;291;7;10000;8
66;287;6;95;6
66;164;6;4490;1
66;64;6;2244;1
66;160;5;555;1
66;167;5;700;76
66;204;7;55678;14
66;125;7;15333;1
66;80;6;13;5
66;80;6;22;2
66;266;6;2288;5
66;315;7;45000;1
66;293;6;6565;2
66;64;6;4444;3
66;99;6;1412;1
66;38;7;44777;1
66;205;3;95;14
66;104;7;50013;1
66;36;6;5050;1
66;100;6;1313;8
66;157;7;13234;1
66;297;6;4555;2
66;181;7;44190;1
66;218;7;55678;30
66;181;7;22222;4
66;223;7;22222;1
66;27;5;555;2
66;301;7;65234;3
66;99;3;44;75
66;290;6;1111;6
66;89;7;13777;1
66;132;7;22022;1
66;310;7;44369;1
66;60;7;11000;1
66;56;7;12600;1
66;249;6;2222;19
66;110;7;50500;1
66;67;7;44123;2
66;296;6;1010;4
66;294;7;22777;7
66;172;7;44543;1
66;172;7;70567;1
66;122;6;4422;2
66;329;5;131;35
66;117;6;1533;1
66;18;3;95;6
66;78;7;50777;1
66;276;6;2255;50
66;208;3;44;111
66;209;7;12222;5
66;21;7;22555;64
66;18;7;12888;2
66;209;6;1090;2
66;130;7;65234;2
66;161;6;2210;2
66;202;6;2288;3
66;296;7;90909;1
66;14;6;1221;1
66;14;6;4412;1
66;233;6;5055;1
66;129;7;15;1
66;129;7;10;1
66;129;7;12;2
66;129;7;13;8
66;129;7;22;4
66;129;7;55;1
66;129;7;70;1
66;297;7;12345;1
66;297;7;65013;1
66;271;7;11111;2
66;167;7;13132;2
66;220;6;13;4
66;220;6;22;3
66;220;7;11;1
66;220;7;12;4
66;220;7;13;9
66;220;7;22;4
66;220;7;23;1
66;220;7;44;3
66;220;7;55;1
66;220;7;70;3
66;42;6;1300;1
66;42;7;55678;9
66;169;7;12344;1
66;291;7;11111;1
66;230;6;1214;35
66;220;7;33222;1
66;78;3;95;3
66;108;6;1234;1
66;293;7;15333;1
66;42;7;12;4
66;42;7;13;9
66;42;7;22;4
66;42;7;70;3
66;329;6;1300;1
66;148;6;2323;1
66;233;7;55678;76
66;66;7;33033;1
66;140;7;13;13
66;140;7;14;1
66;140;7;22;5
66;140;7;45;1
66;140;7;55;2
66;140;7;65;2
66;140;7;70;1
66;140;6;12;3
66;140;6;13;4
66;140;6;50;1
66;140;7;10;1
66;164;6;4410;2
66;15;6;4445;1
66;173;7;11444;1
66;334;7;13;2
66;334;7;15;1
66;22;5;96;27
66;83;6;1292;3
66;56;6;4490;1
66;170;7;22222;5
66;170;7;44190;1
66;67;6;5555;3
66;17;6;1333;2
66;202;7;33888;1
66;316;3;13;29
66;140;7;12222;3
66;233;7;10123;22
66;104;6;2244;5
66;124;6;1322;1
66;217;6;2222;6
66;309;6;1214;27
66;195;6;1214;54
66;76;7;10369;1
66;109;7;96;13
66;298;6;50;1
66;298;6;13;2
66;298;6;22;2
66;298;6;65;1
66;298;7;13;4
66;298;7;22;1
66;298;7;33;1
66;298;7;44;1
66;298;7;50;1
66;17;7;50444;1
66;211;6;2299;9
66;162;6;2210;2
66;97;5;96;37
66;248;7;23123;1
66;128;3;96;10
66;294;7;10123;9
66;290;7;55555;1
66;167;6;1533;2
66;20;6;1010;1
66;133;7;13789;2
66;249;7;70123;1
66;249;5;700;91
66;158;7;50113;1
66;82;6;5055;5
66;204;7;12222;15
66;59;7;12111;1
66;130;7;10124;1
66;234;7;13013;2
66;12;7;13333;2
66;284;7;10123;22
66;164;6;2299;4
66;172;5;700;84
66;47;7;33133;1
66;284;7;12000;59
66;156;7;90909;3
66;266;7;55333;2
66;215;6;12;3
66;215;6;13;4
66;215;6;22;3
66;215;6;65;1
66;215;6;70;3
66;215;7;10;2
66;215;7;12;3
66;215;7;13;8
66;215;7;14;1
66;215;7;22;5
66;215;7;70;7
66;254;7;10;1
66;254;7;11;1
66;254;7;12;2
66;254;7;13;10
66;254;7;22;2
66;59;6;4447;1
66;313;6;5500;1
66;76;6;50;1
66;76;6;65;1
66;76;6;70;1
66;76;7;13;7
66;76;7;22;3
66;76;7;55;1
66;76;7;70;1
66;111;7;44777;3
66;21;7;50113;1
66;251;6;1233;1
66;95;3;12;20
66;75;7;10000;1
66;268;7;70123;1
66;268;5;700;85
66;153;6;96;16
66;47;7;13258;2
66;98;6;2225;1
66;68;7;44777;1
66;251;7;12456;1
66;251;6;4477;2
66;125;3;96;7
66;22;7;22777;6
66;99;7;55678;19
66;249;6;2210;1
66;275;6;5567;1
66;18;6;1333;4
66;34;7;12555;2
66;293;6;5533;7
66;42;5;96;20
66;251;6;5013;1
66;57;7;14014;6
66;182;7;13444;1
66;271;7;11113;1
66;271;7;22022;7
66;247;7;55678;3
66;107;3;95;7
66;254;6;4488;1
66;98;6;1323;1
66;14;7;23192;2
66;162;6;1313;11
66;91;7;10000;2
66;122;6;4410;2
66;83;7;12123;1
66;28;7;12123;1
66;40;6;1533;4
66;156;6;1313;2
66;293;6;4420;2
66;228;7;33000;1
66;125;6;7011;1
66;278;7;55234;2
66;10;7;12500;2
66;98;7;12144;5
66;67;7;22777;2
66;162;7;10030;1
66;130;7;70321;1
66;38;7;22555;82
66;184;5;96;15
66;170;6;1111;21
66;93;7;10000;1
66;130;7;95;20
66;95;3;96;21
66;93;7;96;6
66;80;6;40;1
66;80;6;44;1
66;80;6;55;1
66;80;7;10;1
66;80;7;12;1
66;80;7;13;7
66;80;7;15;1
66;80;7;22;1
66;80;7;55;2
66;80;7;70;2
66;315;7;12;2
66;315;7;13;6
66;315;7;40;1
66;315;7;44;2
66;315;7;70;1
66;315;6;12;1
66;315;6;13;5
66;158;7;90;1
66;158;6;12;1
66;158;6;13;2
66;158;6;36;1
66;158;6;45;1
66;158;7;10;1
66;158;7;13;4
66;158;7;22;2
66;99;6;2201;1
66;28;6;5555;5
66;124;7;22;1
66;124;7;23;1
66;124;7;33;1
66;124;7;44;1
66;124;7;55;3
66;124;7;70;2
66;225;7;44333;1
66;51;3;44;53
66;10;6;5511;11
66;180;7;22222;6
66;122;7;11111;1
66;275;6;4455;5
66;207;7;12300;1
66;53;7;44789;1
66;36;6;4444;1
66;65;7;33456;1
66;276;7;10555;1
66;34;7;22678;1
66;172;7;96;7
66;13;3;95;5
66;128;6;2277;6
66;277;6;1111;4
66;93;3;12;17
66;66;3;44;60
66;300;6;4422;6
66;164;6;95;10
66;301;6;96;8
66;66;6;2210;1
66;181;7;44123;2
66;223;7;44123;1
66;104;5;700;100
66;42;7;22556;1
66;173;7;50500;2
66;184;6;1010;8
66;184;6;4456;1
66;149;6;5511;8
66;1;6;7040;1
66;271;6;1233;1
66;237;3;44;100
66;286;7;50500;1
66;243;7;33145;1
66;218;7;70400;1
66;287;6;5533;6
66;167;6;4512;4
66;284;7;90123;2
66;308;7;13234;2
66;211;7;55333;2
66;163;7;12555;2
66;227;7;13100;1
66;227;7;22120;1
66;248;6;1333;1
66;248;7;50131;1
66;67;6;1412;1
66;227;6;1322;1
66;195;7;70007;1
66;156;5;95;16
66;94;3;12;15
66;82;6;2255;73
66;268;6;55;1
66;268;7;10;1
66;268;7;12;2
66;268;7;13;6
66;268;7;22;2
66;268;7;23;2
66;268;7;45;1
66;268;7;50;1
66;268;7;55;2
66;298;6;1292;3
66;67;7;22555;64
66;230;5;555;2
66;290;7;90180;1
66;268;7;70222;1
66;248;6;4490;4
66;162;7;10680;1
66;321;7;22022;4
66;240;7;22022;2
66;275;7;65234;1
66;79;3;12;8
66;264;5;95;13
66;10;6;22;2
66;10;6;43;1
66;112;3;13;129
66;249;7;30000;1
66;303;7;12000;7
66;93;6;1213;8
66;16;7;10000;2
66;315;6;4567;2
66;133;7;33;1
66;133;7;44;2
66;133;7;70;1
66;49;6;2299;5
66;22;7;11111;1
66;221;7;12123;1
66;133;6;5050;1
66;18;7;12555;1
66;308;5;96;25
66;288;3;96;11
66;230;7;10000;3
66;120;6;1333;2
66;182;6;2313;1
66;182;7;10123;4
66;156;7;13123;1
66;296;7;50013;1
66;287;6;1213;1
66;224;6;1313;9
66;238;6;1321;1
66;248;7;65234;1
66;317;7;10000;2
66;153;7;22511;2
66;153;7;44020;1
66;153;7;96;14
66;204;6;4020;2
66;148;6;4410;3
66;57;6;5567;1
66;60;6;4488;1
66;278;7;55888;1
66;108;5;555;2
66;148;7;55;2
66;207;7;22222;4
66;296;7;15120;2
66;122;7;55678;5
66;300;3;44;126
66;96;7;45300;1
66;68;6;5511;3
66;223;7;22556;1
66;221;6;1311;1
66;237;6;4422;6
66;164;6;96;17
66;218;7;22022;2
66;129;6;4490;2
66;129;6;5588;1
66;37;3;13;182
66;300;6;5511;13
66;112;3;96;21
66;10;7;13132;3
66;65;7;45300;1
66;300;6;5007;1
66;272;7;65013;1
66;276;7;44456;1
66;92;6;4420;2
66;231;6;4422;2
66;209;7;22556;1
66;111;3;13;147
66;223;7;22022;5
66;318;6;2300;2
66;98;6;4410;1
66;60;6;4410;1
66;127;6;4410;1
66;300;7;13013;1
66;167;7;45999;1
66;96;6;6565;5
66;297;7;22556;3
66;100;3;95;7
66;125;7;12888;2
66;125;7;13333;2
66;186;7;10000;2
66;109;7;12222;2
66;162;5;96;20
66;125;6;5599;1
66;267;7;22555;28
66;162;6;2277;4
66;108;6;3000;1
66;313;7;96;7
66;110;7;33700;1
66;248;6;4447;2
66;77;6;6513;1
66;273;6;1012;1
66;204;7;44123;1
66;53;6;1213;9
66;329;7;12;2
66;329;7;13;3
66;129;7;44700;1
66;108;3;95;9
66;171;7;90909;1
66;11;7;14393;1
66;17;7;50013;1
66;239;7;22222;8
66;239;7;44190;1
66;22;6;2323;1
66;58;6;4410;2
66;21;3;96;13
66;186;6;2277;16
66;39;6;2299;9
66;224;7;50013;3
66;181;7;15123;7
66;223;7;15123;7
66;247;6;2222;17
66;300;7;10000;1
66;92;7;44776;6
66;268;6;4422;6
66;42;6;1133;2
66;57;7;11000;3
66;19;5;131;147
66;230;7;13132;5
66;66;7;50777;1
66;202;7;11111;1
66;94;7;12114;1
66;17;7;44123;2
66;207;6;1255;1
66;36;6;1533;1
66;132;6;13;1
66;132;6;22;1
66;132;6;44;1
66;91;6;2210;1
66;273;7;13234;1
66;223;3;13;155
66;311;6;1313;2
66;37;6;4567;1
66;300;6;4445;1
66;62;7;50500;7
66;35;7;12300;1
66;251;7;45300;1
66;211;5;131;125
66;12;6;5511;5
66;334;6;1447;1
66;218;6;1222;1
66;48;3;96;14
66;316;7;45999;1
66;88;6;4490;1
66;88;6;5588;1
66;117;6;1212;2
66;182;6;6565;5
66;180;6;1221;2
66;298;6;4456;3
66;298;6;1010;4
66;202;7;50013;1
66;63;5;96;20
66;161;6;2288;6
66;152;6;1500;1
66;230;7;22222;3
66;160;5;95;12
66;322;7;50777;1
66;124;7;10123;9
66;109;7;90333;1
66;62;7;44999;4
66;239;7;13132;3
66;95;7;33700;1
66;248;7;50180;1
66;92;7;10000;1
66;234;7;70222;6
66;164;7;23123;14
66;254;7;44567;1
66;108;6;4490;1
66;317;6;1111;5
66;317;7;95;4
66;172;6;96;12
66;110;7;65234;3
66;58;6;5511;2
66;220;6;1010;3
66;220;6;4456;1
66;67;3;44;59
66;124;7;12300;1
66;95;7;12114;1
66;60;6;2201;1
66;52;5;700;107
66;62;6;5055;4
66;303;7;45000;1
66;317;7;13555;1
66;63;6;1470;1
66;239;6;1515;1
66;28;6;2299;23
66;153;7;13138;1
66;186;7;55678;22
66;167;6;5533;1
66;90;7;45333;1
66;27;5;700;24
66;95;6;5555;1
66;132;7;10124;1
66;290;7;10400;1
66;185;6;1333;1
66;239;7;44789;1
66;92;6;2222;12
66;238;6;5511;6
66;182;7;11999;1
66;120;5;555;3
66;291;7;13258;1
66;274;6;4477;1
66;17;7;22777;2
66;19;6;5533;8
66;93;6;5588;1
66;224;7;11000;1
66;313;6;1269;1
66;65;7;12555;1
66;207;7;22;5
66;207;7;70;4
66;240;6;2222;21
66;321;6;2222;5
66;217;7;55678;7
66;47;6;5522;2
66;47;6;95;15
66;75;7;15122;1
66;234;6;1111;8
66;185;6;4490;1
66;185;7;10190;2
66;264;3;96;12
66;288;7;45111;1
66;217;5;131;175
66;76;6;2299;1
66;278;6;1214;15
66;34;7;95;6
66;34;6;1111;6
66;305;7;95;2
66;203;6;2201;1
66;88;7;22555;85
66;41;7;23123;1
66;152;7;13133;2
66;173;6;2201;2
66;42;6;95;15
66;66;7;55678;7
66;220;5;131;181
66;266;7;15145;1
66;267;7;44567;2
66;195;6;6565;4
66;15;6;1531;1
66;15;7;22380;1
66;15;7;44333;1
66;16;6;1112;1
66;312;6;2288;2
66;161;7;13131;1
66;161;7;55888;1
66;69;3;16;1
66;275;7;22555;116
66;91;7;12345;1
66;220;3;13;156
66;209;7;13133;2
66;304;6;1321;1
66;248;7;12000;10
66;1;7;10123;1
66;299;7;33123;1
66;294;7;70345;2
66;75;6;2323;2
66;75;7;44557;1
66;156;7;22444;1
66;34;6;96;11
66;272;6;4490;1
66;123;5;131;136
66;314;7;13131;1
66;62;7;15888;1
66;273;7;70123;1
66;273;5;700;73
66;28;7;55333;4
66;305;6;1326;1
66;76;6;7099;1
66;164;6;1020;1
66;218;7;15123;9
66;100;6;4490;2
66;221;7;50113;1
66;152;5;700;96
66;67;7;70222;1
66;297;6;2288;5
66;62;6;2288;2
66;123;7;10;1
66;123;7;13;9
66;123;7;15;1
66;123;7;22;3
66;123;7;70;3
66;123;6;12;2
66;322;5;95;6
66;172;7;55333;3
66;298;6;2210;4
66;81;6;11;2
66;81;6;12;2
66;81;6;13;7
66;81;6;15;1
66;81;6;22;1
66;81;6;33;1
66;81;6;70;1
66;81;7;12;4
66;81;7;13;12
66;81;7;15;1
66;81;7;16;1
66;81;7;22;3
66;81;7;50;1
66;81;7;55;2
66;95;6;1020;1
66;240;7;65123;2
66;23;7;22222;2
66;23;7;44190;1
66;63;7;33888;2
66;76;6;1010;11
66;76;6;4456;1
66;169;6;7020;1
66;55;6;1522;1
66;122;6;1470;1
66;122;7;36000;1
66;12;7;10400;2
66;97;6;4410;1
66;133;7;11113;1
66;133;7;22022;6
66;182;6;4010;1
66;120;7;44999;1
66;76;3;96;2
66;240;7;22000;3
66;40;7;12555;3
66;315;7;44123;1
66;204;7;12000;56
66;28;6;4444;2
66;19;6;5555;17
66;129;7;22444;1
66;302;7;22777;2
66;254;7;44777;1
66;125;6;2222;19
66;286;7;22222;4
66;286;7;44190;1
66;148;6;4455;8
66;249;7;12500;1
66;169;6;95;18
66;169;7;45000;1
66;311;6;1111;4
66;164;7;44020;1
66;164;7;96;12
66;106;7;23192;2
66;185;7;11444;1
66;11;7;12222;10
66;17;6;5013;1
66;170;7;50500;5
66;158;6;5050;3
66;23;6;9010;1
66;171;6;95;13
66;68;6;5533;6
66;164;3;44;122
66;19;6;2200;2
66;224;6;1233;1
66;90;7;11999;3
66;204;6;1321;1
66;133;7;13123;1
66;11;6;4000;2
66;220;6;4530;1
66;42;7;13333;1
66;90;7;50777;1
66;157;6;4444;1
66;288;7;44777;1
66;47;6;2222;9
66;225;7;13234;3
66;37;6;1313;9
66;63;5;95;16
66;58;7;22777;2
66;28;6;96;16
66;301;7;23192;1
66;249;6;1333;1
66;312;7;23123;4
66;161;7;11111;1
66;14;6;1252;2
66;79;3;13;97
66;228;7;70762;1
66;22;7;12300;1
66;75;5;131;138
66;38;7;12111;1
66;75;7;10123;3
66;21;7;13456;2
66;322;7;23192;1
66;105;3;44;132
66;79;6;1321;1
66;312;7;33456;3
66;130;6;1010;4
66;130;6;4456;5
66;224;6;2256;1
66;182;7;23123;1
66;274;6;5555;1
66;313;7;13013;2
66;313;7;45333;3
66;157;7;13123;1
66;243;6;5533;15
66;225;7;12888;1
66;225;7;13333;1
66;56;7;13456;1
66;23;6;4447;8
66;299;6;4447;1
66;184;7;12000;5
66;195;3;44;49
66;77;7;12114;1
66;266;6;2244;1
66;180;3;96;9
66;248;6;6565;4
66;248;7;50222;1
66;322;6;1020;2
66;292;6;4456;1
66;52;6;2201;1
66;293;6;1331;1
66;300;7;50500;6
66;166;6;4422;15
66;173;7;55678;5
66;292;7;12000;1
66;124;6;10;1
66;124;6;12;4
66;124;6;13;3
66;124;6;14;1
66;124;6;15;1
66;124;6;22;2
66;124;6;45;1
66;124;6;70;2
66;124;7;11;3
66;40;7;45333;2
66;95;5;96;29
66;17;6;1313;9
66;17;6;4466;1
66;211;7;11111;2
66;211;7;12344;1
66;308;7;44040;1
66;120;7;55234;1
66;205;3;13;104
66;208;6;5522;1
66;208;6;95;18
66;208;7;45000;3
66;161;7;70222;2
66;166;3;95;2
66;299;3;96;2
66;108;6;5511;7
66;95;7;65234;2
66;28;7;55888;1
66;240;6;1322;2
66;67;7;13132;1
66;180;6;1533;1
66;49;7;12;4
66;49;7;13;10
66;49;7;14;1
66;49;7;15;1
66;49;7;22;2
66;49;7;33;1
66;49;7;36;1
66;49;7;43;1
66;49;7;44;1
66;49;7;55;2
66;49;7;70;1
66;109;7;45;2
66;109;7;22;4
66;109;7;23;1
66;109;7;44;4
66;109;7;65;2
66;109;7;70;3
66;322;6;2299;5
66;202;7;44999;1
66;271;6;4444;1
66;224;7;22222;7
66;292;7;13789;1
66;297;6;2023;2
66;78;6;2300;1
66;41;7;44567;4
66;127;6;5511;4
66;274;7;22111;2
66;139;6;2200;5
66;310;6;5511;2
66;78;7;13133;1
66;297;7;12222;2
66;83;6;2201;1
66;182;6;1251;1
66;181;6;4490;2
66;181;6;5588;1
66;21;7;44020;3
66;21;7;96;10
66;80;5;131;165
66;64;6;5555;1
66;161;7;50013;2
66;321;7;12222;1
66;228;7;10000;1
66;129;6;5005;1
66;129;7;44027;1
66;80;6;1044;1
66;308;6;6565;1
66;303;6;4490;1
66;303;6;5588;1
66;313;6;1213;3
66;308;6;4555;1
66;109;6;96;16
66;1;7;22120;1
66;124;7;22511;1
66;124;7;96;8
66;304;7;44567;1
66;287;6;1214;6
66;100;7;45300;3
66;161;6;5500;1
66;164;7;45111;1
66;140;7;12111;2
66;127;7;44333;1
66;164;7;55860;1
66;164;7;15333;1
66;298;7;55555;2
66;55;5;160;1
66;20;6;1020;1
66;182;7;13131;1
66;297;6;5005;4
66;37;6;1321;1
66;164;7;10000;2
66;288;6;1214;32
66;53;7;11999;1
66;215;7;10000;4
66;186;7;45045;1
66;139;3;44;114
66;40;3;44;94
66;94;6;1212;1
66;27;7;44333;1
66;288;5;95;26
66;80;7;22777;1
66;122;7;96;7
66;202;5;95;9
66;211;7;10123;7
66;291;7;15120;1
66;14;7;12222;6
66;148;7;95;15
66;148;6;1111;10
66;105;6;1233;2
66;139;7;23456;1
66;220;6;2210;1
66;120;6;4400;1
66;48;6;4447;1
66;93;6;5050;1
66;78;7;13123;1
66;89;7;12222;8
66;11;6;4055;1
66;217;7;13133;1
66;93;7;50500;3
66;298;6;5055;9
66;321;6;6565;2
66;268;6;4444;2
66;291;6;96;7
66;223;5;700;71
66;125;6;1322;4
66;56;6;95;5
66;56;7;45000;1
66;284;7;22022;4
66;217;6;11;1
66;217;6;12;5
66;217;6;13;6
66;217;6;15;1
66;217;6;22;3
66;132;6;11;1
66;132;6;12;1
66;180;7;44999;1
66;63;6;5005;1
66;271;6;4400;1
66;230;7;44543;1
66;21;6;1214;16
66;41;6;4012;1
66;57;7;12999;2
66;234;6;1020;1
66;82;7;33888;6
66;52;7;22111;1
66;292;6;5533;5
66;296;6;1313;5
66;315;7;10177;1
66;248;5;555;9
66;170;7;44444;1
66;300;7;13131;1
66;300;7;55888;1
66;208;6;2277;11
66;120;3;95;6
66;139;7;22022;4
66;78;6;1234;2
66;78;6;4411;2
66;39;5;96;31
66;231;5;555;1
66;93;5;95;10
66;108;6;1090;1
66;16;7;12222;11
66;109;7;15123;5
66;99;6;1321;1
66;99;7;13123;1
66;14;6;2299;19
66;128;7;12000;50
66;291;7;10190;1
66;291;6;1016;4
66;209;3;44;104
66;202;7;10000;5
66;77;6;1515;1
66;211;7;10190;2
66;278;7;12789;1
66;234;5;131;230
66;91;6;6565;9
66;100;7;95;16
66;151;7;50013;1
66;28;6;5533;14
66;240;7;44777;3
66;55;7;13258;1
66;56;3;44;101
66;129;7;13222;1
66;167;7;55678;9
66;291;7;12123;1
66;223;6;1020;2
66;88;6;1201;1
66;65;5;131;160
66;81;7;33145;1
66;243;5;160;1
66;11;7;36192;2
66;48;7;95;14
66;48;6;1111;10
66;181;6;2277;7
66;14;6;1313;6
66;88;7;22556;1
66;276;7;22556;1
66;88;6;1214;19
66;157;6;1000;5
66;56;3;12;12
66;154;7;44333;1
66;164;6;5555;7
66;310;6;2288;2
66;42;6;96;4
66;38;7;50011;1
66;284;7;22380;2
66;94;3;95;10
66;10;7;13444;1
66;139;7;13132;3
66;91;7;22222;3
66;284;7;55888;1
66;171;6;5533;6
66;124;6;2256;1
66;13;6;1221;3
66;59;6;2222;7
66;164;6;5001;1
66;169;7;12000;56
66;224;6;3535;1
66;127;6;1201;2
66;123;6;95;4
66;123;7;45000;1
66;301;5;555;7
66;22;7;15123;4
66;230;6;3555;1
66;238;5;96;12
66;296;6;5044;1
66;296;7;12333;1
66;204;3;95;14
66;234;7;15123;2
66;293;6;2299;4
66;132;7;55678;1
66;96;3;12;15
66;314;7;11111;3
66;243;6;1213;2
66;120;7;11113;1
66;120;7;22022;7
66;28;6;7077;1
66;123;7;22222;3
66;80;6;1111;18
66;162;7;22556;1
66;11;7;22777;2
66;139;3;96;15
66;248;6;1111;2
66;248;7;95;15
66;290;6;4567;2
66;48;6;2210;1
66;42;6;5050;1
66;88;7;95;7
66;112;5;131;155
66;61;6;4444;1
66;224;6;2244;1
66;313;7;23123;3
66;293;6;1322;1
66;36;6;1221;2
66;234;6;1333;2
66;287;6;96;4
66;89;5;96;12
66;329;7;45000;2
66;309;7;55678;1
66;291;7;22555;80
66;300;7;55678;18
66;41;6;1213;4
66;158;3;44;87
66;313;6;5013;1
66;301;6;2299;16
66;334;6;4423;1
66;130;6;5050;2
66;314;7;12500;1
66;228;6;22;3
66;228;7;70;1
66;228;6;12;2
66;228;6;13;2
66;100;6;12;1
66;100;6;13;2
66;100;6;44;2
66;171;7;10123;5
66;62;5;131;133
66;77;7;10190;1
66;289;6;7007;1
66;290;7;13555;1
66;124;6;96;7
66;304;7;96;3
66;274;7;12222;43
66;313;7;13132;2
66;310;7;22555;34
66;171;7;22555;58
66;13;5;95;11
66;164;5;95;16
66;47;7;12555;1
66;170;6;1012;2
66;170;6;1321;6
66;1;6;2277;2
66;268;7;12000;6
66;184;7;44777;1
66;272;5;131;180
66;274;6;1212;1
66;90;7;12100;2
66;124;6;5544;1
66;186;7;70400;6
66;53;5;555;2
66;75;6;6565;1
66;148;6;2200;1
66;157;7;15123;4
66;18;6;1251;1
66;220;6;4321;1
66;18;7;44111;1
66;247;5;95;10
66;63;6;4490;1
66;182;7;13123;1
66;227;6;1010;10
66;227;6;4456;3
66;109;7;44567;1
66;21;6;2233;1
66;291;3;13;157
66;217;7;55333;2
66;125;7;23333;1
66;82;7;23123;5
66;96;7;70222;1
66;77;5;700;68
66;151;6;2210;1
66;295;7;13132;1
66;309;7;10000;2
66;93;7;15151;1
66;181;7;22123;1
66;151;7;22556;1
66;99;7;22;4
66;211;7;15151;1
66;243;6;4555;2
66;94;7;70190;1
66;286;7;22556;2
66;80;7;12222;5
66;149;7;10123;4
66;139;6;1111;6
66;209;7;13777;1
66;268;6;4410;2
66;68;6;1580;1
66;170;7;11111;2
66;186;7;12300;1
66;109;6;1314;1
66;202;6;1322;1
66;271;7;13013;1
66;238;6;4455;1
66;53;7;50500;1
66;100;5;131;137
66;110;6;1213;7
66;243;7;96;21
66;63;7;44027;1
66;14;3;44;96
66;62;7;33222;2
66;91;7;33000;2
66;83;6;1214;62
66;95;6;1214;19
66;15;6;5013;1
66;40;6;2299;9
66;320;7;50500;2
66;129;6;6565;3
66;140;6;1111;2
66;140;7;95;8
66;296;6;1214;18
66;180;6;10;1
66;180;6;12;2
66;180;6;13;2
66;180;6;50;1
66;180;6;70;1
66;180;7;12;2
66;180;7;13;10
66;180;7;15;1
66;180;7;18;1
66;181;6;96;14
66;223;6;96;9
66;320;6;5511;6
66;151;5;555;2
66;204;7;12123;1
66;78;7;22222;4
66;96;6;5007;1
66;151;7;12000;104
66;11;6;1313;13
66;11;6;4466;1
66;238;7;13234;3
66;80;6;2222;16
66;52;7;12222;20
66;301;3;13;128
66;109;7;44888;1
66;318;3;12;8
66;11;7;10124;1
66;195;6;5001;1
66;120;7;22555;57
66;12;7;13100;1
66;291;7;22777;10
66;203;6;2323;1
66;125;6;21;1
66;125;7;13;5
66;125;7;15;2
66;125;7;45;1
66;125;7;55;1
66;224;7;11999;1
66;181;3;95;8
66;40;7;10000;1
66;139;7;10000;3
66;311;6;2255;37
66;16;7;10123;8
66;16;6;2313;1
66;108;7;10123;1
66;16;6;2222;12
66;160;6;4490;1
66;181;6;4445;3
66;290;7;55234;1
66;57;6;5522;2
66;57;6;95;15
66;268;6;4477;1
66;163;7;23123;1
66;158;7;23123;3
66;1;3;12;22
66;38;6;1222;1
66;38;6;1234;1
66;38;7;55555;2
66;209;6;4455;2
66;53;6;1292;1
66;173;6;5533;7
66;57;6;13;1
66;277;7;95;13
66;122;7;13789;1
66;239;6;6565;5
66;297;7;45000;2
66;40;7;90909;2
66;205;7;45000;1
66;10;3;95;9
66;173;7;10400;4
66;123;6;5500;1
66;28;6;4455;1
66;228;7;13333;2
66;273;5;131;167
66;329;7;45045;1
66;10;7;13258;1
66;277;7;70777;1
66;276;6;4420;1
66;204;6;7040;1
66;292;5;131;104
66;270;6;2299;29
66;14;7;50013;3
66;308;7;44543;1
66;209;3;96;6
66;11;7;10190;2
66;161;7;12600;1
66;109;5;131;166
66;125;7;30000;1
66;133;6;4447;3
66;202;7;55678;4
66;90;6;1313;4
66;90;6;4466;1
66;80;6;2299;14
66;128;6;1111;12
66;140;3;96;16
66;125;6;1111;12
66;244;6;1111;14
66;225;6;1520;1
66;14;6;2100;1
66;65;6;96;10
66;65;7;23123;2
66;69;7;13100;2
66;224;7;44777;1
66;322;6;1010;3
66;67;6;4447;1
66;90;5;96;26
66;264;7;13132;1
66;264;7;70222;2
66;10;6;1313;5
66;205;6;5555;9
66;322;6;5533;7
66;96;7;44022;1
66;104;6;4444;1
66;301;7;22777;1
66;54;6;2299;30
66;57;6;4050;1
66;21;7;33222;1
66;27;7;23123;1
66;55;6;3555;3
66;41;5;700;78
66;54;6;4321;4
66;266;7;12500;1
66;293;3;16;1
66;221;7;13258;1
66;254;7;12222;15
66;90;6;1292;1
66;293;6;1533;1
66;301;6;13;5
66;301;6;22;1
66;301;6;50;1
66;301;7;12;2
66;301;7;13;7
66;301;7;22;1
66;301;7;23;1
66;158;7;12600;1
66;278;6;1285;1
66;37;7;12345;1
66;95;7;12755;1
66;284;6;4477;1
66;148;6;4567;4
66;195;7;40400;1
66;271;3;95;9
66;66;7;13333;2
66;251;6;5512;1
66;49;6;4422;6
66;321;7;65234;2
66;251;7;65234;1
66;270;7;44190;3
66;227;6;6565;1
66;295;5;95;7
66;125;7;15580;1
66;288;5;96;14
66;98;6;2200;1
66;163;6;1155;1
66;61;3;96;19
66;112;7;45045;1
66;127;6;1313;1
66;92;7;44333;2
66;36;6;1212;1
66;112;6;4455;1
66;128;6;2256;1
66;69;7;22777;22
66;12;7;12888;1
66;18;6;1313;3
66;266;7;13333;4
66;302;3;13;32
66;182;7;44022;1
66;95;7;13123;3
66;233;7;55011;1
66;104;6;2299;8
66;18;6;5555;1
66;98;3;95;6
66;205;6;1313;2
66;271;7;15120;1
66;108;7;96;13
66;238;6;1010;1
66;243;7;50500;4
66;117;6;1313;7
66;15;7;22555;48
66;207;6;4488;1
66;39;7;55678;23
66;233;5;96;22
66;52;6;2222;17
66;322;6;1292;4
66;96;7;55011;2
66;286;7;12222;6
66;284;6;1222;1
66;284;6;1234;3
66;284;6;7000;1
66;205;7;55555;2
66;93;7;44111;1
66;93;6;1292;5
66;99;7;12123;1
66;10;7;55011;1
66;172;6;3378;1
66;275;7;23123;7
66;28;7;15123;7
66;277;7;22555;74
66;277;7;12789;2
66;311;3;13;36
66;163;6;5055;3
66;79;7;22222;2
66;79;7;44190;1
66;76;7;55234;1
66;180;6;5050;1
66;161;7;22555;96
66;301;7;12888;1
66;301;7;13333;10
66;231;6;1000;6
66;61;5;555;2
66;313;6;4400;1
66;56;3;95;6
66;156;7;15333;1
66;64;6;4410;1
66;299;6;1569;1
66;290;7;12000;5
66;182;6;1533;1
66;297;7;44144;1
66;140;6;5533;3
66;184;6;2299;7
66;157;7;22022;2
66;220;5;96;27
66;16;6;2201;1
66;80;6;7040;2
66;215;7;55234;1
66;303;6;1251;1
66;270;7;22022;1
66;274;7;23123;1
66;89;6;4456;3
66;185;6;1515;1
66;90;6;2200;2
66;195;6;4488;1
66;49;7;55011;2
66;267;3;95;3
66;152;3;95;10
66;99;7;12000;24
66;248;6;4444;5
66;228;7;44456;1
66;108;7;13013;2
66;209;7;10123;4
66;290;7;13777;1
66;294;7;15123;1
66;94;7;50500;1
66;48;6;5001;1
66;182;6;1221;3
66;182;6;4412;2
66;34;6;1299;1
66;321;7;44777;2
66;68;6;5500;1
66;40;6;2255;58
66;284;7;70007;1
66;111;6;4000;1
66;275;7;65700;1
66;243;6;2222;21
66;14;7;45333;1
66;104;7;96;9
66;21;7;10123;2
66;123;3;12;9
66;130;6;1292;3
66;124;7;11111;1
66;128;6;1333;1
66;40;7;44027;1
66;133;7;33888;1
66;104;7;55678;10
66;152;6;1333;1
66;334;6;9001;1
66;234;6;2256;1
66;264;7;55678;14
66;172;7;95;15
66;314;6;1221;3
66;180;7;12789;2
66;54;3;12;32
66;277;6;96;7
66;123;7;70222;1
66;123;7;13132;1
66;38;7;96;8
66;182;7;22444;1
66;290;6;4010;1
66;78;7;44123;2
66;107;6;5533;2
66;239;6;2210;2
66;314;7;12114;1
66;314;7;90091;1
66;95;7;44123;3
66;238;7;23333;1
66;239;7;12222;6
66;89;6;5588;1
66;314;6;96;5
66;20;7;22022;3
66;112;7;10123;1
66;94;7;10;2
66;96;6;1292;1
66;90;6;1234;1
66;27;7;22022;1
66;27;6;4447;1
66;182;6;2288;7
66;97;5;95;13
66;12;6;4447;2
66;66;6;1016;1
66;125;6;95;15
66;270;3;13;117
66;104;6;5555;25
66;158;7;12000;11
66;203;6;4010;1
66;21;6;2033;1
66;19;7;22022;3
66;234;6;10;1
66;234;6;11;1
66;97;3;13;169
66;298;6;2233;1
66;237;5;131;159
66;163;7;23192;1
66;36;7;44888;1
66;127;6;4000;1
66;218;6;2277;8
66;128;5;131;92
66;20;7;10400;1
66;53;3;95;9
66;22;7;50013;2
66;169;5;96;13
66;308;5;555;3
66;204;7;10400;1
66;67;6;1313;3
66;317;6;1313;8
66;308;7;15145;1
66;270;5;95;20
66;20;5;95;15
66;300;7;15333;1
66;254;6;7040;1
66;89;6;5013;1
66;22;6;1292;1
66;164;7;13138;1
66;205;7;44111;4
66;68;6;4321;1
66;38;6;95;8
66;11;3;44;93
66;292;3;95;5
66;51;7;15123;5
66;284;7;11111;1
66;81;7;11111;1
66;90;7;50500;2
66;294;6;5050;1
66;234;7;10400;13
66;234;3;95;10
66;305;6;1516;1
66;303;6;2288;1
66;266;6;95;15
66;109;6;5533;5
66;22;7;55678;8
66;125;6;1299;1
66;231;7;10000;5
66;132;6;2201;2
66;273;6;4422;2
66;80;7;95;29
66;267;7;22222;1
66;106;6;1111;15
66;106;7;95;8
66;12;7;44567;2
66;182;6;5001;2
66;278;7;12111;1
66;112;7;23190;1
66;152;5;131;171
66;15;6;5533;4
66;38;6;5013;1
66;83;7;55011;1
66;300;6;4567;1
66;111;5;131;169
66;209;6;1470;1
66;80;7;13013;2
66;299;7;12222;2
66;28;3;12;20
66;83;3;12;13
66;170;6;2201;2
66;54;7;13123;4
66;181;6;1313;7
66;129;7;22222;7
66;129;7;44190;1
66;157;7;12345;1
66;94;6;2222;20
66;41;3;95;7
66;169;7;13220;1
66;88;7;22111;1
66;89;6;1221;1
66;89;6;4412;1
66;52;6;11;1
66;52;6;12;2
66;52;6;13;1
66;52;6;55;1
66;52;7;12;1
66;52;7;13;11
66;164;6;2201;3
66;244;7;33000;1
66;62;6;1010;3
66;322;5;96;7
66;208;6;2210;1
66;69;7;13789;1
66;69;7;43210;1
66;139;5;95;11
66;266;3;95;13
66;59;6;1010;10
66;122;7;13777;1
66;79;3;96;7
66;288;7;70007;3
66;148;6;1414;1
66;275;6;2299;2
66;202;7;22777;2
66;243;7;13013;2
66;224;5;700;79
66;224;7;70123;1
66;181;6;5555;7
66;10;6;4400;1
66;75;6;1322;1
66;77;6;5055;1
66;298;7;23123;1
66;309;7;22022;1
66;195;7;11113;1
66;195;7;22022;3
66;207;5;95;9
66;228;6;1922;1
66;12;7;65234;3
66;40;3;95;7
66;329;3;12;17
66;264;7;10100;1
66;79;7;10400;8
66;308;7;11113;1
66;308;7;22022;7
66;217;6;95;12
66;167;7;12114;1
66;63;7;15123;4
66;304;7;22022;3
66;304;7;11113;1
66;270;7;22222;4
66;291;6;4400;1
66;238;7;13555;1
66;239;6;4422;2
66;264;7;22444;1
66;161;6;1214;31
66;172;6;1214;73
66;209;7;50500;1
66;218;7;12144;2
66;220;6;95;12
66;278;6;96;18
66;231;6;2323;2
66;275;6;6565;1
66;53;6;1000;7
66;60;7;95;13
66;79;6;1292;1
66;23;3;96;22
66;288;7;13222;4
66;288;7;44999;2
66;264;6;1000;3
66;166;6;1112;1
66;91;7;45333;1
66;211;6;5555;1
66;240;6;1321;3
66;321;6;1321;1
66;41;6;1245;1
66;77;5;96;20
66;158;3;12;24
66;83;7;55860;1
66;208;6;4456;4
66;65;7;70123;3
66;65;5;700;76
66;164;7;44333;1
66;164;7;22380;1
66;164;6;4445;4
66;57;3;13;107
66;288;7;33888;2
66;300;6;1292;3
66;96;7;33123;1
66;185;7;23192;6
66;36;6;95;5
66;270;6;4085;1
66;184;6;4490;1
66;301;6;1500;1
66;47;6;2277;12
66;10;7;44333;2
66;224;6;4567;2
66;322;7;13131;2
66;300;6;6565;2
66;11;6;4013;1
66;158;7;45333;1
66;149;7;22222;5
66;95;7;55333;1
66;122;7;15123;4
66;19;7;12333;1
66;287;7;95;4
66;180;6;1292;3
66;202;7;96;4
66;21;6;5555;2
66;19;7;22222;5
66;230;6;1222;2
66;230;6;1234;1
66;106;6;5555;1
66;76;7;44567;1
66;184;7;55678;18
66;57;7;15123;2
66;140;7;10030;3
66;140;7;96;4
66;88;6;4512;3
66;276;6;4512;1
66;218;6;1000;2
66;130;7;43024;1
66;312;6;1520;2
66;57;7;33099;1
66;89;6;2210;1
66;60;6;1111;10
66;62;6;95;12
66;20;6;6565;2
66;133;6;5013;1
66;228;6;1313;8
66;151;6;1214;106
66;317;7;90500;1
66;65;7;13234;1
66;37;6;4000;1
66;334;7;44123;1
66;11;7;13013;1
66;69;6;7040;1
66;92;6;1313;5
66;231;5;95;21
66;314;6;1213;3
66;317;6;5511;3
66;225;7;30000;1
66;157;6;2222;17
66;294;6;2210;2
66;284;7;70400;1
66;128;6;22;2
66;133;7;96;10
66;251;6;95;21
66;62;6;1511;1
66;184;6;6565;4
66;249;7;11113;1
66;225;6;1010;5
66;97;3;95;10
66;303;7;55333;3
66;209;7;11999;1
66;62;6;1322;4
66;52;3;96;22
66;112;7;44567;1
66;140;7;50013;1
66;109;5;95;13
66;10;6;1233;1
66;297;7;22909;1
66;112;7;44333;4
66;274;7;44333;1
66;231;7;55678;11
66;140;7;15123;4
66;21;7;65;1
66;21;6;11;1
66;21;6;12;2
66;21;6;13;2
66;21;6;22;1
66;21;6;23;1
66;21;6;44;1
66;38;5;700;97
66;294;6;1090;1
66;294;7;12222;6
66;125;6;1000;4
66;244;6;1000;4
66;94;6;1322;1
66;303;7;11999;1
66;54;7;11111;2
66;54;7;96;9
66;23;6;1333;1
66;69;6;7001;1
66;160;6;1233;1
66;34;7;55333;3
66;271;7;33444;1
66;51;7;44111;2
66;291;6;5533;5
66;180;7;50013;1
66;294;6;1214;66
66;247;7;55011;2
66;298;7;11111;2
66;277;6;1222;1
66;225;6;1214;19
66;202;7;15123;3
66;27;7;12222;1
66;320;3;44;44
66;166;7;13789;1
66;117;6;5055;1
66;117;7;44565;1
66;111;6;4447;2
66;95;7;12999;1
66;316;7;12600;4
66;40;5;95;11
66;39;6;2012;1
66;110;6;5511;9
66;110;6;1333;1
66;161;7;45300;1
66;233;6;5533;3
66;298;6;1055;1
66;234;7;10;1
66;234;7;12;3
66;234;7;13;5
66;234;7;22;4
66;234;7;44;1
66;234;7;55;2
66;234;7;65;1
66;149;7;44888;1
66;237;6;7040;1
66;63;7;44333;1
66;67;6;5511;2
66;40;6;7078;1
66;37;7;23123;3
66;21;6;2123;1
66;64;7;70762;1
66;314;7;96;8
66;124;6;7044;3
66;220;7;22777;9
66;79;7;95;6
66;163;6;1213;1
66;205;7;14888;1
66;90;7;12190;1
66;90;6;7040;1
66;208;7;33699;1
66;14;7;22000;1
66;127;7;22555;88
66;128;6;4000;1
66;305;7;44123;1
66;233;3;44;121
66;1;7;45333;1
66;49;6;5511;12
66;290;7;22333;2
66;249;7;15115;1
66;99;7;13258;1
66;300;6;5013;1
66;105;3;96;17
66;162;3;95;12
66;65;6;2323;1
66;248;7;33500;1
66;211;6;1213;12
66;313;6;4433;1
66;209;6;2233;2
66;107;7;22;5
66;107;7;23;1
66;107;7;45;1
66;107;7;55;1
66;97;6;11;1
66;97;6;12;8
66;97;6;13;5
66;202;7;10124;1
66;11;5;555;3
66;240;7;45000;3
66;205;5;96;30
66;111;3;96;17
66;16;7;55333;1
66;92;5;96;16
66;80;6;5533;13
66;300;6;1299;1
66;251;6;1277;2
66;123;6;2225;2
66;268;6;1251;1
66;312;7;70007;1
66;273;7;50500;2
66;140;7;22222;6
66;304;7;55;2
66;51;7;13234;4
66;311;6;1322;1
66;84;6;4512;1
66;227;5;700;60
66;130;7;22555;74
66;105;6;1292;1
66;28;5;700;95
66;312;6;2255;16
66;117;6;5005;1
66;254;7;44999;1
66;67;5;700;43
66;59;5;131;200
66;209;6;96;5
66;156;6;7011;2
66;88;6;2255;69
66;270;6;1010;8
66;149;5;95;19
66;77;6;4013;1
66;82;6;2256;1
66;49;6;1213;2
66;311;7;22555;30
66;181;6;1255;1
66;202;7;13132;3
66;296;7;23123;4
66;290;6;5055;1
66;99;6;2288;2
66;180;6;1512;2
66;180;6;5599;8
66;124;7;55888;2
66;264;6;96;7
66;290;7;22222;7
66;290;7;44190;3
66;124;7;13131;1
66;293;7;22111;1
66;88;6;1333;2
66;234;6;1213;1
66;294;5;96;11
66;93;7;22022;10
66;94;6;4567;1
66;89;7;22380;1
66;89;7;44333;3
66;288;6;9000;1
66;120;7;15120;1
66;292;6;5511;12
66;228;6;2201;1
66;52;7;70400;1
66;112;7;55860;1
66;164;7;13222;1
66;278;7;10123;5
66;272;6;4444;1
66;97;7;12600;1
66;94;6;5533;3
66;334;7;22200;1
66;290;6;1313;20
66;293;6;4444;2
66;127;7;96;12
66;34;7;36192;1
66;247;7;65234;8
66;313;7;13234;2
66;133;7;44700;1
66;81;7;10123;8
66;140;7;22678;1
66;314;7;12222;11
66;215;7;55011;3
66;278;5;555;4
66;318;6;5555;11
66;267;6;95;3
66;244;6;2288;2
66;274;6;4555;1
66;230;6;4444;3
66;314;7;65234;1
66;53;7;13333;2
66;97;7;23456;1
66;66;6;1214;103
66;167;6;1214;24
66;321;7;96;5
66;240;7;96;8
66;82;5;700;59
66;27;7;22222;1
66;244;6;1314;1
66;223;7;50013;3
66;139;6;2210;1
66;272;7;50777;1
66;264;3;95;8
66;184;7;96;5
66;273;6;2200;1
66;124;7;45000;1
66;17;6;2100;1
66;100;7;13;8
66;100;7;22;2
66;100;7;44;1
66;100;7;45;1
66;100;7;70;1
66;202;7;12000;3
66;195;7;70777;1
66;300;7;33888;1
66;75;7;13131;2
66;75;7;23123;2
66;320;6;1214;2
66;78;7;13138;1
66;286;6;5055;2
66;128;3;44;68
66;16;6;11;1
66;16;6;13;8
66;16;6;22;1
66;16;6;36;1
66;16;6;55;1
66;16;7;11;1
66;16;7;12;1
66;16;7;13;7
66;16;7;22;3
66;311;6;1214;11
66;273;6;1322;11
66;203;7;95;10
66;203;6;1111;32
66;76;6;5567;1
66;111;6;1292;4
66;230;7;22555;119
66;132;6;2288;5
66;55;3;13;113
66;97;6;14;1
66;97;6;50;3
66;322;7;22222;5
66;149;6;4567;1
66;56;6;1522;1
66;76;7;55678;8
66;38;7;50500;1
66;47;6;1111;9
66;47;7;95;15
66;268;7;45300;3
66;303;6;2210;4
66;264;7;23192;1
66;42;7;12555;1
66;21;6;1299;2
66;69;6;2201;1
66;139;7;55333;1
66;266;6;1111;13
66;14;6;2222;9
66;239;6;2299;1
66;139;7;33888;2
66;11;6;6565;1
66;154;7;12999;1
66;240;7;55678;5
66;251;7;55678;5
66;83;6;36;2
66;64;7;10000;7
66;83;6;44;1
66;249;7;13132;1
66;100;6;5555;1
66;65;6;1000;1
66;207;6;5533;13
66;208;7;45300;1
66;271;6;2255;49
66;99;7;70007;1
66;61;6;7000;1
66;334;6;1933;1
66;266;6;4422;2
66;270;7;22555;74
66;122;7;22222;5
66;122;7;44190;1
66;315;6;2210;4
66;80;6;2210;1
66;84;7;55678;8
66;28;7;12111;1
66;108;5;95;20
66;317;6;1201;1
66;203;7;50500;9
66;291;7;70300;1
66;293;6;96;14
66;300;7;12888;2
66;300;7;13333;7
66;239;7;90909;2
66;13;7;23123;10
66;37;5;131;191
66;270;7;95;16
66;89;7;13132;2
66;56;6;2255;100
66;172;6;2210;1
66;75;5;700;77
66;276;7;50013;2
66;1;7;13133;2
66;208;6;1213;3
66;243;7;70222;1
66;243;7;13132;1
66;64;7;44444;1
66;204;6;1922;1
66;17;7;10122;1
66;106;7;23123;1
66;129;6;1010;9
66;39;6;1299;1
66;94;6;5001;1
66;284;6;2225;1
66;290;6;1333;2
66;11;7;50500;9
66;318;7;12000;6
66;277;7;44776;1
66;133;7;13133;1
66;181;7;12999;3
66;41;6;1331;1
66;270;7;14678;1
66;270;6;1111;13
66;20;7;95;11
66;63;7;70111;1
66;63;7;13100;1
66;92;6;2200;3
66;167;7;95;13
66;78;7;12100;1
66;296;7;10000;2
66;53;6;6565;1
66;81;6;5115;1
66;1;6;2222;5
66;125;7;12999;2
66;110;7;22022;3
66;244;7;12999;1
66;218;7;12222;15
66;41;3;12;15
66;120;6;1213;8
66;287;7;10123;7
66;108;7;15123;5
66;54;7;13258;3
66;215;6;4410;2
66;68;3;44;90
66;108;6;6565;2
66;104;6;2300;2
66;104;7;12123;1
66;16;6;6565;3
66;56;6;5050;1
66;161;7;65234;1
66;185;6;4447;1
66;48;7;23192;1
66;296;7;12555;1
66;240;6;96;6
66;161;7;10000;2
66;130;6;1113;1
66;274;6;70;1
66;274;7;11;1
66;274;7;13;3
66;21;6;1292;1
66;239;3;12;17
66;152;6;2299;26
66;244;7;22556;2
66;11;5;131;139
66;38;6;7011;1
66;217;6;2255;92
66;163;7;13258;3
66;160;7;10124;1
66;120;7;70222;2
66;295;7;13234;1
66;16;6;2288;1
66;99;7;13456;1
66;230;3;12;10
66;51;6;12;2
66;51;6;13;2
66;10;6;1588;1
66;10;6;96;9
66;249;7;33888;1
66;277;6;2200;1
66;251;6;1323;1
66;277;7;11111;1
66;37;7;55;1
66;37;7;70;3
66;224;6;4512;2
66;272;7;55678;4
66;37;6;12;2
66;37;6;13;5
66;37;6;22;1
66;37;6;36;1
66;37;6;44;2
66;37;6;50;2
66;60;6;1234;2
66;128;6;1020;1
66;97;7;44122;1
66;218;7;55111;3
66;220;6;1112;2
66;230;6;1090;1
66;230;7;12222;28
66;139;5;700;86
66;17;6;1233;1
66;34;7;96;11
66;303;3;12;20
66;186;5;131;133
66;303;7;13100;1
66;132;6;96;16
66;290;7;13789;1
66;108;7;33999;1
66;99;6;5566;1
66;271;7;23192;4
66;54;6;1311;1
66;299;7;23192;1
66;312;6;6565;4
66;207;6;1111;80
66;207;7;95;7
66;139;7;15333;1
66;224;7;13133;2
66;211;7;12555;2
66;205;6;96;9
66;129;7;10123;7
66;47;7;15123;1
66;205;6;4422;1
66;233;7;11113;1
66;233;7;22022;1
66;278;7;30000;1
66;161;7;23023;1
66;110;6;1277;1
66;83;7;22022;4
66;125;6;1292;1
66;244;6;1292;2
66;62;6;5001;1
66;14;5;700;79
66;41;6;1470;1
66;48;7;13456;2
66;56;7;45300;1
66;244;3;12;16
66;238;7;55678;7
66;209;7;95;15
66;209;6;1111;2
66;36;6;1333;2
66;21;7;22022;13
66;100;6;4422;2
66;164;6;2277;1
66;62;6;1515;1
66;154;6;2222;10
66;40;7;13234;5
66;227;7;12144;8
66;164;5;96;25
66;215;6;5555;4
66;98;7;10123;8
66;89;6;1321;1
66;10;7;12999;1
66;274;7;12000;12
66;35;7;13131;1
66;264;6;6565;6
66;228;6;7011;1
66;36;6;4477;1
66;133;7;10;1
66;133;7;11;1
66;112;6;2255;50
66;271;7;95;17
66;275;6;1214;46
66;334;5;700;24
66;62;7;55555;1
66;133;6;5515;1
66;305;7;96;2
66;314;6;2210;5
66;63;7;23123;7
66;277;3;96;16
66;273;6;96;10
66;156;7;13222;1
66;64;6;1020;2
66;218;6;6565;2
66;99;7;12600;1
66;60;3;13;164
66;98;3;13;93
66;163;7;40277;1
66;163;5;95;10
66;53;6;5567;1
66;96;7;12300;3
66;310;6;1213;1
66;81;7;50013;2
66;303;7;30000;1
66;211;6;5050;4
66;81;7;12555;1
66;104;7;40777;1
66;313;3;12;18
66;129;7;22999;1
66;170;7;16000;1
66;14;7;96;15
66;51;6;1322;4
66;95;7;23190;1
66;110;6;96;11
66;293;7;12000;45
66;303;7;95;20
66;318;7;12114;1
66;248;7;45333;1
66;295;7;13789;1
66;152;7;70900;1
66;211;6;1277;1
66;311;6;1016;1
66;89;6;2255;64
66;243;6;1214;18
66;320;7;13333;2
66;108;7;22111;2
66;58;7;13133;1
66;304;6;2222;11
66;166;5;96;10
66;49;7;23192;3
66;117;6;96;19
66;251;5;700;92
66;124;6;1020;4
66;172;7;44123;1
66;10;7;12114;1
66;34;7;44027;1
66;202;3;12;12
66;163;3;21;1
66;140;6;4455;4
66;68;6;1111;6
66;57;5;95;15
66;317;6;4490;1
66;289;6;1353;1
66;34;5;96;31
66;207;7;22022;3
66;225;6;7040;1
66;284;3;12;29
66;65;7;12000;50
66;120;6;1201;2
66;313;6;5001;3
66;182;6;2277;4
66;180;6;2299;8
66;230;5;96;20
66;181;7;12888;1
66;181;7;13333;8
66;292;7;65234;2
66;17;7;44022;1
66;180;7;13456;2
66;94;7;44456;1
66;120;6;4477;2
66;19;5;95;9
66;104;6;2288;2
66;304;7;22777;7
66;81;6;1292;5
66;320;7;12456;1
66;320;7;15123;7
66;95;7;13333;5
66;299;6;5055;1
66;149;7;15123;5
66;23;6;1111;12
66;23;7;95;10
66;315;7;55234;1
66;96;6;4422;3
66;203;6;2277;16
66;334;7;12999;1
66;64;6;1010;18
66;42;7;40756;1
66;11;6;1111;10
66;11;6;4564;1
66;49;7;11444;1
66;125;7;22900;1
66;304;3;96;4
66;268;6;2222;14
66;329;7;44333;1
66;58;6;1155;1
66;293;6;5055;2
66;39;6;1944;1
66;277;7;13222;1
66;277;7;14014;5
66;313;6;1924;1
66;92;6;5522;1
66;92;6;95;9
66;204;6;1313;2
66;28;6;1111;20
66;88;5;131;116
66;92;6;4490;1
66;120;6;1311;1
66;238;6;4488;2
66;309;3;12;2
66;163;7;12;2
66;163;7;13;5
66;163;7;15;1
66;163;7;18;1
66;163;7;22;1
66;163;6;10;1
66;163;6;11;1
66;163;6;12;3
66;163;6;50;1
66;105;6;11;2
66;41;5;95;16
66;294;6;9090;1
66;301;7;95;23
66;161;7;15122;1
66;66;6;2244;1
66;277;7;13258;2
66;275;7;22556;3
66;47;6;1525;1
66;129;7;55333;2
66;41;7;55678;6
66;65;7;45333;1
66;309;6;1212;1
66;318;6;2277;5
66;91;7;23123;2
66;233;7;15123;4
66;294;6;96;6
66;154;6;1214;86
66;244;7;70007;1
66;290;5;700;94
66;93;6;5555;3
66;254;6;2299;11
66;322;6;1111;2
66;322;7;95;10
66;291;7;13133;1
66;124;7;11999;3
66;63;6;2299;14
66;208;3;96;15
66;140;3;12;15
66;244;6;1520;2
66;148;6;1010;1
66;296;7;55123;1
66;284;5;95;10
66;120;7;23190;2
66;240;5;131;133
66;308;7;50007;1
66;112;7;12000;66
66;14;7;55011;1
66;299;6;2277;1
66;78;6;1313;11
66;170;7;22333;1
66;62;6;4400;1
66;133;6;1533;2
66;154;6;1212;1
66;154;6;1213;1
66;63;7;22555;64
66;20;7;55011;1
66;185;6;2200;1
66;314;6;5005;2
66;314;7;44027;1
66;227;7;55678;10
66;273;5;96;30
66;112;7;70222;2
66;140;6;1533;1
66;233;7;13123;2
66;270;7;65013;1
66;251;6;4000;2
66;62;7;55678;24
66;18;7;55678;4
66;182;7;10000;5
66;207;7;12600;1
66;34;6;2255;85
66;83;7;10000;2
66;28;7;10000;3
66;65;6;7069;2
66;56;6;1010;10
66;56;6;4456;1
66;300;7;15123;5
66;316;6;1020;1
66;95;7;22123;1
66;184;7;65123;1
66;157;6;12;2
66;157;6;13;6
66;157;6;22;2
66;157;7;11;1
66;157;7;12;1
66;157;7;13;14
66;157;7;22;2
66;157;7;44;2
66;157;7;55;2
66;157;7;70;2
66;12;6;2277;3
66;110;5;95;13
66;69;7;50777;1
66;268;6;2299;15
66;96;6;1313;6
66;251;6;4447;1
66;270;7;70123;1
66;270;5;700;70
66;208;7;23123;8
66;231;7;13333;1
66;329;6;9090;1
66;42;7;70123;1
66;42;5;700;69
66;305;7;13132;4
66;184;6;4567;1
66;291;7;96;9
66;58;6;2266;1
66;10;6;1322;4
66;88;7;70007;1
66;294;6;11;1
66;224;7;44447;1
66;224;7;44456;3
66;28;7;50500;5
66;53;7;10000;7
66;149;7;50130;2
66;48;3;44;59
66;266;6;96;22
66;100;7;12144;13
66;207;7;44123;1
66;167;7;44888;1
66;65;7;10123;2
66;16;7;23123;14
66;108;7;23123;4
66;270;7;70127;1
66;204;6;7022;1
66;204;7;23123;2
66;56;6;9000;1
66;195;6;5005;1
66;125;7;44567;2
66;267;6;5007;1
66;132;7;45300;7
66;300;7;13133;2
66;271;6;5533;10
66;230;7;23123;17
66;15;6;1112;1
66;277;6;5055;1
66;12;6;4567;1
66;67;7;22222;3
66;67;7;44190;1
66;54;6;4488;4
66;224;6;4410;1
66;96;7;13133;6
66;181;6;1292;5
66;181;7;44111;1
66;10;6;1321;3
66;329;7;12127;1
66;227;7;22222;1
66;42;7;13013;1
66;42;7;45333;1
66;57;6;2200;1
66;92;5;95;10
66;162;7;13133;1
66;215;7;70222;2
66;276;7;65234;6
66;273;6;5500;1
66;273;6;7020;1
66;130;6;2200;4
66;94;5;131;124
66;41;6;1111;2
66;208;6;4445;2
66;69;7;11111;1
66;300;6;1321;2
66;186;7;22222;15
66;186;7;44190;1
66;317;7;50500;2
66;297;7;15123;5
66;61;6;2255;71
66;276;7;96;13
66;132;7;13777;1
66;89;6;95;10
66;167;7;44123;1
66;274;7;12888;1
66;39;6;5522;1
66;39;6;95;8
66;39;7;45000;2
66;172;6;5511;15
66;82;7;13131;1
66;64;6;7040;1
66;104;6;1020;1
66;322;6;1000;2
66;18;7;11113;4
66;18;7;22022;1
66;62;7;22022;6
66;221;6;4477;2
66;82;6;1020;1
66;195;6;2277;2
66;309;6;2277;1
66;139;6;9001;1
66;298;7;13132;2
66;139;6;1234;1
66;130;6;4555;1
66;158;7;55999;1
66;129;3;95;9
66;294;6;1303;1
66;223;6;2255;111
66;169;7;22555;70
66;180;7;11111;1
66;300;7;22556;1
66;104;6;5050;1
66;248;6;5013;2
66;220;7;13138;3
66;162;3;12;32
66;130;7;11111;2
66;130;3;95;14
66;180;7;15151;1
66;221;7;11444;1
66;17;7;70111;1
66;303;7;22222;4
66;303;7;44190;1
66;270;7;15120;2
66;301;7;12345;1
66;291;7;13555;1
66;84;6;1500;3
66;10;6;5555;2
66;91;6;1145;2
66;311;7;22777;2
66;294;6;12;1
66;294;6;13;2
66;294;6;44;1
66;294;7;10;1
66;294;7;12;1
66;294;7;13;2
66;294;7;22;1
66;294;7;44;2
66;148;7;23123;12
66;286;6;2323;1
66;36;7;50500;3
66;1;6;10;1
66;1;6;11;1
66;1;6;12;1
66;1;6;13;2
66;1;6;15;1
66;172;7;44;1
66;172;7;65;1
66;15;7;55333;1
66;123;6;13;2
66;123;6;21;1
66;89;6;1214;18
66;322;7;44333;1
66;11;7;22022;5
66;238;7;15001;1
66;40;7;15333;1
66;28;7;65013;2
66;18;6;1010;1
66;105;5;95;16
66;63;7;13789;2
66;164;7;13131;3
66;184;7;33444;1
66;133;6;1213;3
66;238;6;1533;3
66;278;7;90909;1
66;203;6;1010;19
66;203;6;4456;1
66;172;6;1033;1
66;49;6;5001;1
66;220;6;4444;2
66;220;7;12444;3
66;220;7;13013;2
66;14;6;1321;2
66;181;6;1213;7
66;315;7;50777;1
66;112;7;22111;2
66;75;6;4422;1
66;184;7;23190;1
66;184;7;33369;2
66;109;6;4420;3
66;78;5;131;139
66;140;6;4512;1
66;208;7;33000;1
66;51;7;10190;1
66;68;7;33000;1
66;140;6;1012;2
66;140;6;1321;1
66;303;7;33888;1
66;88;6;1213;1
66;54;7;55333;35
66;96;7;33300;2
66;69;6;4447;1
66;203;7;12500;2
66;129;7;44777;2
66;298;6;1580;1
66;271;7;44333;1
66;13;6;5005;2
66;140;6;4477;1
66;315;7;15123;9
66;233;6;96;6
66;211;7;13258;2
66;97;7;22444;1
66;266;6;65;1
66;266;6;70;1
66;266;6;90;1
66;59;6;11;1
66;59;6;12;1
66;59;6;13;3
66;59;6;22;1
66;59;7;10;1
66;59;7;11;1
66;59;7;12;1
66;59;7;13;13
66;59;7;22;6
66;244;5;95;15
66;313;6;5511;15
66;95;7;44022;1
66;61;6;2299;2
66;251;6;5055;1
66;251;7;11222;1
66;75;7;13333;1
66;208;7;70123;1
66;208;5;700;85
66;104;6;5055;1
66;308;7;22555;77
66;107;7;44044;1
66;10;6;5013;1
66;277;6;2255;56
66;129;7;96;14
66;108;6;1321;2
66;38;6;1214;55
66;316;3;12;3
66;211;3;12;22
66;238;7;22777;6
66;15;6;7044;1
66;78;7;22555;90
66;78;7;44789;1
66;287;7;22777;1
66;170;6;2299;20
66;322;7;10400;1
66;76;7;96;8
66;64;7;70007;2
66;96;7;12500;2
66;42;7;22555;86
66;171;7;55333;6
66;76;7;11111;1
66;169;7;70123;2
66;169;5;700;101
66;76;7;12000;7
66;65;6;2256;1
66;41;6;1214;78
66;80;7;33888;5
66;312;7;44777;1
66;240;6;1214;57
66;321;6;1214;7
66;84;7;10400;2
66;208;6;5555;4
66;311;6;95;5
66;273;7;50013;1
66;237;5;555;1
66;149;6;1313;9
66;149;6;4466;1
66;273;3;44;102
66;301;3;44;103
66;202;7;12123;1
66;202;6;2300;1
66;170;7;13100;1
66;124;5;96;35
66;68;7;15123;4
66;130;7;55999;2
66;12;6;4400;2
66;94;7;96;19
66;297;7;22380;2
66;297;7;44333;5
66;244;7;23190;1
66;76;7;55555;1
66;297;7;36192;1
66;1;7;40101;1
66;152;6;1016;1
66;152;7;10190;2
66;251;7;22022;5
66;35;7;12222;62
66;61;7;12000;87
66;266;6;5511;13
66;302;7;10123;4
66;14;7;44555;1
66;254;7;65234;1
66;133;6;1111;6
66;40;7;55333;2
66;298;6;2288;5
66;225;6;2200;1
66;209;6;1313;2
66;130;7;13444;1
66;76;6;2225;1
66;202;7;70321;1
66;124;7;65234;1
66;167;6;4013;2
66;223;7;12000;32
66;215;7;13222;2
66;129;6;2201;1
66;156;6;2299;8
66;111;6;1010;1
66;69;7;22556;2
66;133;6;2244;5
66;82;7;13234;1
66;171;7;50500;2
66;203;7;15123;5
66;37;7;44020;8
66;239;6;2222;14
66;166;7;36192;2
66;224;7;12222;4
66;64;3;95;7
66;290;7;22122;1
66;35;6;96;2
66;298;5;96;8
66;92;7;23192;2
66;47;6;2200;1
66;65;7;50500;1
66;292;6;1112;1
66;19;5;555;3
66;295;7;44456;1
66;314;6;5511;18
66;314;5;160;1
66;171;7;33567;1
66;248;7;55234;1
66;127;7;55555;1
66;95;6;5013;1
66;37;7;12600;2
66;248;7;22120;2
66;17;7;13234;3
66;254;6;1311;1
66;128;6;6565;2
66;254;7;12000;25
66;122;7;12100;1
66;314;3;13;143
66;21;3;12;26
66;66;7;96;10
66;248;6;1269;1
66;52;7;11113;1
66;52;7;22022;2
66;48;6;2255;86
66;21;7;70888;1
66;239;6;2288;3
66;249;6;4420;1
66;243;6;1201;1
66;205;7;55234;1
66;233;6;1010;25
66;106;6;4410;1
66;275;5;96;28
66;96;6;1321;2
66;156;7;13234;1
66;149;7;13133;1
66;10;6;4477;2
66;27;6;1214;28
66;130;6;2277;8
66;158;6;2255;71
66;243;6;15;1
66;234;7;36192;1
66;54;7;70000;1
66;125;7;22555;72
66;278;7;22777;7
66;288;7;55777;1
66;248;7;23192;4
66;286;6;1321;1
66;75;7;12300;1
66;272;3;12;20
66;139;5;131;170
66;247;7;22022;11
66;93;7;55777;1
66;98;7;55888;1
66;52;7;12144;13
66;100;6;5533;4
66;334;6;1319;1
66;315;7;10123;9
66;233;6;1313;3
66;297;7;70007;6
66;304;6;5567;1
66;186;7;12144;7
66;290;7;15123;4
66;291;6;2288;3
66;171;7;50113;2
66;163;5;555;1
66;249;6;1020;1
66;99;6;4422;1
66;67;7;10123;5
66;317;7;10123;3
66;305;7;13333;1
66;215;6;1313;7
66;153;3;13;167
66;127;6;1292;6
66;254;7;13234;1
66;309;6;1292;1
66;310;7;23190;1
66;17;7;13133;2
66;195;6;2323;1
66;195;7;44557;1
66;329;6;2255;5
66;272;5;96;35
66;309;7;44111;1
66;318;5;96;8
66;38;7;15123;9
66;69;7;55123;1
66;203;3;13;110
66;233;7;95;11
66;107;6;2233;2
66;77;7;13777;2
66;173;5;95;20
66;303;7;55011;1
66;53;7;43640;1
66;120;7;33193;1
66;173;6;2255;66
66;211;7;13222;1
66;41;3;96;16
66;217;3;21;1
66;47;6;1212;1
66;1;6;2233;1
66;248;7;12600;2
66;108;7;15115;1
66;254;6;1322;1
66;268;7;10122;1
66;221;7;22111;1
66;34;6;1212;1
66;182;7;13456;1
66;28;7;23123;2
66;161;3;12;33
66;88;6;4530;2
66;249;6;3355;1
66;54;6;1214;50
66;78;7;44027;1
66;321;5;555;3
66;172;7;33456;1
66;99;7;10190;3
66;293;7;15123;5
66;96;7;65013;3
66;290;7;65234;2
66;94;7;13789;2
66;217;7;10190;2
66;111;7;55234;1
66;22;7;10220;1
66;42;6;4422;2
66;244;6;2244;1
66;78;6;1011;1
66;27;7;10400;1
66;231;7;22022;1
66;272;7;22777;11
66;12;6;2299;16
66;122;7;50013;1
66;65;7;45000;1
66;170;6;4433;1
66;139;7;10111;2
66;180;6;5511;7
66;124;6;95;20
66;158;6;1020;4
66;90;7;10000;3
66;268;7;44777;1
66;84;5;96;29
66;218;6;1213;1
66;161;7;13789;1
66;17;6;4456;4
66;23;7;45333;2
66;162;6;5522;1
66;162;6;95;14
66;1;6;1311;1
66;133;7;10000;2
66;162;7;45000;2
66;158;5;700;72
66;35;7;10000;1
66;63;7;44447;1
66;301;7;55333;4
66;215;7;13132;1
66;322;7;22555;42
66;243;7;40773;1
66;309;6;95;3
66;79;7;15123;6
66;127;3;12;25
66;268;6;1322;3
66;233;6;1214;10
66;221;6;4512;1
66;69;3;13;148
66;112;7;22555;59
66;170;7;15555;1
66;172;6;4456;1
66;69;3;96;20
66;105;6;2255;106
66;266;7;55678;16
66;10;6;6565;1
66;166;6;6565;9
66;120;6;2222;18
66;254;6;4433;1
66;123;7;96;3
66;162;6;2222;22
66;48;7;12111;1
66;88;7;36192;1
66;51;7;10123;4
66;181;3;21;1
66;108;7;90909;1
66;89;3;95;9
66;156;7;22222;4
66;334;6;12;1
66;334;6;13;1
66;334;6;14;1
66;334;6;16;1
66;334;6;23;1
66;334;7;10;2
66;108;6;1333;1
66;63;7;12222;6
66;254;7;12999;1
66;53;6;1333;1
66;97;7;10123;5
66;248;7;12444;1
66;304;5;700;58
66;288;6;1314;1
66;234;3;96;12
66;152;7;55234;1
66;36;3;13;133
66;301;6;1212;1
66;22;6;1323;1
66;15;6;1255;1
66;248;7;44888;1
66;83;7;44020;1
66;301;7;15123;6
66;293;6;1313;14
66;300;6;5577;1
66;300;7;12222;5
66;243;7;70321;1
66;300;6;2222;20
66;56;6;2200;4
66;289;5;95;7
66;185;5;95;30
66;237;6;5511;3
66;17;6;1214;26
66;76;6;1314;1
66;78;7;44020;2
66;78;7;96;9
66;160;7;44190;1
66;160;7;22222;5
66;180;6;96;10
66;308;7;44567;2
66;48;7;55011;1
66;305;7;15888;1
66;37;6;4422;1
66;278;6;5055;8
66;95;6;1255;1
66;293;3;12;18
66;41;6;1520;1
66;98;7;43640;1
66;65;7;44567;2
66;182;6;4422;2
66;13;6;96;9
66;321;7;45111;1
66;105;7;55678;7
66;77;7;44333;1
66;65;7;12333;1
66;57;6;1234;3
66;163;6;4477;2
66;164;7;10190;1
66;109;6;4488;1
66;105;7;22555;130
66;120;7;50500;7
66;13;7;55234;1
66;92;7;12222;7
66;35;7;45000;3
66;75;3;95;10
66;54;6;1323;1
66;315;6;4444;1
66;158;6;5044;1
66;122;6;1299;1
66;21;7;13123;1
66;132;6;7040;1
66;278;7;44044;1
66;303;7;10000;1
66;88;6;2299;1
66;156;6;1233;3
66;185;6;2299;11
66;172;7;13456;1
66;298;6;6565;2
66;240;7;12;2
66;240;7;13;4
66;240;7;15;1
66;240;7;18;1
66;240;7;19;1
66;240;7;22;4
66;240;7;43;1
66;240;7;70;2
66;240;6;10;1
66;240;6;12;3
66;240;6;13;3
66;240;6;20;2
66;251;7;10;2
66;208;6;7011;1
66;208;7;90909;2
66;220;7;12555;2
66;205;5;131;132
66;68;5;95;11
66;80;6;1322;1
66;77;7;10123;1
66;288;7;22999;1
66;78;6;5001;1
66;38;6;2201;1
66;221;7;13;5
66;221;7;15;1
66;221;7;22;1
66;221;7;40;1
66;221;7;45;1
66;221;7;50;1
66;221;7;70;2
66;95;7;10;1
66;95;7;11;1
66;95;7;12;2
66;95;7;13;11
66;95;7;14;1
66;95;7;22;1
66;95;7;40;1
66;95;7;43;1
66;95;7;65;2
66;181;6;1221;2
66;55;6;2222;15
66;40;6;4011;1
66;203;7;12190;1
66;240;7;23123;2
66;60;6;4447;2
66;273;6;2323;1
66;89;6;4444;2
66;315;6;4422;2
66;238;6;10;1
66;238;6;12;2
66;238;6;13;2
66;238;6;22;1
66;238;6;33;1
66;238;7;12;2
66;238;7;13;3
66;238;7;15;2
66;238;7;22;3
66;162;6;4567;2
66;225;7;95;17
66;15;6;5055;1
66;79;6;1213;4
66;47;6;4422;2
66;19;6;4444;1
66;170;7;44333;1
66;139;6;2244;1
66;14;7;22111;1
66;315;6;1313;14
66;128;7;15151;1
66;267;3;13;140
66;99;5;96;23
66;180;6;3550;1
66;36;7;12222;60
66;221;6;1513;1
66;308;6;5533;3
66;224;7;22700;1
66;17;6;1111;21
66;221;7;44333;2
66;249;7;23123;5
66;109;6;4512;1
66;76;5;96;12
66;291;6;4410;2
66;284;7;45300;1
66;254;6;1112;1
66;301;6;2288;7
66;334;3;12;15
66;54;6;1533;1
66;109;7;44333;5
66;149;3;12;21
66;122;7;10777;1
66;228;6;1252;1
66;20;6;1313;6
66;205;6;1234;2
66;79;3;44;45
66;297;7;33789;4
66;233;7;70123;12
66;110;6;1033;1
66;290;6;2255;54
66;171;7;11111;1
66;94;7;12600;1
66;132;7;95;8
66;52;7;10000;5
66;40;7;10123;4
66;76;6;6513;1
66;208;6;1322;2
66;51;3;95;4
66;108;7;15001;1
66;300;6;9090;1
66;185;6;5511;11
66;316;6;5555;2
66;161;6;1010;9
66;161;6;4456;2
66;35;6;95;6
66;77;7;70400;1
66;40;7;33333;1
66;110;7;33888;1
66;97;5;131;189
66;97;6;5500;1
66;59;7;22222;2
66;96;6;2210;1
66;152;7;13234;4
66;125;7;33888;2
66;158;6;1221;2
66;19;7;10000;6
66;139;6;4444;1
66;64;7;45333;1
66;17;7;44020;1
66;17;7;96;12
66;271;7;15123;11
66;268;6;1122;1
66;97;6;1221;1
66;97;6;4412;1
66;107;6;1221;2
66;104;7;12300;2
66;42;7;15000;1
66;160;6;1000;1
66;64;7;13131;1
66;270;7;12000;7
66;20;7;12000;5
66;180;5;131;164
66;161;7;15123;7
66;284;3;44;115
66;267;6;1010;1
66;82;7;65234;2
66;78;7;10190;2
66;225;7;45000;6
66;21;6;1221;1
66;47;7;30;1
66;47;7;12;5
66;47;7;13;11
66;47;7;22;2
66;47;7;40;1
66;47;7;44;1
66;47;7;45;1
66;120;6;1314;1
66;180;6;95;20
66;180;7;45000;2
66;69;6;6565;1
66;111;6;2255;66
66;152;7;44123;1
66;273;7;10190;3
66;34;3;95;3
66;151;7;96;4
66;21;6;2277;2
66;320;7;23123;1
66;158;7;10000;3
66;163;6;1321;1
66;65;7;22777;1
66;166;5;700;34
66;249;6;95;21
66;49;6;2277;5
66;308;6;1221;1
66;184;7;13123;2
66;243;6;1010;1
66;18;5;700;80
66;295;6;1214;11
66;329;5;95;3
66;230;6;1333;1
66;227;7;15123;2
66;127;7;12222;3
66;94;7;33888;1
66;248;6;2222;23
66;151;7;11111;1
66;182;6;5511;16
66;151;6;7040;2
66;314;7;23123;2
66;105;7;13258;4
66;37;6;1221;3
66;180;7;45111;1
66;171;7;12114;1
66;53;6;1313;2
66;14;6;2200;5
66;94;6;1292;1
66;12;7;50013;1
66;125;7;44888;1
66;270;7;45000;3
66;90;6;5511;6
66;163;6;2222;3
66;211;7;55234;1
66;184;7;45000;1
66;52;7;45300;2
66;185;6;5599;1
66;231;6;1323;1
66;82;7;55011;1
66;207;3;13;141
66;49;7;65700;3
66;76;6;1277;3
66;151;6;2299;1
66;329;6;5007;1
66;287;6;1111;6
66;270;5;96;38
66;186;7;22511;2
66;48;6;6565;6
66;42;6;1213;5
66;215;7;44333;4
66;154;6;5533;5
66;128;7;70244;1
66;128;5;95;11
66;109;6;2255;71
66;322;7;12114;2
66;287;6;5511;2
66;312;6;13;2
66;312;7;12;2
66;312;7;13;3
66;312;7;23;1
66;312;7;44;1
66;312;7;45;1
66;312;7;70;1
66;122;7;33888;2
66;49;7;13789;3
66;89;6;4554;1
66;13;7;10123;4
66;93;6;7099;1
66;278;6;4411;1
66;202;7;55011;1
66;110;7;10123;1
66;127;6;95;11
66;238;7;11111;1
66;11;6;5511;5
66;314;7;12111;2
66;80;6;1292;2
66;130;7;13123;1
66;171;6;7011;1
66;171;7;10122;1
66;313;7;50500;3
66;93;6;5005;1
66;49;6;1010;3
66;49;6;4456;5
66;302;7;65013;1
66;40;7;13123;1
66;94;7;65234;5
66;314;7;55678;19
66;202;7;44020;2
66;40;7;44543;1
66;132;7;23123;1
66;268;7;23123;5
66;82;7;44333;2
66;140;6;5555;5
66;13;6;1011;1
66;47;7;45123;2
66;148;5;96;29
66;204;7;44020;1
66;204;7;96;17
66;10;6;5005;1
66;10;7;44027;1
66;63;6;4447;1
66;321;5;96;4
66;240;5;96;17
66;329;6;1299;1
66;148;6;6565;1
66;164;6;5511;10
66;125;3;16;1
66;297;7;13132;4
66;17;6;1020;3
66;221;7;90909;1
66;47;6;5511;10
66;274;3;95;8
66;264;6;3378;2
66;316;5;700;35
66;170;6;4410;1
66;110;7;22222;6
66;276;6;2244;1
66;230;7;13222;1
66;230;7;14014;1
66;271;6;1201;1
66;286;6;1214;48
66;185;7;12600;1
66;20;6;1322;1
66;272;6;4477;1
66;211;6;1255;1
66;78;6;1292;1
66;334;5;96;12
66;251;6;5533;6
66;21;7;50500;7
66;149;7;13777;1
66;297;6;1533;1
66;123;6;1292;1
66;79;6;2255;64
66;1;7;12123;1
66;93;6;96;8
66;218;6;2200;1
66;271;7;22000;1
66;57;7;13;8
66;57;7;14;1
66;57;7;22;5
66;57;7;44;1
66;57;7;45;1
66;57;7;55;1
66;57;7;70;4
66;57;6;12;5
66;83;6;2255;83
66;109;6;1020;1
66;132;6;4447;1
66;89;7;12500;1
66;314;7;44333;1
66;42;7;13789;3
66;313;6;4477;2
66;218;6;4455;2
66;308;6;7011;1
66;151;6;1000;4
66;88;6;5050;3
66;218;6;4477;1
66;231;7;12000;4
66;266;6;5533;12
66;106;7;12300;1
66;123;6;1020;1
66;303;5;96;14
66;334;7;45123;1
66;41;7;44776;2
66;209;7;12144;1
66;149;7;55678;7
66;287;7;45111;3
66;76;6;4422;1
66;271;7;22777;6
66;234;6;2255;116
66;148;7;13132;11
66;160;3;95;8
66;228;7;50500;3
66;80;7;45555;1
66;292;6;1111;3
66;270;6;1214;26
66;96;6;1023;1
66;59;7;13222;1
66;59;7;44999;1
66;315;7;50013;1
66;182;6;2200;26
66;268;6;4488;1
66;78;6;1010;4
66;78;6;4456;1
66;64;7;12999;1
66;148;7;11;1
66;148;7;12;5
66;247;6;4088;1
66;167;6;1333;1
66;215;6;1323;1
66;294;7;22556;1
66;313;5;95;17
66;42;6;1277;1
66;17;6;1213;8
66;300;6;1213;5
66;273;6;5533;11
66;39;6;12;3
66;39;6;13;4
66;39;6;22;4
66;39;6;44;1
66;39;6;45;1
66;39;6;55;1
66;39;6;70;1
66;39;7;10;1
66;39;7;11;1
66;208;6;4555;1
66;312;6;1213;2
66;292;6;1222;2
66;288;7;55678;15
66;186;6;2211;1
66;211;6;5566;1
66;320;7;22222;2
66;68;7;13333;2
66;277;6;1016;2
66;105;6;1010;3
66;105;6;4456;1
66;122;7;44456;1
66;52;7;96;9
66;78;6;6565;4
66;140;6;2255;82
66;19;5;96;26
66;207;6;4455;1
66;334;7;23000;1
66;129;7;50500;1
66;218;3;13;168
66;129;7;23192;2
66;153;6;4422;1
66;120;7;13258;1
66;151;7;13777;1
66;112;6;7022;1
66;112;7;23123;3
66;104;6;5511;5
66;204;6;5020;1
66;276;6;4567;2
66;301;6;2233;1
66;208;7;22222;2
66;300;7;23192;2
66;48;7;12999;1
66;203;6;2299;1
66;182;6;4406;1
66;334;6;1353;1
66;223;6;4455;5
66;42;6;4455;2
66;1;6;7000;1
66;308;6;4040;1
66;316;6;1292;1
66;316;7;44111;1
66;162;7;12500;1
66;49;7;22555;92
66;291;6;1222;2
66;291;6;1234;2
66;164;6;4567;2
66;162;6;1322;1
66;88;6;2222;15
66;276;6;2222;19
66;13;7;44333;1
66;16;6;4565;1
66;264;6;4456;2
66;120;7;70111;1
66;211;5;700;98
66;275;6;2255;50
66;20;3;13;121
66;162;6;2200;6
66;314;7;13333;5
66;125;6;4422;3
66;322;5;555;1
66;268;6;4578;1
66;92;3;96;7
66;158;7;65234;3
66;11;6;4433;1
66;254;7;11444;1
66;152;6;1020;2
66;62;7;10123;2
66;202;6;1321;1
66;14;6;7040;1
66;202;7;12888;1
66;202;7;13333;1
66;35;6;5533;4
66;92;7;70222;1
66;170;6;1600;1
66;82;7;55678;20
66;294;7;15333;1
66;271;6;95;15
66;79;7;23123;4
66;286;6;1213;3
66;36;7;15333;10
66;234;7;44999;2
66;14;7;13133;1
66;35;6;1016;1
66;35;7;10190;2
66;181;6;2201;1
66;284;7;50013;2
66;162;7;13123;1
66;51;6;2277;1
66;79;7;70321;1
66;230;7;22111;1
66;94;7;13555;1
66;106;5;95;12
66;301;7;70000;1
66;156;7;55011;2
66;77;6;2210;1
66;21;6;1515;1
66;220;7;95;19
66;277;6;2323;1
66;297;6;4050;2
66;238;7;11113;2
66;238;7;22022;1
66;266;7;50013;1
66;109;7;13789;2
66;98;7;22222;4
66;98;7;44190;1
66;163;6;1533;2
66;16;6;1123;1
66;291;7;33456;1
66;14;7;11111;2
66;225;6;1213;5
66;291;7;55999;2
66;129;7;33300;1
66;171;6;4422;3
66;303;6;2299;14
66;322;6;2222;10
66;295;7;22222;2
66;295;7;44190;2
66;292;6;4400;1
66;233;7;10000;4
66;205;7;65234;1
66;99;3;96;18
66;278;7;12222;4
66;69;6;96;10
66;21;7;10222;1
66;278;7;12123;1
66;292;3;44;71
66;234;6;4410;2
66;251;7;13133;3
66;289;6;2200;1
66;291;6;5055;1
66;95;6;2200;2
66;40;6;4499;1
66;209;5;95;12
66;266;6;5555;2
66;35;6;7000;1
66;208;6;5005;3
66;284;6;2211;1
66;317;5;96;3
66;129;6;1313;2
66;211;3;13;97
66;294;7;10000;3
66;163;7;95;7
66;184;7;70400;3
66;105;6;1251;1
66;276;7;15888;1
66;302;6;2222;1
66;164;6;2256;1
66;122;6;2299;4
66;293;7;70762;1
66;278;7;13789;1
66;149;7;12345;1
66;224;5;131;178
66;161;6;1292;5
66;170;6;2244;1
66;334;6;1245;1
66;139;7;10369;1
66;139;6;4420;1
66;300;7;44321;1
66;84;6;2277;2
66;51;6;1201;1
66;182;7;44027;1
66;39;6;1333;2
66;125;6;1010;6
66;125;6;4456;2
66;244;6;1010;10
66;76;7;13013;2
66;308;6;1277;3
66;23;7;13777;1
66;162;6;2323;2
66;13;7;33456;1
66;42;6;5511;5
66;264;6;2200;2
66;20;6;1000;5
66;228;6;2255;77
66;158;6;1214;7
66;38;5;95;10
66;157;6;2299;4
66;38;6;4447;1
66;266;6;1010;5
66;266;6;4456;3
66;293;7;10123;4
66;151;7;10000;3
66;296;6;2222;16
66;248;6;1201;1
66;133;7;13777;1
66;57;6;2255;99
66;37;6;1214;114
66;291;7;44447;2
66;69;6;1944;1
66;130;7;23190;1
66;185;7;15123;6
66;311;6;1113;1
66;156;7;12444;1
66;61;6;2256;1
66;185;6;1221;1
66;133;7;23192;1
66;233;5;95;19
66;61;6;1010;4
66;315;7;13131;1
66;182;6;4512;1
66;96;6;2200;1
66;82;5;555;4
66;322;6;1214;47
66;291;7;12144;1
66;298;5;555;5
66;264;6;2299;9
66;22;3;12;13
66;291;6;4567;1
66;221;7;96;12
66;221;7;44020;2
66;79;7;22556;2
66;111;7;22777;2
66;151;6;5511;3
66;204;6;96;18
66;54;7;12000;66
66;185;6;1321;1
66;238;6;1111;2
66;238;7;95;9
66;124;6;4455;4
66;204;6;1201;2
66;273;7;33222;1
66;211;7;22777;8
66;240;6;4400;1
66;322;7;15123;7
66;51;7;44567;2
66;28;6;1020;1
66;156;6;5533;43
66;122;6;2210;2
66;170;7;23190;1
66;17;6;1000;3
66;248;7;10190;3
66;204;6;95;15
66;78;7;45300;4
66;112;6;5555;7
66;156;6;1245;1
66;67;6;1533;1
66;238;6;2288;2
66;266;6;4400;2
66;125;6;1251;1
66;161;6;4488;1
66;28;7;44567;1
66;104;6;96;7
66;140;7;10123;3
66;110;6;4444;2
66;299;7;45999;1
66;239;3;44;104
66;208;7;50500;5
66;98;7;12222;9
66;60;6;1090;1
66;133;7;55011;3
66;251;6;2299;3
66;13;6;4400;1
66;173;7;10;1
66;173;7;13;2
66;208;6;2323;1
66;287;3;13;47
66;47;6;2210;2
66;22;7;22333;1
66;129;7;11113;1
66;129;7;22022;4
66;96;3;13;144
66;288;3;13;138
66;215;7;10190;1
66;61;6;96;6
66;228;7;12;4
66;228;7;13;9
66;228;7;15;1
66;248;7;70345;1
66;248;7;12222;3
66;314;6;4455;3
66;173;6;1313;3
66;170;6;5500;1
66;61;6;4422;1
66;249;7;55678;17
66;273;7;70321;1
66;171;6;2222;9
66;60;7;22222;1
66;60;7;44190;2
66;69;3;44;96
66;275;3;96;12
66;221;6;5050;1
66;106;7;12000;55
66;92;7;55678;4
66;66;6;2255;60
66;167;6;2255;71
66;82;7;80180;1
66;16;6;7011;2
66;308;7;13100;1
66;151;7;22777;5
66;231;5;700;76
66;329;6;1123;1
66;249;7;13133;1
66;254;7;55333;1
66;251;6;1222;1
66;240;7;50013;1
66;149;7;30000;1
66;249;6;1214;53
66;303;7;22322;1
66;152;3;13;141
66;39;7;10123;3
66;20;7;44447;2
66;148;6;4445;1
66;166;6;95;2
66;166;7;45000;1
66;39;7;13123;1
66;153;5;700;85
66;100;6;1213;2
66;94;7;12000;22
66;105;6;2277;5
66;275;6;11;1
66;275;6;12;6
66;275;6;13;4
66;275;7;11;3
66;275;7;12;3
66;275;7;13;8
66;100;7;12222;12
66;62;3;96;11
66;301;7;44020;4
66;301;7;96;11
66;125;5;95;10
66;234;6;1100;1
66;309;5;700;33
66;62;6;1313;3
66;62;6;4466;1
66;251;3;96;18
66;88;7;10190;1
66;276;7;10190;1
66;276;6;1016;1
66;308;7;12888;1
66;267;5;131;145
66;14;7;95;15
66;314;7;22022;12
66;233;7;70400;1
66;58;7;15123;2
66;298;7;22777;1
66;270;7;44123;2
66;61;7;10000;9
66;157;5;96;24
66;230;3;13;134
66;133;5;95;14
66;19;7;43640;1
66;128;7;55333;1
66;14;7;70400;1
66;304;6;1020;1
66;139;7;55011;6
66;92;6;1213;4
66;171;7;22022;2
66;167;3;13;118
66;209;5;96;11
66;234;7;11111;3
66;290;7;13130;1
66;40;7;12300;4
66;139;7;12300;8
66;322;6;1234;2
66;95;5;700;72
66;266;6;1922;1
66;157;5;131;134
66;308;7;55555;2
66;10;7;10220;1
66;97;7;22022;5
66;286;7;15555;3
66;240;7;70000;1
66;251;7;70000;1
66;278;6;5555;3
66;300;6;1277;1
66;80;7;44123;1
66;329;6;1214;2
66;51;3;12;13
66;161;6;95;22
66;161;7;45000;2
66;39;7;22222;10
66;215;6;1213;5
66;132;6;4422;1
66;111;7;13013;2
66;313;7;11444;1
66;270;7;13132;4
66;238;6;96;10
66;164;7;36192;1
66;224;7;65234;5
66;37;7;45300;1
66;275;6;2222;14
66;215;7;12300;3
66;38;6;4400;1
66;160;7;12;8
66;160;7;13;12
66;160;7;44;1
66;160;7;70;1
66;12;3;21;1
66;300;6;4512;1
66;184;6;6513;1
66;184;7;44123;1
66;186;7;12000;54
66;12;3;95;7
66;67;5;96;34
66;124;6;5511;2
66;77;6;1322;4
66;205;6;4410;1
66;304;7;22556;1
66;156;6;4447;2
66;22;7;12000;11
66;310;7;12144;3
66;248;6;1303;1
66;57;7;11;1
66;57;7;12;4
66;65;7;55011;3
66;158;7;50555;1
66;12;6;1512;1
66;12;6;5599;2
66;149;7;23123;6
66;38;7;44567;1
66;268;7;96;19
66;230;6;2222;4
66;127;6;2210;1
66;220;7;13133;1
66;154;3;44;104
66;289;3;44;6
66;185;3;44;87
66;117;7;13222;1
66;157;7;12888;1
66;296;6;4000;1
66;84;7;96;14
66;274;7;23192;2
66;19;6;2288;2
66;290;6;4410;1
66;329;6;2227;1
66;329;7;50500;4
66;295;6;4490;1
66;11;3;95;9
66;249;7;12345;1
66;78;6;5013;2
66;291;7;13123;1
66;112;7;12123;1
66;273;6;4000;1
66;13;6;6565;2
66;297;6;2210;27
66;18;6;2255;153
66;92;6;1818;1
66;161;7;23123;9
66;251;7;95;24
66;130;7;13133;3
66;248;5;131;144
66;294;7;70321;1
66;289;6;1313;7
66;52;3;13;108
66;110;7;10190;1
66;12;7;55333;2
66;21;7;14190;1
66;13;7;22456;1
66;17;7;12600;1
66;42;7;10123;9
66;239;7;44555;1
66;239;5;700;88
66;63;7;55333;1
66;334;6;3300;1
66;317;6;96;3
66;104;7;13555;2
66;309;7;13234;1
66;195;7;13234;1
66;292;6;1020;1
66;15;6;2255;44
66;40;7;13456;2
66;22;6;1277;1
66;130;7;12999;1
66;110;6;4477;2
66;100;7;70007;1
66;162;6;2225;1
66;21;6;2200;7
66;11;6;12;3
66;11;6;13;4
66;11;6;22;1
66;11;6;23;1
66;61;7;96;8
66;129;6;2210;1
66;243;7;22444;1
66;247;6;2233;2
66;296;6;5511;17
66;221;7;55678;31
66;315;7;95;16
66;315;6;1111;6
66;66;7;44027;1
66;211;7;15120;1
66;227;6;95;9
66;122;6;1313;6
66;304;7;45300;1
66;21;6;2222;22
66;310;6;1111;5
66;310;7;95;4
66;169;7;13234;2
66;205;6;1090;1
66;228;6;7055;2
66;162;6;4422;2
66;28;7;12011;2
66;205;7;33567;1
66;254;7;96;6
66;254;7;44020;3
66;130;6;1520;1
66;78;6;2323;1
66;13;6;1201;3
66;298;7;12123;1
66;278;7;12999;1
66;248;7;55678;27
66;77;6;1214;16
66;106;6;2277;1
66;289;6;1818;1
66;13;7;55678;40
66;314;6;4400;1
66;37;5;95;18
66;67;6;96;5
66;301;7;45000;2
66;124;6;4055;1
66;12;7;45300;2
66;163;6;4488;2
66;293;3;96;13
66;58;6;2277;4
66;52;6;5500;1
66;303;6;2222;13
66;120;7;44447;2
66;80;7;22022;7
66;16;5;555;1
66;287;6;4554;3
66;152;6;5533;14
66;37;3;12;19
66;313;6;5055;4
66;1;6;2288;4
66;132;6;1313;3
66;27;7;12111;3
66;14;7;44027;1
66;14;6;5005;2
66;133;7;33700;1
66;92;6;1292;7
66;58;5;95;19
66;77;6;1321;1
66;129;6;1520;2
66;287;7;22555;32
66;157;6;5555;1
66;182;7;45333;1
66;182;7;12444;1
66;228;7;44543;1
66;318;5;95;13
66;301;7;45999;1
66;58;5;96;24
66;293;7;44333;3
66;76;6;1000;2
66;308;6;4400;3
66;117;6;1234;1
66;13;7;22555;64
66;231;6;1016;2
66;231;7;10190;3
66;288;7;55333;2
66;80;5;555;3
66;251;7;12000;14
66;158;7;12222;4
66;221;6;1322;4
66;311;5;700;40
66;182;7;12100;2
66;301;6;2200;2
66;315;3;96;5
66;297;7;15120;4
66;139;7;13123;1
66;162;7;13456;2
66;96;5;131;151
66;292;6;1511;1
66;39;7;22555;56
66;117;7;13234;3
66;230;7;13123;1
66;51;7;13138;1
66;173;5;131;136
66;225;7;22000;2
66;268;6;1201;1
66;39;7;95;9
66;203;6;5050;3
66;56;6;6565;4
66;173;6;4422;4
66;158;7;55555;1
66;329;6;2222;13
66;158;6;6565;2
66;117;6;7011;1
66;120;6;2255;42
66;149;7;44999;1
66;130;6;2288;1
66;248;6;2323;2
66;181;5;700;92
66;42;6;4410;2
66;133;6;1313;3
66;274;6;5533;1
66;161;6;2201;1
66;290;7;13123;9
66;289;7;13138;1
66;289;7;15678;1
66;271;6;1213;2
66;227;5;96;17
66;180;6;5578;1
66;297;6;1477;2
66;329;6;1201;1
66;181;7;70123;3
66;14;6;1201;2
66;290;7;55333;1
66;139;7;22222;7
66;78;7;22;4
66;78;6;12;2
66;78;6;13;1
66;78;6;44;1
66;314;5;555;5
66;277;6;95;12
66;225;6;2277;5
66;317;7;10737;1
66;291;6;1299;1
66;117;6;2277;9
66;18;3;12;6
66;61;7;55678;10
66;90;6;2201;1
66;23;7;55333;1
66;224;6;4488;1
66;65;6;5055;2
66;301;6;2255;40
66;83;6;4445;1
66;215;7;12888;1
66;27;6;4488;2
66;67;6;5567;3
66;273;7;22222;8
66;76;6;5588;1
66;63;6;4444;1
66;95;7;12111;1
66;202;6;1533;2
66;208;7;12123;2
66;62;6;4447;3
66;112;6;1055;1
66;208;7;13234;1
66;207;6;1000;2
66;170;7;55444;1
66;140;7;44567;1
66;65;6;1213;6
66;125;6;5013;1
66;225;6;1314;4
66;133;3;44;104
66;181;3;13;163
66;315;7;12600;3
66;158;6;2211;1
66;11;6;2222;17
66;54;6;96;11
66;157;6;6565;2
66;286;7;13333;2
66;308;6;5511;5
66;76;7;90192;1
66;195;7;10400;2
66;17;6;1588;1
66;17;6;96;12
66;111;6;96;7
66;288;7;44333;2
66;182;7;45000;1
66;41;6;1321;5
66;288;7;36300;1
66;97;5;555;3
66;39;5;555;2
66;149;6;4444;4
66;289;7;13132;2
66;151;6;2255;57
66;288;7;12000;13
66;108;7;22222;4
66;108;7;44190;1
66;96;7;55678;37
66;156;7;15123;39
66;223;6;4055;2
66;109;7;45000;1
66;129;6;96;16
66;268;7;70369;1
66;93;7;14678;1
66;93;7;95;12
66;93;6;1111;2
66;60;5;131;187
66;161;6;2222;14
66;89;7;96;6
66;108;6;1020;1
66;170;6;10;1
66;170;6;11;1
66;170;6;12;2
66;170;6;13;6
66;170;6;50;1
66;170;7;10;1
66;170;7;12;1
66;170;7;13;9
66;170;7;22;3
66;170;7;44;2
66;170;6;5533;11
66;244;6;55;1
66;244;7;10;1
66;244;7;12;1
66;244;7;13;8
66;244;7;22;1
66;244;7;44;1
66;244;7;55;2
66;264;6;1322;1
66;109;7;65234;3
66;248;7;13133;2
66;169;6;2277;9
66;163;6;1020;1
66;225;3;95;3
66;35;7;22777;1
66;186;6;7011;1
66;231;7;23123;2
66;47;7;23190;1
66;292;7;13222;1
66;292;7;44999;1
66;275;7;12222;34
66;93;7;12144;1
66;49;6;1470;1
66;96;6;1277;1
66;58;6;1111;12
66;58;7;95;9
66;53;6;5555;2
66;156;7;12000;69
66;108;6;1313;5
66;28;7;12345;3
66;149;7;22022;9
66;315;6;2277;7
66;125;7;12300;2
66;98;7;33888;1
66;56;5;555;1
66;211;7;45300;1
66;100;6;1292;1
66;301;6;4444;4
66;47;6;3333;1
66;79;5;131;118
66;329;7;70007;1
66;310;6;96;11
66;68;5;96;25
66;22;6;2222;18
66;221;6;1313;8
66;69;6;1234;1
66;68;6;2323;1
66;181;6;1000;2
66;28;6;1213;7
66;205;7;55333;1
66;288;6;1321;4
66;228;6;5555;6
66;42;7;44190;1
66;59;6;5533;4
66;112;6;1000;2
66;247;7;55;1
66;247;7;13;3
66;247;7;22;3
66;247;7;44;4
66;239;6;12;2
66;239;6;13;5
66;239;6;44;1
66;239;7;12;1
66;239;7;13;4
66;239;7;22;2
66;239;7;65;1
66;239;7;70;1
66;17;7;23192;1
66;172;7;15333;1
66;124;6;1214;32
66;38;7;23;1
66;38;7;44;1
66;38;7;45;1
66;38;7;55;1
66;38;7;70;3
66;38;6;12;5
66;38;6;13;4
66;38;6;22;1
66;38;6;44;1
66;110;6;12;4
66;110;6;13;3
66;110;6;22;1
66;110;6;44;1
66;110;6;65;1
66;110;6;70;2
66;110;7;13;16
66;110;7;22;4
66;110;7;23;1
66;110;7;43;1
66;110;7;44;3
66;110;7;55;1
66;110;7;70;2
66;313;6;13;4
66;313;6;33;1
66;313;6;44;1
66;205;6;4013;2
66;98;6;4455;4
66;251;7;15122;1
66;100;7;10122;1
66;81;5;131;163
66;289;6;95;9
66;65;7;15120;1
66;36;7;70007;1
66;120;5;95;6
66;49;5;131;176
66;303;6;3000;1
66;109;6;4432;1
66;156;7;23123;7
66;140;6;1000;1
66;124;5;131;192
66;95;7;12600;1
66;286;7;55678;10
66;40;7;13333;2
66;62;5;700;86
66;106;6;1321;2
66;88;6;4477;1
66;60;6;5511;10
66;303;5;555;5
66;240;6;1245;1
66;21;7;44999;2
66;14;6;1311;3
66;217;7;13456;1
66;100;7;10190;2
66;309;6;1222;1
66;309;6;1234;1
66;10;7;45000;1
66;129;5;96;20
66;161;7;44999;3
66;290;6;4400;2
66;1;6;1234;2
66;1;6;4411;2
66;172;7;70222;5
66;172;7;13132;4
66;217;7;33222;1
66;47;7;10777;1
66;112;7;13234;2
66;217;7;11111;1
66;220;7;10123;1
66;278;3;44;92
66;240;6;2277;1
66;240;1;44;2
66;251;1;44;1
66;64;1;12;17
66;53;1;13;154
66;234;1;44;2
66;181;1;12;20
66;223;1;12;8
66;37;1;13;203
66;162;1;13;184
66;77;1;95;3
66;37;1;12;14
66;303;1;13;133
66;209;1;22;83
66;274;1;44;2
66;120;1;12;25
66;120;1;13;142
66;162;1;12;14
66;186;1;44;4
66;249;1;22;91
66;1;1;13;195
66;195;1;22;35
66;309;1;22;28
66;75;1;44;3
66;28;1;12;18
66;83;1;12;16
66;303;1;12;14
66;94;1;95;7
66;78;1;12;14
66;106;1;95;2
66;268;1;12;12
66;91;1;12;15
66;181;1;14;1
66;204;1;12;9
66;78;1;15;2
66;112;1;44;1
66;59;1;22;38
66;286;1;13;165
66;149;1;12;17
66;167;1;12;11
66;66;1;12;7
66;320;1;15;4
66;237;1;22;74
66;65;1;30;1
66;48;1;15;1
66;264;1;15;3
66;163;1;30;1
66;208;1;15;6
66;152;1;15;3
66;172;1;15;2
66;169;1;44;1
66;320;1;22;41
66;16;1;22;94
66;108;1;22;81
66;320;1;12;5
66;184;1;22;100
66;60;1;44;1
66;98;1;44;1
66;60;1;15;3
66;98;1;15;2
66;53;1;15;3
66;162;1;14;1
66;320;1;13;41
66;56;1;95;5
66;1;1;15;2
66;264;1;22;97
66;161;1;95;6
66;264;1;13;137
66;322;1;22;40
66;208;1;22;80
66;68;1;13;193
66;156;1;95;1
66;152;1;22;99
66;64;1;13;141
66;266;1;95;6
66;286;1;15;3
66;208;1;13;166
66;60;1;22;75
66;98;1;22;69
66;172;1;22;81
66;247;1;13;188
66;239;1;13;115
66;152;1;13;186
66;61;1;13;179
66;286;1;44;1
66;237;1;80;1
66;129;1;13;179
66;313;1;13;139
66;207;1;13;182
66;296;1;13;107
66;78;1;22;50
66;233;1;13;162
66;278;1;13;107
66;268;1;13;166
66;228;1;13;186
66;100;1;13;145
66;60;1;13;201
66;98;1;13;121
66;63;1;13;154
66;202;1;13;134
66;172;1;13;204
66;107;1;44;2
66;322;1;80;1
66;28;1;13;173
66;83;1;13;150
66;153;1;13;200
66;133;1;13;172
66;42;1;44;1
66;230;1;13;169
66;300;1;13;146
66;57;1;13;150
66;92;1;13;152
66;264;1;95;5
66;286;1;96;6
66;104;1;13;183
66;208;1;95;5
66;334;1;13;79
66;55;1;13;150
66;287;1;13;58
66;11;1;13;139
66;303;1;30;2
66;62;1;22;83
66;18;1;22;88
66;130;1;44;1
66;52;1;44;1
66;48;1;96;4
66;152;1;95;6
66;27;1;13;142
66;89;1;13;133
66;311;1;13;51
66;301;1;13;173
66;97;1;13;198
66;39;1;13;174
66;12;1;13;126
66;107;1;13;224
66;38;1;13;172
66;164;1;13;141
66;36;1;13;153
66;318;1;13;96
66;60;1;95;5
66;98;1;95;2
66;78;1;13;145
66;172;1;95;3
66;180;1;13;176
66;173;1;13;137
66;139;1;13;185
66;40;1;13;180
66;329;1;22;69
66;231;1;13;188
66;110;1;13;178
66;243;1;13;199
66;130;1;13;189
66;225;1;13;141
66;314;1;22;75
66;151;1;13;162
66;127;1;13;164
66;52;1;13;130
66;125;1;13;133
66;128;1;13;110
66;244;1;13;173
66;1;1;12;11
66;76;1;13;148
66;69;1;13;196
66;48;1;95;1
66;302;1;13;40
66;94;1;22;93
66;170;1;13;200
66;152;1;30;1
66;277;1;13;164
66;77;1;22;62
66;264;1;96;7
66;80;1;13;168
66;315;1;13;155
66;78;1;44;2
66;158;1;13;187
66;297;1;13;108
66;208;1;96;4
66;238;1;13;185
66;152;1;96;6
66;41;1;13;167
66;288;1;13;166
66;19;1;13;156
66;264;1;44;3
66;60;1;96;7
66;98;1;96;8
66;23;1;13;191
66;172;1;96;6
66;299;1;13;84
66;133;1;44;2
66;106;1;22;24
66;157;1;13;134
66;65;1;44;2
66;53;1;96;9
66;217;1;13;193
66;132;1;13;102
66;286;1;12;13
66;293;1;13;187
66;58;1;13;218
66;163;1;44;2
66;272;1;44;1
66;1;1;96;4
66;105;1;44;1
66;109;1;22;70
66;181;1;21;1
66;105;1;96;8
66;271;1;22;81
66;223;1;44;2
66;162;1;44;2
66;181;1;96;6
66;223;1;96;4
66;303;1;44;2
66;27;1;44;1
66;37;1;96;12
66;78;1;95;2
66;311;1;44;2
66;162;1;96;4
66;95;1;13;173
66;97;1;44;1
66;60;1;14;1
66;65;1;95;3
66;286;1;14;1
66;53;1;95;3
66;78;1;96;5
66;248;1;13;136
66;15;1;12;11
66;264;1;12;9
66;303;1;96;3
66;208;1;12;14
66;154;1;13;166
66;289;1;13;41
66;185;1;13;185
66;112;1;12;19
66;120;1;96;10
66;42;1;95;3
66;13;1;12;13
66;320;1;96;1
66;224;1;12;16
66;112;1;13;159
66;169;1;12;18
66;272;1;95;8
66;49;1;12;6
66;81;1;12;7
66;152;1;12;14
66;22;1;12;12
66;224;1;13;191
66;105;1;95;6
66;169;1;13;155
66;181;1;95;1
66;223;1;95;5
66;140;1;12;6
66;148;1;13;185
66;27;1;12;8
66;311;1;12;3
66;97;1;12;18
66;39;1;12;12
66;107;1;12;9
66;60;1;12;7
66;98;1;12;9
66;172;1;12;18
66;294;1;13;151
66;22;1;13;178
66;130;1;12;11
66;13;1;13;138
66;34;1;13;165
66;305;1;13;17
66;15;1;44;2
66;52;1;12;7
66;215;1;13;139
66;42;1;96;6
66;254;1;13;184
66;173;1;12;17
66;286;1;95;5
66;267;1;13;149
66;234;1;13;240
66;205;1;13;144
66;53;1;12;9
66;140;1;13;165
66;37;1;95;10
66;162;1;95;3
66;65;1;96;12
66;303;1;95;3
66;120;1;95;1
66;163;1;96;1
66;272;1;96;8
66;321;1;13;43
66;240;1;13;149
66;251;1;13;161
66;321;1;12;12
66;240;1;12;7
66;251;1;12;11
66;49;1;44;1
66;81;1;44;2
66;234;1;12;9
66;223;1;16;1
66;15;1;13;212
66;310;1;13;65
66;171;1;13;187
66;227;1;13;167
66;274;1;12;10
66;186;1;13;142
66;84;1;13;174
66;75;1;13;151
66;186;1;12;17
66;56;1;22;90
66;290;1;13;169
66;75;1;12;9
66;161;1;22;108
66;93;1;13;156
66;156;1;22;85
66;79;1;22;21
66;274;1;13;134
66;220;1;13;200
66;266;1;22;103
66;133;1;12;21
66;49;1;13;193
66;81;1;13;188
66;11;1;12;22
66;162;1;22;83
66;303;1;22;70
66;120;1;22;75
66;273;1;13;181
66;133;1;15;5
66;292;1;13;114
66;65;1;12;16
66;173;1;22;78
66;163;1;12;8
66;272;1;12;27
66;207;1;21;1
66;321;1;22;40
66;240;1;22;71
66;251;1;22;100
66;308;1;13;149
66;105;1;12;14
66;122;1;13;152
66;234;1;22;39
66;42;1;22;58
66;65;1;22;71
66;27;1;15;2
66;163;1;22;26
66;11;1;15;7
66;48;1;22;52
66;53;1;22;99
66;272;1;22;85
66;321;1;15;3
66;240;1;15;6
66;251;1;15;5
66;105;1;22;114
66;1;1;22;41
66;300;1;21;1
66;97;1;15;8
66;39;1;15;11
66;107;1;15;5
66;286;1;22;95
66;130;1;22;92
66;234;1;15;7
66;52;1;22;99
66;181;1;22;90
66;223;1;22;57
66;36;1;21;1
66;37;1;22;61
66;17;1;13;175
66;111;1;13;191
66;52;1;15;4
66;11;1;30;1
66;221;1;13;184
66;55;1;95;4
66;274;1;22;77
66;186;1;15;6
66;82;1;13;184
66;186;1;22;102
66;75;1;15;6
66;180;1;95;5
66;124;1;13;222
66;39;1;30;1
66;107;1;30;2
66;304;1;13;179
66;274;1;15;2
66;298;1;13;120
66;130;1;15;5
66;182;1;13;135
66;68;1;95;4
66;284;1;13;186
66;112;1;15;5
66;301;1;95;5
66;160;1;13;203
66;12;1;95;2
66;14;1;13;154
66;35;1;13;155
66;128;1;95;4
66;22;1;15;1
66;203;1;13;135
66;48;1;12;9
66;13;1;15;7
66;276;1;13;168
66;88;1;13;126
66;15;1;15;5
66;234;1;96;6
66;277;1;95;4
66;76;1;95;8
66;224;1;15;4
66;61;1;12;9
66;129;1;12;18
66;297;1;95;2
66;313;1;12;11
66;169;1;15;5
66;65;1;13;174
66;11;1;96;7
66;49;1;15;2
66;81;1;15;7
66;52;1;96;8
66;153;1;12;15
66;140;1;15;5
66;48;1;13;183
66;233;1;12;16
66;34;1;22;73
66;305;1;22;5
66;42;1;12;11
66;202;1;12;10
66;104;1;12;13
66;75;1;30;1
66;308;1;22;88
66;334;1;12;6
66;122;1;22;62
66;92;1;12;8
66;215;1;22;103
66;254;1;22;80
66;163;1;13;174
66;272;1;13;183
66;288;1;95;5
66;267;1;22;13
66;47;1;12;14
66;157;1;95;6
66;75;1;22;62
66;296;1;95;4
66;51;1;12;15
66;112;1;22;86
66;105;1;13;168
66;291;1;12;22
66;274;1;96;4
66;42;1;15;3
66;321;1;30;1
66;240;1;30;2
66;251;1;30;1
66;181;1;13;183
66;223;1;13;208
66;234;1;30;1
66;238;1;12;7
66;186;1;96;4
66;27;1;96;8
66;247;1;95;2
66;239;1;95;2
66;311;1;96;1
66;19;1;12;12
66;23;1;12;14
66;207;1;95;3
66;97;1;96;8
66;231;1;22;84
66;39;1;96;12
66;62;1;96;2
66;299;1;12;11
66;18;1;96;3
66;243;1;22;72
66;225;1;22;70
66;205;1;22;114
66;217;1;12;10
66;311;1;22;33
66;132;1;12;10
66;228;1;95;3
66;100;1;95;2
66;42;1;13;187
66;65;1;15;4
66;314;1;96;5
66;58;1;12;7
66;97;1;22;60
66;39;1;22;77
66;41;1;95;1
66;107;1;22;33
66;93;1;14;1
66;230;1;95;8
66;130;1;96;7
66;300;1;95;2
66;125;1;22;106
66;237;1;96;6
66;244;1;22;94
66;127;1;12;17
66;287;1;22;29
66;84;1;22;85
66;69;1;12;11
66;318;1;12;6
66;290;1;22;76
66;139;1;12;15
66;40;1;12;11
66;75;1;96;5
66;181;1;15;10
66;22;1;22;95
66;112;1;96;8
66;16;1;96;7
66;108;1;96;9
66;89;1;22;71
66;184;1;96;2
66;49;1;96;7
66;237;1;15;2
66;209;1;96;1
66;81;1;96;7
66;163;1;15;3
66;329;1;96;3
66;272;1;15;3
66;293;1;22;69
66;38;1;12;14
66;11;1;22;84
66;161;1;96;8
66;105;1;15;5
66;110;1;12;16
66;15;1;96;7
66;27;1;22;26
66;13;1;22;84
66;107;1;96;8
66;322;1;96;1
66;164;1;22;105
66;224;1;22;88
66;170;1;12;11
66;109;1;96;6
66;16;1;15;10
66;108;1;15;3
66;169;1;22;93
66;271;1;96;8
66;184;1;15;4
66;173;1;96;2
66;128;1;22;47
66;215;1;14;1
66;47;1;21;1
66;22;1;96;9
66;203;1;12;12
66;13;1;96;4
66;224;1;96;4
66;56;1;96;10
66;276;1;12;12
66;88;1;12;10
66;35;1;12;7
66;160;1;22;77
66;169;1;96;3
66;63;1;12;18
66;249;1;96;6
66;195;1;96;3
66;309;1;96;1
66;28;1;22;96
66;83;1;22;103
66;37;1;15;3
66;230;1;22;81
66;300;1;22;106
66;162;1;15;10
66;140;1;96;5
66;156;1;96;9
66;79;1;96;5
66;182;1;22;153
66;284;1;22;105
66;303;1;15;4
66;133;1;96;8
66;266;1;96;6
66;301;1;22;79
66;164;1;12;13
66;12;1;22;85
66;120;1;15;3
66;296;1;96;6
66;36;1;22;27
66;321;1;96;1
66;240;1;96;7
66;133;1;22;85
66;251;1;96;7
66;268;1;22;91
66;278;1;96;7
66;228;1;96;2
66;59;1;96;3
66;100;1;96;8
66;63;1;22;75
66;57;1;12;10
66;153;1;21;1
66;276;1;22;83
66;88;1;22;62
66;302;1;22;37
66;277;1;22;89
66;125;1;12;15
66;244;1;12;13
66;41;1;96;6
66;35;1;22;78
66;64;1;22;88
66;106;1;96;2
66;288;1;96;7
66;160;1;12;11
66;140;1;22;112
66;76;1;22;55
66;182;1;12;31
66;94;1;96;13
66;77;1;96;5
66;157;1;96;11
66;297;1;22;168
66;14;1;22;87
66;205;1;14;1
66;203;1;22;100
66;148;1;14;1
66;284;1;12;18
66;185;1;14;1
66;34;1;14;1
66;55;1;22;99
66;14;1;12;11
66;294;1;15;3
66;231;1;12;17
66;34;1;15;5
66;57;1;22;110
66;243;1;12;16
66;225;1;12;6
66;106;1;15;1
66;293;1;12;20
66;310;1;15;2
66;171;1;15;6
66;249;1;15;5
66;227;1;15;4
66;195;1;15;2
66;309;1;15;2
66;15;1;22;65
66;93;1;15;1
66;220;1;15;3
66;292;1;15;1
66;221;1;96;11
66;310;1;22;64
66;171;1;22;70
66;308;1;15;3
66;287;1;12;7
66;227;1;22;56
66;122;1;15;4
66;297;1;96;3
66;180;1;22;77
66;321;1;95;2
66;240;1;95;5
66;267;1;96;1
66;49;1;22;48
66;251;1;95;6
66;81;1;22;63
66;80;1;22;83
66;315;1;22;76
66;234;1;95;2
66;205;1;96;8
66;59;1;15;7
66;89;1;12;9
66;158;1;22;77
66;273;1;15;5
66;109;1;30;1
66;55;1;96;9
66;84;1;96;9
66;296;1;12;15
66;154;1;22;75
66;289;1;22;5
66;185;1;22;64
66;278;1;12;19
66;95;1;22;87
66;228;1;12;17
66;248;1;15;5
66;100;1;12;14
66;17;1;96;9
66;111;1;96;10
66;82;1;96;1
66;154;1;15;7
66;185;1;15;6
66;55;1;12;11
66;314;1;44;4
66;17;1;22;82
66;111;1;22;47
66;124;1;96;11
66;329;1;15;2
66;161;1;15;8
66;298;1;96;5
66;17;1;15;9
66;111;1;15;5
66;290;1;96;4
66;95;1;15;3
66;151;1;22;65
66;237;1;30;1
66;304;1;22;62
66;298;1;22;105
66;68;1;12;13
66;80;1;15;5
66;248;1;96;5
66;158;1;15;3
66;41;1;12;12
66;151;1;15;1
66;248;1;22;144
66;321;1;21;1
66;148;1;15;4
66;310;1;96;2
66;171;1;96;2
66;273;1;22;85
66;68;1;22;67
66;227;1;96;3
66;302;1;12;4
66;75;1;14;1
66;277;1;12;9
66;292;1;22;53
66;224;1;14;1
66;267;1;15;1
66;93;1;96;5
66;154;1;96;1
66;185;1;96;3
66;82;1;22;71
66;95;1;96;9
66;205;1;15;11
66;322;1;15;3
66;180;1;96;6
66;124;1;22;50
66;109;1;15;4
66;247;1;12;15
66;239;1;12;14
66;161;1;44;5
66;39;1;14;1
66;56;1;15;5
66;151;1;96;5
66;221;1;15;4
66;294;1;22;76
66;156;1;15;6
66;329;1;30;1
66;249;1;21;1
66;82;1;15;1
66;294;1;96;2
66;93;1;22;76
66;76;1;12;11
66;34;1;96;10
66;247;1;22;141
66;305;1;96;1
66;239;1;22;91
66;220;1;22;85
66;215;1;15;6
66;56;1;44;3
66;254;1;15;4
66;288;1;12;10
66;156;1;44;1
66;79;1;44;1
66;266;1;15;6
66;220;1;96;4
66;266;1;44;2
66;84;1;15;2
66;68;1;96;6
66;221;1;22;99
66;207;1;12;12
66;304;1;15;6
66;157;1;12;20
66;298;1;15;5
66;148;1;96;6
66;207;1;22;80
66;148;1;22;89
66;290;1;15;1
66;247;1;96;3
66;239;1;96;5
66;273;1;96;8
66;296;1;22;87
66;292;1;96;2
66;207;1;96;13
66;278;1;22;78
66;228;1;22;94
66;100;1;22;92
66;308;1;96;5
66;297;1;12;29
66;41;1;22;78
66;122;1;96;2
66;271;1;15;7
66;302;1;96;1
66;62;1;15;6
66;180;1;12;12
66;277;1;96;6
66;215;1;96;8
66;254;1;96;5
66;80;1;96;3
66;315;1;96;4
66;158;1;96;4
66;94;1;15;2
66;77;1;15;4
66;248;1;95;7
66;221;1;95;7
66;288;1;22;84
66;17;1;44;4
66;82;1;95;2
66;111;1;44;3
66;209;1;44;1
66;220;1;95;7
66;157;1;22;110
66;249;1;44;2
66;195;1;44;1
66;314;1;15;2
66;154;1;95;4
66;289;1;95;1
66;185;1;95;2
66;318;1;95;4
66;95;1;95;3
66;59;1;44;1
66;17;1;95;6
66;111;1;95;5
66;139;1;95;1
66;40;1;95;1
66;61;1;95;5
66;151;1;44;3
66;129;1;95;5
66;313;1;95;1
66;151;1;95;3
66;221;1;44;3
66;310;1;95;3
66;171;1;95;5
66;156;1;30;2
66;227;1;95;2
66;82;1;44;1
66;237;1;44;1
66;93;1;95;1
66;302;1;44;1
66;233;1;95;8
66;230;1;12;10
66;300;1;12;13
66;299;1;16;1
66;124;1;95;3
66;304;1;95;1
66;217;1;95;3
66;132;1;95;4
66;298;1;95;4
66;58;1;95;4
66;128;1;44;1
66;124;1;44;1
66;80;1;95;7
66;315;1;95;5
66;158;1;95;4
66;273;1;95;3
66;301;1;12;16
66;12;1;12;24
66;68;1;44;2
66;127;1;95;1
66;292;1;95;2
66;308;1;95;1
66;148;1;95;4
66;202;1;95;2
66;108;1;44;1
66;184;1;44;2
66;247;1;44;1
66;239;1;44;1
66;294;1;95;2
66;207;1;44;6
66;301;1;96;7
66;249;1;30;1
66;122;1;95;2
66;12;1;96;6
66;36;1;96;3
66;153;1;95;5
66;230;1;96;7
66;34;1;95;4
66;305;1;95;1
66;36;1;12;7
66;300;1;96;7
66;215;1;95;3
66;254;1;95;3
66;69;1;95;6
66;267;1;95;2
66;271;1;44;1
66;296;1;44;1
66;110;1;95;3
66;62;1;44;1
66;18;1;44;3
66;154;1;12;8
66;289;1;12;3
66;185;1;12;22
66;128;1;12;10
66;278;1;44;1
66;228;1;44;2
66;95;1;12;7
66;100;1;44;5
66;205;1;95;5
66;77;1;44;3
66;315;1;44;1
66;128;1;96;2
66;92;1;95;2
66;84;1;95;4
66;41;1;44;2
66;104;1;95;2
66;124;1;12;23
66;290;1;95;4
66;171;1;44;2
66;288;1;44;1
66;304;1;12;17
66;334;1;95;1
66;227;1;44;3
66;298;1;12;15
66;220;1;12;9
66;254;1;27;1
66;157;1;44;4
66;109;1;44;4
66;273;1;12;6
66;148;1;16;1
66;170;1;95;7
66;47;1;95;6
66;248;1;30;1
66;122;1;12;13
66;13;1;16;1
66;238;1;95;5
66;84;1;30;1
66;230;1;44;1
66;290;1;30;1
66;291;1;95;5
66;166;1;22;28
66;10;1;22;87
66;237;1;13;170
66;301;1;44;1
66;36;1;44;1
66;19;1;95;3
66;23;1;95;4
66;299;1;95;2
66;297;1;44;2
66;123;1;22;20
66;117;1;22;86
66;59;1;13;203
66;88;1;30;1
66;38;1;95;5
66;55;1;44;1
66;270;1;22;75
66;292;1;12;6
66;20;1;22;65
66;308;1;12;15
66;148;1;12;12
66;180;1;44;1
66;63;1;30;1
66;310;1;12;11
66;171;1;12;8
66;217;1;96;4
66;132;1;96;7
66;54;1;22;73
66;36;1;15;2
66;227;1;12;12
66;58;1;96;5
66;298;1;30;1
66;93;1;12;12
66;209;1;13;167
66;209;1;95;4
66;123;1;13;131
66;117;1;13;133
66;249;1;13;171
66;195;1;13;153
66;309;1;13;78
66;28;1;30;1
66;99;1;22;69
66;249;1;95;5
66;133;1;95;5
66;312;1;22;31
66;195;1;95;1
66;309;1;95;2
66;91;1;22;57
66;215;1;12;6
66;204;1;22;91
66;15;1;95;5
66;254;1;12;13
66;127;1;96;5
66;270;1;13;140
66;20;1;13;152
66;267;1;12;8
66;294;1;12;13
66;69;1;96;2
66;68;1;15;4
66;318;1;96;3
66;59;1;95;3
66;34;1;12;9
66;149;1;13;177
66;80;1;12;16
66;315;1;12;9
66;91;1;13;173
66;158;1;12;17
66;204;1;13;188
66;11;1;95;3
66;316;1;22;35
66;211;1;22;100
66;94;1;13;130
66;317;1;13;62
66;67;1;13;200
66;77;1;13;141
66;139;1;96;10
66;149;1;22;76
66;40;1;96;5
66;109;1;95;4
66;128;1;15;4
66;218;1;13;196
66;167;1;22;75
66;66;1;22;40
66;271;1;95;1
66;21;1;13;140
66;62;1;95;1
66;16;1;13;176
66;108;1;13;189
66;18;1;95;3
66;184;1;13;175
66;202;1;96;3
66;96;1;22;82
66;27;1;95;3
66;311;1;95;4
66;153;1;96;13
66;90;1;22;59
66;49;1;95;1
66;47;1;13;147
66;81;1;95;2
66;239;1;15;2
66;106;1;13;148
66;207;1;15;4
66;314;1;95;3
66;75;1;95;13
66;322;1;13;135
66;166;1;13;93
66;10;1;13;133
66;112;1;95;5
66;109;1;13;190
66;271;1;13;166
66;21;1;22;89
66;104;1;96;8
66;237;1;95;3
66;17;1;12;19
66;111;1;12;14
66;221;1;12;15
66;317;1;22;41
66;67;1;22;47
66;82;1;12;16
66;275;1;13;192
66;218;1;22;74
66;62;1;13;139
66;18;1;13;194
66;230;1;15;6
66;300;1;15;6
66;47;1;96;6
66;51;1;13;138
66;295;1;22;62
66;291;1;13;193
66;22;1;95;4
66;16;1;95;8
66;108;1;95;3
66;51;1;96;5
66;13;1;95;2
66;184;1;95;4
66;291;1;96;9
66;224;1;95;4
66;275;1;22;79
66;54;1;13;199
66;61;1;96;12
66;129;1;96;9
66;313;1;80;1
66;56;1;13;142
66;313;1;96;5
66;156;1;13;207
66;79;1;13;130
66;92;1;96;4
66;308;1;44;3
66;122;1;44;1
66;35;1;15;2
66;308;1;30;2
66;164;1;95;4
66;297;1;30;3
66;290;1;44;1
66;314;1;13;178
66;160;1;15;2
66;297;1;15;11
66;160;1;95;6
66;182;1;15;6
66;284;1;15;4
66;167;1;13;141
66;66;1;13;217
66;169;1;95;3
66;284;1;95;1
66;14;1;15;3
66;140;1;95;3
66;301;1;15;3
66;215;1;44;2
66;254;1;44;1
66;64;1;95;5
66;12;1;15;4
66;151;1;12;18
66;203;1;15;6
66;267;1;44;2
66;14;1;95;3
66;276;1;15;4
66;88;1;15;3
66;90;1;13;147
66;97;1;95;7
66;248;1;44;3
66;39;1;95;1
66;107;1;95;3
66;125;1;14;1
66;203;1;95;2
66;329;1;13;28
66;274;1;95;3
66;125;1;15;5
66;161;1;13;177
66;244;1;15;9
66;186;1;95;5
66;96;1;13;179
66;266;1;13;161
66;64;1;15;5
66;233;1;96;6
66;55;1;15;3
66;287;1;14;1
66;205;1;12;9
66;89;1;14;2
66;89;1;95;4
66;148;1;44;1
66;28;1;15;4
66;84;1;12;15
66;287;1;95;2
66;173;1;95;4
66;293;1;15;5
66;248;1;12;23
66;290;1;12;29
66;220;1;44;5
66;63;1;16;1
66;154;1;44;1
66;185;1;44;1
66;276;1;95;3
66;88;1;95;2
66;99;1;13;106
66;314;1;12;19
66;205;1;44;2
66;312;1;13;51
66;180;1;15;9
66;231;1;95;4
66;243;1;95;3
66;225;1;95;2
66;84;1;44;1
66;88;1;14;1
66;35;1;95;4
66;125;1;95;4
66;244;1;95;3
66;316;1;13;37
66;211;1;13;121
66;268;1;15;3
66;63;1;15;4
66;296;1;15;2
66;28;1;95;3
66;83;1;95;6
66;130;1;95;7
66;38;1;96;6
66;52;1;95;2
66;287;1;15;1
66;293;1;95;6
66;237;1;12;8
66;295;1;13;91
66;278;1;30;1
66;110;1;96;4
66;268;1;95;5
66;34;1;44;2
66;209;1;12;11
66;63;1;95;2
66;288;1;30;1
66;57;1;15;2
66;249;1;12;13
66;59;1;12;14
66;57;1;95;4
66;288;1;15;2
66;195;1;12;6
66;309;1;12;3
66;278;1;15;3
66;228;1;15;6
66;100;1;15;3
66;231;1;15;4
66;243;1;15;9
66;41;1;15;3
66;225;1;15;6
66;61;1;22;67
66;129;1;22;95
66;157;1;15;2
66;313;1;22;76
66;16;1;12;18
66;108;1;12;17
66;184;1;12;16
66;164;1;15;2
66;300;1;30;3
66;233;1;22;107
66;301;1;30;1
66;271;1;12;5
66;202;1;22;88
66;62;1;12;23
66;18;1;12;7
66;96;1;12;17
66;322;1;12;13
66;153;1;22;72
66;109;1;12;15
66;47;1;22;90
66;166;1;12;4
66;10;1;12;15
66;170;1;96;7
66;92;1;22;77
66;77;1;12;13
66;238;1;96;4
66;51;1;22;34
66;104;1;22;106
66;277;1;15;8
66;291;1;22;78
66;334;1;22;9
66;170;1;22;77
66;106;1;12;9
66;21;1;30;2
66;238;1;22;97
66;76;1;15;4
66;117;1;30;1
66;94;1;12;16
66;19;1;22;57
66;123;1;12;5
66;23;1;22;74
66;123;1;95;3
66;149;1;30;2
66;92;1;15;5
66;299;1;22;65
66;117;1;12;15
66;117;1;95;7
66;167;1;30;1
66;66;1;30;2
66;104;1;15;4
66;329;1;12;7
66;161;1;12;25
66;166;1;30;1
66;54;1;12;19
66;56;1;12;12
66;90;1;15;1
66;217;1;22;84
66;132;1;22;54
66;270;1;95;5
66;156;1;12;17
66;20;1;95;6
66;79;1;12;5
66;58;1;22;30
66;90;1;12;11
66;19;1;96;12
66;23;1;96;6
66;99;1;95;3
66;299;1;96;1
66;266;1;12;7
66;38;1;22;99
66;99;1;12;14
66;67;1;21;1
66;110;1;22;78
66;312;1;12;6
66;61;1;14;1
66;21;1;12;21
66;211;1;30;1
66;166;1;95;2
66;10;1;95;3
66;149;1;15;5
66;127;1;22;78
66;270;1;12;19
66;66;1;15;2
66;20;1;12;11
66;21;1;15;4
66;295;1;30;1
66;54;1;95;5
66;96;1;30;1
66;69;1;22;69
66;318;1;22;51
66;317;1;12;3
66;67;1;12;16
66;270;1;44;1
66;99;1;44;1
66;218;1;12;10
66;139;1;22;83
66;40;1;22;78
66;312;1;44;1
66;218;1;44;4
66;316;1;12;1
66;211;1;12;17
66;275;1;44;2
66;166;1;15;1
66;10;1;15;1
66;167;1;95;6
66;66;1;95;3
66;66;1;14;1
66;275;1;30;1
66;96;1;15;3
66;275;1;12;10
66;96;1;95;4
66;61;1;15;3
66;123;1;14;1
66;129;1;15;2
66;270;1;14;1
66;312;1;95;6
66;313;1;15;2
66;295;1;44;1
66;51;1;15;2
66;211;1;95;4
66;91;1;95;2
66;204;1;95;7
66;67;1;44;1
66;58;1;30;2
66;295;1;95;3
66;295;1;12;6
66;47;1;15;4
66;211;1;96;7
66;127;1;44;1
66;233;1;15;2
66;90;1;95;5
66;89;1;96;3
66;64;1;96;8
66;275;1;15;2
66;164;1;96;9
66;295;1;96;6
66;202;1;15;3
66;64;1;44;1
66;127;1;15;3
66;149;1;95;8
66;28;1;44;2
66;83;1;44;4
66;153;1;15;4
66;317;1;96;1
66;67;1;96;8
66;67;1;15;4
66;218;1;96;15
66;218;1;15;2
66;91;1;15;6
66;204;1;15;8
66;91;1;44;3
66;67;1;95;5
66;149;1;44;3
66;218;1;95;2
66;110;1;14;1
66;204;1;44;1
66;275;1;95;2
66;139;1;15;5
66;40;1;15;9
66;268;1;44;2
66;63;1;44;3
66;38;1;15;3
66;160;1;96;4
66;182;1;96;4
66;54;1;96;9
66;69;1;15;3
66;117;1;15;1
66;318;1;15;2
66;166;1;96;4
66;10;1;96;3
66;110;1;15;4
66;270;1;15;6
66;20;1;15;3
66;57;1;44;2
66;99;1;15;3
66;69;1;44;3
66;318;1;44;1
66;96;1;44;3
66;19;1;15;2
66;139;1;44;1
66;40;1;44;1
66;23;1;15;6
66;299;1;15;4
66;28;1;96;6
66;83;1;96;14
66;316;1;15;2
66;211;1;15;12
66;268;1;96;9
66;275;1;96;5
66;90;1;44;2
66;284;1;96;9
66;21;1;44;3
66;170;1;30;1
66;14;1;96;8
66;63;1;96;5
66;166;1;44;2
66;10;1;44;1
66;54;1;15;1
66;170;1;15;6
66;57;1;96;6
66;238;1;15;4
66;54;1;44;4
66;217;1;15;4
66;132;1;15;1
66;58;1;15;5
66;61;1;44;1
66;123;1;96;5
66;313;1;44;1
66;117;1;96;5
66;149;1;96;9
66;167;1;96;2
66;66;1;96;10
66;139;1;30;1
66;90;1;96;3
66;270;1;96;15
66;20;1;96;3
66;123;1;44;2
66;117;1;44;2
66;231;1;96;9
66;99;1;96;8
66;96;1;96;8
66;243;1;96;6
66;203;1;96;6
66;225;1;96;5
66;312;1;96;1
66;276;1;96;7
66;88;1;96;7
66;21;1;96;7
66;125;1;96;6
66;244;1;96;5
66;91;1;96;2
66;204;1;96;6
66;293;1;96;4
66;35;1;96;6
66;47;1;44;1
66;51;1;44;1
66;231;1;44;2
66;291;1;44;1
66;243;1;44;1
66;225;1;44;1
66;38;1;44;2
66;170;1;44;1
66;217;1;44;2
66;132;1;44;3
66;58;1;44;1
66;238;1;44;3
66;293;1;44;2
66;284;1;44;1
66;89;1;44;2
66;164;1;44;2
66;203;1;44;1
66;276;1;44;1
66;88;1;44;4
66;35;1;44;3
66;233;1;44;2
66;160;1;44;3
66;104;1;44;2
66;334;1;44;2
66;153;1;44;4
