zona;secao;cargo;numero;votos
91;59;7;45555;10
91;56;6;96;6
91;42;6;5533;19
91;70;6;4477;16
91;26;7;44888;1
91;42;6;1333;1
91;84;7;15362;1
91;77;7;11444;14
91;139;5;95;22
91;8;6;4455;2
91;12;6;1511;1
91;49;6;1522;1
91;140;3;96;5
91;68;7;13555;19
91;23;7;44456;4
91;107;6;1333;3
91;107;7;22222;1
91;107;7;44190;1
91;19;7;22022;2
91;3;6;5001;1
91;138;7;15362;4
91;58;7;96;5
91;37;6;1000;1
91;143;6;2211;6
91;13;6;2277;8
91;47;7;96;2
91;23;6;2211;1
91;17;6;5013;1
91;79;6;5511;3
91;138;7;50500;3
91;10;6;1333;2
91;1;7;13258;2
91;49;7;13333;5
91;143;7;22111;1
91;97;6;5533;12
91;39;7;50500;2
91;26;3;12;11
91;145;7;13132;16
91;90;6;4444;1
91;106;7;44888;5
91;103;6;1444;1
91;15;7;22022;1
91;5;6;4400;1
91;101;6;5001;2
91;102;6;1111;56
91;74;6;5001;1
91;85;6;1567;1
91;37;7;13456;4
91;81;7;44500;1
91;50;6;5001;2
91;80;7;13130;1
91;104;7;11123;3
91;3;6;2210;2
91;41;5;700;16
91;26;7;13555;7
91;143;6;1322;18
91;139;7;11;2
91;90;6;96;3
91;23;7;12345;1
91;146;6;1522;1
91;143;6;5533;27
91;67;7;70400;1
91;4;3;44;54
91;103;7;22111;1
91;2;7;22022;3
91;94;3;12;14
91;37;6;2222;9
91;52;3;95;11
91;58;3;95;8
91;143;7;22777;11
91;8;7;13258;1
91;151;7;12100;5
91;84;6;4490;1
91;94;7;13456;3
91;94;7;15888;1
91;52;7;44888;2
91;14;5;555;1
91;23;6;4455;3
91;101;7;22022;1
91;64;7;12100;31
91;139;7;22022;4
91;139;7;11113;1
91;36;7;12114;2
91;11;3;12;17
91;10;6;5577;3
91;140;6;1533;8
91;35;7;70090;1
91;66;6;4444;1
91;60;7;11111;32
91;7;5;96;9
91;11;7;44456;1
91;59;7;13131;1
91;59;7;55888;11
91;35;6;95;11
91;75;7;13234;4
91;103;7;50500;4
91;84;7;33888;3
91;97;7;13234;9
91;138;7;13234;9
91;15;7;11444;24
91;144;5;555;1
91;34;6;1010;1
91;34;6;4456;1
91;90;5;700;8
91;10;6;1111;52
91;51;7;50444;2
91;24;7;55888;1
91;1;6;1221;9
91;36;7;70321;1
91;9;6;2288;1
91;60;6;1313;2
91;23;6;1322;26
91;20;7;70007;1
91;34;7;70400;2
91;143;7;13234;11
91;35;6;2222;3
91;81;7;15362;3
91;81;7;70400;4
91;73;7;22777;13
91;146;7;13133;1
91;106;7;65013;1
91;47;7;44123;1
91;13;7;22190;2
91;13;5;131;143
91;2;6;2210;2
91;21;6;1331;1
91;23;7;13132;10
91;72;6;95;16
91;95;6;95;8
91;47;6;1292;1
91;9;7;33888;3
91;20;6;13;1
91;20;6;22;1
91;20;7;12;3
91;105;6;2201;1
91;21;7;44888;1
91;85;7;13456;6
91;90;7;13555;2
91;31;7;12111;1
91;143;6;2288;2
91;85;7;11444;10
91;4;7;12144;1
91;104;6;5511;6
91;27;6;4410;3
91;2;7;23192;1
91;14;6;2277;19
91;25;7;11123;1
91;22;6;4488;3
91;22;6;5099;1
91;24;6;5533;20
91;10;6;5511;8
91;56;7;12114;1
91;50;7;12500;1
91;102;6;5511;10
91;16;6;5533;15
91;103;6;1533;2
91;102;6;1331;2
91;47;7;13555;15
91;26;7;13132;1
91;27;6;1331;1
91;22;6;2288;3
91;22;7;44456;3
91;37;3;44;61
91;97;7;11444;14
91;145;6;1010;1
91;145;6;4456;1
91;50;7;44122;1
91;5;7;22222;4
91;5;7;44190;1
91;16;5;96;14
91;97;6;2210;1
91;23;6;4477;13
91;145;7;33300;1
91;75;7;11111;19
91;18;6;1010;2
91;18;6;4456;2
91;1;6;1533;2
91;50;7;55011;1
91;55;7;50013;1
91;9;7;13333;5
91;38;7;23123;1
91;94;7;96;7
91;36;7;11123;1
91;24;6;4488;4
91;24;6;5099;1
91;103;5;700;43
91;50;7;44888;2
91;57;6;2211;1
91;5;5;96;8
91;102;7;13258;1
91;45;7;15123;1
91;107;7;13234;8
91;43;6;1944;1
91;12;7;13333;10
91;104;7;55234;2
91;20;6;1285;1
91;55;6;2200;2
91;45;6;4490;1
91;51;7;22190;1
91;64;6;5577;4
91;24;7;22111;2
91;68;5;700;19
91;138;7;23192;1
91;4;7;13555;9
91;39;6;95;18
91;37;6;1522;3
91;84;7;70400;1
91;75;6;1322;21
91;81;6;7040;3
91;16;6;2222;9
91;51;7;13333;12
91;144;6;5005;2
91;11;6;1213;29
91;17;6;1333;6
91;51;6;2201;1
91;80;7;96;5
91;60;7;22022;1
91;24;7;22777;9
91;45;7;45000;1
91;145;7;44456;1
91;26;7;95;15
91;56;7;13555;15
91;27;7;11123;3
91;102;6;1213;7
91;37;7;22022;5
91;21;7;13555;12
91;18;6;5005;7
91;145;7;12100;25
91;3;7;22777;9
91;148;7;44456;1
91;60;7;13333;10
91;8;6;5013;1
91;63;7;15678;2
91;93;7;10123;1
91;68;7;50500;2
91;2;7;22556;1
91;7;7;12555;1
91;19;7;70222;3
91;4;7;70100;1
91;107;7;12100;14
91;66;6;1222;2
91;66;6;1234;5
91;16;7;15362;2
91;145;6;1512;1
91;68;6;1522;1
91;70;7;11444;25
91;36;6;5005;7
91;1;7;12100;32
91;66;6;5533;27
91;146;6;5577;2
91;99;3;95;3
91;7;7;44123;1
91;33;6;4555;1
91;12;7;12500;1
91;72;7;70321;2
91;99;7;50500;4
91;18;3;12;17
91;2;6;4445;2
91;21;6;4422;4
91;138;7;13456;3
91;64;7;55678;5
91;11;3;13;137
91;43;6;5511;3
91;104;3;44;59
91;148;7;22777;12
91;63;6;5577;1
91;139;7;55011;1
91;90;3;95;6
91;102;7;65013;2
91;73;7;96;6
91;3;7;44044;1
91;38;6;1234;1
91;144;7;13456;2
91;56;6;5013;1
91;13;6;1369;1
91;151;3;44;32
91;2;7;55011;2
91;47;3;96;4
91;80;5;95;6
91;11;6;1331;1
91;3;6;1188;1
91;19;7;13333;10
91;80;3;44;60
91;99;6;1112;1
91;79;6;4447;2
91;39;7;10123;1
91;30;3;13;139
91;38;7;13333;6
91;18;7;13456;2
91;5;6;1123;1
91;45;6;1214;1
91;64;7;33888;5
91;64;6;1444;1
91;7;7;70400;7
91;50;7;13456;2
91;8;7;55234;2
91;99;6;1111;73
91;39;7;70400;2
91;56;6;1010;1
91;56;6;4456;1
91;18;7;13555;9
91;20;6;1333;3
91;8;6;5599;1
91;13;7;45555;1
91;33;3;12;8
91;73;6;5013;1
91;60;7;44333;1
91;47;7;22222;2
91;47;7;44190;1
91;67;7;96;3
91;1;3;95;7
91;90;6;33;1
91;90;7;11;5
91;90;7;13;2
91;90;7;22;1
91;81;7;11111;68
91;106;6;2211;8
91;16;3;95;4
91;8;7;13123;1
91;8;7;96;3
91;58;6;2288;2
91;138;7;44345;1
91;72;6;2222;15
91;56;7;44456;1
91;95;6;2222;1
91;12;7;13555;12
91;85;6;5511;1
91;57;6;1331;1
91;17;6;2255;2
91;2;6;5055;1
91;17;6;5577;2
91;149;6;2255;4
91;60;6;1522;4
91;12;6;4003;1
91;70;7;13555;7
91;101;6;2211;6
91;30;6;1321;1
91;49;7;12100;3
91;92;7;33888;3
91;34;7;13333;29
91;81;7;44123;1
91;49;6;1322;11
91;22;6;1313;4
91;14;3;44;60
91;56;7;12112;1
91;57;3;12;21
91;143;3;80;1
91;102;7;70222;2
91;24;7;15123;1
91;20;7;70321;2
91;90;6;2277;3
91;101;6;1888;1
91;94;6;7040;1
91;67;7;13100;1
91;81;6;1213;8
91;12;7;23192;1
91;9;6;1111;44
91;55;7;55234;1
91;101;7;15123;2
91;26;6;2123;1
91;20;3;95;4
91;42;6;96;3
91;39;3;96;5
91;25;6;1234;5
91;73;6;5533;16
91;139;6;1221;8
91;16;6;1322;17
91;10;7;50013;1
91;49;6;4410;1
91;36;5;95;8
91;40;6;4444;1
91;143;6;4410;2
91;146;6;4445;1
91;20;7;13132;11
91;20;7;70222;1
91;22;7;15123;1
91;102;7;13555;16
91;6;7;12100;74
91;1;7;13133;2
91;72;3;12;16
91;95;7;33888;11
91;79;7;44444;1
91;63;6;1123;1
91;94;5;131;210
91;2;6;2211;4
91;102;6;4477;7
91;57;6;2288;1
91;2;6;1122;1
91;59;7;55333;1
91;51;6;1221;10
91;94;7;50013;5
91;70;7;22222;1
91;70;7;44190;1
91;49;6;7040;2
91;39;6;3555;1
91;92;5;131;129
91;93;6;1212;1
91;39;5;95;18
91;106;7;13222;1
91;66;6;5577;1
91;143;7;70222;1
91;16;6;12;2
91;16;6;13;2
91;16;7;10;1
91;16;7;11;1
91;16;7;12;1
91;16;7;13;6
91;85;7;13131;1
91;140;7;55888;1
91;49;5;96;11
91;50;6;2277;10
91;94;6;2277;13
91;143;6;2200;1
91;25;6;1888;2
91;35;7;12100;14
91;2;7;13132;11
91;2;7;70222;1
91;4;7;55678;8
91;66;7;15000;1
91;22;6;1213;19
91;8;6;1221;3
91;21;6;5013;2
91;31;6;1333;2
91;23;6;1888;2
91;47;7;55678;9
91;145;6;5533;17
91;94;6;1234;9
91;94;6;4411;1
91;14;7;45555;2
91;84;7;11444;20
91;7;7;13333;12
91;51;3;13;140
91;31;7;11123;2
91;30;7;11123;1
91;92;6;1533;1
91;105;6;2277;4
91;14;7;11444;31
91;145;7;65013;2
91;4;6;1313;7
91;40;6;4488;2
91;12;6;4488;4
91;12;6;5099;3
91;18;6;1111;44
91;18;7;95;12
91;60;5;555;5
91;143;7;33200;1
91;51;7;22022;2
91;4;3;12;15
91;13;5;95;6
91;2;6;2233;1
91;99;7;13132;14
91;43;5;95;7
91;146;6;1221;3
91;106;3;12;9
91;52;6;1111;48
91;52;7;95;16
91;52;7;55333;1
91;50;6;5599;1
91;105;7;11444;30
91;7;6;96;2
91;138;6;1322;9
91;103;7;65234;1
91;151;6;1522;11
91;92;6;2222;3
91;21;7;15362;2
91;75;7;12200;1
91;22;7;50123;1
91;12;6;5511;6
91;14;6;2201;3
91;18;7;11444;20
91;66;7;13456;3
91;99;6;96;10
91;143;7;11111;42
91;101;7;10123;2
91;14;7;96;6
91;103;7;13132;5
91;23;3;44;47
91;102;7;96;6
91;107;6;96;11
91;4;6;1522;2
91;79;3;95;19
91;79;6;1221;4
91;145;6;4488;4
91;26;6;95;21
91;72;6;1111;39
91;95;6;1111;41
91;19;5;131;147
91;145;7;22222;5
91;145;7;44190;1
91;11;7;15362;3
91;139;6;5013;1
91;68;3;21;1
91;59;7;13555;5
91;39;6;2222;7
91;93;6;1221;4
91;94;5;700;42
91;25;7;55888;1
91;14;3;96;11
91;79;7;22022;3
91;95;6;4422;1
91;11;6;2200;1
91;56;7;11111;30
91;3;7;13123;1
91;45;7;13013;1
91;52;7;96;6
91;70;6;1322;11
91;75;7;33888;2
91;55;6;2211;4
91;43;7;13333;5
91;20;7;55333;1
91;64;6;2277;4
91;24;6;1213;13
91;1;7;44123;2
91;148;6;4477;10
91;24;7;44027;1
91;104;7;55111;1
91;67;6;5567;1
91;94;6;4444;2
91;34;7;22222;1
91;20;7;96;3
91;8;6;1333;4
91;41;7;12345;1
91;16;7;44123;1
91;24;7;44456;1
91;72;6;2288;4
91;102;7;15333;1
91;13;7;22111;1
91;37;6;1222;1
91;37;6;1234;6
91;40;5;131;132
91;52;7;70190;2
91;9;7;12111;1
91;13;6;1533;2
91;1;7;12457;1
91;140;7;13333;4
91;19;6;2222;9
91;38;7;13234;4
91;20;3;21;1
91;149;7;45555;1
91;43;7;22777;7
91;2;7;13258;1
91;38;6;95;12
91;144;7;11777;1
91;56;5;96;7
91;4;6;4447;1
91;92;7;22022;1
91;20;7;12111;1
91;139;6;4488;2
91;1;6;5001;2
91;11;7;44333;2
91;55;6;4455;4
91;92;6;4410;2
91;22;6;4447;2
91;102;6;2200;1
91;85;7;33888;12
91;52;6;1313;2
91;104;6;7040;1
91;70;5;555;1
91;36;6;2288;1
91;18;6;2222;8
91;36;7;22777;11
91;23;7;45333;1
91;92;7;13555;5
91;51;7;50777;1
91;151;3;13;223
91;143;7;23123;1
91;1;6;96;10
91;36;6;4433;1
91;79;6;1333;1
91;56;5;700;20
91;81;6;4422;1
91;94;6;1155;1
91;72;7;13333;13
91;95;7;13333;16
91;138;6;1333;5
91;139;7;15151;1
91;34;6;5555;1
91;19;3;96;2
91;33;7;13234;5
91;106;6;1214;2
91;22;7;44190;1
91;8;6;96;2
91;10;6;5005;4
91;11;3;44;49
91;23;7;55444;2
91;57;3;44;61
91;138;7;65013;1
91;106;6;1313;2
91;105;7;13222;3
91;24;6;2277;7
91;95;6;4410;1
91;52;5;700;27
91;39;6;4410;1
91;84;7;36192;1
91;22;3;95;8
91;67;7;44444;1
91;101;6;2233;1
91;1;7;50013;1
91;51;6;1323;1
91;35;6;1533;1
91;16;6;10;1
91;16;6;11;2
91;107;7;23123;1
91;73;7;55678;6
91;43;7;55888;4
91;107;3;13;175
91;95;6;1569;3
91;99;6;1313;3
91;4;6;1333;1
91;31;3;96;9
91;21;6;1016;1
91;64;7;13234;1
91;10;6;22;1
91;148;7;13131;1
91;148;7;43333;1
91;40;7;23123;1
91;34;6;1111;60
91;34;7;95;12
91;79;7;13132;15
91;73;6;2277;15
91;107;6;1300;1
91;107;5;700;24
91;57;6;5533;20
91;34;6;5511;1
91;143;7;22190;2
91;63;7;65234;1
91;4;6;4456;3
91;95;3;13;147
91;13;6;95;5
91;13;7;45000;2
91;72;3;13;135
91;57;7;70090;1
91;64;7;44456;1
91;9;6;1277;1
91;143;7;22222;3
91;3;7;22022;2
91;11;6;4477;8
91;50;6;1533;2
91;94;6;1533;4
91;85;7;13123;1
91;75;6;1221;2
91;59;6;7040;1
91;66;6;1323;1
91;1;7;55678;10
91;60;6;2222;5
91;66;7;44456;1
91;19;7;13456;2
91;19;7;15888;1
91;35;7;13333;30
91;60;6;96;5
91;15;6;1311;1
91;8;6;2211;2
91;7;6;1155;1
91;16;6;1213;19
91;7;3;44;56
91;36;7;15000;1
91;84;7;13456;1
91;9;6;4488;2
91;9;6;5099;3
91;26;3;13;154
91;64;7;50500;1
91;139;7;70777;1
91;139;6;5544;1
91;30;6;5055;4
91;39;7;80180;1
91;23;5;700;38
91;4;6;7090;1
91;3;6;5511;12
91;30;6;1333;4
91;68;3;12;18
91;67;3;44;19
91;38;7;33888;5
91;15;6;4488;1
91;25;6;1201;1
91;106;6;4488;9
91;106;6;5099;1
91;102;7;14444;1
91;102;5;95;15
91;50;7;11123;1
91;49;3;12;9
91;16;6;2200;1
91;12;7;55999;1
91;104;6;5567;1
91;101;7;12123;1
91;26;7;15362;1
91;85;6;5533;15
91;3;6;5005;1
91;14;3;13;143
91;27;6;4488;2
91;80;6;5099;1
91;79;6;1234;1
91;79;6;4411;1
91;144;7;12200;1
91;146;3;96;4
91;51;5;555;2
91;33;3;95;10
91;38;6;4477;4
91;17;7;55678;6
91;73;7;36012;1
91;148;7;55678;1
91;138;6;4490;3
91;138;6;5588;1
91;23;7;15362;4
91;99;6;2255;5
91;4;6;4422;2
91;20;6;2210;2
91;99;3;96;15
91;63;7;65013;1
91;2;5;96;11
91;26;6;2277;7
91;52;6;1123;1
91;36;6;2277;13
91;3;5;700;32
91;144;6;7040;3
91;105;6;5599;1
91;39;6;2211;3
91;39;6;4488;4
91;6;7;13555;11
91;38;6;2210;1
91;146;6;95;10
91;138;6;2222;16
91;63;6;4490;3
91;6;7;22777;6
91;99;6;2288;3
91;84;7;12555;3
91;93;6;2022;1
91;1;3;12;18
91;72;7;96;6
91;95;7;96;4
91;143;3;12;12
91;9;7;13013;1
91;9;7;45333;1
91;94;7;13222;1
91;138;6;5511;9
91;3;7;95;11
91;6;5;96;16
91;138;7;13258;1
91;85;7;13132;26
91;72;7;55678;9
91;64;6;2255;1
91;40;7;44888;2
91;24;6;4441;2
91;7;3;12;15
91;97;7;45333;1
91;77;6;5555;1
91;60;6;5577;6
91;20;6;96;1
91;20;5;96;9
91;84;6;5511;4
91;25;7;50013;3
91;27;6;4444;1
91;11;6;95;10
91;11;7;45000;1
91;102;6;1369;1
91;5;7;13133;2
91;27;7;96;7
91;103;7;44888;2
91;18;6;5577;4
91;4;6;1213;16
91;18;7;96;5
91;9;7;15123;1
91;67;7;13123;1
91;8;3;44;42
91;38;7;96;4
91;18;6;1221;5
91;97;7;22777;11
91;35;6;4456;1
91;43;7;36192;1
91;22;7;70400;1
91;7;6;2210;2
91;97;7;22555;1
91;26;6;4444;1
91;63;7;15123;1
91;39;5;131;217
91;101;6;1234;9
91;47;7;45555;1
91;24;6;2222;7
91;102;7;10123;2
91;57;6;1221;9
91;143;7;50500;3
91;38;7;22222;2
91;10;6;1251;1
91;11;6;1292;1
91;27;7;11444;39
91;138;6;1221;8
91;77;7;22777;38
91;19;6;1322;21
91;19;6;5555;1
91;67;6;5013;1
91;5;7;12100;25
91;36;7;11444;20
91;77;6;4477;7
91;107;6;4444;1
91;145;6;5055;1
91;11;7;36192;1
91;4;6;1234;8
91;66;7;12;2
91;66;7;13;7
91;66;7;15;1
91;66;7;22;2
91;66;7;33;1
91;66;7;55;1
91;35;6;96;5
91;102;7;12114;2
91;27;3;96;10
91;33;3;96;9
91;68;7;10123;2
91;20;7;22222;1
91;16;3;12;16
91;70;6;5533;14
91;20;7;50013;1
91;2;7;13456;1
91;2;7;15888;1
91;35;5;96;20
91;41;6;1111;73
91;7;6;2288;2
91;24;6;1533;3
91;37;6;5050;1
91;14;6;1333;3
91;17;6;2211;2
91;138;7;13131;1
91;103;6;2222;19
91;101;7;70400;1
91;9;6;4445;1
91;105;6;2211;44
91;3;6;2288;1
91;3;6;2211;1
91;64;7;11444;10
91;24;6;1888;1
91;18;5;555;2
91;41;6;1221;2
91;72;3;44;74
91;47;7;70400;1
91;148;3;44;45
91;66;5;96;12
91;50;5;555;1
91;57;7;12100;20
91;2;3;13;146
91;55;7;55011;1
91;103;7;44456;6
91;74;7;50500;14
91;52;3;12;7
91;66;6;7090;1
91;107;6;5511;4
91;3;7;50500;1
91;68;6;4477;1
91;81;6;2255;1
91;144;5;700;27
91;8;7;22111;1
91;47;7;12114;3
91;33;6;2211;2
91;10;6;4410;1
91;11;7;11123;2
91;17;7;96;5
91;151;7;13555;7
91;70;6;5511;1
91;47;7;22556;2
91;101;5;96;14
91;66;7;70123;1
91;66;5;700;48
91;138;7;44444;1
91;9;7;70070;1
91;102;6;95;13
91;102;7;22222;4
91;102;7;44190;2
91;6;7;50500;1
91;80;5;700;49
91;38;6;2277;5
91;143;6;1533;5
91;15;7;95;13
91;15;6;1111;62
91;14;7;22022;2
91;139;6;96;12
91;138;6;1111;45
91;79;6;5005;4
91;52;7;55678;2
91;20;6;1313;3
91;5;7;15678;1
91;8;6;1234;5
91;34;6;1133;2
91;15;3;95;7
91;26;5;96;24
91;151;3;95;11
91;94;5;96;18
91;4;6;5005;6
91;94;6;2210;1
91;25;7;13132;13
91;72;7;15362;1
91;16;6;96;8
91;99;3;12;6
91;8;3;12;15
91;47;7;13131;1
91;138;3;13;110
91;11;7;13123;1
91;12;7;12555;1
91;20;7;22777;12
91;90;7;13132;5
91;104;6;95;14
91;1;6;4488;3
91;15;7;22777;6
91;19;6;1313;4
91;12;6;5533;17
91;36;7;12100;22
91;47;7;55011;2
91;56;7;11444;12
91;13;7;15678;2
91;22;5;95;11
91;23;7;55888;1
91;2;6;4488;9
91;2;6;5099;1
91;13;6;5005;4
91;94;7;44888;6
91;146;6;1313;2
91;43;7;50500;1
91;148;6;7040;1
91;101;7;50013;2
91;34;6;5005;4
91;34;7;44027;1
91;50;7;96;2
91;56;6;1533;2
91;72;7;55234;2
91;60;7;13234;4
91;59;7;44456;1
91;30;6;5013;4
91;19;7;11123;1
91;75;6;5013;1
91;103;3;12;16
91;13;7;12011;1
91;107;6;2277;11
91;97;7;11111;71
91;57;7;13555;11
91;10;6;4456;2
91;10;6;1010;1
91;51;6;1313;3
91;151;7;13234;2
91;23;6;5005;9
91;23;7;44027;1
91;138;7;12555;1
91;106;5;96;15
91;105;5;555;2
91;1;7;12500;1
91;21;6;2211;5
91;66;7;50113;1
91;16;6;5055;1
91;7;6;4433;1
91;37;7;50;1
91;37;7;70;2
91;64;7;96;12
91;145;6;4444;1
91;34;7;13234;3
91;10;6;65;1
91;10;6;70;1
91;10;7;12;2
91;10;7;13;15
91;10;7;15;1
91;10;7;22;1
91;60;3;44;23
91;146;6;5578;1
91;13;7;23123;1
91;105;6;4488;2
91;105;6;5099;1
91;102;6;1122;1
91;15;6;1234;1
91;145;7;13234;4
91;97;3;12;10
91;104;6;1292;2
91;102;7;13123;1
91;43;7;11444;9
91;17;6;5005;5
91;81;6;2211;4
91;2;3;44;59
91;9;7;13456;1
91;50;6;5567;1
91;94;7;45999;1
91;43;7;33888;6
91;4;6;2233;2
91;103;7;11111;40
91;14;5;95;13
91;23;7;70400;2
91;12;7;22222;3
91;102;5;131;166
91;25;7;55678;9
91;144;7;22222;1
91;38;7;65013;1
91;84;6;5005;1
91;81;6;4499;2
91;60;6;1233;1
91;3;6;11;1
91;3;6;12;2
91;3;6;13;2
91;3;6;40;1
91;3;7;11;1
91;30;7;70400;1
91;60;7;96;2
91;13;7;13333;6
91;50;7;33123;1
91;43;6;5533;10
91;18;6;1333;3
91;106;7;15362;2
91;11;6;4441;1
91;63;6;1533;1
91;23;7;96;8
91;145;6;95;12
91;102;7;50500;3
91;146;6;5511;7
91;36;6;4477;12
91;25;6;4455;1
91;74;7;22777;10
91;50;6;5577;1
91;94;6;5577;1
91;144;7;44888;1
91;68;6;5511;2
91;24;6;4477;7
91;151;6;1111;112
91;104;6;5001;1
91;58;6;1221;1
91;64;3;12;11
91;7;7;11123;1
91;16;6;95;9
91;63;7;70090;2
91;103;5;131;173
91;31;7;13123;1
91;45;3;44;45
91;151;3;12;5
91;140;6;2211;3
91;64;6;5555;1
91;72;7;13258;1
91;27;6;5511;4
91;146;3;13;92
91;15;3;44;34
91;19;6;1221;7
91;37;7;55678;16
91;55;7;12114;1
91;56;6;1313;3
91;3;7;70400;2
91;72;6;4477;10
91;95;6;4477;9
91;145;6;1322;19
91;51;6;5005;4
91;104;7;23192;1
91;36;6;2233;1
91;21;7;22022;2
91;10;7;23123;1
91;25;7;95;17
91;23;7;70321;2
91;8;7;44888;1
91;37;7;13234;10
91;37;7;12300;2
91;18;7;70400;2
91;106;3;13;160
91;143;6;1313;5
91;56;7;13132;1
91;56;7;70222;2
91;73;7;50777;1
91;74;6;11;2
91;2;7;50777;1
91;36;6;2200;1
91;101;3;95;11
91;40;3;44;17
91;103;6;95;10
91;68;7;22222;1
91;68;7;44190;1
91;103;3;96;9
91;102;6;4490;2
91;68;3;44;32
91;149;6;2222;6
91;95;7;11;4
91;95;7;12;3
91;95;7;13;9
91;95;7;14;1
91;95;7;15;1
91;95;7;22;1
91;95;7;33;1
91;70;6;5555;6
91;13;7;55555;1
91;7;6;1221;4
91;26;6;4447;1
91;27;7;13222;1
91;73;3;96;9
91;12;7;44456;1
91;64;7;70000;1
91;66;6;4490;1
91;95;6;1323;1
91;13;6;1221;5
91;13;6;4412;1
91;59;3;95;9
91;57;7;44456;4
91;25;6;2222;11
91;22;7;50500;5
91;95;7;44888;9
91;92;5;95;14
91;37;6;5013;1
91;31;6;1212;1
91;63;7;15333;1
91;51;6;5577;2
91;21;7;55888;1
91;51;6;2277;9
91;21;6;2201;1
91;77;6;5005;1
91;25;5;96;9
91;4;5;95;10
91;40;6;13;3
91;40;6;22;1
91;40;6;35;1
91;40;7;11;4
91;40;7;13;15
91;40;7;15;1
91;40;7;22;2
91;40;7;44;1
91;40;7;45;1
91;17;6;1213;10
91;15;6;4456;1
91;15;6;1010;8
91;57;6;5005;6
91;1;6;1213;19
91;52;6;1888;1
91;148;6;10;1
91;148;6;11;1
91;148;6;12;1
91;148;6;13;3
91;148;6;22;2
91;148;6;45;1
91;148;7;10;1
91;148;7;11;1
91;148;7;12;2
91;148;7;13;7
91;148;7;22;1
91;148;7;33;1
91;148;7;55;1
91;148;7;70;1
91;145;7;55111;1
91;90;6;2211;10
91;39;3;95;13
91;148;7;50500;3
91;38;6;4444;1
91;4;7;33888;5
91;34;6;2277;4
91;16;6;1522;3
91;50;7;13234;7
91;94;7;13234;8
91;43;6;5013;1
91;40;6;5511;2
91;145;6;1533;3
91;16;7;22190;1
91;95;7;55678;1
91;16;5;131;134
91;84;7;13234;9
91;75;6;5050;1
91;21;6;4013;1
91;3;6;1222;1
91;3;6;1234;8
91;5;7;13555;9
91;10;6;1213;29
91;73;7;12100;17
91;45;6;5511;5
91;45;5;160;1
91;14;6;5533;50
91;15;6;2222;12
91;21;7;22222;6
91;81;7;44333;1
91;27;7;11111;67
91;5;6;1277;1
91;18;5;700;41
91;63;3;96;14
91;106;7;13333;8
91;63;7;50500;2
91;104;7;11111;64
91;23;6;11;2
91;23;6;12;3
91;23;6;13;2
91;23;6;33;1
91;23;7;12;2
91;23;7;13;5
91;23;7;22;2
91;23;7;44;1
91;23;7;45;1
91;73;7;22022;2
91;73;7;95;5
91;10;6;4455;3
91;73;6;4441;1
91;92;7;13333;4
91;68;5;555;6
91;101;7;11444;14
91;52;7;50013;2
91;58;7;50013;3
91;151;6;95;11
91;18;6;96;5
91;105;7;96;8
91;13;6;4455;1
91;93;7;22222;6
91;17;6;1233;2
91;17;6;5533;20
91;13;7;22022;1
91;74;7;13132;5
91;23;6;5511;11
91;9;3;12;17
91;144;7;13333;11
91;42;6;1322;9
91;25;7;96;3
91;85;7;12555;1
91;58;7;22777;8
91;43;7;15123;1
91;52;7;22190;2
91;52;5;131;165
91;74;6;1321;1
91;60;7;95;15
91;60;6;1111;55
91;31;6;2210;1
91;40;7;13555;5
91;10;7;95;15
91;40;7;22022;1
91;9;3;96;8
91;25;7;12100;23
91;139;7;12;1
91;139;7;13;1
91;20;7;13222;1
91;20;7;44999;1
91;106;7;44441;1
91;139;7;23;1
91;139;6;12;2
91;139;6;13;2
91;139;6;44;1
91;139;6;55;1
91;30;3;95;5
91;39;7;11666;1
91;85;6;4477;3
91;34;6;1313;1
91;73;7;44123;1
91;57;3;21;1
91;57;6;5122;1
91;99;7;33888;3
91;84;3;12;9
91;104;7;13333;11
91;143;7;70400;1
91;63;7;13456;2
91;4;7;13123;2
91;11;6;5555;2
91;106;3;95;9
91;30;6;5533;13
91;21;7;13013;1
91;57;6;4477;9
91;11;6;1322;10
91;70;3;44;30
91;52;5;95;12
91;42;6;1313;2
91;58;6;3680;1
91;58;5;95;9
91;39;7;13456;3
91;33;3;44;28
91;35;7;11123;2
91;64;6;5511;4
91;24;7;11111;37
91;43;7;13234;2
91;148;7;12100;21
91;59;7;11123;1
91;107;7;13132;8
91;107;7;70222;1
91;19;6;2211;3
91;101;6;5013;1
91;8;6;1888;1
91;13;6;4477;9
91;24;5;95;10
91;43;7;15678;1
91;66;7;12111;2
91;66;7;33200;1
91;80;6;2222;9
91;30;6;1331;1
91;56;7;55678;3
91;47;7;22190;2
91;47;5;131;163
91;2;6;95;10
91;2;7;45000;2
91;64;6;4455;3
91;92;7;50013;1
91;31;7;12444;1
91;45;7;96;5
91;57;6;4433;1
91;7;7;45000;1
91;7;6;95;9
91;99;6;1221;2
91;31;3;95;9
91;103;7;44123;3
91;151;7;45555;1
91;72;7;70400;1
91;79;5;96;17
91;37;3;12;15
91;101;7;12100;31
91;45;7;22222;4
91;45;7;44190;1
91;38;3;13;134
91;81;7;33888;9
91;7;3;13;124
91;4;7;13456;2
91;85;6;2277;20
91;25;5;555;1
91;103;7;13555;16
91;140;7;44123;2
91;43;6;4488;1
91;140;7;13133;1
91;66;6;4456;2
91;101;6;4422;1
91;31;7;44888;1
91;144;6;1016;1
91;9;7;55888;1
91;41;7;13132;33
91;93;6;4410;1
91;64;7;13222;2
91;146;7;13123;1
91;23;7;33333;1
91;72;7;22222;6
91;72;7;44190;1
91;80;6;1285;1
91;7;6;1599;1
91;107;6;1323;1
91;11;7;12300;1
91;8;7;15123;2
91;7;7;22777;8
91;45;7;12100;22
91;81;6;1313;3
91;23;7;11444;19
91;55;7;44123;1
91;66;6;5511;9
91;47;6;4447;1
91;52;7;33888;10
91;58;7;33888;9
91;140;6;96;5
91;139;7;13333;11
91;73;3;95;6
91;3;6;1213;10
91;80;6;5055;2
91;58;7;15362;5
91;20;6;7007;1
91;104;7;36321;1
91;10;7;12111;1
91;7;6;4477;10
91;149;6;1313;2
91;3;6;4477;9
91;97;7;44888;1
91;151;6;1323;1
91;59;6;1234;2
91;102;7;13456;2
91;68;6;1111;105
91;68;7;95;21
91;37;3;13;138
91;31;5;160;2
91;7;6;1333;4
91;22;7;12;1
91;22;7;45;1
91;22;7;55;1
91;16;6;1533;2
91;58;5;700;24
91;23;6;4490;2
91;51;7;70321;1
91;148;7;33888;3
91;35;7;13258;5
91;74;5;95;8
91;8;6;5100;1
91;19;6;6565;1
91;36;6;1333;3
91;14;7;22999;1
91;3;6;4447;1
91;8;7;55678;9
91;5;7;50777;1
91;33;6;5533;9
91;45;7;55678;5
91;138;7;33888;1
91;79;7;13333;4
91;102;6;5577;2
91;104;5;131;196
91;56;6;1233;1
91;26;6;5533;45
91;24;6;2211;4
91;45;6;2277;11
91;22;7;55111;1
91;103;7;44777;1
91;107;3;44;35
91;41;7;45555;4
91;37;6;95;5
91;45;7;15678;1
91;149;6;12;1
91;149;6;13;3
91;149;6;90;1
91;149;7;11;2
91;149;7;13;4
91;149;7;15;1
91;149;7;33;1
91;149;7;55;1
91;73;6;2200;2
91;16;7;12111;1
91;143;7;65013;2
91;33;6;4477;4
91;80;6;96;6
91;30;7;50013;1
91;12;6;2288;4
91;50;6;5511;14
91;50;5;160;1
91;94;6;5511;10
91;90;6;5005;1
91;16;6;4444;1
91;36;7;13222;1
91;66;7;22777;18
91;94;6;5001;1
91;36;7;50500;2
91;57;6;1212;1
91;68;6;4455;1
91;106;6;2244;1
91;17;6;1016;1
91;58;3;12;4
91;106;7;70400;2
91;101;7;23123;1
91;24;7;13456;2
91;25;7;15362;1
91;72;7;44888;4
91;145;7;70400;3
91;63;3;44;40
91;27;5;555;2
91;16;6;5511;2
91;13;5;555;4
91;148;6;4447;1
91;7;7;11444;14
91;105;6;1221;1
91;107;7;22122;1
91;56;6;5577;9
91;9;6;5533;13
91;10;6;11;3
91;10;6;12;5
91;79;6;4410;1
91;47;6;4488;8
91;47;6;5099;2
91;19;7;13555;15
91;40;3;95;6
91;70;3;95;4
91;59;7;12300;1
91;57;7;22222;3
91;66;6;1533;3
91;30;7;13456;4
91;140;6;1333;5
91;11;6;1111;62
91;11;7;95;7
91;8;6;2222;11
91;75;6;1321;1
91;23;6;1201;1
91;105;6;7040;3
91;138;7;13555;19
91;85;5;700;28
91;57;7;70123;1
91;57;7;13123;2
91;21;7;15678;2
91;145;3;44;52
91;93;6;2222;9
91;12;7;10000;1
91;85;5;96;10
91;94;6;1213;15
91;57;7;70400;2
91;99;6;4410;3
91;103;6;1234;11
91;74;6;1322;19
91;5;6;4477;7
91;20;5;555;2
91;50;3;12;22
91;26;7;11111;51
91;25;6;2277;7
91;59;6;1533;1
91;102;6;1322;17
91;148;7;11111;35
91;50;7;65013;3
91;107;6;5577;1
91;149;3;13;196
91;72;6;1221;10
91;6;7;12111;1
91;146;7;96;3
91;140;7;14133;1
91;19;3;13;133
91;106;6;1213;9
91;6;6;5577;3
91;16;3;13;117
91;72;7;11444;26
91;95;7;11444;19
91;58;7;13456;3
91;143;7;22022;2
91;1;6;1234;10
91;20;6;1221;1
91;144;6;5533;19
91;94;7;22556;1
91;139;7;50013;4
91;55;7;12100;24
91;49;6;5511;5
91;41;6;5533;9
91;47;7;13456;1
91;35;3;95;8
91;30;7;70070;1
91;39;7;11111;73
91;146;6;1111;40
91;146;7;95;5
91;139;7;44543;2
91;10;7;13234;14
91;15;5;96;13
91;84;7;44333;1
91;12;7;50500;3
91;140;6;1369;2
91;18;6;5511;6
91;38;6;96;5
91;145;6;2277;13
91;8;6;5533;12
91;63;7;13333;16
91;20;7;12100;12
91;18;7;65013;1
91;93;7;11123;1
91;45;6;1213;31
91;70;5;700;18
91;27;6;5577;2
91;68;7;12100;25
91;139;7;95;17
91;21;6;11;1
91;21;6;12;2
91;21;6;13;3
91;21;7;11;4
91;21;7;12;1
91;21;7;13;9
91;21;7;44;1
91;21;7;45;1
91;77;7;13456;1
91;24;7;11444;21
91;13;6;2288;1
91;106;7;12100;7
91;7;6;1322;17
91;139;6;2210;2
91;52;3;44;47
91;58;3;44;31
91;27;6;2255;1
91;64;6;4477;11
91;3;7;12;1
91;3;7;13;5
91;3;7;55;1
91;3;7;70;3
91;66;7;12555;1
91;30;6;4488;6
91;30;6;5099;1
91;38;3;12;1
91;66;6;4410;2
91;6;7;11444;10
91;56;6;4477;9
91;2;6;2277;15
91;2;5;131;173
91;45;7;13234;28
91;26;7;11444;43
91;34;6;1213;4
91;20;7;11444;14
91;77;7;55999;3
91;31;6;5533;9
91;35;5;131;228
91;35;7;22190;2
91;57;6;1533;3
91;41;6;4456;1
91;145;7;22022;4
91;139;6;4410;2
91;10;7;44456;1
91;51;6;1522;1
91;6;3;12;34
91;43;7;13555;3
91;102;7;12600;1
91;106;6;1123;1
91;99;7;96;11
91;7;7;12000;1
91;7;7;50500;1
91;12;7;95;6
91;12;6;1111;56
91;66;6;1111;67
91;81;7;22777;13
91;27;6;1533;4
91;8;5;96;11
91;106;6;1111;64
91;106;7;95;13
91;47;6;4003;1
91;41;7;13333;5
91;107;7;13131;1
91;107;7;55888;1
91;63;7;11;3
91;63;7;13;13
91;63;7;22;1
91;63;7;23;1
91;63;7;44;1
91;63;6;11;7
91;63;6;13;4
91;57;6;2277;17
91;31;7;11444;8
91;58;7;12100;9
91;9;6;1292;1
91;59;6;4477;12
91;104;6;4477;13
91;11;7;12100;24
91;45;6;1234;5
91;11;6;12;1
91;11;6;13;2
91;11;6;44;1
91;11;7;11;1
91;11;7;13;4
91;66;7;55888;1
91;57;6;4455;1
91;11;7;44;1
91;11;7;55;1
91;11;7;70;1
91;145;7;10123;1
91;104;6;4013;1
91;19;6;96;2
91;6;6;5555;2
91;17;6;4488;3
91;17;6;5099;3
91;9;7;45555;1
91;23;7;13133;2
91;74;6;1511;1
91;40;7;70222;1
91;40;7;13132;26
91;84;7;13132;3
91;84;7;70222;1
91;8;7;44456;1
91;45;3;21;1
91;81;7;44456;1
91;107;6;22;2
91;107;6;23;1
91;107;7;11;4
91;107;7;13;14
91;107;7;22;1
91;30;6;13;2
91;30;6;33;1
91;30;6;44;1
91;143;7;15362;2
91;18;7;22777;12
91;2;7;96;5
91;17;6;1919;1
91;17;7;13333;9
91;105;7;15362;2
91;72;7;13234;4
91;95;7;13234;5
91;93;7;13333;2
91;8;7;70400;5
91;12;6;4490;1
91;19;7;22222;2
91;36;7;13123;1
91;105;6;2222;4
91;143;7;33888;8
91;9;7;95;6
91;47;7;11123;1
91;104;6;5533;31
91;75;6;2210;2
91;18;7;12100;22
91;18;6;2211;4
91;31;7;13789;2
91;144;7;33888;6
91;92;7;12100;3
91;103;7;22120;1
91;25;6;2211;8
91;16;6;4013;1
91;2;7;45555;1
91;105;7;33888;70
91;13;3;96;6
91;21;3;12;5
91;26;5;700;12
91;33;6;2277;10
91;51;7;33888;7
91;1;3;44;71
91;84;6;2288;1
91;99;6;1333;1
91;9;6;2222;7
91;36;7;13138;1
91;36;7;15678;1
91;139;6;2288;3
91;1;7;22200;1
91;99;7;95;12
91;104;7;50500;2
91;145;7;13333;11
91;30;7;13132;14
91;59;7;33888;7
91;25;6;96;5
91;7;6;1313;4
91;81;6;5577;2
91;74;7;13555;3
91;15;6;5577;1
91;148;6;2244;1
91;64;7;15362;2
91;34;6;4477;28
91;77;7;12100;9
91;27;5;96;14
91;42;6;1111;78
91;42;7;95;10
91;20;6;2277;11
91;146;7;22777;7
91;55;6;96;6
91;18;7;55888;1
91;38;7;13132;33
91;26;7;96;6
91;25;6;5533;18
91;148;6;1313;3
91;63;6;5005;3
91;55;6;1233;2
91;68;7;12300;1
91;3;3;13;128
91;92;6;1213;9
91;12;7;11111;41
91;8;3;95;4
91;66;7;33888;4
91;15;7;36192;2
91;138;7;22222;6
91;138;7;44190;1
91;56;6;1111;43
91;56;7;95;10
91;56;3;96;2
91;145;6;4455;1
91;144;7;11123;1
91;85;7;55678;3
91;64;6;5013;2
91;144;6;4477;5
91;18;7;13234;9
91;104;6;2288;2
91;1;6;5533;17
91;38;7;22777;6
91;2;6;5005;8
91;3;6;1111;45
91;139;6;4477;7
91;23;7;13456;3
91;72;7;10123;1
91;41;7;12100;1
91;90;6;1221;1
91;80;7;15120;1
91;85;6;4410;2
91;58;7;13333;15
91;2;6;5555;2
91;104;6;2255;1
91;27;7;13132;5
91;144;6;2233;1
91;92;7;13133;1
91;72;7;12;2
91;19;6;5055;1
91;12;7;33222;1
91;39;7;96;4
91;60;7;12100;36
91;5;3;44;66
91;2;7;11123;2
91;145;7;13555;15
91;107;6;1234;1
91;37;6;2277;7
91;21;7;33888;6
91;66;7;22222;6
91;40;6;1221;6
91;80;7;13132;12
91;55;6;2277;7
91;59;7;10123;2
91;139;7;96;18
91;95;7;70222;1
91;72;7;13132;13
91;95;7;13132;14
91;104;7;22022;3
91;74;7;11444;10
91;138;5;95;14
91;143;6;2222;4
91;50;7;33145;1
91;66;7;44027;1
91;102;7;70400;2
91;80;7;23123;1
91;72;6;1333;2
91;95;6;1333;6
91;66;6;1221;8
91;24;7;22200;1
91;45;7;13132;7
91;143;7;15678;1
91;104;7;55678;13
91;73;7;22222;7
91;59;7;13333;10
91;103;7;13234;4
91;80;7;13456;9
91;14;7;70222;2
91;13;6;1234;4
91;8;7;11111;40
91;25;7;70400;2
91;57;7;13132;8
91;57;7;70222;2
91;6;6;7040;1
91;84;6;2222;3
91;14;7;11222;1
91;9;6;2277;11
91;45;7;70321;1
91;55;6;1221;3
91;12;7;55678;8
91;30;7;55678;6
91;80;7;22222;2
91;16;6;2277;13
91;97;5;555;1
91;16;6;2255;1
91;138;6;4410;3
91;81;3;44;28
91;47;6;2210;1
91;42;7;11444;10
91;85;7;13234;7
91;85;5;131;149
91;72;7;11;1
91;16;7;44456;5
91;19;3;95;3
91;30;6;96;8
91;26;7;23190;1
91;31;7;13234;2
91;21;7;50013;1
91;105;7;55678;5
91;31;6;4488;1
91;40;6;5533;11
91;1;7;22222;8
91;146;6;1322;3
91;34;7;12555;1
91;92;6;4477;3
91;14;7;15123;1
91;41;7;95;13
91;149;7;13234;15
91;45;6;1111;56
91;7;6;4455;2
91;58;6;96;2
91;103;7;95;6
91;72;6;1213;19
91;47;7;65013;2
91;60;6;5001;1
91;43;3;95;3
91;13;6;1322;12
91;138;6;2277;13
91;8;7;12100;25
91;7;6;1533;1
91;3;7;44456;1
91;42;7;36192;2
91;7;7;95;9
91;7;6;1111;53
91;104;7;44555;1
91;104;5;700;53
91;42;7;13234;2
91;37;7;12457;2
91;8;7;22022;4
91;17;7;10124;1
91;101;7;15678;1
91;13;6;5511;9
91;47;7;50500;7
91;40;6;4000;1
91;145;5;700;47
91;104;6;1213;14
91;106;7;22222;1
91;106;7;44190;1
91;51;7;15362;4
91;140;7;23333;1
91;4;7;12345;1
91;4;7;65013;1
91;50;6;1213;16
91;30;7;22222;3
91;59;6;4433;1
91;64;7;45123;1
91;66;6;2288;1
91;139;6;4422;3
91;36;6;5001;1
91;106;7;23123;1
91;7;7;23192;1
91;107;7;10000;1
91;21;6;1333;6
91;41;6;1112;1
91;6;7;13132;9
91;151;7;96;10
91;90;6;2222;5
91;13;7;22777;8
91;5;7;15362;4
91;146;7;11444;14
91;37;6;96;3
91;49;6;96;3
91;149;7;12555;2
91;74;6;96;7
91;92;6;2277;10
91;21;7;13222;1
91;21;7;14014;1
91;25;6;1533;1
91;37;6;44;2
91;37;6;50;1
91;37;6;65;1
91;37;7;13;7
91;37;7;22;1
91;37;7;33;1
91;19;5;555;2
91;149;6;1333;1
91;37;7;44;1
91;37;7;45;1
91;73;6;4477;8
91;55;6;95;16
91;8;6;5555;1
91;85;3;12;9
91;55;6;5533;13
91;138;6;1285;1
91;73;7;50000;1
91;17;6;4456;3
91;97;7;50013;1
91;24;3;44;44
91;94;7;44999;1
91;37;7;13132;8
91;55;7;13234;2
91;47;6;1000;2
91;81;6;2222;10
91;107;6;1133;1
91;36;7;13258;1
91;25;7;44456;1
91;31;7;11111;83
91;22;7;45555;1
91;5;7;96;3
91;20;6;4488;5
91;20;6;5099;2
91;106;7;13132;5
91;26;6;5557;1
91;55;6;6565;1
91;22;7;22022;3
91;35;6;4444;5
91;49;6;1213;9
91;103;6;1331;4
91;15;6;5511;2
91;15;5;160;1
91;49;7;22777;7
91;58;7;45555;1
91;18;7;13333;10
91;6;7;13333;14
91;75;7;44777;1
91;102;6;2211;7
91;42;6;1221;3
91;101;3;13;157
91;5;6;95;13
91;5;7;45000;2
91;37;7;23190;1
91;56;7;13100;1
91;67;5;700;10
91;81;7;13234;7
91;7;7;22222;4
91;17;6;1221;5
91;94;6;5013;1
91;16;7;50013;1
91;7;7;12100;27
91;144;6;2277;15
91;138;7;70400;1
91;60;7;44222;1
91;20;7;14444;1
91;4;3;95;7
91;107;6;4400;1
91;12;6;2201;1
91;45;5;96;18
91;9;7;22777;10
91;81;7;50113;1
91;104;3;96;8
91;60;7;15678;1
91;6;7;15;1
91;6;7;22;1
91;6;7;55;1
91;52;6;5533;19
91;58;6;5533;14
91;63;3;12;9
91;17;6;1234;4
91;148;6;5577;1
91;73;6;95;7
91;42;7;96;4
91;30;6;5001;1
91;47;6;4410;3
91;103;7;11444;15
91;25;7;50123;1
91;105;6;1213;2
91;74;6;3555;1
91;50;7;70070;1
91;9;6;5100;1
91;146;6;2200;1
91;27;6;7040;1
91;31;6;1221;43
91;40;7;13123;2
91;16;6;5005;5
91;11;5;131;162
91;84;7;10123;1
91;151;7;11444;17
91;15;5;131;173
91;51;7;50500;5
91;97;7;12345;1
91;97;7;65013;1
91;139;7;44555;1
91;139;5;700;53
91;23;3;96;11
91;103;6;1213;14
91;30;7;12500;1
91;94;6;5050;1
91;38;7;70321;1
91;148;7;23190;1
91;104;6;2233;1
91;42;7;10123;1
91;70;5;131;118
91;151;6;4000;1
91;50;6;1322;14
91;94;6;1322;18
91;9;6;5567;3
91;148;6;2233;1
91;101;7;55678;5
91;59;5;96;36
91;75;7;44456;4
91;50;3;96;3
91;92;7;45555;1
91;146;7;50013;1
91;51;6;5511;8
91;11;7;13132;7
91;11;7;70222;1
91;25;6;5020;1
91;7;7;12300;1
91;143;6;96;9
91;30;7;11113;2
91;144;5;96;19
91;15;6;1213;6
91;15;6;7040;1
91;25;6;5005;6
91;140;7;11;1
91;140;7;12;1
91;140;7;13;7
91;140;7;55;2
91;37;7;40777;1
91;47;3;44;56
91;39;7;15678;1
91;19;3;44;47
91;145;7;33888;6
91;51;7;44456;1
91;143;7;55333;1
91;30;7;10190;1
91;73;6;5555;1
91;36;6;4490;1
91;85;3;96;4
91;85;6;1313;9
91;95;6;2288;1
91;14;5;96;18
91;67;6;5533;7
91;92;6;1322;10
91;33;7;13138;1
91;77;6;5511;1
91;20;7;13234;7
91;41;7;22190;1
91;41;5;131;120
91;37;7;13123;1
91;2;7;15362;3
91;105;5;96;17
91;149;3;44;24
91;2;6;2255;1
91;73;6;96;8
91;95;7;45555;1
91;73;6;1333;4
91;23;5;95;10
91;85;6;4444;1
91;80;6;5001;1
91;60;3;95;10
91;1;5;95;10
91;77;5;700;33
91;30;7;15362;1
91;11;7;50500;4
91;104;6;2222;12
91;24;7;70222;1
91;139;7;55888;4
91;94;7;70400;4
91;40;7;45555;1
91;25;6;6565;1
91;81;7;22200;1
91;106;6;5577;2
91;72;6;4321;1
91;70;6;1111;39
91;50;6;2255;2
91;77;7;13123;1
91;68;7;33888;2
91;41;7;13133;1
91;23;7;33888;2
91;5;7;12114;1
91;20;6;5001;1
91;33;6;2255;1
91;20;7;55234;1
91;79;3;44;21
91;59;6;1331;9
91;94;6;1221;7
91;67;7;13555;4
91;79;6;5555;1
91;93;6;1322;7
91;1;7;36192;1
91;143;6;4477;18
91;50;6;95;8
91;50;7;45000;1
91;85;6;1322;24
91;40;7;95;13
91;22;7;95;14
91;2;5;555;2
91;12;6;1233;1
91;39;7;55333;1
91;51;7;11111;33
91;143;7;44789;1
91;139;6;1322;18
91;107;6;5555;1
91;148;6;4444;1
91;144;6;5055;1
91;66;5;95;18
91;20;6;1331;2
91;74;6;2211;1
91;80;6;5533;10
91;24;3;96;11
91;38;7;11444;10
91;36;7;13013;1
91;35;6;5577;1
91;51;7;12345;1
91;94;7;50123;1
91;102;5;96;12
91;42;6;5511;3
91;90;5;95;11
91;42;3;12;1
91;2;6;1010;1
91;2;6;4456;2
91;11;5;700;35
91;47;6;1313;4
91;30;7;11111;33
91;58;5;96;10
91;143;7;15000;1
91;101;5;160;1
91;72;7;43640;1
91;139;6;1292;1
91;103;7;22222;1
91;67;7;10123;1
91;144;7;55234;1
91;18;7;10123;2
91;104;7;12100;9
91;146;7;13132;5
91;50;6;2211;5
91;85;5;95;15
91;94;6;2211;5
91;26;7;22777;9
91;57;7;13456;4
91;12;3;96;8
91;140;7;96;6
91;101;7;55011;1
91;105;7;12300;4
91;24;7;11123;1
91;99;7;22777;9
91;3;6;4456;2
91;27;6;35;1
91;27;6;13;3
91;27;6;15;1
91;27;6;22;1
91;27;6;55;1
91;27;7;11;1
91;27;7;12;1
91;27;7;13;11
91;27;7;33;1
91;27;7;65;1
91;143;6;4512;2
91;4;7;96;5
91;2;7;11444;18
91;13;6;2211;5
91;10;7;11111;42
91;17;3;13;135
91;8;5;95;8
91;104;6;2201;1
91;2;7;13123;1
91;80;6;5005;8
91;145;7;11123;2
91;138;6;4477;6
91;55;6;1111;50
91;55;7;95;13
91;37;6;1214;2
91;5;6;1221;3
91;1;3;13;133
91;93;6;95;12
91;19;6;5533;16
91;70;6;1331;1
91;13;3;95;4
91;143;7;10123;1
91;5;7;33888;7
91;51;6;1292;1
91;80;7;11111;36
91;144;7;44500;1
91;8;7;65013;1
91;145;7;15120;1
91;145;5;96;9
91;31;7;22022;1
91;80;6;2277;16
91;4;7;15151;1
91;92;7;44888;1
91;59;6;1123;1
91;92;6;96;4
91;57;3;96;10
91;103;6;96;6
91;10;7;55678;7
91;18;6;2277;11
91;2;7;44888;4
91;7;6;2222;10
91;70;6;2222;1
91;81;7;13333;17
91;57;6;1234;11
91;92;6;2211;2
91;22;7;13013;1
91;102;7;70007;2
91;145;3;13;128
91;139;7;50500;5
91;22;7;55888;1
91;9;7;70170;1
91;7;7;55666;1
91;74;6;5005;1
91;50;5;700;43
91;66;6;4477;10
91;2;7;22777;12
91;93;5;555;1
91;30;6;2277;18
91;9;7;70400;5
91;23;7;11123;1
91;139;7;44123;3
91;97;7;13456;1
91;67;6;2222;3
91;23;6;2288;3
91;24;7;55333;1
91;35;6;1145;1
91;34;6;2201;1
91;102;6;1214;1
91;92;6;1333;2
91;16;6;2201;2
91;5;6;2211;5
91;39;7;22222;4
91;39;6;1313;5
91;42;7;22222;3
91;35;7;11444;42
91;37;7;12555;1
91;66;6;4488;5
91;66;6;5099;1
91;23;7;44888;3
91;93;7;55333;1
91;84;6;5577;1
91;39;7;22022;2
91;101;6;1221;10
91;51;7;23190;1
91;52;7;13555;11
91;58;7;13555;17
91;1;5;700;61
91;151;3;96;14
91;103;6;2200;9
91;23;6;1285;1
91;13;7;96;2
91;5;7;12333;1
91;4;7;13234;4
91;56;6;1221;1
91;18;6;4400;1
91;13;7;13123;1
91;4;6;5599;1
91;139;7;44888;2
91;23;6;1313;7
91;27;5;700;16
91;12;6;2255;1
91;103;6;4422;3
91;22;6;5001;1
91;2;7;13555;21
91;10;3;95;7
91;15;5;700;23
91;9;7;12144;2
91;11;7;11111;46
91;6;7;12114;4
91;39;6;5577;3
91;20;6;1888;1
91;25;6;4456;1
91;1;7;12555;1
91;81;3;95;14
91;107;7;13333;14
91;67;3;13;135
91;57;7;70333;1
91;66;7;36012;1
91;15;6;4455;1
91;10;5;95;8
91;68;3;95;13
91;144;6;96;8
91;60;7;12200;1
91;63;7;11123;1
91;7;7;15000;1
91;36;6;5111;1
91;27;6;1214;1
91;4;7;12100;26
91;72;7;22555;1
91;35;6;1133;2
91;33;5;95;11
91;43;6;95;10
91;49;6;1313;4
91;72;6;4447;2
91;25;7;11444;20
91;17;6;1313;4
91;101;7;43333;1
91;101;7;55888;2
91;7;7;44777;1
91;84;6;95;14
91;84;7;45000;1
91;101;6;2210;2
91;143;6;1111;56
91;42;6;2255;3
91;9;6;4422;1
91;5;7;50500;3
91;85;6;5555;1
91;10;6;4488;2
91;10;6;5099;1
91;81;7;22222;3
91;40;6;95;11
91;139;6;1331;2
91;30;7;95;7
91;30;6;1111;44
91;90;3;96;5
91;93;3;12;9
91;43;7;44456;1
91;34;7;96;9
91;21;7;23192;1
91;2;7;30000;2
91;37;7;12011;1
91;146;7;15555;3
91;22;6;12;2
91;22;6;13;8
91;22;6;90;1
91;9;7;44456;1
91;19;6;2288;1
91;23;6;2277;12
91;55;7;55678;5
91;58;6;5511;4
91;58;5;160;1
91;12;6;5577;2
91;51;3;95;3
91;26;6;1322;15
91;9;7;13132;9
91;50;6;4488;4
91;50;6;5099;1
91;94;6;4488;6
91;94;6;5099;2
91;66;7;50500;6
91;107;7;33888;5
91;11;6;1511;2
91;56;7;33133;1
91;19;7;55888;1
91;33;6;4410;1
91;80;7;44333;2
91;139;7;13258;1
91;72;7;50011;1
91;145;6;4447;1
91;70;6;1533;2
91;56;7;22190;1
91;56;5;131;143
91;22;6;2233;1
91;70;6;1333;1
91;75;7;50013;1
91;57;7;22111;1
91;20;6;2200;1
91;81;6;5511;6
91;38;6;2222;5
91;19;7;70321;1
91;17;5;96;18
91;66;7;55678;18
91;24;6;4555;1
91;73;6;4422;2
91;31;7;13333;8
91;81;6;95;16
91;103;6;1214;5
91;107;7;13456;2
91;148;7;50444;1
91;4;7;12300;1
91;105;7;13456;4
91;105;3;12;21
91;5;6;1322;15
91;42;5;700;15
91;8;7;13132;8
91;145;7;22777;14
91;101;5;700;35
91;105;7;55888;1
91;146;6;1333;5
91;79;6;11;3
91;79;6;12;4
91;79;6;13;7
91;79;6;22;1
91;79;6;33;1
91;79;6;36;1
91;79;6;40;1
91;79;7;11;2
91;7;6;3550;1
91;9;6;1213;17
91;30;6;1010;1
91;27;6;11;1
91;27;6;12;1
91;14;6;2222;7
91;72;6;4444;2
91;77;6;1111;52
91;107;7;11111;55
91;64;6;5522;1
91;64;6;95;11
91;101;6;1322;15
91;21;7;11444;13
91;144;6;4433;3
91;55;7;13333;21
91;81;6;1321;1
91;74;7;45555;4
91;16;7;55678;7
91;16;7;22777;13
91;11;6;2210;3
91;17;7;44190;1
91;39;6;1145;1
91;36;5;555;3
91;146;6;1213;3
91;106;6;1234;1
91;139;6;7040;1
91;148;6;5001;1
91;84;7;22777;7
91;81;5;700;22
91;47;5;96;13
91;9;7;65013;2
91;1;7;45123;1
91;40;6;1533;1
91;140;3;44;39
91;67;6;1313;3
91;55;7;11123;2
91;11;7;50013;2
91;145;6;2255;1
91;1;7;13333;6
91;41;6;1212;1
91;68;6;5555;1
91;1;6;1522;1
91;31;6;2288;1
91;15;7;40287;1
91;17;3;95;4
91;139;6;7090;2
91;30;7;13123;2
91;55;6;7040;1
91;66;7;23192;2
91;30;7;13555;13
91;23;7;13234;13
91;148;7;13258;1
91;3;7;65013;1
91;49;3;95;12
91;148;5;700;27
91;25;6;1221;8
91;94;7;33000;1
91;144;7;22190;3
91;59;6;5577;1
91;37;6;1213;30
91;22;7;55777;1
91;47;6;2200;1
91;22;7;65013;3
91;4;7;70400;3
91;5;7;13456;3
91;70;7;12555;5
91;7;7;13132;5
91;7;7;70222;1
91;56;7;12100;27
91;90;6;1111;55
91;90;7;95;9
91;1;6;4422;3
91;33;6;5005;2
91;80;6;1888;1
91;35;6;4410;1
91;1;7;15000;1
91;103;6;1111;65
91;80;7;43640;1
91;6;6;95;22
91;90;6;5577;2
91;84;6;1322;8
91;151;7;11111;21
91;55;3;44;23
91;93;6;5577;3
91;93;7;12345;1
91;75;7;50333;1
91;27;7;55888;1
91;4;7;44456;1
91;73;7;13555;13
91;23;6;95;9
91;45;6;96;5
91;106;6;1322;10
91;15;7;22222;5
91;15;7;44190;1
91;85;7;22111;1
91;39;6;5533;25
91;56;6;7000;1
91;37;6;5005;7
91;36;3;44;60
91;73;5;131;139
91;104;6;1010;3
91;12;6;2211;5
91;19;6;11;1
91;19;6;13;3
91;45;7;44543;1
91;7;7;22022;5
91;35;7;50500;2
91;20;7;43640;1
91;60;7;45333;2
91;41;5;95;13
91;45;6;1313;12
91;67;6;1333;1
91;14;7;12777;1
91;72;7;95;15
91;24;7;10123;2
91;35;6;11;1
91;35;6;12;1
91;35;6;13;3
91;35;6;22;1
91;35;7;11;2
91;35;7;12;1
91;35;7;13;11
91;35;7;44;2
91;35;7;45;1
91;35;7;55;1
91;21;6;4455;2
91;138;6;5005;5
91;97;6;11;1
91;97;6;12;1
91;97;6;13;5
91;97;6;22;1
91;97;6;33;1
91;97;6;45;1
91;97;7;11;2
91;97;7;13;8
91;97;7;45;1
91;140;7;13132;36
91;67;6;12;2
91;67;6;13;1
91;67;7;11;1
91;67;7;13;6
91;67;7;14;1
91;67;7;33;1
91;67;7;44;1
91;67;7;55;2
91;36;7;13132;1
91;92;6;5577;2
91;9;7;50013;1
91;139;7;12100;18
91;9;6;2201;3
91;103;7;22556;2
91;106;3;44;36
91;139;6;5055;3
91;66;6;2200;2
91;8;6;95;7
91;8;7;45000;1
91;94;6;4433;1
91;84;7;55888;1
91;31;6;5567;2
91;7;6;22;1
91;7;6;44;1
91;7;7;11;1
91;7;7;13;4
91;7;7;15;1
91;7;7;22;4
91;7;6;11;1
91;7;6;12;1
91;7;6;13;1
91;95;5;131;140
91;72;7;22190;1
91;77;7;33888;7
91;13;6;4488;3
91;107;6;1311;2
91;51;3;96;5
91;35;6;4488;4
91;35;6;5099;3
91;146;7;13555;7
91;21;6;4477;6
91;138;6;5533;10
91;94;7;50500;2
91;39;6;4441;1
91;21;5;131;137
91;26;6;5511;3
91;24;6;5005;9
91;67;6;1213;5
91;105;7;13132;10
91;4;6;2211;4
91;26;7;50500;12
91;66;6;1888;1
91;37;5;131;157
91;145;7;44888;4
91;5;6;1888;1
91;104;7;22222;6
91;50;6;5013;1
91;79;7;15362;1
91;15;6;5555;2
91;66;7;15678;1
91;74;7;15151;1
91;16;7;44022;1
91;102;6;1221;5
91;145;7;12114;2
91;149;7;15362;1
91;103;7;13333;7
91;77;6;1533;4
91;56;6;1234;2
91;63;5;96;30
91;58;6;2255;1
91;140;6;4488;4
91;140;6;5099;9
91;47;6;5533;11
91;50;7;12100;28
91;94;7;12100;19
91;40;3;13;138
91;1;6;1010;4
91;1;6;4456;1
91;7;6;5577;2
91;12;7;70321;1
91;47;6;1311;1
91;40;7;33888;3
91;4;6;4477;9
91;79;3;21;1
91;105;6;5544;1
91;104;6;4422;1
91;42;3;96;11
91;5;7;44456;1
91;50;7;11111;43
91;94;7;11111;56
91;60;7;22222;3
91;64;7;33000;1
91;101;3;21;1
91;145;6;1313;4
91;1;7;11444;15
91;149;6;2277;7
91;81;6;1214;1
91;149;6;5533;41
91;1;7;70400;4
91;144;6;5577;1
91;11;7;45555;1
91;55;7;22190;1
91;55;5;131;171
91;101;6;1313;4
91;9;7;11123;3
91;13;6;1213;27
91;64;7;15678;1
91;4;6;1322;13
91;64;7;13555;7
91;94;6;4400;1
91;17;6;2201;1
91;30;7;44123;1
91;8;7;70222;1
91;146;6;4410;1
91;39;6;5013;1
91;31;6;1213;11
91;90;7;55678;15
91;20;5;160;1
91;84;6;4488;7
91;92;6;4456;1
91;22;7;13555;15
91;85;3;13;141
91;12;6;2200;1
91;30;6;5567;1
91;4;6;2222;8
91;99;6;4447;1
91;103;6;5533;18
91;38;7;95;8
91;139;6;1010;2
91;25;7;12500;1
91;21;3;95;7
91;81;6;5533;15
91;12;7;12100;20
91;52;6;96;8
91;24;6;5567;1
91;17;7;50500;2
91;42;7;45555;1
91;67;7;22190;2
91;17;7;13234;14
91;104;3;12;17
91;80;7;22190;1
91;80;5;131;151
91;59;3;12;13
91;151;6;5511;7
91;101;7;45555;2
91;40;6;1213;12
91;68;6;4410;2
91;9;7;33145;1
91;4;6;5511;13
91;104;6;1313;4
91;9;3;13;142
91;67;7;13333;34
91;9;6;1221;6
91;95;6;1213;3
91;55;7;10000;1
91;31;3;44;25
91;84;6;4011;1
91;6;5;131;206
91;27;3;95;9
91;101;6;4447;1
91;43;3;96;10
91;102;7;44456;5
91;38;7;12100;4
91;66;6;2233;1
91;63;6;4410;2
91;20;6;2288;1
91;41;3;13;116
91;16;7;33300;1
91;84;7;44190;1
91;56;7;55888;1
91;68;7;13132;2
91;80;6;1111;38
91;80;7;12400;1
91;20;6;5005;3
91;51;6;96;2
91;6;3;96;6
91;85;7;13222;2
91;3;6;4433;1
91;103;7;55678;17
91;14;7;13555;1
91;105;7;13333;14
91;10;7;13123;3
91;1;6;1292;4
91;49;7;22222;3
91;20;7;50500;1
91;4;5;700;42
91;102;6;4410;1
91;106;6;5533;43
91;26;6;2222;2
91;41;7;96;4
91;45;7;50500;2
91;149;6;2211;14
91;106;7;33888;9
91;15;7;44888;2
91;139;6;1333;5
91;30;7;33193;1
91;12;7;12144;1
91;18;6;1213;15
91;64;7;11111;47
91;45;6;1533;1
91;58;6;1111;26
91;45;6;1010;1
91;43;5;555;1
91;35;7;11111;58
91;81;3;96;7
91;35;7;44456;2
91;72;7;44123;1
91;95;7;44123;2
91;70;7;95;3
91;35;7;13132;7
91;34;6;4445;2
91;8;5;700;31
91;42;7;55888;4
91;5;6;1313;2
91;35;6;1234;1
91;40;6;5005;1
91;99;7;12555;1
91;12;7;13456;2
91;55;3;13;159
91;20;6;1322;21
91;15;6;2211;6
91;55;6;2222;2
91;39;7;22999;1
91;7;6;4410;1
91;75;7;13456;1
91;16;7;12100;13
91;8;7;22556;1
91;2;7;12345;3
91;95;6;1933;2
91;107;6;4422;1
91;18;6;4488;7
91;52;6;4000;1
91;2;7;12114;3
91;140;5;700;26
91;14;6;95;8
91;92;7;11444;8
91;7;6;5588;1
91;79;6;2277;7
91;47;6;1533;2
91;40;7;13456;1
91;14;7;44777;1
91;95;5;95;8
91;43;5;700;18
91;26;6;7040;1
91;144;3;96;10
91;85;6;2222;2
91;64;6;2222;3
91;27;7;55333;2
91;138;7;44456;2
91;138;6;2211;1
91;102;6;2210;1
91;26;7;33888;6
91;13;6;11;1
91;13;6;12;2
91;13;6;13;5
91;13;6;22;2
91;13;7;10;1
91;13;7;11;1
91;13;7;12;1
91;13;7;13;9
91;35;3;96;8
91;143;6;1213;17
91;145;7;55678;5
91;103;6;1322;12
91;70;7;15362;2
91;59;7;96;15
91;19;7;55678;9
91;106;6;3378;1
91;20;7;13456;3
91;18;6;1222;1
91;102;6;4422;1
91;95;7;70007;1
91;50;6;1234;4
91;94;6;2200;1
91;22;7;15362;1
91;38;6;5533;12
91;85;3;95;15
91;6;6;2222;3
91;18;6;4422;1
91;64;6;2210;2
91;52;6;1322;35
91;80;6;1569;1
91;102;7;11123;3
91;143;6;2277;11
91;43;6;1111;69
91;56;6;2277;4
91;17;6;95;5
91;17;7;45000;1
91;14;7;33888;7
91;19;7;22777;6
91;19;6;2200;1
91;36;7;44888;3
91;12;7;13234;5
91;42;6;95;9
91;15;7;13234;9
91;40;6;4477;4
91;51;5;131;157
91;149;7;50500;9
91;106;7;13555;35
91;10;6;5533;11
91;9;6;2211;4
91;58;7;13234;1
91;97;6;2233;1
91;1;7;11123;1
91;52;7;14444;1
91;18;6;4444;1
91;99;7;13555;6
91;45;7;15362;3
91;72;7;44027;1
91;72;6;5005;4
91;42;6;1944;1
91;57;6;4444;3
91;57;7;44500;1
91;67;7;11444;3
91;34;7;55888;1
91;101;7;15362;1
91;33;5;96;18
91;22;6;5005;6
91;2;7;33888;9
91;6;6;1331;3
91;39;6;1221;6
91;64;6;1213;6
91;47;6;96;3
91;93;7;50500;2
91;103;7;13133;1
91;20;7;45300;2
91;51;6;1299;1
91;93;7;44123;1
91;57;6;11;1
91;57;6;12;1
91;57;6;13;2
91;57;6;21;2
91;57;6;22;1
91;57;7;13;8
91;57;7;23;1
91;57;7;45;1
91;57;7;55;1
91;57;7;70;1
91;67;5;95;8
91;55;6;5577;1
91;55;6;5005;1
91;10;6;2277;8
91;10;7;13555;11
91;31;5;96;10
91;64;6;5533;7
91;57;7;50011;1
91;39;7;12144;1
91;25;6;5522;1
91;25;6;95;14
91;25;7;45000;1
91;42;7;13;13
91;42;7;22;1
91;47;6;11;1
91;47;6;12;2
91;47;6;13;2
91;47;7;12;1
91;47;7;13;11
91;47;7;44;1
91;56;6;1333;1
91;68;6;4488;4
91;24;5;555;6
91;37;6;5533;13
91;19;6;5013;2
91;11;7;23123;1
91;37;6;1221;7
91;47;7;13258;1
91;30;7;22200;1
91;80;6;4447;1
91;68;6;1299;1
91;22;6;1221;6
91;79;7;11444;68
91;140;7;33888;4
91;31;6;1111;103
91;31;7;95;11
91;144;6;1313;3
91;20;7;13;7
91;20;7;14;1
91;20;7;33;1
91;20;7;44;1
91;20;7;45;1
91;47;7;13132;4
91;47;7;70222;1
91;79;6;95;24
91;72;6;2277;17
91;95;6;2277;50
91;52;7;36192;2
91;7;6;4488;4
91;101;7;13222;1
91;95;6;1500;1
91;18;6;4447;1
91;107;7;15555;1
91;4;5;555;5
91;103;5;555;3
91;80;6;5013;2
91;7;7;12500;1
91;49;6;1533;2
91;10;6;96;4
91;41;7;33888;3
91;75;6;1234;5
91;103;6;5005;3
91;107;6;4477;2
91;58;6;2210;2
91;7;7;11111;40
91;40;7;55888;3
91;14;6;12;2
91;14;6;10;1
91;14;6;11;2
91;14;6;13;2
91;14;6;15;1
91;14;6;21;1
91;14;6;33;1
91;14;6;44;1
91;14;6;55;3
91;15;6;2277;7
91;27;6;2277;11
91;64;7;70222;2
91;18;6;1313;3
91;104;6;4455;2
91;14;7;11111;38
91;35;6;2211;1
91;21;7;70400;2
91;43;3;13;119
91;64;7;22555;1
91;79;5;700;18
91;139;6;2277;25
91;51;7;14888;2
91;19;7;33888;3
91;143;6;1333;3
91;103;7;22022;2
91;21;7;70321;2
91;6;7;13222;1
91;22;6;1111;49
91;103;7;45555;1
91;21;5;555;2
91;40;7;12100;2
91;106;6;95;10
91;17;6;96;6
91;36;7;13555;20
91;59;6;96;18
91;26;3;96;12
91;6;3;95;12
91;5;7;44888;3
91;57;6;2201;1
91;45;6;95;13
91;38;6;1533;1
91;101;6;2201;1
91;11;6;96;3
91;51;7;22556;2
91;105;6;96;8
91;149;6;1111;73
91;149;7;95;4
91;148;7;13333;18
91;24;7;12114;2
91;139;3;12;23
91;26;6;1533;1
91;18;7;70333;1
91;94;5;555;1
91;45;6;2255;1
91;25;6;1500;1
91;25;3;95;8
91;3;6;1331;1
91;14;6;96;3
91;103;7;12111;1
91;143;6;5567;1
91;16;6;1313;1
91;40;6;1313;1
91;23;5;131;196
91;9;6;1122;1
91;72;7;12333;1
91;33;6;1313;3
91;93;7;15362;2
91;14;7;11123;1
91;26;6;4488;2
91;26;6;5099;1
91;22;6;5577;5
91;66;6;4455;2
91;4;7;11444;19
91;81;5;96;12
91;104;7;13222;1
91;56;6;2210;2
91;102;6;2288;3
91;81;6;4477;5
91;39;3;44;55
91;73;7;10123;3
91;148;7;12300;2
91;97;7;44500;1
91;144;7;13555;22
91;94;7;70222;2
91;2;6;1533;5
91;50;7;70400;2
91;146;7;33888;4
91;34;7;44456;4
91;37;7;50013;2
91;19;5;95;7
91;40;5;96;16
91;42;7;13333;3
91;60;6;2277;1
91;67;7;15362;2
91;145;6;2222;18
91;45;7;22777;14
91;94;6;95;13
91;75;3;95;8
91;138;7;55678;10
91;67;6;4455;1
91;104;7;13258;2
91;22;6;1322;20
91;93;7;95;10
91;8;5;131;152
91;20;6;1111;54
91;5;7;50013;1
91;148;7;55333;1
91;17;7;22556;1
91;101;7;11;1
91;101;7;13;2
91;101;7;15;1
91;30;7;50777;1
91;49;7;50500;5
91;72;6;5533;21
91;95;6;5533;31
91;51;6;4490;1
91;38;7;15678;2
91;36;7;12500;1
91;22;7;50013;1
91;145;6;5577;2
91;145;7;12222;1
91;101;6;7040;1
91;6;3;44;17
91;39;7;22111;2
91;25;6;4444;1
91;57;6;5555;1
91;43;3;44;26
91;84;7;22022;2
91;75;7;95;9
91;75;6;1111;43
91;72;6;1322;14
91;95;6;1322;14
91;80;7;70222;1
91;101;7;96;4
91;81;7;15678;1
91;12;7;22777;14
91;22;6;4444;2
91;84;3;96;9
91;6;6;1322;18
91;85;7;15362;4
91;140;7;45555;3
91;23;7;55;1
91;5;6;5577;1
91;39;5;700;32
91;51;6;1477;1
91;14;6;4477;7
91;148;6;1232;1
91;77;3;95;12
91;22;6;2211;2
91;138;7;11111;30
91;63;7;22111;1
91;94;7;13258;1
91;5;7;22022;5
91;22;7;11113;2
91;20;7;15555;1
91;52;6;10;1
91;52;6;11;3
91;52;6;12;3
91;52;6;13;1
91;52;6;55;1
91;52;7;11;2
91;52;7;12;1
91;52;7;13;11
91;52;7;14;1
91;52;7;22;1
91;52;7;44;2
91;52;7;45;1
91;4;7;13131;1
91;72;3;95;4
91;24;5;131;177
91;24;7;22190;2
91;107;5;95;11
91;80;7;44888;2
91;4;6;1221;4
91;35;7;33888;5
91;95;7;22777;44
91;84;6;1111;78
91;84;7;95;14
91;13;6;4456;1
91;58;7;22022;1
91;20;6;1533;1
91;5;7;11111;44
91;73;6;2288;1
91;79;6;4444;1
91;27;6;96;7
91;49;6;2277;8
91;6;7;15362;5
91;85;6;7090;1
91;9;7;22190;3
91;9;5;131;155
91;11;7;36012;1
91;9;7;70321;1
91;146;5;700;14
91;30;7;15678;1
91;22;6;2210;2
91;23;7;44123;2
91;19;6;1010;4
91;50;7;50500;2
91;41;7;55888;9
91;92;6;4488;2
91;36;6;4013;1
91;102;6;4013;1
91;13;7;13132;8
91;97;6;4477;5
91;57;6;1322;16
91;35;6;1322;34
91;99;6;5005;2
91;77;3;13;162
91;52;7;13333;17
91;93;6;5005;3
91;30;7;22190;5
91;30;5;131;145
91;24;3;95;6
91;56;7;70400;2
91;15;5;555;1
91;72;7;22200;1
91;104;7;13555;13
91;11;6;4455;2
91;15;7;12300;1
91;92;6;4499;1
91;139;6;1214;1
91;47;6;1213;18
91;151;7;55888;5
91;107;7;55678;4
91;148;6;5533;24
91;93;6;1111;76
91;31;6;1222;1
91;31;6;1234;2
91;72;7;12100;16
91;13;6;1313;1
91;22;6;5511;8
91;80;7;22022;5
91;14;7;12;1
91;14;7;13;13
91;14;7;33;1
91;14;7;44;1
91;14;7;55;2
91;103;6;2211;1
91;93;5;131;132
91;72;6;1010;1
91;94;3;44;54
91;50;3;44;55
91;45;6;5533;19
91;97;3;13;160
91;45;7;95;12
91;41;3;95;11
91;56;7;12123;1
91;42;6;1522;1
91;10;5;700;34
91;45;6;2244;3
91;106;6;5555;1
91;37;6;4477;5
91;22;6;1888;1
91;93;6;4477;3
91;41;7;50500;1
91;45;6;1322;29
91;73;3;13;129
91;103;7;96;4
91;38;6;1111;71
91;104;6;1533;7
91;143;6;5555;1
91;99;7;11111;69
91;20;7;13333;12
91;145;6;4477;8
91;85;6;1111;66
91;85;7;95;9
91;43;7;13123;1
91;68;6;2277;5
91;37;5;95;9
91;40;6;4410;3
91;145;7;13222;2
91;6;6;1118;1
91;25;7;22777;11
91;85;7;10123;1
91;21;6;1322;12
91;37;7;15123;2
91;31;6;5511;4
91;90;6;95;7
91;57;7;55678;13
91;45;7;13333;16
91;51;5;160;1
91;72;7;23192;1
91;70;7;13132;11
91;47;7;70321;2
91;66;6;4445;1
91;34;7;10123;1
91;138;7;23190;1
91;7;6;1234;3
91;51;6;5533;20
91;37;7;13333;10
91;63;6;1000;3
91;64;7;45333;2
91;66;7;44777;1
91;47;6;5511;8
91;56;7;45300;1
91;9;7;10124;1
91;9;7;36012;1
91;77;7;11111;75
91;13;6;5001;1
91;104;3;13;180
91;103;7;10400;4
91;75;7;15678;1
91;84;6;1213;22
91;51;6;4488;4
91;51;6;5099;1
91;63;3;13;190
91;97;7;22111;1
91;149;7;55678;6
91;1;6;5013;1
91;102;3;95;9
91;16;6;4445;1
91;139;7;70400;1
91;37;7;12114;3
91;11;7;11444;12
91;22;7;12222;1
91;143;3;96;12
91;145;7;70333;1
91;106;6;5511;5
91;94;3;95;9
91;66;6;4422;1
91;144;6;1333;3
91;15;7;10123;6
91;72;7;12300;1
91;4;6;2255;1
91;146;6;96;3
91;97;7;30000;1
91;139;7;12555;1
91;56;6;5557;1
91;56;7;22777;9
91;66;7;22190;4
91;66;5;131;210
91;102;3;12;15
91;37;6;2200;2
91;23;7;13555;27
91;8;6;2277;7
91;64;7;45300;1
91;37;6;1111;59
91;101;7;13555;27
91;139;3;95;10
91;139;6;1500;1
91;55;6;1331;1
91;73;7;14;1
91;73;7;45;1
91;73;7;55;2
91;73;7;70;1
91;73;7;15678;2
91;41;7;12500;1
91;25;6;4433;1
91;145;6;2211;3
91;97;6;1234;3
91;107;6;2222;6
91;56;6;4444;1
91;41;6;1122;1
91;97;6;4456;1
91;47;7;13333;12
91;2;7;13333;10
91;37;7;50777;1
91;15;6;5567;1
91;67;6;96;6
91;79;7;44789;1
91;4;7;22777;12
91;27;6;5099;4
91;59;6;11;1
91;59;6;12;2
91;59;6;13;1
91;59;7;11;3
91;59;7;12;1
91;59;7;13;8
91;59;7;23;1
91;59;7;44;1
91;59;7;55;1
91;4;7;14444;1
91;103;7;15362;11
91;22;7;55678;8
91;9;6;95;7
91;149;7;12100;5
91;15;6;1313;1
91;16;6;2211;2
91;30;7;96;5
91;56;3;95;8
91;33;7;12100;3
91;40;6;2222;8
91;140;6;1569;2
91;17;7;33888;1
91;105;5;700;14
91;50;7;95;9
91;94;6;1111;66
91;7;7;15362;1
91;3;7;12100;14
91;74;3;44;28
91;47;7;12100;17
91;103;6;1292;3
91;15;6;1221;2
91;148;7;13555;16
91;30;5;555;3
91;50;7;11333;1
91;27;6;1221;1
91;74;7;11111;24
91;10;5;131;167
91;105;6;95;8
91;38;7;44888;1
91;63;7;11444;16
91;42;7;22777;7
91;105;6;4477;8
91;45;6;1292;2
91;93;7;12100;3
91;66;7;11123;1
91;6;6;1313;1
91;22;7;13133;1
91;145;6;1111;46
91;145;7;95;8
91;41;6;1213;9
91;72;7;11123;2
91;68;7;13234;9
91;10;3;12;19
91;72;7;36012;1
91;72;7;22010;1
91;2;7;22;1
91;2;7;44;1
91;2;7;55;1
91;34;7;33888;5
91;143;7;12555;2
91;45;6;1199;1
91;9;7;12300;3
91;63;7;44190;2
91;9;7;15678;1
91;50;6;2201;2
91;64;6;2211;7
91;11;7;13234;5
91;3;7;13333;11
91;99;3;13;157
91;30;6;2200;1
91;94;7;13132;12
91;50;7;13132;7
91;50;7;70222;3
91;59;7;12100;24
91;30;7;50500;7
91;67;6;95;11
91;13;7;11444;22
91;14;6;1221;2
91;148;7;22111;4
91;31;6;11;2
91;31;6;12;2
91;31;6;13;4
91;40;6;96;5
91;94;7;55678;8
91;139;7;70333;1
91;21;7;44111;1
91;21;6;1292;1
91;21;7;44777;1
91;38;5;95;12
91;94;6;2201;3
91;75;7;44190;1
91;84;6;2277;6
91;35;7;22222;2
91;49;7;11444;12
91;138;6;5013;1
91;99;7;50013;3
91;45;7;43640;1
91;140;7;44888;3
91;3;6;95;11
91;23;6;5099;1
91;84;5;700;22
91;50;5;96;8
91;5;5;700;52
91;51;5;700;40
91;13;7;44333;3
91;16;5;555;2
91;52;7;12555;1
91;85;6;2211;5
91;14;6;1111;59
91;103;7;13456;1
91;10;6;1234;7
91;102;7;15362;1
91;39;6;1331;1
91;144;6;5511;2
91;50;7;33888;7
91;94;7;33888;7
91;145;7;96;4
91;67;7;55678;5
91;27;5;95;12
91;24;6;5577;4
91;1;7;22111;2
91;79;7;12100;14
91;51;7;22222;3
91;4;6;1321;2
91;68;6;1010;2
91;68;6;4456;1
91;81;6;1233;2
91;103;6;4444;1
91;6;6;1123;1
91;1;6;2222;20
91;72;5;555;1
91;26;6;4410;2
91;143;6;1234;5
91;22;6;1292;1
91;26;6;6565;1
91;37;7;96;4
91;50;6;5533;12
91;94;6;5533;34
91;36;7;15555;2
91;2;6;7040;1
91;9;6;4444;1
91;97;3;96;10
91;138;7;50013;2
91;23;6;5001;3
91;4;7;13132;9
91;4;7;70222;1
91;20;6;1444;1
91;101;7;44888;1
91;63;6;1213;16
91;79;6;1322;10
91;144;6;4488;1
91;144;6;5099;3
91;16;6;2210;1
91;13;7;13234;8
91;24;7;12555;1
91;9;6;96;9
91;52;7;50500;3
91;16;6;4477;10
91;24;6;5511;7
91;9;3;21;1
91;35;6;5533;32
91;77;6;96;7
91;37;6;1322;14
91;30;7;12;1
91;30;7;13;4
91;30;7;18;1
91;30;7;50;1
91;30;7;70;1
91;75;6;4433;1
91;19;6;1111;54
91;13;6;1111;48
91;13;7;95;7
91;149;6;2233;2
91;36;7;13777;1
91;27;3;12;3
91;14;7;12100;14
91;84;6;2211;3
91;151;7;33333;1
91;101;6;5533;20
91;26;7;22190;2
91;26;5;131;156
91;4;6;6565;1
91;146;6;4477;4
91;138;7;33123;1
91;146;6;5567;1
91;15;6;4410;1
91;37;6;1292;1
91;38;6;1213;12
91;144;7;10124;1
91;34;6;2210;1
91;140;7;12100;24
91;43;6;1533;2
91;146;7;13234;2
91;102;7;44888;3
91;18;6;1322;18
91;16;6;4455;1
91;30;6;1522;1
91;27;6;1113;1
91;52;7;12333;1
91;58;7;12333;1
91;42;7;13555;6
91;49;6;1112;1
91;22;7;12457;1
91;7;6;2299;1
91;64;6;1234;3
91;145;6;1234;6
91;58;6;5099;2
91;4;6;5588;1
91;35;5;700;12
91;35;5;95;13
91;139;6;1111;55
91;11;6;5511;11
91;14;6;5005;1
91;19;6;4447;2
91;40;6;1111;74
91;21;6;96;6
91;60;6;5533;52
91;97;6;1213;8
91;20;5;131;145
91;13;7;12500;1
91;85;6;13;4
91;85;6;11;5
91;85;6;15;1
91;85;6;21;1
91;85;7;11;4
91;85;7;12;1
91;85;7;13;11
91;85;7;15;2
91;85;7;44;1
91;85;7;55;1
91;45;3;12;20
91;143;6;1214;1
91;30;7;22777;16
91;99;7;13234;11
91;64;5;700;18
91;39;7;44123;1
91;93;7;70222;1
91;151;6;1221;7
91;106;6;2277;9
91;57;6;2222;11
91;97;6;4555;1
91;43;7;15362;1
91;21;6;5533;10
91;47;7;33888;4
91;60;7;70400;1
91;77;7;13555;10
91;24;6;2233;1
91;16;7;50500;1
91;5;6;4488;3
91;103;5;96;6
91;25;6;2210;1
91;50;7;22222;6
91;94;7;22222;6
91;11;6;1221;3
91;67;6;1214;5
91;3;6;4490;1
91;27;6;5005;1
91;15;7;50013;1
91;49;3;96;3
91;52;7;55860;1
91;151;5;95;14
91;140;7;22777;17
91;139;7;11123;1
91;72;6;4488;4
91;95;6;4488;13
91;95;6;5099;12
91;13;6;2200;1
91;102;3;44;61
91;74;7;95;9
91;13;6;1333;3
91;107;6;2233;3
91;33;7;22777;9
91;70;5;96;5
91;51;6;2211;1
91;22;5;96;10
91;139;6;1234;8
91;139;6;4411;1
91;31;6;95;10
91;95;7;55666;1
91;66;7;44123;1
91;77;7;13333;12
91;145;6;5511;3
91;37;6;1331;3
91;31;7;15362;11
91;6;6;11;8
91;6;6;12;3
91;6;6;13;2
91;6;6;15;1
91;6;6;21;1
91;6;7;12;5
91;6;7;13;14
91;93;7;96;6
91;144;7;95;13
91;144;6;1111;63
91;2;6;1221;4
91;55;7;55333;1
91;11;6;5099;1
91;102;6;4445;1
91;104;6;1333;3
91;57;7;13234;22
91;37;6;2210;2
91;33;6;5511;4
91;101;6;1111;58
91;6;7;11111;30
91;38;6;1333;4
91;33;6;1533;2
91;24;5;700;25
91;72;7;44044;1
91;84;6;96;4
91;75;7;13111;1
91;14;6;1322;13
91;79;6;5577;2
91;92;7;96;5
91;90;7;15362;3
91;15;7;70400;2
91;47;7;13234;16
91;9;6;5511;6
91;39;7;13234;9
91;148;7;13234;4
91;144;6;4077;1
91;15;7;13133;1
91;80;6;1322;19
91;14;6;4488;15
91;63;6;5567;1
91;93;6;5533;18
91;107;7;13555;23
91;34;6;1322;29
91;17;5;555;3
91;10;7;11123;1
91;3;6;1313;3
91;55;6;1522;1
91;2;6;13;2
91;2;6;33;1
91;2;7;11;1
91;2;7;13;5
91;151;6;1213;6
91;21;7;13234;3
91;3;7;22222;1
91;3;7;44190;1
91;9;7;11444;12
91;39;6;7040;2
91;104;7;50013;1
91;33;6;1213;9
91;19;7;50500;1
91;51;7;45555;3
91;85;3;44;33
91;40;5;95;13
91;67;7;15678;3
91;72;6;1234;10
91;60;6;1234;8
91;148;7;22222;2
91;20;6;4477;7
91;11;7;55678;12
91;56;7;70000;1
91;34;7;36192;1
91;5;6;4410;3
91;60;6;11;3
91;60;6;12;4
91;60;6;13;6
91;60;6;33;1
91;60;6;50;1
91;60;6;55;1
91;60;7;11;1
91;60;7;12;2
91;60;7;13;9
91;60;7;33;1
91;60;7;45;1
91;60;7;55;2
91;104;7;13234;12
91;106;6;2222;3
91;67;6;7022;1
91;2;7;10123;1
91;45;7;22555;1
91;97;6;4422;1
91;99;5;700;22
91;5;6;1292;1
91;6;7;33888;21
91;16;7;44044;1
91;101;7;22777;13
91;66;7;11111;52
91;77;6;1322;17
91;101;7;15333;1
91;6;6;2211;8
91;104;7;70333;1
91;55;6;4422;1
91;145;5;131;149
91;80;7;44123;2
91;24;7;15362;1
91;75;6;1123;1
91;107;7;50013;1
91;149;7;13333;10
91;143;7;12100;18
91;55;6;1232;1
91;31;6;55;1
91;31;7;11;4
91;31;7;12;1
91;31;7;13;9
91;31;7;22;2
91;31;7;33;1
91;31;7;50;1
91;31;7;55;2
91;4;7;13333;8
91;15;6;11;1
91;72;6;5555;1
91;105;6;12;1
91;34;6;12;2
91;34;6;13;4
91;34;6;22;2
91;18;7;22222;5
91;104;7;13131;1
91;104;7;55888;1
91;13;6;5055;1
91;16;7;44888;1
91;39;6;1234;8
91;107;6;5005;1
91;38;6;1221;4
91;92;7;13132;24
91;25;5;700;36
91;2;6;1215;1
91;16;7;11111;40
91;59;7;50500;2
91;105;6;5533;39
91;143;5;131;187
91;50;7;11444;14
91;94;7;11444;29
91;144;3;95;10
91;24;7;44888;4
91;17;7;13456;1
91;39;7;11444;37
91;18;7;22555;1
91;60;5;96;21
91;57;7;45000;1
91;57;6;95;12
91;12;6;1333;6
91;45;6;2201;1
91;22;7;33888;3
91;22;7;44888;3
91;22;6;1123;1
91;39;7;13333;10
91;105;6;1333;8
91;84;7;11111;79
91;33;6;7022;1
91;12;7;55888;1
91;12;7;44999;1
91;67;7;33888;2
91;51;7;96;1
91;85;6;4488;1
91;4;6;11;1
91;4;6;12;1
91;4;6;13;2
91;4;7;12;2
91;4;7;13;4
91;4;7;15;1
91;4;7;70;1
91;84;7;50000;2
91;50;7;30000;1
91;35;7;45555;1
91;27;7;45555;1
91;18;6;5533;18
91;10;6;2210;1
91;85;7;22555;1
91;56;7;13234;2
91;95;7;33333;2
91;5;3;13;127
91;43;7;44123;1
91;56;6;5001;1
91;70;6;96;3
91;79;7;44456;1
91;15;3;13;166
91;56;3;13;134
91;36;7;65013;2
91;34;7;13;16
91;34;7;18;1
91;34;7;44;1
91;34;7;55;1
91;40;6;11;2
91;12;6;1214;2
91;66;6;1214;2
91;14;7;22222;6
91;9;7;12555;1
91;41;6;5555;1
91;10;6;1331;3
91;25;6;1292;1
91;63;7;96;6
91;75;7;11444;28
91;144;6;2210;1
91;80;5;96;15
91;77;6;2299;1
91;144;3;13;155
91;149;7;70222;2
91;149;7;13132;14
91;37;6;5511;4
91;102;6;5005;7
91;102;7;44027;1
91;17;6;1111;38
91;17;7;95;9
91;34;6;33;1
91;34;6;45;1
91;34;7;11;2
91;34;7;12;2
91;102;5;555;2
91;3;6;2277;9
91;3;3;12;11
91;37;7;10123;2
91;19;6;1285;1
91;72;6;5001;1
91;73;7;11111;42
91;148;6;1322;24
91;15;6;4477;14
91;90;7;45555;2
91;43;6;1322;10
91;43;6;4012;1
91;1;7;12114;3
91;2;6;5511;8
91;52;6;1311;1
91;2;3;95;3
91;63;6;4444;1
91;146;6;4490;1
91;149;5;96;12
91;37;3;96;12
91;57;6;4013;1
91;5;7;22777;19
91;39;6;1533;4
91;39;6;5511;6
91;10;6;5055;1
91;140;7;15362;2
91;90;7;13234;2
91;97;7;95;16
91;2;6;2200;3
91;33;7;13333;9
91;139;6;2233;1
91;19;3;12;15
91;68;7;11444;22
91;146;6;12;1
91;146;6;35;1
91;4;6;5533;17
91;45;6;4477;7
91;99;6;5001;2
91;57;5;96;14
91;92;3;44;18
91;143;3;16;1
91;77;6;2233;1
91;1;6;5577;1
91;64;7;55333;2
91;102;6;1010;2
91;102;6;4456;4
91;10;6;2211;1
91;146;6;3355;1
91;75;5;555;1
91;140;7;22333;2
91;59;6;1221;2
91;15;7;55888;4
91;75;6;1277;1
91;13;7;12100;22
91;148;5;95;19
91;21;7;55678;5
91;23;6;1299;1
91;31;6;5055;3
91;17;6;4444;1
91;1;6;5005;6
91;3;6;1221;4
91;6;7;70321;4
91;102;7;22022;4
91;101;6;4445;1
91;56;3;12;12
91;11;7;13333;9
91;3;6;2201;1
91;43;6;5577;1
91;2;6;1333;3
91;24;6;1155;1
91;143;6;4488;3
91;143;6;5099;2
91;79;7;15333;1
91;8;6;1313;3
91;80;7;55888;1
91;94;5;95;16
91;80;7;50500;4
91;4;6;96;5
91;8;6;1000;1
91;106;6;11;2
91;106;6;13;6
91;106;7;13;13
91;106;7;33;1
91;18;6;11;2
91;18;6;12;1
91;18;6;13;1
91;18;6;22;1
91;18;6;45;1
91;31;6;50;1
91;94;7;13;12
91;94;7;22;3
91;94;7;45;2
91;94;7;55;1
91;81;5;131;185
91;12;7;22190;4
91;12;5;131;149
91;84;7;12333;1
91;37;6;4422;1
91;39;7;12345;1
91;39;7;65013;1
91;43;7;12333;1
91;66;7;70400;3
91;90;7;15333;1
91;7;7;22111;4
91;64;7;13333;25
91;10;7;12100;19
91;8;7;12144;1
91;33;7;15362;4
91;10;6;2201;1
91;6;7;12555;1
91;8;6;4488;2
91;68;6;1213;13
91;30;3;44;58
91;36;6;5533;16
91;58;6;1322;18
91;104;7;13133;1
91;3;6;2222;3
91;57;7;55999;1
91;85;7;11111;53
91;37;7;15362;2
91;101;7;13234;11
91;85;6;5005;1
91;30;6;95;10
91;24;7;96;10
91;43;6;4477;4
91;25;7;33888;5
91;106;7;13456;1
91;45;6;1888;1
91;22;7;12114;1
91;79;3;96;18
91;148;7;22190;2
91;148;5;131;152
91;43;6;7040;1
91;52;3;96;6
91;104;7;13123;1
91;105;5;131;196
91;79;7;55888;2
91;24;6;4456;1
91;97;6;8080;1
91;10;6;4477;6
91;24;6;5013;1
91;2;6;4422;1
91;39;6;3333;1
91;67;7;12000;1
91;55;5;700;12
91;25;3;44;51
91;58;6;4447;1
91;55;6;1222;1
91;55;6;1234;2
91;99;6;2211;3
91;60;6;1221;16
91;24;6;1221;14
91;36;6;1331;2
91;144;5;131;160
91;19;6;1333;5
91;3;7;44888;5
91;143;7;95;21
91;39;3;12;20
91;151;6;1313;6
91;15;6;4447;2
91;144;7;55678;3
91;25;6;5511;6
91;149;6;1213;7
91;25;7;13123;1
91;17;7;13123;2
91;106;7;22190;2
91;106;5;131;162
91;143;7;13333;12
91;25;7;23190;1
91;103;7;33300;2
91;52;7;12100;18
91;146;6;2211;2
91;11;7;12555;1
91;26;6;1234;1
91;31;7;22777;14
91;72;6;2201;1
91;9;7;22556;1
91;3;6;96;7
91;50;6;4410;1
91;139;6;1213;25
91;22;7;22190;3
91;22;5;131;176
91;41;6;2277;8
91;81;7;55678;4
91;97;5;96;17
91;27;6;1322;14
91;47;6;95;8
91;9;5;700;28
91;27;6;3333;1
91;63;5;95;11
91;36;7;96;3
91;84;7;65013;9
91;84;6;2233;1
91;17;3;44;52
91;92;3;12;2
91;22;7;13234;10
91;23;6;1111;53
91;23;7;95;13
91;103;6;1333;3
91;144;6;5555;2
91;51;6;1533;2
91;23;6;96;9
91;97;6;1533;5
91;27;6;1234;3
91;1;6;4445;1
91;81;7;12333;2
91;68;7;22777;5
91;68;6;4444;1
91;59;5;95;16
91;21;6;1234;7
91;60;7;13132;3
91;104;7;15123;2
91;21;3;13;121
91;72;6;1311;1
91;51;6;2288;2
91;2;6;1213;19
91;38;3;95;9
91;42;5;96;15
91;26;6;1299;1
91;43;5;131;124
91;81;3;13;179
91;99;6;4488;1
91;99;6;5099;1
91;143;7;44123;1
91;55;7;11111;30
91;38;7;13111;1
91;102;3;13;150
91;26;6;1311;1
91;59;3;13;206
91;58;6;4455;1
91;139;7;22777;25
91;51;6;1333;7
91;10;7;15000;1
91;60;7;55678;12
91;52;6;4477;12
91;63;6;2211;4
91;47;6;7090;1
91;35;3;13;220
91;68;7;15123;1
91;73;6;5577;6
91;95;6;1331;5
91;41;7;22222;5
91;90;6;5511;1
91;102;7;70070;1
91;45;7;12333;1
91;27;3;13;163
91;77;6;1122;1
91;19;7;44444;1
91;7;6;2201;2
91;67;6;1533;3
91;38;6;4488;1
91;50;3;13;126
91;68;6;5005;2
91;58;6;4477;13
91;42;5;555;1
91;146;7;12100;11
91;2;7;22190;1
91;19;6;1201;2
91;66;7;50013;1
91;68;5;96;23
91;107;7;44888;3
91;149;6;2288;2
91;101;7;65013;2
91;2;6;5533;20
91;51;7;11444;17
91;49;7;11111;55
91;70;3;13;93
91;15;6;5533;22
91;16;7;96;7
91;22;7;15333;1
91;49;6;5013;1
91;40;6;1522;3
91;138;5;700;51
91;73;6;5567;1
91;22;6;4422;1
91;92;6;1221;3
91;57;7;13333;5
91;19;7;45000;1
91;11;3;96;6
91;16;7;13132;6
91;16;7;70222;1
91;17;6;1010;2
91;30;7;13333;12
91;58;3;96;6
91;39;6;1522;2
91;39;3;13;192
91;58;7;70400;1
91;20;6;4444;1
91;107;6;1313;1
91;73;7;45999;1
91;80;6;4456;1
91;104;6;22;2
91;104;6;11;2
91;104;6;12;1
91;104;6;13;3
91;104;6;33;1
91;104;6;55;3
91;95;6;7040;1
91;5;6;4456;2
91;138;7;96;8
91;39;6;1213;21
91;103;6;1313;2
91;14;7;22777;20
91;138;6;2201;1
91;106;7;11113;1
91;106;7;22022;1
91;148;3;95;11
91;63;7;44888;1
91;8;6;1214;1
91;80;6;2288;2
91;39;6;2200;1
91;25;6;4441;1
91;33;6;1234;3
91;34;6;4410;1
91;2;7;13234;5
91;64;6;1233;1
91;80;6;95;8
91;24;6;95;10
91;30;6;1213;22
91;79;6;1111;84
91;79;7;95;23
91;36;3;96;7
91;144;7;15362;10
91;144;7;36100;2
91;104;6;2277;18
91;3;7;55678;8
91;1;7;22777;15
91;19;6;95;7
91;72;6;2211;4
91;95;6;2211;4
91;35;6;1111;55
91;106;5;95;14
91;41;7;50321;1
91;37;7;11111;51
91;19;7;11111;46
91;22;6;1333;2
91;10;6;1221;5
91;12;7;13013;1
91;66;6;2222;9
91;31;6;1321;1
91;16;7;70400;1
91;92;7;50500;2
91;95;3;44;73
91;140;5;131;137
91;107;7;44123;1
91;52;7;12500;1
91;94;7;22200;1
91;60;7;44556;1
91;60;6;1213;8
91;77;7;15362;2
91;14;5;700;56
91;64;7;12111;1
91;35;6;4477;34
91;59;7;12123;1
91;47;3;13;144
91;45;7;11;1
91;45;7;13;16
91;45;7;22;2
91;45;7;44;1
91;45;6;11;2
91;45;6;12;3
91;45;6;13;6
91;45;6;15;1
91;45;6;44;2
91;45;6;55;1
91;17;7;44888;1
91;106;6;2210;1
91;14;7;13234;5
91;105;3;96;11
91;4;7;11111;42
91;59;5;555;1
91;3;6;1212;1
91;144;7;13123;1
91;5;6;4433;1
91;57;6;2210;3
91;68;6;2222;1
91;66;6;5013;1
91;77;7;96;4
91;6;6;1333;1
91;41;6;5005;2
91;79;6;5533;59
91;80;6;1311;1
91;103;3;95;3
91;10;7;15362;4
91;149;6;2299;2
91;64;7;22190;4
91;64;5;131;156
91;43;6;1221;4
91;33;5;700;23
91;52;6;2277;12
91;47;7;44888;4
91;36;3;95;7
91;101;7;44123;1
91;9;7;22000;1
91;68;6;1221;11
91;72;7;12555;1
91;95;7;12555;1
91;4;7;15678;1
91;8;6;1090;1
91;8;6;5577;3
91;16;7;13789;1
91;93;5;96;15
91;22;7;50444;1
91;36;6;5577;7
91;30;3;12;16
91;31;5;700;20
91;97;7;13132;7
91;12;5;700;40
91;68;6;4090;1
91;34;7;15555;1
91;10;7;10122;1
91;139;6;1313;3
91;74;6;1333;1
91;95;3;96;8
91;90;7;22190;1
91;64;7;43333;1
91;146;7;22022;1
91;16;6;1234;5
91;56;6;4410;1
91;55;6;4444;1
91;10;6;5555;2
91;17;7;22111;1
91;1;7;13123;1
91;99;6;5533;26
91;68;7;44888;2
91;4;6;5100;1
91;68;7;96;7
91;74;7;13444;1
91;106;7;11444;27
91;107;5;131;179
91;138;7;12300;1
91;51;7;13234;10
91;51;6;4410;1
91;17;6;4410;1
91;9;6;7040;2
91;16;7;15678;2
91;102;7;15555;1
91;34;6;1333;36
91;55;5;96;13
91;107;6;5013;1
91;99;6;11;2
91;99;6;13;3
91;99;6;15;1
91;99;6;23;1
91;99;7;11;6
91;99;7;12;1
91;99;7;13;7
91;30;6;1292;1
91;75;6;4477;12
91;72;7;50500;1
91;24;7;13133;1
91;42;6;5005;1
91;139;6;4444;2
91;47;7;10123;1
91;64;3;96;12
91;80;6;2211;1
91;13;7;50500;3
91;99;7;55888;2
91;92;7;15678;1
91;43;7;12;2
91;43;7;13;9
91;43;7;45;1
91;75;7;15362;52
91;27;7;12100;10
91;90;5;96;6
91;9;6;4477;6
91;16;7;11444;21
91;9;6;3000;1
91;24;7;50444;1
91;49;7;33888;1
91;38;7;11111;52
91;148;6;1111;50
91;148;7;95;13
91;101;7;11111;50
91;4;7;13258;1
91;92;5;700;15
91;4;7;44888;1
91;27;7;55678;3
91;139;7;13456;2
91;81;6;4455;1
91;80;6;1333;9
91;70;7;13333;8
91;80;7;12555;1
91;80;7;13333;9
91;23;7;55678;13
91;68;6;2211;4
91;140;6;1111;44
91;106;6;96;3
91;92;3;95;15
91;103;7;12144;4
91;104;6;5005;6
91;12;6;3550;1
91;102;7;11111;41
91;19;6;4490;2
91;145;7;12000;1
91;103;7;13131;1
91;12;6;1213;13
91;13;7;44888;3
91;74;5;131;99
91;144;7;44123;3
91;36;6;4422;2
91;59;6;95;17
91;37;7;55123;1
91;68;6;2288;1
91;55;7;44040;1
91;68;7;70400;3
91;146;7;11111;36
91;37;6;1212;1
91;95;6;1123;1
91;149;6;2210;1
91;4;6;1533;1
91;45;7;13222;1
91;140;5;95;5
91;52;6;1099;1
91;2;6;4433;1
91;139;6;5577;2
91;105;7;13555;6
91;105;7;13234;2
91;25;6;4477;5
91;143;7;11444;31
91;101;5;95;15
91;18;7;50013;2
91;73;6;1111;44
91;151;6;1331;1
91;36;7;70400;5
91;56;7;44500;1
91;139;6;2200;1
91;20;3;96;2
91;1;6;2211;3
91;138;6;4447;1
91;19;7;70400;1
91;81;6;7022;1
91;146;7;12555;1
91;139;3;44;84
91;2;6;2288;2
91;73;6;1221;6
91;92;7;11111;63
91;10;6;95;11
91;10;7;45000;1
91;41;5;96;20
91;104;7;96;3
91;11;6;1333;1
91;14;6;5544;1
91;45;5;700;31
91;4;7;50013;2
91;139;7;13234;7
91;37;7;13555;10
91;68;7;15362;1
91;58;7;50500;4
91;75;6;1533;18
91;45;7;13123;2
91;80;7;13220;1
91;36;6;1111;56
91;36;7;95;4
91;25;7;13222;1
91;16;7;55888;2
91;103;6;4490;1
91;27;3;44;26
91;99;6;1299;3
91;73;6;4455;1
91;68;6;11;2
91;68;6;12;3
91;68;6;13;8
91;68;6;33;1
91;68;7;12;3
91;68;7;13;12
91;26;6;2211;7
91;68;7;22;1
91;68;7;44;2
91;68;7;45;1
91;9;6;11;1
91;9;6;12;2
91;9;6;13;4
91;9;6;22;1
91;23;6;1500;1
91;23;3;95;6
91;77;6;95;6
91;101;7;50444;1
91;63;6;1111;131
91;63;7;95;11
91;17;6;1533;1
91;13;3;44;48
91;139;7;22111;5
91;9;7;44888;1
91;149;3;12;13
91;80;6;2100;1
91;3;6;1500;2
91;3;3;95;5
91;51;7;44333;1
91;37;6;11;2
91;37;6;12;2
91;37;6;13;1
91;37;6;22;1
91;50;5;131;152
91;94;7;22190;2
91;5;7;10111;1
91;139;7;44190;1
91;59;7;11444;8
91;84;7;13555;23
91;16;7;12555;1
91;34;6;96;10
91;81;6;1322;29
91;106;3;96;6
91;138;3;44;69
91;1;6;1580;1
91;140;7;44333;1
91;66;7;13234;9
91;39;7;14444;1
91;14;7;44456;5
91;148;6;2222;12
91;18;3;95;7
91;10;6;1522;3
91;139;7;15362;2
91;101;3;96;7
91;7;6;4447;3
91;51;7;55678;12
91;92;7;23190;1
91;9;6;4410;1
91;60;3;96;7
91;94;7;95;17
91;75;7;12333;1
91;66;7;13333;13
91;66;6;4447;1
91;7;6;7069;1
91;12;6;1522;1
91;63;6;5013;1
91;144;6;2222;4
91;23;7;45123;1
91;99;6;1234;2
91;70;7;22022;1
91;30;6;1313;7
91;143;6;5001;1
91;27;6;4477;4
91;102;6;4488;4
91;102;6;5099;2
91;105;6;5005;3
91;63;6;1522;3
91;60;6;95;13
91;13;7;12555;2
91;148;6;96;9
91;12;6;2277;11
91;79;7;11111;65
91;67;3;12;17
91;57;5;555;3
91;8;6;1111;49
91;8;7;95;11
91;41;6;1313;2
91;104;6;1522;2
91;146;7;22000;1
91;11;6;2222;9
91;16;5;95;8
91;6;6;5533;27
91;56;6;2225;1
91;107;7;44666;1
91;81;7;50013;1
91;138;3;96;11
91;45;7;11444;26
91;34;5;131;205
91;143;6;1292;1
91;81;6;1222;1
91;5;5;555;3
91;41;6;2211;3
91;7;6;5005;5
91;27;6;1213;2
91;51;6;95;10
91;97;7;15362;5
91;36;6;1580;1
91;14;7;55678;2
91;47;7;10000;1
91;107;7;12000;1
91;75;3;44;45
91;10;7;12555;3
91;64;3;13;132
91;102;7;11;1
91;102;7;12;2
91;102;7;13;4
91;102;7;22;1
91;146;6;2277;8
91;102;6;11;2
91;102;6;12;2
91;102;6;13;3
91;67;7;12114;1
91;55;7;65013;1
91;4;7;44123;3
91;138;7;11;2
91;138;7;13;5
91;138;7;33;1
91;138;7;36;1
91;138;7;55;1
91;138;7;70;1
91;58;5;131;127
91;73;7;13132;5
91;73;7;70222;2
91;94;3;21;1
91;58;7;95;7
91;138;7;95;12
91;7;7;33888;1
91;8;6;2200;1
91;24;7;44333;1
91;80;3;13;137
91;151;5;96;30
91;17;6;1522;1
91;81;7;65013;1
91;105;7;13123;1
91;73;7;22190;2
91;41;3;96;6
91;38;7;50500;1
91;15;7;15362;2
91;25;6;4490;1
91;138;6;2210;1
91;1;7;55888;1
91;45;7;44500;1
91;3;5;96;15
91;57;7;22777;18
91;151;5;131;227
91;30;7;45555;1
91;35;3;12;15
91;149;7;44123;1
91;145;7;23190;2
91;25;6;1313;2
91;94;6;96;6
91;56;7;33888;2
91;79;6;1213;2
91;59;7;11111;62
91;31;7;44456;3
91;73;6;5005;1
91;149;7;11444;32
91;58;7;11111;20
91;1;7;43640;1
91;95;7;44;2
91;72;6;12;1
91;72;6;13;2
91;95;6;11;3
91;95;6;12;3
91;95;6;13;4
91;95;6;21;1
91;95;6;22;1
91;95;6;23;1
91;95;6;33;1
91;95;6;44;1
91;72;7;13;4
91;72;7;70;1
91;59;7;13234;7
91;64;5;96;17
91;97;6;5005;2
91;149;5;95;10
91;97;7;96;7
91;66;7;70321;1
91;106;6;4044;1
91;10;6;3550;1
91;47;3;12;9
91;148;7;15362;1
91;77;6;2227;1
91;74;7;11123;2
91;11;7;22222;6
91;11;7;44190;1
91;93;3;96;7
91;146;7;15362;2
91;1;6;4477;6
91;148;6;5005;5
91;148;7;44027;1
91;95;7;13133;2
91;151;6;1322;22
91;139;6;2201;2
91;38;6;5005;2
91;36;6;1533;3
91;30;7;33888;5
91;55;6;5511;4
91;106;6;1323;1
91;93;6;1533;1
91;151;6;1533;5
91;35;3;44;22
91;73;6;1313;3
91;24;7;50777;1
91;13;6;5588;1
91;74;7;13333;6
91;47;7;22700;1
91;47;7;44333;1
91;47;7;12011;1
91;51;7;65013;2
91;25;6;1322;11
91;95;7;12100;23
91;77;7;44888;10
91;36;7;13234;4
91;59;6;1322;20
91;58;7;55678;2
91;68;6;1222;1
91;68;6;1234;10
91;68;6;1567;1
91;38;6;44;2
91;38;7;13;11
91;38;7;22;1
91;38;7;44;2
91;45;5;555;4
91;75;3;12;13
91;36;7;11111;49
91;42;6;11;2
91;42;6;12;4
91;42;6;55;1
91;42;7;11;1
91;42;7;12;2
91;7;7;22120;1
91;23;7;22222;2
91;23;7;44190;3
91;151;6;5099;1
91;15;6;22;1
91;15;6;13;2
91;15;6;18;1
91;15;6;21;1
91;15;6;36;1
91;15;7;10;1
91;15;7;11;3
91;7;6;5001;2
91;19;5;700;34
91;51;6;4447;1
91;19;7;55011;1
91;51;3;44;48
91;77;3;12;2
91;149;7;96;6
91;21;6;1313;2
91;2;6;5577;2
91;67;6;5555;3
91;84;3;95;13
91;68;3;13;183
91;58;6;2211;5
91;38;6;2211;3
91;41;6;1222;2
91;41;6;1234;1
91;70;7;12100;29
91;50;6;1888;1
91;94;6;1888;1
91;6;6;4477;2
91;70;3;96;6
91;39;7;13133;2
91;56;6;4455;2
91;2;7;55888;1
91;103;7;12127;1
91;103;3;44;52
91;60;6;1322;18
91;39;6;5567;3
91;12;7;70070;1
91;60;7;50500;1
91;35;7;22120;1
91;34;3;12;14
91;26;6;1213;3
91;31;6;1313;1
91;72;7;13555;11
91;95;7;13555;5
91;5;7;10123;1
91;8;3;13;137
91;20;7;15362;2
91;27;7;50500;5
91;22;7;11444;19
91;151;7;13132;158
91;102;7;30000;1
91;63;7;23190;1
91;35;6;2277;3
91;2;7;13131;1
91;2;7;43333;1
91;10;7;11;3
91;25;7;13258;1
91;104;7;95;12
91;10;7;12500;1
91;102;6;2222;14
91;151;7;15120;2
91;42;3;95;10
91;51;6;1500;1
91;2;5;700;46
91;10;7;13456;2
91;40;7;96;4
91;102;6;3000;1
91;12;7;13132;6
91;12;7;70222;1
91;49;7;11;3
91;49;7;12;1
91;106;7;96;4
91;104;5;555;2
91;77;6;1234;1
91;21;7;15555;2
91;13;6;96;2
91;102;7;12000;1
91;144;5;95;16
91;23;6;1010;1
91;23;6;4456;2
91;102;7;22190;3
91;23;6;4422;2
91;25;6;7040;1
91;25;6;5577;3
91;6;6;3550;1
91;102;7;13234;5
91;2;7;15123;1
91;55;7;19000;1
91;99;7;22190;1
91;99;5;131;157
91;7;7;55678;8
91;58;6;2201;2
91;1;6;2277;17
91;80;6;5511;9
91;11;7;44888;2
91;11;7;13133;1
91;79;5;131;190
91;97;7;13333;5
91;68;5;95;16
91;1;7;13555;12
91;81;7;13555;14
91;22;6;5588;1
91;19;7;44888;2
91;66;3;13;192
91;12;5;96;12
91;49;6;1111;74
91;49;7;95;16
91;9;7;44123;1
91;30;5;95;14
91;51;7;13133;1
91;34;7;11111;52
91;66;7;65013;2
91;30;7;22022;2
91;148;6;1333;6
91;67;7;55333;2
91;145;6;1333;4
91;31;7;15888;5
91;27;7;70222;1
91;13;6;1299;1
91;36;7;55678;12
91;102;7;12300;3
91;149;6;5005;6
91;149;7;44027;1
91;17;7;11111;32
91;4;6;4488;1
91;22;6;1010;1
91;22;6;4456;3
91;25;7;15577;1
91;81;6;5005;4
91;107;6;2210;3
91;85;7;13555;2
91;66;6;96;9
91;21;6;1533;1
91;16;6;4488;1
91;101;7;13456;1
91;18;6;95;11
91;3;5;555;1
91;18;6;2210;2
91;43;7;11111;55
91;97;7;22122;1
91;102;7;95;17
91;51;6;2255;3
91;6;6;2201;4
91;63;7;13132;9
91;63;7;70222;1
91;75;5;96;13
91;84;6;1234;3
91;79;7;55678;2
91;22;6;4477;5
91;13;7;55678;4
91;45;6;3000;1
91;45;7;12345;1
91;20;6;5511;11
91;104;6;4444;4
91;22;3;13;153
91;19;5;96;9
91;3;3;96;9
91;35;6;5005;2
91;97;6;2222;5
91;72;6;4490;2
91;139;7;45000;2
91;139;6;95;16
91;47;7;15362;2
91;40;7;22777;5
91;34;6;1234;3
91;55;3;96;8
91;79;7;44;1
91;79;7;12;2
91;79;7;13;5
91;79;7;22;4
91;79;7;45;2
91;79;7;55;1
91;51;7;44123;1
91;12;7;44888;2
91;84;5;95;18
91;80;6;1221;10
91;77;7;13132;3
91;8;7;11444;12
91;1;7;10123;3
91;13;6;4422;1
91;85;6;1010;2
91;85;6;4456;1
91;33;7;11111;46
91;43;6;2277;8
91;47;6;2222;10
91;5;5;95;14
91;11;6;1299;1
91;39;7;22777;10
91;49;6;5533;20
91;143;6;4400;1
91;145;7;22200;1
91;60;6;1512;1
91;12;3;95;4
91;36;7;50013;2
91;31;3;12;37
91;21;7;50011;1
91;81;7;11;3
91;81;7;12;3
91;81;7;13;11
91;81;7;15;1
91;81;7;44;1
91;81;7;55;1
91;81;6;12;7
91;81;6;13;2
91;81;6;55;2
91;81;6;70;1
91;149;5;700;21
91;3;6;1333;1
91;75;6;5533;26
91;140;6;4477;9
91;33;3;13;118
91;10;7;11444;15
91;1;7;95;8
91;1;6;1111;44
91;70;6;2277;5
91;51;6;5555;1
91;106;7;11111;53
91;11;7;33888;3
91;64;7;95;10
91;64;6;1111;56
91;64;6;4488;1
91;59;7;13132;61
91;10;6;1888;1
91;31;7;13555;13
91;9;6;6565;1
91;14;7;13333;10
91;90;5;131;90
91;5;6;1213;14
91;144;7;12555;2
91;149;7;44888;2
91;101;7;12457;1
91;148;3;12;5
91;139;6;1533;2
91;26;6;1111;61
91;41;6;95;13
91;21;7;13333;9
91;12;3;44;52
91;9;7;11111;30
91;47;7;50013;1
91;151;6;1234;1
91;24;7;13123;1
91;31;6;5099;4
91;81;7;12114;3
91;39;6;1111;80
91;39;7;95;16
91;148;7;11444;28
91;40;6;5001;1
91;64;3;44;41
91;57;6;96;5
91;15;7;13111;1
91;8;6;1322;18
91;57;7;13258;2
91;144;7;44456;1
91;101;5;555;1
91;66;7;11444;22
91;107;6;1322;24
91;42;6;4000;1
91;104;6;1221;4
91;103;7;23190;1
91;1;7;33888;3
91;56;7;13333;25
91;148;3;96;12
91;66;6;1331;1
91;101;6;1201;1
91;23;7;13333;12
91;13;7;13133;1
91;143;7;44888;2
91;16;6;7044;1
91;21;6;4410;2
91;58;6;2222;3
91;39;6;1122;1
91;93;3;44;26
91;56;6;44;1
91;56;7;12;5
91;56;7;13;5
91;56;7;22;1
91;56;7;50;1
91;56;7;55;1
91;77;3;96;12
91;140;7;13555;2
91;6;7;95;16
91;99;7;11123;5
91;25;3;96;4
91;149;6;4455;1
91;39;7;13555;22
91;20;7;95;8
91;49;7;13555;11
91;106;7;15678;2
91;140;7;23190;1
91;51;7;43333;1
91;51;7;55888;2
91;55;3;95;12
91;101;6;96;6
91;51;5;95;8
91;144;7;22022;1
91;18;7;44888;4
91;43;6;1313;1
91;42;6;1222;1
91;16;3;96;8
91;24;7;50013;2
91;45;6;4422;1
91;1;6;95;7
91;1;7;45000;1
91;140;7;95;4
91;41;6;5577;1
91;10;7;50500;5
91;56;7;22222;2
91;17;7;15678;1
91;67;7;12555;3
91;11;6;1533;1
91;75;6;2222;1
91;80;3;96;9
91;72;5;131;155
91;103;7;36192;1
91;75;7;96;6
91;81;6;1123;1
91;5;6;5005;3
91;39;5;96;16
91;36;7;12000;2
91;97;6;7040;3
91;5;6;2200;1
91;43;7;65;1
91;43;7;70;1
91;43;6;11;2
91;43;6;12;1
91;43;6;13;2
91;43;6;45;1
91;18;7;15123;1
91;15;7;12;1
91;15;7;13;10
91;15;7;22;1
91;15;7;44;1
91;15;7;55;1
91;15;7;70;1
91;73;7;44456;4
91;1;7;23190;1
91;26;7;12100;10
91;43;6;1234;1
91;50;6;96;2
91;9;6;1522;1
91;59;6;2222;15
91;80;6;2200;1
91;50;6;5000;1
91;37;6;2201;1
91;16;3;44;55
91;146;7;15678;2
91;56;6;2222;4
91;93;7;55888;4
91;80;7;12300;2
91;8;6;5005;4
91;92;7;65013;1
91;139;7;44456;1
91;49;5;131;133
91;34;7;55234;1
91;77;6;11;3
91;77;6;12;1
91;77;6;13;3
91;77;6;22;2
91;77;6;55;1
91;77;7;11;2
91;77;7;13;10
91;77;7;33;1
91;77;7;44;1
91;77;7;50;2
91;50;6;2222;12
91;94;6;2222;15
91;84;6;4410;1
91;47;6;2201;1
91;5;6;2222;12
91;12;6;4410;2
91;5;7;22190;2
91;5;5;131;148
91;66;6;2211;1
91;140;6;5013;1
91;104;6;1111;68
91;103;7;70400;9
91;22;7;13222;2
91;22;7;12300;2
91;25;6;1213;26
91;34;7;12100;14
91;139;7;10123;2
91;26;5;95;18
91;1;6;2200;1
91;102;3;96;9
91;74;3;96;10
91;103;6;5511;8
91;40;5;700;13
91;67;7;50500;1
91;66;7;22022;2
91;138;6;1313;6
91;36;3;13;140
91;68;6;5013;1
91;40;6;1321;1
91;15;7;33888;9
91;12;6;1322;16
91;66;6;1322;24
91;5;6;1234;11
91;3;6;5013;1
91;67;6;1322;41
91;148;6;5099;1
91;101;3;44;55
91;60;6;4477;2
91;145;7;11111;36
91;1;7;22022;5
91;90;7;11444;9
91;51;7;95;7
91;8;7;12555;2
91;59;6;1213;11
91;148;7;13132;14
91;14;7;13132;17
91;51;7;13222;2
91;36;6;12;2
91;36;6;13;5
91;36;6;44;2
91;36;6;55;1
91;36;6;90;1
91;36;7;12;3
91;45;6;5005;2
91;8;7;23190;1
91;64;7;45555;1
91;92;6;1111;73
91;138;7;13013;1
91;19;7;22444;1
91;145;6;96;3
91;4;7;50113;1
91;148;6;1234;4
91;79;3;12;10
91;59;6;2211;5
91;45;7;22123;1
91;67;7;13234;3
91;81;7;13132;9
91;18;3;44;50
91;36;6;96;5
91;102;6;2255;2
91;149;6;1322;21
91;39;6;4477;18
91;10;6;2288;1
91;144;6;1233;1
91;31;6;4477;1
91;64;7;12555;1
91;97;6;4488;2
91;97;6;5099;2
91;19;6;5001;3
91;74;5;96;11
91;2;7;22222;1
91;16;7;13333;15
91;72;6;1511;1
91;33;7;33888;2
91;45;7;12011;1
91;10;6;1214;2
91;58;6;1333;5
91;146;7;22190;1
91;146;5;131;102
91;60;3;12;16
91;74;6;1234;2
91;16;7;13234;4
91;47;7;70123;1
91;47;5;700;35
91;101;7;40140;1
91;43;7;45555;3
91;5;7;11123;2
91;72;6;1522;1
91;95;6;1522;1
91;72;6;1533;3
91;57;7;50013;1
91;64;6;1292;1
91;149;6;4477;2
91;18;6;2201;1
91;93;7;11;1
91;93;7;12;1
91;93;7;13;5
91;93;6;15;1
91;49;6;13;1
91;90;6;4477;5
91;17;7;13555;17
91;72;7;22022;3
91;57;6;4488;7
91;57;6;5099;2
91;144;7;96;5
91;30;7;22123;1
91;36;7;44123;1
91;3;6;5055;2
91;27;6;5001;3
91;39;6;4444;1
91;21;6;5511;11
91;74;6;5511;2
91;149;7;13133;1
91;38;3;96;5
91;66;6;2201;3
91;11;7;65013;6
91;79;7;33888;3
91;30;6;1221;8
91;103;6;2288;1
91;23;6;1234;4
91;52;6;5577;2
91;58;6;5577;1
91;67;5;96;18
91;57;3;13;142
91;64;7;36192;1
91;56;7;10123;1
91;99;7;15362;1
91;84;7;22190;2
91;84;5;131;182
91;10;7;33888;2
91;20;6;1213;11
91;138;7;36012;2
91;63;6;1112;1
91;72;7;22777;18
91;63;7;22190;3
91;63;5;131;204
91;22;5;555;5
91;107;6;5099;3
91;2;3;96;9
91;107;7;12114;1
91;105;6;1322;12
91;15;7;13456;1
91;107;6;5533;23
91;73;7;13234;5
91;95;7;95;8
91;39;7;33888;2
91;15;6;1299;2
91;3;7;12345;2
91;63;7;15362;2
91;99;7;55678;2
91;41;6;4488;2
91;63;6;7040;1
91;97;5;95;23
91;84;7;44888;5
91;4;6;2277;12
91;33;6;1522;1
91;19;7;30000;1
91;59;7;22222;11
91;15;6;2233;1
91;27;7;95;12
91;45;3;13;191
91;12;6;2222;12
91;12;7;70400;6
91;20;7;15123;1
91;104;6;5577;3
91;79;5;555;3
91;8;6;2201;1
91;7;7;13456;3
91;16;6;5001;1
91;139;6;5005;8
91;7;7;65013;1
91;103;7;22190;1
91;66;7;15555;1
91;106;7;13123;1
91;144;7;11111;44
91;43;6;2210;1
91;16;7;22200;1
91;81;7;96;4
91;52;6;1522;1
91;10;6;2200;1
91;73;7;13456;3
91;5;3;96;4
91;149;6;95;6
91;63;6;4488;3
91;8;6;5511;7
91;30;6;5005;6
91;139;7;50000;1
91;37;6;4488;4
91;34;3;44;29
91;138;7;13132;6
91;30;6;4477;4
91;107;5;555;2
91;15;6;4444;1
91;148;7;13456;3
91;148;5;96;19
91;107;6;2201;1
91;143;7;44543;1
91;64;6;1322;32
91;68;7;70321;1
91;11;6;2277;7
91;22;7;13258;1
91;105;6;1321;1
91;50;6;5005;4
91;94;6;5005;6
91;72;3;96;2
91;21;7;11111;34
91;58;7;11123;3
91;102;6;1234;16
91;144;7;11555;1
91;36;6;5511;4
91;35;7;13234;4
91;17;7;55011;1
91;75;5;700;35
91;146;6;1234;2
91;73;6;5544;2
91;101;7;50500;5
91;49;6;1333;1
91;102;7;45000;1
91;57;6;5055;1
91;1;3;16;1
91;73;6;2222;16
91;73;7;70400;2
91;74;6;1111;37
91;93;5;95;14
91;73;7;19123;1
91;10;7;22190;1
91;58;6;4444;2
91;25;3;12;25
91;34;7;13555;3
91;84;6;1313;4
91;23;6;5050;1
91;23;6;5533;19
91;60;6;2211;9
91;85;7;12111;1
91;10;6;4433;1
91;26;6;5001;8
91;50;7;13333;15
91;94;7;13333;9
91;20;6;2255;1
91;17;6;2222;9
91;64;7;44888;1
91;99;5;95;11
91;36;3;12;15
91;1;7;44456;3
91;21;6;1567;1
91;140;3;13;138
91;66;7;15362;3
91;73;5;95;8
91;37;3;16;1
91;36;5;700;49
91;97;5;131;167
91;73;6;2211;4
91;17;5;700;38
91;19;7;11444;20
91;105;3;13;167
91;74;6;4477;7
91;22;3;96;9
91;51;6;4477;7
91;52;6;1299;1
91;58;6;1299;1
91;63;7;12100;16
91;7;6;1213;11
91;52;6;4447;1
91;75;7;22777;10
91;40;7;50500;2
91;52;6;5055;1
91;58;6;5055;1
91;151;7;95;8
91;1;6;4410;2
91;24;6;4444;1
91;77;6;2211;6
91;30;3;96;4
91;12;7;23333;1
91;22;6;1285;1
91;47;7;22777;9
91;107;6;11;2
91;107;6;13;4
91;107;6;15;1
91;107;6;21;1
91;143;6;1221;9
91;55;6;1533;2
91;73;7;44333;1
91;1;7;44888;2
91;22;7;13456;1
91;19;7;15362;1
91;49;6;4477;2
91;75;7;22190;4
91;75;5;131;148
91;84;7;96;6
91;35;7;96;4
91;39;7;13132;7
91;39;7;70222;1
91;67;7;55666;1
91;11;7;22022;3
91;67;6;5511;3
91;4;7;40777;1
91;5;6;2210;1
91;19;7;23190;1
91;41;6;5588;1
91;41;6;4490;1
91;19;7;12114;1
91;6;7;22200;1
91;36;6;4488;6
91;43;7;12100;2
91;140;7;11111;22
91;66;6;1313;5
91;139;6;5511;18
91;33;6;2201;1
91;149;7;13555;11
91;7;6;2211;1
91;68;3;96;10
91;40;7;12111;1
91;139;7;55666;1
91;31;6;1322;24
91;55;7;13222;2
91;18;6;4477;4
91;52;7;11123;1
91;59;6;5099;1
91;67;7;13222;2
91;37;7;13258;1
91;14;6;2210;3
91;140;5;555;1
91;66;7;96;8
91;25;5;95;14
91;33;5;131;121
91;8;6;4477;12
91;12;3;12;13
91;2;7;50444;1
91;51;7;12100;26
91;1;7;22190;2
91;1;5;131;156
91;101;7;22444;1
91;149;6;5001;3
91;84;7;13333;7
91;27;6;1313;1
91;38;6;1311;1
91;140;6;5555;2
91;16;7;22022;5
91;148;7;15678;1
91;97;3;95;15
91;22;6;1201;2
91;43;6;5005;1
91;43;7;44027;1
91;10;6;1313;7
91;21;7;13456;4
91;20;5;700;27
91;103;7;12;2
91;103;7;13;4
91;103;7;70;1
91;103;6;12;1
91;103;6;13;1
91;103;6;70;2
91;66;6;11;1
91;66;6;13;4
91;66;6;23;1
91;66;6;70;1
91;66;7;11;2
91;77;5;96;16
91;145;7;55888;2
91;24;7;22222;3
91;24;7;44190;2
91;26;7;13333;8
91;84;6;2200;1
91;101;6;4444;1
91;47;6;5013;1
91;77;6;1333;1
91;16;7;22222;2
91;9;5;555;6
91;74;3;95;5
91;73;3;12;13
91;22;6;1533;2
91;50;6;2288;2
91;94;6;2288;2
91;31;3;13;189
91;144;6;1013;1
91;36;7;11113;1
91;36;7;22022;2
91;10;7;33123;2
91;39;6;1322;19
91;51;7;50013;2
91;97;7;44123;1
91;21;7;44123;4
91;67;7;12100;44
91;34;6;1292;1
91;56;6;2233;1
91;15;7;12100;21
91;39;6;2201;1
91;34;6;5533;29
91;151;6;5577;1
91;1;7;22010;1
91;105;3;95;3
91;35;6;1213;5
91;81;7;13456;1
91;41;6;96;6
91;101;6;5511;7
91;80;7;22111;1
91;60;5;700;16
91;5;3;95;10
91;5;6;1500;2
91;140;7;10123;1
91;72;6;1299;1
91;80;7;55678;13
91;10;6;1322;12
91;143;7;11123;1
91;38;6;1331;1
91;90;7;13333;1
91;70;7;15678;2
91;17;6;2277;11
91;43;6;1122;1
91;3;7;15678;1
91;52;3;21;1
91;74;3;13;94
91;102;7;15151;1
91;55;7;96;1
91;90;6;1222;1
91;90;6;1234;2
91;77;6;2277;68
91;50;6;1292;1
91;94;6;1292;1
91;59;6;1522;2
91;55;6;2244;1
91;10;3;96;7
91;107;7;11444;18
91;80;7;13133;1
91;60;7;15333;1
91;9;7;12100;21
91;52;7;22222;2
91;106;6;4490;2
91;42;3;13;127
91;51;6;1322;16
91;50;6;4456;2
91;94;6;4456;1
91;24;6;2201;1
91;23;6;4488;3
91;17;7;55234;1
91;24;7;12300;4
91;6;6;1111;72
91;41;7;44;1
91;41;7;11;3
91;41;7;12;3
91;41;7;13;7
91;56;6;1232;1
91;149;7;22777;9
91;37;7;44888;2
91;146;7;22222;2
91;6;6;2277;6
91;9;7;30000;1
91;37;7;44777;2
91;151;6;4477;44
91;3;6;4406;1
91;6;7;50013;1
91;45;6;1522;2
91;30;7;55333;1
91;42;7;12100;1
91;101;6;1331;1
91;1;6;5055;2
91;67;3;96;4
91;52;7;15151;1
91;5;7;70400;5
91;31;6;5555;3
91;73;7;15555;2
91;51;7;44888;4
91;42;6;4477;1
91;105;6;5577;1
91;67;3;95;8
91;34;6;1221;1
91;80;6;1234;7
91;81;6;1533;5
91;14;6;1213;3
91;45;7;44888;2
91;68;7;55678;7
91;107;6;4488;3
91;4;3;96;5
91;57;7;22022;4
91;9;7;11;3
91;9;7;12;2
91;9;7;13;9
91;80;7;44456;3
91;34;7;13132;7
91;94;7;44456;1
91;146;3;44;25
91;67;6;5005;3
91;19;7;44044;1
91;19;7;10123;2
91;35;6;1221;1
91;67;6;1010;2
91;22;7;13333;12
91;139;7;12114;1
91;35;7;55678;1
91;104;7;22190;3
91;25;5;131;168
91;144;6;1213;9
91;149;7;70400;1
91;79;6;2222;1
91;25;7;50500;3
91;107;6;1010;2
91;107;6;4456;1
91;25;7;22222;4
91;9;7;22022;5
91;138;6;13;2
91;138;6;15;1
91;138;6;22;1
91;12;7;22022;4
91;37;7;95;6
91;20;3;44;41
91;11;6;6565;1
91;101;7;22222;1
91;101;7;44190;1
91;143;7;70321;2
91;7;6;5511;10
91;55;6;1313;2
91;49;3;13;130
91;26;6;1313;1
91;5;6;4490;1
91;5;6;5588;1
91;23;7;33123;1
91;146;7;13333;1
91;13;5;96;11
91;43;6;2255;1
91;59;5;700;26
91;149;7;33888;16
91;74;7;12100;26
91;74;6;2277;24
91;107;6;95;16
91;24;6;1111;44
91;6;7;15555;2
91;49;6;4488;2
91;23;6;1221;6
91;39;6;1333;4
91;30;6;5577;1
91;52;5;555;2
91;84;7;33300;1
91;99;7;22222;2
91;99;7;44190;1
91;80;7;11444;17
91;104;7;11;4
91;104;7;13;10
91;104;7;23;1
91;104;7;55;2
91;93;6;96;10
91;3;7;33888;2
91;57;7;15362;3
91;102;7;12100;22
91;19;7;11;1
91;19;7;13;10
91;19;7;22;1
91;19;7;44;1
91;106;7;45333;1
91;36;6;1522;1
91;26;7;12345;1
91;57;3;16;1
91;18;7;50500;3
91;2;6;1212;1
91;51;7;13555;16
91;49;7;13;4
91;49;7;70;2
91;13;7;44122;1
91;145;6;5013;1
91;41;7;22556;1
91;143;7;23333;1
91;145;5;555;1
91;52;6;1221;2
91;66;7;13132;8
91;66;7;70222;2
91;80;6;4490;2
91;85;6;1522;2
91;144;3;12;9
91;81;6;2123;1
91;18;3;96;5
91;6;3;13;184
91;85;6;1221;1
91;85;7;96;2
91;139;5;96;21
91;72;6;4455;1
91;151;7;13133;1
91;73;6;5511;5
91;67;6;2233;1
91;30;6;5088;1
91;30;6;2211;4
91;64;6;1533;8
91;143;7;15333;1
91;143;6;4422;2
91;33;7;13132;35
91;33;7;70222;1
91;22;7;44123;2
91;40;6;1311;2
91;64;7;44567;1
91;81;7;12100;11
91;59;6;5533;13
91;149;7;22190;4
91;149;5;131;201
91;107;7;22777;12
91;14;6;4411;1
91;14;6;1234;2
91;43;7;22555;1
91;102;6;1444;1
91;102;7;33888;5
91;106;7;13234;5
91;101;6;1333;2
91;50;7;50444;1
91;57;5;700;48
91;4;6;1111;50
91;4;7;95;14
91;8;5;555;2
91;63;6;1322;26
91;37;7;13131;1
91;37;7;55888;1
91;17;7;22022;3
91;36;7;33123;1
91;36;6;1221;9
91;146;7;11;2
91;146;7;12;1
91;146;7;70;1
91;21;7;70222;1
91;21;7;13132;13
91;81;7;11444;13
91;97;7;55678;5
91;24;7;13013;1
91;33;7;55888;4
91;80;7;33888;3
91;40;6;1322;6
91;2;6;4477;10
91;93;7;15151;1
91;26;6;96;6
91;97;6;2277;10
91;56;3;44;28
91;101;6;5577;2
91;66;7;22556;2
91;36;6;1313;4
91;16;6;5099;1
91;74;7;33888;1
91;10;7;55888;1
91;81;6;4488;3
91;149;7;22222;1
91;149;7;44190;1
91;84;7;13155;1
91;80;7;13013;3
91;40;6;1222;1
91;40;6;1234;1
91;33;7;13456;1
91;145;7;50777;1
91;25;7;22556;1
91;58;6;7040;1
91;12;3;13;133
91;26;7;55333;1
91;81;7;11123;1
91;95;5;96;25
91;39;7;13123;3
91;138;6;5577;3
91;138;7;12222;1
91;49;7;13133;1
91;5;7;12345;1
91;104;7;15362;7
91;73;7;15362;1
91;1;6;5500;1
91;73;6;5001;1
91;80;6;2210;2
91;105;6;5055;6
91;18;7;55234;1
91;49;6;95;14
91;6;6;5005;3
91;10;3;13;146
91;81;6;1333;1
91;51;7;23123;1
91;103;6;4488;2
91;103;6;5099;1
91;10;6;2233;1
91;39;7;15362;5
91;64;6;1214;1
91;144;7;22777;13
91;15;7;22111;1
91;13;7;15362;3
91;24;7;33888;6
91;93;7;13132;26
91;9;7;13133;1
91;20;7;70100;1
91;106;7;23190;1
91;9;3;44;38
91;63;3;95;10
91;35;7;44123;2
91;73;7;65013;2
91;55;7;22222;1
91;66;6;5005;4
91;66;7;70070;1
91;138;3;95;9
91;151;6;2211;1
91;101;6;4441;1
91;143;6;4490;1
91;20;7;44888;3
91;39;7;70007;1
91;101;5;131;181
91;4;7;50500;3
91;23;6;1292;1
91;23;7;50500;6
91;2;7;70400;1
91;70;6;5099;7
91;6;6;1533;8
91;36;7;55860;1
91;24;6;5001;2
91;47;6;5001;2
91;23;3;12;18
91;63;7;11100;1
91;35;7;11333;1
91;9;6;5001;1
91;84;7;12100;6
91;94;7;65013;1
91;20;6;95;12
91;9;5;96;13
91;138;7;12100;12
91;73;6;2233;1
91;151;7;22777;4
91;143;7;55666;1
91;67;6;1234;2
91;14;7;15362;3
91;24;6;4447;2
91;23;6;4000;1
91;102;7;13132;10
91;41;7;44888;1
91;39;6;4456;1
91;77;7;13234;1
91;39;6;1010;3
91;72;7;45000;3
91;93;6;1010;1
91;93;6;4456;2
91;4;5;131;149
91;94;3;96;12
91;15;7;15678;1
91;97;6;95;20
91;9;6;1234;6
91;9;6;4411;2
91;68;7;12555;1
91;3;6;1322;23
91;25;7;12345;1
91;25;7;65013;4
91;97;7;12100;14
91;79;7;15151;1
91;1;7;65013;1
91;140;6;5533;26
91;7;3;96;3
91;59;3;96;24
91;15;6;96;12
91;51;7;22200;2
91;31;7;15678;7
91;5;7;11444;13
91;12;6;96;3
91;101;6;1292;1
91;34;5;95;6
91;50;7;12555;1
91;94;7;12555;1
91;17;6;11;2
91;17;6;12;2
91;17;6;13;1
91;17;7;11;2
91;104;7;10123;2
91;15;6;95;12
91;34;3;96;12
91;67;6;4447;1
91;60;6;5511;4
91;139;6;2211;3
91;56;6;95;16
91;36;7;13333;12
91;102;7;13333;13
91;3;5;95;8
91;9;6;1511;1
91;3;3;44;42
91;8;6;1533;5
91;75;7;55333;5
91;138;6;4422;1
91;80;6;1331;1
91;37;7;10111;1
91;49;6;2288;1
91;138;6;1234;3
91;12;7;65013;7
91;72;6;1313;3
91;33;6;2222;4
91;21;3;44;56
91;90;7;55333;1
91;103;7;13013;1
91;149;3;96;6
91;7;6;2277;8
91;19;6;4477;11
91;41;6;4477;3
91;77;5;95;15
91;75;6;95;9
91;43;6;1213;10
91;107;6;1533;4
91;5;7;12300;1
91;58;6;95;8
91;58;7;45000;1
91;58;6;5050;1
91;1;7;13234;9
91;8;7;13333;11
91;39;6;11;1
91;39;6;13;5
91;39;6;22;1
91;39;6;51;1
91;39;7;11;1
91;39;7;13;7
91;39;7;15;1
91;39;7;55;1
91;103;5;95;10
91;21;7;96;3
91;11;6;1234;4
91;90;3;13;93
91;33;6;4456;1
91;37;6;2288;1
91;149;7;33222;1
91;106;6;1221;8
91;63;7;70400;1
91;39;7;12100;26
91;3;7;22200;1
91;50;6;5555;1
91;138;6;2200;1
91;21;7;11222;1
91;57;7;11111;48
91;107;7;13258;1
91;14;3;95;13
91;5;7;15123;1
91;42;6;2277;8
91;77;7;95;8
91;143;6;5005;3
91;1;7;96;10
91;74;7;15678;4
91;17;7;15362;3
91;8;3;96;6
91;25;7;15151;1
91;94;6;1214;2
91;67;7;45645;1
91;107;7;15362;5
91;24;7;11;1
91;24;7;13;6
91;24;6;13;4
91;84;6;11;2
91;84;6;12;2
91;84;6;13;5
91;84;6;23;1
91;84;6;55;2
91;84;7;11;1
91;84;7;13;14
91;84;7;40;1
91;84;7;55;1
91;16;6;1333;1
91;102;6;5533;21
91;2;5;95;11
91;7;6;1299;1
91;93;7;45555;4
91;13;6;1292;2
91;105;6;1234;46
91;30;7;13133;1
91;49;6;5055;1
91;45;7;22190;2
91;45;5;131;206
91;51;6;2222;8
91;104;6;1331;1
91;45;7;44123;1
91;39;6;5100;1
91;43;6;2211;4
91;85;7;22022;1
91;35;7;95;11
91;57;7;11444;15
91;23;5;96;16
91;93;6;1213;18
91;25;6;1111;58
91;97;3;44;30
91;73;6;4488;6
91;21;6;1221;3
91;52;7;70222;1
91;58;7;13132;13
91;50;7;55678;7
91;85;6;1323;1
91;35;7;44888;4
91;22;7;13132;12
91;22;7;70222;1
91;74;6;1213;7
91;27;7;33888;8
91;57;7;33888;3
91;21;7;12100;17
91;27;6;1311;1
91;84;6;1333;4
91;92;7;11;1
91;92;7;13;6
91;92;7;22;2
91;92;6;12;1
91;92;6;13;2
91;17;7;13133;1
91;51;6;5013;2
91;34;6;4488;4
91;34;6;5099;1
91;49;3;44;20
91;80;7;12;2
91;80;7;13;5
91;80;7;22;2
91;80;7;33;1
91;80;7;44;1
91;80;6;12;2
91;80;6;13;2
91;80;6;33;2
91;80;6;44;1
91;80;6;65;1
91;151;6;5533;16
91;23;6;1533;2
91;50;5;95;10
91;72;7;44447;1
91;151;6;11;2
91;151;6;12;4
91;151;6;13;2
91;151;6;33;1
91;151;6;44;2
91;151;7;11;6
91;151;7;12;2
91;151;7;13;17
91;151;7;44;3
91;151;7;45;2
91;151;7;70;1
91;138;7;22111;2
91;143;7;65700;1
91;17;7;15120;1
91;75;6;96;1
91;144;7;15013;1
91;149;6;5577;1
91;50;6;4477;6
91;94;6;4477;13
91;9;6;1533;1
91;85;6;1213;14
91;7;7;22200;1
91;39;6;96;5
91;55;7;22777;5
91;145;6;5005;2
91;36;7;33888;3
91;92;6;7040;1
91;49;7;15362;1
91;43;3;12;8
91;45;6;4488;3
91;35;6;4422;2
91;139;7;70070;1
91;74;6;1221;2
91;52;7;13132;5
91;16;7;13555;8
91;107;6;1221;4
91;21;7;65013;1
91;15;3;96;7
91;36;7;22222;3
91;51;6;1213;21
91;139;6;2222;9
91;26;6;2233;1
91;105;7;11333;1
91;85;7;50500;1
91;144;7;13234;6
91;14;7;13258;1
91;72;7;15678;1
91;95;7;15678;1
91;52;6;5005;5
91;58;6;5005;2
91;80;3;95;2
91;47;6;1322;19
91;75;7;44027;1
91;75;6;5005;5
91;22;6;96;7
91;36;7;15362;4
91;37;7;22777;8
91;106;6;5005;6
91;11;6;2211;2
91;146;6;5533;12
91;47;6;1111;54
91;47;7;95;2
91;37;6;4444;1
91;47;6;1221;4
91;30;6;4447;1
91;10;7;96;1
91;139;3;96;13
91;140;6;1010;1
91;55;7;13555;6
91;2;3;12;26
91;17;6;4477;9
91;68;7;12011;1
91;14;7;12300;3
91;81;7;13133;1
91;47;7;45000;1
91;51;6;1234;5
91;18;6;4013;1
91;35;6;1333;52
91;81;6;2299;1
91;19;7;12100;18
91;73;7;13222;2
91;15;5;95;14
91;33;7;50500;2
91;103;7;12100;41
91;149;7;44456;1
91;139;7;13555;23
91;95;3;95;6
91;143;6;5588;1
91;57;7;15678;1
91;6;7;13100;1
91;149;3;95;5
91;67;7;12500;1
91;52;6;4490;1
91;35;6;2288;1
91;145;6;1513;1
91;25;7;13333;9
91;74;7;13234;6
91;5;6;96;3
91;40;7;65013;2
91;40;7;12345;1
91;18;6;2200;1
91;101;7;55;2
91;101;6;12;2
91;101;6;70;1
91;64;7;44190;2
91;64;7;22222;2
91;90;6;1322;4
91;3;6;5533;14
91;93;5;700;20
91;148;7;13123;1
91;25;7;13555;18
91;2;7;50500;3
91;7;6;1292;3
91;20;6;2211;3
91;24;6;1010;2
91;33;7;11444;9
91;39;6;5005;3
91;36;7;15222;1
91;38;7;44444;1
91;90;7;50500;2
91;14;3;12;6
91;25;6;1333;6
91;140;7;22222;3
91;103;7;70090;3
91;35;7;70;1
91;18;7;22190;2
91;18;5;131;142
91;9;7;13123;1
91;84;7;45555;1
91;35;7;44444;1
91;10;7;13333;7
91;94;6;11;1
91;94;6;12;1
91;94;6;13;5
91;94;6;22;1
91;94;6;33;1
91;94;6;35;1
91;94;6;55;1
91;50;6;12;2
91;50;6;13;2
91;50;6;50;1
91;50;6;55;1
91;50;7;11;2
91;50;7;12;2
91;50;7;13;10
91;16;7;12114;1
91;43;5;96;16
91;146;6;4400;1
91;143;7;11;1
91;143;7;12;1
91;143;7;13;14
91;143;7;44;1
91;143;7;55;1
91;143;7;70;1
91;143;6;11;4
91;143;6;12;2
91;143;6;13;5
91;143;6;55;1
91;70;6;11;1
91;70;6;12;1
91;70;6;13;1
91;70;7;11;2
91;70;7;12;1
91;70;7;13;3
91;70;7;15;1
91;70;7;18;1
91;70;7;22;1
91;70;7;44;1
91;70;6;15;1
91;70;6;22;2
91;22;6;1234;6
91;3;6;4488;3
91;40;7;11111;53
91;103;6;1233;1
91;84;6;1214;2
91;80;7;22321;1
91;92;6;5511;1
91;107;6;5001;1
91;25;3;13;140
91;4;7;70070;1
91;10;7;70400;3
91;5;6;4447;2
91;74;6;5533;7
91;143;7;13555;19
91;59;7;22777;10
91;26;3;95;10
91;9;6;1500;1
91;9;3;95;1
91;77;6;5533;10
91;90;7;33888;3
91;6;6;5511;3
91;10;7;22777;8
91;140;7;13456;4
91;26;6;11;2
91;26;6;12;4
91;26;6;13;8
91;26;7;11;8
91;26;7;12;3
91;26;7;13;14
91;26;7;22;1
91;26;7;45;1
91;26;7;55;2
91;22;5;700;37
91;31;7;50777;1
91;1;6;5511;8
91;1;5;160;1
91;45;7;50013;2
91;70;6;1213;22
91;97;6;2211;7
91;36;6;1292;3
91;20;6;1234;3
91;20;6;1567;1
91;20;6;5055;1
91;64;6;1221;4
91;99;6;1533;2
91;67;6;5557;1
91;67;7;22777;3
91;103;7;22777;1
91;72;7;22111;1
91;94;6;1232;1
91;146;6;5005;5
91;37;6;2211;1
91;3;7;96;8
91;52;5;96;16
91;104;6;2210;1
91;36;7;13;8
91;36;7;55;1
91;36;7;70;2
91;14;7;44888;13
91;104;7;12114;1
91;84;5;96;12
91;149;7;50013;4
91;70;5;95;4
91;93;7;65013;3
91;24;7;13132;5
91;51;6;2210;3
91;99;7;13333;7
91;24;7;13333;15
91;73;6;5588;1
91;9;7;13234;8
91;60;7;13555;16
91;6;5;95;15
91;104;7;11444;29
91;56;6;2211;3
91;8;6;5111;1
91;79;6;4422;1
91;21;6;2222;16
91;148;3;13;147
91;143;6;5511;5
91;17;7;12;1
91;17;7;13;8
91;17;7;44;1
91;17;7;45;1
91;17;7;70;1
91;107;7;10123;1
91;37;7;22222;2
91;104;6;1234;7
91;56;7;45333;1
91;77;6;7040;3
91;12;6;4477;8
91;68;6;96;10
91;77;7;55888;8
91;30;7;12555;1
91;45;6;2200;2
91;20;7;13555;15
91;24;5;96;15
91;11;5;555;4
91;57;6;1213;22
91;41;3;12;8
91;60;6;2255;1
91;24;6;5055;2
91;17;7;12100;18
91;64;7;12300;4
91;104;5;95;15
91;30;6;1234;4
91;25;7;13456;3
91;49;5;95;17
91;30;6;7090;2
91;4;6;95;15
91;21;3;96;8
91;17;6;5511;11
91;18;7;11111;35
91;15;3;12;11
91;47;7;22022;3
91;23;6;2222;7
91;21;6;5005;2
91;140;6;11;2
91;140;6;12;1
91;140;6;13;2
91;140;6;14;1
91;140;6;33;1
91;42;7;15362;1
91;49;7;45555;3
91;105;7;12100;12
91;145;6;1213;20
91;64;6;1522;1
91;38;7;10123;1
91;68;6;5533;16
91;138;6;2288;2
91;146;6;2222;2
91;68;6;1313;1
91;39;7;44888;4
91;102;6;1313;1
91;30;6;5555;1
91;24;7;13234;9
91;41;7;11444;7
91;16;7;33888;2
91;22;6;2201;1
91;12;7;12011;1
91;85;7;44456;1
91;7;5;95;12
91;1;6;2210;4
91;51;5;96;11
91;64;6;1010;2
91;64;6;4456;2
91;12;7;11333;1
91;144;6;13;4
91;144;6;21;1
91;144;6;44;1
91;144;6;55;1
91;144;7;11;3
91;144;7;12;1
91;144;7;13;15
91;144;7;23;1
91;144;7;33;1
91;144;7;44;1
91;144;7;55;1
91;139;7;70007;1
91;40;6;1333;2
91;21;6;4488;3
91;21;6;5099;1
91;18;6;2288;2
91;138;6;1214;1
91;4;7;36012;1
91;35;7;22777;3
91;66;7;13222;1
91;66;7;44999;1
91;104;5;96;9
91;143;7;96;7
91;145;7;19123;1
91;43;6;2222;3
91;50;7;23192;1
91;94;7;23192;1
91;39;6;4433;1
91;101;7;95;17
91;12;6;4456;1
91;93;7;13133;1
91;16;6;4422;1
91;41;7;15362;2
91;31;6;3000;1
91;10;6;1500;1
91;139;7;11111;49
91;144;7;55333;1
91;75;6;5544;1
91;63;7;13133;3
91;73;6;1213;12
91;64;7;22777;5
91;84;6;1533;1
91;144;6;95;14
91;10;3;44;41
91;47;6;4477;11
91;146;6;4488;3
91;149;7;15678;5
91;84;7;22556;2
91;55;6;1333;2
91;106;5;700;29
91;57;7;12500;2
91;148;6;1010;4
91;106;7;22777;10
91;4;7;22111;1
91;38;6;4000;1
91;77;6;1010;1
91;23;6;5055;1
91;104;7;12500;1
91;22;7;96;6
91;145;7;11444;11
91;104;6;4488;3
91;104;6;5099;3
91;67;6;5577;9
91;30;7;12111;1
91;52;3;13;150
91;58;3;13;122
91;34;6;2211;1
91;146;6;2201;1
91;21;5;95;7
91;84;6;4477;6
91;47;6;1333;1
91;4;7;15362;4
91;3;7;22555;1
91;31;6;2277;12
91;67;6;4477;3
91;146;3;12;7
91;15;6;1122;1
91;5;6;2233;1
91;31;7;12555;2
91;18;7;22022;1
91;15;7;11111;47
91;9;6;1214;1
91;30;5;96;13
91;11;7;70400;6
91;36;7;10124;1
91;50;6;1313;4
91;94;6;1313;1
91;35;6;1313;1
91;15;6;1322;25
91;37;5;96;17
91;105;6;1111;25
91;33;6;96;4
91;102;6;1333;1
91;140;7;13234;4
91;138;6;5001;3
91;80;6;1299;1
91;57;6;1010;1
91;57;6;4456;2
91;68;7;13456;2
91;70;3;12;13
91;6;6;4488;1
91;6;6;5099;1
91;63;7;33888;5
91;49;7;55888;3
91;45;5;95;7
91;40;7;22222;5
91;17;6;2200;1
91;41;6;1123;1
91;49;6;2222;4
91;140;7;55678;2
91;12;6;1292;1
91;66;6;1292;2
91;51;6;1111;50
91;79;7;13234;4
91;99;3;44;26
91;57;3;95;11
91;66;3;95;10
91;148;7;70070;1
91;37;7;33888;1
91;21;5;700;40
91;95;7;55888;4
91;12;7;33888;4
91;58;7;44456;4
91;52;6;1533;2
91;58;6;1533;2
91;15;7;96;7
91;151;7;50013;1
91;77;5;555;1
91;21;7;22777;9
91;146;6;4455;1
91;68;6;1533;1
91;1;6;1322;13
91;144;7;12100;12
91;15;7;13132;9
91;30;7;12300;2
91;99;6;2277;9
91;151;6;96;10
91;13;7;13555;17
91;12;5;95;9
91;17;6;1122;1
91;49;5;700;13
91;2;6;1222;1
91;2;6;1234;13
91;22;7;43640;1
91;9;7;22555;1
91;43;6;96;10
91;51;7;15123;2
91;58;6;4433;7
91;138;7;13123;2
91;149;6;4410;1
91;15;6;1533;1
91;24;7;70400;1
91;5;6;5533;17
91;26;6;1522;1
91;104;7;33888;2
91;143;3;95;16
91;37;7;50011;1
91;63;7;13234;9
91;39;7;11123;1
91;19;6;2233;1
91;16;7;50333;1
91;67;6;1221;1
91;5;7;70100;1
91;104;7;44333;1
91;23;6;1213;25
91;93;7;22777;8
91;14;5;131;145
91;6;6;4444;1
91;81;6;2277;5
91;95;7;12345;1
91;27;6;1299;1
91;63;7;55678;4
91;10;7;22556;1
91;11;5;95;6
91;143;6;1331;3
91;50;7;22111;4
91;94;7;22111;3
91;73;7;23123;1
91;138;7;55333;1
91;9;6;1322;12
91;2;6;2222;9
91;105;7;15678;1
91;81;7;22555;1
91;8;6;1323;1
91;45;7;70400;1
91;49;6;7022;1
91;5;6;2288;1
91;148;6;1221;3
91;90;7;12100;7
91;59;6;1010;2
91;138;7;22022;7
91;9;6;2200;1
91;74;3;12;6
91;17;7;22777;14
91;63;6;5533;7
91;146;3;95;3
91;33;6;95;12
91;72;5;96;9
91;21;6;2277;10
91;56;7;15362;3
91;39;6;1214;1
91;104;7;23190;1
91;24;6;1322;25
91;42;6;2222;4
91;2;6;96;6
91;2;6;1588;1
91;50;6;2210;2
91;12;7;13131;1
91;101;6;95;16
91;73;7;70321;1
91;34;7;13456;28
91;85;7;22777;19
91;12;7;12111;2
91;72;6;2210;2
91;6;6;1221;8
91;84;3;13;182
91;56;6;5511;2
91;30;7;40140;1
91;66;6;1213;16
91;52;7;15362;3
91;107;7;95;14
91;3;6;5577;3
91;2;7;65013;1
91;75;3;96;13
91;36;7;12011;1
91;140;5;96;16
91;64;7;70400;4
91;67;6;1111;46
91;67;7;95;10
91;140;6;2277;21
91;67;5;131;147
91;74;7;96;7
91;66;6;2277;21
91;72;7;12000;1
91;50;7;22777;10
91;94;7;22777;14
91;22;7;55333;1
91;16;6;1010;2
91;16;6;4456;1
91;35;6;1522;2
91;145;7;13123;2
91;107;3;96;12
91;84;6;5533;29
91;84;6;1221;9
91;11;7;22777;8
91;149;7;11111;69
91;49;6;5577;1
91;55;7;11444;31
91;41;7;22777;11
91;138;7;13333;7
91;92;7;95;19
91;75;6;5555;3
91;80;6;1100;1
91;42;7;11123;1
91;26;3;21;1
91;16;7;55333;1
91;63;6;1292;1
91;4;7;11123;2
91;95;6;1221;3
91;70;7;50013;2
91;7;5;555;3
91;93;6;1321;1
91;5;7;13234;4
91;3;7;13234;12
91;73;7;13333;11
91;13;7;12345;1
91;13;7;65013;3
91;23;7;11111;50
91;94;7;12011;1
91;63;6;22;1
91;146;7;44888;4
91;77;7;55678;1
91;18;6;1533;2
91;79;6;5099;2
91;102;7;44123;2
91;9;6;4012;1
91;59;7;95;17
91;59;6;1111;139
91;19;6;1331;2
91;52;6;5511;6
91;8;7;22777;8
91;80;3;12;13
91;3;7;22111;2
91;72;5;700;55
91;23;7;11113;1
91;145;7;50500;5
91;72;6;5511;8
91;3;5;131;139
91;23;7;22022;1
91;15;7;55678;3
91;97;7;22022;1
91;138;6;1500;1
91;40;7;15362;3
91;85;6;1233;1
91;101;7;13333;6
91;55;7;40777;4
91;55;7;70777;1
91;138;7;36192;1
91;94;7;15678;1
91;7;5;700;46
91;51;6;5001;1
91;30;6;5511;6
91;80;6;4422;2
91;22;6;5533;21
91;56;7;12333;1
91;50;7;13555;11
91;94;7;13555;21
91;73;5;700;48
91;3;6;1277;1
91;47;6;1010;1
91;26;7;70222;1
91;9;6;4456;1
91;22;6;5055;1
91;93;3;95;8
91;31;7;33888;9
91;102;6;96;6
91;27;5;131;167
91;10;7;12144;1
91;19;6;1133;1
91;146;5;95;7
91;2;6;5588;1
91;79;7;96;6
91;75;7;13132;6
91;56;6;5533;3
91;15;7;12000;1
91;45;6;1123;1
91;52;7;11444;21
91;104;7;22777;22
91;2;7;44456;2
91;19;6;4410;1
91;93;6;2277;7
91;5;6;1333;6
91;45;7;11123;2
91;106;7;50013;1
91;21;6;1213;16
91;34;7;22777;2
91;49;7;96;2
91;138;6;1533;2
91;36;7;13456;3
91;80;7;12100;20
91;16;7;12345;1
91;16;7;65013;3
91;33;7;22222;3
91;51;6;4422;1
91;12;6;5005;3
91;38;7;22022;1
91;6;7;13456;1
91;23;6;1333;2
91;7;3;95;10
91;43;6;4422;1
91;36;6;1234;3
91;56;6;1322;32
91;23;7;22777;12
91;102;7;11444;15
91;30;7;13234;7
91;105;7;44888;1
91;85;6;95;5
91;21;7;10000;1
91;25;6;12;2
91;25;6;13;2
91;25;6;33;1
91;25;7;12;1
91;25;7;13;4
91;107;6;2211;4
91;7;6;5533;15
91;68;6;5577;3
91;56;7;11123;1
91;55;6;1213;20
91;11;6;1313;4
91;39;7;13258;1
91;57;7;44888;4
91;139;7;22222;8
91;138;6;5055;2
91;36;6;4447;1
91;90;7;22777;6
91;146;7;50500;1
91;63;6;96;8
91;7;7;22322;1
91;36;6;1322;12
91;20;6;11;1
91;20;6;12;2
91;23;7;12100;20
91;38;3;44;25
91;58;7;44888;2
91;51;6;5055;1
91;18;5;95;8
91;79;6;96;4
91;102;7;22111;1
91;66;7;12100;23
91;37;7;44456;6
91;60;3;13;180
91;18;7;12555;1
91;15;6;4490;1
91;42;6;5577;2
91;38;7;45555;3
91;145;3;96;8
91;60;7;12300;1
91;16;6;5577;1
91;66;3;44;62
91;85;6;2201;2
91;20;7;10123;2
91;34;5;96;19
91;63;6;1333;2
91;103;3;13;155
91;31;7;12000;1
91;8;6;5055;1
91;51;3;12;23
91;17;3;96;7
91;22;6;2277;7
91;1;7;50500;7
91;14;7;95;14
91;75;6;2201;2
91;1;6;6565;1
91;45;6;5577;1
91;27;6;1111;60
91;38;7;13456;2
91;105;6;5567;1
91;57;6;1333;6
91;80;6;1292;1
91;66;6;7040;1
91;50;6;4455;1
91;3;7;11111;43
91;99;6;2222;5
91;104;3;21;1
91;101;6;5005;8
91;79;6;5013;1
91;97;7;22222;3
91;11;6;4410;1
91;52;7;15678;1
91;144;6;1020;1
91;25;7;44123;1
91;11;7;96;5
91;66;6;2210;2
91;31;5;555;9
91;99;6;1322;21
91;56;5;95;14
91;57;6;5511;10
91;15;7;13555;10
91;41;7;13234;7
91;23;6;2210;1
91;8;7;13456;4
91;39;7;50013;3
91;6;7;96;2
91;49;6;1221;2
91;95;7;22222;2
91;45;7;12600;1
91;36;6;2222;6
91;81;7;50500;1
91;9;6;1313;5
91;56;6;5099;1
91;55;7;70400;12
91;22;7;22777;11
91;75;6;1213;7
91;45;3;96;5
91;103;6;5013;1
91;50;6;1333;6
91;94;6;1333;4
91;13;6;2255;1
91;1;5;96;12
91;11;6;1500;1
91;11;3;95;4
91;34;7;55333;1
91;84;7;23123;1
91;13;7;44;1
91;13;7;55;1
91;7;6;2200;3
91;24;3;13;153
91;146;7;13456;5
91;101;6;4456;2
91;101;6;1010;2
91;27;7;15362;1
91;25;6;4445;1
91;52;7;10123;9
91;101;7;36192;1
91;73;7;22200;1
91;11;6;2288;1
91;11;6;5533;10
91;138;6;4456;1
91;50;6;1111;50
91;144;6;4447;2
91;57;7;45999;1
91;52;7;13234;7
91;51;7;22777;10
91;22;6;2222;16
91;66;6;1333;6
91;138;7;11444;13
91;81;7;13013;1
91;60;5;131;183
91;51;7;13258;1
91;31;7;13131;1
91;31;7;55888;2
91;33;6;15;1
91;33;6;11;1
91;33;6;12;1
91;33;6;21;2
91;33;6;22;1
91;33;6;33;2
91;33;7;11;2
91;33;7;12;2
91;33;7;13;10
91;33;7;22;2
91;33;7;43;1
91;33;7;70;1
91;75;6;11;1
91;75;6;12;1
91;75;6;13;3
91;75;6;15;4
91;75;6;90;1
91;75;7;10;1
91;75;7;11;2
91;75;7;12;1
91;75;7;13;6
91;75;7;14;1
91;68;6;1333;1
91;34;7;11444;43
91;17;7;22190;1
91;17;5;131;139
91;56;6;1213;15
91;35;7;14444;1
91;2;7;55678;13
91;39;7;13131;1
91;39;7;55888;2
91;22;7;22222;5
91;67;7;22222;2
91;67;7;44190;1
91;144;6;1221;8
91;92;3;96;7
91;148;6;4490;1
91;33;7;13555;6
91;39;6;4490;1
91;138;3;12;14
91;6;7;44888;1
91;70;7;55678;2
91;24;6;4411;2
91;21;6;95;11
91;41;6;5511;3
91;38;6;1123;1
91;2;6;1201;1
91;41;6;2222;7
91;9;6;40;1
91;9;6;50;1
91;45;7;33888;4
91;8;7;13555;13
91;93;7;33888;3
91;68;7;22022;2
91;107;6;1111;66
91;74;6;2222;2
91;37;6;5555;2
91;107;3;95;7
91;104;3;95;10
91;15;7;13333;13
91;9;5;95;5
91;47;6;5055;2
91;37;7;12100;18
91;18;5;96;14
91;37;6;1010;3
91;37;6;4456;1
91;13;6;2210;1
91;19;7;13234;12
91;39;7;33000;1
91;52;6;2211;8
91;5;6;1111;57
91;80;7;95;6
91;13;3;16;1
91;138;7;15555;1
91;102;6;2277;14
91;107;6;7040;2
91;81;6;96;5
91;101;6;5055;1
91;75;5;95;12
91;107;6;1213;9
91;36;7;44456;1
91;139;6;1522;2
91;30;6;4422;2
91;74;7;11;2
91;74;7;13;6
91;74;7;15;1
91;74;7;45;1
91;2;7;95;6
91;6;7;11123;2
91;90;7;11111;35
91;37;5;700;46
91;151;6;1333;6
91;95;6;2255;1
91;92;5;96;9
91;51;6;4456;1
91;94;6;4455;1
91;7;7;13234;9
91;90;6;5533;12
91;7;7;22190;2
91;7;5;131;138
91;41;7;13555;4
91;73;7;11444;19
91;25;7;13013;2
91;8;7;12457;1
91;77;3;44;38
91;72;6;96;7
91;95;6;96;5
91;81;6;2210;1
91;97;3;80;1
91;24;6;1313;2
91;27;7;13234;3
91;6;5;555;2
91;39;7;55678;8
91;20;7;11111;45
91;10;7;22022;1
91;94;7;55234;2
91;22;7;13;13
91;22;7;11;1
91;43;7;95;9
91;139;6;4455;2
91;34;3;95;3
91;24;6;5555;1
91;92;3;13;125
91;12;6;1599;1
91;64;5;95;9
91;105;7;11111;32
91;47;6;2211;4
91;63;6;1221;4
91;70;7;22777;5
91;8;7;22222;4
91;22;7;10123;1
91;14;6;1533;1
91;59;7;65013;4
91;10;7;13132;8
91;20;7;44789;1
91;67;7;44888;3
91;14;6;5555;2
91;74;6;1233;1
91;38;6;4410;1
91;70;6;1221;1
91;26;7;13234;1
91;45;6;4455;1
91;5;7;13132;8
91;5;7;70222;1
91;73;6;1000;1
91;85;7;13333;12
91;24;5;160;1
91;36;7;22556;2
91;75;7;15;2
91;18;7;13222;1
91;49;7;13132;28
91;49;7;70222;1
91;139;7;55678;5
91;1;6;4444;1
91;18;7;33888;2
91;56;7;96;3
91;79;6;4477;10
91;21;7;50500;3
91;80;6;1533;2
91;34;7;44888;2
91;97;6;1333;2
91;64;6;4444;1
91;30;6;2222;11
91;92;6;5005;3
91;149;6;5511;1
91;92;7;22222;1
91;18;7;44456;5
91;97;6;1111;86
91;73;6;2210;2
91;105;7;22777;4
91;143;3;44;43
91;23;3;13;178
91;143;6;95;23
91;143;7;45000;1
91;16;5;700;42
91;73;3;44;55
91;14;6;4447;1
91;151;7;13333;9
91;72;7;12114;1
91;40;6;2211;1
91;50;7;44123;1
91;94;7;44123;1
91;75;6;4490;2
91;60;6;1251;1
91;56;7;36192;1
91;144;7;11444;18
91;20;3;12;15
91;25;7;22022;4
91;50;6;1221;5
91;50;6;4412;1
91;57;7;96;6
91;36;6;1213;22
91;58;6;2277;13
91;81;6;1111;80
91;31;6;2211;6
91;143;7;50000;1
91;92;7;13234;2
91;67;7;11123;2
91;19;6;5005;3
91;145;3;12;19
91;33;6;1333;2
91;95;7;44111;1
91;13;6;1212;1
91;47;6;2277;12
91;93;7;11111;64
91;59;7;22190;2
91;40;6;1456;1
91;13;6;1888;1
91;77;7;11333;1
91;143;5;700;30
91;10;6;1533;1
91;102;5;700;50
91;144;7;13222;1
91;23;6;4433;2
91;140;3;95;2
91;13;6;4410;2
91;55;6;4433;1
91;5;6;1299;1
91;145;7;15362;5
91;81;6;5001;1
91;52;6;95;16
91;99;5;96;17
91;51;7;13;4
91;51;6;11;2
91;51;6;12;1
91;51;6;13;1
91;12;7;11;1
91;12;7;12;3
91;12;7;13;7
91;12;7;55;1
91;12;6;11;1
91;12;6;12;1
91;10;5;555;1
91;45;7;12500;1
91;12;6;13;1
91;12;6;65;1
91;144;6;11;2
91;57;6;1111;42
91;57;7;95;13
91;17;7;13132;8
91;17;7;70222;1
91;31;7;96;5
91;18;7;70;1
91;27;7;12333;1
91;57;7;13131;1
91;143;7;13456;1
91;58;6;1313;1
91;37;7;22556;1
91;5;7;55888;1
91;4;7;22022;3
91;15;7;14522;1
91;37;5;555;1
91;3;7;50130;1
91;57;6;2227;1
91;57;7;50500;4
91;38;7;55888;6
91;18;6;1234;7
91;72;7;50013;1
91;16;7;55860;1
91;68;6;5567;1
91;8;7;13234;8
91;1;6;1333;2
91;13;6;2222;6
91;31;6;1533;4
91;1;7;11111;37
91;7;6;5555;1
91;17;7;10123;2
91;34;6;95;12
91;63;6;2222;1
91;24;7;50500;4
91;151;5;700;14
91;31;5;95;13
91;21;6;2210;1
91;148;7;10123;5
91;73;7;13;8
91;73;6;13;2
91;73;6;15;1
91;73;6;44;1
91;30;7;12011;1
91;2;7;44123;1
91;9;7;70;2
91;9;7;15;2
91;9;7;22;1
91;9;7;55;1
91;74;6;12;2
91;74;6;13;2
91;74;6;21;1
91;74;6;23;1
91;79;7;55333;1
91;70;7;12000;1
91;139;7;22190;2
91;139;5;131;202
91;101;7;33888;8
91;12;7;96;3
91;24;7;13555;18
91;68;7;55888;2
91;19;6;2277;6
91;42;7;13132;27
91;144;6;4422;2
91;6;6;2255;3
91;140;6;1221;10
91;9;6;1888;1
91;40;3;96;13
91;2;7;33123;1
91;75;7;12100;21
91;56;7;12300;2
91;7;7;44888;4
91;99;7;65013;1
91;16;6;1221;8
91;19;7;95;6
91;99;6;5577;2
91;38;6;5577;3
91;64;7;55666;1
91;85;6;96;3
91;143;5;555;1
91;21;7;12000;1
91;63;7;11111;109
91;22;5;160;1
91;9;7;96;6
91;148;6;1522;1
91;139;7;12444;1
91;49;6;2211;1
91;33;7;95;10
91;33;6;1111;63
91;6;6;7044;1
91;151;6;2277;4
91;85;7;12100;4
91;45;6;2220;1
91;33;6;1322;14
91;75;7;13100;1
91;50;7;15362;2
91;94;7;15362;5
91;47;3;95;5
91;50;6;5055;1
91;14;7;12555;2
91;148;6;1533;1
91;104;7;36010;1
91;146;7;15123;1
91;45;7;50000;1
91;60;5;95;11
91;145;7;13456;2
91;19;5;160;1
91;75;6;2277;15
91;24;7;13222;1
91;75;6;4456;1
91;57;7;10123;1
91;105;6;15;1
91;31;7;22190;2
91;31;5;131;215
91;55;7;12111;1
91;138;6;96;10
91;8;6;70;1
91;8;6;11;1
91;8;6;12;4
91;8;6;13;5
91;8;7;13;10
91;8;7;43;1
91;8;7;44;1
91;8;7;55;1
91;5;6;1112;1
91;97;6;2255;1
91;97;7;70400;3
91;55;3;12;11
91;73;7;55111;2
91;3;7;13555;15
91;93;6;1313;1
91;26;3;44;22
91;40;7;11444;9
91;63;6;3333;1
91;35;6;1112;1
91;7;7;12114;2
91;17;3;12;10
91;138;7;44888;6
91;25;6;2200;1
91;92;6;95;20
91;10;7;55333;1
91;20;6;1010;2
91;52;6;1234;4
91;58;6;1234;1
91;105;6;5511;1
91;75;7;13258;1
91;34;5;700;19
91;55;6;5001;1
91;30;6;4433;1
91;102;6;4433;1
91;72;7;13456;1
91;95;7;13456;3
91;140;6;1933;1
91;19;6;1234;3
91;60;7;50444;1
91;5;6;1522;1
91;102;3;21;1
91;66;7;95;18
91;77;5;131;161
91;13;6;5555;3
91;140;6;1213;5
91;80;7;50013;3
91;21;6;4456;2
91;55;7;11;1
91;77;7;70;1
91;55;6;12;1
91;55;6;13;2
91;55;7;12;2
91;55;7;13;7
91;55;7;14;1
91;55;7;15;1
91;55;7;55;1
91;4;6;5013;1
91;80;6;4477;6
91;42;7;50500;1
91;45;6;1331;1
91;101;7;13132;10
91;145;5;95;10
91;33;6;1221;5
91;16;7;95;8
91;16;6;1111;43
91;52;6;4488;2
91;58;6;4488;3
91;59;6;4490;1
91;42;6;1010;1
91;42;6;4456;1
91;4;6;1233;1
91;1;6;1313;4
91;145;7;55666;1
91;14;6;5099;5
91;45;7;22022;2
91;13;6;5533;16
91;17;7;12000;2
91;21;5;96;11
91;4;5;96;10
91;4;6;1123;1
91;80;6;5567;1
91;75;7;13555;2
91;92;6;5533;11
91;90;3;44;11
91;64;6;2040;1
91;49;7;13234;6
91;30;7;44456;4
91;70;6;95;2
91;39;5;555;2
91;36;5;96;15
91;16;7;15123;1
91;21;7;95;6
91;21;6;1111;42
91;43;7;13132;26
91;68;6;4000;6
91;35;7;13555;4
91;12;7;45000;1
91;12;6;95;8
91;27;6;5533;45
91;101;6;1522;3
91;94;7;12144;2
91;2;7;15001;1
91;12;6;1222;1
91;75;6;4488;1
91;75;6;5099;9
91;21;6;1818;1
91;45;6;2211;3
91;143;7;55678;8
91;8;7;50500;1
91;24;6;1333;7
91;37;7;65013;4
91;6;6;1213;30
91;13;3;12;21
91;24;7;55678;9
91;143;6;2233;1
91;63;5;700;18
91;11;6;5005;5
91;81;7;95;18
91;30;6;1322;12
91;24;6;1331;1
91;27;7;13333;9
91;27;7;22777;10
91;22;7;12100;16
91;140;7;11444;23
91;73;6;1322;21
91;66;7;70;1
91;5;6;11;1
91;5;6;33;1
91;5;7;10;1
91;5;7;11;2
91;5;7;12;2
91;5;7;13;2
91;5;7;40;1
91;5;7;44;1
91;5;7;50;1
91;67;6;3690;3
91;90;7;96;2
91;143;5;96;23
91;22;6;95;14
91;47;6;1234;7
91;43;7;96;9
91;90;6;5567;1
91;149;6;1234;3
91;140;3;12;1
91;50;6;7069;1
91;144;3;44;39
91;93;7;13234;2
91;52;6;1010;7
91;52;6;4456;2
91;19;7;15555;1
91;138;7;22190;3
91;138;5;131;139
91;72;7;11111;37
91;95;7;11111;27
91;40;7;13234;1
91;63;6;1353;1
91;94;3;13;197
91;58;7;40777;2
91;102;7;55678;7
91;103;6;4477;12
91;81;5;95;20
91;94;7;13123;1
91;13;6;1331;1
91;56;7;33000;1
91;23;6;2255;1
91;14;7;13456;2
91;138;6;4488;7
91;138;6;5099;1
91;1;7;45555;1
91;60;7;15362;7
91;30;7;11444;14
91;9;7;13555;15
91;106;7;36192;1
91;52;7;22777;10
91;57;5;95;14
91;97;6;5577;1
91;59;5;131;211
91;57;6;1313;9
91;72;7;22120;1
91;13;7;11111;36
91;56;7;50500;1
91;47;7;11111;51
91;73;6;1234;3
91;47;7;12000;2
91;79;3;13;182
91;30;6;2288;3
91;34;7;13258;2
91;8;7;10000;1
91;101;3;12;16
91;146;6;1533;1
91;63;7;13555;13
91;13;7;13456;2
91;97;7;13555;20
91;45;7;13133;4
91;7;7;12111;1
91;45;7;11111;45
91;17;7;22222;3
91;146;6;5001;1
91;20;3;13;132
91;67;6;1123;1
91;101;6;1213;23
91;2;7;15000;1
91;79;7;13555;11
91;59;3;44;38
91;92;7;22777;7
91;36;6;2201;1
91;67;6;4488;4
91;64;5;555;1
91;38;7;13555;4
91;80;6;1213;17
91;22;6;2255;1
91;70;6;1234;8
91;5;6;1331;2
91;11;5;96;6
91;149;6;4422;1
91;106;7;12500;1
91;45;6;1221;10
91;72;7;33888;4
91;45;6;1500;3
91;45;3;95;5
91;42;6;1213;8
91;7;7;13555;11
91;5;3;12;18
91;55;7;13132;27
91;139;7;12000;1
91;139;7;33888;11
91;41;6;11;1
91;41;6;13;3
91;41;6;22;1
91;8;6;4456;2
91;49;7;12114;1
91;66;7;12144;1
91;139;6;5533;30
91;4;6;5555;1
91;107;7;70070;1
91;145;6;1221;12
91;14;6;2211;9
91;33;7;96;3
91;6;7;13234;7
91;77;6;1313;1
91;2;6;1177;1
91;102;7;15123;2
91;139;7;13132;10
91;66;6;95;17
91;66;7;45000;1
91;70;7;11111;27
91;3;7;13456;1
91;20;7;55678;3
91;30;7;12345;2
91;20;7;44543;1
91;52;6;1213;6
91;58;6;1213;14
91;68;7;22190;2
91;68;5;131;193
91;81;6;1221;4
91;1;3;96;10
91;59;6;1313;3
91;107;6;4490;3
91;148;6;2277;15
91;25;6;4410;1
91;60;7;33888;31
91;85;7;33333;1
91;39;6;8080;1
91;21;7;44456;6
91;105;6;21;1
91;105;6;22;1
91;105;7;12;4
91;105;7;13;7
91;105;7;14;1
91;105;7;22;2
91;105;7;33;1
91;11;7;13456;2
91;143;3;13;179
91;140;6;95;5
91;18;6;5001;1
91;37;6;23;1
91;101;6;2277;16
91;4;7;70321;1
91;16;7;15555;2
91;9;7;55999;1
91;143;7;70333;1
91;140;6;2222;4
91;24;3;12;20
91;75;3;13;130
91;45;6;1333;8
91;17;7;55888;1
91;41;6;1322;9
91;60;7;11444;36
91;105;3;44;33
91;37;6;1112;1
91;6;7;55678;5
91;144;6;2211;3
91;7;6;4456;1
91;2;7;12100;26
91;51;7;13132;10
91;103;6;1221;11
91;103;6;4412;1
91;2;6;3000;1
91;50;6;4422;1
91;94;6;4422;1
91;22;3;12;20
91;148;7;96;7
91;24;6;96;9
91;95;7;13123;1
91;106;6;4477;6
91;8;7;15000;1
91;75;7;13123;1
91;36;6;2211;1
91;138;7;44027;1
91;77;6;5099;12
91;16;7;10123;2
91;36;5;131;154
91;97;6;1322;14
91;12;6;1221;6
91;66;7;13555;14
91;103;7;50013;1
91;8;7;15362;3
91;105;5;95;6
91;3;7;11444;16
91;31;7;12100;26
91;37;7;50500;8
91;19;7;12456;1
91;99;6;4477;2
91;5;7;95;12
91;17;7;44456;4
91;21;7;43640;1
91;36;7;12457;1
91;8;7;33888;1
91;34;3;13;191
91;104;7;13132;11
91;104;7;70222;1
91;73;7;44888;6
91;13;7;33888;4
91;64;7;11123;1
91;37;7;13133;1
91;12;6;1533;2
91;38;5;700;23
91;80;6;1233;1
91;56;6;13;4
91;56;6;15;1
91;56;6;21;1
91;56;6;22;1
91;68;7;13333;9
91;16;6;4433;1
91;10;7;22222;5
91;138;5;96;9
91;47;5;95;7
91;3;7;15362;1
91;57;7;65013;2
91;139;5;555;1
91;16;7;70321;1
91;151;7;13131;2
91;80;6;4488;4
91;52;6;2222;5
91;1;7;13132;7
91;1;7;70222;2
91;99;7;11444;20
91;84;6;1292;6
91;30;6;4456;2
91;66;7;55666;1
91;93;3;13;132
91;11;6;5577;1
91;24;6;1234;10
91;45;7;10111;1
91;81;6;1010;1
91;81;6;4456;2
91;6;5;700;14
91;145;6;5001;2
91;68;6;1322;13
91;17;6;1500;1
91;25;7;44888;1
91;80;7;22777;14
91;3;6;1511;1
91;11;6;4490;1
91;11;6;5588;1
91;94;7;44444;1
91;33;6;1113;1
91;41;3;44;28
91;37;6;1333;8
91;51;7;13456;3
91;4;7;80180;1
91;20;7;12457;1
91;138;6;1213;12
91;1;6;1201;1
91;19;7;96;3
91;79;5;95;23
91;101;6;2222;5
91;36;6;95;8
91;143;7;12144;2
91;11;6;4488;2
91;97;5;700;18
91;64;6;4013;1
91;55;5;555;1
91;74;5;700;25
91;42;7;11111;66
91;19;6;5099;1
91;27;6;4447;2
91;64;3;95;5
91;47;7;11444;14
91;52;7;11111;42
91;55;7;50500;1
91;92;7;55888;4
91;17;7;11444;22
91;70;7;96;3
91;36;6;1569;1
91;148;6;95;14
91;11;6;4456;2
91;38;6;12;3
91;38;6;13;2
91;38;6;22;1
91;23;6;5013;1
91;38;6;1322;12
91;9;6;5005;5
91;56;6;11;1
91;56;6;12;2
91;7;7;96;1
91;5;6;1010;1
91;97;7;33888;8
91;9;6;1333;2
91;73;6;7033;1
91;101;7;13123;3
91;41;7;11111;39
91;25;6;1311;1
91;144;7;15678;1
91;55;6;4477;22
91;45;7;23192;1
91;66;7;44888;5
91;18;6;5555;2
91;104;6;96;6
91;59;6;2277;8
91;106;6;5588;1
91;58;6;13;4
91;58;6;23;1
91;58;7;13;5
91;58;7;23;1
91;58;7;45;1
91;58;7;50;1
91;58;7;55;1
91;58;6;11;2
91;58;6;12;3
91;47;6;4422;1
91;75;6;2211;7
91;84;6;1299;1
91;101;7;12300;4
91;97;7;12114;3
91;68;7;11111;85
91;79;7;22777;7
91;11;7;22111;3
91;45;6;2222;6
91;106;6;3355;1
91;66;6;1522;1
91;64;6;96;13
91;15;6;1333;3
91;55;5;95;16
91;79;6;1533;1
91;31;7;13132;10
91;31;7;70222;2
91;24;7;95;11
91;102;7;55666;1
91;56;7;70090;1
91;79;6;2211;4
91;20;7;44456;1
91;73;6;1010;4
91;68;6;95;17
91;149;6;96;9
91;73;5;96;15
91;57;6;7040;1
91;37;7;11444;12
91;93;7;13555;8
91;63;6;1313;1
91;1;7;15362;2
91;140;6;1322;10
91;143;7;13132;11
91;2;7;11111;45
91;55;6;1322;31
91;19;7;65013;2
91;139;7;15555;1
91;84;3;44;21
91;19;6;5511;10
91;38;6;5511;2
91;104;7;70000;1
91;77;7;12111;1
91;149;6;4488;2
91;149;6;5099;1
91;50;7;50013;1
91;73;7;13133;1
91;16;7;30000;1
91;19;7;13132;7
91;30;7;10123;1
91;105;7;50500;1
91;1;6;11;1
91;17;6;2210;4
91;56;7;55333;2
91;20;6;2222;5
91;43;7;13133;1
91;24;7;15000;1
91;39;6;2277;10
91;25;7;11111;48
91;11;7;13555;13
91;143;6;7033;1
91;57;6;7090;1
91;27;6;2211;10
91;138;6;95;13
91;144;6;1533;7
91;94;7;22022;2
91;73;7;33888;3
91;99;6;1213;3
91;144;7;65013;1
91;50;6;4433;1
91;27;6;95;10
91;143;7;50013;3
91;144;7;13132;5
91;144;7;70222;1
91;20;6;5533;13
91;63;6;95;9
91;63;7;45000;1
91;80;7;13555;15
91;55;6;5099;1
91;10;7;12345;1
91;10;7;65013;5
91;9;6;4433;1
91;42;5;95;10
91;40;6;2277;4
91;104;7;44123;2
91;5;7;55678;10
91;138;7;55888;1
91;41;6;4000;1
91;10;5;96;10
91;85;6;7040;1
91;146;5;96;8
91;102;6;4444;1
91;22;3;44;50
91;24;7;12345;1
91;24;7;65013;4
91;85;6;1333;5
91;31;7;55678;13
91;93;6;2211;2
91;7;7;33000;1
91;14;6;2288;1
91;2;7;44567;1
91;72;5;95;11
91;73;7;12011;1
91;30;7;44888;5
91;81;7;10123;1
91;18;3;13;128
91;35;6;5511;2
91;45;7;10123;1
91;146;7;13100;1
91;146;7;22120;1
91;72;7;15120;1
91;8;6;1213;20
91;2;6;1111;51
91;60;6;5544;1
91;74;6;95;11
91;104;7;45555;1
91;80;6;5555;1
91;97;6;3511;1
91;7;7;15678;1
91;7;7;22556;1
91;68;6;4447;1
91;139;7;45555;1
91;106;7;12555;2
91;97;7;80180;1
91;59;6;2210;1
91;143;5;95;23
91;20;6;5577;2
91;63;6;4477;14
91;16;6;2288;1
91;148;6;2211;4
91;102;7;50777;1
91;67;6;2277;4
91;49;6;5005;1
91;38;5;96;8
91;138;7;22777;14
91;1;6;12;1
91;1;6;13;4
91;1;6;22;1
91;1;6;50;1
91;1;7;12;1
91;1;7;13;4
91;1;7;22;1
91;1;7;40;1
91;1;7;45;1
91;1;7;65;1
91;73;5;555;2
91;107;3;12;6
91;13;7;22222;5
91;17;6;5055;1
91;105;7;95;8
91;146;7;55678;3
91;1;7;13222;1
91;81;3;12;11
91;21;6;2200;1
91;104;7;45333;1
91;11;7;40777;1
91;33;6;4444;2
91;102;7;22777;16
91;17;6;1322;25
91;14;7;55888;3
91;47;6;5005;5
91;104;6;1322;16
91;40;6;5000;1
91;52;7;70;1
91;139;6;4599;1
91;9;7;55678;13
91;17;7;65013;3
91;2;6;1322;14
91;27;7;13133;2
91;6;6;96;3
91;77;6;4488;13
91;30;7;12100;22
91;11;6;4422;3
91;101;7;55555;1
91;10;7;70007;1
91;66;3;96;9
91;75;7;13333;10
91;33;7;22022;1
91;31;6;96;6
91;17;5;95;10
91;25;7;13234;5
91;99;6;95;13
91;81;7;44888;1
91;15;6;5005;4
91;97;6;1221;7
91;47;6;1299;1
91;13;5;700;38
91;140;6;4422;1
91;95;5;700;61
91;20;5;95;11
91;4;7;55011;1
91;37;3;95;3
91;18;7;55678;10
91;20;6;1299;1
91;56;6;2323;1
91;101;6;5099;3
91;144;7;12457;1
91;59;7;22022;1
91;55;6;5055;2
91;18;7;11;1
91;18;7;12;1
91;18;7;13;8
91;18;7;15;1
91;18;7;45;1
91;18;7;65;1
91;70;7;13456;1
91;144;6;1322;24
91;27;7;13555;5
91;35;7;65013;3
91;18;7;13132;9
91;4;7;22222;2
91;50;6;2233;3
91;94;6;2233;3
91;20;7;22022;2
91;8;7;13133;1
91;4;3;13;135
91;80;7;13234;10
91;18;7;55333;1
91;20;7;33888;4
91;103;7;33888;4
91;40;7;13333;3
91;139;7;11444;32
91;23;6;5577;2
91;45;7;13456;5
91;149;6;1299;12
91;104;7;44888;3
91;57;5;131;168
91;42;3;44;18
91;39;6;1888;1
91;99;7;12100;6
91;145;6;13;2
91;145;6;22;1
91;145;6;44;1
91;145;7;12;1
91;145;7;13;4
91;145;7;22;1
91;107;6;1321;1
91;12;7;11444;17
91;143;6;1522;1
91;99;6;4456;1
91;13;7;44123;1
91;75;7;13133;1
91;93;7;11444;14
91;5;6;2277;18
91;90;7;13123;1
91;58;7;11444;25
91;101;6;4488;3
91;42;5;131;126
91;107;7;96;14
91;37;6;1313;7
91;97;6;96;5
91;99;7;44888;2
91;47;6;4490;1
91;139;3;13;169
91;64;6;4447;4
91;37;6;2233;1
91;33;7;12456;1
91;11;6;5013;1
91;145;6;1500;1
91;145;3;95;9
91;24;7;12100;23
91;138;6;2100;1
91;26;7;15678;4
91;33;6;5577;3
91;144;7;33300;1
91;60;6;5005;6
91;5;7;13333;11
91;24;7;12457;1
91;67;7;13132;3
91;67;7;70222;5
91;45;7;13555;10
91;19;6;1213;8
91;149;6;1221;7
91;38;5;131;131
91;36;6;1000;1
91;50;3;95;9
91;57;7;22190;2
91;35;7;13456;39
91;30;5;700;47
91;3;7;13132;7
91;3;7;70222;2
91;25;6;4488;2
91;25;6;5099;1
91;148;6;1213;8
91;13;3;13;122
91;23;7;50013;4
91;35;7;15362;2
91;148;6;5511;4
91;148;5;160;3
91;79;6;2244;2
91;67;7;11111;19
91;5;6;5511;6
91;31;6;4456;2
91;64;6;5005;1
91;97;6;5511;9
91;30;7;12000;1
91;12;6;1234;4
91;66;3;12;15
91;10;6;2222;7
91;67;6;2211;4
91;101;6;4477;6
91;22;7;11111;41
91;18;7;15362;1
91;13;7;70400;2
91;80;6;1313;4
91;31;7;36192;1
91;95;7;22333;2
91;80;6;1319;1
91;107;5;96;19
91;33;1;95;3
91;140;1;13;146
91;17;1;95;1
91;22;1;12;22
91;22;1;13;166
91;140;1;12;2
91;41;1;15;1
91;14;1;22;50
91;103;1;44;1
91;15;1;12;10
91;63;1;15;1
91;4;1;12;6
91;45;1;22;33
91;97;1;13;178
91;1;1;15;2
91;81;1;15;1
91;31;1;30;1
91;57;1;95;3
91;56;1;13;145
91;75;1;95;5
91;1;1;22;63
91;81;1;22;24
91;97;1;96;5
91;55;1;13;170
91;77;1;13;176
91;143;1;13;202
91;1;1;13;146
91;63;1;44;1
91;41;1;22;25
91;81;1;13;184
91;70;1;13;115
91;23;1;13;186
91;80;1;13;149
91;20;1;13;140
91;74;1;13;104
91;42;1;13;139
91;43;1;13;122
91;11;1;13;149
91;2;1;13;158
91;10;1;13;156
91;60;1;13;207
91;63;1;96;9
91;107;1;22;29
91;1;1;95;2
91;81;1;95;10
91;36;1;22;55
91;39;1;13;221
91;7;1;13;139
91;95;1;13;158
91;72;1;13;150
91;139;1;13;197
91;6;1;22;16
91;102;1;22;49
91;92;1;13;135
91;73;1;13;140
91;64;1;22;26
91;85;1;13;157
91;47;1;13;163
91;63;1;95;1
91;17;1;22;44
91;97;1;12;13
91;59;1;13;215
91;79;1;13;204
91;94;1;13;217
91;50;1;13;147
91;41;1;95;3
91;52;1;13;175
91;58;1;13;129
91;1;1;96;7
91;81;1;96;7
91;18;1;13;140
91;26;1;13;171
91;8;1;13;151
91;104;1;13;204
91;3;1;22;40
91;106;1;13;184
91;31;1;96;7
91;1;1;16;1
91;140;1;96;3
91;41;1;96;6
91;149;1;95;1
91;81;1;14;1
91;90;1;12;5
91;51;1;12;16
91;22;1;96;6
91;103;1;12;12
91;51;1;13;156
91;13;1;12;13
91;101;1;95;5
91;103;1;13;175
91;30;1;96;2
91;1;1;12;19
91;13;1;13;141
91;31;1;95;6
91;149;1;96;4
91;97;1;95;2
91;81;1;12;12
91;90;1;44;1
91;146;1;13;103
91;34;1;13;209
91;139;1;12;27
91;35;1;13;240
91;40;1;13;140
91;140;1;95;2
91;22;1;95;4
91;101;1;96;3
91;5;1;12;14
91;144;1;12;8
91;68;1;13;210
91;5;1;13;141
91;68;1;12;13
91;144;1;13;172
91;146;1;12;6
91;35;1;12;8
91;90;1;13;93
91;12;1;13;140
91;66;1;13;218
91;9;1;12;11
91;12;1;12;9
91;66;1;12;14
91;57;1;22;60
91;75;1;22;40
91;9;1;13;150
91;33;1;22;28
91;140;1;22;31
91;22;1;22;41
91;149;1;12;10
91;149;1;22;23
91;101;1;12;18
91;63;1;22;27
91;139;1;22;63
91;68;1;22;25
91;41;1;13;128
91;146;1;22;18
91;31;1;12;20
91;101;1;22;39
91;5;1;30;2
91;35;1;22;16
91;30;1;22;50
91;97;1;22;28
91;146;1;15;2
91;35;1;15;1
91;31;1;22;22
91;49;1;13;135
91;24;1;13;171
91;93;1;13;140
91;9;1;22;36
91;151;1;13;233
91;84;1;13;195
91;12;1;22;52
91;66;1;22;48
91;95;1;95;6
91;72;1;95;3
91;9;1;15;1
91;105;1;13;193
91;5;1;22;56
91;23;1;95;3
91;66;1;15;2
91;25;1;13;159
91;144;1;22;32
91;20;1;95;2
91;139;1;15;2
91;56;1;95;2
91;19;1;13;146
91;27;1;13;171
91;103;1;15;1
91;5;1;15;2
91;144;1;15;1
91;60;1;95;3
91;149;1;13;206
91;79;1;12;12
91;63;1;12;14
91;47;1;95;2
91;30;1;12;17
91;35;1;96;5
91;90;1;15;1
91;13;1;15;2
91;55;1;12;20
91;77;1;12;4
91;42;1;95;2
91;80;1;12;12
91;143;1;12;12
91;30;1;13;153
91;70;1;12;1
91;43;1;12;10
91;101;1;13;182
91;74;1;12;10
91;11;1;12;13
91;34;1;22;24
91;37;1;12;17
91;13;1;30;1
91;51;1;22;42
91;63;1;13;210
91;5;1;96;3
91;103;1;22;42
91;9;1;96;9
91;31;1;13;212
91;12;1;96;5
91;66;1;96;3
91;52;1;12;7
91;58;1;12;10
91;40;1;22;18
91;107;1;96;6
91;106;1;95;2
91;103;1;96;2
91;6;1;96;3
91;102;1;96;6
91;64;1;96;9
91;139;1;96;6
91;36;1;96;4
91;144;1;96;6
91;85;1;12;7
91;84;1;14;1
91;7;1;12;12
91;26;1;22;21
91;8;1;22;32
91;31;1;15;1
91;51;1;96;5
91;2;1;22;54
91;60;1;22;14
91;90;1;96;2
91;45;1;96;2
91;92;1;12;4
91;106;1;22;25
91;57;1;96;6
91;39;1;22;42
91;94;1;12;11
91;50;1;12;15
91;3;1;96;4
91;45;1;15;5
91;13;1;22;43
91;13;1;96;1
91;14;1;96;5
91;140;1;15;1
91;75;1;96;7
91;19;1;22;37
91;27;1;22;20
91;22;1;15;1
91;68;1;96;3
91;33;1;96;5
91;146;1;96;1
91;10;1;12;12
91;18;1;96;3
91;10;1;22;45
91;47;1;22;38
91;19;1;12;13
91;17;1;96;6
91;106;1;96;1
91;26;1;12;9
91;8;1;12;10
91;42;1;22;19
91;27;1;12;9
91;90;1;22;10
91;47;1;96;2
91;151;1;96;12
91;84;1;96;4
91;68;1;95;6
91;95;1;22;63
91;2;1;12;21
91;72;1;22;61
91;34;1;96;7
91;146;1;95;1
91;59;1;22;37
91;42;1;96;3
91;40;1;96;5
91;35;1;95;3
91;39;1;12;12
91;102;1;15;3
91;104;1;22;53
91;49;1;96;5
91;42;1;12;4
91;24;1;96;7
91;93;1;96;3
91;23;1;22;40
91;23;1;96;6
91;20;1;22;35
91;20;1;96;1
91;102;1;44;1
91;105;1;96;7
91;73;1;22;49
91;105;1;22;21
91;56;1;12;11
91;25;1;22;42
91;104;1;15;3
91;25;1;96;4
91;73;1;15;1
91;56;1;22;21
91;151;1;22;25
91;34;1;15;1
91;84;1;22;21
91;95;1;96;3
91;72;1;96;3
91;3;1;15;2
91;23;1;12;22
91;20;1;12;17
91;73;1;96;6
91;75;1;15;1
91;47;1;12;11
91;18;1;12;16
91;49;1;22;19
91;24;1;22;38
91;75;1;44;2
91;93;1;22;31
91;56;1;96;3
91;107;1;15;1
91;105;1;15;1
91;106;1;12;8
91;104;1;95;3
91;95;1;12;2
91;72;1;12;14
91;25;1;95;3
91;59;1;96;20
91;104;1;96;3
91;151;1;95;5
91;75;1;21;1
91;84;1;95;6
91;18;1;22;46
91;36;1;15;1
91;7;1;95;1
91;49;1;95;7
91;24;1;95;1
91;93;1;95;3
91;73;1;44;2
91;73;1;95;2
91;151;1;44;3
91;79;1;95;2
91;75;1;30;1
91;77;1;95;1
91;143;1;95;8
91;105;1;95;2
91;59;1;95;5
91;25;1;44;1
91;56;1;44;2
91;45;1;44;1
91;70;1;95;2
91;6;1;21;1
91;102;1;21;1
91;80;1;95;1
91;85;1;95;6
91;34;1;95;3
91;60;1;12;8
91;40;1;95;6
91;92;1;95;4
91;14;1;13;168
91;60;1;96;3
91;74;1;95;3
91;18;1;44;1
91;105;1;12;11
91;43;1;95;3
91;11;1;95;1
91;25;1;12;19
91;37;1;95;2
91;94;1;95;1
91;50;1;95;4
91;52;1;95;4
91;58;1;95;3
91;36;1;44;1
91;145;1;22;50
91;23;1;44;2
91;4;1;22;41
91;95;1;44;1
91;5;1;95;7
91;144;1;95;4
91;99;1;13;159
91;148;1;22;44
91;2;1;30;1
91;95;1;15;1
91;145;1;13;144
91;99;1;22;21
91;37;1;80;1
91;67;1;13;154
91;21;1;22;48
91;14;1;95;4
91;85;1;96;2
91;34;1;12;5
91;67;1;22;15
91;4;1;13;161
91;59;1;12;13
91;38;1;22;21
91;104;1;12;9
91;45;1;16;1
91;57;1;16;1
91;7;1;96;2
91;17;1;13;145
91;60;1;15;1
91;3;1;95;1
91;15;1;22;32
91;45;1;13;203
91;36;1;95;4
91;70;1;96;2
91;80;1;96;4
91;138;1;22;62
91;49;1;12;8
91;90;1;95;3
91;24;1;12;17
91;93;1;12;5
91;16;1;22;43
91;79;1;96;10
91;107;1;95;2
91;6;1;95;7
91;102;1;95;3
91;64;1;95;3
91;3;1;13;135
91;43;1;96;8
91;11;1;96;6
91;103;1;95;2
91;151;1;12;7
91;84;1;12;7
91;37;1;13;148
91;37;1;96;6
91;107;1;13;191
91;45;1;95;4
91;36;1;13;153
91;55;1;96;4
91;148;1;13;165
91;75;1;13;149
91;47;1;30;1
91;74;1;96;4
91;57;1;13;163
91;6;1;13;218
91;102;1;13;169
91;64;1;13;155
91;13;1;95;1
91;15;1;13;178
91;19;1;95;4
91;33;1;13;128
91;27;1;95;3
91;138;1;13;117
91;73;1;12;12
91;16;1;13;136
91;12;1;95;4
91;66;1;95;3
91;77;1;96;5
91;143;1;96;11
91;40;1;12;5
91;39;1;95;6
91;139;1;95;4
91;2;1;95;2
91;26;1;15;1
91;8;1;15;2
91;107;1;12;6
91;6;1;12;8
91;102;1;12;13
91;21;1;13;135
91;64;1;12;8
91;36;1;12;12
91;38;1;13;144
91;23;1;15;1
91;26;1;95;2
91;8;1;95;2
91;18;1;15;1
91;39;1;15;2
91;10;1;95;5
91;14;1;12;6
91;79;1;22;23
91;55;1;22;19
91;45;1;12;18
91;92;1;96;1
91;77;1;22;38
91;143;1;22;31
91;33;1;12;9
91;92;1;22;23
91;70;1;22;25
91;138;1;12;19
91;80;1;22;54
91;3;1;12;13
91;37;1;22;53
91;94;1;96;8
91;50;1;96;1
91;17;1;12;12
91;74;1;22;22
91;52;1;96;2
91;58;1;96;5
91;67;1;12;5
91;43;1;22;21
91;11;1;22;43
91;94;1;22;49
91;50;1;22;47
91;52;1;22;33
91;47;1;15;1
91;58;1;22;21
91;67;1;95;3
91;57;1;12;14
91;43;1;15;1
91;145;1;12;15
91;11;1;15;1
91;145;1;95;4
91;148;1;12;1
91;16;1;15;2
91;75;1;12;3
91;16;1;12;8
91;16;1;16;1
91;21;1;12;5
91;43;1;14;1
91;99;1;12;11
91;85;1;22;30
91;148;1;95;5
91;7;1;22;52
91;99;1;95;1
91;38;1;12;4
91;15;1;95;1
91;138;1;15;1
91;148;1;14;1
91;138;1;95;6
91;21;1;95;3
91;37;1;15;2
91;38;1;95;1
91;77;1;15;1
91;38;1;96;3
91;16;1;95;2
91;39;1;96;1
91;4;1;95;2
91;80;1;15;1
91;4;1;44;1
91;145;1;15;1
91;148;1;96;4
91;7;1;30;1
91;10;1;44;1
91;7;1;44;1
91;138;1;44;1
91;21;1;15;1
91;38;1;15;1
91;99;1;96;14
91;16;1;44;1
91;27;1;96;7
91;58;1;15;2
91;99;1;44;1
91;94;1;30;1
91;145;1;96;2
91;67;1;44;1
91;10;1;96;1
91;15;1;96;4
91;138;1;96;7
91;16;1;96;7
91;21;1;96;5
91;67;1;96;5
91;26;1;96;6
91;8;1;96;6
91;4;1;96;5
91;2;1;96;7
91;37;1;44;1
91;8;1;44;1
91;50;1;44;1
91;52;1;44;1
91;58;1;44;1
91;27;1;44;1
91;39;1;44;1
91;77;1;44;1
91;70;1;44;1
