zona;secao;cargo;numero;votos
84;114;6;12;4
84;91;6;4422;21
84;4;7;22120;2
84;8;6;1251;7
84;136;6;5001;1
84;162;5;96;35
84;161;6;2255;38
84;78;6;4422;20
84;3;7;33700;1
84;162;6;1016;3
84;158;6;1818;2
84;163;3;13;141
84;148;5;96;12
84;136;7;13258;1
84;66;6;4488;30
84;173;6;1016;5
84;173;7;10190;1
84;63;7;12500;1
84;79;6;4455;3
84;150;5;96;20
84;122;7;10000;2
84;144;7;12144;1
84;168;6;1251;3
84;32;6;1234;3
84;91;3;96;4
84;161;5;131;148
84;90;5;131;161
84;125;7;12100;4
84;76;7;13258;2
84;123;7;12333;10
84;63;6;1233;1
84;176;7;13123;6
84;139;3;12;16
84;111;7;15222;1
84;84;6;2277;2
84;17;7;13258;2
84;165;5;131;167
84;123;7;22222;3
84;123;7;44190;2
84;169;5;555;6
84;28;6;2277;8
84;35;6;6565;1
84;19;7;33000;1
84;103;7;13789;3
84;2;7;33000;1
84;11;6;2210;1
84;4;6;1326;2
84;89;7;22022;6
84;68;6;4477;1
84;27;3;44;49
84;65;7;70007;1
84;137;6;1251;23
84;132;5;131;151
84;116;7;13155;1
84;3;6;4522;1
84;101;6;5533;1
84;88;6;5533;2
84;165;7;44888;2
84;45;3;95;7
84;8;7;96;8
84;68;6;4440;6
84;92;6;4422;12
84;92;7;96;13
84;172;7;12600;6
84;21;7;44444;1
84;129;6;2200;2
84;155;6;1300;2
84;1;6;2277;5
84;8;6;4410;3
84;21;7;22120;1
84;11;7;11444;3
84;4;6;1111;2
84;1;6;1214;10
84;78;7;12888;1
84;78;7;13333;1
84;4;7;15222;1
84;113;6;4488;1
84;43;6;4000;1
84;125;5;555;8
84;44;7;11113;1
84;44;7;22022;1
84;4;6;4477;2
84;87;6;5555;5
84;57;7;22777;2
84;111;7;22120;1
84;49;7;13132;2
84;57;6;1818;1
84;60;6;2288;4
84;7;7;22556;1
84;5;6;1292;2
84;137;7;23333;5
84;161;6;1515;1
84;76;7;22777;4
84;123;6;12;2
84;68;7;12;2
84;68;7;13;13
84;68;7;15;1
84;68;7;22;1
84;68;7;40;1
84;68;7;44;1
84;68;7;45;1
84;176;7;33123;1
84;27;6;1333;2
84;48;7;12600;3
84;41;6;5555;33
84;125;6;1010;1
84;125;6;4456;1
84;35;7;12500;1
84;21;6;4490;4
84;70;5;555;7
84;176;7;55678;4
84;160;7;33123;1
84;55;6;6565;1
84;43;7;13258;2
84;173;7;33888;7
84;11;6;4013;1
84;65;7;96;10
84;13;7;22777;9
84;101;6;1311;2
84;174;7;13234;1
84;63;6;1234;3
84;150;6;1234;2
84;103;5;555;2
84;101;5;555;35
84;88;5;555;8
84;18;7;44111;1
84;68;7;15555;2
84;163;7;11111;1
84;149;7;12888;4
84;64;6;5599;1
84;64;7;55888;5
84;39;6;45;1
84;39;6;55;1
84;39;7;12;2
84;39;7;13;13
84;39;7;22;2
84;39;7;23;1
84;39;7;55;1
84;39;7;70;1
84;23;7;22556;1
84;158;7;13123;23
84;35;5;700;22
84;38;6;7099;1
84;122;7;15123;1
84;24;6;4422;14
84;46;7;23;1
84;46;6;44;1
84;46;7;10;1
84;46;7;13;7
84;46;7;55;1
84;46;7;65;1
84;46;7;70;1
84;17;7;14888;1
84;17;6;1251;3
84;66;3;95;2
84;141;7;23123;7
84;81;7;13789;3
84;122;7;45111;1
84;155;6;4455;2
84;94;7;22777;8
84;112;7;15333;1
84;160;6;4447;1
84;164;7;12000;5
84;85;6;2233;1
84;114;7;13220;2
84;90;6;1311;1
84;84;6;95;16
84;56;6;4422;2
84;87;3;96;7
84;154;6;4456;4
84;54;3;12;2
84;46;6;2222;7
84;11;7;10000;1
84;105;7;12111;2
84;116;7;11444;1
84;10;6;4477;1
84;66;6;2222;3
84;159;5;700;45
84;94;3;12;25
84;154;7;70123;2
84;26;7;12300;1
84;151;7;44123;4
84;81;6;2255;70
84;98;6;2288;6
84;72;5;95;11
84;166;7;13132;3
84;117;5;131;118
84;51;7;22022;5
84;159;7;95;15
84;63;7;12000;3
84;103;6;1322;2
84;27;6;1214;3
84;152;6;1326;1
84;49;6;1010;5
84;97;6;4422;19
84;149;6;4447;1
84;104;6;2255;16
84;16;7;55888;1
84;174;6;4488;1
84;123;7;33700;1
84;31;6;2200;1
84;36;7;13234;7
84;20;7;15222;8
84;78;5;555;2
84;155;6;4445;1
84;27;7;33000;1
84;10;7;43640;1
84;64;7;13133;1
84;143;7;13234;1
84;165;6;4456;4
84;79;7;12500;1
84;10;6;1333;14
84;36;7;70321;1
84;54;7;55555;1
84;55;7;15115;2
84;21;6;1292;2
84;12;7;11113;3
84;12;7;22022;6
84;169;6;1313;1
84;165;7;55888;1
84;31;5;700;60
84;67;7;12144;8
84;92;5;700;65
84;156;7;13234;1
84;172;7;96;20
84;111;7;50500;3
84;24;7;12000;2
84;26;6;4499;2
84;24;7;15888;4
84;17;6;4444;1
84;49;7;12333;10
84;5;7;15555;3
84;135;3;95;10
84;174;3;95;11
84;168;3;95;5
84;166;6;1010;11
84;166;6;4456;4
84;68;7;95;14
84;68;6;1111;4
84;5;7;15333;3
84;4;5;95;15
84;12;7;12345;1
84;12;7;65013;4
84;11;5;95;11
84;147;6;1234;3
84;147;6;4411;4
84;92;5;131;179
84;110;6;1331;1
84;51;7;12600;13
84;35;6;1333;2
84;163;6;5588;1
84;171;5;700;32
84;38;7;23123;57
84;14;6;2255;61
84;37;6;4455;1
84;49;7;13234;2
84;20;7;22222;4
84;5;7;10190;1
84;5;6;1016;3
84;50;7;12111;1
84;38;5;95;26
84;76;6;2288;9
84;17;7;10123;7
84;159;7;15333;2
84;81;6;4432;2
84;70;6;2233;17
84;59;5;95;17
84;155;6;5050;2
84;70;6;5055;1
84;34;6;1818;1
84;147;7;33000;2
84;163;7;50500;2
84;47;7;55678;33
84;92;7;44447;1
84;92;7;44456;1
84;74;6;96;9
84;23;6;4000;4
84;111;6;4444;3
84;122;6;5511;4
84;63;6;1213;18
84;63;3;95;8
84;68;7;70070;1
84;52;6;5511;8
84;25;6;4444;1
84;56;7;15151;1
84;49;6;1234;8
84;164;6;1016;1
84;24;7;70400;1
84;69;7;96;6
84;166;6;4000;3
84;55;7;45333;1
84;55;7;70699;1
84;104;7;12600;8
84;157;7;95;5
84;126;7;10000;2
84;69;7;55888;3
84;138;6;5533;15
84;8;5;555;9
84;117;7;44123;3
84;52;7;55555;1
84;109;7;13222;2
84;73;7;22122;1
84;35;6;1213;26
84;177;6;1233;1
84;32;7;23123;3
84;5;7;22511;1
84;5;7;44020;1
84;144;7;10000;2
84;132;7;96;19
84;121;7;13123;1
84;156;7;22777;15
84;149;7;22555;30
84;149;7;15222;1
84;173;6;1214;9
84;172;7;70007;1
84;86;7;13132;1
84;51;6;1333;4
84;164;5;700;62
84;96;6;1055;1
84;172;3;96;18
84;16;5;555;6
84;76;7;65013;1
84;40;7;11;2
84;40;6;13;1
84;40;6;22;1
84;40;6;44;1
84;40;7;12;1
84;40;7;13;10
84;40;7;22;2
84;1;7;12600;4
84;124;6;96;6
84;125;7;22022;2
84;161;3;13;119
84;18;5;95;15
84;125;6;1522;1
84;175;7;22555;43
84;124;6;2255;20
84;152;6;6565;1
84;25;6;1255;2
84;177;6;1333;2
84;20;5;555;8
84;17;6;1221;2
84;23;7;45111;1
84;162;6;1000;1
84;92;7;33369;1
84;92;7;13133;1
84;57;6;1533;2
84;92;6;2323;1
84;147;6;2233;3
84;21;7;13234;1
84;167;7;13123;2
84;175;7;12333;3
84;65;6;1300;1
84;1;5;95;16
84;110;6;2222;3
84;90;7;13123;2
84;96;7;13123;1
84;22;7;15555;4
84;145;7;55678;31
84;124;6;1245;1
84;159;7;55234;1
84;104;7;22777;3
84;162;6;4445;2
84;21;7;44888;1
84;152;7;55678;11
84;145;6;2233;1
84;96;6;4447;1
84;147;6;1213;7
84;3;6;5055;2
84;151;6;7040;1
84;151;7;13155;2
84;2;7;55333;1
84;90;7;44020;2
84;90;7;96;18
84;57;7;12333;1
84;21;5;131;173
84;137;7;15888;4
84;161;7;22222;14
84;161;7;44190;1
84;72;6;4000;2
84;162;7;15000;1
84;74;6;1000;1
84;75;5;131;108
84;75;7;13333;1
84;132;3;12;39
84;146;7;22556;2
84;126;7;90180;1
84;121;6;95;27
84;166;7;13258;1
84;104;6;4444;2
84;143;6;2300;4
84;81;7;44123;2
84;60;7;45555;1
84;51;7;13234;3
84;11;6;4490;1
84;164;7;23192;1
84;90;7;12888;1
84;166;7;36192;3
84;3;7;45000;1
84;3;6;95;19
84;74;7;33888;2
84;23;6;5511;5
84;158;7;96;4
84;46;6;2277;13
84;84;6;96;9
84;171;7;96;1
84;90;6;1213;7
84;156;7;15555;3
84;156;7;11111;5
84;166;5;700;85
84;143;5;96;26
84;61;6;1111;5
84;167;6;1313;4
84;122;7;70222;1
84;122;7;13132;11
84;42;7;11111;5
84;69;5;96;26
84;95;7;22777;3
84;35;6;4456;1
84;56;6;1010;1
84;56;6;4456;1
84;25;7;12456;1
84;35;6;1533;2
84;140;6;1221;2
84;150;6;2225;1
84;2;6;2929;1
84;2;6;4000;1
84;30;6;1313;1
84;110;3;13;92
84;43;6;2222;3
84;89;7;95;18
84;32;6;1213;7
84;54;3;13;134
84;21;3;13;151
84;29;5;95;7
84;4;7;70234;1
84;161;7;10124;1
84;39;6;4410;6
84;153;6;5013;3
84;55;7;22222;3
84;55;7;44190;4
84;96;7;12000;3
84;174;7;12333;1
84;157;6;1111;69
84;100;6;1122;1
84;20;7;13258;2
84;85;6;7069;1
84;110;7;33456;1
84;18;5;700;60
84;6;6;4011;1
84;49;6;4440;2
84;121;7;10300;1
84;121;7;12456;3
84;23;7;11;1
84;23;7;12;4
84;23;7;13;4
84;23;7;14;1
84;85;6;1232;1
84;4;6;7033;1
84;24;6;96;10
84;6;6;2233;3
84;95;7;13258;1
84;35;7;12888;1
84;134;6;1313;5
84;46;6;11;1
84;46;6;13;2
84;46;6;22;1
84;177;6;2211;2
84;157;7;33444;1
84;157;7;12144;1
84;165;6;5013;1
84;107;6;1233;1
84;129;6;5555;22
84;22;6;1533;2
84;112;5;131;184
84;69;6;95;12
84;28;6;2255;42
84;57;5;96;26
84;6;7;33888;1
84;3;7;13131;1
84;72;7;55011;1
84;38;7;45111;1
84;172;6;2323;1
84;42;7;12000;7
84;70;6;1234;10
84;3;6;1201;2
84;160;7;50500;1
84;4;7;12011;1
84;74;7;10123;1
84;98;3;96;12
84;142;7;70699;24
84;5;6;1214;18
84;176;5;700;19
84;134;7;12000;10
84;6;5;700;51
84;65;6;1221;1
84;124;7;11111;12
84;167;6;1020;1
84;38;6;95;21
84;154;3;44;109
84;85;6;4489;1
84;90;6;4456;3
84;90;6;1010;7
84;6;6;7011;1
84;147;5;96;13
84;89;6;1000;2
84;52;6;2299;1
84;23;6;1234;1
84;152;7;12112;1
84;152;7;70070;2
84;14;6;5100;1
84;81;7;11111;2
84;3;7;12456;7
84;162;6;7040;3
84;20;7;12123;1
84;35;7;44333;2
84;150;7;11111;5
84;72;6;7040;1
84;153;7;44190;1
84;27;7;44690;1
84;58;7;12112;1
84;13;6;1234;1
84;13;6;4411;2
84;65;5;700;48
84;95;7;12000;2
84;97;7;15333;1
84;175;6;2277;1
84;153;5;96;26
84;88;7;50013;1
84;159;7;55111;3
84;68;7;33888;1
84;87;5;555;4
84;129;7;22555;45
84;30;6;7069;1
84;74;6;2244;1
84;11;5;555;1
84;160;6;1251;1
84;165;6;1300;1
84;138;7;55678;34
84;20;6;4490;1
84;1;7;12144;6
84;14;6;1000;1
84;146;7;55678;33
84;146;6;1300;10
84;68;6;1251;2
84;114;6;1214;16
84;132;7;95;8
84;85;6;1300;1
84;23;6;1111;2
84;158;7;11111;2
84;147;7;95;10
84;45;6;5501;1
84;148;3;13;57
84;141;7;22556;1
84;33;6;1533;14
84;115;6;95;3
84;137;6;2288;1
84;41;7;22222;5
84;41;7;44190;1
84;68;7;15333;7
84;155;7;55234;7
84;160;7;33193;1
84;158;7;70007;1
84;48;6;1245;1
84;137;6;96;16
84;30;3;95;1
84;146;6;95;18
84;10;7;13013;1
84;43;6;4410;1
84;54;7;10123;1
84;150;6;5555;6
84;98;6;6565;1
84;3;6;4490;2
84;135;7;55234;1
84;169;6;1221;1
84;169;6;4412;1
84;81;7;13555;2
84;21;7;50513;1
84;21;7;12000;2
84;23;7;15555;5
84;105;7;13133;1
84;69;7;22777;9
84;176;6;4440;2
84;144;3;21;1
84;18;7;22022;11
84;48;6;4000;42
84;15;6;4422;17
84;27;6;2255;142
84;104;6;4447;1
84;87;7;22777;12
84;4;3;13;133
84;94;6;1111;11
84;47;6;1533;1
84;164;7;12500;1
84;5;7;11111;7
84;5;7;12344;2
84;142;7;15555;1
84;44;6;1010;1
84;44;6;4456;6
84;138;6;1111;2
84;122;7;12456;4
84;5;7;13013;1
84;5;7;45333;1
84;5;7;70699;13
84;169;6;5044;1
84;112;6;1333;7
84;56;5;96;21
84;43;5;700;30
84;140;7;15333;12
84;70;7;13258;2
84;175;7;33000;1
84;113;7;13133;1
84;97;6;1313;19
84;94;6;96;12
84;58;7;13123;1
84;109;7;22777;2
84;122;6;1234;40
84;172;7;23123;43
84;55;7;12456;11
84;50;3;96;2
84;154;7;70234;1
84;59;6;1333;6
84;61;5;555;2
84;57;7;13258;3
84;65;7;12111;1
84;11;6;2222;13
84;51;7;12144;3
84;136;6;96;5
84;14;6;2277;8
84;55;6;2211;1
84;46;7;13555;2
84;125;7;13234;1
84;65;6;4013;1
84;148;6;1277;6
84;57;7;12000;12
84;67;7;12000;2
84;90;6;4477;1
84;164;7;12144;7
84;114;7;70000;1
84;52;6;4433;1
84;125;7;12345;1
84;45;6;2222;3
84;12;7;55888;1
84;12;7;13131;1
84;128;7;44556;1
84;25;6;1213;3
84;88;7;44444;1
84;116;5;700;68
84;45;7;10222;1
84;78;7;33456;2
84;49;3;95;7
84;138;3;95;9
84;92;7;13258;1
84;19;6;4433;1
84;63;7;33444;1
84;42;6;9014;3
84;136;7;11111;4
84;12;7;70567;2
84;62;7;13123;3
84;126;5;555;37
84;167;7;10022;2
84;141;6;4000;4
84;136;7;44123;2
84;141;6;1313;3
84;103;7;13222;1
84;87;3;44;83
84;81;6;5013;1
84;5;6;1533;8
84;62;6;1292;1
84;53;6;5555;11
84;90;7;55678;13
84;116;6;1321;2
84;5;6;2255;43
84;96;5;131;112
84;168;6;2255;4
84;52;7;12600;11
84;54;7;13258;2
84;150;6;2200;3
84;134;7;13123;2
84;15;3;95;3
84;156;6;3556;1
84;163;3;95;5
84;110;6;1522;11
84;162;7;12300;2
84;91;6;2277;1
84;150;5;95;18
84;13;7;10000;4
84;9;7;43640;1
84;107;7;65000;1
84;62;6;1314;1
84;90;6;1299;2
84;147;6;2210;1
84;9;7;15000;2
84;142;3;95;6
84;85;6;4000;2
84;173;7;50013;1
84;159;3;44;59
84;39;7;95;8
84;79;7;70007;1
84;44;6;2201;2
84;52;6;1234;5
84;168;6;1214;21
84;177;7;12;1
84;177;7;13;3
84;177;7;44;1
84;37;6;1533;4
84;107;6;13;1
84;107;6;22;1
84;107;6;23;1
84;107;7;14;1
84;107;7;45;1
84;107;7;70;1
84;37;6;13;4
84;136;6;1213;5
84;103;7;22022;1
84;177;6;96;4
84;10;7;22777;1
84;173;6;1000;1
84;63;7;13132;2
84;20;7;22777;4
84;141;6;2277;6
84;92;6;1234;3
84;65;7;22555;31
84;121;6;5555;11
84;117;7;15120;1
84;176;7;55234;2
84;111;7;10000;3
84;145;6;95;9
84;6;6;95;9
84;17;6;55;1
84;17;6;12;2
84;17;6;13;2
84;17;6;70;1
84;19;7;55011;1
84;113;6;2222;1
84;22;7;33888;1
84;167;6;7040;1
84;155;3;95;7
84;150;7;23190;1
84;87;6;2300;2
84;87;7;12123;1
84;158;7;65234;1
84;156;7;23123;49
84;156;6;7022;2
84;59;6;1214;3
84;2;7;55678;18
84;169;6;4488;1
84;18;7;44888;4
84;166;6;1214;13
84;116;6;5001;1
84;160;7;10777;1
84;20;6;4441;1
84;5;7;13456;1
84;163;7;16000;1
84;15;3;96;11
84;138;7;22022;6
84;138;7;11113;3
84;1;6;1234;2
84;33;7;22555;83
84;35;7;45111;4
84;5;6;5555;16
84;100;6;5511;1
84;97;5;555;3
84;116;5;555;9
84;92;6;1314;2
84;33;7;13132;7
84;33;7;70222;1
84;177;6;95;9
84;177;7;45000;1
84;45;6;7040;1
84;32;6;4456;22
84;177;7;22555;14
84;76;7;22555;46
84;174;7;96;7
84;38;6;4410;3
84;161;6;1111;7
84;161;7;95;23
84;160;6;1010;14
84;160;6;4456;2
84;139;6;4410;2
84;155;3;96;13
84;22;7;12111;1
84;22;7;33200;1
84;20;7;10122;1
84;162;7;12;2
84;162;7;13;14
84;162;7;14;1
84;162;7;15;1
84;162;7;22;2
84;162;7;23;2
84;162;7;55;5
84;162;7;70;1
84;162;6;12;1
84;162;6;13;3
84;162;6;23;3
84;65;7;13234;3
84;162;6;50;1
84;168;7;13132;15
84;143;3;12;24
84;24;3;96;9
84;55;5;95;16
84;154;6;7040;1
84;154;7;13155;2
84;166;6;5055;1
84;52;7;15333;3
84;144;7;45222;1
84;112;6;4447;2
84;155;6;1533;3
84;156;7;45111;1
84;97;7;22022;3
84;9;6;1314;1
84;10;6;4321;1
84;55;7;23123;5
84;60;6;1213;3
84;5;6;1000;1
84;111;7;12888;3
84;111;7;13333;1
84;5;7;45111;3
84;103;7;22777;56
84;27;3;95;9
84;61;6;4013;1
84;158;3;96;6
84;69;6;1010;3
84;152;7;13258;2
84;167;7;70699;3
84;166;7;70190;1
84;6;7;70123;1
84;154;7;50777;1
84;26;7;11113;4
84;26;7;22022;1
84;21;3;44;77
84;3;6;4422;11
84;155;7;95;15
84;15;6;2225;2
84;3;6;4447;2
84;173;7;13155;3
84;146;7;13100;3
84;37;7;70000;1
84;16;7;12144;5
84;156;6;2210;1
84;145;6;2222;5
84;145;6;1233;2
84;157;6;1010;1
84;42;5;700;56
84;157;6;1300;2
84;4;6;1300;2
84;158;6;4455;3
84;64;7;22380;1
84;123;6;1010;2
84;13;7;22190;1
84;117;6;2255;52
84;67;6;1214;14
84;158;5;95;12
84;49;6;7033;1
84;142;7;44190;1
84;142;7;22222;3
84;9;6;2255;42
84;96;7;15222;1
84;59;7;13133;1
84;37;6;1214;10
84;51;6;4411;2
84;76;6;4533;1
84;52;6;1016;4
84;48;7;55444;1
84;117;6;4422;10
84;172;6;1269;2
84;8;7;12111;1
84;174;7;70900;1
84;26;6;4445;1
84;45;7;13132;1
84;137;6;1221;1
84;44;6;4422;8
84;46;6;2255;37
84;171;3;96;9
84;59;7;95;14
84;70;6;2288;2
84;73;7;12444;1
84;163;7;11444;4
84;68;7;50;1
84;68;7;70;3
84;68;6;11;2
84;68;6;12;2
84;68;6;13;8
84;68;6;22;3
84;68;6;44;1
84;68;6;70;1
84;124;6;13;1
84;124;7;13;5
84;124;7;40;1
84;124;7;55;1
84;44;7;44123;8
84;37;7;45999;3
84;95;6;2266;1
84;74;7;96;7
84;24;7;55234;1
84;38;7;96;11
84;51;7;45111;1
84;10;7;70321;1
84;64;7;50777;1
84;172;6;1016;2
84;16;7;95;9
84;16;6;1111;4
84;161;6;2069;1
84;142;6;5533;2
84;92;6;2255;40
84;85;6;1326;5
84;109;7;11222;1
84;109;3;95;10
84;19;3;95;5
84;95;7;96;7
84;140;7;55678;13
84;171;6;2300;1
84;11;3;44;94
84;177;6;1323;1
84;135;7;13132;1
84;74;7;44777;2
84;75;7;55888;1
84;61;7;44123;20
84;116;3;12;29
84;52;6;1314;4
84;45;6;2300;2
84;124;6;4410;1
84;30;5;131;156
84;113;7;12333;1
84;39;3;96;15
84;16;6;1214;16
84;88;6;1455;2
84;89;7;15888;3
84;19;6;1000;2
84;94;5;555;11
84;6;3;95;8
84;23;7;23192;1
84;9;7;45999;1
84;122;6;2244;3
84;52;7;22556;1
84;47;7;44447;2
84;84;7;50500;1
84;56;5;700;30
84;43;7;13333;3
84;177;3;44;54
84;56;6;70;1
84;56;7;11;3
84;56;7;13;4
84;56;7;22;1
84;56;7;55;1
84;56;7;70;4
84;27;7;23123;35
84;39;7;12600;1
84;104;6;1313;10
84;60;6;1245;1
84;51;7;70321;1
84;94;6;1300;1
84;114;7;13123;8
84;18;7;55888;1
84;23;7;23333;1
84;14;5;95;10
84;136;7;12;2
84;136;7;13;7
84;136;7;44;1
84;136;6;12;3
84;137;7;33888;3
84;21;6;4422;3
84;23;5;131;165
84;79;7;43640;1
84;14;6;1212;1
84;34;7;45045;2
84;148;6;4000;5
84;28;5;95;12
84;162;6;2255;43
84;130;6;4412;2
84;85;7;95;15
84;45;6;1221;1
84;45;6;4412;1
84;29;7;33133;1
84;117;7;23123;8
84;157;6;2288;6
84;97;5;131;152
84;161;3;96;10
84;172;6;1314;3
84;162;7;13123;2
84;156;6;2222;17
84;66;7;95;3
84;13;7;13234;3
84;49;3;12;28
84;138;3;12;36
84;54;6;96;2
84;17;7;70007;1
84;132;6;1233;1
84;100;6;1333;1
84;166;3;12;23
84;109;5;96;20
84;132;7;55234;2
84;65;7;12000;51
84;3;7;12600;5
84;176;6;2222;1
84;49;6;2255;40
84;85;7;15333;3
84;75;3;95;1
84;26;7;55678;16
84;65;6;13;5
84;65;6;15;1
84;65;6;22;1
84;65;6;90;1
84;65;7;12;2
84;65;7;13;15
84;65;7;22;3
84;65;7;45;1
84;65;7;55;1
84;65;7;70;2
84;97;6;4420;1
84;145;6;5055;1
84;72;6;1326;5
84;37;6;1016;3
84;165;7;50013;1
84;30;6;1214;1
84;37;6;9014;2
84;67;6;4440;3
84;73;6;4400;1
84;54;6;2255;93
84;161;6;4447;2
84;150;7;11000;1
84;144;7;55888;1
84;165;6;1522;1
84;86;7;45555;3
84;56;3;13;139
84;59;7;44022;1
84;18;7;13456;14
84;75;6;2255;47
84;4;7;55111;1
84;162;6;1020;1
84;110;7;43;1
84;110;7;44;2
84;64;6;1234;43
84;149;7;96;8
84;10;7;15123;1
84;156;6;2300;20
84;105;6;1111;1
84;105;7;95;13
84;6;6;2222;7
84;75;6;2201;1
84;20;7;22333;1
84;96;6;7033;1
84;5;6;1221;1
84;84;6;1533;1
84;134;6;4422;10
84;95;6;2233;1
84;69;6;4440;5
84;69;6;5500;1
84;132;6;1251;3
84;161;7;43333;1
84;2;6;4490;1
84;34;6;1233;1
84;140;7;44567;1
84;126;7;11111;9
84;34;7;13789;6
84;24;7;10777;1
84;86;3;96;5
84;177;7;15678;1
84;13;6;1214;3
84;175;7;70699;1
84;17;6;7069;1
84;148;6;1214;1
84;172;7;44020;1
84;138;6;2210;1
84;79;6;5533;1
84;160;7;95;15
84;160;6;1111;3
84;81;6;1533;5
84;84;7;23123;9
84;68;6;4455;1
84;160;7;44020;1
84;91;3;12;15
84;105;3;13;51
84;165;5;555;5
84;155;7;50013;1
84;163;7;13013;1
84;167;6;1112;1
84;162;7;44447;1
84;92;6;1233;2
84;116;6;1326;1
84;50;6;1213;6
84;44;6;1300;4
84;109;3;13;107
84;116;7;44020;4
84;116;7;96;16
84;25;7;55555;1
84;9;7;15333;2
84;101;6;1533;12
84;37;5;95;9
84;13;7;11111;10
84;158;6;4000;5
84;86;7;13258;3
84;124;6;1213;4
84;56;7;12144;3
84;91;6;4444;1
84;9;7;23192;1
84;147;6;13;1
84;147;7;11;1
84;147;7;12;1
84;147;7;13;5
84;147;7;22;1
84;147;7;23;1
84;147;7;55;3
84;147;7;70;1
84;20;7;10124;1
84;11;7;45123;1
84;58;7;33888;1
84;40;6;1233;3
84;96;7;11;1
84;96;7;12;3
84;96;7;13;6
84;96;7;15;1
84;96;6;44;1
84;96;7;22;1
84;112;6;1234;3
84;90;6;4490;2
84;7;5;95;18
84;57;6;1313;5
84;67;6;1313;3
84;86;7;70699;4
84;96;7;70000;1
84;141;6;1333;11
84;166;7;13131;1
84;104;7;11113;2
84;104;7;22022;1
84;161;6;1333;1
84;85;7;96;19
84;173;6;4422;7
84;56;7;50777;3
84;8;7;33000;3
84;33;7;22777;3
84;72;6;1322;1
84;49;6;2288;1
84;20;6;2225;1
84;56;6;96;6
84;90;6;95;21
84;21;7;11113;1
84;21;7;22022;8
84;116;7;55678;12
84;57;7;13133;6
84;11;7;15333;5
84;96;6;4455;4
84;23;7;13789;1
84;126;6;1300;1
84;126;7;55678;59
84;123;7;15222;1
84;57;7;11111;17
84;67;7;11111;2
84;98;3;95;11
84;41;5;95;6
84;89;6;2201;1
84;136;7;12600;1
84;66;7;96;4
84;88;7;13133;1
84;161;6;95;20
84;70;6;1255;1
84;85;5;95;13
84;138;7;12600;3
84;97;7;33888;1
84;17;7;55111;2
84;8;3;95;6
84;84;6;2233;2
84;125;3;95;5
84;67;6;1233;1
84;139;7;12144;6
84;39;5;95;14
84;44;5;96;23
84;159;7;13555;2
84;112;3;95;9
84;41;6;4455;1
84;12;6;5001;1
84;35;6;1214;20
84;101;6;5567;2
84;167;7;12456;5
84;33;6;5001;3
84;95;3;13;129
84;68;6;4512;3
84;95;6;1010;6
84;95;6;4456;1
84;90;7;12123;1
84;90;6;2300;28
84;84;7;96;15
84;113;7;11111;2
84;84;7;45;1
84;84;7;55;1
84;161;7;12888;10
84;12;5;555;2
84;79;7;22123;1
84;41;3;44;62
84;17;7;11111;2
84;62;6;4488;13
84;69;6;4411;1
84;67;6;11;1
84;67;6;13;4
84;67;7;12;1
84;67;7;13;8
84;67;7;19;1
84;67;7;23;1
84;59;7;70567;1
84;11;6;5013;1
84;48;5;131;148
84;84;3;96;17
84;174;6;1245;2
84;167;6;96;7
84;173;6;5511;10
84;103;6;5511;1
84;46;3;96;17
84;23;6;1010;2
84;41;6;4410;2
84;74;7;11113;3
84;74;7;22022;2
84;84;6;1292;1
84;79;7;23192;1
84;79;7;44190;2
84;152;6;7069;1
84;37;5;555;7
84;149;7;13111;1
84;24;3;12;25
84;113;7;22555;20
84;116;7;12011;2
84;37;7;22777;11
84;81;7;13456;1
84;154;7;11113;4
84;154;7;22022;4
84;169;7;12888;1
84;166;7;15333;3
84;134;6;4440;1
84;155;7;43640;2
84;76;6;4022;1
84;28;7;22777;6
84;91;7;95;13
84;104;5;95;9
84;35;7;70321;1
84;2;7;15888;1
84;18;7;95;14
84;38;7;13456;4
84;23;7;33333;1
84;111;6;1111;9
84;126;6;1533;2
84;177;6;1314;4
84;100;6;4488;4
84;138;7;23123;43
84;75;7;12999;2
84;97;6;96;9
84;19;7;15555;2
84;2;7;12000;3
84;164;6;1333;1
84;56;7;12456;21
84;149;7;70007;1
84;12;6;5567;2
84;142;5;96;21
84;64;7;96;8
84;44;3;12;20
84;85;6;2210;4
84;78;7;33123;2
84;27;5;555;1
84;41;6;1251;4
84;16;6;2201;1
84;17;7;22555;35
84;42;7;95;14
84;113;6;4433;5
84;45;3;96;14
84;49;7;96;10
84;138;7;96;7
84;24;7;11111;9
84;84;7;22555;34
84;12;6;2300;9
84;109;6;2300;1
84;16;7;23123;34
84;55;7;44555;1
84;121;7;55678;6
84;163;7;95;7
84;163;6;1111;8
84;50;5;131;87
84;21;6;2233;4
84;111;7;13258;3
84;45;5;555;6
84;55;6;4433;1
84;12;7;12200;1
84;1;6;2200;2
84;177;7;45555;1
84;85;6;1322;2
84;18;7;44456;2
84;130;3;96;9
84;145;6;1251;3
84;152;6;12;3
84;152;6;13;3
84;152;6;22;3
84;152;6;50;1
84;152;6;55;1
84;152;7;12;2
84;152;7;13;8
84;152;7;22;1
84;152;7;44;3
84;152;7;55;1
84;152;7;65;1
84;47;6;1010;1
84;47;6;4456;3
84;86;3;95;4
84;4;6;4444;2
84;7;6;5522;1
84;7;6;95;12
84;158;7;22555;73
84;154;7;30000;1
84;59;5;555;5
84;129;6;2277;8
84;6;6;2300;20
84;6;7;12123;1
84;60;6;1292;1
84;139;7;12222;4
84;137;6;4444;1
84;37;6;5533;1
84;72;7;44122;1
84;134;6;5533;1
84;74;7;11000;1
84;31;6;1221;2
84;126;7;13222;1
84;164;7;13131;1
84;61;6;1222;1
84;61;6;1234;1
84;158;6;1214;7
84;16;7;13456;1
84;16;7;15888;1
84;72;6;7080;1
84;74;7;95;7
84;6;5;96;22
84;52;7;10000;2
84;124;6;1321;1
84;110;6;2210;3
84;155;7;12888;7
84;68;6;1333;5
84;113;6;1111;11
84;113;6;1313;4
84;41;7;55555;1
84;150;6;11;1
84;150;6;13;5
84;150;6;20;1
84;150;6;23;1
84;150;6;45;1
84;150;7;11;1
84;150;7;12;1
84;150;7;13;4
84;150;7;22;1
84;150;7;23;1
84;150;7;44;1
84;113;6;5522;1
84;113;6;95;13
84;113;7;45000;1
84;46;6;1314;4
84;30;6;1122;1
84;23;7;55555;1
84;7;7;22022;6
84;66;5;700;12
84;175;6;1251;2
84;1;6;1533;1
84;59;6;96;10
84;156;7;12333;1
84;130;6;1214;7
84;165;7;44321;1
84;132;7;50007;1
84;67;7;55678;45
84;57;7;55678;15
84;51;6;4410;2
84;159;7;15151;1
84;133;6;4555;7
84;134;7;12144;2
84;21;6;2200;3
84;70;6;4447;1
84;94;7;23190;1
84;150;7;13777;1
84;133;6;22;2
84;133;6;23;1
84;133;7;12;1
84;133;7;13;2
84;133;7;22;2
84;133;7;44;1
84;41;6;1321;1
84;143;6;4488;2
84;122;7;12100;1
84;159;5;96;18
84;65;7;12999;1
84;26;5;96;9
84;150;6;4477;1
84;5;6;1313;5
84;122;6;5055;1
84;89;6;4003;1
84;139;6;4447;1
84;124;6;95;10
84;134;7;10000;4
84;72;6;1214;9
84;73;7;33123;1
84;114;6;4455;2
84;18;7;22555;29
84;70;6;1213;2
84;124;6;2300;1
84;159;6;1522;1
84;44;7;23123;3
84;13;6;5555;29
84;173;7;55678;13
84;113;6;4412;1
84;136;6;5533;1
84;128;6;2277;21
84;95;7;55678;27
84;104;7;13132;3
84;86;6;1234;2
84;113;6;2201;1
84;21;5;555;1
84;9;7;13333;1
84;24;5;131;160
84;78;6;2200;3
84;89;6;5055;1
84;72;7;44190;2
84;90;7;13234;1
84;23;7;11333;1
84;52;6;4000;3
84;97;7;13258;1
84;90;7;23192;2
84;6;7;22555;69
84;113;7;96;11
84;34;7;13123;24
84;90;7;55888;1
84;81;6;4477;1
84;143;6;1213;1
84;26;6;4455;1
84;156;6;1221;1
84;5;7;12888;4
84;155;7;55111;2
84;28;6;4010;1
84;74;7;12111;1
84;126;7;13234;2
84;2;7;10123;1
84;69;6;1313;7
84;14;6;5522;1
84;14;6;95;6
84;164;7;22511;1
84;164;7;44020;1
84;164;7;96;21
84;42;7;12144;5
84;54;6;1234;2
84;15;7;44123;14
84;163;7;22777;3
84;68;6;2200;1
84;51;6;5533;1
84;149;6;7011;1
84;12;7;12600;6
84;75;5;95;5
84;45;6;4455;1
84;122;7;50013;1
84;145;5;555;11
84;68;6;2222;7
84;69;7;11113;1
84;10;7;96;3
84;122;6;4512;1
84;167;6;1300;1
84;167;7;55678;18
84;60;7;12114;1
84;123;6;1321;1
84;125;6;1000;1
84;101;6;4422;18
84;81;6;5055;1
84;2;6;4445;2
84;169;6;4490;1
84;169;6;5588;1
84;7;6;5511;2
84;75;7;13155;1
84;6;6;1300;2
84;167;3;96;10
84;16;7;55234;1
84;56;6;1233;1
84;61;3;95;14
84;17;6;6565;1
84;60;7;22777;8
84;158;6;1333;23
84;2;6;23;1
84;160;6;55;1
84;2;6;12;2
84;2;6;22;1
84;22;6;1299;1
84;23;6;4447;2
84;14;7;70000;2
84;20;6;1314;1
84;91;6;1251;1
84;145;5;96;16
84;138;6;1213;8
84;54;3;44;38
84;3;7;22380;1
84;2;7;10;1
84;2;7;13;3
84;2;7;22;1
84;2;7;70;1
84;8;7;12;2
84;8;7;13;6
84;8;7;22;1
84;8;7;23;1
84;8;7;33;1
84;8;7;44;1
84;8;7;65;1
84;8;7;70;1
84;35;6;5567;1
84;169;6;1333;1
84;148;7;55678;5
84;24;7;22022;6
84;18;7;12144;7
84;17;7;12100;1
84;65;7;44567;1
84;62;6;4422;24
84;167;6;2288;3
84;25;7;22777;19
84;109;7;45300;2
84;12;7;55444;2
84;18;6;2222;15
84;46;7;13013;1
84;46;7;70699;11
84;172;7;95;21
84;72;7;12600;1
84;72;7;65700;1
84;69;3;44;71
84;162;6;1292;1
84;86;6;12;2
84;86;6;13;2
84;86;7;13;2
84;86;7;22;2
84;86;7;55;1
84;86;7;70;1
84;41;7;96;9
84;32;7;33789;1
84;43;6;4488;2
84;154;7;70222;1
84;154;7;13132;1
84;84;6;1111;14
84;84;7;95;16
84;132;7;13123;2
84;69;6;2244;2
84;90;7;45300;1
84;42;7;13555;3
84;162;6;1333;2
84;72;7;12888;1
84;89;6;4490;1
84;78;7;22222;2
84;98;7;10123;1
84;154;6;4422;9
84;84;6;2222;3
84;116;7;55500;1
84;18;6;4456;1
84;73;7;11444;4
84;84;7;12333;6
84;23;7;43333;1
84;52;6;1313;11
84;103;6;1213;1
84;96;7;95;10
84;123;7;12144;5
84;172;7;44447;1
84;135;7;50013;1
84;38;7;33193;1
84;32;3;96;14
84;156;7;70222;2
84;49;7;45999;2
84;92;7;13123;1
84;90;7;33888;3
84;139;7;12456;2
84;59;7;55333;1
84;15;7;96;3
84;11;6;1214;2
84;58;6;1311;1
84;111;7;70000;1
84;113;7;33888;19
84;92;7;22111;2
84;95;6;4422;8
84;168;7;55678;7
84;10;7;13133;1
84;147;7;10190;1
84;86;5;700;47
84;46;6;1245;1
84;123;7;22555;49
84;162;7;70222;1
84;121;7;45111;4
84;155;6;4010;1
84;154;7;12222;1
84;25;7;11113;3
84;21;6;4488;2
84;166;6;4447;3
84;169;6;1233;1
84;116;7;65000;1
84;162;6;2288;3
84;81;7;13132;2
84;133;7;13123;1
84;133;7;23999;1
84;109;7;12100;1
84;160;6;2255;12
84;16;7;50444;1
84;57;7;23333;9
84;67;7;23333;5
84;123;6;1234;10
84;85;6;4010;1
84;52;7;55234;2
84;160;6;1213;5
84;33;6;4422;5
84;161;6;1313;5
84;177;7;13234;7
84;13;6;1112;1
84;149;6;2323;1
84;89;6;1214;20
84;96;7;22700;2
84;20;6;5511;8
84;151;3;44;67
84;20;6;4422;6
84;41;7;22555;53
84;168;7;23333;1
84;5;7;11113;2
84;5;7;22022;6
84;112;6;2277;1
84;29;6;7012;1
84;162;5;700;70
84;166;7;65013;1
84;23;6;2200;4
84;68;7;70699;4
84;38;7;70000;3
84;104;6;5555;7
84;132;6;5555;16
84;41;6;1214;18
84;154;6;1322;1
84;3;7;44456;1
84;139;7;44123;13
84;103;6;4488;2
84;113;3;13;172
84;3;6;2277;7
84;160;7;12144;3
84;14;6;1251;10
84;26;6;1251;2
84;50;7;12144;4
84;139;6;1213;8
84;19;5;700;95
84;166;7;12144;5
84;9;7;23123;24
84;30;6;5533;1
84;10;6;2277;1
84;34;7;12456;7
84;115;3;12;9
84;94;6;4441;4
84;145;5;131;146
84;146;6;1313;6
84;176;7;23333;8
84;78;7;22555;48
84;13;6;4488;5
84;148;3;44;53
84;5;7;15222;2
84;164;6;2211;2
84;42;7;13132;1
84;79;6;1213;12
84;8;6;6565;2
84;17;6;2210;2
84;41;6;1322;1
84;116;7;12600;8
84;139;6;1314;2
84;155;6;95;12
84;162;7;23192;1
84;19;7;13123;2
84;149;7;12144;2
84;58;7;55678;14
84;33;7;40;2
84;166;7;15222;4
84;33;7;44123;7
84;36;7;13013;1
84;74;6;5511;1
84;24;6;1111;2
84;96;6;1111;12
84;4;7;22777;9
84;98;6;4412;1
84;34;7;12500;1
84;34;6;1133;1
84;65;7;12345;1
84;18;7;12345;1
84;101;6;11;1
84;101;6;13;1
84;101;6;14;1
84;101;6;22;1
84;101;6;23;1
84;101;6;44;1
84;101;7;13;6
84;101;7;15;1
84;101;7;22;5
84;101;7;55;5
84;101;7;70;1
84;6;6;11;1
84;6;6;12;2
84;6;6;13;4
84;6;6;15;1
84;6;6;22;2
84;6;6;23;3
84;6;6;43;1
84;6;6;70;1
84;6;7;12;2
84;6;7;13;13
84;6;7;22;3
84;6;7;23;1
84;65;7;44456;1
84;126;7;11333;1
84;62;7;12144;9
84;21;6;5533;3
84;19;7;11111;31
84;2;6;1251;7
84;21;6;1300;2
84;171;6;1313;1
84;135;3;44;51
84;148;6;5001;1
84;76;7;13132;1
84;94;6;1010;1
84;4;6;1522;3
84;4;6;7007;1
84;41;7;55678;33
84;150;7;13234;3
84;111;6;2300;18
84;15;3;16;1
84;79;6;4555;1
84;172;7;11111;2
84;18;6;1010;1
84;111;7;12100;2
84;128;6;5511;2
84;6;6;96;10
84;12;7;22777;7
84;3;7;12500;1
84;16;7;22777;9
84;35;6;5500;1
84;171;7;22555;62
84;48;6;2244;1
84;168;7;11111;9
84;173;6;1333;4
84;30;7;22777;4
84;156;7;10123;23
84;143;7;70;3
84;129;6;1111;2
84;129;7;95;4
84;13;7;70699;5
84;163;7;96;4
84;160;7;45333;1
84;160;7;70699;2
84;40;6;5120;2
84;81;7;55678;17
84;36;7;22555;9
84;174;6;4490;3
84;161;7;12112;1
84;66;7;13133;2
84;123;6;95;14
84;6;6;5013;1
84;9;7;40777;1
84;8;7;10000;2
84;20;6;4044;1
84;136;6;1214;19
84;20;7;23123;16
84;165;7;55678;9
84;105;7;13456;5
84;105;7;15888;1
84;176;6;4444;1
84;126;7;44123;1
84;11;7;13555;1
84;172;7;33888;2
84;51;7;45300;1
84;27;6;2277;3
84;134;6;2255;25
84;121;6;7069;1
84;156;7;44123;1
84;159;6;95;18
84;126;6;4410;7
84;5;7;13258;5
84;126;7;12144;8
84;47;6;4488;1
84;133;5;96;11
84;113;7;50777;1
84;45;7;13258;2
84;121;7;12333;11
84;42;6;6565;3
84;116;5;131;186
84;161;7;13100;1
84;98;7;22777;26
84;143;6;1314;2
84;62;6;5533;4
84;10;6;1055;1
84;125;3;96;8
84;88;3;95;9
84;174;7;22111;1
84;13;7;15151;1
84;55;7;11444;4
84;137;6;1333;30
84;98;6;4477;1
84;163;5;96;14
84;116;6;2211;2
84;31;5;131;134
84;163;7;23192;1
84;9;6;2222;11
84;31;5;555;3
84;3;7;22789;1
84;3;3;13;130
84;104;6;1245;1
84;177;7;95;8
84;107;7;95;4
84;9;6;1233;1
84;74;6;1300;1
84;5;6;1111;10
84;5;7;95;19
84;27;7;22123;2
84;35;6;1020;1
84;74;7;55678;52
84;20;6;2244;4
84;20;3;96;16
84;75;7;45;1
84;75;7;55;1
84;75;7;70;1
84;75;6;12;2
84;75;6;22;1
84;52;6;4411;1
84;141;3;95;11
84;33;3;96;7
84;20;7;22022;7
84;68;6;1000;1
84;129;7;44321;1
84;123;6;4488;3
84;3;6;1522;1
84;3;7;15001;3
84;145;7;11111;66
84;12;6;2233;1
84;7;7;23123;36
84;130;7;55011;1
84;2;7;50131;1
84;171;7;13013;1
84;171;7;70699;1
84;40;7;13789;2
84;42;6;1221;1
84;129;7;12144;13
84;30;7;12144;1
84;32;7;96;5
84;20;6;6565;1
84;140;6;2200;2
84;177;6;4530;1
84;173;7;96;8
84;166;7;23123;36
84;63;3;21;1
84;10;6;2300;6
84;57;3;44;37
84;173;7;45999;3
84;73;7;96;20
84;121;3;13;195
84;58;7;12333;5
84;53;7;95;8
84;175;6;5588;1
84;79;7;15120;1
84;14;6;4455;6
84;25;6;1314;3
84;75;7;96;9
84;9;6;4440;1
84;9;6;5500;1
84;92;6;4555;1
84;33;6;4000;7
84;94;7;44600;1
84;9;6;1522;3
84;96;7;13155;7
84;12;5;96;12
84;158;6;96;4
84;162;6;51;1
84;110;5;96;10
84;21;6;1233;2
84;172;7;13234;1
84;116;7;44333;2
84;176;5;131;49
84;158;3;95;7
84;43;7;22555;46
84;18;6;2277;7
84;79;7;96;6
84;16;6;4444;1
84;38;7;13155;1
84;21;7;22555;46
84;143;6;5044;3
84;143;7;12333;2
84;156;3;95;16
84;110;6;1214;3
84;161;6;4422;2
84;10;6;4000;1
84;31;3;44;77
84;16;6;1251;4
84;51;6;10;1
84;51;6;12;5
84;51;6;13;3
84;51;6;23;1
84;51;6;33;1
84;51;6;65;1
84;51;7;11;1
84;169;7;11113;4
84;169;7;22022;6
84;165;7;15333;3
84;73;7;11333;1
84;87;6;4422;19
84;154;5;96;27
84;140;7;13234;2
84;148;6;2277;6
84;113;6;4455;1
84;177;7;23192;1
84;134;6;1214;6
84;164;7;50777;1
84;103;7;22222;3
84;73;7;65000;1
84;152;6;2211;1
84;126;6;1133;1
84;156;6;1522;5
84;18;3;12;14
84;11;6;4477;1
84;96;3;21;1
84;150;7;44027;1
84;175;5;131;128
84;162;7;50444;2
84;156;6;1300;5
84;156;7;55678;18
84;155;6;4447;3
84;84;7;22700;1
84;95;6;1333;11
84;9;7;13131;2
84;9;7;43333;1
84;9;7;55888;2
84;96;7;13013;1
84;96;7;70699;1
84;162;7;10124;5
84;174;7;12111;1
84;22;6;2300;18
84;15;7;12112;1
84;51;7;12;1
84;51;7;13;9
84;92;7;11111;7
84;92;7;12344;2
84;49;6;2211;1
84;112;3;96;14
84;11;7;65013;1
84;79;6;2222;4
84;24;6;1251;5
84;96;6;1251;2
84;152;7;23123;15
84;29;6;5555;10
84;154;6;1214;15
84;149;7;45111;3
84;62;7;22380;1
84;62;7;22700;2
84;85;5;96;38
84;24;7;22000;1
84;55;5;131;118
84;159;6;4411;1
84;157;6;5555;15
84;116;7;13258;4
84;135;5;96;22
84;64;6;4477;2
84;138;7;45111;2
84;172;6;5555;21
84;9;6;2277;10
84;46;6;1100;1
84;9;7;44020;1
84;9;7;96;7
84;124;7;65013;1
84;154;6;1000;5
84;130;3;95;4
84;8;7;70400;1
84;161;6;7007;1
84;74;7;15222;1
84;138;3;16;1
84;167;7;55234;1
84;130;7;11123;1
84;165;6;1020;1
84;138;6;96;5
84;67;6;1234;6
84;114;6;5001;1
84;6;7;13456;3
84;6;7;15888;2
84;146;7;13333;1
84;177;7;13013;1
84;46;6;1251;3
84;164;7;12600;9
84;11;5;700;80
84;70;7;22322;2
84;125;6;13;2
84;125;6;23;1
84;125;6;33;1
84;125;7;12;4
84;125;7;13;2
84;125;7;55;2
84;125;7;70;1
84;113;3;12;17
84;64;7;22022;6
84;46;7;22555;42
84;29;7;12144;1
84;136;5;95;17
84;69;7;70567;3
84;52;7;22777;6
84;70;3;13;131
84;158;7;22022;2
84;33;6;5555;5
84;121;6;1000;1
84;110;6;4422;4
84;146;7;14888;2
84;79;6;1251;2
84;29;6;2288;1
84;69;6;4477;1
84;25;7;22;8
84;25;7;44;1
84;25;7;55;3
84;124;7;23456;2
84;8;6;2255;18
84;61;6;4000;1
84;87;7;12456;1
84;156;7;22444;1
84;155;7;13123;4
84;60;6;1313;1
84;134;7;95;6
84;134;6;1111;102
84;61;7;12144;10
84;69;7;22222;2
84;69;7;44190;1
84;54;6;1300;2
84;54;7;55678;3
84;175;7;45333;1
84;175;7;12444;1
84;100;7;22555;27
84;171;7;22777;25
84;24;6;1533;1
84;26;6;96;5
84;64;7;95;12
84;54;5;700;39
84;22;6;1010;9
84;165;6;5005;1
84;155;7;70000;2
84;124;6;4000;32
84;164;7;15151;1
84;6;7;44123;1
84;42;5;555;11
84;67;6;1213;16
84;51;6;1234;4
84;3;7;44777;1
84;88;7;23333;1
84;47;6;4440;5
84;143;7;12345;1
84;145;6;1214;14
84;160;7;70070;1
84;49;7;15001;1
84;159;6;2210;1
84;72;7;23123;4
84;44;6;1221;3
84;45;6;2233;9
84;9;7;12111;2
84;133;6;4490;1
84;6;6;1313;1
84;141;6;1588;1
84;141;6;96;8
84;58;7;70567;1
84;8;6;1214;15
84;157;7;45413;1
84;90;6;2211;2
84;26;3;95;11
84;168;6;1111;8
84;95;6;1322;4
84;169;7;44007;1
84;60;6;2222;1
84;31;6;1522;1
84;41;5;700;44
84;144;6;1234;1
84;104;7;10190;1
84;173;7;55111;2
84;44;7;13333;5
84;134;6;2288;4
84;45;3;12;13
84;56;6;1111;24
84;8;6;2277;6
84;150;3;13;176
84;177;6;2300;9
84;175;7;13789;3
84;110;6;2211;1
84;146;7;12144;30
84;56;7;13013;1
84;56;7;45333;1
84;68;7;22190;2
84;90;6;2277;7
84;155;7;33145;3
84;138;6;5055;1
84;109;7;22555;67
84;3;7;13100;1
84;125;6;1251;4
84;143;7;22555;26
84;157;7;10123;1
84;92;6;5055;1
84;146;7;23123;22
84;2;6;2233;4
84;89;7;15001;2
84;27;7;70345;1
84;165;7;15001;2
84;96;7;12111;1
84;141;7;11111;3
84;5;7;23123;31
84;22;6;4488;3
84;151;6;1321;1
84;7;6;1000;1
84;101;5;96;27
84;88;5;96;17
84;147;7;44447;1
84;67;3;12;44
84;57;3;12;44
84;160;6;2277;6
84;116;6;2255;50
84;123;6;1255;1
84;56;7;36747;1
84;107;7;13258;4
84;105;6;1322;5
84;124;7;13789;1
84;139;7;45999;1
84;84;6;1300;1
84;86;3;44;61
84;3;7;45999;2
84;115;5;96;16
84;8;7;13258;1
84;101;6;4455;1
84;9;7;12100;2
84;79;7;44123;7
84;139;7;13133;1
84;51;7;33700;2
84;54;6;2299;1
84;164;5;96;32
84;3;6;7040;1
84;3;7;12190;1
84;3;7;13155;2
84;17;7;13555;1
84;8;6;2233;3
84;5;5;131;175
84;136;7;50500;2
84;12;6;5013;1
84;128;6;1311;1
84;43;3;96;15
84;161;7;22022;5
84;15;7;65013;1
84;14;7;23192;1
84;44;6;7040;2
84;88;6;1000;3
84;152;6;1000;1
84;22;6;2211;1
84;124;5;555;8
84;167;7;55888;1
84;14;6;1111;16
84;79;3;96;6
84;130;7;13123;2
84;138;6;1251;4
84;9;7;22555;47
84;161;6;3000;2
84;101;3;96;16
84;88;3;96;8
84;47;6;2222;4
84;92;6;2288;3
84;14;7;12456;4
84;112;7;44888;3
84;69;7;33133;1
84;172;7;13555;4
84;30;6;4445;1
84;13;7;13131;2
84;171;7;13133;2
84;28;7;12888;1
84;2;7;12144;10
84;163;3;16;1
84;29;7;23123;1
84;1;7;11111;5
84;141;7;44333;6
84;110;6;4444;1
84;5;6;1322;2
84;175;6;5511;2
84;23;6;5533;2
84;62;6;4444;3
84;49;6;96;7
84;103;6;96;9
84;157;7;44888;6
84;174;7;12144;4
84;31;7;13258;2
84;20;3;13;124
84;111;7;45333;1
84;111;7;70699;8
84;164;6;4410;4
84;152;7;12333;10
84;61;6;4477;1
84;149;6;2288;2
84;164;3;44;80
84;15;7;33888;1
84;56;6;1214;5
84;74;6;1251;4
84;139;7;70699;2
84;49;6;2015;1
84;16;6;2210;2
84;64;6;4512;1
84;128;7;22777;22
84;18;6;1251;4
84;138;7;40777;4
84;21;6;1313;3
84;163;7;22222;2
84;43;5;95;6
84;152;6;1214;30
84;107;6;1234;1
84;29;7;13123;1
84;150;7;15001;1
84;96;7;96;13
84;19;7;11333;2
84;117;6;2300;2
84;17;6;1000;1
84;24;6;2201;1
84;96;6;2201;1
84;145;3;16;1
84;23;7;44020;1
84;23;7;96;13
84;75;7;10;1
84;75;7;12;2
84;37;7;55678;25
84;8;6;2225;1
84;9;6;1333;3
84;167;6;5511;9
84;164;6;1010;7
84;24;7;44123;3
84;69;6;2200;2
84;52;6;1333;3
84;153;6;1588;1
84;153;6;96;15
84;129;7;55;1
84;129;7;70;2
84;129;6;12;3
84;129;6;23;2
84;114;7;13100;1
84;172;6;1292;2
84;129;6;55;1
84;33;6;1213;5
84;2;7;45999;2
84;152;6;2244;1
84;51;7;70090;1
84;167;6;1233;2
84;17;7;36192;1
84;72;6;1533;2
84;115;6;2222;1
84;22;6;5001;1
84;81;6;1213;6
84;39;7;13555;1
84;30;7;55234;2
84;6;6;1251;3
84;121;7;70007;1
84;121;6;96;13
84;42;6;1111;8
84;176;5;96;8
84;139;7;23192;1
84;175;6;96;7
84;47;7;33008;2
84;174;6;1111;68
84;159;7;11113;1
84;159;7;22022;4
84;58;7;12456;56
84;73;6;1233;4
84;153;7;50500;1
84;124;7;12333;14
84;48;6;1314;1
84;79;6;1221;2
84;128;7;12345;1
84;86;7;55678;18
84;85;7;12456;2
84;78;6;1201;1
84;79;7;12000;2
84;164;7;13123;1
84;150;7;95;24
84;146;3;95;9
84;79;6;1500;1
84;79;3;95;9
84;29;7;22555;108
84;43;3;44;52
84;126;7;70222;1
84;126;7;13132;4
84;114;6;13;2
84;114;7;12;2
84;114;7;13;6
84;114;7;22;1
84;114;7;55;1
84;114;7;70;2
84;88;6;4000;1
84;101;7;45111;1
84;107;3;44;18
84;116;6;1214;14
84;141;5;700;39
84;161;6;2233;2
84;64;6;1313;2
84;130;7;13258;1
84;5;7;33888;3
84;22;6;2222;14
84;149;7;33699;2
84;64;7;14393;1
84;90;7;44776;1
84;19;6;5533;1
84;55;6;2233;1
84;123;6;2277;8
84;161;7;12600;4
84;137;6;5511;3
84;44;7;44556;1
84;23;7;11444;1
84;95;6;4444;1
84;160;7;55;1
84;160;6;13;1
84;160;6;45;1
84;140;7;12000;45
84;152;6;1233;1
84;20;6;96;16
84;89;5;96;23
84;3;7;22120;2
84;19;6;7040;1
84;167;7;50013;1
84;22;6;2299;1
84;168;6;1321;1
84;141;6;5555;13
84;138;6;12;1
84;138;6;13;1
84;138;6;15;1
84;138;6;22;1
84;138;6;23;1
84;138;6;44;1
84;138;6;70;1
84;138;7;13;3
84;138;7;22;2
84;7;6;2277;2
84;97;6;5555;6
84;39;3;95;9
84;57;6;7000;2
84;136;6;4410;9
84;56;7;13234;2
84;30;6;2288;1
84;30;6;96;2
84;1;6;1111;10
84;126;6;2300;4
84;34;6;5533;1
84;136;7;55678;2
84;136;6;1300;1
84;89;3;95;7
84;88;7;33300;1
84;154;6;4488;2
84;154;7;15222;1
84;114;6;2244;1
84;162;7;45111;1
84;19;7;55111;4
84;149;7;45333;1
84;149;7;70699;7
84;145;6;5533;2
84;78;6;22;1
84;78;6;33;1
84;78;6;44;1
84;78;7;11;2
84;78;7;12;2
84;78;7;13;7
84;78;7;14;1
84;78;7;22;4
84;78;7;45;1
84;78;7;55;1
84;78;7;70;1
84;171;7;10124;1
84;114;7;33700;1
84;25;5;95;13
84;16;7;70090;1
84;72;7;12456;2
84;73;7;44123;6
84;5;7;96;12
84;43;7;44777;1
84;141;3;12;21
84;139;6;5511;1
84;177;6;1111;5
84;147;6;1010;1
84;58;7;12888;1
84;113;6;4422;59
84;165;6;2244;2
84;69;6;1213;20
84;136;6;1333;6
84;12;6;4567;1
84;135;7;13333;3
84;114;6;1010;2
84;114;6;4456;2
84;174;6;1233;1
84;76;6;4488;2
84;142;6;2222;4
84;9;7;33888;3
84;6;6;1455;1
84;128;7;13777;1
84;168;7;12456;8
84;17;6;2200;6
84;145;7;15333;7
84;78;6;12;7
84;78;6;13;2
84;78;6;21;1
84;31;7;44123;17
84;23;3;13;143
84;6;6;2277;4
84;137;7;12144;5
84;36;5;131;72
84;152;6;1234;8
84;126;6;1311;1
84;58;6;96;7
84;133;6;96;3
84;58;3;95;7
84;39;7;22222;1
84;53;3;95;6
84;16;7;23190;1
84;19;6;4489;1
84;16;7;33369;1
84;111;7;13155;1
84;149;6;4440;1
84;69;6;1251;1
84;31;7;70123;1
84;89;6;1533;2
84;90;7;11113;3
84;109;7;45;1
84;125;6;4455;1
84;111;6;1251;8
84;23;3;12;18
84;41;6;95;4
84;117;7;70321;3
84;9;7;11444;2
84;49;6;4433;1
84;25;6;2201;1
84;140;3;96;13
84;69;6;3550;1
84;86;7;11111;9
84;103;3;12;12
84;87;7;70007;1
84;59;7;12456;54
84;19;7;96;19
84;18;7;13013;3
84;39;6;1010;2
84;152;7;70699;9
84;74;7;12144;3
84;58;7;13132;1
84;165;7;33700;1
84;52;6;4488;3
84;44;6;1322;5
84;143;6;5533;15
84;165;7;55555;2
84;134;7;12300;8
84;72;6;1232;4
84;20;6;1533;4
84;152;7;15555;7
84;88;6;9014;1
84;88;6;1016;1
84;148;7;43640;10
84;111;6;4456;3
84;147;6;1055;1
84;152;7;11113;2
84;111;6;1010;9
84;137;7;13123;5
84;1;7;10123;6
84;70;7;22555;65
84;6;7;95;12
84;34;7;23123;31
84;4;6;5522;1
84;4;6;95;13
84;146;7;95;17
84;152;5;131;182
84;5;6;2244;2
84;41;6;1533;2
84;165;7;44190;4
84;136;7;23123;7
84;152;6;96;14
84;9;6;13;3
84;9;6;21;1
84;9;6;22;2
84;9;6;23;1
84;9;6;33;1
84;9;7;11;1
84;153;6;5511;4
84;166;6;5511;7
84;126;7;22022;5
84;70;6;5555;17
84;136;7;15888;11
84;27;3;12;13
84;81;7;12144;1
84;161;6;4432;1
84;22;7;16000;1
84;6;6;1314;1
84;23;7;13123;2
84;73;6;5555;6
84;25;6;2200;1
84;87;5;131;156
84;130;5;95;6
84;150;7;22777;6
84;104;6;2210;1
84;73;3;21;1
84;8;6;4422;7
84;49;7;12;3
84;49;7;13;10
84;49;7;22;3
84;49;6;11;1
84;49;6;13;7
84;49;6;44;1
84;49;6;55;2
84;8;7;22555;20
84;171;6;4477;1
84;13;7;23123;17
84;4;7;11;1
84;4;7;12;1
84;4;7;13;5
84;4;7;22;1
84;4;7;45;1
84;140;7;55444;3
84;130;5;700;23
84;89;6;1455;1
84;88;7;33700;2
84;17;7;55678;13
84;90;5;700;68
84;177;6;4422;3
84;21;7;44111;1
84;39;7;13123;7
84;28;5;555;7
84;149;3;95;9
84;72;6;12;1
84;72;6;13;1
84;72;7;10;1
84;72;7;12;5
84;72;7;13;5
84;72;7;16;1
84;72;7;22;5
84;72;7;33;1
84;72;7;44;1
84;72;7;45;1
84;72;7;55;1
84;72;7;65;1
84;97;7;95;19
84;115;7;70699;3
84;150;6;1251;2
84;66;6;1333;1
84;53;6;5055;1
84;126;7;23123;27
84;13;7;33300;1
84;135;6;4488;5
84;8;7;44123;6
84;94;6;7040;1
84;94;7;13155;2
84;9;6;1300;4
84;9;7;55678;18
84;25;6;95;10
84;104;6;6565;2
84;148;7;13123;2
84;114;7;96;4
84;69;7;11111;10
84;101;6;1010;2
84;101;6;4456;2
84;21;6;6565;4
84;7;7;13123;2
84;4;6;1010;10
84;4;6;4456;1
84;36;3;12;2
84;9;6;95;19
84;9;7;45000;4
84;10;6;1533;5
84;88;7;55011;2
84;129;3;95;4
84;115;3;13;46
84;161;7;70090;2
84;164;6;5055;2
84;11;7;22555;32
84;18;6;1111;1
84;30;7;70123;1
84;30;5;700;56
84;20;6;4410;1
84;57;6;1251;12
84;107;7;22555;21
84;57;6;2277;2
84;86;6;4444;1
84;7;6;96;11
84;15;7;22222;2
84;75;7;12456;4
84;23;7;22777;7
84;14;7;96;5
84;94;6;1313;3
84;24;7;15333;1
84;45;6;1533;5
84;9;7;22123;1
84;63;6;1533;1
84;141;7;12456;4
84;152;6;2222;4
84;34;7;22700;1
84;88;7;70090;1
84;61;3;44;56
84;7;6;2201;1
84;169;6;10;1
84;169;6;22;1
84;169;7;12;2
84;169;7;13;1
84;169;7;22;1
84;64;6;1322;1
84;18;7;14444;1
84;13;6;1251;2
84;28;7;23190;1
84;70;6;2225;1
84;123;7;12000;1
84;165;6;4000;4
84;160;7;13555;3
84;104;7;44321;2
84;51;6;2255;48
84;116;3;44;80
84;76;7;95;4
84;104;6;2288;4
84;34;6;1214;2
84;176;3;95;2
84;160;6;1313;1
84;121;7;33888;5
84;87;6;1313;5
84;16;6;4433;1
84;66;5;95;4
84;140;6;12;1
84;144;7;13013;2
84;20;3;44;100
84;9;6;1010;8
84;9;6;4456;5
84;20;6;5599;1
84;16;3;44;81
84;53;6;96;4
84;20;7;33888;8
84;1;6;1000;1
84;40;6;1515;1
84;64;3;12;22
84;24;7;55111;1
84;148;7;12888;1
84;148;7;13333;3
84;149;7;70321;1
84;54;6;1533;9
84;68;7;12600;2
84;72;6;1213;6
84;65;6;4512;1
84;47;7;95;4
84;52;7;33145;1
84;114;6;5511;4
84;18;6;2200;2
84;9;6;4422;5
84;117;7;13013;7
84;103;7;44123;4
84;84;6;5055;2
84;10;6;4555;1
84;159;5;131;123
84;22;6;7000;1
84;84;7;45111;1
84;155;7;22222;7
84;155;7;44190;1
84;125;7;22777;4
84;10;7;13155;4
84;94;6;5055;1
84;85;7;11333;1
84;70;6;2323;1
84;84;7;13234;2
84;121;6;2211;7
84;101;6;2222;10
84;64;7;10000;1
84;30;3;44;79
84;53;6;4455;2
84;124;7;96;6
84;18;7;70333;1
84;65;7;15888;1
84;124;7;22022;6
84;151;7;13131;1
84;41;7;13123;3
84;41;7;23999;1
84;161;7;45999;2
84;94;3;95;10
84;124;6;2201;1
84;103;7;15151;9
84;140;6;1234;27
84;151;5;95;17
84;166;6;5555;25
84;94;7;12456;8
84;32;7;22222;1
84;32;7;44190;2
84;22;7;12456;3
84;95;7;12333;1
84;42;6;1919;1
84;42;7;12888;1
84;42;7;13333;1
84;143;6;4410;7
84;159;6;1133;1
84;7;6;12;2
84;7;6;13;1
84;7;6;22;1
84;7;6;23;1
84;7;7;11;1
84;7;7;12;3
84;7;7;13;7
84;7;7;22;1
84;7;7;23;1
84;7;7;44;1
84;7;7;55;2
84;65;7;11444;1
84;63;7;44020;4
84;44;7;95;10
84;20;7;12321;1
84;173;5;555;6
84;65;6;2299;1
84;4;7;55777;1
84;74;6;1213;1
84;141;5;555;4
84;159;7;70070;1
84;34;7;70345;2
84;20;6;2222;14
84;28;7;12999;2
84;74;6;4447;1
84;29;3;12;12
84;16;6;4445;1
84;24;7;12888;1
84;110;3;12;10
84;150;7;23123;29
84;164;6;4477;1
84;30;7;55678;6
84;21;6;9090;1
84;30;6;1300;2
84;73;7;22022;2
84;65;6;2200;1
84;166;6;5533;2
84;92;6;5555;23
84;6;7;45700;1
84;111;7;13132;1
84;65;6;1313;4
84;156;6;4447;2
84;41;6;4555;1
84;103;7;13;9
84;103;7;15;1
84;172;7;15001;3
84;3;7;10123;16
84;103;7;22;3
84;103;7;44;1
84;103;7;55;1
84;103;7;65;1
84;103;7;70;1
84;52;7;33888;4
84;116;7;33456;2
84;18;6;3310;1
84;139;6;1111;2
84;62;6;1300;22
84;138;7;55333;1
84;105;5;131;57
84;166;6;2277;15
84;90;6;2255;38
84;21;7;55678;10
84;32;7;44123;12
84;168;7;95;5
84;59;7;44123;4
84;41;7;13013;4
84;41;7;70699;2
84;46;7;44444;1
84;65;6;1233;1
84;146;5;95;16
84;79;5;95;10
84;137;3;96;21
84;67;7;44567;1
84;139;7;44222;1
84;111;7;23123;35
84;63;7;15333;5
84;147;7;12600;6
84;34;6;1111;8
84;34;7;95;7
84;38;7;13123;1
84;88;6;7040;1
84;54;6;2222;2
84;70;7;12000;13
84;121;6;1533;2
84;50;6;1214;1
84;86;6;2288;2
84;55;7;44900;1
84;2;7;13222;2
84;153;7;12100;1
84;34;6;5555;3
84;75;7;10022;1
84;50;7;55678;20
84;177;7;55234;1
84;168;6;95;6
84;52;7;50500;4
84;123;7;22777;5
84;160;6;4040;1
84;155;7;55011;1
84;70;6;2200;1
84;156;6;1455;1
84;138;7;70699;2
84;46;6;4422;5
84;110;7;55678;17
84;165;6;6565;5
84;161;7;44776;2
84;16;6;2222;8
84;89;6;2244;1
84;92;6;2222;11
84;9;7;12600;8
84;9;7;65700;1
84;29;6;1322;3
84;29;6;5001;1
84;9;6;96;10
84;61;6;4512;1
84;128;6;4445;1
84;40;7;70000;2
84;66;7;33888;1
84;107;7;10123;1
84;8;7;45333;1
84;121;6;4422;6
84;169;6;2277;12
84;135;7;13258;7
84;55;6;5567;2
84;173;7;15331;1
84;148;3;95;10
84;68;3;12;18
84;37;7;33888;7
84;33;3;44;34
84;14;6;2222;4
84;138;7;12144;5
84;101;7;33123;1
84;88;7;33123;1
84;158;5;700;26
84;88;6;1314;2
84;11;7;12111;2
84;98;6;4422;4
84;56;6;2255;28
84;147;6;2244;1
84;57;6;5567;1
84;172;6;4444;1
84;46;3;13;140
84;37;7;50777;1
84;15;5;95;9
84;171;6;45;1
84;171;7;12;1
84;171;7;13;2
84;171;7;22;3
84;171;7;45;1
84;171;7;70;1
84;44;6;12;1
84;44;6;13;2
84;44;6;44;1
84;48;7;13123;2
84;90;7;45111;1
84;156;7;45333;2
84;156;7;70699;1
84;112;7;22001;1
84;12;7;50013;1
84;90;7;12144;5
84;13;6;2211;1
84;140;6;1010;2
84;75;3;12;20
84;51;7;15333;1
84;123;6;2222;9
84;138;6;1533;1
84;42;7;45111;2
84;143;7;12600;5
84;135;6;5533;7
84;17;6;1314;1
84;150;6;95;12
84;141;6;1213;2
84;51;3;96;14
84;155;7;22777;7
84;89;7;23192;2
84;44;6;1313;3
84;23;7;70000;2
84;144;7;33133;3
84;165;6;1292;1
84;153;6;7011;1
84;151;7;70000;1
84;16;6;2299;2
84;5;6;1232;1
84;30;6;5555;8
84;129;7;43640;1
84;163;5;700;26
84;12;7;22222;5
84;12;7;44190;1
84;73;7;12000;1
84;32;7;70001;1
84;73;7;13333;2
84;73;7;12888;6
84;121;7;12100;10
84;5;6;4490;4
84;68;3;95;14
84;32;6;1313;2
84;79;6;4440;1
84;1;3;12;12
84;176;7;45333;1
84;40;6;96;9
84;150;7;12144;12
84;17;6;1214;18
84;32;6;1221;1
84;171;6;2225;1
84;43;7;15001;1
84;70;6;1111;3
84;75;7;23333;3
84;130;7;11111;75
84;149;6;2255;31
84;109;5;555;1
84;155;6;1111;2
84;1;5;131;153
84;151;6;2277;7
84;140;6;5533;4
84;97;7;33200;1
84;27;7;12456;1
84;160;6;2201;1
84;84;6;2255;30
84;61;6;1010;8
84;61;6;4456;1
84;92;7;15555;3
84;100;3;12;38
84;67;6;5055;1
84;70;5;700;38
84;72;7;45111;1
84;23;6;4013;1
84;122;6;1300;2
84;122;7;55678;9
84;76;7;33888;1
84;173;7;70222;3
84;23;7;13258;6
84;89;6;1016;1
84;150;6;2300;26
84;122;7;13133;1
84;69;7;12000;62
84;30;6;12;1
84;30;6;15;1
84;30;6;22;2
84;30;6;44;1
84;30;6;45;1
84;149;7;12345;1
84;79;7;23333;2
84;154;7;44123;2
84;164;6;4445;1
84;27;5;131;173
84;6;6;2244;3
84;55;6;1245;1
84;20;7;15001;2
84;122;6;1322;1
84;52;6;5050;1
84;155;7;55500;1
84;16;6;1299;1
84;6;3;96;17
84;28;6;4444;3
84;141;5;95;14
84;20;7;12000;3
84;90;6;5500;1
84;90;6;4440;1
84;20;7;36192;2
84;14;7;95;6
84;65;6;4400;2
84;61;7;11;1
84;61;7;12;1
84;18;6;4000;12
84;122;3;13;155
84;130;6;1321;1
84;160;7;22022;4
84;160;7;11113;1
84;177;5;555;2
84;69;7;12111;3
84;133;7;33222;1
84;37;7;36192;1
84;29;6;1214;1
84;122;7;44567;2
84;138;6;5511;7
84;40;3;95;7
84;113;6;1233;1
84;55;7;45111;1
84;147;6;1251;9
84;158;6;2277;7
84;4;7;15555;3
84;147;7;65700;1
84;113;7;44123;1
84;58;3;96;19
84;133;3;96;7
84;109;7;12111;1
84;72;6;4444;1
84;66;6;2233;1
84;1;6;96;15
84;95;6;4440;3
84;33;6;1016;1
84;177;7;55678;10
84;107;7;55678;17
84;37;6;1300;1
84;89;7;12444;1
84;89;7;70699;7
84;129;7;70321;4
84;21;6;2222;14
84;129;5;700;42
84;153;7;22380;1
84;149;7;43640;2
84;139;6;2255;26
84;84;7;33300;2
84;72;6;2277;41
84;156;7;13133;2
84;122;6;7033;2
84;28;7;15333;1
84;98;7;11111;4
84;5;3;44;80
84;30;6;1522;1
84;161;7;55011;1
84;1;7;23123;44
84;160;7;22555;21
84;151;7;22555;34
84;150;7;23192;1
84;59;7;12333;1
84;5;6;4567;1
84;45;6;3000;4
84;116;6;5050;2
84;174;6;4444;2
84;171;6;1010;1
84;171;6;4456;1
84;57;6;96;17
84;165;3;44;79
84;2;6;1313;3
84;72;3;44;94
84;128;3;13;140
84;25;3;13;139
84;5;7;11000;1
84;51;5;555;5
84;69;5;555;4
84;20;6;12;1
84;20;6;13;3
84;20;6;15;1
84;20;6;44;1
84;161;6;4000;3
84;24;7;23192;1
84;20;6;50;1
84;14;7;55678;27
84;104;7;44888;2
84;145;6;5511;3
84;5;6;4422;11
84;66;7;12333;1
84;65;6;4490;1
84;59;7;22555;67
84;96;7;12144;3
84;22;6;4445;2
84;145;6;1111;12
84;145;7;95;7
84;26;7;10000;1
84;81;3;12;24
84;52;7;12111;3
84;41;6;5599;6
84;153;7;12333;4
84;21;6;1213;10
84;167;6;1111;5
84;167;7;95;20
84;81;6;2222;5
84;153;7;13789;2
84;17;7;44123;3
84;156;7;12444;1
84;73;7;23123;2
84;81;5;131;177
84;6;6;1321;1
84;88;6;1234;4
84;68;6;4490;1
84;146;6;4455;1
84;4;6;4490;3
84;111;7;44190;2
84;17;7;50500;7
84;78;6;1333;2
84;101;3;44;81
84;88;3;44;98
84;94;7;33888;1
84;124;3;12;20
84;156;7;12112;1
84;13;7;33888;3
84;21;7;13258;1
84;23;6;2233;1
84;121;6;4433;1
84;158;7;33222;1
84;138;6;1319;1
84;57;7;12444;4
84;23;7;10190;1
84;24;6;1213;11
84;96;6;1213;16
84;30;6;4456;29
84;92;6;1016;2
84;113;3;16;1
84;162;6;1111;9
84;153;6;2255;27
84;109;6;1233;1
84;12;6;1233;1
84;37;3;96;11
84;155;6;5555;17
84;172;6;4000;1
84;176;6;5555;2
84;91;7;44888;2
84;19;6;1251;19
84;167;7;13258;1
84;37;7;22555;58
84;141;6;1232;1
84;63;7;13100;1
84;63;7;22120;2
84;24;6;7033;2
84;98;7;13123;1
84;116;6;6565;4
84;74;5;700;52
84;42;7;13234;2
84;164;6;6565;4
84;49;3;13;124
84;138;3;13;136
84;37;6;1213;10
84;42;6;1214;25
84;61;6;2222;1
84;5;6;4456;5
84;85;7;55111;1
84;132;6;2277;4
84;23;7;55111;1
84;9;5;95;14
84;152;7;12999;1
84;154;5;700;89
84;17;6;1300;1
84;73;5;96;30
84;95;7;13123;6
84;160;7;22700;2
84;87;7;13234;1
84;25;7;44123;3
84;58;6;1251;6
84;140;6;4422;19
84;1;6;4477;1
84;136;6;13;1
84;136;6;33;1
84;1;6;1522;1
84;6;7;55111;3
84;175;6;1333;3
84;37;7;95;16
84;72;7;15333;1
84;40;7;12000;1
84;21;6;1214;12
84;20;7;12330;1
84;163;5;95;4
84;42;7;90000;1
84;97;7;12456;6
84;169;7;12999;1
84;46;6;1214;8
84;176;6;4488;2
84;47;5;555;34
84;15;6;4490;1
84;111;7;12600;7
84;85;6;2288;1
84;68;6;1221;1
84;7;7;10000;2
84;35;7;45045;1
84;72;7;11111;35
84;27;7;15001;2
84;79;3;13;99
84;113;7;12600;9
84;62;3;44;70
84;20;6;4455;1
84;12;6;1111;7
84;156;7;22111;1
84;142;6;1533;6
84;43;7;12333;1
84;89;7;10777;1
84;168;6;2244;1
84;58;5;95;15
84;133;5;95;12
84;150;6;4456;2
84;90;7;50500;4
84;73;6;4444;1
84;168;6;4410;2
84;9;6;4410;3
84;74;7;13133;1
84;98;7;23123;11
84;19;7;13133;2
84;87;7;44123;12
84;1;7;44020;5
84;94;6;5555;15
84;59;6;1313;3
84;60;6;4412;1
84;151;7;12111;1
84;28;6;2288;3
84;14;6;1213;3
84;26;6;1213;2
84;144;6;1322;3
84;23;6;1251;7
84;66;3;44;19
84;174;7;44123;3
84;140;7;23123;9
84;23;7;22022;6
84;72;7;33888;1
84;53;5;131;129
84;142;6;2277;50
84;11;7;12456;1
84;121;7;11333;1
84;113;7;13333;1
84;149;6;2244;1
84;25;6;1111;1
84;25;7;95;11
84;17;7;23123;31
84;22;5;131;154
84;18;7;13234;3
84;64;7;13234;1
84;94;7;22700;1
84;64;5;700;66
84;20;6;2200;7
84;48;6;4488;2
84;92;7;33888;2
84;165;7;13234;2
84;171;5;555;8
84;148;6;2255;14
84;21;7;15001;3
84;79;6;1321;1
84;8;3;44;64
84;22;7;13222;1
84;123;6;4000;2
84;100;6;5555;84
84;5;6;1326;1
84;176;6;4490;3
84;160;7;44123;7
84;147;7;11113;4
84;59;6;1533;1
84;153;7;23192;1
84;123;6;4410;6
84;173;7;50777;1
84;133;7;44690;3
84;16;7;13133;1
84;98;7;43640;3
84;24;6;5533;1
84;162;6;1213;8
84;151;3;95;14
84;103;7;15333;3
84;4;6;96;5
84;157;6;96;14
84;161;7;33888;3
84;65;7;23123;7
84;114;6;2300;3
84;46;6;1213;15
84;147;6;2255;36
84;11;7;22999;1
84;62;6;2277;3
84;45;5;95;13
84;37;7;70070;1
84;44;6;1020;2
84;15;6;2313;1
84;15;7;10123;1
84;89;7;13234;1
84;75;6;1522;1
84;67;7;33000;1
84;34;6;4422;10
84;152;3;12;36
84;139;6;4455;1
84;153;7;13133;2
84;44;7;12100;3
84;148;5;700;44
84;112;7;45413;1
84;155;7;10123;6
84;61;6;2323;1
84;96;7;44123;4
84;44;6;2200;1
84;23;7;44888;2
84;23;6;9090;1
84;1;7;13131;1
84;12;7;12100;1
84;12;7;44000;1
84;27;6;4000;4
84;14;6;1234;1
84;14;6;4411;1
84;78;6;1234;3
84;174;7;22777;6
84;9;6;7012;1
84;52;7;13234;1
84;147;6;1221;2
84;85;7;11111;26
84;6;7;11113;1
84;6;7;22022;1
84;90;7;11444;1
84;154;6;1090;1
84;12;7;12000;44
84;112;6;1221;3
84;90;6;4433;1
84;4;7;12600;9
84;156;6;1314;2
84;51;6;1569;1
84;40;6;1333;5
84;37;6;1113;1
84;135;7;95;12
84;135;6;1111;3
84;135;7;11111;5
84;14;6;4488;3
84;70;6;4555;1
84;139;6;2300;6
84;167;7;23123;32
84;51;6;1213;6
84;137;6;1255;2
84;139;7;13111;1
84;114;7;44447;1
84;144;5;96;16
84;18;7;22190;2
84;67;6;1111;4
84;67;7;95;13
84;59;7;55234;3
84;124;3;13;120
84;164;6;2277;10
84;97;7;55678;5
84;163;7;15333;2
84;136;7;44888;4
84;148;6;1333;10
84;52;6;1299;1
84;158;6;4433;3
84;53;6;1245;1
84;33;5;555;2
84;9;7;10777;2
84;43;6;4456;7
84;7;6;5599;4
84;112;6;2200;1
84;135;7;22555;101
84;70;6;4455;1
84;104;7;15001;1
84;109;6;1111;3
84;142;6;1322;3
84;105;6;95;13
84;6;6;6565;5
84;34;7;15888;5
84;70;7;55333;1
84;35;7;15678;1
84;161;3;12;29
84;144;6;1255;1
84;72;6;5555;1
84;50;7;65013;2
84;49;7;44123;1
84;143;6;1214;48
84;89;6;5555;7
84;165;7;10190;2
84;12;3;44;84
84;161;7;10123;4
84;81;3;44;37
84;24;7;10123;11
84;146;6;4422;6
84;79;6;4422;9
84;79;7;40101;1
84;53;7;12144;2
84;150;7;13123;4
84;155;6;1313;12
84;6;5;95;10
84;161;6;1000;3
84;68;7;10123;3
84;173;7;13;5
84;173;7;22;6
84;173;7;23;1
84;173;7;70;2
84;173;6;12;1
84;173;6;13;5
84;173;6;33;2
84;173;6;44;2
84;18;6;5511;7
84;91;6;4490;1
84;3;6;4410;2
84;3;7;55111;1
84;35;6;1522;3
84;126;6;1313;6
84;4;7;23123;39
84;17;7;15001;3
84;111;3;13;153
84;148;7;22022;2
84;161;7;44447;1
84;103;5;131;149
84;166;7;12000;2
84;22;7;65;1
84;112;7;11;1
84;112;7;12;2
84;112;7;13;16
84;112;7;22;2
84;112;7;23;1
84;166;7;13789;1
84;148;6;2288;1
84;137;6;1000;1
84;97;7;33193;1
84;54;7;13;6
84;54;7;22;5
84;54;7;44;1
84;54;7;45;1
84;54;7;70;2
84;54;6;10;1
84;54;6;15;1
84;54;6;22;3
84;54;6;36;1
84;67;7;70007;1
84;114;7;23123;22
84;54;7;22555;79
84;50;6;1251;4
84;4;7;12000;2
84;157;7;12000;2
84;84;6;2288;1
84;123;6;2211;2
84;23;6;1214;17
84;176;7;12300;1
84;67;7;22555;45
84;20;6;2300;16
84;35;6;2211;5
84;62;7;44040;2
84;166;6;1313;4
84;128;6;4456;2
84;129;7;15333;1
84;6;7;12111;2
84;46;7;13155;1
84;156;6;4000;3
84;52;7;22222;6
84;52;7;44190;2
84;169;7;96;2
84;153;7;10000;5
84;68;6;2288;1
84;103;6;2225;1
84;124;7;13132;36
84;11;3;95;11
84;104;7;15333;5
84;43;6;4555;2
84;88;7;22120;1
84;177;7;12144;1
84;105;7;96;1
84;126;6;2255;61
84;158;6;4410;14
84;46;6;4445;1
84;125;3;12;16
84;161;6;4444;1
84;51;6;2200;1
84;61;7;44020;2
84;61;7;96;4
84;164;7;15333;1
84;28;3;96;8
84;135;6;1321;1
84;40;3;12;28
84;146;5;131;153
84;158;7;12333;1
84;19;6;5544;1
84;137;7;23190;1
84;162;6;5567;1
84;165;7;45999;2
84;167;6;9090;1
84;48;6;1000;1
84;135;7;15888;5
84;3;7;23192;2
84;44;6;2299;1
84;85;7;45123;1
84;152;7;12300;1
84;96;7;12500;1
84;22;7;12112;1
84;100;6;1010;1
84;100;6;4456;1
84;37;7;22999;1
84;63;6;1522;1
84;51;7;15001;3
84;160;6;4488;4
84;5;6;2288;4
84;24;6;4012;1
84;148;3;96;8
84;49;6;5511;3
84;96;7;23333;2
84;142;6;1300;2
84;142;7;55678;9
84;19;7;12220;2
84;153;7;12888;2
84;42;7;70500;1
84;147;7;22900;2
84;73;3;44;86
84;51;6;4422;10
84;52;6;5567;1
84;128;3;12;22
84;62;7;55678;6
84;25;3;12;15
84;152;6;4410;1
84;134;6;1010;1
84;37;6;5511;6
84;33;7;44888;7
84;55;7;40101;5
84;7;7;22777;1
84;153;6;1313;2
84;159;6;1313;3
84;140;6;1311;1
84;44;6;2015;1
84;148;7;70345;1
84;1;7;33193;6
84;48;6;4456;1
84;44;7;43640;2
84;137;7;10000;1
84;22;6;2277;12
84;136;5;555;2
84;68;7;22222;4
84;27;6;3333;1
84;47;7;12100;6
84;122;7;70000;1
84;133;6;5533;1
84;30;6;4422;18
84;165;7;10124;1
84;172;7;55555;4
84;142;7;96;4
84;37;7;10123;5
84;51;7;50500;3
84;162;6;4433;1
84;3;6;1314;3
84;104;7;44020;1
84;104;7;96;6
84;56;7;22777;1
84;6;7;33369;1
84;22;7;12500;1
84;85;6;5020;1
84;126;7;22777;4
84;74;6;4422;11
84;59;7;55678;8
84;69;7;95;12
84;16;7;23192;1
84;74;6;1214;16
84;164;7;70699;6
84;149;6;1214;13
84;166;7;13234;4
84;48;7;44190;1
84;161;7;96;12
84;117;6;95;2
84;69;7;44456;1
84;63;6;2210;7
84;139;6;1245;1
84;17;6;1111;7
84;22;6;2244;1
84;138;6;4422;20
84;68;7;12111;4
84;161;5;555;5
84;17;7;90000;2
84;14;3;12;34
84;23;6;4456;2
84;169;6;5533;1
84;150;6;1201;1
84;5;7;12345;1
84;61;6;2288;1
84;90;6;1322;1
84;173;7;33145;1
84;174;3;13;104
84;130;6;2288;2
84;145;7;45111;1
84;18;7;13123;1
84;62;7;44447;3
84;41;7;33222;1
84;78;6;2210;1
84;67;7;55011;1
84;65;3;95;5
84;137;6;1111;17
84;137;7;95;17
84;61;6;1221;4
84;135;5;131;144
84;38;6;5055;2
84;74;6;2225;1
84;11;7;65700;1
84;124;7;44888;2
84;109;7;12000;2
84;35;6;1255;1
84;105;6;5013;1
84;65;6;4440;12
84;19;7;44333;2
84;81;7;70090;1
84;156;6;1112;1
84;140;6;2244;4
84;116;7;50500;6
84;47;6;1214;3
84;114;7;50500;2
84;147;6;1533;2
84;146;6;1000;1
84;47;7;22777;1
84;70;7;10190;2
84;160;6;4490;2
84;41;6;5533;1
84;96;7;22222;3
84;5;7;55111;2
84;124;6;4343;1
84;138;7;13258;1
84;154;7;14888;1
84;138;7;13123;10
84;141;6;1111;3
84;141;7;95;12
84;142;7;13333;1
84;134;3;96;21
84;28;7;13013;5
84;73;7;12300;1
84;45;6;12;4
84;45;6;13;1
84;45;6;23;1
84;175;5;95;28
84;16;7;11111;3
84;154;6;2277;15
84;97;6;1333;13
84;74;6;2300;2
84;122;7;13789;1
84;138;6;1221;2
84;45;6;33;1
84;21;7;33123;2
84;45;6;44;2
84;45;6;45;1
84;45;6;55;1
84;45;6;70;1
84;45;7;10;1
84;45;7;12;2
84;169;3;13;82
84;95;5;700;35
84;111;7;13123;1
84;153;6;1214;23
84;159;6;1214;16
84;174;7;22022;3
84;46;6;1292;2
84;1;7;96;14
84;100;7;11111;10
84;135;6;1322;1
84;1;7;10000;1
84;97;6;1233;1
84;2;7;13123;2
84;73;3;80;2
84;112;7;44111;1
84;85;6;2277;33
84;84;6;5555;13
84;28;6;1234;3
84;85;7;12123;1
84;121;6;1233;2
84;76;7;55888;1
84;70;7;11111;22
84;50;7;22222;2
84;175;7;70007;1
84;123;5;95;21
84;51;7;12100;1
84;10;6;2201;1
84;90;6;1212;1
84;107;6;1010;1
84;177;6;1010;3
84;90;7;15888;6
84;3;6;5044;1
84;3;7;12333;1
84;44;7;55888;2
84;111;7;15333;4
84;174;6;2211;1
84;3;6;5599;1
84;133;6;1234;15
84;73;6;2225;1
84;8;7;12222;2
84;165;6;4511;1
84;61;7;10190;1
84;113;6;2200;1
84;97;3;12;13
84;177;7;22777;5
84;89;7;15222;1
84;33;3;12;20
84;138;6;2277;5
84;143;6;4447;1
84;153;6;1251;15
84;133;6;5567;1
84;98;7;12456;1
84;166;6;96;9
84;66;7;13222;1
84;16;6;2323;2
84;134;7;70007;2
84;105;6;1213;4
84;121;6;1522;4
84;91;7;15333;1
84;17;6;2288;4
84;72;6;2222;2
84;42;6;96;3
84;126;6;5533;2
84;37;7;70699;3
84;57;7;13789;4
84;156;7;22120;3
84;46;7;45300;1
84;31;6;4456;20
84;31;6;1010;1
84;12;6;95;15
84;97;7;15888;32
84;124;7;22555;18
84;9;3;13;141
84;168;3;13;61
84;122;5;131;182
84;138;7;44456;1
84;72;6;1016;4
84;110;7;45555;3
84;138;7;33700;1
84;23;7;33222;1
84;38;6;5567;3
84;37;7;50013;3
84;174;3;12;62
84;59;7;15888;2
84;67;3;96;14
84;57;3;96;20
84;47;6;1292;1
84;52;6;2277;7
84;174;6;4445;1
84;33;7;96;4
84;89;6;2255;40
84;142;6;1113;1
84;157;7;22222;1
84;19;7;12333;21
84;164;6;4488;1
84;17;7;13123;1
84;73;6;4412;1
84;73;7;80180;1
84;123;6;96;8
84;35;6;1251;11
84;53;6;2222;5
84;134;7;96;6
84;157;3;44;78
84;8;6;96;9
84;101;6;1111;2
84;15;6;5511;1
84;132;6;4000;4
84;110;7;43640;1
84;159;6;7011;1
84;154;6;1221;2
84;163;6;1533;5
84;22;6;5533;1
84;41;6;5511;3
84;64;6;1112;1
84;114;6;1251;1
84;153;5;131;149
84;92;6;1000;1
84;81;6;5511;1
84;173;7;22555;38
84;49;6;6565;1
84;113;6;7040;3
84;31;7;13333;1
84;129;7;11111;8
84;7;6;1251;3
84;95;7;15333;5
84;153;3;13;116
84;140;6;4512;1
84;164;7;15001;1
84;28;7;13234;2
84;176;6;1525;1
84;140;7;12444;1
84;140;7;13013;3
84;140;7;70699;1
84;104;6;1213;7
84;147;7;11111;56
84;157;5;96;29
84;3;7;30000;1
84;30;6;4001;1
84;17;6;1855;1
84;9;6;5555;16
84;149;5;95;9
84;138;7;70345;3
84;122;3;95;10
84;160;5;95;18
84;164;7;70222;3
84;113;7;65013;1
84;53;7;22222;1
84;13;7;70321;1
84;111;7;15888;3
84;146;7;10123;3
84;155;7;70090;1
84;162;7;55234;1
84;138;7;10122;1
84;122;6;1000;1
84;171;6;1251;1
84;81;5;555;10
84;72;7;12144;5
84;62;7;13777;2
84;78;6;95;15
84;154;7;22222;7
84;154;7;44190;5
84;15;6;2300;6
84;15;7;12123;1
84;3;5;95;10
84;21;6;4400;1
84;79;7;70090;1
84;62;7;13258;1
84;149;7;70222;1
84;113;5;555;6
84;22;6;1313;9
84;18;6;1533;4
84;130;7;45333;5
84;130;7;70699;4
84;89;6;5511;7
84;2;6;2222;11
84;6;7;22222;4
84;4;7;70000;1
84;78;6;4441;1
84;91;6;2244;1
84;114;6;4477;1
84;112;7;13132;3
84;169;6;5555;24
84;165;7;65000;2
84;149;6;1010;10
84;139;3;44;63
84;94;7;12111;1
84;21;7;33000;1
84;59;6;2277;1
84;94;5;95;13
84;10;7;55333;1
84;112;6;1245;1
84;104;7;13130;3
84;8;7;23123;9
84;51;7;15222;7
84;94;6;1522;1
84;139;7;12888;3
84;5;6;1314;1
84;75;7;23444;1
84;22;6;2233;2
84;1;7;13555;1
84;52;7;15678;1
84;53;7;15151;4
84;121;7;15888;1
84;78;7;70321;3
84;98;6;96;9
84;168;7;13789;1
84;148;6;4410;3
84;163;7;55111;2
84;165;6;2299;1
84;68;6;2201;1
84;24;6;4410;3
84;164;6;5013;1
84;132;7;12999;1
84;41;7;12333;1
84;27;7;15888;3
84;161;7;70223;1
84;96;5;555;10
84;32;6;4490;1
84;139;6;2299;7
84;47;6;2255;108
84;19;6;4000;2
84;135;7;44123;14
84;45;7;23123;1
84;148;6;1111;28
84;5;7;70000;2
84;21;6;1321;1
84;2;7;55111;1
84;6;3;13;153
84;8;7;50500;1
84;90;7;33369;3
84;30;5;555;5
84;64;6;4410;1
84;151;6;1533;2
84;149;6;4490;3
84;149;6;5588;1
84;79;6;4490;1
84;10;7;70699;2
84;3;7;13258;2
84;98;6;1321;2
84;96;7;22777;9
84;19;7;22022;5
84;94;6;95;11
84;9;6;2244;1
84;57;7;44888;1
84;46;6;5533;3
84;18;6;1000;1
84;14;6;2300;4
84;13;7;44333;1
84;31;7;22555;101
84;92;7;22555;54
84;92;7;45111;3
84;33;7;13123;22
84;162;7;45333;2
84;126;6;4422;8
84;68;7;13333;1
84;16;7;13013;1
84;16;7;45333;1
84;16;7;70699;14
84;5;6;1133;1
84;110;6;4447;1
84;149;6;1213;9
84;158;6;5555;3
84;143;6;5555;11
84;57;6;1111;5
84;34;6;4000;6
84;114;7;50013;1
84;139;6;4422;34
84;104;7;13133;1
84;16;7;13155;1
84;22;7;22777;14
84;167;7;33000;2
84;7;6;4447;1
84;64;7;55678;6
84;140;7;44447;1
84;47;6;4422;6
84;161;7;70222;2
84;116;6;2233;1
84;166;6;5044;1
84;86;6;4456;4
84;33;7;22999;1
84;68;6;2300;3
84;55;5;555;14
84;162;6;4422;15
84;24;7;70300;1
84;24;6;2200;7
84;54;6;1515;1
84;64;6;1123;1
84;126;7;13777;1
84;132;6;5055;1
84;22;3;44;95
84;33;7;13155;1
84;67;7;33222;1
84;11;7;11111;10
84;164;6;4422;8
84;70;7;13013;2
84;32;7;22555;88
84;125;7;11444;1
84;151;6;5555;16
84;18;7;55234;1
84;150;7;33888;2
84;100;6;2255;30
84;35;3;12;41
84;149;7;22777;11
84;134;6;1292;2
84;140;7;55111;7
84;91;7;65700;1
84;113;7;12000;8
84;31;6;5555;5
84;56;6;1099;1
84;70;7;70000;1
84;41;7;22022;4
84;18;6;95;7
84;8;7;12144;7
84;133;6;1533;2
84;46;6;4050;1
84;31;6;1311;1
84;24;7;13155;2
84;123;5;700;47
84;151;6;4445;1
84;41;6;1213;14
84;74;6;5555;57
84;37;7;15555;1
84;114;6;5044;2
84;172;6;1214;14
84;26;6;4488;1
84;137;6;4410;10
84;27;6;4422;2
84;156;7;10456;1
84;113;6;1251;1
84;21;7;50013;1
84;46;7;11113;2
84;46;7;22022;4
84;122;6;1251;5
84;8;7;12100;2
84;166;6;2227;1
84;159;7;11000;1
84;166;7;50500;3
84;58;6;95;7
84;92;7;50500;4
84;123;3;95;14
84;31;3;13;106
84;88;7;10777;1
84;96;7;33000;6
84;166;6;2211;4
84;8;6;3333;1
84;59;7;45111;1
84;142;6;1311;1
84;43;7;10000;1
84;39;6;2255;48
84;111;7;45300;1
84;121;7;13789;1
84;88;7;11444;2
84;157;3;13;107
84;60;7;12600;2
84;166;3;96;14
84;56;7;12888;3
84;56;7;13333;3
84;50;6;5511;2
84;26;6;1533;2
84;95;7;33133;2
84;177;6;1214;8
84;174;7;45111;1
84;44;7;12;1
84;147;3;95;5
84;19;6;1232;5
84;126;6;96;2
84;175;7;13155;1
84;150;7;15333;1
84;107;6;95;5
84;81;6;1292;2
84;155;7;13234;2
84;20;7;13234;2
84;3;7;11444;1
84;76;6;4444;1
84;162;6;5555;21
84;116;6;7011;1
84;114;6;1522;2
84;114;7;15001;2
84;94;6;2222;10
84;11;6;4488;6
84;40;6;1213;2
84;116;7;15001;3
84;47;6;5555;49
84;19;6;2300;4
84;72;6;1251;21
84;62;6;1112;1
84;151;7;45333;5
84;109;6;1000;2
84;12;6;1000;1
84;5;7;13123;1
84;156;6;1233;4
84;81;3;95;5
84;5;6;1455;1
84;17;7;22777;5
84;96;6;4490;1
84;59;7;23333;1
84;64;6;1213;31
84;51;3;13;148
84;92;6;4000;2
84;62;7;10333;3
84;78;6;5577;1
84;148;5;131;64
84;110;6;5555;16
84;22;6;4567;1
84;105;6;2022;2
84;87;6;4477;1
84;16;7;22120;2
84;3;7;12300;1
84;72;7;90909;2
84;16;6;4488;1
84;1;6;5511;4
84;91;7;70070;1
84;96;7;12888;6
84;89;7;23333;1
84;69;6;2255;45
84;48;7;13133;3
84;145;7;33133;2
84;57;6;1010;23
84;57;6;4456;1
84;69;3;96;17
84;96;7;55678;16
84;19;7;23123;2
84;153;7;23123;12
84;18;3;95;9
84;100;7;13258;2
84;128;6;6565;3
84;116;7;13;5
84;116;7;22;1
84;20;7;13132;2
84;20;7;70222;3
84;169;3;44;59
84;3;6;1214;16
84;116;6;1314;2
84;96;7;13333;1
84;58;6;4488;2
84;133;6;4488;7
84;66;6;4410;3
84;111;7;15001;6
84;69;6;1112;1
84;137;7;70345;5
84;40;6;1422;1
84;92;6;4447;1
84;56;7;11444;2
84;38;6;2233;1
84;88;6;2210;2
84;81;7;11444;3
84;153;7;45333;2
84;153;7;70699;3
84;96;7;23123;12
84;24;7;23123;36
84;176;6;2288;3
84;88;7;44888;2
84;68;7;13013;3
84;94;7;12999;1
84;69;7;12555;1
84;76;6;1333;1
84;72;6;2210;3
84;6;6;5511;9
84;165;6;7069;1
84;48;7;12112;3
84;163;7;12333;18
84;52;6;2222;8
84;155;6;2288;5
84;53;5;555;2
84;111;7;33000;1
84;142;7;33888;1
84;161;7;15333;1
84;46;7;23123;35
84;52;7;13258;2
84;48;7;13130;1
84;112;6;4488;3
84;46;6;2211;2
84;11;6;4447;1
84;138;6;1214;28
84;124;7;12456;14
84;65;6;1213;19
84;97;6;4490;1
84;97;6;5588;1
84;40;5;555;9
84;148;7;95;9
84;145;6;1353;1
84;124;7;23123;16
84;9;7;13555;1
84;51;7;44776;2
84;14;7;22777;6
84;63;6;1251;4
84;20;6;1251;4
84;141;7;13132;1
84;141;7;70222;1
84;139;5;700;36
84;87;6;1522;1
84;162;7;65700;1
84;65;6;4422;9
84;78;3;44;45
84;166;6;1292;2
84;160;7;15888;1
84;88;7;13789;2
84;41;6;2300;6
84;69;5;95;12
84;3;7;45333;1
84;3;7;70699;8
84;105;6;96;3
84;122;7;50777;2
84;141;7;13258;1
84;40;7;44888;2
84;62;6;1234;1
84;18;7;70070;1
84;5;7;22555;47
84;162;6;1455;2
84;16;6;5555;23
84;75;7;11444;1
84;166;7;55111;1
84;116;7;33300;1
84;89;6;4488;2
84;130;7;12600;2
84;52;6;1522;1
84;31;6;4490;1
84;68;6;5013;4
84;128;6;2255;89
84;55;6;4490;1
84;23;6;1333;2
84;21;7;22000;1
84;76;3;13;89
84;12;6;1245;1
84;162;7;10123;15
84;151;5;131;160
84;75;5;96;23
84;79;7;22777;4
84;154;7;36192;1
84;44;7;22380;1
84;44;7;44333;1
84;167;5;700;67
84;86;6;2299;9
84;18;6;1221;2
84;15;7;44122;1
84;24;7;70222;1
84;154;7;50500;3
84;32;7;15151;1
84;22;7;23123;31
84;46;3;44;65
84;140;6;1251;1
84;176;3;12;11
84;111;6;4567;1
84;173;6;1221;3
84;176;7;13456;1
84;47;7;15888;1
84;37;7;15333;1
84;40;6;2288;1
84;85;7;10123;1
84;53;6;1213;2
84;88;7;12333;1
84;57;7;15888;1
84;35;7;15555;10
84;39;7;12333;5
84;128;6;5555;6
84;158;7;13789;1
84;52;7;55678;14
84;147;7;13789;1
84;123;5;96;24
84;122;6;1118;1
84;122;6;4455;1
84;56;5;555;4
84;154;7;23456;1
84;49;7;22022;1
84;64;7;23333;1
84;14;7;44888;2
84;152;6;7080;1
84;112;6;5590;1
84;51;6;1313;9
84;132;6;1214;4
84;96;6;1234;1
84;35;7;13258;2
84;143;6;1251;1
84;43;7;44123;8
84;165;3;96;12
84;68;6;1369;1
84;172;6;1588;1
84;172;6;96;17
84;78;6;1533;1
84;144;6;2288;1
84;53;6;4555;3
84;64;6;4455;2
84;90;7;33444;1
84;11;3;12;21
84;166;6;1314;1
84;59;7;44;1
84;59;7;45;1
84;59;7;55;1
84;176;7;70321;1
84;15;7;15333;1
84;40;6;12;1
84;37;7;33123;1
84;72;6;4422;12
84;31;6;2255;113
84;23;6;5599;1
84;16;7;70234;1
84;150;6;1311;1
84;124;7;12600;1
84;8;7;22222;4
84;32;3;12;13
84;69;7;36190;1
84;146;6;1333;1
84;27;6;7040;1
84;64;7;22777;8
84;68;6;1010;2
84;44;7;13123;1
84;67;7;22222;9
84;67;7;44190;1
84;105;7;11111;1
84;2;6;1214;24
84;56;7;11111;60
84;73;7;12144;9
84;91;7;22333;2
84;117;7;33300;1
84;29;7;55234;1
84;167;7;22123;1
84;28;6;1314;3
84;140;6;4433;6
84;62;6;2255;48
84;74;7;22555;48
84;172;7;22555;17
84;173;3;95;15
84;41;5;96;27
84;15;7;33456;1
84;153;7;14400;1
84;21;6;1111;9
84;176;6;4422;3
84;36;3;13;74
84;92;6;1533;1
84;30;3;12;10
84;132;3;44;53
84;164;6;1251;5
84;122;6;4456;3
84;113;7;12144;3
84;35;7;22111;8
84;6;7;11111;9
84;75;6;4488;1
84;67;7;33033;1
84;79;7;33000;1
84;135;6;1313;1
84;10;6;1010;1
84;10;7;13555;1
84;16;7;10000;3
84;38;6;4412;1
84;150;7;22022;1
84;89;6;4445;1
84;101;6;1313;1
84;134;3;13;156
84;121;7;11444;2
84;23;7;13132;3
84;23;7;70222;6
84;164;7;12;1
84;164;7;13;6
84;164;7;15;1
84;164;7;22;1
84;164;7;23;1
84;164;7;55;1
84;164;6;12;1
84;164;6;13;3
84;164;6;22;1
84;151;6;13;3
84;151;6;22;2
84;151;6;23;1
84;151;6;70;1
84;151;7;12;1
84;151;7;13;4
84;151;7;22;1
84;151;7;23;4
84;151;7;44;2
84;2;6;5001;1
84;6;6;2225;1
84;60;3;95;1
84;7;6;1213;16
84;31;7;44777;1
84;134;6;1234;14
84;134;6;4411;1
84;24;7;11113;1
84;12;6;5533;7
84;11;6;1333;5
84;161;6;1311;1
84;49;7;13131;1
84;74;6;2222;1
84;168;6;6565;1
84;39;7;13456;3
84;88;7;11113;1
84;88;7;22022;9
84;54;6;4455;1
84;13;6;4555;1
84;13;7;55111;2
84;34;3;95;7
84;13;7;13123;3
84;21;6;1234;4
84;21;6;4411;2
84;11;7;13777;1
84;22;7;10190;1
84;45;7;95;10
84;30;7;13555;1
84;166;6;2233;3
84;10;6;1292;4
84;160;3;13;92
84;174;7;11111;3
84;6;7;22380;1
84;87;5;700;59
84;32;5;95;3
84;100;7;13333;1
84;34;6;4488;8
84;159;3;12;14
84;64;6;4013;2
84;175;7;10123;6
84;73;7;11999;2
84;73;6;1422;1
84;92;6;1300;2
84;7;3;44;65
84;65;6;4000;6
84;112;6;2255;82
84;111;3;95;7
84;10;7;11111;19
84;37;7;13258;4
84;154;6;4410;2
84;173;6;1500;2
84;46;7;13258;1
84;24;7;50500;5
84;169;7;44888;1
84;10;7;50131;1
84;89;6;1333;2
84;163;6;4477;1
84;163;7;55678;12
84;68;7;10000;1
84;96;6;2200;1
84;89;6;1313;7
84;113;6;2300;7
84;173;6;1533;2
84;8;7;13155;2
84;143;6;1234;11
84;7;7;95;14
84;129;7;44123;24
84;54;6;2300;2
84;69;6;2288;6
84;57;6;1213;5
84;57;6;1322;2
84;43;7;13555;1
84;42;7;45000;1
84;74;6;4567;1
84;56;7;14444;3
84;30;6;1533;1
84;129;6;7040;1
84;117;7;12000;6
84;76;5;700;49
84;52;6;1201;1
84;4;6;2201;2
84;11;3;13;141
84;14;7;10000;1
84;23;7;12456;1
84;143;6;1313;8
84;44;7;33456;1
84;73;6;5533;3
84;96;6;5511;2
84;51;7;13155;2
84;5;7;50013;1
84;114;7;11111;1
84;147;6;4000;2
84;172;7;65234;1
84;167;6;1326;1
84;76;7;11111;13
84;89;6;96;13
84;67;7;33456;1
84;168;6;13;2
84;168;7;13;1
84;100;3;44;31
84;133;6;1300;1
84;133;7;55678;18
84;37;6;1292;6
84;81;7;33133;1
84;144;6;2233;1
84;72;7;33123;1
84;60;5;700;45
84;78;6;1214;16
84;2;6;1322;1
84;52;7;33300;1
84;15;5;131;140
84;157;7;12345;1
84;129;7;33456;6
84;123;5;555;8
84;45;5;131;68
84;155;6;1213;9
84;41;3;95;4
84;152;5;96;27
84;22;3;12;27
84;162;7;13555;2
84;67;6;2222;18
84;4;7;13789;1
84;157;7;13789;2
84;63;7;11444;3
84;173;6;3555;1
84;67;7;44020;1
84;63;7;45111;1
84;28;3;95;5
84;4;6;4000;3
84;100;5;95;8
84;29;6;5533;2
84;15;3;13;115
84;132;7;12000;1
84;111;6;1300;4
84;138;6;9014;1
84;138;7;10190;1
84;161;6;2222;25
84;149;5;555;2
84;61;7;10333;1
84;65;7;13456;13
84;60;7;30000;1
84;105;6;4410;6
84;128;7;55678;6
84;121;7;12144;11
84;85;6;4412;2
84;11;7;70;1
84;11;7;13;3
84;11;7;23;2
84;11;7;44;1
84;151;6;1333;7
84;12;7;15333;4
84;109;6;95;9
84;121;6;4445;1
84;11;7;44567;2
84;177;7;50123;2
84;173;6;1522;1
84;137;6;5533;4
84;74;6;13;3
84;74;6;14;1
84;74;6;22;1
84;74;6;33;1
84;74;6;70;1
84;74;7;10;1
84;74;7;12;2
84;74;7;13;2
84;74;7;14;1
84;74;7;22;1
84;37;7;55234;1
84;61;7;43640;1
84;21;7;23123;24
84;139;7;14888;1
84;139;6;1251;3
84;85;6;2300;4
84;26;6;22;2
84;26;7;13;10
84;26;7;15;1
84;26;7;22;7
84;26;7;33;1
84;26;7;55;1
84;139;7;15888;7
84;13;6;1111;7
84;13;7;95;14
84;59;7;11444;2
84;69;7;12888;1
84;59;6;1213;5
84;116;6;1313;4
84;164;7;12888;1
84;42;6;12;2
84;42;6;13;1
84;42;6;23;1
84;95;7;11113;1
84;136;7;12345;1
84;96;6;4410;3
84;51;6;4488;3
84;53;7;22555;88
84;17;7;15555;4
84;139;6;2200;6
84;133;7;44888;6
84;121;6;1111;4
84;151;7;12144;9
84;73;6;1234;1
84;65;7;55111;9
84;12;6;4488;9
84;57;7;10000;4
84;157;7;11113;3
84;157;7;22022;2
84;112;7;23123;4
84;41;7;44888;1
84;136;6;5555;4
84;52;6;1588;1
84;52;6;96;3
84;16;7;44567;1
84;140;7;12600;2
84;87;3;13;127
84;17;7;15222;1
84;87;6;2222;6
84;84;3;13;110
84;54;5;131;128
84;25;6;1234;1
84;35;7;55234;5
84;58;7;70699;1
84;43;6;95;10
84;41;7;44556;1
84;155;6;4410;3
84;92;7;12300;1
84;156;7;13789;3
84;92;6;4455;1
84;11;6;2244;1
84;121;7;70070;1
84;151;6;1010;3
84;159;6;4444;2
84;110;7;12500;1
84;16;6;95;9
84;165;7;96;16
84;154;3;96;11
84;157;7;12456;70
84;13;6;7033;1
84;23;7;55678;11
84;63;6;2222;3
84;113;6;2277;2
84;173;6;1111;4
84;17;7;22222;5
84;76;6;1010;1
84;76;6;4456;1
84;173;6;1313;7
84;123;7;13131;1
84;15;5;555;3
84;154;7;12300;1
84;53;6;5533;1
84;176;7;11111;2
84;5;6;4488;3
84;177;7;55111;1
84;76;7;55111;1
84;138;7;10123;6
84;65;7;22022;1
84;123;7;13222;1
84;94;6;2210;1
84;8;6;4441;3
84;151;6;1111;3
84;151;7;95;13
84;97;7;44333;1
84;18;7;70000;2
84;17;3;96;12
84;4;7;70090;1
84;57;3;95;27
84;20;5;95;17
84;28;7;15000;1
84;89;7;12000;4
84;29;6;2222;2
84;51;7;33300;1
84;95;6;1000;11
84;5;3;96;20
84;9;5;96;24
84;44;7;55234;3
84;42;3;13;127
84;30;7;55222;1
84;44;6;1233;2
84;11;7;95;17
84;11;6;1111;5
84;117;6;4455;2
84;75;7;33300;1
84;111;6;1533;7
84;32;6;2277;10
84;59;7;33123;1
84;12;6;4422;13
84;129;6;4440;5
84;112;7;70000;1
84;117;5;700;9
84;9;6;5055;2
84;144;6;1313;1
84;88;7;43640;1
84;33;3;13;176
84;124;6;4441;1
84;121;6;4488;7
84;130;7;45111;1
84;129;6;4412;2
84;177;7;12600;1
84;25;6;1214;2
84;163;7;22555;64
84;142;7;13555;2
84;151;7;22700;1
84;151;7;44333;1
84;24;7;13234;2
84;92;6;2244;2
84;135;6;5001;1
84;3;7;70090;1
84;159;7;13133;2
84;11;7;44027;1
84;92;7;13130;1
84;167;7;12300;1
84;129;6;4512;1
84;150;7;12600;15
84;29;5;131;152
84;12;7;13777;4
84;81;6;4555;1
84;81;7;55111;3
84;75;6;2288;7
84;46;5;700;54
84;130;5;131;188
84;87;6;55;1
84;57;6;1234;12
84;78;6;3333;1
84;132;7;55678;18
84;22;3;95;8
84;11;7;55333;1
84;162;7;15555;3
84;110;7;13258;2
84;78;5;700;35
84;65;6;2100;1
84;167;3;13;118
84;6;7;43640;1
84;44;7;22777;7
84;22;6;3555;1
84;35;5;96;27
84;69;3;13;158
84;152;6;4488;4
84;101;7;44123;6
84;88;7;44123;4
84;32;7;11111;3
84;35;6;1299;2
84;69;6;4455;1
84;88;6;4555;1
84;116;7;12555;1
84;136;6;4488;5
84;145;6;1533;1
84;11;7;40101;1
84;62;6;5555;4
84;3;7;12144;9
84;55;6;1251;4
84;66;7;44888;27
84;73;7;13132;2
84;156;7;12011;3
84;75;7;22555;46
84;21;7;80180;1
84;74;6;1111;5
84;46;7;44888;1
84;167;7;96;6
84;150;3;95;16
84;95;7;23123;4
84;100;6;2222;6
84;40;7;13123;1
84;3;7;45111;1
84;155;7;15888;3
84;30;7;10777;2
84;54;6;4456;17
84;103;7;13555;1
84;81;6;4455;2
84;73;6;4010;2
84;15;7;13258;1
84;53;7;55888;1
84;1;6;1233;2
84;109;6;1533;2
84;46;7;43640;1
84;35;6;2200;1
84;3;6;2222;16
84;1;6;1292;1
84;158;6;2222;5
84;43;6;5055;2
84;167;6;15;1
84;122;7;22777;10
84;121;6;5511;2
84;140;7;22022;5
84;22;6;4010;3
84;50;7;11444;1
84;11;6;1233;1
84;4;6;1233;2
84;152;7;11999;1
84;48;6;1123;1
84;12;6;1533;3
84;59;6;6565;1
84;85;7;90909;1
84;162;3;44;89
84;167;7;10;1
84;167;7;11;1
84;167;7;13;6
84;167;7;15;1
84;167;7;22;1
84;167;7;55;1
84;167;7;70;1
84;167;6;11;1
84;167;6;13;2
84;13;7;22555;58
84;61;5;700;49
84;47;6;3355;1
84;128;6;1221;1
84;104;3;96;6
84;48;7;12144;26
84;156;7;50013;3
84;4;6;2288;3
84;132;7;44123;6
84;22;7;22120;2
84;39;7;12144;14
84;157;6;4488;7
84;167;7;23192;2
84;24;6;2222;9
84;96;6;2222;7
84;8;6;2300;7
84;115;6;1333;2
84;143;7;15555;8
84;44;3;95;5
84;81;7;15333;1
84;160;6;5555;4
84;81;6;4410;7
84;149;7;11999;1
84;40;3;44;31
84;41;7;70190;1
84;141;7;44123;16
84;132;7;11;2
84;132;7;12;1
84;132;7;13;2
84;132;7;22;2
84;132;7;23;1
84;85;7;11;2
84;85;7;12;3
84;85;7;13;4
84;85;7;15;1
84;85;7;22;1
84;85;7;44;1
84;85;7;70;3
84;85;6;12;2
84;85;6;13;2
84;155;6;13;2
84;155;6;23;1
84;155;7;10;2
84;155;7;12;1
84;155;7;13;2
84;155;7;22;1
84;70;6;11;1
84;70;6;12;2
84;173;6;2300;6
84;173;7;12123;1
84;34;7;10123;1
84;74;7;10777;1
84;156;6;4433;1
84;113;7;13258;4
84;74;7;13123;1
84;9;7;13133;1
84;136;7;95;9
84;136;6;1111;41
84;162;6;6565;3
84;79;6;1100;1
84;89;7;33789;1
84;39;5;96;22
84;134;7;11444;7
84;157;6;4444;1
84;17;7;50013;3
84;32;6;1000;1
84;94;6;4455;4
84;41;7;12888;1
84;41;7;13333;2
84;51;6;1016;4
84;22;6;4490;1
84;5;6;7011;2
84;172;6;5533;3
84;17;6;2277;6
84;65;6;2288;5
84;147;6;4004;1
84;35;6;7011;2
84;91;5;131;76
84;34;3;12;18
84;39;7;22555;44
84;114;6;1234;40
84;16;6;1213;15
84;68;6;2255;38
84;171;7;44777;1
84;70;6;4433;1
84;57;6;2255;14
84;113;3;95;5
84;2;6;2288;4
84;19;6;4441;1
84;158;7;55678;11
84;101;3;12;28
84;88;3;12;31
84;100;3;13;90
84;7;6;5555;43
84;22;5;95;13
84;164;6;2255;36
84;172;7;13777;2
84;69;6;7040;1
84;42;7;10100;1
84;56;6;5055;1
84;72;7;96;16
84;63;6;5555;37
84;27;5;96;36
84;62;6;96;7
84;175;6;4433;2
84;63;7;13456;1
84;145;3;12;27
84;157;7;33888;1
84;161;7;10777;1
84;97;7;44888;1
84;152;7;22111;4
84;34;6;2255;98
84;61;7;12600;4
84;154;5;95;18
84;103;7;44888;1
84;169;6;2255;40
84;136;7;12144;1
84;40;5;96;22
84;137;6;1201;3
84;7;6;1333;3
84;154;6;1533;2
84;172;7;15888;4
84;95;6;4488;12
84;154;7;44999;1
84;73;6;1221;1
84;67;5;700;51
84;57;5;700;32
84;121;7;44888;5
84;9;7;12300;1
84;167;7;12144;4
84;62;5;700;47
84;13;6;5050;2
84;37;6;2233;3
84;104;7;12144;9
84;154;7;11111;7
84;12;6;4411;1
84;110;7;15151;1
84;110;6;2288;3
84;92;6;1214;20
84;141;6;1245;3
84;156;7;13123;1
84;167;7;11113;5
84;175;6;1000;1
84;49;6;1251;16
84;32;6;1322;1
84;46;7;55888;1
84;98;6;1111;1
84;98;7;95;27
84;90;6;1292;1
84;158;5;96;2
84;139;7;44888;4
84;109;3;96;9
84;142;6;4456;12
84;138;7;33123;1
84;92;6;5533;2
84;137;7;12888;1
84;137;7;13333;1
84;110;7;11444;2
84;116;7;11111;8
84;6;5;131;184
84;13;6;5511;10
84;7;5;96;17
84;174;7;13;3
84;174;7;22;1
84;174;7;44;2
84;174;6;12;1
84;174;6;13;2
84;174;6;22;1
84;166;7;55678;23
84;101;7;12600;1
84;88;7;12600;12
84;73;6;8080;1
84;9;6;1299;1
84;18;7;12300;2
84;138;6;1300;3
84;54;7;44040;1
84;9;7;22444;1
84;138;7;22777;3
84;49;7;22777;1
84;97;7;12333;2
84;95;6;1588;1
84;14;7;70090;1
84;17;7;15333;1
84;122;6;2277;10
84;125;7;55444;1
84;81;6;1313;3
84;40;7;23123;42
84;32;7;33133;1
84;35;6;1233;2
84;53;7;13222;2
84;72;7;15555;2
84;2;6;2255;15
84;56;6;2277;2
84;5;7;13222;1
84;116;7;10000;2
84;169;6;1234;2
84;72;7;44123;6
84;95;7;12456;5
84;117;6;1213;14
84;100;7;43640;2
84;63;7;95;8
84;154;7;33882;1
84;76;3;96;15
84;23;6;2277;9
84;5;7;13131;1
84;5;7;55888;1
84;20;6;1321;1
84;174;5;700;39
84;84;6;1212;1
84;17;6;4010;1
84;9;7;45111;2
84;26;6;4343;1
84;26;7;22777;30
84;40;6;2233;1
84;128;6;7012;2
84;115;7;43640;6
84;166;7;11444;3
84;98;6;4410;1
84;140;6;1214;6
84;135;7;44888;2
84;158;6;1321;1
84;74;6;4410;2
84;124;7;70345;2
84;97;7;13155;2
84;28;7;22555;35
84;160;6;2200;6
84;87;7;13;8
84;87;7;22;5
84;87;7;55;2
84;87;7;70;1
84;87;6;12;1
84;87;6;13;2
84;167;7;33300;1
84;87;6;23;1
84;87;6;33;1
84;175;7;15333;1
84;34;6;1322;1
84;63;5;96;18
84;100;7;44888;4
84;89;7;43333;1
84;155;7;90070;1
84;23;7;23123;24
84;145;6;2210;7
84;52;7;12888;5
84;52;7;13333;1
84;41;7;45;1
84;41;7;23;5
84;41;7;33;1
84;41;7;44;1
84;41;7;55;2
84;41;7;70;2
84;41;6;13;4
84;41;6;22;1
84;41;6;23;2
84;132;6;13;2
84;132;6;33;1
84;132;6;65;1
84;68;6;1311;3
84;79;7;13133;1
84;14;7;55555;2
84;100;6;2288;2
84;65;6;95;9
84;135;7;44333;2
84;150;7;65000;1
84;11;7;44123;2
84;135;7;13123;9
84;49;3;96;14
84;138;3;96;7
84;104;7;33123;1
84;68;6;95;16
84;3;6;2288;3
84;22;6;4456;4
84;41;7;23333;1
84;153;7;15222;1
84;79;6;2200;1
84;70;7;10555;1
84;111;6;2288;1
84;129;5;555;7
84;5;6;1213;10
84;128;6;96;19
84;154;6;3300;1
84;51;7;13258;6
84;13;7;70222;4
84;8;6;95;10
84;34;6;2222;1
84;38;6;1221;1
84;155;7;44321;1
84;72;5;96;39
84;104;7;55678;6
84;46;6;1522;1
84;42;6;2201;1
84;36;6;1234;35
84;94;7;15888;1
84;140;6;50;1
84;140;6;55;1
84;140;7;10;1
84;140;7;12;3
84;140;7;13;7
84;140;7;14;1
84;140;7;33;1
84;140;7;36;1
84;140;7;40;1
84;7;6;4455;2
84;28;7;55999;4
84;3;7;50013;2
84;34;6;1010;1
84;34;6;4456;1
84;149;7;44888;1
84;86;7;15151;1
84;124;6;2222;5
84;25;7;55678;18
84;68;7;10030;1
84;10;6;2323;1
84;125;7;22555;50
84;67;5;95;12
84;57;5;95;34
84;33;6;1313;1
84;167;6;5013;1
84;110;5;555;6
84;34;7;22120;1
84;61;7;13777;1
84;55;7;22777;1
84;133;6;2277;9
84;11;6;4410;1
84;94;7;22555;26
84;147;7;44777;2
84;132;6;5511;5
84;45;6;4444;1
84;42;7;33888;6
84;111;6;4010;1
84;158;7;44888;5
84;84;7;55255;1
84;176;3;44;20
84;97;6;1212;1
84;128;7;11111;6
84;25;7;11111;5
84;66;7;13258;1
84;35;7;95;14
84;35;6;1277;1
84;153;6;4410;1
84;18;6;4488;3
84;143;7;23123;25
84;161;6;2244;2
84;65;7;13013;1
84;64;5;95;13
84;23;6;13;5
84;23;6;22;2
84;23;6;40;1
84;23;6;43;1
84;23;6;44;1
84;111;6;4490;2
84;132;6;4343;2
84;132;7;22777;3
84;44;7;12500;2
84;166;7;12600;1
84;2;6;2277;4
84;153;6;22;1
84;153;6;23;1
84;153;6;33;1
84;153;6;50;1
84;153;6;65;1
84;153;7;10;1
84;153;7;12;4
84;153;7;13;7
84;153;7;15;1
84;153;7;55;2
84;153;7;70;3
84;73;6;1322;1
84;16;7;44190;4
84;58;7;33000;1
84;23;6;5013;1
84;111;7;33700;1
84;13;7;11113;3
84;13;7;22022;6
84;173;6;4444;2
84;151;7;44027;1
84;63;7;22700;2
84;129;7;22777;6
84;61;7;15333;1
84;32;6;7069;2
84;112;7;96;3
84;13;6;4444;1
84;148;7;55333;2
84;61;5;96;21
84;169;5;700;47
84;163;6;2255;73
84;148;6;13;1
84;148;7;11;1
84;148;7;12;1
84;148;7;13;2
84;56;7;22010;1
84;38;7;12144;10
84;148;7;22;1
84;148;7;33;1
84;148;7;40;1
84;148;7;55;1
84;148;7;70;1
84;89;6;1234;6
84;175;6;1213;22
84;70;6;5511;1
84;39;7;13258;2
84;61;6;4433;1
84;86;7;12000;2
84;144;3;44;6
84;12;7;55234;1
84;43;5;131;113
84;172;6;1522;5
84;100;6;2244;1
84;144;6;7000;1
84;53;7;96;4
84;27;7;55678;2
84;49;6;5555;7
84;147;7;23123;8
84;125;7;44111;2
84;19;6;1333;3
84;1;6;5555;2
84;92;7;12456;4
84;94;7;55678;14
84;142;7;12;1
84;140;7;13123;1
84;143;7;44888;2
84;76;6;1234;1
84;30;7;55888;1
84;26;6;1010;1
84;13;6;6565;2
84;53;7;33123;1
84;113;7;45333;6
84;113;7;70699;4
84;117;7;55678;2
84;55;3;44;53
84;137;7;12456;12
84;15;6;1213;1
84;154;6;1010;7
84;125;7;44123;11
84;21;6;5555;12
84;11;7;33888;2
84;172;5;555;4
84;98;6;1333;3
84;136;7;12456;38
84;140;6;1113;1
84;7;7;12144;8
84;55;6;5555;16
84;141;6;2201;1
84;1;7;70222;1
84;13;7;12888;18
84;167;6;1322;1
84;143;7;33000;2
84;140;7;22101;1
84;164;7;33000;1
84;156;7;22022;2
84;156;7;11113;2
84;13;7;15222;1
84;87;7;65013;2
84;18;6;1245;1
84;114;7;12300;1
84;153;6;1333;3
84;159;6;1333;4
84;14;6;5567;1
84;96;6;1322;1
84;97;7;13555;6
84;96;3;96;14
84;155;6;5511;20
84;86;6;1522;5
84;116;6;5511;5
84;70;6;1533;2
84;129;6;4444;1
84;167;6;4010;1
84;36;7;44447;1
84;116;6;1292;3
84;11;7;13132;6
84;11;7;10122;1
84;110;6;5577;1
84;19;7;12300;3
84;72;7;11999;3
84;72;6;2055;1
84;113;7;11113;2
84;113;7;22022;1
84;115;3;96;11
84;22;7;44000;1
84;63;6;2211;1
84;9;7;44444;1
84;125;7;96;4
84;53;7;11111;4
84;88;6;1333;9
84;168;7;11113;1
84;168;7;22022;5
84;130;7;12888;9
84;176;6;95;1
84;12;6;6565;1
84;40;7;23;2
84;40;7;45;1
84;40;7;55;2
84;135;5;700;35
84;23;7;13133;2
84;41;6;1212;1
84;6;6;4000;2
84;13;7;12;1
84;13;7;13;4
84;13;7;22;3
84;13;7;44;1
84;13;7;55;1
84;13;7;70;1
84;126;7;13123;6
84;146;7;44447;2
84;136;3;12;29
84;122;7;55234;5
84;148;7;22555;20
84;88;7;13123;4
84;2;7;44456;1
84;133;7;95;4
84;140;6;13;5
84;140;6;44;1
84;64;7;13;12
84;64;7;22;3
84;64;7;45;1
84;64;7;70;1
84;125;7;23123;2
84;20;7;33333;1
84;51;7;22555;51
84;98;7;33888;2
84;153;7;12600;12
84;42;6;1319;1
84;76;7;23333;1
84;84;7;65700;1
84;100;7;95;4
84;116;6;4447;1
84;174;7;65234;1
84;13;7;15120;1
84;89;7;13222;1
84;97;6;1111;5
84;124;7;12112;5
84;107;7;13555;3
84;122;6;5555;7
84;121;6;7011;7
84;162;6;1233;3
84;73;7;22111;1
84;48;6;4490;1
84;57;6;5013;7
84;53;6;2288;1
84;171;6;2222;8
84;174;7;11;1
84;174;7;12;2
84;146;7;22777;6
84;16;3;96;10
84;166;7;70699;5
84;70;7;55234;11
84;172;7;12000;1
84;24;7;65700;1
84;121;6;1245;1
84;4;6;5533;3
84;157;6;5533;1
84;139;7;12333;4
84;161;7;70699;9
84;123;7;12500;1
84;11;7;22777;11
84;125;6;2233;1
84;58;5;96;35
84;172;6;1533;7
84;156;7;44020;1
84;156;7;96;19
84;141;6;5500;1
84;48;5;96;17
84;52;7;33700;1
84;81;6;4488;5
84;22;7;45333;2
84;22;7;70699;6
84;173;7;22022;13
84;38;6;2222;8
84;19;7;12100;1
84;37;7;10000;2
84;51;7;15;1
84;51;7;22;1
84;51;7;55;1
84;51;7;70;5
84;161;7;90000;1
84;176;6;2255;12
84;58;6;4000;3
84;133;6;4000;1
84;63;7;96;10
84;24;7;12500;2
84;173;6;1010;18
84;173;6;4456;4
84;56;7;13155;3
84;135;7;22777;6
84;43;6;5555;62
84;8;5;96;24
84;30;7;22555;98
84;84;7;22322;1
84;45;5;700;8
84;24;6;4488;1
84;69;7;15001;1
84;133;6;1214;15
84;86;5;131;112
84;113;6;2255;23
84;12;6;4000;8
84;161;7;44345;1
84;11;7;15555;1
84;163;7;12456;2
84;38;7;13333;3
84;61;6;6565;1
84;125;5;96;16
84;105;7;45;1
84;105;7;55;1
84;161;6;4490;1
84;21;6;1314;1
84;168;5;131;67
84;33;3;95;8
84;115;6;2300;4
84;43;3;95;6
84;51;6;96;10
84;104;6;4410;1
84;63;7;23123;1
84;34;3;13;185
84;84;7;23333;2
84;46;7;44123;3
84;104;3;21;1
84;24;7;12111;1
84;4;7;12100;1
84;164;7;13555;1
84;154;7;22555;32
84;74;5;95;11
84;75;6;1255;1
84;63;6;95;5
84;46;7;33456;2
84;52;6;4490;2
84;35;6;5522;2
84;35;6;95;9
84;33;6;5533;2
84;164;7;15888;2
84;59;7;22222;1
84;136;7;13123;2
84;79;7;13234;1
84;121;7;12888;3
84;163;3;96;14
84;152;5;95;28
84;121;7;13333;5
84;89;7;13789;2
84;63;7;12333;3
84;31;7;96;4
84;42;6;4400;3
84;177;6;1522;1
84;137;3;13;208
84;125;7;12144;14
84;39;7;70000;2
84;21;7;13123;4
84;81;5;700;21
84;59;7;44190;3
84;78;7;44111;2
84;164;5;95;25
84;163;7;13789;2
84;167;6;4422;7
84;151;6;2233;1
84;11;7;12888;1
84;22;7;44020;1
84;22;7;96;14
84;88;5;700;82
84;90;7;13132;2
84;90;7;70222;4
84;70;7;13234;1
84;92;3;13;144
84;46;6;4000;1
84;61;6;95;20
84;85;3;13;121
84;143;7;14444;1
84;79;7;55678;20
84;162;7;15222;2
84;152;7;96;8
84;15;6;1322;1
84;36;7;11111;2
84;114;6;95;6
84;165;7;10000;2
84;104;6;1012;1
84;35;7;12300;1
84;28;6;2244;1
84;141;7;13555;2
84;7;7;23333;4
84;12;6;4490;1
84;92;6;2210;2
84;153;7;22022;5
84;52;7;23192;2
84;151;6;1599;1
84;128;6;1251;10
84;168;7;22555;4
84;91;7;23333;17
84;112;7;55234;3
84;7;6;5567;2
84;37;6;1234;2
84;152;5;700;29
84;14;7;11111;1
84;51;7;70070;1
84;37;7;22222;14
84;88;6;2288;2
84;137;7;44123;3
84;161;7;10022;1
84;173;6;4012;1
84;18;6;4455;2
84;65;7;15333;6
84;155;7;23190;1
84;43;6;1292;2
84;44;3;13;92
84;110;6;2299;12
84;114;6;96;6
84;79;6;1111;17
84;79;7;95;14
84;60;7;44123;3
84;169;6;96;4
84;73;6;2277;35
84;135;7;45045;1
84;167;6;2323;1
84;122;6;4410;1
84;149;7;70070;1
84;72;6;4477;1
84;14;7;22022;2
84;138;7;22222;3
84;138;7;44190;1
84;72;6;4411;2
84;72;6;1222;1
84;72;6;1234;2
84;28;5;700;27
84;58;6;2277;3
84;98;7;12999;1
84;79;6;1333;15
84;6;7;12456;5
84;6;7;15123;1
84;142;7;95;10
84;149;6;4433;1
84;136;7;10000;2
84;173;6;2255;37
84;32;6;2255;103
84;76;7;55555;1
84;154;7;44040;1
84;26;3;13;153
84;172;6;2200;1
84;67;6;2288;1
84;130;6;4533;1
84;11;7;65000;1
84;73;7;11111;25
84;73;7;12344;1
84;72;7;55678;4
84;162;6;95;14
84;33;6;4412;1
84;172;7;10122;2
84;156;3;44;107
84;114;3;44;31
84;85;6;1522;1
84;22;6;95;20
84;46;7;22777;14
84;86;6;1533;1
84;160;3;95;11
84;84;6;1251;6
84;58;6;4422;13
84;133;6;4422;6
84;27;7;11444;1
84;177;6;4555;1
84;152;7;22777;1
84;159;7;12456;6
84;10;6;1213;9
84;95;7;22555;49
84;142;6;2255;149
84;140;7;10123;1
84;19;7;12000;1
84;126;6;1010;2
84;103;6;1300;1
84;94;7;13555;1
84;94;6;1251;5
84;153;6;1112;1
84;3;3;12;23
84;165;6;1251;4
84;69;6;4488;7
84;95;7;12600;3
84;136;7;96;4
84;136;7;44020;1
84;11;7;44888;6
84;24;5;95;8
84;166;6;1213;12
84;63;6;7040;1
84;2;7;15333;1
84;150;6;1292;2
84;98;7;12600;2
84;27;6;4410;3
84;72;6;4433;1
84;52;6;1000;3
84;114;6;4422;8
84;29;7;13333;2
84;62;6;1213;10
84;21;6;4530;1
84;48;6;2233;10
84;18;5;555;1
84;10;6;1300;1
84;128;6;95;22
84;9;7;22380;1
84;9;7;44333;1
84;145;7;11444;7
84;141;7;23333;5
84;67;7;55777;4
84;16;5;131;186
84;47;7;22555;98
84;50;7;22555;10
84;17;5;96;24
84;18;7;33888;2
84;110;7;70699;1
84;44;6;96;5
84;22;6;9014;1
84;116;7;55888;1
84;59;6;5511;4
84;167;7;10122;1
84;146;7;13123;3
84;126;6;4440;3
84;59;3;13;103
84;122;7;11444;3
84;109;5;95;11
84;7;6;3323;3
84;28;6;1214;10
84;144;7;44;1
84;155;6;2277;5
84;137;7;11111;26
84;136;7;13555;1
84;22;6;1234;3
84;81;6;1010;1
84;51;7;44123;1
84;174;6;5533;2
84;114;5;131;176
84;33;6;96;5
84;144;7;12;1
84;144;7;13;5
84;61;7;10123;8
84;144;7;22;1
84;144;7;55;4
84;158;7;36192;1
84;158;7;45045;1
84;9;6;4447;1
84;42;7;55234;1
84;151;7;44777;3
84;143;7;10000;9
84;148;6;5533;2
84;90;7;33700;1
84;47;7;12144;2
84;166;6;4433;2
84;113;3;44;33
84;116;7;22022;5
84;20;7;55678;23
84;145;7;13234;1
84;92;5;95;17
84;132;6;1111;63
84;5;7;12456;7
84;43;6;96;13
84;8;7;55888;1
84;18;6;2288;4
84;33;7;55222;1
84;24;6;95;13
84;143;5;95;25
84;104;6;95;10
84;104;7;45000;1
84;141;7;12300;1
84;150;7;22555;60
84;20;6;95;14
84;43;5;96;36
84;143;6;1111;2
84;143;7;95;19
84;38;5;96;30
84;145;6;4422;6
84;60;7;33123;1
84;30;7;55555;1
84;2;7;43640;1
84;9;6;1322;1
84;177;7;23333;1
84;84;7;65234;1
84;14;7;45111;3
84;160;5;131;90
84;126;6;1111;2
84;126;7;95;17
84;95;6;96;6
84;90;6;1522;3
84;63;7;55234;1
84;167;7;70090;1
84;163;6;4488;1
84;85;7;13132;4
84;85;7;70222;1
84;113;6;1300;1
84;113;7;55678;8
84;135;7;12144;1
84;3;7;33456;1
84;75;6;1251;2
84;169;5;131;90
84;90;6;2225;1
84;175;6;4455;2
84;132;7;22444;1
84;85;7;12220;1
84;90;6;5555;17
84;161;6;2211;2
84;103;7;55678;4
84;129;3;96;18
84;96;7;12456;8
84;98;6;2244;1
84;154;7;45111;1
84;122;7;12888;1
84;89;6;2233;1
84;84;5;555;7
84;151;7;22022;10
84;19;6;2200;6
84;160;6;2012;1
84;40;7;12345;1
84;40;7;65013;1
84;91;7;70123;1
84;91;5;700;7
84;149;6;2200;4
84;67;7;12456;4
84;161;6;6565;3
84;9;7;70123;1
84;9;5;700;72
84;34;6;4440;1
84;164;3;95;13
84;1;7;22022;2
84;123;7;12400;2
84;123;7;95;13
84;123;6;1111;32
84;32;7;13;8
84;32;7;22;4
84;32;7;44;4
84;32;7;45;1
84;32;7;55;1
84;32;7;70;4
84;3;7;13234;1
84;172;6;1023;1
84;164;7;13132;1
84;143;7;13133;8
84;16;6;5533;6
84;94;6;2300;3
84;11;7;22222;5
84;169;7;33008;1
84;20;6;1016;6
84;20;6;9014;2
84;11;6;1000;1
84;88;7;10000;2
84;147;7;12333;3
84;61;7;95;23
84;56;7;22222;2
84;56;7;44190;1
84;11;6;5511;2
84;42;7;12456;9
84;156;6;5533;3
84;94;6;7069;1
84;41;7;11111;9
84;100;7;44777;2
84;37;7;70222;6
84;7;7;22222;4
84;137;6;4455;4
84;143;7;44555;1
84;143;5;700;24
84;14;7;12333;16
84;69;6;1111;5
84;14;7;13133;1
84;16;7;55111;2
84;74;7;70090;1
84;20;7;50500;1
84;81;7;22555;68
84;70;6;1303;1
84;4;5;555;6
84;24;6;5055;2
84;150;6;4433;3
84;78;6;1516;1
84;57;6;1333;4
84;121;6;2300;4
84;66;7;44345;1
84;28;6;1111;1
84;75;7;44888;1
84;33;6;2255;92
84;164;7;44888;1
84;167;7;55123;2
84;173;6;1044;1
84;29;7;22777;6
84;64;6;95;12
84;68;7;55234;2
84;2;6;1213;18
84;167;6;1522;1
84;15;7;22678;1
84;139;5;555;2
84;115;7;22777;4
84;79;6;1313;3
84;81;7;70000;2
84;130;7;13132;4
84;94;3;44;76
84;44;6;2222;4
84;175;3;96;10
84;174;7;33033;1
84;13;7;12144;4
84;136;7;22022;1
84;154;6;2210;3
84;38;7;10123;3
84;42;6;1234;7
84;61;6;1212;1
84;6;7;12000;2
84;6;7;50513;1
84;98;6;1314;1
84;147;7;65000;1
84;96;7;11444;5
84;24;7;11444;1
84;1;6;2299;1
84;91;5;96;9
84;30;6;2211;1
84;130;7;22777;5
84;91;7;12144;1
84;137;6;2201;4
84;176;7;96;4
84;12;6;4440;3
84;109;6;5500;3
84;150;6;4567;1
84;111;6;1214;14
84;9;7;13234;3
84;121;5;96;29
84;13;7;70567;1
84;141;7;33033;2
84;160;7;13133;1
84;137;7;12111;2
84;107;6;4422;16
84;37;6;4422;5
84;36;6;12;2
84;36;6;13;2
84;36;6;21;1
84;36;7;12;1
84;36;7;13;5
84;44;6;4488;1
84;163;7;23123;47
84;14;6;1292;1
84;159;7;13123;2
84;61;7;15888;1
84;153;6;1010;22
84;153;6;4456;1
84;159;6;1010;12
84;161;3;95;17
84;70;6;2222;12
84;67;7;13555;1
84;33;5;131;195
84;159;6;4000;1
84;104;6;5055;2
84;9;6;7011;1
84;64;7;22222;5
84;85;7;50777;1
84;151;6;1234;3
84;13;6;2222;12
84;14;6;1221;1
84;26;6;1221;1
84;73;6;1213;7
84;75;7;13;6
84;75;7;22;2
84;75;7;44;2
84;140;6;2277;4
84;153;6;2200;1
84;159;6;2200;2
84;60;7;70699;2
84;29;6;4422;13
84;40;7;55555;1
84;36;6;4440;6
84;74;7;11111;21
84;154;6;2211;3
84;149;6;5001;1
84;161;6;21;1
84;161;6;33;1
84;161;7;45;1
84;10;6;5511;2
84;163;7;45111;1
84;38;7;44888;5
84;150;3;44;75
84;2;5;555;13
84;43;7;22222;1
84;69;7;33300;2
84;22;6;1111;7
84;1;6;1213;11
84;154;6;4477;3
84;16;6;9014;1
84;140;7;12333;2
84;162;7;22120;1
84;24;7;15222;2
84;89;6;4456;3
84;22;6;1214;11
84;70;7;70699;7
84;176;3;96;6
84;172;6;4447;1
84;166;7;22120;1
84;112;6;95;7
84;69;7;10123;4
84;66;6;1322;1
84;21;6;4447;1
84;75;6;2277;2
84;128;3;96;27
84;53;7;13258;2
84;160;6;2222;6
84;64;6;2244;1
84;92;7;23192;1
84;79;7;13123;2
84;176;6;13;1
84;176;7;12;1
84;176;7;13;4
84;159;6;12;2
84;159;6;13;2
84;159;6;23;1
84;159;6;35;1
84;159;7;11;1
84;159;7;12;1
84;159;7;13;1
84;159;7;44;3
84;159;7;55;1
84;62;7;12;3
84;62;7;13;9
84;62;7;15;1
84;62;7;22;2
84;62;7;23;1
84;62;7;44;1
84;62;7;70;2
84;62;6;12;2
84;62;6;13;2
84;62;6;14;1
84;62;6;21;1
84;171;6;1234;1
84;162;7;22777;18
84;3;6;1233;1
84;81;6;1214;1
84;37;7;12444;2
84;37;7;13013;2
84;64;7;44567;3
84;172;6;7040;4
84;52;7;50250;1
84;91;7;11;1
84;91;7;12;1
84;91;7;13;2
84;91;7;22;1
84;91;7;23;4
84;91;7;55;1
84;85;7;40331;1
84;126;7;15151;1
84;177;3;95;6
84;107;3;95;3
84;37;6;1500;1
84;107;6;5511;1
84;20;6;1111;9
84;137;7;10123;2
84;52;6;4432;1
84;167;6;5533;12
84;153;7;12300;1
84;161;6;3303;1
84;91;6;12;1
84;91;6;44;1
84;23;7;13234;1
84;168;7;12000;2
84;147;7;12111;1
84;90;6;96;13
84;177;6;4445;2
84;88;6;7011;2
84;73;6;4489;1
84;51;5;96;21
84;26;3;44;51
84;2;7;50500;2
84;78;7;95;16
84;144;6;1300;1
84;144;7;55678;24
84;151;7;96;9
84;174;7;13789;3
84;14;6;1255;1
84;169;7;44447;2
84;134;6;4490;2
84;177;7;15555;2
84;56;6;5533;2
84;84;6;5567;2
84;126;6;1255;1
84;92;7;50777;1
84;9;7;15555;3
84;155;6;4477;2
84;74;7;10000;1
84;124;3;96;11
84;172;7;55678;12
84;5;7;50444;1
84;164;7;44447;1
84;24;6;1221;1
84;96;6;1221;1
84;49;7;13123;14
84;95;7;11111;8
84;113;6;96;8
84;145;7;96;10
84;76;6;5511;1
84;6;6;4444;1
84;17;7;65234;1
84;165;6;2277;7
84;94;7;33800;1
84;105;6;1313;4
84;140;7;13132;8
84;140;7;70222;1
84;21;7;65000;1
84;9;7;13789;1
84;126;6;1292;1
84;166;6;1300;3
84;172;6;2277;22
84;10;6;4444;1
84;157;3;12;54
84;162;7;55678;15
84;162;6;1300;3
84;2;7;70699;1
84;139;6;4440;1
84;70;7;12111;1
84;155;6;1314;1
84;124;6;2211;1
84;150;6;1010;21
84;17;5;131;154
84;128;5;700;24
84;25;5;700;29
84;61;6;2277;5
84;143;3;95;15
84;27;6;2233;10
84;13;6;2277;7
84;32;6;2201;1
84;34;6;1333;30
84;123;7;70321;1
84;34;7;45;3
84;34;7;10;1
84;34;7;12;1
84;34;7;13;12
84;34;7;22;4
84;34;7;40;1
84;34;6;12;3
84;34;6;21;1
84;34;6;23;1
84;96;5;700;51
84;65;6;2255;48
84;65;6;2222;6
84;141;6;95;11
84;157;5;95;14
84;101;6;4010;1
84;96;6;5555;19
84;92;7;95;22
84;92;6;1111;5
84;158;6;2255;81
84;173;6;1331;2
84;143;7;55555;1
84;37;6;1333;6
84;115;6;12;1
84;115;6;13;1
84;115;6;22;3
84;69;6;6565;2
84;88;6;6565;5
84;49;7;70321;1
84;159;6;1000;1
84;150;6;2255;50
84;40;7;55678;30
84;40;6;1300;3
84;96;6;1245;1
84;20;7;95;13
84;27;6;1974;2
84;173;7;13132;3
84;126;7;50013;1
84;28;7;13258;22
84;59;7;13234;3
84;159;7;96;12
84;122;6;4000;3
84;171;6;1314;3
84;152;6;1313;3
84;64;7;22190;1
84;64;5;131;172
84;21;7;12144;6
84;8;7;13555;1
84;22;7;33333;1
84;15;6;1255;3
84;149;6;1313;5
84;57;7;12144;18
84;109;6;1214;1
84;12;6;1214;5
84;136;6;7011;1
84;162;7;23123;37
84;3;6;1299;2
84;50;6;1234;42
84;16;5;96;18
84;23;7;70007;1
84;147;6;1214;8
84;29;6;12;1
84;29;6;13;1
84;29;6;22;4
84;29;6;23;1
84;29;6;44;1
84;29;6;45;2
84;29;6;55;2
84;4;6;2222;6
84;52;6;4422;9
84;65;6;2277;7
84;69;6;4490;1
84;148;6;1213;6
84;151;6;95;18
84;116;5;96;20
84;41;7;12600;1
84;74;3;44;69
84;51;7;22556;1
84;70;7;12100;4
84;90;7;22222;2
84;90;7;44190;2
84;13;6;2288;3
84;38;6;3300;1
84;19;7;12;5
84;19;7;13;4
84;19;7;22;1
84;167;6;4445;1
84;23;6;1314;1
84;19;7;45;1
84;19;7;55;1
84;19;7;70;4
84;19;6;11;1
84;19;6;12;4
84;19;6;13;3
84;19;6;70;1
84;149;6;1251;1
84;35;7;23192;1
84;56;6;4433;1
84;98;7;22380;3
84;166;7;13155;1
84;49;7;44888;4
84;38;6;5511;1
84;144;6;3323;4
84;165;7;95;17
84;18;3;96;10
84;60;5;131;85
84;133;7;45333;1
84;164;7;10777;2
84;160;6;7011;1
84;114;7;12400;1
84;114;7;95;4
84;174;7;12456;64
84;46;6;4567;1
84;176;7;12456;8
84;159;7;44123;2
84;78;7;15333;2
84;41;6;2233;1
84;76;6;1251;2
84;68;7;50011;1
84;90;7;13789;1
84;141;7;12000;2
84;151;6;5511;1
84;151;7;15010;1
84;64;7;90123;1
84;20;7;13456;1
84;20;7;15888;3
84;34;7;22222;1
84;6;7;23123;32
84;100;7;55555;1
84;90;6;5120;1
84;149;6;1234;3
84;90;7;95;20
84;159;7;44444;1
84;85;6;95;13
84;167;7;65700;1
84;167;7;12600;1
84;10;7;55234;1
84;155;7;15333;1
84;53;6;1214;2
84;85;6;1313;3
84;111;6;7069;1
84;104;6;1333;1
84;164;7;23123;32
84;1;3;96;16
84;105;7;23190;2
84;66;6;2300;4
84;35;7;12456;4
84;154;6;1311;1
84;130;7;12456;29
84;3;7;45123;1
84;153;6;1000;5
84;167;7;70345;4
84;43;6;2288;1
84;74;6;2277;5
84;24;5;555;3
84;85;7;55555;1
84;91;7;55678;24
84;158;7;13155;1
84;88;6;4410;3
84;125;7;12888;2
84;172;7;44900;1
84;39;7;10000;1
84;3;6;2210;3
84;136;6;1251;8
84;72;6;2255;78
84;60;7;12100;7
84;87;7;12144;5
84;22;7;15333;3
84;98;7;70000;3
84;123;6;1322;1
84;162;6;5511;8
84;2;7;11444;7
84;65;6;1111;5
84;65;7;95;11
84;167;7;44333;2
84;161;7;11113;2
84;130;7;11;3
84;130;7;12;1
84;130;7;13;8
84;130;7;22;1
84;130;7;23;1
84;130;7;45;1
84;130;7;65;1
84;156;7;33888;4
84;6;7;50500;2
84;43;6;2277;8
84;17;3;13;139
84;116;7;44123;1
84;151;5;700;58
84;177;7;11111;4
84;128;6;1533;24
84;64;7;15222;1
84;11;7;12600;4
84;89;6;4433;2
84;3;7;23123;19
84;18;7;43640;1
84;172;7;11113;1
84;172;7;22022;1
84;92;6;5567;1
84;63;6;2277;11
84;94;7;70000;3
84;128;7;15;1
84;128;7;22;7
84;128;7;33;1
84;128;7;45;1
84;128;7;55;1
84;25;6;11;1
84;25;6;12;1
84;25;6;22;2
84;25;7;12;1
84;161;7;44333;1
84;34;7;44888;6
84;60;7;96;4
84;47;3;44;42
84;69;6;4000;16
84;66;6;4422;12
84;63;6;5533;2
84;65;6;5013;3
84;76;6;4455;6
84;94;7;12000;4
84;6;6;2210;3
84;149;6;11;2
84;149;6;13;4
84;149;6;65;1
84;134;6;5511;1
84;116;7;12456;4
84;95;6;2277;3
84;90;7;44027;1
84;17;7;55888;1
84;73;7;22222;3
84;73;7;44190;4
84;165;7;23123;22
84;39;7;11444;5
84;18;7;13133;2
84;94;7;50444;1
84;64;6;1111;5
84;126;7;23192;1
84;84;7;55234;1
84;15;7;95;4
84;48;6;1213;8
84;153;7;22555;27
84;150;7;11113;3
84;35;6;5533;7
84;24;6;1500;1
84;42;7;10000;1
84;167;6;1292;6
84;17;7;12888;2
84;141;6;1010;3
84;141;6;4456;2
84;89;3;12;27
84;62;7;13234;1
84;40;6;6565;2
84;59;7;12144;2
84;64;6;1292;1
84;61;6;2300;37
84;61;7;12123;7
84;87;7;33888;1
84;11;7;13133;2
84;95;6;2210;4
84;54;7;23123;3
84;73;6;6565;5
84;26;6;4422;4
84;49;7;11111;2
84;34;7;12000;3
84;26;3;96;4
84;137;7;44888;2
84;55;7;13555;2
84;110;7;13100;1
84;147;3;12;30
84;117;7;22555;47
84;17;7;95;20
84;50;6;4567;1
84;96;7;11113;1
84;110;6;2277;7
84;94;7;44888;1
84;89;6;2200;3
84;10;6;2200;2
84;78;3;13;122
84;12;6;96;9
84;92;6;1580;1
84;155;7;22556;1
84;155;7;45123;1
84;15;7;22888;1
84;154;7;33456;1
84;135;3;12;8
84;37;7;10;1
84;37;7;12;2
84;37;7;13;7
84;37;7;22;1
84;37;7;70;2
84;92;7;45333;1
84;92;7;70699;8
84;89;7;55222;1
84;94;6;5511;5
84;86;6;4555;1
84;37;7;13234;1
84;101;7;12456;1
84;81;7;12333;27
84;173;7;13258;1
84;67;7;55555;1
84;57;7;55555;1
84;177;7;13258;1
84;69;7;13234;2
84;67;6;3323;1
84;24;7;13555;3
84;174;7;23123;1
84;161;7;12000;1
84;150;6;1213;8
84;23;7;65013;1
84;162;6;1212;1
84;51;7;44888;2
84;144;7;13333;4
84;22;7;15001;3
84;155;6;5533;2
84;41;7;70070;1
84;126;6;2100;1
84;88;7;12111;2
84;64;7;13456;5
84;64;7;15888;1
84;88;7;12888;2
84;88;7;13333;1
84;75;5;555;7
84;164;6;5533;3
84;161;6;5555;23
84;79;7;23456;1
84;24;6;1016;1
84;24;6;9014;1
84;64;6;1251;1
84;23;7;95;10
84;25;6;96;8
84;155;6;1234;5
84;155;6;4411;5
84;12;6;2123;1
84;136;3;96;9
84;69;7;55234;1
84;51;6;1522;1
84;49;7;22555;38
84;42;6;2211;1
84;166;3;44;102
84;79;7;44777;1
84;109;7;13258;2
84;156;6;6565;2
84;165;6;1010;16
84;155;7;13133;1
84;10;7;12456;9
84;69;6;4410;1
84;148;6;96;3
84;59;6;4490;2
84;15;6;7069;1
84;20;7;22380;1
84;20;7;44333;2
84;136;7;22555;26
84;92;7;22022;4
84;24;6;1522;2
84;66;7;13789;2
84;155;7;55678;11
84;130;7;44123;8
84;44;7;22555;35
84;152;7;23192;1
84;14;7;33133;1
84;156;6;1000;2
84;11;7;55555;1
84;2;7;13234;2
84;73;7;44122;1
84;11;7;70000;1
84;67;7;10121;1
84;74;7;12456;4
84;87;6;2255;121
84;113;7;95;13
84;53;6;95;8
84;76;3;95;3
84;156;5;96;23
84;37;7;70567;1
84;28;6;1300;1
84;69;6;4444;1
84;48;6;2222;1
84;103;7;15888;1
84;116;7;12100;1
84;163;6;5100;1
84;23;6;4422;12
84;52;7;12000;2
84;134;6;4400;6
84;31;6;5533;1
84;81;7;13258;1
84;104;6;5020;3
84;57;7;12300;2
84;174;6;5555;9
84;137;6;4000;1
84;18;6;4433;4
84;12;6;5555;9
84;109;6;5555;29
84;168;7;13013;1
84;132;7;23456;2
84;169;7;12144;11
84;19;6;4567;4
84;149;6;1322;1
84;145;7;22222;4
84;42;7;12333;5
84;25;5;555;9
84;149;6;4410;4
84;84;3;12;20
84;43;6;1000;1
84;22;3;13;122
84;46;6;1333;3
84;116;7;70333;1
84;146;6;1311;1
84;70;6;2300;1
84;1;6;4432;2
84;40;7;95;11
84;40;6;1111;10
84;9;6;5010;1
84;85;7;44123;4
84;132;6;2210;1
84;140;7;70000;4
84;73;6;4490;1
84;145;6;2244;1
84;114;6;2222;2
84;11;7;22101;1
84;89;6;2277;12
84;84;6;4422;8
84;112;7;12888;1
84;112;7;13333;2
84;24;6;5511;11
84;89;5;131;147
84;16;7;10123;3
84;142;7;44447;1
84;136;6;1000;3
84;59;6;1111;62
84;94;6;4444;2
84;9;7;15888;2
84;90;6;5013;1
84;163;6;1000;2
84;156;7;13555;1
84;11;5;96;24
84;29;5;96;28
84;134;6;1213;5
84;20;6;2277;6
84;138;7;12456;3
84;174;6;1212;1
84;61;7;22777;5
84;156;6;2255;20
84;6;6;4490;2
84;166;7;45111;2
84;23;6;2222;10
84;15;7;12;1
84;15;7;13;5
84;15;7;22;6
84;15;7;23;1
84;15;7;44;2
84;15;7;70;1
84;15;6;13;3
84;15;6;22;2
84;46;6;1221;1
84;177;7;50013;1
84;35;6;2323;2
84;175;6;1214;11
84;4;6;12;2
84;4;6;13;4
84;4;6;23;2
84;4;6;40;1
84;4;6;45;1
84;3;6;11;1
84;3;6;12;1
84;3;6;13;4
84;3;6;15;1
84;3;6;33;1
84;3;6;40;1
84;3;7;10;1
84;3;7;11;1
84;3;7;12;3
84;152;7;55234;3
84;143;6;6565;6
84;141;7;10123;3
84;134;6;4488;8
84;141;7;15333;1
84;51;7;45999;2
84;19;7;70000;1
84;92;7;45300;1
84;60;6;2277;8
84;122;6;1313;5
84;49;7;12144;3
84;130;6;1333;84
84;162;7;95;16
84;117;3;12;8
84;101;7;22222;1
84;88;7;22222;7
84;88;7;44190;1
84;4;7;70222;1
84;17;7;44020;1
84;17;7;96;16
84;86;3;13;99
84;104;7;13131;1
84;104;7;43333;1
84;132;7;44111;2
84;128;7;96;14
84;173;7;12300;1
84;57;6;7011;1
84;9;7;11111;7
84;44;7;13133;7
84;92;3;96;9
84;177;6;2200;3
84;90;7;44447;1
84;160;6;1255;1
84;103;6;5533;1
84;42;7;33444;1
84;126;3;95;10
84;140;7;12345;2
84;140;7;65013;1
84;9;3;44;96
84;168;3;44;20
84;168;6;5555;10
84;78;6;5511;1
84;63;6;2300;1
84;167;7;33888;6
84;31;7;70699;45
84;173;3;12;22
84;74;7;36;1
84;74;7;55;1
84;65;6;1251;4
84;38;6;2313;1
84;161;6;5511;13
84;126;7;15333;3
84;54;7;13155;2
84;22;7;12000;2
84;15;7;55678;7
84;15;6;1300;1
84;29;7;13555;1
84;155;7;44400;1
84;88;7;14190;1
84;65;7;50013;1
84;149;7;11111;7
84;161;7;15888;1
84;114;7;44123;1
84;155;5;95;20
84;123;7;10123;2
84;103;6;1313;4
84;126;6;4488;1
84;19;6;4477;1
84;126;6;4020;1
84;122;7;15222;1
84;165;7;22444;1
84;128;3;95;14
84;123;6;1533;1
84;151;7;11000;1
84;112;7;12144;8
84;10;3;12;25
84;124;6;1313;3
84;38;6;4440;1
84;21;6;4012;1
84;171;7;23123;3
84;159;6;1300;3
84;152;7;33888;4
84;10;6;96;6
84;126;7;12000;8
84;91;6;95;8
84;136;6;2300;2
84;159;6;2277;6
84;85;7;55678;7
84;116;7;13123;1
84;150;7;45000;1
84;172;7;12300;2
84;16;6;44;1
84;16;6;13;5
84;16;6;22;3
84;16;6;23;1
84;16;6;55;1
84;16;6;65;1
84;142;6;1221;4
84;143;6;2277;4
84;90;7;13258;4
84;39;6;4444;1
84;155;7;44123;1
84;125;6;5555;29
84;112;5;96;26
84;94;7;11111;20
84;129;7;13258;7
84;40;6;2277;4
84;125;6;96;2
84;7;6;2222;14
84;64;6;2288;6
84;63;6;1313;2
84;63;5;95;12
84;110;6;1322;1
84;45;6;1311;1
84;149;7;10000;2
84;1;6;1322;2
84;168;7;12333;4
84;79;7;12333;2
84;95;6;1533;3
84;164;7;22777;11
84;19;6;4490;2
84;76;6;4410;3
84;151;6;4000;2
84;129;6;1112;1
84;157;3;96;24
84;52;5;95;11
84;121;6;12;2
84;121;6;13;3
84;121;6;15;1
84;121;6;33;1
84;121;6;50;1
84;121;6;55;3
84;121;7;10;1
84;121;7;11;1
84;121;7;12;4
84;121;7;13;11
84;121;7;15;1
84;121;7;22;3
84;121;7;55;1
84;121;7;65;1
84;40;7;22022;1
84;162;7;12000;1
84;85;6;4440;1
84;95;7;44333;6
84;173;6;2277;6
84;2;7;12500;1
84;49;6;1313;6
84;63;3;44;49
84;113;7;45111;1
84;30;6;5599;1
84;137;5;555;4
84;38;7;50500;1
84;100;7;12000;9
84;22;6;2200;4
84;33;7;11444;1
84;111;7;11113;3
84;74;7;70000;6
84;5;7;12144;6
84;47;6;12;3
84;47;6;13;2
84;47;6;44;1
84;47;7;13;9
84;47;7;22;2
84;47;7;33;2
84;47;7;44;1
84;47;7;45;1
84;47;7;70;1
84;89;7;45999;1
84;173;7;12321;2
84;154;7;13133;2
84;24;6;2244;1
84;122;7;22555;39
84;41;7;50500;2
84;95;7;10;1
84;95;7;12;1
84;95;7;13;6
84;123;7;55111;1
84;123;6;4555;1
84;51;6;2222;14
84;122;6;1213;13
84;146;7;22555;17
84;115;7;95;4
84;28;7;70222;1
84;117;5;555;1
84;66;7;12456;14
84;132;7;13234;1
84;85;7;12300;5
84;14;6;7012;1
84;132;7;11113;1
84;132;7;22022;1
84;159;7;13234;1
84;4;7;13013;1
84;176;7;23123;2
84;156;7;15001;4
84;154;7;55111;1
84;98;3;13;149
84;6;7;15222;2
84;65;7;22190;3
84;68;7;12300;1
84;3;6;1533;4
84;136;7;13234;1
84;20;7;33700;4
84;135;7;12456;1
84;117;3;96;9
84;67;6;5555;48
84;13;6;4456;2
84;30;6;2201;2
84;147;6;2300;3
84;132;6;1333;11
84;76;6;1133;1
84;100;6;5120;1
84;56;6;1213;12
84;58;7;44888;4
84;18;7;12333;3
84;167;6;1212;1
84;17;7;44888;3
84;114;7;13013;1
84;114;7;70699;10
84;116;6;1020;1
84;59;6;2222;1
84;65;3;44;60
84;43;6;13;3
84;43;6;22;2
84;43;7;13;4
84;43;7;44;1
84;43;7;55;5
84;43;7;70;2
84;98;7;13555;4
84;172;7;12011;1
84;73;6;4410;1
84;31;6;95;4
84;76;6;4422;10
84;27;7;22555;128
84;73;3;13;119
84;104;6;1214;13
84;85;6;4410;1
84;47;7;12345;31
84;48;7;22022;1
84;160;5;700;42
84;92;7;12600;8
84;40;6;1251;15
84;46;7;13234;3
84;70;6;4000;9
84;139;6;4456;2
84;121;5;131;200
84;169;3;95;5
84;144;6;5567;2
84;74;7;23333;1
84;143;7;23333;1
84;9;6;2288;3
84;100;6;1311;1
84;7;6;1255;1
84;133;6;95;5
84;168;7;23123;8
84;101;3;21;1
84;88;3;21;1
84;29;6;5511;3
84;60;6;1234;1
84;156;6;2299;1
84;32;6;1333;3
84;121;7;22222;2
84;12;6;1300;1
84;28;6;1313;1
84;56;7;23333;2
84;90;7;23123;17
84;150;6;1314;1
84;52;6;4456;1
84;52;6;1010;6
84;86;7;22222;1
84;112;7;13789;1
84;139;7;11113;3
84;156;6;5511;4
84;42;6;2222;10
84;143;3;96;18
84;128;6;1213;5
84;112;7;22022;2
84;166;5;555;6
84;12;6;7040;1
84;109;7;13155;5
84;141;7;13123;15
84;23;7;11111;11
84;51;7;12345;1
84;174;6;2288;3
84;57;7;33000;1
84;172;7;12144;1
84;38;6;1322;4
84;21;7;12500;1
84;147;3;13;148
84;23;7;12600;10
84;39;6;4488;1
84;26;6;2300;3
84;166;7;33789;1
84;28;6;1255;1
84;92;6;2299;1
84;61;6;2255;45
84;96;6;11;1
84;96;6;12;1
84;96;6;13;1
84;96;6;22;1
84;96;7;45555;1
84;103;7;10123;2
84;39;6;2222;10
84;15;6;2255;106
84;90;7;12345;1
84;115;6;2255;43
84;44;6;4410;4
84;45;6;5575;1
84;124;5;700;37
84;114;6;1111;6
84;153;3;95;22
84;173;6;4488;2
84;78;6;4000;1
84;139;6;2288;4
84;4;6;5511;8
84;157;6;5511;3
84;151;7;13777;1
84;28;6;11;1
84;28;6;12;5
84;28;6;13;2
84;28;7;11;1
84;28;7;12;3
84;28;7;13;5
84;28;7;44;1
84;28;7;55;1
84;28;7;12000;2
84;4;7;11113;2
84;4;7;22022;4
84;70;6;5567;2
84;116;7;13234;1
84;63;6;1111;11
84;2;3;44;64
84;126;5;96;9
84;107;6;5555;1
84;37;6;5555;29
84;86;6;1213;1
84;10;6;5007;1
84;10;7;12333;5
84;97;7;70123;1
84;97;5;700;55
84;125;6;4477;3
84;81;6;1251;22
84;144;7;23123;4
84;165;6;1333;3
84;51;6;5055;2
84;89;6;5533;1
84;74;6;4456;6
84;126;6;1055;1
84;70;6;1292;2
84;128;5;95;20
84;75;6;4455;4
84;87;7;70699;51
84;109;7;70699;9
84;88;6;2244;1
84;55;6;4410;3
84;151;7;13456;3
84;141;7;12600;3
84;89;6;1213;17
84;137;6;4490;1
84;175;6;2077;1
84;3;6;2255;33
84;160;3;12;4
84;168;5;96;2
84;169;6;5567;1
84;169;7;45999;5
84;14;7;23333;1
84;116;6;2200;2
84;15;7;45333;1
84;15;7;70699;68
84;45;7;44123;3
84;140;3;13;161
84;79;6;2255;14
84;1;6;1020;1
84;155;7;12600;13
84;6;6;5533;6
84;125;7;12600;1
84;122;7;65013;1
84;10;6;5555;12
84;157;6;4343;1
84;157;7;22777;3
84;64;7;15333;18
84;3;7;12220;1
84;16;7;13123;1
84;52;7;12456;1
84;125;7;44333;2
84;154;7;12456;1
84;115;6;2277;2
84;164;6;2210;2
84;37;7;96;7
84;174;6;1251;1
84;176;7;23192;1
84;25;7;22556;1
84;111;7;12123;1
84;39;7;23123;63
84;88;7;12114;1
84;150;3;12;11
84;19;6;4410;4
84;9;7;15222;5
84;4;3;96;14
84;153;6;2222;5
84;159;6;2222;13
84;1;6;1010;7
84;1;6;4456;4
84;116;6;1010;16
84;24;7;12144;7
84;116;6;4456;8
84;153;6;1213;2
84;159;6;1213;6
84;6;6;4488;2
84;36;6;1214;5
84;68;6;5555;12
84;149;7;12333;1
84;115;5;131;46
84;121;7;13132;4
84;24;6;2323;1
84;158;7;13234;1
84;19;6;4456;2
84;19;6;1010;2
84;126;7;13258;1
84;89;7;10123;15
84;2;5;131;120
84;88;6;1213;10
84;18;6;1333;7
84;177;6;1292;1
84;138;7;40;1
84;138;7;70;2
84;63;6;1326;1
84;35;7;13123;4
84;18;7;10000;1
84;169;3;96;5
84;15;6;1251;1
84;101;7;33888;1
84;88;7;33888;2
84;70;7;22022;2
84;122;6;95;10
84;51;6;4456;3
84;165;7;12123;2
84;61;7;11000;1
84;44;7;10000;1
84;3;6;1000;1
84;34;6;1213;2
84;163;7;33133;1
84;46;7;55678;19
84;23;6;2255;45
84;147;7;15333;2
84;146;6;1292;1
84;16;6;1533;3
84;124;7;22777;5
84;146;7;96;11
84;7;5;131;161
84;145;6;1326;1
84;21;6;2288;4
84;151;6;2222;16
84;138;6;7040;2
84;78;7;12100;2
84;167;7;50500;1
84;79;6;1292;4
84;173;7;12555;1
84;89;6;6565;6
84;112;7;11444;2
84;134;7;33888;12
84;27;6;1111;2
84;27;7;95;6
84;81;7;13333;1
84;140;7;70007;2
84;52;6;4410;2
84;128;6;2323;1
84;45;6;1588;1
84;32;6;1314;1
84;96;6;96;14
84;72;7;11333;3
84;165;6;5050;1
84;17;6;1500;1
84;51;6;1000;2
84;85;7;11999;3
84;140;6;7040;1
84;173;7;11113;1
84;67;5;131;155
84;57;5;131;154
84;64;7;10124;1
84;171;6;1533;1
84;48;7;23192;2
84;154;7;13789;1
84;139;7;13258;5
84;42;6;4432;1
84;155;7;12100;1
84;92;3;95;11
84;55;6;7040;1
84;55;7;13155;4
84;148;6;4447;1
84;112;6;51;1
84;32;5;555;5
84;72;6;1313;5
84;153;6;95;24
84;69;6;1321;1
84;139;7;12300;1
84;68;3;13;165
84;61;7;22555;44
84;157;6;1245;2
84;157;6;1213;1
84;45;6;2211;1
84;20;6;1000;2
84;100;7;12144;4
84;10;3;44;63
84;89;3;44;95
84;89;6;4511;1
84;2;6;7080;1
84;175;7;44123;1
84;149;7;33123;1
84;61;6;5555;4
84;75;7;10000;3
84;9;5;131;164
84;64;5;96;23
84;122;7;22222;2
84;122;7;44190;2
84;51;6;1214;12
84;92;6;2200;1
84;104;7;13013;1
84;104;7;70699;2
84;52;5;700;68
84;139;3;96;17
84;54;7;33123;1
84;117;7;12144;28
84;158;7;22777;7
84;160;6;4432;2
84;111;6;2211;2
84;111;6;5511;8
84;44;6;2211;1
84;28;6;1333;2
84;151;7;12333;5
84;60;6;95;4
84;122;6;6565;2
84;3;7;44888;1
84;81;6;1322;1
84;85;7;13155;1
84;22;6;1292;1
84;36;7;23123;2
84;23;6;1155;1
84;138;6;2211;1
84;154;6;1292;2
84;23;6;4488;2
84;87;6;96;3
84;164;6;4447;2
84;18;6;2300;7
84;153;7;45111;1
84;53;6;2277;17
84;5;6;1233;1
84;133;7;13132;1
84;156;5;131;147
84;140;3;95;12
84;59;6;4400;1
84;44;6;4555;1
84;75;6;4410;5
84;41;3;96;19
84;23;6;5555;20
84;40;7;96;8
84;39;6;1285;1
84;21;7;12111;1
84;151;6;1213;8
84;175;7;12144;7
84;124;7;95;6
84;1;7;22777;5
84;33;6;2277;3
84;41;7;12456;3
84;13;3;44;104
84;43;6;1221;2
84;15;5;96;13
84;128;5;131;154
84;91;5;555;7
84;44;5;555;9
84;145;7;65013;4
84;6;7;44447;1
84;29;6;1213;1
84;84;7;15151;1
84;158;7;70345;4
84;126;6;1333;7
84;75;7;95;1
84;45;7;70699;1
84;6;6;1221;1
84;73;6;1214;14
84;142;3;96;7
84;43;6;1322;2
84;70;6;1333;4
84;169;6;1213;10
84;84;6;2300;9
84;6;6;4440;1
84;146;6;5555;24
84;154;7;70007;3
84;8;7;55678;16
84;33;7;13013;1
84;65;7;12888;1
84;162;6;4410;2
84;76;6;1111;9
84;35;3;44;20
84;31;6;4477;1
84;130;7;12333;2
84;1;6;4447;1
84;88;6;1099;1
84;90;7;44123;2
84;112;6;1111;79
84;159;7;55011;1
84;13;7;44789;1
84;137;7;11113;2
84;137;7;22022;4
84;81;6;96;5
84;65;6;5567;1
84;68;7;90180;2
84;51;6;4000;3
84;9;7;13222;2
84;141;7;96;8
84;34;5;95;7
84;91;6;2201;1
84;139;7;10190;1
84;134;7;55111;1
84;134;6;4555;4
84;7;7;13777;1
84;165;7;33888;3
84;55;6;4445;1
84;139;6;1313;2
84;113;7;22222;1
84;30;7;12123;1
84;30;6;2300;1
84;177;5;95;9
84;107;5;95;5
84;101;6;95;10
84;88;6;95;10
84;88;7;45000;1
84;27;7;13132;4
84;27;7;70222;1
84;125;6;6565;1
84;1;7;70699;2
84;148;7;12456;33
84;90;3;95;16
84;166;7;65234;2
84;123;7;45111;2
84;140;6;1333;1
84;46;6;2323;1
84;94;7;44123;8
84;72;7;12333;18
84;17;6;1522;5
84;155;6;1214;8
84;125;3;13;114
84;172;7;10123;10
84;122;7;12111;2
84;41;5;131;147
84;55;7;11222;1
84;128;7;12600;3
84;25;7;12600;3
84;84;7;55678;12
84;85;6;2222;5
84;90;7;33123;1
84;89;7;50500;3
84;22;6;4422;6
84;105;5;95;10
84;31;7;10123;1
84;121;7;12000;11
84;23;7;22222;5
84;50;5;95;2
84;42;7;22555;27
84;60;3;13;72
84;134;3;44;69
84;94;6;1214;20
84;17;6;1333;1
84;9;6;1214;9
84;146;7;65234;10
84;103;7;95;8
84;68;7;13133;5
84;62;7;45111;3
84;34;5;96;18
84;69;7;22022;2
84;35;7;11444;1
84;167;7;13456;2
84;167;7;15888;3
84;61;7;55555;1
84;7;6;1111;6
84;98;7;15555;1
84;125;7;33456;1
84;15;7;22022;1
84;155;6;2299;1
84;112;7;12456;73
84;159;7;12600;9
84;140;6;2222;13
84;54;7;22777;18
84;59;6;4343;1
84;59;7;22777;2
84;41;6;1233;1
84;38;6;5555;19
84;146;6;2244;4
84;4;7;12555;2
84;155;3;13;120
84;46;6;2288;1
84;35;6;4444;1
84;73;6;2022;1
84;90;6;5055;1
84;36;6;1323;1
84;103;6;4455;6
84;151;7;13333;4
84;48;7;13333;1
84;20;7;70007;1
84;3;3;44;86
84;48;3;13;142
84;18;7;33300;1
84;26;7;44888;1
84;59;7;22;1
84;1;6;2255;20
84;13;7;22222;6
84;13;7;44190;1
84;175;6;1313;1
84;16;6;5050;1
84;161;6;4555;2
84;22;6;2255;28
84;161;6;1292;1
84;112;7;12000;6
84;95;5;95;7
84;171;6;4422;1
84;147;7;45111;1
84;112;7;22555;77
84;153;7;23333;4
84;12;7;55678;10
84;165;7;44040;1
84;8;7;12000;1
84;177;5;96;8
84;107;5;96;7
84;87;3;95;7
84;177;7;13123;1
84;163;6;5511;1
84;163;5;160;1
84;84;7;11111;10
84;75;7;12333;3
84;144;7;96;2
84;141;7;45300;1
84;165;6;1016;2
84;155;7;44333;1
84;130;3;13;176
84;92;6;4411;1
84;132;6;4488;3
84;150;6;6565;4
84;149;6;5567;1
84;111;7;22555;56
84;90;6;6565;4
84;56;3;44;36
84;126;7;13;4
84;126;6;40;1
84;126;6;55;3
84;126;7;12;1
84;126;7;22;2
84;126;7;55;5
84;81;7;23333;5
84;149;7;13234;2
84;161;7;12789;1
84;87;7;22333;1
84;16;7;10777;1
84;104;3;95;6
84;150;7;70222;5
84;13;6;2233;8
84;129;5;131;124
84;12;6;2255;38
84;109;6;2255;61
84;51;5;131;179
84;169;6;2222;11
84;149;6;2222;7
84;155;7;23123;19
84;23;7;15888;2
84;14;5;131;163
84;116;7;22777;9
84;79;6;2233;2
84;50;6;95;3
84;89;6;1322;2
84;65;6;4433;2
84;73;6;1251;28
84;45;7;22555;21
84;110;7;55888;2
84;110;7;44190;1
84;149;6;1314;4
84;167;7;13789;1
84;7;5;555;25
84;54;5;96;13
84;167;6;1251;1
84;176;6;2201;1
84;176;6;5515;1
84;18;7;12555;1
84;23;6;5123;1
84;16;7;12456;2
84;65;6;1010;2
84;25;7;12000;2
84;85;7;45333;1
84;16;6;2225;1
84;6;7;15555;5
84;176;7;44190;3
84;17;6;4422;5
84;41;6;1111;5
84;156;7;44222;1
84;16;6;4410;2
84;146;6;5511;1
84;173;7;12330;1
84;31;6;12;1
84;31;6;22;3
84;31;6;44;2
84;31;7;13;11
84;31;7;14;1
84;31;7;70;3
84;177;7;12300;1
84;109;7;11113;1
84;140;6;7000;1
84;146;6;1269;1
84;67;6;1277;1
84;9;7;55111;1
84;38;7;44044;2
84;38;6;2255;48
84;52;7;44888;3
84;14;7;22222;2
84;164;6;1300;2
84;46;5;131;164
84;28;7;95;11
84;97;6;4555;3
84;46;7;13132;5
84;172;6;1000;2
84;172;6;4488;3
84;133;5;700;40
84;143;7;12456;1
84;173;6;1277;1
84;21;7;10777;1
84;48;7;23123;11
84;46;6;6565;3
84;123;6;1333;19
84;73;7;12333;27
84;124;7;12888;2
84;122;6;1214;3
84;150;7;12456;6
84;58;7;55234;1
84;133;7;45111;1
84;103;6;2288;1
84;166;6;1234;3
84;41;6;96;8
84;27;7;13013;3
84;14;6;2288;1
84;11;7;70567;1
84;177;7;45300;1
84;19;6;2222;6
84;173;7;11111;6
84;78;6;5533;1
84;145;6;1023;1
84;5;7;22777;8
84;164;7;33444;1
84;165;5;700;64
84;51;6;1292;2
84;56;6;4432;1
84;130;7;12345;1
84;174;3;44;51
84;134;7;13333;5
84;134;7;12888;4
84;63;6;1000;1
84;116;7;22555;51
84;42;3;44;85
84;2;6;96;7
84;28;7;14007;2
84;132;7;33888;1
84;55;6;1300;1
84;65;7;15222;1
84;45;7;13;14
84;45;7;15;1
84;45;7;22;3
84;45;7;36;1
84;155;3;44;109
84;115;7;55678;16
84;54;7;22321;1
84;70;6;4445;1
84;2;6;4410;3
84;97;7;22123;1
84;19;7;95;13
84;19;6;1111;2
84;22;7;12888;2
84;65;5;131;174
84;45;6;4477;2
84;17;7;12333;1
84;24;6;2300;21
84;37;7;23192;2
84;114;7;12456;5
84;3;7;22555;39
84;11;7;96;15
84;154;7;12555;2
84;33;7;12144;1
84;6;7;22001;1
84;38;7;10400;1
84;84;7;22777;2
84;121;7;44333;1
84;164;6;1214;16
84;175;7;50013;1
84;134;6;4410;10
84;24;7;70699;7
84;124;7;13155;1
84;159;7;12000;3
84;46;7;55111;1
84;139;6;1322;2
84;5;3;12;24
84;149;7;50011;1
84;22;7;12321;1
84;74;3;96;17
84;33;6;4440;2
84;6;7;22333;1
84;26;7;22555;114
84;36;6;1213;6
84;175;7;44888;3
84;168;7;96;1
84;113;6;1214;20
84;96;7;44888;3
84;143;7;50444;2
84;176;7;22777;1
84;65;6;1533;3
84;15;7;22555;96
84;160;6;2244;1
84;161;6;2277;7
84;69;7;45333;1
84;69;7;70699;2
84;36;5;700;1
84;18;6;10;1
84;18;6;12;1
84;18;6;13;3
84;18;6;22;1
84;31;3;12;16
84;70;6;5533;1
84;17;7;45111;2
84;59;7;16;1
84;140;5;555;3
84;167;6;4033;1
84;58;7;22222;1
84;24;6;1314;1
84;12;7;70222;1
84;113;5;95;12
84;156;6;1214;26
84;56;6;4455;5
84;19;5;95;11
84;10;7;95;6
84;89;6;1111;5
84;157;7;23333;1
84;111;7;70234;1
84;125;6;4440;1
84;129;6;1214;21
84;173;6;1201;1
84;37;7;23123;24
84;158;6;4488;6
84;125;7;10000;1
84;37;6;96;8
84;110;6;1533;1
84;37;6;2300;16
84;121;6;1313;3
84;23;7;23456;1
84;148;6;7040;1
84;169;6;1322;1
84;134;7;44888;5
84;46;7;15001;1
84;35;7;22555;58
84;146;3;13;134
84;12;7;95;16
84;171;7;11111;1
84;22;5;96;19
84;38;6;1333;2
84;41;6;1313;2
84;21;7;23192;2
84;151;6;4488;3
84;24;6;6565;1
84;78;5;96;28
84;138;7;50500;1
84;16;6;1455;1
84;35;6;4422;1
84;62;5;95;30
84;2;6;2210;1
84;17;6;1234;2
84;161;6;7033;1
84;158;7;70000;3
84;157;5;131;177
84;116;6;5055;1
84;5;6;4410;4
84;163;7;22022;4
84;95;5;555;8
84;111;6;1924;1
84;9;3;12;19
84;168;3;12;9
84;22;7;12144;6
84;75;7;23123;8
84;56;6;95;5
84;68;3;44;59
84;159;7;22555;9
84;164;7;70090;1
84;90;6;1533;6
84;141;7;15;1
84;141;7;22;1
84;98;6;13;3
84;13;3;95;10
84;92;7;44123;3
84;5;7;12000;2
84;115;7;22380;3
84;90;6;1300;2
84;150;6;4422;27
84;1;6;1333;5
84;133;7;22022;2
84;28;7;22222;1
84;89;7;65013;1
84;12;7;22555;33
84;56;7;44556;1
84;54;6;1311;1
84;52;7;13456;1
84;19;7;13155;1
84;25;6;1221;2
84;67;6;1314;1
84;52;7;23;1
84;52;7;45;1
84;52;7;55;3
84;160;7;10123;14
84;52;7;15888;3
84;26;5;131;167
84;87;7;13333;2
84;38;7;12333;3
84;124;6;5555;15
84;73;3;96;24
84;66;6;2255;14
84;81;7;55333;1
84;162;7;12011;2
84;122;5;96;18
84;45;3;13;62
84;95;7;10122;1
84;73;6;5599;1
84;29;7;12345;1
84;135;6;4477;6
84;27;6;95;8
84;42;7;33123;1
84;17;3;44;75
84;173;7;44888;2
84;177;7;45111;2
84;29;6;4456;21
84;86;7;22777;9
84;95;6;1525;1
84;163;7;12000;2
84;57;6;5555;26
84;13;6;1313;5
84;73;6;5055;2
84;68;7;55111;5
84;166;6;1522;1
84;150;3;96;8
84;51;6;9014;2
84;2;7;36192;1
84;100;6;4455;1
84;42;6;1300;2
84;42;7;55678;40
84;128;5;96;35
84;25;5;96;14
84;40;6;1313;1
84;169;7;13258;4
84;50;6;1111;1
84;101;6;1234;1
84;58;3;13;117
84;133;3;13;122
84;50;6;1313;1
84;22;6;5555;12
84;48;6;2277;3
84;149;5;131;149
84;166;6;1201;1
84;6;7;12600;9
84;111;7;45111;1
84;39;3;13;129
84;19;6;2277;39
84;21;7;13555;1
84;17;7;12600;7
84;128;6;4422;9
84;125;3;44;50
84;133;7;15333;1
84;13;7;10123;14
84;165;6;2211;1
84;39;7;15333;3
84;94;6;2201;3
84;25;7;12300;1
84;126;7;45222;1
84;55;6;2300;6
84;79;6;1133;1
84;3;7;33033;1
84;172;7;13258;2
84;167;7;11111;2
84;12;7;65000;1
84;21;7;96;10
84;78;6;1300;1
84;78;7;55678;16
84;173;6;2222;27
84;122;7;50500;1
84;177;6;1533;2
84;55;6;1123;1
84;34;7;13132;11
84;116;7;12144;4
84;67;7;55234;1
84;171;5;95;6
84;98;6;2255;26
84;116;7;70007;3
84;90;6;2288;2
84;43;7;13133;2
84;39;5;700;31
84;156;7;33700;2
84;10;6;1111;11
84;23;7;22555;53
84;121;6;4456;1
84;96;7;36192;2
84;87;6;1222;1
84;139;7;22380;1
84;139;7;44333;1
84;3;7;33888;3
84;157;7;44123;5
84;42;6;55;1
84;42;6;70;1
84;42;7;12;2
84;42;7;13;8
84;42;7;33;1
84;42;7;40;1
84;42;7;45;1
84;42;7;55;1
84;141;6;1214;7
84;74;6;2201;1
84;128;7;12144;2
84;25;7;12144;1
84;84;7;13258;2
84;42;6;1201;1
84;9;7;13138;1
84;24;7;22555;35
84;76;5;96;11
84;103;6;2222;3
84;123;7;96;9
84;123;7;33888;1
84;9;7;10123;5
84;95;6;1234;3
84;133;7;13555;2
84;65;5;95;10
84;42;3;12;43
84;88;6;7007;1
84;88;6;1522;2
84;155;3;12;32
84;111;6;4433;1
84;111;7;12000;4
84;57;6;4422;8
84;67;6;4422;6
84;140;6;5013;1
84;164;6;1522;2
84;1;7;55234;5
84;166;5;95;25
84;33;7;95;11
84;75;7;33888;1
84;124;3;95;7
84;13;7;13555;1
84;171;6;2255;67
84;140;7;55888;2
84;18;6;5567;1
84;16;7;12600;12
84;21;6;1533;6
84;67;7;13222;1
84;121;7;15222;2
84;1;7;12111;2
84;69;7;23123;7
84;30;6;2255;122
84;60;3;96;13
84;145;6;4490;2
84;109;3;12;9
84;112;6;7040;2
84;8;6;1313;2
84;33;6;95;15
84;155;6;96;12
84;84;7;13456;1
84;84;7;15888;1
84;7;3;12;40
84;51;7;70699;6
84;13;7;70345;1
84;89;6;4000;1
84;2;6;4488;1
84;98;6;1322;7
84;42;6;1522;3
84;14;7;12600;1
84;92;3;44;88
84;63;6;96;5
84;152;7;12144;12
84;51;6;2233;7
84;109;6;2211;1
84;85;5;131;139
84;147;6;4440;1
84;31;7;12100;1
84;125;6;1214;25
84;22;6;96;14
84;116;6;4490;3
84;154;7;22120;1
84;173;6;4490;3
84;169;6;1522;1
84;135;6;1311;1
84;175;7;23333;2
84;33;7;55678;7
84;94;7;96;12
84;155;6;1292;2
84;161;7;22556;2
84;84;6;1333;10
84;4;7;12144;5
84;158;7;15333;2
84;16;6;2200;4
84;3;6;96;8
84;126;6;12;3
84;126;6;13;1
84;130;6;4456;5
84;166;6;5567;2
84;140;3;44;77
84;89;7;22555;42
84;33;6;2222;1
84;85;3;44;102
84;167;6;1333;2
84;73;6;96;19
84;128;6;1122;1
84;47;3;95;7
84;112;6;96;2
84;116;7;65700;1
84;76;7;96;5
84;35;7;96;6
84;46;7;15222;1
84;22;7;13;8
84;164;6;5555;14
84;22;7;15;1
84;22;7;22;2
84;22;7;44;3
84;78;6;1255;1
84;49;7;70000;1
84;140;7;12456;1
84;52;6;1214;6
84;162;6;1299;1
84;122;7;33888;3
84;55;6;2222;10
84;48;7;11999;1
84;164;7;95;24
84;88;6;2201;2
84;45;6;2255;23
84;17;6;4488;3
84;158;6;1251;10
84;100;7;55234;1
84;61;6;2225;1
84;6;7;44888;1
84;17;7;36036;1
84;165;7;12144;7
84;103;6;4000;1
84;142;7;15151;3
84;103;7;70123;1
84;103;5;700;45
84;65;6;2244;4
84;42;6;7011;1
84;161;6;1322;1
84;150;7;45111;2
84;154;7;22777;15
84;2;7;44123;7
84;97;6;1251;8
84;138;7;11111;8
84;123;7;22380;1
84;19;7;13258;2
84;54;7;44123;1
84;89;7;22777;13
84;172;7;19123;1
84;173;6;5001;1
84;122;7;33300;2
84;19;7;22777;29
84;95;5;96;23
84;111;6;5555;20
84;138;6;2077;2
84;152;6;1533;3
84;4;6;5590;1
84;60;3;44;58
84;53;3;44;48
84;22;5;160;1
84;22;6;5511;9
84;14;6;6565;1
84;164;7;55111;2
84;14;7;13155;3
84;133;7;96;3
84;70;3;12;18
84;98;5;95;18
84;177;7;22222;4
84;177;7;44190;3
84;59;7;13132;4
84;46;7;45111;3
84;1;6;2233;1
84;28;7;12144;7
84;10;6;4422;6
84;162;6;1251;1
84;20;7;44123;1
84;69;6;1214;2
84;129;6;1533;3
84;113;7;15555;1
84;40;6;95;9
84;5;7;22444;1
84;115;5;700;19
84;123;6;4455;1
84;30;6;5511;4
84;94;7;70321;1
84;13;7;55234;4
84;1;7;44123;2
84;154;6;1020;1
84;172;6;23;4
84;172;7;12;1
84;172;7;13;6
84;172;7;22;1
84;172;7;23;2
84;172;7;55;1
84;172;7;70;2
84;10;7;80;1
84;10;7;45;1
84;10;7;55;2
84;10;7;70;2
84;10;6;12;3
84;10;6;13;1
84;10;6;43;1
84;10;6;55;1
84;52;7;43333;1
84;140;6;6565;1
84;78;6;1213;26
84;49;7;44333;2
84;167;7;22222;2
84;167;7;44190;1
84;169;7;36123;1
84;168;6;7040;1
84;168;7;13155;1
84;37;6;1251;5
84;89;7;10190;1
84;177;6;4444;1
84;165;7;13789;1
84;114;7;13155;1
84;132;7;36666;1
84;3;7;11111;4
84;3;7;12344;1
84;156;6;1155;1
84;156;7;13456;1
84;156;7;15888;1
84;16;7;15001;1
84;16;6;1522;1
84;54;6;1313;1
84;30;5;95;2
84;73;6;2244;3
84;30;6;2323;1
84;79;7;12456;15
84;134;6;1311;1
84;143;7;11113;9
84;115;6;1222;1
84;17;7;13234;1
84;8;7;15115;1
84;8;7;70321;2
84;149;7;44123;3
84;16;7;55678;17
84;16;6;1300;1
84;101;7;22555;93
84;88;7;22555;40
84;33;6;1234;3
84;142;6;1313;2
84;41;7;44122;1
84;140;3;16;1
84;126;7;50500;4
84;174;5;131;165
84;38;6;2277;2
84;41;6;1234;6
84;149;5;700;64
84;81;7;13777;1
84;86;6;1111;6
84;86;7;95;5
84;166;7;33369;1
84;38;6;4455;5
84;44;6;95;9
84;37;3;95;6
84;163;6;1233;2
84;150;6;1533;2
84;26;7;12000;2
84;51;6;2277;3
84;12;7;12144;4
84;129;3;13;118
84;8;7;12888;9
84;151;6;4440;1
84;47;3;96;11
84;5;7;10777;1
84;154;6;4444;2
84;74;7;44040;1
84;87;6;1214;6
84;92;7;15222;1
84;112;7;33888;1
84;33;7;12888;4
84;58;7;12144;1
84;42;7;15555;11
84;35;6;1234;9
84;18;6;96;11
84;129;7;13013;2
84;129;7;45333;1
84;129;7;70699;1
84;138;7;12755;1
84;159;6;4433;1
84;1;7;12456;7
84;41;6;3323;2
84;69;6;4512;2
84;67;6;5001;1
84;134;6;2300;5
84;98;3;12;35
84;98;6;2299;1
84;137;6;1010;3
84;67;7;13333;2
84;87;5;95;8
84;128;7;11113;2
84;16;7;15222;2
84;94;3;13;94
84;90;7;45123;1
84;150;6;5511;7
84;152;7;95;25
84;37;3;44;92
84;103;6;1111;1
84;86;6;5055;1
84;113;7;45234;1
84;38;6;1214;12
84;164;6;2300;16
84;152;7;13456;1
84;152;7;15888;1
84;49;6;1292;1
84;169;6;1292;1
84;105;6;5555;8
84;4;7;10123;9
84;121;5;700;18
84;123;6;1313;2
84;66;7;55555;2
84;24;7;12600;12
84;4;7;12888;4
84;4;6;5055;1
84;157;6;5055;1
84;43;6;4477;1
84;16;6;96;12
84;177;7;10000;1
84;28;7;96;1
84;17;3;95;10
84;78;7;44123;18
84;49;3;44;43
84;138;3;44;81
84;145;7;22555;9
84;51;7;22222;7
84;15;6;5533;1
84;159;7;33123;1
84;13;6;1010;12
84;3;6;1300;1
84;3;7;55678;6
84;33;7;22120;1
84;4;6;2210;2
84;147;7;12144;5
84;3;7;44123;1
84;140;6;1213;23
84;143;6;1000;8
84;17;6;5555;20
84;26;6;2225;1
84;107;7;13123;1
84;86;7;55234;2
84;68;5;131;185
84;143;7;44456;1
84;25;7;96;6
84;150;7;55678;6
84;22;6;11;1
84;22;6;12;1
84;22;6;13;6
84;22;6;22;1
84;22;6;40;1
84;22;6;70;1
84;22;7;11;1
84;42;6;1213;7
84;161;7;33133;1
84;58;7;96;9
84;130;6;2201;1
84;164;6;2200;4
84;46;6;7011;1
84;36;7;95;1
84;31;6;2299;1
84;59;6;4455;1
84;153;6;1299;3
84;53;6;4410;1
84;12;7;70000;2
84;165;7;10100;1
84;121;7;11111;1
84;57;7;95;29
84;55;7;70321;1
84;151;7;13133;2
84;21;6;4477;1
84;124;6;1277;1
84;137;6;4488;2
84;173;7;45020;1
84;129;6;1314;1
84;38;6;2244;1
84;65;6;12;1
84;7;6;4410;5
84;129;7;96;13
84;157;5;555;8
84;104;7;55011;4
84;105;6;2255;10
84;62;6;4432;1
84;172;6;1221;1
84;173;6;4411;4
84;2;7;23123;17
84;9;7;13123;4
84;27;7;12600;1
84;18;7;22777;6
84;85;7;12600;2
84;85;7;65700;2
84;41;7;22777;3
84;166;7;22555;32
84;84;6;5511;2
84;57;7;12500;4
84;155;6;1010;8
84;35;7;55678;10
84;20;7;13131;3
84;20;7;43333;2
84;20;7;55888;1
84;149;6;6565;3
84;139;6;96;15
84;152;7;44888;2
84;60;6;1522;6
84;87;7;13132;2
84;126;6;3323;1
84;165;6;5555;12
84;41;6;1818;1
84;166;7;43640;2
84;148;5;555;2
84;12;7;22444;1
84;15;6;1234;2
84;28;7;12100;5
84;37;7;15001;4
84;50;3;13;82
84;152;6;4455;1
84;143;6;4000;2
84;37;6;5522;3
84;37;6;95;18
84;66;6;4444;1
84;111;6;1277;1
84;96;7;12333;2
84;16;6;1326;1
84;154;7;12000;4
84;138;5;555;7
84;49;6;4422;15
84;162;7;22022;2
84;172;7;15555;10
84;58;6;1333;17
84;8;6;2244;1
84;10;6;7069;1
84;4;7;22380;2
84;133;6;1333;2
84;68;3;96;12
84;68;6;1580;1
84;111;5;95;14
84;81;6;13;2
84;62;6;22;4
84;62;6;44;1
84;81;6;12;2
84;81;6;22;1
84;81;6;23;1
84;81;7;12;3
84;81;7;13;6
84;81;7;22;1
84;52;6;2288;5
84;29;5;555;3
84;176;6;1111;9
84;176;7;12400;1
84;13;6;2255;46
84;79;7;12100;1
84;81;6;4444;1
84;142;6;1213;1
84;56;5;131;154
84;140;6;1111;4
84;89;7;22120;1
84;97;7;70699;1
84;165;7;13123;4
84;152;7;12555;1
84;70;6;4488;1
84;113;6;1533;12
84;39;6;1533;2
84;154;6;1522;3
84;35;6;1313;3
84;55;7;13789;1
84;105;6;2222;2
84;9;7;45333;2
84;9;7;70699;9
84;15;6;5555;6
84;22;6;1331;1
84;55;7;12600;1
84;4;7;22555;51
84;132;6;4422;11
84;19;6;5005;1
84;100;6;1023;1
84;111;7;14888;1
84;86;6;2277;10
84;161;6;2200;8
84;24;6;1234;3
84;44;7;13;13
84;44;7;22;2
84;44;7;55;1
84;51;6;1020;2
84;64;7;10123;2
84;16;6;5055;2
84;72;6;4412;1
84;132;7;22555;63
84;139;7;13155;2
84;139;6;7040;2
84;159;7;12789;1
84;173;7;10000;1
84;146;6;1522;8
84;146;7;15001;1
84;20;7;11999;2
84;129;7;23123;1
84;129;6;2255;49
84;34;6;4455;1
84;177;7;13132;1
84;4;7;95;15
84;95;6;5555;25
84;90;3;13;127
84;162;5;555;5
84;140;7;15555;1
84;147;7;96;4
84;149;7;13155;3
84;72;7;12500;1
84;175;6;1111;4
84;175;7;95;28
84;156;6;4488;3
84;104;7;12500;1
84;96;7;70321;1
84;61;7;12111;1
84;31;7;55011;1
84;97;3;96;9
84;113;7;23190;2
84;171;7;70070;1
84;21;5;700;65
84;168;6;2288;1
84;123;7;22022;3
84;123;6;2244;1
84;115;5;95;6
84;43;7;33456;2
84;3;6;3000;1
84;140;6;2288;3
84;67;6;4001;1
84;38;7;22555;39
84;147;6;4555;2
84;173;7;50500;2
84;139;6;1300;1
84;61;7;44556;1
84;65;6;5511;3
84;155;7;70222;4
84;155;7;13132;1
84;37;7;44789;1
84;113;6;6565;11
84;138;7;22555;24
84;55;6;5533;1
84;121;3;96;17
84;24;5;96;18
84;138;6;1313;11
84;51;7;96;11
84;147;6;6565;5
84;151;6;4422;63
84;155;7;13456;1
84;122;6;1111;5
84;122;7;95;15
84;68;6;1214;7
84;5;7;15120;1
84;139;6;4433;2
84;6;6;1292;2
84;67;6;1212;1
84;60;7;43640;1
84;23;7;55011;1
84;173;6;96;9
84;125;7;55678;24
84;161;6;4440;1
84;90;7;43640;1
84;117;6;4440;3
84;98;6;4511;1
84;135;6;1251;2
84;95;7;22222;1
84;95;7;44190;1
84;173;6;2211;1
84;110;6;95;5
84;38;6;4422;33
84;58;5;131;149
84;70;7;23123;4
84;160;7;12600;1
84;152;6;4490;2
84;66;3;96;6
84;97;3;95;15
84;29;6;2300;1
84;39;6;1299;1
84;38;7;43640;1
84;45;6;4456;3
84;11;5;131;162
84;166;7;44888;3
84;62;6;1221;4
84;3;5;700;81
84;4;6;2200;7
84;73;6;2200;2
84;122;7;22101;1
84;48;7;50500;1
84;136;5;131;100
84;115;6;5555;20
84;103;7;11111;1
84;69;7;33888;1
84;92;7;22777;11
84;13;7;23192;3
84;174;7;33222;1
84;11;7;23123;5
84;172;6;1300;6
84;154;6;6565;4
84;13;7;15888;2
84;18;7;22120;1
84;21;7;11111;8
84;70;6;6513;1
84;70;5;95;9
84;28;7;55777;8
84;117;6;13;1
84;117;6;23;1
84;11;6;5555;10
84;91;3;13;71
84;63;5;700;39
84;157;6;4422;7
84;129;6;1322;1
84;124;7;13456;1
84;124;7;15888;1
84;166;7;95;24
84;107;7;15888;2
84;5;6;5055;1
84;97;7;44027;1
84;20;6;4433;3
84;40;5;95;9
84;156;7;12456;5
84;161;7;44123;1
84;36;7;12999;1
84;52;5;96;20
84;167;6;1213;6
84;28;6;95;6
84;87;6;5533;2
84;113;6;4447;1
84;160;7;13;3
84;160;7;23;1
84;160;7;33;1
84;160;7;44;2
84;48;6;5555;16
84;147;7;70000;1
84;111;7;12144;4
84;1;7;15888;3
84;144;6;95;7
84;100;6;2300;1
84;116;5;95;10
84;66;7;12000;2
84;154;7;15120;1
84;100;3;95;8
84;105;7;36192;2
84;177;6;2222;10
84;132;6;4444;1
84;70;5;131;143
84;136;7;45000;1
84;136;6;95;9
84;154;7;15333;1
84;148;7;12333;5
84;176;6;5511;3
84;54;7;15151;9
84;155;6;2022;1
84;43;6;1111;3
84;43;7;95;10
84;22;6;4447;1
84;6;6;1111;6
84;58;6;4455;1
84;168;7;22123;1
84;16;6;4422;2
84;19;3;13;115
84;62;6;7040;1
84;4;7;10000;2
84;157;7;10000;1
84;58;5;700;27
84;111;6;1522;2
84;156;6;1016;3
84;70;6;1214;1
84;175;3;12;13
84;147;6;4432;1
84;52;6;12;3
84;52;6;13;1
84;52;6;33;2
84;52;6;50;1
84;52;6;55;1
84;129;7;13;6
84;129;7;15;1
84;129;7;22;1
84;57;7;33123;4
84;164;3;96;15
84;169;7;15333;1
84;17;6;4000;2
84;173;7;70090;3
84;31;7;13123;1
84;36;5;96;6
84;30;7;10222;1
84;111;6;4412;1
84;25;7;13258;2
84;173;6;2022;1
84;96;6;5567;1
84;79;6;4410;1
84;147;7;13258;2
84;168;7;65700;1
84;149;3;44;85
84;13;7;44123;1
84;62;7;12600;9
84;66;7;23123;26
84;65;7;13133;1
84;160;7;13258;1
84;132;7;11111;9
84;96;7;11111;24
84;149;6;1292;3
84;44;7;55555;1
84;37;7;50500;1
84;90;6;1233;2
84;19;7;12600;2
84;143;6;95;13
84;33;7;10123;1
84;97;6;22;1
84;97;7;12;1
84;97;7;13;9
84;97;7;15;1
84;97;7;22;3
84;97;7;23;2
84;97;7;40;1
84;97;7;44;2
84;97;7;45;1
84;97;7;70;3
84;90;7;22333;1
84;22;7;13155;2
84;70;7;44456;1
84;96;7;50444;1
84;112;7;45111;1
84;39;7;12111;1
84;81;6;4422;29
84;36;6;1533;1
84;69;7;11;1
84;69;7;13;9
84;69;7;22;3
84;69;7;23;2
84;69;7;44;1
84;69;7;70;1
84;69;6;10;1
84;69;6;12;2
84;69;6;13;3
84;69;6;22;1
84;72;6;2200;3
84;103;6;4422;4
84;113;7;12;5
84;113;6;23;1
84;113;6;44;1
84;113;7;11;1
84;113;7;13;12
84;113;7;15;1
84;113;7;22;2
84;113;7;23;4
84;113;7;44;2
84;113;7;45;1
84;143;6;2288;2
84;66;6;1251;2
84;166;7;55;4
84;7;3;13;139
84;143;6;2211;5
84;48;6;2300;2
84;78;6;1323;1
84;128;6;1314;1
84;32;6;96;7
84;23;6;1500;1
84;176;7;13789;1
84;95;6;7001;1
84;173;3;13;104
84;47;5;700;21
84;6;6;2288;4
84;114;6;1213;18
84;129;7;12345;1
84;3;6;1221;1
84;87;6;4410;1
84;154;6;7012;1
84;50;7;12333;1
84;25;6;5555;22
84;51;7;33888;5
84;114;6;7011;4
84;37;6;1020;1
84;124;7;13133;2
84;173;7;95;18
84;94;7;90909;1
84;62;6;1010;15
84;62;6;4456;3
84;89;6;3500;1
84;162;3;96;28
84;78;7;11113;2
84;78;7;22022;2
84;125;6;2244;2
84;2;7;44888;1
84;43;7;22322;1
84;76;6;95;4
84;4;6;2300;14
84;4;7;12123;3
84;5;6;1323;1
84;3;6;1111;9
84;3;7;95;22
84;140;6;5055;3
84;160;6;96;13
84;149;7;13131;1
84;140;6;3550;1
84;62;6;1111;2
84;23;3;96;22
84;6;6;1333;1
84;165;6;1232;1
84;136;7;12333;12
84;90;6;1333;2
84;6;7;23192;1
84;68;6;4433;1
84;42;7;22333;1
84;166;7;10124;1
84;81;6;1111;10
84;46;7;12222;1
84;130;6;96;3
84;41;7;55011;1
84;111;3;12;30
84;155;6;6565;1
84;90;6;4012;1
84;23;5;700;54
84;68;7;70567;1
84;68;6;4004;1
84;44;7;10123;1
84;51;6;1299;1
84;58;3;12;43
84;133;3;12;12
84;175;6;2211;2
84;85;7;33444;1
84;165;5;96;22
84;73;6;4029;1
84;68;6;4488;4
84;89;5;700;85
84;147;6;4477;2
84;149;3;12;23
84;55;6;4000;3
84;53;3;13;125
84;49;7;12456;21
84;172;6;5511;5
84;149;7;50500;4
84;1;6;7040;1
84;177;7;10123;3
84;65;6;1333;3
84;70;7;13333;3
84;150;7;12222;2
84;9;6;4433;1
84;37;7;44333;1
84;175;6;1234;4
84;23;6;4445;1
84;116;7;45111;2
84;157;6;1251;6
84;4;6;1251;3
84;172;7;13789;1
84;69;7;23192;1
84;134;6;1000;4
84;47;7;22556;2
84;10;6;95;7
84;4;7;13132;1
84;157;7;13132;2
84;44;7;22999;3
84;111;7;13555;1
84;68;7;50123;1
84;28;3;12;10
84;48;5;555;8
84;124;7;12111;1
84;6;7;11444;1
84;116;7;45333;2
84;116;7;70699;11
84;117;6;2222;3
84;132;7;50500;2
84;124;6;1322;1
84;70;6;1322;2
84;42;7;55333;1
84;3;7;44444;1
84;138;7;22001;1
84;64;6;5567;2
84;121;6;1214;18
84;50;3;95;1
84;125;6;5577;4
84;46;6;1533;1
84;115;7;96;7
84;175;7;12345;4
84;73;7;12111;1
84;10;7;23456;1
84;12;6;2288;2
84;14;6;65;1
84;14;7;10;1
84;14;7;11;1
84;14;7;12;1
84;14;7;13;17
84;14;7;15;1
84;14;7;22;2
84;14;7;23;2
84;14;7;44;2
84;14;7;55;5
84;14;7;70;1
84;14;6;12;1
84;14;6;13;2
84;14;6;21;1
84;14;6;23;2
84;14;6;33;1
84;14;6;55;1
84;121;7;10123;4
84;145;6;5567;1
84;30;6;4555;1
84;2;6;5555;20
84;18;6;1214;4
84;19;5;555;2
84;140;6;4000;4
84;19;6;1326;4
84;65;7;22777;8
84;31;6;1214;3
84;29;7;12000;1
84;11;7;55888;6
84;50;5;96;4
84;129;7;12100;3
84;122;6;1010;5
84;162;5;131;159
84;76;6;1533;1
84;140;7;96;11
84;31;3;95;5
84;30;6;2277;6
84;69;7;70444;1
84;59;7;15333;1
84;5;6;2300;16
84;91;3;95;7
84;57;6;7069;1
84;51;6;7033;2
84;104;7;70090;1
84;142;7;10333;1
84;27;5;700;38
84;167;6;4433;3
84;145;7;13132;4
84;21;7;13789;2
84;103;6;4456;9
84;107;6;4477;2
84;16;7;22022;5
84;16;7;11113;2
84;114;6;1201;1
84;52;6;2300;14
84;69;6;5533;4
84;2;7;12456;10
84;154;5;555;7
84;42;6;95;20
84;116;7;23123;42
84;134;5;95;8
84;128;6;1331;2
84;59;3;96;24
84;20;6;1323;1
84;139;6;1214;27
84;162;7;10122;2
84;117;7;70000;1
84;24;7;45111;1
84;61;7;13123;3
84;81;7;23192;2
84;111;6;2255;51
84;167;7;12500;1
84;155;6;1299;2
84;149;7;95;11
84;3;6;1234;2
84;57;7;22555;19
84;48;6;95;5
84;90;6;1111;3
84;46;6;4410;1
84;101;6;5511;1
84;12;7;50113;1
84;42;6;1292;2
84;1;6;2211;2
84;154;7;10000;4
84;11;7;55444;4
84;94;7;13234;1
84;95;3;12;16
84;11;7;33300;2
84;5;6;96;15
84;17;6;5533;2
84;38;3;44;47
84;94;6;2255;25
84;152;3;13;159
84;18;6;4445;1
84;126;6;1251;4
84;63;7;55678;32
84;72;7;80180;1
84;59;7;44111;2
84;51;7;36192;1
84;92;6;1251;6
84;79;6;1234;2
84;145;5;700;50
84;5;6;4444;2
84;12;6;4444;1
84;176;7;13132;2
84;9;7;50500;4
84;55;3;96;12
84;109;7;95;8
84;152;6;95;30
84;84;6;3300;1
84;112;7;44123;6
84;42;7;23190;1
84;42;7;33369;2
84;32;6;1214;1
84;137;6;2255;99
84;4;6;4511;1
84;68;6;96;8
84;52;7;15222;6
84;145;7;22022;1
84;162;6;2210;2
84;155;5;96;22
84;26;7;33300;1
84;52;7;11111;9
84;145;6;96;6
84;37;6;1000;2
84;51;6;5555;27
84;2;6;1245;1
84;165;6;1313;12
84;116;6;4010;1
84;167;6;2222;9
84;30;6;1456;1
84;173;5;131;134
84;146;6;2255;19
84;20;6;2288;4
84;146;7;22222;1
84;143;7;12144;35
84;167;6;2300;4
84;9;7;33369;2
84;51;7;10777;1
84;140;6;4445;2
84;143;6;1588;1
84;143;6;96;17
84;141;7;12144;6
84;173;7;13131;1
84;109;7;96;8
84;55;7;15151;1
84;136;7;45300;2
84;156;5;555;4
84;46;6;2200;3
84;161;7;65013;1
84;73;3;95;9
84;75;6;1000;2
84;167;6;1000;1
84;162;7;11113;5
84;117;7;33193;1
84;159;7;10123;11
84;31;6;1322;4
84;101;6;2288;1
84;175;6;7011;9
84;4;7;44123;1
84;147;7;22555;27
84;156;6;4422;8
84;26;7;23123;5
84;39;7;13333;1
84;18;7;50500;1
84;4;6;4400;1
84;42;6;4433;2
84;74;3;12;25
84;13;5;700;83
84;104;6;5533;2
84;104;7;33777;1
84;158;6;1533;9
84;176;6;1234;2
84;141;5;96;17
84;5;6;6565;3
84;6;7;11666;1
84;11;7;33193;1
84;14;6;96;3
84;158;7;23123;36
84;50;7;44888;9
84;33;6;1133;1
84;78;5;95;13
84;1;3;13;148
84;12;7;13258;1
84;151;6;1214;13
84;157;6;1234;2
84;125;6;1533;11
84;30;5;96;21
84;92;7;12888;1
84;101;7;96;11
84;60;6;4410;1
84;167;3;44;76
84;41;7;15333;3
84;121;7;50113;1
84;21;7;10190;1
84;92;7;13333;1
84;176;7;50500;2
84;55;3;95;13
84;138;7;12112;3
84;32;6;1311;1
84;17;6;4410;2
84;9;6;1213;11
84;124;7;33000;1
84;149;7;15888;1
84;1;6;1300;22
84;39;6;4533;1
84;52;7;12144;1
84;154;7;12333;2
84;53;3;96;13
84;49;7;13789;2
84;70;6;2211;2
84;165;6;1000;1
84;12;6;5511;5
84;156;7;15222;4
84;52;7;23123;14
84;13;7;50777;2
84;1;6;4420;1
84;47;3;13;140
84;165;7;50500;6
84;38;6;1010;3
84;38;6;4456;1
84;46;7;12456;5
84;167;6;1323;1
84;173;7;12114;1
84;62;7;23123;32
84;167;6;1314;1
84;24;6;1233;1
84;38;7;13132;1
84;75;3;96;14
84;89;6;2300;13
84;89;7;12123;2
84;3;7;10000;1
84;68;7;12333;1
84;140;6;5555;10
84;166;7;23190;1
84;160;6;1234;1
84;138;6;1234;3
84;138;6;4411;1
84;164;7;65013;1
84;42;6;1212;1
84;42;7;13258;2
84;58;7;22777;2
84;141;7;13456;3
84;141;7;15888;3
84;34;7;15333;3
84;21;3;95;5
84;25;6;2225;2
84;13;3;13;144
84;155;6;2227;1
84;155;7;50500;4
84;97;6;2288;4
84;66;6;4567;2
84;161;6;1533;3
84;89;7;12600;10
84;132;7;12456;63
84;7;6;1232;1
84;164;7;45111;2
84;24;3;95;9
84;31;7;22222;1
84;31;7;44190;1
84;98;6;1323;1
84;169;7;50500;1
84;6;7;13234;1
84;6;6;4410;3
84;60;6;4444;4
84;59;6;2288;3
84;138;7;13138;1
84;68;6;2323;1
84;97;6;1213;3
84;126;6;1221;2
84;78;7;55234;2
84;90;6;2200;2
84;21;5;95;11
84;138;7;44027;1
84;151;7;15333;3
84;152;7;12000;12
84;18;7;55678;9
84;98;6;2222;4
84;79;7;22700;1
84;61;6;5588;1
84;3;6;4499;1
84;34;3;96;10
84;111;7;13133;2
84;154;7;44777;1
84;13;6;1012;1
84;97;7;23123;69
84;6;7;70;1
84;88;6;12;1
84;88;6;13;2
84;88;6;22;1
84;88;6;23;2
84;88;6;40;1
84;88;6;44;1
84;88;7;11;1
84;88;7;12;1
84;88;7;13;5
84;88;7;19;1
84;88;7;22;1
84;88;7;70;1
84;41;7;13;7
84;41;7;19;1
84;41;7;22;4
84;104;6;1000;1
84;163;6;4444;1
84;55;7;96;16
84;26;5;555;7
84;49;6;4488;4
84;165;6;4010;1
84;74;6;2255;42
84;111;7;43640;1
84;12;7;96;9
84;139;7;13234;5
84;91;7;22777;1
84;110;5;131;107
84;172;6;4433;1
84;10;7;13333;1
84;98;6;3696;2
84;154;7;10190;2
84;148;6;5544;1
84;173;7;10123;14
84;157;6;4554;1
84;47;7;15333;1
84;59;5;131;126
84;143;6;4455;1
84;122;7;45234;1
84;4;7;55666;1
84;163;6;96;4
84;20;7;70123;1
84;20;5;700;83
84;113;6;2288;3
84;114;6;2255;48
84;1;7;55678;17
84;37;7;55011;1
84;116;7;90000;3
84;3;6;2225;1
84;24;7;23000;1
84;18;3;13;151
84;13;6;4410;1
84;13;6;10;1
84;13;6;13;5
84;13;6;22;1
84;13;6;23;2
84;13;6;44;1
84;13;6;50;1
84;11;7;23333;1
84;104;7;11111;7
84;13;7;12600;9
84;44;6;1292;1
84;140;7;55234;1
84;112;7;55678;14
84;76;6;1011;1
84;33;6;1333;20
84;67;7;33;1
84;67;7;44;1
84;67;7;55;4
84;128;7;33888;3
84;56;6;2300;6
84;69;6;2211;1
84;154;6;5055;3
84;96;3;13;96
84;147;6;4051;1
84;40;6;2300;2
84;61;7;12456;7
84;103;6;4410;9
84;174;6;3556;1
84;88;7;12144;2
84;37;6;2210;2
84;85;7;15888;2
84;137;5;700;61
84;29;6;1311;1
84;165;6;1322;1
84;12;7;10123;2
84;145;7;22120;4
84;66;7;22555;20
84;3;6;5555;8
84;177;6;2255;13
84;161;7;13155;1
84;76;7;12333;2
84;84;7;13013;1
84;84;7;70699;2
84;121;6;1234;13
84;145;6;5044;1
84;145;7;12333;4
84;166;5;160;1
84;151;7;55678;12
84;64;6;1233;1
84;52;6;5555;21
84;121;6;4000;1
84;124;7;12300;1
84;166;5;96;14
84;168;6;2200;3
84;164;7;10000;2
84;61;7;13131;1
84;148;7;70000;2
84;116;6;2300;23
84;126;5;131;171
84;157;7;15888;1
84;18;7;70007;1
84;6;6;5555;15
84;97;7;10123;1
84;139;7;13123;2
84;73;7;13133;2
84;34;6;2244;2
84;162;7;13258;5
84;67;6;1232;1
84;166;7;12456;9
84;73;7;70222;1
84;30;7;33888;3
84;92;5;96;15
84;34;6;2210;1
84;46;6;4564;1
84;46;7;95;18
84;6;7;15001;1
84;3;6;1251;2
84;11;7;30000;1
84;26;6;2255;120
84;150;7;55;1
84;150;7;70;3
84;76;6;12;1
84;76;6;22;2
84;76;7;12;3
84;76;7;13;3
84;76;7;22;2
84;76;7;36;1
84;76;7;45;1
84;76;7;55;2
84;58;7;12000;1
84;133;7;12000;13
84;18;7;96;8
84;126;3;96;8
84;133;5;555;7
84;68;5;700;42
84;15;6;1314;1
84;177;5;131;74
84;55;6;4422;4
84;138;7;13100;1
84;2;5;700;51
84;175;7;23123;8
84;153;7;13155;2
84;46;7;15333;1
84;23;6;96;14
84;97;7;22222;1
84;31;6;5599;1
84;74;7;13258;1
84;112;7;13234;4
84;57;7;12456;2
84;44;5;700;44
84;69;7;10000;1
84;155;7;55555;2
84;156;6;5001;1
84;54;7;95;10
84;30;6;2222;6
84;79;6;5567;1
84;164;6;5007;2
84;164;7;12333;1
84;73;6;1000;1
84;123;3;13;134
84;5;5;96;24
84;155;6;4456;3
84;174;6;1213;5
84;121;3;44;21
84;88;7;15555;1
84;97;6;1321;2
84;89;6;4411;2
84;58;7;11444;6
84;55;3;13;101
84;44;5;95;7
84;175;7;22111;7
84;166;7;13555;2
84;63;7;12600;1
84;3;3;96;14
84;95;6;95;8
84;171;7;23333;1
84;171;7;15333;1
84;165;7;10777;1
84;175;6;2255;38
84;49;6;1333;14
84;162;6;96;12
84;37;6;7012;1
84;37;6;7070;1
84;103;3;96;20
84;153;6;4422;6
84;152;6;2200;1
84;136;5;96;16
84;122;7;55444;1
84;137;7;23123;12
84;79;5;555;6
84;166;7;22222;6
84;166;7;44190;5
84;39;6;4455;1
84;22;7;13133;2
84;140;7;13133;1
84;21;6;5511;11
84;51;7;10000;2
84;135;7;22456;1
84;165;7;13133;3
84;173;3;96;13
84;160;7;45111;1
84;81;7;12456;5
84;43;6;1234;3
84;144;3;13;58
84;122;6;1533;5
84;124;6;1111;15
84;162;6;4488;1
84;160;6;1300;3
84;61;6;1214;9
84;121;5;555;1
84;53;7;33888;1
84;164;6;95;22
84;140;7;22777;4
84;37;7;33700;1
84;76;6;5555;64
84;160;7;55678;10
84;58;7;11111;16
84;75;7;12144;1
84;85;6;2200;2
84;5;6;11;1
84;5;6;12;2
84;5;6;13;4
84;5;6;23;2
84;5;6;70;1
84;5;7;12;1
84;154;7;55678;17
84;142;6;4490;1
84;175;6;13;8
84;175;6;23;1
84;175;6;70;1
84;79;7;23124;1
84;122;6;2233;1
84;48;5;700;33
84;16;6;2255;49
84;147;7;11444;5
84;68;7;12144;9
84;173;7;15001;4
84;162;6;1321;2
84;89;7;22222;6
84;89;7;44190;3
84;107;5;131;51
84;116;7;95;13
84;116;6;1111;9
84;160;7;12456;4
84;44;7;13555;1
84;75;7;55555;1
84;163;6;1213;3
84;154;6;1234;4
84;40;6;4455;3
84;46;7;13789;1
84;16;6;2244;3
84;175;6;4000;1
84;44;6;2210;1
84;126;7;12456;2
84;155;5;700;71
84;62;6;2200;1
84;157;6;4440;1
84;25;6;4410;1
84;165;7;11113;3
84;165;7;22022;6
84;88;6;1214;13
84;56;7;55555;1
84;20;7;22111;1
84;28;3;44;53
84;8;6;2288;3
84;64;6;4422;9
84;18;7;12000;45
84;48;6;1292;2
84;35;6;2300;2
84;35;7;12123;1
84;85;7;15555;5
84;159;6;1251;1
84;95;7;95;9
84;95;6;1111;7
84;55;7;12333;1
84;23;3;95;5
84;111;7;96;10
84;122;3;96;13
84;152;6;2277;1
84;139;6;2211;1
84;17;5;95;16
84;76;7;22222;4
84;76;7;44190;1
84;88;5;131;143
84;86;6;2255;89
84;152;7;55555;1
84;63;7;22022;1
84;168;6;2222;1
84;35;7;13789;1
84;30;3;96;9
84;35;7;12999;2
84;141;7;44777;1
84;164;7;10123;6
84;91;7;13789;5
84;165;6;4490;4
84;147;6;2288;3
84;22;6;1522;3
84;173;7;13123;3
84;166;6;95;26
84;166;7;45000;1
84;104;6;12;2
84;67;6;5050;1
84;29;7;44123;10
84;155;6;1016;10
84;116;7;55011;1
84;51;7;22111;5
84;81;5;95;9
84;44;7;70222;1
84;160;6;2300;17
84;137;7;43640;9
84;138;7;12000;7
84;10;6;2233;1
84;44;6;5116;1
84;35;7;12345;2
84;20;5;96;20
84;19;6;1234;2
84;6;3;12;28
84;72;6;5055;3
84;52;7;13132;2
84;52;7;70222;3
84;61;7;13133;1
84;59;6;4410;1
84;24;6;7000;1
84;94;7;12500;1
84;52;7;19123;1
84;52;7;22111;2
84;158;7;22222;1
84;150;6;1221;2
84;24;7;43333;1
84;10;7;70027;1
84;45;6;1112;1
84;40;3;13;162
84;22;7;15151;1
84;38;6;2300;9
84;111;6;11;1
84;111;6;13;4
84;111;6;22;2
84;111;6;23;2
84;111;6;65;1
84;111;7;12;3
84;175;7;96;6
84;68;7;23190;1
84;19;7;12456;2
84;89;7;65000;1
84;21;6;50;1
84;50;7;95;2
84;171;6;4445;2
84;137;7;12345;1
84;64;7;13333;1
84;158;7;65013;1
84;101;6;5055;1
84;86;6;5511;2
84;139;7;44020;1
84;139;7;96;21
84;54;6;7069;3
84;55;7;44600;1
84;154;7;33333;1
84;140;6;4455;1
84;17;7;12000;2
84;5;5;555;5
84;51;5;95;14
84;5;6;4477;1
84;68;6;1245;1
84;139;7;22111;1
84;124;7;43640;1
84;29;6;2277;12
84;134;6;2277;1
84;156;6;1255;1
84;51;7;15120;1
84;104;3;12;11
84;60;5;95;10
84;165;6;1111;7
84;96;7;14444;1
84;58;6;1313;3
84;41;7;23123;35
84;136;7;13333;1
84;104;6;1322;2
84;42;3;96;6
84;104;6;1020;1
84;111;6;4410;2
84;6;5;555;7
84;53;7;23123;4
84;23;6;4455;1
84;162;6;1214;11
84;169;7;22380;1
84;8;5;95;11
84;69;3;12;26
84;64;6;2277;3
84;81;6;5555;19
84;72;7;10123;1
84;90;7;22555;50
84;23;5;96;25
84;25;6;1533;3
84;91;7;11444;1
84;23;7;44333;2
84;61;6;4422;21
84;134;3;12;41
84;95;7;12144;1
84;38;7;22700;1
84;177;6;1213;9
84;45;7;13456;1
84;45;7;15888;3
84;29;3;13;133
84;4;3;12;26
84;69;6;1369;1
84;61;7;70222;1
84;154;6;2300;13
84;34;6;2288;1
84;54;6;2288;3
84;107;7;12333;6
84;46;3;12;21
84;98;7;44123;6
84;111;5;700;61
84;146;6;1212;1
84;10;6;1221;2
84;164;6;2244;3
84;122;6;2200;4
84;10;7;44123;2
84;57;7;96;13
84;148;6;5511;4
84;62;6;1016;2
84;3;7;70070;1
84;9;6;1000;3
84;112;7;70699;1
84;112;5;700;40
84;57;7;13333;3
84;162;6;4411;1
84;162;6;1234;2
84;41;7;12999;1
84;22;7;70222;1
84;22;7;13132;4
84;85;7;50013;1
84;92;7;13456;1
84;18;6;1313;5
84;147;7;10123;1
84;144;7;11111;5
84;49;6;1214;3
84;161;6;1511;1
84;137;6;4400;1
84;76;3;44;69
84;4;6;1292;1
84;10;7;12600;2
84;100;5;555;38
84;141;6;4477;2
84;3;6;5533;2
84;133;6;2255;101
84;149;7;10;1
84;149;7;13;6
84;149;7;22;2
84;149;7;23;1
84;149;7;43;1
84;149;7;55;3
84;76;7;44888;2
84;43;7;23123;4
84;103;6;2300;2
84;138;6;2300;7
84;39;6;5511;1
84;25;6;2255;105
84;24;7;33123;1
84;3;7;96;4
84;88;6;1313;8
84;157;5;700;41
84;137;6;1245;2
84;1;6;4410;4
84;145;7;23123;3
84;177;7;33123;2
84;105;7;55678;9
84;6;7;12333;1
84;152;6;5567;1
84;12;3;95;11
84;87;7;23123;4
84;103;7;33123;2
84;96;7;22555;29
84;164;5;131;146
84;56;6;2210;1
84;124;6;2277;6
84;147;6;4410;3
84;126;5;700;43
84;161;3;44;110
84;145;6;2255;7
84;150;6;1333;3
84;10;5;131;111
84;164;6;1313;9
84;167;7;44027;1
84;154;6;50;1
84;175;6;2244;1
84;85;5;700;88
84;89;7;44888;2
84;111;7;55234;1
84;135;6;4440;2
84;171;7;12144;3
84;30;6;4455;1
84;65;7;22222;3
84;65;7;44190;1
84;147;6;1133;1
84;163;6;1292;1
84;175;7;65700;1
84;175;7;12600;3
84;75;7;22222;2
84;75;7;44190;1
84;29;7;12;2
84;29;7;13;9
84;29;7;22;8
84;29;7;44;1
84;29;7;45;1
84;61;6;96;3
84;76;6;96;3
84;51;7;13123;3
84;122;6;1212;1
84;103;7;96;9
84;177;7;12000;3
84;55;6;4441;3
84;133;6;4033;1
84;157;7;22555;88
84;28;6;2222;1
84;114;7;33888;1
84;10;7;11444;3
84;155;7;10000;2
84;1;6;1251;4
84;105;3;44;8
84;66;6;1314;5
84;63;7;13333;3
84;124;5;96;18
84;3;7;13132;2
84;3;7;70222;1
84;174;7;44999;1
84;62;6;5511;1
84;150;6;2022;2
84;13;6;4433;2
84;5;7;70090;1
84;5;6;4400;1
84;62;7;44888;1
84;88;7;22333;1
84;144;6;7012;6
84;172;6;12;1
84;172;6;13;1
84;39;6;12;1
84;39;6;13;1
84;39;6;22;1
84;39;6;23;2
84;39;6;44;1
84;51;7;55111;1
84;117;6;1234;1
84;140;3;12;15
84;29;7;12600;6
84;74;6;1201;2
84;158;6;4432;1
84;85;7;11444;2
84;10;6;4410;1
84;159;6;4488;1
84;112;6;1313;1
84;4;6;7012;1
84;70;7;13132;9
84;129;6;4422;16
84;130;6;95;4
84;75;7;12000;2
84;167;7;12000;8
84;22;7;44333;1
84;124;7;13013;2
84;44;7;55678;32
84;169;7;22556;1
84;20;7;13133;1
84;11;7;70321;1
84;64;6;4447;3
84;64;7;11;1
84;64;7;12;3
84;111;7;22010;1
84;19;6;96;15
84;81;7;10123;1
84;155;7;23333;1
84;30;7;22022;3
84;98;7;50500;1
84;55;6;2277;2
84;96;7;70027;2
84;111;7;22777;6
84;152;5;555;1
84;18;7;11111;6
84;174;6;1214;3
84;62;7;55234;1
84;52;6;1533;2
84;145;6;2300;3
84;134;6;96;6
84;56;7;44999;1
84;26;6;2222;10
84;121;7;12114;1
84;11;7;44190;1
84;162;7;33882;1
84;157;6;1333;5
84;162;7;55111;6
84;89;7;10222;1
84;153;5;700;34
84;138;6;1000;1
84;166;7;44123;1
84;40;6;1010;1
84;11;7;15222;2
84;104;5;96;13
84;63;3;12;29
84;129;6;1213;18
84;162;6;1313;9
84;29;7;22222;1
84;29;7;44190;1
84;48;7;12456;16
84;161;6;2201;2
84;72;7;50777;1
84;172;6;1234;1
84;38;5;555;7
84;175;5;700;16
84;34;6;4433;1
84;67;3;95;10
84;172;6;2288;1
84;146;6;1533;3
84;68;5;96;22
84;61;7;55678;6
84;61;6;1300;16
84;176;7;33700;1
84;29;6;1300;3
84;29;7;55678;6
84;33;7;33300;1
84;72;7;70000;1
84;111;6;95;12
84;109;7;55678;20
84;11;6;1533;3
84;154;7;96;14
84;55;7;11111;20
84;164;7;10124;1
84;63;5;131;136
84;172;7;11000;2
84;67;7;13013;3
84;67;7;70699;2
84;57;7;45333;1
84;57;7;70699;3
84;16;6;4490;1
84;150;6;96;5
84;62;7;22222;3
84;51;6;4444;2
84;155;7;44111;1
84;84;6;2201;1
84;113;5;96;22
84;130;6;5511;6
84;56;7;43640;2
84;6;6;4447;1
84;52;7;65013;1
84;152;6;1522;1
84;152;7;15001;1
84;128;7;95;22
84;124;5;131;139
84;14;6;1333;7
84;117;5;95;3
84;29;6;1333;4
84;135;6;96;2
84;135;6;1588;1
84;89;6;2288;2
84;10;6;2288;1
84;98;7;13258;10
84;132;6;5001;1
84;59;6;1215;1
84;139;6;4000;5
84;3;7;13555;1
84;37;6;7033;1
84;154;7;23123;27
84;56;7;23123;6
84;137;6;6565;2
84;12;6;4433;5
84;172;3;95;13
84;43;7;45300;1
84;35;6;4567;1
84;138;7;55011;1
84;90;7;55111;1
84;167;6;4444;1
84;149;6;5013;2
84;31;5;96;22
84;57;6;1020;1
84;145;7;10123;1
84;39;7;70321;3
84;122;7;44888;9
84;34;7;12144;1
84;61;6;1333;2
84;142;6;2300;1
84;98;7;96;9
84;37;6;4410;3
84;10;6;7040;2
84;126;3;12;47
84;126;3;21;1
84;175;5;96;16
84;177;7;50500;1
84;34;6;5001;2
84;14;5;96;24
84;47;6;1522;7
84;26;7;10124;2
84;147;3;44;34
84;44;7;15123;1
84;14;7;50500;1
84;64;6;2222;12
84;136;3;13;84
84;169;7;44123;10
84;173;7;13222;1
84;115;3;95;2
84;133;7;13777;8
84;18;7;22222;2
84;152;3;44;40
84;35;6;5511;6
84;169;7;55678;25
84;164;3;13;133
84;75;6;1314;2
84;165;6;1314;1
84;85;6;5511;3
84;24;6;4013;1
84;11;6;2288;8
84;98;7;12888;1
84;98;7;13333;7
84;24;7;22333;3
84;19;6;5511;4
84;85;6;5533;3
84;87;7;44333;1
84;78;6;1322;1
84;165;3;12;21
84;132;5;96;37
84;141;6;2288;3
84;13;6;4422;8
84;165;6;96;15
84;57;7;13013;1
84;11;7;22000;1
84;23;6;4477;1
84;16;7;70321;1
84;144;6;1214;2
84;149;6;4422;8
84;78;7;55777;3
84;121;7;22555;64
84;4;7;55678;12
84;137;6;2233;6
84;72;7;12345;1
84;9;6;5511;9
84;165;7;55111;2
84;116;6;4433;2
84;45;6;1213;2
84;165;6;2200;1
84;73;6;4422;9
84;86;7;50777;3
84;121;5;95;30
84;122;6;2288;4
84;152;7;12600;5
84;13;6;1020;3
84;86;7;44020;1
84;86;7;96;7
84;85;6;5599;1
84;126;5;95;13
84;140;7;13777;2
84;89;6;95;12
84;64;7;13777;3
84;95;7;13456;3
84;95;7;15888;2
84;42;6;2277;1
84;24;7;12333;1
84;151;6;1313;2
84;60;7;22555;74
84;37;7;55555;1
84;43;6;1470;1
84;42;7;22111;2
84;38;7;13013;1
84;38;7;45333;5
84;146;6;1213;1
84;96;7;70090;2
84;48;6;1234;1
84;58;7;50007;1
84;2;6;4444;1
84;21;6;4000;2
84;73;6;1010;1
84;122;6;1292;1
84;176;6;1213;3
84;145;7;22777;6
84;54;6;5050;1
84;112;7;13130;1
84;92;6;1522;1
84;92;6;4456;1
84;92;6;1010;6
84;141;6;1300;3
84;141;7;55678;10
84;165;6;2288;5
84;34;3;44;24
84;65;7;33888;3
84;167;6;5055;1
84;17;6;5055;3
84;7;6;1214;15
84;103;6;2211;1
84;98;6;1234;1
84;164;7;13258;2
84;155;7;15678;1
84;28;6;96;2
84;30;6;4488;2
84;58;6;1500;1
84;133;3;95;7
84;101;7;13258;2
84;88;7;13258;5
84;11;6;96;18
84;112;5;95;18
84;177;3;13;61
84;107;3;13;44
84;64;7;12333;6
84;3;6;5511;14
84;34;5;700;18
84;8;5;131;100
84;166;6;5599;1
84;34;7;23192;1
84;1;6;1313;4
84;132;6;95;7
84;23;3;44;73
84;51;7;13133;1
84;57;7;12888;1
84;57;7;13155;3
84;57;6;7040;1
84;67;6;7040;1
84;31;7;22022;2
84;26;7;22222;8
84;28;7;44111;1
84;40;7;13258;1
84;73;7;22777;31
84;141;7;44888;12
84;75;6;2222;4
84;154;6;1333;3
84;75;6;5500;1
84;62;6;2211;3
84;9;7;11113;5
84;9;7;22022;5
84;117;3;95;2
84;150;6;2277;5
84;12;6;4455;1
84;123;7;23333;7
84;110;7;13131;1
84;159;6;5055;1
84;65;7;11113;1
84;163;3;44;37
84;140;6;4488;7
84;152;6;1292;2
84;103;6;95;11
84;147;7;50777;2
84;6;7;13133;1
84;165;7;11111;9
84;166;7;10123;10
84;162;5;95;15
84;4;6;1213;10
84;51;6;5500;1
84;75;7;44027;1
84;167;6;1010;7
84;167;6;4456;1
84;171;7;22022;2
84;62;7;44123;22
84;64;6;2211;2
84;43;6;2299;1
84;14;6;2211;1
84;28;7;45999;1
84;4;7;50013;1
84;42;6;2200;2
84;111;7;15555;5
84;154;3;12;32
84;29;3;44;64
84;96;6;4000;1
84;175;7;33888;4
84;148;6;1313;4
84;88;6;5501;1
84;122;6;5533;6
84;42;3;95;13
84;70;7;15555;2
84;174;7;13132;3
84;167;5;95;19
84;158;7;12;1
84;166;6;2222;15
84;173;6;95;16
84;24;6;1292;3
84;101;7;23123;12
84;88;7;23123;27
84;109;3;44;17
84;69;7;55111;4
84;62;7;22555;48
84;47;3;12;31
84;112;6;4422;12
84;67;6;2255;50
84;137;5;131;213
84;149;7;44690;1
84;101;6;1251;1
84;40;7;15333;3
84;89;6;12;1
84;89;6;13;4
84;89;6;15;1
84;89;6;70;1
84;89;7;11;1
84;89;7;13;9
84;89;7;22;1
84;89;7;44;1
84;89;7;55;2
84;18;7;13777;3
84;12;7;33888;2
84;15;6;2210;1
84;64;6;1000;1
84;155;7;12456;1
84;167;7;22555;28
84;116;7;10777;1
84;171;7;11000;1
84;54;6;1333;7
84;147;6;95;9
84;23;7;22;3
84;23;7;23;1
84;23;7;44;3
84;23;7;65;1
84;45;6;1313;1
84;172;3;13;119
84;168;6;96;3
84;40;6;1533;6
84;128;7;12000;2
84;139;7;23123;43
84;19;6;7069;1
84;8;6;1531;1
84;84;6;4441;2
84;95;7;44888;11
84;22;7;10777;1
84;68;6;5511;3
84;135;6;1533;9
84;149;7;12456;5
84;75;7;44123;1
84;95;6;4477;1
84;40;5;700;24
84;139;7;70000;1
84;92;7;12100;1
84;148;6;95;9
84;177;5;700;46
84;107;5;700;14
84;104;6;13;5
84;104;7;11;1
84;84;7;12888;5
84;84;7;13333;3
84;36;7;36123;3
84;21;7;15333;2
84;57;6;1321;3
84;67;6;1321;2
84;6;6;2255;60
84;26;7;12600;1
84;37;7;12456;5
84;95;6;1201;2
84;51;7;11111;6
84;51;7;12344;1
84;41;6;2255;63
84;172;6;1111;6
84;143;5;555;3
84;88;6;5055;2
84;96;7;50013;1
84;28;7;55678;22
84;64;7;11444;1
84;13;6;1221;1
84;172;6;1233;4
84;68;7;13234;2
84;14;5;555;15
84;6;7;96;11
84;153;7;10123;17
84;69;7;12300;1
84;92;7;70007;1
84;174;7;22222;1
84;19;6;4004;1
84;168;5;95;9
84;52;7;70090;4
84;75;6;1292;1
84;145;5;95;8
84;136;6;1233;1
84;74;6;4488;2
84;26;6;5055;2
84;51;7;23000;1
84;121;6;1010;5
84;84;6;1214;18
84;13;6;1213;13
84;162;7;70333;1
84;92;7;22222;5
84;35;7;70699;1
84;130;3;44;26
84;141;7;12111;5
84;8;6;4000;1
84;29;7;96;6
84;89;3;13;120
84;20;7;22555;42
84;19;7;22000;1
84;64;6;4567;3
84;49;7;45333;3
84;175;6;1311;1
84;134;6;95;7
84;134;7;45000;7
84;52;6;7040;2
84;52;7;13155;1
84;40;7;12300;1
84;147;3;96;9
84;45;7;65700;1
84;32;6;5511;4
84;86;5;96;7
84;92;6;4011;2
84;48;7;13789;2
84;68;6;4422;13
84;174;7;70567;1
84;156;6;1533;11
84;8;6;2222;12
84;139;6;5533;2
84;3;7;10777;1
84;28;6;4422;14
84;92;6;7011;1
84;124;5;95;15
84;111;7;22333;1
84;123;6;2255;43
84;147;7;12456;24
84;135;7;23123;2
84;121;7;22022;1
84;72;7;22555;52
84;7;6;2323;1
84;32;7;44122;1
84;41;6;5055;2
84;158;6;4477;1
84;23;6;4410;3
84;155;7;33700;2
84;20;7;44888;1
84;139;6;3333;1
84;52;6;7007;1
84;52;7;15001;5
84;4;5;96;17
84;18;6;4013;1
84;146;6;21;1
84;146;6;12;1
84;146;6;13;1
84;146;6;23;1
84;146;6;33;2
84;146;6;44;1
84;146;6;45;1
84;146;6;65;3
84;146;7;11;1
84;146;7;12;3
84;146;7;13;12
84;146;7;22;1
84;92;6;4433;2
84;89;7;44123;1
84;52;7;44789;2
84;20;6;70;1
84;20;7;12;1
84;20;7;13;8
84;20;7;22;3
84;158;7;12000;3
84;164;6;1311;1
84;3;7;33369;1
84;165;6;1234;1
84;151;6;1322;2
84;2;7;40101;1
84;9;7;33123;2
84;136;6;1234;1
84;85;7;22022;5
84;8;6;1533;2
84;64;7;22555;40
84;75;7;12600;1
84;53;5;96;15
84;115;5;555;8
84;69;7;44122;2
84;57;6;5050;1
84;26;6;2277;32
84;49;7;50500;1
84;156;6;1010;21
84;65;7;12456;4
84;52;3;13;128
84;146;7;70222;2
84;146;7;13132;1
84;124;6;2233;10
84;89;7;33456;1
84;109;5;700;14
84;130;6;1251;2
84;72;6;1314;1
84;16;7;44555;1
84;16;5;700;64
84;159;7;65234;1
84;156;7;12600;6
84;152;7;12100;5
84;76;7;12144;1
84;64;3;95;9
84;22;3;96;14
84;24;3;44;87
84;73;7;55111;1
84;27;7;22777;1
84;116;6;2210;2
84;121;7;23123;9
84;116;7;90901;1
84;116;6;1533;5
84;125;6;4444;3
84;164;6;1111;1
84;46;7;36192;1
84;139;6;1234;4
84;38;7;44123;3
84;150;7;44888;1
84;156;6;4020;1
84;167;7;44456;4
84;72;6;1010;2
84;73;3;12;24
84;141;7;22777;7
84;110;7;12456;6
84;67;6;5511;6
84;65;3;13;163
84;32;7;70699;47
84;96;7;45111;2
84;73;7;45111;1
84;94;6;1213;10
84;8;6;1000;1
84;87;7;22222;1
84;40;7;11111;3
84;171;7;95;6
84;4;7;70699;6
84;90;5;555;3
84;72;6;4010;5
84;20;7;11111;10
84;130;7;96;2
84;88;6;2200;7
84;58;6;2255;69
84;16;7;12114;1
84;26;7;50013;1
84;91;6;1111;5
84;6;7;12144;7
84;126;7;70070;1
84;96;6;95;13
84;10;7;40101;1
84;37;7;55111;1
84;145;7;12111;2
84;47;6;1222;1
84;47;6;1234;2
84;21;6;7040;1
84;21;7;13155;1
84;143;7;45111;4
84;59;7;45300;1
84;148;6;1251;16
84;149;7;12600;8
84;44;6;4013;2
84;153;7;12456;4
84;14;7;45000;1
84;78;6;96;6
84;94;6;4456;3
84;4;7;55234;1
84;55;7;95;15
84;48;7;44123;2
84;23;5;95;12
84;48;7;12;5
84;48;7;13;11
84;48;7;44;1
84;48;7;70;2
84;48;6;10;1
84;48;6;12;1
84;48;6;13;2
84;48;6;22;1
84;48;6;44;1
84;154;6;43;1
84;154;6;44;1
84;52;5;131;153
84;39;6;5555;12
84;123;7;23123;17
84;150;6;1214;12
84;156;6;1321;1
84;8;7;23333;3
84;4;7;12111;1
84;79;7;33123;2
84;149;6;4445;1
84;13;7;15555;1
84;14;7;13789;5
84;22;7;44555;1
84;22;5;700;76
84;125;7;13258;21
84;69;6;1234;50
84;92;6;7070;1
84;117;7;11;1
84;117;7;12;1
84;117;7;13;2
84;117;7;22;3
84;38;6;96;7
84;133;7;22777;9
84;126;7;55011;1
84;128;6;1292;2
84;159;6;2255;10
84;167;7;70333;1
84;31;6;5511;6
84;116;6;1251;3
84;136;6;4445;5
84;57;6;2200;3
84;177;7;70699;2
84;107;7;70699;5
84;81;7;96;5
84;47;6;2288;2
84;92;5;555;7
84;173;7;15888;1
84;115;6;1122;1
84;115;7;33456;2
84;62;5;555;1
84;96;3;95;8
84;104;6;1010;5
84;168;6;1333;4
84;85;7;44190;1
84;79;7;33700;1
84;166;6;12;1
84;166;6;13;2
84;166;6;15;1
84;166;6;22;2
84;166;6;23;3
84;166;7;12;2
84;166;7;13;7
84;166;7;15;1
84;166;7;23;2
84;166;7;45;1
84;37;6;1522;1
84;72;6;8080;1
84;152;6;1111;3
84;161;7;23999;3
84;165;6;95;11
84;152;6;1010;8
84;141;7;44456;1
84;21;7;50500;3
84;147;7;23333;1
84;35;6;4000;1
84;53;7;22777;20
84;16;6;5511;12
84;165;7;12456;7
84;40;7;11444;5
84;94;6;4000;3
84;43;3;13;106
84;52;7;22555;50
84;147;6;96;8
84;23;6;2300;18
84;23;7;12123;2
84;53;6;1251;1
84;175;7;15222;3
84;37;7;44447;2
84;163;6;2222;11
84;175;6;1533;1
84;98;7;44888;2
84;90;3;96;11
84;11;6;95;17
84;19;6;4033;1
84;69;7;13258;2
84;28;3;13;99
84;53;7;12000;1
84;42;7;22777;1
84;174;7;12000;1
84;20;7;44111;1
84;85;6;1016;1
84;113;7;23000;1
84;104;7;33033;5
84;11;7;50113;1
84;27;6;96;7
84;165;7;12600;9
84;168;5;700;15
84;88;6;1010;8
84;73;6;2255;60
84;113;6;1016;1
84;35;7;12000;6
84;75;6;1213;3
84;3;6;2200;3
84;175;7;12456;1
84;110;7;44123;5
84;117;6;1214;32
84;66;6;1214;3
84;94;5;131;122
84;98;7;45111;20
84;79;7;11111;16
84;107;6;96;2
84;23;6;5007;1
84;23;7;12333;1
84;49;7;70070;1
84;159;7;12888;1
84;89;7;55777;1
84;42;6;1245;1
84;12;7;12500;1
84;74;6;95;6
84;69;7;11444;1
84;115;6;2201;6
84;11;7;50500;1
84;134;6;1333;36
84;15;7;70123;1
84;140;6;2255;54
84;143;6;1300;7
84;143;7;55678;14
84;156;6;2277;19
84;57;7;13123;1
84;67;7;13123;4
84;15;6;7001;1
84;122;7;12500;2
84;151;7;22123;1
84;48;3;12;12
84;133;7;10000;1
84;42;6;1010;6
84;42;6;4456;1
84;53;6;1322;1
84;156;7;13258;5
84;44;7;11111;1
84;62;7;95;23
84;130;6;5555;15
84;165;6;2300;8
84;1;7;44040;1
84;60;6;4455;1
84;155;7;13131;3
84;156;7;22222;8
84;156;7;44190;1
84;8;7;40331;2
84;41;6;7033;1
84;110;6;96;2
84;21;7;45333;1
84;21;7;70699;8
84;149;6;2010;1
84;70;6;1313;3
84;64;6;1533;10
84;20;7;55234;5
84;149;7;23123;26
84;47;6;1323;1
84;124;7;55678;9
84;152;3;95;21
84;104;7;10000;1
84;128;6;4455;1
84;117;6;5555;2
84;139;7;11111;13
84;17;3;80;1
84;37;6;2200;5
84;52;6;95;19
84;85;6;1333;2
84;147;6;5533;1
84;56;6;1300;2
84;137;3;95;10
84;173;7;11444;1
84;7;7;44776;1
84;55;7;12000;2
84;60;7;13;3
84;39;6;1214;16
84;68;6;2277;5
84;94;6;2200;3
84;8;6;2210;1
84;134;7;15333;2
84;152;6;2300;1
84;122;6;4440;7
84;122;6;5500;1
84;167;7;12999;4
84;140;6;4456;3
84;33;7;11111;1
84;11;6;1213;21
84;44;6;1123;1
84;114;7;15555;28
84;114;7;70500;3
84;13;7;45999;1
84;49;7;45300;1
84;47;7;12000;1
84;81;3;96;10
84;50;6;5533;1
84;24;6;5555;11
84;42;7;13123;8
84;81;7;65013;1
84;48;3;44;41
84;150;6;5533;2
84;154;6;1300;1
84;7;7;13133;1
84;63;6;4000;3
84;11;6;4422;11
84;5;6;2277;5
84;157;6;2222;7
84;14;6;1214;1
84;137;7;44190;2
84;26;6;1214;3
84;9;6;2211;2
84;40;7;33000;1
84;142;5;131;172
84;154;6;2222;20
84;95;7;33033;1
84;11;7;12000;54
84;2;3;95;6
84;72;7;44447;1
84;36;7;15333;2
84;2;7;23333;1
84;98;7;45333;2
84;123;7;12456;23
84;4;6;5555;20
84;9;7;70007;1
84;84;5;131;128
84;24;7;13789;1
84;78;6;5555;10
84;47;5;95;11
84;52;6;4444;2
84;12;7;23123;8
84;110;3;96;10
84;129;6;2222;11
84;16;7;70007;1
84;165;7;10123;16
84;172;7;10124;2
84;173;6;1213;6
84;101;6;1000;1
84;43;6;4422;8
84;60;6;2255;67
84;10;7;55678;15
84;52;6;1123;1
84;59;6;7011;1
84;22;7;30000;1
84;130;6;1002;7
84;103;6;7040;1
84;33;6;4433;1
84;175;6;6565;2
84;41;7;70222;1
84;90;7;15001;2
84;88;6;1233;1
84;149;6;2300;19
84;52;7;13123;5
84;88;7;15222;1
84;37;6;4488;2
84;73;7;65234;1
84;136;6;1326;1
84;42;7;12112;6
84;151;6;5055;2
84;20;7;33145;1
84;14;5;700;34
84;145;6;4000;5
84;1;6;23;2
84;1;7;11;1
84;1;7;12;3
84;1;7;13;11
84;1;7;15;1
84;1;7;22;1
84;1;7;44;1
84;1;7;55;1
84;1;7;70;1
84;18;7;15555;1
84;51;7;22777;5
84;87;5;96;12
84;38;3;96;18
84;90;7;12112;1
84;132;3;95;9
84;64;6;5511;3
84;74;7;23123;5
84;57;6;2288;1
84;72;6;5533;3
84;40;7;55111;3
84;104;7;44;1
84;104;7;12;1
84;104;7;13;8
84;104;7;43;1
84;104;7;55;1
84;167;6;6565;2
84;21;7;55777;1
84;21;7;15555;4
84;2;6;95;8
84;81;7;12300;1
84;90;7;15151;1
84;152;7;55011;1
84;51;7;70222;4
84;139;7;95;29
84;4;3;95;6
84;134;5;700;63
84;172;6;2255;14
84;172;5;96;33
84;42;7;15120;1
84;126;7;22555;57
84;100;7;70000;2
84;45;7;96;4
84;5;7;13132;5
84;5;7;70222;3
84;157;6;95;6
84;157;7;45000;1
84;8;6;4488;1
84;167;7;45111;1
84;13;6;4000;1
84;33;6;1111;13
84;49;6;2244;1
84;166;7;45300;1
84;156;6;95;24
84;78;6;4444;1
84;57;7;13132;1
84;92;7;10123;5
84;97;3;44;61
84;12;6;1313;5
84;167;7;10000;3
84;95;6;1313;3
84;51;5;700;69
84;46;6;4455;3
84;137;7;11333;1
84;73;7;44888;2
84;160;3;44;53
84;149;6;1111;9
84;64;6;12;1
84;64;6;13;7
84;64;6;14;1
84;64;6;23;1
84;64;6;40;1
84;7;7;15333;5
84;98;6;5511;6
84;16;3;13;154
84;130;6;2277;6
84;1;6;3300;1
84;56;7;55678;13
84;94;6;1234;4
84;11;6;1369;1
84;92;7;23123;45
84;50;6;2222;3
84;90;7;12456;4
84;9;7;12;1
84;9;7;13;10
84;9;7;15;1
84;9;7;22;1
84;138;7;13789;1
84;32;5;700;46
84;73;7;40331;1
84;2;6;5511;3
84;147;7;13234;4
84;175;7;11111;2
84;30;7;70007;1
84;153;7;12000;13
84;100;7;23;1
84;100;7;33;1
84;100;7;45;1
84;100;7;55;7
84;100;6;13;1
84;100;6;23;1
84;100;6;55;3
84;100;7;12;2
84;100;7;13;4
84;100;7;22;1
84;169;7;22222;4
84;175;7;15001;2
84;175;6;1522;3
84;145;6;1333;61
84;75;6;96;8
84;60;6;12;1
84;60;6;13;4
84;60;6;22;1
84;60;7;12;1
84;37;7;12000;1
84;13;3;96;10
84;13;6;1314;7
84;122;6;96;10
84;141;6;2222;8
84;144;6;1111;2
84;144;7;95;7
84;172;5;131;135
84;104;6;2222;3
84;9;3;96;19
84;168;3;96;3
84;161;7;15001;6
84;37;3;13;156
84;72;7;22777;35
84;164;6;2288;4
84;173;6;5555;20
84;35;6;1111;5
84;164;5;555;3
84;55;6;96;14
84;42;7;13789;5
84;134;5;131;192
84;140;7;95;13
84;171;6;1214;3
84;166;6;1333;4
84;84;6;5533;3
84;12;7;23190;1
84;125;7;33008;1
84;104;6;5511;8
84;20;6;1233;1
84;9;6;2200;5
84;125;5;131;125
84;52;6;1251;6
84;157;7;96;14
84;129;6;96;10
84;61;7;22556;1
84;51;6;2288;4
84;73;7;33444;1
84;164;6;1234;6
84;138;6;1919;1
84;32;7;33333;1
84;122;5;555;2
84;79;6;7040;1
84;79;7;13155;5
84;91;6;5055;2
84;111;7;50013;1
84;49;5;131;141
84;138;5;131;182
84;100;5;131;98
84;173;3;44;121
84;79;6;96;10
84;46;7;33123;2
84;76;6;2277;5
84;137;7;12789;1
84;1;6;2300;13
84;146;6;1016;3
84;172;6;1010;18
84;172;6;4456;1
84;48;3;96;12
84;28;6;5577;1
84;13;6;1277;1
84;60;6;1322;1
84;59;7;13789;2
84;3;7;15888;3
84;22;5;555;3
84;154;6;1111;3
84;148;7;22777;6
84;161;7;23123;25
84;153;6;1303;1
84;153;6;1522;1
84;109;7;11111;8
84;70;6;2255;76
84;44;7;22222;2
84;111;6;4422;7
84;174;6;4555;1
84;104;7;12456;10
84;76;6;1214;11
84;165;6;2222;14
84;4;7;13555;1
84;150;6;2233;2
84;157;7;13555;1
84;79;6;2300;5
84;140;7;12100;1
84;122;6;2255;52
84;124;7;15115;1
84;124;7;70321;1
84;41;7;13555;3
84;136;6;4490;1
84;84;6;1213;15
84;22;7;12600;13
84;73;6;1245;1
84;73;7;13155;1
84;13;6;2244;1
84;84;3;95;14
84;72;3;12;22
84;112;6;1251;7
84;50;7;13258;1
84;171;7;55678;10
84;65;7;13123;1
84;136;6;2277;3
84;18;7;12456;2
84;72;7;43640;1
84;154;6;1313;4
84;45;7;33444;1
84;6;7;43333;2
84;38;7;13133;1
84;20;7;10000;2
84;56;7;22700;3
84;56;7;44333;1
84;103;7;22555;70
84;90;5;96;18
84;63;6;4490;2
84;62;7;13555;15
84;68;7;55888;1
84;19;7;11444;2
84;84;7;13133;1
84;126;7;12333;2
84;153;7;15888;1
84;158;6;1313;1
84;81;7;44888;4
84;79;6;4000;2
84;68;7;22555;30
84;130;6;1353;1
84;129;5;95;8
84;7;3;96;14
84;165;6;1213;15
84;39;7;23333;1
84;3;7;15120;1
84;16;7;44123;3
84;92;6;2277;8
84;161;6;1901;1
84;90;7;12600;8
84;159;6;5555;8
84;81;6;1333;4
84;165;6;4555;1
84;8;7;33123;1
84;14;6;1314;2
84;24;5;700;75
84;29;7;13132;2
84;29;7;12100;1
84;40;7;22777;5
84;100;7;55678;67
84;152;7;12888;4
84;152;7;13333;3
84;149;6;5055;2
84;9;7;44789;1
84;121;6;2222;4
84;32;7;12144;1
84;156;5;700;90
84;121;6;1251;12
84;143;7;22777;4
84;159;7;11111;1
84;171;3;44;40
84;50;7;22022;1
84;1;3;44;42
84;172;7;15333;4
84;139;7;33888;2
84;166;6;2300;21
84;112;7;10000;1
84;136;6;2255;22
84;107;6;1251;8
84;158;7;15888;3
84;117;3;44;11
84;97;6;1214;12
84;21;7;22777;7
84;12;6;1213;21
84;85;6;1010;4
84;5;7;15001;2
84;5;6;1522;1
84;175;7;12;1
84;175;7;13;9
84;175;7;15;1
84;175;7;23;1
84;175;7;70;2
84;100;3;96;13
84;28;6;4456;3
84;160;7;11111;7
84;160;7;12344;1
84;64;7;70567;1
84;19;7;55678;4
84;20;7;13123;7
84;48;7;23456;2
84;21;6;1455;2
84;19;7;10123;1
84;104;6;1533;2
84;5;7;44022;1
84;111;6;96;12
84;31;6;1213;2
84;63;6;15;1
84;63;7;11;2
84;63;7;12;2
84;63;7;13;15
84;63;7;15;1
84;63;7;23;1
84;63;7;45;1
84;63;7;65;1
84;36;5;95;2
84;149;7;13555;2
84;173;7;70699;1
84;17;7;23192;2
84;162;6;4477;1
84;126;7;33333;1
84;98;6;5555;72
84;123;7;33222;1
84;133;6;1000;1
84;160;6;7040;1
84;95;6;5122;1
84;172;6;1321;1
84;114;7;22555;47
84;103;6;1234;1
84;39;6;4440;1
84;20;6;1300;4
84;64;6;1010;2
84;64;6;4456;1
84;8;7;11113;1
84;8;7;22022;6
84;151;3;12;12
84;143;5;131;183
84;48;7;45111;1
84;174;7;70321;1
84;81;6;1234;2
84;79;7;13132;1
84;100;6;95;4
84;27;6;2313;1
84;165;6;4422;12
84;132;5;555;8
84;67;7;13777;1
84;32;3;13;119
84;49;6;2300;5
84;125;6;2222;3
84;49;7;12300;9
84;29;7;33888;1
84;92;7;12333;2
84;62;6;4490;1
84;62;6;5588;2
84;141;6;1251;3
84;123;7;12300;9
84;87;6;5511;3
84;35;7;15222;4
84;59;6;2299;1
84;53;7;11113;4
84;121;7;23333;10
84;156;6;4456;1
84;22;6;2288;2
84;61;6;1000;1
84;27;6;5555;1
84;145;6;1234;5
84;164;7;43640;1
84;47;6;1122;1
84;42;6;1299;1
84;6;7;45333;2
84;6;7;70699;8
84;79;7;13131;1
84;147;7;13131;1
84;2;7;22222;1
84;2;7;44190;3
84;173;6;6565;2
84;47;6;1300;3
84;149;3;96;13
84;57;6;10;1
84;57;6;12;3
84;57;7;12;2
84;141;3;96;11
84;55;6;2210;1
84;10;7;13258;1
84;89;7;13258;5
84;124;6;5511;1
84;167;6;2277;11
84;88;6;1326;1
84;65;7;10122;1
84;20;7;55111;3
84;150;7;44040;2
84;174;7;23333;1
84;6;6;1533;3
84;161;7;13234;3
84;115;3;44;26
84;167;3;95;14
84;79;7;22555;19
84;159;7;90000;1
84;20;7;22556;1
84;72;7;40331;2
84;174;7;12345;1
84;114;5;700;19
84;135;6;2255;108
84;96;6;1522;2
84;105;6;1010;1
84;9;6;1111;2
84;9;7;95;13
84;110;7;11111;11
84;73;6;2300;4
84;73;7;12123;1
84;55;6;5511;1
84;79;6;1522;2
84;26;7;95;11
84;18;6;2255;46
84;47;6;1213;3
84;31;7;50444;1
84;37;7;12888;10
84;145;7;50013;1
84;8;6;4456;1
84;141;3;13;118
84;69;7;13123;1
84;53;6;1234;6
84;173;6;4000;4
84;174;6;4422;7
84;155;6;4422;8
84;161;7;33700;1
84;3;6;4477;1
84;20;7;13155;1
84;37;5;700;79
84;79;6;1055;2
84;152;3;96;11
84;22;7;15888;3
84;150;6;2299;1
84;135;7;13131;1
84;174;6;4000;2
84;16;7;12123;2
84;56;7;70321;1
84;123;6;4490;3
84;65;3;12;22
84;1;6;4490;3
84;34;7;55678;4
84;5;7;10123;1
84;7;7;96;9
84;65;5;96;25
84;122;6;2211;1
84;173;6;1311;1
84;165;7;13555;1
84;63;6;11;2
84;63;6;12;2
84;63;6;13;8
84;63;6;14;1
84;62;6;2244;1
84;112;7;95;4
84;135;6;1333;8
84;158;7;13132;5
84;3;7;10124;1
84;145;3;95;7
84;111;3;44;85
84;7;6;1500;1
84;7;3;95;12
84;45;6;4422;5
84;81;7;23123;36
84;11;7;13456;4
84;92;7;44022;2
84;121;7;22111;5
84;84;7;50013;1
84;9;5;555;8
84;168;5;555;5
84;67;3;13;129
84;136;7;13155;1
84;59;6;2255;74
84;78;7;33300;1
84;62;6;1251;1
84;64;6;1214;5
84;8;6;1311;1
84;125;5;95;10
84;84;7;15222;1
84;64;7;12144;7
84;89;6;4567;1
84;35;5;555;3
84;55;3;12;25
84;140;5;96;20
84;124;6;1214;50
84;17;7;12456;3
84;70;6;1133;1
84;2;6;1333;18
84;168;6;2210;2
84;40;7;23333;6
84;110;6;1234;1
84;20;6;4440;1
84;20;6;5500;1
84;167;6;2211;1
84;23;6;1313;6
84;4;6;5007;1
84;4;7;12333;2
84;173;7;22777;11
84;105;6;12;2
84;105;6;13;3
84;105;7;11;1
84;105;7;12;1
84;105;7;13;1
84;146;6;4477;1
84;79;6;4477;1
84;18;7;65000;1
84;49;6;4410;3
84;74;6;2288;5
84;111;7;33369;1
84;58;6;4447;1
84;117;6;1221;1
84;123;6;1214;6
84;13;5;555;7
84;88;6;4488;3
84;98;3;44;66
84;146;3;96;13
84;9;6;1234;5
84;78;7;13234;11
84;164;6;4400;2
84;164;6;1133;1
84;33;7;12000;3
84;24;6;1214;23
84;96;6;1214;9
84;88;7;96;8
84;59;6;4444;2
84;11;7;12144;4
84;85;6;5555;8
84;78;7;23192;1
84;51;6;1010;6
84;17;7;45000;1
84;136;7;12755;1
84;98;6;2211;25
84;91;6;2255;11
84;154;6;4000;2
84;95;7;13155;3
84;88;7;44456;1
84;88;7;70456;1
84;70;7;95;6
84;173;7;12333;2
84;38;7;13258;1
84;68;7;13132;14
84;13;6;1285;1
84;37;6;2277;8
84;31;7;22777;9
84;68;7;55678;14
84;46;6;4490;1
84;1;6;1433;2
84;35;6;2288;1
84;75;6;1533;1
84;88;7;13132;2
84;88;7;70222;2
84;27;6;4554;1
84;15;6;2200;1
84;24;7;22222;3
84;24;7;44190;2
84;141;6;4440;1
84;69;7;44044;1
84;94;3;21;1
84;92;6;1333;2
84;11;7;12;3
84;141;6;1234;5
84;79;7;55255;1
84;146;6;96;13
84;16;7;12000;4
84;15;6;2201;1
84;64;7;70090;1
84;164;6;1533;1
84;29;3;95;3
84;61;7;23190;1
84;61;3;12;15
84;104;5;700;16
84;10;5;700;49
84;168;7;12888;1
84;55;6;4488;1
84;26;6;5577;1
84;51;6;2201;1
84;15;6;96;3
84;110;7;13132;1
84;49;6;2233;1
84;30;7;33333;1
84;37;7;44111;1
84;73;7;55234;3
84;48;7;65700;1
84;123;6;2015;1
84;122;7;13777;1
84;24;7;96;8
84;39;6;96;5
84;149;7;10123;8
84;39;6;2300;10
84;39;7;12123;1
84;94;7;13258;1
84;49;5;96;26
84;138;5;96;11
84;44;7;12000;4
84;140;6;95;14
84;140;7;45000;1
84;31;6;1111;1
84;31;7;95;4
84;135;6;5511;3
84;13;7;33700;2
84;110;7;23123;4
84;116;3;13;162
84;122;7;15333;9
84;11;6;4433;5
84;122;6;2222;13
84;140;7;44000;1
84;154;6;2201;2
84;35;6;1314;2
84;165;7;22555;33
84;163;7;10;1
84;163;7;13;7
84;163;7;23;1
84;163;7;36;1
84;163;7;44;1
84;125;7;65013;1
84;143;6;1522;7
84;141;3;44;49
84;161;6;4456;2
84;28;6;1213;6
84;135;6;1233;1
84;62;7;11111;9
84;58;7;45413;1
84;123;6;5533;1
84;54;3;95;4
84;78;6;6565;1
84;9;7;13155;1
84;165;6;10;1
84;165;6;11;1
84;165;6;13;6
84;165;6;44;1
84;165;7;10;1
84;165;7;12;1
84;165;7;13;7
84;165;7;50;1
84;165;7;55;1
84;167;7;65234;1
84;174;7;44888;3
84;150;7;12000;2
84;116;6;2288;1
84;52;7;50777;2
84;167;6;2201;1
84;55;7;12789;1
84;70;6;2277;5
84;47;6;2277;2
84;20;7;10123;5
84;41;7;33888;1
84;15;3;12;14
84;141;6;1118;1
84;26;5;700;32
84;6;7;12100;2
84;147;7;14444;2
84;135;7;11113;3
84;135;7;22022;2
84;151;6;4447;1
84;73;6;1326;4
84;149;7;12000;2
84;67;6;2201;1
84;173;6;2233;5
84;12;6;2277;7
84;109;6;2277;4
84;56;6;4555;2
84;137;6;1213;5
84;24;7;44888;2
84;137;7;70000;2
84;4;7;33789;1
84;130;7;23123;8
84;86;7;11444;1
84;58;7;23123;6
84;11;6;3000;1
84;8;7;12333;3
84;76;6;2200;3
84;133;6;2225;1
84;69;7;70123;1
84;69;5;700;61
84;64;7;70699;3
84;156;3;12;26
84;144;7;22555;20
84;17;3;12;22
84;114;6;4412;1
84;66;6;5555;52
84;132;5;700;38
84;26;6;5555;12
84;149;6;2210;3
84;24;6;4085;1
84;36;3;95;1
84;145;7;13155;2
84;19;7;40331;2
84;19;6;1199;1
84;139;7;22555;29
84;137;6;4456;3
84;43;3;12;17
84;91;7;23123;19
84;172;6;6565;2
84;17;7;33000;3
84;164;7;45333;2
84;138;6;2222;11
84;62;7;12100;2
84;90;6;5007;1
84;90;7;12333;1
84;40;7;22555;64
84;40;5;131;174
84;152;7;22555;49
84;166;6;2210;3
84;79;7;13013;1
84;125;6;4447;2
84;137;7;12555;1
84;58;6;2299;1
84;49;7;22222;3
84;49;7;44190;1
84;76;7;44777;2
84;49;6;5050;2
84;23;7;50500;1
84;75;7;33000;1
84;60;6;4422;3
84;30;6;1333;5
84;111;7;55777;1
84;137;7;11444;7
84;97;6;1020;1
84;24;6;1326;1
84;110;5;95;9
84;117;7;96;4
84;55;7;11113;1
84;55;7;22022;1
84;125;5;700;34
84;42;7;12999;1
84;146;7;55888;2
84;92;6;6565;2
84;143;7;55111;8
84;90;3;12;28
84;173;6;1222;1
84;173;6;1234;1
84;176;7;22555;11
84;94;7;23123;10
84;45;6;1323;1
84;24;7;55678;7
84;94;6;2323;1
84;122;7;13234;4
84;172;6;1333;2
84;89;7;70090;2
84;56;6;1533;10
84;49;6;1322;1
84;70;7;70007;2
84;84;5;700;32
84;155;7;10777;1
84;69;7;12600;2
84;21;7;12888;3
84;21;7;13333;1
84;117;7;12500;1
84;70;3;96;11
84;19;7;12888;5
84;21;7;44123;4
84;63;6;1214;8
84;5;7;44447;2
84;125;6;95;9
84;7;6;2200;1
84;149;6;1326;2
84;165;6;5533;1
84;78;6;1313;2
84;46;7;50777;1
84;92;7;13789;1
84;163;6;5555;21
84;28;6;4490;2
84;103;7;13333;1
84;160;6;4422;12
84;157;7;12333;5
84;29;6;2200;1
84;23;7;12500;1
84;142;6;7040;1
84;136;6;2222;1
84;60;7;22;3
84;60;7;23;1
84;60;7;45;1
84;60;7;55;5
84;60;7;65;1
84;149;6;5555;22
84;42;7;96;1
84;129;6;1255;1
84;155;7;12114;1
84;89;6;1251;5
84;143;7;13132;2
84;55;7;55678;19
84;92;7;44101;1
84;97;6;2255;29
84;174;7;55234;3
84;85;6;1533;1
84;23;6;4010;1
84;132;6;2244;1
84;62;7;44556;1
84;152;7;45111;1
84;140;6;4567;1
84;140;7;12144;10
84;86;6;95;4
84;156;3;96;19
84;116;7;13100;1
84;94;6;6565;1
84;140;7;22222;7
84;138;7;33369;8
84;64;7;70000;1
84;97;7;12000;4
84;151;6;96;9
84;30;3;13;141
84;132;6;96;17
84;140;7;11444;4
84;44;7;12222;1
84;59;7;44122;1
84;53;6;1333;6
84;126;6;1234;9
84;96;6;5007;1
84;104;7;23333;1
84;156;7;55555;1
84;161;7;13131;3
84;153;7;22222;1
84;171;3;95;2
84;123;6;70;1
84;123;7;12;3
84;123;7;13;9
84;123;7;23;1
84;123;7;44;1
84;123;7;55;2
84;17;6;1213;15
84;37;6;1155;1
84;84;7;44123;4
84;70;7;13;7
84;70;7;22;5
84;70;7;55;4
84;70;7;70;3
84;94;6;11;1
84;94;6;12;1
84;94;6;13;2
84;94;7;12;1
84;94;7;13;4
84;94;7;15;1
84;94;7;70;1
84;134;6;12;1
84;134;6;13;1
84;134;6;18;1
84;134;6;33;1
84;134;7;10;1
84;134;7;11;2
84;134;7;12;3
84;134;7;13;7
84;134;7;33;1
84;134;7;44;1
84;134;7;55;1
84;148;6;2323;1
84;98;6;2277;27
84;4;6;1177;1
84;39;6;95;12
84;15;7;23123;1
84;9;6;1292;2
84;158;6;1111;3
84;54;7;13222;2
84;73;5;95;14
84;176;7;22022;1
84;153;3;12;30
84;56;6;4499;1
84;90;6;4447;1
84;52;6;1112;1
84;165;7;12888;3
84;76;7;13155;1
84;10;7;12;2
84;10;7;13;5
84;10;7;22;2
84;10;7;44;1
84;85;6;1311;1
84;112;3;44;59
84;16;7;22511;1
84;16;7;96;14
84;88;7;14888;1
84;88;6;1251;5
84;10;3;95;2
84;65;3;96;13
84;66;7;70000;1
84;6;7;22777;4
84;21;6;4499;1
84;154;7;44888;1
84;49;6;95;10
84;132;6;5533;1
84;56;6;4490;1
84;146;6;1314;3
84;79;6;1314;1
84;164;7;15555;1
84;129;7;13234;5
84;79;7;12888;8
84;79;7;13333;1
84;6;6;1322;2
84;40;7;12456;4
84;35;5;95;22
84;94;7;11444;5
84;112;7;22777;1
84;147;7;43640;1
84;112;6;4000;6
84;38;6;12;2
84;38;6;44;2
84;38;6;55;3
84;38;7;11;1
84;38;7;13;7
84;38;7;22;3
84;38;7;23;1
84;38;7;44;2
84;38;7;55;2
84;75;6;1333;2
84;19;6;95;11
84;26;3;12;11
84;148;7;13789;1
84;13;6;4445;1
84;163;6;2288;1
84;22;6;1213;14
84;58;6;23;1
84;58;6;45;1
84;58;6;12;2
84;58;7;10;1
84;58;7;11;1
84;58;7;12;2
84;58;7;13;9
84;58;7;14;1
84;58;7;15;1
84;58;7;22;3
84;130;7;19888;1
84;130;6;1322;2
84;58;7;23;1
84;58;7;55;3
84;58;7;70;2
84;52;7;96;8
84;122;6;5013;3
84;156;7;50444;1
84;76;5;95;7
84;122;7;55111;3
84;110;6;13;3
84;110;6;22;1
84;110;6;55;2
84;98;7;11113;6
84;98;7;22022;2
84;18;6;1213;24
84;92;6;1512;1
84;140;5;95;15
84;41;6;1314;1
84;97;6;13;1
84;97;6;21;1
84;38;6;5000;1
84;89;7;13132;2
84;113;7;55234;2
84;7;3;21;1
84;11;6;2255;40
84;172;7;22369;1
84;46;7;44020;3
84;46;7;96;8
84;2;6;4040;1
84;121;7;95;24
84;152;7;12456;3
84;167;7;22022;2
84;111;7;55111;6
84;92;7;15888;3
84;1;7;95;15
84;17;7;55234;1
84;172;6;2300;22
84;17;7;11113;4
84;17;7;22022;8
84;156;6;4410;2
84;33;7;70345;2
84;38;6;1251;4
84;61;7;13555;8
84;134;7;23333;2
84;98;6;5013;2
84;53;6;1533;3
84;111;7;12111;2
84;37;5;96;16
84;148;6;2233;2
84;176;5;95;4
84;95;7;10123;4
84;40;6;5588;1
84;135;7;15333;8
84;122;6;4422;13
84;160;3;96;12
84;47;7;10100;1
84;86;7;33123;2
84;42;6;1000;1
84;169;3;12;8
84;123;7;11111;3
84;97;7;22555;24
84;158;6;5511;3
84;13;6;1016;9
84;16;6;6565;7
84;61;6;5511;2
84;160;7;96;13
84;128;7;23123;18
84;134;7;12333;1
84;122;6;3500;1
84;162;7;96;18
84;113;6;1333;3
84;59;7;12112;1
84;8;7;11111;14
84;8;7;12344;1
84;67;7;22777;8
84;42;5;96;16
84;70;7;11;1
84;70;6;22;3
84;70;6;44;1
84;70;6;55;2
84;70;7;12;2
84;72;6;2288;1
84;166;6;1251;1
84;164;6;4490;1
84;167;5;555;5
84;95;6;2288;4
84;18;7;22111;1
84;4;7;11444;1
84;21;6;5001;2
84;158;7;12144;2
84;121;6;5533;5
84;74;7;70900;1
84;151;7;44888;3
84;172;7;70222;1
84;85;6;1213;5
84;159;3;13;111
84;177;6;6565;1
84;34;5;555;3
84;169;6;2201;2
84;56;7;96;6
84;39;6;2200;1
84;43;7;22622;1
84;5;7;23192;2
84;145;6;2277;5
84;158;3;13;169
84;48;7;12333;9
84;70;6;7069;1
84;23;6;1522;3
84;23;7;15001;6
84;62;7;45000;1
84;164;7;55011;1
84;26;7;45300;1
84;153;7;44123;1
84;141;7;13155;3
84;175;7;13132;6
84;34;6;5511;2
84;26;7;90000;1
84;20;6;4000;2
84;160;6;1333;5
84;41;6;2277;3
84;20;5;131;152
84;46;7;65234;1
84;175;3;44;26
84;162;7;44190;3
84;162;7;22222;5
84;130;6;1111;27
84;6;7;13789;2
84;6;7;44190;2
84;155;6;1000;1
84;28;5;96;11
84;177;6;1000;1
84;67;7;10000;1
84;90;7;12222;1
84;154;7;12144;4
84;158;6;95;8
84;158;7;45000;1
84;175;6;5533;9
84;117;6;2211;1
84;122;7;12444;2
84;4;6;1016;1
84;4;7;10190;1
84;154;7;13234;3
84;121;7;44123;1
84;123;5;131;143
84;9;7;22120;1
84;92;6;4410;2
84;134;6;2222;3
84;92;6;13;3
84;92;6;21;1
84;92;7;10;1
84;92;7;12;2
84;92;7;13;4
84;92;7;22;1
84;92;7;70;1
84;111;6;1020;1
84;89;7;15555;3
84;143;7;13155;3
84;57;6;4400;1
84;66;5;555;13
84;56;7;13132;2
84;111;6;1331;1
84;126;6;1213;19
84;126;7;44556;1
84;110;7;10222;1
84;15;6;2277;9
84;81;7;22777;2
84;65;7;11111;6
84;136;7;40331;2
84;110;6;1221;1
84;110;6;4412;1
84;46;6;1010;9
84;46;6;4456;7
84;163;7;33888;1
84;86;6;4455;1
84;74;6;1010;3
84;16;6;1000;3
84;88;7;65013;1
84;94;6;1333;10
84;124;6;1010;1
84;91;6;5555;22
84;61;6;4488;16
84;65;7;12144;5
84;58;5;555;10
84;101;7;50500;1
84;53;7;45111;1
84;159;7;55678;1
84;16;3;95;6
84;122;7;13456;5
84;69;7;13456;5
84;123;3;44;64
84;147;7;15888;1
84;143;7;15888;6
84;3;5;555;3
84;41;7;12111;1
84;20;6;1213;10
84;52;7;12321;1
84;97;6;4499;1
84;6;7;55678;8
84;172;6;1213;5
84;61;7;50500;3
84;65;6;5555;3
84;85;6;1234;1
84;97;5;95;18
84;67;6;1533;3
84;12;3;96;7
84;90;7;10190;2
84;28;6;7040;1
84;162;7;12456;9
84;7;6;1212;1
84;91;5;95;17
84;111;5;96;21
84;37;7;33145;1
84;177;6;1234;4
84;39;7;10123;2
84;87;6;2233;1
84;129;7;22022;3
84;129;7;11113;3
84;61;6;4432;2
84;101;7;95;11
84;88;6;1111;1
84;88;7;95;13
84;92;6;2233;1
84;1;7;12000;1
84;161;7;55222;1
84;141;6;1221;1
84;161;7;15678;1
84;67;7;50500;2
84;101;6;1214;1
84;56;7;95;6
84;130;7;95;4
84;81;6;2201;1
84;14;6;5555;38
84;114;3;13;156
84;157;6;1221;1
84;4;6;1221;1
84;1;6;4422;12
84;3;6;1500;1
84;3;3;95;8
84;35;3;96;23
84;23;6;95;13
84;163;6;1313;3
84;17;6;4456;1
84;17;6;1010;9
84;12;6;1251;6
84;159;7;22222;6
84;111;6;1234;3
84;122;7;55888;4
84;156;7;12000;1
84;89;7;96;13
84;152;6;5533;4
84;137;7;22556;4
84;75;6;4441;1
84;103;6;10;1
84;103;6;23;1
84;130;7;55678;13
84;130;6;1300;1
84;12;7;12456;1
84;28;5;131;118
84;79;6;5555;18
84;8;6;1234;1
84;90;6;7011;1
84;156;6;5555;24
84;169;7;50777;1
84;150;6;1111;3
84;167;7;10123;5
84;88;7;10123;8
84;69;6;4422;6
84;10;7;23123;13
84;89;7;23123;29
84;128;5;555;10
84;94;6;2233;6
84;65;7;15555;1
84;97;6;2244;1
84;10;6;1245;1
84;110;5;700;49
84;163;7;13456;1
84;13;7;12456;2
84;24;6;2211;2
84;96;6;2211;1
84;158;6;13;5
84;158;7;13;8
84;158;7;15;1
84;158;7;44;1
84;52;6;6565;1
84;143;6;4422;10
84;21;6;3696;1
84;174;6;4410;1
84;107;6;2222;2
84;56;7;22555;27
84;165;7;44123;2
84;95;6;1214;6
84;4;6;1313;5
84;72;6;6565;2
84;8;3;96;20
84;147;6;1111;29
84;55;6;1326;1
84;164;7;44190;2
84;167;7;13777;1
84;34;6;5567;1
84;40;6;4422;35
84;162;7;22555;36
84;24;7;12;4
84;24;7;13;6
84;24;7;23;2
84;24;7;55;1
84;24;7;70;1
84;24;6;13;2
84;24;6;44;1
84;5;6;1234;5
84;101;7;12000;2
84;88;7;12000;5
84;14;6;2015;1
84;141;6;1322;5
84;149;7;10190;2
84;69;7;10124;1
84;148;6;2201;1
84;147;7;33888;6
84;153;7;95;26
84;159;6;1111;5
84;60;7;44122;1
84;96;7;10777;1
84;111;7;12456;8
84;125;6;7040;1
84;142;6;7069;1
84;96;5;96;28
84;128;7;40777;1
84;4;5;131;156
84;92;7;33456;1
84;14;7;22123;1
84;165;6;4488;5
84;4;7;96;7
84;163;6;4455;1
84;149;7;45000;2
84;149;6;95;13
84;24;7;13123;6
84;177;3;12;16
84;107;3;12;8
84;75;7;70000;3
84;126;7;12888;1
84;101;7;10123;2
84;69;7;70000;1
84;59;7;11111;5
84;21;6;1522;1
84;135;6;1010;1
84;19;6;1214;13
84;54;6;5555;6
84;36;7;55678;3
84;28;7;13100;1
84;167;7;15555;8
84;125;7;13456;2
84;6;7;15333;1
84;158;6;4422;21
84;2;5;96;16
84;112;6;4444;1
84;12;7;13456;12
84;12;7;15888;2
84;153;7;45999;1
84;16;6;4000;2
84;74;5;555;20
84;33;6;4410;7
84;49;6;2277;3
84;24;6;2288;5
84;97;7;22777;8
84;37;7;70007;2
84;156;7;10000;1
84;29;6;7069;1
84;128;7;22555;87
84;21;7;55234;1
84;68;7;12000;39
84;175;6;4422;5
84;110;6;2225;1
84;20;6;4447;2
84;30;7;70699;67
84;69;7;15222;2
84;4;7;22222;3
84;4;7;44190;4
84;155;7;11113;4
84;155;7;22022;12
84;141;6;2255;41
84;153;6;1233;3
84;9;6;4490;2
84;167;7;13132;2
84;13;7;36192;1
84;20;7;12144;2
84;103;7;43333;2
84;39;6;1213;9
84;112;3;13;134
84;72;6;2299;1
84;158;3;44;40
84;42;6;2323;1
84;64;7;11113;1
84;74;7;22777;4
84;8;7;11444;9
84;59;7;70000;1
84;9;7;13258;4
84;161;6;1214;10
84;20;7;45020;1
84;64;6;1333;3
84;75;7;22777;1
84;10;6;1251;11
84;52;3;96;11
84;90;6;4488;2
84;101;6;5555;97
84;168;6;1213;2
84;65;7;55888;4
84;70;7;13133;1
84;21;7;70222;2
84;21;7;13132;2
84;13;6;1000;4
84;140;6;96;10
84;40;3;96;10
84;39;5;555;4
84;159;7;12333;4
84;121;3;21;1
84;177;7;55555;2
84;139;6;4423;1
84;50;6;1321;2
84;110;6;70;1
84;110;7;11;1
84;110;7;13;6
84;110;7;22;3
84;55;6;1531;1
84;29;6;1533;2
84;68;6;1313;11
84;47;6;1212;5
84;116;6;2222;12
84;135;6;1118;1
84;109;6;4000;1
84;46;7;22120;1
84;155;7;12144;3
84;156;3;13;126
84;142;6;1333;1
84;19;3;96;38
84;154;6;1251;1
84;130;7;50500;4
84;16;7;15333;1
84;4;7;11000;1
84;69;6;1311;1
84;171;6;2201;1
84;37;7;13123;5
84;32;7;95;3
84;89;7;11444;3
84;69;6;5555;5
84;162;7;13789;2
84;144;7;12000;3
84;111;6;4400;1
84;45;5;96;19
84;81;7;50500;3
84;172;5;95;22
84;122;7;70070;2
84;52;6;7069;1
84;5;7;44888;2
84;95;7;10000;11
84;62;6;1214;8
84;73;7;95;13
84;76;7;11113;5
84;76;7;22022;6
84;171;6;95;4
84;103;6;1333;4
84;37;7;15888;3
84;166;6;2288;6
84;29;7;11111;2
84;149;7;44190;2
84;149;7;22222;4
84;12;5;131;188
84;104;7;22555;15
84;161;7;22101;1
84;177;7;15333;1
84;78;7;23123;2
84;64;5;555;2
84;121;6;7080;1
84;39;6;1000;2
84;60;5;555;5
84;66;6;44;1
84;66;7;13;4
84;66;7;55;1
84;24;7;50777;1
84;63;6;4422;3
84;21;7;22380;1
84;57;6;4012;1
84;61;6;2211;4
84;152;6;2288;2
84;98;7;13789;2
84;51;7;55678;18
84;6;7;50013;1
84;51;6;1300;2
84;1;7;13234;2
84;165;7;22380;1
84;19;6;1016;5
84;57;6;1000;3
84;135;7;12600;2
84;51;7;65000;1
84;171;6;2288;2
84;3;7;19012;1
84;150;5;131;186
84;40;6;4488;3
84;150;6;2211;2
84;132;7;45300;1
84;151;7;70007;1
84;113;6;5511;4
84;113;5;160;2
84;113;6;1522;3
84;113;7;15001;1
84;137;7;12333;6
84;5;7;33456;1
84;10;7;36192;1
84;4;7;44447;1
84;172;7;22777;21
84;73;7;44690;1
84;136;6;6565;1
84;61;7;10777;1
84;156;7;13777;1
84;26;6;3555;1
84;4;6;4013;1
84;62;7;44020;1
84;113;5;700;19
84;55;7;12;1
84;55;7;13;5
84;55;7;44;1
84;55;7;45;1
84;55;7;55;1
84;111;6;4447;2
84;49;7;55111;3
84;90;6;4410;2
84;177;6;5555;9
84;161;6;2210;1
84;64;7;23123;9
84;164;7;11111;5
84;112;6;4410;1
84;165;7;70222;1
84;165;7;13132;3
84;55;7;45300;1
84;43;6;5511;1
84;37;6;2222;21
84;81;7;13111;1
84;47;7;36192;1
84;166;6;4422;8
84;25;7;14393;1
84;135;6;4422;14
84;46;5;96;18
84;8;6;1111;8
84;17;5;700;56
84;166;7;12333;1
84;126;6;2277;2
84;11;6;6565;1
84;20;6;1515;1
84;92;7;12011;1
84;72;6;4410;1
84;160;7;22777;7
84;168;7;45111;1
84;85;7;12144;9
84;30;7;11;1
84;30;7;12;1
84;30;7;13;7
84;30;7;22;3
84;30;7;45;1
84;30;7;55;2
84;69;7;15333;11
84;62;5;96;23
84;155;7;22555;50
84;147;7;50500;2
84;73;7;15888;1
84;17;5;555;9
84;52;6;1531;1
84;111;7;33123;3
84;52;7;22380;1
84;101;6;4530;1
84;26;7;15333;1
84;159;6;96;11
84;124;7;11444;1
84;79;5;96;16
84;15;6;95;6
84;169;7;22777;9
84;32;7;12000;3
84;3;7;11113;3
84;3;7;22022;6
84;70;7;10000;1
84;53;7;13555;2
84;146;7;12600;6
84;168;7;33456;1
84;152;6;1213;28
84;18;6;5533;7
84;64;7;11000;1
84;164;7;50444;1
84;160;6;2288;1
84;176;5;555;1
84;142;7;23123;2
84;55;7;15222;1
84;23;7;12888;1
84;40;7;40130;1
84;62;5;131;168
84;143;7;44101;1
84;150;6;4410;3
84;21;6;1322;2
84;155;6;1251;4
84;136;7;70699;2
84;172;6;2222;7
84;159;6;1234;1
84;166;6;2244;2
84;22;7;14444;1
84;74;5;96;17
84;171;6;2277;22
84;2;6;4555;1
84;128;3;44;40
84;72;7;12444;1
84;72;7;70699;1
84;35;7;15333;1
84;60;7;44020;1
84;65;5;555;6
84;135;3;13;133
84;63;6;1333;53
84;111;6;2277;4
84;32;5;131;142
84;165;7;45300;1
84;157;7;55678;15
84;161;5;95;27
84;16;7;13132;2
84;37;6;4445;1
84;173;7;43640;3
84;87;6;7069;1
84;81;7;95;5
84;54;6;4422;1
84;89;6;7040;1
84;89;7;12190;1
84;27;7;22022;2
84;46;6;5013;3
84;101;6;5013;1
84;165;6;4441;1
84;164;6;96;20
84;37;6;1111;5
84;165;5;95;11
84;10;7;33000;2
84;124;7;12000;3
84;16;6;1322;1
84;92;6;1020;1
84;164;7;50013;1
84;21;7;33211;1
84;95;7;13132;1
84;12;7;12755;1
84;156;7;44447;2
84;97;7;45000;1
84;97;6;95;26
84;55;6;95;14
84;89;7;11111;5
84;117;6;96;7
84;85;5;555;4
84;69;6;2277;10
84;116;6;1016;1
84;55;7;12888;11
84;19;7;50777;1
84;136;7;50013;1
84;46;6;1234;7
84;171;3;12;9
84;128;6;4011;1
84;62;6;1313;4
84;105;6;1232;1
84;9;7;10000;3
84;56;6;1313;2
84;55;5;700;39
84;31;3;96;23
84;123;6;1292;1
84;123;6;1213;4
84;48;7;22555;10
84;51;6;1251;4
84;29;6;2255;116
84;90;6;2210;1
84;40;7;13555;2
84;66;7;12555;1
84;11;6;2123;1
84;122;7;96;9
84;96;6;1922;1
84;90;6;1214;13
84;163;7;13155;1
84;152;7;23333;10
84;155;7;13333;1
84;92;6;2300;29
84;121;7;96;10
84;2;7;96;11
84;49;7;12600;1
84;38;3;95;16
84;73;6;1232;1
84;111;6;4000;2
84;54;6;2277;14
84;152;6;1251;11
84;168;7;50500;1
84;21;6;1333;4
84;156;7;55234;2
84;94;7;12444;1
84;94;7;13013;1
84;94;7;70699;3
84;97;6;1234;10
84;73;6;1016;1
84;84;6;6565;4
84;27;7;11111;37
84;166;7;15555;2
84;70;7;96;4
84;60;7;22022;1
84;142;6;10;1
84;142;6;12;1
84;142;6;13;2
84;142;6;15;1
84;142;6;21;1
84;32;6;1522;2
84;142;6;22;2
84;81;7;44447;1
84;167;6;9014;2
84;23;6;1213;16
84;154;7;15001;7
84;150;7;45555;1
84;92;7;43333;1
84;92;7;55888;1
84;92;6;1155;1
84;150;7;65234;2
84;107;6;1111;2
84;74;6;1314;1
84;111;7;95;11
84;101;7;22777;14
84;88;7;22777;14
84;139;6;95;31
84;167;7;13220;1
84;85;3;96;28
84;21;7;12456;5
84;45;7;44774;3
84;20;7;45300;1
84;94;6;1255;1
84;8;6;1333;15
84;32;6;2222;5
84;140;7;13333;1
84;24;7;12555;1
84;150;7;13555;10
84;135;5;95;15
84;6;7;65013;1
84;152;6;7011;1
84;60;7;55678;14
84;164;7;22022;9
84;52;7;55011;1
84;45;7;55333;1
84;103;5;96;28
84;51;6;5511;7
84;37;6;1012;1
84;63;6;2255;8
84;86;7;44123;1
84;141;7;22555;43
84;61;5;131;164
84;103;6;1533;14
84;17;6;1533;4
84;63;7;13258;1
84;156;6;2244;2
84;90;7;10123;5
84;66;7;12144;1
84;19;7;12144;6
84;35;6;2222;2
84;51;7;45000;1
84;41;6;5567;2
84;62;7;12333;1
84;4;7;50777;1
84;154;7;33000;1
84;65;7;55678;4
84;4;7;15333;1
84;157;7;15333;2
84;176;7;12144;1
84;3;5;96;19
84;111;7;13;6
84;111;7;22;1
84;111;7;23;1
84;111;7;36;1
84;111;7;43;1
84;111;7;44;2
84;21;7;12;4
84;21;7;13;8
84;21;7;22;3
84;21;7;23;1
84;21;7;55;1
84;21;6;12;2
84;21;6;13;3
84;21;6;15;1
84;21;6;23;2
84;21;6;33;1
84;21;6;40;1
84;21;6;44;1
84;27;6;1251;6
84;132;7;44888;3
84;9;6;5013;2
84;39;6;1113;1
84;62;6;5567;1
84;73;7;13;6
84;73;7;15;1
84;73;7;22;1
84;73;7;55;1
84;73;6;5020;1
84;92;6;4488;1
84;122;6;1221;2
84;22;7;11113;3
84;22;7;22022;9
84;15;6;5575;1
84;112;7;10700;2
84;155;7;12330;2
84;123;6;2200;1
84;65;6;96;8
84;177;7;15888;3
84;138;6;1333;2
84;148;7;22222;1
84;75;7;11111;17
84;48;6;5512;1
84;20;7;12600;15
84;151;7;11444;4
84;173;7;55234;2
84;12;7;44567;3
84;109;6;4530;4
84;94;7;70123;1
84;94;5;700;55
84;9;6;1313;7
84;86;6;1122;1
84;86;7;33456;1
84;44;6;2255;43
84;24;7;44027;1
84;134;7;44123;4
84;12;7;23333;1
84;46;7;11111;3
84;149;7;50777;3
84;138;7;12400;1
84;40;6;4410;7
84;32;7;55234;1
84;167;6;1299;1
84;143;7;12000;7
84;75;7;11113;5
84;76;6;1213;5
84;169;6;4422;10
84;175;6;1010;7
84;33;7;15333;12
84;5;7;90000;2
84;7;6;1533;3
84;137;7;12000;3
84;151;7;70321;2
84;88;6;5555;18
84;84;7;11113;1
84;84;7;22022;1
84;34;7;12114;1
84;18;6;1234;34
84;70;6;2201;1
84;46;6;1313;3
84;14;7;13123;1
84;85;7;23123;2
84;65;6;1234;35
84;8;7;55555;1
84;103;6;5555;1
84;157;6;4000;4
84;24;7;33888;6
84;55;7;12144;8
84;39;7;44123;2
84;149;7;15555;1
84;36;3;44;3
84;90;7;50013;1
84;169;5;95;7
84;146;6;2300;1
84;48;7;70699;1
84;148;6;2300;1
84;92;6;95;18
84;164;6;1292;1
84;10;3;13;86
84;57;6;5522;1
84;57;6;95;29
84;56;6;5555;12
84;110;7;12100;4
84;59;7;23123;4
84;160;5;96;22
84;35;7;12333;7
84;175;6;5555;7
84;136;7;10333;1
84;26;7;11111;2
84;65;7;55777;1
84;25;6;1010;1
84;25;6;4456;1
84;141;7;70567;1
84;169;6;1533;1
84;72;7;45123;1
84;123;7;70070;1
84;167;6;5567;1
84;124;7;12123;1
84;115;7;11;1
84;115;7;14;1
84;115;7;15;1
84;115;7;22;4
84;115;7;55;1
84;156;7;50500;4
84;24;6;7069;1
84;150;7;12111;1
84;2;5;160;1
84;121;6;1500;1
84;59;6;95;13
84;21;7;12600;8
84;121;3;95;21
84;67;6;3610;1
84;116;6;4410;1
84;105;7;12321;1
84;38;6;1300;1
84;38;7;55678;17
84;68;7;45999;1
84;65;6;4488;6
84;65;7;33000;1
84;146;3;44;45
84;79;3;44;53
84;22;7;70762;1
84;153;7;13013;1
84;101;6;1233;1
84;8;3;13;83
84;116;7;10123;9
84;25;7;44888;2
84;41;5;555;16
84;144;6;5555;28
84;44;7;40111;2
84;61;7;10000;1
84;22;6;1016;1
84;24;7;13258;5
84;16;7;13222;2
84;81;6;1300;4
84;126;6;5599;2
84;96;6;6565;2
84;134;7;13133;2
84;11;7;22022;4
84;29;5;700;47
84;29;7;70123;1
84;142;3;12;3
84;140;7;13258;1
84;1;7;22222;2
84;1;7;44190;2
84;135;7;44777;1
84;48;6;6565;3
84;41;7;70000;1
84;94;7;55888;1
84;68;7;13456;4
84;35;7;11113;2
84;35;7;22022;1
84;68;6;7040;1
84;134;7;12345;1
84;72;7;12000;3
84;123;6;1251;19
84;12;7;55111;8
84;104;7;12111;1
84;31;6;1313;3
84;64;7;12300;1
84;173;6;4410;2
84;177;3;96;2
84;107;3;96;6
84;59;6;4488;1
84;132;6;2288;2
84;51;7;55234;2
84;149;6;1000;2
84;14;7;33888;1
84;3;6;1313;5
84;55;6;4400;1
84;51;6;1455;2
84;154;5;131;138
84;1;6;2222;4
84;149;5;96;18
84;155;7;70699;11
84;155;7;12444;1
84;62;6;1522;1
84;95;3;95;8
84;11;7;22190;1
84;137;7;13155;3
84;91;7;13456;1
84;62;3;96;13
84;135;6;4423;1
84;142;6;1251;2
84;12;6;1292;1
84;98;6;95;22
84;141;7;22222;2
84;141;7;44190;1
84;88;7;22010;1
84;7;6;1321;1
84;2;6;7040;1
84;2;7;13155;3
84;38;7;95;19
84;21;6;55;1
84;171;6;12;1
84;4;7;15001;4
84;6;6;1213;13
84;58;7;12300;1
84;132;7;13789;7
84;94;7;95;16
84;85;7;12888;10
84;85;7;13333;1
84;172;7;44888;1
84;3;6;2300;11
84;19;3;12;18
84;123;6;5555;11
84;167;6;4410;1
84;132;7;22222;1
84;150;7;12888;2
84;171;7;10000;1
84;41;7;70321;1
84;12;7;12300;1
84;174;3;96;13
84;2;6;1300;1
84;136;7;22111;1
84;34;6;4423;1
84;110;3;95;7
84;162;3;13;141
84;75;3;44;67
84;78;6;4440;8
84;89;7;33000;1
84;134;5;96;27
84;141;6;4488;13
84;148;6;2200;2
84;151;6;4455;1
84;164;7;33888;3
84;135;6;1214;1
84;57;7;12600;17
84;52;5;555;11
84;67;6;1292;1
84;67;7;44111;2
84;21;7;55500;1
84;96;7;13133;3
84;24;7;13133;3
84;113;6;2233;1
84;88;7;70007;1
84;94;7;23333;1
84;84;7;11000;1
84;44;7;96;8
84;100;6;1214;13
84;1;7;13777;1
84;147;6;2222;3
84;143;7;55888;1
84;57;7;10123;19
84;67;7;10123;2
84;158;6;1212;1
84;154;6;1233;1
84;142;6;96;3
84;4;7;33888;3
84;25;6;4422;7
84;30;7;11111;4
84;43;7;23333;1
84;43;7;96;13
84;14;6;1533;2
84;149;7;13123;3
84;150;6;2288;3
84;139;3;13;148
84;7;7;44244;1
84;153;3;96;26
84;158;7;12888;1
84;101;7;15333;11
84;88;7;15333;5
84;173;7;12500;1
84;31;6;96;8
84;92;6;96;9
84;101;7;55555;2
84;88;7;55555;1
84;67;6;4000;2
84;123;6;2201;1
84;40;7;13133;1
84;172;7;12456;5
84;69;6;1333;3
84;6;6;1234;7
84;72;7;13133;3
84;12;6;2244;1
84;165;6;1214;10
84;63;7;44190;2
84;22;7;70000;2
84;21;6;5055;1
84;84;6;2200;4
84;15;6;2222;11
84;161;7;50013;2
84;1;6;4000;2
84;55;7;44123;3
84;24;6;4000;2
84;148;7;96;3
84;11;7;13222;1
84;26;6;4410;4
84;123;6;4440;4
84;167;6;4490;1
84;167;6;5588;1
84;65;7;13444;1
84;23;7;44567;1
84;156;6;2233;1
84;3;7;12000;2
84;147;7;13123;1
84;67;7;12333;1
84;177;7;44333;2
84;56;6;1314;1
84;65;6;4410;1
84;137;7;22777;6
84;146;6;4433;6
84;176;3;13;42
84;146;7;55111;3
84;140;6;5511;10
84;30;7;70999;1
84;111;6;1580;1
84;37;6;5013;2
84;129;7;33123;1
84;88;6;4444;1
84;11;6;1234;41
84;11;6;4411;1
84;6;7;33300;1
84;116;7;15555;3
84;94;6;4012;1
84;172;6;5515;2
84;155;7;36192;1
84;94;6;1321;2
84;42;7;70345;3
84;130;6;1233;1
84;143;7;13123;3
84;116;6;4422;6
84;42;7;13131;1
84;42;7;55888;1
84;146;7;70699;1
84;100;7;96;3
84;152;7;10123;7
84;25;5;131;149
84;173;7;33300;1
84;164;6;5500;1
84;37;6;4000;3
84;116;6;5555;16
84;112;6;1000;1
84;17;6;2222;10
84;113;6;1234;8
84;156;5;95;30
84;69;6;2300;6
84;57;6;5599;2
84;113;6;4411;2
84;34;6;95;11
84;34;7;45000;1
84;67;5;555;24
84;57;5;555;6
84;9;6;6565;5
84;132;7;70567;1
84;73;7;13222;1
84;169;6;6565;2
84;26;5;95;15
84;46;7;12888;2
84;59;3;44;56
84;10;7;22222;3
84;10;7;44190;2
84;20;6;1214;8
84;69;7;22190;5
84;69;5;131;178
84;96;6;1112;1
84;167;6;1214;21
84;160;7;23123;18
84;101;7;70699;2
84;88;7;45333;2
84;88;7;70699;4
84;164;7;22555;46
84;173;7;12888;5
84;173;7;13333;1
84;42;6;2255;31
84;100;7;55111;1
84;37;6;2288;3
84;177;7;96;5
84;107;7;96;2
84;150;5;700;57
84;14;3;95;8
84;31;7;44456;1
84;23;7;12444;1
84;23;7;13013;1
84;128;6;2233;1
84;105;3;12;12
84;73;6;1333;1
84;145;6;1213;11
84;57;7;23123;7
84;161;6;1010;8
84;92;6;4400;1
84;100;5;96;15
84;74;7;44027;1
84;60;6;2299;8
84;5;3;95;15
84;53;6;2300;1
84;5;3;13;145
84;159;7;22777;5
84;59;6;2211;1
84;159;6;2288;1
84;10;7;12111;1
84;7;7;44123;2
84;163;7;10000;1
84;116;6;1515;1
84;2;7;22555;21
84;24;6;1333;8
84;96;6;1333;14
84;42;6;5555;50
84;173;6;1314;4
84;121;6;6565;2
84;85;7;50500;2
84;141;6;4410;6
84;75;6;4422;8
84;52;6;4013;1
84;150;6;1300;23
84;67;6;4445;2
84;97;7;11111;10
84;37;6;4447;1
84;51;6;2244;7
84;132;7;11444;3
84;137;6;2222;2
84;75;5;700;44
84;20;7;43640;1
84;94;7;12600;1
84;2;6;4477;1
84;43;7;22777;10
84;153;6;2211;1
84;69;7;13133;1
84;115;6;96;6
84;137;6;95;19
84;28;6;5511;1
84;153;6;1012;1
84;153;6;1321;2
84;139;5;95;25
84;173;6;2210;3
84;154;7;65700;1
84;155;6;2255;49
84;47;7;13013;3
84;47;7;70699;3
84;3;6;1333;4
84;18;6;4440;6
84;65;6;4477;1
84;139;5;96;30
84;23;6;7040;1
84;23;7;13155;1
84;96;6;4441;3
84;38;6;1000;2
84;21;7;44022;1
84;8;7;95;10
84;73;5;555;6
84;105;7;44777;6
84;140;7;70070;1
84;171;5;96;5
84;78;7;12111;1
84;1;7;45111;2
84;113;5;131;188
84;114;7;55678;6
84;175;7;55234;1
84;160;7;44040;2
84;72;6;4456;1
84;70;6;1588;1
84;16;7;33123;4
84;142;6;5555;5
84;21;6;2277;7
84;139;5;131;172
84;142;7;22555;142
84;21;6;1251;4
84;98;6;5533;1
84;141;6;5533;1
84;96;6;2300;1
84;171;5;131;88
84;164;3;12;27
84;70;5;96;18
84;157;6;1292;2
84;122;5;700;75
84;96;7;12220;1
84;88;6;1221;1
84;89;6;2210;2
84;22;6;2201;2
84;41;3;12;34
84;84;7;15333;1
84;144;3;12;20
84;43;7;70699;7
84;139;3;95;21
84;162;7;70234;1
84;133;6;1277;1
84;104;7;44333;2
84;11;6;4512;3
84;12;7;15222;2
84;95;6;1311;1
84;138;6;1292;1
84;76;7;55678;56
84;116;6;5533;3
84;13;5;131;165
84;90;6;4422;9
84;113;7;10123;3
84;45;6;96;4
84;138;6;1055;1
84;57;6;4488;1
84;14;7;22111;1
84;134;6;2211;3
84;13;6;96;10
84;21;7;12100;1
84;166;5;131;149
84;169;6;4440;7
84;137;7;12300;1
84;49;6;4444;3
84;58;6;1213;2
84;19;5;96;47
84;39;5;131;148
84;116;6;2277;10
84;162;7;15888;3
84;174;7;70699;1
84;66;5;96;12
84;6;6;1214;9
84;173;5;700;88
84;2;7;70090;1
84;23;7;15151;1
84;25;6;5055;1
84;91;6;2222;9
84;165;7;13111;1
84;169;6;5511;1
84;159;7;15888;3
84;8;6;7012;1
84;10;7;65013;1
84;17;6;2255;33
84;1;7;33123;3
84;67;6;4456;2
84;67;6;1010;3
84;65;7;55333;1
84;10;3;96;9
84;89;3;96;19
84;111;5;131;185
84;111;7;65234;1
84;2;6;4422;10
84;133;6;12;1
84;133;6;13;1
84;169;7;55777;1
84;104;7;23123;3
84;37;7;13155;1
84;162;6;4456;3
84;162;6;1010;14
84;69;7;14014;1
84;10;5;555;9
84;10;7;22555;23
84;147;5;555;5
84;158;6;1234;4
84;59;7;11113;2
84;88;7;50500;5
84;96;6;1212;1
84;172;6;1251;2
84;172;6;1456;1
84;144;7;55555;3
84;139;6;1010;1
84;124;6;1333;6
84;6;6;1326;1
84;2;7;13555;1
84;112;6;5555;18
84;60;7;95;3
84;137;3;12;22
84;18;6;4477;1
84;171;7;15222;1
84;125;6;1333;1
84;76;5;131;112
84;164;7;11113;5
84;55;6;12;2
84;145;7;13333;1
84;155;6;4000;4
84;59;6;5555;8
84;51;7;23190;1
84;4;7;70333;1
84;63;3;96;11
84;125;7;55777;15
84;20;7;96;12
84;86;6;5555;20
84;20;6;1333;4
84;177;6;1300;1
84;163;7;45300;1
84;151;6;5533;2
84;145;7;33888;2
84;110;6;2255;81
84;157;7;70567;1
84;150;7;10123;15
84;162;7;11111;9
84;141;6;4050;1
84;21;6;1245;1
84;152;6;4567;1
84;141;6;1533;1
84;111;7;15123;1
84;17;7;10000;1
84;173;7;12600;6
84;63;5;555;8
84;111;7;44123;4
84;56;6;1333;52
84;116;6;1522;1
84;50;7;13;2
84;50;7;55;1
84;148;3;12;8
84;72;3;96;33
84;139;6;4412;1
84;151;3;96;11
84;150;7;96;9
84;8;3;12;22
84;152;6;5555;18
84;171;7;22556;1
84;149;7;36192;2
84;123;7;13132;2
84;176;7;55111;1
84;64;7;13123;1
84;22;7;95;21
84;162;7;12144;3
84;176;7;44447;2
84;43;6;1533;1
84;49;5;555;3
84;52;7;36192;1
84;139;6;4567;6
84;146;5;700;28
84;79;7;44555;1
84;79;5;700;39
84;111;7;10123;6
84;9;7;12456;2
84;69;7;12500;1
84;109;5;131;106
84;2;7;12600;6
84;44;6;1251;3
84;110;7;22777;6
84;152;7;15000;1
84;158;5;131;193
84;6;7;70007;1
84;174;7;15001;1
84;114;7;33200;1
84;81;6;95;5
84;65;6;1311;1
84;173;6;5005;1
84;30;7;44123;12
84;114;6;1313;8
84;114;6;4466;4
84;88;7;12222;1
84;171;7;33888;1
84;72;6;1333;2
84;75;6;33;1
84;75;6;70;1
84;98;5;96;14
84;126;7;96;3
84;14;7;44123;4
84;3;6;1213;15
84;159;6;7040;2
84;79;7;12144;11
84;138;7;55888;1
84;164;7;15222;2
84;75;7;13234;1
84;38;6;4488;6
84;48;6;2210;1
84;21;7;13013;2
84;126;7;23333;6
84;140;7;11111;16
84;98;7;12144;1
84;46;7;12600;10
84;130;6;5533;9
84;147;7;90901;1
84;151;7;23123;83
84;147;7;55678;10
84;22;7;13258;2
84;164;6;4489;1
84;32;6;1300;2
84;8;7;22777;7
84;155;7;44040;1
84;55;6;1234;3
84;8;6;5555;16
84;156;7;10122;3
84;67;6;1333;7
84;153;6;1111;4
84;155;6;4433;1
84;62;6;95;20
84;153;7;55678;18
84;3;7;22222;8
84;134;7;55678;8
84;114;7;12000;26
84;8;6;1213;8
84;123;7;13777;3
84;46;7;10123;6
84;42;6;4422;12
84;3;6;1292;4
84;166;3;13;130
84;122;7;12300;1
84;39;7;55234;2
84;35;7;13456;1
84;35;7;15888;1
84;2;3;12;34
84;20;7;45;1
84;20;7;70;1
84;42;6;2300;6
84;163;6;2300;2
84;159;5;95;13
84;130;6;2255;11
84;11;3;96;11
84;153;5;95;23
84;54;5;95;8
84;144;5;95;9
84;165;6;1221;1
84;65;7;12600;3
84;76;6;2222;5
84;143;6;2244;10
84;54;6;1213;1
84;62;6;2288;1
84;52;7;11;1
84;52;7;12;4
84;52;7;13;6
84;52;7;15;1
84;52;7;22;2
84;59;5;96;51
84;121;7;15555;6
84;19;7;15888;1
84;8;6;4055;1
84;8;6;5500;1
84;11;6;4444;1
84;125;7;33222;1
84;72;3;13;111
84;121;6;1513;1
84;105;5;555;2
84;161;5;700;86
84;138;7;33888;9
84;49;7;33888;1
84;23;6;5177;1
84;175;5;555;1
84;65;7;55234;4
84;55;6;4343;1
84;166;7;11113;1
84;166;7;22022;8
84;88;6;1321;1
84;157;6;4410;2
84;14;6;1313;1
84;40;7;22222;1
84;148;7;12600;6
84;130;7;50113;1
84;134;7;10777;1
84;23;7;33444;1
84;7;7;13789;2
84;32;7;22777;8
84;116;7;12500;1
84;95;7;44123;6
84;34;7;96;3
84;161;7;55111;2
84;13;6;2200;4
84;39;6;1322;2
84;62;7;96;9
84;64;6;2255;50
84;167;6;2200;5
84;94;7;13133;4
84;163;7;40130;1
84;145;6;1313;4
84;56;6;2222;5
84;4;6;1020;1
84;100;7;23333;3
84;5;6;2299;1
84;40;6;1322;1
84;31;6;2288;2
84;158;7;33033;2
84;73;7;13123;1
84;64;6;96;7
84;89;6;5599;1
84;63;7;12456;10
84;43;7;55555;1
84;15;6;45;1
84;33;7;44456;1
84;17;7;65013;1
84;74;7;12000;4
84;8;6;2201;1
84;62;3;13;153
84;89;7;12456;5
84;26;7;12144;3
84;140;6;4555;1
84;145;6;1470;1
84;145;7;50444;1
84;15;7;11111;2
84;173;7;65555;1
84;110;7;12000;1
84;16;7;10;1
84;16;7;12;1
84;16;7;13;7
84;16;7;15;1
84;16;7;22;2
84;16;7;23;1
84;16;7;55;1
84;16;6;12;1
84;114;7;10123;1
84;44;7;12111;3
84;30;7;13132;1
84;61;6;2233;4
84;92;7;15120;1
84;11;7;12500;1
84;44;6;1234;3
84;42;6;1313;16
84;38;6;1313;2
84;135;7;44;2
84;135;7;13;7
84;135;7;16;1
84;135;7;22;5
84;135;7;70;1
84;135;6;13;3
84;135;6;22;2
84;135;6;70;1
84;174;6;96;4
84;134;7;22222;1
84;134;7;44190;2
84;157;6;3000;1
84;157;7;23456;1
84;20;7;70345;1
84;113;7;12456;9
84;30;7;95;2
84;30;6;1111;1
84;142;5;95;11
84;159;6;4490;1
84;134;5;555;1
84;175;6;95;22
84;92;6;1213;21
84;3;6;2299;1
84;133;7;33800;1
84;152;7;11444;3
84;85;6;2244;2
84;150;7;50500;1
84;84;7;11444;3
84;137;6;1214;11
84;92;7;11000;1
84;45;7;11111;9
84;67;6;4490;1
84;132;6;1234;3
84;110;6;1213;2
84;74;6;1333;3
84;146;6;6565;4
84;111;7;13013;1
84;35;7;13;25
84;35;7;15;1
84;35;7;16;1
84;35;7;22;1
84;35;7;44;1
84;35;7;55;1
84;35;7;70;1
84;35;6;13;3
84;35;6;15;2
84;35;6;50;1
84;35;6;70;1
84;69;6;9090;2
84;57;6;4410;4
84;70;6;5001;2
84;64;6;2323;1
84;98;6;1010;3
84;98;6;4456;2
84;152;7;13100;1
84;166;6;4488;2
84;162;3;12;16
84;138;6;7011;6
84;97;6;4444;1
84;94;6;1533;1
84;35;6;2255;65
84;89;6;2222;16
84;22;7;13130;1
84;66;3;13;119
84;165;7;12000;1
84;3;6;1901;1
84;146;5;96;26
84;165;6;5511;16
84;79;7;22222;2
84;20;7;70090;2
84;98;7;55111;8
84;162;7;70190;2
84;45;6;2201;1
84;44;7;90909;1
84;43;5;555;11
84;23;6;5566;1
84;78;6;2277;7
84;149;6;96;9
84;16;7;22555;59
84;125;7;70699;1
84;46;6;1016;1
84;68;7;12456;2
84;32;7;55678;4
84;32;6;12;1
84;32;6;13;2
84;32;6;22;2
84;32;6;29;1
84;32;6;33;1
84;32;6;55;1
84;32;7;12;2
84;90;7;22777;10
84;123;6;4412;1
84;126;6;2288;3
84;54;7;11111;5
84;21;7;33888;4
84;43;7;55234;3
84;67;7;23123;39
84;150;7;45045;1
84;35;7;13132;5
84;17;6;1313;10
84;130;7;50777;1
84;134;7;22555;23
84;112;6;1522;1
84;20;6;4477;1
84;86;7;55888;1
84;133;7;22222;3
84;43;7;11111;1
84;171;7;12000;3
84;111;6;6565;4
84;87;6;1221;1
84;47;7;44888;1
84;57;7;22022;2
84;8;7;12456;7
84;8;7;15123;1
84;154;6;4490;3
84;150;7;22380;3
84;150;7;22700;1
84;67;7;11113;1
84;67;7;22022;7
84;61;7;36;1
84;61;7;13;15
84;61;7;23;2
84;61;7;33;1
84;61;7;44;1
84;61;7;45;1
84;61;7;65;1
84;61;6;12;4
84;61;6;13;8
84;61;6;20;1
84;61;6;33;1
84;42;7;22222;1
84;136;7;13222;1
84;154;6;1299;1
84;112;6;4456;1
84;91;7;40331;1
84;20;6;7040;1
84;137;6;1531;1
84;94;7;13123;2
84;25;7;13;5
84;125;7;12000;1
84;9;6;4488;3
84;38;7;70123;1
84;38;5;700;34
84;46;6;95;14
84;137;7;45999;1
84;97;6;2277;9
84;166;3;95;11
84;150;7;44447;1
84;58;7;22555;60
84;175;7;12000;1
84;129;7;12888;1
84;45;7;44777;6
84;164;6;5511;10
84;154;7;70699;10
84;6;6;1020;1
84;64;7;11111;7
84;149;7;33369;1
84;23;7;12144;2
84;159;7;22000;1
84;15;6;1010;1
84;15;6;4456;36
84;148;7;11111;12
84;153;6;5555;16
84;46;6;4488;1
84;22;7;44123;2
84;64;7;55111;1
84;89;6;1522;1
84;96;5;95;9
84;111;6;1313;7
84;173;7;12456;3
84;111;6;1314;3
84;88;7;90000;1
84;153;7;12144;14
84;46;7;22222;1
84;46;7;44190;3
84;66;3;12;20
84;148;7;50500;1
84;84;7;33000;3
84;52;7;44027;1
84;64;3;96;17
84;153;7;15555;1
84;176;6;1214;1
84;174;6;1313;2
84;157;7;45300;1
84;98;7;65000;1
84;168;7;70123;2
84;27;6;1213;1
84;43;6;1213;2
84;107;6;1533;1
84;90;7;15222;3
84;34;5;131;198
84;18;7;23123;14
84;33;5;160;1
84;161;7;10000;3
84;68;6;1533;9
84;60;7;13258;2
84;159;7;44456;1
84;65;7;23333;1
84;175;7;13333;2
84;175;7;12888;1
84;125;6;4422;10
84;66;6;95;2
84;116;6;1000;2
84;44;6;2277;8
84;173;7;22222;11
84;173;7;44190;3
84;14;7;11444;2
84;84;5;96;21
84;98;7;70222;4
84;116;6;9090;1
84;171;6;4555;1
84;171;7;55111;1
84;153;7;50777;1
84;23;5;555;5
84;101;6;1588;1
84;52;7;70699;5
84;154;7;10123;5
84;42;6;2233;2
84;13;6;4455;1
84;32;7;65013;1
84;63;6;5511;2
84;61;6;1313;5
84;125;7;95;4
84;114;7;12600;5
84;79;7;23123;12
84;55;7;44888;1
84;98;5;555;4
84;64;7;13555;1
84;42;6;2288;2
84;116;7;12888;3
84;116;7;13333;1
84;11;6;2200;1
84;65;7;13258;1
84;74;7;12999;1
84;101;5;95;20
84;16;7;55555;2
84;13;7;96;11
84;138;6;1112;1
84;23;6;4433;3
84;48;6;4422;1
84;172;7;12333;1
84;103;6;4447;2
84;124;7;22222;1
84;65;7;10123;1
84;5;6;1010;4
84;12;6;1333;2
84;109;6;1333;11
84;5;5;95;17
84;161;6;1300;2
84;161;7;55678;17
84;161;7;11111;9
84;90;5;95;19
84;32;3;95;2
84;38;7;70321;1
84;62;6;1500;1
84;28;7;13555;1
84;129;6;2201;3
84;44;6;2300;1
84;14;7;33000;2
84;167;6;95;20
84;153;6;4488;3
84;11;6;2300;5
84;85;6;4512;1
84;30;6;95;4
84;2;3;13;91
84;166;6;6565;3
84;109;6;1255;1
84;12;6;1255;1
84;46;7;33444;1
84;58;6;2200;2
84;21;7;33500;1
84;155;7;44447;2
84;177;6;13;2
84;177;6;22;1
84;177;6;70;1
84;91;6;96;1
84;27;3;96;18
84;101;6;5120;1
84;54;6;1522;1
84;103;6;7012;3
84;167;5;96;15
84;159;3;95;7
84;8;7;15888;2
84;19;6;1322;1
84;98;6;2200;3
84;138;6;2200;2
84;51;3;44;85
84;101;5;131;154
84;59;7;23456;1
84;64;6;1300;2
84;172;5;700;65
84;64;6;5533;4
84;87;6;95;3
84;155;6;4444;2
84;42;7;44333;1
84;46;5;95;15
84;133;7;22555;100
84;147;7;44888;1
84;22;7;13123;3
84;126;6;4456;2
84;94;6;5533;1
84;18;7;33000;1
84;59;7;40773;1
84;65;7;13777;6
84;51;6;1331;1
84;79;6;2323;2
84;104;5;131;107
84;154;7;15888;3
84;13;7;44447;1
84;55;7;13123;2
84;44;6;1111;2
84;27;3;13;172
84;23;6;1300;1
84;29;6;1313;2
84;92;6;2211;2
84;17;6;5511;7
84;111;7;55678;18
84;21;6;5599;1
84;21;6;96;6
84;158;7;45111;1
84;86;3;12;7
84;117;7;13234;4
84;59;7;12000;1
84;64;6;4440;10
84;91;6;4456;1
84;12;7;13013;4
84;12;7;45333;1
84;12;7;70699;1
84;7;6;4440;8
84;141;7;22010;7
84;47;7;22222;1
84;10;6;5567;1
84;31;7;11111;5
84;95;6;2222;1
84;160;7;45000;2
84;160;6;95;23
84;162;3;95;10
84;44;7;13258;1
84;146;7;33888;4
84;44;6;4445;1
84;144;6;1251;3
84;2;6;4441;1
84;62;7;10777;2
84;84;7;12144;8
84;4;7;12456;2
84;104;6;2300;3
84;134;6;5555;6
84;125;7;55999;2
84;111;7;11111;5
84;111;7;12344;1
84;150;7;10333;2
84;65;6;2300;14
84;57;6;1214;27
84;122;6;4447;1
84;19;7;22222;2
84;19;7;44190;3
84;24;6;1010;12
84;24;6;4456;5
84;122;6;4488;10
84;69;7;50500;1
84;68;7;13123;3
84;62;3;12;11
84;158;7;44123;12
84;144;7;12333;1
84;9;7;22222;5
84;9;7;44190;3
84;35;7;12144;11
84;154;6;3000;1
84;70;7;55678;16
84;128;6;1369;1
84;21;6;7011;1
84;117;7;95;2
84;62;6;2222;5
84;86;7;23123;6
84;48;6;2211;1
84;98;6;7040;1
84;98;7;13155;1
84;18;5;131;176
84;122;7;11999;1
84;1;7;13258;1
84;10;6;4455;1
84;60;6;1111;4
84;163;7;44888;1
84;5;7;13234;3
84;59;5;700;37
84;94;6;2288;2
84;143;3;13;169
84;59;6;4422;9
84;124;6;2200;2
84;7;5;700;50
84;162;6;2300;15
84;126;7;22222;3
84;126;7;44190;1
84;29;6;1234;1
84;1;7;12123;2
84;164;6;4433;2
84;19;6;1213;7
84;55;7;13132;5
84;172;7;55111;10
84;6;6;1522;1
84;137;7;13133;2
84;11;6;1300;1
84;75;7;11000;1
84;43;6;2210;2
84;112;6;2211;1
84;17;7;13;12
84;17;7;15;1
84;17;7;18;1
84;17;7;22;2
84;17;7;23;1
84;17;7;70;1
84;96;7;55234;1
84;51;3;12;28
84;166;7;55888;1
84;52;6;1292;5
84;98;6;4433;7
84;56;3;96;9
84;41;7;13222;2
84;161;7;15222;5
84;160;6;2299;1
84;139;6;1533;1
84;149;7;12330;1
84;4;7;12500;1
84;130;6;1245;2
84;172;6;4422;6
84;22;6;1251;6
84;154;7;55666;1
84;70;6;2210;1
84;72;7;13132;6
84;39;6;1333;8
84;64;7;13132;6
84;5;6;1924;1
84;39;6;4433;2
84;152;6;5511;4
84;78;6;4410;2
84;61;7;23123;36
84;60;6;5555;18
84;156;7;55111;5
84;162;6;5588;2
84;96;7;12600;1
84;48;6;1214;42
84;154;6;1213;12
84;63;7;13234;1
84;114;6;4488;3
84;41;6;3333;1
84;165;7;50777;2
84;151;7;70;1
84;92;6;5511;11
84;5;7;10000;1
84;12;7;15555;1
84;166;7;10190;1
84;59;6;2225;1
84;12;7;44888;10
84;35;7;12;4
84;63;6;4051;1
84;57;6;2323;1
84;174;6;5055;1
84;4;6;1333;5
84;174;7;13123;5
84;130;7;13013;1
84;22;7;22555;35
84;88;7;15888;3
84;101;7;15888;1
84;74;3;95;8
84;6;7;12789;1
84;144;5;131;49
84;86;7;12100;9
84;40;6;2255;70
84;35;6;4488;5
84;22;7;44369;1
84;177;6;5511;4
84;35;7;22222;2
84;169;7;12222;1
84;126;7;12300;2
84;63;7;65013;2
84;25;7;22222;1
84;4;6;2244;1
84;157;6;2244;1
84;149;7;33888;3
84;96;6;1201;1
84;89;6;1292;4
84;163;6;4410;6
84;69;7;90180;2
84;16;7;33700;1
84;61;7;12100;1
84;58;6;1214;1
84;66;5;131;125
84;146;7;23;2
84;146;7;33;1
84;146;7;44;1
84;146;7;45;2
84;146;7;55;4
84;79;7;10;1
84;79;7;13;4
84;79;7;45;1
84;79;7;70;1
84;79;6;13;1
84;79;6;22;1
84;35;6;4410;2
84;16;6;2300;18
84;20;3;12;27
84;81;6;5567;1
84;143;6;12;2
84;143;6;13;2
84;143;6;15;1
84;143;6;21;1
84;143;6;70;1
84;143;7;12;1
84;143;7;13;10
84;143;7;22;2
84;143;7;44;1
84;31;5;95;8
84;163;6;1251;7
84;166;7;12500;2
84;20;7;13013;1
84;20;7;45333;1
84;20;7;70699;4
84;58;7;12500;2
84;164;6;1213;13
84;24;7;22777;7
84;21;7;44543;1
84;68;6;3556;1
84;92;7;11444;1
84;139;6;1233;2
84;51;7;12888;18
84;51;7;13333;1
84;88;7;19012;1
84;138;6;1010;4
84;138;6;4456;3
84;95;3;44;42
84;37;7;14888;1
84;112;7;11111;10
84;1;6;13;3
84;166;7;44020;2
84;166;7;96;9
84;81;3;13;155
84;90;6;5511;10
84;54;6;4555;1
84;43;7;33145;1
84;152;7;13222;1
84;7;6;1234;3
84;156;6;4321;1
84;145;7;13;3
84;145;7;22;1
84;145;7;45;1
84;145;7;55;1
84;145;7;65;1
84;145;7;70;1
84;145;6;13;2
84;145;6;44;1
84;145;7;11;1
84;38;7;22022;1
84;9;7;22777;13
84;140;7;44888;8
84;148;6;4455;2
84;16;6;1245;1
84;60;6;4000;2
84;22;7;44190;1
84;22;7;22222;6
84;139;7;22222;9
84;29;7;55123;1
84;37;7;12144;1
84;31;7;33789;1
84;58;7;13789;1
84;19;6;4010;1
84;130;7;44567;1
84;69;7;13013;2
84;163;6;1600;1
84;163;7;22333;2
84;137;6;4422;4
84;13;7;15001;3
84;28;7;12345;1
84;37;5;131;180
84;135;6;1213;2
84;47;6;4410;1
84;74;7;22556;1
84;98;6;1300;4
84;98;7;55678;53
84;2;7;11113;1
84;2;7;22022;1
84;90;6;1251;3
84;43;6;5533;1
84;174;6;5511;2
84;150;7;43640;1
84;37;7;11113;1
84;37;7;22022;6
84;162;6;2277;21
84;21;7;95;13
84;137;6;1313;9
84;135;7;12111;1
84;3;7;22111;1
84;169;6;2288;1
84;26;6;95;12
84;111;7;12555;1
84;149;6;5005;1
84;69;7;12345;1
84;139;7;12100;1
84;115;6;4440;1
84;147;5;131;174
84;98;7;22222;1
84;98;7;44190;1
84;30;6;1314;3
84;13;7;22333;1
84;23;7;44123;3
84;116;6;2244;2
84;165;7;13131;2
84;89;7;12144;4
84;55;5;96;17
84;8;7;10190;2
84;72;7;13123;1
84;136;5;700;30
84;137;7;96;16
84;89;6;1233;2
84;138;7;15001;3
84;138;6;1522;4
84;121;7;12300;2
84;21;7;44190;5
84;116;7;22120;2
84;43;6;1300;1
84;23;7;45333;2
84;23;7;70699;6
84;51;6;6565;4
84;30;7;44020;1
84;30;7;96;6
84;171;3;13;79
84;92;7;15151;1
84;22;7;55111;3
84;5;6;95;19
84;18;7;12600;3
84;70;6;2244;1
84;74;7;12333;4
84;149;6;4010;1
84;132;7;45413;2
84;161;6;1314;4
84;176;6;4410;7
84;160;6;1214;6
84;45;7;13123;1
84;139;7;50500;1
84;111;6;4411;1
84;115;7;22555;39
84;65;7;44888;5
84;157;6;2210;1
84;35;7;12111;1
84;137;7;44456;2
84;7;7;13132;4
84;7;7;70222;2
84;1;6;7000;1
84;125;7;70000;1
84;2;6;1292;1
84;126;6;9090;1
84;126;7;44888;1
84;67;6;4410;5
84;62;7;10123;10
84;103;7;13258;1
84;174;5;95;13
84;26;7;96;3
84;89;7;12555;2
84;155;6;4490;1
84;136;6;4422;2
84;98;5;700;46
84;68;7;44888;4
84;68;6;9090;1
84;111;7;23192;3
84;174;6;2255;81
84;65;6;4444;1
84;90;6;7022;1
84;121;6;2277;1
84;135;7;22222;4
84;11;6;1292;1
84;160;6;5533;4
84;78;6;2255;40
84;114;7;12144;8
84;40;6;1455;1
84;145;7;22380;1
84;145;7;22700;3
84;104;6;96;10
84;151;6;2300;5
84;140;6;1313;3
84;117;7;50500;3
84;1;7;33888;10
84;68;6;1213;9
84;94;7;13132;6
84;11;7;55111;3
84;27;5;95;13
84;88;7;12555;2
84;103;3;13;135
84;3;6;1016;1
84;150;6;4000;1
84;124;6;1251;16
84;11;7;13123;2
84;103;5;95;14
84;177;6;1313;4
84;7;6;4000;1
84;56;7;22120;1
84;61;7;33888;8
84;3;7;13;9
84;3;7;22;2
84;3;7;45;1
84;122;6;12;2
84;122;6;13;5
84;167;6;5555;21
84;171;6;4410;2
84;89;7;12888;4
84;130;6;4422;14
84;10;7;12888;15
84;156;6;4490;1
84;12;7;11111;12
84;23;6;2299;2
84;13;6;1333;3
84;73;6;1201;2
84;46;6;2300;24
84;176;6;1251;4
84;61;7;70699;1
84;146;6;1010;4
84;146;6;4456;1
84;79;6;1010;1
84;57;7;33300;2
84;165;7;22777;7
84;90;6;4400;2
84;177;7;12456;5
84;177;7;15123;1
84;94;7;12888;7
84;49;7;12345;2
84;3;7;70321;1
84;2;6;2300;5
84;42;5;131;170
84;91;3;44;19
84;74;6;1533;2
84;44;7;45333;1
84;6;6;4422;8
84;162;6;1533;6
84;101;6;2277;20
84;177;7;22022;4
84;165;7;33133;2
84;174;6;1333;7
84;48;6;1313;2
84;100;6;96;3
84;33;6;4488;5
84;130;6;2211;1
84;29;6;95;3
84;19;6;1221;1
84;69;6;1533;9
84;67;6;95;11
84;139;6;2323;3
84;139;7;12000;5
84;51;7;15122;1
84;70;6;1000;2
84;68;5;95;14
84;48;7;44888;2
84;159;6;5511;4
84;27;6;12;1
84;27;6;22;1
84;27;7;11;1
84;97;6;4410;39
84;1;6;5533;7
84;34;6;1234;6
84;172;7;55234;2
84;16;6;1233;1
84;84;6;1010;1
84;27;6;5511;1
84;72;6;5511;4
84;141;7;13333;1
84;153;3;44;38
84;173;7;23123;22
84;11;6;4440;6
84;57;7;12112;1
84;41;3;13;121
84;1;6;2012;4
84;74;3;13;90
84;74;7;15555;2
84;19;7;33133;1
84;116;6;4455;1
84;90;7;10777;1
84;85;6;1292;1
84;19;7;13132;4
84;19;7;70222;5
84;114;7;50444;2
84;174;7;33444;1
84;134;7;22777;1
84;57;7;33444;1
84;34;6;4410;6
84;44;7;13456;1
84;164;7;22380;1
84;164;7;44333;1
84;6;6;2211;3
84;81;5;96;14
84;175;7;12100;2
84;111;6;2200;2
84;157;7;23123;2
84;151;7;22222;4
84;18;7;13132;13
84;27;6;4490;1
84;47;7;96;9
84;152;6;4000;1
84;62;7;12000;1
84;9;6;2323;1
84;161;7;44888;1
84;4;6;4488;1
84;78;7;13013;1
84;78;7;45333;1
84;169;5;96;9
84;74;7;44123;1
84;44;3;44;53
84;147;6;4488;1
84;140;7;70123;1
84;140;5;700;61
84;130;5;555;1
84;168;6;2277;2
84;72;7;44333;1
84;6;6;5055;1
84;88;7;12300;1
84;61;6;2201;1
84;68;6;6565;2
84;21;6;2300;14
84;85;6;4422;8
84;94;6;1292;1
84;23;7;44777;1
84;146;6;5533;5
84;41;6;4000;1
84;123;7;55234;10
84;43;6;2300;2
84;76;5;555;18
84;177;6;2277;5
84;21;3;12;21
84;52;6;5533;1
84;161;7;15120;1
84;21;7;44027;1
84;62;6;1333;3
84;95;3;96;11
84;49;6;1111;22
84;116;7;33888;2
84;42;6;1251;3
84;89;6;1300;1
84;89;7;55678;8
84;56;7;22556;1
84;76;7;70000;3
84;144;6;4440;1
84;121;3;12;23
84;55;6;2288;2
84;155;7;15222;3
84;10;7;23192;3
84;161;6;96;10
84;94;5;96;15
84;20;6;5555;25
84;91;7;96;3
84;147;7;22700;3
84;96;6;4422;8
84;166;7;11111;5
84;32;3;44;68
84;5;7;55555;1
84;8;6;4444;3
84;4;7;70123;1
84;4;5;700;73
84;57;6;1011;1
84;16;7;12555;5
84;177;6;2244;1
84;109;6;2233;1
84;144;7;50500;1
84;92;7;33200;1
84;16;6;5044;1
84;16;7;50500;6
84;52;3;95;8
84;68;6;4000;13
84;142;7;13;12
84;142;7;22;3
84;142;7;23;1
84;142;7;44;1
84;112;6;2222;3
84;46;6;1111;9
84;70;3;95;6
84;25;7;23123;6
84;20;6;1313;10
84;87;3;12;15
84;132;3;96;24
84;141;6;5511;1
84;23;7;12111;1
84;161;7;10190;1
84;62;7;70222;3
84;90;6;4444;2
84;94;7;12144;6
84;132;6;1213;5
84;65;6;5533;4
84;14;3;44;43
84;23;6;5055;1
84;76;3;12;21
84;79;5;131;123
84;84;6;4488;1
84;154;7;12600;7
84;79;7;70321;1
84;18;7;55111;4
84;41;6;2288;3
84;173;7;12144;3
84;161;6;2300;9
84;161;7;12123;1
84;123;7;55678;9
84;123;6;1300;1
84;5;6;2233;1
84;143;6;1333;9
84;173;7;90909;2
84;173;6;7011;2
84;68;7;33133;1
84;151;7;12456;2
84;86;6;1322;2
84;14;3;96;11
84;113;6;1213;3
84;13;6;2210;1
84;152;7;13123;3
84;92;7;44333;1
84;114;6;5555;11
84;11;6;4455;2
84;156;6;2288;3
84;158;6;2300;2
84;33;7;12456;14
84;107;5;555;2
84;177;6;5001;1
84;44;6;5055;2
84;171;6;5555;8
84;46;6;5511;5
84;48;6;1300;1
84;6;7;13123;1
84;90;6;2222;15
84;42;7;22123;1
84;110;7;12144;5
84;109;6;1234;3
84;12;6;1234;48
84;7;6;1245;1
84;14;6;1233;4
84;86;7;12456;4
84;151;7;45300;1
84;84;7;13555;1
84;76;7;12456;8
84;22;6;4012;1
84;5;6;1300;2
84;5;7;55678;19
84;154;6;2255;22
84;45;7;55678;10
84;149;7;11113;3
84;149;7;22022;2
84;86;5;555;2
84;19;6;1201;1
84;172;7;23192;1
84;32;5;96;20
84;161;7;22555;45
84;49;7;13777;1
84;92;7;44888;1
84;63;6;4455;1
84;50;3;44;25
84;105;6;2288;1
84;12;3;13;161
84;2;6;5533;1
84;61;3;96;13
84;58;6;13;3
84;58;6;14;1
84;157;6;2277;3
84;96;3;12;23
84;47;6;96;6
84;33;5;95;14
84;156;7;22555;21
84;166;7;55333;1
84;81;6;1233;1
84;134;7;12755;2
84;52;7;22000;1
84;61;5;95;24
84;43;6;4490;1
84;23;7;33700;2
84;151;7;13123;5
84;94;7;19012;1
84;21;7;30000;1
84;121;7;33000;1
84;146;7;15555;7
84;167;7;22111;2
84;163;7;23333;5
84;34;7;11113;2
84;21;6;4456;4
84;21;6;1010;11
84;25;3;44;40
84;24;6;4050;1
84;12;6;1112;2
84;58;7;13131;2
84;42;7;10123;4
84;33;7;15888;2
84;16;7;12888;2
84;19;6;3535;1
84;84;3;44;41
84;54;7;96;3
84;18;6;4422;8
84;126;3;44;53
84;17;7;45333;1
84;17;7;70699;8
84;117;7;11111;8
84;37;7;12011;1
84;88;5;95;14
84;173;5;96;23
84;175;7;15555;3
84;7;6;2288;1
84;66;6;4455;6
84;96;6;4029;1
84;163;6;2244;1
84;53;6;1313;1
84;84;6;4000;6
84;136;7;33789;2
84;100;6;4422;10
84;88;6;4456;4
84;152;7;15333;2
84;88;6;5511;8
84;37;7;15222;5
84;4;6;2277;10
84;74;7;13155;1
84;103;6;4445;1
84;110;7;22555;73
84;89;6;1010;18
84;158;6;6565;1
84;37;7;12600;8
84;30;7;12600;3
84;55;6;1313;4
84;161;6;1016;16
84;44;6;5555;41
84;110;6;1212;1
84;42;5;95;21
84;34;7;22777;2
84;159;6;2300;5
84;159;7;12123;1
84;88;6;2222;14
84;12;6;1201;2
84;51;6;1314;5
84;159;6;4456;2
84;142;7;22777;46
84;149;7;33700;3
84;57;6;6565;1
84;105;7;13258;12
84;50;6;4440;2
84;6;7;13258;3
84;125;6;1234;3
84;161;7;22777;10
84;165;6;2233;2
84;34;6;1251;11
84;31;6;2277;8
84;151;6;2255;42
84;168;7;22777;2
84;164;6;1000;1
84;165;7;11444;1
84;55;7;23333;2
84;111;7;44111;2
84;13;7;12111;1
84;24;7;15555;6
84;50;7;23123;2
84;15;7;12600;2
84;19;7;55234;3
84;42;7;12600;4
84;157;7;45111;1
84;85;6;1251;12
84;61;7;44333;1
84;61;7;22700;5
84;168;6;1221;1
84;145;6;4488;1
84;72;7;11444;4
84;113;3;96;21
84;62;7;33888;7
84;6;3;44;68
84;16;6;1313;3
84;54;7;12888;2
84;72;6;4489;1
84;15;6;1333;5
84;122;5;95;12
84;13;7;44888;2
84;139;7;15151;1
84;53;7;70699;20
84;28;6;4440;2
84;176;7;44123;1
84;173;7;44123;2
84;65;6;4455;1
84;13;6;2201;4
84;137;3;44;64
84;64;7;12456;3
84;67;7;22556;1
84;92;6;1313;3
84;109;6;4456;2
84;172;6;1455;1
84;112;6;5533;3
84;52;3;44;89
84;73;6;12;1
84;73;6;13;2
84;73;6;22;1
84;73;6;40;1
84;73;6;55;1
84;73;7;11;2
84;174;7;15333;2
84;143;6;2222;1
84;111;6;5533;1
84;175;6;4488;5
84;33;7;22;2
84;33;7;23;1
84;138;6;2255;24
84;174;7;55678;6
84;174;6;1300;2
84;63;7;11111;54
84;24;7;12456;2
84;45;6;6565;1
84;37;6;1314;2
84;56;3;12;30
84;50;6;4488;8
84;7;7;50500;2
84;90;6;1055;1
84;104;7;10123;5
84;154;6;1016;1
84;111;6;2222;11
84;10;5;96;14
84;151;6;1233;1
84;60;5;96;14
84;94;7;22222;6
84;94;7;44190;2
84;64;6;1044;1
84;110;7;22123;1
84;154;6;5511;17
84;147;6;4455;2
84;27;7;22222;2
84;27;7;44190;1
84;38;7;12600;2
84;62;7;12888;1
84;113;7;15888;3
84;56;6;4488;1
84;163;7;22556;2
84;116;7;50777;1
84;51;6;2299;1
84;114;3;95;4
84;105;5;96;7
84;85;6;96;23
84;135;6;4000;1
84;123;6;5511;2
84;172;6;1313;2
84;172;6;4466;1
84;155;7;15555;1
84;145;6;2200;1
84;158;7;95;7
84;87;6;1322;4
84;52;6;2233;6
84;92;7;13132;2
84;92;7;70222;1
84;151;3;13;153
84;17;6;2300;18
84;88;6;4422;11
84;35;3;95;10
84;154;6;3556;1
84;66;6;4456;1
84;146;6;2277;4
84;60;7;23333;3
84;25;6;4488;2
84;48;6;1321;2
84;69;7;12144;4
84;32;6;5555;7
84;65;7;13132;11
84;124;7;10123;1
84;57;7;70000;2
84;33;6;2300;2
84;63;6;1311;1
84;10;7;55011;1
84;88;6;2299;1
84;135;6;95;10
84;138;6;4567;1
84;103;7;33888;1
84;173;7;23192;1
84;130;7;33888;8
84;169;7;22555;35
84;49;6;4455;2
84;51;7;13132;1
84;74;7;13555;2
84;35;6;7080;1
84;86;7;13456;1
84;12;7;13234;3
84;149;6;7069;1
84;96;6;1533;1
84;104;6;4000;1
84;70;6;95;4
84;70;7;45000;1
84;55;7;44456;1
84;11;7;13258;1
84;25;7;22555;103
84;3;7;55234;2
84;49;7;55678;9
84;19;6;6565;2
84;159;7;23123;49
84;16;6;7011;3
84;112;6;1214;4
84;79;7;15115;3
84;24;7;70000;1
84;11;6;1251;4
84;75;6;1214;16
84;97;7;15555;1
84;56;6;1522;1
84;75;6;4447;1
84;21;7;45700;1
84;140;7;44123;1
84;91;6;4488;3
84;177;6;4490;3
84;165;3;95;10
84;60;7;55777;2
84;110;7;33123;1
84;6;6;1010;9
84;84;7;12456;12
84;6;6;4456;3
84;139;6;2222;12
84;139;6;1333;2
84;11;7;45333;1
84;11;7;13013;3
84;25;6;2277;25
84;116;6;1213;19
84;174;7;12888;1
84;91;6;5013;1
84;34;7;22555;84
84;4;7;13155;2
84;157;6;7040;1
84;32;6;95;3
84;58;6;1111;58
84;65;6;1292;1
84;50;7;13789;2
84;29;7;70699;40
84;13;6;5013;1
84;62;7;12114;1
84;55;6;2200;2
84;162;6;2323;3
84;162;7;15333;2
84;21;6;3000;1
84;149;6;1333;2
84;176;6;4000;3
84;172;7;45333;5
84;2;7;22777;6
84;177;7;23123;20
84;116;6;1221;4
84;122;3;12;20
84;34;7;12600;2
84;34;6;96;5
84;5;7;13;7
84;5;7;22;2
84;5;7;23;3
84;165;7;55666;1
84;101;5;700;58
84;66;7;23333;4
84;81;7;33000;1
84;63;7;22777;11
84;32;7;12999;1
84;72;5;700;85
84;175;7;45111;1
84;85;7;13131;1
84;165;7;15555;2
84;156;6;4411;2
84;156;6;9000;1
84;137;6;1234;2
84;50;7;12000;47
84;29;7;13258;1
84;174;7;22555;80
84;81;6;2277;2
84;65;6;1214;10
84;96;6;4010;1
84;24;6;4010;1
84;175;6;1133;1
84;51;6;1221;1
84;126;6;1000;1
84;134;3;95;4
84;135;7;96;4
84;90;7;33456;1
84;62;7;12123;3
84;62;6;2300;26
84;73;5;700;79
84;155;7;96;12
84;111;6;4445;1
84;134;7;33444;5
84;114;7;44888;2
84;64;7;55234;1
84;157;3;95;6
84;124;7;70699;1
84;116;7;13555;1
84;90;7;15120;1
84;87;7;12000;1
84;144;5;555;18
84;138;7;23192;2
84;6;6;1277;2
84;160;6;5511;4
84;50;6;5555;22
84;51;7;33123;1
84;109;6;1221;1
84;12;6;1221;1
84;41;7;33133;1
84;153;6;4455;1
84;145;6;4456;1
84;28;6;1251;7
84;60;7;22222;2
84;60;7;44190;1
84;148;6;2222;4
84;116;7;12000;4
84;75;7;10123;2
84;114;7;11113;1
84;165;7;22222;8
84;15;7;22777;8
84;116;7;13777;1
84;73;7;22555;50
84;151;6;1924;1
84;160;7;33888;10
84;69;7;13777;5
84;38;7;22777;2
84;152;6;2255;50
84;17;7;15888;1
84;123;6;1000;1
84;152;6;1333;5
84;154;3;95;12
84;61;6;1213;10
84;114;5;95;8
84;125;6;2277;7
84;148;7;10123;1
84;163;6;4440;1
84;110;7;95;5
84;1;7;10190;1
84;97;7;13131;2
84;168;7;12112;1
84;85;7;33123;2
84;174;5;96;18
84;140;5;131;180
84;174;6;2210;2
84;172;7;90000;1
84;67;6;96;6
84;121;7;12555;1
84;157;7;30000;1
84;29;7;12112;1
84;105;6;1533;6
84;7;7;11111;6
84;65;7;33193;1
84;122;7;12144;3
84;15;6;1221;1
84;15;6;4412;1
84;42;6;1233;2
84;90;6;5050;1
84;6;7;10123;7
84;158;7;13258;2
84;176;7;12600;1
84;84;7;43640;2
84;61;7;11111;6
84;138;7;44020;1
84;44;7;22622;1
84;69;6;7011;1
84;69;7;44888;7
84;150;7;44123;19
84;84;5;95;14
84;68;7;11111;14
84;116;6;96;14
84;38;5;131;129
84;137;6;1533;1
84;27;6;6565;1
84;4;6;3556;1
84;4;7;13123;3
84;140;6;4447;1
84;6;6;5599;1
84;51;7;12000;2
84;19;7;22555;58
84;10;6;6565;2
84;125;6;1314;1
84;32;7;13555;2
84;112;7;36123;2
84;16;7;13258;1
84;55;7;22556;1
84;75;6;1111;4
84;89;5;555;2
84;1;7;22555;22
84;33;7;23123;28
84;41;7;12144;8
84;59;6;1251;1
84;159;3;80;1
84;171;6;96;1
84;37;7;43640;1
84;173;6;2200;1
84;4;6;1222;1
84;4;6;1234;2
84;138;7;12999;3
84;136;3;95;11
84;53;5;95;8
84;50;7;13013;2
84;121;6;1299;1
84;27;7;96;9
84;48;6;2255;12
84;161;7;50777;1
84;10;7;15333;2
84;167;5;131;130
84;35;7;23123;5
84;153;7;96;18
84;154;6;5555;18
84;146;6;1214;44
84;113;7;15222;1
84;90;3;44;87
84;13;5;96;20
84;95;7;33200;1
84;85;7;44122;2
84;13;7;50500;3
84;48;6;1251;7
84;59;6;1245;1
84;133;7;23123;24
84;70;6;2227;1
84;70;7;50500;1
84;111;7;13234;1
84;125;6;2255;52
84;109;7;23123;4
84;21;6;1277;1
84;49;7;45111;2
84;69;7;22555;26
84;85;7;10000;1
84;44;6;1333;5
84;67;5;96;17
84;22;6;4410;3
84;3;6;1010;15
84;3;6;4456;3
84;33;6;1214;4
84;64;7;12500;2
84;126;7;13013;3
84;126;7;70699;5
84;1;5;96;22
84;52;6;1213;10
84;126;6;1214;13
84;117;7;55333;1
84;116;6;1234;7
84;13;7;22111;4
84;45;6;95;12
84;94;7;45300;1
84;67;7;96;6
84;149;7;22380;1
84;116;6;95;9
84;4;6;6565;4
84;121;6;2233;2
84;11;7;10123;3
84;16;6;1234;4
84;6;7;45999;1
84;69;6;5511;5
84;63;7;22555;14
84;166;6;2255;32
84;4;6;2211;2
84;157;6;2211;1
84;152;6;4422;4
84;17;7;12123;1
84;42;6;5511;8
84;29;6;1255;1
84;50;7;13234;1
84;114;6;1422;2
84;116;6;1300;5
84;7;7;22555;72
84;43;7;12000;3
84;19;3;44;110
84;146;6;2288;4
84;121;7;15001;1
84;140;7;22555;37
84;56;3;95;4
84;20;7;12888;7
84;39;6;1234;1
84;121;6;2255;60
84;152;7;13131;1
84;123;7;44123;1
84;13;6;1292;5
84;164;7;55678;8
84;96;7;15333;1
84;130;7;12144;6
84;113;6;12;5
84;113;6;13;5
84;39;6;7040;1
84;39;7;13155;2
84;44;6;5013;1
84;112;7;15888;1
84;39;6;5533;3
84;53;6;2255;100
84;104;6;2277;6
84;84;6;1234;3
84;76;7;15222;1
84;112;7;70;3
84;112;6;13;5
84;112;6;23;1
84;112;6;43;1
84;69;6;4412;1
84;69;7;22556;1
84;53;6;13;4
84;53;6;33;1
84;53;6;40;1
84;53;6;55;1
84;53;6;90;1
84;53;7;13;5
84;53;7;14;1
84;53;7;22;3
84;53;7;36;1
84;53;7;44;1
84;53;7;55;1
84;53;7;70;3
84;166;7;33888;4
84;89;7;10000;2
84;124;7;12144;29
84;72;7;70;2
84;32;6;1155;1
84;135;3;96;17
84;103;7;13013;1
84;103;7;70699;17
84;5;6;2201;1
84;159;6;6565;2
84;41;6;1333;5
84;136;7;44190;1
84;44;5;131;103
84;14;7;55888;1
84;52;6;1111;4
84;52;7;95;17
84;12;6;1010;2
84;145;6;5555;41
84;19;7;45333;1
84;132;7;12144;3
84;13;6;1233;1
84;157;7;36123;1
84;105;6;4477;2
84;142;6;95;9
84;16;6;1333;2
84;153;6;13;1
84;129;7;44111;1
84;24;6;2233;1
84;96;6;2233;5
84;159;7;23000;1
84;62;7;12456;1
84;86;6;2222;4
84;122;7;23123;10
84;14;7;15333;1
84;88;6;2300;10
84;13;7;70007;1
84;64;7;12000;54
84;19;6;1233;1
84;95;6;1213;4
84;44;7;70699;8
84;59;7;55555;1
84;85;7;22777;30
84;75;6;95;2
84;85;6;1214;19
84;111;7;22380;1
84;111;7;44333;2
84;137;7;22380;2
84;137;7;22700;3
84;85;6;1111;4
84;177;6;4410;1
84;134;7;45111;4
84;34;6;1000;1
84;38;3;12;18
84;74;6;1313;1
84;22;6;4000;2
84;155;6;1323;1
84;84;7;13132;4
84;168;7;12144;11
84;129;6;95;6
84;17;6;1412;1
84;19;6;1245;1
84;42;7;33700;1
84;138;6;1233;4
84;105;5;700;4
84;128;6;1214;1
84;69;6;2222;6
84;35;7;55555;1
84;159;6;4422;43
84;5;6;4447;2
84;157;7;11111;9
84;4;7;11111;6
84;16;7;22001;1
84;111;3;96;15
84;152;7;13155;1
84;48;7;95;6
84;48;6;1111;16
84;69;6;5013;3
84;145;3;96;14
84;78;7;13258;1
84;45;6;5555;13
84;25;6;1313;1
84;73;6;1111;4
84;8;7;12500;3
84;39;7;45000;1
84;60;7;23123;1
84;166;6;4410;1
84;73;6;2222;7
84;19;6;1533;1
84;117;6;2225;2
84;55;6;1213;17
84;154;6;2299;1
84;177;7;55222;1
84;49;6;1213;4
84;160;6;4412;2
84;144;6;1000;2
84;177;6;2233;3
84;16;5;95;10
84;42;7;23123;40
84;92;6;5013;1
84;34;7;44123;5
84;35;5;131;187
84;138;7;15333;2
84;22;7;10123;7
84;104;7;13258;1
84;32;6;1212;1
84;18;5;96;10
84;173;7;15222;8
84;25;6;2222;3
84;6;7;45111;3
84;95;7;22010;5
84;134;7;10122;3
84;147;5;95;9
84;33;5;96;17
84;72;3;80;1
84;116;7;22222;4
84;116;7;44190;3
84;64;6;4433;2
84;69;6;4456;1
84;63;7;70699;1
84;87;6;1251;1
84;17;7;10;1
84;17;7;11;2
84;17;7;12;1
84;55;6;1214;17
84;163;7;12600;1
84;31;6;1333;5
84;37;7;11111;4
84;16;6;1010;4
84;16;6;4456;8
84;101;7;12888;3
84;154;6;1599;1
84;165;3;16;1
84;23;6;2244;2
84;47;6;95;4
84;47;7;45000;1
84;13;6;5522;1
84;13;6;95;17
84;165;6;4444;1
84;174;7;15678;1
84;165;7;45111;2
84;116;7;15888;1
84;57;6;2300;11
84;67;6;2300;5
84;164;7;13789;1
84;132;6;2255;71
84;50;6;1177;1
84;21;7;10123;9
84;78;6;2222;7
84;24;7;95;13
84;87;7;55678;5
84;87;6;4555;1
84;34;6;1292;1
84;37;7;44700;1
84;9;6;5533;9
84;174;7;44190;5
84;169;6;1214;13
84;14;3;13;150
84;107;6;1300;4
84;30;6;1213;1
84;162;7;12600;2
84;20;6;5055;1
84;121;6;1333;5
84;57;7;13;3
84;57;7;22;2
84;57;7;55;7
84;4;6;4422;9
84;21;6;4011;1
84;34;6;2277;1
84;149;6;1233;1
84;61;7;13234;3
84;91;7;22555;12
84;51;7;12456;1
84;88;6;2255;37
84;27;7;55;1
84;27;7;12;2
84;27;7;13;6
84;27;7;22;2
84;27;7;70;1
84;114;5;555;6
84;157;6;1000;1
84;86;6;2201;1
84;94;7;15333;1
84;123;6;4422;11
84;48;7;12000;6
84;145;7;70345;3
84;23;7;90000;1
84;165;6;2255;36
84;122;7;65000;1
84;111;6;1000;3
84;100;7;23123;20
84;3;7;15555;4
84;45;3;44;18
84;37;6;2244;3
84;140;7;44027;1
84;92;3;12;31
84;112;7;12333;5
84;161;6;7011;1
84;151;5;96;15
84;94;6;5007;1
84;94;7;12333;5
84;90;7;12000;1
84;135;5;555;3
84;8;6;7011;1
84;124;7;13123;1
84;81;7;55;3
84;137;6;11;1
84;137;6;12;6
84;137;6;13;3
84;137;6;14;1
84;137;6;18;1
84;137;6;22;2
84;137;6;33;1
84;137;6;44;1
84;137;6;70;1
84;72;6;2244;1
84;107;7;23123;6
84;137;7;11;1
84;137;7;13;10
84;137;7;22;1
84;137;7;43;2
84;137;7;44;1
84;137;7;45;1
84;137;7;70;1
84;153;6;10;1
84;153;6;12;1
84;103;7;12000;1
84;46;5;555;6
84;94;6;1201;1
84;159;3;96;10
84;70;7;22222;3
84;74;7;44888;2
84;5;6;5511;9
84;76;7;44100;1
84;121;6;1213;29
84;172;7;15222;1
84;22;6;1221;2
84;51;7;23123;17
84;139;7;55555;1
84;39;7;45333;5
84;62;6;2233;5
84;9;6;2233;2
84;23;6;1533;1
84;139;7;45111;2
84;87;7;13123;1
84;23;7;15222;2
84;123;7;45999;1
84;31;6;4422;16
84;10;6;4447;1
84;126;6;5555;59
84;2;7;12333;1
84;12;7;13;6
84;12;7;11;1
84;12;7;12;3
84;12;7;22;1
84;72;7;44111;2
84;12;7;23;1
84;12;7;45;1
84;12;7;55;2
84;12;7;70;1
84;12;6;12;3
84;12;6;13;2
84;12;6;45;1
84;12;6;55;1
84;129;3;44;52
84;20;7;22999;2
84;134;7;23123;21
84;28;6;1533;8
84;27;6;2300;41
84;98;6;33;1
84;98;6;44;1
84;98;7;12;1
84;98;7;13;13
84;98;7;22;2
84;98;7;23;1
84;98;7;55;2
84;98;7;70;1
84;139;6;11;2
84;139;6;12;1
84;139;6;13;5
84;139;6;18;1
84;139;6;23;3
84;139;7;11;1
84;139;7;13;13
84;139;7;22;2
84;139;7;23;1
84;139;7;44;1
84;139;7;45;1
84;139;7;65;1
84;123;6;13;2
84;123;6;22;1
84;123;6;43;1
84;25;7;13133;2
84;8;6;4447;1
84;154;6;95;18
84;154;7;45000;2
84;84;7;13155;6
84;58;6;2222;4
84;133;6;2222;6
84;35;7;10;4
84;21;6;95;12
84;46;7;12144;2
84;46;7;70300;1
84;49;6;4477;2
84;73;7;12220;4
84;13;7;70090;3
84;1;6;4488;3
84;164;6;1322;1
84;168;6;4000;14
84;159;7;33888;11
84;110;7;13456;5
84;33;5;700;16
84;64;7;65013;2
84;20;6;2255;45
84;2;7;23192;1
84;5;6;5533;1
84;124;6;4011;1
84;138;7;55234;1
84;49;7;55234;7
84;52;6;9014;1
84;9;7;33456;1
84;16;6;2288;6
84;85;6;1245;6
84;60;3;12;15
84;53;3;12;5
84;63;7;12144;5
84;155;6;1588;1
84;87;6;2201;2
84;151;6;1251;11
84;117;6;1333;1
84;144;6;12;1
84;144;6;13;3
84;144;6;22;1
84;87;7;11111;1
84;73;6;5511;3
84;95;6;1292;3
84;175;7;70000;1
84;29;7;95;4
84;159;7;33500;1
84;17;7;22000;1
84;33;6;1500;1
84;66;7;55678;44
84;137;5;96;33
84;143;7;45123;1
84;67;6;1251;4
84;114;6;5533;5
84;173;6;1251;2
84;95;6;1251;3
84;23;6;2201;2
84;101;6;96;7
84;88;6;96;8
84;58;6;5555;18
84;133;6;5555;17
84;151;7;12600;2
84;35;7;10123;7
84;20;7;12333;1
84;142;5;700;67
84;78;7;12144;19
84;76;6;4000;1
84;90;7;13555;1
84;65;6;1314;1
84;38;6;2211;1
84;149;6;2277;12
84;104;6;4488;2
84;73;7;55678;5
84;132;7;12333;1
84;73;7;44333;1
84;152;6;1314;1
84;10;6;1214;25
84;121;7;55234;9
84;15;5;700;74
84;174;7;33888;1
84;64;6;3550;1
84;40;7;22333;1
84;126;3;13;155
84;177;6;1016;1
84;177;7;10190;1
84;136;7;70345;2
84;122;7;11111;11
84;174;6;2200;2
84;22;6;2210;5
84;153;6;2300;7
84;49;6;4000;1
84;35;3;13;167
84;128;7;70699;1
84;36;6;2255;12
84;25;7;70699;1
84;67;3;44;62
84;19;6;1313;3
84;84;7;33444;1
84;111;7;55555;1
84;156;6;1213;7
84;122;6;4490;2
84;28;6;2225;1
84;104;7;13155;4
84;63;6;6565;1
84;49;6;1321;2
84;74;7;12345;1
84;94;6;4410;2
84;56;7;22022;6
84;3;7;90000;2
84;9;6;1251;4
84;84;7;12000;2
84;115;7;22022;1
84;155;6;2222;26
84;145;7;70001;1
84;151;7;22777;7
84;91;6;4410;24
84;142;7;13258;2
84;46;7;12000;9
84;173;7;13789;1
84;42;7;65234;1
84;2;6;1500;1
84;136;6;1322;1
84;59;7;13155;1
84;164;7;23190;1
84;18;6;6565;1
84;55;6;1292;1
84;87;6;2277;14
84;63;7;13131;1
84;4;6;1533;1
84;25;7;22022;3
84;103;6;2255;77
84;147;7;12888;2
84;17;6;95;18
84;128;7;33333;1
84;89;5;95;11
84;9;6;2300;26
84;62;7;22777;2
84;61;7;45111;4
84;69;7;44567;1
84;12;5;700;70
84;157;6;1533;1
84;98;6;1522;1
84;98;7;15001;1
84;171;6;1213;2
84;7;7;13013;5
84;7;7;70699;5
84;81;7;11113;1
84;11;6;5533;7
84;125;7;55234;1
84;28;6;5555;24
84;50;3;12;4
84;122;7;10123;4
84;43;7;55678;51
84;69;7;12333;1
84;175;6;1933;1
84;49;7;12400;2
84;49;7;95;10
84;138;7;95;22
84;79;6;95;10
84;167;7;12112;3
84;7;7;12000;5
84;4;6;4410;2
84;94;7;11113;1
84;78;3;96;13
84;6;6;5050;1
84;97;6;6565;1
84;172;3;44;86
84;117;3;13;112
84;101;3;95;11
84;152;7;13132;4
84;54;7;11113;1
84;54;7;22022;1
84;142;6;5121;2
84;123;7;13123;11
84;62;6;4410;2
84;87;6;1213;3
84;135;7;13555;1
84;161;6;1213;18
84;35;7;13444;2
84;59;6;12;2
84;59;6;13;1
84;59;6;22;1
84;59;6;55;1
84;59;7;11;1
84;59;7;12;7
84;59;7;13;11
84;104;7;22222;1
84;174;7;95;8
84;161;7;13133;1
84;9;6;5599;2
84;97;6;2300;5
84;67;6;2277;10
84;132;7;13133;1
84;68;6;5533;7
84;117;7;13789;2
84;139;7;44144;1
84;51;6;7070;1
84;134;7;12456;80
84;121;7;12444;1
84;121;7;70699;5
84;81;7;45111;1
84;110;7;44020;1
84;110;7;96;3
84;135;6;2288;6
84;158;3;12;15
84;111;7;22022;4
84;161;7;45300;2
84;8;6;2200;1
84;19;7;50013;1
84;17;6;2211;4
84;72;7;12300;1
84;3;7;22777;6
84;35;7;44888;2
84;37;6;4433;1
84;10;7;12144;13
84;172;7;22222;3
84;47;6;1233;1
84;78;7;22777;6
84;58;7;95;6
84;110;6;1111;7
84;24;6;1300;4
84;122;7;12;4
84;122;6;22;1
84;122;6;23;1
84;122;6;65;1
84;122;7;13;9
84;122;7;15;1
84;122;7;16;1
84;122;7;22;1
84;122;7;44;1
84;122;7;70;1
84;157;6;11;1
84;157;6;13;1
84;157;6;14;1
84;157;6;22;1
84;157;7;11;2
84;157;7;12;2
84;157;7;13;5
84;157;6;1313;1
84;113;6;5555;15
84;48;5;95;6
84;18;6;5555;7
84;64;7;36190;1
84;31;7;55678;7
84;92;7;55678;13
84;113;7;16000;2
84;46;3;95;14
84;154;3;13;115
84;16;3;12;33
84;13;5;95;17
84;161;7;22511;2
84;137;7;13234;2
84;133;6;5511;2
84;133;5;160;1
84;34;6;1533;4
84;68;7;22120;1
84;166;7;33456;1
84;73;6;2210;2
84;147;6;1313;6
84;2;7;13258;2
84;38;7;55666;1
84;128;6;12;2
84;128;6;13;3
84;128;6;15;1
84;128;6;22;2
84;128;6;23;1
84;128;6;33;1
84;128;6;44;1
84;128;7;11;1
84;128;7;12;2
84;128;7;13;10
84;158;5;555;4
84;49;7;15222;1
84;175;7;15151;1
84;117;6;1522;3
84;7;7;11100;1
84;12;7;13555;1
84;121;7;15333;2
84;96;6;4488;4
84;58;6;5511;5
84;88;6;1533;7
84;129;6;4447;1
84;30;6;1234;1
84;69;7;55444;1
84;84;6;4455;1
84;70;6;1311;1
84;47;6;4044;1
84;177;6;1251;1
84;134;7;11111;30
84;69;7;55678;6
84;2;6;1221;2
84;38;6;1213;6
84;94;3;96;10
84;87;6;1111;1
84;87;7;95;4
84;103;3;44;63
84;37;7;10190;1
84;55;7;43640;2
84;28;6;1232;1
84;122;7;22022;9
84;52;7;10123;3
84;154;7;11;1
84;154;7;13;4
84;154;7;22;2
84;154;7;33;1
84;154;7;44;2
84;154;7;50;1
84;154;7;55;1
84;154;7;70;2
84;154;6;12;1
84;154;6;13;4
84;154;6;22;2
84;154;6;23;2
84;43;7;12100;1
84;104;6;4422;7
84;81;7;22222;1
84;169;7;13222;1
84;75;6;1233;1
84;74;5;131;109
84;172;6;2233;2
84;100;6;1213;2
84;3;6;5005;1
84;5;6;2211;3
84;1;5;700;35
84;24;7;12345;1
84;95;6;10;1
84;95;7;22;2
84;95;7;44;1
84;95;7;70;2
84;95;6;12;2
84;95;6;13;3
84;136;7;22777;2
84;14;7;23123;42
84;3;5;131;148
84;137;5;95;14
84;134;6;1533;5
84;68;7;23123;4
84;100;5;700;21
84;46;6;1300;2
84;84;7;15678;1
84;56;7;12600;3
84;146;6;1044;2
84;96;6;4456;1
84;75;6;4432;3
84;41;6;3303;1
84;174;6;95;6
84;64;7;12555;2
84;11;7;55678;11
84;75;6;1010;1
84;92;7;90000;1
84;128;7;15333;23
84;38;7;22222;2
84;107;7;22022;2
84;62;7;44190;1
84;139;6;6565;2
84;145;3;13;129
84;85;6;6565;1
84;35;7;12100;13
84;13;6;5588;1
84;13;6;4490;2
84;29;6;96;11
84;46;6;2244;1
84;144;3;95;7
84;141;5;131;136
84;3;7;13123;2
84;149;6;4567;1
84;46;7;50013;1
84;54;7;12000;1
84;57;7;44123;1
84;76;7;23123;10
84;76;7;44333;1
84;51;6;4447;1
84;16;7;15555;3
84;159;6;5013;1
84;117;7;12111;1
84;72;5;131;133
84;155;6;2200;2
84;79;6;4040;2
84;17;7;12144;7
84;8;7;13123;2
84;23;7;70234;1
84;68;7;13777;4
84;79;7;55234;1
84;97;6;2222;9
84;36;3;96;1
84;31;7;13555;1
84;153;7;13123;1
84;28;7;11111;3
84;128;7;13456;2
84;89;7;44690;2
84;17;7;13132;1
84;162;7;10777;1
84;4;7;13131;1
84;157;7;55888;1
84;4;6;2233;1
84;104;3;13;94
84;176;7;44888;2
84;159;7;12144;2
84;130;5;96;12
84;129;7;22380;2
84;165;7;13258;3
84;14;7;12144;1
84;130;6;1213;10
84;39;3;44;50
84;56;7;70000;1
84;41;7;95;6
84;47;5;96;22
84;130;3;12;15
84;78;3;12;11
84;2;6;1234;3
84;147;6;4422;1
84;7;7;70070;1
84;140;6;4440;7
84;28;7;13456;1
84;151;7;10123;1
84;9;6;2210;6
84;18;3;44;78
84;110;6;4456;3
84;35;6;5555;19
84;70;6;4410;1
84;137;6;2300;1
84;51;6;95;16
84;2;6;4011;1
84;149;7;22120;2
84;62;3;95;22
84;43;6;4013;1
84;159;6;1533;3
84;34;7;12888;2
84;155;6;1201;1
84;24;7;33133;1
84;81;6;2300;2
84;65;7;70000;2
84;126;7;11100;1
84;152;7;70345;1
84;150;6;2222;4
84;42;7;33300;1
84;51;6;4455;1
84;155;6;4488;2
84;155;7;33888;3
84;50;7;15333;2
84;56;7;13258;8
84;84;7;70321;1
84;158;7;90000;2
84;55;6;2201;2
84;12;5;95;11
84;72;6;95;7
84;3;7;65013;3
84;70;3;44;49
84;52;3;12;27
84;50;6;44;1
84;50;7;12;1
84;132;3;13;121
84;13;7;45300;1
84;166;6;1111;8
84;57;6;2211;1
84;48;6;1333;9
84;162;6;2299;1
84;149;6;1016;1
84;3;7;13133;2
84;175;3;13;127
84;54;7;13555;2
84;146;6;4410;6
84;159;7;70699;8
84;140;7;13456;9
84;103;7;22700;1
84;145;7;12144;9
84;50;6;2255;12
84;84;6;4410;3
84;169;7;12444;1
84;169;7;13013;3
84;169;7;45333;3
84;169;7;70699;1
84;134;6;1023;1
84;137;7;36192;2
84;18;6;2244;4
84;161;7;12222;1
84;143;6;2077;2
84;54;3;96;10
84;150;7;44020;1
84;114;3;12;19
84;51;7;10123;6
84;24;7;13013;1
84;161;6;2288;4
84;16;6;7033;1
84;43;7;55888;2
84;143;7;11111;1
84;103;7;23123;15
84;95;6;1924;1
84;5;7;22222;5
84;5;7;44190;5
84;100;6;4410;6
84;145;7;55555;2
84;169;6;95;3
84;24;3;13;134
84;162;6;2233;2
84;58;6;2288;1
84;126;7;10123;2
84;103;6;2277;47
84;176;6;4466;1
84;156;7;70007;2
84;21;7;33700;2
84;138;6;5555;44
84;72;6;1111;5
84;72;7;95;6
84;79;7;44600;1
84;62;7;70321;1
84;153;7;33123;1
84;174;6;6565;1
84;125;7;43640;1
84;5;7;12600;8
84;116;3;95;5
84;18;7;11444;2
84;92;7;13234;1
84;41;7;12000;3
84;139;7;65234;3
84;154;6;96;10
84;105;6;4530;2
84;94;7;33000;3
84;145;5;160;1
84;154;7;13258;4
84;21;3;96;15
84;90;7;33193;1
84;86;5;95;8
84;122;7;12600;3
84;137;6;5555;5
84;68;7;96;9
84;111;7;45000;1
84;149;6;2233;1
84;36;6;1447;1
84;36;7;12144;3
84;155;5;131;160
84;49;7;23123;19
84;161;7;13132;3
84;48;7;13131;1
84;155;7;12111;1
84;50;5;700;21
84;45;7;43640;2
84;173;6;4447;4
84;156;6;5005;1
84;98;6;1214;5
84;138;7;15555;11
84;107;6;4444;3
84;37;6;4444;3
84;137;7;12600;23
84;125;7;13013;3
84;19;6;2266;1
84;19;7;13234;6
84;116;7;55111;3
84;89;6;1299;1
84;4;7;33123;1
84;152;7;11111;2
84;85;7;13555;1
84;110;7;13234;1
84;47;6;4499;1
84;169;7;95;6
84;22;7;50444;2
84;5;6;1251;5
84;85;6;2255;81
84;150;6;1313;4
84;72;3;95;10
84;85;7;22555;66
84;75;6;5555;44
84;116;7;65234;1
84;55;6;1333;18
84;176;6;2277;1
84;150;6;4488;15
84;139;6;4488;8
84;63;7;12100;1
84;19;6;5055;1
84;153;7;44888;1
84;15;3;44;95
84;149;3;13;112
84;79;6;4447;1
84;101;7;11111;10
84;88;7;11111;6
84;117;7;36123;1
84;49;5;700;34
84;138;5;700;48
84;157;7;44022;1
84;60;7;13456;3
84;23;6;4490;1
84;22;7;13131;1
84;42;6;5533;12
84;16;7;33456;1
84;55;7;33000;3
84;16;7;70190;1
84;4;7;45000;1
84;49;7;10123;3
84;81;6;4000;1
84;172;7;10000;2
84;116;6;13;2
84;116;7;44;1
84;116;7;55;1
84;116;7;70;1
84;116;6;23;1
84;116;6;70;2
84;27;6;5533;4
84;137;7;55678;5
84;36;6;1322;2
84;78;6;1111;3
84;79;6;2277;4
84;78;7;11111;5
84;1;3;95;8
84;137;7;22555;84
84;18;7;55011;1
84;56;6;4410;7
84;163;6;1322;1
84;112;7;33123;1
84;2;7;12888;14
84;117;5;96;11
84;4;7;13258;5
84;157;7;13258;1
84;173;7;15555;1
84;135;7;55678;1
84;26;6;1313;1
84;81;6;2299;1
84;105;6;2211;3
84;48;7;22777;3
84;96;6;7040;2
84;56;7;10123;1
84;172;3;12;23
84;15;7;15151;1
84;66;6;1111;16
84;21;7;13456;1
84;67;7;15333;4
84;48;6;5511;2
84;26;6;2288;1
84;165;3;13;146
84;92;7;10190;1
84;39;7;96;6
84;10;6;4441;1
84;152;7;44333;1
84;90;7;70699;8
84;136;7;12888;1
84;161;6;4410;3
84;105;7;23123;10
84;98;7;22555;22
84;37;3;12;26
84;72;6;2300;3
84;75;3;13;85
84;142;3;13;169
84;154;6;2020;1
84;74;6;4455;8
84;22;6;6565;2
84;175;7;55678;4
84;40;6;1000;1
84;19;6;4422;10
84;58;7;11113;1
84;58;7;22022;1
84;21;7;22222;2
84;138;6;4433;2
84;49;7;50111;1
84;114;7;44190;2
84;29;3;96;25
84;8;6;5511;5
84;94;6;4422;10
84;94;7;40101;1
84;46;7;33888;1
84;155;7;23192;1
84;164;7;45000;1
84;154;7;95;20
84;37;6;1313;5
84;9;7;12000;5
84;68;7;13258;1
84;109;6;96;4
84;126;6;6565;1
84;92;7;12000;5
84;41;6;4422;9
84;136;3;44;32
84;147;7;15151;1
84;139;7;12600;2
84;87;6;1333;3
84;22;6;4433;3
84;157;6;4400;1
84;47;7;44123;7
84;33;6;12;2
84;33;6;13;4
84;33;6;22;2
84;33;6;23;1
84;33;7;12;1
84;33;7;13;8
84;33;7;14;1
84;73;6;4488;1
84;155;7;12321;1
84;46;7;12330;1
84;150;6;4490;1
84;150;6;5588;1
84;51;7;44040;1
84;162;6;2211;1
84;89;7;12500;2
84;56;5;95;9
84;17;7;13133;3
84;73;5;131;136
84;126;6;95;12
84;17;6;1292;1
84;2;5;95;10
84;113;6;1010;5
84;176;6;96;4
84;9;7;12144;3
84;117;6;5533;1
84;73;7;65700;4
84;146;5;160;1
84;79;6;5511;5
84;166;6;1533;2
84;101;6;1213;1
84;79;7;10123;2
84;42;7;13456;1
84;42;7;15888;6
84;90;7;50444;1
84;81;7;45333;1
84;81;7;70699;1
84;161;7;12456;1
84;134;6;1251;1
84;132;6;2222;2
84;68;5;555;5
84;14;6;5588;1
84;14;6;4410;4
84;125;7;13222;1
84;72;7;22000;1
84;85;3;12;20
84;27;7;12333;3
84;42;7;70699;4
84;169;7;11111;4
84;149;6;4456;1
84;13;3;12;24
84;137;7;13258;2
84;36;6;5555;4
84;73;6;95;10
84;121;7;12345;1
84;143;6;2255;29
84;10;6;1234;4
84;64;7;13258;2
84;148;7;16000;1
84;138;7;65234;1
84;155;6;2300;8
84;151;7;13132;1
84;2;7;15115;2
84;49;6;4490;1
84;117;6;5511;1
84;69;3;95;9
84;115;7;11111;2
84;60;6;2210;1
84;12;7;13132;12
84;17;6;96;18
84;47;6;5511;1
84;21;6;2255;48
84;128;6;1111;1
84;35;7;23333;2
84;88;6;2233;2
84;31;6;2222;9
84;52;6;1285;1
84;116;7;15333;5
84;20;6;1113;1
84;129;6;5511;2
84;85;7;13133;2
84;155;7;22001;1
84;73;7;12500;1
84;153;7;65700;1
84;35;6;1010;12
84;139;6;5555;7
84;66;7;11111;2
84;21;7;55011;1
84;22;6;1333;3
84;47;7;13555;4
84;4;6;3555;1
84;22;7;55678;9
84;145;7;50500;1
84;69;7;13132;20
84;56;6;1251;2
84;8;6;4455;2
84;45;7;44;1
84;45;7;55;1
84;175;7;11444;1
84;55;7;22555;26
84;51;7;70567;2
84;53;7;12888;1
84;53;7;13333;1
84;123;7;10000;1
84;175;7;13123;2
84;41;6;1123;1
84;130;6;13;2
84;130;6;22;1
84;130;6;23;1
84;94;6;4488;2
84;173;6;2323;1
84;155;6;2233;4
84;88;7;11000;1
84;161;7;12;1
84;161;7;22;1
84;161;7;44;1
84;97;6;1011;1
84;5;7;33369;1
84;156;7;15333;1
84;67;7;13132;1
84;67;7;70222;1
84;60;6;4456;5
84;20;7;44777;1
84;97;7;96;2
84;87;7;22555;113
84;8;7;12600;2
84;38;3;13;127
84;94;7;50500;1
84;142;3;44;86
84;167;6;1234;6
84;19;7;44447;4
84;15;6;1533;3
84;59;6;2210;1
84;84;6;12;1
84;84;6;13;3
84;84;6;22;1
84;84;6;23;1
84;84;7;10;1
84;84;7;13;6
84;84;7;15;1
84;84;7;22;1
84;84;7;44;2
84;52;6;2255;46
84;41;7;12300;2
84;41;6;4440;3
84;174;6;2277;6
84;46;7;12333;2
84;78;5;131;122
84;141;6;1201;1
84;153;6;1234;18
84;49;6;3640;1
84;18;7;15333;8
84;19;3;80;1
84;7;6;2300;8
84;33;6;1251;15
84;53;7;55678;10
84;176;6;1333;7
84;72;7;12220;2
84;147;7;22222;3
84;122;7;12000;47
84;11;6;1313;3
84;75;6;1313;2
84;111;6;1292;2
84;20;7;15333;1
84;85;7;40101;1
84;122;7;44447;1
84;122;7;44456;1
84;79;6;1214;23
84;124;6;4488;2
84;43;6;1333;4
84;167;3;12;18
84;3;6;4488;1
84;40;6;5555;30
84;147;6;5511;5
84;153;6;5588;1
84;8;6;11;2
84;8;6;12;4
84;8;6;13;1
84;8;6;23;1
84;18;7;12888;1
84;18;7;13333;3
84;103;6;2227;1
84;58;6;1234;2
84;29;7;12111;1
84;78;6;4456;1
84;162;7;55555;1
84;39;6;4422;41
84;122;6;7040;1
84;36;7;12000;39
84;45;7;44447;1
84;49;5;95;12
84;138;5;95;22
84;46;6;5055;2
84;34;7;55111;1
84;139;7;55678;6
84;69;6;96;10
84;85;7;23456;1
84;64;6;4488;3
84;79;6;6565;2
84;21;6;4410;2
84;48;7;15888;1
84;160;7;22222;2
84;124;7;44567;1
84;10;6;2255;18
84;163;7;44444;1
84;146;7;11113;2
84;146;7;22022;1
84;24;6;5001;1
84;24;6;2277;8
84;96;6;2277;10
84;33;7;55111;2
84;50;6;1333;1
84;174;5;555;6
84;48;3;95;5
84;153;7;11111;2
84;165;7;15222;1
84;140;6;2300;5
84;62;7;22022;1
84;55;6;1111;12
84;28;6;1522;7
84;49;6;1133;1
84;90;7;22022;4
84;14;7;55111;1
84;21;7;22123;1
84;172;6;1331;1
84;16;7;12300;1
84;7;7;12456;7
84;48;7;55678;10
84;95;6;2255;49
84;145;7;44190;2
84;166;6;4490;3
84;149;7;55678;21
84;149;6;1300;1
84;12;6;2222;13
84;114;3;96;7
84;155;7;12000;4
84;22;7;22333;1
84;4;3;44;88
84;97;7;13123;2
84;112;6;4554;1
84;16;6;4447;2
84;52;6;2200;5
84;73;6;4433;1
84;164;6;4000;1
84;95;7;13789;1
84;163;6;95;8
84;123;3;96;10
84;32;6;4422;16
84;173;7;13100;1
84;125;6;5599;1
84;135;6;2222;6
84;66;7;11113;1
84;56;6;7011;1
84;68;7;55555;1
84;42;6;1333;1
84;43;7;11113;1
84;164;7;50500;7
84;125;6;1313;1
84;154;7;15555;4
84;46;6;5555;28
84;90;6;1313;2
84;58;7;44123;5
84;28;7;55444;2
84;48;7;11111;15
84;109;6;12;1
84;109;6;13;1
84;109;6;14;2
84;109;6;22;2
84;109;6;70;1
84;109;7;11;2
84;109;7;12;1
84;109;7;13;2
84;109;7;22;3
84;126;6;5511;4
84;126;5;160;1
84;152;7;12345;3
84;2;7;10190;2
84;45;7;13133;1
84;161;6;5055;1
84;105;7;22555;8
84;86;7;12114;1
84;158;6;1213;2
84;111;6;1299;2
84;64;6;5013;2
84;51;6;4433;2
84;159;5;555;3
84;154;7;12114;1
84;90;6;22;1
84;90;6;10;1
84;90;6;12;2
84;90;6;13;4
84;90;6;30;1
84;90;6;44;1
84;90;7;10;1
84;90;7;11;1
84;129;3;12;8
84;116;3;96;17
84;51;6;2300;13
84;90;7;13;10
84;90;7;15;1
84;90;7;22;2
84;90;7;30;1
84;90;7;43;1
84;90;7;55;1
84;141;6;10;1
84;141;6;12;4
84;141;6;13;1
84;141;7;11;1
84;141;7;12;2
84;141;7;13;4
84;52;7;10124;1
84;141;6;4422;21
84;7;6;1313;4
84;154;7;33700;1
84;128;6;2288;1
84;166;7;22777;15
84;7;7;33193;1
84;68;6;4044;1
84;98;7;33300;1
84;72;7;22333;1
84;164;6;2222;13
84;144;6;2255;20
84;156;6;1313;8
84;90;7;11111;7
84;90;7;12344;2
84;42;7;65013;2
84;163;6;1234;2
84;56;6;13;4
84;56;6;22;3
84;56;6;50;1
84;56;6;55;2
84;68;7;70000;1
84;75;7;55678;42
84;174;6;2222;6
84;139;6;2233;5
84;13;7;12330;1
84;103;7;45123;1
84;2;6;1111;13
84;122;7;33193;1
84;1;6;95;19
84;1;7;45000;1
84;165;6;1533;6
84;167;7;22777;10
84;19;6;2211;1
84;107;7;15333;1
84;51;6;1533;3
84;7;7;55678;43
84;146;7;13258;3
84;59;6;5533;1
84;9;7;70222;1
84;146;7;10000;1
84;124;3;44;59
84;167;6;4000;1
84;20;7;12011;1
84;7;6;1311;3
84;154;7;22380;3
84;164;6;4456;1
84;74;7;45333;1
84;64;7;44888;5
84;114;7;12345;1
84;72;6;96;14
84;51;7;15888;2
84;20;6;2233;2
84;85;6;1212;1
84;13;7;10190;2
84;48;7;10000;1
84;58;7;44111;1
84;101;3;13;157
84;88;3;13;117
84;1;7;22700;1
84;8;6;1221;2
84;8;6;4412;1
84;9;6;1215;1
84;11;7;50013;1
84;16;6;1924;1
84;25;3;96;14
84;139;7;15333;1
84;161;7;12144;2
84;3;6;4423;1
84;59;6;5055;1
84;159;6;1314;1
84;174;7;10123;1
84;125;6;1311;1
84;166;7;11000;1
84;42;7;15333;1
84;114;7;15888;1
84;163;5;131;162
84;138;6;95;19
84;85;6;5055;1
84;150;7;10777;2
84;13;6;2300;10
84;54;6;5522;1
84;54;6;95;8
84;94;7;15151;1
84;89;7;15333;1
84;70;7;22777;2
84;15;7;44027;1
84;26;6;5511;2
84;7;6;4422;9
84;12;7;13133;1
84;11;6;1010;4
84;11;6;4456;3
84;112;6;1213;10
84;154;6;2288;4
84;146;3;16;1
84;157;7;70699;1
84;29;6;1221;1
84;123;7;44888;4
84;29;6;1314;6
84;59;3;95;11
84;161;7;55888;3
84;39;7;22022;2
84;66;6;2288;1
84;147;6;5013;1
84;103;6;1255;12
84;172;7;45111;2
84;18;7;11;1
84;18;7;12;2
84;18;7;13;5
84;18;7;40;2
84;18;7;55;2
84;18;7;70;1
84;12;3;12;20
84;98;6;2300;8
84;98;7;12123;1
84;145;7;12456;14
84;72;7;11113;1
84;72;7;22022;3
84;2;6;1010;3
84;113;7;55111;4
84;58;3;44;50
84;133;3;44;65
84;163;3;12;14
84;21;7;55111;2
84;43;7;12456;2
84;43;7;15123;1
84;121;7;12600;3
84;11;7;11113;1
84;129;6;1300;1
84;129;7;55678;23
84;41;7;13456;1
84;122;3;44;91
84;60;6;96;5
84;21;7;70321;1
84;113;7;23123;70
84;138;7;13133;1
84;128;6;2022;1
84;64;3;44;73
84;175;3;95;13
84;43;6;2255;39
84;126;6;4400;1
84;57;3;13;124
84;38;7;12000;1
84;155;7;11111;8
84;123;7;45333;6
84;21;7;55888;1
84;162;6;1522;1
84;162;7;15001;5
84;10;5;95;2
84;85;7;12333;12
84;89;7;65234;1
84;25;6;4433;1
84;59;6;5567;1
84;129;6;1333;5
84;144;6;1333;3
84;175;7;12555;1
84;64;3;13;155
84;98;5;131;191
84;116;6;4000;1
84;16;7;33888;4
84;19;7;44123;9
84;45;7;22222;2
84;126;6;4000;3
84;163;6;11;1
84;163;6;12;1
84;163;6;13;1
84;163;6;22;2
84;163;6;23;2
84;166;7;13333;2
84;48;6;96;7
84;72;5;555;3
84;155;5;555;8
84;138;6;2288;1
84;85;3;95;11
84;18;6;7033;1
84;68;7;22022;5
84;18;6;4400;1
84;53;6;4456;8
84;40;6;2222;4
84;21;6;2210;1
84;158;7;12456;2
84;130;6;4444;1
84;56;6;2288;2
84;39;7;44888;1
84;97;7;12144;2
84;70;6;96;2
84;5;5;700;63
84;65;6;4447;1
84;156;7;13;8
84;156;7;22;2
84;156;7;55;1
84;156;7;65;1
84;156;7;70;1
84;156;6;12;1
84;156;6;13;1
84;156;6;23;1
84;156;6;40;1
84;165;7;70699;4
84;165;7;13013;2
84;157;7;44111;3
84;22;7;11444;5
84;154;6;5533;3
84;20;6;1010;7
84;20;6;4456;3
84;5;6;4433;4
84;145;6;2288;1
84;39;6;1251;7
84;49;6;4599;1
84;111;5;555;9
84;20;7;44400;2
84;48;7;96;5
84;75;6;2300;4
84;3;7;12888;4
84;124;6;2288;1
84;141;6;2210;6
84;13;7;12000;2
84;133;6;1213;2
84;59;7;96;10
84;14;6;4422;35
84;61;3;13;162
84;7;7;33000;1
84;145;7;12000;3
84;66;6;96;5
84;161;6;1234;5
84;173;7;12000;4
84;51;7;15678;1
84;115;3;21;1
84;54;6;5567;1
84;37;7;12100;1
84;14;7;22555;60
84;27;7;55234;1
84;133;7;12144;3
84;10;6;2222;10
84;38;6;4022;1
84;38;7;10000;3
84;132;7;13132;2
84;140;6;1533;5
84;11;7;44000;1
84;125;6;1213;6
84;39;6;5567;1
84;156;7;12144;4
84;132;5;95;12
84;37;6;1010;9
84;37;6;4456;2
84;143;6;5511;2
84;110;3;44;62
84;85;7;13123;1
84;9;7;50013;2
84;122;6;2210;2
84;90;6;5533;5
84;35;6;96;12
84;89;6;4422;8
84;150;7;33000;2
84;173;6;2288;5
84;149;7;13258;2
84;123;6;6565;1
84;161;7;13123;6
84;143;6;1292;1
84;97;3;13;147
84;114;6;1090;1
84;2;7;95;5
84;62;6;1533;1
84;86;7;22555;74
84;105;3;95;6
84;6;6;1016;1
84;90;6;4555;1
84;98;6;4488;5
84;11;6;4000;5
84;10;7;12000;1
84;159;7;45333;5
84;164;7;44123;1
84;126;6;2222;12
84;17;6;5050;2
84;4;7;10122;1
84;149;6;2211;2
84;10;7;13132;1
84;54;7;70699;24
84;27;6;2222;10
84;13;7;55678;17
84;175;7;12300;3
84;147;6;1333;40
84;29;7;55;3
84;29;7;70;3
84;60;6;2225;2
84;61;6;5533;7
84;68;7;33300;1
84;163;6;1333;8
84;149;6;5511;5
84;19;6;2255;72
84;163;6;4422;22
84;169;7;13234;1
84;36;6;1221;3
84;9;3;95;7
84;156;6;1111;5
84;156;7;95;23
84;64;7;44456;1
84;16;6;2277;9
84;85;6;4490;1
84;130;7;22555;13
84;46;7;15555;3
84;173;6;5533;1
84;132;6;1245;1
84;150;5;555;5
84;168;7;44600;2
84;6;7;33700;1
84;76;6;2255;41
84;59;6;2300;2
84;19;5;131;132
84;68;7;55444;4
84;87;6;1299;1
84;173;5;95;24
84;137;7;70699;4
84;160;7;55234;4
84;46;6;96;10
84;97;6;1522;1
84;161;7;55777;1
84;105;3;96;3
84;8;7;70123;1
84;8;5;700;51
84;55;6;4440;1
84;62;7;33700;1
84;113;7;22777;2
84;42;6;1533;2
84;51;7;95;16
84;51;6;1111;1
84;176;6;1322;2
84;23;7;33888;2
84;95;7;45300;1
84;163;5;555;5
84;149;7;65234;1
84;147;6;5555;16
84;13;7;13258;3
84;57;6;4455;3
84;172;6;95;24
84;103;3;95;8
84;20;6;7007;1
84;88;7;12500;2
84;55;6;1155;1
84;59;6;4000;5
84;63;3;13;115
84;27;6;2200;1
84;155;7;11000;1
84;34;7;15222;1
84;104;7;13222;2
84;167;6;2255;29
84;136;6;1010;1
84;85;7;45111;1
84;34;6;1321;4
84;69;6;4433;1
84;96;7;13132;1
84;147;5;700;25
84;24;7;13132;2
84;63;7;13123;1
84;144;3;96;5
84;143;3;44;35
84;116;7;13132;1
84;4;7;70007;1
84;2;7;13132;1
84;2;7;70222;1
84;88;6;2277;13
84;116;7;13130;1
84;143;7;96;16
84;51;3;95;13
84;51;6;1500;2
84;144;7;70123;1
84;144;5;700;5
84;112;5;555;5
84;64;6;5555;2
84;103;6;1010;2
84;129;7;22222;8
84;114;5;96;8
84;149;7;90000;1
84;20;3;95;13
84;104;5;555;3
84;90;7;44777;1
84;67;6;5599;2
84;59;3;12;42
84;35;7;70000;1
84;30;6;7012;1
84;20;6;1222;1
84;20;6;1234;2
84;20;6;4411;2
84;162;6;2222;10
84;176;7;12333;3
84;28;7;44123;13
84;145;6;6565;2
84;62;7;15555;1
84;134;7;70222;1
84;122;6;4433;5
84;94;6;2277;6
84;60;7;11111;5
84;122;6;2300;4
84;111;6;5055;2
84;41;6;1300;3
84;145;3;44;54
84;171;6;4447;1
84;123;7;33123;2
84;143;6;2210;1
84;2;3;96;16
84;101;7;55678;87
84;88;6;1300;2
84;88;7;55678;13
84;52;7;44447;1
84;154;6;2200;5
84;132;7;23123;5
84;111;6;1333;4
84;4;6;1023;1
84;154;7;65000;2
84;5;6;4000;1
84;111;6;1213;21
84;148;5;95;14
84;154;6;5120;1
84;92;7;90333;1
84;12;7;43640;1
84;34;6;1313;1
84;45;7;30000;4
84;48;7;13132;42
84;68;7;22777;5
84;55;6;2255;23
84;49;6;5533;2
84;31;7;12144;3
84;92;7;12144;6
84;7;6;2255;71
84;162;6;4444;3
84;8;7;13132;2
84;4;6;2255;49
84;157;6;2255;83
84;96;6;5055;2
84;14;6;4432;3
84;10;7;44777;1
84;143;7;33888;13
84;38;6;1234;4
84;79;7;12600;1
84;52;7;22022;8
84;101;6;2255;87
84;24;6;1313;11
84;96;6;1313;2
84;123;3;12;21
84;78;3;95;9
84;130;7;22556;1
84;169;7;12100;5
84;24;6;2255;29
84;96;6;2255;27
84;116;7;13789;2
84;163;6;2277;5
84;168;6;2233;5
84;145;7;44888;3
84;107;6;2255;26
84;37;6;2255;56
84;31;6;1292;1
84;146;3;12;22
84;79;3;12;27
84;132;6;2200;1
84;44;3;96;16
84;67;7;13234;3
84;95;5;131;133
84;128;7;44444;1
84;53;6;7069;3
84;138;7;90000;1
84;41;6;2222;10
84;35;7;33888;5
84;10;7;22022;1
84;89;7;11113;1
84;105;7;45300;1
84;144;6;2222;2
84;79;7;11444;4
84;97;7;13132;9
84;21;5;96;19
84;78;7;44020;1
84;78;7;96;7
84;72;7;13234;1
84;19;6;5555;5
84;97;5;96;17
84;123;7;33369;1
84;156;6;96;13
84;129;5;96;19
84;87;6;4456;21
84;2;7;11111;24
84;64;6;2300;6
84;135;6;2277;8
84;96;3;44;68
84;104;6;1111;6
84;104;7;95;9
84;5;6;2222;8
84;11;7;13234;2
84;121;6;1314;1
84;161;5;96;19
84;35;6;4455;1
84;146;6;2222;5
84;39;6;1300;1
84;39;7;55678;9
84;32;7;12112;1
84;39;3;12;16
84;4;7;45111;3
84;68;6;1234;37
84;86;6;96;5
84;85;6;1233;1
84;40;7;45300;1
84;137;6;2277;8
84;116;6;1333;2
84;40;7;12333;12
84;47;5;131;143
84;172;7;50777;2
84;112;3;12;57
84;53;5;700;43
84;42;7;11113;3
84;42;7;22022;5
84;158;6;2210;1
84;52;7;50013;1
84;133;5;131;142
84;11;6;2277;10
84;160;6;5567;1
84;157;6;1214;2
84;4;6;1214;18
84;25;3;95;6
84;13;6;1533;3
84;104;3;44;30
84;33;6;2210;2
84;154;7;19000;1
84;29;7;13131;1
84;151;5;555;7
84;145;1;12;10
84;4;1;95;5
84;45;1;44;3
84;157;1;95;4
84;17;1;13;162
84;53;1;12;7
84;27;1;44;2
84;74;1;14;1
84;153;1;44;2
84;159;1;44;1
84;70;1;44;1
84;91;1;22;21
84;134;1;44;2
84;65;1;12;16
84;121;1;12;10
84;149;1;27;2
84;52;1;22;82
84;74;1;15;1
84;56;1;95;1
84;143;1;15;3
84;150;1;12;12
84;87;1;12;17
84;3;1;22;83
84;6;1;44;1
84;167;1;13;140
84;88;1;44;2
84;101;1;44;2
84;18;1;15;4
84;42;1;12;18
84;65;1;80;1
84;150;1;15;2
84;135;1;12;6
84;43;1;12;19
84;76;1;12;10
84;74;1;12;12
84;143;1;12;6
84;149;1;12;20
84;150;1;13;197
84;81;1;15;1
84;176;1;13;54
84;122;1;22;82
84;153;1;15;2
84;152;1;44;1
84;159;1;15;4
84;150;1;22;64
84;176;1;22;23
84;28;1;44;3
84;29;1;95;2
84;176;1;12;2
84;36;1;13;71
84;35;1;44;1
84;35;1;15;3
84;17;1;15;3
84;130;1;22;25
84;81;1;12;10
84;75;1;13;108
84;81;1;22;37
84;81;1;13;175
84;174;1;22;64
84;16;1;13;177
84;153;1;22;42
84;129;1;13;133
84;159;1;22;54
84;145;1;13;151
84;75;1;15;1
84;167;1;15;2
84;35;1;22;27
84;153;1;13;154
84;146;1;13;159
84;79;1;13;123
84;159;1;13;129
84;167;1;44;1
84;125;1;13;130
84;128;1;13;174
84;25;1;13;155
84;141;1;13;150
84;74;1;22;58
84;143;1;22;35
84;149;1;22;74
84;121;1;22;25
84;98;1;13;188
84;144;1;13;86
84;142;1;44;1
84;154;1;13;151
84;90;1;13;155
84;35;1;13;201
84;76;1;22;58
84;162;1;44;4
84;22;1;13;145
84;18;1;96;3
84;158;1;44;2
84;65;1;13;183
84;59;1;13;142
84;150;1;95;5
84;86;1;13;105
84;173;1;13;140
84;72;1;13;136
84;75;1;96;9
84;12;1;13;182
84;81;1;95;1
84;109;1;13;111
84;167;1;96;2
84;95;1;13;152
84;78;1;13;147
84;177;1;13;73
84;107;1;13;53
84;153;1;95;10
84;37;1;13;185
84;159;1;95;2
84;112;1;13;180
84;155;1;44;1
84;114;1;13;173
84;11;1;13;154
84;85;1;44;2
84;142;1;96;5
84;33;1;13;202
84;5;1;13;174
84;44;1;22;46
84;76;1;30;1
84;74;1;30;1
84;147;1;13;181
84;55;1;22;44
84;74;1;13;121
84;123;1;13;167
84;143;1;13;197
84;162;1;13;165
84;124;1;13;146
84;149;1;13;135
84;41;1;44;1
84;121;1;13;233
84;35;1;95;5
84;54;1;13;138
84;29;1;22;57
84;40;1;13;185
84;31;1;13;134
84;92;1;13;172
84;139;1;13;203
84;140;1;13;176
84;18;1;95;2
84;73;1;13;134
84;116;1;13;196
84;97;1;13;156
84;9;1;13;163
84;168;1;13;73
84;142;1;95;5
84;164;1;13;156
84;48;1;13;158
84;34;1;13;203
84;64;1;13;174
84;155;1;13;149
84;68;1;13;180
84;85;1;13;141
84;151;1;13;163
84;117;1;13;125
84;169;1;13;91
84;86;1;44;1
84;36;1;12;5
84;74;1;44;2
84;81;1;96;7
84;104;1;13;108
84;50;1;13;82
84;153;1;96;10
84;159;1;96;3
84;30;1;13;148
84;76;1;44;3
84;66;1;13;127
84;23;1;95;2
84;150;1;44;1
84;158;1;95;4
84;148;1;95;1
84;144;1;44;1
84;35;1;96;5
84;76;1;95;2
84;74;1;95;4
84;56;1;22;29
84;143;1;95;11
84;19;1;13;127
84;171;1;44;2
84;75;1;12;18
84;17;1;96;7
84;111;1;44;1
84;167;1;12;12
84;105;1;13;59
84;84;1;13;130
84;137;1;44;1
84;21;1;44;1
84;60;1;44;3
84;53;1;44;3
84;137;1;96;13
84;113;1;13;195
84;21;1;96;6
84;60;1;96;4
84;53;1;96;4
84;111;1;21;1
84;149;1;95;1
84;121;1;95;1
84;8;1;13;102
84;76;1;96;6
84;74;1;96;9
84;143;1;96;9
84;62;1;95;4
84;111;1;95;3
84;149;1;96;10
84;17;1;95;5
84;121;1;96;9
84;115;1;12;10
84;2;1;13;121
84;175;1;12;10
84;6;1;12;7
84;153;1;12;12
84;88;1;12;12
84;101;1;12;10
84;150;1;96;5
84;176;1;96;2
84;15;1;95;2
84;152;1;12;14
84;6;1;13;189
84;28;1;12;13
84;88;1;13;138
84;101;1;13;175
84;38;1;12;15
84;159;1;12;9
84;18;1;80;1
84;23;1;96;9
84;152;1;13;207
84;137;1;95;6
84;21;1;95;4
84;28;1;13;119
84;60;1;95;1
84;53;1;95;5
84;39;1;13;144
84;15;1;96;7
84;36;1;95;1
84;147;1;12;17
84;171;1;96;2
84;162;1;12;5
84;35;1;12;19
84;97;1;12;17
84;158;1;96;4
84;148;1;96;2
84;115;1;44;1
84;75;1;95;1
84;7;1;13;169
84;167;1;95;5
84;165;1;13;167
84;27;1;13;184
84;17;1;12;11
84;155;1;12;20
84;85;1;12;17
84;94;1;12;16
84;62;1;96;7
84;111;1;96;6
84;172;1;13;143
84;45;1;13;76
84;41;1;12;11
84;94;1;13;122
84;45;1;12;8
84;27;1;12;10
84;21;1;16;1
84;115;1;13;52
84;156;1;13;164
84;175;1;13;150
84;132;1;12;8
84;70;1;13;144
84;134;1;13;197
84;41;1;13;145
84;70;1;12;13
84;134;1;12;14
84;100;1;22;31
84;144;1;12;3
84;132;1;13;154
84;38;1;13;137
84;4;1;22;81
84;157;1;22;84
84;86;1;12;9
84;152;1;80;1
84;15;1;12;18
84;15;1;22;77
84;171;1;12;8
84;86;1;15;1
84;62;1;12;9
84;111;1;12;22
84;113;1;16;1
84;142;1;22;78
84;25;1;21;1
84;23;1;22;74
84;45;1;22;10
84;158;1;22;45
84;137;1;12;14
84;148;1;22;46
84;21;1;12;6
84;76;1;13;117
84;27;1;22;46
84;171;1;22;45
84;60;1;12;10
84;62;1;22;61
84;111;1;22;75
84;155;1;22;101
84;147;1;15;4
84;36;1;22;4
84;17;1;22;71
84;45;1;15;2
84;137;1;22;52
84;21;1;22;79
84;27;1;15;6
84;75;1;22;50
84;129;1;14;1
84;167;1;22;74
84;162;1;15;6
84;97;1;22;61
84;60;1;22;53
84;53;1;22;39
84;18;1;22;69
84;160;1;13;117
84;112;1;95;3
84;132;1;22;58
84;70;1;15;1
84;22;1;95;3
84;97;1;30;1
84;134;1;15;2
84;40;1;95;3
84;70;1;22;46
84;47;1;13;171
84;33;1;95;2
84;85;1;22;94
84;94;1;22;63
84;132;1;15;6
84;59;1;95;8
84;97;1;15;1
84;18;1;12;11
84;155;1;15;3
84;16;1;95;1
84;129;1;95;1
84;85;1;15;4
84;6;1;15;3
84;136;1;13;119
84;88;1;15;4
84;101;1;15;5
84;94;1;15;5
84;46;1;13;162
84;32;1;13;126
84;23;1;12;15
84;41;1;15;4
84;15;1;13;135
84;48;1;95;4
84;104;1;12;6
84;142;1;12;6
84;24;1;13;162
84;96;1;13;127
84;164;1;95;3
84;27;1;96;10
84;151;1;95;8
84;166;1;13;152
84;18;1;13;172
84;152;1;15;1
84;171;1;13;81
84;141;1;12;2
84;62;1;13;188
84;111;1;13;179
84;38;1;15;5
84;98;1;12;16
84;144;1;22;5
84;158;1;12;9
84;148;1;12;10
84;90;1;12;23
84;95;1;12;8
84;177;1;12;11
84;107;1;12;10
84;6;1;30;1
84;37;1;12;10
84;173;1;12;20
84;7;1;22;59
84;126;1;12;14
84;165;1;22;73
84;155;1;96;3
84;13;1;12;21
84;142;1;13;175
84;85;1;96;18
84;134;1;22;64
84;94;1;96;6
84;6;1;22;65
84;137;1;13;234
84;158;1;15;1
84;148;1;15;2
84;161;1;12;21
84;88;1;22;96
84;101;1;22;90
84;21;1;13;167
84;45;1;30;3
84;60;1;13;88
84;53;1;13;136
84;132;1;96;18
84;66;1;12;9
84;146;1;95;1
84;79;1;95;3
84;147;1;96;2
84;125;1;95;2
84;31;1;22;64
84;92;1;22;76
84;128;1;95;7
84;25;1;95;4
84;73;1;22;93
84;23;1;13;161
84;19;1;12;8
84;158;1;13;172
84;148;1;13;75
84;113;1;95;2
84;30;1;22;64
84;147;1;22;22
84;111;1;15;3
84;88;1;96;6
84;101;1;96;6
84;162;1;22;81
84;140;1;95;2
84;44;1;96;7
84;55;1;96;9
84;169;1;22;54
84;72;1;95;1
84;97;1;96;2
84;122;1;96;5
84;78;1;22;28
84;41;1;96;6
84;34;1;12;8
84;64;1;12;21
84;29;1;96;7
84;54;1;12;7
84;171;1;15;1
84;130;1;96;6
84;172;1;22;79
84;21;1;15;5
84;70;1;96;6
84;53;1;15;3
84;134;1;96;9
84;6;1;96;7
84;5;1;22;70
84;175;1;96;3
84;123;1;12;10
84;38;1;96;4
84;68;1;12;12
84;84;1;22;35
84;124;1;12;12
84;139;1;12;7
84;137;1;15;5
84;100;1;96;8
84;113;1;22;30
84;115;1;96;7
84;162;1;96;17
84;174;1;96;6
84;152;1;22;36
84;117;1;12;5
84;28;1;22;34
84;32;1;12;15
84;48;1;22;31
84;126;1;21;1
84;24;1;12;14
84;96;1;12;11
84;152;1;96;4
84;9;1;22;88
84;168;1;22;16
84;28;1;96;2
84;166;1;12;20
84;52;1;96;2
84;136;1;22;29
84;3;1;96;5
84;122;1;15;6
84;154;1;12;17
84;144;1;96;1
84;91;1;96;3
84;65;1;22;50
84;72;1;22;97
84;169;1;12;6
84;86;1;96;4
84;4;1;96;6
84;157;1;96;14
84;45;1;96;8
84;9;1;12;20
84;168;1;12;2
84;130;1;15;4
84;86;1;22;52
84;154;1;22;97
84;136;1;12;9
84;12;1;12;15
84;109;1;12;9
84;164;1;22;72
84;114;1;12;8
84;166;1;22;93
84;11;1;12;17
84;151;1;22;69
84;145;1;22;58
84;114;1;22;24
84;11;1;22;88
84;56;1;96;2
84;46;1;22;70
84;113;1;96;14
84;32;1;22;64
84;140;1;22;71
84;24;1;22;77
84;96;1;22;62
84;46;1;12;8
84;41;1;22;70
84;31;1;12;14
84;92;1;12;19
84;73;1;12;18
84;12;1;22;72
84;56;1;15;7
84;109;1;22;18
84;84;1;12;13
84;116;1;14;1
84;156;1;15;4
84;115;1;22;23
84;78;1;12;13
84;175;1;22;24
84;30;1;12;16
84;52;1;15;4
84;160;1;96;9
84;59;1;22;55
84;156;1;22;94
84;7;1;96;4
84;40;1;22;28
84;165;1;96;7
84;38;1;22;55
84;45;1;95;3
84;116;1;15;4
84;5;1;12;23
84;27;1;95;3
84;50;1;22;25
84;2;1;22;57
84;112;1;96;8
84;22;1;96;7
84;8;1;22;60
84;105;1;22;5
84;112;1;22;63
84;52;1;30;2
84;22;1;22;88
84;2;1;15;3
84;3;1;30;1
84;8;1;15;3
84;47;1;96;5
84;59;1;96;15
84;116;1;22;64
84;16;1;12;16
84;33;1;22;28
84;172;1;96;11
84;164;1;12;18
84;129;1;12;5
84;16;1;22;81
84;100;1;44;2
84;2;1;96;7
84;105;1;15;4
84;29;1;15;2
84;45;1;14;1
84;112;1;12;14
84;39;1;15;3
84;22;1;12;14
84;156;1;96;10
84;129;1;22;50
84;151;1;12;12
84;7;1;15;2
84;165;1;15;2
84;8;1;96;10
84;29;1;44;3
84;174;1;15;1
84;40;1;96;7
84;47;1;22;35
84;146;1;12;12
84;79;1;12;15
84;33;1;96;3
84;59;1;12;13
84;160;1;15;1
84;97;1;21;1
84;146;1;22;42
84;79;1;22;45
84;125;1;22;42
84;41;1;14;2
84;4;1;15;3
84;157;1;15;3
84;16;1;96;7
84;160;1;22;38
84;125;1;12;15
84;129;1;96;9
84;128;1;12;18
84;25;1;12;7
84;47;1;15;1
84;116;1;96;9
84;39;1;96;5
84;128;1;22;29
84;25;1;22;37
84;39;1;22;47
84;146;1;96;7
84;79;1;96;2
84;113;1;12;4
84;172;1;15;2
84;125;1;96;2
84;128;1;96;9
84;25;1;96;8
84;140;1;96;6
84;105;1;95;3
84;164;1;96;13
84;151;1;96;2
84;40;1;12;12
84;33;1;12;7
84;50;1;96;2
84;105;1;96;3
84;160;1;95;3
84;2;1;95;6
84;8;1;95;5
84;3;1;44;1
84;54;1;95;1
84;116;1;44;3
84;52;1;44;4
84;116;1;95;4
84;141;1;95;5
84;160;1;44;1
84;156;1;95;8
84;104;1;95;1
84;164;1;44;2
84;122;1;44;1
84;98;1;95;8
84;151;1;44;2
84;72;1;12;13
84;47;1;95;4
84;48;1;44;1
84;50;1;95;2
84;90;1;95;5
84;39;1;95;4
84;146;1;44;1
84;79;1;44;2
84;125;1;44;2
84;128;1;44;1
84;4;1;44;1
84;157;1;44;1
84;140;1;12;20
84;173;1;95;4
84;72;1;96;18
84;34;1;95;2
84;7;1;95;7
84;64;1;95;4
84;165;1;95;2
84;2;1;12;15
84;139;1;95;4
84;8;1;12;12
84;48;1;12;10
84;126;1;95;7
84;52;1;13;153
84;50;1;44;1
84;48;1;96;4
84;95;1;95;3
84;47;1;12;15
84;177;1;95;3
84;107;1;95;1
84;156;1;44;1
84;172;1;95;9
84;37;1;95;1
84;68;1;95;9
84;113;1;44;1
84;172;1;30;1
84;46;1;21;1
84;13;1;95;2
84;1;1;22;38
84;72;1;44;2
84;161;1;95;4
84;55;1;44;1
84;51;1;22;86
84;63;1;22;40
84;163;1;22;37
84;19;1;95;6
84;3;1;13;152
84;24;1;30;2
84;123;1;95;5
84;124;1;95;3
84;162;1;27;1
84;22;1;44;3
84;39;1;12;15
84;59;1;44;1
84;40;1;44;2
84;154;1;30;2
84;85;1;95;6
84;33;1;44;1
84;20;1;22;92
84;19;1;96;20
84;58;1;22;53
84;133;1;22;64
84;94;1;95;4
84;156;1;12;13
84;61;1;13;186
84;33;1;15;2
84;61;1;22;50
84;163;1;13;154
84;144;1;95;1
84;91;1;13;81
84;69;1;13;180
84;122;1;13;177
84;91;1;95;4
84;51;1;13;174
84;63;1;13;139
84;92;1;30;1
84;87;1;22;62
84;115;1;95;2
84;7;1;12;29
84;175;1;27;1
84;52;1;95;1
84;165;1;12;15
84;34;1;96;6
84;69;1;22;67
84;16;1;15;2
84;64;1;96;6
84;129;1;15;1
84;3;1;95;3
84;86;1;95;4
84;110;1;22;71
84;11;1;30;1
84;87;1;13;154
84;50;1;12;1
84;105;1;12;6
84;41;1;95;1
84;54;1;96;5
84;14;1;13;181
84;26;1;13;161
84;116;1;30;1
84;42;1;22;65
84;135;1;22;50
84;48;1;15;4
84;43;1;22;32
84;67;1;13;154
84;57;1;13;173
84;130;1;14;1
84;130;1;13;187
84;55;1;95;4
84;175;1;95;1
84;126;1;13;181
84;49;1;22;41
84;138;1;22;62
84;38;1;95;10
84;146;1;15;2
84;104;1;96;3
84;79;1;15;4
84;128;1;15;5
84;25;1;15;2
84;70;1;95;4
84;56;1;13;162
84;103;1;22;40
84;1;1;13;167
84;174;1;13;156
84;134;1;95;3
84;50;1;30;1
84;6;1;95;1
84;113;1;15;2
84;177;1;96;2
84;67;1;22;69
84;57;1;22;31
84;37;1;96;2
84;140;1;30;1
84;29;1;14;1
84;160;1;12;3
84;88;1;95;6
84;101;1;95;6
84;122;1;95;3
84;14;1;22;34
84;26;1;22;41
84;10;1;13;105
84;89;1;13;150
84;126;1;96;3
84;13;1;13;172
84;72;1;15;4
84;13;1;96;4
84;161;1;13;151
84;20;1;13;153
84;44;1;13;121
84;58;1;13;151
84;133;1;13;129
84;10;1;22;50
84;89;1;22;81
84;152;1;95;3
84;161;1;96;4
84;130;1;95;1
84;64;1;80;1
84;55;1;13;130
84;141;1;96;4
84;174;1;95;3
84;173;1;96;5
84;166;1;15;2
84;100;1;13;134
84;95;1;96;1
84;9;1;15;4
84;168;1;15;1
84;136;1;15;1
84;9;1;95;2
84;168;1;95;4
84;172;1;44;2
84;136;1;95;3
84;42;1;13;177
84;29;1;13;148
84;114;1;14;1
84;11;1;14;1
84;135;1;13;153
84;28;1;95;4
84;43;1;13;132
84;116;1;12;11
84;46;1;15;4
84;32;1;15;1
84;145;1;95;2
84;7;1;44;1
84;165;1;44;3
84;24;1;15;1
84;46;1;95;7
84;96;1;15;1
84;162;1;95;5
84;49;1;13;158
84;138;1;13;170
84;24;1;95;3
84;2;1;44;2
84;169;1;15;1
84;30;1;95;2
84;132;1;95;2
84;98;1;96;4
84;4;1;13;156
84;157;1;13;149
84;5;1;95;3
84;90;1;96;9
84;39;1;44;1
84;78;1;95;4
84;65;1;15;3
84;84;1;15;3
84;169;1;95;4
84;103;1;13;153
84;31;1;16;1
84;172;1;12;12
84;96;1;95;3
84;8;1;44;3
84;155;1;95;4
84;166;1;95;6
84;59;1;15;2
84;44;1;12;12
84;31;1;95;2
84;92;1;95;4
84;40;1;15;1
84;73;1;95;4
84;110;1;13;95
84;30;1;15;2
84;166;1;16;1
84;55;1;12;16
84;112;1;15;5
84;22;1;15;6
84;29;1;12;17
84;65;1;95;1
84;3;1;12;16
84;97;1;95;6
84;123;1;96;5
84;84;1;95;6
84;124;1;96;5
84;139;1;96;9
84;154;1;95;1
84;12;1;15;5
84;109;1;15;2
84;5;1;15;7
84;12;1;95;4
84;109;1;95;4
84;91;1;12;7
84;114;1;95;3
84;11;1;95;4
84;114;1;15;1
84;11;1;15;5
84;52;1;12;15
84;122;1;12;15
84;130;1;12;6
84;31;1;15;1
84;92;1;15;7
84;73;1;15;1
84;145;1;15;1
84;141;1;22;48
84;68;1;96;9
84;98;1;22;56
84;4;1;12;15
84;157;1;12;14
84;90;1;22;73
84;68;1;22;53
84;117;1;22;9
84;126;1;22;58
84;174;1;12;11
84;140;1;15;3
84;1;1;12;3
84;173;1;22;102
84;117;1;96;1
84;13;1;22;88
84;164;1;15;4
84;66;1;96;2
84;151;1;15;1
84;95;1;22;41
84;69;1;12;20
84;161;1;22;102
84;138;1;30;1
84;177;1;22;50
84;107;1;22;13
84;37;1;22;88
84;20;1;12;17
84;58;1;12;12
84;133;1;12;14
84;56;1;12;17
84;66;1;22;20
84;51;1;30;1
84;69;1;95;5
84;100;1;12;5
84;173;1;15;2
84;163;1;12;8
84;163;1;95;1
84;42;1;30;1
84;95;1;15;1
84;63;1;21;1
84;51;1;12;13
84;63;1;12;16
84;37;1;15;3
84;51;1;95;4
84;63;1;95;3
84;123;1;22;56
84;19;1;22;122
84;138;1;15;3
84;103;1;15;4
84;49;1;12;8
84;138;1;12;22
84;124;1;22;49
84;103;1;12;28
84;139;1;22;38
84;110;1;12;10
84;107;1;14;1
84;67;1;12;24
84;57;1;12;16
84;67;1;95;3
84;57;1;95;17
84;1;1;95;3
84;61;1;12;11
84;42;1;15;7
84;20;1;95;8
84;58;1;95;3
84;133;1;95;2
84;67;1;15;2
84;57;1;15;9
84;34;1;22;22
84;64;1;22;68
84;14;1;12;19
84;26;1;12;16
84;43;1;15;1
84;54;1;22;34
84;61;1;95;6
84;10;1;12;16
84;89;1;12;19
84;1;1;15;5
84;89;1;44;1
84;104;1;22;26
84;135;1;95;4
84;43;1;95;2
84;89;1;30;1
84;138;1;14;1
84;1;1;14;1
84;13;1;15;4
84;110;1;95;1
84;87;1;95;2
84;161;1;15;1
84;14;1;44;2
84;26;1;44;1
84;98;1;15;1
84;126;1;15;10
84;14;1;95;5
84;145;1;96;8
84;10;1;15;5
84;49;1;95;3
84;138;1;95;5
84;89;1;15;4
84;90;1;15;3
84;103;1;95;1
84;145;1;44;2
84;42;1;95;2
84;14;1;96;4
84;26;1;96;4
84;14;1;15;1
84;26;1;15;3
84;161;1;30;1
84;87;1;15;1
84;10;1;96;7
84;89;1;96;8
84;87;1;44;1
84;9;1;96;4
84;26;1;95;4
84;168;1;96;2
84;42;1;44;1
84;136;1;96;4
84;43;1;44;4
84;10;1;95;2
84;89;1;95;4
84;68;1;14;1
84;61;1;15;1
84;54;1;15;2
84;103;1;21;1
84;69;1;15;4
84;154;1;44;2
84;67;1;96;5
84;57;1;96;5
84;1;1;96;7
84;51;1;15;4
84;58;1;96;8
84;63;1;15;4
84;133;1;96;3
84;34;1;15;2
84;163;1;15;5
84;64;1;15;1
84;139;1;15;4
84;20;1;96;4
84;34;1;44;1
84;12;1;44;1
84;64;1;44;1
84;114;1;44;3
84;11;1;44;2
84;54;1;44;1
84;110;1;15;2
84;65;1;96;9
84;104;1;15;4
84;61;1;96;2
84;138;1;44;2
84;20;1;15;2
84;103;1;44;1
84;58;1;15;7
84;133;1;15;1
84;46;1;96;5
84;67;1;44;2
84;57;1;44;1
84;68;1;15;3
84;32;1;96;8
84;154;1;96;9
84;1;1;44;2
84;117;1;15;2
84;20;1;44;4
84;58;1;44;2
84;66;1;15;7
84;19;1;15;1
84;61;1;44;4
84;51;1;96;6
84;63;1;96;6
84;163;1;96;7
84;141;1;44;1
84;69;1;44;1
84;12;1;96;4
84;42;1;96;3
84;109;1;96;8
84;135;1;96;6
84;114;1;96;4
84;63;1;44;4
84;43;1;96;6
84;11;1;96;6
84;49;1;96;6
84;138;1;96;4
84;103;1;96;10
84;31;1;96;10
84;92;1;96;3
84;73;1;96;15
84;24;1;96;4
84;96;1;96;5
84;110;1;96;2
84;169;1;96;2
84;69;1;96;4
84;87;1;96;2
84;84;1;96;14
84;173;1;30;1
84;30;1;96;6
84;166;1;96;5
84;78;1;96;6
84;90;1;30;1
84;5;1;96;5
84;13;1;44;1
84;31;1;44;1
84;92;1;44;1
84;161;1;44;1
84;124;1;44;2
84;68;1;44;1
84;169;1;44;1
84;19;1;44;3
84;66;1;44;1
84;84;1;44;1
84;30;1;44;2
84;78;1;44;2
84;32;1;44;2
84;24;1;44;1
84;96;1;44;1
84;5;1;44;2
84;166;1;44;1
84;9;1;44;1
84;107;1;44;1
84;37;1;44;2
84;173;1;44;1
