zona;secao;cargo;numero;votos
54;34;1;13;110
54;34;1;14;5
54;34;1;22;55
54;34;1;55;5
54;34;1;70;5
54;34;1;95;6
54;34;1;96;5
54;34;6;95;6
54;34;6;96;2
54;34;6;1055;2
54;34;6;1144;16
54;34;6;1212;1
54;34;6;1234;3
54;34;6;1300;2
54;34;6;1301;6
54;34;6;1313;1
54;34;6;1323;1
54;34;6;1400;1
54;34;6;1515;6
54;34;6;1555;5
54;34;6;2200;1
54;34;6;2211;1
54;34;6;2222;13
54;34;6;2244;22
54;34;6;2288;3
54;34;6;2299;2
54;34;6;2525;1
54;34;6;2555;9
54;34;6;4000;2
54;34;6;4020;27
54;34;6;4040;2
54;34;6;4044;4
54;34;6;4055;1
54;34;6;4077;1
54;34;6;4343;1
54;34;6;4410;1
54;34;6;4422;2
54;34;6;4444;18
54;34;6;4455;2
54;34;6;4490;1
54;34;6;4592;7
54;34;6;5050;2
54;34;6;5511;9
54;34;6;5533;2
54;34;6;5555;2
54;34;6;5588;1
54;34;6;7055;2
54;34;7;13;1
54;34;7;18;3
54;34;7;22;1
54;34;7;23;1
54;34;7;40;3
54;34;7;45;1
54;34;7;95;8
54;34;7;96;4
54;34;7;10222;2
54;34;7;10333;2
54;34;7;10999;6
54;34;7;11100;3
54;34;7;13000;6
54;34;7;13013;2
54;34;7;13123;2
54;34;7;13131;3
54;34;7;13133;6
54;34;7;13222;5
54;34;7;13258;1
54;34;7;13333;4
54;34;7;13444;1
54;34;7;22000;4
54;34;7;22022;5
54;34;7;22190;2
54;34;7;22221;1
54;34;7;22222;2
54;34;7;22888;1
54;34;7;25555;1
54;34;7;33000;1
54;34;7;33123;1
54;34;7;40000;1
54;34;7;40114;1
54;34;7;40123;1
54;34;7;40444;29
54;34;7;40555;2
54;34;7;40600;4
54;34;7;40777;1
54;34;7;40789;2
54;34;7;44111;21
54;34;7;44444;28
54;34;7;45111;6
54;34;7;45190;2
54;34;7;45800;3
54;34;7;50555;2
54;34;7;55333;2
54;34;7;55555;2
54;34;7;55888;1
54;34;5;95;34
54;34;5;96;32
54;34;5;180;71
54;34;5;222;64
54;34;5;400;95
54;34;5;445;86
54;34;3;13;79
54;34;3;14;2
54;34;3;45;103
54;34;3;95;1
54;34;3;96;6
54;35;1;13;170
54;35;1;14;4
54;35;1;22;68
54;35;1;55;3
54;35;1;70;9
54;35;1;95;8
54;35;1;96;6
54;35;6;12;1
54;35;6;13;1
54;35;6;22;1
54;35;6;45;1
54;35;6;95;19
54;35;6;96;7
54;35;6;1000;1
54;35;6;1010;1
54;35;6;1022;1
54;35;6;1055;1
54;35;6;1144;15
54;35;6;1234;13
54;35;6;1301;14
54;35;6;1322;2
54;35;6;1323;12
54;35;6;1333;1
54;35;6;1399;1
54;35;6;1515;26
54;35;6;1555;7
54;35;6;2200;1
54;35;6;2211;1
54;35;6;2222;20
54;35;6;2224;1
54;35;6;2244;9
54;35;6;2252;1
54;35;6;2277;2
54;35;6;2299;4
54;35;6;2518;2
54;35;6;2555;20
54;35;6;4001;1
54;35;6;4020;24
54;35;6;4044;1
54;35;6;4055;1
54;35;6;4077;5
54;35;6;4343;3
54;35;6;4411;1
54;35;6;4422;7
54;35;6;4444;12
54;35;6;4455;7
54;35;6;4555;1
54;35;6;4592;4
54;35;6;5050;2
54;35;6;5511;10
54;35;6;5533;2
54;35;6;7788;1
54;35;7;12;1
54;35;7;13;2
54;35;7;15;1
54;35;7;18;1
54;35;7;22;2
54;35;7;23;2
54;35;7;40;1
54;35;7;44;1
54;35;7;95;17
54;35;7;96;8
54;35;7;10123;1
54;35;7;10222;14
54;35;7;10333;5
54;35;7;10999;4
54;35;7;11888;1
54;35;7;13000;17
54;35;7;13013;3
54;35;7;13123;4
54;35;7;13131;1
54;35;7;13132;1
54;35;7;13133;7
54;35;7;13222;22
54;35;7;13234;4
54;35;7;13333;15
54;35;7;13444;4
54;35;7;13456;2
54;35;7;22022;3
54;35;7;22221;2
54;35;7;22222;5
54;35;7;22522;1
54;35;7;22580;1
54;35;7;22762;1
54;35;7;22777;3
54;35;7;25555;1
54;35;7;33000;2
54;35;7;40100;1
54;35;7;40444;26
54;35;7;40456;1
54;35;7;40500;1
54;35;7;40777;6
54;35;7;40789;2
54;35;7;43640;1
54;35;7;44111;20
54;35;7;44444;16
54;35;7;45111;3
54;35;7;45123;1
54;35;7;45222;1
54;35;7;45411;1
54;35;7;45800;1
54;35;7;50013;1
54;35;7;50555;3
54;35;7;55111;1
54;35;7;55333;21
54;35;7;77888;1
54;35;5;95;42
54;35;5;96;67
54;35;5;180;130
54;35;5;222;71
54;35;5;400;139
54;35;5;445;86
54;35;5;800;1
54;35;3;13;131
54;35;3;45;121
54;35;3;95;5
54;35;3;96;11
54;36;1;13;147
54;36;1;14;3
54;36;1;22;90
54;36;1;55;3
54;36;1;70;5
54;36;1;95;4
54;36;1;96;7
54;36;6;13;1
54;36;6;15;1
54;36;6;25;1
54;36;6;45;1
54;36;6;55;1
54;36;6;95;5
54;36;6;96;1
54;36;6;1010;1
54;36;6;1020;1
54;36;6;1144;7
54;36;6;1234;8
54;36;6;1301;7
54;36;6;1313;1
54;36;6;1322;1
54;36;6;1323;10
54;36;6;1331;1
54;36;6;1515;15
54;36;6;1555;1
54;36;6;2200;1
54;36;6;2222;26
54;36;6;2244;10
54;36;6;2255;1
54;36;6;2299;6
54;36;6;2333;1
54;36;6;2518;1
54;36;6;2555;15
54;36;6;4020;57
54;36;6;4040;3
54;36;6;4044;4
54;36;6;4055;3
54;36;6;4077;1
54;36;6;4343;1
54;36;6;4400;4
54;36;6;4444;21
54;36;6;4445;2
54;36;6;4455;11
54;36;6;4477;1
54;36;6;4490;2
54;36;6;4545;1
54;36;6;4592;6
54;36;6;5050;8
54;36;6;5511;8
54;36;6;5533;1
54;36;7;10;1
54;36;7;12;1
54;36;7;13;1
54;36;7;18;1
54;36;7;22;1
54;36;7;40;4
54;36;7;44;1
54;36;7;95;11
54;36;7;96;3
54;36;7;10123;1
54;36;7;10222;4
54;36;7;10333;2
54;36;7;10999;3
54;36;7;11100;1
54;36;7;13000;13
54;36;7;13013;2
54;36;7;13123;3
54;36;7;13131;6
54;36;7;13133;20
54;36;7;13222;9
54;36;7;13333;7
54;36;7;13444;1
54;36;7;13456;1
54;36;7;13700;1
54;36;7;15555;1
54;36;7;22000;4
54;36;7;22001;1
54;36;7;22022;8
54;36;7;22180;1
54;36;7;22190;1
54;36;7;22221;1
54;36;7;22222;6
54;36;7;33000;3
54;36;7;40111;1
54;36;7;40123;2
54;36;7;40400;1
54;36;7;40444;61
54;36;7;40500;6
54;36;7;40600;3
54;36;7;40777;1
54;36;7;40789;7
54;36;7;44111;6
54;36;7;44444;16
54;36;7;45111;3
54;36;7;45190;1
54;36;7;45222;1
54;36;7;45777;1
54;36;7;45800;3
54;36;7;50013;2
54;36;7;50180;1
54;36;7;50500;1
54;36;7;50555;4
54;36;7;55111;1
54;36;7;55333;12
54;36;7;77888;1
54;36;5;95;26
54;36;5;96;33
54;36;5;180;115
54;36;5;222;91
54;36;5;400;134
54;36;5;445;116
54;36;5;800;3
54;36;3;13;110
54;36;3;14;1
54;36;3;45;140
54;36;3;95;1
54;36;3;96;7
54;37;1;13;192
54;37;1;14;8
54;37;1;22;41
54;37;1;55;2
54;37;1;70;8
54;37;1;95;3
54;37;1;96;15
54;37;6;10;1
54;37;6;12;1
54;37;6;22;1
54;37;6;25;1
54;37;6;45;1
54;37;6;95;20
54;37;6;96;4
54;37;6;1000;2
54;37;6;1022;1
54;37;6;1144;15
54;37;6;1234;10
54;37;6;1244;1
54;37;6;1300;1
54;37;6;1301;9
54;37;6;1313;1
54;37;6;1323;10
54;37;6;1414;1
54;37;6;1515;27
54;37;6;1555;11
54;37;6;2200;1
54;37;6;2222;18
54;37;6;2244;7
54;37;6;2299;4
54;37;6;2555;22
54;37;6;4000;1
54;37;6;4020;34
54;37;6;4040;2
54;37;6;4044;1
54;37;6;4055;1
54;37;6;4077;10
54;37;6;4343;5
54;37;6;4422;3
54;37;6;4444;14
54;37;6;4455;8
54;37;6;4490;1
54;37;6;4511;1
54;37;6;4592;7
54;37;6;5050;4
54;37;6;5511;5
54;37;6;5555;1
54;37;6;7055;1
54;37;7;10;1
54;37;7;13;1
54;37;7;18;1
54;37;7;40;5
54;37;7;44;1
54;37;7;95;22
54;37;7;96;9
54;37;7;10222;9
54;37;7;10333;8
54;37;7;10999;2
54;37;7;11888;1
54;37;7;13000;17
54;37;7;13111;2
54;37;7;13123;4
54;37;7;13132;1
54;37;7;13133;7
54;37;7;13222;26
54;37;7;13234;3
54;37;7;13333;11
54;37;7;13444;1
54;37;7;22022;2
54;37;7;22222;6
54;37;7;22223;1
54;37;7;22522;2
54;37;7;22580;1
54;37;7;22762;1
54;37;7;22777;1
54;37;7;25555;3
54;37;7;33000;2
54;37;7;40444;36
54;37;7;40456;2
54;37;7;40500;1
54;37;7;40777;9
54;37;7;40789;4
54;37;7;44111;16
54;37;7;44444;21
54;37;7;45090;1
54;37;7;45111;4
54;37;7;45190;1
54;37;7;45777;1
54;37;7;50555;3
54;37;7;55333;17
54;37;7;55555;2
54;37;5;95;73
54;37;5;96;54
54;37;5;162;1
54;37;5;180;133
54;37;5;222;57
54;37;5;400;151
54;37;5;445;69
54;37;3;13;138
54;37;3;14;1
54;37;3;29;1
54;37;3;45;103
54;37;3;95;9
54;37;3;96;17
54;38;1;13;111
54;38;1;14;4
54;38;1;22;57
54;38;1;55;6
54;38;1;70;8
54;38;1;95;3
54;38;1;96;4
54;38;6;11;1
54;38;6;13;2
54;38;6;20;1
54;38;6;40;3
54;38;6;95;9
54;38;6;96;5
54;38;6;1010;3
54;38;6;1055;2
54;38;6;1111;1
54;38;6;1144;12
54;38;6;1234;4
54;38;6;1301;3
54;38;6;1313;1
54;38;6;1314;1
54;38;6;1322;1
54;38;6;1323;4
54;38;6;1331;1
54;38;6;1515;15
54;38;6;1555;9
54;38;6;2026;2
54;38;6;2200;2
54;38;6;2211;1
54;38;6;2222;13
54;38;6;2244;9
54;38;6;2299;2
54;38;6;2518;2
54;38;6;2555;11
54;38;6;4020;22
54;38;6;4040;4
54;38;6;4044;2
54;38;6;4077;1
54;38;6;4343;3
54;38;6;4411;1
54;38;6;4422;1
54;38;6;4444;14
54;38;6;4445;1
54;38;6;4455;4
54;38;6;4511;1
54;38;6;4592;2
54;38;6;5050;3
54;38;6;5511;8
54;38;6;5555;2
54;38;6;7055;1
54;38;6;7711;1
54;38;6;7744;2
54;38;7;11;1
54;38;7;12;2
54;38;7;13;1
54;38;7;18;1
54;38;7;22;1
54;38;7;44;1
54;38;7;95;14
54;38;7;96;4
54;38;7;10123;3
54;38;7;10222;3
54;38;7;10333;4
54;38;7;10999;4
54;38;7;13000;3
54;38;7;13013;1
54;38;7;13111;1
54;38;7;13123;2
54;38;7;13131;1
54;38;7;13133;8
54;38;7;13222;7
54;38;7;13333;7
54;38;7;13444;1
54;38;7;13777;1
54;38;7;15333;2
54;38;7;22000;2
54;38;7;22022;8
54;38;7;22180;2
54;38;7;22190;1
54;38;7;22222;3
54;38;7;22223;2
54;38;7;22555;1
54;38;7;22762;1
54;38;7;33000;2
54;38;7;33123;1
54;38;7;40100;3
54;38;7;40444;31
54;38;7;40456;1
54;38;7;40600;1
54;38;7;40777;2
54;38;7;40789;5
54;38;7;40888;1
54;38;7;40999;1
54;38;7;44111;17
54;38;7;44444;14
54;38;7;45000;2
54;38;7;45111;1
54;38;7;45777;1
54;38;7;45800;1
54;38;7;50555;5
54;38;7;55111;1
54;38;7;55333;8
54;38;7;55555;2
54;38;5;95;35
54;38;5;96;33
54;38;5;180;80
54;38;5;222;59
54;38;5;400;101
54;38;5;445;77
54;38;5;800;1
54;38;3;13;70
54;38;3;45;110
54;38;3;95;4
54;38;3;96;9
54;39;1;13;147
54;39;1;14;3
54;39;1;22;76
54;39;1;55;4
54;39;1;70;4
54;39;1;95;6
54;39;1;96;5
54;39;6;11;1
54;39;6;12;2
54;39;6;13;2
54;39;6;22;1
54;39;6;25;1
54;39;6;40;1
54;39;6;95;11
54;39;6;96;5
54;39;6;1010;3
54;39;6;1022;1
54;39;6;1055;2
54;39;6;1111;1
54;39;6;1144;12
54;39;6;1234;7
54;39;6;1301;8
54;39;6;1323;6
54;39;6;1331;1
54;39;6;1515;23
54;39;6;1555;9
54;39;6;1812;1
54;39;6;2040;1
54;39;6;2200;1
54;39;6;2211;3
54;39;6;2222;11
54;39;6;2244;27
54;39;6;2255;2
54;39;6;2299;2
54;39;6;2333;1
54;39;6;2518;1
54;39;6;2525;1
54;39;6;2555;15
54;39;6;4020;32
54;39;6;4040;2
54;39;6;4044;4
54;39;6;4055;3
54;39;6;4343;3
54;39;6;4444;9
54;39;6;4455;6
54;39;6;4488;1
54;39;6;4592;4
54;39;6;5050;3
54;39;6;5511;9
54;39;6;5555;4
54;39;6;5588;1
54;39;6;6565;1
54;39;7;12;1
54;39;7;13;1
54;39;7;15;1
54;39;7;22;3
54;39;7;40;1
54;39;7;44;4
54;39;7;95;15
54;39;7;96;5
54;39;7;10000;1
54;39;7;10123;3
54;39;7;10222;8
54;39;7;10333;5
54;39;7;10999;8
54;39;7;11100;1
54;39;7;11111;1
54;39;7;13000;14
54;39;7;13013;2
54;39;7;13123;3
54;39;7;13131;3
54;39;7;13133;12
54;39;7;13222;12
54;39;7;13234;1
54;39;7;13258;1
54;39;7;13333;9
54;39;7;13700;2
54;39;7;13777;1
54;39;7;13789;1
54;39;7;13888;1
54;39;7;15555;1
54;39;7;22000;2
54;39;7;22022;3
54;39;7;22221;1
54;39;7;22222;2
54;39;7;22223;2
54;39;7;22777;2
54;39;7;22888;1
54;39;7;33000;4
54;39;7;40123;2
54;39;7;40444;30
54;39;7;40456;1
54;39;7;40600;4
54;39;7;40700;2
54;39;7;40789;2
54;39;7;44111;13
54;39;7;44444;20
54;39;7;44456;1
54;39;7;45000;1
54;39;7;45111;2
54;39;7;45190;1
54;39;7;45777;1
54;39;7;45800;3
54;39;7;45888;1
54;39;7;50050;1
54;39;7;50180;1
54;39;7;50555;2
54;39;7;55333;17
54;39;7;55555;2
54;39;5;95;52
54;39;5;96;28
54;39;5;180;100
54;39;5;222;76
54;39;5;400;124
54;39;5;445;105
54;39;5;800;5
54;39;3;13;99
54;39;3;30;1
54;39;3;45;128
54;39;3;95;13
54;39;3;96;4
54;40;1;13;134
54;40;1;14;4
54;40;1;16;1
54;40;1;22;70
54;40;1;55;1
54;40;1;70;7
54;40;1;95;7
54;40;1;96;8
54;40;6;22;2
54;40;6;40;2
54;40;6;77;1
54;40;6;95;8
54;40;6;96;4
54;40;6;1010;1
54;40;6;1055;3
54;40;6;1144;14
54;40;6;1234;9
54;40;6;1301;4
54;40;6;1313;1
54;40;6;1323;6
54;40;6;1331;1
54;40;6;1399;1
54;40;6;1515;29
54;40;6;1555;11
54;40;6;2200;1
54;40;6;2222;16
54;40;6;2244;14
54;40;6;2252;2
54;40;6;2277;2
54;40;6;2299;5
54;40;6;2518;2
54;40;6;2525;1
54;40;6;2555;16
54;40;6;4000;1
54;40;6;4020;29
54;40;6;4040;3
54;40;6;4044;1
54;40;6;4055;1
54;40;6;4077;4
54;40;6;4343;4
54;40;6;4444;12
54;40;6;4445;2
54;40;6;4455;6
54;40;6;4592;2
54;40;6;5050;2
54;40;6;5511;6
54;40;6;5588;1
54;40;6;7711;1
54;40;6;8080;1
54;40;7;11;2
54;40;7;13;1
54;40;7;16;1
54;40;7;22;1
54;40;7;40;3
54;40;7;44;1
54;40;7;45;1
54;40;7;55;1
54;40;7;95;12
54;40;7;96;3
54;40;7;10123;1
54;40;7;10222;6
54;40;7;10333;4
54;40;7;10999;6
54;40;7;13000;13
54;40;7;13013;1
54;40;7;13123;1
54;40;7;13131;4
54;40;7;13133;12
54;40;7;13180;1
54;40;7;13222;13
54;40;7;13234;2
54;40;7;13333;4
54;40;7;15333;1
54;40;7;22022;7
54;40;7;22180;1
54;40;7;22222;8
54;40;7;22777;2
54;40;7;33000;2
54;40;7;40111;1
54;40;7;40114;1
54;40;7;40123;1
54;40;7;40444;35
54;40;7;40600;4
54;40;7;40700;1
54;40;7;40777;5
54;40;7;40789;6
54;40;7;44111;16
54;40;7;44444;13
54;40;7;45000;2
54;40;7;45123;1
54;40;7;45190;1
54;40;7;45456;1
54;40;7;45777;4
54;40;7;45800;1
54;40;7;50555;6
54;40;7;55024;1
54;40;7;55333;13
54;40;7;55888;1
54;40;7;65013;1
54;40;7;77123;1
54;40;7;77192;1
54;40;5;95;39
54;40;5;96;36
54;40;5;162;1
54;40;5;180;98
54;40;5;222;70
54;40;5;400;124
54;40;5;445;92
54;40;5;800;4
54;40;3;13;85
54;40;3;45;132
54;40;3;95;8
54;40;3;96;7
54;42;1;13;193
54;42;1;14;13
54;42;1;22;73
54;42;1;55;6
54;42;1;70;11
54;42;1;95;6
54;42;1;96;9
54;42;6;11;1
54;42;6;12;1
54;42;6;15;1
54;42;6;40;1
54;42;6;45;1
54;42;6;95;14
54;42;6;96;10
54;42;6;1010;4
54;42;6;1055;3
54;42;6;1144;13
54;42;6;1234;1
54;42;6;1301;4
54;42;6;1315;1
54;42;6;1323;11
54;42;6;1400;1
54;42;6;1515;19
54;42;6;1555;9
54;42;6;2200;1
54;42;6;2222;17
54;42;6;2244;15
54;42;6;2252;1
54;42;6;2277;1
54;42;6;2288;1
54;42;6;2299;5
54;42;6;2518;3
54;42;6;2525;1
54;42;6;2555;13
54;42;6;4001;2
54;42;6;4020;60
54;42;6;4040;3
54;42;6;4044;4
54;42;6;4055;1
54;42;6;4077;4
54;42;6;4343;10
54;42;6;4422;2
54;42;6;4444;26
54;42;6;4445;1
54;42;6;4455;5
54;42;6;4555;4
54;42;6;4592;9
54;42;6;5050;6
54;42;6;5077;5
54;42;6;5511;11
54;42;6;5533;1
54;42;6;5555;2
54;42;6;6565;1
54;42;6;7711;1
54;42;7;13;1
54;42;7;15;2
54;42;7;22;1
54;42;7;23;1
54;42;7;40;4
54;42;7;44;1
54;42;7;95;14
54;42;7;96;8
54;42;7;10000;1
54;42;7;10123;4
54;42;7;10222;1
54;42;7;10333;4
54;42;7;10999;8
54;42;7;11222;1
54;42;7;11888;1
54;42;7;13000;15
54;42;7;13013;1
54;42;7;13111;4
54;42;7;13113;1
54;42;7;13123;2
54;42;7;13131;2
54;42;7;13133;12
54;42;7;13222;9
54;42;7;13333;9
54;42;7;13444;2
54;42;7;13700;4
54;42;7;13777;1
54;42;7;22022;2
54;42;7;22221;3
54;42;7;22222;4
54;42;7;22223;2
54;42;7;22522;1
54;42;7;22555;1
54;42;7;22580;3
54;42;7;22777;2
54;42;7;22822;1
54;42;7;25555;1
54;42;7;33000;4
54;42;7;40444;65
54;42;7;40456;5
54;42;7;40500;1
54;42;7;40700;1
54;42;7;40777;2
54;42;7;40789;7
54;42;7;44111;22
54;42;7;44444;25
54;42;7;44456;2
54;42;7;45111;5
54;42;7;45190;1
54;42;7;45456;1
54;42;7;45777;1
54;42;7;45800;1
54;42;7;50013;1
54;42;7;50500;1
54;42;7;50555;10
54;42;7;55024;1
54;42;7;55111;1
54;42;7;55333;18
54;42;7;55777;1
54;42;7;55888;1
54;42;5;95;46
54;42;5;96;61
54;42;5;180;146
54;42;5;222;83
54;42;5;300;1
54;42;5;400;163
54;42;5;445;116
54;42;5;800;6
54;42;3;13;138
54;42;3;16;1
54;42;3;45;151
54;42;3;95;7
54;42;3;96;14
54;43;1;13;120
54;43;1;14;7
54;43;1;22;49
54;43;1;55;2
54;43;1;70;4
54;43;1;95;2
54;43;1;96;6
54;43;6;10;1
54;43;6;12;1
54;43;6;13;1
54;43;6;50;1
54;43;6;95;5
54;43;6;96;2
54;43;6;1010;1
54;43;6;1144;7
54;43;6;1212;1
54;43;6;1234;4
54;43;6;1255;1
54;43;6;1300;1
54;43;6;1301;4
54;43;6;1323;4
54;43;6;1331;1
54;43;6;1400;1
54;43;6;1414;2
54;43;6;1515;20
54;43;6;1555;7
54;43;6;2200;2
54;43;6;2222;10
54;43;6;2244;6
54;43;6;2288;2
54;43;6;2299;3
54;43;6;2518;5
54;43;6;2555;10
54;43;6;2580;1
54;43;6;4001;1
54;43;6;4020;37
54;43;6;4044;5
54;43;6;4077;2
54;43;6;4343;2
54;43;6;4444;12
54;43;6;4445;2
54;43;6;4455;4
54;43;6;4488;1
54;43;6;4511;1
54;43;6;4592;4
54;43;6;5050;3
54;43;6;5511;5
54;43;6;5555;2
54;43;6;7711;4
54;43;6;7788;1
54;43;7;10;1
54;43;7;13;1
54;43;7;18;1
54;43;7;33;1
54;43;7;40;2
54;43;7;44;1
54;43;7;55;1
54;43;7;95;5
54;43;7;96;3
54;43;7;10000;3
54;43;7;10123;1
54;43;7;10222;6
54;43;7;10333;4
54;43;7;10999;5
54;43;7;13000;8
54;43;7;13111;4
54;43;7;13123;4
54;43;7;13133;7
54;43;7;13222;4
54;43;7;13234;1
54;43;7;13333;8
54;43;7;13700;1
54;43;7;22022;2
54;43;7;22180;1
54;43;7;22221;1
54;43;7;22222;3
54;43;7;33000;1
54;43;7;40123;1
54;43;7;40444;37
54;43;7;40456;1
54;43;7;40500;1
54;43;7;40600;1
54;43;7;40789;3
54;43;7;44111;14
54;43;7;44444;15
54;43;7;44456;4
54;43;7;45111;5
54;43;7;45456;1
54;43;7;45777;2
54;43;7;45800;1
54;43;7;50500;1
54;43;7;50555;4
54;43;7;55024;1
54;43;7;55111;1
54;43;7;55333;14
54;43;7;55555;1
54;43;7;77888;2
54;43;5;95;37
54;43;5;96;28
54;43;5;180;83
54;43;5;222;56
54;43;5;300;2
54;43;5;400;94
54;43;5;445;79
54;43;5;800;1
54;43;3;13;83
54;43;3;14;1
54;43;3;45;100
54;43;3;95;3
54;43;3;96;3
54;47;1;13;96
54;47;1;14;5
54;47;1;22;57
54;47;1;55;3
54;47;1;70;6
54;47;1;95;4
54;47;1;96;2
54;47;6;11;1
54;47;6;12;1
54;47;6;13;2
54;47;6;95;3
54;47;6;96;4
54;47;6;1055;2
54;47;6;1144;12
54;47;6;1301;2
54;47;6;1311;1
54;47;6;1314;3
54;47;6;1323;1
54;47;6;1331;3
54;47;6;1515;14
54;47;6;1555;9
54;47;6;2026;1
54;47;6;2200;1
54;47;6;2211;3
54;47;6;2222;11
54;47;6;2244;12
54;47;6;2252;1
54;47;6;2277;2
54;47;6;2555;4
54;47;6;4000;3
54;47;6;4020;31
54;47;6;4040;3
54;47;6;4044;2
54;47;6;4077;2
54;47;6;4422;2
54;47;6;4433;1
54;47;6;4444;8
54;47;6;4445;1
54;47;6;4455;4
54;47;6;4490;2
54;47;6;4592;4
54;47;6;5050;8
54;47;6;5077;1
54;47;6;5511;5
54;47;6;5588;3
54;47;7;18;1
54;47;7;40;2
54;47;7;44;2
54;47;7;95;6
54;47;7;96;6
54;47;7;10888;1
54;47;7;10999;3
54;47;7;13000;6
54;47;7;13013;4
54;47;7;13123;1
54;47;7;13131;1
54;47;7;13133;9
54;47;7;13222;6
54;47;7;13333;2
54;47;7;13444;1
54;47;7;13700;1
54;47;7;15222;2
54;47;7;22000;2
54;47;7;22022;5
54;47;7;22190;2
54;47;7;22221;1
54;47;7;22222;1
54;47;7;22777;2
54;47;7;40100;1
54;47;7;40123;2
54;47;7;40444;42
54;47;7;40456;1
54;47;7;40600;2
54;47;7;40700;1
54;47;7;40777;2
54;47;7;40789;2
54;47;7;40900;1
54;47;7;44111;17
54;47;7;44444;8
54;47;7;45000;3
54;47;7;45111;2
54;47;7;45190;1
54;47;7;45800;2
54;47;7;50555;6
54;47;7;55333;11
54;47;7;55888;1
54;47;7;77888;1
54;47;5;95;16
54;47;5;96;21
54;47;5;180;78
54;47;5;222;61
54;47;5;400;89
54;47;5;445;78
54;47;5;800;3
54;47;3;13;68
54;47;3;45;97
54;47;3;95;4
54;47;3;96;4
54;49;1;13;144
54;49;1;14;3
54;49;1;22;44
54;49;1;55;3
54;49;1;70;6
54;49;1;95;7
54;49;1;96;4
54;49;6;23;1
54;49;6;44;1
54;49;6;95;13
54;49;6;96;5
54;49;6;1010;1
54;49;6;1144;9
54;49;6;1234;5
54;49;6;1301;5
54;49;6;1313;1
54;49;6;1323;5
54;49;6;1331;1
54;49;6;1333;1
54;49;6;1400;1
54;49;6;1414;1
54;49;6;1501;1
54;49;6;1515;15
54;49;6;1520;1
54;49;6;1555;6
54;49;6;2040;1
54;49;6;2211;2
54;49;6;2222;8
54;49;6;2244;11
54;49;6;2277;1
54;49;6;2299;2
54;49;6;2555;19
54;49;6;4000;1
54;49;6;4001;2
54;49;6;4020;36
54;49;6;4040;1
54;49;6;4044;7
54;49;6;4055;3
54;49;6;4077;3
54;49;6;4343;3
54;49;6;4422;1
54;49;6;4444;7
54;49;6;4455;4
54;49;6;4511;1
54;49;6;4512;1
54;49;6;4522;1
54;49;6;4592;3
54;49;6;5050;2
54;49;6;5511;9
54;49;6;5522;1
54;49;6;5555;3
54;49;6;7700;1
54;49;6;7711;2
54;49;6;7744;2
54;49;7;13;2
54;49;7;18;2
54;49;7;22;4
54;49;7;44;2
54;49;7;45;1
54;49;7;95;13
54;49;7;96;2
54;49;7;10123;1
54;49;7;10222;10
54;49;7;10333;8
54;49;7;10999;1
54;49;7;12345;1
54;49;7;13000;10
54;49;7;13013;1
54;49;7;13111;2
54;49;7;13123;2
54;49;7;13131;3
54;49;7;13133;7
54;49;7;13222;20
54;49;7;13333;14
54;49;7;13444;1
54;49;7;13700;1
54;49;7;13777;1
54;49;7;22022;3
54;49;7;22222;1
54;49;7;22762;1
54;49;7;22777;1
54;49;7;33000;3
54;49;7;40444;38
54;49;7;40456;2
54;49;7;40600;1
54;49;7;40700;1
54;49;7;40777;3
54;49;7;40789;5
54;49;7;44111;6
54;49;7;44444;7
54;49;7;45111;3
54;49;7;45123;2
54;49;7;45411;1
54;49;7;45456;1
54;49;7;45800;1
54;49;7;50555;4
54;49;7;55000;1
54;49;7;55111;2
54;49;7;55333;11
54;49;7;55555;3
54;49;7;77888;1
54;49;5;95;43
54;49;5;96;31
54;49;5;180;106
54;49;5;222;55
54;49;5;300;1
54;49;5;400;122
54;49;5;445;64
54;49;3;13;100
54;49;3;14;1
54;49;3;45;97
54;49;3;95;11
54;49;3;96;2
54;50;1;13;140
54;50;1;14;3
54;50;1;22;48
54;50;1;30;2
54;50;1;55;3
54;50;1;70;3
54;50;1;95;5
54;50;1;96;9
54;50;6;10;2
54;50;6;13;1
54;50;6;22;1
54;50;6;44;1
54;50;6;45;1
54;50;6;55;1
54;50;6;95;7
54;50;6;96;5
54;50;6;1010;1
54;50;6;1022;1
54;50;6;1144;12
54;50;6;1234;8
54;50;6;1301;5
54;50;6;1313;1
54;50;6;1323;10
54;50;6;1515;19
54;50;6;1555;7
54;50;6;1800;1
54;50;6;2222;11
54;50;6;2244;10
54;50;6;2277;1
54;50;6;2288;1
54;50;6;2299;3
54;50;6;2518;2
54;50;6;2555;13
54;50;6;4020;32
54;50;6;4040;3
54;50;6;4044;2
54;50;6;4055;1
54;50;6;4077;4
54;50;6;4343;2
54;50;6;4411;2
54;50;6;4422;1
54;50;6;4444;12
54;50;6;4445;3
54;50;6;4455;8
54;50;6;4511;1
54;50;6;4592;4
54;50;6;5000;1
54;50;6;5050;3
54;50;6;5511;4
54;50;6;5522;1
54;50;6;5533;2
54;50;6;5555;1
54;50;6;7744;1
54;50;7;11;1
54;50;7;12;1
54;50;7;13;2
54;50;7;15;1
54;50;7;22;1
54;50;7;25;1
54;50;7;40;3
54;50;7;44;2
54;50;7;45;2
54;50;7;55;1
54;50;7;95;11
54;50;7;96;4
54;50;7;10123;2
54;50;7;10222;4
54;50;7;10333;5
54;50;7;10999;4
54;50;7;13000;14
54;50;7;13013;1
54;50;7;13123;6
54;50;7;13133;5
54;50;7;13222;15
54;50;7;13333;9
54;50;7;13444;2
54;50;7;13700;1
54;50;7;13777;2
54;50;7;22022;4
54;50;7;22180;1
54;50;7;22221;2
54;50;7;22222;4
54;50;7;22223;1
54;50;7;22762;1
54;50;7;22777;1
54;50;7;25555;1
54;50;7;33000;2
54;50;7;40444;44
54;50;7;40600;3
54;50;7;40777;2
54;50;7;40789;2
54;50;7;44111;10
54;50;7;44444;9
54;50;7;45111;2
54;50;7;45777;2
54;50;7;50013;2
54;50;7;50555;4
54;50;7;55111;2
54;50;7;55333;11
54;50;7;55555;2
54;50;7;77888;1
54;50;5;95;37
54;50;5;96;43
54;50;5;180;107
54;50;5;222;58
54;50;5;300;1
54;50;5;400;115
54;50;5;445;65
54;50;3;13;99
54;50;3;14;1
54;50;3;45;89
54;50;3;95;9
54;50;3;96;15
54;51;1;13;152
54;51;1;14;2
54;51;1;22;39
54;51;1;55;2
54;51;1;70;11
54;51;1;95;3
54;51;1;96;9
54;51;6;13;3
54;51;6;20;1
54;51;6;40;3
54;51;6;45;1
54;51;6;55;1
54;51;6;95;9
54;51;6;96;4
54;51;6;1010;1
54;51;6;1111;1
54;51;6;1144;12
54;51;6;1234;14
54;51;6;1301;8
54;51;6;1323;6
54;51;6;1331;1
54;51;6;1333;1
54;51;6;1399;1
54;51;6;1515;19
54;51;6;1555;8
54;51;6;2200;1
54;51;6;2222;7
54;51;6;2244;10
54;51;6;2299;3
54;51;6;2333;1
54;51;6;2518;1
54;51;6;2555;11
54;51;6;2589;1
54;51;6;4020;34
54;51;6;4044;1
54;51;6;4077;4
54;51;6;4343;6
54;51;6;4422;2
54;51;6;4444;12
54;51;6;4445;1
54;51;6;4455;9
54;51;6;4511;1
54;51;6;4592;1
54;51;6;5050;1
54;51;6;5055;1
54;51;6;5511;12
54;51;6;5555;2
54;51;6;7711;1
54;51;6;7788;1
54;51;7;10;1
54;51;7;13;6
54;51;7;15;1
54;51;7;18;2
54;51;7;22;1
54;51;7;40;6
54;51;7;44;4
54;51;7;45;1
54;51;7;95;11
54;51;7;96;2
54;51;7;10123;2
54;51;7;10222;12
54;51;7;10333;5
54;51;7;10999;3
54;51;7;11111;1
54;51;7;11888;1
54;51;7;13000;14
54;51;7;13013;1
54;51;7;13111;1
54;51;7;13123;2
54;51;7;13131;2
54;51;7;13133;8
54;51;7;13222;13
54;51;7;13333;12
54;51;7;13444;4
54;51;7;22022;1
54;51;7;22221;1
54;51;7;22222;2
54;51;7;22522;2
54;51;7;22580;1
54;51;7;33000;3
54;51;7;40123;1
54;51;7;40200;1
54;51;7;40222;1
54;51;7;40444;28
54;51;7;40456;3
54;51;7;40600;1
54;51;7;40777;3
54;51;7;40789;1
54;51;7;40999;1
54;51;7;44111;10
54;51;7;44444;13
54;51;7;45111;4
54;51;7;45411;1
54;51;7;45777;1
54;51;7;45800;2
54;51;7;50013;1
54;51;7;50555;4
54;51;7;55111;1
54;51;7;55333;9
54;51;7;55555;4
54;51;7;55888;1
54;51;7;77888;1
54;51;5;95;50
54;51;5;96;46
54;51;5;180;110
54;51;5;222;48
54;51;5;400;123
54;51;5;445;57
54;51;5;800;2
54;51;3;13;106
54;51;3;45;95
54;51;3;95;6
54;51;3;96;11
54;52;1;13;142
54;52;1;14;7
54;52;1;22;70
54;52;1;27;1
54;52;1;55;4
54;52;1;70;7
54;52;1;95;7
54;52;1;96;5
54;52;6;20;1
54;52;6;44;1
54;52;6;45;1
54;52;6;55;1
54;52;6;95;14
54;52;6;96;1
54;52;6;1010;2
54;52;6;1055;2
54;52;6;1144;8
54;52;6;1234;5
54;52;6;1300;1
54;52;6;1301;4
54;52;6;1322;1
54;52;6;1323;7
54;52;6;1331;3
54;52;6;1333;1
54;52;6;1370;1
54;52;6;1400;1
54;52;6;1515;14
54;52;6;1555;15
54;52;6;2200;2
54;52;6;2222;25
54;52;6;2244;5
54;52;6;2277;5
54;52;6;2288;1
54;52;6;2299;11
54;52;6;2555;16
54;52;6;4000;1
54;52;6;4020;34
54;52;6;4040;7
54;52;6;4044;2
54;52;6;4055;1
54;52;6;4077;1
54;52;6;4343;2
54;52;6;4400;1
54;52;6;4422;5
54;52;6;4444;13
54;52;6;4445;1
54;52;6;4455;7
54;52;6;4592;2
54;52;6;5050;5
54;52;6;5511;7
54;52;6;5555;2
54;52;6;7711;1
54;52;6;7788;2
54;52;7;12;1
54;52;7;18;1
54;52;7;22;1
54;52;7;25;1
54;52;7;40;8
54;52;7;44;5
54;52;7;95;13
54;52;7;96;4
54;52;7;10123;2
54;52;7;10222;3
54;52;7;10333;5
54;52;7;10999;1
54;52;7;11111;1
54;52;7;13000;13
54;52;7;13013;2
54;52;7;13131;1
54;52;7;13132;1
54;52;7;13133;9
54;52;7;13222;5
54;52;7;13234;2
54;52;7;13333;10
54;52;7;13444;3
54;52;7;13456;2
54;52;7;15555;1
54;52;7;22000;1
54;52;7;22022;6
54;52;7;22190;1
54;52;7;22221;1
54;52;7;22222;7
54;52;7;22223;3
54;52;7;22777;8
54;52;7;22888;1
54;52;7;33000;2
54;52;7;40444;37
54;52;7;40600;4
54;52;7;40777;1
54;52;7;40789;2
54;52;7;40999;1
54;52;7;44111;29
54;52;7;44444;17
54;52;7;45111;1
54;52;7;45190;1
54;52;7;45777;2
54;52;7;50013;1
54;52;7;50180;1
54;52;7;50555;7
54;52;7;55333;11
54;52;7;55555;1
54;52;7;65123;1
54;52;7;77123;1
54;52;5;95;46
54;52;5;96;37
54;52;5;162;1
54;52;5;180;108
54;52;5;222;77
54;52;5;400;120
54;52;5;445;95
54;52;5;800;2
54;52;3;13;101
54;52;3;14;1
54;52;3;30;1
54;52;3;45;126
54;52;3;95;6
54;52;3;96;8
54;53;1;13;134
54;53;1;14;10
54;53;1;22;71
54;53;1;55;2
54;53;1;70;8
54;53;1;95;3
54;53;1;96;6
54;53;6;45;2
54;53;6;95;13
54;53;6;96;3
54;53;6;1055;1
54;53;6;1111;2
54;53;6;1144;9
54;53;6;1234;6
54;53;6;1245;1
54;53;6;1300;1
54;53;6;1301;5
54;53;6;1313;2
54;53;6;1322;1
54;53;6;1323;8
54;53;6;1399;1
54;53;6;1414;2
54;53;6;1515;11
54;53;6;1555;5
54;53;6;2200;3
54;53;6;2222;14
54;53;6;2233;1
54;53;6;2244;3
54;53;6;2277;5
54;53;6;2288;1
54;53;6;2299;18
54;53;6;2333;1
54;53;6;2518;3
54;53;6;2525;1
54;53;6;2555;14
54;53;6;4020;27
54;53;6;4040;2
54;53;6;4044;3
54;53;6;4343;1
54;53;6;4411;1
54;53;6;4422;2
54;53;6;4444;14
54;53;6;4455;17
54;53;6;4555;1
54;53;6;4592;2
54;53;6;5000;1
54;53;6;5050;10
54;53;6;5077;1
54;53;6;5511;12
54;53;6;5533;1
54;53;6;6565;1
54;53;6;7788;1
54;53;7;15;1
54;53;7;18;1
54;53;7;40;2
54;53;7;45;1
54;53;7;65;1
54;53;7;77;1
54;53;7;95;10
54;53;7;96;4
54;53;7;10222;7
54;53;7;10333;7
54;53;7;10999;2
54;53;7;11111;2
54;53;7;12345;1
54;53;7;13000;10
54;53;7;13013;3
54;53;7;13113;1
54;53;7;13123;4
54;53;7;13131;1
54;53;7;13133;11
54;53;7;13180;1
54;53;7;13222;10
54;53;7;13333;7
54;53;7;13444;5
54;53;7;15333;1
54;53;7;22022;5
54;53;7;22190;2
54;53;7;22221;2
54;53;7;22222;4
54;53;7;22223;1
54;53;7;22580;1
54;53;7;22777;8
54;53;7;33000;1
54;53;7;40444;39
54;53;7;40500;1
54;53;7;40600;6
54;53;7;40789;3
54;53;7;40888;1
54;53;7;40999;1
54;53;7;44111;19
54;53;7;44444;14
54;53;7;45000;1
54;53;7;45111;1
54;53;7;45123;1
54;53;7;45190;1
54;53;7;45777;1
54;53;7;45800;2
54;53;7;45888;1
54;53;7;50013;1
54;53;7;50500;1
54;53;7;50555;7
54;53;7;55111;2
54;53;7;55333;12
54;53;7;77888;1
54;53;5;95;47
54;53;5;96;33
54;53;5;180;103
54;53;5;222;73
54;53;5;300;1
54;53;5;400;115
54;53;5;445;91
54;53;5;800;5
54;53;3;13;90
54;53;3;45;133
54;53;3;95;6
54;53;3;96;5
54;54;1;13;143
54;54;1;14;6
54;54;1;22;58
54;54;1;55;4
54;54;1;70;10
54;54;1;95;4
54;54;1;96;4
54;54;6;11;1
54;54;6;13;1
54;54;6;14;1
54;54;6;44;2
54;54;6;95;8
54;54;6;96;4
54;54;6;1010;1
54;54;6;1144;8
54;54;6;1234;8
54;54;6;1300;1
54;54;6;1301;5
54;54;6;1311;1
54;54;6;1323;8
54;54;6;1515;18
54;54;6;1555;7
54;54;6;2200;1
54;54;6;2222;18
54;54;6;2244;5
54;54;6;2277;6
54;54;6;2299;10
54;54;6;2518;2
54;54;6;2555;27
54;54;6;4020;27
54;54;6;4040;3
54;54;6;4044;2
54;54;6;4077;2
54;54;6;4343;4
54;54;6;4411;1
54;54;6;4422;3
54;54;6;4444;8
54;54;6;4445;2
54;54;6;4455;4
54;54;6;4488;1
54;54;6;4490;3
54;54;6;4500;1
54;54;6;4511;1
54;54;6;4555;1
54;54;6;4592;4
54;54;6;5050;7
54;54;6;5077;2
54;54;6;5511;6
54;54;6;5555;2
54;54;6;7000;1
54;54;6;7711;1
54;54;7;11;1
54;54;7;15;1
54;54;7;18;3
54;54;7;22;3
54;54;7;23;1
54;54;7;40;5
54;54;7;45;1
54;54;7;95;13
54;54;7;96;4
54;54;7;10123;2
54;54;7;10222;5
54;54;7;10333;6
54;54;7;10999;3
54;54;7;13000;8
54;54;7;13013;2
54;54;7;13123;4
54;54;7;13132;2
54;54;7;13133;5
54;54;7;13222;12
54;54;7;13234;1
54;54;7;13333;10
54;54;7;13888;1
54;54;7;22022;4
54;54;7;22180;2
54;54;7;22221;3
54;54;7;22222;7
54;54;7;22580;2
54;54;7;22777;3
54;54;7;33000;2
54;54;7;33900;2
54;54;7;40444;34
54;54;7;40456;1
54;54;7;40500;1
54;54;7;40600;6
54;54;7;40777;1
54;54;7;40789;2
54;54;7;44111;18
54;54;7;44444;12
54;54;7;45111;2
54;54;7;45190;1
54;54;7;45678;2
54;54;7;45777;3
54;54;7;45800;2
54;54;7;45888;1
54;54;7;50013;2
54;54;7;50180;2
54;54;7;50555;5
54;54;7;55111;1
54;54;7;55333;11
54;54;7;55555;2
54;54;7;77888;2
54;54;5;95;46
54;54;5;96;42
54;54;5;180;92
54;54;5;222;75
54;54;5;400;113
54;54;5;445;88
54;54;5;800;2
54;54;3;13;92
54;54;3;14;1
54;54;3;45;126
54;54;3;95;4
54;54;3;96;6
54;55;1;13;136
54;55;1;14;7
54;55;1;22;59
54;55;1;55;5
54;55;1;70;8
54;55;1;80;1
54;55;1;95;7
54;55;1;96;7
54;55;6;10;1
54;55;6;11;1
54;55;6;12;1
54;55;6;14;1
54;55;6;40;2
54;55;6;44;1
54;55;6;95;10
54;55;6;96;6
54;55;6;1010;1
54;55;6;1144;13
54;55;6;1234;6
54;55;6;1301;3
54;55;6;1323;8
54;55;6;1331;1
54;55;6;1414;1
54;55;6;1515;16
54;55;6;1555;8
54;55;6;1800;1
54;55;6;2211;1
54;55;6;2212;1
54;55;6;2222;14
54;55;6;2233;1
54;55;6;2244;6
54;55;6;2266;1
54;55;6;2277;1
54;55;6;2299;7
54;55;6;2518;2
54;55;6;2555;20
54;55;6;4020;26
54;55;6;4044;3
54;55;6;4055;1
54;55;6;4077;2
54;55;6;4343;3
54;55;6;4422;4
54;55;6;4444;13
54;55;6;4445;3
54;55;6;4455;11
54;55;6;4490;2
54;55;6;4592;4
54;55;6;5000;1
54;55;6;5050;7
54;55;6;5511;12
54;55;6;5555;1
54;55;6;7788;1
54;55;6;8080;1
54;55;7;10;2
54;55;7;15;1
54;55;7;40;3
54;55;7;44;1
54;55;7;50;1
54;55;7;95;14
54;55;7;96;8
54;55;7;10123;1
54;55;7;10222;4
54;55;7;10333;7
54;55;7;10999;3
54;55;7;11111;1
54;55;7;13000;12
54;55;7;13013;1
54;55;7;13111;1
54;55;7;13123;3
54;55;7;13131;2
54;55;7;13132;1
54;55;7;13133;7
54;55;7;13180;2
54;55;7;13222;10
54;55;7;13234;2
54;55;7;13333;16
54;55;7;13444;1
54;55;7;13999;1
54;55;7;22022;5
54;55;7;22130;1
54;55;7;22221;1
54;55;7;22222;4
54;55;7;22223;1
54;55;7;22522;1
54;55;7;22777;1
54;55;7;33000;3
54;55;7;33123;1
54;55;7;40444;27
54;55;7;40600;7
54;55;7;40700;1
54;55;7;40777;1
54;55;7;40789;5
54;55;7;40888;1
54;55;7;44111;20
54;55;7;44444;13
54;55;7;44456;1
54;55;7;45000;1
54;55;7;45125;1
54;55;7;45190;2
54;55;7;45777;3
54;55;7;45800;3
54;55;7;50013;1
54;55;7;50333;1
54;55;7;50555;6
54;55;7;55333;11
54;55;7;55555;1
54;55;7;80180;1
54;55;5;95;40
54;55;5;96;42
54;55;5;162;1
54;55;5;180;108
54;55;5;222;66
54;55;5;400;119
54;55;5;445;82
54;55;5;800;2
54;55;3;13;101
54;55;3;14;1
54;55;3;45;113
54;55;3;80;1
54;55;3;95;7
54;55;3;96;7
54;56;1;13;155
54;56;1;14;2
54;56;1;22;39
54;56;1;55;2
54;56;1;70;6
54;56;1;95;7
54;56;1;96;5
54;56;6;15;1
54;56;6;40;1
54;56;6;44;1
54;56;6;95;13
54;56;6;96;6
54;56;6;1001;1
54;56;6;1010;2
54;56;6;1022;1
54;56;6;1144;18
54;56;6;1212;2
54;56;6;1234;10
54;56;6;1277;1
54;56;6;1301;8
54;56;6;1313;1
54;56;6;1322;1
54;56;6;1323;12
54;56;6;1331;2
54;56;6;1515;25
54;56;6;1544;1
54;56;6;1555;5
54;56;6;2211;1
54;56;6;2222;7
54;56;6;2244;8
54;56;6;2299;1
54;56;6;2555;11
54;56;6;2589;1
54;56;6;4000;1
54;56;6;4020;21
54;56;6;4040;3
54;56;6;4044;1
54;56;6;4077;9
54;56;6;4343;7
54;56;6;4444;15
54;56;6;4445;2
54;56;6;4455;3
54;56;6;4490;1
54;56;6;4511;1
54;56;6;4592;2
54;56;6;5050;2
54;56;6;5511;4
54;56;6;5533;1
54;56;6;5555;1
54;56;6;7788;1
54;56;7;12;1
54;56;7;13;2
54;56;7;15;1
54;56;7;40;9
54;56;7;44;3
54;56;7;45;1
54;56;7;95;14
54;56;7;96;7
54;56;7;10123;2
54;56;7;10222;8
54;56;7;10333;7
54;56;7;10999;2
54;56;7;13000;9
54;56;7;13111;1
54;56;7;13123;10
54;56;7;13131;1
54;56;7;13133;7
54;56;7;13222;14
54;56;7;13333;15
54;56;7;13444;1
54;56;7;15333;1
54;56;7;22190;2
54;56;7;22221;1
54;56;7;22222;3
54;56;7;25555;1
54;56;7;33000;4
54;56;7;40444;20
54;56;7;40456;2
54;56;7;40600;1
54;56;7;40777;7
54;56;7;40789;4
54;56;7;44111;7
54;56;7;44444;16
54;56;7;45111;5
54;56;7;45190;1
54;56;7;45777;2
54;56;7;45800;1
54;56;7;50555;2
54;56;7;55111;1
54;56;7;55333;17
54;56;7;55555;1
54;56;7;77123;1
54;56;7;77888;1
54;56;5;95;54
54;56;5;96;41
54;56;5;180;106
54;56;5;222;50
54;56;5;300;1
54;56;5;400;120
54;56;5;445;60
54;56;3;13;108
54;56;3;45;91
54;56;3;95;6
54;56;3;96;11
54;57;1;13;156
54;57;1;14;1
54;57;1;22;31
54;57;1;70;5
54;57;1;80;1
54;57;1;95;4
54;57;1;96;12
54;57;6;11;1
54;57;6;12;2
54;57;6;13;1
54;57;6;44;1
54;57;6;45;1
54;57;6;95;12
54;57;6;96;2
54;57;6;1011;1
54;57;6;1111;1
54;57;6;1144;22
54;57;6;1234;14
54;57;6;1301;5
54;57;6;1313;1
54;57;6;1323;6
54;57;6;1331;1
54;57;6;1515;23
54;57;6;1516;1
54;57;6;1555;1
54;57;6;2200;1
54;57;6;2222;6
54;57;6;2244;8
54;57;6;2288;1
54;57;6;2299;1
54;57;6;2555;8
54;57;6;4020;28
54;57;6;4044;2
54;57;6;4055;1
54;57;6;4077;7
54;57;6;4343;5
54;57;6;4444;9
54;57;6;4445;2
54;57;6;4455;8
54;57;6;4477;2
54;57;6;4490;1
54;57;6;4555;1
54;57;6;4592;4
54;57;6;5050;2
54;57;6;5511;10
54;57;6;5533;2
54;57;6;5555;3
54;57;6;7711;1
54;57;6;7744;1
54;57;7;10;2
54;57;7;11;1
54;57;7;13;2
54;57;7;15;2
54;57;7;18;3
54;57;7;40;8
54;57;7;44;1
54;57;7;45;1
54;57;7;95;15
54;57;7;96;3
54;57;7;10222;12
54;57;7;10333;1
54;57;7;10999;2
54;57;7;11111;2
54;57;7;13000;9
54;57;7;13013;1
54;57;7;13123;3
54;57;7;13132;1
54;57;7;13133;6
54;57;7;13222;18
54;57;7;13333;8
54;57;7;13456;2
54;57;7;13700;1
54;57;7;22022;1
54;57;7;22221;1
54;57;7;22222;3
54;57;7;22580;1
54;57;7;25555;1
54;57;7;33000;5
54;57;7;40444;25
54;57;7;40600;5
54;57;7;40777;6
54;57;7;40789;9
54;57;7;40888;1
54;57;7;44111;3
54;57;7;44444;12
54;57;7;45000;1
54;57;7;45111;4
54;57;7;45678;1
54;57;7;45888;1
54;57;7;50013;1
54;57;7;50555;4
54;57;7;55000;1
54;57;7;55111;2
54;57;7;55333;15
54;57;7;55555;3
54;57;5;95;48
54;57;5;96;45
54;57;5;180;114
54;57;5;222;41
54;57;5;400;117
54;57;5;445;55
54;57;3;13;107
54;57;3;45;79
54;57;3;95;8
54;57;3;96;16
54;58;1;13;158
54;58;1;14;4
54;58;1;22;26
54;58;1;55;2
54;58;1;70;5
54;58;1;95;5
54;58;1;96;11
54;58;6;10;1
54;58;6;11;1
54;58;6;12;1
54;58;6;13;1
54;58;6;22;1
54;58;6;40;3
54;58;6;50;1
54;58;6;77;1
54;58;6;95;23
54;58;6;96;3
54;58;6;1010;2
54;58;6;1144;16
54;58;6;1212;1
54;58;6;1234;15
54;58;6;1301;6
54;58;6;1313;2
54;58;6;1315;1
54;58;6;1323;9
54;58;6;1515;27
54;58;6;1555;3
54;58;6;2200;2
54;58;6;2222;6
54;58;6;2244;6
54;58;6;2299;3
54;58;6;2555;14
54;58;6;4000;1
54;58;6;4020;21
54;58;6;4040;2
54;58;6;4044;2
54;58;6;4077;5
54;58;6;4343;4
54;58;6;4422;1
54;58;6;4444;8
54;58;6;4455;2
54;58;6;4490;2
54;58;6;4511;1
54;58;6;4592;4
54;58;6;5050;3
54;58;6;5511;3
54;58;6;5533;1
54;58;6;5550;1
54;58;6;7744;1
54;58;7;13;2
54;58;7;18;4
54;58;7;20;1
54;58;7;22;1
54;58;7;40;9
54;58;7;44;3
54;58;7;95;23
54;58;7;96;6
54;58;7;10123;1
54;58;7;10222;12
54;58;7;10333;3
54;58;7;10999;2
54;58;7;13000;7
54;58;7;13111;2
54;58;7;13123;2
54;58;7;13133;5
54;58;7;13222;15
54;58;7;13234;2
54;58;7;13333;18
54;58;7;13444;1
54;58;7;22022;1
54;58;7;22190;1
54;58;7;22222;2
54;58;7;22223;1
54;58;7;22762;1
54;58;7;33000;2
54;58;7;40123;1
54;58;7;40200;1
54;58;7;40222;1
54;58;7;40444;30
54;58;7;40456;2
54;58;7;40600;2
54;58;7;40700;1
54;58;7;40777;4
54;58;7;40789;2
54;58;7;43000;1
54;58;7;44111;4
54;58;7;44444;11
54;58;7;45456;1
54;58;7;45777;1
54;58;7;50500;1
54;58;7;55333;20
54;58;7;77888;1
54;58;5;95;53
54;58;5;96;59
54;58;5;180;100
54;58;5;222;46
54;58;5;300;1
54;58;5;400;112
54;58;5;445;51
54;58;3;13;105
54;58;3;45;84
54;58;3;95;6
54;58;3;96;16
54;65;1;13;162
54;65;1;14;12
54;65;1;21;1
54;65;1;22;35
54;65;1;70;1
54;65;1;95;7
54;65;1;96;6
54;65;6;11;1
54;65;6;13;1
54;65;6;15;1
54;65;6;18;2
54;65;6;40;2
54;65;6;95;21
54;65;6;96;2
54;65;6;1000;2
54;65;6;1144;14
54;65;6;1234;13
54;65;6;1277;1
54;65;6;1301;6
54;65;6;1315;1
54;65;6;1323;11
54;65;6;1331;2
54;65;6;1399;2
54;65;6;1515;26
54;65;6;1555;9
54;65;6;2200;1
54;65;6;2222;11
54;65;6;2244;5
54;65;6;2277;1
54;65;6;2299;2
54;65;6;2555;21
54;65;6;4020;21
54;65;6;4040;1
54;65;6;4055;1
54;65;6;4077;2
54;65;6;4343;5
54;65;6;4422;2
54;65;6;4444;4
54;65;6;4455;6
54;65;6;4490;1
54;65;6;4555;2
54;65;6;4592;5
54;65;6;5000;1
54;65;6;5050;1
54;65;6;5511;9
54;65;6;5555;2
54;65;6;7711;1
54;65;6;7788;2
54;65;7;10;1
54;65;7;11;1
54;65;7;13;2
54;65;7;15;2
54;65;7;22;1
54;65;7;25;1
54;65;7;40;4
54;65;7;44;1
54;65;7;95;20
54;65;7;96;2
54;65;7;10222;15
54;65;7;10333;11
54;65;7;10999;1
54;65;7;11555;1
54;65;7;13000;13
54;65;7;13013;2
54;65;7;13123;1
54;65;7;13131;1
54;65;7;13133;12
54;65;7;13180;1
54;65;7;13222;16
54;65;7;13234;1
54;65;7;13333;7
54;65;7;13444;3
54;65;7;22022;3
54;65;7;22180;1
54;65;7;22221;1
54;65;7;22222;4
54;65;7;22223;1
54;65;7;22580;2
54;65;7;22777;1
54;65;7;33000;3
54;65;7;40222;1
54;65;7;40444;26
54;65;7;40456;2
54;65;7;40500;1
54;65;7;40600;1
54;65;7;40777;2
54;65;7;40789;4
54;65;7;44111;11
54;65;7;44444;6
54;65;7;45111;2
54;65;7;45190;1
54;65;7;45777;1
54;65;7;50013;1
54;65;7;50555;3
54;65;7;55111;2
54;65;7;55333;21
54;65;7;55555;2
54;65;7;77888;1
54;65;5;95;61
54;65;5;96;43
54;65;5;180;116
54;65;5;222;45
54;65;5;400;130
54;65;5;445;53
54;65;3;13;119
54;65;3;45;90
54;65;3;95;9
54;65;3;96;6
54;68;1;13;155
54;68;1;14;5
54;68;1;22;57
54;68;1;27;1
54;68;1;55;4
54;68;1;70;12
54;68;1;95;4
54;68;1;96;10
54;68;6;13;1
54;68;6;15;1
54;68;6;22;1
54;68;6;45;1
54;68;6;95;13
54;68;6;96;3
54;68;6;1055;1
54;68;6;1111;1
54;68;6;1144;13
54;68;6;1222;1
54;68;6;1234;6
54;68;6;1301;8
54;68;6;1322;1
54;68;6;1323;17
54;68;6;1331;4
54;68;6;1333;1
54;68;6;1515;11
54;68;6;1555;12
54;68;6;2200;1
54;68;6;2222;7
54;68;6;2244;9
54;68;6;2299;13
54;68;6;2333;1
54;68;6;2518;2
54;68;6;2555;11
54;68;6;4000;2
54;68;6;4012;1
54;68;6;4020;45
54;68;6;4040;6
54;68;6;4044;4
54;68;6;4077;1
54;68;6;4343;2
54;68;6;4422;2
54;68;6;4444;11
54;68;6;4455;6
54;68;6;4477;2
54;68;6;4488;2
54;68;6;4490;1
54;68;6;4555;1
54;68;6;4592;4
54;68;6;5050;6
54;68;6;5077;1
54;68;6;5511;6
54;68;6;5522;1
54;68;6;5555;1
54;68;6;7055;2
54;68;6;7711;1
54;68;7;12;1
54;68;7;13;1
54;68;7;18;2
54;68;7;22;2
54;68;7;40;6
54;68;7;44;1
54;68;7;50;1
54;68;7;55;1
54;68;7;95;10
54;68;7;96;3
54;68;7;10222;6
54;68;7;10333;7
54;68;7;10999;3
54;68;7;11100;2
54;68;7;11555;1
54;68;7;11888;1
54;68;7;13000;6
54;68;7;13113;1
54;68;7;13123;5
54;68;7;13132;1
54;68;7;13133;11
54;68;7;13222;11
54;68;7;13333;23
54;68;7;13444;6
54;68;7;13700;2
54;68;7;13888;2
54;68;7;15333;1
54;68;7;22022;2
54;68;7;22190;1
54;68;7;22222;3
54;68;7;22223;2
54;68;7;22522;1
54;68;7;33000;2
54;68;7;40000;1
54;68;7;40200;1
54;68;7;40444;47
54;68;7;40456;2
54;68;7;40600;3
54;68;7;40700;1
54;68;7;40777;1
54;68;7;40789;2
54;68;7;40888;1
54;68;7;44111;20
54;68;7;44444;11
54;68;7;44456;1
54;68;7;44777;2
54;68;7;45000;1
54;68;7;45111;2
54;68;7;45190;2
54;68;7;45678;1
54;68;7;45800;2
54;68;7;50013;3
54;68;7;50180;1
54;68;7;50555;5
54;68;7;55333;10
54;68;5;95;40
54;68;5;96;49
54;68;5;180;120
54;68;5;222;69
54;68;5;400;135
54;68;5;445;83
54;68;3;13;119
54;68;3;45;109
54;68;3;95;10
54;68;3;96;10
54;69;1;13;124
54;69;1;14;5
54;69;1;16;1
54;69;1;22;65
54;69;1;30;1
54;69;1;55;1
54;69;1;70;11
54;69;1;95;2
54;69;1;96;9
54;69;6;13;1
54;69;6;40;2
54;69;6;95;9
54;69;6;96;3
54;69;6;1010;4
54;69;6;1055;1
54;69;6;1144;14
54;69;6;1234;8
54;69;6;1300;1
54;69;6;1301;3
54;69;6;1313;1
54;69;6;1323;5
54;69;6;1331;1
54;69;6;1399;1
54;69;6;1515;15
54;69;6;1555;8
54;69;6;2200;1
54;69;6;2222;15
54;69;6;2233;2
54;69;6;2244;5
54;69;6;2299;13
54;69;6;2333;2
54;69;6;2525;1
54;69;6;2555;12
54;69;6;4011;1
54;69;6;4020;41
54;69;6;4040;1
54;69;6;4055;2
54;69;6;4343;2
54;69;6;4444;19
54;69;6;4445;2
54;69;6;4455;6
54;69;6;4490;1
54;69;6;4555;2
54;69;6;4592;1
54;69;6;5050;5
54;69;6;5511;4
54;69;6;5522;1
54;69;6;5550;1
54;69;6;5555;1
54;69;6;8080;1
54;69;7;13;2
54;69;7;22;1
54;69;7;25;1
54;69;7;40;5
54;69;7;44;3
54;69;7;45;2
54;69;7;55;1
54;69;7;95;8
54;69;7;96;4
54;69;7;10123;4
54;69;7;10222;6
54;69;7;10333;1
54;69;7;13000;6
54;69;7;13013;1
54;69;7;13113;1
54;69;7;13123;3
54;69;7;13131;1
54;69;7;13133;7
54;69;7;13222;8
54;69;7;13333;12
54;69;7;13444;5
54;69;7;13777;2
54;69;7;15222;1
54;69;7;15555;1
54;69;7;16132;1
54;69;7;22022;2
54;69;7;22180;1
54;69;7;22190;1
54;69;7;22222;8
54;69;7;22223;1
54;69;7;22555;2
54;69;7;22580;2
54;69;7;33000;2
54;69;7;40200;1
54;69;7;40444;50
54;69;7;40500;1
54;69;7;40600;8
54;69;7;40789;1
54;69;7;44111;17
54;69;7;44444;15
54;69;7;45111;2
54;69;7;50500;1
54;69;7;50555;4
54;69;7;55333;9
54;69;7;55555;2
54;69;7;55777;1
54;69;7;77123;1
54;69;5;95;30
54;69;5;96;45
54;69;5;162;1
54;69;5;180;89
54;69;5;222;65
54;69;5;400;121
54;69;5;445;84
54;69;5;800;3
54;69;3;13;91
54;69;3;30;1
54;69;3;45;114
54;69;3;80;1
54;69;3;95;4
54;69;3;96;8
54;70;1;13;129
54;70;1;14;2
54;70;1;22;55
54;70;1;55;2
54;70;1;70;11
54;70;1;95;2
54;70;1;96;6
54;70;6;11;1
54;70;6;18;1
54;70;6;22;1
54;70;6;40;3
54;70;6;95;5
54;70;6;96;2
54;70;6;1010;4
54;70;6;1055;1
54;70;6;1144;8
54;70;6;1234;8
54;70;6;1300;1
54;70;6;1301;8
54;70;6;1323;10
54;70;6;1331;3
54;70;6;1414;1
54;70;6;1515;13
54;70;6;1555;8
54;70;6;2200;1
54;70;6;2211;1
54;70;6;2222;12
54;70;6;2233;1
54;70;6;2244;4
54;70;6;2288;2
54;70;6;2299;10
54;70;6;2525;1
54;70;6;2555;13
54;70;6;4020;26
54;70;6;4044;3
54;70;6;4055;4
54;70;6;4077;1
54;70;6;4343;3
54;70;6;4422;1
54;70;6;4444;18
54;70;6;4445;4
54;70;6;4455;4
54;70;6;4555;1
54;70;6;4592;1
54;70;6;5050;4
54;70;6;5511;9
54;70;6;5533;1
54;70;6;5555;1
54;70;6;7055;1
54;70;6;7711;1
54;70;6;7744;1
54;70;7;11;1
54;70;7;13;1
54;70;7;22;1
54;70;7;40;2
54;70;7;44;2
54;70;7;45;1
54;70;7;95;5
54;70;7;96;4
54;70;7;10099;1
54;70;7;10123;4
54;70;7;10222;5
54;70;7;10333;3
54;70;7;11111;1
54;70;7;11888;1
54;70;7;12222;1
54;70;7;13000;13
54;70;7;13111;1
54;70;7;13123;6
54;70;7;13131;4
54;70;7;13133;5
54;70;7;13222;6
54;70;7;13258;1
54;70;7;13333;13
54;70;7;13444;2
54;70;7;22022;5
54;70;7;22180;1
54;70;7;22190;1
54;70;7;22221;2
54;70;7;22222;2
54;70;7;22223;2
54;70;7;22580;1
54;70;7;33000;3
54;70;7;40123;1
54;70;7;40444;36
54;70;7;40500;1
54;70;7;40600;4
54;70;7;40777;1
54;70;7;40789;4
54;70;7;44111;18
54;70;7;44444;19
54;70;7;45456;1
54;70;7;45777;2
54;70;7;45800;2
54;70;7;45888;1
54;70;7;50180;2
54;70;7;50555;3
54;70;7;55333;10
54;70;7;55555;1
54;70;5;95;27
54;70;5;96;36
54;70;5;180;89
54;70;5;222;75
54;70;5;400;102
54;70;5;445;83
54;70;5;800;2
54;70;3;13;80
54;70;3;45;118
54;70;3;95;2
54;70;3;96;7
54;72;1;13;144
54;72;1;14;7
54;72;1;22;71
54;72;1;55;2
54;72;1;70;15
54;72;1;80;1
54;72;1;96;4
54;72;6;13;5
54;72;6;15;1
54;72;6;40;2
54;72;6;50;1
54;72;6;95;7
54;72;6;1010;1
54;72;6;1144;3
54;72;6;1234;7
54;72;6;1277;1
54;72;6;1301;7
54;72;6;1323;9
54;72;6;1414;1
54;72;6;1515;29
54;72;6;1555;11
54;72;6;2200;4
54;72;6;2222;17
54;72;6;2244;11
54;72;6;2277;1
54;72;6;2288;1
54;72;6;2299;15
54;72;6;2518;2
54;72;6;2525;1
54;72;6;2555;15
54;72;6;4020;32
54;72;6;4040;3
54;72;6;4044;3
54;72;6;4055;2
54;72;6;4077;1
54;72;6;4343;1
54;72;6;4422;4
54;72;6;4444;10
54;72;6;4445;1
54;72;6;4455;11
54;72;6;4490;1
54;72;6;4592;2
54;72;6;5000;1
54;72;6;5050;4
54;72;6;5511;11
54;72;6;5555;5
54;72;7;13;4
54;72;7;15;1
54;72;7;18;1
54;72;7;40;2
54;72;7;44;2
54;72;7;95;11
54;72;7;96;3
54;72;7;10222;8
54;72;7;10333;5
54;72;7;10999;1
54;72;7;13000;9
54;72;7;13013;2
54;72;7;13111;1
54;72;7;13123;4
54;72;7;13131;1
54;72;7;13133;8
54;72;7;13180;1
54;72;7;13222;6
54;72;7;13333;15
54;72;7;13444;2
54;72;7;13700;1
54;72;7;13888;1
54;72;7;15333;1
54;72;7;22000;2
54;72;7;22022;7
54;72;7;22180;1
54;72;7;22190;1
54;72;7;22221;1
54;72;7;22222;5
54;72;7;22223;1
54;72;7;22777;1
54;72;7;22888;1
54;72;7;33000;1
54;72;7;40123;1
54;72;7;40444;47
54;72;7;40500;1
54;72;7;40555;1
54;72;7;40600;6
54;72;7;40700;2
54;72;7;40777;1
54;72;7;40789;5
54;72;7;44111;18
54;72;7;44444;14
54;72;7;45000;1
54;72;7;45111;2
54;72;7;45777;1
54;72;7;45800;2
54;72;7;45888;2
54;72;7;50013;2
54;72;7;50555;2
54;72;7;55024;1
54;72;7;55111;3
54;72;7;55333;18
54;72;7;55555;2
54;72;7;77888;1
54;72;5;95;36
54;72;5;96;29
54;72;5;180;111
54;72;5;222;83
54;72;5;300;1
54;72;5;400;131
54;72;5;445;96
54;72;5;800;1
54;72;3;13;104
54;72;3;45;132
54;72;3;95;4
54;72;3;96;4
54;83;1;13;131
54;83;1;14;4
54;83;1;22;32
54;83;1;55;1
54;83;1;70;2
54;83;1;95;3
54;83;1;96;6
54;83;6;11;1
54;83;6;13;1
54;83;6;15;2
54;83;6;25;1
54;83;6;95;6
54;83;6;96;2
54;83;6;1010;1
54;83;6;1144;14
54;83;6;1212;1
54;83;6;1234;3
54;83;6;1300;1
54;83;6;1301;1
54;83;6;1323;1
54;83;6;1500;1
54;83;6;1515;24
54;83;6;1555;18
54;83;6;2200;1
54;83;6;2222;5
54;83;6;2277;1
54;83;6;2518;2
54;83;6;2555;8
54;83;6;4000;1
54;83;6;4001;1
54;83;6;4020;28
54;83;6;4040;4
54;83;6;4044;3
54;83;6;4077;21
54;83;6;4343;2
54;83;6;4422;2
54;83;6;4444;12
54;83;6;4455;3
54;83;6;4592;4
54;83;6;5050;2
54;83;6;7711;1
54;83;7;13;3
54;83;7;15;1
54;83;7;18;2
54;83;7;22;2
54;83;7;33;1
54;83;7;40;2
54;83;7;44;2
54;83;7;95;6
54;83;7;96;1
54;83;7;10222;1
54;83;7;10333;4
54;83;7;13000;7
54;83;7;13133;5
54;83;7;13222;9
54;83;7;13333;2
54;83;7;13444;4
54;83;7;22022;1
54;83;7;22222;2
54;83;7;22223;1
54;83;7;22777;1
54;83;7;33000;1
54;83;7;40123;3
54;83;7;40444;27
54;83;7;40777;17
54;83;7;40789;2
54;83;7;44111;40
54;83;7;44444;10
54;83;7;44456;1
54;83;7;45000;1
54;83;7;50180;1
54;83;7;50500;1
54;83;7;50555;2
54;83;7;55333;11
54;83;7;55555;2
54;83;7;55888;3
54;83;5;95;21
54;83;5;96;40
54;83;5;180;86
54;83;5;222;43
54;83;5;400;106
54;83;5;445;61
54;83;5;800;1
54;83;3;13;98
54;83;3;45;72
54;83;3;95;1
54;83;3;96;8
54;84;1;13;175
54;84;1;14;6
54;84;1;22;42
54;84;1;55;2
54;84;1;70;10
54;84;1;80;1
54;84;1;95;4
54;84;1;96;6
54;84;6;11;3
54;84;6;12;1
54;84;6;13;1
54;84;6;22;1
54;84;6;40;3
54;84;6;43;1
54;84;6;95;11
54;84;6;96;1
54;84;6;1010;1
54;84;6;1055;1
54;84;6;1144;14
54;84;6;1234;2
54;84;6;1301;2
54;84;6;1323;3
54;84;6;1331;2
54;84;6;1511;1
54;84;6;1515;26
54;84;6;1555;19
54;84;6;2200;1
54;84;6;2222;4
54;84;6;2244;1
54;84;6;2252;1
54;84;6;2277;1
54;84;6;2299;3
54;84;6;2518;7
54;84;6;2555;9
54;84;6;4000;2
54;84;6;4012;1
54;84;6;4020;53
54;84;6;4040;3
54;84;6;4044;2
54;84;6;4077;37
54;84;6;4343;3
54;84;6;4422;1
54;84;6;4444;10
54;84;6;4445;1
54;84;6;4455;7
54;84;6;4592;3
54;84;6;5050;1
54;84;6;5511;2
54;84;7;13;1
54;84;7;15;1
54;84;7;22;1
54;84;7;40;19
54;84;7;44;1
54;84;7;77;1
54;84;7;95;10
54;84;7;96;3
54;84;7;10222;2
54;84;7;10333;1
54;84;7;11555;1
54;84;7;13000;12
54;84;7;13123;3
54;84;7;13132;1
54;84;7;13133;4
54;84;7;13222;5
54;84;7;13234;1
54;84;7;13333;2
54;84;7;13444;4
54;84;7;13700;1
54;84;7;15333;1
54;84;7;22221;1
54;84;7;22222;2
54;84;7;22777;1
54;84;7;33000;4
54;84;7;40123;2
54;84;7;40444;43
54;84;7;40600;1
54;84;7;40777;28
54;84;7;40789;4
54;84;7;44111;48
54;84;7;44444;15
54;84;7;45111;1
54;84;7;50555;3
54;84;7;55333;13
54;84;7;55555;1
54;84;7;55888;4
54;84;5;95;35
54;84;5;96;73
54;84;5;180;126
54;84;5;222;48
54;84;5;300;1
54;84;5;400;137
54;84;5;445;70
54;84;5;800;2
54;84;3;13;126
54;84;3;14;1
54;84;3;45;101
54;84;3;80;1
54;84;3;95;5
54;84;3;96;12
54;85;1;13;117
54;85;1;14;6
54;85;1;21;2
54;85;1;22;25
54;85;1;55;2
54;85;1;70;8
54;85;1;95;7
54;85;1;96;6
54;85;6;10;1
54;85;6;11;1
54;85;6;15;1
54;85;6;40;1
54;85;6;45;1
54;85;6;95;7
54;85;6;96;1
54;85;6;1055;2
54;85;6;1144;11
54;85;6;1234;1
54;85;6;1322;1
54;85;6;1323;1
54;85;6;1370;1
54;85;6;1515;20
54;85;6;1555;21
54;85;6;2222;10
54;85;6;2244;2
54;85;6;2255;1
54;85;6;2277;2
54;85;6;2518;3
54;85;6;2555;6
54;85;6;4000;2
54;85;6;4020;27
54;85;6;4040;3
54;85;6;4077;27
54;85;6;4422;1
54;85;6;4444;11
54;85;6;4455;3
54;85;6;5511;3
54;85;6;5555;1
54;85;7;13;1
54;85;7;15;1
54;85;7;25;1
54;85;7;40;6
54;85;7;44;1
54;85;7;95;8
54;85;7;96;2
54;85;7;10333;1
54;85;7;10999;2
54;85;7;11999;1
54;85;7;13000;8
54;85;7;13132;3
54;85;7;13133;4
54;85;7;13222;4
54;85;7;13333;1
54;85;7;13444;3
54;85;7;22022;1
54;85;7;22222;2
54;85;7;22777;4
54;85;7;33111;1
54;85;7;40123;1
54;85;7;40444;22
54;85;7;40500;1
54;85;7;40600;1
54;85;7;40700;1
54;85;7;40777;24
54;85;7;40789;2
54;85;7;40888;1
54;85;7;44111;44
54;85;7;44444;8
54;85;7;50555;1
54;85;7;55333;9
54;85;7;55555;1
54;85;7;55888;2
54;85;5;95;27
54;85;5;96;30
54;85;5;180;83
54;85;5;222;41
54;85;5;400;98
54;85;5;445;66
54;85;5;800;1
54;85;3;13;86
54;85;3;45;71
54;85;3;95;5
54;85;3;96;11
54;87;1;13;138
54;87;1;14;5
54;87;1;22;30
54;87;1;70;6
54;87;1;95;1
54;87;1;96;6
54;87;6;12;1
54;87;6;15;1
54;87;6;40;2
54;87;6;95;3
54;87;6;96;3
54;87;6;1144;15
54;87;6;1222;1
54;87;6;1234;2
54;87;6;1301;1
54;87;6;1323;4
54;87;6;1331;1
54;87;6;1515;22
54;87;6;1555;17
54;87;6;2222;3
54;87;6;2233;1
54;87;6;2244;2
54;87;6;2277;1
54;87;6;2288;3
54;87;6;2555;10
54;87;6;4001;2
54;87;6;4020;33
54;87;6;4040;3
54;87;6;4044;2
54;87;6;4055;1
54;87;6;4077;27
54;87;6;4343;1
54;87;6;4411;1
54;87;6;4422;1
54;87;6;4444;10
54;87;6;4455;6
54;87;6;5511;3
54;87;6;5555;3
54;87;7;12;1
54;87;7;13;1
54;87;7;15;1
54;87;7;40;5
54;87;7;44;3
54;87;7;55;2
54;87;7;95;6
54;87;7;96;2
54;87;7;10222;2
54;87;7;10333;2
54;87;7;10999;2
54;87;7;13000;7
54;87;7;13123;2
54;87;7;13133;9
54;87;7;13222;7
54;87;7;13234;1
54;87;7;13333;5
54;87;7;13444;4
54;87;7;15555;1
54;87;7;22222;2
54;87;7;22888;2
54;87;7;33000;1
54;87;7;40123;1
54;87;7;40444;31
54;87;7;40777;23
54;87;7;40789;3
54;87;7;44111;33
54;87;7;44444;9
54;87;7;45000;1
54;87;7;45111;1
54;87;7;55333;11
54;87;7;55555;1
54;87;7;55888;4
54;87;5;95;17
54;87;5;96;32
54;87;5;180;101
54;87;5;222;46
54;87;5;400;110
54;87;5;445;63
54;87;5;800;3
54;87;3;13;100
54;87;3;45;77
54;87;3;95;2
54;87;3;96;7
54;88;1;13;167
54;88;1;14;4
54;88;1;22;37
54;88;1;55;3
54;88;1;70;5
54;88;1;95;2
54;88;1;96;8
54;88;6;12;2
54;88;6;15;1
54;88;6;18;4
54;88;6;22;1
54;88;6;25;1
54;88;6;40;3
54;88;6;45;2
54;88;6;95;4
54;88;6;96;6
54;88;6;1010;1
54;88;6;1234;3
54;88;6;1301;3
54;88;6;1323;7
54;88;6;1414;1
54;88;6;1515;13
54;88;6;1555;9
54;88;6;2222;7
54;88;6;2244;3
54;88;6;2333;2
54;88;6;2518;1
54;88;6;2555;30
54;88;6;2588;4
54;88;6;4000;5
54;88;6;4020;78
54;88;6;4040;7
54;88;6;4044;3
54;88;6;4077;5
54;88;6;4343;1
54;88;6;4422;1
54;88;6;4444;9
54;88;6;4445;1
54;88;6;4455;3
54;88;6;4592;1
54;88;6;4599;1
54;88;6;5050;1
54;88;6;5555;1
54;88;6;5588;1
54;88;7;12;1
54;88;7;13;2
54;88;7;18;1
54;88;7;22;1
54;88;7;23;1
54;88;7;40;17
54;88;7;44;2
54;88;7;45;1
54;88;7;95;4
54;88;7;96;7
54;88;7;10222;2
54;88;7;13000;12
54;88;7;13133;4
54;88;7;13222;1
54;88;7;13333;7
54;88;7;13700;1
54;88;7;15333;4
54;88;7;22221;1
54;88;7;22222;2
54;88;7;22223;1
54;88;7;22777;1
54;88;7;25555;5
54;88;7;40123;8
54;88;7;40444;76
54;88;7;40777;2
54;88;7;40789;8
54;88;7;44111;8
54;88;7;44444;4
54;88;7;45111;2
54;88;7;45678;1
54;88;7;50180;1
54;88;7;50555;4
54;88;7;55333;9
54;88;7;55888;23
54;88;7;77888;2
54;88;5;95;20
54;88;5;96;65
54;88;5;180;133
54;88;5;222;39
54;88;5;400;139
54;88;5;445;55
54;88;5;800;1
54;88;3;13;134
54;88;3;45;81
54;88;3;95;2
54;88;3;96;9
54;89;1;13;152
54;89;1;14;3
54;89;1;22;39
54;89;1;30;1
54;89;1;55;2
54;89;1;70;5
54;89;1;95;4
54;89;1;96;8
54;89;6;18;1
54;89;6;40;2
54;89;6;44;2
54;89;6;45;2
54;89;6;95;8
54;89;6;96;2
54;89;6;1020;1
54;89;6;1111;1
54;89;6;1234;2
54;89;6;1301;2
54;89;6;1313;1
54;89;6;1323;9
54;89;6;1331;1
54;89;6;1414;1
54;89;6;1515;10
54;89;6;1555;5
54;89;6;2222;9
54;89;6;2244;1
54;89;6;2277;1
54;89;6;2518;2
54;89;6;2555;30
54;89;6;2588;1
54;89;6;4000;6
54;89;6;4020;78
54;89;6;4040;5
54;89;6;4044;2
54;89;6;4077;9
54;89;6;4444;6
54;89;6;4455;1
54;89;6;4545;1
54;89;6;4578;1
54;89;6;4592;1
54;89;6;5050;4
54;89;6;5511;4
54;89;6;5555;1
54;89;6;7744;1
54;89;7;13;1
54;89;7;18;1
54;89;7;22;1
54;89;7;40;11
54;89;7;95;6
54;89;7;96;4
54;89;7;10222;2
54;89;7;11888;2
54;89;7;13000;8
54;89;7;13133;5
54;89;7;13333;13
54;89;7;13444;1
54;89;7;15333;1
54;89;7;22022;1
54;89;7;22222;2
54;89;7;22223;1
54;89;7;25555;6
54;89;7;40000;1
54;89;7;40123;6
54;89;7;40444;74
54;89;7;40777;4
54;89;7;40789;6
54;89;7;43640;1
54;89;7;44111;9
54;89;7;44444;4
54;89;7;45111;1
54;89;7;45678;3
54;89;7;50013;1
54;89;7;50050;2
54;89;7;50555;3
54;89;7;55333;7
54;89;7;55888;23
54;89;7;77888;3
54;89;5;95;32
54;89;5;96;39
54;89;5;180;132
54;89;5;222;28
54;89;5;400;147
54;89;5;445;49
54;89;5;800;1
54;89;3;13;126
54;89;3;45;73
54;89;3;95;3
54;89;3;96;12
54;90;1;13;179
54;90;1;14;1
54;90;1;22;44
54;90;1;55;1
54;90;1;70;4
54;90;1;95;2
54;90;1;96;12
54;90;6;10;1
54;90;6;11;1
54;90;6;12;1
54;90;6;13;2
54;90;6;22;1
54;90;6;40;1
54;90;6;44;3
54;90;6;45;5
54;90;6;95;6
54;90;6;96;12
54;90;6;1234;2
54;90;6;1300;1
54;90;6;1301;1
54;90;6;1323;8
54;90;6;1515;11
54;90;6;1555;3
54;90;6;2200;1
54;90;6;2222;10
54;90;6;2244;3
54;90;6;2277;1
54;90;6;2288;1
54;90;6;2518;1
54;90;6;2555;41
54;90;6;2588;3
54;90;6;4000;6
54;90;6;4020;78
54;90;6;4040;1
54;90;6;4077;3
54;90;6;4444;22
54;90;6;4445;1
54;90;6;4455;4
54;90;6;4592;1
54;90;6;4599;2
54;90;6;5511;3
54;90;6;5588;2
54;90;7;13;3
54;90;7;18;1
54;90;7;20;1
54;90;7;22;2
54;90;7;25;3
54;90;7;33;1
54;90;7;40;14
54;90;7;44;5
54;90;7;55;1
54;90;7;95;7
54;90;7;96;5
54;90;7;10222;4
54;90;7;11111;1
54;90;7;11888;4
54;90;7;13000;17
54;90;7;13133;6
54;90;7;13222;3
54;90;7;13333;7
54;90;7;13777;1
54;90;7;22022;1
54;90;7;22222;3
54;90;7;22223;1
54;90;7;25555;3
54;90;7;40000;2
54;90;7;40123;3
54;90;7;40200;1
54;90;7;40444;76
54;90;7;40600;1
54;90;7;40789;5
54;90;7;44111;6
54;90;7;44444;15
54;90;7;45111;2
54;90;7;45190;1
54;90;7;45678;4
54;90;7;55333;9
54;90;7;55555;1
54;90;7;55888;23
54;90;5;95;25
54;90;5;96;76
54;90;5;180;141
54;90;5;222;32
54;90;5;400;158
54;90;5;445;54
54;90;3;13;138
54;90;3;45;84
54;90;3;95;2
54;90;3;96;19
54;92;1;13;129
54;92;1;14;2
54;92;1;22;28
54;92;1;55;2
54;92;1;70;3
54;92;1;95;3
54;92;1;96;5
54;92;6;11;1
54;92;6;13;1
54;92;6;15;1
54;92;6;40;2
54;92;6;45;1
54;92;6;95;11
54;92;6;96;2
54;92;6;1020;1
54;92;6;1144;3
54;92;6;1233;1
54;92;6;1234;1
54;92;6;1255;1
54;92;6;1300;1
54;92;6;1301;1
54;92;6;1323;6
54;92;6;1333;1
54;92;6;1515;18
54;92;6;1555;14
54;92;6;2222;10
54;92;6;2288;1
54;92;6;2299;4
54;92;6;2518;1
54;92;6;2555;30
54;92;6;4000;1
54;92;6;4020;28
54;92;6;4055;2
54;92;6;4077;15
54;92;6;4411;1
54;92;6;4444;6
54;92;6;4455;3
54;92;6;4568;2
54;92;6;5522;1
54;92;7;13;2
54;92;7;18;2
54;92;7;40;5
54;92;7;45;1
54;92;7;95;12
54;92;7;96;2
54;92;7;10222;1
54;92;7;10333;6
54;92;7;13000;9
54;92;7;13133;24
54;92;7;13222;5
54;92;7;13333;1
54;92;7;13700;6
54;92;7;22000;1
54;92;7;22022;1
54;92;7;22222;4
54;92;7;22223;5
54;92;7;40123;3
54;92;7;40444;31
54;92;7;40600;14
54;92;7;40777;5
54;92;7;40789;4
54;92;7;44111;17
54;92;7;44444;5
54;92;7;45777;1
54;92;7;55888;5
54;92;5;95;37
54;92;5;96;40
54;92;5;180;83
54;92;5;222;32
54;92;5;300;1
54;92;5;400;99
54;92;5;445;51
54;92;5;800;1
54;92;3;13;77
54;92;3;14;1
54;92;3;45;79
54;92;3;95;5
54;92;3;96;10
54;93;1;13;119
54;93;1;14;3
54;93;1;22;34
54;93;1;55;2
54;93;1;70;4
54;93;1;95;6
54;93;1;96;5
54;93;6;11;1
54;93;6;13;1
54;93;6;15;1
54;93;6;95;10
54;93;6;96;3
54;93;6;1010;1
54;93;6;1144;2
54;93;6;1234;3
54;93;6;1300;1
54;93;6;1301;1
54;93;6;1322;1
54;93;6;1323;4
54;93;6;1333;1
54;93;6;1515;17
54;93;6;1555;8
54;93;6;2222;7
54;93;6;2244;2
54;93;6;2299;9
54;93;6;2512;1
54;93;6;2525;1
54;93;6;2555;39
54;93;6;4001;1
54;93;6;4020;34
54;93;6;4040;1
54;93;6;4077;10
54;93;6;4411;1
54;93;6;4422;1
54;93;6;4444;5
54;93;6;4455;3
54;93;6;4592;1
54;93;6;5555;1
54;93;6;7788;1
54;93;7;13;1
54;93;7;40;2
54;93;7;45;1
54;93;7;95;8
54;93;7;96;4
54;93;7;10010;1
54;93;7;10123;1
54;93;7;10222;2
54;93;7;10333;3
54;93;7;12345;1
54;93;7;13000;8
54;93;7;13133;25
54;93;7;13222;6
54;93;7;13333;2
54;93;7;13700;7
54;93;7;22022;1
54;93;7;22223;2
54;93;7;40111;1
54;93;7;40123;3
54;93;7;40444;37
54;93;7;40600;14
54;93;7;40777;1
54;93;7;40789;8
54;93;7;44111;17
54;93;7;44444;4
54;93;7;45111;1
54;93;7;45678;1
54;93;7;55333;3
54;93;7;55888;8
54;93;5;95;38
54;93;5;96;36
54;93;5;180;92
54;93;5;222;27
54;93;5;400;103
54;93;5;445;49
54;93;5;800;1
54;93;3;13;85
54;93;3;45;71
54;93;3;95;6
54;93;3;96;11
54;96;1;13;145
54;96;1;14;3
54;96;1;22;37
54;96;1;30;1
54;96;1;55;2
54;96;1;70;3
54;96;1;95;2
54;96;1;96;6
54;96;6;12;2
54;96;6;40;3
54;96;6;95;4
54;96;6;1144;1
54;96;6;1313;1
54;96;6;1323;8
54;96;6;1414;1
54;96;6;1515;27
54;96;6;2211;1
54;96;6;2222;8
54;96;6;2244;9
54;96;6;2299;40
54;96;6;2518;1
54;96;6;2555;3
54;96;6;4000;1
54;96;6;4020;72
54;96;6;4040;1
54;96;6;4077;1
54;96;6;4444;10
54;96;6;4592;1
54;96;6;5050;3
54;96;6;5077;1
54;96;7;12;1
54;96;7;40;5
54;96;7;44;1
54;96;7;45;1
54;96;7;95;5
54;96;7;13000;1
54;96;7;13133;37
54;96;7;13333;1
54;96;7;13444;2
54;96;7;13789;1
54;96;7;15222;1
54;96;7;22022;3
54;96;7;22221;1
54;96;7;22222;3
54;96;7;40123;1
54;96;7;40444;114
54;96;7;40555;1
54;96;7;44111;2
54;96;7;44444;12
54;96;7;45111;1
54;96;7;45800;1
54;96;7;50555;1
54;96;7;55333;2
54;96;7;55888;1
54;96;5;95;17
54;96;5;96;28
54;96;5;180;126
54;96;5;222;44
54;96;5;400;124
54;96;5;445;54
54;96;5;800;5
54;96;3;13;118
54;96;3;45;67
54;96;3;95;4
54;96;3;96;10
54;97;1;13;119
54;97;1;14;3
54;97;1;22;30
54;97;1;55;1
54;97;1;70;2
54;97;1;95;2
54;97;1;96;1
54;97;6;18;1
54;97;6;40;1
54;97;6;45;1
54;97;6;95;2
54;97;6;1020;1
54;97;6;1111;1
54;97;6;1314;1
54;97;6;1323;10
54;97;6;1515;20
54;97;6;1533;1
54;97;6;1555;1
54;97;6;2222;6
54;97;6;2244;4
54;97;6;2299;29
54;97;6;4020;65
54;97;6;4044;5
54;97;6;4422;1
54;97;6;4444;5
54;97;6;4455;1
54;97;6;5050;1
54;97;6;7711;1
54;97;7;40;7
54;97;7;95;4
54;97;7;13000;1
54;97;7;13133;29
54;97;7;22022;2
54;97;7;22222;1
54;97;7;40444;106
54;97;7;43777;1
54;97;7;44444;5
54;97;7;55333;1
54;97;7;77888;1
54;97;5;95;14
54;97;5;96;21
54;97;5;180;106
54;97;5;222;28
54;97;5;400;109
54;97;5;445;34
54;97;5;800;4
54;97;3;13;100
54;97;3;45;51
54;97;3;95;3
54;97;3;96;4
54;99;1;13;162
54;99;1;14;7
54;99;1;22;61
54;99;1;30;1
54;99;1;70;6
54;99;1;95;4
54;99;1;96;8
54;99;6;12;2
54;99;6;13;2
54;99;6;33;1
54;99;6;40;1
54;99;6;45;1
54;99;6;95;15
54;99;6;96;4
54;99;6;1020;1
54;99;6;1144;3
54;99;6;1234;1
54;99;6;1300;1
54;99;6;1301;30
54;99;6;1323;5
54;99;6;1333;2
54;99;6;1414;1
54;99;6;1444;1
54;99;6;1515;20
54;99;6;1555;13
54;99;6;1599;1
54;99;6;2200;2
54;99;6;2222;18
54;99;6;2244;2
54;99;6;2252;1
54;99;6;2277;3
54;99;6;2299;2
54;99;6;2555;17
54;99;6;4000;1
54;99;6;4020;48
54;99;6;4040;3
54;99;6;4044;2
54;99;6;4077;4
54;99;6;4343;1
54;99;6;4422;3
54;99;6;4444;18
54;99;6;4445;3
54;99;6;4455;5
54;99;6;5050;1
54;99;6;5511;5
54;99;6;5533;1
54;99;6;7711;4
54;99;7;13;5
54;99;7;18;3
54;99;7;22;1
54;99;7;40;2
54;99;7;44;3
54;99;7;45;1
54;99;7;95;12
54;99;7;96;7
54;99;7;10010;1
54;99;7;10100;1
54;99;7;10222;1
54;99;7;10999;2
54;99;7;11888;1
54;99;7;13000;10
54;99;7;13123;4
54;99;7;13132;18
54;99;7;13133;10
54;99;7;13222;3
54;99;7;13234;1
54;99;7;13333;1
54;99;7;13444;2
54;99;7;13700;1
54;99;7;13777;1
54;99;7;22022;9
54;99;7;22222;2
54;99;7;22223;7
54;99;7;22522;1
54;99;7;22777;4
54;99;7;33000;1
54;99;7;40123;6
54;99;7;40333;1
54;99;7;40444;45
54;99;7;40456;1
54;99;7;40600;6
54;99;7;40777;2
54;99;7;40789;4
54;99;7;44111;20
54;99;7;44444;16
54;99;7;44456;1
54;99;7;45000;1
54;99;7;45111;2
54;99;7;50555;5
54;99;7;55333;21
54;99;7;77123;1
54;99;7;77888;2
54;99;5;95;56
54;99;5;96;50
54;99;5;180;126
54;99;5;222;53
54;99;5;300;2
54;99;5;400;147
54;99;5;445;64
54;99;3;13;132
54;99;3;14;1
54;99;3;45;92
54;99;3;95;10
54;99;3;96;14
54;100;1;13;153
54;100;1;14;2
54;100;1;22;42
54;100;1;55;2
54;100;1;70;3
54;100;1;95;2
54;100;1;96;21
54;100;6;11;4
54;100;6;12;4
54;100;6;13;1
54;100;6;15;1
54;100;6;22;1
54;100;6;40;4
54;100;6;44;2
54;100;6;45;1
54;100;6;95;14
54;100;6;96;6
54;100;6;1013;1
54;100;6;1022;1
54;100;6;1144;4
54;100;6;1207;1
54;100;6;1234;2
54;100;6;1301;24
54;100;6;1315;1
54;100;6;1323;7
54;100;6;1333;1
54;100;6;1515;18
54;100;6;1555;7
54;100;6;2050;1
54;100;6;2211;1
54;100;6;2222;11
54;100;6;2277;1
54;100;6;2518;4
54;100;6;2555;10
54;100;6;4020;57
54;100;6;4040;2
54;100;6;4044;2
54;100;6;4077;1
54;100;6;4422;1
54;100;6;4433;1
54;100;6;4444;17
54;100;6;4455;6
54;100;6;5511;4
54;100;6;5533;1
54;100;7;11;1
54;100;7;12;1
54;100;7;13;4
54;100;7;15;1
54;100;7;18;1
54;100;7;22;2
54;100;7;40;13
54;100;7;44;5
54;100;7;45;2
54;100;7;55;3
54;100;7;95;17
54;100;7;96;8
54;100;7;10010;1
54;100;7;10222;3
54;100;7;10999;3
54;100;7;13000;4
54;100;7;13123;8
54;100;7;13132;9
54;100;7;13133;8
54;100;7;13234;2
54;100;7;13444;2
54;100;7;15333;1
54;100;7;22000;1
54;100;7;22221;2
54;100;7;22222;1
54;100;7;22223;2
54;100;7;22777;2
54;100;7;40123;3
54;100;7;40140;1
54;100;7;40444;53
54;100;7;40600;6
54;100;7;40789;4
54;100;7;44111;13
54;100;7;44444;13
54;100;7;50555;3
54;100;7;55333;22
54;100;5;95;31
54;100;5;96;80
54;100;5;180;117
54;100;5;222;39
54;100;5;400;132
54;100;5;445;51
54;100;3;13;112
54;100;3;45;88
54;100;3;95;7
54;100;3;96;18
54;101;1;13;152
54;101;1;14;1
54;101;1;22;43
54;101;1;55;3
54;101;1;70;4
54;101;1;95;11
54;101;1;96;14
54;101;6;10;1
54;101;6;13;5
54;101;6;22;1
54;101;6;40;2
54;101;6;44;2
54;101;6;45;1
54;101;6;77;1
54;101;6;95;17
54;101;6;96;5
54;101;6;1055;2
54;101;6;1144;3
54;101;6;1234;1
54;101;6;1299;1
54;101;6;1300;1
54;101;6;1301;24
54;101;6;1323;5
54;101;6;1331;1
54;101;6;1441;1
54;101;6;1515;13
54;101;6;1555;5
54;101;6;1599;1
54;101;6;2222;5
54;101;6;2277;4
54;101;6;2299;1
54;101;6;2518;2
54;101;6;2555;11
54;101;6;4012;1
54;101;6;4020;71
54;101;6;4044;6
54;101;6;4055;1
54;101;6;4422;2
54;101;6;4444;16
54;101;6;4445;1
54;101;6;4455;4
54;101;6;4555;2
54;101;6;4578;1
54;101;6;5050;1
54;101;6;5511;3
54;101;6;5533;2
54;101;6;7711;1
54;101;7;12;1
54;101;7;13;3
54;101;7;15;3
54;101;7;18;3
54;101;7;40;18
54;101;7;44;3
54;101;7;45;2
54;101;7;95;15
54;101;7;96;6
54;101;7;10010;1
54;101;7;10222;1
54;101;7;10444;1
54;101;7;10999;4
54;101;7;12333;1
54;101;7;13000;5
54;101;7;13123;4
54;101;7;13132;18
54;101;7;13133;3
54;101;7;13222;1
54;101;7;13333;1
54;101;7;13444;1
54;101;7;13700;2
54;101;7;22000;1
54;101;7;22001;1
54;101;7;22022;1
54;101;7;22221;2
54;101;7;22222;1
54;101;7;22441;1
54;101;7;22580;1
54;101;7;22777;2
54;101;7;40123;4
54;101;7;40444;68
54;101;7;40555;1
54;101;7;40600;4
54;101;7;40789;1
54;101;7;40888;1
54;101;7;40999;2
54;101;7;44111;9
54;101;7;44444;12
54;101;7;50555;1
54;101;7;55000;1
54;101;7;55111;2
54;101;7;55333;13
54;101;7;77888;2
54;101;5;95;43
54;101;5;96;92
54;101;5;180;107
54;101;5;222;38
54;101;5;400;123
54;101;5;445;53
54;101;3;13;114
54;101;3;45;82
54;101;3;95;9
54;101;3;96;23
54;102;1;13;176
54;102;1;22;41
54;102;1;55;2
54;102;1;70;3
54;102;1;95;6
54;102;1;96;11
54;102;6;10;1
54;102;6;11;3
54;102;6;12;5
54;102;6;13;7
54;102;6;15;1
54;102;6;40;2
54;102;6;45;1
54;102;6;95;14
54;102;6;96;5
54;102;6;1022;1
54;102;6;1055;2
54;102;6;1144;3
54;102;6;1234;3
54;102;6;1301;34
54;102;6;1312;1
54;102;6;1323;11
54;102;6;1515;15
54;102;6;1555;11
54;102;6;1599;1
54;102;6;2222;17
54;102;6;2224;1
54;102;6;2277;2
54;102;6;2518;2
54;102;6;2555;12
54;102;6;4020;54
54;102;6;4040;1
54;102;6;4044;2
54;102;6;4077;1
54;102;6;4422;2
54;102;6;4444;13
54;102;6;4455;4
54;102;6;4555;1
54;102;6;5050;2
54;102;6;5511;2
54;102;6;5533;1
54;102;6;7788;1
54;102;7;12;1
54;102;7;13;5
54;102;7;15;3
54;102;7;18;3
54;102;7;40;15
54;102;7;44;2
54;102;7;45;1
54;102;7;95;15
54;102;7;96;7
54;102;7;10010;1
54;102;7;10222;3
54;102;7;10333;1
54;102;7;10999;4
54;102;7;11888;1
54;102;7;13000;7
54;102;7;13123;6
54;102;7;13132;11
54;102;7;13133;13
54;102;7;13222;2
54;102;7;13333;1
54;102;7;13444;2
54;102;7;13700;1
54;102;7;22022;1
54;102;7;22222;3
54;102;7;22223;3
54;102;7;22580;1
54;102;7;22762;1
54;102;7;22777;2
54;102;7;33000;1
54;102;7;40040;1
54;102;7;40123;2
54;102;7;40444;49
54;102;7;40600;3
54;102;7;40777;1
54;102;7;40789;4
54;102;7;40888;1
54;102;7;40999;1
54;102;7;44111;17
54;102;7;44444;11
54;102;7;44456;1
54;102;7;45123;1
54;102;7;50180;1
54;102;7;50555;2
54;102;7;55333;24
54;102;7;55777;1
54;102;7;77888;2
54;102;5;95;46
54;102;5;96;75
54;102;5;180;127
54;102;5;222;40
54;102;5;400;147
54;102;5;445;43
54;102;3;13;150
54;102;3;45;69
54;102;3;95;12
54;102;3;96;8
54;103;1;13;200
54;103;1;14;7
54;103;1;22;44
54;103;1;55;3
54;103;1;70;2
54;103;1;95;3
54;103;1;96;16
54;103;6;12;2
54;103;6;13;2
54;103;6;18;2
54;103;6;20;1
54;103;6;22;2
54;103;6;40;3
54;103;6;44;1
54;103;6;95;4
54;103;6;96;7
54;103;6;1010;1
54;103;6;1144;9
54;103;6;1234;6
54;103;6;1277;1
54;103;6;1300;2
54;103;6;1301;15
54;103;6;1323;13
54;103;6;1515;21
54;103;6;1555;38
54;103;6;2222;11
54;103;6;2244;12
54;103;6;2518;2
54;103;6;2555;16
54;103;6;4001;2
54;103;6;4011;1
54;103;6;4020;34
54;103;6;4040;2
54;103;6;4077;4
54;103;6;4343;3
54;103;6;4411;2
54;103;6;4422;2
54;103;6;4444;25
54;103;6;4455;4
54;103;6;4555;8
54;103;6;4580;1
54;103;6;4592;2
54;103;6;5000;1
54;103;6;5050;1
54;103;6;5511;3
54;103;6;5533;1
54;103;6;5555;1
54;103;6;5577;2
54;103;6;6565;4
54;103;6;7788;1
54;103;7;12;1
54;103;7;13;3
54;103;7;16;1
54;103;7;18;3
54;103;7;22;3
54;103;7;25;2
54;103;7;40;14
54;103;7;44;1
54;103;7;45;4
54;103;7;77;1
54;103;7;95;6
54;103;7;96;6
54;103;7;10000;2
54;103;7;10123;1
54;103;7;10222;5
54;103;7;10333;6
54;103;7;10999;1
54;103;7;13000;10
54;103;7;13013;1
54;103;7;13123;14
54;103;7;13131;1
54;103;7;13133;10
54;103;7;13180;1
54;103;7;13222;1
54;103;7;13333;15
54;103;7;22180;1
54;103;7;22221;2
54;103;7;22222;7
54;103;7;22444;1
54;103;7;22580;5
54;103;7;33000;3
54;103;7;40100;1
54;103;7;40111;1
54;103;7;40444;16
54;103;7;40600;12
54;103;7;40700;1
54;103;7;40777;1
54;103;7;40789;1
54;103;7;43123;1
54;103;7;44111;67
54;103;7;44444;25
54;103;7;45555;1
54;103;7;45800;1
54;103;7;50013;1
54;103;7;55333;12
54;103;7;77888;2
54;103;5;95;31
54;103;5;96;83
54;103;5;180;164
54;103;5;222;46
54;103;5;400;165
54;103;5;445;61
54;103;3;13;163
54;103;3;45;96
54;103;3;95;6
54;103;3;96;10
54;106;1;13;71
54;106;1;14;1
54;106;1;22;20
54;106;1;55;1
54;106;1;70;1
54;106;1;96;4
54;106;6;40;6
54;106;6;1111;3
54;106;6;1555;1
54;106;6;2222;2
54;106;6;2299;1
54;106;6;2518;1
54;106;6;2555;2
54;106;6;4020;66
54;106;6;4055;1
54;106;6;4410;1
54;106;6;4444;1
54;106;6;4455;10
54;106;6;7711;2
54;106;6;7788;1
54;106;7;13;1
54;106;7;18;1
54;106;7;22;1
54;106;7;40;5
54;106;7;11111;3
54;106;7;13000;10
54;106;7;13013;1
54;106;7;22022;1
54;106;7;40234;2
54;106;7;40444;66
54;106;7;40700;3
54;106;7;40789;2
54;106;7;44111;1
54;106;7;45000;1
54;106;5;95;3
54;106;5;96;20
54;106;5;180;58
54;106;5;222;28
54;106;5;300;1
54;106;5;400;57
54;106;5;445;29
54;106;3;13;45
54;106;3;45;48
54;106;3;96;5
54;108;1;13;158
54;108;1;14;3
54;108;1;22;54
54;108;1;55;2
54;108;1;70;3
54;108;1;95;4
54;108;1;96;2
54;108;6;15;1
54;108;6;18;1
54;108;6;40;2
54;108;6;95;10
54;108;6;96;1
54;108;6;1001;1
54;108;6;1010;4
54;108;6;1055;13
54;108;6;1111;5
54;108;6;1144;2
54;108;6;1301;2
54;108;6;1323;3
54;108;6;1515;36
54;108;6;1555;23
54;108;6;2200;2
54;108;6;2222;19
54;108;6;2277;2
54;108;6;2288;1
54;108;6;2299;9
54;108;6;2333;7
54;108;6;2518;3
54;108;6;2555;3
54;108;6;4000;7
54;108;6;4020;35
54;108;6;4040;9
54;108;6;4044;1
54;108;6;4055;1
54;108;6;4077;11
54;108;6;4343;4
54;108;6;4411;1
54;108;6;4444;6
54;108;6;4522;1
54;108;7;10;1
54;108;7;13;1
54;108;7;15;1
54;108;7;18;3
54;108;7;40;6
54;108;7;44;4
54;108;7;45;1
54;108;7;95;9
54;108;7;96;2
54;108;7;10123;4
54;108;7;10333;2
54;108;7;10999;1
54;108;7;13111;6
54;108;7;13133;7
54;108;7;13222;7
54;108;7;13333;1
54;108;7;13700;1
54;108;7;15333;4
54;108;7;22022;1
54;108;7;22222;5
54;108;7;22223;10
54;108;7;22777;2
54;108;7;22888;1
54;108;7;33000;3
54;108;7;40123;6
54;108;7;40444;45
54;108;7;40600;10
54;108;7;40777;4
54;108;7;44111;34
54;108;7;44444;3
54;108;7;45123;4
54;108;7;45678;2
54;108;7;55333;27
54;108;7;55888;4
54;108;7;77888;4
54;108;5;95;25
54;108;5;96;35
54;108;5;180;108
54;108;5;222;71
54;108;5;400;129
54;108;5;445;84
54;108;3;13;118
54;108;3;45;96
54;108;3;95;3
54;108;3;96;9
54;109;1;13;116
54;109;1;14;1
54;109;1;16;1
54;109;1;22;40
54;109;1;55;4
54;109;1;70;4
54;109;1;95;6
54;109;1;96;8
54;109;6;11;1
54;109;6;13;1
54;109;6;95;8
54;109;6;96;2
54;109;6;1055;2
54;109;6;1144;6
54;109;6;1234;9
54;109;6;1301;7
54;109;6;1323;16
54;109;6;1331;1
54;109;6;1515;15
54;109;6;1525;1
54;109;6;1555;12
54;109;6;2200;1
54;109;6;2222;4
54;109;6;2244;3
54;109;6;2299;5
54;109;6;2555;16
54;109;6;4020;27
54;109;6;4077;9
54;109;6;4343;4
54;109;6;4444;16
54;109;6;4455;5
54;109;6;4490;1
54;109;6;5050;2
54;109;6;5511;3
54;109;6;7000;2
54;109;6;7711;1
54;109;7;10;1
54;109;7;13;1
54;109;7;18;2
54;109;7;22;1
54;109;7;40;3
54;109;7;44;4
54;109;7;45;1
54;109;7;55;1
54;109;7;95;7
54;109;7;96;3
54;109;7;10222;5
54;109;7;10333;13
54;109;7;10999;5
54;109;7;11888;1
54;109;7;13000;5
54;109;7;13123;2
54;109;7;13133;10
54;109;7;13222;7
54;109;7;13223;1
54;109;7;13234;6
54;109;7;13333;11
54;109;7;22022;1
54;109;7;22222;2
54;109;7;22223;1
54;109;7;22522;1
54;109;7;33000;3
54;109;7;40200;5
54;109;7;40444;18
54;109;7;40456;1
54;109;7;40700;1
54;109;7;40777;11
54;109;7;40789;3
54;109;7;44111;14
54;109;7;44444;14
54;109;7;45190;2
54;109;7;50013;1
54;109;7;55333;9
54;109;7;77888;3
54;109;5;95;31
54;109;5;96;46
54;109;5;180;85
54;109;5;222;41
54;109;5;300;1
54;109;5;400;105
54;109;5;445;51
54;109;3;13;90
54;109;3;14;1
54;109;3;45;70
54;109;3;95;6
54;109;3;96;13
54;110;1;13;119
54;110;1;22;45
54;110;1;70;3
54;110;1;95;3
54;110;1;96;3
54;110;6;11;2
54;110;6;12;1
54;110;6;44;1
54;110;6;95;6
54;110;6;96;1
54;110;6;1144;2
54;110;6;1234;15
54;110;6;1301;11
54;110;6;1323;13
54;110;6;1333;1
54;110;6;1515;8
54;110;6;1555;13
54;110;6;2222;6
54;110;6;2233;1
54;110;6;2244;3
54;110;6;2299;8
54;110;6;2555;22
54;110;6;2588;1
54;110;6;4001;1
54;110;6;4020;25
54;110;6;4077;8
54;110;6;4411;1
54;110;6;4422;3
54;110;6;4444;9
54;110;6;4455;3
54;110;6;4490;1
54;110;6;4592;2
54;110;6;5511;3
54;110;6;7000;1
54;110;6;7788;1
54;110;7;10;1
54;110;7;13;1
54;110;7;15;1
54;110;7;22;3
54;110;7;40;6
54;110;7;95;8
54;110;7;96;2
54;110;7;10222;14
54;110;7;10333;16
54;110;7;10999;2
54;110;7;12345;1
54;110;7;13000;5
54;110;7;13123;1
54;110;7;13133;4
54;110;7;13222;10
54;110;7;13234;6
54;110;7;13333;11
54;110;7;22190;1
54;110;7;22222;3
54;110;7;22223;2
54;110;7;40100;1
54;110;7;40200;2
54;110;7;40444;18
54;110;7;40777;10
54;110;7;40789;2
54;110;7;40999;1
54;110;7;44111;21
54;110;7;44444;8
54;110;7;44545;1
54;110;7;45111;1
54;110;7;55333;6
54;110;7;55777;1
54;110;7;77888;3
54;110;5;95;26
54;110;5;96;30
54;110;5;180;96
54;110;5;222;43
54;110;5;400;102
54;110;5;445;49
54;110;3;13;75
54;110;3;45;84
54;110;3;95;4
54;110;3;96;10
54;112;1;13;121
54;112;1;14;6
54;112;1;21;1
54;112;1;22;32
54;112;1;28;1
54;112;1;70;7
54;112;1;80;1
54;112;1;95;1
54;112;1;96;8
54;112;6;10;1
54;112;6;15;2
54;112;6;22;1
54;112;6;40;1
54;112;6;95;7
54;112;6;96;3
54;112;6;1055;2
54;112;6;1144;15
54;112;6;1234;5
54;112;6;1301;1
54;112;6;1322;1
54;112;6;1414;2
54;112;6;1515;19
54;112;6;1555;23
54;112;6;2200;1
54;112;6;2222;2
54;112;6;2277;1
54;112;6;2518;1
54;112;6;2555;9
54;112;6;4000;1
54;112;6;4020;30
54;112;6;4040;3
54;112;6;4044;3
54;112;6;4055;1
54;112;6;4077;22
54;112;6;4343;1
54;112;6;4444;11
54;112;6;4455;9
54;112;7;11;1
54;112;7;13;1
54;112;7;15;1
54;112;7;18;1
54;112;7;22;3
54;112;7;25;1
54;112;7;40;4
54;112;7;44;3
54;112;7;45;1
54;112;7;95;6
54;112;7;96;6
54;112;7;10222;1
54;112;7;10333;1
54;112;7;10444;1
54;112;7;10999;1
54;112;7;13000;5
54;112;7;13131;1
54;112;7;13132;1
54;112;7;13133;1
54;112;7;13222;5
54;112;7;13444;4
54;112;7;22777;1
54;112;7;33000;1
54;112;7;40123;1
54;112;7;40444;33
54;112;7;40500;1
54;112;7;40600;1
54;112;7;40777;18
54;112;7;44111;48
54;112;7;44444;10
54;112;7;55333;9
54;112;7;55555;2
54;112;7;55888;4
54;112;5;95;22
54;112;5;96;36
54;112;5;180;81
54;112;5;222;46
54;112;5;400;102
54;112;5;445;69
54;112;3;13;85
54;112;3;14;1
54;112;3;45;78
54;112;3;95;3
54;112;3;96;11
54;115;1;13;154
54;115;1;14;5
54;115;1;22;53
54;115;1;55;1
54;115;1;70;5
54;115;1;95;5
54;115;1;96;2
54;115;6;18;1
54;115;6;22;1
54;115;6;95;12
54;115;6;96;3
54;115;6;1010;2
54;115;6;1055;5
54;115;6;1111;4
54;115;6;1144;3
54;115;6;1234;1
54;115;6;1323;3
54;115;6;1515;37
54;115;6;1555;21
54;115;6;2200;1
54;115;6;2222;12
54;115;6;2244;1
54;115;6;2277;4
54;115;6;2288;1
54;115;6;2299;6
54;115;6;2333;5
54;115;6;2518;1
54;115;6;2555;5
54;115;6;4000;12
54;115;6;4020;46
54;115;6;4040;6
54;115;6;4077;8
54;115;6;4343;5
54;115;6;4411;1
54;115;6;4444;15
54;115;6;4445;1
54;115;6;4455;1
54;115;6;7744;1
54;115;7;18;2
54;115;7;22;3
54;115;7;40;5
54;115;7;43;1
54;115;7;44;2
54;115;7;95;15
54;115;7;96;6
54;115;7;10123;4
54;115;7;10999;3
54;115;7;11111;1
54;115;7;13111;8
54;115;7;13123;1
54;115;7;13133;10
54;115;7;13222;8
54;115;7;13444;1
54;115;7;15333;4
54;115;7;22022;1
54;115;7;22222;3
54;115;7;22223;1
54;115;7;22777;3
54;115;7;22888;1
54;115;7;33000;1
54;115;7;40123;9
54;115;7;40200;1
54;115;7;40444;47
54;115;7;40600;5
54;115;7;40777;3
54;115;7;40789;1
54;115;7;44111;24
54;115;7;44444;10
54;115;7;45000;1
54;115;7;45123;2
54;115;7;45678;5
54;115;7;55333;28
54;115;7;55888;1
54;115;7;77888;4
54;115;5;95;46
54;115;5;96;35
54;115;5;180;112
54;115;5;222;60
54;115;5;400;115
54;115;5;445;82
54;115;3;13;108
54;115;3;45;104
54;115;3;95;5
54;115;3;96;8
54;121;1;13;90
54;121;1;14;2
54;121;1;22;27
54;121;1;70;1
54;121;1;95;4
54;121;1;96;1
54;121;6;12;1
54;121;6;18;1
54;121;6;40;2
54;121;6;44;1
54;121;6;95;1
54;121;6;1010;2
54;121;6;1111;1
54;121;6;1144;2
54;121;6;1314;3
54;121;6;1515;8
54;121;6;1555;3
54;121;6;2299;42
54;121;6;2555;1
54;121;6;4020;34
54;121;6;7711;23
54;121;7;11;1
54;121;7;18;2
54;121;7;22;1
54;121;7;40;6
54;121;7;44;1
54;121;7;77;1
54;121;7;95;1
54;121;7;10123;5
54;121;7;11111;1
54;121;7;13133;5
54;121;7;13333;1
54;121;7;40444;57
54;121;7;40700;23
54;121;7;40789;12
54;121;7;44111;5
54;121;7;55333;3
54;121;5;95;13
54;121;5;96;30
54;121;5;180;80
54;121;5;222;22
54;121;5;400;79
54;121;5;445;26
54;121;3;13;75
54;121;3;45;43
54;121;3;95;3
54;121;3;96;4
54;122;1;13;236
54;122;1;14;5
54;122;1;22;49
54;122;1;55;2
54;122;1;70;6
54;122;1;95;6
54;122;1;96;11
54;122;6;13;1
54;122;6;18;1
54;122;6;22;1
54;122;6;25;1
54;122;6;40;1
54;122;6;95;7
54;122;6;1010;1
54;122;6;1055;1
54;122;6;1111;1
54;122;6;1144;23
54;122;6;1234;12
54;122;6;1300;2
54;122;6;1301;8
54;122;6;1313;1
54;122;6;1322;3
54;122;6;1323;11
54;122;6;1333;3
54;122;6;1414;2
54;122;6;1515;24
54;122;6;1555;19
54;122;6;2201;1
54;122;6;2222;16
54;122;6;2244;12
54;122;6;2299;6
54;122;6;2518;2
54;122;6;2555;34
54;122;6;3011;2
54;122;6;3300;1
54;122;6;4000;1
54;122;6;4020;66
54;122;6;4055;2
54;122;6;4077;2
54;122;6;4343;4
54;122;6;4400;1
54;122;6;4422;3
54;122;6;4444;10
54;122;6;4455;5
54;122;6;4592;7
54;122;6;5050;6
54;122;6;5511;7
54;122;6;5533;1
54;122;6;7711;1
54;122;6;7744;1
54;122;6;7788;1
54;122;7;11;1
54;122;7;12;1
54;122;7;13;4
54;122;7;15;1
54;122;7;18;3
54;122;7;22;2
54;122;7;40;7
54;122;7;44;1
54;122;7;95;8
54;122;7;96;2
54;122;7;10222;11
54;122;7;10333;19
54;122;7;10999;3
54;122;7;11000;1
54;122;7;11111;1
54;122;7;13000;40
54;122;7;13013;5
54;122;7;13123;8
54;122;7;13132;1
54;122;7;13133;26
54;122;7;13222;12
54;122;7;13234;1
54;122;7;13333;10
54;122;7;13456;2
54;122;7;15192;1
54;122;7;22022;3
54;122;7;22222;4
54;122;7;22580;1
54;122;7;22777;1
54;122;7;33000;5
54;122;7;33900;1
54;122;7;40000;3
54;122;7;40222;2
54;122;7;40444;44
54;122;7;40500;3
54;122;7;40600;10
54;122;7;40789;7
54;122;7;40999;3
54;122;7;44111;17
54;122;7;44444;14
54;122;7;45111;2
54;122;7;45190;1
54;122;7;45222;1
54;122;7;45800;3
54;122;7;50180;1
54;122;7;50555;7
54;122;7;55333;9
54;122;7;55888;1
54;122;7;77888;1
54;122;5;95;46
54;122;5;96;53
54;122;5;180;194
54;122;5;222;52
54;122;5;400;208
54;122;5;445;75
54;122;5;800;2
54;122;3;13;185
54;122;3;14;2
54;122;3;35;1
54;122;3;45;113
54;122;3;95;3
54;122;3;96;11
54;123;1;13;182
54;123;1;14;3
54;123;1;22;52
54;123;1;55;1
54;123;1;70;6
54;123;1;95;10
54;123;1;96;3
54;123;6;12;1
54;123;6;13;2
54;123;6;20;1
54;123;6;44;1
54;123;6;95;10
54;123;6;96;7
54;123;6;1010;2
54;123;6;1022;1
54;123;6;1144;15
54;123;6;1234;6
54;123;6;1301;4
54;123;6;1323;8
54;123;6;1414;1
54;123;6;1515;39
54;123;6;1533;1
54;123;6;1555;10
54;123;6;2200;1
54;123;6;2222;9
54;123;6;2224;1
54;123;6;2244;20
54;123;6;2299;7
54;123;6;2518;1
54;123;6;2555;15
54;123;6;4020;36
54;123;6;4044;11
54;123;6;4055;1
54;123;6;4077;2
54;123;6;4343;7
54;123;6;4422;3
54;123;6;4444;8
54;123;6;4455;10
54;123;6;4477;1
54;123;6;4555;1
54;123;6;4592;1
54;123;6;5050;4
54;123;6;5511;7
54;123;6;5555;1
54;123;6;7744;1
54;123;7;12;1
54;123;7;13;4
54;123;7;18;2
54;123;7;20;1
54;123;7;22;3
54;123;7;40;5
54;123;7;44;1
54;123;7;95;12
54;123;7;96;5
54;123;7;10123;2
54;123;7;10222;5
54;123;7;10333;8
54;123;7;10999;2
54;123;7;11100;1
54;123;7;13000;27
54;123;7;13111;1
54;123;7;13123;2
54;123;7;13133;13
54;123;7;13222;18
54;123;7;13333;10
54;123;7;13444;2
54;123;7;13999;1
54;123;7;15333;1
54;123;7;22000;1
54;123;7;22022;2
54;123;7;22222;4
54;123;7;22223;1
54;123;7;33000;3
54;123;7;33900;1
54;123;7;40100;1
54;123;7;40200;1
54;123;7;40444;38
54;123;7;40456;1
54;123;7;40500;1
54;123;7;40600;2
54;123;7;40777;2
54;123;7;40789;11
54;123;7;44111;17
54;123;7;44444;12
54;123;7;45111;1
54;123;7;45190;1
54;123;7;45222;1
54;123;7;50013;1
54;123;7;50113;1
54;123;7;50555;3
54;123;7;55111;1
54;123;7;55333;21
54;123;7;55555;1
54;123;7;77888;1
54;123;5;95;65
54;123;5;96;46
54;123;5;180;126
54;123;5;222;66
54;123;5;400;135
54;123;5;445;75
54;123;5;800;1
54;123;3;13;128
54;123;3;45;108
54;123;3;95;7
54;123;3;96;14
54;124;1;13;174
54;124;1;14;4
54;124;1;22;61
54;124;1;55;1
54;124;1;70;11
54;124;1;95;2
54;124;1;96;6
54;124;6;11;1
54;124;6;13;1
54;124;6;40;1
54;124;6;95;15
54;124;6;96;3
54;124;6;1001;1
54;124;6;1010;1
54;124;6;1055;1
54;124;6;1144;25
54;124;6;1234;10
54;124;6;1301;3
54;124;6;1323;16
54;124;6;1515;27
54;124;6;1555;13
54;124;6;2200;2
54;124;6;2212;1
54;124;6;2222;13
54;124;6;2244;12
54;124;6;2299;9
54;124;6;2518;2
54;124;6;2555;14
54;124;6;4020;31
54;124;6;4040;1
54;124;6;4044;1
54;124;6;4055;5
54;124;6;4077;3
54;124;6;4343;1
54;124;6;4411;1
54;124;6;4422;1
54;124;6;4444;17
54;124;6;4455;6
54;124;6;4477;1
54;124;6;4490;1
54;124;6;4592;7
54;124;6;5050;2
54;124;6;5511;6
54;124;6;5588;2
54;124;6;7744;2
54;124;7;13;1
54;124;7;15;1
54;124;7;18;3
54;124;7;22;3
54;124;7;40;6
54;124;7;55;1
54;124;7;95;15
54;124;7;96;1
54;124;7;10123;2
54;124;7;10222;8
54;124;7;10333;6
54;124;7;10999;2
54;124;7;13000;20
54;124;7;13123;8
54;124;7;13131;3
54;124;7;13133;13
54;124;7;13222;11
54;124;7;13333;24
54;124;7;13444;1
54;124;7;15333;1
54;124;7;22022;4
54;124;7;22222;2
54;124;7;30745;1
54;124;7;33000;2
54;124;7;40200;1
54;124;7;40444;34
54;124;7;40500;3
54;124;7;40600;3
54;124;7;40777;2
54;124;7;40789;15
54;124;7;44111;13
54;124;7;44444;20
54;124;7;44456;2
54;124;7;44555;1
54;124;7;45045;1
54;124;7;45190;2
54;124;7;45800;2
54;124;7;50555;4
54;124;7;55125;1
54;124;7;55333;15
54;124;7;77123;1
54;124;5;95;57
54;124;5;96;49
54;124;5;180;116
54;124;5;222;67
54;124;5;290;1
54;124;5;400;137
54;124;5;445;89
54;124;5;800;2
54;124;3;13;124
54;124;3;14;1
54;124;3;45;118
54;124;3;95;7
54;124;3;96;9
54;125;1;13;140
54;125;1;14;7
54;125;1;16;1
54;125;1;22;71
54;125;1;55;5
54;125;1;70;5
54;125;1;95;2
54;125;1;96;4
54;125;6;13;1
54;125;6;15;1
54;125;6;40;1
54;125;6;95;12
54;125;6;96;1
54;125;6;1010;2
54;125;6;1020;1
54;125;6;1055;1
54;125;6;1111;1
54;125;6;1144;11
54;125;6;1234;7
54;125;6;1301;5
54;125;6;1322;1
54;125;6;1323;10
54;125;6;1414;1
54;125;6;1515;14
54;125;6;1555;9
54;125;6;2200;2
54;125;6;2222;15
54;125;6;2233;2
54;125;6;2244;6
54;125;6;2299;13
54;125;6;2518;4
54;125;6;2555;16
54;125;6;2589;1
54;125;6;4000;1
54;125;6;4001;1
54;125;6;4020;31
54;125;6;4044;3
54;125;6;4055;2
54;125;6;4077;2
54;125;6;4343;2
54;125;6;4422;2
54;125;6;4444;17
54;125;6;4445;1
54;125;6;4455;6
54;125;6;4490;1
54;125;6;4592;8
54;125;6;5050;3
54;125;6;5077;2
54;125;6;5511;11
54;125;6;5555;1
54;125;6;7744;2
54;125;6;8080;1
54;125;7;10;1
54;125;7;11;1
54;125;7;12;2
54;125;7;13;2
54;125;7;15;1
54;125;7;18;1
54;125;7;22;2
54;125;7;40;5
54;125;7;44;3
54;125;7;95;16
54;125;7;96;1
54;125;7;10123;1
54;125;7;10222;7
54;125;7;10333;8
54;125;7;10999;4
54;125;7;13000;12
54;125;7;13123;2
54;125;7;13131;1
54;125;7;13133;11
54;125;7;13222;6
54;125;7;13333;7
54;125;7;13444;5
54;125;7;22007;1
54;125;7;22022;3
54;125;7;22180;1
54;125;7;22190;3
54;125;7;22222;5
54;125;7;25555;1
54;125;7;33000;2
54;125;7;33456;1
54;125;7;40123;1
54;125;7;40444;42
54;125;7;40500;2
54;125;7;40600;3
54;125;7;40777;2
54;125;7;40789;1
54;125;7;44111;20
54;125;7;44444;18
54;125;7;45111;2
54;125;7;45190;1
54;125;7;50013;1
54;125;7;50555;8
54;125;7;55111;2
54;125;7;55333;14
54;125;7;55555;1
54;125;7;80000;1
54;125;5;95;46
54;125;5;96;39
54;125;5;162;1
54;125;5;180;106
54;125;5;222;75
54;125;5;400;113
54;125;5;445;89
54;125;5;800;1
54;125;3;13;104
54;125;3;16;1
54;125;3;30;1
54;125;3;45;116
54;125;3;95;6
54;125;3;96;7
54;126;1;13;162
54;126;1;14;3
54;126;1;22;39
54;126;1;55;2
54;126;1;70;3
54;126;1;80;1
54;126;1;95;2
54;126;1;96;9
54;126;6;11;2
54;126;6;12;3
54;126;6;13;4
54;126;6;40;1
54;126;6;45;1
54;126;6;95;8
54;126;6;96;6
54;126;6;1010;2
54;126;6;1144;17
54;126;6;1234;12
54;126;6;1301;12
54;126;6;1313;2
54;126;6;1323;8
54;126;6;1331;1
54;126;6;1467;1
54;126;6;1515;21
54;126;6;1555;7
54;126;6;2211;2
54;126;6;2222;10
54;126;6;2244;1
54;126;6;2299;2
54;126;6;2555;16
54;126;6;4000;1
54;126;6;4020;25
54;126;6;4040;1
54;126;6;4044;4
54;126;6;4055;4
54;126;6;4077;4
54;126;6;4343;1
54;126;6;4422;2
54;126;6;4444;9
54;126;6;4455;6
54;126;6;4490;7
54;126;6;4511;1
54;126;6;4555;1
54;126;6;4592;8
54;126;6;5050;1
54;126;6;5511;5
54;126;6;5533;1
54;126;6;5588;1
54;126;7;11;1
54;126;7;13;6
54;126;7;15;2
54;126;7;18;2
54;126;7;22;1
54;126;7;40;5
54;126;7;44;3
54;126;7;55;1
54;126;7;77;1
54;126;7;95;9
54;126;7;96;9
54;126;7;10123;1
54;126;7;10222;10
54;126;7;10333;10
54;126;7;10999;6
54;126;7;13000;9
54;126;7;13013;2
54;126;7;13123;5
54;126;7;13131;4
54;126;7;13132;1
54;126;7;13133;5
54;126;7;13222;20
54;126;7;13234;3
54;126;7;13333;12
54;126;7;13456;1
54;126;7;22190;5
54;126;7;22221;1
54;126;7;22222;1
54;126;7;22223;1
54;126;7;22777;1
54;126;7;40000;3
54;126;7;40111;1
54;126;7;40444;27
54;126;7;40456;1
54;126;7;40777;3
54;126;7;40789;4
54;126;7;44111;13
54;126;7;44444;8
54;126;7;45190;3
54;126;7;45222;1
54;126;7;55000;2
54;126;7;55333;14
54;126;7;77777;1
54;126;7;77888;2
54;126;5;95;41
54;126;5;96;60
54;126;5;180;118
54;126;5;222;39
54;126;5;400;133
54;126;5;445;50
54;126;5;800;1
54;126;3;13;129
54;126;3;14;1
54;126;3;45;71
54;126;3;95;5
54;126;3;96;15
54;128;1;13;156
54;128;1;14;2
54;128;1;22;29
54;128;1;55;2
54;128;1;70;3
54;128;1;95;4
54;128;1;96;11
54;128;6;12;2
54;128;6;13;1
54;128;6;14;1
54;128;6;15;1
54;128;6;18;1
54;128;6;25;1
54;128;6;44;2
54;128;6;45;1
54;128;6;95;2
54;128;6;96;2
54;128;6;1055;2
54;128;6;1144;3
54;128;6;1234;1
54;128;6;1300;1
54;128;6;1301;39
54;128;6;1312;1
54;128;6;1323;5
54;128;6;1515;11
54;128;6;1555;8
54;128;6;2222;7
54;128;6;2277;2
54;128;6;2288;2
54;128;6;2299;4
54;128;6;2555;8
54;128;6;3000;1
54;128;6;4020;45
54;128;6;4040;2
54;128;6;4044;3
54;128;6;4411;2
54;128;6;4444;13
54;128;6;4455;29
54;128;6;4456;2
54;128;6;4490;1
54;128;6;7744;1
54;128;7;11;1
54;128;7;13;8
54;128;7;18;8
54;128;7;22;1
54;128;7;40;9
54;128;7;44;3
54;128;7;95;3
54;128;7;96;4
54;128;7;10222;1
54;128;7;10999;2
54;128;7;13000;28
54;128;7;13123;33
54;128;7;13133;9
54;128;7;13234;1
54;128;7;13333;4
54;128;7;13444;1
54;128;7;22222;2
54;128;7;22322;2
54;128;7;22777;1
54;128;7;40111;1
54;128;7;40123;1
54;128;7;40444;5
54;128;7;40600;8
54;128;7;40789;3
54;128;7;40999;1
54;128;7;44111;50
54;128;7;44444;8
54;128;7;45111;1
54;128;7;45777;2
54;128;7;45789;1
54;128;7;50555;2
54;128;7;55333;2
54;128;7;77888;1
54;128;5;95;22
54;128;5;96;80
54;128;5;180;122
54;128;5;222;31
54;128;5;400;115
54;128;5;445;43
54;128;5;800;1
54;128;3;13;129
54;128;3;45;55
54;128;3;95;5
54;128;3;96;18
54;132;1;13;172
54;132;1;14;4
54;132;1;22;40
54;132;1;55;2
54;132;1;70;1
54;132;1;95;4
54;132;1;96;9
54;132;6;11;1
54;132;6;12;4
54;132;6;13;4
54;132;6;15;1
54;132;6;40;3
54;132;6;95;15
54;132;6;96;5
54;132;6;1055;1
54;132;6;1144;2
54;132;6;1233;1
54;132;6;1234;2
54;132;6;1299;1
54;132;6;1301;35
54;132;6;1313;1
54;132;6;1314;1
54;132;6;1322;1
54;132;6;1323;16
54;132;6;1515;8
54;132;6;1555;10
54;132;6;1800;1
54;132;6;2222;10
54;132;6;2277;4
54;132;6;2299;2
54;132;6;2333;1
54;132;6;2555;17
54;132;6;4020;45
54;132;6;4040;1
54;132;6;4044;3
54;132;6;4077;2
54;132;6;4343;1
54;132;6;4422;1
54;132;6;4444;20
54;132;6;4445;1
54;132;6;4455;6
54;132;6;5050;1
54;132;6;5511;4
54;132;7;10;1
54;132;7;11;1
54;132;7;13;6
54;132;7;15;1
54;132;7;18;1
54;132;7;30;1
54;132;7;40;6
54;132;7;44;1
54;132;7;45;2
54;132;7;95;16
54;132;7;96;8
54;132;7;10100;1
54;132;7;10222;1
54;132;7;10444;1
54;132;7;10999;2
54;132;7;11010;1
54;132;7;13000;5
54;132;7;13123;13
54;132;7;13132;15
54;132;7;13133;18
54;132;7;13222;1
54;132;7;13333;2
54;132;7;13444;6
54;132;7;13700;1
54;132;7;22022;1
54;132;7;22221;1
54;132;7;22222;1
54;132;7;22223;1
54;132;7;22580;1
54;132;7;22777;4
54;132;7;40123;3
54;132;7;40444;42
54;132;7;40456;1
54;132;7;40600;6
54;132;7;40777;1
54;132;7;40789;4
54;132;7;40999;1
54;132;7;44111;16
54;132;7;44444;20
54;132;7;44456;1
54;132;7;45111;1
54;132;7;50555;1
54;132;7;55333;13
54;132;7;55888;1
54;132;7;77123;1
54;132;5;95;50
54;132;5;96;66
54;132;5;180;127
54;132;5;222;39
54;132;5;400;139
54;132;5;445;43
54;132;3;13;142
54;132;3;45;71
54;132;3;95;7
54;132;3;96;12
54;133;1;13;79
54;133;1;22;11
54;133;1;96;5
54;133;6;12;1
54;133;6;15;1
54;133;6;95;4
54;133;6;1099;1
54;133;6;1144;6
54;133;6;1234;3
54;133;6;1301;21
54;133;6;1312;1
54;133;6;1314;1
54;133;6;1515;13
54;133;6;1555;12
54;133;6;2299;3
54;133;6;2518;2
54;133;6;2555;2
54;133;6;4020;20
54;133;6;4411;2
54;133;6;4444;1
54;133;6;4455;1
54;133;7;13;1
54;133;7;15;1
54;133;7;18;4
54;133;7;40;1
54;133;7;44;2
54;133;7;10222;2
54;133;7;10333;1
54;133;7;10999;7
54;133;7;13000;2
54;133;7;13123;22
54;133;7;13133;8
54;133;7;40400;1
54;133;7;40444;15
54;133;7;40600;2
54;133;7;40700;3
54;133;7;44111;20
54;133;7;44444;1
54;133;7;55333;2
54;133;5;95;16
54;133;5;96;20
54;133;5;180;70
54;133;5;222;8
54;133;5;400;63
54;133;5;445;8
54;133;5;800;5
54;133;3;13;75
54;133;3;45;16
54;133;3;95;1
54;133;3;96;3
54;138;1;13;134
54;138;1;14;7
54;138;1;22;44
54;138;1;55;4
54;138;1;70;8
54;138;1;95;8
54;138;1;96;4
54;138;6;13;1
54;138;6;25;1
54;138;6;40;1
54;138;6;45;1
54;138;6;95;11
54;138;6;96;2
54;138;6;1010;2
54;138;6;1144;15
54;138;6;1234;15
54;138;6;1301;2
54;138;6;1323;11
54;138;6;1444;1
54;138;6;1515;18
54;138;6;1555;5
54;138;6;2222;11
54;138;6;2244;10
54;138;6;2299;3
54;138;6;2333;1
54;138;6;2555;20
54;138;6;4020;22
54;138;6;4040;3
54;138;6;4044;1
54;138;6;4077;3
54;138;6;4343;4
54;138;6;4422;2
54;138;6;4444;14
54;138;6;4455;11
54;138;6;4592;8
54;138;6;5050;2
54;138;6;5099;1
54;138;6;5511;5
54;138;6;5533;1
54;138;6;7711;1
54;138;7;12;1
54;138;7;13;2
54;138;7;40;1
54;138;7;44;2
54;138;7;45;1
54;138;7;95;8
54;138;7;96;3
54;138;7;10123;2
54;138;7;10222;15
54;138;7;10333;11
54;138;7;10800;1
54;138;7;10999;3
54;138;7;11888;1
54;138;7;13000;19
54;138;7;13013;1
54;138;7;13111;1
54;138;7;13123;1
54;138;7;13132;1
54;138;7;13133;5
54;138;7;13222;18
54;138;7;13234;3
54;138;7;13333;14
54;138;7;13444;1
54;138;7;13777;1
54;138;7;22022;1
54;138;7;22222;1
54;138;7;22223;2
54;138;7;22580;1
54;138;7;22762;1
54;138;7;33000;1
54;138;7;40333;1
54;138;7;40444;25
54;138;7;40456;2
54;138;7;40600;3
54;138;7;40777;1
54;138;7;40789;5
54;138;7;44111;5
54;138;7;44444;18
54;138;7;45111;3
54;138;7;45456;1
54;138;7;45777;1
54;138;7;50013;4
54;138;7;50555;3
54;138;7;55111;1
54;138;7;55333;12
54;138;7;55555;1
54;138;5;95;38
54;138;5;96;30
54;138;5;162;1
54;138;5;180;104
54;138;5;222;58
54;138;5;400;117
54;138;5;445;69
54;138;5;800;1
54;138;3;13;98
54;138;3;45;96
54;138;3;80;2
54;138;3;95;9
54;138;3;96;4
54;139;1;13;149
54;139;1;14;2
54;139;1;22;35
54;139;1;70;4
54;139;1;95;5
54;139;1;96;10
54;139;6;13;6
54;139;6;23;1
54;139;6;40;1
54;139;6;95;5
54;139;6;96;1
54;139;6;1055;4
54;139;6;1144;1
54;139;6;1234;2
54;139;6;1300;1
54;139;6;1301;34
54;139;6;1314;1
54;139;6;1323;1
54;139;6;1331;1
54;139;6;1444;1
54;139;6;1515;12
54;139;6;1555;11
54;139;6;2200;1
54;139;6;2222;7
54;139;6;2244;1
54;139;6;2255;1
54;139;6;2277;1
54;139;6;2288;2
54;139;6;2555;9
54;139;6;4020;51
54;139;6;4044;3
54;139;6;4411;1
54;139;6;4422;2
54;139;6;4444;12
54;139;6;4455;27
54;139;6;4555;1
54;139;6;5050;1
54;139;6;5555;2
54;139;7;13;6
54;139;7;18;4
54;139;7;22;1
54;139;7;40;5
54;139;7;44;1
54;139;7;45;2
54;139;7;95;6
54;139;7;96;1
54;139;7;10222;1
54;139;7;10333;5
54;139;7;13000;36
54;139;7;13123;31
54;139;7;13131;1
54;139;7;13133;7
54;139;7;13234;2
54;139;7;13333;2
54;139;7;22221;1
54;139;7;22222;2
54;139;7;22580;1
54;139;7;22888;1
54;139;7;40000;1
54;139;7;40123;1
54;139;7;40444;3
54;139;7;40600;5
54;139;7;40789;1
54;139;7;44111;62
54;139;7;44444;11
54;139;7;44447;1
54;139;7;55333;3
54;139;7;55555;1
54;139;5;95;43
54;139;5;96;65
54;139;5;180;103
54;139;5;222;34
54;139;5;400;117
54;139;5;445;48
54;139;3;13;118
54;139;3;45;64
54;139;3;95;8
54;139;3;96;15
54;141;1;13;197
54;141;1;14;3
54;141;1;22;25
54;141;1;55;1
54;141;1;95;5
54;141;1;96;7
54;141;6;11;1
54;141;6;13;1
54;141;6;18;1
54;141;6;40;3
54;141;6;44;2
54;141;6;95;9
54;141;6;96;5
54;141;6;1144;4
54;141;6;1300;1
54;141;6;1301;2
54;141;6;1323;2
54;141;6;1515;9
54;141;6;1555;4
54;141;6;2222;3
54;141;6;2244;7
54;141;6;2299;66
54;141;6;2555;5
54;141;6;4020;66
54;141;6;4040;1
54;141;6;4044;4
54;141;6;4077;1
54;141;6;4444;8
54;141;6;4490;3
54;141;6;4555;1
54;141;6;5050;3
54;141;6;5533;1
54;141;6;7711;25
54;141;7;13;3
54;141;7;18;2
54;141;7;22;2
54;141;7;40;12
54;141;7;45;1
54;141;7;95;9
54;141;7;96;2
54;141;7;10333;1
54;141;7;13000;11
54;141;7;13123;3
54;141;7;13132;1
54;141;7;13133;1
54;141;7;13222;4
54;141;7;13234;1
54;141;7;13333;2
54;141;7;13444;1
54;141;7;22180;1
54;141;7;40100;2
54;141;7;40444;99
54;141;7;40600;1
54;141;7;40700;45
54;141;7;40789;2
54;141;7;44111;7
54;141;7;44444;11
54;141;7;44455;1
54;141;7;45800;1
54;141;7;50555;4
54;141;7;55333;6
54;141;7;55777;1
54;141;7;77888;1
54;141;5;95;50
54;141;5;96;46
54;141;5;180;152
54;141;5;222;35
54;141;5;400;154
54;141;5;445;39
54;141;3;13;141
54;141;3;45;76
54;141;3;95;7
54;141;3;96;14
54;143;1;13;83
54;143;1;14;1
54;143;1;22;12
54;143;1;70;3
54;143;6;45;1
54;143;6;95;1
54;143;6;1313;1
54;143;6;1515;1
54;143;6;2299;27
54;143;6;2555;2
54;143;6;4000;3
54;143;6;4020;59
54;143;6;4040;1
54;143;6;7711;3
54;143;7;22;1
54;143;7;25;1
54;143;7;40;2
54;143;7;95;1
54;143;7;96;1
54;143;7;22999;1
54;143;7;40000;1
54;143;7;40444;23
54;143;7;40700;52
54;143;7;40789;12
54;143;7;45678;3
54;143;7;55333;1
54;143;5;95;9
54;143;5;96;9
54;143;5;180;63
54;143;5;222;20
54;143;5;400;69
54;143;5;445;28
54;143;3;13;66
54;143;3;45;32
54;143;3;96;1
54;144;1;13;147
54;144;1;14;3
54;144;1;22;18
54;144;1;55;1
54;144;1;70;2
54;144;1;95;5
54;144;1;96;7
54;144;6;11;1
54;144;6;25;2
54;144;6;40;2
54;144;6;43;1
54;144;6;95;6
54;144;6;96;1
54;144;6;1010;1
54;144;6;1144;19
54;144;6;1234;7
54;144;6;1301;8
54;144;6;1311;2
54;144;6;1323;2
54;144;6;1441;1
54;144;6;1515;23
54;144;6;1555;12
54;144;6;2222;2
54;144;6;2255;1
54;144;6;2299;9
54;144;6;2555;32
54;144;6;4000;1
54;144;6;4001;1
54;144;6;4010;1
54;144;6;4020;24
54;144;6;4040;1
54;144;6;4077;4
54;144;6;4343;1
54;144;6;4422;2
54;144;6;4444;6
54;144;6;4445;1
54;144;6;4455;1
54;144;6;4592;3
54;144;6;5511;5
54;144;7;10;1
54;144;7;13;1
54;144;7;15;1
54;144;7;18;4
54;144;7;22;1
54;144;7;25;1
54;144;7;40;7
54;144;7;95;8
54;144;7;96;1
54;144;7;10123;1
54;144;7;10222;6
54;144;7;10333;10
54;144;7;10999;4
54;144;7;13000;4
54;144;7;13123;4
54;144;7;13131;2
54;144;7;13132;1
54;144;7;13133;3
54;144;7;13222;34
54;144;7;13234;2
54;144;7;13333;1
54;144;7;13888;1
54;144;7;22222;2
54;144;7;33000;1
54;144;7;40000;1
54;144;7;40444;37
54;144;7;40600;2
54;144;7;40777;4
54;144;7;44111;17
54;144;7;44333;1
54;144;7;44444;5
54;144;7;45190;1
54;144;7;50111;1
54;144;7;55333;13
54;144;5;95;28
54;144;5;96;36
54;144;5;180;109
54;144;5;222;36
54;144;5;400;117
54;144;5;445;40
54;144;3;13;120
54;144;3;14;1
54;144;3;45;53
54;144;3;95;6
54;144;3;96;3
54;148;1;13;140
54;148;1;14;5
54;148;1;22;52
54;148;1;55;2
54;148;1;70;5
54;148;1;95;5
54;148;1;96;9
54;148;6;13;2
54;148;6;22;1
54;148;6;40;2
54;148;6;95;13
54;148;6;96;4
54;148;6;1010;1
54;148;6;1055;1
54;148;6;1111;1
54;148;6;1144;11
54;148;6;1234;8
54;148;6;1301;6
54;148;6;1323;7
54;148;6;1515;18
54;148;6;1555;3
54;148;6;2211;1
54;148;6;2222;12
54;148;6;2233;1
54;148;6;2244;6
54;148;6;2277;1
54;148;6;2288;1
54;148;6;2299;2
54;148;6;2555;19
54;148;6;4020;40
54;148;6;4044;2
54;148;6;4055;2
54;148;6;4077;2
54;148;6;4343;3
54;148;6;4422;3
54;148;6;4444;8
54;148;6;4455;10
54;148;6;4511;2
54;148;6;4555;1
54;148;6;4592;7
54;148;6;5050;2
54;148;6;5511;11
54;148;6;5533;1
54;148;6;6565;1
54;148;6;7711;1
54;148;6;7744;1
54;148;7;13;1
54;148;7;18;2
54;148;7;22;3
54;148;7;40;6
54;148;7;44;3
54;148;7;55;1
54;148;7;95;11
54;148;7;96;2
54;148;7;10222;5
54;148;7;10333;8
54;148;7;10999;3
54;148;7;13000;14
54;148;7;13123;2
54;148;7;13131;1
54;148;7;13132;1
54;148;7;13133;4
54;148;7;13222;16
54;148;7;13333;10
54;148;7;22022;2
54;148;7;22026;1
54;148;7;22190;1
54;148;7;22222;3
54;148;7;22762;1
54;148;7;22888;1
54;148;7;33000;6
54;148;7;33111;1
54;148;7;40000;1
54;148;7;40123;1
54;148;7;40444;46
54;148;7;40600;4
54;148;7;40777;4
54;148;7;40789;2
54;148;7;44111;10
54;148;7;44444;13
54;148;7;45111;3
54;148;7;45123;1
54;148;7;45411;1
54;148;7;45777;2
54;148;7;50013;1
54;148;7;50555;3
54;148;7;55333;14
54;148;7;55555;3
54;148;5;95;59
54;148;5;96;41
54;148;5;180;92
54;148;5;222;54
54;148;5;300;2
54;148;5;400;112
54;148;5;445;74
54;148;5;800;2
54;148;3;13;90
54;148;3;45;107
54;148;3;80;1
54;148;3;95;10
54;148;3;96;10
54;149;1;13;155
54;149;1;14;3
54;149;1;22;42
54;149;1;55;3
54;149;1;70;9
54;149;1;95;2
54;149;1;96;5
54;149;6;11;1
54;149;6;13;2
54;149;6;22;1
54;149;6;25;1
54;149;6;40;1
54;149;6;95;9
54;149;6;96;4
54;149;6;1111;1
54;149;6;1144;1
54;149;6;1234;3
54;149;6;1300;2
54;149;6;1301;1
54;149;6;1323;10
54;149;6;1399;1
54;149;6;1515;15
54;149;6;1555;10
54;149;6;2222;7
54;149;6;2244;1
54;149;6;2555;39
54;149;6;2588;3
54;149;6;4000;4
54;149;6;4020;70
54;149;6;4040;6
54;149;6;4044;1
54;149;6;4077;4
54;149;6;4444;11
54;149;6;4455;1
54;149;6;4456;1
54;149;6;4592;1
54;149;6;5511;1
54;149;6;5533;1
54;149;6;5555;1
54;149;6;5588;2
54;149;6;6565;1
54;149;6;7755;1
54;149;7;13;2
54;149;7;15;1
54;149;7;18;1
54;149;7;22;2
54;149;7;25;2
54;149;7;40;9
54;149;7;44;3
54;149;7;55;1
54;149;7;95;6
54;149;7;96;3
54;149;7;10222;4
54;149;7;13000;5
54;149;7;13133;2
54;149;7;13222;4
54;149;7;13333;12
54;149;7;15333;1
54;149;7;22022;1
54;149;7;22221;1
54;149;7;22222;2
54;149;7;22777;1
54;149;7;25555;10
54;149;7;33000;2
54;149;7;40123;2
54;149;7;40444;69
54;149;7;40555;1
54;149;7;40600;4
54;149;7;40789;10
54;149;7;44111;12
54;149;7;44444;6
54;149;7;45111;1
54;149;7;45678;2
54;149;7;50013;1
54;149;7;50555;2
54;149;7;55333;12
54;149;7;55888;20
54;149;7;77888;2
54;149;5;95;40
54;149;5;96;43
54;149;5;180;117
54;149;5;222;36
54;149;5;400;142
54;149;5;445;59
54;149;5;800;1
54;149;3;13;114
54;149;3;45;91
54;149;3;95;3
54;149;3;96;11
54;150;1;13;174
54;150;1;14;2
54;150;1;22;52
54;150;1;55;1
54;150;1;70;2
54;150;1;95;8
54;150;1;96;7
54;150;6;12;1
54;150;6;13;3
54;150;6;25;1
54;150;6;95;9
54;150;6;96;3
54;150;6;1234;1
54;150;6;1255;1
54;150;6;1277;1
54;150;6;1300;1
54;150;6;1301;4
54;150;6;1313;1
54;150;6;1322;1
54;150;6;1323;5
54;150;6;1333;1
54;150;6;1370;1
54;150;6;1515;35
54;150;6;1555;23
54;150;6;2200;1
54;150;6;2222;12
54;150;6;2244;4
54;150;6;2252;1
54;150;6;2255;1
54;150;6;2277;2
54;150;6;2288;1
54;150;6;2299;6
54;150;6;2518;3
54;150;6;2555;33
54;150;6;4012;1
54;150;6;4020;39
54;150;6;4040;2
54;150;6;4044;2
54;150;6;4077;19
54;150;6;4422;2
54;150;6;4444;9
54;150;6;4455;13
54;150;6;4568;1
54;150;6;5511;2
54;150;7;10;1
54;150;7;13;3
54;150;7;18;5
54;150;7;40;9
54;150;7;44;1
54;150;7;77;1
54;150;7;95;6
54;150;7;96;2
54;150;7;10222;1
54;150;7;10333;5
54;150;7;10444;1
54;150;7;13000;7
54;150;7;13123;2
54;150;7;13132;1
54;150;7;13133;42
54;150;7;13222;1
54;150;7;13444;4
54;150;7;13700;11
54;150;7;15555;1
54;150;7;22000;1
54;150;7;22221;1
54;150;7;22222;1
54;150;7;22223;5
54;150;7;22522;1
54;150;7;22777;3
54;150;7;40123;1
54;150;7;40444;45
54;150;7;40600;11
54;150;7;40777;2
54;150;7;40789;9
54;150;7;44111;37
54;150;7;44444;8
54;150;7;50013;1
54;150;7;50555;1
54;150;7;55333;1
54;150;7;55888;10
54;150;7;77888;4
54;150;5;95;34
54;150;5;96;53
54;150;5;180;139
54;150;5;222;51
54;150;5;400;141
54;150;5;445;69
54;150;5;800;5
54;150;3;13;122
54;150;3;45;114
54;150;3;95;2
54;150;3;96;8
54;151;1;13;180
54;151;1;14;4
54;151;1;22;58
54;151;1;55;1
54;151;1;70;4
54;151;1;95;4
54;151;1;96;2
54;151;6;12;1
54;151;6;13;3
54;151;6;15;1
54;151;6;44;1
54;151;6;70;1
54;151;6;95;12
54;151;6;96;3
54;151;6;1010;1
54;151;6;1144;1
54;151;6;1234;6
54;151;6;1299;1
54;151;6;1301;35
54;151;6;1323;10
54;151;6;1414;1
54;151;6;1444;1
54;151;6;1515;12
54;151;6;1555;12
54;151;6;2222;14
54;151;6;2244;1
54;151;6;2252;1
54;151;6;2277;8
54;151;6;2555;19
54;151;6;4000;1
54;151;6;4020;59
54;151;6;4040;1
54;151;6;4044;9
54;151;6;4077;5
54;151;6;4422;1
54;151;6;4444;13
54;151;6;4445;2
54;151;6;4455;6
54;151;6;5050;1
54;151;6;5511;5
54;151;6;5522;1
54;151;6;7711;4
54;151;7;13;2
54;151;7;15;2
54;151;7;18;3
54;151;7;40;2
54;151;7;44;2
54;151;7;45;1
54;151;7;95;8
54;151;7;96;4
54;151;7;10010;2
54;151;7;10100;1
54;151;7;10123;1
54;151;7;10222;5
54;151;7;11888;1
54;151;7;13000;13
54;151;7;13123;11
54;151;7;13132;15
54;151;7;13133;18
54;151;7;13222;2
54;151;7;13333;1
54;151;7;13444;2
54;151;7;13700;2
54;151;7;22022;1
54;151;7;22221;1
54;151;7;22222;2
54;151;7;22223;4
54;151;7;22522;1
54;151;7;22777;9
54;151;7;30330;1
54;151;7;40123;8
54;151;7;40234;1
54;151;7;40444;42
54;151;7;40555;1
54;151;7;40600;7
54;151;7;40777;2
54;151;7;40789;8
54;151;7;40888;2
54;151;7;44111;22
54;151;7;44444;12
54;151;7;44456;3
54;151;7;45111;1
54;151;7;45800;1
54;151;7;50555;5
54;151;7;55333;21
54;151;5;95;53
54;151;5;96;50
54;151;5;180;134
54;151;5;222;54
54;151;5;400;149
54;151;5;445;66
54;151;3;13;151
54;151;3;45;91
54;151;3;95;4
54;151;3;96;7
54;153;1;13;203
54;153;1;14;5
54;153;1;22;55
54;153;1;70;4
54;153;1;95;1
54;153;1;96;7
54;153;6;12;1
54;153;6;13;2
54;153;6;25;1
54;153;6;40;1
54;153;6;44;1
54;153;6;77;1
54;153;6;95;10
54;153;6;96;1
54;153;6;1111;1
54;153;6;1144;6
54;153;6;1234;17
54;153;6;1301;12
54;153;6;1311;1
54;153;6;1312;1
54;153;6;1313;1
54;153;6;1323;5
54;153;6;1414;1
54;153;6;1515;24
54;153;6;1555;8
54;153;6;2222;5
54;153;6;2244;15
54;153;6;2277;1
54;153;6;2299;16
54;153;6;2518;1
54;153;6;2555;2
54;153;6;2589;1
54;153;6;4020;52
54;153;6;4044;1
54;153;6;4055;1
54;153;6;4077;20
54;153;6;4343;10
54;153;6;4422;1
54;153;6;4444;33
54;153;6;4455;7
54;153;6;4490;2
54;153;6;4592;5
54;153;6;5511;2
54;153;6;5533;1
54;153;6;5555;3
54;153;6;7788;1
54;153;7;13;3
54;153;7;18;5
54;153;7;22;4
54;153;7;23;1
54;153;7;40;3
54;153;7;44;1
54;153;7;45;3
54;153;7;95;7
54;153;7;96;4
54;153;7;10000;2
54;153;7;10222;10
54;153;7;10678;1
54;153;7;13000;27
54;153;7;13111;20
54;153;7;13123;9
54;153;7;13133;14
54;153;7;13222;5
54;153;7;13333;22
54;153;7;13444;1
54;153;7;22022;1
54;153;7;22222;3
54;153;7;22223;2
54;153;7;22322;1
54;153;7;22555;1
54;153;7;22777;1
54;153;7;25555;5
54;153;7;33000;7
54;153;7;40444;36
54;153;7;40456;1
54;153;7;40500;1
54;153;7;40600;3
54;153;7;40777;2
54;153;7;40789;1
54;153;7;43000;1
54;153;7;44111;15
54;153;7;44444;31
54;153;7;45000;1
54;153;7;45190;1
54;153;7;45800;1
54;153;7;55111;1
54;153;7;55333;12
54;153;7;55555;3
54;153;7;77888;2
54;153;5;95;28
54;153;5;96;59
54;153;5;180;146
54;153;5;222;67
54;153;5;290;1
54;153;5;300;2
54;153;5;400;163
54;153;5;445;83
54;153;5;800;1
54;153;3;13;150
54;153;3;45;106
54;153;3;95;3
54;153;3;96;16
54;156;1;13;157
54;156;1;14;5
54;156;1;22;25
54;156;1;70;6
54;156;1;95;3
54;156;1;96;10
54;156;6;40;2
54;156;6;45;1
54;156;6;77;1
54;156;6;95;6
54;156;6;96;2
54;156;6;1144;5
54;156;6;1234;1
54;156;6;1300;1
54;156;6;1323;1
54;156;6;1515;10
54;156;6;1555;8
54;156;6;2200;1
54;156;6;2211;2
54;156;6;2222;3
54;156;6;2244;3
54;156;6;2299;69
54;156;6;2555;1
54;156;6;4020;60
54;156;6;4044;3
54;156;6;4077;1
54;156;6;4444;4
54;156;6;4592;1
54;156;6;5511;1
54;156;6;7700;1
54;156;6;7711;18
54;156;7;40;7
54;156;7;44;1
54;156;7;95;6
54;156;7;96;1
54;156;7;10222;2
54;156;7;10333;1
54;156;7;13000;17
54;156;7;13132;1
54;156;7;13133;2
54;156;7;13222;5
54;156;7;22022;1
54;156;7;22180;1
54;156;7;22222;1
54;156;7;22777;1
54;156;7;40444;96
54;156;7;40700;40
54;156;7;40777;2
54;156;7;40789;1
54;156;7;44111;12
54;156;7;44444;4
54;156;7;45000;1
54;156;7;55333;3
54;156;5;95;32
54;156;5;96;41
54;156;5;180;134
54;156;5;222;36
54;156;5;400;135
54;156;5;445;34
54;156;3;13;123
54;156;3;45;60
54;156;3;95;7
54;156;3;96;16
54;157;1;13;158
54;157;1;14;4
54;157;1;22;33
54;157;1;70;4
54;157;1;95;6
54;157;1;96;6
54;157;6;11;1
54;157;6;13;2
54;157;6;40;4
54;157;6;45;2
54;157;6;95;7
54;157;6;96;1
54;157;6;1010;1
54;157;6;1234;4
54;157;6;1301;2
54;157;6;1323;11
54;157;6;1414;2
54;157;6;1515;11
54;157;6;1555;9
54;157;6;2222;11
54;157;6;2244;3
54;157;6;2277;2
54;157;6;2518;1
54;157;6;2555;30
54;157;6;2588;2
54;157;6;4000;10
54;157;6;4020;69
54;157;6;4040;4
54;157;6;4077;3
54;157;6;4411;1
54;157;6;4444;6
54;157;6;4445;1
54;157;6;4455;1
54;157;6;4456;1
54;157;6;5050;3
54;157;6;5077;1
54;157;6;5511;2
54;157;6;5533;1
54;157;6;5555;1
54;157;6;6565;1
54;157;7;13;3
54;157;7;18;1
54;157;7;40;5
54;157;7;44;3
54;157;7;95;6
54;157;7;96;3
54;157;7;10222;3
54;157;7;13000;10
54;157;7;13013;1
54;157;7;13133;9
54;157;7;13222;2
54;157;7;13333;9
54;157;7;13777;1
54;157;7;22022;2
54;157;7;22223;3
54;157;7;22777;2
54;157;7;25555;2
54;157;7;40000;2
54;157;7;40100;1
54;157;7;40123;1
54;157;7;40444;72
54;157;7;40555;1
54;157;7;40777;6
54;157;7;40789;12
54;157;7;44000;1
54;157;7;44111;8
54;157;7;44444;5
54;157;7;45111;1
54;157;7;45678;3
54;157;7;50013;2
54;157;7;50050;1
54;157;7;50555;1
54;157;7;55333;7
54;157;7;55888;21
54;157;7;77888;1
54;157;5;95;22
54;157;5;96;38
54;157;5;180;131
54;157;5;222;27
54;157;5;400;153
54;157;5;445;50
54;157;5;800;1
54;157;3;13;115
54;157;3;45;78
54;157;3;95;5
54;157;3;96;13
54;158;1;13;191
54;158;1;22;25
54;158;1;27;1
54;158;1;30;1
54;158;1;70;2
54;158;1;95;1
54;158;1;96;3
54;158;6;40;2
54;158;6;44;1
54;158;6;95;1
54;158;6;96;1
54;158;6;1111;13
54;158;6;1234;2
54;158;6;1300;2
54;158;6;1323;3
54;158;6;1515;2
54;158;6;1544;2
54;158;6;2222;5
54;158;6;2244;4
54;158;6;2299;1
54;158;6;2518;2
54;158;6;4020;101
54;158;6;4040;3
54;158;6;4044;2
54;158;6;4077;2
54;158;6;4422;1
54;158;6;4444;10
54;158;6;4455;50
54;158;6;5050;9
54;158;6;5511;1
54;158;6;5533;1
54;158;6;7700;1
54;158;6;7711;1
54;158;6;7788;1
54;158;7;10;2
54;158;7;40;8
54;158;7;45;1
54;158;7;95;1
54;158;7;96;1
54;158;7;10222;1
54;158;7;11111;2
54;158;7;13000;69
54;158;7;13123;1
54;158;7;13444;1
54;158;7;22222;2
54;158;7;40200;1
54;158;7;40444;95
54;158;7;40600;2
54;158;7;40700;7
54;158;7;40777;1
54;158;7;40789;7
54;158;7;44111;10
54;158;7;44444;9
54;158;7;44555;1
54;158;7;50555;2
54;158;5;95;6
54;158;5;96;31
54;158;5;180;175
54;158;5;222;22
54;158;5;400;186
54;158;5;445;28
54;158;3;13;168
54;158;3;45;51
54;158;3;95;1
54;158;3;96;4
54;161;1;13;227
54;161;1;22;17
54;161;1;70;3
54;161;1;95;3
54;161;1;96;3
54;161;6;11;1
54;161;6;12;1
54;161;6;13;1
54;161;6;18;1
54;161;6;44;2
54;161;6;95;7
54;161;6;96;2
54;161;6;1144;12
54;161;6;1234;11
54;161;6;1322;2
54;161;6;1444;1
54;161;6;1515;17
54;161;6;1555;7
54;161;6;2222;5
54;161;6;2244;2
54;161;6;2299;6
54;161;6;2518;1
54;161;6;2555;47
54;161;6;4020;79
54;161;6;4044;2
54;161;6;4077;15
54;161;6;4343;2
54;161;6;4444;13
54;161;6;4455;2
54;161;6;4578;1
54;161;6;4592;1
54;161;6;5511;1
54;161;6;5555;11
54;161;7;13;1
54;161;7;18;4
54;161;7;22;2
54;161;7;25;1
54;161;7;40;8
54;161;7;95;7
54;161;7;10222;4
54;161;7;13000;9
54;161;7;13133;2
54;161;7;13222;51
54;161;7;13333;3
54;161;7;13888;4
54;161;7;13999;1
54;161;7;15222;1
54;161;7;22022;4
54;161;7;22221;1
54;161;7;22762;1
54;161;7;33000;2
54;161;7;40111;1
54;161;7;40444;70
54;161;7;40777;17
54;161;7;40789;2
54;161;7;44111;16
54;161;7;44444;13
54;161;7;45678;1
54;161;7;55333;13
54;161;7;55555;11
54;161;7;55888;2
54;161;7;77888;1
54;161;5;95;59
54;161;5;96;37
54;161;5;180;180
54;161;5;222;19
54;161;5;400;189
54;161;5;445;22
54;161;3;13;188
54;161;3;45;48
54;161;3;95;10
54;161;3;96;7
54;162;1;13;66
54;162;1;14;3
54;162;1;22;33
54;162;1;55;4
54;162;1;70;3
54;162;1;95;1
54;162;1;96;4
54;162;6;11;1
54;162;6;95;2
54;162;6;1001;1
54;162;6;1010;3
54;162;6;1144;5
54;162;6;1234;1
54;162;6;1301;2
54;162;6;1323;2
54;162;6;1333;1
54;162;6;1400;1
54;162;6;1511;1
54;162;6;1515;2
54;162;6;1555;1
54;162;6;2222;8
54;162;6;2244;11
54;162;6;2277;4
54;162;6;2299;8
54;162;6;2555;8
54;162;6;4000;1
54;162;6;4020;14
54;162;6;4040;4
54;162;6;4077;3
54;162;6;4422;2
54;162;6;4444;11
54;162;6;4445;2
54;162;6;4455;3
54;162;6;4511;1
54;162;6;4592;3
54;162;6;5000;1
54;162;6;5050;1
54;162;6;5511;4
54;162;6;5588;1
54;162;6;7788;1
54;162;7;22;2
54;162;7;40;3
54;162;7;44;3
54;162;7;45;2
54;162;7;95;4
54;162;7;96;1
54;162;7;10010;1
54;162;7;10123;2
54;162;7;10222;2
54;162;7;10333;3
54;162;7;10999;3
54;162;7;11888;1
54;162;7;13000;4
54;162;7;13133;4
54;162;7;13180;1
54;162;7;13222;2
54;162;7;13333;2
54;162;7;13444;3
54;162;7;22022;1
54;162;7;22222;4
54;162;7;22223;1
54;162;7;22777;4
54;162;7;40444;19
54;162;7;40500;1
54;162;7;40600;2
54;162;7;40777;1
54;162;7;40789;1
54;162;7;44111;9
54;162;7;44444;13
54;162;7;45000;1
54;162;7;45111;6
54;162;7;45190;1
54;162;7;45333;1
54;162;7;50555;1
54;162;7;55111;1
54;162;7;55333;2
54;162;7;55555;1
54;162;7;77888;1
54;162;5;95;8
54;162;5;96;23
54;162;5;180;46
54;162;5;222;42
54;162;5;300;1
54;162;5;400;53
54;162;5;445;52
54;162;5;800;3
54;162;3;13;38
54;162;3;45;71
54;162;3;95;2
54;162;3;96;3
54;163;1;13;187
54;163;1;14;4
54;163;1;22;55
54;163;1;55;1
54;163;1;70;7
54;163;1;95;1
54;163;1;96;8
54;163;6;10;1
54;163;6;11;1
54;163;6;40;1
54;163;6;45;1
54;163;6;95;8
54;163;6;96;4
54;163;6;1010;2
54;163;6;1055;2
54;163;6;1144;11
54;163;6;1234;4
54;163;6;1300;1
54;163;6;1301;10
54;163;6;1313;1
54;163;6;1323;4
54;163;6;1331;2
54;163;6;1370;1
54;163;6;1515;49
54;163;6;1533;1
54;163;6;1555;14
54;163;6;2222;11
54;163;6;2244;21
54;163;6;2270;2
54;163;6;2277;1
54;163;6;2299;9
54;163;6;2518;2
54;163;6;2555;14
54;163;6;4020;44
54;163;6;4044;4
54;163;6;4055;1
54;163;6;4077;1
54;163;6;4343;5
54;163;6;4410;1
54;163;6;4444;10
54;163;6;4455;6
54;163;6;4555;1
54;163;6;5000;1
54;163;6;5012;1
54;163;6;5050;1
54;163;6;5511;9
54;163;7;11;1
54;163;7;12;1
54;163;7;13;4
54;163;7;15;2
54;163;7;18;2
54;163;7;22;4
54;163;7;40;5
54;163;7;95;11
54;163;7;96;6
54;163;7;10222;3
54;163;7;10333;5
54;163;7;10999;3
54;163;7;11111;2
54;163;7;13000;15
54;163;7;13013;1
54;163;7;13123;6
54;163;7;13133;14
54;163;7;13222;7
54;163;7;13234;5
54;163;7;13333;9
54;163;7;13444;2
54;163;7;13999;1
54;163;7;22000;1
54;163;7;22022;1
54;163;7;22190;1
54;163;7;22221;4
54;163;7;22222;5
54;163;7;22223;1
54;163;7;33000;2
54;163;7;40000;1
54;163;7;40100;1
54;163;7;40444;45
54;163;7;40456;1
54;163;7;40500;1
54;163;7;40600;3
54;163;7;40777;2
54;163;7;40789;5
54;163;7;44111;32
54;163;7;44444;12
54;163;7;45111;2
54;163;7;45456;1
54;163;7;45555;1
54;163;7;50555;3
54;163;7;55000;3
54;163;7;55111;3
54;163;7;55333;23
54;163;5;95;48
54;163;5;96;63
54;163;5;180;144
54;163;5;222;53
54;163;5;300;1
54;163;5;400;146
54;163;5;445;68
54;163;5;800;3
54;163;3;13;138
54;163;3;14;1
54;163;3;45;101
54;163;3;95;5
54;163;3;96;18
54;164;1;13;220
54;164;1;14;2
54;164;1;22;18
54;164;1;70;2
54;164;1;95;3
54;164;1;96;12
54;164;6;12;2
54;164;6;13;1
54;164;6;15;1
54;164;6;40;2
54;164;6;44;1
54;164;6;95;4
54;164;6;96;3
54;164;6;1055;1
54;164;6;1144;2
54;164;6;1301;43
54;164;6;1313;1
54;164;6;1323;19
54;164;6;1333;1
54;164;6;1515;35
54;164;6;1555;2
54;164;6;2244;2
54;164;6;2252;1
54;164;6;2277;1
54;164;6;2518;1
54;164;6;2555;14
54;164;6;4001;1
54;164;6;4020;75
54;164;6;4040;6
54;164;6;4044;2
54;164;6;4077;3
54;164;6;4343;1
54;164;6;4411;1
54;164;6;4422;2
54;164;6;4444;18
54;164;6;4455;4
54;164;6;4592;1
54;164;6;5050;2
54;164;6;5511;1
54;164;6;7700;3
54;164;7;13;6
54;164;7;15;1
54;164;7;18;8
54;164;7;25;1
54;164;7;40;11
54;164;7;44;1
54;164;7;45;2
54;164;7;95;3
54;164;7;96;3
54;164;7;10333;1
54;164;7;13000;9
54;164;7;13013;1
54;164;7;13113;1
54;164;7;13123;39
54;164;7;13131;1
54;164;7;13133;16
54;164;7;13222;1
54;164;7;13333;20
54;164;7;13444;2
54;164;7;13456;3
54;164;7;22180;1
54;164;7;22522;1
54;164;7;33000;1
54;164;7;40111;1
54;164;7;40123;1
54;164;7;40444;54
54;164;7;40500;10
54;164;7;40600;8
54;164;7;40777;1
54;164;7;40789;3
54;164;7;43000;2
54;164;7;44111;13
54;164;7;44444;19
54;164;7;45111;1
54;164;7;45999;1
54;164;7;50013;1
54;164;7;55111;1
54;164;7;55333;6
54;164;7;77888;2
54;164;5;95;12
54;164;5;96;88
54;164;5;180;184
54;164;5;222;17
54;164;5;400;190
54;164;5;445;22
54;164;5;800;1
54;164;3;13;202
54;164;3;45;31
54;164;3;95;2
54;164;3;96;22
54;165;1;13;205
54;165;1;14;3
54;165;1;22;96
54;165;1;55;1
54;165;1;70;1
54;165;1;95;1
54;165;1;96;15
54;165;6;10;1
54;165;6;13;1
54;165;6;22;1
54;165;6;40;3
54;165;6;44;1
54;165;6;45;3
54;165;6;95;1
54;165;6;96;1
54;165;6;1144;15
54;165;6;1233;1
54;165;6;1234;9
54;165;6;1277;1
54;165;6;1300;1
54;165;6;1301;4
54;165;6;1323;7
54;165;6;1414;1
54;165;6;1515;19
54;165;6;1525;1
54;165;6;1555;14
54;165;6;2222;5
54;165;6;2244;3
54;165;6;2299;80
54;165;6;2555;5
54;165;6;2580;1
54;165;6;3030;1
54;165;6;4000;2
54;165;6;4020;66
54;165;6;4044;1
54;165;6;4077;12
54;165;6;4411;2
54;165;6;4422;1
54;165;6;4444;27
54;165;6;4455;23
54;165;6;4545;1
54;165;6;4555;1
54;165;6;4592;4
54;165;6;5533;1
54;165;6;7700;1
54;165;7;13;3
54;165;7;15;2
54;165;7;18;3
54;165;7;22;4
54;165;7;40;13
54;165;7;44;4
54;165;7;45;2
54;165;7;95;3
54;165;7;96;2
54;165;7;10222;7
54;165;7;10333;2
54;165;7;10999;3
54;165;7;13000;29
54;165;7;13111;23
54;165;7;13123;4
54;165;7;13133;26
54;165;7;13222;2
54;165;7;13234;1
54;165;7;13333;12
54;165;7;15333;1
54;165;7;22221;1
54;165;7;22322;1
54;165;7;22777;1
54;165;7;40000;1
54;165;7;40123;1
54;165;7;40200;1
54;165;7;40444;100
54;165;7;40600;1
54;165;7;40789;2
54;165;7;44111;28
54;165;7;44444;25
54;165;7;45111;1
54;165;7;50555;2
54;165;7;55000;1
54;165;7;55125;1
54;165;7;55333;8
54;165;7;77888;1
54;165;5;95;7
54;165;5;96;58
54;165;5;180;176
54;165;5;222;107
54;165;5;300;4
54;165;5;400;169
54;165;5;445;122
54;165;5;800;1
54;165;3;13;182
54;165;3;45;123
54;165;3;95;1
54;165;3;96;16
54;168;1;13;136
54;168;1;14;2
54;168;1;22;48
54;168;1;70;9
54;168;1;95;5
54;168;1;96;9
54;168;6;12;2
54;168;6;13;1
54;168;6;22;1
54;168;6;40;1
54;168;6;45;2
54;168;6;95;10
54;168;6;96;3
54;168;6;1055;1
54;168;6;1144;1
54;168;6;1234;1
54;168;6;1300;2
54;168;6;1301;24
54;168;6;1323;4
54;168;6;1512;1
54;168;6;1515;10
54;168;6;1555;11
54;168;6;2211;2
54;168;6;2222;9
54;168;6;2244;2
54;168;6;2288;10
54;168;6;2299;3
54;168;6;2555;12
54;168;6;4000;1
54;168;6;4020;40
54;168;6;4044;4
54;168;6;4411;1
54;168;6;4422;1
54;168;6;4444;12
54;168;6;4445;1
54;168;6;4455;31
54;168;6;4500;1
54;168;6;5050;2
54;168;6;5511;1
54;168;6;7744;1
54;168;7;11;1
54;168;7;12;1
54;168;7;13;3
54;168;7;15;1
54;168;7;18;3
54;168;7;22;1
54;168;7;40;3
54;168;7;44;2
54;168;7;45;1
54;168;7;95;7
54;168;7;96;4
54;168;7;10333;5
54;168;7;10999;1
54;168;7;11111;1
54;168;7;13000;31
54;168;7;13123;30
54;168;7;13132;1
54;168;7;13133;10
54;168;7;13333;3
54;168;7;22190;2
54;168;7;22221;1
54;168;7;22222;2
54;168;7;22888;4
54;168;7;40200;2
54;168;7;40444;4
54;168;7;40600;10
54;168;7;44111;60
54;168;7;44444;10
54;168;7;50555;1
54;168;7;55333;3
54;168;7;77888;1
54;168;5;95;41
54;168;5;96;46
54;168;5;180;106
54;168;5;222;47
54;168;5;400;115
54;168;5;445;61
54;168;5;800;2
54;168;3;13;110
54;168;3;45;75
54;168;3;95;10
54;168;3;96;14
54;169;1;13;110
54;169;1;14;4
54;169;1;22;24
54;169;1;70;4
54;169;1;95;6
54;169;1;96;5
54;169;6;11;1
54;169;6;12;1
54;169;6;14;1
54;169;6;15;1
54;169;6;18;1
54;169;6;40;1
54;169;6;43;1
54;169;6;44;1
54;169;6;95;6
54;169;6;96;3
54;169;6;1022;2
54;169;6;1144;7
54;169;6;1234;2
54;169;6;1301;9
54;169;6;1323;3
54;169;6;1515;9
54;169;6;1555;31
54;169;6;2222;3
54;169;6;2244;11
54;169;6;2518;1
54;169;6;2555;5
54;169;6;4000;1
54;169;6;4020;17
54;169;6;4077;3
54;169;6;4343;1
54;169;6;4411;3
54;169;6;4444;8
54;169;6;4455;2
54;169;6;4490;1
54;169;6;4500;2
54;169;6;4522;1
54;169;6;4555;1
54;169;6;4580;1
54;169;6;4592;3
54;169;6;5050;2
54;169;6;5055;1
54;169;6;5511;6
54;169;7;12;2
54;169;7;13;4
54;169;7;15;1
54;169;7;18;2
54;169;7;22;2
54;169;7;23;1
54;169;7;40;3
54;169;7;43;1
54;169;7;44;1
54;169;7;95;6
54;169;7;96;2
54;169;7;10222;3
54;169;7;10800;1
54;169;7;10999;6
54;169;7;13000;3
54;169;7;13111;1
54;169;7;13123;11
54;169;7;13133;5
54;169;7;13333;2
54;169;7;13456;2
54;169;7;15555;2
54;169;7;22180;1
54;169;7;22221;2
54;169;7;33000;1
54;169;7;40444;8
54;169;7;40600;5
54;169;7;40777;2
54;169;7;40789;1
54;169;7;44111;46
54;169;7;44444;8
54;169;7;45800;8
54;169;7;50111;1
54;169;7;50555;4
54;169;7;55111;1
54;169;7;55333;4
54;169;5;95;24
54;169;5;96;32
54;169;5;180;91
54;169;5;222;28
54;169;5;400;91
54;169;5;445;37
54;169;5;800;3
54;169;3;13;82
54;169;3;14;1
54;169;3;45;56
54;169;3;80;1
54;169;3;95;3
54;169;3;96;10
54;171;1;13;173
54;171;1;14;8
54;171;1;16;1
54;171;1;22;57
54;171;1;55;2
54;171;1;70;3
54;171;1;95;8
54;171;1;96;9
54;171;6;13;1
54;171;6;18;1
54;171;6;25;1
54;171;6;40;1
54;171;6;95;15
54;171;6;96;3
54;171;6;1010;1
54;171;6;1144;13
54;171;6;1234;20
54;171;6;1300;1
54;171;6;1301;8
54;171;6;1323;6
54;171;6;1331;2
54;171;6;1414;1
54;171;6;1515;21
54;171;6;1555;7
54;171;6;2200;3
54;171;6;2222;15
54;171;6;2233;1
54;171;6;2244;9
54;171;6;2277;3
54;171;6;2299;4
54;171;6;2525;1
54;171;6;2555;22
54;171;6;4000;1
54;171;6;4013;1
54;171;6;4020;41
54;171;6;4040;1
54;171;6;4044;4
54;171;6;4055;1
54;171;6;4077;1
54;171;6;4343;6
54;171;6;4422;1
54;171;6;4444;8
54;171;6;4445;2
54;171;6;4455;15
54;171;6;4592;7
54;171;6;5050;4
54;171;6;5511;2
54;171;6;5555;5
54;171;6;7744;1
54;171;7;13;2
54;171;7;18;1
54;171;7;22;2
54;171;7;25;1
54;171;7;40;5
54;171;7;44;4
54;171;7;45;1
54;171;7;95;15
54;171;7;96;3
54;171;7;10222;15
54;171;7;10333;9
54;171;7;10999;8
54;171;7;13000;17
54;171;7;13013;1
54;171;7;13111;1
54;171;7;13113;1
54;171;7;13123;1
54;171;7;13131;2
54;171;7;13132;2
54;171;7;13133;6
54;171;7;13222;23
54;171;7;13234;2
54;171;7;13333;8
54;171;7;13789;1
54;171;7;22022;4
54;171;7;22222;3
54;171;7;22223;1
54;171;7;22762;1
54;171;7;22777;3
54;171;7;33000;3
54;171;7;40123;1
54;171;7;40444;49
54;171;7;40456;2
54;171;7;40500;4
54;171;7;40777;1
54;171;7;40789;5
54;171;7;44111;14
54;171;7;44444;11
54;171;7;45000;1
54;171;7;45111;3
54;171;7;45190;2
54;171;7;45678;1
54;171;7;45777;1
54;171;7;45888;1
54;171;7;50555;2
54;171;7;55000;1
54;171;7;55333;10
54;171;7;55555;5
54;171;7;55777;1
54;171;5;95;48
54;171;5;96;38
54;171;5;180;137
54;171;5;222;72
54;171;5;400;138
54;171;5;445;88
54;171;5;800;1
54;171;3;13;121
54;171;3;14;3
54;171;3;45;117
54;171;3;80;1
54;171;3;95;7
54;171;3;96;12
54;172;1;13;191
54;172;1;14;3
54;172;1;22;48
54;172;1;55;2
54;172;1;70;7
54;172;1;95;5
54;172;1;96;9
54;172;6;12;1
54;172;6;13;2
54;172;6;15;1
54;172;6;22;1
54;172;6;29;1
54;172;6;40;3
54;172;6;45;1
54;172;6;50;1
54;172;6;95;19
54;172;6;96;3
54;172;6;1010;3
54;172;6;1055;1
54;172;6;1144;6
54;172;6;1234;7
54;172;6;1301;12
54;172;6;1313;1
54;172;6;1323;5
54;172;6;1515;38
54;172;6;1555;13
54;172;6;1883;1
54;172;6;2222;10
54;172;6;2244;13
54;172;6;2277;1
54;172;6;2299;30
54;172;6;2555;13
54;172;6;4020;36
54;172;6;4044;2
54;172;6;4055;3
54;172;6;4077;6
54;172;6;4343;3
54;172;6;4404;1
54;172;6;4422;2
54;172;6;4444;5
54;172;6;4445;2
54;172;6;4455;3
54;172;6;4490;3
54;172;6;4511;1
54;172;6;5050;2
54;172;6;5511;4
54;172;6;5522;1
54;172;6;5555;1
54;172;6;5588;1
54;172;6;7700;1
54;172;6;7711;1
54;172;7;13;3
54;172;7;15;1
54;172;7;18;3
54;172;7;22;1
54;172;7;40;7
54;172;7;44;1
54;172;7;95;16
54;172;7;96;4
54;172;7;10000;1
54;172;7;10123;2
54;172;7;10222;8
54;172;7;10333;4
54;172;7;10999;2
54;172;7;12345;1
54;172;7;13000;8
54;172;7;13123;4
54;172;7;13131;3
54;172;7;13132;1
54;172;7;13133;5
54;172;7;13222;5
54;172;7;13234;6
54;172;7;13333;7
54;172;7;22022;1
54;172;7;22222;4
54;172;7;22777;1
54;172;7;33000;1
54;172;7;40111;1
54;172;7;40444;59
54;172;7;40456;2
54;172;7;40600;3
54;172;7;40700;1
54;172;7;40777;4
54;172;7;40789;18
54;172;7;40888;1
54;172;7;44111;24
54;172;7;44444;8
54;172;7;45111;2
54;172;7;45222;1
54;172;7;45456;1
54;172;7;45777;1
54;172;7;45888;1
54;172;7;50555;5
54;172;7;55024;1
54;172;7;55333;31
54;172;7;55555;1
54;172;5;95;63
54;172;5;96;46
54;172;5;180;139
54;172;5;222;53
54;172;5;400;156
54;172;5;445;72
54;172;5;800;1
54;172;3;13;140
54;172;3;14;1
54;172;3;45;100
54;172;3;95;6
54;172;3;96;18
54;173;1;13;47
54;173;1;22;9
54;173;1;55;2
54;173;1;70;1
54;173;1;95;2
54;173;1;96;3
54;173;6;13;1
54;173;6;40;1
54;173;6;95;3
54;173;6;1234;1
54;173;6;1300;2
54;173;6;1301;3
54;173;6;1322;1
54;173;6;1323;10
54;173;6;1515;2
54;173;6;2222;4
54;173;6;2299;1
54;173;6;2555;1
54;173;6;4020;25
54;173;6;4040;2
54;173;6;4044;1
54;173;6;4422;1
54;173;6;4444;1
54;173;6;4455;2
54;173;6;4490;2
54;173;7;40;3
54;173;7;45;1
54;173;7;95;3
54;173;7;10222;1
54;173;7;10333;1
54;173;7;13000;20
54;173;7;13123;2
54;173;7;13133;6
54;173;7;13333;1
54;173;7;40123;3
54;173;7;40333;1
54;173;7;40444;9
54;173;7;44111;3
54;173;7;44444;2
54;173;7;44456;1
54;173;7;45190;5
54;173;7;55333;2
54;173;5;95;5
54;173;5;96;13
54;173;5;180;44
54;173;5;222;11
54;173;5;400;44
54;173;5;445;11
54;173;3;13;46
54;173;3;45;14
54;173;3;95;1
54;173;3;96;3
54;175;1;13;176
54;175;1;14;6
54;175;1;22;47
54;175;1;70;8
54;175;1;95;3
54;175;1;96;7
54;175;6;12;1
54;175;6;13;1
54;175;6;25;1
54;175;6;45;1
54;175;6;95;10
54;175;6;96;4
54;175;6;1010;2
54;175;6;1055;1
54;175;6;1144;23
54;175;6;1234;3
54;175;6;1300;2
54;175;6;1301;8
54;175;6;1312;2
54;175;6;1323;14
54;175;6;1333;1
54;175;6;1515;22
54;175;6;1555;8
54;175;6;2200;1
54;175;6;2212;1
54;175;6;2222;12
54;175;6;2244;11
54;175;6;2277;1
54;175;6;2299;7
54;175;6;2555;14
54;175;6;4000;2
54;175;6;4011;1
54;175;6;4020;24
54;175;6;4040;1
54;175;6;4044;2
54;175;6;4055;1
54;175;6;4343;6
54;175;6;4422;2
54;175;6;4443;1
54;175;6;4444;20
54;175;6;4445;2
54;175;6;4455;8
54;175;6;4477;1
54;175;6;4555;1
54;175;6;4592;16
54;175;6;5000;1
54;175;6;5050;1
54;175;6;5511;5
54;175;6;7744;1
54;175;7;11;1
54;175;7;13;2
54;175;7;15;1
54;175;7;18;1
54;175;7;40;1
54;175;7;43;1
54;175;7;44;1
54;175;7;45;1
54;175;7;95;11
54;175;7;96;8
54;175;7;10123;1
54;175;7;10222;3
54;175;7;10333;5
54;175;7;10999;9
54;175;7;13000;18
54;175;7;13113;1
54;175;7;13123;9
54;175;7;13131;3
54;175;7;13132;1
54;175;7;13133;12
54;175;7;13222;11
54;175;7;13234;5
54;175;7;13333;18
54;175;7;13444;1
54;175;7;15555;1
54;175;7;22000;1
54;175;7;22221;3
54;175;7;22222;1
54;175;7;22555;1
54;175;7;22777;2
54;175;7;33000;3
54;175;7;40123;1
54;175;7;40444;32
54;175;7;40456;1
54;175;7;40500;2
54;175;7;40600;4
54;175;7;40700;2
54;175;7;40789;8
54;175;7;44111;15
54;175;7;44444;19
54;175;7;44456;1
54;175;7;45045;1
54;175;7;45678;1
54;175;7;45800;2
54;175;7;45888;1
54;175;7;50555;3
54;175;7;55333;16
54;175;7;77123;1
54;175;5;95;51
54;175;5;96;50
54;175;5;162;2
54;175;5;180;113
54;175;5;222;67
54;175;5;400;130
54;175;5;445;80
54;175;5;800;1
54;175;3;13;115
54;175;3;14;1
54;175;3;45;120
54;175;3;95;1
54;175;3;96;10
54;177;1;13;168
54;177;1;14;1
54;177;1;22;19
54;177;1;70;2
54;177;1;95;7
54;177;1;96;5
54;177;6;12;1
54;177;6;13;3
54;177;6;18;2
54;177;6;44;1
54;177;6;45;1
54;177;6;95;9
54;177;6;96;3
54;177;6;1010;2
54;177;6;1144;2
54;177;6;1234;16
54;177;6;1301;22
54;177;6;1311;1
54;177;6;1312;1
54;177;6;1323;1
54;177;6;1515;21
54;177;6;1555;6
54;177;6;2002;1
54;177;6;2222;2
54;177;6;2244;6
54;177;6;2333;1
54;177;6;2555;3
54;177;6;4020;51
54;177;6;4077;2
54;177;6;4343;2
54;177;6;4404;1
54;177;6;4444;17
54;177;6;4455;14
54;177;6;4555;3
54;177;6;4592;3
54;177;6;7711;2
54;177;6;7744;2
54;177;7;12;1
54;177;7;13;5
54;177;7;18;3
54;177;7;40;8
54;177;7;44;1
54;177;7;45;1
54;177;7;95;9
54;177;7;96;2
54;177;7;10000;1
54;177;7;10123;2
54;177;7;10222;15
54;177;7;10678;1
54;177;7;10999;2
54;177;7;13000;32
54;177;7;13111;2
54;177;7;13123;29
54;177;7;13132;2
54;177;7;13133;4
54;177;7;13222;1
54;177;7;13234;1
54;177;7;13333;10
54;177;7;22022;1
54;177;7;22223;1
54;177;7;22580;2
54;177;7;40123;1
54;177;7;40444;29
54;177;7;40456;1
54;177;7;40500;1
54;177;7;40600;2
54;177;7;40789;2
54;177;7;43777;1
54;177;7;44111;8
54;177;7;44444;10
54;177;7;45111;1
54;177;7;50113;1
54;177;7;55333;8
54;177;7;77888;1
54;177;5;95;23
54;177;5;96;36
54;177;5;180;137
54;177;5;222;26
54;177;5;400;145
54;177;5;445;37
54;177;3;13;154
54;177;3;45;35
54;177;3;95;5
54;177;3;96;8
54;178;1;13;163
54;178;1;14;3
54;178;1;22;66
54;178;1;55;4
54;178;1;70;2
54;178;1;95;12
54;178;1;96;7
54;178;6;40;1
54;178;6;80;1
54;178;6;95;12
54;178;6;96;1
54;178;6;1010;3
54;178;6;1144;2
54;178;6;1300;1
54;178;6;1323;2
54;178;6;1333;1
54;178;6;2222;17
54;178;6;2555;1
54;178;6;4000;1
54;178;6;4020;160
54;178;6;4040;2
54;178;6;4044;4
54;178;6;4077;22
54;178;6;4343;2
54;178;6;4444;17
54;178;6;4455;5
54;178;6;7711;2
54;178;7;10;1
54;178;7;13;2
54;178;7;18;2
54;178;7;22;1
54;178;7;40;13
54;178;7;44;1
54;178;7;45;1
54;178;7;95;15
54;178;7;96;1
54;178;7;10123;3
54;178;7;10999;1
54;178;7;12700;1
54;178;7;13000;6
54;178;7;13133;1
54;178;7;13333;1
54;178;7;13700;8
54;178;7;22221;3
54;178;7;22222;4
54;178;7;22223;8
54;178;7;33000;2
54;178;7;40123;2
54;178;7;40333;1
54;178;7;40444;141
54;178;7;40600;1
54;178;7;40777;1
54;178;7;40888;1
54;178;7;44111;4
54;178;7;44444;13
54;178;7;44456;3
54;178;7;45678;7
54;178;7;45777;1
54;178;7;50013;3
54;178;7;55111;1
54;178;7;55333;1
54;178;7;77888;2
54;178;5;95;46
54;178;5;96;48
54;178;5;180;138
54;178;5;222;57
54;178;5;300;1
54;178;5;400;159
54;178;5;445;65
54;178;3;13;140
54;178;3;14;2
54;178;3;45;93
54;178;3;95;11
54;178;3;96;11
54;179;1;13;204
54;179;1;14;2
54;179;1;22;48
54;179;1;55;1
54;179;1;70;2
54;179;1;95;4
54;179;1;96;8
54;179;6;10;1
54;179;6;12;2
54;179;6;13;3
54;179;6;15;1
54;179;6;23;1
54;179;6;30;1
54;179;6;40;2
54;179;6;44;2
54;179;6;45;1
54;179;6;95;17
54;179;6;96;4
54;179;6;1010;2
54;179;6;1022;1
54;179;6;1144;2
54;179;6;1212;1
54;179;6;1234;8
54;179;6;1301;7
54;179;6;1313;1
54;179;6;1322;1
54;179;6;1323;4
54;179;6;1515;35
54;179;6;1555;17
54;179;6;2222;9
54;179;6;2244;12
54;179;6;2299;20
54;179;6;2518;1
54;179;6;2555;17
54;179;6;4020;36
54;179;6;4040;2
54;179;6;4044;7
54;179;6;4055;4
54;179;6;4077;3
54;179;6;4343;3
54;179;6;4422;2
54;179;6;4444;10
54;179;6;4445;2
54;179;6;4455;6
54;179;6;4490;3
54;179;6;5000;2
54;179;6;5050;5
54;179;6;5511;4
54;179;6;5522;1
54;179;6;5533;1
54;179;6;5555;2
54;179;6;7700;1
54;179;6;7711;2
54;179;7;10;1
54;179;7;11;1
54;179;7;13;1
54;179;7;15;3
54;179;7;18;2
54;179;7;22;3
54;179;7;30;1
54;179;7;40;13
54;179;7;44;3
54;179;7;45;2
54;179;7;77;1
54;179;7;95;24
54;179;7;96;5
54;179;7;10000;1
54;179;7;10123;3
54;179;7;10222;10
54;179;7;10333;5
54;179;7;13000;10
54;179;7;13013;2
54;179;7;13123;7
54;179;7;13131;3
54;179;7;13132;2
54;179;7;13133;7
54;179;7;13180;1
54;179;7;13222;5
54;179;7;13234;1
54;179;7;13333;7
54;179;7;13444;1
54;179;7;22022;1
54;179;7;22222;2
54;179;7;33000;2
54;179;7;40040;1
54;179;7;40111;1
54;179;7;40444;41
54;179;7;40456;1
54;179;7;40500;1
54;179;7;40600;2
54;179;7;40700;4
54;179;7;40777;3
54;179;7;40789;15
54;179;7;40888;1
54;179;7;44111;23
54;179;7;44333;1
54;179;7;44444;12
54;179;7;45111;1
54;179;7;45190;1
54;179;7;45777;3
54;179;7;50013;1
54;179;7;50555;3
54;179;7;55111;2
54;179;7;55333;21
54;179;7;77123;1
54;179;5;95;60
54;179;5;96;72
54;179;5;180;140
54;179;5;222;48
54;179;5;400;161
54;179;5;445;56
54;179;5;800;1
54;179;3;13;146
54;179;3;14;1
54;179;3;45;100
54;179;3;95;7
54;179;3;96;15
54;180;1;13;227
54;180;1;14;5
54;180;1;22;14
54;180;1;70;5
54;180;1;95;4
54;180;1;96;3
54;180;6;11;1
54;180;6;12;2
54;180;6;13;5
54;180;6;15;2
54;180;6;18;1
54;180;6;23;1
54;180;6;44;1
54;180;6;95;3
54;180;6;1055;3
54;180;6;1144;1
54;180;6;1234;27
54;180;6;1301;93
54;180;6;1323;2
54;180;6;1331;1
54;180;6;1333;1
54;180;6;1515;43
54;180;6;1555;12
54;180;6;2299;4
54;180;6;2555;2
54;180;6;4000;1
54;180;6;4020;19
54;180;6;4044;1
54;180;6;4055;1
54;180;6;4077;1
54;180;6;4404;1
54;180;6;4444;14
54;180;6;4445;3
54;180;6;4455;7
54;180;6;4592;2
54;180;6;5000;1
54;180;6;5511;2
54;180;7;11;1
54;180;7;12;2
54;180;7;13;6
54;180;7;18;5
54;180;7;40;3
54;180;7;44;3
54;180;7;80;1
54;180;7;95;1
54;180;7;96;1
54;180;7;10222;24
54;180;7;13000;7
54;180;7;13111;1
54;180;7;13123;92
54;180;7;13133;24
54;180;7;13180;1
54;180;7;13222;1
54;180;7;13234;3
54;180;7;13333;12
54;180;7;40444;22
54;180;7;40500;6
54;180;7;40600;4
54;180;7;44111;7
54;180;7;44444;15
54;180;7;45777;2
54;180;7;55333;13
54;180;7;77888;1
54;180;5;95;19
54;180;5;96;59
54;180;5;180;195
54;180;5;222;23
54;180;5;400;183
54;180;5;445;22
54;180;5;800;15
54;180;3;13;202
54;180;3;14;1
54;180;3;45;43
54;180;3;95;4
54;180;3;96;8
54;181;1;13;185
54;181;1;14;1
54;181;1;22;37
54;181;1;55;3
54;181;1;70;1
54;181;1;95;4
54;181;1;96;4
54;181;6;12;1
54;181;6;15;1
54;181;6;20;1
54;181;6;22;1
54;181;6;23;1
54;181;6;43;1
54;181;6;44;1
54;181;6;45;1
54;181;6;95;9
54;181;6;96;2
54;181;6;1000;1
54;181;6;1144;14
54;181;6;1234;12
54;181;6;1300;1
54;181;6;1301;1
54;181;6;1322;3
54;181;6;1323;4
54;181;6;1331;1
54;181;6;1515;19
54;181;6;1555;17
54;181;6;2222;8
54;181;6;2244;6
54;181;6;2299;46
54;181;6;2555;42
54;181;6;4020;18
54;181;6;4044;2
54;181;6;4077;8
54;181;6;4422;3
54;181;6;4444;2
54;181;6;4555;7
54;181;6;5555;1
54;181;7;13;2
54;181;7;15;2
54;181;7;18;4
54;181;7;22;4
54;181;7;40;9
54;181;7;95;10
54;181;7;96;2
54;181;7;10010;2
54;181;7;10222;8
54;181;7;10333;4
54;181;7;10999;1
54;181;7;11222;1
54;181;7;12222;2
54;181;7;13000;12
54;181;7;13133;3
54;181;7;13222;50
54;181;7;13333;5
54;181;7;13456;1
54;181;7;15333;1
54;181;7;22222;2
54;181;7;22223;1
54;181;7;22580;3
54;181;7;40444;48
54;181;7;40777;5
54;181;7;44111;39
54;181;7;55333;4
54;181;7;55555;2
54;181;7;55888;8
54;181;5;95;41
54;181;5;96;44
54;181;5;180;150
54;181;5;222;36
54;181;5;400;150
54;181;5;445;48
54;181;5;800;1
54;181;3;13;134
54;181;3;35;3
54;181;3;45;79
54;181;3;95;7
54;181;3;96;12
54;182;1;13;149
54;182;1;22;4
54;182;1;55;3
54;182;1;70;2
54;182;1;95;3
54;182;1;96;7
54;182;6;12;1
54;182;6;13;1
54;182;6;22;2
54;182;6;40;1
54;182;6;95;2
54;182;6;96;1
54;182;6;1010;1
54;182;6;1144;7
54;182;6;1299;1
54;182;6;1301;1
54;182;6;1323;1
54;182;6;1515;12
54;182;6;1555;5
54;182;6;2233;1
54;182;6;2244;1
54;182;6;2299;86
54;182;6;2555;2
54;182;6;4020;34
54;182;6;4044;3
54;182;6;4343;1
54;182;6;4400;1
54;182;6;4422;1
54;182;6;4444;1
54;182;6;4545;1
54;182;7;11;2
54;182;7;15;1
54;182;7;18;2
54;182;7;22;2
54;182;7;40;3
54;182;7;44;1
54;182;7;95;3
54;182;7;96;1
54;182;7;10999;1
54;182;7;12345;1
54;182;7;13000;16
54;182;7;13123;1
54;182;7;13222;1
54;182;7;13333;2
54;182;7;22180;1
54;182;7;22222;1
54;182;7;33000;4
54;182;7;40100;1
54;182;7;40444;96
54;182;7;40600;2
54;182;7;40789;11
54;182;7;44111;5
54;182;7;44444;1
54;182;7;55333;5
54;182;7;77123;3
54;182;7;77888;1
54;182;5;95;11
54;182;5;96;45
54;182;5;180;117
54;182;5;222;20
54;182;5;400;127
54;182;5;445;16
54;182;3;13;121
54;182;3;45;29
54;182;3;95;3
54;182;3;96;15
54;183;1;13;163
54;183;1;14;2
54;183;1;22;15
54;183;1;55;3
54;183;1;70;2
54;183;1;95;1
54;183;1;96;4
54;183;6;10;1
54;183;6;18;1
54;183;6;25;1
54;183;6;40;5
54;183;6;95;2
54;183;6;96;2
54;183;6;1055;1
54;183;6;1144;1
54;183;6;1234;1
54;183;6;1313;1
54;183;6;1515;8
54;183;6;1555;9
54;183;6;2222;1
54;183;6;2244;1
54;183;6;2299;13
54;183;6;2555;19
54;183;6;4020;72
54;183;6;4343;1
54;183;6;4444;13
54;183;6;4455;1
54;183;6;4555;1
54;183;6;5050;1
54;183;6;5555;1
54;183;6;7711;33
54;183;7;10;1
54;183;7;11;1
54;183;7;13;1
54;183;7;18;1
54;183;7;40;10
54;183;7;44;1
54;183;7;77;1
54;183;7;95;1
54;183;7;96;1
54;183;7;12345;1
54;183;7;13000;2
54;183;7;13113;1
54;183;7;13132;1
54;183;7;13133;1
54;183;7;22022;1
54;183;7;33000;1
54;183;7;40100;1
54;183;7;40444;76
54;183;7;40700;44
54;183;7;40789;22
54;183;7;44111;9
54;183;7;44444;7
54;183;7;50555;1
54;183;7;55333;4
54;183;5;95;7
54;183;5;96;37
54;183;5;180;144
54;183;5;222;24
54;183;5;400;140
54;183;5;445;28
54;183;3;13;143
54;183;3;45;41
54;183;3;95;2
54;183;3;96;4
54;185;1;13;140
54;185;1;14;3
54;185;1;22;13
54;185;1;70;2
54;185;1;95;5
54;185;1;96;2
54;185;6;12;3
54;185;6;13;3
54;185;6;15;1
54;185;6;25;1
54;185;6;40;1
54;185;6;95;9
54;185;6;96;2
54;185;6;1144;1
54;185;6;1300;1
54;185;6;1301;13
54;185;6;1323;26
54;185;6;1414;1
54;185;6;1515;5
54;185;6;1555;17
54;185;6;2222;4
54;185;6;2555;2
54;185;6;4000;1
54;185;6;4020;33
54;185;6;4077;9
54;185;6;4444;4
54;185;6;4455;26
54;185;6;7711;2
54;185;7;13;2
54;185;7;40;6
54;185;7;44;1
54;185;7;45;1
54;185;7;95;10
54;185;7;96;1
54;185;7;10999;1
54;185;7;13000;24
54;185;7;13123;16
54;185;7;13131;1
54;185;7;13132;1
54;185;7;13133;21
54;185;7;13333;1
54;185;7;13444;1
54;185;7;13700;5
54;185;7;22223;1
54;185;7;33000;1
54;185;7;40000;1
54;185;7;40200;1
54;185;7;40333;1
54;185;7;40444;24
54;185;7;40600;3
54;185;7;40777;3
54;185;7;44111;29
54;185;7;44444;4
54;185;7;45645;1
54;185;7;55333;3
54;185;7;77888;1
54;185;5;95;28
54;185;5;96;33
54;185;5;180;117
54;185;5;222;12
54;185;5;400;126
54;185;5;445;14
54;185;3;13;135
54;185;3;45;21
54;185;3;95;5
54;185;3;96;4
54;187;1;13;237
54;187;1;22;40
54;187;1;55;1
54;187;1;70;5
54;187;1;95;3
54;187;1;96;11
54;187;6;12;4
54;187;6;13;1
54;187;6;40;2
54;187;6;95;4
54;187;6;96;8
54;187;6;1000;1
54;187;6;1022;1
54;187;6;1144;7
54;187;6;1234;103
54;187;6;1301;20
54;187;6;1313;1
54;187;6;1323;10
54;187;6;1331;1
54;187;6;1333;2
54;187;6;1515;22
54;187;6;1555;8
54;187;6;2200;1
54;187;6;2222;3
54;187;6;2244;2
54;187;6;2299;1
54;187;6;2555;14
54;187;6;4020;29
54;187;6;4044;3
54;187;6;4077;9
54;187;6;4343;23
54;187;6;4444;6
54;187;6;4455;7
54;187;6;4477;1
54;187;6;4578;1
54;187;6;5533;1
54;187;6;5555;1
54;187;7;12;2
54;187;7;13;4
54;187;7;18;4
54;187;7;22;1
54;187;7;40;7
54;187;7;43;2
54;187;7;44;1
54;187;7;95;9
54;187;7;96;5
54;187;7;10222;91
54;187;7;10999;5
54;187;7;13000;12
54;187;7;13113;1
54;187;7;13123;29
54;187;7;13132;2
54;187;7;13133;14
54;187;7;13222;14
54;187;7;13234;1
54;187;7;13333;3
54;187;7;13777;2
54;187;7;15555;1
54;187;7;22222;2
54;187;7;40123;1
54;187;7;40200;1
54;187;7;40444;19
54;187;7;40456;19
54;187;7;40600;1
54;187;7;40700;1
54;187;7;40777;7
54;187;7;40789;1
54;187;7;40999;2
54;187;7;44111;17
54;187;7;44444;3
54;187;7;45000;2
54;187;7;55333;11
54;187;5;95;48
54;187;5;96;75
54;187;5;180;192
54;187;5;222;32
54;187;5;300;1
54;187;5;400;194
54;187;5;445;51
54;187;5;800;1
54;187;3;13;186
54;187;3;45;77
54;187;3;95;6
54;187;3;96;28
54;188;1;13;202
54;188;1;14;6
54;188;1;22;32
54;188;1;70;3
54;188;1;95;2
54;188;1;96;2
54;188;6;10;1
54;188;6;11;2
54;188;6;12;1
54;188;6;13;2
54;188;6;44;2
54;188;6;50;1
54;188;6;95;15
54;188;6;96;4
54;188;6;1010;3
54;188;6;1144;7
54;188;6;1234;7
54;188;6;1301;5
54;188;6;1312;1
54;188;6;1313;2
54;188;6;1314;1
54;188;6;1323;5
54;188;6;1331;1
54;188;6;1333;1
54;188;6;1515;34
54;188;6;1533;1
54;188;6;1555;9
54;188;6;2200;1
54;188;6;2222;6
54;188;6;2244;14
54;188;6;2299;12
54;188;6;2518;2
54;188;6;2555;15
54;188;6;4000;3
54;188;6;4020;30
54;188;6;4044;8
54;188;6;4055;1
54;188;6;4077;6
54;188;6;4343;3
54;188;6;4444;14
54;188;6;4455;13
54;188;6;4592;3
54;188;6;5050;2
54;188;6;5511;6
54;188;6;6565;1
54;188;6;7700;1
54;188;6;7711;1
54;188;7;12;1
54;188;7;13;1
54;188;7;18;2
54;188;7;22;1
54;188;7;40;5
54;188;7;44;1
54;188;7;45;2
54;188;7;95;17
54;188;7;96;4
54;188;7;10123;1
54;188;7;10222;7
54;188;7;10333;4
54;188;7;10999;3
54;188;7;13000;17
54;188;7;13131;1
54;188;7;13132;2
54;188;7;13133;18
54;188;7;13222;10
54;188;7;13234;5
54;188;7;13333;13
54;188;7;13444;2
54;188;7;22000;1
54;188;7;22022;2
54;188;7;22180;1
54;188;7;22221;1
54;188;7;22222;1
54;188;7;22555;1
54;188;7;25555;1
54;188;7;33000;2
54;188;7;40123;1
54;188;7;40444;37
54;188;7;40500;1
54;188;7;40600;4
54;188;7;40777;5
54;188;7;40789;9
54;188;7;44111;21
54;188;7;44444;11
54;188;7;45111;1
54;188;7;50013;1
54;188;7;50555;1
54;188;7;55000;1
54;188;7;55011;1
54;188;7;55333;23
54;188;7;55555;1
54;188;7;77888;2
54;188;5;95;60
54;188;5;96;54
54;188;5;180;145
54;188;5;222;39
54;188;5;400;142
54;188;5;445;53
54;188;5;800;1
54;188;3;13;138
54;188;3;45;91
54;188;3;95;8
54;188;3;96;10
54;189;1;13;197
54;189;1;14;4
54;189;1;22;51
54;189;1;70;4
54;189;1;95;10
54;189;1;96;6
54;189;6;40;1
54;189;6;44;1
54;189;6;70;1
54;189;6;95;14
54;189;6;1111;3
54;189;6;1144;13
54;189;6;1234;11
54;189;6;1301;11
54;189;6;1323;8
54;189;6;1399;1
54;189;6;1515;32
54;189;6;1555;8
54;189;6;2222;5
54;189;6;2244;13
54;189;6;2255;1
54;189;6;2299;14
54;189;6;2518;1
54;189;6;2555;4
54;189;6;3007;1
54;189;6;4020;49
54;189;6;4040;1
54;189;6;4044;1
54;189;6;4055;5
54;189;6;4077;30
54;189;6;4343;10
54;189;6;4422;2
54;189;6;4444;18
54;189;6;4455;4
54;189;6;4592;4
54;189;6;5511;1
54;189;6;7711;2
54;189;6;7744;1
54;189;6;7788;1
54;189;7;12;1
54;189;7;18;4
54;189;7;22;1
54;189;7;40;7
54;189;7;44;2
54;189;7;95;11
54;189;7;96;1
54;189;7;10010;1
54;189;7;10222;9
54;189;7;10333;1
54;189;7;10999;1
54;189;7;13000;22
54;189;7;13111;33
54;189;7;13123;10
54;189;7;13133;14
54;189;7;13222;8
54;189;7;13234;1
54;189;7;13333;16
54;189;7;13444;1
54;189;7;13456;1
54;189;7;13999;1
54;189;7;22022;1
54;189;7;22222;1
54;189;7;22223;6
54;189;7;22777;3
54;189;7;25555;1
54;189;7;33000;7
54;189;7;40444;40
54;189;7;40600;4
54;189;7;40777;2
54;189;7;40789;3
54;189;7;40888;1
54;189;7;44111;17
54;189;7;44444;20
54;189;7;45111;2
54;189;7;45190;2
54;189;7;45800;1
54;189;7;55333;14
54;189;7;77888;1
54;189;5;95;35
54;189;5;96;47
54;189;5;180;162
54;189;5;222;64
54;189;5;400;164
54;189;5;445;71
54;189;5;800;1
54;189;3;13;167
54;189;3;45;90
54;189;3;95;9
54;189;3;96;6
54;190;1;13;212
54;190;1;14;4
54;190;1;22;33
54;190;1;70;4
54;190;1;95;4
54;190;1;96;5
54;190;6;13;2
54;190;6;14;2
54;190;6;15;1
54;190;6;22;1
54;190;6;40;2
54;190;6;44;1
54;190;6;45;1
54;190;6;95;7
54;190;6;96;3
54;190;6;1111;1
54;190;6;1144;4
54;190;6;1234;5
54;190;6;1277;1
54;190;6;1301;31
54;190;6;1322;2
54;190;6;1323;26
54;190;6;1512;1
54;190;6;1515;25
54;190;6;1555;4
54;190;6;2222;3
54;190;6;2244;1
54;190;6;2277;1
54;190;6;2555;19
54;190;6;4020;69
54;190;6;4040;1
54;190;6;4044;3
54;190;6;4077;2
54;190;6;4343;1
54;190;6;4444;26
54;190;6;4455;2
54;190;6;4511;2
54;190;6;4592;6
54;190;6;4599;1
54;190;6;5511;3
54;190;6;5522;1
54;190;6;5555;1
54;190;7;13;2
54;190;7;18;5
54;190;7;22;1
54;190;7;40;8
54;190;7;44;2
54;190;7;45;1
54;190;7;95;7
54;190;7;96;4
54;190;7;10222;3
54;190;7;11111;1
54;190;7;13000;13
54;190;7;13123;27
54;190;7;13133;16
54;190;7;13222;5
54;190;7;13333;31
54;190;7;13456;3
54;190;7;22222;1
54;190;7;22322;7
54;190;7;22777;1
54;190;7;25555;1
54;190;7;40000;1
54;190;7;40123;6
54;190;7;40200;1
54;190;7;40444;45
54;190;7;40456;1
54;190;7;40500;4
54;190;7;40600;18
54;190;7;40700;1
54;190;7;40777;1
54;190;7;40789;3
54;190;7;40888;1
54;190;7;44111;13
54;190;7;44444;16
54;190;7;45111;1
54;190;7;45678;1
54;190;7;55333;9
54;190;7;55555;1
54;190;5;95;20
54;190;5;96;60
54;190;5;180;182
54;190;5;222;36
54;190;5;400;183
54;190;5;445;43
54;190;3;13;190
54;190;3;14;3
54;190;3;45;54
54;190;3;95;6
54;190;3;96;9
54;191;1;13;66
54;191;1;22;4
54;191;1;95;1
54;191;1;96;5
54;191;6;12;1
54;191;6;13;2
54;191;6;18;1
54;191;6;95;6
54;191;6;96;1
54;191;6;1020;1
54;191;6;1144;1
54;191;6;1233;1
54;191;6;1234;1
54;191;6;1301;17
54;191;6;1515;1
54;191;6;1555;4
54;191;6;2299;1
54;191;6;2555;2
54;191;6;4020;19
54;191;6;4044;1
54;191;6;4077;1
54;191;6;4444;6
54;191;6;4455;8
54;191;6;4555;1
54;191;7;12;1
54;191;7;13;2
54;191;7;18;3
54;191;7;40;3
54;191;7;44;1
54;191;7;95;7
54;191;7;96;2
54;191;7;10222;1
54;191;7;12123;1
54;191;7;13123;17
54;191;7;13222;1
54;191;7;22580;1
54;191;7;40123;1
54;191;7;40200;3
54;191;7;40333;1
54;191;7;40444;10
54;191;7;40600;1
54;191;7;40789;6
54;191;7;43000;1
54;191;7;44111;7
54;191;7;44444;5
54;191;7;55333;1
54;191;5;95;10
54;191;5;96;28
54;191;5;180;43
54;191;5;222;9
54;191;5;400;48
54;191;5;445;14
54;191;3;13;49
54;191;3;45;20
54;191;3;96;7
54;192;1;13;174
54;192;1;14;4
54;192;1;22;63
54;192;1;55;4
54;192;1;70;4
54;192;1;80;1
54;192;1;95;8
54;192;1;96;5
54;192;6;13;1
54;192;6;15;2
54;192;6;18;1
54;192;6;40;1
54;192;6;43;1
54;192;6;95;14
54;192;6;96;9
54;192;6;1010;1
54;192;6;1055;1
54;192;6;1111;1
54;192;6;1144;13
54;192;6;1234;22
54;192;6;1244;1
54;192;6;1301;4
54;192;6;1323;4
54;192;6;1331;1
54;192;6;1515;23
54;192;6;1520;1
54;192;6;1555;11
54;192;6;2200;2
54;192;6;2211;1
54;192;6;2222;17
54;192;6;2244;15
54;192;6;2277;1
54;192;6;2299;1
54;192;6;2555;12
54;192;6;2589;1
54;192;6;3300;1
54;192;6;4020;34
54;192;6;4040;2
54;192;6;4044;4
54;192;6;4055;2
54;192;6;4077;1
54;192;6;4343;4
54;192;6;4422;1
54;192;6;4444;11
54;192;6;4445;2
54;192;6;4455;12
54;192;6;4488;1
54;192;6;4500;1
54;192;6;4592;6
54;192;6;5050;6
54;192;6;5511;5
54;192;6;5555;6
54;192;6;6565;1
54;192;6;7744;1
54;192;7;10;1
54;192;7;15;1
54;192;7;18;3
54;192;7;22;1
54;192;7;23;1
54;192;7;40;2
54;192;7;43;1
54;192;7;44;1
54;192;7;95;25
54;192;7;96;9
54;192;7;10123;1
54;192;7;10222;22
54;192;7;10234;1
54;192;7;10333;9
54;192;7;10999;10
54;192;7;11888;1
54;192;7;13000;24
54;192;7;13013;2
54;192;7;13123;5
54;192;7;13131;1
54;192;7;13132;2
54;192;7;13133;3
54;192;7;13222;11
54;192;7;13234;1
54;192;7;13333;7
54;192;7;13444;1
54;192;7;22022;4
54;192;7;22180;1
54;192;7;22222;4
54;192;7;22223;2
54;192;7;22777;2
54;192;7;25555;1
54;192;7;33000;3
54;192;7;40123;1
54;192;7;40234;1
54;192;7;40444;29
54;192;7;40600;5
54;192;7;40777;1
54;192;7;40789;5
54;192;7;40888;2
54;192;7;44111;12
54;192;7;44444;10
54;192;7;45111;2
54;192;7;45190;2
54;192;7;45222;1
54;192;7;45777;1
54;192;7;50013;2
54;192;7;50555;2
54;192;7;55333;17
54;192;7;55555;6
54;192;7;77888;1
54;192;5;95;54
54;192;5;96;50
54;192;5;180;126
54;192;5;222;73
54;192;5;400;135
54;192;5;445;87
54;192;5;800;1
54;192;3;13;119
54;192;3;45;128
54;192;3;95;7
54;192;3;96;9
54;193;1;13;131
54;193;1;14;4
54;193;1;22;16
54;193;1;70;6
54;193;1;95;1
54;193;1;96;3
54;193;6;11;1
54;193;6;15;2
54;193;6;25;1
54;193;6;40;1
54;193;6;95;5
54;193;6;1055;1
54;193;6;1144;22
54;193;6;1200;1
54;193;6;1234;1
54;193;6;1255;1
54;193;6;1322;1
54;193;6;1323;3
54;193;6;1515;32
54;193;6;1555;15
54;193;6;2233;2
54;193;6;2244;1
54;193;6;2277;1
54;193;6;2288;1
54;193;6;2299;1
54;193;6;2518;1
54;193;6;2555;5
54;193;6;4001;3
54;193;6;4020;14
54;193;6;4044;1
54;193;6;4055;1
54;193;6;4077;11
54;193;6;4343;1
54;193;6;4444;4
54;193;6;4455;18
54;193;6;4456;1
54;193;6;4592;3
54;193;6;5511;3
54;193;6;5555;1
54;193;6;7711;1
54;193;7;10;1
54;193;7;12;1
54;193;7;15;2
54;193;7;40;6
54;193;7;43;1
54;193;7;95;2
54;193;7;96;2
54;193;7;10333;2
54;193;7;10999;10
54;193;7;13000;37
54;193;7;13111;1
54;193;7;13123;2
54;193;7;13131;2
54;193;7;13133;15
54;193;7;13222;3
54;193;7;13333;2
54;193;7;13456;1
54;193;7;15333;1
54;193;7;22777;1
54;193;7;22888;1
54;193;7;33000;1
54;193;7;40000;1
54;193;7;40444;3
54;193;7;40600;2
54;193;7;40777;10
54;193;7;40789;7
54;193;7;44111;31
54;193;7;44444;3
54;193;7;50013;1
54;193;7;55333;6
54;193;7;55555;1
54;193;7;77888;2
54;193;5;95;25
54;193;5;96;28
54;193;5;180;105
54;193;5;222;18
54;193;5;400;108
54;193;5;445;38
54;193;3;13;100
54;193;3;45;56
54;193;3;96;5
54;197;1;13;151
54;197;1;14;5
54;197;1;22;66
54;197;1;55;4
54;197;1;70;7
54;197;1;95;3
54;197;1;96;7
54;197;6;11;1
54;197;6;13;1
54;197;6;44;1
54;197;6;45;1
54;197;6;95;14
54;197;6;96;2
54;197;6;1010;1
54;197;6;1022;1
54;197;6;1055;1
54;197;6;1144;6
54;197;6;1234;8
54;197;6;1301;5
54;197;6;1323;12
54;197;6;1331;1
54;197;6;1515;15
54;197;6;1555;9
54;197;6;2200;1
54;197;6;2222;16
54;197;6;2233;1
54;197;6;2244;10
54;197;6;2270;1
54;197;6;2277;1
54;197;6;2288;3
54;197;6;2299;5
54;197;6;2333;1
54;197;6;2518;3
54;197;6;2555;19
54;197;6;4000;2
54;197;6;4020;36
54;197;6;4040;1
54;197;6;4044;1
54;197;6;4077;2
54;197;6;4343;2
54;197;6;4444;18
54;197;6;4455;12
54;197;6;4477;1
54;197;6;4490;1
54;197;6;4592;3
54;197;6;5050;7
54;197;6;5511;8
54;197;6;5533;3
54;197;6;5555;4
54;197;6;7777;1
54;197;6;7788;1
54;197;7;13;2
54;197;7;22;1
54;197;7;40;3
54;197;7;45;1
54;197;7;95;17
54;197;7;96;3
54;197;7;10099;1
54;197;7;10123;1
54;197;7;10222;2
54;197;7;10333;3
54;197;7;11111;1
54;197;7;12222;1
54;197;7;13000;18
54;197;7;13111;1
54;197;7;13123;3
54;197;7;13133;8
54;197;7;13222;8
54;197;7;13333;21
54;197;7;13444;4
54;197;7;13700;2
54;197;7;22022;2
54;197;7;22190;1
54;197;7;22221;1
54;197;7;22222;2
54;197;7;22223;2
54;197;7;22777;2
54;197;7;22888;3
54;197;7;33000;2
54;197;7;40123;1
54;197;7;40444;49
54;197;7;40500;1
54;197;7;40600;3
54;197;7;40777;1
54;197;7;40789;4
54;197;7;44111;20
54;197;7;44444;17
54;197;7;44456;1
54;197;7;45111;3
54;197;7;45123;1
54;197;7;45190;1
54;197;7;45800;2
54;197;7;45888;2
54;197;7;50013;1
54;197;7;50555;7
54;197;7;55333;7
54;197;7;55555;4
54;197;7;77123;1
54;197;7;77888;1
54;197;5;95;50
54;197;5;96;21
54;197;5;162;1
54;197;5;180;120
54;197;5;222;71
54;197;5;400;132
54;197;5;445;87
54;197;5;800;4
54;197;3;13;108
54;197;3;45;118
54;197;3;80;1
54;197;3;95;7
54;197;3;96;9
54;198;1;13;196
54;198;1;14;7
54;198;1;22;41
54;198;1;27;1
54;198;1;30;1
54;198;1;55;3
54;198;1;70;10
54;198;1;95;5
54;198;1;96;12
54;198;6;10;1
54;198;6;12;1
54;198;6;13;2
54;198;6;18;1
54;198;6;20;1
54;198;6;25;1
54;198;6;40;1
54;198;6;44;1
54;198;6;45;1
54;198;6;95;20
54;198;6;96;7
54;198;6;1144;8
54;198;6;1234;8
54;198;6;1301;8
54;198;6;1313;1
54;198;6;1323;3
54;198;6;1333;3
54;198;6;1400;1
54;198;6;1414;1
54;198;6;1515;38
54;198;6;1555;12
54;198;6;2222;13
54;198;6;2234;1
54;198;6;2244;9
54;198;6;2299;24
54;198;6;2555;10
54;198;6;4001;1
54;198;6;4020;36
54;198;6;4040;2
54;198;6;4044;6
54;198;6;4055;6
54;198;6;4077;11
54;198;6;4343;2
54;198;6;4422;3
54;198;6;4444;5
54;198;6;4445;1
54;198;6;4455;6
54;198;6;4545;1
54;198;6;4555;1
54;198;6;4592;3
54;198;6;5050;4
54;198;6;5511;6
54;198;6;5522;1
54;198;6;6565;1
54;198;6;7700;2
54;198;6;7777;1
54;198;7;13;3
54;198;7;15;1
54;198;7;18;5
54;198;7;22;3
54;198;7;25;1
54;198;7;40;8
54;198;7;44;1
54;198;7;55;1
54;198;7;95;20
54;198;7;96;4
54;198;7;10000;2
54;198;7;10222;10
54;198;7;10333;2
54;198;7;11111;1
54;198;7;13000;8
54;198;7;13111;1
54;198;7;13123;6
54;198;7;13131;2
54;198;7;13132;2
54;198;7;13133;7
54;198;7;13222;8
54;198;7;13258;1
54;198;7;13333;5
54;198;7;22022;3
54;198;7;22221;1
54;198;7;22222;6
54;198;7;22223;1
54;198;7;22580;2
54;198;7;22777;1
54;198;7;33000;2
54;198;7;40000;1
54;198;7;40400;1
54;198;7;40444;51
54;198;7;40500;2
54;198;7;40600;2
54;198;7;40700;2
54;198;7;40777;8
54;198;7;40789;20
54;198;7;44111;21
54;198;7;44444;6
54;198;7;44456;1
54;198;7;44555;1
54;198;7;45222;1
54;198;7;45789;1
54;198;7;45800;1
54;198;7;50555;6
54;198;7;55000;1
54;198;7;55111;1
54;198;7;55333;29
54;198;7;55888;1
54;198;7;77019;1
54;198;5;95;73
54;198;5;96;72
54;198;5;180;144
54;198;5;222;42
54;198;5;400;164
54;198;5;445;57
54;198;3;13;143
54;198;3;45;108
54;198;3;95;11
54;198;3;96;14
54;204;1;13;171
54;204;1;14;2
54;204;1;22;55
54;204;1;55;5
54;204;1;70;2
54;204;1;95;5
54;204;1;96;8
54;204;6;13;1
54;204;6;40;1
54;204;6;95;19
54;204;6;96;6
54;204;6;1111;1
54;204;6;1144;1
54;204;6;1234;1
54;204;6;1301;22
54;204;6;1313;2
54;204;6;1323;9
54;204;6;1331;1
54;204;6;1333;1
54;204;6;1501;1
54;204;6;1515;27
54;204;6;1555;9
54;204;6;2222;22
54;204;6;2277;7
54;204;6;2555;18
54;204;6;4004;1
54;204;6;4020;64
54;204;6;4040;1
54;204;6;4044;2
54;204;6;4077;5
54;204;6;4422;2
54;204;6;4444;13
54;204;6;4455;1
54;204;6;4545;1
54;204;6;4578;1
54;204;6;5050;4
54;204;6;5511;1
54;204;6;5533;1
54;204;6;7711;1
54;204;6;7788;1
54;204;7;10;1
54;204;7;13;3
54;204;7;18;3
54;204;7;22;2
54;204;7;40;9
54;204;7;44;2
54;204;7;55;1
54;204;7;95;17
54;204;7;96;4
54;204;7;10333;1
54;204;7;10444;1
54;204;7;10999;3
54;204;7;13000;11
54;204;7;13123;7
54;204;7;13132;10
54;204;7;13133;9
54;204;7;13234;1
54;204;7;13444;5
54;204;7;13777;1
54;204;7;22022;2
54;204;7;22222;7
54;204;7;22223;9
54;204;7;22777;5
54;204;7;33000;1
54;204;7;40123;3
54;204;7;40200;1
54;204;7;40444;59
54;204;7;40600;3
54;204;7;40777;1
54;204;7;40789;5
54;204;7;44111;14
54;204;7;44444;9
54;204;7;44555;1
54;204;7;50555;3
54;204;7;55333;31
54;204;7;77888;3
54;204;5;95;49
54;204;5;96;63
54;204;5;180;125
54;204;5;222;49
54;204;5;400;150
54;204;5;445;60
54;204;3;13;133
54;204;3;14;1
54;204;3;16;1
54;204;3;45;91
54;204;3;95;8
54;204;3;96;14
54;205;1;13;194
54;205;1;14;3
54;205;1;22;34
54;205;1;70;5
54;205;1;95;4
54;205;1;96;6
54;205;6;10;1
54;205;6;11;3
54;205;6;12;1
54;205;6;13;1
54;205;6;15;3
54;205;6;22;1
54;205;6;40;2
54;205;6;95;13
54;205;6;96;5
54;205;6;1010;2
54;205;6;1020;1
54;205;6;1055;1
54;205;6;1144;10
54;205;6;1234;11
54;205;6;1300;1
54;205;6;1301;3
54;205;6;1323;6
54;205;6;1515;32
54;205;6;1555;17
54;205;6;2222;12
54;205;6;2233;1
54;205;6;2234;1
54;205;6;2244;9
54;205;6;2299;23
54;205;6;2555;15
54;205;6;4000;2
54;205;6;4004;1
54;205;6;4020;23
54;205;6;4044;4
54;205;6;4055;3
54;205;6;4077;5
54;205;6;4422;2
54;205;6;4444;5
54;205;6;4445;1
54;205;6;4455;6
54;205;6;4555;2
54;205;6;4592;2
54;205;6;5050;2
54;205;6;5511;8
54;205;6;5522;1
54;205;6;5533;1
54;205;6;5555;1
54;205;6;7711;2
54;205;7;10;2
54;205;7;13;1
54;205;7;15;1
54;205;7;18;3
54;205;7;22;1
54;205;7;40;9
54;205;7;44;1
54;205;7;45;3
54;205;7;95;14
54;205;7;96;7
54;205;7;10000;3
54;205;7;10123;1
54;205;7;10222;8
54;205;7;10333;2
54;205;7;10999;4
54;205;7;13000;9
54;205;7;13111;2
54;205;7;13131;2
54;205;7;13132;2
54;205;7;13133;15
54;205;7;13222;4
54;205;7;13333;9
54;205;7;13777;2
54;205;7;13888;1
54;205;7;22022;4
54;205;7;22222;4
54;205;7;22580;2
54;205;7;22762;1
54;205;7;40444;39
54;205;7;40500;1
54;205;7;40600;5
54;205;7;40700;2
54;205;7;40777;7
54;205;7;40789;14
54;205;7;44111;21
54;205;7;44444;6
54;205;7;45111;1
54;205;7;45190;2
54;205;7;45411;1
54;205;7;45777;2
54;205;7;50180;1
54;205;7;50555;3
54;205;7;55111;1
54;205;7;55333;22
54;205;7;55777;1
54;205;5;95;54
54;205;5;96;62
54;205;5;180;130
54;205;5;222;45
54;205;5;400;133
54;205;5;445;63
54;205;5;800;5
54;205;3;13;133
54;205;3;14;1
54;205;3;45;93
54;205;3;95;9
54;205;3;96;10
54;208;1;13;182
54;208;1;22;37
54;208;1;55;1
54;208;1;70;10
54;208;1;95;10
54;208;1;96;4
54;208;6;11;2
54;208;6;12;1
54;208;6;22;3
54;208;6;29;1
54;208;6;55;1
54;208;6;95;16
54;208;6;96;7
54;208;6;1010;2
54;208;6;1055;2
54;208;6;1144;8
54;208;6;1234;3
54;208;6;1300;2
54;208;6;1301;9
54;208;6;1313;1
54;208;6;1323;6
54;208;6;1515;38
54;208;6;1555;8
54;208;6;1592;1
54;208;6;2200;1
54;208;6;2222;16
54;208;6;2233;1
54;208;6;2244;10
54;208;6;2299;17
54;208;6;2555;12
54;208;6;4020;38
54;208;6;4040;1
54;208;6;4044;2
54;208;6;4055;4
54;208;6;4077;1
54;208;6;4343;4
54;208;6;4444;6
54;208;6;4445;1
54;208;6;4455;5
54;208;6;4555;1
54;208;6;4592;2
54;208;6;5050;2
54;208;6;5511;5
54;208;6;7711;3
54;208;6;7777;1
54;208;7;10;1
54;208;7;11;1
54;208;7;13;2
54;208;7;15;1
54;208;7;18;5
54;208;7;40;7
54;208;7;44;2
54;208;7;45;2
54;208;7;95;13
54;208;7;96;7
54;208;7;10000;2
54;208;7;10123;1
54;208;7;10222;4
54;208;7;10333;2
54;208;7;10999;1
54;208;7;11222;1
54;208;7;13000;13
54;208;7;13111;1
54;208;7;13123;8
54;208;7;13131;2
54;208;7;13132;1
54;208;7;13133;10
54;208;7;13222;6
54;208;7;13258;1
54;208;7;13333;4
54;208;7;22022;2
54;208;7;22221;1
54;208;7;22222;1
54;208;7;22762;1
54;208;7;22777;1
54;208;7;33000;3
54;208;7;40100;1
54;208;7;40333;2
54;208;7;40444;46
54;208;7;40600;2
54;208;7;40777;1
54;208;7;40789;19
54;208;7;40888;1
54;208;7;44111;21
54;208;7;44444;8
54;208;7;45111;1
54;208;7;45411;2
54;208;7;45645;1
54;208;7;45777;1
54;208;7;45800;3
54;208;7;50555;1
54;208;7;55333;26
54;208;7;55888;1
54;208;5;95;61
54;208;5;96;66
54;208;5;180;113
54;208;5;222;46
54;208;5;400;136
54;208;5;445;66
54;208;3;13;121
54;208;3;45;101
54;208;3;95;11
54;208;3;96;11
54;209;1;13;168
54;209;1;14;3
54;209;1;22;61
54;209;1;55;2
54;209;1;70;5
54;209;1;95;2
54;209;1;96;10
54;209;6;12;1
54;209;6;13;1
54;209;6;15;1
54;209;6;40;1
54;209;6;44;1
54;209;6;95;12
54;209;6;96;5
54;209;6;1010;2
54;209;6;1144;1
54;209;6;1212;1
54;209;6;1234;2
54;209;6;1299;1
54;209;6;1301;19
54;209;6;1323;10
54;209;6;1333;2
54;209;6;1515;17
54;209;6;1555;10
54;209;6;1599;1
54;209;6;2200;1
54;209;6;2222;28
54;209;6;2244;4
54;209;6;2277;1
54;209;6;2518;5
54;209;6;2555;24
54;209;6;4020;60
54;209;6;4040;4
54;209;6;4044;1
54;209;6;4422;5
54;209;6;4444;21
54;209;6;4455;2
54;209;6;4555;1
54;209;6;5050;1
54;209;6;5511;3
54;209;6;7711;2
54;209;7;13;2
54;209;7;15;1
54;209;7;18;1
54;209;7;40;10
54;209;7;44;2
54;209;7;45;1
54;209;7;55;1
54;209;7;95;13
54;209;7;96;4
54;209;7;10123;2
54;209;7;10222;1
54;209;7;10333;1
54;209;7;10999;1
54;209;7;11888;1
54;209;7;13000;11
54;209;7;13123;5
54;209;7;13132;11
54;209;7;13133;8
54;209;7;13222;1
54;209;7;13444;2
54;209;7;13700;2
54;209;7;22000;2
54;209;7;22022;2
54;209;7;22221;1
54;209;7;22222;5
54;209;7;22223;8
54;209;7;22555;1
54;209;7;22580;1
54;209;7;22762;1
54;209;7;22777;1
54;209;7;30330;1
54;209;7;33000;2
54;209;7;40123;9
54;209;7;40200;1
54;209;7;40333;1
54;209;7;40444;57
54;209;7;40600;10
54;209;7;40777;2
54;209;7;40789;8
54;209;7;44111;13
54;209;7;44444;16
54;209;7;44456;1
54;209;7;44555;1
54;209;7;55333;22
54;209;7;77888;4
54;209;5;95;37
54;209;5;96;58
54;209;5;180;132
54;209;5;222;56
54;209;5;400;146
54;209;5;445;73
54;209;3;13;127
54;209;3;45;103
54;209;3;95;6
54;209;3;96;15
54;213;1;13;141
54;213;1;14;9
54;213;1;22;95
54;213;1;27;1
54;213;1;55;2
54;213;1;70;9
54;213;1;95;5
54;213;1;96;4
54;213;6;12;1
54;213;6;18;1
54;213;6;30;1
54;213;6;45;1
54;213;6;95;7
54;213;6;96;3
54;213;6;1144;11
54;213;6;1234;8
54;213;6;1300;1
54;213;6;1301;9
54;213;6;1323;11
54;213;6;1331;2
54;213;6;1515;9
54;213;6;1555;5
54;213;6;2200;4
54;213;6;2222;14
54;213;6;2233;2
54;213;6;2244;9
54;213;6;2277;1
54;213;6;2288;3
54;213;6;2299;4
54;213;6;2518;5
54;213;6;2525;1
54;213;6;2555;22
54;213;6;4020;43
54;213;6;4040;3
54;213;6;4044;5
54;213;6;4055;1
54;213;6;4400;1
54;213;6;4411;1
54;213;6;4433;1
54;213;6;4444;18
54;213;6;4445;2
54;213;6;4455;10
54;213;6;4477;2
54;213;6;4490;2
54;213;6;4548;1
54;213;6;4592;9
54;213;6;5050;10
54;213;6;5077;2
54;213;6;5511;14
54;213;6;5533;2
54;213;6;5555;3
54;213;6;7711;1
54;213;7;13;2
54;213;7;15;1
54;213;7;18;2
54;213;7;22;1
54;213;7;40;3
54;213;7;43;1
54;213;7;44;4
54;213;7;95;10
54;213;7;96;5
54;213;7;10222;9
54;213;7;10333;4
54;213;7;10999;3
54;213;7;11888;1
54;213;7;13000;11
54;213;7;13013;1
54;213;7;13123;6
54;213;7;13131;1
54;213;7;13133;16
54;213;7;13222;9
54;213;7;13234;2
54;213;7;13333;2
54;213;7;13444;1
54;213;7;13700;1
54;213;7;13777;1
54;213;7;13999;1
54;213;7;15190;1
54;213;7;15222;1
54;213;7;22000;2
54;213;7;22022;6
54;213;7;22180;1
54;213;7;22190;1
54;213;7;22221;1
54;213;7;22222;3
54;213;7;22223;1
54;213;7;22762;1
54;213;7;22777;1
54;213;7;22888;3
54;213;7;40123;3
54;213;7;40444;49
54;213;7;40456;1
54;213;7;40500;1
54;213;7;40555;1
54;213;7;40600;1
54;213;7;40700;1
54;213;7;40789;4
54;213;7;44111;20
54;213;7;44444;24
54;213;7;45111;1
54;213;7;45190;3
54;213;7;45777;2
54;213;7;45800;2
54;213;7;45888;2
54;213;7;50013;2
54;213;7;50500;1
54;213;7;50555;11
54;213;7;55111;1
54;213;7;55333;9
54;213;7;55555;1
54;213;7;55777;1
54;213;7;77888;5
54;213;5;95;40
54;213;5;96;36
54;213;5;180;114
54;213;5;222;96
54;213;5;400;129
54;213;5;445;116
54;213;5;800;1
54;213;3;13;104
54;213;3;14;1
54;213;3;45;157
54;213;3;95;2
54;213;3;96;2
54;214;1;13;193
54;214;1;14;3
54;214;1;22;43
54;214;1;70;7
54;214;1;95;5
54;214;1;96;6
54;214;6;11;1
54;214;6;12;1
54;214;6;13;2
54;214;6;15;1
54;214;6;22;1
54;214;6;25;1
54;214;6;40;1
54;214;6;95;20
54;214;6;96;7
54;214;6;1010;2
54;214;6;1055;1
54;214;6;1111;1
54;214;6;1144;8
54;214;6;1234;10
54;214;6;1301;9
54;214;6;1313;4
54;214;6;1314;1
54;214;6;1323;9
54;214;6;1331;1
54;214;6;1515;39
54;214;6;1555;10
54;214;6;2222;13
54;214;6;2244;15
54;214;6;2270;1
54;214;6;2277;1
54;214;6;2299;11
54;214;6;2555;14
54;214;6;2999;1
54;214;6;4020;36
54;214;6;4040;2
54;214;6;4044;3
54;214;6;4055;2
54;214;6;4077;2
54;214;6;4343;3
54;214;6;4411;1
54;214;6;4444;5
54;214;6;4455;4
54;214;6;4477;1
54;214;6;4511;2
54;214;6;4555;1
54;214;6;4592;1
54;214;6;5050;3
54;214;6;5511;5
54;214;7;13;2
54;214;7;22;1
54;214;7;40;6
54;214;7;43;1
54;214;7;95;23
54;214;7;96;8
54;214;7;10123;1
54;214;7;10222;9
54;214;7;10333;4
54;214;7;12123;1
54;214;7;13000;8
54;214;7;13013;1
54;214;7;13123;5
54;214;7;13131;1
54;214;7;13132;2
54;214;7;13133;14
54;214;7;13222;12
54;214;7;13234;4
54;214;7;13333;9
54;214;7;13444;1
54;214;7;13456;2
54;214;7;13999;1
54;214;7;22022;1
54;214;7;22222;3
54;214;7;22777;1
54;214;7;40100;1
54;214;7;40444;49
54;214;7;40600;2
54;214;7;40700;1
54;214;7;40777;2
54;214;7;40789;11
54;214;7;43777;1
54;214;7;44111;26
54;214;7;44444;7
54;214;7;45111;3
54;214;7;50180;1
54;214;7;50555;4
54;214;7;55000;1
54;214;7;55111;1
54;214;7;55333;26
54;214;5;95;74
54;214;5;96;44
54;214;5;180;141
54;214;5;222;44
54;214;5;400;150
54;214;5;445;61
54;214;3;13;131
54;214;3;45;107
54;214;3;95;9
54;214;3;96;10
54;217;1;13;178
54;217;1;14;5
54;217;1;22;55
54;217;1;55;2
54;217;1;70;6
54;217;1;95;6
54;217;1;96;9
54;217;6;11;2
54;217;6;12;3
54;217;6;13;2
54;217;6;40;1
54;217;6;44;1
54;217;6;95;14
54;217;6;96;5
54;217;6;1111;2
54;217;6;1144;9
54;217;6;1234;21
54;217;6;1300;1
54;217;6;1301;3
54;217;6;1323;5
54;217;6;1515;23
54;217;6;1555;6
54;217;6;2200;2
54;217;6;2222;20
54;217;6;2224;1
54;217;6;2244;8
54;217;6;2255;1
54;217;6;2288;1
54;217;6;2299;3
54;217;6;2555;10
54;217;6;4020;37
54;217;6;4040;2
54;217;6;4044;3
54;217;6;4055;2
54;217;6;4077;4
54;217;6;4343;5
54;217;6;4422;2
54;217;6;4444;18
54;217;6;4445;1
54;217;6;4455;13
54;217;6;4477;1
54;217;6;4490;2
54;217;6;4545;1
54;217;6;4592;7
54;217;6;5050;5
54;217;6;5510;1
54;217;6;5511;6
54;217;6;5555;6
54;217;6;5588;1
54;217;7;10;1
54;217;7;11;1
54;217;7;12;5
54;217;7;13;1
54;217;7;15;1
54;217;7;18;4
54;217;7;22;1
54;217;7;40;11
54;217;7;44;3
54;217;7;45;2
54;217;7;55;2
54;217;7;95;14
54;217;7;96;6
54;217;7;10123;1
54;217;7;10222;18
54;217;7;10333;5
54;217;7;10999;7
54;217;7;11111;1
54;217;7;12222;1
54;217;7;13000;20
54;217;7;13123;4
54;217;7;13131;2
54;217;7;13132;1
54;217;7;13133;4
54;217;7;13222;7
54;217;7;13333;7
54;217;7;13444;2
54;217;7;13777;2
54;217;7;22022;2
54;217;7;22222;10
54;217;7;22223;1
54;217;7;22522;1
54;217;7;22888;1
54;217;7;33000;5
54;217;7;40444;35
54;217;7;40456;1
54;217;7;40600;1
54;217;7;40777;4
54;217;7;40789;3
54;217;7;40999;1
54;217;7;44111;9
54;217;7;44444;18
54;217;7;45111;1
54;217;7;45777;3
54;217;7;50555;4
54;217;7;55100;1
54;217;7;55333;20
54;217;7;55555;6
54;217;5;95;56
54;217;5;96;76
54;217;5;180;118
54;217;5;222;68
54;217;5;400;125
54;217;5;445;79
54;217;3;13;122
54;217;3;14;1
54;217;3;45;110
54;217;3;95;10
54;217;3;96;18
54;221;1;13;189
54;221;1;14;2
54;221;1;22;53
54;221;1;55;2
54;221;1;70;10
54;221;1;95;5
54;221;1;96;11
54;221;6;11;1
54;221;6;13;1
54;221;6;14;1
54;221;6;44;1
54;221;6;45;1
54;221;6;95;15
54;221;6;96;3
54;221;6;1010;1
54;221;6;1111;2
54;221;6;1144;18
54;221;6;1233;1
54;221;6;1234;9
54;221;6;1301;9
54;221;6;1311;1
54;221;6;1323;17
54;221;6;1399;1
54;221;6;1414;1
54;221;6;1515;30
54;221;6;1555;10
54;221;6;2200;2
54;221;6;2222;9
54;221;6;2233;1
54;221;6;2244;25
54;221;6;2299;10
54;221;6;2555;11
54;221;6;3011;1
54;221;6;4020;26
54;221;6;4040;1
54;221;6;4044;3
54;221;6;4055;5
54;221;6;4343;4
54;221;6;4411;1
54;221;6;4422;2
54;221;6;4444;12
54;221;6;4445;1
54;221;6;4455;5
54;221;6;4477;1
54;221;6;4511;1
54;221;6;4592;16
54;221;6;5050;2
54;221;6;5511;8
54;221;6;5555;2
54;221;7;10;1
54;221;7;13;3
54;221;7;18;2
54;221;7;22;1
54;221;7;25;1
54;221;7;40;5
54;221;7;44;3
54;221;7;45;1
54;221;7;77;1
54;221;7;95;19
54;221;7;96;4
54;221;7;10123;1
54;221;7;10222;4
54;221;7;10999;8
54;221;7;13000;15
54;221;7;13123;10
54;221;7;13131;1
54;221;7;13132;1
54;221;7;13133;14
54;221;7;13180;1
54;221;7;13222;12
54;221;7;13234;1
54;221;7;13333;19
54;221;7;13444;1
54;221;7;13999;1
54;221;7;15222;1
54;221;7;22022;2
54;221;7;22180;1
54;221;7;22221;1
54;221;7;22222;3
54;221;7;22777;2
54;221;7;33000;2
54;221;7;40123;1
54;221;7;40222;1
54;221;7;40444;37
54;221;7;40600;3
54;221;7;40777;1
54;221;7;40789;13
54;221;7;40999;2
54;221;7;44111;27
54;221;7;44444;19
54;221;7;45111;3
54;221;7;45190;1
54;221;7;50555;2
54;221;7;55333;17
54;221;7;55555;2
54;221;7;77123;1
54;221;5;95;58
54;221;5;96;60
54;221;5;180;120
54;221;5;222;70
54;221;5;400;135
54;221;5;445;100
54;221;5;800;1
54;221;3;13;124
54;221;3;14;1
54;221;3;45;122
54;221;3;95;8
54;221;3;96;17
54;222;1;13;214
54;222;1;14;1
54;222;1;22;42
54;222;1;30;1
54;222;1;55;1
54;222;1;70;5
54;222;1;95;4
54;222;1;96;11
54;222;6;13;3
54;222;6;14;1
54;222;6;25;1
54;222;6;40;4
54;222;6;43;2
54;222;6;45;2
54;222;6;95;8
54;222;6;96;7
54;222;6;1010;3
54;222;6;1144;3
54;222;6;1234;11
54;222;6;1301;5
54;222;6;1323;6
54;222;6;1333;1
54;222;6;1515;39
54;222;6;1555;22
54;222;6;2222;9
54;222;6;2233;1
54;222;6;2244;7
54;222;6;2299;35
54;222;6;2555;13
54;222;6;4020;48
54;222;6;4040;1
54;222;6;4044;2
54;222;6;4055;5
54;222;6;4077;5
54;222;6;4343;1
54;222;6;4411;1
54;222;6;4422;1
54;222;6;4444;11
54;222;6;4455;11
54;222;6;4592;4
54;222;6;5050;2
54;222;6;5511;3
54;222;6;7744;1
54;222;7;13;5
54;222;7;15;2
54;222;7;18;3
54;222;7;40;11
54;222;7;44;2
54;222;7;45;1
54;222;7;95;14
54;222;7;96;8
54;222;7;10123;1
54;222;7;10222;9
54;222;7;10333;2
54;222;7;10999;3
54;222;7;13000;17
54;222;7;13123;3
54;222;7;13132;1
54;222;7;13133;14
54;222;7;13222;9
54;222;7;13333;8
54;222;7;22022;2
54;222;7;22221;2
54;222;7;22222;1
54;222;7;22223;1
54;222;7;33000;3
54;222;7;40000;1
54;222;7;40200;1
54;222;7;40400;1
54;222;7;40444;64
54;222;7;40600;2
54;222;7;40777;5
54;222;7;40789;17
54;222;7;44111;28
54;222;7;44444;10
54;222;7;45111;1
54;222;7;45411;1
54;222;7;50013;2
54;222;7;50555;2
54;222;7;55333;21
54;222;7;55555;1
54;222;5;95;50
54;222;5;96;75
54;222;5;180;156
54;222;5;222;47
54;222;5;400;170
54;222;5;445;59
54;222;5;800;1
54;222;3;13;159
54;222;3;45;101
54;222;3;95;7
54;222;3;96;12
54;225;1;13;196
54;225;1;14;1
54;225;1;22;55
54;225;1;55;2
54;225;1;70;7
54;225;1;95;6
54;225;1;96;12
54;225;6;11;1
54;225;6;12;1
54;225;6;13;1
54;225;6;15;1
54;225;6;25;2
54;225;6;44;1
54;225;6;95;12
54;225;6;96;7
54;225;6;1010;2
54;225;6;1022;1
54;225;6;1144;15
54;225;6;1233;1
54;225;6;1234;19
54;225;6;1301;5
54;225;6;1322;4
54;225;6;1323;11
54;225;6;1333;1
54;225;6;1444;1
54;225;6;1515;29
54;225;6;1520;1
54;225;6;1555;8
54;225;6;1800;1
54;225;6;2025;1
54;225;6;2200;1
54;225;6;2222;13
54;225;6;2233;1
54;225;6;2244;7
54;225;6;2277;1
54;225;6;2299;8
54;225;6;2518;1
54;225;6;2555;18
54;225;6;4020;33
54;225;6;4040;5
54;225;6;4044;2
54;225;6;4055;2
54;225;6;4077;3
54;225;6;4343;3
54;225;6;4400;1
54;225;6;4411;1
54;225;6;4422;2
54;225;6;4444;11
54;225;6;4455;14
54;225;6;4477;1
54;225;6;4555;1
54;225;6;5050;3
54;225;6;5511;8
54;225;6;5533;3
54;225;6;5555;9
54;225;6;6565;1
54;225;7;11;2
54;225;7;12;1
54;225;7;13;1
54;225;7;18;1
54;225;7;22;2
54;225;7;25;1
54;225;7;40;11
54;225;7;44;4
54;225;7;95;18
54;225;7;96;8
54;225;7;10123;2
54;225;7;10222;20
54;225;7;10333;6
54;225;7;10678;1
54;225;7;10999;2
54;225;7;13000;19
54;225;7;13013;1
54;225;7;13123;3
54;225;7;13131;2
54;225;7;13132;2
54;225;7;13133;9
54;225;7;13222;20
54;225;7;13234;2
54;225;7;13333;14
54;225;7;13777;2
54;225;7;15333;1
54;225;7;22022;3
54;225;7;22222;5
54;225;7;22223;1
54;225;7;22522;1
54;225;7;22580;1
54;225;7;22777;2
54;225;7;25555;1
54;225;7;33000;2
54;225;7;33111;1
54;225;7;40111;1
54;225;7;40123;1
54;225;7;40444;41
54;225;7;40500;1
54;225;7;40777;2
54;225;7;40789;2
54;225;7;40888;1
54;225;7;43000;1
54;225;7;44111;12
54;225;7;44444;10
54;225;7;45111;2
54;225;7;45123;1
54;225;7;50555;1
54;225;7;55333;24
54;225;7;55555;7
54;225;5;95;50
54;225;5;96;68
54;225;5;180;144
54;225;5;222;68
54;225;5;400;148
54;225;5;445;80
54;225;3;13;137
54;225;3;14;1
54;225;3;45;115
54;225;3;95;9
54;225;3;96;17
54;228;1;13;205
54;228;1;14;2
54;228;1;22;44
54;228;1;55;4
54;228;1;70;7
54;228;1;95;5
54;228;1;96;10
54;228;6;12;3
54;228;6;13;1
54;228;6;25;1
54;228;6;40;3
54;228;6;55;1
54;228;6;95;17
54;228;6;96;8
54;228;6;1010;3
54;228;6;1022;1
54;228;6;1055;1
54;228;6;1144;16
54;228;6;1234;12
54;228;6;1277;1
54;228;6;1301;13
54;228;6;1313;2
54;228;6;1314;1
54;228;6;1323;6
54;228;6;1333;1
54;228;6;1515;30
54;228;6;1555;9
54;228;6;2200;1
54;228;6;2222;10
54;228;6;2244;9
54;228;6;2299;30
54;228;6;2555;16
54;228;6;4020;34
54;228;6;4040;2
54;228;6;4044;4
54;228;6;4055;4
54;228;6;4077;6
54;228;6;4343;3
54;228;6;4411;1
54;228;6;4422;2
54;228;6;4444;10
54;228;6;4445;1
54;228;6;4455;4
54;228;6;4490;1
54;228;6;4592;1
54;228;6;5511;2
54;228;6;5522;1
54;228;6;5555;2
54;228;6;7711;2
54;228;6;7744;1
54;228;7;11;1
54;228;7;12;1
54;228;7;13;6
54;228;7;15;1
54;228;7;18;1
54;228;7;22;2
54;228;7;40;11
54;228;7;44;4
54;228;7;45;1
54;228;7;55;1
54;228;7;95;18
54;228;7;96;7
54;228;7;10123;3
54;228;7;10222;11
54;228;7;10333;2
54;228;7;10999;1
54;228;7;13000;9
54;228;7;13111;4
54;228;7;13123;2
54;228;7;13131;2
54;228;7;13132;1
54;228;7;13133;13
54;228;7;13222;11
54;228;7;13234;2
54;228;7;13333;4
54;228;7;13444;1
54;228;7;22022;2
54;228;7;22180;1
54;228;7;22221;1
54;228;7;22222;2
54;228;7;22223;2
54;228;7;33000;2
54;228;7;40100;1
54;228;7;40444;59
54;228;7;40500;1
54;228;7;40600;3
54;228;7;40700;2
54;228;7;40777;6
54;228;7;40789;10
54;228;7;44111;13
54;228;7;44444;15
54;228;7;45111;2
54;228;7;45645;1
54;228;7;45678;1
54;228;7;45777;2
54;228;7;45800;2
54;228;7;50113;1
54;228;7;50555;3
54;228;7;55333;21
54;228;7;55555;1
54;228;7;55888;1
54;228;7;77888;2
54;228;5;95;53
54;228;5;96;72
54;228;5;180;148
54;228;5;222;67
54;228;5;400;146
54;228;5;445;67
54;228;5;800;1
54;228;3;13;151
54;228;3;14;1
54;228;3;30;1
54;228;3;45;98
54;228;3;95;8
54;228;3;96;18
54;229;1;13;142
54;229;1;22;32
54;229;1;70;2
54;229;1;95;4
54;229;1;96;3
54;229;6;13;2
54;229;6;40;1
54;229;6;44;1
54;229;6;45;1
54;229;6;95;5
54;229;6;96;1
54;229;6;1111;1
54;229;6;1234;11
54;229;6;1300;1
54;229;6;1301;14
54;229;6;1313;1
54;229;6;1323;1
54;229;6;1333;1
54;229;6;1515;33
54;229;6;1555;8
54;229;6;2222;5
54;229;6;2244;8
54;229;6;2555;7
54;229;6;4020;39
54;229;6;4040;1
54;229;6;4077;3
54;229;6;4343;3
54;229;6;4422;2
54;229;6;4444;6
54;229;6;4455;13
54;229;6;4477;1
54;229;6;4555;4
54;229;6;4592;5
54;229;6;5050;1
54;229;6;5555;3
54;229;7;13;2
54;229;7;15;1
54;229;7;18;2
54;229;7;40;6
54;229;7;44;2
54;229;7;45;1
54;229;7;95;3
54;229;7;10222;9
54;229;7;10333;1
54;229;7;10678;1
54;229;7;10999;1
54;229;7;11555;1
54;229;7;13000;32
54;229;7;13111;2
54;229;7;13123;23
54;229;7;13132;1
54;229;7;13133;13
54;229;7;13222;3
54;229;7;13234;1
54;229;7;13333;4
54;229;7;15333;1
54;229;7;22022;2
54;229;7;22222;1
54;229;7;22223;1
54;229;7;22580;1
54;229;7;25555;1
54;229;7;33000;1
54;229;7;40444;27
54;229;7;40456;2
54;229;7;40500;2
54;229;7;40600;1
54;229;7;40789;3
54;229;7;44111;8
54;229;7;44444;5
54;229;7;45111;1
54;229;7;50555;2
54;229;7;55333;12
54;229;7;77123;3
54;229;5;95;27
54;229;5;96;29
54;229;5;180;116
54;229;5;222;27
54;229;5;400;127
54;229;5;445;39
54;229;5;800;1
54;229;3;13;121
54;229;3;45;49
54;229;3;95;3
54;229;3;96;10
54;230;1;13;137
54;230;1;14;6
54;230;1;22;37
54;230;1;70;2
54;230;1;95;5
54;230;1;96;10
54;230;6;13;1
54;230;6;95;8
54;230;6;96;5
54;230;6;1055;3
54;230;6;1111;1
54;230;6;1144;3
54;230;6;1300;1
54;230;6;1301;30
54;230;6;1312;1
54;230;6;1322;1
54;230;6;1331;1
54;230;6;1400;1
54;230;6;1515;13
54;230;6;1555;10
54;230;6;2200;1
54;230;6;2222;15
54;230;6;2277;2
54;230;6;2288;1
54;230;6;2299;7
54;230;6;2555;12
54;230;6;4020;40
54;230;6;4411;3
54;230;6;4422;4
54;230;6;4444;5
54;230;6;4455;24
54;230;6;4555;1
54;230;6;5050;2
54;230;6;7744;1
54;230;7;13;2
54;230;7;18;6
54;230;7;40;2
54;230;7;44;3
54;230;7;45;1
54;230;7;95;11
54;230;7;96;3
54;230;7;10333;5
54;230;7;10999;3
54;230;7;13000;36
54;230;7;13123;31
54;230;7;13133;6
54;230;7;13234;1
54;230;7;13333;2
54;230;7;13999;1
54;230;7;22022;1
54;230;7;22222;6
54;230;7;22580;1
54;230;7;22777;1
54;230;7;22888;1
54;230;7;40444;7
54;230;7;40600;4
54;230;7;40789;1
54;230;7;40999;1
54;230;7;44111;49
54;230;7;44444;3
54;230;7;45777;1
54;230;7;55000;1
54;230;7;55333;7
54;230;5;95;37
54;230;5;96;44
54;230;5;180;112
54;230;5;222;34
54;230;5;400;120
54;230;5;445;45
54;230;5;800;2
54;230;3;13;108
54;230;3;14;1
54;230;3;45;73
54;230;3;95;5
54;230;3;96;10
54;231;1;13;202
54;231;1;14;3
54;231;1;22;47
54;231;1;55;1
54;231;1;70;3
54;231;1;95;5
54;231;1;96;15
54;231;6;12;2
54;231;6;15;1
54;231;6;18;1
54;231;6;40;3
54;231;6;44;1
54;231;6;45;1
54;231;6;95;12
54;231;6;96;7
54;231;6;1055;1
54;231;6;1144;12
54;231;6;1234;3
54;231;6;1301;5
54;231;6;1313;3
54;231;6;1314;1
54;231;6;1323;5
54;231;6;1515;41
54;231;6;1555;16
54;231;6;2211;2
54;231;6;2222;9
54;231;6;2244;17
54;231;6;2277;2
54;231;6;2288;2
54;231;6;2299;14
54;231;6;2555;14
54;231;6;4000;1
54;231;6;4020;44
54;231;6;4040;2
54;231;6;4044;9
54;231;6;4077;3
54;231;6;4343;5
54;231;6;4444;8
54;231;6;4455;14
54;231;6;4555;2
54;231;6;4592;3
54;231;6;5050;1
54;231;6;5077;1
54;231;6;5511;5
54;231;6;5533;1
54;231;6;7744;2
54;231;7;10;1
54;231;7;11;1
54;231;7;13;4
54;231;7;15;1
54;231;7;18;6
54;231;7;22;6
54;231;7;40;11
54;231;7;43;1
54;231;7;44;4
54;231;7;45;2
54;231;7;95;18
54;231;7;96;5
54;231;7;10222;3
54;231;7;10333;6
54;231;7;10999;2
54;231;7;13000;23
54;231;7;13111;1
54;231;7;13123;7
54;231;7;13131;1
54;231;7;13132;1
54;231;7;13133;17
54;231;7;13222;12
54;231;7;13234;1
54;231;7;13333;5
54;231;7;13444;1
54;231;7;22022;1
54;231;7;22221;2
54;231;7;22222;4
54;231;7;22580;1
54;231;7;22777;1
54;231;7;22888;2
54;231;7;33000;4
54;231;7;40000;1
54;231;7;40123;2
54;231;7;40444;41
54;231;7;40500;3
54;231;7;40600;3
54;231;7;40777;5
54;231;7;40789;5
54;231;7;44111;21
54;231;7;44444;12
54;231;7;45000;1
54;231;7;45111;2
54;231;7;45456;3
54;231;7;45800;2
54;231;7;50555;2
54;231;7;55000;1
54;231;7;55333;17
54;231;5;95;54
54;231;5;96;76
54;231;5;180;147
54;231;5;222;53
54;231;5;400;145
54;231;5;445;76
54;231;5;800;1
54;231;3;13;146
54;231;3;45;101
54;231;3;95;11
54;231;3;96;18
54;232;1;13;181
54;232;1;14;3
54;232;1;22;56
54;232;1;55;1
54;232;1;70;4
54;232;1;95;3
54;232;1;96;6
54;232;6;11;1
54;232;6;40;1
54;232;6;95;11
54;232;6;96;3
54;232;6;1000;1
54;232;6;1111;1
54;232;6;1122;1
54;232;6;1144;7
54;232;6;1234;17
54;232;6;1256;1
54;232;6;1301;20
54;232;6;1312;1
54;232;6;1323;6
54;232;6;1501;1
54;232;6;1515;23
54;232;6;1555;8
54;232;6;2222;5
54;232;6;2244;14
54;232;6;2288;1
54;232;6;2299;7
54;232;6;2333;1
54;232;6;2555;10
54;232;6;4010;1
54;232;6;4020;50
54;232;6;4040;1
54;232;6;4077;12
54;232;6;4343;4
54;232;6;4377;1
54;232;6;4411;1
54;232;6;4444;18
54;232;6;4455;11
54;232;6;4592;5
54;232;6;5511;3
54;232;6;5533;1
54;232;6;5555;2
54;232;6;7788;3
54;232;7;10;1
54;232;7;11;1
54;232;7;12;1
54;232;7;13;3
54;232;7;15;1
54;232;7;18;4
54;232;7;40;9
54;232;7;43;1
54;232;7;44;1
54;232;7;45;1
54;232;7;95;11
54;232;7;10000;8
54;232;7;10222;12
54;232;7;10333;3
54;232;7;10678;1
54;232;7;10999;2
54;232;7;13000;14
54;232;7;13111;15
54;232;7;13123;21
54;232;7;13133;12
54;232;7;13222;9
54;232;7;13234;1
54;232;7;13333;17
54;232;7;22022;3
54;232;7;22222;1
54;232;7;22223;2
54;232;7;22322;1
54;232;7;22777;2
54;232;7;25555;4
54;232;7;33000;2
54;232;7;40444;41
54;232;7;40456;1
54;232;7;40600;4
54;232;7;40777;2
54;232;7;44111;11
54;232;7;44444;18
54;232;7;45111;1
54;232;7;45190;1
54;232;7;45800;1
54;232;7;45888;1
54;232;7;55333;4
54;232;7;55555;2
54;232;7;77888;3
54;232;5;95;30
54;232;5;96;50
54;232;5;180;143
54;232;5;222;60
54;232;5;400;152
54;232;5;445;73
54;232;3;13;139
54;232;3;14;1
54;232;3;45;93
54;232;3;95;5
54;232;3;96;16
54;233;1;13;147
54;233;1;14;4
54;233;1;22;47
54;233;1;55;4
54;233;1;70;12
54;233;1;95;2
54;233;1;96;7
54;233;6;13;1
54;233;6;15;1
54;233;6;40;2
54;233;6;70;1
54;233;6;95;13
54;233;6;96;2
54;233;6;1010;3
54;233;6;1022;1
54;233;6;1144;10
54;233;6;1233;1
54;233;6;1234;7
54;233;6;1301;3
54;233;6;1323;11
54;233;6;1331;1
54;233;6;1333;1
54;233;6;1399;1
54;233;6;1414;1
54;233;6;1515;18
54;233;6;1555;10
54;233;6;2200;1
54;233;6;2222;13
54;233;6;2244;8
54;233;6;2255;1
54;233;6;2278;1
54;233;6;2299;5
54;233;6;2518;2
54;233;6;2555;10
54;233;6;4020;48
54;233;6;4040;2
54;233;6;4044;2
54;233;6;4055;1
54;233;6;4077;1
54;233;6;4411;1
54;233;6;4422;1
54;233;6;4444;15
54;233;6;4455;5
54;233;6;4490;1
54;233;6;4592;2
54;233;6;5050;3
54;233;6;5511;7
54;233;6;5555;1
54;233;6;7711;2
54;233;6;7788;2
54;233;7;13;4
54;233;7;18;1
54;233;7;22;2
54;233;7;40;10
54;233;7;44;1
54;233;7;45;2
54;233;7;95;11
54;233;7;96;2
54;233;7;10123;2
54;233;7;10222;5
54;233;7;10333;4
54;233;7;10999;1
54;233;7;13000;9
54;233;7;13013;1
54;233;7;13123;2
54;233;7;13131;1
54;233;7;13133;6
54;233;7;13222;13
54;233;7;13333;13
54;233;7;13444;2
54;233;7;13700;2
54;233;7;22022;3
54;233;7;22190;1
54;233;7;22221;1
54;233;7;22222;5
54;233;7;40444;49
54;233;7;40456;1
54;233;7;40500;1
54;233;7;40600;3
54;233;7;40700;1
54;233;7;40789;7
54;233;7;44111;13
54;233;7;44444;19
54;233;7;45111;1
54;233;7;45411;1
54;233;7;45777;1
54;233;7;45800;3
54;233;7;50555;3
54;233;7;55333;12
54;233;7;55555;2
54;233;7;77888;2
54;233;5;95;29
54;233;5;96;57
54;233;5;180;107
54;233;5;222;60
54;233;5;400;120
54;233;5;445;72
54;233;5;800;1
54;233;3;13;106
54;233;3;14;1
54;233;3;45;103
54;233;3;95;5
54;233;3;96;8
54;236;1;13;167
54;236;1;14;4
54;236;1;22;60
54;236;1;30;1
54;236;1;55;1
54;236;1;70;10
54;236;1;95;5
54;236;1;96;8
54;236;6;10;1
54;236;6;11;1
54;236;6;12;1
54;236;6;13;1
54;236;6;20;1
54;236;6;22;1
54;236;6;44;1
54;236;6;45;1
54;236;6;95;19
54;236;6;96;4
54;236;6;1000;1
54;236;6;1010;3
54;236;6;1055;2
54;236;6;1111;2
54;236;6;1144;10
54;236;6;1212;1
54;236;6;1234;2
54;236;6;1300;1
54;236;6;1301;8
54;236;6;1312;1
54;236;6;1323;14
54;236;6;1331;1
54;236;6;1333;1
54;236;6;1515;24
54;236;6;1555;12
54;236;6;2200;1
54;236;6;2222;14
54;236;6;2244;18
54;236;6;2299;6
54;236;6;2518;2
54;236;6;2555;16
54;236;6;4000;2
54;236;6;4020;34
54;236;6;4044;3
54;236;6;4055;3
54;236;6;4077;5
54;236;6;4343;1
54;236;6;4422;2
54;236;6;4444;14
54;236;6;4455;2
54;236;6;4555;1
54;236;6;4592;6
54;236;6;5050;3
54;236;6;5511;7
54;236;6;5533;1
54;236;6;7711;1
54;236;7;10;2
54;236;7;11;1
54;236;7;13;2
54;236;7;18;2
54;236;7;22;1
54;236;7;40;10
54;236;7;95;20
54;236;7;96;3
54;236;7;10123;2
54;236;7;10222;4
54;236;7;10333;5
54;236;7;10999;5
54;236;7;13000;7
54;236;7;13111;2
54;236;7;13123;7
54;236;7;13131;6
54;236;7;13133;10
54;236;7;13222;6
54;236;7;13234;2
54;236;7;13333;18
54;236;7;13444;1
54;236;7;13456;1
54;236;7;13999;1
54;236;7;15222;1
54;236;7;22022;3
54;236;7;22221;2
54;236;7;22222;4
54;236;7;22223;1
54;236;7;22456;1
54;236;7;22580;1
54;236;7;22777;1
54;236;7;33000;1
54;236;7;40000;1
54;236;7;40444;40
54;236;7;40500;1
54;236;7;40600;5
54;236;7;40777;4
54;236;7;40789;8
54;236;7;44111;17
54;236;7;44444;15
54;236;7;45222;1
54;236;7;45777;1
54;236;7;45800;2
54;236;7;50013;1
54;236;7;50555;6
54;236;7;55333;16
54;236;7;55777;1
54;236;7;77000;1
54;236;7;77888;3
54;236;5;95;52
54;236;5;96;60
54;236;5;180;121
54;236;5;222;65
54;236;5;400;136
54;236;5;445;75
54;236;5;800;3
54;236;3;13;113
54;236;3;14;1
54;236;3;30;1
54;236;3;45;122
54;236;3;95;9
54;236;3;96;10
54;241;1;13;151
54;241;1;14;2
54;241;1;22;55
54;241;1;70;5
54;241;1;95;6
54;241;1;96;7
54;241;6;11;1
54;241;6;13;2
54;241;6;40;1
54;241;6;44;1
54;241;6;45;1
54;241;6;50;1
54;241;6;95;13
54;241;6;96;6
54;241;6;1144;1
54;241;6;1234;3
54;241;6;1299;1
54;241;6;1301;38
54;241;6;1323;8
54;241;6;1333;1
54;241;6;1515;10
54;241;6;1555;19
54;241;6;1599;2
54;241;6;2222;25
54;241;6;2244;2
54;241;6;2252;2
54;241;6;2277;4
54;241;6;2299;1
54;241;6;2333;1
54;241;6;2518;1
54;241;6;2555;15
54;241;6;4000;1
54;241;6;4020;34
54;241;6;4044;6
54;241;6;4077;4
54;241;6;4422;1
54;241;6;4444;8
54;241;6;4445;2
54;241;6;4455;4
54;241;6;4599;1
54;241;6;5050;1
54;241;6;5511;2
54;241;6;5533;1
54;241;6;7788;1
54;241;7;11;1
54;241;7;15;1
54;241;7;18;1
54;241;7;22;2
54;241;7;40;4
54;241;7;44;2
54;241;7;45;1
54;241;7;50;1
54;241;7;95;12
54;241;7;96;8
54;241;7;10010;2
54;241;7;10123;1
54;241;7;10222;4
54;241;7;10999;1
54;241;7;11888;1
54;241;7;13000;12
54;241;7;13113;1
54;241;7;13123;7
54;241;7;13132;23
54;241;7;13133;7
54;241;7;13222;2
54;241;7;13444;3
54;241;7;13700;1
54;241;7;13777;2
54;241;7;22022;2
54;241;7;22221;1
54;241;7;22222;2
54;241;7;22223;10
54;241;7;22522;1
54;241;7;22555;2
54;241;7;22580;1
54;241;7;40100;1
54;241;7;40111;1
54;241;7;40123;5
54;241;7;40140;2
54;241;7;40333;1
54;241;7;40444;41
54;241;7;40600;10
54;241;7;40777;1
54;241;7;40789;4
54;241;7;40999;1
54;241;7;44111;13
54;241;7;44444;8
54;241;7;44456;1
54;241;7;45111;2
54;241;7;50555;1
54;241;7;55333;13
54;241;7;77888;2
54;241;5;95;38
54;241;5;96;55
54;241;5;180;128
54;241;5;222;44
54;241;5;400;138
54;241;5;445;49
54;241;3;13;124
54;241;3;45;86
54;241;3;95;4
54;241;3;96;12
54;242;1;13;192
54;242;1;14;6
54;242;1;22;42
54;242;1;55;1
54;242;1;70;6
54;242;1;95;5
54;242;1;96;8
54;242;6;10;1
54;242;6;11;1
54;242;6;13;1
54;242;6;14;1
54;242;6;30;1
54;242;6;40;2
54;242;6;44;1
54;242;6;45;1
54;242;6;70;1
54;242;6;95;14
54;242;6;96;3
54;242;6;1010;1
54;242;6;1144;5
54;242;6;1234;9
54;242;6;1301;11
54;242;6;1313;1
54;242;6;1323;7
54;242;6;1515;26
54;242;6;1555;17
54;242;6;2200;3
54;242;6;2222;13
54;242;6;2244;17
54;242;6;2277;1
54;242;6;2299;25
54;242;6;2555;15
54;242;6;3000;1
54;242;6;4020;43
54;242;6;4040;1
54;242;6;4055;3
54;242;6;4077;1
54;242;6;4343;6
54;242;6;4422;1
54;242;6;4444;8
54;242;6;4455;6
54;242;6;4490;1
54;242;6;4555;1
54;242;6;4592;3
54;242;6;5050;1
54;242;6;5511;2
54;242;6;5588;1
54;242;6;6565;1
54;242;6;7711;2
54;242;7;10;1
54;242;7;11;1
54;242;7;13;3
54;242;7;15;2
54;242;7;18;3
54;242;7;30;1
54;242;7;40;2
54;242;7;44;3
54;242;7;45;1
54;242;7;55;1
54;242;7;95;16
54;242;7;96;5
54;242;7;10123;1
54;242;7;10222;5
54;242;7;10333;4
54;242;7;11222;1
54;242;7;12222;1
54;242;7;13000;13
54;242;7;13013;1
54;242;7;13111;3
54;242;7;13123;8
54;242;7;13131;2
54;242;7;13132;1
54;242;7;13133;7
54;242;7;13222;4
54;242;7;13333;9
54;242;7;13444;2
54;242;7;22022;6
54;242;7;22221;2
54;242;7;22222;4
54;242;7;22223;2
54;242;7;22444;1
54;242;7;22777;1
54;242;7;33000;1
54;242;7;40100;1
54;242;7;40444;52
54;242;7;40456;4
54;242;7;40600;4
54;242;7;40700;1
54;242;7;40777;1
54;242;7;40789;20
54;242;7;44111;20
54;242;7;44444;10
54;242;7;45111;2
54;242;7;45190;1
54;242;7;45222;1
54;242;7;45622;1
54;242;7;50555;4
54;242;7;55333;18
54;242;7;55888;1
54;242;7;65013;1
54;242;5;95;65
54;242;5;96;58
54;242;5;180;138
54;242;5;222;55
54;242;5;400;143
54;242;5;445;60
54;242;5;800;1
54;242;3;13;141
54;242;3;14;1
54;242;3;29;1
54;242;3;45;96
54;242;3;95;8
54;242;3;96;13
54;245;1;13;173
54;245;1;14;3
54;245;1;22;52
54;245;1;55;1
54;245;1;70;6
54;245;1;95;5
54;245;1;96;10
54;245;6;22;2
54;245;6;40;1
54;245;6;95;19
54;245;6;96;4
54;245;6;1010;6
54;245;6;1144;16
54;245;6;1234;18
54;245;6;1301;2
54;245;6;1313;1
54;245;6;1314;2
54;245;6;1323;3
54;245;6;1331;2
54;245;6;1515;19
54;245;6;1555;3
54;245;6;2222;12
54;245;6;2244;6
54;245;6;2277;2
54;245;6;2299;3
54;245;6;2555;16
54;245;6;4001;1
54;245;6;4011;1
54;245;6;4020;47
54;245;6;4040;1
54;245;6;4044;2
54;245;6;4077;4
54;245;6;4343;3
54;245;6;4422;1
54;245;6;4444;12
54;245;6;4455;12
54;245;6;4477;1
54;245;6;4511;1
54;245;6;4592;5
54;245;6;5050;3
54;245;6;5511;7
54;245;6;5555;11
54;245;6;7055;1
54;245;7;11;1
54;245;7;13;1
54;245;7;40;4
54;245;7;45;1
54;245;7;55;1
54;245;7;95;16
54;245;7;96;7
54;245;7;10123;5
54;245;7;10222;13
54;245;7;10333;5
54;245;7;10444;1
54;245;7;10678;2
54;245;7;10999;5
54;245;7;13000;13
54;245;7;13123;3
54;245;7;13131;1
54;245;7;13132;1
54;245;7;13133;6
54;245;7;13222;13
54;245;7;13333;9
54;245;7;22022;1
54;245;7;22222;6
54;245;7;22223;2
54;245;7;22777;2
54;245;7;25555;1
54;245;7;33000;4
54;245;7;33555;1
54;245;7;40123;1
54;245;7;40444;46
54;245;7;40777;2
54;245;7;40789;5
54;245;7;44111;22
54;245;7;44444;12
54;245;7;45111;4
54;245;7;45190;1
54;245;7;45411;1
54;245;7;45456;1
54;245;7;45622;1
54;245;7;45888;1
54;245;7;45999;1
54;245;7;50013;1
54;245;7;50555;2
54;245;7;55333;14
54;245;7;55555;10
54;245;5;95;62
54;245;5;96;43
54;245;5;180;122
54;245;5;222;65
54;245;5;400;128
54;245;5;445;77
54;245;5;800;3
54;245;3;13;123
54;245;3;45;103
54;245;3;95;11
54;245;3;96;13
54;249;1;13;162
54;249;1;14;4
54;249;1;22;43
54;249;1;55;6
54;249;1;70;9
54;249;1;95;7
54;249;1;96;10
54;249;6;13;1
54;249;6;40;2
54;249;6;44;1
54;249;6;95;17
54;249;6;96;8
54;249;6;1010;1
54;249;6;1144;12
54;249;6;1234;4
54;249;6;1301;7
54;249;6;1313;2
54;249;6;1315;1
54;249;6;1323;2
54;249;6;1515;29
54;249;6;1555;11
54;249;6;1800;1
54;249;6;2211;1
54;249;6;2222;7
54;249;6;2244;8
54;249;6;2299;17
54;249;6;2518;1
54;249;6;2555;17
54;249;6;2589;1
54;249;6;4000;1
54;249;6;4020;31
54;249;6;4040;1
54;249;6;4044;1
54;249;6;4055;2
54;249;6;4077;3
54;249;6;4422;5
54;249;6;4444;17
54;249;6;4445;1
54;249;6;4455;11
54;249;6;4490;1
54;249;6;4592;5
54;249;6;5050;5
54;249;6;5511;5
54;249;6;6565;1
54;249;7;12;1
54;249;7;13;3
54;249;7;18;2
54;249;7;22;1
54;249;7;40;8
54;249;7;44;2
54;249;7;55;1
54;249;7;95;17
54;249;7;96;5
54;249;7;10222;5
54;249;7;10333;3
54;249;7;10888;1
54;249;7;10999;4
54;249;7;11111;1
54;249;7;13000;11
54;249;7;13123;2
54;249;7;13131;1
54;249;7;13132;5
54;249;7;13133;6
54;249;7;13222;10
54;249;7;13333;8
54;249;7;13444;1
54;249;7;22000;1
54;249;7;22022;1
54;249;7;22221;2
54;249;7;22222;2
54;249;7;22223;2
54;249;7;40040;1
54;249;7;40123;1
54;249;7;40444;46
54;249;7;40600;1
54;249;7;40700;1
54;249;7;40777;2
54;249;7;40789;17
54;249;7;44111;16
54;249;7;44422;1
54;249;7;44444;14
54;249;7;45111;3
54;249;7;45190;3
54;249;7;50555;3
54;249;7;55111;1
54;249;7;55333;23
54;249;7;77888;2
54;249;5;95;75
54;249;5;96;45
54;249;5;162;1
54;249;5;180;112
54;249;5;222;54
54;249;5;400;129
54;249;5;445;65
54;249;5;800;1
54;249;3;13;122
54;249;3;45;102
54;249;3;95;12
54;249;3;96;5
54;253;1;13;196
54;253;1;14;6
54;253;1;22;51
54;253;1;55;5
54;253;1;70;9
54;253;1;95;5
54;253;1;96;5
54;253;6;11;1
54;253;6;13;1
54;253;6;23;1
54;253;6;40;1
54;253;6;95;20
54;253;6;96;3
54;253;6;1010;3
54;253;6;1055;1
54;253;6;1111;1
54;253;6;1144;17
54;253;6;1234;6
54;253;6;1300;1
54;253;6;1301;13
54;253;6;1323;8
54;253;6;1414;1
54;253;6;1515;38
54;253;6;1533;1
54;253;6;1555;16
54;253;6;2222;10
54;253;6;2244;19
54;253;6;2288;2
54;253;6;2299;12
54;253;6;2555;7
54;253;6;4020;36
54;253;6;4040;1
54;253;6;4044;8
54;253;6;4055;1
54;253;6;4077;3
54;253;6;4343;1
54;253;6;4411;1
54;253;6;4422;1
54;253;6;4444;7
54;253;6;4445;2
54;253;6;4455;9
54;253;6;4488;1
54;253;6;4555;2
54;253;6;4580;1
54;253;6;5050;2
54;253;6;5077;1
54;253;6;5511;11
54;253;6;5555;3
54;253;6;7707;1
54;253;6;7788;2
54;253;7;13;3
54;253;7;18;3
54;253;7;22;2
54;253;7;40;3
54;253;7;44;1
54;253;7;45;1
54;253;7;95;24
54;253;7;96;3
54;253;7;10123;2
54;253;7;10222;9
54;253;7;10333;1
54;253;7;10999;2
54;253;7;11111;1
54;253;7;13000;22
54;253;7;13131;3
54;253;7;13132;4
54;253;7;13133;13
54;253;7;13222;17
54;253;7;13234;10
54;253;7;13333;10
54;253;7;13700;1
54;253;7;22022;4
54;253;7;22222;5
54;253;7;22888;2
54;253;7;33000;1
54;253;7;40123;1
54;253;7;40444;38
54;253;7;40456;1
54;253;7;40500;1
54;253;7;40600;1
54;253;7;40777;3
54;253;7;40789;3
54;253;7;40888;2
54;253;7;40900;1
54;253;7;44111;33
54;253;7;44444;4
54;253;7;45111;7
54;253;7;45800;1
54;253;7;50555;7
54;253;7;55000;1
54;253;7;55011;1
54;253;7;55111;1
54;253;7;55333;22
54;253;7;55555;2
54;253;5;95;76
54;253;5;96;43
54;253;5;180;144
54;253;5;222;58
54;253;5;400;159
54;253;5;445;72
54;253;5;800;2
54;253;3;13;128
54;253;3;14;1
54;253;3;45;131
54;253;3;95;9
54;253;3;96;8
54;254;1;13;144
54;254;1;14;4
54;254;1;22;31
54;254;1;30;1
54;254;1;70;4
54;254;1;96;9
54;254;6;13;1
54;254;6;15;1
54;254;6;40;2
54;254;6;43;1
54;254;6;95;19
54;254;6;96;3
54;254;6;1010;4
54;254;6;1144;12
54;254;6;1234;8
54;254;6;1277;1
54;254;6;1301;6
54;254;6;1313;1
54;254;6;1323;6
54;254;6;1511;1
54;254;6;1515;18
54;254;6;1555;8
54;254;6;1800;2
54;254;6;2222;6
54;254;6;2233;1
54;254;6;2244;8
54;254;6;2255;1
54;254;6;2277;1
54;254;6;2299;2
54;254;6;2518;1
54;254;6;2555;17
54;254;6;4000;2
54;254;6;4020;22
54;254;6;4040;1
54;254;6;4077;5
54;254;6;4343;8
54;254;6;4444;8
54;254;6;4445;1
54;254;6;4455;3
54;254;6;4477;1
54;254;6;4488;1
54;254;6;4511;1
54;254;6;5050;2
54;254;6;5511;3
54;254;6;5522;2
54;254;6;5555;1
54;254;6;7744;1
54;254;7;13;3
54;254;7;18;3
54;254;7;22;1
54;254;7;33;1
54;254;7;40;3
54;254;7;44;2
54;254;7;55;1
54;254;7;95;17
54;254;7;96;4
54;254;7;10123;2
54;254;7;10222;5
54;254;7;10333;4
54;254;7;10999;4
54;254;7;11111;1
54;254;7;13000;4
54;254;7;13111;1
54;254;7;13123;1
54;254;7;13131;1
54;254;7;13132;1
54;254;7;13133;3
54;254;7;13222;23
54;254;7;13234;3
54;254;7;13333;11
54;254;7;13444;1
54;254;7;22022;2
54;254;7;22221;4
54;254;7;22777;1
54;254;7;33000;6
54;254;7;40200;1
54;254;7;40333;1
54;254;7;40444;29
54;254;7;40600;1
54;254;7;40777;4
54;254;7;40789;3
54;254;7;44111;7
54;254;7;44444;8
54;254;7;45111;2
54;254;7;45190;1
54;254;7;45777;1
54;254;7;45800;2
54;254;7;50180;1
54;254;7;50555;4
54;254;7;55111;1
54;254;7;55333;13
54;254;7;55555;1
54;254;5;95;46
54;254;5;96;44
54;254;5;180;96
54;254;5;222;41
54;254;5;300;1
54;254;5;400;107
54;254;5;445;48
54;254;5;800;3
54;254;3;13;90
54;254;3;45;86
54;254;3;95;9
54;254;3;96;8
54;257;1;13;161
54;257;1;14;12
54;257;1;22;54
54;257;1;70;4
54;257;1;95;4
54;257;1;96;7
54;257;6;13;1
54;257;6;14;1
54;257;6;22;1
54;257;6;95;15
54;257;6;96;6
54;257;6;1010;1
54;257;6;1111;1
54;257;6;1144;15
54;257;6;1234;8
54;257;6;1323;13
54;257;6;1331;1
54;257;6;1399;1
54;257;6;1515;22
54;257;6;1555;12
54;257;6;2200;1
54;257;6;2222;16
54;257;6;2244;14
54;257;6;2277;1
54;257;6;2299;8
54;257;6;2555;14
54;257;6;2589;1
54;257;6;4001;1
54;257;6;4020;28
54;257;6;4044;1
54;257;6;4055;4
54;257;6;4077;4
54;257;6;4343;4
54;257;6;4411;1
54;257;6;4422;3
54;257;6;4444;11
54;257;6;4455;4
54;257;6;4592;8
54;257;6;5050;5
54;257;6;5077;2
54;257;6;5511;9
54;257;6;5533;1
54;257;6;7711;1
54;257;6;7744;1
54;257;6;7788;1
54;257;7;12;1
54;257;7;13;1
54;257;7;22;1
54;257;7;23;1
54;257;7;40;2
54;257;7;95;11
54;257;7;96;6
54;257;7;10000;1
54;257;7;10123;1
54;257;7;10222;4
54;257;7;10333;6
54;257;7;10999;5
54;257;7;11111;1
54;257;7;13000;9
54;257;7;13111;1
54;257;7;13123;2
54;257;7;13131;4
54;257;7;13132;1
54;257;7;13133;21
54;257;7;13222;13
54;257;7;13333;17
54;257;7;13444;1
54;257;7;13888;1
54;257;7;15333;1
54;257;7;22000;2
54;257;7;22022;2
54;257;7;22221;1
54;257;7;22222;1
54;257;7;22223;3
54;257;7;22422;1
54;257;7;22777;2
54;257;7;33000;1
54;257;7;40200;1
54;257;7;40444;37
54;257;7;40500;4
54;257;7;40777;4
54;257;7;40789;16
54;257;7;44111;13
54;257;7;44444;13
54;257;7;44456;1
54;257;7;45111;2
54;257;7;45800;2
54;257;7;50555;9
54;257;7;55333;15
54;257;5;95;61
54;257;5;96;36
54;257;5;180;115
54;257;5;222;59
54;257;5;400;133
54;257;5;445;77
54;257;5;800;3
54;257;3;13;108
54;257;3;14;1
54;257;3;45;118
54;257;3;95;7
54;257;3;96;8
54;258;1;13;132
54;258;1;14;10
54;258;1;22;67
54;258;1;55;4
54;258;1;70;9
54;258;1;95;3
54;258;1;96;4
54;258;6;12;1
54;258;6;13;1
54;258;6;15;1
54;258;6;40;1
54;258;6;95;9
54;258;6;96;5
54;258;6;1010;2
54;258;6;1111;2
54;258;6;1144;16
54;258;6;1234;6
54;258;6;1301;1
54;258;6;1312;1
54;258;6;1322;1
54;258;6;1323;7
54;258;6;1331;1
54;258;6;1515;12
54;258;6;1555;10
54;258;6;2200;2
54;258;6;2211;1
54;258;6;2222;20
54;258;6;2244;13
54;258;6;2252;1
54;258;6;2255;1
54;258;6;2277;1
54;258;6;2288;3
54;258;6;2299;8
54;258;6;2555;17
54;258;6;3030;1
54;258;6;4020;26
54;258;6;4044;3
54;258;6;4077;2
54;258;6;4343;5
54;258;6;4444;13
54;258;6;4445;1
54;258;6;4455;3
54;258;6;4490;2
54;258;6;4511;1
54;258;6;4592;6
54;258;6;5050;4
54;258;6;5511;12
54;258;6;5533;2
54;258;6;5555;1
54;258;6;7711;3
54;258;7;13;1
54;258;7;18;1
54;258;7;40;4
54;258;7;44;1
54;258;7;55;1
54;258;7;95;11
54;258;7;96;6
54;258;7;10123;3
54;258;7;10222;4
54;258;7;10333;4
54;258;7;10999;5
54;258;7;11888;1
54;258;7;13000;6
54;258;7;13111;3
54;258;7;13123;1
54;258;7;13133;6
54;258;7;13222;12
54;258;7;13333;8
54;258;7;13444;4
54;258;7;13777;1
54;258;7;15222;1
54;258;7;22022;4
54;258;7;22221;3
54;258;7;22222;6
54;258;7;22223;3
54;258;7;22322;1
54;258;7;22522;1
54;258;7;22580;1
54;258;7;22777;2
54;258;7;22888;3
54;258;7;33000;2
54;258;7;40123;3
54;258;7;40200;1
54;258;7;40444;41
54;258;7;40600;7
54;258;7;40700;1
54;258;7;40777;3
54;258;7;40789;7
54;258;7;40888;2
54;258;7;44111;19
54;258;7;44444;11
54;258;7;45111;3
54;258;7;45190;1
54;258;7;45222;1
54;258;7;45777;1
54;258;7;45800;3
54;258;7;50013;1
54;258;7;50500;1
54;258;7;50555;4
54;258;7;55333;8
54;258;7;55555;1
54;258;5;95;40
54;258;5;96;38
54;258;5;180;91
54;258;5;222;80
54;258;5;300;1
54;258;5;400;108
54;258;5;445;95
54;258;5;800;5
54;258;3;13;85
54;258;3;45;129
54;258;3;95;7
54;258;3;96;8
54;260;1;13;197
54;260;1;14;14
54;260;1;22;54
54;260;1;55;3
54;260;1;70;6
54;260;1;95;9
54;260;1;96;4
54;260;6;13;1
54;260;6;18;1
54;260;6;25;1
54;260;6;40;1
54;260;6;44;1
54;260;6;95;31
54;260;6;96;6
54;260;6;1010;6
54;260;6;1111;1
54;260;6;1144;6
54;260;6;1234;7
54;260;6;1301;10
54;260;6;1314;1
54;260;6;1323;7
54;260;6;1331;2
54;260;6;1414;2
54;260;6;1515;30
54;260;6;1555;9
54;260;6;1800;1
54;260;6;2200;3
54;260;6;2222;10
54;260;6;2244;11
54;260;6;2277;1
54;260;6;2299;19
54;260;6;2555;21
54;260;6;4020;41
54;260;6;4044;4
54;260;6;4055;8
54;260;6;4077;3
54;260;6;4343;4
54;260;6;4411;1
54;260;6;4422;2
54;260;6;4444;6
54;260;6;4445;1
54;260;6;4455;7
54;260;6;4490;1
54;260;6;4522;1
54;260;6;4555;2
54;260;6;4592;2
54;260;6;5050;5
54;260;6;5077;1
54;260;6;5511;5
54;260;6;5555;1
54;260;6;7711;3
54;260;7;10;1
54;260;7;11;1
54;260;7;13;2
54;260;7;15;2
54;260;7;18;1
54;260;7;22;1
54;260;7;40;4
54;260;7;44;1
54;260;7;45;1
54;260;7;55;1
54;260;7;95;35
54;260;7;96;7
54;260;7;10123;4
54;260;7;10222;4
54;260;7;10333;4
54;260;7;10999;1
54;260;7;12345;1
54;260;7;13000;8
54;260;7;13123;10
54;260;7;13131;3
54;260;7;13132;3
54;260;7;13133;4
54;260;7;13180;1
54;260;7;13222;8
54;260;7;13234;1
54;260;7;13333;3
54;260;7;22022;4
54;260;7;22222;2
54;260;7;22444;1
54;260;7;22580;1
54;260;7;22777;2
54;260;7;33000;7
54;260;7;40100;2
54;260;7;40444;56
54;260;7;40600;2
54;260;7;40700;7
54;260;7;40777;3
54;260;7;40789;22
54;260;7;44111;17
54;260;7;44422;1
54;260;7;44444;9
54;260;7;44456;1
54;260;7;45111;1
54;260;7;45190;2
54;260;7;45777;1
54;260;7;50555;6
54;260;7;55000;1
54;260;7;55111;1
54;260;7;55333;25
54;260;7;80180;1
54;260;5;95;93
54;260;5;96;47
54;260;5;180;153
54;260;5;222;56
54;260;5;300;1
54;260;5;400;162
54;260;5;445;60
54;260;5;800;2
54;260;3;13;145
54;260;3;14;2
54;260;3;45;113
54;260;3;95;19
54;260;3;96;8
54;262;1;13;165
54;262;1;14;9
54;262;1;22;42
54;262;1;70;5
54;262;1;95;3
54;262;1;96;9
54;262;6;12;1
54;262;6;40;2
54;262;6;50;1
54;262;6;95;16
54;262;6;96;5
54;262;6;1010;1
54;262;6;1055;1
54;262;6;1144;12
54;262;6;1234;4
54;262;6;1301;14
54;262;6;1313;1
54;262;6;1323;9
54;262;6;1467;1
54;262;6;1515;22
54;262;6;1555;10
54;262;6;2200;1
54;262;6;2222;8
54;262;6;2244;8
54;262;6;2299;26
54;262;6;2555;28
54;262;6;4001;1
54;262;6;4020;26
54;262;6;4044;4
54;262;6;4055;1
54;262;6;4077;2
54;262;6;4343;4
54;262;6;4422;1
54;262;6;4444;2
54;262;6;4445;1
54;262;6;4455;5
54;262;6;4555;2
54;262;6;4592;1
54;262;6;5000;1
54;262;6;5050;2
54;262;6;5511;7
54;262;6;6513;1
54;262;6;7711;1
54;262;7;13;1
54;262;7;18;1
54;262;7;22;1
54;262;7;40;7
54;262;7;44;1
54;262;7;45;2
54;262;7;50;1
54;262;7;95;17
54;262;7;96;8
54;262;7;10000;1
54;262;7;10222;4
54;262;7;10999;3
54;262;7;13000;3
54;262;7;13111;2
54;262;7;13123;14
54;262;7;13131;1
54;262;7;13133;7
54;262;7;13180;1
54;262;7;13222;9
54;262;7;13333;11
54;262;7;13444;1
54;262;7;22022;3
54;262;7;22222;6
54;262;7;22580;1
54;262;7;22777;1
54;262;7;33000;3
54;262;7;40444;43
54;262;7;40456;1
54;262;7;40700;1
54;262;7;40777;2
54;262;7;40789;24
54;262;7;44111;17
54;262;7;44444;3
54;262;7;45111;1
54;262;7;45190;1
54;262;7;45222;1
54;262;7;45411;1
54;262;7;45777;1
54;262;7;45800;2
54;262;7;50013;1
54;262;7;50180;1
54;262;7;50555;6
54;262;7;55111;1
54;262;7;55333;13
54;262;7;55555;1
54;262;7;77123;1
54;262;7;80180;1
54;262;5;95;59
54;262;5;96;46
54;262;5;180;124
54;262;5;222;51
54;262;5;300;1
54;262;5;400;126
54;262;5;445;55
54;262;5;800;4
54;262;3;13;126
54;262;3;14;1
54;262;3;45;86
54;262;3;95;8
54;262;3;96;12
54;264;1;13;122
54;264;1;14;3
54;264;1;22;29
54;264;1;70;1
54;264;1;95;3
54;264;1;96;1
54;264;6;13;1
54;264;6;45;1
54;264;6;95;15
54;264;6;96;2
54;264;6;1010;2
54;264;6;1144;5
54;264;6;1234;10
54;264;6;1301;3
54;264;6;1323;5
54;264;6;1331;3
54;264;6;1515;20
54;264;6;1520;1
54;264;6;1555;3
54;264;6;2222;5
54;264;6;2244;6
54;264;6;2299;3
54;264;6;2555;12
54;264;6;4020;20
54;264;6;4044;1
54;264;6;4055;1
54;264;6;4077;2
54;264;6;4343;6
54;264;6;4444;7
54;264;6;4455;9
54;264;6;4488;1
54;264;6;4555;1
54;264;6;5050;3
54;264;6;5511;8
54;264;6;5555;2
54;264;6;7055;1
54;264;7;12;2
54;264;7;18;1
54;264;7;22;1
54;264;7;40;1
54;264;7;95;19
54;264;7;96;2
54;264;7;10123;2
54;264;7;10222;7
54;264;7;10333;3
54;264;7;10999;2
54;264;7;13000;10
54;264;7;13123;3
54;264;7;13131;1
54;264;7;13132;2
54;264;7;13133;9
54;264;7;13222;10
54;264;7;13333;7
54;264;7;13444;3
54;264;7;13456;1
54;264;7;22022;1
54;264;7;22222;4
54;264;7;22580;1
54;264;7;33000;7
54;264;7;40333;1
54;264;7;40444;23
54;264;7;40600;1
54;264;7;40777;2
54;264;7;40789;2
54;264;7;44111;7
54;264;7;44444;7
54;264;7;45777;1
54;264;7;50013;1
54;264;7;55011;1
54;264;7;55333;11
54;264;7;55555;2
54;264;7;77192;1
54;264;5;95;46
54;264;5;96;15
54;264;5;180;87
54;264;5;222;35
54;264;5;400;95
54;264;5;445;40
54;264;3;13;85
54;264;3;45;66
54;264;3;95;5
54;264;3;96;3
