zona;secao;cargo;numero;votos
71;125;6;1333;2
71;80;6;1533;5
71;134;6;4422;1
71;88;7;44555;8
71;119;6;1522;5
71;141;7;13777;3
71;22;7;13777;6
71;88;7;70123;2
71;88;5;700;25
71;2;6;1588;1
71;2;6;96;8
71;101;3;95;1
71;31;7;12;2
71;31;6;13;3
71;31;6;65;1
71;31;7;11;1
71;31;7;13;10
71;125;7;13333;1
71;52;6;6565;1
71;1;7;44543;1
71;145;7;15222;33
71;14;7;15222;27
71;20;5;96;15
71;102;6;1520;10
71;141;6;1520;1
71;119;6;1333;1
71;14;7;44555;1
71;14;5;700;24
71;110;7;22555;1
71;129;7;23190;1
71;1;6;7070;1
71;135;7;44111;2
71;100;7;55100;5
71;105;7;12555;20
71;141;6;2211;8
71;10;7;11;2
71;10;7;12;4
71;10;7;13;3
71;80;7;96;2
71;135;6;1221;5
71;25;7;22555;2
71;69;5;95;1
71;17;6;1123;3
71;57;7;95;6
71;90;6;1123;1
71;98;7;15222;31
71;114;7;44123;1
71;86;6;5588;2
71;105;6;4003;1
71;31;7;23333;3
71;18;7;22022;2
71;64;3;44;35
71;67;6;1533;52
71;91;7;13777;2
71;130;6;1112;1
71;27;7;22777;1
71;106;7;96;6
71;69;7;15;1
71;69;7;23;1
71;26;6;1522;11
71;86;7;12114;24
71;12;6;4447;7
71;117;3;12;8
71;94;7;13123;1
71;132;3;13;152
71;114;7;15555;7
71;22;6;2277;1
71;117;6;4456;3
71;17;7;13013;1
71;17;7;45333;4
71;1;7;13456;1
71;1;7;15888;5
71;129;7;96;3
71;90;7;95;4
71;133;3;44;62
71;119;6;4456;2
71;31;6;12;3
71;84;7;96;7
71;73;5;700;20
71;26;7;22222;2
71;26;7;44190;1
71;9;3;12;13
71;97;6;1234;45
71;129;5;96;13
71;113;5;131;216
71;57;7;65700;2
71;135;6;1299;6
71;88;7;22111;1
71;70;7;15555;3
71;136;6;5588;7
71;9;7;11111;1
71;12;6;1313;3
71;108;6;1222;2
71;108;6;1234;15
71;135;7;70345;1
71;75;7;12222;1
71;7;6;2200;1
71;96;7;13222;1
71;24;6;1299;9
71;28;7;14714;1
71;138;7;12114;41
71;138;7;70670;4
71;86;6;2277;5
71;24;7;22222;7
71;24;7;44190;1
71;12;7;12114;51
71;31;6;1522;5
71;105;7;13333;4
71;130;3;44;68
71;9;7;15888;11
71;12;6;4444;3
71;55;6;1010;1
71;73;7;15120;3
71;20;7;15331;1
71;136;3;44;72
71;102;3;44;60
71;141;3;44;30
71;72;7;44555;3
71;72;5;700;27
71;55;7;10123;1
71;124;7;12;2
71;124;7;13;5
71;124;7;45;1
71;23;6;1251;3
71;31;7;44222;1
71;9;3;96;1
71;118;6;4447;2
71;32;6;4029;1
71;134;6;4444;1
71;6;7;45111;2
71;16;6;4477;14
71;132;7;12456;1
71;7;7;15120;4
71;92;6;5588;1
71;90;6;4477;8
71;101;6;1234;37
71;15;7;11111;1
71;102;7;15151;21
71;25;7;96;8
71;113;7;12114;87
71;94;7;12114;48
71;27;6;7012;1
71;27;6;7070;5
71;17;6;96;8
71;140;6;1533;12
71;121;7;13222;13
71;39;5;555;1
71;134;7;15555;2
71;23;7;22022;4
71;98;7;13222;3
71;39;6;7070;1
71;115;6;1299;9
71;1;7;22022;1
71;64;6;5588;3
71;61;6;6565;1
71;110;6;1221;4
71;84;7;12144;1
71;34;7;12344;1
71;52;7;11;1
71;52;7;12;4
71;52;7;13;10
71;52;7;15;4
71;88;7;13333;2
71;53;6;4456;1
71;135;6;22;1
71;135;6;65;1
71;7;6;4477;7
71;75;6;12;8
71;75;6;13;2
71;75;7;11;1
71;75;7;12;6
71;75;7;13;9
71;75;7;22;1
71;75;7;70;1
71;105;7;44555;11
71;105;5;700;36
71;68;7;95;2
71;20;6;1533;11
71;128;6;4003;3
71;136;6;1221;12
71;130;7;22222;2
71;115;6;1123;3
71;108;7;12114;31
71;20;6;1522;2
71;39;6;1322;17
71;145;7;12555;8
71;145;7;45333;3
71;9;7;15222;13
71;58;7;13456;2
71;58;7;15888;5
71;72;7;50100;1
71;69;7;15151;25
71;117;6;1122;1
71;100;7;13333;3
71;24;7;15757;1
71;115;6;7040;1
71;111;7;12114;45
71;111;7;15555;2
71;88;7;15120;1
71;132;7;13222;22
71;132;6;4040;3
71;72;7;12114;110
71;117;7;12222;1
71;133;7;96;8
71;128;7;44222;6
71;12;6;1251;3
71;88;3;44;58
71;61;7;44222;1
71;7;6;4490;1
71;7;6;5588;4
71;129;6;5555;1
71;61;7;70;1
71;105;7;15888;1
71;132;6;1234;32
71;13;6;1321;1
71;16;6;1234;38
71;92;7;22022;1
71;88;6;1447;1
71;90;7;12555;19
71;15;7;44888;1
71;11;6;1292;1
71;10;6;1533;4
71;29;6;1522;47
71;74;6;2211;16
71;132;7;22022;4
71;132;7;11113;1
71;128;7;45111;13
71;90;6;2222;1
71;111;3;44;75
71;124;5;95;8
71;30;7;55100;3
71;140;7;65123;1
71;2;7;12444;1
71;2;7;45333;2
71;1;7;12111;1
71;117;3;44;63
71;110;7;70123;2
71;110;5;700;50
71;110;7;44555;3
71;15;7;45111;4
71;6;7;13777;1
71;108;6;1213;3
71;40;5;96;10
71;110;7;45111;3
71;124;6;2210;1
71;98;5;95;1
71;7;5;555;2
71;52;7;12999;1
71;57;6;4477;14
71;106;7;13513;1
71;67;7;96;4
71;13;7;50777;1
71;144;3;96;5
71;34;7;15151;2
71;66;7;55100;3
71;140;7;44777;1
71;20;7;12555;11
71;107;6;4410;8
71;138;6;1222;1
71;138;6;1234;50
71;134;6;1533;16
71;111;6;4444;1
71;53;6;2200;1
71;58;6;4029;2
71;52;7;22777;1
71;102;6;5511;1
71;144;7;65123;2
71;66;6;1251;1
71;118;7;12114;36
71;140;7;15120;2
71;80;3;12;8
71;58;7;45333;2
71;114;6;1123;1
71;73;7;65123;3
71;121;6;1520;4
71;64;5;96;10
71;137;6;1123;3
71;2;6;5511;4
71;16;7;55888;1
71;53;5;95;2
71;92;6;2211;48
71;70;7;23190;1
71;64;6;5055;1
71;64;7;55055;1
71;125;6;2255;1
71;136;6;2288;3
71;31;7;12112;1
71;2;7;44777;2
71;113;6;5588;3
71;138;6;5517;1
71;8;6;1322;12
71;110;6;50;1
71;15;6;4477;12
71;32;5;131;135
71;102;3;13;168
71;136;5;95;4
71;39;7;23333;2
71;130;6;4410;7
71;30;7;44777;1
71;12;6;1299;10
71;14;6;8080;1
71;114;6;7070;1
71;128;6;8080;2
71;105;6;1333;1
71;98;6;1123;1
71;68;6;1233;12
71;108;3;44;53
71;61;6;5050;1
71;61;7;70444;1
71;98;3;96;4
71;132;7;23333;10
71;97;6;95;1
71;58;7;15555;1
71;118;6;1533;12
71;72;7;22222;1
71;28;3;95;8
71;94;6;1233;1
71;124;6;4447;5
71;70;6;1533;29
71;125;6;1580;1
71;115;7;65123;31
71;28;6;1511;1
71;145;7;45555;1
71;136;6;96;8
71;9;7;15333;23
71;25;6;4444;1
71;87;6;1533;4
71;93;7;44222;3
71;91;7;95;5
71;57;6;4456;1
71;30;3;12;16
71;57;7;12222;1
71;120;6;1123;3
71;117;6;15;1
71;117;6;21;1
71;117;7;11;1
71;12;7;55055;1
71;12;7;11222;2
71;72;7;22022;2
71;32;6;5511;1
71;145;7;23190;1
71;128;6;4447;3
71;92;7;10122;1
71;121;3;12;14
71;68;3;13;108
71;69;6;96;4
71;27;7;45333;1
71;34;6;5511;1
71;136;6;2010;1
71;72;7;15222;29
71;134;7;45111;6
71;20;7;70670;1
71;16;3;44;88
71;133;6;1010;1
71;135;7;13777;3
71;110;6;4447;13
71;15;6;95;14
71;119;5;96;28
71;24;6;4447;9
71;114;6;4422;1
71;52;6;96;14
71;137;6;12;1
71;137;6;21;2
71;137;6;22;2
71;137;7;11;1
71;32;6;4040;3
71;32;7;13222;14
71;100;6;95;4
71;25;6;4022;1
71;140;6;5533;1
71;128;7;13111;1
71;17;6;95;16
71;145;7;22777;1
71;84;7;45333;6
71;120;3;12;19
71;111;7;13111;1
71;74;6;1010;1
71;16;6;1322;24
71;118;6;1251;1
71;15;6;1292;2
71;24;7;23333;7
71;133;7;15120;3
71;40;5;131;121
71;73;6;4410;3
71;57;6;4029;6
71;100;6;5511;1
71;98;7;12114;17
71;2;5;96;28
71;28;7;22678;2
71;145;7;15555;1
71;14;7;15555;2
71;15;6;1233;2
71;88;6;5088;1
71;7;7;22567;1
71;92;7;13123;2
71;75;7;12111;1
71;93;6;1299;3
71;129;6;2288;1
71;15;7;23192;2
71;136;7;22222;5
71;110;3;12;9
71;8;6;4477;1
71;80;6;2222;2
71;128;7;23333;8
71;82;6;1232;1
71;101;6;4533;1
71;26;7;15120;13
71;108;7;15555;4
71;115;7;12114;54
71;115;7;70670;1
71;102;6;1213;4
71;115;6;5055;1
71;61;5;95;9
71;134;7;13222;15
71;15;3;12;13
71;10;6;1123;1
71;106;6;1322;6
71;52;7;44321;1
71;16;6;1292;1
71;58;7;13111;1
71;2;6;1522;4
71;92;7;44555;10
71;92;5;700;39
71;70;6;1299;6
71;61;7;22380;1
71;120;7;44777;1
71;140;6;5590;1
71;6;6;1855;1
71;30;7;12111;2
71;145;7;96;5
71;137;7;13133;1
71;57;5;95;7
71;133;7;70123;5
71;133;5;700;36
71;130;7;96;4
71;145;6;2200;1
71;69;6;1533;7
71;23;6;4488;1
71;68;6;1522;41
71;90;6;1222;1
71;90;6;1234;36
71;17;6;4447;14
71;135;6;1292;1
71;17;6;4567;1
71;125;6;4510;1
71;92;5;555;2
71;117;7;22678;1
71;133;3;12;15
71;6;6;4029;2
71;91;6;4444;2
71;117;7;22111;3
71;24;7;12345;1
71;24;7;65013;4
71;52;6;4447;6
71;74;6;4490;1
71;98;7;44556;1
71;22;7;22111;4
71;25;7;15888;7
71;14;6;1222;1
71;39;6;1299;3
71;106;7;55888;1
71;128;6;1123;2
71;64;7;15555;4
71;61;7;13222;25
71;70;7;13456;2
71;70;7;15888;3
71;90;7;44555;1
71;90;5;700;20
71;108;5;700;29
71;125;7;12555;7
71;23;7;22111;2
71;130;7;70670;1
71;130;7;12114;85
71;135;5;95;10
71;12;6;4477;11
71;69;6;2222;1
71;105;7;10123;3
71;129;6;1299;2
71;26;6;1221;4
71;106;6;1333;2
71;31;7;10444;1
71;31;7;44123;1
71;138;7;12555;45
71;23;7;96;10
71;111;7;50444;1
71;12;7;44222;4
71;134;7;95;13
71;32;3;44;53
71;107;6;4447;1
71;136;6;1123;5
71;132;5;131;187
71;93;7;22777;1
71;92;7;15222;22
71;128;6;2277;1
71;125;7;96;12
71;9;6;4040;2
71;91;5;95;2
71;34;7;13222;7
71;83;3;44;11
71;27;6;4447;6
71;61;6;1299;9
71;88;7;95;8
71;121;7;15222;5
71;136;6;1213;11
71;84;7;95;8
71;7;3;44;37
71;137;6;2277;5
71;29;5;131;149
71;110;6;4029;4
71;20;6;1313;1
71;30;6;2222;1
71;28;6;1214;1
71;55;6;2222;4
71;121;7;15333;13
71;137;7;96;1
71;73;6;1234;86
71;9;6;4410;2
71;11;7;45333;35
71;28;7;10444;1
71;66;6;1234;74
71;20;7;15120;8
71;55;3;95;2
71;11;6;12;5
71;11;6;15;1
71;11;6;44;1
71;11;7;11;1
71;11;7;12;4
71;11;7;13;8
71;11;7;44;1
71;14;6;2222;4
71;30;6;1213;1
71;20;6;5588;5
71;82;3;44;59
71;145;6;4555;1
71;141;7;96;2
71;30;5;96;12
71;14;5;131;221
71;132;3;12;6
71;101;7;45;1
71;27;6;11;1
71;27;6;12;4
71;27;6;13;1
71;27;6;21;1
71;27;6;44;2
71;27;6;50;1
71;27;7;12;4
71;27;7;13;12
71;90;6;4410;11
71;108;6;96;1
71;27;7;15;1
71;27;7;18;1
71;27;7;22;2
71;27;7;23;1
71;27;7;44;1
71;27;7;45;2
71;27;7;50;2
71;27;7;70;3
71;114;7;12222;3
71;68;7;44555;16
71;68;5;700;32
71;23;3;13;153
71;120;7;22022;1
71;92;6;2244;2
71;73;7;45111;3
71;83;6;1234;48
71;108;7;95;3
71;96;6;4477;23
71;23;6;4490;2
71;23;6;5588;2
71;117;7;65123;2
71;132;7;44222;1
71;119;6;1299;7
71;120;7;45111;1
71;55;7;44222;2
71;32;6;2211;15
71;100;5;95;5
71;133;6;4447;17
71;129;7;22022;1
71;67;6;4488;1
71;86;7;22777;1
71;107;7;15555;1
71;132;7;15120;8
71;101;6;4477;6
71;2;7;22222;4
71;15;6;1222;1
71;15;6;1234;37
71;25;6;4456;4
71;101;5;96;9
71;20;5;131;120
71;81;3;44;50
71;135;6;1516;1
71;94;7;12;1
71;94;6;12;5
71;108;7;44555;4
71;137;6;8080;1
71;108;3;13;102
71;113;6;1299;3
71;106;6;5533;1
71;1;7;10123;2
71;16;7;13555;1
71;124;6;1123;2
71;28;6;96;6
71;137;6;4456;1
71;135;7;65123;3
71;75;7;65123;2
71;61;7;45333;3
71;91;6;2277;3
71;28;6;7040;1
71;24;6;1123;1
71;11;6;1299;5
71;70;7;13222;27
71;117;6;1522;7
71;111;6;1522;15
71;74;3;96;6
71;133;6;1331;1
71;13;6;7013;1
71;70;6;95;3
71;69;7;13222;5
71;80;6;1213;4
71;134;6;1333;3
71;120;6;1111;1
71;120;7;95;3
71;23;6;1322;32
71;18;6;2222;2
71;128;5;95;9
71;88;5;131;186
71;121;6;4029;1
71;144;5;131;71
71;135;6;2210;1
71;115;7;13222;19
71;57;5;700;29
71;22;6;4029;5
71;17;7;23190;2
71;28;7;44;3
71;28;7;45;1
71;28;7;70;2
71;61;6;1234;44
71;22;7;45111;9
71;125;7;12456;1
71;6;7;13111;1
71;105;6;96;2
71;106;7;50500;1
71;106;7;55100;1
71;52;7;23333;9
71;119;3;13;176
71;145;6;5511;9
71;24;7;15222;36
71;53;7;13111;2
71;88;7;45111;1
71;96;7;13777;13
71;12;6;1588;2
71;67;7;23192;1
71;67;7;12555;32
71;101;6;96;1
71;6;7;15555;2
71;70;6;4447;36
71;137;3;95;4
71;106;7;13777;1
71;133;3;95;4
71;102;6;6565;4
71;93;3;13;174
71;11;5;700;11
71;84;6;1233;3
71;26;6;4447;9
71;24;6;1221;6
71;1;6;5517;3
71;92;6;1233;17
71;68;6;1234;31
71;68;6;4411;1
71;118;6;96;1
71;15;6;4444;1
71;34;7;15222;31
71;6;6;4444;4
71;133;6;4088;1
71;23;6;2200;3
71;1;7;12555;8
71;101;6;1522;15
71;119;6;96;8
71;105;7;15122;1
71;133;6;2222;7
71;2;6;1333;1
71;28;7;15120;7
71;141;6;1233;13
71;16;6;1919;1
71;16;7;13333;1
71;57;7;44222;1
71;113;6;5517;4
71;28;7;15151;1
71;6;6;4422;1
71;6;6;8080;1
71;86;7;13133;1
71;34;7;23333;2
71;12;6;1333;1
71;70;7;44555;2
71;70;5;700;29
71;58;7;15333;2
71;93;6;2211;49
71;88;6;8080;1
71;106;7;15333;1
71;94;6;1322;7
71;11;3;12;14
71;31;6;6565;1
71;66;7;22222;1
71;15;5;131;201
71;27;5;131;193
71;114;5;700;17
71;9;6;6565;1
71;30;7;96;3
71;16;6;4441;1
71;27;7;22222;1
71;132;3;95;5
71;81;6;4410;1
71;110;6;95;12
71;58;6;5533;1
71;134;6;1213;5
71;102;7;11113;1
71;102;6;1522;18
71;102;6;7007;1
71;120;6;1322;7
71;53;7;12333;1
71;80;6;1123;3
71;132;6;5000;1
71;117;7;22322;1
71;105;6;2210;2
71;125;6;2210;2
71;137;6;2222;2
71;132;7;22111;1
71;24;7;30000;1
71;67;7;13222;33
71;17;7;50444;4
71;17;7;12888;1
71;17;7;13333;3
71;26;7;22022;2
71;107;6;4000;1
71;105;7;13777;1
71;82;6;2211;49
71;136;7;15888;5
71;23;7;50500;2
71;23;7;55100;1
71;15;6;1123;4
71;138;5;96;10
71;7;7;12555;8
71;7;5;95;4
71;132;6;4447;6
71;93;7;45333;8
71;22;6;1016;1
71;28;3;12;8
71;57;7;12114;30
71;136;7;11;1
71;118;3;95;2
71;136;7;12;5
71;136;7;13;11
71;136;7;14;1
71;136;7;40;2
71;136;7;44;1
71;136;7;45;1
71;136;7;65;1
71;87;7;15222;8
71;86;6;1233;7
71;93;6;1100;1
71;128;7;96;7
71;138;6;4455;1
71;121;7;55100;1
71;120;6;5511;1
71;115;7;13131;1
71;32;7;22022;1
71;29;6;4410;1
71;13;7;12114;52
71;13;6;96;10
71;136;7;15444;1
71;114;7;45111;9
71;2;6;1233;1
71;31;7;12333;2
71;132;7;10122;1
71;17;7;15757;1
71;22;6;8080;1
71;91;6;1221;9
71;125;7;10123;4
71;57;5;555;1
71;133;7;15555;4
71;117;6;1533;16
71;13;6;4447;9
71;130;6;4441;1
71;106;7;95;6
71;91;7;22022;1
71;86;6;2255;1
71;91;3;96;7
71;86;6;4511;1
71;55;6;1333;1
71;64;6;1010;1
71;24;6;4022;1
71;70;3;95;4
71;130;7;13123;2
71;129;7;12555;12
71;111;3;96;10
71;13;7;44111;1
71;25;6;4410;2
71;55;7;22111;1
71;40;7;50444;1
71;114;7;13333;1
71;7;6;4029;2
71;119;7;23190;1
71;11;7;13222;4
71;114;5;96;12
71;105;7;44777;1
71;16;7;22555;4
71;57;7;10123;1
71;61;7;45111;7
71;1;6;4447;2
71;135;7;44777;1
71;129;3;95;1
71;17;7;15222;32
71;93;6;2277;1
71;17;6;1522;14
71;66;6;1233;2
71;84;6;1251;2
71;7;6;95;8
71;136;7;44888;1
71;64;6;1299;33
71;14;6;1255;1
71;11;6;95;4
71;128;6;2288;3
71;13;7;12111;1
71;40;6;6565;1
71;113;7;15222;28
71;84;6;2200;1
71;125;7;22222;3
71;96;6;1533;2
71;73;3;13;191
71;2;6;4040;3
71;2;7;13222;25
71;29;6;4477;3
71;6;7;15222;19
71;18;6;12;6
71;18;7;11;2
71;118;6;1233;5
71;18;7;12;5
71;18;7;13;6
71;18;7;44;2
71;18;7;45;1
71;86;5;96;6
71;118;7;15888;10
71;81;7;13222;18
71;138;7;45333;1
71;145;7;44555;5
71;52;7;11999;1
71;84;7;13777;1
71;145;7;70123;2
71;145;5;700;36
71;129;3;12;5
71;69;7;12222;1
71;9;5;131;138
71;31;6;1213;11
71;132;6;5005;1
71;74;3;12;4
71;96;7;44777;4
71;82;6;1123;1
71;15;7;50444;8
71;113;7;13222;6
71;93;6;1222;1
71;93;6;1234;44
71;134;6;1322;20
71;119;7;22022;3
71;25;3;44;68
71;40;6;7040;1
71;107;6;1212;1
71;16;6;1522;7
71;12;7;22022;6
71;40;5;95;4
71;20;7;50444;2
71;72;6;1533;13
71;9;7;13132;1
71;117;7;12333;3
71;14;6;1313;1
71;23;7;22380;1
71;28;7;23333;10
71;16;6;5511;7
71;22;6;95;17
71;22;7;45000;3
71;110;6;1123;4
71;6;6;1322;16
71;88;7;15;1
71;88;7;55;1
71;88;7;70;3
71;53;7;95;5
71;125;6;1313;1
71;28;6;1213;12
71;31;6;1233;6
71;15;6;2200;1
71;86;7;10444;1
71;92;3;44;59
71;8;7;15888;2
71;107;7;15120;1
71;64;6;2299;2
71;120;7;15222;10
71;134;6;44;1
71;134;6;65;1
71;134;7;11;2
71;58;7;15120;6
71;83;5;96;8
71;115;6;1221;8
71;18;7;22777;5
71;115;6;11;1
71;115;6;12;6
71;72;7;65123;4
71;24;7;65123;10
71;16;6;1233;6
71;100;6;1512;1
71;100;7;45;2
71;100;7;70;3
71;96;3;12;15
71;120;7;55100;1
71;124;7;44555;4
71;124;7;70123;2
71;124;5;700;26
71;129;5;95;3
71;134;7;12114;41
71;64;7;12114;3
71;23;6;5050;1
71;73;7;22222;2
71;108;7;12333;1
71;73;6;5044;1
71;120;7;70345;1
71;106;7;44555;4
71;106;7;70123;1
71;106;5;700;6
71;52;6;1123;4
71;22;7;14357;1
71;55;7;13456;1
71;55;7;15888;18
71;15;7;13123;1
71;90;7;13222;10
71;1;5;555;2
71;24;6;5517;2
71;69;6;2201;1
71;1;7;65123;7
71;40;3;12;10
71;115;5;96;15
71;138;6;1221;9
71;23;6;4477;17
71;72;7;13222;8
71;93;7;50500;2
71;12;6;7070;2
71;107;5;131;105
71;27;6;2277;1
71;119;7;15120;6
71;16;7;12555;6
71;22;7;22022;2
71;117;6;1100;3
71;134;7;13123;1
71;10;7;12111;2
71;13;7;10000;1
71;25;7;22678;1
71;64;6;4444;1
71;61;6;2211;18
71;8;3;96;4
71;105;7;45222;1
71;61;7;15888;11
71;27;7;13132;2
71;39;6;4447;2
71;110;6;1422;1
71;12;7;96;10
71;13;7;22777;1
71;135;6;4456;2
71;75;6;4456;4
71;132;7;12600;1
71;20;5;95;4
71;23;7;70070;1
71;32;6;1251;2
71;28;6;2222;6
71;144;6;2211;5
71;1;7;15222;25
71;31;7;15555;1
71;70;7;23333;2
71;106;6;96;6
71;80;7;13777;2
71;102;6;1515;1
71;70;7;95;3
71;130;3;96;8
71;90;7;50500;4
71;88;6;5588;5
71;22;7;12789;1
71;53;6;4477;6
71;87;6;1322;11
71;117;6;1299;8
71;17;6;1533;26
71;23;7;12144;2
71;18;7;15333;15
71;134;6;1233;24
71;68;6;2211;29
71;55;6;1251;1
71;17;6;6565;1
71;27;6;4456;1
71;39;6;5511;4
71;115;7;15222;29
71;24;7;13222;16
71;114;6;5533;1
71;98;6;5044;1
71;16;6;2022;1
71;141;6;1213;6
71;119;6;5533;1
71;94;6;1533;8
71;128;6;2222;8
71;84;6;1533;55
71;117;3;95;2
71;52;6;1221;3
71;52;6;4412;1
71;8;6;1234;39
71;7;6;1299;6
71;39;3;96;9
71;52;6;1333;1
71;124;6;4029;6
71;144;7;15333;1
71;73;7;22022;1
71;32;7;13513;1
71;24;6;4488;1
71;40;7;15120;1
71;8;6;1313;1
71;31;7;22222;1
71;9;7;50444;6
71;86;6;1299;3
71;53;6;1233;2
71;133;7;13222;20
71;61;6;8080;1
71;2;7;12555;12
71;24;6;1212;1
71;135;7;45413;1
71;15;7;65123;10
71;124;7;12222;1
71;57;7;45300;1
71;29;6;1299;3
71;39;6;1533;13
71;23;7;23192;1
71;102;7;15123;1
71;10;7;95;2
71;32;6;1533;22
71;84;7;45222;1
71;32;7;44222;3
71;29;7;15333;1
71;125;7;22369;1
71;29;7;23333;3
71;22;6;1233;10
71;98;6;1522;1
71;12;7;11;1
71;12;7;12;4
71;12;7;13;12
71;12;7;15;2
71;133;5;95;6
71;58;6;2201;1
71;39;3;13;106
71;25;7;44555;5
71;25;7;70123;2
71;25;5;700;44
71;18;6;4456;1
71;132;7;22777;1
71;11;7;15888;2
71;67;7;12120;1
71;129;6;4490;1
71;129;6;5588;3
71;107;6;4477;30
71;27;7;15888;8
71;67;3;12;16
71;101;7;33333;1
71;61;7;22777;1
71;119;7;13777;1
71;80;7;50500;3
71;52;7;96;15
71;1;6;1512;1
71;90;6;4447;1
71;86;5;95;3
71;134;7;12;2
71;134;7;13;11
71;134;7;15;3
71;134;7;23;1
71;134;7;44;1
71;134;7;70;6
71;108;6;4410;6
71;18;7;12555;12
71;102;3;12;19
71;141;3;12;6
71;110;6;1213;7
71;100;6;1221;4
71;130;6;2200;2
71;28;6;1233;4
71;135;7;22888;1
71;13;7;65123;4
71;52;7;70123;1
71;52;5;700;41
71;28;6;4029;3
71;140;7;95;6
71;130;7;95;10
71;67;6;4447;1
71;6;7;12222;2
71;6;7;70345;1
71;135;6;5533;2
71;84;7;65123;29
71;14;7;22222;1
71;55;6;1233;11
71;81;6;1322;31
71;113;6;1100;1
71;1;7;96;6
71;24;6;4000;1
71;92;6;1212;1
71;55;6;4511;1
71;96;6;1234;33
71;20;6;1251;1
71;20;7;14888;1
71;32;6;1322;6
71;52;7;44222;4
71;58;7;50444;2
71;26;6;4040;1
71;24;6;7070;5
71;27;6;4029;3
71;115;6;13;2
71;115;6;15;1
71;115;6;33;1
71;115;6;45;1
71;115;7;11;1
71;115;7;12;5
71;115;7;13;13
71;115;7;65;1
71;30;6;12;1
71;30;6;13;1
71;30;6;15;3
71;30;6;44;1
71;30;7;10;1
71;30;7;11;3
71;30;7;12;3
71;30;7;13;5
71;30;7;15;1
71;30;7;45;1
71;70;7;12555;1
71;29;3;96;7
71;9;6;1322;6
71;17;7;50100;1
71;115;6;4411;1
71;138;6;2211;53
71;58;6;1221;6
71;140;7;10444;2
71;129;6;96;2
71;84;6;2288;2
71;24;7;12114;47
71;86;6;11;1
71;86;6;12;1
71;86;6;13;1
71;86;6;44;2
71;86;7;12;5
71;86;7;44;1
71;106;5;131;162
71;110;7;23333;8
71;83;6;4447;1
71;30;5;95;2
71;133;7;13123;1
71;96;7;22022;1
71;23;6;1234;35
71;23;6;4411;1
71;27;7;44222;3
71;2;7;13777;1
71;107;6;1111;1
71;107;7;95;1
71;40;7;13333;2
71;93;7;23333;2
71;53;6;1533;18
71;39;7;45111;1
71;68;3;44;89
71;34;5;96;16
71;53;5;131;133
71;128;6;5007;1
71;145;3;44;72
71;14;3;44;29
71;133;7;14357;1
71;113;6;1533;11
71;20;7;45111;1
71;138;6;1251;3
71;130;6;7070;2
71;134;7;45333;5
71;64;7;45333;6
71;7;7;50500;2
71;7;7;55100;1
71;55;7;44777;1
71;27;6;4410;2
71;1;7;12222;1
71;28;6;1533;20
71;137;7;15222;15
71;107;7;50444;3
71;120;6;4447;2
71;124;3;12;3
71;108;6;1299;5
71;16;6;2210;7
71;94;7;12789;1
71;14;7;23;1
71;14;7;65;1
71;14;7;70;3
71;145;7;12;2
71;145;7;13;1
71;145;7;15;1
71;145;7;22;1
71;145;7;44;1
71;145;7;65;1
71;105;6;1322;28
71;121;6;4477;10
71;55;5;95;5
71;27;7;13222;15
71;1;6;4444;2
71;57;6;2211;13
71;68;6;7000;1
71;135;6;4410;7
71;72;6;5511;2
71;61;7;22222;1
71;7;6;2211;13
71;113;6;2210;1
71;117;7;96;5
71;125;7;10444;1
71;32;5;96;12
71;7;3;12;7
71;96;3;95;1
71;55;7;12555;9
71;52;7;22;1
71;111;6;96;3
71;17;6;1313;2
71;9;5;96;13
71;88;6;2211;66
71;134;6;2277;1
71;52;6;1234;38
71;10;6;7013;1
71;84;6;15;1
71;84;6;22;1
71;84;6;44;1
71;84;6;55;1
71;84;6;65;1
71;84;7;12;4
71;84;7;13;14
71;84;7;15;3
71;84;7;22;2
71;84;7;44;2
71;84;7;45;1
71;84;7;50;1
71;6;7;50500;2
71;6;7;55100;1
71;40;3;95;3
71;114;7;22777;1
71;117;5;95;3
71;94;5;96;13
71;17;6;4455;1
71;115;3;44;92
71;98;7;12555;5
71;8;5;131;104
71;137;6;7013;1
71;135;7;12144;1
71;11;7;11123;1
71;105;6;1213;1
71;101;7;23333;43
71;93;6;4477;6
71;113;6;2222;3
71;61;7;12111;2
71;141;7;12555;8
71;1;7;12220;1
71;138;7;14357;1
71;73;6;5511;3
71;7;7;44555;2
71;7;5;700;24
71;130;7;50444;5
71;73;6;4447;2
71;80;6;4477;14
71;96;7;12;4
71;96;7;13;3
71;145;6;2211;19
71;14;6;2211;32
71;137;7;23192;1
71;119;6;4477;1
71;129;6;1122;1
71;17;7;13777;4
71;138;5;700;36
71;84;6;95;6
71;84;7;45000;1
71;16;6;95;18
71;138;7;70123;1
71;9;7;13777;2
71;144;6;2210;1
71;24;7;44321;1
71;134;6;1299;6
71;24;7;65700;1
71;140;7;44555;4
71;140;7;70123;1
71;140;5;700;19
71;9;7;95;5
71;88;7;96;6
71;117;6;5044;1
71;93;7;96;5
71;8;7;44321;1
71;88;6;1100;3
71;140;7;13132;1
71;124;6;1566;1
71;16;6;1533;18
71;86;6;5050;4
71;24;7;44333;1
71;138;7;22222;1
71;138;7;44190;1
71;135;7;13131;1
71;135;7;55888;1
71;17;7;45111;4
71;66;6;95;1
71;24;7;22777;1
71;140;7;45333;2
71;115;3;96;11
71;132;7;13333;2
71;132;7;22678;2
71;53;7;12456;1
71;66;6;1331;1
71;105;6;1522;15
71;31;3;12;10
71;84;6;4533;1
71;75;6;1155;1
71;55;7;22022;2
71;118;6;2222;1
71;141;7;15222;20
71;39;7;12333;5
71;16;7;12114;39
71;61;6;1251;2
71;11;6;1100;1
71;117;7;50444;2
71;23;6;4000;1
71;118;5;95;3
71;10;7;70123;1
71;10;5;700;13
71;24;7;13777;1
71;15;3;96;17
71;141;6;2299;1
71;145;5;95;9
71;14;5;95;7
71;111;6;4433;3
71;24;5;96;22
71;39;7;44101;1
71;17;7;33789;1
71;52;6;1322;41
71;87;3;44;12
71;136;6;4029;2
71;101;7;12;2
71;101;7;13;4
71;101;7;15;2
71;101;7;22;2
71;101;7;23;1
71;101;7;36;1
71;101;7;43;1
71;101;7;44;1
71;119;7;45111;2
71;14;6;12;6
71;14;6;15;1
71;14;6;22;1
71;14;6;23;1
71;14;7;11;2
71;14;7;12;6
71;14;7;13;6
71;14;7;15;5
71;105;7;12333;10
71;17;6;2211;16
71;22;6;1222;1
71;22;6;1234;29
71;1;6;4456;1
71;106;6;1522;6
71;135;6;1512;1
71;20;6;96;6
71;53;7;22369;1
71;73;7;44776;1
71;92;7;95;10
71;133;6;1100;3
71;144;6;4477;5
71;73;6;6565;1
71;102;7;50444;1
71;28;7;15331;1
71;86;3;95;2
71;93;6;1522;16
71;6;6;2200;2
71;105;6;1155;1
71;52;7;12123;1
71;55;7;13222;12
71;125;6;4040;2
71;57;6;1222;1
71;57;6;1234;16
71;91;6;1123;2
71;16;7;44222;2
71;23;7;45111;9
71;24;6;1522;14
71;67;5;96;11
71;68;6;1299;4
71;68;6;4447;16
71;26;7;12555;4
71;9;6;1100;1
71;102;6;1251;5
71;129;7;65123;27
71;27;7;22555;1
71;133;6;1123;4
71;110;6;1234;50
71;110;6;4411;1
71;11;7;15151;1
71;74;3;13;93
71;120;7;44555;11
71;2;6;1533;25
71;31;7;45333;1
71;134;6;2323;1
71;121;5;96;6
71;113;7;96;3
71;2;7;23192;2
71;28;6;1222;1
71;28;6;1234;52
71;105;6;1221;4
71;57;6;2222;4
71;7;5;131;113
71;135;6;1233;3
71;117;7;15120;5
71;29;7;15555;1
71;22;7;15151;2
71;88;7;22022;2
71;83;6;1251;3
71;55;6;4029;5
71;114;6;1213;2
71;31;7;13123;1
71;58;6;95;3
71;18;7;12333;1
71;7;7;15555;3
71;34;7;12111;1
71;145;7;12333;2
71;23;7;15333;1
71;61;7;95;10
71;96;7;12114;36
71;145;3;96;9
71;14;3;96;11
71;115;6;5122;1
71;16;7;45300;1
71;15;6;11;2
71;124;7;45111;3
71;128;6;1221;12
71;141;7;12111;1
71;11;6;1533;2
71;30;3;96;8
71;25;6;1500;1
71;8;6;1100;2
71;12;6;2210;1
71;115;7;15120;6
71;128;6;4411;1
71;106;7;15120;2
71;10;7;22777;3
71;117;6;96;5
71;69;6;2200;1
71;74;6;1221;1
71;140;3;12;8
71;52;7;13222;17
71;23;7;13222;22
71;137;7;22555;1
71;88;6;4410;2
71;102;7;15111;1
71;67;5;95;7
71;53;7;13777;3
71;130;6;1123;2
71;115;5;700;51
71;57;6;7070;5
71;31;5;96;21
71;39;6;2211;16
71;2;6;5044;1
71;2;7;12333;10
71;106;3;96;5
71;96;7;15222;1
71;83;6;1322;11
71;1;7;13111;1
71;88;6;1234;33
71;113;7;44777;1
71;97;7;96;8
71;67;7;12111;1
71;141;7;36666;1
71;134;7;15222;20
71;29;7;55100;4
71;61;6;2277;1
71;14;7;13222;1
71;145;6;5050;2
71;107;7;96;4
71;136;7;65123;16
71;93;5;131;192
71;27;6;7040;1
71;64;6;2255;2
71;102;7;12555;53
71;12;6;2277;2
71;115;7;50444;9
71;13;7;22022;3
71;81;7;22022;1
71;57;6;9090;2
71;118;6;4477;7
71;26;7;15222;23
71;31;7;15222;12
71;16;7;15777;1
71;39;7;44555;4
71;57;7;50444;6
71;22;7;13111;1
71;113;6;4410;4
71;53;6;1299;8
71;61;7;44555;6
71;61;7;70123;1
71;61;5;700;36
71;91;7;15120;3
71;110;3;96;11
71;84;6;5555;1
71;133;7;13131;1
71;128;6;4000;2
71;75;7;45000;5
71;106;7;12114;62
71;24;6;1313;1
71;92;3;96;21
71;74;6;4447;2
71;138;7;22022;1
71;13;6;1251;3
71;28;3;44;64
71;16;7;44555;9
71;16;7;70123;2
71;16;5;700;43
71;138;7;44555;13
71;138;6;2220;1
71;130;6;1580;1
71;2;6;1292;2
71;34;3;95;3
71;67;6;5588;3
71;25;6;1234;36
71;91;7;55333;1
71;15;7;95;10
71;29;6;4447;10
71;91;7;10123;1
71;91;6;1533;5
71;98;5;131;60
71;117;6;5512;1
71;97;7;11;1
71;97;7;12;3
71;97;7;13;13
71;97;7;15;1
71;97;7;22;1
71;80;6;1522;2
71;53;7;15120;5
71;29;6;1221;21
71;11;7;15555;2
71;94;5;131;97
71;29;7;15151;1
71;138;5;95;8
71;22;6;1213;15
71;88;5;95;6
71;24;7;50500;4
71;24;7;55100;2
71;52;7;15555;3
71;136;6;1100;1
71;91;7;15555;9
71;73;7;12999;3
71;119;6;4088;1
71;80;3;44;44
71;125;6;2277;1
71;16;7;13456;1
71;145;5;96;8
71;14;5;96;17
71;30;3;44;30
71;133;7;15888;8
71;101;5;131;177
71;69;3;44;39
71;74;7;45300;1
71;69;7;96;6
71;18;7;44444;1
71;138;7;13333;2
71;115;5;95;8
71;113;6;1522;42
71;64;6;95;2
71;102;7;95;9
71;1;3;13;120
71;7;7;44190;1
71;28;6;1323;1
71;90;6;2211;24
71;22;7;22380;1
71;128;6;4488;2
71;53;6;1292;3
71;72;6;1477;1
71;32;7;15888;6
71;119;7;22333;1
71;93;6;1123;4
71;94;6;1133;1
71;125;6;96;9
71;29;6;1212;1
71;117;6;1333;1
71;68;3;12;17
71;26;3;13;155
71;2;6;4444;1
71;124;7;50500;1
71;124;7;55100;3
71;84;7;22777;2
71;141;6;4477;13
71;97;6;1322;1
71;107;3;13;79
71;17;6;8080;1
71;70;6;1221;2
71;7;6;5013;1
71;17;7;44777;2
71;144;6;5511;1
71;91;7;13222;7
71;12;3;13;173
71;118;7;13333;1
71;17;7;15888;13
71;133;7;13777;2
71;140;7;50444;4
71;140;7;22222;5
71;25;7;15151;1
71;16;7;50500;1
71;16;7;55100;4
71;16;7;96;7
71;91;6;4003;1
71;7;6;1533;13
71;15;6;2222;6
71;22;3;12;16
71;91;7;12114;35
71;1;6;95;7
71;1;7;45000;2
71;27;6;1213;8
71;20;7;12114;33
71;83;7;95;4
71;124;7;23333;6
71;24;6;1311;1
71;53;7;55100;1
71;40;3;44;35
71;1;6;4477;6
71;111;7;45333;11
71;14;6;1213;1
71;137;7;44555;5
71;137;5;700;18
71;66;5;95;5
71;88;6;1299;2
71;115;7;15555;18
71;53;7;50100;1
71;137;6;5533;3
71;9;7;45111;1
71;73;6;4456;2
71;74;3;95;1
71;144;6;4447;2
71;128;7;15888;14
71;27;7;44111;2
71;25;6;4490;1
71;25;6;5588;3
71;52;6;5517;3
71;1;7;15120;5
71;115;7;10123;1
71;86;7;65123;23
71;28;7;22222;2
71;13;6;1533;24
71;72;6;1522;52
71;10;7;15120;2
71;69;6;4477;1
71;6;3;96;8
71;128;6;1855;1
71;115;6;2222;3
71;70;6;4477;3
71;73;6;2222;2
71;135;6;2211;18
71;66;6;2222;2
71;108;7;13222;19
71;82;6;1222;2
71;82;6;1234;73
71;24;3;44;71
71;7;6;96;7
71;34;6;1322;13
71;17;7;80180;1
71;22;6;5007;1
71;22;7;12333;1
71;40;7;23333;7
71;32;7;15222;16
71;12;6;1522;12
71;138;7;23192;2
71;129;7;95;4
71;11;7;50444;2
71;57;6;4410;1
71;57;7;44654;3
71;134;6;4555;1
71;88;3;96;7
71;28;7;12333;5
71;144;6;1222;1
71;144;6;1234;22
71;29;7;44022;1
71;133;7;65013;2
71;115;6;4410;6
71;16;6;7013;1
71;64;6;5511;1
71;115;7;12333;32
71;13;6;1322;31
71;13;7;23333;14
71;81;7;23333;1
71;97;7;13777;1
71;52;6;5511;9
71;1;6;1010;2
71;98;6;1234;5
71;70;6;1234;18
71;137;7;33888;1
71;83;6;4477;2
71;80;6;96;6
71;16;7;15151;1
71;20;7;12111;1
71;30;7;45333;42
71;93;7;65123;7
71;6;7;45777;1
71;67;6;2211;38
71;6;7;12114;33
71;30;6;1221;20
71;57;7;12555;6
71;88;6;1221;4
71;92;6;1214;1
71;102;6;1221;3
71;138;7;44111;1
71;138;6;1292;2
71;84;6;1213;5
71;29;7;45300;4
71;14;7;12111;1
71;11;6;1212;1
71;12;7;45111;4
71;100;6;1533;6
71;140;6;4477;9
71;101;7;65123;9
71;1;6;4410;6
71;134;7;65123;12
71;64;7;65123;12
71;1;7;15151;1
71;2;6;2211;16
71;7;6;4410;2
71;7;7;44654;1
71;6;7;22022;4
71;83;6;1100;1
71;25;6;5511;5
71;73;7;50444;3
71;32;6;1299;1
71;70;6;2277;1
71;20;7;44555;2
71;20;5;700;22
71;58;6;1313;1
71;119;7;65700;1
71;101;6;1299;53
71;25;6;95;9
71;92;6;1520;2
71;34;7;96;6
71;22;7;45333;3
71;84;6;4447;1
71;23;6;4511;2
71;20;6;1111;1
71;119;7;13333;1
71;124;7;22022;4
71;8;3;44;17
71;31;6;2211;19
71;22;3;96;11
71;18;3;12;8
71;101;7;15331;1
71;125;7;22111;1
71;132;6;1522;9
71;67;7;15888;8
71;75;7;50500;1
71;22;7;50013;1
71;125;6;4567;1
71;91;6;1520;2
71;75;7;55100;1
71;97;6;4410;1
71;55;6;5517;3
71;118;7;95;3
71;119;6;2288;1
71;26;6;1544;1
71;137;6;1533;5
71;7;6;4040;4
71;7;7;13222;14
71;86;7;12555;10
71;114;7;95;4
71;92;6;1251;2
71;128;6;1251;5
71;90;6;1233;6
71;81;6;1251;2
71;22;6;4456;1
71;130;7;13111;1
71;141;6;11;2
71;141;6;13;3
71;141;6;19;1
71;84;6;5517;3
71;23;6;1522;3
71;90;7;22022;1
71;29;6;2200;1
71;100;7;13;6
71;121;7;13513;1
71;119;7;15555;6
71;133;7;44;2
71;133;7;13;23
71;133;7;22;2
71;133;7;40;1
71;13;7;13111;2
71;25;7;50500;1
71;25;7;55100;3
71;92;7;15120;2
71;25;3;13;146
71;117;6;5511;2
71;136;6;5511;10
71;140;6;95;7
71;134;6;2211;16
71;24;7;12222;1
71;24;7;70345;1
71;8;6;1213;2
71;24;6;1213;26
71;92;7;22777;1
71;102;6;4477;11
71;53;7;12114;43
71;80;6;1333;2
71;124;6;4410;4
71;129;7;44555;4
71;110;6;7070;2
71;25;6;2220;2
71;132;6;1333;2
71;91;7;12555;77
71;53;6;1322;22
71;29;7;15222;27
71;81;6;7070;1
71;111;6;1123;5
71;22;7;23190;1
71;128;7;22777;1
71;125;7;23333;4
71;135;7;14122;1
71;124;7;12555;4
71;28;5;95;11
71;14;5;555;2
71;74;6;1155;1
71;20;6;4456;2
71;125;7;22777;1
71;93;6;1155;4
71;12;7;13131;2
71;17;6;2210;2
71;58;7;44555;2
71;58;5;700;29
71;111;7;22111;1
71;115;6;1213;14
71;40;7;44222;1
71;124;6;2244;1
71;39;6;95;5
71;110;7;13222;22
71;110;6;4040;1
71;88;7;12;4
71;53;3;12;11
71;88;6;33;1
71;88;6;44;1
71;88;7;11;1
71;88;7;13;14
71;88;7;14;1
71;64;7;44111;1
71;119;7;22;1
71;119;7;44;7
71;18;6;1213;4
71;22;7;44555;6
71;22;5;700;54
71;64;6;2277;1
71;136;7;23333;4
71;125;6;2211;9
71;27;6;4040;1
71;100;6;4456;1
71;75;6;1299;1
71;84;7;44222;1
71;58;6;2210;1
71;134;3;95;7
71;31;3;96;11
71;27;7;23333;10
71;1;6;5511;1
71;118;7;15555;1
71;101;3;13;154
71;27;3;13;166
71;124;6;1234;25
71;84;6;2211;19
71;69;6;1322;41
71;26;7;50444;3
71;61;7;12114;54
71;26;5;131;183
71;115;6;5044;1
71;32;5;95;2
71;26;7;23333;10
71;96;5;131;94
71;55;7;45000;1
71;81;7;12220;1
71;100;3;44;33
71;74;7;15888;1
71;67;7;65123;49
71;68;7;13222;34
71;17;7;45000;2
71;23;7;65013;2
71;22;6;1299;7
71;12;6;2211;16
71;7;6;5517;1
71;96;3;13;68
71;23;6;4410;8
71;74;6;4477;10
71;53;7;44321;1
71;73;6;2277;2
71;2;6;6565;3
71;101;3;12;14
71;75;6;95;2
71;84;6;2210;1
71;124;7;22422;1
71;20;7;22222;2
71;74;7;13333;3
71;87;6;1123;1
71;97;6;4321;1
71;27;6;1234;63
71;27;6;4411;1
71;24;6;4511;1
71;57;6;96;1
71;25;7;45333;2
71;83;5;95;4
71;22;5;96;23
71;58;6;4422;1
71;40;6;4456;1
71;11;6;1122;1
71;2;7;12345;1
71;83;5;700;3
71;130;7;15555;3
71;13;7;22111;4
71;64;6;1322;35
71;97;6;5533;1
71;9;6;2211;19
71;25;3;96;10
71;39;7;15888;6
71;24;7;44222;3
71;31;7;95;7
71;15;7;96;8
71;81;7;10;1
71;81;7;13;3
71;81;7;15;1
71;82;7;44777;3
71;93;6;4029;2
71;73;6;4477;17
71;72;6;1322;26
71;29;5;96;13
71;39;6;1251;2
71;8;7;12114;36
71;7;7;13333;3
71;120;6;2222;2
71;121;6;13;1
71;121;7;11;1
71;121;7;13;1
71;114;6;2222;1
71;52;7;95;16
71;132;7;12111;1
71;74;6;1234;27
71;10;7;15151;27
71;134;3;12;13
71;82;3;96;11
71;145;7;13777;1
71;72;6;1251;3
71;8;7;15151;26
71;135;7;15;1
71;135;7;44;1
71;135;7;45;1
71;135;6;12;5
71;135;6;13;3
71;80;7;45111;1
71;2;7;65013;1
71;69;7;55100;2
71;119;7;95;9
71;80;6;12;1
71;120;6;96;4
71;111;6;4029;1
71;20;6;1213;13
71;20;6;1322;19
71;27;6;2211;12
71;13;7;45111;8
71;81;7;45111;2
71;114;7;12333;1
71;94;3;12;13
71;124;6;1292;3
71;135;3;13;165
71;75;3;13;88
71;9;3;95;2
71;138;6;1322;13
71;90;3;12;12
71;92;7;15115;1
71;124;7;13555;1
71;135;7;96;9
71;68;5;95;5
71;86;6;4029;2
71;34;6;96;2
71;55;7;12111;2
71;52;6;2288;2
71;16;6;4456;2
71;53;6;4488;1
71;25;7;13222;18
71;14;6;95;5
71;2;6;1512;1
71;28;3;13;164
71;83;7;15222;6
71;13;3;96;12
71;29;6;1533;9
71;24;6;2277;3
71;135;5;131;190
71;58;7;15151;2
71;135;7;15555;25
71;75;7;15555;1
71;16;6;1221;4
71;114;7;15222;3
71;81;5;131;117
71;133;7;15151;1
71;134;3;13;155
71;16;6;96;7
71;68;6;1322;9
71;16;6;5588;5
71;119;7;45;2
71;6;7;44123;1
71;119;7;65123;6
71;130;7;15333;4
71;119;7;10444;2
71;6;3;12;7
71;120;3;95;4
71;117;7;22022;6
71;83;5;131;78
71;9;7;14357;1
71;69;6;2211;39
71;84;6;5567;1
71;94;6;1123;1
71;58;7;12333;6
71;132;6;2210;2
71;24;7;70007;1
71;136;3;95;3
71;124;6;1111;1
71;61;3;96;14
71;102;6;1322;6
71;12;7;10123;1
71;82;6;1213;1
71;10;6;95;2
71;136;6;5050;1
71;108;3;12;6
71;128;5;555;1
71;68;6;95;1
71;12;3;44;78
71;13;6;4456;4
71;68;6;1100;1
71;135;5;555;1
71;12;6;2222;11
71;91;7;70670;2
71;22;5;131;178
71;26;6;2222;4
71;72;6;4456;1
71;91;3;95;2
71;80;3;95;4
71;55;3;96;11
71;128;7;65123;6
71;137;5;96;15
71;57;7;13789;1
71;7;7;15888;4
71;25;7;13333;3
71;52;6;1213;19
71;91;7;55888;1
71;119;3;44;65
71;15;5;95;15
71;29;7;96;3
71;83;6;12;2
71;83;6;15;1
71;83;6;55;1
71;108;6;4029;5
71;87;3;96;1
71;102;3;95;4
71;141;3;95;5
71;86;7;15888;10
71;101;7;12111;1
71;115;6;1122;1
71;8;6;2211;15
71;105;7;33123;1
71;28;7;44555;3
71;28;7;70123;2
71;28;5;700;33
71;27;7;44555;3
71;27;7;70123;4
71;27;5;700;33
71;113;5;700;24
71;13;6;2222;8
71;106;6;1100;1
71;61;6;1533;26
71;26;6;4029;3
71;114;6;1522;1
71;100;6;2222;2
71;124;5;131;123
71;28;6;1512;1
71;75;6;1213;1
71;128;7;12220;2
71;129;7;44190;1
71;125;7;50444;4
71;105;7;50444;1
71;22;7;22369;1
71;28;7;12555;6
71;128;7;44555;1
71;128;7;70123;4
71;2;7;45111;4
71;57;7;45111;1
71;107;7;44555;1
71;107;5;700;31
71;125;7;13456;1
71;125;7;15888;12
71;88;7;15555;28
71;83;6;95;2
71;27;7;12345;1
71;92;6;1123;4
71;88;6;1123;1
71;135;7;15222;28
71;75;7;15222;4
71;26;7;96;4
71;118;7;13222;10
71;84;6;12;5
71;84;6;13;1
71;84;6;14;1
71;75;7;13222;17
71;53;7;23192;1
71;133;7;44000;1
71;125;7;13123;1
71;30;6;1234;39
71;129;6;4447;1
71;32;6;1522;1
71;69;7;44789;1
71;119;7;13123;1
71;24;6;4410;6
71;86;7;45333;2
71;90;7;12345;1
71;22;7;12555;9
71;2;7;10444;1
71;86;7;13333;5
71;69;6;4000;1
71;67;7;12114;61
71;105;6;6565;2
71;92;6;1234;28
71;93;6;4456;1
71;125;7;15120;5
71;144;7;96;2
71;10;6;1100;1
71;100;3;96;6
71;140;7;50500;1
71;140;7;55100;1
71;20;6;5511;4
71;84;3;13;154
71;145;6;5055;1
71;140;3;96;5
71;81;7;12555;5
71;70;7;15333;1
71;132;6;1533;21
71;138;6;2222;2
71;137;7;22022;2
71;22;7;36192;1
71;34;7;70;1
71;34;7;13;10
71;34;7;15;2
71;34;7;45;1
71;108;6;5517;1
71;97;6;1122;2
71;81;6;2222;1
71;55;7;95;7
71;1;3;95;1
71;135;7;13111;1
71;82;7;45333;1
71;24;6;5511;6
71;102;7;12114;51
71;102;7;70670;1
71;80;6;5511;1
71;14;7;15120;1
71;105;6;2200;5
71;93;3;44;26
71;70;7;22022;3
71;132;7;22222;3
71;132;7;44190;1
71;13;3;44;90
71;111;6;4477;65
71;61;6;12;8
71;61;6;13;2
71;61;6;15;2
71;61;6;55;1
71;61;7;12;1
71;61;7;13;13
71;61;7;15;1
71;61;7;44;1
71;61;7;45;1
71;2;7;13333;4
71;132;6;96;10
71;115;7;12220;1
71;129;7;15222;79
71;133;6;1522;11
71;72;6;2222;2
71;117;6;2210;1
71;58;6;1234;25
71;105;7;15120;3
71;15;7;65013;1
71;88;3;13;154
71;66;7;45333;3
71;13;7;13777;1
71;57;6;1213;7
71;86;7;50500;8
71;107;7;45111;4
71;75;6;1233;4
71;84;7;15120;2
71;31;7;44555;1
71;94;7;12111;1
71;61;7;65123;18
71;17;3;96;9
71;55;7;44400;1
71;128;6;7070;2
71;132;6;3333;1
71;145;7;55123;1
71;132;6;1010;3
71;132;6;4456;4
71;107;6;1233;5
71;132;6;5511;3
71;8;6;5511;1
71;22;7;15222;24
71;40;7;96;8
71;72;7;15151;1
71;134;5;96;32
71;134;7;50500;1
71;91;5;96;20
71;96;6;2211;34
71;66;7;15888;1
71;72;5;96;16
71;113;6;5511;1
71;15;6;2255;1
71;86;7;23333;5
71;10;7;15222;24
71;72;7;95;6
71;129;7;44777;1
71;16;6;1213;17
71;57;3;12;8
71;84;3;96;14
71;96;6;2277;1
71;84;5;131;187
71;61;5;555;2
71;12;6;1520;1
71;87;7;13222;6
71;132;3;96;13
71;29;6;5511;2
71;113;6;12;6
71;113;6;13;4
71;113;6;15;1
71;113;6;22;1
71;113;6;44;1
71;113;6;51;1
71;120;7;15120;2
71;135;6;4567;1
71;67;6;1292;1
71;31;7;22111;1
71;29;3;13;131
71;117;7;13111;1
71;57;7;55100;1
71;20;6;2210;2
71;73;6;1213;8
71;128;7;15120;13
71;74;7;12114;25
71;140;7;13777;1
71;73;6;4445;1
71;105;7;44222;1
71;24;7;12333;1
71;28;7;13333;1
71;141;3;96;5
71;132;6;4029;5
71;34;7;15888;1
71;53;7;23333;8
71;13;6;2211;13
71;135;3;95;7
71;75;3;95;4
71;134;7;12112;2
71;121;6;1533;15
71;120;6;5517;1
71;114;3;12;4
71;55;6;2200;1
71;87;7;12555;23
71;110;7;11;1
71;110;7;12;3
71;110;7;13;10
71;110;7;15;1
71;110;7;22;1
71;110;7;23;1
71;110;7;44;1
71;110;7;70;3
71;110;6;11;2
71;110;6;12;1
71;110;6;13;2
71;110;6;45;1
71;13;6;2200;2
71;68;6;4410;11
71;145;7;95;13
71;86;7;15222;8
71;88;6;7013;1
71;58;7;44111;2
71;113;6;1233;7
71;110;7;13777;2
71;132;7;15333;2
71;6;6;1212;1
71;130;6;5533;1
71;67;6;1333;1
71;15;6;5511;6
71;101;7;45111;3
71;27;7;45111;4
71;58;5;131;121
71;70;7;65123;1
71;8;7;95;5
71;145;7;13333;2
71;18;6;5050;1
71;12;7;44555;5
71;12;7;70123;1
71;12;5;700;46
71;107;7;11113;1
71;73;6;1588;1
71;97;7;12333;1
71;73;6;96;4
71;55;6;2211;11
71;74;7;50500;2
71;145;6;6565;1
71;53;6;1569;1
71;26;6;1322;22
71;13;7;13222;26
71;70;6;4040;2
71;144;6;1233;3
71;55;6;1234;35
71;39;6;1588;1
71;39;6;96;2
71;6;6;1245;1
71;91;6;1522;8
71;94;6;95;3
71;16;7;15555;4
71;133;6;1233;12
71;52;7;22222;5
71;1;7;22369;1
71;57;7;10444;1
71;31;6;1333;1
71;115;6;2200;1
71;25;6;70;1
71;25;7;12;1
71;25;7;13;10
71;25;7;44;1
71;25;7;70;2
71;69;7;44555;3
71;69;5;700;15
71;107;5;96;15
71;39;6;5050;1
71;22;7;50444;11
71;18;7;44555;1
71;134;6;4029;4
71;64;6;4029;1
71;6;3;13;93
71;68;6;4444;1
71;66;6;1221;24
71;2;6;1123;4
71;17;7;15555;3
71;40;7;10444;1
71;111;7;45111;4
71;83;6;1533;1
71;17;6;1322;19
71;40;7;12120;1
71;88;6;5511;1
71;32;6;95;3
71;32;7;45000;3
71;6;6;2222;3
71;128;3;95;7
71;145;6;50;1
71;145;6;12;3
71;145;6;13;2
71;145;6;22;1
71;2;7;65234;1
71;25;6;6565;2
71;57;3;96;7
71;115;7;44555;29
71;98;7;65123;1
71;22;7;22555;1
71;8;5;96;7
71;25;6;1522;7
71;31;6;4447;3
71;108;3;96;11
71;28;7;15333;1
71;114;6;1399;1
71;92;6;4477;12
71;119;7;12111;3
71;74;7;45333;7
71;88;7;15888;6
71;101;7;13111;1
71;93;6;1221;43
71;67;6;4441;1
71;22;7;13333;3
71;17;7;12114;46
71;13;6;2288;1
71;137;6;1322;6
71;40;7;95;5
71;6;6;4410;1
71;80;3;96;6
71;128;7;50500;1
71;128;7;55100;2
71;96;5;96;8
71;57;3;95;7
71;27;7;15151;4
71;15;7;12555;11
71;100;7;23190;1
71;101;7;13333;3
71;138;6;12;1
71;138;6;13;1
71;138;6;15;1
71;138;6;21;1
71;138;6;23;1
71;28;6;4456;1
71;28;6;1010;1
71;97;6;2277;1
71;133;6;4477;8
71;72;6;4477;5
71;101;7;95;4
71;27;6;1111;1
71;128;7;13222;15
71;13;6;1313;3
71;113;6;7013;1
71;102;6;1123;2
71;93;7;44555;7
71;93;5;700;11
71;2;7;12000;1
71;140;7;23333;5
71;117;6;2200;2
71;113;7;11111;1
71;106;3;13;125
71;9;6;96;4
71;115;6;96;6
71;39;5;95;3
71;6;7;50111;1
71;28;6;4441;1
71;8;6;1522;23
71;12;7;13222;23
71;12;7;15222;37
71;12;7;44369;1
71;27;7;12114;72
71;144;3;12;7
71;8;7;44555;1
71;8;5;700;10
71;121;6;1221;1
71;117;7;44222;2
71;13;6;4444;2
71;23;7;44555;9
71;23;7;70123;2
71;23;5;700;45
71;29;7;95;4
71;101;3;96;6
71;27;3;96;13
71;29;6;5588;1
71;117;7;12555;6
71;137;7;15120;1
71;15;7;12333;1
71;28;6;2233;1
71;100;7;96;4
71;135;7;22222;6
71;114;6;1221;23
71;119;6;4029;6
71;10;6;1234;49
71;72;6;1520;1
71;66;3;96;3
71;114;6;1322;9
71;84;7;23333;3
71;64;7;13333;6
71;136;6;2211;25
71;29;6;1213;1
71;102;6;1234;48
71;144;5;96;8
71;1;6;2222;3
71;30;5;555;3
71;72;6;1222;1
71;72;6;1234;98
71;118;3;44;33
71;80;7;22555;1
71;117;7;13333;1
71;121;7;12114;24
71;128;6;4088;1
71;129;6;1233;7
71;2;3;12;14
71;15;6;1251;4
71;72;6;1233;4
71;11;5;96;15
71;1;6;1333;2
71;20;3;44;47
71;124;6;1299;5
71;69;7;12555;38
71;12;6;1123;2
71;84;6;1232;1
71;74;6;1251;1
71;97;3;44;15
71;105;6;4000;1
71;94;5;95;4
71;14;6;7013;1
71;91;6;1010;1
71;133;6;5511;5
71;133;7;15010;1
71;15;7;55100;4
71;113;7;44555;1
71;113;7;70123;1
71;61;6;4447;5
71;52;7;23;1
71;9;7;12555;17
71;15;7;12222;1
71;15;7;70345;1
71;11;6;2211;19
71;52;6;1122;1
71;24;3;12;14
71;55;6;5511;4
71;55;5;160;1
71;70;7;44777;1
71;134;7;15120;1
71;24;6;2288;1
71;2;7;95;15
71;53;6;2288;1
71;29;5;700;15
71;125;6;2288;2
71;134;6;5511;3
71;64;6;96;4
71;137;5;131;130
71;32;7;12114;54
71;55;7;50500;1
71;55;7;55100;3
71;88;7;15111;1
71;119;6;1512;1
71;52;5;555;5
71;115;6;1234;49
71;40;6;1213;10
71;140;6;1322;21
71;28;7;44111;1
71;12;7;50444;6
71;6;7;13333;1
71;58;7;12;1
71;58;6;35;1
71;58;7;11;1
71;58;7;13;4
71;58;7;15;1
71;58;7;22;1
71;15;7;44555;5
71;15;7;70123;1
71;15;5;700;40
71;34;7;44123;2
71;90;3;96;5
71;120;5;95;4
71;117;6;2288;2
71;24;7;10444;1
71;133;7;44555;3
71;129;7;15333;1
71;58;7;65700;1
71;13;6;1299;8
71;52;6;1522;8
71;138;6;2288;1
71;141;5;131;103
71;18;3;96;6
71;28;7;44222;1
71;101;7;65013;1
71;114;6;4447;2
71;135;6;2200;1
71;52;7;45111;7
71;9;3;13;122
71;61;3;95;8
71;39;7;13333;2
71;20;7;12456;2
71;15;7;44543;1
71;125;6;1322;33
71;119;6;1533;15
71;31;5;700;23
71;8;6;1533;3
71;25;7;12114;49
71;88;7;12114;38
71;18;6;2211;15
71;124;7;15333;2
71;30;7;44111;1
71;9;3;44;38
71;110;5;555;1
71;82;7;12555;43
71;61;7;22022;3
71;75;6;1234;53
71;6;6;1221;5
71;6;6;4412;1
71;119;6;1221;13
71;39;6;1213;7
71;129;7;12888;1
71;115;7;13456;1
71;115;7;15888;3
71;7;6;2210;1
71;34;6;1233;2
71;86;7;44555;19
71;86;5;700;42
71;1;7;15555;3
71;9;7;12114;62
71;26;6;6565;1
71;129;6;5511;3
71;68;7;45111;12
71;26;6;1233;4
71;11;7;45;2
71;94;6;96;2
71;91;7;22222;1
71;27;6;1212;1
71;97;7;12114;57
71;82;7;22777;1
71;69;7;12111;2
71;58;7;95;5
71;88;7;13222;13
71;132;6;5588;3
71;100;7;15888;8
71;106;6;4410;1
71;133;7;45111;3
71;117;7;13456;1
71;117;7;15888;15
71;73;7;11444;1
71;83;6;96;3
71;133;6;1222;1
71;133;6;1234;53
71;72;3;44;48
71;24;6;11;1
71;24;6;12;6
71;24;6;21;1
71;24;6;65;1
71;24;7;11;1
71;24;7;12;3
71;24;7;13;12
71;24;7;14;1
71;24;7;22;2
71;24;7;36;1
71;24;7;44;1
71;24;7;50;2
71;24;7;55;1
71;24;7;70;2
71;144;6;4410;7
71;34;7;44555;1
71;23;7;12220;1
71;17;7;44321;1
71;101;6;4040;3
71;101;7;13222;13
71;82;7;96;2
71;118;7;22222;1
71;125;6;95;9
71;80;6;5050;1
71;94;7;12555;21
71;92;7;15555;6
71;125;6;1326;1
71;84;7;55100;3
71;25;6;1213;13
71;115;7;22222;1
71;13;5;96;22
71;101;6;12;2
71;101;6;13;1
71;101;6;14;2
71;101;6;22;1
71;101;6;65;1
71;58;6;1251;4
71;53;7;15331;1
71;140;5;131;147
71;55;7;13131;1
71;34;6;12;8
71;34;6;11;1
71;34;6;15;1
71;34;6;65;1
71;34;7;12;5
71;97;7;12555;50
71;88;6;5533;1
71;39;7;12555;9
71;24;6;1155;1
71;25;7;23192;2
71;7;7;45000;3
71;94;7;96;4
71;12;7;12111;1
71;10;6;5511;1
71;140;6;4029;11
71;10;6;1322;13
71;17;7;23123;1
71;86;6;1251;1
71;39;6;5588;3
71;82;3;12;22
71;118;7;12555;24
71;26;7;44222;1
71;68;6;1123;3
71;94;6;4441;2
71;17;6;4477;13
71;31;7;22777;2
71;124;6;4477;6
71;72;6;5517;3
71;102;7;12600;2
71;74;6;95;1
71;106;7;15151;3
71;111;7;15222;19
71;52;7;55888;1
71;27;6;1233;3
71;53;6;1100;1
71;25;7;12333;5
71;6;6;1213;8
71;55;7;15120;7
71;53;6;2211;7
71;40;6;4433;1
71;15;7;55055;1
71;98;6;1112;1
71;129;7;12114;35
71;111;5;95;11
71;111;6;6513;1
71;53;7;12220;1
71;138;7;11;1
71;138;7;12;3
71;138;7;13;3
71;138;7;45;1
71;138;7;70;2
71;128;3;12;13
71;83;6;7070;1
71;88;6;7070;1
71;136;6;4456;1
71;145;6;1221;12
71;106;3;95;3
71;94;7;15222;2
71;55;6;95;5
71;124;7;22222;3
71;28;7;12444;1
71;28;7;45333;1
71;86;6;4447;1
71;113;6;1213;2
71;40;7;22222;2
71;84;7;45111;3
71;61;7;23192;1
71;70;7;55100;2
71;136;7;13222;21
71;32;7;12555;14
71;114;6;4477;7
71;115;7;12112;1
71;57;6;95;5
71;57;7;45000;1
71;16;7;45000;1
71;92;3;95;13
71;80;6;4456;3
71;86;7;12333;3
71;15;6;96;8
71;15;6;1588;1
71;115;6;1322;27
71;88;6;15;2
71;88;6;22;1
71;119;7;12555;11
71;100;6;4040;2
71;100;7;13222;13
71;34;7;45333;30
71;145;6;1322;27
71;14;6;1322;21
71;138;6;1522;4
71;129;6;1222;1
71;129;6;1234;44
71;22;6;4488;1
71;30;6;1251;2
71;69;6;1233;3
71;9;5;95;4
71;15;6;1522;14
71;13;7;15888;20
71;81;7;15888;13
71;134;6;4447;5
71;18;6;7070;2
71;15;6;2210;7
71;90;3;95;2
71;100;6;1213;4
71;27;6;2288;2
71;101;6;1251;2
71;138;6;95;3
71;138;7;45000;2
71;11;7;13333;1
71;132;6;1299;9
71;137;3;12;30
71;23;7;44777;1
71;14;6;1188;1
71;119;7;70;1
71;121;6;1213;1
71;61;6;5511;8
71;61;7;15010;1
71;14;6;4447;1
71;6;6;96;5
71;145;6;4447;7
71;105;7;15222;45
71;81;6;4578;1
71;20;7;15555;1
71;68;7;11;2
71;68;7;12;7
71;68;7;13;8
71;68;7;15;2
71;68;7;22;2
71;68;7;44;1
71;68;7;45;2
71;68;7;70;1
71;68;6;12;4
71;68;6;13;1
71;68;6;15;1
71;68;6;22;1
71;110;6;5517;1
71;91;6;1322;7
71;17;3;12;19
71;111;6;2211;13
71;97;6;1522;16
71;39;6;2288;1
71;53;7;15222;10
71;31;6;1221;3
71;105;5;131;165
71;25;7;65123;17
71;138;7;15888;2
71;7;6;1522;6
71;106;6;95;4
71;102;6;1311;1
71;102;7;45111;2
71;84;6;1522;8
71;108;6;1221;7
71;118;6;13;1
71;118;6;22;1
71;118;6;50;1
71;118;7;12;1
71;118;7;13;4
71;118;7;44;1
71;118;7;70;1
71;18;7;55100;1
71;91;7;11444;1
71;125;7;12144;1
71;91;6;2299;1
71;61;6;4444;1
71;96;3;44;22
71;2;6;4455;1
71;128;7;23190;2
71;7;6;1100;1
71;111;5;131;126
71;16;7;15888;14
71;138;3;13;117
71;29;3;95;4
71;34;6;4456;1
71;29;3;12;3
71;135;6;1123;1
71;135;6;96;14
71;75;6;96;2
71;105;7;13222;4
71;124;6;1221;4
71;111;7;55888;2
71;26;6;11;1
71;26;6;12;7
71;26;6;13;4
71;26;6;15;1
71;26;6;44;1
71;26;6;65;1
71;26;7;12;6
71;26;7;13;14
71;26;7;15;2
71;26;7;45;1
71;26;7;65;1
71;26;7;70;1
71;72;7;13111;2
71;70;3;44;57
71;81;5;555;2
71;6;6;1123;1
71;16;6;2211;13
71;125;3;13;127
71;100;7;44222;1
71;130;7;22190;1
71;130;5;131;230
71;22;7;96;11
71;91;6;2201;1
71;17;6;1333;1
71;7;7;12345;1
71;39;7;22022;2
71;52;6;7070;1
71;66;6;7070;3
71;141;7;13131;1
71;73;7;15888;14
71;57;6;5588;5
71;105;7;12;4
71;105;7;13;5
71;105;7;22;2
71;105;7;44;2
71;105;7;55;1
71;141;7;15888;21
71;75;7;15888;3
71;128;6;11;1
71;128;6;12;5
71;128;6;13;3
71;128;6;15;1
71;53;6;5001;1
71;1;5;96;11
71;105;6;5588;10
71;125;6;5588;3
71;140;6;2277;2
71;7;7;12;2
71;7;7;13;4
71;7;7;14;1
71;7;7;40;1
71;7;7;70;1
71;7;6;11;1
71;7;6;12;4
71;29;7;50444;1
71;117;7;13777;2
71;64;7;15333;3
71;119;6;95;7
71;119;7;45000;2
71;27;7;12333;4
71;23;7;12114;50
71;137;7;95;4
71;7;3;96;5
71;31;6;4422;2
71;140;7;10123;1
71;80;7;22222;3
71;80;6;4447;3
71;57;7;15120;8
71;23;7;44321;1
71;107;6;2211;14
71;125;7;15333;1
71;73;6;5588;2
71;52;6;1533;17
71;101;6;2299;1
71;128;6;5055;1
71;29;6;4040;1
71;29;7;13222;14
71;80;7;44123;1
71;136;7;96;11
71;13;3;13;157
71;30;7;45300;2
71;20;6;1100;2
71;26;6;7070;5
71;20;7;15888;5
71;27;3;21;1
71;118;6;1213;4
71;11;7;23333;6
71;140;7;15333;1
71;16;7;15;2
71;16;7;22;1
71;16;7;44;2
71;16;7;70;3
71;16;7;80;1
71;8;7;15222;18
71;119;7;12333;2
71;58;3;13;100
71;124;5;555;2
71;117;7;50500;2
71;117;7;55100;2
71;125;7;95;12
71;13;7;15120;9
71;72;6;7013;1
71;105;7;95;3
71;22;6;5511;11
71;82;3;13;150
71;68;7;23333;3
71;137;3;44;28
71;68;5;555;1
71;15;7;22022;4
71;64;7;13222;15
71;125;5;96;20
71;124;6;5588;3
71;121;7;13456;2
71;121;7;15888;3
71;26;7;15555;5
71;84;6;5588;13
71;58;6;2211;18
71;93;7;15222;30
71;17;6;1588;1
71;134;7;15333;5
71;113;3;12;13
71;6;6;5050;2
71;70;6;1213;2
71;120;6;4477;13
71;32;7;44555;3
71;32;5;700;25
71;140;6;12;2
71;140;6;13;3
71;140;6;55;1
71;140;7;12;3
71;140;7;13;4
71;140;7;22;1
71;140;7;65;1
71;53;7;13333;1
71;70;7;45111;6
71;145;7;45111;8
71;34;3;13;153
71;31;6;4456;3
71;115;7;45333;3
71;17;7;22022;3
71;57;5;131;124
71;39;7;50444;4
71;93;5;95;4
71;25;6;1292;1
71;23;3;80;1
71;107;6;12;4
71;107;6;21;1
71;107;6;44;1
71;107;7;11;1
71;107;7;12;2
71;107;7;13;3
71;55;6;4567;1
71;31;6;4022;1
71;128;7;13131;1
71;124;7;15331;2
71;73;6;1533;31
71;34;6;1292;1
71;107;7;65123;22
71;138;7;15555;3
71;7;6;13;1
71;124;6;1100;2
71;52;6;5555;1
71;6;5;96;12
71;8;7;12555;13
71;120;7;13777;2
71;113;7;45333;34
71;8;3;95;2
71;55;6;7040;1
71;15;6;12;5
71;15;6;13;9
71;15;6;65;1
71;15;7;12;5
71;15;7;13;18
71;15;7;15;1
71;15;7;44;3
71;15;7;45;1
71;15;7;70;5
71;93;7;15120;1
71;82;6;4455;1
71;134;6;11;1
71;134;6;12;5
71;134;6;13;6
71;26;7;95;16
71;145;7;22222;1
71;98;5;96;8
71;117;7;22222;2
71;105;6;1533;6
71;125;6;1533;18
71;135;7;33123;1
71;68;6;2277;2
71;105;7;22380;4
71;55;3;44;54
71;91;6;2222;2
71;16;6;4000;1
71;6;3;95;2
71;55;7;44333;1
71;105;7;22222;1
71;31;7;15333;1
71;134;7;12333;3
71;18;7;95;1
71;102;6;2211;67
71;114;7;10123;1
71;110;7;15555;2
71;20;6;2222;6
71;108;7;12112;1
71;58;7;50500;1
71;58;7;55100;2
71;110;6;1520;1
71;97;7;15555;1
71;18;3;44;40
71;113;5;555;2
71;105;6;4447;4
71;125;6;4447;5
71;55;6;1221;7
71;32;3;13;98
71;93;7;15888;2
71;113;6;4533;2
71;117;7;12111;1
71;140;3;95;6
71;27;7;12555;4
71;25;6;2222;10
71;108;7;23190;6
71;1;3;12;13
71;108;5;555;1
71;114;6;1299;13
71;7;6;2222;4
71;84;6;1512;2
71;67;6;95;8
71;14;7;44321;1
71;72;7;55100;4
71;61;6;2210;1
71;136;7;15120;7
71;75;7;12555;24
71;106;7;45333;1
71;132;6;5517;1
71;74;6;2277;3
71;31;3;95;3
71;134;7;12345;1
71;55;6;1213;10
71;73;5;131;217
71;27;6;96;9
71;18;6;1233;8
71;53;6;1251;1
71;120;3;96;9
71;117;6;2211;4
71;111;6;4410;6
71;87;7;13777;2
71;23;7;50444;9
71;102;6;1313;1
71;34;6;1123;1
71;66;7;12114;75
71;24;6;5050;3
71;23;7;44222;3
71;114;6;6513;1
71;98;6;95;1
71;86;5;131;103
71;140;6;4447;6
71;55;6;1299;5
71;140;3;13;123
71;105;6;1520;2
71;27;6;2233;1
71;14;6;1522;80
71;26;7;13333;1
71;2;6;1010;2
71;24;7;55333;1
71;52;6;4488;1
71;29;7;44447;1
71;113;7;15888;8
71;9;6;4444;2
71;133;6;4040;2
71;98;6;1533;5
71;20;7;96;9
71;108;7;12999;1
71;9;6;95;2
71;9;7;45000;1
71;120;6;4456;2
71;55;7;44555;11
71;7;6;1233;1
71;17;7;11333;1
71;55;7;70123;1
71;55;5;700;33
71;88;7;33123;1
71;15;7;22777;1
71;120;6;2244;1
71;113;6;1323;1
71;66;7;96;5
71;94;3;13;78
71;28;6;13;2
71;136;5;131;197
71;7;7;23333;4
71;88;6;11;1
71;88;6;12;3
71;88;6;13;2
71;52;6;2211;21
71;16;3;13;156
71;2;3;95;11
71;133;6;1221;9
71;69;6;1522;23
71;106;7;13456;1
71;106;7;15888;6
71;68;7;23192;1
71;23;6;4456;4
71;58;7;22022;3
71;136;7;30000;1
71;128;6;2211;13
71;26;6;2123;1
71;119;7;15333;1
71;26;6;95;16
71;26;7;45000;2
71;22;3;13;146
71;61;7;13333;1
71;26;6;1533;19
71;137;6;2211;63
71;111;6;1322;35
71;136;3;12;14
71;91;7;44654;1
71;13;6;5511;4
71;17;6;5511;5
71;55;7;15555;2
71;135;6;1251;1
71;13;7;15333;1
71;140;6;5050;1
71;40;6;10;1
71;40;6;12;2
71;40;6;13;2
71;40;7;12;4
71;40;7;13;7
71;100;7;22;1
71;134;7;22022;1
71;64;7;22022;1
71;64;5;95;4
71;84;6;5055;5
71;102;7;96;6
71;130;6;4447;19
71;17;7;22777;2
71;144;6;96;2
71;119;7;23333;5
71;98;3;44;12
71;125;6;4410;2
71;145;6;5588;3
71;81;7;55100;2
71;91;7;44222;3
71;133;7;13333;1
71;73;6;1232;1
71;57;5;160;1
71;57;6;5511;4
71;130;6;1322;39
71;34;7;23192;1
71;140;3;44;42
71;93;7;12555;49
71;25;6;2211;18
71;107;3;95;2
71;120;7;15888;5
71;128;3;13;144
71;52;7;12222;1
71;31;6;4490;2
71;31;6;5588;3
71;128;6;1010;1
71;64;3;96;3
71;110;6;1512;1
71;81;6;96;1
71;23;5;131;179
71;124;7;95;4
71;93;7;44123;1
71;32;3;95;3
71;8;3;12;6
71;129;7;45111;1
71;53;6;95;6
71;53;7;45000;1
71;30;7;13555;1
71;114;3;13;103
71;98;6;2211;4
71;15;6;1322;35
71;91;3;13;138
71;29;6;12;8
71;29;6;13;2
71;29;6;15;2
71;29;6;21;1
71;29;6;22;1
71;29;6;33;1
71;29;6;44;1
71;81;7;96;2
71;141;6;1251;1
71;1;6;1233;3
71;128;6;1212;1
71;87;6;1233;3
71;91;6;1299;4
71;15;7;22380;1
71;115;7;13111;1
71;24;6;1520;3
71;66;6;1100;1
71;145;7;15151;2
71;14;7;15151;86
71;121;6;1322;2
71;108;7;12345;1
71;69;7;12114;9
71;90;7;12111;1
71;96;6;44;1
71;96;7;45;1
71;96;6;12;2
71;96;6;13;1
71;136;7;15222;36
71;24;6;1322;23
71;102;6;5050;1
71;141;6;5050;2
71;27;6;5511;7
71;27;5;160;2
71;96;6;1213;1
71;108;6;5005;1
71;144;7;12555;5
71;140;7;12789;1
71;2;3;44;64
71;9;6;1221;1
71;88;7;50007;1
71;93;6;2222;1
71;53;6;1213;8
71;12;6;1213;13
71;119;7;96;5
71;17;6;2222;4
71;40;6;5533;1
71;68;7;44777;1
71;15;7;13111;3
71;39;5;700;14
71;40;6;5588;4
71;102;6;1100;1
71;128;5;131;181
71;93;6;4490;2
71;145;6;7013;1
71;102;6;1333;1
71;27;7;22022;5
71;17;3;13;153
71;30;7;65123;2
71;68;7;15222;11
71;124;7;45000;1
71;6;6;1100;2
71;55;7;22222;3
71;81;6;2211;4
71;40;6;1533;11
71;16;6;2222;4
71;86;6;96;4
71;52;6;4029;10
71;68;7;15333;2
71;110;6;1322;26
71;125;6;2201;1
71;64;6;4000;1
71;7;7;65123;6
71;110;6;1299;9
71;117;6;4444;1
71;16;6;4447;7
71;26;7;12222;1
71;118;6;2220;1
71;100;7;15222;8
71;61;3;13;164
71;119;6;1100;4
71;6;7;44222;3
71;98;3;13;52
71;66;3;13;135
71;17;6;7070;2
71;24;3;95;9
71;68;7;45333;40
71;53;6;1323;1
71;82;5;96;20
71;12;7;45333;1
71;124;7;13222;11
71;130;6;6565;1
71;13;6;6565;1
71;115;3;13;210
71;11;6;4456;2
71;70;7;11222;1
71;101;7;44789;1
71;136;7;65013;1
71;100;3;95;3
71;128;7;10444;2
71;57;7;22555;2
71;52;6;4499;1
71;140;6;1311;1
71;30;7;12222;2
71;105;7;13123;1
71;137;7;65123;4
71;32;7;45111;1
71;90;6;96;6
71;125;3;44;62
71;138;6;1213;3
71;15;7;13777;4
71;1;7;22222;1
71;16;7;22222;2
71;128;7;13132;1
71;128;6;1322;23
71;132;6;4477;14
71;90;3;13;91
71;110;7;95;11
71;132;6;2200;1
71;13;6;5055;1
71;113;7;15330;2
71;73;7;13333;5
71;97;6;5517;1
71;140;5;555;1
71;133;6;1322;25
71;67;6;4029;2
71;8;7;15120;1
71;40;3;13;102
71;26;6;2211;12
71;138;6;1533;4
71;20;6;1221;3
71;6;7;95;1
71;97;6;1221;21
71;53;6;96;10
71;82;7;13333;3
71;133;6;6565;3
71;23;6;2210;1
71;133;5;131;191
71;53;6;1234;36
71;84;7;15333;1
71;72;3;96;8
71;132;7;44111;1
71;12;6;1232;2
71;1;6;1245;1
71;52;6;1233;4
71;108;6;4422;1
71;67;7;12222;1
71;12;6;4003;1
71;15;7;44777;1
71;17;3;95;7
71;6;6;1111;1
71;58;6;4490;2
71;58;6;5588;5
71;86;7;22222;4
71;2;5;131;171
71;52;7;50500;2
71;52;7;55100;3
71;30;6;1299;3
71;6;3;44;52
71;137;6;7070;3
71;134;6;1255;1
71;101;5;700;17
71;17;6;4410;7
71;132;7;44777;1
71;30;6;1214;1
71;32;6;4477;13
71;135;6;1588;1
71;133;6;5588;1
71;81;6;5511;2
71;81;5;160;1
71;15;6;5050;1
71;15;7;12114;58
71;87;3;12;16
71;32;6;12;3
71;32;7;11;2
71;32;7;12;6
71;32;7;13;4
71;32;7;44;1
71;32;7;55;1
71;145;6;7070;3
71;1;3;96;9
71;12;6;1322;39
71;110;7;22022;4
71;6;6;1522;3
71;68;3;95;2
71;84;7;12555;15
71;22;6;4003;1
71;94;7;45;1
71;70;6;1333;1
71;23;6;2211;9
71;100;6;4511;2
71;27;6;7013;1
71;141;6;1533;14
71;133;6;2211;15
71;136;5;96;23
71;92;6;1515;1
71;27;6;5517;1
71;6;7;12;5
71;6;7;13;9
71;6;7;15;2
71;6;7;16;1
71;6;7;23;1
71;6;7;45;1
71;6;7;65;1
71;57;6;12;4
71;57;6;13;3
71;57;6;15;1
71;57;6;44;1
71;57;6;90;1
71;57;7;11;1
71;57;7;13;5
71;57;7;15;1
71;57;7;40;1
71;57;7;45;1
71;83;3;12;5
71;84;7;12333;22
71;6;6;4456;1
71;145;6;96;4
71;58;7;44222;1
71;117;6;1222;1
71;117;6;1234;37
71;16;7;12333;2
71;118;3;96;4
71;23;7;15222;29
71;115;6;1533;74
71;13;7;70345;1
71;28;6;1251;4
71;130;6;1520;1
71;135;6;1213;11
71;84;6;5050;2
71;69;6;1222;1
71;69;6;1234;13
71;113;7;12144;2
71;110;3;44;73
71;81;6;5088;1
71;130;7;13333;2
71;12;5;131;207
71;124;6;1010;2
71;128;6;1234;28
71;145;7;12300;1
71;132;6;5001;1
71;16;7;65123;14
71;6;7;13222;14
71;11;3;44;30
71;73;7;45000;1
71;17;7;12111;2
71;117;7;45111;11
71;10;6;4040;2
71;91;3;12;30
71;23;6;5044;1
71;23;7;12333;5
71;135;6;1522;21
71;28;7;12000;1
71;130;6;4456;1
71;27;5;96;20
71;52;6;95;12
71;52;7;45000;2
71;72;7;45111;5
71;52;7;22111;1
71;107;6;5050;1
71;31;5;131;110
71;75;6;4477;12
71;24;7;45333;1
71;133;7;12555;11
71;132;7;12555;8
71;100;6;1233;5
71;53;7;44555;6
71;53;7;70123;1
71;53;5;700;27
71;132;3;44;83
71;119;6;11;1
71;119;6;12;3
71;119;6;13;4
71;119;6;15;2
71;119;6;44;3
71;119;6;65;2
71;124;7;65013;2
71;125;6;1522;6
71;7;7;45333;2
71;84;7;12114;49
71;124;6;1322;19
71;74;7;13222;12
71;18;7;22380;1
71;136;3;96;13
71;57;7;12333;2
71;92;3;13;139
71;145;6;4567;1
71;8;5;555;1
71;94;7;45111;1
71;16;6;4003;3
71;55;7;70800;1
71;119;7;70123;5
71;119;5;700;27
71;12;7;13133;1
71;86;7;95;6
71;110;6;1122;1
71;132;6;7070;3
71;23;6;4447;11
71;64;6;1251;4
71;64;6;2222;4
71;129;7;23333;1
71;23;7;12555;4
71;2;6;2288;1
71;55;3;13;144
71;52;7;15888;9
71;102;6;4410;2
71;102;7;44654;1
71;141;6;4410;6
71;16;7;30000;1
71;31;6;1251;2
71;114;7;44222;7
71;132;6;1251;1
71;124;7;13777;1
71;12;7;70670;1
71;134;7;13333;3
71;84;7;15123;1
71;137;7;22777;5
71;90;7;15555;1
71;52;6;5007;1
71;52;7;12333;3
71;15;7;12120;1
71;22;6;1322;22
71;91;7;13333;1
71;30;7;44555;1
71;30;5;700;12
71;102;7;45333;2
71;10;7;96;3
71;27;7;13333;1
71;17;6;1233;7
71;81;6;1221;6
71;72;6;1213;3
71;70;5;555;1
71;73;7;44555;1
71;92;7;11;2
71;92;7;12;6
71;80;5;700;31
71;145;3;12;9
71;14;3;12;26
71;132;7;95;9
71;80;7;13222;6
71;114;7;65123;30
71;128;7;70190;2
71;52;7;12114;47
71;86;7;13222;1
71;86;6;4040;2
71;125;6;4477;16
71;20;6;4422;1
71;133;7;45333;3
71;102;7;15888;6
71;20;7;13222;13
71;130;6;4029;6
71;13;6;1333;1
71;92;7;13;8
71;92;7;15;2
71;92;7;22;1
71;92;7;40;1
71;92;7;44;1
71;92;7;55;1
71;92;7;70;7
71;97;5;131;153
71;108;6;4477;8
71;120;7;50444;2
71;108;7;96;2
71;110;7;65123;16
71;100;7;50444;1
71;30;6;1215;1
71;91;7;96;4
71;130;7;10;1
71;130;7;11;1
71;130;7;12;3
71;130;7;13;11
71;130;7;14;1
71;130;7;15;1
71;130;7;22;1
71;88;6;5555;1
71;130;7;44;1
71;130;7;45;1
71;130;7;70;3
71;130;6;12;4
71;130;6;13;3
71;130;6;22;1
71;130;6;65;2
71;52;6;65;1
71;52;6;12;3
71;52;6;13;2
71;52;6;15;1
71;2;7;12114;44
71;115;7;45300;2
71;135;7;55100;2
71;55;6;2201;1
71;117;6;4040;1
71;117;7;13222;18
71;72;6;5501;1
71;31;7;15120;1
71;100;6;1322;13
71;145;7;12114;50
71;93;7;45300;7
71;80;7;12555;14
71;70;6;4410;3
71;132;6;2288;3
71;92;6;1122;2
71;1;6;1213;9
71;102;5;555;1
71;17;6;1221;4
71;108;6;44;1
71;108;6;50;1
71;108;6;65;1
71;108;7;12;5
71;108;7;13;7
71;108;7;15;1
71;108;7;22;1
71;108;7;44;2
71;22;7;55100;4
71;22;6;12;5
71;22;6;13;3
71;22;6;22;2
71;22;6;35;1
71;22;7;11;1
71;22;7;12;2
71;22;7;13;7
71;22;7;15;1
71;22;7;22;1
71;55;6;4422;1
71;57;6;7040;1
71;106;7;12555;43
71;86;7;15333;2
71;130;7;44555;2
71;130;7;70123;4
71;130;5;700;39
71;102;7;22777;2
71;52;7;11111;1
71;113;6;1222;1
71;113;6;1234;79
71;86;6;1155;1
71;86;7;13131;2
71;98;6;4410;7
71;18;3;95;1
71;113;7;70222;1
71;92;6;95;6
71;15;3;44;73
71;66;6;11;1
71;66;6;12;5
71;66;6;22;1
71;66;7;12;3
71;66;7;13;10
71;66;7;15;4
71;66;7;90;1
71;128;6;4029;4
71;92;6;1588;1
71;92;6;96;8
71;119;7;11;2
71;119;7;12;6
71;119;7;13;17
71;64;6;1522;12
71;92;5;96;30
71;2;7;70;2
71;108;6;1353;1
71;6;7;13789;1
71;80;6;2220;1
71;134;6;1122;1
71;22;7;95;11
71;130;7;22777;3
71;134;7;70123;1
71;134;5;700;35
71;74;6;1533;4
71;73;7;12111;2
71;73;6;2200;1
71;7;7;13111;2
71;120;3;13;85
71;124;6;1233;4
71;18;7;50444;2
71;84;6;4477;22
71;111;6;2210;1
71;10;6;1251;4
71;66;7;50444;2
71;137;7;12555;58
71;29;6;2211;15
71;82;3;95;1
71;22;7;15555;4
71;72;6;2200;1
71;29;6;1234;28
71;125;7;13444;1
71;84;7;13333;1
71;6;6;1299;5
71;26;7;12144;1
71;53;7;15888;5
71;32;7;70;2
71;16;7;95;16
71;31;5;555;3
71;52;3;96;14
71;115;7;44543;2
71;135;7;95;7
71;86;3;96;3
71;20;7;44222;1
71;141;6;1221;1
71;8;5;95;2
71;125;5;131;147
71;74;7;15120;2
71;20;7;13333;1
71;53;6;4410;2
71;93;7;12114;66
71;7;7;22022;5
71;1;6;4029;1
71;61;6;4410;5
71;135;7;44027;1
71;57;7;23333;11
71;125;7;13777;1
71;22;7;12111;1
71;137;6;5517;1
71;18;6;4477;7
71;61;7;15333;2
71;136;6;4488;1
71;17;6;13;4
71;17;6;40;1
71;17;6;65;1
71;17;7;11;1
71;55;6;1522;4
71;28;7;12114;66
71;74;5;95;1
71;66;7;15222;7
71;55;7;65013;1
71;115;6;1251;5
71;114;3;95;1
71;73;6;95;3
71;28;6;4447;10
71;23;5;555;1
71;119;7;22111;1
71;6;6;1533;14
71;106;6;1533;11
71;94;6;2299;2
71;18;6;1522;1
71;12;7;15555;7
71;22;6;2200;2
71;133;6;5533;2
71;2;6;2299;1
71;73;6;1010;1
71;82;6;5555;4
71;27;7;23190;1
71;1;6;5588;2
71;57;5;96;8
71;6;7;15120;5
71;55;6;1123;3
71;132;7;10444;1
71;108;7;23333;3
71;141;6;1299;3
71;40;7;65700;1
71;118;6;4410;11
71;72;7;12111;1
71;40;5;555;2
71;101;6;1855;2
71;74;5;131;104
71;66;6;1533;11
71;1;6;96;5
71;26;5;95;13
71;134;7;13777;3
71;23;6;2277;1
71;91;6;1233;2
71;52;7;44555;5
71;120;6;2211;39
71;110;6;2211;9
71;57;7;15555;3
71;125;6;5517;2
71;125;6;7070;2
71;110;7;15222;34
71;55;6;1201;1
71;22;7;65123;13
71;119;7;45413;1
71;58;7;12888;1
71;7;6;1221;4
71;132;7;45333;1
71;72;6;2211;28
71;55;6;5588;3
71;26;7;12333;2
71;75;6;1212;1
71;17;6;2288;3
71;2;7;55100;4
71;138;6;5588;3
71;138;6;4490;1
71;145;3;13;139
71;14;3;13;200
71;92;7;65123;4
71;105;7;12111;1
71;125;7;12111;1
71;9;7;44555;1
71;9;5;700;21
71;117;7;45645;1
71;32;7;22111;1
71;73;7;45333;2
71;12;6;1215;2
71;115;7;33123;1
71;138;7;12333;2
71;20;3;95;1
71;137;6;95;1
71;84;6;5511;1
71;106;7;15010;1
71;130;7;15331;1
71;23;6;96;12
71;40;6;4477;7
71;110;6;96;6
71;87;7;12;3
71;87;7;13;4
71;67;6;1233;2
71;24;6;4411;1
71;24;6;1234;38
71;58;6;5511;2
71;23;6;1533;15
71;73;7;13777;1
71;128;7;45333;1
71;7;6;6565;1
71;108;6;1233;1
71;135;6;4447;7
71;98;7;15120;2
71;133;7;50;1
71;133;7;65;3
71;133;7;70;1
71;133;6;12;9
71;133;6;13;4
71;133;6;15;1
71;133;6;22;1
71;133;6;44;1
71;133;6;55;1
71;98;6;96;2
71;97;5;95;1
71;125;7;44777;1
71;24;6;1233;12
71;22;3;44;90
71;125;7;50500;1
71;125;7;55100;3
71;135;7;12555;11
71;119;6;7070;6
71;132;7;65123;14
71;132;7;55123;1
71;18;6;4447;19
71;136;7;50500;2
71;136;7;55100;2
71;107;7;50500;2
71;135;7;13123;3
71;53;7;12555;6
71;100;6;4447;3
71;113;7;65123;5
71;110;7;13333;2
71;84;5;95;11
71;53;6;5511;3
71;145;6;95;14
71;40;7;12333;3
71;84;6;2222;3
71;10;6;1522;25
71;134;6;18;1
71;134;6;22;1
71;24;6;4029;5
71;22;6;1100;5
71;10;6;12;2
71;10;6;13;2
71;58;7;22222;3
71;58;7;44190;1
71;128;6;4477;6
71;16;5;95;16
71;52;6;2244;1
71;121;3;13;71
71;111;7;11222;1
71;17;6;5055;1
71;68;7;13777;1
71;17;7;44222;2
71;137;5;95;4
71;12;7;15333;2
71;25;7;95;11
71;61;7;23333;7
71;32;6;1213;5
71;138;7;12000;3
71;115;6;4511;1
71;66;6;2211;42
71;74;3;44;38
71;120;7;11111;1
71;120;7;12344;1
71;94;6;4410;1
71;100;6;2211;38
71;1;6;2210;2
71;135;3;44;54
71;135;6;1234;29
71;69;3;12;22
71;75;3;44;34
71;12;6;1233;14
71;64;6;1221;1
71;26;3;95;6
71;32;6;96;2
71;135;7;44222;3
71;75;7;44222;1
71;22;6;96;10
71;72;5;131;272
71;94;6;7070;1
71;93;3;95;2
71;24;3;13;176
71;102;6;4490;1
71;141;6;5588;1
71;12;6;4410;4
71;1;6;1331;1
71;10;5;131;108
71;18;5;131;133
71;64;6;1100;1
71;24;6;4444;1
71;90;6;1213;2
71;58;7;12114;29
71;111;6;1221;11
71;83;6;1299;1
71;27;6;1251;2
71;15;3;13;170
71;1;6;4488;1
71;18;7;13513;1
71;12;3;95;9
71;91;5;700;23
71;133;7;70670;1
71;133;7;12114;67
71;120;6;4003;1
71;144;7;45000;3
71;88;6;96;1
71;88;6;2210;1
71;20;6;1299;2
71;117;7;23192;1
71;84;7;12345;1
71;8;7;65123;2
71;52;7;22022;4
71;66;6;4455;1
71;119;7;50444;2
71;138;3;95;6
71;93;6;5511;1
71;118;5;96;8
71;73;6;1251;2
71;23;3;95;9
71;92;7;15151;27
71;17;3;80;1
71;53;3;44;47
71;110;6;1855;1
71;2;7;15151;1
71;28;6;2288;1
71;69;6;1221;1
71;1;6;1234;33
71;75;6;1456;1
71;82;7;23333;5
71;124;6;96;4
71;101;6;1533;2
71;25;3;95;5
71;105;6;4444;1
71;24;6;1533;18
71;2;6;2222;9
71;108;7;15120;1
71;113;6;4029;1
71;73;7;12114;81
71;1;7;14357;1
71;40;6;2200;1
71;111;3;95;8
71;23;6;8080;2
71;114;6;1234;36
71;91;6;4447;2
71;26;6;1333;1
71;82;6;4410;12
71;20;7;95;3
71;14;6;5517;1
71;145;6;5517;2
71;128;7;22022;5
71;18;7;44777;5
71;34;6;1533;8
71;110;7;96;7
71;2;7;12222;1
71;111;7;96;2
71;34;5;131;166
71;28;7;22777;3
71;96;7;12555;31
71;119;6;1323;1
71;111;3;13;109
71;26;5;96;24
71;72;7;45333;45
71;108;6;4447;32
71;32;6;1233;5
71;23;6;1221;5
71;22;7;65013;1
71;73;6;1221;1
71;110;5;131;170
71;145;7;12456;1
71;97;3;12;22
71;93;6;2225;1
71;88;7;12555;51
71;9;6;1233;8
71;57;7;15151;1
71;30;3;95;3
71;25;7;15120;5
71;64;6;1855;1
71;23;6;4455;1
71;40;7;22380;3
71;34;7;12333;1
71;119;7;12345;1
71;55;6;1512;1
71;22;7;13132;1
71;67;6;1234;8
71;67;6;1322;58
71;117;7;13131;1
71;91;6;5517;1
71;15;7;15888;4
71;98;6;1322;33
71;86;3;44;57
71;124;6;65;1
71;52;6;1292;3
71;83;7;12114;55
71;11;6;1221;22
71;58;6;1533;14
71;140;7;30000;1
71;28;6;5588;6
71;40;7;12000;2
71;11;7;45300;3
71;129;3;44;83
71;141;6;7070;3
71;117;6;2222;5
71;124;6;2200;2
71;34;6;95;2
71;61;7;15151;2
71;119;6;1292;1
71;119;7;44111;1
71;27;6;1299;9
71;72;6;1221;28
71;61;6;5555;2
71;125;6;1010;4
71;134;3;96;15
71;26;6;1251;1
71;93;6;1533;1
71;25;7;13777;1
71;133;6;7040;1
71;52;6;5050;3
71;134;6;1588;1
71;134;6;96;12
71;124;3;96;5
71;92;7;22147;6
71;15;6;1213;18
71;32;7;23333;1
71;101;6;1123;4
71;66;3;95;2
71;30;6;4447;11
71;94;7;65123;4
71;119;6;1234;55
71;124;3;16;1
71;125;7;65123;8
71;105;7;65123;21
71;119;6;2222;1
71;74;6;1232;1
71;11;7;95;4
71;94;7;95;2
71;111;7;44555;3
71;111;5;700;54
71;57;6;1010;1
71;83;7;23333;1
71;86;7;15555;4
71;16;7;15120;10
71;26;7;13111;2
71;58;7;22380;1
71;10;7;65123;1
71;106;7;15222;3
71;124;6;5533;2
71;7;7;12333;3
71;105;7;22022;1
71;74;6;1214;1
71;80;6;2200;2
71;24;7;50444;11
71;100;5;700;25
71;52;5;96;24
71;113;6;2211;29
71;114;6;4000;1
71;53;7;22022;1
71;107;6;5511;1
71;84;6;1123;3
71;23;6;1299;10
71;115;6;5511;3
71;93;6;96;2
71;129;6;1522;3
71;27;7;13789;1
71;138;7;65123;12
71;13;6;5517;5
71;28;6;12;3
71;28;6;14;1
71;28;6;22;1
71;28;6;44;2
71;28;6;51;1
71;28;7;11;1
71;28;7;12;5
71;28;7;13;14
71;28;7;15;2
71;28;7;22;1
71;28;7;33;1
71;28;7;43;1
71;136;7;12111;1
71;118;7;50500;7
71;120;7;12114;49
71;6;7;65123;8
71;27;7;15555;1
71;23;6;6565;1
71;129;6;2211;14
71;118;6;1234;39
71;86;6;1221;13
71;106;7;12111;8
71;1;7;13131;1
71;11;6;5511;3
71;66;7;12555;42
71;87;5;96;2
71;82;6;96;2
71;40;6;95;5
71;108;5;131;125
71;22;6;1533;29
71;17;7;95;12
71;75;5;95;3
71;18;6;1123;2
71;101;7;15222;56
71;27;7;15222;30
71;10;7;12114;43
71;28;6;2211;16
71;25;5;131;164
71;129;7;11111;1
71;93;5;96;23
71;108;6;1311;1
71;34;7;22222;1
71;34;7;44190;1
71;137;7;45333;2
71;91;6;7070;1
71;141;6;1522;5
71;13;6;2277;1
71;27;7;65123;5
71;128;6;1233;10
71;105;3;95;2
71;81;7;12114;39
71;100;7;45111;3
71;133;6;1333;2
71;57;3;16;1
71;138;7;15151;1
71;83;6;1522;2
71;111;7;45000;1
71;111;6;95;8
71;137;7;70670;4
71;137;7;12114;24
71;57;3;44;51
71;27;7;15120;9
71;119;6;5511;1
71;138;6;96;2
71;55;5;555;2
71;75;6;1111;1
71;75;7;95;3
71;138;6;1512;1
71;75;6;1533;13
71;6;6;12;3
71;40;6;7070;1
71;69;6;1213;1
71;102;7;44555;5
71;16;6;7070;4
71;16;7;13123;3
71;141;7;23333;4
71;108;7;15222;44
71;17;7;23333;10
71;66;6;1213;2
71;108;6;1531;1
71;83;7;13333;1
71;67;6;5013;2
71;130;5;96;14
71;27;7;15333;1
71;106;3;12;24
71;2;6;4447;5
71;67;7;15222;3
71;57;7;22111;2
71;61;7;12555;14
71;130;3;12;9
71;13;3;95;8
71;70;3;96;5
71;106;7;13333;5
71;81;3;95;3
71;129;3;13;139
71;136;6;2200;1
71;124;7;44111;1
71;120;7;12;1
71;120;7;13;3
71;120;7;44;1
71;140;6;1544;1
71;111;7;65123;69
71;124;6;1533;9
71;16;6;1313;1
71;137;6;5588;2
71;55;7;55055;1
71;52;7;13111;5
71;118;6;1522;2
71;39;7;44222;1
71;100;3;12;10
71;34;6;4003;1
71;26;3;12;13
71;73;5;555;1
71;135;7;22022;1
71;117;6;1123;1
71;12;6;4029;4
71;15;7;44222;1
71;58;7;22678;1
71;66;6;4456;1
71;121;6;1234;24
71;22;6;1313;2
71;64;7;96;3
71;92;7;23192;1
71;124;6;10;1
71;124;6;12;3
71;124;6;13;1
71;124;6;15;1
71;124;6;23;1
71;124;6;45;1
71;2;3;13;152
71;124;3;13;99
71;69;7;44190;1
71;133;6;2277;4
71;124;7;15555;3
71;136;6;2222;5
71;31;7;22022;2
71;92;6;1322;9
71;17;6;4456;2
71;16;7;10000;1
71;105;3;96;9
71;98;7;22022;1
71;25;6;1100;1
71;88;6;1531;1
71;13;6;95;10
71;13;7;45000;1
71;117;6;1213;7
71;120;6;1213;2
71;145;3;95;6
71;14;3;95;5
71;32;6;2277;4
71;130;6;1221;16
71;58;3;12;8
71;1;7;50444;3
71;138;7;15222;34
71;73;6;1233;13
71;7;6;1213;6
71;55;6;4447;9
71;132;6;1155;2
71;124;7;65123;6
71;134;7;15888;29
71;134;7;13456;1
71;84;7;44555;22
71;84;5;700;53
71;91;7;15888;2
71;30;6;4040;1
71;30;7;13222;9
71;135;3;12;11
71;73;6;12;2
71;73;6;13;1
71;73;6;14;1
71;73;6;15;1
71;73;6;23;1
71;15;7;50500;2
71;28;7;50444;7
71;28;7;15555;1
71;102;6;2222;3
71;12;6;6565;2
71;16;6;1016;1
71;67;3;96;3
71;52;6;4477;11
71;133;7;10444;4
71;105;7;15151;2
71;72;7;12555;25
71;22;7;10000;1
71;111;7;15888;8
71;91;7;15151;3
71;34;7;12555;23
71;115;7;55100;4
71;114;7;15120;3
71;31;6;4488;1
71;134;7;43210;1
71;144;6;1533;5
71;53;6;65;1
71;53;7;11;1
71;53;7;13;4
71;53;7;15;1
71;53;7;36;1
71;53;7;44;2
71;9;6;12;9
71;9;6;13;3
71;9;6;22;1
71;9;7;12;2
71;9;7;13;7
71;9;7;15;3
71;9;7;43;1
71;9;7;44;1
71;9;7;45;2
71;24;5;95;8
71;57;6;1322;18
71;102;7;70123;1
71;102;5;700;34
71;141;7;44555;1
71;141;7;70123;3
71;141;5;700;22
71;118;6;4029;2
71;84;6;4029;3
71;92;6;4406;1
71;90;6;1533;10
71;13;6;2244;1
71;91;7;44555;5
71;68;6;1333;1
71;141;7;95;7
71;110;7;50444;3
71;39;3;95;1
71;52;6;4456;2
71;134;6;1234;34
71;24;6;4477;11
71;55;3;12;12
71;22;6;6565;3
71;140;6;96;5
71;132;6;4410;3
71;102;3;96;11
71;119;6;5517;1
71;26;7;13133;1
71;6;6;4477;11
71;118;7;45333;1
71;132;7;50500;2
71;132;7;55100;4
71;58;7;15123;1
71;53;7;55888;1
71;24;6;5055;1
71;70;3;13;101
71;66;6;6565;1
71;17;6;4029;7
71;125;7;23190;2
71;110;7;12456;1
71;135;6;1333;4
71;94;6;2222;1
71;86;6;2211;14
71;28;6;4477;9
71;26;7;13132;1
71;25;7;13111;1
71;102;6;2255;1
71;140;7;22022;1
71;32;6;4447;17
71;67;3;95;5
71;110;6;4410;1
71;18;6;2200;1
71;107;3;96;11
71;91;7;45333;2
71;100;5;96;15
71;23;7;15120;3
71;23;7;15888;10
71;114;6;4029;2
71;94;7;15333;1
71;94;6;1221;4
71;134;7;12100;1
71;140;6;1313;1
71;120;6;1533;6
71;133;6;1533;14
71;11;6;1222;1
71;11;6;1234;34
71;32;6;1123;4
71;141;6;5511;3
71;84;3;12;14
71;39;6;2222;3
71;6;6;13;2
71;2;6;14;1
71;2;6;15;1
71;2;6;44;1
71;2;7;11;1
71;2;7;12;11
71;2;7;13;11
71;2;7;15;1
71;2;7;22;1
71;2;7;44;1
71;113;5;95;13
71;2;7;45;1
71;2;7;55;1
71;129;7;15888;8
71;57;6;4488;1
71;102;6;95;9
71;141;6;95;7
71;137;6;4447;3
71;28;7;44333;1
71;96;6;96;4
71;128;7;15222;35
71;53;3;96;8
71;130;6;4040;4
71;130;7;13222;22
71;53;6;13;1
71;53;6;12;4
71;53;6;15;1
71;53;6;19;1
71;27;3;80;1
71;27;6;1322;28
71;25;5;96;15
71;133;6;7070;7
71;130;7;12222;1
71;86;6;4477;40
71;30;6;1533;4
71;10;7;12555;11
71;137;7;15555;2
71;24;6;8080;1
71;34;6;2211;25
71;16;7;45333;3
71;141;3;13;96
71;121;7;44555;7
71;121;5;700;19
71;30;5;131;161
71;100;6;4477;1
71;120;6;95;4
71;120;7;45000;7
71;144;7;45111;6
71;111;7;12112;1
71;130;7;45333;4
71;40;6;1299;7
71;101;7;45333;13
71;130;3;95;7
71;124;3;95;5
71;129;6;1221;5
71;22;7;65700;1
71;80;5;96;14
71;16;6;4567;1
71;25;6;4029;5
71;57;6;6565;2
71;26;6;4511;1
71;94;7;15120;2
71;22;6;4490;1
71;22;6;5588;2
71;130;6;5588;3
71;16;6;5517;3
71;113;7;44027;1
71;57;6;2220;1
71;144;6;1322;12
71;22;7;44;1
71;22;7;45;1
71;22;7;55;1
71;22;7;70;3
71;136;6;5599;1
71;13;6;1234;40
71;13;6;4411;1
71;14;6;1221;9
71;141;6;5055;1
71;39;5;131;121
71;111;6;1213;2
71;92;5;131;177
71;14;6;5511;2
71;30;7;12114;54
71;7;3;80;1
71;98;6;4447;4
71;20;7;12345;1
71;22;7;12222;1
71;22;7;70345;1
71;6;7;23333;4
71;15;3;95;8
71;129;6;1322;68
71;12;7;12345;1
71;7;7;96;6
71;110;6;1251;2
71;32;7;22777;4
71;15;7;22555;1
71;130;6;1213;12
71;119;7;13222;18
71;61;7;12120;1
71;15;7;55888;1
71;105;6;2222;1
71;100;6;1522;7
71;94;3;96;6
71;134;7;50444;4
71;20;6;7040;1
71;136;6;1533;23
71;25;7;22022;2
71;9;7;15555;1
71;107;7;45333;1
71;61;6;1221;9
71;119;6;1313;1
71;11;5;95;6
71;113;3;95;10
71;22;6;2222;13
71;133;6;95;6
71;91;7;22111;1
71;64;7;45222;1
71;138;6;4477;29
71;39;6;4410;1
71;55;5;131;163
71;11;7;55100;5
71;115;7;22022;1
71;136;6;4477;19
71;114;6;7078;1
71;117;3;13;141
71;93;7;11;1
71;93;7;12;7
71;93;7;13;11
71;93;7;45;1
71;93;7;70;2
71;93;7;80;1
71;93;6;11;1
71;93;6;12;4
71;93;6;13;1
71;93;6;21;1
71;93;6;22;1
71;93;6;44;2
71;93;6;51;1
71;17;6;4490;1
71;17;6;5588;3
71;70;7;12114;27
71;135;7;15331;1
71;2;6;12;5
71;81;6;95;2
71;134;6;2299;1
71;57;6;1251;5
71;12;7;10444;1
71;17;6;1512;1
71;24;6;95;11
71;24;7;45000;4
71;86;3;13;81
71;15;7;22111;2
71;106;6;5588;1
71;53;6;5533;3
71;114;6;4444;2
71;83;6;2211;5
71;8;6;1123;2
71;136;6;7070;3
71;92;6;11;1
71;92;6;12;7
71;66;7;13222;14
71;26;6;4000;1
71;73;7;11;1
71;73;7;12;8
71;73;7;13;14
71;73;7;15;2
71;73;7;45;2
71;73;7;70;1
71;23;7;15555;5
71;53;7;13222;25
71;13;6;5044;1
71;83;6;4029;1
71;14;6;1100;2
71;124;6;7070;2
71;30;7;12333;1
71;129;6;1533;20
71;67;6;4477;20
71;52;6;7040;1
71;115;6;95;3
71;115;7;45000;6
71;7;7;12114;37
71;26;6;1222;2
71;26;6;1234;38
71;6;6;4447;5
71;53;6;2255;1
71;125;6;5511;2
71;34;5;555;1
71;74;5;96;10
71;125;7;45111;2
71;22;7;44222;2
71;113;6;96;3
71;132;7;45111;3
71;18;6;4422;1
71;10;7;13222;1
71;13;7;45333;4
71;2;7;50180;1
71;101;7;12112;1
71;17;7;12000;2
71;114;7;55055;1
71;125;6;5050;1
71;53;5;96;17
71;101;6;4029;1
71;13;7;44222;2
71;61;7;44777;1
71;28;7;10123;1
71;34;6;4447;15
71;92;7;12555;41
71;9;6;5517;1
71;52;7;15777;1
71;75;6;2211;25
71;84;6;4511;1
71;130;6;1533;19
71;100;7;12444;1
71;120;7;13222;9
71;119;6;2277;1
71;134;7;12144;1
71;32;7;15333;15
71;117;6;1292;1
71;15;6;4455;1
71;75;7;44555;9
71;75;5;700;20
71;28;6;5050;1
71;16;7;22111;2
71;133;7;11;1
71;133;7;12;5
71;12;7;13111;3
71;40;6;4029;3
71;28;7;95;11
71;93;7;12111;1
71;141;7;50444;7
71;124;7;11444;1
71;117;7;95;5
71;140;6;1222;2
71;140;6;1234;27
71;92;7;11444;1
71;83;7;15120;1
71;92;6;1222;1
71;7;6;1234;23
71;102;7;15757;1
71;25;6;1233;3
71;29;6;95;2
71;66;6;1522;9
71;125;6;12;1
71;125;6;13;1
71;125;6;44;1
71;125;6;45;1
71;125;6;70;1
71;96;7;15757;4
71;16;6;2220;3
71;31;6;2200;1
71;135;7;13456;3
71;135;7;15888;8
71;61;3;44;68
71;58;6;5133;1
71;119;7;55100;1
71;114;6;1533;15
71;83;6;1233;1
71;10;5;555;1
71;1;6;1533;20
71;137;6;1232;1
71;82;6;13;3
71;82;6;12;7
71;82;6;21;1
71;82;6;23;1
71;28;6;7070;2
71;134;6;4411;1
71;119;7;22777;2
71;31;6;1299;1
71;97;7;45000;1
71;15;6;2288;1
71;111;6;4411;1
71;81;6;1234;13
71;55;5;96;20
71;144;7;13222;3
71;28;6;1322;25
71;40;6;1313;1
71;98;7;95;1
71;113;7;12555;30
71;58;6;1299;4
71;128;7;44777;2
71;125;7;13222;14
71;97;3;96;4
71;29;3;44;37
71;31;7;90192;1
71;34;3;12;9
71;121;7;22222;1
71;20;6;2200;2
71;137;6;1100;2
71;2;6;5050;1
71;119;3;95;2
71;2;6;1277;1
71;73;7;13222;35
71;73;6;4040;2
71;20;5;555;3
71;132;7;15888;7
71;100;7;15151;1
71;128;6;4410;11
71;22;6;1522;9
71;12;6;2288;1
71;31;7;15888;8
71;111;3;12;9
71;73;6;5050;1
71;66;7;12111;1
71;20;6;4447;4
71;55;6;96;8
71;111;7;55123;1
71;110;6;4456;2
71;11;6;4029;1
71;9;7;96;4
71;31;7;15123;1
71;74;6;5511;3
71;1;5;131;138
71;20;6;1123;2
71;28;6;95;9
71;15;6;2211;18
71;23;6;4029;6
71;80;7;50444;4
71;9;6;5050;2
71;133;6;96;4
71;117;6;4477;14
71;82;6;2277;1
71;26;7;15888;8
71;130;7;15120;7
71;121;5;555;2
71;13;6;1233;15
71;81;6;1233;2
71;136;7;12114;68
71;57;6;3333;1
71;102;6;4040;3
71;102;7;13222;9
71;90;6;4029;1
71;82;7;44555;15
71;82;5;700;47
71;137;6;1251;6
71;110;7;12114;56
71;115;6;4477;27
71;32;3;96;8
71;1;6;1251;3
71;102;6;2200;1
71;100;6;1123;10
71;68;3;96;7
71;83;7;15555;1
71;6;6;1214;1
71;17;7;45413;2
71;1;3;44;47
71;136;7;95;7
71;61;6;1322;33
71;13;6;4477;11
71;87;6;2277;1
71;55;7;15331;2
71;132;6;95;10
71;24;7;22111;1
71;132;6;5055;1
71;61;6;4456;2
71;91;7;15757;1
71;133;7;23333;4
71;81;6;4447;45
71;16;7;12345;1
71;27;6;4422;1
71;6;7;50444;3
71;114;5;95;1
71;128;5;96;14
71;129;7;15120;1
71;53;7;50444;2
71;57;6;5517;2
71;145;7;55555;1
71;128;7;22678;2
71;128;7;22222;3
71;128;7;44190;2
71;96;7;96;2
71;107;6;1522;1
71;129;7;44222;1
71;110;3;13;148
71;61;5;96;26
71;15;6;7012;1
71;88;7;50500;2
71;26;6;4410;6
71;55;6;2277;2
71;140;6;1522;17
71;72;6;5588;4
71;100;6;7070;1
71;115;7;23190;1
71;15;7;23190;1
71;107;7;11111;1
71;67;6;1311;2
71;52;6;4567;1
71;75;6;2288;1
71;105;7;45333;3
71;117;5;96;12
71;25;7;15222;32
71;138;3;44;49
71;140;6;1221;5
71;29;7;12555;16
71;145;7;45000;1
71;144;6;1522;37
71;134;7;23333;7
71;64;7;23333;26
71;8;6;1588;1
71;8;6;96;1
71;91;7;65123;5
71;135;7;12;2
71;135;7;13;15
71;107;7;22777;1
71;125;3;96;9
71;141;6;2222;2
71;132;7;13111;1
71;135;6;1322;35
71;128;6;95;13
71;28;7;22022;4
71;16;3;95;11
71;135;7;22555;1
71;141;6;4447;3
71;1;7;22380;1
71;40;7;44555;4
71;40;5;700;23
71;82;5;555;2
71;27;3;95;7
71;94;3;95;2
71;113;6;95;5
71;130;6;1588;1
71;130;6;96;6
71;40;6;5517;1
71;69;6;1111;1
71;32;7;12888;1
71;32;7;13333;2
71;12;6;96;10
71;9;7;12333;1
71;145;6;1313;1
71;83;6;1123;1
71;137;7;15151;4
71;130;7;23333;6
71;82;7;12114;81
71;81;3;13;97
71;28;7;45111;6
71;101;3;44;29
71;135;7;13222;15
71;80;7;65123;16
71;9;7;55100;1
71;129;3;96;6
71;32;6;4444;1
71;94;7;13456;1
71;94;7;15888;9
71;115;6;1010;1
71;132;7;23190;1
71;129;7;12111;1
71;39;3;12;6
71;117;6;4410;8
71;92;3;12;32
71;101;6;3333;1
71;83;7;45111;3
71;16;6;1299;14
71;111;6;1251;1
71;145;6;2222;6
71;137;7;13123;1
71;118;6;1322;11
71;53;7;22777;1
71;52;7;50444;9
71;2;7;55555;1
71;58;5;96;12
71;137;6;96;2
71;100;7;15120;4
71;106;7;45111;1
71;64;7;33123;1
71;124;7;15888;5
71;128;6;5050;2
71;128;6;1299;11
71;129;6;4410;2
71;16;6;1123;4
71;34;6;1522;36
71;72;6;1111;1
71;6;5;95;2
71;7;6;1251;4
71;8;6;1221;3
71;9;6;4447;34
71;114;6;11;2
71;114;6;12;2
71;114;6;15;2
71;114;6;44;1
71;114;6;45;1
71;114;7;12;4
71;114;7;13;5
71;114;7;45;2
71;114;7;65;2
71;26;6;4456;1
71;11;6;1123;1
71;12;7;22111;2
71;1;7;44555;7
71;1;5;700;31
71;125;6;1213;11
71;137;6;5555;1
71;61;6;1520;4
71;141;7;12114;24
71;16;6;4029;5
71;87;7;12114;32
71;124;7;70222;1
71;92;7;12333;2
71;88;7;12333;5
71;13;6;1221;9
71;29;5;95;5
71;114;7;12114;30
71;121;6;1123;7
71;30;7;95;2
71;55;6;5013;1
71;113;3;44;45
71;15;6;1313;2
71;52;3;12;10
71;57;6;1533;14
71;34;6;1299;2
71;124;7;14357;1
71;2;7;22022;4
71;118;3;12;24
71;135;7;15333;1
71;15;7;13133;1
71;24;3;80;1
71;107;3;44;47
71;9;7;13222;4
71;24;7;15333;1
71;144;7;45333;35
71;108;6;12;3
71;108;6;13;1
71;108;6;15;1
71;88;6;4029;10
71;13;6;12;3
71;13;6;13;1
71;13;6;15;1
71;13;6;44;1
71;13;6;55;1
71;73;5;95;6
71;20;7;15151;1
71;57;7;12123;1
71;67;6;1221;14
71;120;5;700;30
71;125;3;95;6
71;86;7;12144;1
71;120;5;131;108
71;8;3;13;95
71;84;7;50444;6
71;137;7;55100;1
71;53;6;5588;4
71;6;5;131;112
71;119;6;2299;1
71;55;7;12222;2
71;55;7;70345;1
71;138;6;7070;2
71;91;6;4477;16
71;132;6;4000;1
71;96;7;15333;1
71;68;6;4455;1
71;111;6;11;1
71;111;6;13;3
71;111;6;65;2
71;111;7;11;1
71;111;7;12;1
71;111;7;13;12
71;111;7;45;1
71;111;7;65;1
71;111;7;70;4
71;2;7;23333;3
71;130;7;45111;10
71;57;6;1100;2
71;83;7;33200;1
71;70;7;70000;1
71;111;6;4447;11
71;28;7;15222;25
71;140;7;15888;7
71;136;7;15333;2
71;70;5;131;125
71;25;6;1533;16
71;52;6;1251;3
71;8;6;95;4
71;128;7;12114;41
71;14;6;1533;2
71;124;7;50444;2
71;55;7;12123;1
71;58;5;95;1
71;105;3;13;145
71;74;6;96;1
71;136;7;22777;2
71;100;6;1234;39
71;24;6;1214;1
71;31;7;23456;1
71;117;7;44123;1
71;40;7;15;2
71;40;7;19;1
71;40;7;22;1
71;40;7;23;1
71;40;7;44;1
71;74;5;700;27
71;25;7;50444;5
71;136;7;12120;1
71;135;6;5517;1
71;23;7;33123;1
71;84;3;95;7
71;90;6;5517;3
71;121;6;96;1
71;93;6;7070;1
71;16;7;33123;1
71;24;6;1292;2
71;140;6;2222;6
71;39;6;1522;6
71;128;6;4456;12
71;119;7;22222;1
71;119;7;44190;1
71;32;6;4410;4
71;108;7;50555;1
71;86;6;4410;1
71;39;6;12;2
71;39;6;13;3
71;39;7;11;1
71;39;7;12;3
71;39;7;13;5
71;39;7;19;1
71;39;7;22;1
71;132;7;12114;50
71;1;6;12;5
71;102;7;10123;1
71;128;6;4444;1
71;92;6;1221;37
71;26;6;1313;2
71;101;6;95;1
71;98;3;12;9
71;83;7;15888;1
71;32;7;95;5
71;135;6;4510;1
71;6;6;5013;1
71;134;6;4410;7
71;64;6;4410;4
71;119;6;1322;34
71;140;5;95;11
71;55;6;7070;3
71;69;6;1353;1
71;108;5;160;1
71;140;6;2211;12
71;101;7;45222;1
71;16;7;22380;1
71;16;7;44333;1
71;101;5;555;1
71;106;3;44;30
71;23;5;96;22
71;40;7;44111;1
71;102;5;131;207
71;7;3;95;5
71;2;6;1133;1
71;136;6;1233;2
71;53;7;22222;2
71;18;7;15888;9
71;90;7;96;6
71;128;6;1313;2
71;66;6;2313;1
71;52;6;2299;1
71;57;7;22222;2
71;25;6;96;8
71;26;6;1100;2
71;121;7;12999;1
71;108;7;45111;4
71;144;3;13;53
71;128;6;2255;1
71;102;7;15222;13
71;13;7;12555;3
71;20;7;65123;11
71;117;5;700;46
71;13;6;5050;1
71;134;6;4477;23
71;64;6;4477;5
71;92;6;1955;1
71;12;6;1010;1
71;12;6;4456;4
71;24;7;15555;2
71;82;6;4490;1
71;25;7;44222;1
71;40;6;1522;6
71;40;6;2201;1
71;22;6;5055;1
71;22;7;55055;1
71;7;7;45111;1
71;13;5;95;13
71;81;5;95;3
71;2;6;5517;3
71;84;7;70;3
71;97;6;1213;1
71;106;6;1221;18
71;98;3;95;1
71;24;7;13111;1
71;129;6;2222;6
71;64;6;1234;33
71;94;7;23190;2
71;141;6;1322;23
71;114;6;6565;3
71;101;6;1322;20
71;100;6;6565;1
71;88;7;12222;1
71;135;7;15120;2
71;75;7;15120;1
71;22;5;95;16
71;114;3;44;37
71;74;7;55123;1
71;22;6;1221;4
71;128;7;13333;2
71;28;7;13777;2
71;17;7;23192;1
71;92;7;45333;3
71;52;6;4410;6
71;53;6;4422;1
71;136;7;33123;1
71;98;7;13333;1
71;135;7;12333;1
71;20;6;5517;1
71;22;6;1251;3
71;22;7;14888;1
71;100;6;1212;1
71;32;7;44543;1
71;67;6;2299;1
71;31;7;44888;1
71;130;7;65123;5
71;128;7;44333;1
71;118;7;50444;1
71;40;7;22022;1
71;135;6;1010;1
71;108;7;50500;1
71;108;7;55100;3
71;64;7;22222;3
71;118;3;13;74
71;128;6;1588;1
71;30;7;23333;3
71;25;7;12555;12
71;25;7;22222;6
71;25;7;44190;2
71;58;6;1213;8
71;13;7;13333;2
71;31;6;4029;3
71;128;6;1100;2
71;69;6;4444;1
71;1;7;95;6
71;134;7;44444;1
71;22;6;7070;1
71;73;6;5577;1
71;82;6;1533;33
71;129;7;12333;4
71;61;6;4477;16
71;141;6;4029;3
71;129;5;700;49
71;23;7;70345;2
71;66;5;96;11
71;136;6;1333;1
71;68;7;22777;2
71;31;6;1533;11
71;117;7;12114;59
71;117;7;70670;1
71;80;6;1221;1
71;18;6;2220;2
71;90;7;15222;17
71;24;6;6565;2
71;23;3;12;9
71;72;7;50444;2
71;110;7;12333;8
71;73;7;15333;2
71;136;7;23190;1
71;97;3;13;125
71;137;6;1221;6
71;115;7;12222;1
71;124;7;10123;2
71;70;7;13;10
71;70;7;11;2
71;70;7;12;4
71;70;7;15;1
71;70;7;22;1
71;70;7;44;3
71;70;7;70;3
71;100;7;44777;1
71;6;7;44555;3
71;6;5;700;36
71;16;5;555;3
71;32;6;1234;51
71;32;6;4411;1
71;100;7;23333;2
71;110;5;95;8
71;136;6;6565;1
71;128;3;44;90
71;66;5;131;169
71;106;6;1234;60
71;9;6;1251;1
71;115;6;1100;1
71;15;7;13220;1
71;57;6;1313;1
71;2;5;95;17
71;115;7;95;6
71;34;6;1313;1
71;92;7;15333;1
71;107;6;1255;1
71;111;6;1233;3
71;10;6;2222;2
71;93;6;1233;1
71;61;6;96;9
71;31;6;2222;3
71;29;6;5517;2
71;72;7;15888;11
71;111;6;12;2
71;124;7;33123;1
71;108;7;44777;1
71;23;7;45333;1
71;144;7;13;5
71;144;7;15;2
71;144;7;45;1
71;144;6;12;1
71;27;5;95;11
71;124;7;12333;2
71;102;6;5517;1
71;29;6;5055;1
71;29;7;11222;1
71;137;6;1333;2
71;70;6;4455;1
71;135;6;4511;1
71;6;6;5522;1
71;6;6;95;2
71;6;7;45000;3
71;10;3;12;10
71;140;7;15555;14
71;117;6;5588;3
71;22;6;4477;11
71;9;6;2220;4
71;133;6;1299;8
71;138;7;50444;1
71;1;7;13333;2
71;133;3;96;10
71;12;3;12;20
71;57;7;65123;6
71;98;7;15555;4
71;130;5;95;7
71;31;5;95;7
71;107;7;12555;16
71;119;7;14714;1
71;110;6;1233;8
71;25;6;1221;5
71;57;6;1233;3
71;32;6;2299;1
71;90;5;131;100
71;16;7;11999;1
71;22;6;1292;1
71;17;7;65013;3
71;93;7;12222;4
71;12;5;96;27
71;140;6;8080;1
71;94;3;44;25
71;20;7;13777;4
71;72;7;96;6
71;14;7;40101;1
71;30;6;1123;2
71;25;6;4447;5
71;58;7;36;1
71;58;7;44;1
71;58;7;65;1
71;58;6;12;4
71;58;6;13;1
71;58;6;14;1
71;57;7;12345;1
71;74;6;1322;44
71;92;6;1155;1
71;81;6;1299;9
71;28;6;2277;2
71;130;6;1299;7
71;66;7;13777;1
71;119;7;65013;1
71;144;7;95;1
71;91;7;23333;3
71;10;3;95;2
71;110;6;2277;2
71;117;7;12000;1
71;55;7;12114;49
71;100;3;13;105
71;106;6;1123;4
71;119;3;96;10
71;26;7;55333;1
71;17;7;70222;1
71;53;7;12111;1
71;1;6;2211;16
71;7;6;4456;1
71;32;7;50444;1
71;94;7;55100;2
71;11;3;13;128
71;108;7;50444;3
71;132;7;13132;1
71;12;6;1234;34
71;2;7;50444;3
71;91;7;15222;16
71;31;7;65123;6
71;124;7;12600;1
71;138;7;12144;1
71;83;7;15333;1
71;80;5;95;8
71;145;7;15120;8
71;23;6;95;15
71;81;6;4477;6
71;137;6;2220;1
71;20;6;4477;6
71;137;6;1313;1
71;114;6;2277;1
71;80;7;15888;8
71;86;3;12;11
71;101;6;2211;36
71;2;7;96;11
71;130;7;22022;2
71;134;6;4490;1
71;134;6;5588;5
71;55;6;1533;15
71;100;7;22222;1
71;115;6;5517;1
71;100;7;70123;1
71;13;7;12345;1
71;13;7;65013;1
71;137;3;96;4
71;34;6;1221;36
71;13;5;131;187
71;73;3;96;5
71;10;7;45333;1
71;110;3;95;7
71;124;6;1313;1
71;87;6;1234;32
71;115;6;4490;2
71;115;6;5588;15
71;55;6;2210;2
71;16;3;12;11
71;124;6;5511;6
71;12;7;12222;1
71;61;6;4029;6
71;133;7;95;9
71;57;7;15333;1
71;64;7;12555;25
71;117;3;96;5
71;132;7;50444;8
71;30;6;4477;2
71;83;7;13222;2
71;124;6;2222;6
71;53;7;15757;1
71;128;7;13777;2
71;105;5;95;1
71;12;7;23190;2
71;15;7;15120;9
71;61;7;96;14
71;17;6;2929;1
71;102;7;65000;1
71;26;7;15333;1
71;17;7;12555;10
71;29;6;96;2
71;16;6;5555;1
71;53;3;95;2
71;80;6;1251;2
71;140;7;12114;42
71;125;5;95;8
71;52;7;13123;1
71;57;6;1299;11
71;73;7;15222;43
71;58;3;44;50
71;119;7;15222;34
71;24;6;5555;1
71;119;6;1233;4
71;40;7;12114;44
71;13;6;1100;1
71;110;7;15333;1
71;25;3;12;6
71;128;6;5511;6
71;30;6;96;6
71;13;6;4029;5
71;81;6;4029;3
71;82;6;7070;2
71;91;6;2200;1
71;1;6;4040;2
71;39;7;22777;1
71;81;7;15222;49
71;30;6;95;2
71;25;5;95;12
71;26;6;4022;1
71;25;6;1313;1
71;117;6;1322;30
71;105;6;1177;1
71;73;7;12555;18
71;7;6;1322;18
71;32;7;45333;2
71;136;6;1299;4
71;91;6;5588;5
71;94;7;22111;1
71;17;6;1234;36
71;30;6;5588;1
71;10;7;22022;1
71;120;6;4444;1
71;134;7;96;14
71;137;6;1522;3
71;58;7;90192;1
71;82;6;5050;1
71;34;6;1213;2
71;138;5;131;145
71;81;6;1311;1
71;2;7;55111;1
71;52;6;1299;7
71;132;6;2211;11
71;120;6;1234;48
71;32;7;55100;1
71;137;6;1255;1
71;17;6;1251;6
71;15;6;1100;4
71;6;6;2211;14
71;93;5;555;1
71;136;6;4444;1
71;12;7;22777;1
71;25;6;4040;3
71;67;7;55100;1
71;24;6;5533;1
71;118;6;5517;1
71;83;7;13;4
71;83;7;45;1
71;2;6;23;1
71;2;6;13;4
71;105;6;13;2
71;75;5;96;16
71;114;6;2211;1
71;57;6;1221;3
71;97;7;55100;2
71;39;6;1221;4
71;136;3;21;1
71;105;6;95;5
71;129;6;95;3
71;136;7;23192;1
71;128;6;2210;3
71;128;6;1333;1
71;20;6;1234;23
71;18;5;96;10
71;12;7;22;1
71;15;6;4456;1
71;121;6;4410;10
71;114;7;11113;1
71;91;3;44;46
71;58;7;23333;6
71;101;7;13131;1
71;9;6;4477;4
71;24;6;96;4
71;110;6;5050;1
71;17;7;44111;1
71;80;7;12114;23
71;39;7;13111;2
71;16;7;13132;1
71;58;3;95;1
71;28;6;1522;9
71;137;7;13333;1
71;12;7;44;1
71;12;7;45;2
71;12;7;70;3
71;12;6;11;2
71;12;6;12;2
71;12;6;13;2
71;12;6;21;1
71;12;6;45;1
71;12;6;55;1
71;12;6;65;1
71;130;7;23190;3
71;16;6;2288;3
71;18;6;96;1
71;25;7;13132;1
71;72;5;95;5
71;136;7;12555;18
71;94;7;13111;2
71;84;6;1313;1
71;15;6;1221;7
71;68;7;12112;1
71;72;6;96;7
71;13;7;22222;5
71;81;7;65700;1
71;105;7;65013;1
71;2;7;15333;6
71;70;6;4511;1
71;121;3;96;3
71;86;6;1322;7
71;117;6;7013;2
71;22;7;22222;6
71;68;6;4477;19
71;34;7;45300;2
71;86;6;1522;8
71;106;6;7070;1
71;24;6;5588;2
71;24;6;4490;1
71;1;6;6565;1
71;82;6;4040;1
71;39;7;22111;1
71;144;7;15222;14
71;17;7;50500;3
71;17;7;55100;5
71;90;5;96;15
71;70;6;4411;1
71;124;7;15330;1
71;26;6;1213;15
71;114;6;96;5
71;121;7;96;2
71;82;7;15333;20
71;11;6;1322;18
71;136;3;13;165
71;24;7;12456;2
71;24;7;15123;1
71;2;7;13456;2
71;107;7;13222;23
71;11;3;96;10
71;145;7;65123;12
71;18;6;95;1
71;136;6;11;1
71;136;6;12;3
71;136;6;13;4
71;136;6;15;1
71;136;6;40;1
71;136;6;44;1
71;136;6;50;1
71;132;6;1520;2
71;132;7;50555;1
71;39;6;1123;2
71;16;7;15222;24
71;136;7;44222;1
71;128;6;1533;26
71;58;7;12555;11
71;91;6;1234;35
71;134;7;12555;11
71;93;3;12;16
71;58;7;96;4
71;115;3;95;4
71;26;7;15151;3
71;144;7;15888;3
71;101;6;4410;2
71;55;6;1100;2
71;138;7;22555;1
71;124;7;12220;1
71;2;5;555;2
71;27;3;12;8
71;57;6;4040;1
71;57;7;13222;14
71;117;6;5050;1
71;66;6;1322;1
71;129;7;45333;1
71;31;6;1123;2
71;67;7;95;7
71;7;6;1123;2
71;107;5;95;3
71;20;6;1255;1
71;17;7;65123;9
71;12;3;96;16
71;17;7;15120;9
71;135;6;4040;1
71;29;6;1322;14
71;91;7;55100;5
71;13;7;50444;6
71;81;7;50444;1
71;120;6;4410;8
71;101;6;1213;1
71;1;7;23333;6
71;106;6;2211;49
71;145;5;131;182
71;17;6;1213;17
71;2;7;15555;1
71;141;7;13111;1
71;26;6;96;7
71;80;7;95;6
71;55;6;1212;1
71;20;6;95;3
71;137;6;4477;5
71;119;5;95;3
71;74;6;2201;1
71;61;7;50500;2
71;61;7;55100;4
71;66;7;15151;11
71;17;7;12;2
71;17;7;13;9
71;93;7;12333;1
71;98;5;700;9
71;12;6;1533;17
71;106;6;4088;1
71;25;6;2277;3
71;16;6;1333;2
71;23;6;1100;3
71;96;7;22777;1
71;58;7;45111;6
71;145;6;1299;4
71;110;7;23999;1
71;124;6;5517;1
71;22;6;5050;1
71;11;6;4447;10
71;8;7;22222;1
71;1;7;12114;39
71;61;6;1122;1
71;88;6;4447;1
71;52;7;45413;1
71;2;3;21;1
71;52;7;10123;1
71;130;7;22111;8
71;130;7;15888;16
71;32;3;12;12
71;18;7;70123;1
71;18;5;700;21
71;88;7;65123;7
71;53;7;45111;2
71;11;6;1522;36
71;137;6;4410;1
71;140;6;1299;4
71;12;6;1100;3
71;39;7;96;6
71;31;6;96;3
71;67;6;1213;7
71;70;7;50444;1
71;14;7;13131;1
71;129;7;12522;1
71;119;6;6565;3
71;84;5;96;24
71;6;6;2210;6
71;115;6;5050;3
71;29;7;65123;2
71;90;6;95;4
71;34;7;95;4
71;118;6;95;3
71;20;6;4040;1
71;9;6;1234;51
71;75;3;96;8
71;132;6;1221;10
71;8;7;96;3
71;16;7;44777;1
71;114;7;33456;1
71;15;6;1299;6
71;119;7;55888;1
71;25;6;2200;1
71;20;6;7013;1
71;138;7;12345;1
71;119;6;1123;5
71;52;6;4000;1
71;7;6;4447;5
71;111;7;95;8
71;40;6;1234;31
71;133;7;55100;5
71;135;6;4477;12
71;13;7;95;13
71;145;6;4029;3
71;20;7;22678;2
71;130;6;5511;4
71;61;6;5517;2
71;86;6;95;5
71;140;6;4040;2
71;2;7;15888;2
71;72;7;23333;2
71;18;5;95;1
71;117;6;1520;1
71;20;7;12333;6
71;34;3;96;6
71;28;6;1299;11
71;121;7;40222;1
71;61;6;7070;2
71;129;6;4422;1
71;84;7;33321;1
71;24;7;15151;2
71;105;3;44;50
71;119;6;1213;9
71;93;6;4447;3
71;67;7;12123;1
71;132;6;7040;1
71;32;7;96;3
71;128;7;22111;7
71;2;6;1520;1
71;134;6;1221;1
71;100;6;11;1
71;100;6;13;3
71;100;7;12;1
71;55;7;23333;7
71;121;7;45111;9
71;87;3;13;51
71;105;6;2211;24
71;93;6;5517;4
71;111;6;1234;13
71;81;6;1533;15
71;18;7;96;1
71;16;7;45111;5
71;136;7;70;2
71;1;7;55333;1
71;132;6;40;1
71;132;6;44;1
71;75;6;4410;10
71;1;7;45111;4
71;22;7;13222;21
71;137;7;12333;3
71;61;7;12333;3
71;82;7;45111;10
71;102;7;13123;3
71;94;6;1333;1
71;113;6;4477;5
71;74;6;1522;10
71;26;7;10123;2
71;53;7;22111;1
71;80;7;15222;19
71;102;7;12111;2
71;67;3;44;64
71;26;6;7040;1
71;15;7;13513;1
71;30;6;4029;1
71;130;7;65013;2
71;90;7;45111;8
71;22;6;4410;9
71;111;5;96;17
71;31;7;96;5
71;17;6;1133;1
71;105;7;12114;40
71;105;7;70670;3
71;128;6;6565;3
71;12;6;5007;1
71;12;7;12333;2
71;114;7;44555;8
71;114;7;70123;1
71;125;6;1233;6
71;121;6;1292;2
71;132;6;1123;2
71;96;7;12999;1
71;7;7;50444;1
71;8;6;4040;3
71;8;7;13222;2
71;102;7;15120;10
71;141;7;15120;2
71;133;7;65700;1
71;55;6;5044;1
71;55;7;12333;1
71;34;7;12114;57
71;84;6;96;6
71;13;7;50500;1
71;13;7;55100;5
71;23;7;70222;1
71;23;7;13132;1
71;31;7;15;2
71;31;7;44;1
71;31;7;45;1
71;31;7;55;1
71;31;7;70;3
71;27;6;95;12
71;27;7;45000;1
71;69;6;5517;2
71;25;6;1333;1
71;12;5;160;1
71;12;6;5511;14
71;105;6;1234;40
71;125;6;1234;28
71;107;6;1322;27
71;105;7;55055;1
71;125;6;5055;1
71;14;6;2277;2
71;69;5;131;120
71;87;6;4029;2
71;110;6;5588;7
71;68;7;15888;12
71;12;5;555;1
71;13;6;1213;8
71;81;6;1213;1
71;22;5;555;2
71;61;6;95;10
71;61;7;45000;1
71;55;6;4444;1
71;88;6;1522;9
71;11;7;44543;1
71;138;7;96;2
71;40;7;44447;1
71;12;6;1321;1
71;87;3;95;1
71;17;7;15151;1
71;15;6;4447;8
71;125;7;22022;3
71;31;7;22369;1
71;140;6;5588;2
71;110;6;1212;1
71;61;3;12;12
71;2;6;1213;11
71;23;3;44;76
71;6;6;5511;1
71;1;6;1522;3
71;25;6;7070;1
71;70;7;15222;51
71;16;5;96;27
71;80;7;11;1
71;80;7;12;1
71;80;7;13;4
71;80;7;15;1
71;80;7;22;1
71;80;7;70;2
71;2;6;1221;4
71;125;7;12114;44
71;100;6;1232;1
71;114;6;5511;1
71;73;6;2299;1
71;53;7;44888;1
71;58;3;96;4
71;17;5;131;196
71;115;7;45111;3
71;86;7;65013;1
71;113;7;55888;1
71;23;6;2222;7
71;11;6;96;5
71;75;6;4444;2
71;113;7;23333;4
71;87;6;12;2
71;87;6;13;1
71;17;6;2200;2
71;105;7;55100;4
71;107;6;1533;17
71;39;7;15555;3
71;68;5;96;16
71;141;7;50500;2
71;141;7;55100;1
71;130;6;1333;2
71;39;7;15222;23
71;28;6;4410;5
71;12;6;5050;3
71;57;6;1292;1
71;136;6;4000;1
71;132;7;10123;1
71;73;7;12144;1
71;134;7;12111;2
71;110;6;2222;12
71;17;7;12120;1
71;86;7;45111;2
71;124;7;22369;1
71;121;6;4447;9
71;134;3;44;47
71;24;6;2222;12
71;130;6;1522;8
71;101;6;2222;2
71;39;7;15444;1
71;24;7;22022;4
71;124;7;96;4
71;81;7;65123;5
71;128;7;13456;1
71;117;6;4029;4
71;30;6;5517;1
71;120;7;12555;38
71;88;5;96;21
71;102;5;96;16
71;141;5;96;12
71;128;6;1522;4
71;52;7;15222;41
71;145;6;1533;21
71;97;5;96;12
71;23;6;5511;3
71;34;6;1234;33
71;27;7;50500;2
71;27;7;55100;2
71;124;7;12114;38
71;117;7;10000;2
71;70;5;96;12
71;75;6;1123;1
71;80;7;22022;3
71;121;6;1522;3
71;111;7;12333;1
71;16;6;5055;1
71;117;7;15555;2
71;73;7;96;4
71;82;6;4447;1
71;13;6;5533;1
71;81;6;5533;1
71;128;7;44888;2
71;27;7;13777;4
71;18;7;44222;2
71;124;6;95;6
71;135;6;6565;6
71;25;7;23333;9
71;34;6;2323;1
71;15;6;4422;1
71;68;6;1533;31
71;2;6;1322;26
71;72;3;95;4
71;136;7;12333;3
71;145;6;1522;8
71;39;5;96;15
71;64;7;45111;3
71;110;7;15888;12
71;102;6;4000;1
71;129;7;15555;3
71;72;6;4447;3
71;117;7;45300;1
71;136;6;1234;59
71;53;6;1123;1
71;88;7;50444;2
71;91;6;1100;2
71;92;6;13;1
71;92;6;15;1
71;92;6;22;1
71;92;6;33;1
71;92;6;45;1
71;92;6;55;1
71;92;6;70;1
71;108;6;1533;27
71;88;6;95;6
71;117;6;4447;6
71;137;7;13456;2
71;137;7;15888;5
71;57;7;44333;1
71;88;6;4477;15
71;68;7;12999;5
71;94;6;2210;1
71;108;7;15888;11
71;11;7;12114;43
71;55;7;22777;1
71;52;7;65013;1
71;70;6;96;4
71;39;7;15120;9
71;23;7;44111;2
71;23;6;1292;1
71;31;6;2288;1
71;130;7;10444;2
71;108;6;95;2
71;75;7;96;3
71;102;6;1855;4
71;124;5;160;1
71;115;6;4029;3
71;40;7;12555;6
71;17;7;96;6
71;93;6;4444;1
71;133;7;22111;6
71;94;6;4029;5
71;14;7;15333;1
71;94;6;1100;4
71;22;7;15888;15
71;17;6;1888;1
71;102;6;7070;4
71;94;6;2211;23
71;39;7;22222;1
71;52;6;2222;8
71;88;6;2222;3
71;88;7;15222;22
71;64;7;44789;1
71;107;7;70222;1
71;138;3;12;22
71;107;7;12114;19
71;31;7;12123;1
71;117;7;44777;2
71;40;6;1314;1
71;14;7;96;3
71;26;6;4477;19
71;24;6;1122;1
71;1;7;13777;3
71;84;7;15555;9
71;101;7;96;1
71;90;7;22555;1
71;117;7;23333;6
71;132;7;13456;1
71;7;7;95;11
71;20;7;22022;3
71;53;6;1122;1
71;121;6;4444;2
71;28;3;21;1
71;132;6;6565;2
71;130;6;2277;2
71;64;7;50444;1
71;58;6;4456;3
71;86;7;15331;1
71;18;6;1322;5
71;26;6;1123;2
71;11;7;12555;18
71;11;7;23192;1
71;135;7;23333;4
71;110;7;22777;1
71;15;7;15555;3
71;144;3;44;39
71;119;6;4447;16
71;30;6;2211;23
71;15;7;22222;4
71;15;7;44190;1
71;64;3;13;156
71;40;7;55100;1
71;117;6;1000;1
71;114;3;96;4
71;6;6;4490;1
71;6;6;5588;4
71;73;7;10444;2
71;83;3;13;74
71;52;7;22422;1
71;144;5;95;1
71;134;7;22777;1
71;64;7;22777;1
71;64;6;1213;2
71;10;5;95;2
71;137;7;45111;1
71;30;3;13;133
71;14;7;65123;2
71;52;6;1100;3
71;72;6;11;1
71;72;6;12;10
71;72;6;13;1
71;72;6;22;2
71;72;6;55;1
71;72;7;11;2
71;72;7;12;13
71;72;7;13;13
71;72;7;15;1
71;72;7;44;1
71;67;7;44190;1
71;55;7;13777;1
71;105;6;1123;6
71;125;6;1123;2
71;39;6;4511;1
71;124;6;2211;11
71;119;3;12;11
71;17;6;1212;1
71;1;6;2200;2
71;20;6;4444;1
71;34;5;700;15
71;119;7;13456;3
71;119;7;15888;11
71;40;7;15888;2
71;24;6;5001;1
71;2;7;12456;1
71;61;7;22678;2
71;55;7;65123;6
71;73;5;96;19
71;52;3;13;172
71;141;7;15333;4
71;66;7;70123;3
71;66;5;700;5
71;137;6;1233;3
71;106;6;4477;4
71;132;6;1213;20
71;1;6;11;1
71;1;6;13;3
71;1;6;22;1
71;1;6;45;1
71;1;7;11;2
71;1;7;12;3
71;1;7;13;9
71;1;7;45;1
71;1;7;70;2
71;132;6;1322;34
71;58;7;44777;1
71;29;7;12222;1
71;91;7;22777;2
71;18;6;1533;14
71;91;6;1455;1
71;135;7;45333;3
71;100;5;131;112
71;24;6;1100;1
71;105;7;96;4
71;91;6;1333;2
71;107;3;12;15
71;9;7;44777;4
71;66;6;5511;1
71;18;6;1234;64
71;135;7;70000;1
71;2;6;4488;2
71;15;7;44456;1
71;80;3;13;61
71;61;6;2222;2
71;18;7;15222;9
71;90;6;2220;1
71;67;7;44555;1
71;67;7;70123;1
71;67;5;700;21
71;61;6;1522;7
71;84;7;23190;1
71;12;7;22222;3
71;12;7;44190;1
71;53;7;96;12
71;24;6;2244;1
71;23;5;95;14
71;22;6;4567;1
71;14;6;1123;2
71;118;7;44222;1
71;102;6;1533;23
71;117;5;131;158
71;113;7;15333;2
71;18;6;2277;5
71;106;5;96;14
71;68;7;12114;26
71;53;7;15555;6
71;52;5;131;198
71;17;7;13111;2
71;136;6;4447;4
71;72;3;12;17
71;70;6;2211;2
71;20;6;1233;3
71;12;7;12555;11
71;58;6;5517;1
71;120;7;96;2
71;40;6;1123;2
71;102;7;44222;1
71;141;7;44222;1
71;58;7;13222;14
71;58;6;4040;2
71;110;6;1522;6
71;138;6;1123;2
71;29;7;45645;1
71;53;6;4029;2
71;64;5;131;171
71;93;6;5533;2
71;15;7;13456;1
71;16;7;50444;12
71;22;7;12114;43
71;53;6;2277;1
71;26;7;65123;18
71;6;6;1233;2
71;86;6;1234;13
71;86;6;1213;9
71;135;6;5050;1
71;26;7;50500;2
71;26;7;55100;1
71;94;7;13222;9
71;7;3;13;101
71;30;7;15222;23
71;1;6;1299;7
71;114;7;13111;4
71;22;7;44447;1
71;72;7;12222;1
71;133;6;1213;7
71;55;7;45111;5
71;129;6;4029;3
71;100;7;12111;1
71;8;6;2222;2
71;137;6;1234;24
71;26;7;22678;1
71;135;6;4029;11
71;133;7;23192;1
71;17;7;12456;1
71;23;7;13111;1
71;2;6;4410;4
71;16;7;23333;20
71;107;6;4444;1
71;114;7;55100;1
71;128;7;13234;1
71;67;6;1522;2
71;26;7;44776;1
71;145;6;4410;2
71;61;7;33123;1
71;40;7;15555;1
71;70;6;1233;3
71;29;6;2222;1
71;17;6;5517;1
71;55;7;45999;1
71;13;7;15555;4
71;81;7;15555;2
71;11;6;2222;2
71;74;7;50444;2
71;130;6;4477;10
71;97;6;96;2
71;23;7;22222;6
71;23;7;44190;2
71;100;7;13111;1
71;73;3;12;7
71;118;6;1221;3
71;20;6;4410;1
71;128;7;15555;2
71;68;7;96;3
71;10;3;44;18
71;115;6;1313;1
71;137;6;1213;1
71;31;7;13222;12
71;15;7;15222;31
71;1;6;1221;4
71;138;3;96;5
71;73;6;1322;35
71;34;7;11113;2
71;14;6;96;2
71;130;6;95;12
71;84;7;22222;1
71;72;6;4029;2
71;68;7;12555;26
71;82;7;44333;1
71;135;7;45111;7
71;11;6;4477;4
71;115;6;2211;38
71;136;7;44555;9
71;88;6;1292;1
71;135;7;44555;5
71;145;7;33123;1
71;14;7;33123;1
71;55;7;15333;1
71;57;6;4447;2
71;119;7;44654;1
71;119;6;4410;9
71;130;7;44000;1
71;24;5;131;204
71;110;7;45333;3
71;28;5;131;185
71;27;7;70700;1
71;88;7;50777;1
71;140;7;12600;1
71;52;7;45333;1
71;57;7;23192;1
71;31;6;5511;5
71;129;7;22777;2
71;9;6;1123;1
71;128;7;15333;5
71;140;6;4444;1
71;40;6;2222;6
71;7;7;14714;1
71;90;7;65123;6
71;120;7;15555;1
71;12;7;22380;1
71;23;3;96;12
71;119;6;2211;22
71;24;7;70123;4
71;24;5;700;47
71;91;5;131;178
71;108;7;12555;5
71;102;5;95;4
71;141;5;95;5
71;97;7;15222;7
71;6;7;15333;1
71;124;6;1213;9
71;17;6;4040;1
71;17;7;13222;26
71;84;7;12222;1
71;117;7;13123;1
71;61;7;13777;4
71;1;7;15333;1
71;22;6;2211;11
71;134;6;7070;1
71;64;6;7070;1
71;29;7;45333;42
71;13;3;12;11
71;130;6;2288;2
71;68;5;131;169
71;91;6;13;3
71;91;6;22;3
71;91;7;11;1
71;91;7;12;2
71;91;7;13;10
71;91;7;22;2
71;91;7;44;1
71;6;6;1234;25
71;6;6;4411;1
71;11;6;6565;1
71;94;7;13;5
71;10;6;2211;11
71;114;6;4410;7
71;16;6;1100;7
71;31;3;44;41
71;135;3;96;16
71;135;7;70123;1
71;135;5;700;30
71;28;7;55100;4
71;28;6;6565;2
71;98;6;1221;6
71;27;7;44777;1
71;7;6;4488;1
71;133;6;2200;2
71;24;3;96;12
71;93;7;22111;1
71;145;7;50555;1
71;58;6;1123;3
71;40;7;55333;1
71;84;6;4040;2
71;84;7;13222;22
71;23;7;13777;1
71;105;6;4477;31
71;115;6;1233;3
71;39;7;13777;2
71;57;6;1123;2
71;69;7;15888;1
71;32;7;65123;3
71;53;7;12600;2
71;17;5;96;19
71;23;7;65123;4
71;6;7;12457;1
71;61;5;131;193
71;138;7;15120;1
71;144;7;44555;4
71;144;5;700;24
71;72;7;12333;10
71;102;7;12;4
71;102;7;13;11
71;102;7;15;1
71;102;7;18;1
71;102;7;22;1
71;102;7;44;2
71;102;7;55;1
71;102;7;65;1
71;102;6;11;1
71;102;6;12;2
71;102;6;13;1
71;102;6;15;1
71;102;6;21;1
71;102;6;22;1
71;102;6;23;1
71;102;6;44;1
71;102;6;45;2
71;23;7;44123;1
71;23;7;10444;2
71;138;7;15010;1
71;138;6;5511;2
71;128;7;12;3
71;128;7;13;6
71;128;7;14;1
71;128;7;18;1
71;10;3;13;100
71;129;6;12;2
71;129;6;13;2
71;129;6;15;2
71;129;6;44;1
71;129;6;65;1
71;129;7;11;1
71;129;7;12;3
71;129;7;13;5
71;129;7;15;1
71;129;7;44;2
71;129;7;45;1
71;91;7;70;1
71;53;6;4447;6
71;20;3;13;92
71;117;7;15222;19
71;28;5;96;26
71;15;7;23333;4
71;92;6;1522;36
71;130;7;15151;1
71;64;6;2211;26
71;67;6;96;4
71;82;6;1322;18
71;92;6;1333;2
71;61;7;15222;26
71;97;6;12;3
71;97;6;15;1
71;97;6;21;2
71;97;6;44;1
71;105;7;15555;2
71;69;5;96;14
71;52;6;5055;1
71;96;7;13555;1
71;40;6;5511;2
71;102;6;4511;1
71;141;6;22;1
71;141;6;65;1
71;141;7;12;3
71;141;7;13;6
71;141;7;22;1
71;141;7;70;1
71;39;6;1201;1
71;118;7;65123;5
71;10;3;96;2
71;52;7;65700;2
71;24;7;13131;2
71;24;7;44777;2
71;117;7;44555;6
71;137;7;12;3
71;137;7;13;6
71;137;7;22;1
71;137;7;45;1
71;137;7;70;1
71;69;3;96;4
71;27;7;45300;1
71;118;6;1311;1
71;40;7;13111;1
71;128;5;700;56
71;58;7;65123;5
71;24;7;96;5
71;15;6;4000;1
71;7;7;12222;1
71;2;6;5588;7
71;145;6;1213;17
71;141;7;13222;3
71;91;7;15333;1
71;88;6;1213;7
71;91;6;1255;1
71;17;6;1100;3
71;18;6;4040;3
71;18;7;13222;9
71;106;7;50444;1
71;70;3;12;4
71;138;6;2210;1
71;22;7;13123;1
71;11;7;22022;1
71;27;7;44567;1
71;82;6;4466;1
71;16;6;1277;1
71;24;6;2211;15
71;74;7;12555;10
71;7;6;1313;1
71;27;6;2222;5
71;132;7;15222;32
71;6;7;44333;1
71;52;7;12555;6
71;93;7;95;5
71;124;7;15120;8
71;113;6;1322;25
71;67;6;5511;2
71;140;7;45111;8
71;2;7;13513;1
71;40;3;96;10
71;137;6;6565;1
71;141;6;1234;12
71;1;5;95;8
71;17;5;700;45
71;11;7;96;7
71;58;6;1323;1
71;128;6;7040;1
71;90;6;1322;18
71;93;7;11113;1
71;93;7;22022;2
71;134;5;131;161
71;18;7;65123;1
71;40;6;1221;7
71;24;6;1512;1
71;87;7;15888;2
71;145;6;2288;4
71;31;6;4477;8
71;72;6;4410;6
71;9;6;1213;6
71;84;7;15222;23
71;129;7;13222;22
71;118;7;15120;1
71;32;7;44777;2
71;97;6;2211;49
71;136;7;45111;5
71;40;6;1016;1
71;39;6;1234;30
71;30;6;1322;11
71;100;7;15555;7
71;2;7;12600;1
71;118;5;700;19
71;88;6;1322;18
71;16;3;96;10
71;135;7;12114;53
71;75;7;12114;55
71;57;3;80;1
71;82;6;4511;1
71;133;7;65123;6
71;84;6;1322;20
71;111;5;555;3
71;52;7;44027;1
71;135;6;5044;1
71;132;6;1233;3
71;101;6;1221;1
71;27;6;1123;1
71;88;7;12345;1
71;130;6;2222;4
71;20;7;15222;14
71;25;6;4477;17
71;115;7;23333;2
71;125;7;44555;5
71;125;7;70123;1
71;125;5;700;38
71;61;7;22111;5
71;20;7;23333;5
71;57;7;44555;7
71;57;7;70123;2
71;1;6;5555;1
71;52;7;65123;13
71;74;6;13;1
71;74;7;12;2
71;74;7;13;5
71;74;7;15;2
71;74;7;44;1
71;74;7;70;2
71;74;6;11;1
71;74;6;12;5
71;25;7;44333;1
71;140;3;80;1
71;30;7;12555;22
71;69;3;13;85
71;101;6;5588;3
71;110;6;4003;1
71;73;3;95;3
71;110;7;12555;10
71;113;7;22111;1
71;145;7;55100;4
71;58;6;2200;1
71;24;5;555;2
71;114;7;96;2
71;110;6;5511;6
71;20;6;4099;1
71;20;6;1311;1
71;64;7;15331;5
71;105;6;12;1
71;27;7;96;11
71;55;6;4410;5
71;18;7;12114;69
71;52;6;2210;2
71;83;7;44777;2
71;124;6;4000;1
71;12;6;5001;1
71;84;7;55333;1
71;2;6;1100;1
71;105;6;1251;7
71;40;6;96;7
71;132;6;1090;2
71;24;6;2210;2
71;55;6;12;4
71;55;6;13;3
71;55;6;15;1
71;55;6;55;1
71;55;7;11;1
71;55;7;12;4
71;55;7;13;6
71;55;7;15;2
71;55;7;44;1
71;55;7;55;1
71;129;6;4477;25
71;110;6;4477;15
71;86;6;2222;4
71;117;6;1251;4
71;117;6;1233;9
71;70;6;6565;2
71;132;6;5013;2
71;13;6;4088;1
71;140;6;2210;1
71;14;7;12114;73
71;145;7;50500;4
71;102;6;1353;1
71;64;6;10;1
71;64;6;12;3
71;64;6;55;1
71;64;7;11;1
71;64;7;12;1
71;64;7;13;7
71;64;7;70;1
71;2;7;65123;7
71;92;6;5517;6
71;115;3;12;16
71;31;7;12555;10
71;24;7;44555;7
71;90;7;15010;1
71;145;7;44333;1
71;16;6;12;3
71;16;6;13;3
71;16;6;14;1
71;16;6;22;1
71;16;6;33;1
71;16;7;12;2
71;16;7;13;14
71;16;7;14;2
71;101;6;1313;1
71;58;6;2222;8
71;90;3;44;29
71;22;3;95;10
71;20;3;96;12
71;2;6;95;16
71;2;7;45000;1
71;70;5;95;4
71;128;7;22789;1
71;128;6;5044;1
71;128;7;12333;4
71;39;7;45333;2
71;23;6;1233;9
71;132;7;15151;1
71;132;5;95;9
71;136;6;1292;1
71;70;6;1522;2
71;13;6;4003;2
71;26;7;12111;1
71;130;3;13;199
71;31;3;21;1
71;111;6;1533;2
71;29;7;45111;1
71;136;7;15555;3
71;52;7;15120;13
71;25;6;1299;8
71;107;7;15;3
71;107;7;44;2
71;107;7;45;2
71;80;5;131;70
71;57;7;96;3
71;106;6;6565;1
71;83;7;13123;1
71;107;7;15888;8
71;145;6;1123;1
71;40;7;70070;1
71;12;7;23333;10
71;130;7;55100;3
71;145;7;23333;8
71;129;6;2277;1
71;121;7;14357;2
71;102;7;22222;2
71;102;7;44190;1
71;141;7;22222;2
71;82;6;8080;1
71;121;6;2211;46
71;87;6;4447;2
71;96;7;44555;4
71;96;5;700;7
71;90;7;15888;11
71;9;6;1533;11
71;133;7;22022;5
71;108;6;1322;37
71;2;6;5533;1
71;132;5;96;18
71;134;7;44222;2
71;61;6;1213;10
71;23;6;1213;19
71;55;7;50444;5
71;113;7;45111;3
71;94;6;1122;1
71;72;7;44333;1
71;121;5;131;112
71;22;7;10444;1
71;134;6;1522;11
71;134;6;7007;1
71;92;6;1533;12
71;108;7;65123;4
71;6;7;12555;4
71;137;6;4029;1
71;133;6;4029;4
71;13;7;15222;40
71;105;3;12;8
71;72;3;13;243
71;70;6;4444;1
71;8;6;1251;5
71;82;5;131;174
71;23;6;7070;3
71;81;5;96;4
71;136;7;45333;2
71;73;6;1123;7
71;11;7;13131;1
71;70;7;10444;1
71;14;6;1251;4
71;80;6;1234;24
71;129;7;55333;1
71;145;7;13222;17
71;14;6;4040;5
71;106;7;13222;12
71;114;5;131;119
71;27;6;6565;1
71;84;6;1221;4
71;102;7;13333;3
71;40;7;12444;1
71;110;7;10444;1
71;128;7;13220;1
71;13;6;5588;1
71;81;6;5588;2
71;10;6;1221;8
71;1;6;5044;1
71;1;7;12333;3
71;130;7;12555;10
71;74;7;95;1
71;135;7;13333;4
71;17;6;1299;8
71;40;7;23192;1
71;84;6;1234;48
71;84;6;4411;1
71;92;6;6565;1
71;88;6;6565;2
71;87;7;12111;1
71;124;7;13111;1
71;25;6;1251;2
71;130;6;2211;16
71;13;6;2210;1
71;128;7;95;11
71;74;7;15222;61
71;57;7;13456;1
71;57;7;15888;6
71;15;6;4410;5
71;135;6;2222;7
71;58;6;96;6
71;113;7;12112;1
71;129;6;1213;5
71;107;6;2277;1
71;14;7;95;6
71;138;7;95;4
71;102;7;65123;10
71;141;7;65123;5
71;1;7;44888;1
71;14;7;12555;37
71;106;7;22111;1
71;107;7;15222;29
71;29;7;12;2
71;29;7;13;5
71;29;7;43;1
71;29;7;44;1
71;29;7;45;1
71;29;7;50;1
71;145;6;1100;1
71;92;5;95;16
71;140;7;13222;9
71;134;6;2222;1
71;125;6;1221;7
71;74;6;1123;1
71;101;7;12555;25
71;17;7;22222;2
71;17;7;44190;2
71;80;7;22111;1
71;26;7;44111;1
71;2;7;44555;5
71;2;5;700;33
71;16;7;44111;1
71;91;6;5533;3
71;20;7;55;1
71;20;7;43;1
71;20;7;44;1
71;20;7;45;1
71;20;6;11;1
71;20;6;12;1
71;20;6;13;1
71;20;6;14;1
71;20;6;15;1
71;20;6;43;1
71;13;7;96;6
71;2;6;1299;4
71;81;7;22380;1
71;69;7;15222;41
71;82;7;11;1
71;82;7;12;3
71;82;7;13;18
71;82;7;14;1
71;82;7;15;1
71;82;7;18;1
71;82;7;44;2
71;82;7;45;2
71;6;6;5517;1
71;97;7;15888;1
71;113;7;22222;2
71;121;7;12555;46
71;128;6;4490;1
71;128;6;5588;4
71;75;3;12;16
71;132;7;45;1
71;132;7;70;1
71;132;6;12;4
71;132;6;15;1
71;16;7;45555;1
71;105;6;1010;3
71;13;7;23190;1
71;90;5;95;4
71;102;6;5533;2
71;97;6;1255;1
71;124;6;4422;1
71;40;7;12222;1
71;82;7;70;5
71;96;6;1322;6
71;64;6;1321;1
71;130;7;12120;1
71;105;6;4029;3
71;125;6;4029;4
71;92;7;50444;1
71;70;7;96;7
71;107;6;95;2
71;107;7;45000;2
71;55;7;43111;1
71;6;7;12120;1
71;92;7;12114;53
71;32;6;7070;5
71;72;6;1123;4
71;136;6;4410;1
71;134;6;95;9
71;141;7;45111;6
71;55;6;1122;1
71;84;6;4410;4
71;135;6;1533;20
71;57;6;2288;2
71;145;7;22022;5
71;67;6;5517;1
71;68;6;2288;1
71;31;6;1234;34
71;53;6;1522;4
71;113;3;13;192
71;80;6;2211;16
71;58;6;4410;3
71;81;6;2210;2
71;34;5;95;2
71;75;5;131;111
71;145;6;1234;29
71;26;6;5050;1
71;140;6;1213;8
71;11;6;1233;1
71;133;5;96;25
71;113;6;5044;1
71;113;7;12333;6
71;31;7;12345;1
71;140;7;12120;1
71;134;6;5517;3
71;64;6;5517;1
71;40;6;1322;18
71;70;6;1212;1
71;113;7;22022;3
71;15;6;1533;26
71;137;7;13222;3
71;57;6;1520;1
71;130;7;70444;1
71;130;6;5050;2
71;113;6;4447;6
71;12;6;5588;2
71;136;6;1522;4
71;74;7;65123;1
71;2;6;1234;43
71;26;7;13222;16
71;2;7;15222;21
71;130;5;555;1
71;32;6;2220;3
71;13;6;1123;1
71;125;3;12;9
71;121;3;44;51
71;74;6;1233;1
71;117;7;23190;1
71;74;7;96;1
71;140;7;13123;1
71;66;3;44;31
71;80;6;4040;1
71;17;6;5044;1
71;17;7;12333;3
71;7;7;15222;19
71;136;6;95;6
71;26;6;4490;1
71;26;6;5588;1
71;16;7;12144;1
71;100;7;12555;31
71;39;7;13222;11
71;53;7;65123;5
71;22;7;15120;11
71;13;6;4410;13
71;27;7;95;12
71;23;7;23333;12
71;16;6;4040;1
71;16;7;13222;19
71;30;7;15120;2
71;11;7;22190;1
71;11;5;131;155
71;140;7;15222;26
71;120;6;12;3
71;128;6;96;3
71;28;6;1333;1
71;87;6;2211;22
71;53;6;4321;1
71;82;6;1255;1
71;97;6;4040;4
71;97;7;13222;8
71;13;7;15000;1
71;94;7;12344;1
71;26;7;45111;5
71;140;6;1233;4
71;84;3;44;86
71;92;6;7013;1
71;92;7;96;5
71;113;3;96;12
71;1;7;12000;1
71;8;6;4321;1
71;130;6;4000;1
71;58;7;15222;21
71;132;7;12;1
71;132;7;13;14
71;132;7;15;1
71;97;5;700;2
71;58;6;1522;4
71;61;7;50444;4
71;22;6;4447;13
71;88;3;12;14
71;119;6;4490;1
71;119;6;5588;3
71;129;7;15151;2
71;133;6;4410;1
71;17;5;95;13
71;55;7;15757;1
71;2;7;44888;2
71;138;7;55100;1
71;26;6;5511;10
71;120;5;96;11
71;113;6;1221;16
71;31;7;13333;3
71;130;6;1222;1
71;130;6;1234;57
71;83;3;95;3
71;80;6;95;5
71;72;7;13333;1
71;115;6;1303;2
71;115;6;1522;6
71;70;6;1322;32
71;102;6;1233;1
71;39;6;1333;1
71;130;6;1233;5
71;15;6;4029;6
71;34;6;4477;1
71;128;7;12555;9
71;132;7;13777;5
71;12;5;95;14
71;23;3;16;1
71;75;6;1251;2
71;15;7;13222;32
71;15;6;4040;1
71;72;6;95;4
71;91;6;2211;88
71;61;7;15120;6
71;88;3;95;5
71;69;6;1123;3
71;91;7;12333;5
71;120;6;1233;4
71;27;6;8080;1
71;2;7;70333;1
71;39;6;5517;2
71;6;7;15888;5
71;20;6;2211;22
71;86;6;1214;1
71;93;6;1322;22
71;129;5;131;169
71;26;7;13777;2
71;80;6;4422;1
71;25;6;5050;3
71;97;6;5588;3
71;136;7;70123;2
71;136;5;700;43
71;2;3;96;9
71;64;7;15222;72
71;84;6;1299;10
71;11;7;15222;28
71;73;3;44;57
71;145;6;1233;7
71;2;6;1569;1
71;57;3;13;95
71;26;7;45333;3
71;28;7;96;7
71;80;6;1322;16
71;31;7;45111;1
71;135;7;50444;5
71;72;7;45;3
71;72;7;70;1
71;82;7;50444;2
71;23;7;95;13
71;82;6;4477;23
71;64;3;12;13
71;145;7;15888;16
71;20;7;12;5
71;20;7;13;7
71;20;7;22;1
71;28;6;1221;5
71;28;6;1580;1
71;28;3;96;10
71;39;6;4477;10
71;82;7;44190;1
71;83;7;12555;6
71;100;7;12114;41
71;1;6;1520;1
71;90;7;12114;31
71;61;6;1123;1
71;34;7;50500;2
71;34;7;55100;2
71;137;3;13;101
71;108;6;1522;2
71;6;7;12333;3
71;135;6;95;7
71;118;6;2211;26
71;11;6;1323;1
71;110;7;15120;6
71;114;6;95;2
71;16;7;15333;1
71;113;6;1111;1
71;113;7;95;9
71;12;7;95;14
71;106;6;11;1
71;106;6;12;5
71;106;6;13;2
71;106;7;11;1
71;106;7;12;4
71;106;7;13;9
71;84;6;1010;1
71;115;7;12555;33
71;135;7;12111;1
71;141;6;1123;1
71;27;6;4488;1
71;27;6;1533;20
71;129;7;44123;1
71;24;7;95;9
71;136;6;5111;1
71;34;3;44;29
71;140;6;1010;1
71;55;6;4477;20
71;132;7;96;12
71;92;7;13222;10
71;52;5;95;13
71;138;7;13222;3
71;25;6;1123;3
71;121;7;22555;1
71;28;6;5511;5
71;1;7;13222;17
71;125;7;44222;3
71;6;7;22222;1
71;6;7;44190;1
71;113;5;96;17
71;115;7;13777;1
71;11;6;1213;2
71;20;7;15333;1
71;81;7;44555;3
71;81;7;70123;1
71;81;5;700;26
71;22;6;2210;1
71;39;7;12114;31
71;66;3;12;19
71;58;6;4477;9
71;8;7;33123;1
71;124;6;3333;1
71;97;7;15151;11
71;136;7;50444;3
71;17;7;44555;8
71;17;7;70123;2
71;106;6;1213;2
71;28;6;1123;6
71;26;7;12114;55
71;28;7;13132;1
71;29;7;12114;42
71;75;6;1221;1
71;136;6;1322;28
71;140;7;12333;5
71;53;6;2222;4
71;34;6;1251;2
71;34;6;1456;1
71;93;3;96;13
71;39;7;65123;7
71;117;6;12;2
71;117;6;13;3
71;31;6;95;9
71;31;7;45000;1
71;124;3;44;55
71;110;5;96;19
71;125;6;1251;2
71;97;3;95;2
71;72;7;15120;1
71;24;7;15120;11
71;40;6;2211;13
71;145;6;2210;5
71;1;7;50500;2
71;1;7;55100;1
71;27;6;1221;2
71;96;3;96;3
71;39;3;44;32
71;72;7;55888;2
71;88;7;23333;2
71;136;6;5517;2
71;57;7;13111;1
71;61;6;1292;1
71;110;6;1533;21
71;100;6;1520;1
71;119;7;12114;73
71;52;7;13777;1
71;66;7;95;1
71;39;6;4456;1
71;61;6;5588;7
71;13;7;10;1
71;13;7;12;3
71;13;7;13;17
71;13;7;15;1
71;13;7;44;3
71;13;7;45;1
71;13;7;70;2
71;115;7;11444;1
71;132;7;12333;5
71;117;7;12120;1
71;117;6;1221;11
71;110;7;50500;1
71;110;7;55100;2
71;140;7;23190;1
71;2;6;1313;1
71;61;6;1233;5
71;10;5;96;8
71;130;6;4088;1
71;53;3;13;111
71;20;6;4029;3
71;53;6;6565;1
71;64;7;12333;2
71;39;6;4029;8
71;8;6;12;1
71;8;6;14;1
71;8;6;22;1
71;8;7;11;2
71;8;7;12;2
71;8;7;13;3
71;8;7;15;3
71;8;7;45;1
71;8;7;70;1
71;17;6;1111;1
71;134;5;95;9
71;16;6;4410;8
71;24;7;45111;6
71;26;6;1299;6
71;128;7;55055;1
71;145;6;4477;11
71;39;7;95;2
71;113;7;55100;4
71;25;6;23;1
71;25;6;12;3
71;25;6;13;1
71;25;6;15;1
71;25;6;44;1
71;73;7;22777;1
71;20;7;40400;1
71;124;7;15222;21
71;128;3;96;7
71;40;7;13222;16
71;82;7;13222;1
71;140;5;96;7
71;102;7;15555;17
71;141;7;15555;1
71;2;6;4477;16
71;80;6;1233;7
71;101;6;7070;1
71;6;7;96;5
71;111;7;13222;4
71;26;3;44;63
71;86;7;70345;1
71;24;7;15888;19
71;24;7;12555;10
71;66;6;1313;1
71;12;6;2233;1
71;94;7;22022;1
71;13;6;4000;2
71;74;6;1213;4
71;28;6;5555;1
71;34;6;2222;2
71;39;6;4003;1
71;110;7;22380;2
71;125;7;13111;4
71;57;7;15222;19
71;93;6;95;2
71;125;6;2222;7
71;98;6;13;4
71;98;6;11;1
71;98;6;12;1
71;98;6;45;1
71;98;7;11;1
71;98;7;12;1
71;98;7;13;5
71;98;7;15;1
71;98;7;44;1
71;98;7;45;1
71;108;7;13333;2
71;27;6;1232;1
71;24;7;43640;1
71;40;6;4447;4
71;2;7;15120;7
71;90;6;11;1
71;90;6;12;3
71;90;6;55;1
71;90;7;11;1
71;90;7;12;2
71;90;7;13;10
71;90;7;44;2
71;90;7;70;1
71;12;7;65123;8
71;111;7;12555;6
71;2;7;10123;2
71;22;7;23333;8
71;22;7;50500;2
71;73;6;2211;20
71;82;7;13777;2
71;107;6;1123;1
71;31;7;12114;39
71;31;7;70670;2
71;119;5;131;206
71;100;6;4410;5
71;70;6;2210;2
71;121;7;44777;5
71;64;6;1123;2
71;118;7;15222;17
71;83;7;96;2
71;106;5;95;5
71;124;6;1522;3
71;12;7;15888;22
71;34;7;13123;1
71;87;5;131;77
71;69;6;11;1
71;69;6;12;1
71;69;6;15;1
71;69;6;22;1
71;69;7;11;3
71;69;7;12;3
71;69;7;13;7
71;130;7;12333;5
71;39;7;55100;4
71;20;3;12;12
71;128;6;1213;6
71;105;6;5533;1
71;124;5;96;8
71;28;7;65123;7
71;82;7;15222;18
71;12;6;95;14
71;28;7;44777;1
71;11;3;95;5
71;31;3;13;98
71;94;6;1234;49
71;55;7;96;10
71;67;5;131;196
71;110;7;22222;2
71;140;7;96;3
71;67;7;45333;2
71;15;7;15151;1
71;58;6;4447;3
71;113;7;12;4
71;113;7;13;10
71;113;7;14;2
71;113;7;15;1
71;113;7;22;1
71;113;7;45;3
71;113;7;55;1
71;113;7;70;1
71;91;6;96;4
71;125;7;13;7
71;125;7;15;2
71;92;7;15888;24
71;115;7;96;8
71;125;7;15222;27
71;14;6;1234;81
71;91;6;95;4
71;66;6;96;2
71;113;7;13333;2
71;110;6;2299;1
71;92;6;2277;1
71;88;6;2277;1
71;81;3;12;3
71;13;6;1522;13
71;26;7;44555;5
71;26;7;70123;1
71;26;5;700;27
71;12;7;50500;2
71;12;7;55100;1
71;88;6;1233;5
71;128;7;50444;7
71;24;6;4456;1
71;24;6;1010;1
71;22;6;1333;2
71;11;6;1111;1
71;117;7;12;5
71;117;7;13;6
71;117;7;14;1
71;117;7;22;1
71;84;6;1855;1
71;61;7;55888;1
71;53;6;1512;1
71;136;5;555;1
71;91;6;4029;1
71;55;3;80;1
71;130;7;44222;2
71;107;6;96;2
71;58;6;1233;2
71;70;6;4029;2
71;11;7;65123;4
71;73;6;1522;2
71;55;7;13333;1
71;53;7;10444;1
71;53;7;44123;1
71;83;6;4410;5
71;58;6;1322;11
71;7;5;96;13
71;87;5;700;2
71;133;7;15222;28
71;67;7;22567;1
71;18;3;13;110
71;118;7;45111;10
71;25;7;45111;3
71;124;7;23192;3
71;28;7;15888;7
71;107;6;1234;22
71;23;6;1588;2
71;11;6;1251;1
71;23;7;11;1
71;23;7;12;3
71;23;7;13;15
71;23;7;15;1
71;23;7;70;1
71;23;6;12;1
71;23;6;13;4
71;23;6;15;3
71;107;6;1213;10
71;135;7;23192;1
71;28;6;4040;1
71;28;7;13222;21
71;31;7;13777;4
71;64;6;2288;1
71;129;6;1251;3
71;102;6;96;6
71;141;6;96;1
71;125;7;44;1
71;125;7;70;3
71;117;6;4511;1
71;72;7;15333;2
71;7;6;5511;1
71;105;5;96;12
71;75;6;1322;2
71;10;6;1010;1
71;66;7;44555;2
71;67;6;11;1
71;67;6;12;2
71;67;6;15;1
71;67;7;12;2
71;67;7;13;10
71;67;7;55;1
71;67;7;65;1
71;67;7;70;1
71;70;6;12;6
71;70;6;13;4
71;70;6;44;1
71;1;6;1322;22
71;57;7;22369;1
71;133;7;12111;1
71;135;7;12345;1
71;135;7;65013;1
71;31;6;1322;13
71;119;6;2255;1
71;6;7;22678;1
71;64;6;1533;15
71;118;7;10123;1
71;137;7;11444;2
71;55;6;1322;23
71;64;7;95;1
71;92;6;1100;4
71;93;6;1251;1
71;27;6;4477;16
71;16;7;13777;4
71;31;7;55100;5
71;145;7;50444;7
71;14;7;50444;1
71;6;7;23190;1
71;94;7;44555;1
71;94;5;700;10
71;52;3;95;7
71;105;6;5511;1
71;81;7;15120;1
71;96;6;2222;1
71;140;6;4410;7
71;105;6;1299;2
71;125;6;1299;3
71;114;7;13222;16
71;108;6;2211;5
71;40;7;65123;9
71;12;7;22678;1
71;12;6;4000;1
71;97;6;1533;10
71;133;7;22222;2
71;15;7;45413;1
71;133;3;13;167
71;144;7;12114;17
71;130;7;15222;25
71;120;3;44;36
71;25;7;23190;1
71;140;7;44222;4
71;111;6;1100;1
71;64;5;700;22
71;16;5;131;187
71;132;6;2222;7
71;61;6;2200;1
71;125;7;12333;6
71;118;6;1010;1
71;23;6;1123;1
71;27;6;4490;2
71;27;6;5588;5
71;98;7;15331;1
71;67;7;15120;2
71;25;6;1322;25
71;140;7;13111;2
71;67;3;13;147
71;40;7;15222;13
71;130;6;1251;2
71;118;5;131;107
71;117;6;1044;1
71;17;6;1520;1
71;1;6;1313;1
71;94;6;4477;1
71;57;7;90500;3
71;101;7;12114;8
71;10;6;2277;3
71;17;3;44;84
71;93;7;44190;2
71;140;7;12555;10
71;17;7;12222;2
71;111;6;5511;1
71;52;7;23192;1
71;108;5;96;16
71;27;3;44;63
71;135;5;96;22
71;12;7;15120;16
71;12;6;1221;10
71;52;3;44;78
71;117;6;95;5
71;117;7;45000;1
71;25;7;22777;2
71;30;6;1522;51
71;110;6;2220;1
71;88;6;1533;22
71;10;7;13131;1
71;100;7;95;5
71;101;7;12333;2
71;27;6;1522;11
71;86;7;96;3
71;115;5;131;259
71;73;7;95;2
71;15;5;96;25
71;97;7;15120;1
71;13;5;700;56
71;13;7;44555;4
71;28;7;65700;1
71;66;6;4477;1
71;132;7;44555;6
71;132;7;70123;2
71;132;5;700;45
71;67;7;12333;9
71;26;3;96;10
71;22;6;1123;3
71;102;6;1955;1
71;55;7;15222;22
71;114;1;13;138
71;128;1;13;181
71;135;1;95;1
71;114;1;12;2
71;75;1;95;1
71;68;1;30;1
71;101;1;14;2
71;39;1;44;3
71;120;1;14;1
71;106;1;12;7
71;55;1;12;19
71;101;1;15;1
71;27;1;15;2
71;120;1;15;1
71;58;1;22;31
71;1;1;22;38
71;91;1;12;10
71;7;1;15;3
71;70;1;22;27
71;29;1;15;3
71;18;1;12;3
71;101;1;12;3
71;27;1;12;6
71;55;1;13;167
71;120;1;12;7
71;137;1;12;5
71;133;1;12;15
71;68;1;15;2
71;55;1;22;32
71;145;1;15;4
71;14;1;15;4
71;124;1;95;1
71;34;1;15;1
71;28;1;15;3
71;129;1;12;8
71;110;1;12;7
71;34;1;44;3
71;128;1;15;5
71;132;1;95;3
71;96;1;22;9
71;67;1;95;4
71;28;1;22;40
71;118;1;13;123
71;84;1;13;195
71;34;1;22;15
71;101;1;22;17
71;27;1;22;41
71;120;1;22;31
71;86;1;13;125
71;7;1;44;1
71;82;1;13;197
71;29;1;44;1
71;28;1;13;188
71;68;1;44;2
71;106;1;13;168
71;7;1;96;2
71;145;1;44;2
71;32;1;13;144
71;29;1;96;5
71;125;1;13;151
71;105;1;13;167
71;40;1;44;3
71;121;1;13;113
71;10;1;13;104
71;9;1;44;1
71;52;1;13;209
71;83;1;13;78
71;66;1;13;172
71;31;1;13;121
71;92;1;13;193
71;119;1;22;33
71;87;1;13;76
71;17;1;13;191
71;28;1;95;2
71;101;1;13;177
71;27;1;13;201
71;120;1;13;107
71;61;1;13;194
71;53;1;44;1
71;124;1;22;36
71;34;1;95;2
71;23;1;13;177
71;25;1;13;165
71;132;1;22;56
71;138;1;22;38
71;2;1;13;180
71;69;1;13;124
71;140;1;13;146
71;88;1;13;199
71;9;1;13;154
71;64;1;13;170
71;134;1;13;176
71;115;1;13;248
71;16;1;13;195
71;113;1;13;213
71;68;1;95;4
71;12;1;13;213
71;135;1;22;28
71;75;1;22;29
71;121;1;44;1
71;120;1;44;2
71;100;1;13;115
71;55;1;44;1
71;145;1;95;2
71;14;1;95;6
71;30;1;13;162
71;136;1;13;206
71;72;1;13;254
71;24;1;13;198
71;28;1;96;7
71;101;1;95;1
71;27;1;95;2
71;34;1;96;3
71;120;1;95;2
71;128;1;96;3
71;8;1;13;103
71;7;1;12;10
71;31;1;44;1
71;55;1;95;2
71;93;1;13;190
71;107;1;13;118
71;101;1;96;3
71;27;1;96;7
71;120;1;96;2
71;128;1;95;1
71;55;1;96;3
71;22;1;12;16
71;68;1;96;2
71;145;1;96;2
71;14;1;96;5
71;28;1;12;15
71;22;1;13;184
71;61;1;12;16
71;34;1;12;9
71;90;1;44;1
71;97;1;13;155
71;15;1;13;209
71;40;1;96;6
71;39;1;13;113
71;9;1;12;6
71;128;1;12;15
71;53;1;12;19
71;90;1;12;9
71;11;1;13;150
71;7;1;95;2
71;11;1;12;9
71;39;1;12;10
71;67;1;22;17
71;53;1;13;129
71;98;1;13;67
71;90;1;13;119
71;82;1;12;7
71;31;1;12;6
71;31;1;80;1
71;6;1;13;105
71;13;1;13;191
71;121;1;15;1
71;81;1;13;116
71;29;1;22;19
71;11;1;22;15
71;111;1;13;170
71;115;1;14;1
71;73;1;13;216
71;40;1;22;22
71;9;1;22;12
71;31;1;15;3
71;66;1;14;1
71;136;1;21;2
71;68;1;22;21
71;39;1;22;20
71;145;1;22;43
71;14;1;22;30
71;128;1;22;56
71;11;1;15;3
71;61;1;15;3
71;39;1;15;2
71;114;1;22;8
71;7;1;22;22
71;26;1;13;199
71;57;1;13;109
71;125;1;95;2
71;105;1;95;2
71;117;1;13;158
71;130;1;13;234
71;17;1;95;4
71;29;1;12;9
71;74;1;13;101
71;68;1;12;10
71;52;1;95;3
71;145;1;12;21
71;14;1;12;8
71;92;1;95;3
71;144;1;13;84
71;53;1;15;4
71;88;1;95;2
71;90;1;15;1
71;100;1;12;11
71;64;1;95;1
71;134;1;95;6
71;118;1;12;3
71;80;1;13;71
71;7;1;13;116
71;84;1;12;10
71;115;1;95;4
71;39;1;96;5
71;22;1;15;2
71;82;1;22;32
71;31;1;96;6
71;30;1;95;2
71;9;1;96;2
71;97;1;22;3
71;40;1;12;11
71;68;1;13;181
71;23;1;22;54
71;82;1;15;1
71;17;1;80;1
71;145;1;13;161
71;14;1;13;218
71;111;1;22;12
71;10;1;12;5
71;73;1;22;34
71;15;1;22;40
71;29;1;13;145
71;40;1;15;3
71;25;1;22;47
71;40;1;13;115
71;119;1;96;5
71;72;1;22;30
71;24;1;22;53
71;138;1;96;2
71;136;1;95;1
71;61;1;22;38
71;8;1;12;2
71;12;1;22;49
71;53;1;96;2
71;98;1;96;4
71;124;1;96;3
71;52;1;22;42
71;66;1;22;4
71;92;1;22;44
71;87;1;22;3
71;69;1;12;7
71;16;1;12;15
71;132;1;96;7
71;90;1;96;3
71;31;1;22;26
71;61;1;96;10
71;113;1;12;14
71;96;1;96;3
71;22;1;22;63
71;88;1;22;16
71;73;1;14;1
71;22;1;96;6
71;80;1;12;12
71;144;1;12;4
71;58;1;96;4
71;1;1;96;3
71;82;1;96;5
71;106;1;22;7
71;114;1;15;1
71;67;1;96;2
71;12;1;12;15
71;74;1;22;29
71;86;1;96;1
71;11;1;96;6
71;121;1;22;23
71;70;1;96;3
71;83;1;12;1
71;80;1;22;30
71;144;1;22;9
71;136;1;96;10
71;64;1;22;24
71;134;1;22;23
71;115;1;22;46
71;74;1;12;4
71;135;1;96;5
71;75;1;96;5
71;107;1;14;1
71;30;1;22;12
71;53;1;22;23
71;25;1;12;11
71;98;1;22;6
71;90;1;22;5
71;23;1;15;7
71;83;1;22;12
71;130;1;15;2
71;72;1;12;23
71;24;1;12;16
71;64;1;96;4
71;117;1;22;37
71;134;1;96;16
71;130;1;22;38
71;1;1;15;1
71;115;1;96;6
71;111;1;15;5
71;26;1;96;4
71;11;1;95;4
71;87;1;12;2
71;30;1;96;3
71;6;1;15;5
71;70;1;15;4
71;13;1;15;5
71;81;1;15;2
71;86;1;12;6
71;93;1;22;17
71;30;1;12;8
71;32;1;22;22
71;32;1;96;3
71;125;1;22;42
71;125;1;96;5
71;105;1;22;25
71;105;1;96;4
71;132;1;15;3
71;17;1;12;16
71;2;1;22;35
71;93;1;15;1
71;107;1;15;1
71;140;1;22;26
71;17;1;22;53
71;124;1;15;2
71;136;1;12;7
71;2;1;15;4
71;140;1;15;3
71;117;1;96;4
71;130;1;96;3
71;6;1;22;38
71;32;1;12;3
71;13;1;22;50
71;81;1;22;24
71;26;1;22;31
71;57;1;22;38
71;93;1;96;9
71;107;1;96;6
71;96;1;15;2
71;132;1;44;1
71;2;1;96;8
71;125;1;12;9
71;105;1;12;10
71;67;1;15;1
71;140;1;96;2
71;57;1;15;3
71;64;1;12;8
71;134;1;12;11
71;115;1;12;21
71;97;1;96;3
71;15;1;15;3
71;67;1;44;2
71;17;1;96;6
71;107;1;22;10
71;119;1;15;3
71;86;1;22;12
71;6;1;96;2
71;13;1;96;7
71;81;1;96;2
71;111;1;96;6
71;117;1;15;3
71;23;1;96;6
71;136;1;22;39
71;73;1;96;3
71;58;1;21;1
71;15;1;96;3
71;117;1;95;3
71;130;1;95;1
71;135;1;15;2
71;26;1;95;2
71;57;1;95;1
71;138;1;15;1
71;70;1;44;1
71;84;1;95;3
71;58;1;44;2
71;140;1;44;1
71;1;1;44;1
71;2;1;95;9
71;100;1;95;3
71;67;1;30;1
71;26;1;44;2
71;57;1;44;1
71;93;1;95;1
71;107;1;95;1
71;134;1;44;1
71;92;1;44;1
71;88;1;44;3
71;140;1;95;1
71;6;1;95;1
71;13;1;95;3
71;111;1;95;1
71;8;1;95;2
71;15;1;95;4
71;52;1;96;7
71;66;1;96;2
71;97;1;95;1
71;52;1;12;16
71;66;1;12;11
71;23;1;95;1
71;86;1;44;3
71;92;1;12;18
71;88;1;12;9
71;93;1;12;10
71;92;1;96;4
71;135;1;44;2
71;88;1;96;7
71;58;1;13;114
71;136;1;44;1
71;130;1;44;2
71;10;1;95;2
71;6;1;16;1
71;16;1;95;3
71;6;1;12;10
71;113;1;95;6
71;106;1;21;1
71;117;1;12;14
71;73;1;12;9
71;119;1;44;4
71;107;1;12;16
71;115;1;44;3
71;1;1;13;138
71;30;1;44;1
71;70;1;13;131
71;13;1;12;21
71;81;1;12;9
71;32;1;44;2
71;91;1;22;26
71;111;1;12;14
71;125;1;44;1
71;105;1;44;3
71;24;1;30;1
71;137;1;22;21
71;82;1;95;1
71;133;1;22;36
71;130;1;12;10
71;52;1;15;3
71;67;1;14;1
71;102;1;22;36
71;141;1;22;16
71;8;1;96;3
71;90;1;95;1
71;15;1;12;20
71;130;1;30;1
71;102;1;13;205
71;58;1;95;1
71;141;1;13;114
71;17;1;15;2
71;137;1;13;136
71;133;1;13;194
71;97;1;12;5
71;16;1;80;1
71;121;1;95;1
71;70;1;95;2
71;91;1;13;184
71;94;1;13;103
71;53;1;95;1
71;132;1;16;1
71;135;1;13;201
71;98;1;95;1
71;75;1;13;110
71;92;1;15;1
71;2;1;30;1
71;88;1;15;2
71;18;1;22;16
71;140;1;30;1
71;20;1;13;116
71;129;1;22;53
71;110;1;22;50
71;138;1;95;1
71;100;1;96;2
71;118;1;96;3
71;84;1;96;4
71;96;1;13;91
71;20;1;22;25
71;124;1;14;1
71;26;1;12;9
71;57;1;12;18
71;108;1;22;20
71;119;1;13;206
71;94;1;22;9
71;22;1;95;3
71;67;1;13;204
71;13;1;44;1
71;23;1;12;14
71;111;1;44;3
71;80;1;15;3
71;39;1;95;1
71;144;1;15;1
71;108;1;80;1
71;138;1;13;152
71;74;1;15;3
71;124;1;13;116
71;18;1;13;142
71;2;1;12;14
71;129;1;13;165
71;15;1;44;2
71;140;1;12;5
71;61;1;95;5
71;132;1;13;172
71;110;1;13;177
71;12;1;15;6
71;72;1;95;3
71;24;1;95;3
71;30;1;15;2
71;12;1;95;3
71;9;1;95;1
71;6;1;44;1
71;93;1;44;3
71;107;1;44;1
71;80;1;95;5
71;125;1;15;3
71;119;1;12;13
71;105;1;15;3
71;25;1;95;2
71;106;1;15;2
71;72;1;15;3
71;24;1;15;7
71;138;1;12;5
71;124;1;12;9
71;86;1;15;7
71;58;1;12;10
71;1;1;12;9
71;108;1;13;137
71;97;1;44;1
71;23;1;44;2
71;70;1;12;3
71;83;1;95;1
71;25;1;15;5
71;118;1;22;6
71;84;1;22;51
71;136;1;15;2
71;69;1;96;5
71;16;1;96;4
71;69;1;22;13
71;52;1;30;1
71;16;1;22;52
71;113;1;22;24
71;96;1;12;4
71;113;1;96;5
71;135;1;12;14
71;75;1;12;5
71;10;1;22;21
71;134;1;15;4
71;115;1;15;4
71;132;1;12;16
71;67;1;12;3
71;102;1;95;2
71;91;1;15;1
71;133;1;30;1
71;137;1;15;3
71;133;1;15;4
71;20;1;12;11
71;20;1;95;2
71;8;1;22;14
71;18;1;15;1
71;102;1;12;9
71;141;1;12;6
71;94;1;12;8
71;102;1;44;2
71;129;1;15;3
71;110;1;15;4
71;100;1;22;26
71;129;1;95;3
71;110;1;95;3
71;118;1;15;2
71;84;1;15;8
71;108;1;12;4
71;108;1;44;1
71;91;1;95;1
71;94;1;95;1
71;108;1;96;6
71;108;1;15;1
71;133;1;95;3
71;94;1;96;3
71;108;1;95;2
71;106;1;96;2
71;18;1;44;1
71;129;1;44;2
71;16;1;14;1
71;20;1;96;7
71;74;1;96;4
71;102;1;15;4
71;141;1;15;2
71;16;1;30;1
71;20;1;44;3
71;16;1;15;3
71;113;1;15;7
71;84;1;44;4
71;83;1;96;1
71;18;1;96;2
71;110;1;96;7
71;25;1;96;4
71;102;1;96;4
71;141;1;96;4
71;12;1;96;8
71;91;1;96;1
71;137;1;96;2
71;133;1;96;5
71;72;1;96;6
71;24;1;96;5
71;80;1;96;2
71;144;1;96;6
71;25;1;44;1
71;69;1;44;1
71;16;1;44;1
71;113;1;44;3
71;12;1;44;2
71;72;1;44;1
71;74;1;44;1
