zona;secao;cargo;numero;votos
19;40;1;13;153
19;40;1;22;117
19;40;1;30;1
19;40;1;55;4
19;40;1;70;2
19;40;1;80;1
19;40;1;95;4
19;40;1;96;6
19;40;6;10;1
19;40;6;13;1
19;40;6;18;2
19;40;6;55;1
19;40;6;65;1
19;40;6;95;6
19;40;6;96;6
19;40;6;1055;8
19;40;6;1301;1
19;40;6;1322;2
19;40;6;1323;21
19;40;6;1333;4
19;40;6;1399;2
19;40;6;1555;2
19;40;6;2200;3
19;40;6;2211;1
19;40;6;2222;25
19;40;6;2277;6
19;40;6;2288;1
19;40;6;2299;30
19;40;6;2518;1
19;40;6;4000;2
19;40;6;4040;6
19;40;6;4077;1
19;40;6;4343;3
19;40;6;4422;1
19;40;6;4445;2
19;40;6;4477;1
19;40;6;4500;1
19;40;6;4555;2
19;40;6;5050;1
19;40;6;5077;1
19;40;6;5511;3
19;40;6;5544;1
19;40;6;5555;133
19;40;6;5588;3
19;40;6;7700;1
19;40;6;7788;1
19;40;7;13;4
19;40;7;15;1
19;40;7;22;1
19;40;7;40;1
19;40;7;44;1
19;40;7;55;4
19;40;7;95;9
19;40;7;96;8
19;40;7;10333;3
19;40;7;11888;2
19;40;7;13013;2
19;40;7;13132;2
19;40;7;13222;16
19;40;7;13258;9
19;40;7;13333;1
19;40;7;13444;7
19;40;7;13456;1
19;40;7;22000;4
19;40;7;22022;8
19;40;7;22221;2
19;40;7;22222;8
19;40;7;22762;1
19;40;7;22777;6
19;40;7;22888;1
19;40;7;33333;1
19;40;7;40700;5
19;40;7;40777;18
19;40;7;45190;3
19;40;7;45455;1
19;40;7;50555;1
19;40;7;55111;2
19;40;7;55333;12
19;40;7;55555;143
19;40;5;95;28
19;40;5;96;50
19;40;5;180;128
19;40;5;222;115
19;40;5;400;139
19;40;5;445;116
19;40;3;13;139
19;40;3;45;126
19;40;3;95;6
19;40;3;96;17
19;41;1;13;140
19;41;1;14;4
19;41;1;22;112
19;41;1;55;3
19;41;1;70;5
19;41;1;95;7
19;41;1;96;4
19;41;6;13;2
19;41;6;22;1
19;41;6;50;1
19;41;6;55;2
19;41;6;95;8
19;41;6;96;5
19;41;6;1010;1
19;41;6;1055;7
19;41;6;1301;2
19;41;6;1323;10
19;41;6;1333;3
19;41;6;1515;1
19;41;6;1555;1
19;41;6;2200;2
19;41;6;2222;35
19;41;6;2255;1
19;41;6;2270;1
19;41;6;2277;2
19;41;6;2288;1
19;41;6;2299;21
19;41;6;4000;3
19;41;6;4001;1
19;41;6;4040;6
19;41;6;4077;1
19;41;6;4343;2
19;41;6;4422;1
19;41;6;4433;1
19;41;6;4444;3
19;41;6;4445;1
19;41;6;4490;1
19;41;6;4545;1
19;41;6;4555;2
19;41;6;5050;1
19;41;6;5077;1
19;41;6;5511;2
19;41;6;5533;3
19;41;6;5555;134
19;41;6;5588;4
19;41;7;13;1
19;41;7;18;1
19;41;7;40;5
19;41;7;44;4
19;41;7;50;1
19;41;7;55;1
19;41;7;95;7
19;41;7;96;5
19;41;7;10123;1
19;41;7;10222;3
19;41;7;10333;5
19;41;7;10999;2
19;41;7;13013;2
19;41;7;13113;1
19;41;7;13222;14
19;41;7;13258;9
19;41;7;13333;2
19;41;7;13444;4
19;41;7;13456;4
19;41;7;15000;1
19;41;7;15222;2
19;41;7;22000;1
19;41;7;22022;4
19;41;7;22190;2
19;41;7;22221;1
19;41;7;22222;14
19;41;7;22322;1
19;41;7;22345;1
19;41;7;22444;1
19;41;7;22777;4
19;41;7;22822;1
19;41;7;22888;1
19;41;7;40110;1
19;41;7;40123;2
19;41;7;40333;1
19;41;7;40700;7
19;41;7;40777;8
19;41;7;40888;1
19;41;7;44444;3
19;41;7;44447;2
19;41;7;45222;1
19;41;7;45678;2
19;41;7;45777;1
19;41;7;45999;2
19;41;7;50180;1
19;41;7;50555;1
19;41;7;55000;2
19;41;7;55111;1
19;41;7;55333;10
19;41;7;55555;123
19;41;5;95;32
19;41;5;96;49
19;41;5;180;121
19;41;5;222;104
19;41;5;300;2
19;41;5;400;134
19;41;5;445;108
19;41;3;13;139
19;41;3;45;114
19;41;3;95;7
19;41;3;96;15
19;42;1;13;148
19;42;1;14;6
19;42;1;21;1
19;42;1;22;99
19;42;1;55;5
19;42;1;70;7
19;42;1;95;1
19;42;1;96;13
19;42;6;12;1
19;42;6;13;1
19;42;6;22;3
19;42;6;40;1
19;42;6;44;1
19;42;6;55;1
19;42;6;95;1
19;42;6;96;15
19;42;6;1022;1
19;42;6;1055;3
19;42;6;1301;2
19;42;6;1322;2
19;42;6;1323;13
19;42;6;1331;2
19;42;6;1333;1
19;42;6;1399;1
19;42;6;1520;1
19;42;6;1555;5
19;42;6;1800;1
19;42;6;2200;1
19;42;6;2222;26
19;42;6;2255;1
19;42;6;2266;1
19;42;6;2277;4
19;42;6;2288;1
19;42;6;2299;25
19;42;6;4000;2
19;42;6;4020;2
19;42;6;4040;4
19;42;6;4044;1
19;42;6;4055;1
19;42;6;4343;1
19;42;6;4444;1
19;42;6;4456;1
19;42;6;4555;1
19;42;6;4592;1
19;42;6;5050;5
19;42;6;5511;1
19;42;6;5533;3
19;42;6;5555;139
19;42;6;7700;2
19;42;7;11;1
19;42;7;13;1
19;42;7;20;1
19;42;7;22;3
19;42;7;40;2
19;42;7;44;1
19;42;7;45;3
19;42;7;50;1
19;42;7;55;4
19;42;7;95;8
19;42;7;96;10
19;42;7;10222;1
19;42;7;10333;4
19;42;7;10478;1
19;42;7;11888;1
19;42;7;13013;2
19;42;7;13222;6
19;42;7;13258;12
19;42;7;13333;1
19;42;7;13444;4
19;42;7;13456;4
19;42;7;13999;1
19;42;7;22000;2
19;42;7;22022;3
19;42;7;22190;2
19;42;7;22221;3
19;42;7;22222;5
19;42;7;22223;1
19;42;7;22322;1
19;42;7;22777;5
19;42;7;22888;2
19;42;7;33222;2
19;42;7;33833;1
19;42;7;40111;1
19;42;7;40200;1
19;42;7;40234;1
19;42;7;40700;4
19;42;7;40777;15
19;42;7;44022;1
19;42;7;44444;1
19;42;7;45123;1
19;42;7;45222;2
19;42;7;45888;1
19;42;7;45999;1
19;42;7;50013;1
19;42;7;50111;1
19;42;7;50500;1
19;42;7;50555;2
19;42;7;55000;2
19;42;7;55333;15
19;42;7;55555;130
19;42;5;95;32
19;42;5;96;75
19;42;5;162;1
19;42;5;180;122
19;42;5;222;100
19;42;5;300;2
19;42;5;400;132
19;42;5;445;95
19;42;5;800;1
19;42;3;13;137
19;42;3;14;1
19;42;3;45;111
19;42;3;95;5
19;42;3;96;26
19;43;1;13;116
19;43;1;14;3
19;43;1;22;93
19;43;1;55;2
19;43;1;70;1
19;43;1;96;6
19;43;6;12;1
19;43;6;13;1
19;43;6;14;1
19;43;6;55;1
19;43;6;95;6
19;43;6;96;2
19;43;6;1055;6
19;43;6;1234;2
19;43;6;1299;1
19;43;6;1301;2
19;43;6;1312;1
19;43;6;1323;13
19;43;6;1515;1
19;43;6;1555;5
19;43;6;1800;1
19;43;6;2200;2
19;43;6;2222;19
19;43;6;2233;2
19;43;6;2277;1
19;43;6;2299;25
19;43;6;4000;1
19;43;6;4040;1
19;43;6;4055;1
19;43;6;4077;1
19;43;6;4343;1
19;43;6;4422;3
19;43;6;4444;1
19;43;6;4555;1
19;43;6;4592;1
19;43;6;5050;1
19;43;6;5511;3
19;43;6;5555;103
19;43;6;5588;6
19;43;6;7700;2
19;43;6;7711;2
19;43;7;40;3
19;43;7;44;2
19;43;7;95;5
19;43;7;96;6
19;43;7;10100;1
19;43;7;10222;2
19;43;7;10333;7
19;43;7;10444;3
19;43;7;10999;1
19;43;7;11888;1
19;43;7;13000;1
19;43;7;13013;1
19;43;7;13123;1
19;43;7;13222;12
19;43;7;13258;4
19;43;7;13333;2
19;43;7;13444;1
19;43;7;13456;5
19;43;7;13777;1
19;43;7;13888;2
19;43;7;22000;2
19;43;7;22022;4
19;43;7;22190;2
19;43;7;22221;2
19;43;7;22222;4
19;43;7;22223;1
19;43;7;22422;1
19;43;7;22777;5
19;43;7;33555;1
19;43;7;33833;1
19;43;7;40700;10
19;43;7;40777;11
19;43;7;43000;1
19;43;7;44444;1
19;43;7;45100;1
19;43;7;45999;2
19;43;7;50555;3
19;43;7;55000;1
19;43;7;55111;1
19;43;7;55333;12
19;43;7;55555;93
19;43;7;55777;1
19;43;5;95;22
19;43;5;96;33
19;43;5;180;96
19;43;5;222;84
19;43;5;300;2
19;43;5;400;113
19;43;5;445;89
19;43;5;800;3
19;43;3;13;111
19;43;3;14;1
19;43;3;45;92
19;43;3;95;3
19;43;3;96;14
19;44;1;13;109
19;44;1;14;1
19;44;1;22;86
19;44;1;55;3
19;44;1;70;4
19;44;1;95;5
19;44;1;96;7
19;44;6;11;1
19;44;6;13;3
19;44;6;44;1
19;44;6;45;1
19;44;6;55;1
19;44;6;95;7
19;44;6;96;6
19;44;6;1010;4
19;44;6;1055;8
19;44;6;1301;1
19;44;6;1313;1
19;44;6;1323;9
19;44;6;1515;1
19;44;6;1555;1
19;44;6;1800;1
19;44;6;2200;1
19;44;6;2222;17
19;44;6;2277;2
19;44;6;2288;2
19;44;6;2299;24
19;44;6;2525;1
19;44;6;4000;4
19;44;6;4040;1
19;44;6;4077;1
19;44;6;4343;1
19;44;6;4422;1
19;44;6;4444;2
19;44;6;4445;1
19;44;6;4592;1
19;44;6;5050;5
19;44;6;5077;1
19;44;6;5544;1
19;44;6;5555;98
19;44;6;5588;3
19;44;6;7700;2
19;44;7;13;2
19;44;7;18;2
19;44;7;22;2
19;44;7;40;4
19;44;7;44;2
19;44;7;55;2
19;44;7;95;11
19;44;7;96;5
19;44;7;10123;4
19;44;7;10333;8
19;44;7;10444;2
19;44;7;10999;1
19;44;7;13013;1
19;44;7;13123;1
19;44;7;13222;9
19;44;7;13258;4
19;44;7;13456;2
19;44;7;13888;1
19;44;7;15000;1
19;44;7;22000;4
19;44;7;22022;2
19;44;7;22190;1
19;44;7;22221;3
19;44;7;22222;4
19;44;7;22322;2
19;44;7;22422;1
19;44;7;22777;2
19;44;7;22888;2
19;44;7;40222;1
19;44;7;40700;5
19;44;7;40777;10
19;44;7;44444;1
19;44;7;45777;1
19;44;7;50180;1
19;44;7;50555;5
19;44;7;55000;1
19;44;7;55333;7
19;44;7;55555;97
19;44;7;55777;1
19;44;5;95;30
19;44;5;96;40
19;44;5;180;98
19;44;5;222;79
19;44;5;300;2
19;44;5;400;98
19;44;5;445;83
19;44;3;13;97
19;44;3;45;98
19;44;3;95;12
19;44;3;96;8
19;45;1;13;114
19;45;1;14;3
19;45;1;22;79
19;45;1;55;3
19;45;1;70;4
19;45;1;95;3
19;45;1;96;6
19;45;6;13;1
19;45;6;45;1
19;45;6;55;1
19;45;6;95;4
19;45;6;96;3
19;45;6;1010;2
19;45;6;1022;1
19;45;6;1055;6
19;45;6;1301;5
19;45;6;1323;17
19;45;6;1331;1
19;45;6;1333;1
19;45;6;1544;1
19;45;6;2200;3
19;45;6;2222;13
19;45;6;2277;4
19;45;6;2299;18
19;45;6;2580;1
19;45;6;4010;1
19;45;6;4040;2
19;45;6;4343;1
19;45;6;4444;1
19;45;6;4445;1
19;45;6;4555;1
19;45;6;5050;1
19;45;6;5511;1
19;45;6;5522;1
19;45;6;5555;113
19;45;6;5588;2
19;45;6;6565;1
19;45;6;7700;3
19;45;7;10;1
19;45;7;13;1
19;45;7;22;2
19;45;7;25;1
19;45;7;40;2
19;45;7;44;1
19;45;7;55;3
19;45;7;95;4
19;45;7;96;5
19;45;7;10123;2
19;45;7;10333;4
19;45;7;10444;3
19;45;7;10999;1
19;45;7;11888;1
19;45;7;12345;1
19;45;7;13123;1
19;45;7;13132;1
19;45;7;13222;5
19;45;7;13258;7
19;45;7;13333;1
19;45;7;13444;1
19;45;7;13456;5
19;45;7;13888;2
19;45;7;15222;1
19;45;7;22000;4
19;45;7;22022;3
19;45;7;22222;2
19;45;7;22322;3
19;45;7;22484;1
19;45;7;22777;6
19;45;7;40700;3
19;45;7;40777;15
19;45;7;44444;1
19;45;7;45190;1
19;45;7;45455;1
19;45;7;45888;1
19;45;7;45999;1
19;45;7;50555;1
19;45;7;55333;11
19;45;7;55555;99
19;45;7;55777;2
19;45;7;77192;1
19;45;5;95;18
19;45;5;96;33
19;45;5;180;100
19;45;5;222;79
19;45;5;300;2
19;45;5;400;113
19;45;5;445;78
19;45;5;800;1
19;45;3;13;110
19;45;3;45;89
19;45;3;95;2
19;45;3;96;11
19;46;1;13;73
19;46;1;22;56
19;46;1;55;1
19;46;1;70;1
19;46;1;96;2
19;46;6;13;1
19;46;6;55;2
19;46;6;95;4
19;46;6;96;1
19;46;6;1055;3
19;46;6;1301;1
19;46;6;1322;1
19;46;6;1323;6
19;46;6;1331;1
19;46;6;1333;1
19;46;6;1399;1
19;46;6;1555;1
19;46;6;1800;1
19;46;6;2200;3
19;46;6;2222;7
19;46;6;2277;3
19;46;6;2299;19
19;46;6;4040;1
19;46;6;4599;1
19;46;6;5050;2
19;46;6;5511;1
19;46;6;5555;70
19;46;6;5588;2
19;46;7;18;2
19;46;7;22;2
19;46;7;40;3
19;46;7;44;2
19;46;7;55;2
19;46;7;77;1
19;46;7;95;4
19;46;7;10222;1
19;46;7;10333;4
19;46;7;13222;7
19;46;7;13258;4
19;46;7;13444;2
19;46;7;13456;2
19;46;7;22000;4
19;46;7;22022;2
19;46;7;22111;1
19;46;7;22222;2
19;46;7;22322;2
19;46;7;22777;3
19;46;7;22888;1
19;46;7;40777;7
19;46;7;44447;1
19;46;7;45222;1
19;46;7;45999;1
19;46;7;50013;1
19;46;7;50180;1
19;46;7;50555;1
19;46;7;55000;1
19;46;7;55333;6
19;46;7;55555;61
19;46;7;55777;1
19;46;5;95;16
19;46;5;96;30
19;46;5;180;51
19;46;5;222;55
19;46;5;400;60
19;46;5;445;53
19;46;5;800;1
19;46;3;13;70
19;46;3;45;57
19;46;3;95;1
19;46;3;96;5
19;47;1;13;130
19;47;1;22;111
19;47;1;55;4
19;47;1;70;3
19;47;1;95;3
19;47;1;96;12
19;47;6;11;2
19;47;6;12;2
19;47;6;13;1
19;47;6;22;2
19;47;6;40;1
19;47;6;55;1
19;47;6;95;6
19;47;6;96;4
19;47;6;1010;2
19;47;6;1055;6
19;47;6;1234;1
19;47;6;1322;2
19;47;6;1323;12
19;47;6;1333;2
19;47;6;1515;1
19;47;6;1520;1
19;47;6;1555;1
19;47;6;2200;5
19;47;6;2222;17
19;47;6;2252;1
19;47;6;2277;2
19;47;6;2299;23
19;47;6;2518;1
19;47;6;4000;1
19;47;6;4020;1
19;47;6;4040;4
19;47;6;4077;3
19;47;6;4343;1
19;47;6;4444;2
19;47;6;4555;1
19;47;6;5050;1
19;47;6;5077;2
19;47;6;5511;3
19;47;6;5555;142
19;47;6;5580;1
19;47;6;5588;3
19;47;6;7700;2
19;47;7;13;1
19;47;7;18;3
19;47;7;22;1
19;47;7;40;6
19;47;7;45;2
19;47;7;55;4
19;47;7;95;4
19;47;7;96;5
19;47;7;10000;1
19;47;7;10123;2
19;47;7;10222;2
19;47;7;10333;4
19;47;7;10999;2
19;47;7;13133;1
19;47;7;13222;7
19;47;7;13258;8
19;47;7;13444;3
19;47;7;13456;5
19;47;7;13888;1
19;47;7;13999;1
19;47;7;15333;1
19;47;7;22000;5
19;47;7;22022;7
19;47;7;22130;1
19;47;7;22221;2
19;47;7;22222;7
19;47;7;22522;1
19;47;7;22762;1
19;47;7;22777;2
19;47;7;40100;1
19;47;7;40700;6
19;47;7;40777;7
19;47;7;40789;1
19;47;7;44444;6
19;47;7;44447;1
19;47;7;45456;1
19;47;7;50013;1
19;47;7;50555;3
19;47;7;55000;2
19;47;7;55333;13
19;47;7;55555;131
19;47;5;95;19
19;47;5;96;55
19;47;5;180;118
19;47;5;222;99
19;47;5;300;1
19;47;5;400;125
19;47;5;445;108
19;47;5;800;1
19;47;3;13;128
19;47;3;45;109
19;47;3;80;1
19;47;3;95;2
19;47;3;96;23
19;48;1;13;147
19;48;1;14;4
19;48;1;22;108
19;48;1;55;4
19;48;1;70;4
19;48;1;95;3
19;48;1;96;13
19;48;6;13;2
19;48;6;22;3
19;48;6;45;1
19;48;6;55;3
19;48;6;95;7
19;48;6;96;10
19;48;6;1010;3
19;48;6;1022;1
19;48;6;1055;5
19;48;6;1144;1
19;48;6;1234;3
19;48;6;1301;2
19;48;6;1323;15
19;48;6;1331;2
19;48;6;1333;1
19;48;6;1533;1
19;48;6;1555;3
19;48;6;2200;3
19;48;6;2222;17
19;48;6;2234;1
19;48;6;2277;8
19;48;6;2288;1
19;48;6;2299;17
19;48;6;4000;3
19;48;6;4040;7
19;48;6;4055;1
19;48;6;4077;1
19;48;6;4343;1
19;48;6;4422;1
19;48;6;4444;4
19;48;6;4555;1
19;48;6;5012;1
19;48;6;5511;1
19;48;6;5533;1
19;48;6;5555;146
19;48;6;5588;4
19;48;6;7700;1
19;48;7;12;2
19;48;7;13;1
19;48;7;15;1
19;48;7;18;2
19;48;7;22;2
19;48;7;30;1
19;48;7;40;3
19;48;7;44;2
19;48;7;45;2
19;48;7;55;4
19;48;7;95;7
19;48;7;96;11
19;48;7;10100;1
19;48;7;10123;3
19;48;7;10333;3
19;48;7;10444;1
19;48;7;10879;1
19;48;7;11111;1
19;48;7;12222;1
19;48;7;13000;1
19;48;7;13013;2
19;48;7;13222;5
19;48;7;13258;7
19;48;7;13444;5
19;48;7;13456;7
19;48;7;13777;1
19;48;7;13888;1
19;48;7;13999;1
19;48;7;22000;2
19;48;7;22022;6
19;48;7;22222;4
19;48;7;22422;1
19;48;7;22762;1
19;48;7;22777;6
19;48;7;40555;1
19;48;7;40700;6
19;48;7;40777;13
19;48;7;44444;4
19;48;7;45645;1
19;48;7;45777;1
19;48;7;45999;1
19;48;7;50555;1
19;48;7;55000;2
19;48;7;55011;1
19;48;7;55333;10
19;48;7;55555;142
19;48;7;77888;1
19;48;5;95;30
19;48;5;96;86
19;48;5;180;115
19;48;5;222;101
19;48;5;400;126
19;48;5;445;106
19;48;5;800;2
19;48;3;13;131
19;48;3;14;1
19;48;3;45;116
19;48;3;95;7
19;48;3;96;28
19;49;1;13;157
19;49;1;14;3
19;49;1;22;99
19;49;1;55;5
19;49;1;70;6
19;49;1;80;1
19;49;1;95;6
19;49;1;96;9
19;49;6;13;2
19;49;6;45;1
19;49;6;95;3
19;49;6;96;6
19;49;6;1010;1
19;49;6;1022;1
19;49;6;1055;7
19;49;6;1322;3
19;49;6;1323;15
19;49;6;1331;1
19;49;6;1333;2
19;49;6;1555;4
19;49;6;2200;2
19;49;6;2222;21
19;49;6;2234;1
19;49;6;2277;1
19;49;6;2299;25
19;49;6;4040;3
19;49;6;4077;1
19;49;6;4343;2
19;49;6;4422;1
19;49;6;4444;2
19;49;6;4445;2
19;49;6;4456;1
19;49;6;5001;1
19;49;6;5511;1
19;49;6;5533;1
19;49;6;5544;1
19;49;6;5555;170
19;49;6;5588;3
19;49;6;7700;1
19;49;7;12;1
19;49;7;18;1
19;49;7;22;2
19;49;7;44;2
19;49;7;45;1
19;49;7;55;5
19;49;7;95;6
19;49;7;96;5
19;49;7;10222;1
19;49;7;10333;6
19;49;7;10478;1
19;49;7;10999;1
19;49;7;13013;4
19;49;7;13111;1
19;49;7;13222;12
19;49;7;13258;4
19;49;7;13444;1
19;49;7;13456;6
19;49;7;13777;1
19;49;7;15222;1
19;49;7;22000;3
19;49;7;22022;4
19;49;7;22190;1
19;49;7;22221;1
19;49;7;22222;1
19;49;7;22223;2
19;49;7;22322;1
19;49;7;22345;1
19;49;7;22444;2
19;49;7;22762;2
19;49;7;22777;2
19;49;7;40123;2
19;49;7;40333;1
19;49;7;40700;5
19;49;7;40777;14
19;49;7;44022;1
19;49;7;44444;2
19;49;7;45190;2
19;49;7;45777;1
19;49;7;45888;1
19;49;7;55000;1
19;49;7;55333;12
19;49;7;55555;160
19;49;7;55888;2
19;49;5;95;29
19;49;5;96;56
19;49;5;180;136
19;49;5;222;94
19;49;5;300;1
19;49;5;400;153
19;49;5;445;103
19;49;3;13;154
19;49;3;45;110
19;49;3;95;8
19;49;3;96;14
19;50;1;13;124
19;50;1;14;5
19;50;1;22;110
19;50;1;55;4
19;50;1;70;4
19;50;1;95;3
19;50;1;96;8
19;50;6;12;2
19;50;6;22;3
19;50;6;95;5
19;50;6;96;5
19;50;6;1010;1
19;50;6;1055;8
19;50;6;1301;2
19;50;6;1311;1
19;50;6;1323;17
19;50;6;1331;1
19;50;6;1333;3
19;50;6;1414;1
19;50;6;1515;1
19;50;6;1520;1
19;50;6;1555;1
19;50;6;2200;5
19;50;6;2211;1
19;50;6;2220;1
19;50;6;2222;26
19;50;6;2277;4
19;50;6;2288;3
19;50;6;2299;21
19;50;6;2518;1
19;50;6;3030;1
19;50;6;4000;5
19;50;6;4040;9
19;50;6;4077;1
19;50;6;4343;1
19;50;6;4422;1
19;50;6;4444;2
19;50;6;4445;1
19;50;6;4455;1
19;50;6;4490;1
19;50;6;5050;3
19;50;6;5510;1
19;50;6;5511;1
19;50;6;5555;112
19;50;6;5588;4
19;50;7;22;2
19;50;7;40;2
19;50;7;44;3
19;50;7;45;1
19;50;7;55;1
19;50;7;95;6
19;50;7;96;6
19;50;7;10123;1
19;50;7;10222;1
19;50;7;10333;5
19;50;7;10999;1
19;50;7;13013;2
19;50;7;13123;1
19;50;7;13222;7
19;50;7;13258;6
19;50;7;13333;1
19;50;7;13444;9
19;50;7;13456;8
19;50;7;13700;1
19;50;7;13999;1
19;50;7;15333;1
19;50;7;22000;3
19;50;7;22022;8
19;50;7;22221;2
19;50;7;22222;8
19;50;7;22322;1
19;50;7;22762;1
19;50;7;22777;5
19;50;7;22888;3
19;50;7;40333;1
19;50;7;40500;1
19;50;7;40700;2
19;50;7;40777;14
19;50;7;40999;1
19;50;7;44444;1
19;50;7;44456;1
19;50;7;45190;1
19;50;7;45888;2
19;50;7;45999;1
19;50;7;50013;1
19;50;7;50180;1
19;50;7;50555;1
19;50;7;55100;2
19;50;7;55333;20
19;50;7;55555;111
19;50;5;95;30
19;50;5;96;49
19;50;5;180;116
19;50;5;222;91
19;50;5;300;3
19;50;5;400;124
19;50;5;445;102
19;50;5;800;1
19;50;3;13;120
19;50;3;45;117
19;50;3;95;5
19;50;3;96;16
19;51;1;13;142
19;51;1;14;1
19;51;1;22;100
19;51;1;55;4
19;51;1;70;3
19;51;1;95;2
19;51;1;96;11
19;51;6;12;1
19;51;6;13;1
19;51;6;40;1
19;51;6;44;1
19;51;6;50;1
19;51;6;95;8
19;51;6;96;7
19;51;6;1010;2
19;51;6;1055;7
19;51;6;1234;1
19;51;6;1301;2
19;51;6;1313;1
19;51;6;1322;1
19;51;6;1323;22
19;51;6;1331;1
19;51;6;1333;2
19;51;6;1399;1
19;51;6;1511;1
19;51;6;1555;4
19;51;6;2200;5
19;51;6;2222;27
19;51;6;2299;21
19;51;6;3030;1
19;51;6;4000;5
19;51;6;4040;5
19;51;6;4077;2
19;51;6;4422;1
19;51;6;4444;4
19;51;6;4490;1
19;51;6;5050;6
19;51;6;5533;1
19;51;6;5555;109
19;51;6;5588;7
19;51;6;6565;1
19;51;6;7700;1
19;51;6;8088;1
19;51;7;13;1
19;51;7;18;1
19;51;7;22;4
19;51;7;44;2
19;51;7;55;1
19;51;7;95;6
19;51;7;96;10
19;51;7;10100;1
19;51;7;10123;1
19;51;7;10222;1
19;51;7;10333;3
19;51;7;10444;3
19;51;7;13013;2
19;51;7;13113;1
19;51;7;13131;1
19;51;7;13133;1
19;51;7;13180;1
19;51;7;13222;11
19;51;7;13258;7
19;51;7;13333;3
19;51;7;13444;1
19;51;7;13456;7
19;51;7;15555;1
19;51;7;22000;2
19;51;7;22022;7
19;51;7;22130;1
19;51;7;22190;1
19;51;7;22221;3
19;51;7;22222;6
19;51;7;22322;2
19;51;7;22484;1
19;51;7;22762;1
19;51;7;22777;2
19;51;7;40700;4
19;51;7;40777;16
19;51;7;43000;1
19;51;7;44111;1
19;51;7;44444;4
19;51;7;45190;1
19;51;7;45678;1
19;51;7;45800;1
19;51;7;50013;2
19;51;7;50500;1
19;51;7;55100;1
19;51;7;55125;1
19;51;7;55333;16
19;51;7;55555;115
19;51;7;65013;1
19;51;7;77888;1
19;51;5;95;22
19;51;5;96;60
19;51;5;162;1
19;51;5;180;119
19;51;5;222;87
19;51;5;300;2
19;51;5;400;136
19;51;5;445;96
19;51;5;800;3
19;51;3;13;127
19;51;3;45;114
19;51;3;80;1
19;51;3;95;5
19;51;3;96;16
19;52;1;13;108
19;52;1;14;1
19;52;1;22;80
19;52;1;55;1
19;52;1;70;1
19;52;1;95;3
19;52;1;96;8
19;52;6;13;1
19;52;6;40;1
19;52;6;55;1
19;52;6;65;1
19;52;6;95;4
19;52;6;96;1
19;52;6;1010;1
19;52;6;1055;4
19;52;6;1234;1
19;52;6;1323;15
19;52;6;1333;1
19;52;6;1555;5
19;52;6;2200;3
19;52;6;2222;17
19;52;6;2277;1
19;52;6;2299;30
19;52;6;2322;1
19;52;6;2323;1
19;52;6;2525;1
19;52;6;2580;1
19;52;6;4000;3
19;52;6;4040;5
19;52;6;4055;1
19;52;6;4077;1
19;52;6;4545;1
19;52;6;4548;1
19;52;6;4555;4
19;52;6;5050;1
19;52;6;5511;2
19;52;6;5533;1
19;52;6;5555;86
19;52;6;5588;4
19;52;6;7711;1
19;52;7;10;1
19;52;7;13;1
19;52;7;18;2
19;52;7;22;1
19;52;7;23;2
19;52;7;25;1
19;52;7;40;3
19;52;7;55;1
19;52;7;77;1
19;52;7;95;4
19;52;7;96;3
19;52;7;10222;2
19;52;7;10333;8
19;52;7;11888;1
19;52;7;13013;3
19;52;7;13111;1
19;52;7;13132;1
19;52;7;13222;11
19;52;7;13258;4
19;52;7;13333;2
19;52;7;13444;3
19;52;7;13456;3
19;52;7;22000;1
19;52;7;22022;10
19;52;7;22221;3
19;52;7;22222;3
19;52;7;22345;1
19;52;7;22580;1
19;52;7;22777;3
19;52;7;40700;6
19;52;7;40777;14
19;52;7;40789;1
19;52;7;43000;1
19;52;7;44022;1
19;52;7;45800;1
19;52;7;45888;2
19;52;7;45999;1
19;52;7;50013;1
19;52;7;50180;1
19;52;7;55000;1
19;52;7;55333;14
19;52;7;55555;76
19;52;7;55777;1
19;52;5;95;25
19;52;5;96;45
19;52;5;180;85
19;52;5;222;76
19;52;5;300;2
19;52;5;400;95
19;52;5;445;76
19;52;3;13;90
19;52;3;45;96
19;52;3;95;1
19;52;3;96;15
19;53;1;13;107
19;53;1;14;4
19;53;1;22;80
19;53;1;55;2
19;53;1;70;3
19;53;1;95;2
19;53;1;96;6
19;53;6;13;1
19;53;6;50;1
19;53;6;55;2
19;53;6;95;3
19;53;6;96;8
19;53;6;1010;2
19;53;6;1055;9
19;53;6;1234;1
19;53;6;1299;1
19;53;6;1301;1
19;53;6;1323;17
19;53;6;1331;1
19;53;6;1333;1
19;53;6;2222;16
19;53;6;2277;2
19;53;6;2299;22
19;53;6;4040;4
19;53;6;4422;3
19;53;6;4555;2
19;53;6;5050;1
19;53;6;5055;1
19;53;6;5533;1
19;53;6;5555;95
19;53;6;5588;8
19;53;6;7700;1
19;53;7;10;1
19;53;7;12;1
19;53;7;13;1
19;53;7;22;1
19;53;7;40;2
19;53;7;50;1
19;53;7;55;1
19;53;7;95;3
19;53;7;96;7
19;53;7;10007;1
19;53;7;10123;3
19;53;7;10222;2
19;53;7;10333;10
19;53;7;11888;3
19;53;7;13000;1
19;53;7;13222;9
19;53;7;13258;6
19;53;7;13333;2
19;53;7;13444;3
19;53;7;13700;1
19;53;7;13888;1
19;53;7;22022;4
19;53;7;22222;8
19;53;7;22322;1
19;53;7;22762;1
19;53;7;22777;2
19;53;7;40700;3
19;53;7;40777;17
19;53;7;45777;1
19;53;7;45800;1
19;53;7;45888;1
19;53;7;45999;1
19;53;7;50555;2
19;53;7;55333;8
19;53;7;55555;94
19;53;5;95;20
19;53;5;96;48
19;53;5;180;89
19;53;5;222;74
19;53;5;300;1
19;53;5;400;98
19;53;5;445;78
19;53;3;13;99
19;53;3;45;89
19;53;3;95;4
19;53;3;96;12
19;57;1;13;82
19;57;1;14;3
19;57;1;22;75
19;57;1;70;4
19;57;1;95;6
19;57;1;96;9
19;57;6;13;1
19;57;6;44;1
19;57;6;95;9
19;57;6;96;5
19;57;6;1022;1
19;57;6;1055;4
19;57;6;1233;1
19;57;6;1300;1
19;57;6;1301;3
19;57;6;1322;1
19;57;6;1323;11
19;57;6;1331;2
19;57;6;1515;1
19;57;6;1555;1
19;57;6;2200;3
19;57;6;2222;18
19;57;6;2277;4
19;57;6;2288;3
19;57;6;2299;12
19;57;6;4000;1
19;57;6;4040;5
19;57;6;4055;1
19;57;6;4444;1
19;57;6;4445;1
19;57;6;4488;1
19;57;6;4555;2
19;57;6;5050;3
19;57;6;5511;3
19;57;6;5533;1
19;57;6;5555;73
19;57;6;5588;3
19;57;6;6565;1
19;57;6;7700;1
19;57;7;13;1
19;57;7;22;4
19;57;7;40;2
19;57;7;44;1
19;57;7;55;1
19;57;7;95;10
19;57;7;96;6
19;57;7;10333;6
19;57;7;11888;2
19;57;7;13111;1
19;57;7;13222;8
19;57;7;13258;2
19;57;7;13333;1
19;57;7;13444;3
19;57;7;13456;6
19;57;7;13999;2
19;57;7;15222;1
19;57;7;22000;1
19;57;7;22022;5
19;57;7;22221;4
19;57;7;22222;3
19;57;7;22444;1
19;57;7;22777;5
19;57;7;22888;3
19;57;7;33456;1
19;57;7;40700;5
19;57;7;40777;7
19;57;7;40789;1
19;57;7;44444;2
19;57;7;45222;1
19;57;7;45555;1
19;57;7;45888;1
19;57;7;45999;2
19;57;7;50013;1
19;57;7;50555;1
19;57;7;55111;2
19;57;7;55333;7
19;57;7;55555;68
19;57;5;95;28
19;57;5;96;39
19;57;5;180;73
19;57;5;222;67
19;57;5;300;5
19;57;5;400;78
19;57;5;445;68
19;57;3;13;80
19;57;3;14;1
19;57;3;45;83
19;57;3;95;5
19;57;3;96;10
19;58;1;13;102
19;58;1;14;3
19;58;1;22;76
19;58;1;30;1
19;58;1;55;2
19;58;1;70;3
19;58;1;95;2
19;58;1;96;4
19;58;6;13;1
19;58;6;18;1
19;58;6;22;2
19;58;6;23;1
19;58;6;40;2
19;58;6;95;2
19;58;6;1010;1
19;58;6;1055;6
19;58;6;1301;3
19;58;6;1322;1
19;58;6;1323;18
19;58;6;1333;1
19;58;6;1515;1
19;58;6;1555;4
19;58;6;2200;1
19;58;6;2222;12
19;58;6;2255;1
19;58;6;2277;2
19;58;6;2288;1
19;58;6;2299;16
19;58;6;3007;1
19;58;6;4000;1
19;58;6;4040;1
19;58;6;4055;1
19;58;6;4343;1
19;58;6;4422;2
19;58;6;4444;1
19;58;6;4445;1
19;58;6;4490;1
19;58;6;4555;1
19;58;6;5099;1
19;58;6;5511;1
19;58;6;5533;1
19;58;6;5555;94
19;58;6;5588;6
19;58;6;7700;1
19;58;6;8080;1
19;58;7;18;2
19;58;7;22;2
19;58;7;40;3
19;58;7;44;1
19;58;7;55;1
19;58;7;95;7
19;58;7;96;1
19;58;7;10007;1
19;58;7;10123;1
19;58;7;10222;2
19;58;7;10333;2
19;58;7;10444;1
19;58;7;11888;2
19;58;7;13123;1
19;58;7;13131;2
19;58;7;13222;1
19;58;7;13258;5
19;58;7;13333;3
19;58;7;13444;1
19;58;7;13456;8
19;58;7;13888;3
19;58;7;22000;2
19;58;7;22022;2
19;58;7;22190;2
19;58;7;22221;2
19;58;7;22222;3
19;58;7;22322;1
19;58;7;22345;1
19;58;7;22777;4
19;58;7;22888;1
19;58;7;30300;1
19;58;7;40000;1
19;58;7;40100;1
19;58;7;40444;1
19;58;7;40555;2
19;58;7;40700;8
19;58;7;40777;9
19;58;7;40789;2
19;58;7;44237;1
19;58;7;44444;1
19;58;7;44447;1
19;58;7;45190;1
19;58;7;45222;1
19;58;7;50555;1
19;58;7;55000;3
19;58;7;55100;1
19;58;7;55333;7
19;58;7;55555;83
19;58;5;95;26
19;58;5;96;28
19;58;5;162;1
19;58;5;180;89
19;58;5;222;68
19;58;5;300;3
19;58;5;400;102
19;58;5;445;68
19;58;5;800;1
19;58;3;13;99
19;58;3;45;80
19;58;3;80;1
19;58;3;95;1
19;58;3;96;12
19;59;1;13;89
19;59;1;14;1
19;59;1;22;79
19;59;1;27;1
19;59;1;70;4
19;59;1;95;3
19;59;1;96;6
19;59;6;11;1
19;59;6;12;1
19;59;6;13;1
19;59;6;95;13
19;59;6;96;3
19;59;6;1055;7
19;59;6;1301;1
19;59;6;1312;1
19;59;6;1313;1
19;59;6;1323;9
19;59;6;1333;2
19;59;6;1555;1
19;59;6;2211;1
19;59;6;2222;22
19;59;6;2277;5
19;59;6;2299;22
19;59;6;4040;2
19;59;6;4077;1
19;59;6;4343;1
19;59;6;4444;1
19;59;6;4545;1
19;59;6;5511;3
19;59;6;5533;1
19;59;6;5544;2
19;59;6;5555;77
19;59;6;5588;2
19;59;6;7700;1
19;59;7;13;1
19;59;7;22;2
19;59;7;40;2
19;59;7;44;1
19;59;7;55;1
19;59;7;95;15
19;59;7;96;4
19;59;7;10333;6
19;59;7;10444;1
19;59;7;10999;1
19;59;7;13222;10
19;59;7;13258;6
19;59;7;13444;1
19;59;7;13456;1
19;59;7;13777;1
19;59;7;15333;1
19;59;7;22000;2
19;59;7;22022;2
19;59;7;22190;1
19;59;7;22221;3
19;59;7;22222;9
19;59;7;22444;1
19;59;7;22777;4
19;59;7;40333;1
19;59;7;40700;1
19;59;7;40777;10
19;59;7;44444;1
19;59;7;45222;1
19;59;7;45800;1
19;59;7;50555;2
19;59;7;55000;2
19;59;7;55111;1
19;59;7;55333;9
19;59;7;55555;78
19;59;5;95;38
19;59;5;96;31
19;59;5;180;76
19;59;5;222;68
19;59;5;400;79
19;59;5;445;73
19;59;5;800;1
19;59;3;13;86
19;59;3;45;81
19;59;3;95;9
19;59;3;96;7
19;60;1;13;99
19;60;1;14;7
19;60;1;22;52
19;60;1;70;1
19;60;1;95;4
19;60;1;96;4
19;60;6;14;1
19;60;6;44;1
19;60;6;95;7
19;60;6;96;3
19;60;6;1010;1
19;60;6;1055;4
19;60;6;1301;1
19;60;6;1322;1
19;60;6;1323;9
19;60;6;1331;2
19;60;6;1333;1
19;60;6;1515;1
19;60;6;1555;3
19;60;6;2200;2
19;60;6;2222;15
19;60;6;2277;1
19;60;6;2299;19
19;60;6;3007;1
19;60;6;4040;5
19;60;6;4055;1
19;60;6;4422;2
19;60;6;4444;1
19;60;6;4545;1
19;60;6;4555;3
19;60;6;5050;1
19;60;6;5511;1
19;60;6;5555;71
19;60;6;5588;5
19;60;6;7700;3
19;60;7;13;2
19;60;7;18;1
19;60;7;22;1
19;60;7;45;1
19;60;7;95;8
19;60;7;96;6
19;60;7;10123;2
19;60;7;10222;1
19;60;7;10333;5
19;60;7;10444;4
19;60;7;10879;1
19;60;7;11888;1
19;60;7;13222;8
19;60;7;13258;2
19;60;7;13444;5
19;60;7;13456;1
19;60;7;13777;1
19;60;7;13888;1
19;60;7;13999;1
19;60;7;22000;3
19;60;7;22022;3
19;60;7;22222;2
19;60;7;22322;1
19;60;7;22345;1
19;60;7;22777;2
19;60;7;33456;1
19;60;7;40100;1
19;60;7;40700;3
19;60;7;40777;7
19;60;7;40789;2
19;60;7;44444;1
19;60;7;45999;1
19;60;7;55000;3
19;60;7;55333;10
19;60;7;55555;74
19;60;5;95;32
19;60;5;96;23
19;60;5;180;86
19;60;5;222;50
19;60;5;300;1
19;60;5;400;90
19;60;5;445;51
19;60;5;800;1
19;60;3;13;88
19;60;3;45;65
19;60;3;95;4
19;60;3;96;10
19;61;1;13;94
19;61;1;14;2
19;61;1;22;68
19;61;1;55;2
19;61;1;70;2
19;61;1;95;5
19;61;1;96;4
19;61;6;18;1
19;61;6;40;1
19;61;6;43;1
19;61;6;95;9
19;61;6;96;4
19;61;6;1010;1
19;61;6;1055;7
19;61;6;1111;1
19;61;6;1233;1
19;61;6;1322;1
19;61;6;1323;15
19;61;6;1331;2
19;61;6;1333;2
19;61;6;1400;1
19;61;6;1510;1
19;61;6;1515;1
19;61;6;1555;1
19;61;6;2200;2
19;61;6;2222;17
19;61;6;2234;1
19;61;6;2277;2
19;61;6;2288;2
19;61;6;2299;15
19;61;6;4000;4
19;61;6;4422;1
19;61;6;4555;4
19;61;6;5050;1
19;61;6;5511;1
19;61;6;5555;72
19;61;6;5588;3
19;61;6;7700;2
19;61;7;13;1
19;61;7;18;2
19;61;7;22;2
19;61;7;40;4
19;61;7;55;4
19;61;7;95;8
19;61;7;96;4
19;61;7;10123;2
19;61;7;10222;1
19;61;7;10333;5
19;61;7;10444;1
19;61;7;10879;1
19;61;7;11111;1
19;61;7;11888;1
19;61;7;13013;1
19;61;7;13222;8
19;61;7;13258;3
19;61;7;13333;1
19;61;7;13444;1
19;61;7;13777;1
19;61;7;13888;1
19;61;7;22000;2
19;61;7;22022;3
19;61;7;22221;1
19;61;7;22222;5
19;61;7;22444;1
19;61;7;22777;2
19;61;7;22888;1
19;61;7;40700;4
19;61;7;40777;17
19;61;7;40789;4
19;61;7;44010;1
19;61;7;44555;1
19;61;7;45222;1
19;61;7;45645;1
19;61;7;50555;2
19;61;7;55000;2
19;61;7;55333;12
19;61;7;55555;64
19;61;5;95;33
19;61;5;96;38
19;61;5;180;79
19;61;5;222;56
19;61;5;400;84
19;61;5;445;63
19;61;5;800;1
19;61;3;13;82
19;61;3;45;75
19;61;3;95;9
19;61;3;96;11
19;62;1;13;136
19;62;1;14;3
19;62;1;22;75
19;62;1;55;1
19;62;1;70;7
19;62;1;95;6
19;62;1;96;12
19;62;6;12;3
19;62;6;13;2
19;62;6;29;1
19;62;6;30;1
19;62;6;95;7
19;62;6;96;8
19;62;6;1010;2
19;62;6;1055;5
19;62;6;1301;3
19;62;6;1323;23
19;62;6;1331;1
19;62;6;1333;1
19;62;6;1399;1
19;62;6;1555;2
19;62;6;1888;1
19;62;6;2220;1
19;62;6;2222;17
19;62;6;2277;6
19;62;6;2299;22
19;62;6;3007;1
19;62;6;4000;2
19;62;6;4040;4
19;62;6;4343;1
19;62;6;4412;2
19;62;6;4445;1
19;62;6;4500;1
19;62;6;4555;2
19;62;6;5050;2
19;62;6;5533;1
19;62;6;5555;107
19;62;6;5588;5
19;62;6;7700;4
19;62;7;22;3
19;62;7;40;5
19;62;7;45;1
19;62;7;50;1
19;62;7;55;3
19;62;7;95;4
19;62;7;96;10
19;62;7;10123;3
19;62;7;10222;2
19;62;7;10444;4
19;62;7;11888;3
19;62;7;13113;1
19;62;7;13123;1
19;62;7;13131;1
19;62;7;13222;9
19;62;7;13258;7
19;62;7;13444;2
19;62;7;13456;7
19;62;7;13777;1
19;62;7;13888;3
19;62;7;15333;2
19;62;7;18108;1
19;62;7;22000;1
19;62;7;22022;3
19;62;7;22222;3
19;62;7;22322;1
19;62;7;22444;2
19;62;7;22777;5
19;62;7;22888;1
19;62;7;40700;6
19;62;7;40777;24
19;62;7;43000;1
19;62;7;44444;1
19;62;7;45999;1
19;62;7;55000;1
19;62;7;55333;17
19;62;7;55555;98
19;62;7;55777;1
19;62;5;95;24
19;62;5;96;76
19;62;5;180;112
19;62;5;222;73
19;62;5;300;1
19;62;5;400;117
19;62;5;445;76
19;62;5;800;1
19;62;3;13;114
19;62;3;14;1
19;62;3;30;1
19;62;3;45;93
19;62;3;95;8
19;62;3;96;23
19;63;1;13;123
19;63;1;14;2
19;63;1;22;79
19;63;1;55;3
19;63;1;70;3
19;63;1;95;8
19;63;1;96;19
19;63;6;11;2
19;63;6;12;3
19;63;6;13;1
19;63;6;18;1
19;63;6;40;2
19;63;6;44;1
19;63;6;55;1
19;63;6;65;1
19;63;6;95;11
19;63;6;96;9
19;63;6;1055;11
19;63;6;1111;1
19;63;6;1234;1
19;63;6;1301;2
19;63;6;1314;1
19;63;6;1323;15
19;63;6;1331;1
19;63;6;1333;2
19;63;6;1555;3
19;63;6;1800;1
19;63;6;2222;20
19;63;6;2277;9
19;63;6;2288;1
19;63;6;2299;19
19;63;6;2555;1
19;63;6;4000;5
19;63;6;4040;1
19;63;6;4055;2
19;63;6;4343;2
19;63;6;4412;1
19;63;6;4444;1
19;63;6;4445;2
19;63;6;4490;2
19;63;6;4555;2
19;63;6;5511;1
19;63;6;5555;90
19;63;6;5588;2
19;63;6;7700;6
19;63;7;13;1
19;63;7;18;3
19;63;7;22;4
19;63;7;33;1
19;63;7;40;7
19;63;7;44;1
19;63;7;45;2
19;63;7;55;2
19;63;7;95;13
19;63;7;96;7
19;63;7;10110;1
19;63;7;10123;1
19;63;7;10222;2
19;63;7;10333;3
19;63;7;10444;5
19;63;7;10999;1
19;63;7;11111;1
19;63;7;12345;1
19;63;7;13131;1
19;63;7;13132;1
19;63;7;13222;9
19;63;7;13258;4
19;63;7;13333;1
19;63;7;13456;7
19;63;7;13777;1
19;63;7;13888;2
19;63;7;15333;1
19;63;7;22000;1
19;63;7;22022;1
19;63;7;22190;2
19;63;7;22221;4
19;63;7;22222;4
19;63;7;22322;2
19;63;7;22345;2
19;63;7;22777;9
19;63;7;40123;1
19;63;7;40444;1
19;63;7;40555;1
19;63;7;40700;5
19;63;7;40777;19
19;63;7;43000;1
19;63;7;44444;2
19;63;7;44447;3
19;63;7;45190;2
19;63;7;45645;1
19;63;7;45777;1
19;63;7;45999;2
19;63;7;50180;1
19;63;7;50555;1
19;63;7;55000;1
19;63;7;55011;1
19;63;7;55333;9
19;63;7;55555;77
19;63;5;95;42
19;63;5;96;68
19;63;5;180;96
19;63;5;222;81
19;63;5;400;104
19;63;5;445;81
19;63;5;800;2
19;63;3;13;107
19;63;3;14;1
19;63;3;35;1
19;63;3;45;96
19;63;3;95;7
19;63;3;96;25
19;64;1;13;68
19;64;1;14;3
19;64;1;22;31
19;64;1;55;2
19;64;1;70;2
19;64;1;95;3
19;64;1;96;2
19;64;6;13;2
19;64;6;95;7
19;64;6;96;3
19;64;6;1055;4
19;64;6;1323;6
19;64;6;1331;1
19;64;6;1333;1
19;64;6;1555;2
19;64;6;2200;3
19;64;6;2222;7
19;64;6;2277;2
19;64;6;2288;1
19;64;6;2299;8
19;64;6;4040;1
19;64;6;4444;1
19;64;6;4456;1
19;64;6;5511;1
19;64;6;5522;1
19;64;6;5555;56
19;64;6;5588;2
19;64;6;7700;1
19;64;7;18;1
19;64;7;44;1
19;64;7;55;3
19;64;7;95;9
19;64;7;96;3
19;64;7;10222;2
19;64;7;10333;2
19;64;7;10444;1
19;64;7;13222;4
19;64;7;13258;2
19;64;7;13456;3
19;64;7;22000;2
19;64;7;22022;1
19;64;7;22222;3
19;64;7;22322;3
19;64;7;22777;2
19;64;7;40123;1
19;64;7;40700;1
19;64;7;40777;6
19;64;7;44022;1
19;64;7;45800;1
19;64;7;55333;10
19;64;7;55555;48
19;64;7;55888;1
19;64;5;95;20
19;64;5;96;26
19;64;5;180;50
19;64;5;222;32
19;64;5;300;1
19;64;5;400;58
19;64;5;445;35
19;64;3;13;58
19;64;3;45;42
19;64;3;95;6
19;64;3;96;5
19;66;1;13;144
19;66;1;14;1
19;66;1;22;95
19;66;1;70;5
19;66;1;95;5
19;66;1;96;8
19;66;6;11;1
19;66;6;13;1
19;66;6;22;2
19;66;6;40;2
19;66;6;55;1
19;66;6;95;5
19;66;6;96;5
19;66;6;1055;4
19;66;6;1301;1
19;66;6;1313;1
19;66;6;1322;2
19;66;6;1323;27
19;66;6;1333;3
19;66;6;1515;1
19;66;6;1555;4
19;66;6;2200;5
19;66;6;2222;18
19;66;6;2277;3
19;66;6;2299;23
19;66;6;2333;1
19;66;6;2512;1
19;66;6;4000;2
19;66;6;4040;5
19;66;6;4077;2
19;66;6;4445;2
19;66;6;4555;3
19;66;6;5050;1
19;66;6;5511;4
19;66;6;5533;2
19;66;6;5555;126
19;66;7;12;1
19;66;7;13;3
19;66;7;18;1
19;66;7;22;3
19;66;7;40;2
19;66;7;44;3
19;66;7;55;3
19;66;7;95;4
19;66;7;96;4
19;66;7;10222;1
19;66;7;10333;4
19;66;7;10444;1
19;66;7;13013;1
19;66;7;13123;1
19;66;7;13133;1
19;66;7;13222;12
19;66;7;13258;5
19;66;7;13333;1
19;66;7;13444;5
19;66;7;13456;7
19;66;7;13777;1
19;66;7;13999;1
19;66;7;22000;2
19;66;7;22022;2
19;66;7;22111;1
19;66;7;22190;2
19;66;7;22221;3
19;66;7;22222;5
19;66;7;22223;2
19;66;7;22762;1
19;66;7;22777;4
19;66;7;40700;5
19;66;7;40777;26
19;66;7;40789;2
19;66;7;43000;1
19;66;7;45190;1
19;66;7;45777;1
19;66;7;45999;1
19;66;7;50013;1
19;66;7;55000;2
19;66;7;55111;1
19;66;7;55333;15
19;66;7;55555;115
19;66;5;95;24
19;66;5;96;51
19;66;5;180;118
19;66;5;222;86
19;66;5;400;137
19;66;5;445;99
19;66;5;800;1
19;66;3;13;136
19;66;3;14;1
19;66;3;45;95
19;66;3;95;8
19;66;3;96;18
19;67;1;13;152
19;67;1;14;3
19;67;1;22;97
19;67;1;55;4
19;67;1;70;2
19;67;1;95;3
19;67;1;96;13
19;67;6;12;1
19;67;6;13;1
19;67;6;18;1
19;67;6;22;1
19;67;6;33;1
19;67;6;40;1
19;67;6;43;1
19;67;6;55;2
19;67;6;95;10
19;67;6;96;6
19;67;6;1055;5
19;67;6;1301;1
19;67;6;1313;1
19;67;6;1322;2
19;67;6;1323;25
19;67;6;1333;4
19;67;6;1533;1
19;67;6;1555;4
19;67;6;1800;1
19;67;6;2200;4
19;67;6;2211;1
19;67;6;2222;18
19;67;6;2277;2
19;67;6;2299;32
19;67;6;2323;1
19;67;6;4000;3
19;67;6;4040;2
19;67;6;4343;3
19;67;6;4422;1
19;67;6;4444;1
19;67;6;4445;1
19;67;6;4555;2
19;67;6;5050;1
19;67;6;5511;2
19;67;6;5533;1
19;67;6;5555;123
19;67;6;5588;3
19;67;6;7700;2
19;67;6;7711;1
19;67;6;7788;1
19;67;7;12;1
19;67;7;13;1
19;67;7;18;3
19;67;7;22;4
19;67;7;33;1
19;67;7;40;1
19;67;7;43;1
19;67;7;44;3
19;67;7;45;1
19;67;7;55;6
19;67;7;95;9
19;67;7;96;8
19;67;7;10007;1
19;67;7;10222;1
19;67;7;10333;6
19;67;7;10444;3
19;67;7;10999;3
19;67;7;13123;1
19;67;7;13180;1
19;67;7;13222;19
19;67;7;13258;4
19;67;7;13333;1
19;67;7;13444;2
19;67;7;13456;1
19;67;7;13999;1
19;67;7;15555;1
19;67;7;22000;3
19;67;7;22022;3
19;67;7;22190;1
19;67;7;22222;4
19;67;7;22223;1
19;67;7;22762;2
19;67;7;22777;2
19;67;7;40100;4
19;67;7;40333;1
19;67;7;40700;8
19;67;7;40777;22
19;67;7;43143;1
19;67;7;44447;1
19;67;7;45222;1
19;67;7;45777;1
19;67;7;55111;1
19;67;7;55333;19
19;67;7;55555;114
19;67;7;55888;1
19;67;5;95;36
19;67;5;96;69
19;67;5;180;127
19;67;5;222;82
19;67;5;400;145
19;67;5;445;89
19;67;3;13;139
19;67;3;14;1
19;67;3;45;100
19;67;3;95;5
19;67;3;96;29
19;68;1;13;148
19;68;1;14;3
19;68;1;21;1
19;68;1;22;107
19;68;1;55;2
19;68;1;70;1
19;68;1;95;4
19;68;1;96;12
19;68;6;11;1
19;68;6;12;2
19;68;6;13;1
19;68;6;22;2
19;68;6;45;1
19;68;6;55;1
19;68;6;95;7
19;68;6;96;6
19;68;6;1010;1
19;68;6;1055;4
19;68;6;1234;2
19;68;6;1277;1
19;68;6;1323;19
19;68;6;1333;5
19;68;6;1399;1
19;68;6;1515;1
19;68;6;1533;1
19;68;6;2200;1
19;68;6;2222;28
19;68;6;2277;1
19;68;6;2299;37
19;68;6;4040;6
19;68;6;4055;1
19;68;6;4343;2
19;68;6;4433;1
19;68;6;4445;1
19;68;6;4555;4
19;68;6;5050;3
19;68;6;5077;1
19;68;6;5511;1
19;68;6;5555;130
19;68;6;5588;2
19;68;6;6565;1
19;68;6;7700;1
19;68;6;7755;1
19;68;7;10;1
19;68;7;12;1
19;68;7;13;2
19;68;7;18;1
19;68;7;22;2
19;68;7;40;2
19;68;7;55;4
19;68;7;95;7
19;68;7;96;8
19;68;7;10123;2
19;68;7;10222;1
19;68;7;10333;4
19;68;7;10444;3
19;68;7;10999;2
19;68;7;11000;1
19;68;7;11234;1
19;68;7;11888;2
19;68;7;13013;1
19;68;7;13222;16
19;68;7;13258;6
19;68;7;13333;2
19;68;7;13444;6
19;68;7;13456;4
19;68;7;13777;1
19;68;7;13888;1
19;68;7;13999;2
19;68;7;15333;1
19;68;7;15555;1
19;68;7;22000;2
19;68;7;22022;2
19;68;7;22180;1
19;68;7;22190;1
19;68;7;22221;2
19;68;7;22222;10
19;68;7;22777;1
19;68;7;33111;1
19;68;7;40555;1
19;68;7;40700;7
19;68;7;40777;13
19;68;7;40789;1
19;68;7;44447;1
19;68;7;45190;1
19;68;7;45411;1
19;68;7;45455;1
19;68;7;45777;2
19;68;7;45999;4
19;68;7;50555;2
19;68;7;55000;1
19;68;7;55333;17
19;68;7;55555;121
19;68;5;95;32
19;68;5;96;56
19;68;5;180;124
19;68;5;222;96
19;68;5;300;1
19;68;5;400;139
19;68;5;445;108
19;68;3;13;137
19;68;3;45;119
19;68;3;95;2
19;68;3;96;20
19;69;1;13;140
19;69;1;14;1
19;69;1;22;104
19;69;1;55;4
19;69;1;70;4
19;69;1;95;5
19;69;1;96;10
19;69;6;12;2
19;69;6;13;3
19;69;6;15;1
19;69;6;40;1
19;69;6;95;10
19;69;6;96;6
19;69;6;1010;3
19;69;6;1055;10
19;69;6;1234;1
19;69;6;1301;2
19;69;6;1322;1
19;69;6;1323;18
19;69;6;1333;1
19;69;6;1399;1
19;69;6;1520;1
19;69;6;1533;1
19;69;6;1555;4
19;69;6;2200;2
19;69;6;2222;28
19;69;6;2277;3
19;69;6;2288;2
19;69;6;2299;22
19;69;6;2555;2
19;69;6;4000;3
19;69;6;4040;3
19;69;6;4077;2
19;69;6;4343;3
19;69;6;4422;2
19;69;6;4455;1
19;69;6;4490;2
19;69;6;4555;2
19;69;6;4580;1
19;69;6;5050;2
19;69;6;5511;1
19;69;6;5555;116
19;69;6;5588;4
19;69;6;7700;1
19;69;7;12;1
19;69;7;13;2
19;69;7;18;3
19;69;7;22;3
19;69;7;40;3
19;69;7;45;3
19;69;7;50;2
19;69;7;55;4
19;69;7;95;11
19;69;7;96;6
19;69;7;10123;2
19;69;7;10333;3
19;69;7;10444;1
19;69;7;10999;1
19;69;7;13013;3
19;69;7;13133;1
19;69;7;13180;1
19;69;7;13222;15
19;69;7;13234;1
19;69;7;13258;1
19;69;7;13333;1
19;69;7;13444;4
19;69;7;13456;5
19;69;7;13777;1
19;69;7;13888;1
19;69;7;15123;1
19;69;7;22022;5
19;69;7;22190;1
19;69;7;22221;1
19;69;7;22222;13
19;69;7;22322;1
19;69;7;22762;2
19;69;7;22777;6
19;69;7;22888;2
19;69;7;40123;1
19;69;7;40333;2
19;69;7;40700;5
19;69;7;40777;16
19;69;7;40789;1
19;69;7;44447;1
19;69;7;45777;1
19;69;7;45999;1
19;69;7;50013;1
19;69;7;50180;1
19;69;7;50500;1
19;69;7;50555;2
19;69;7;55000;3
19;69;7;55100;1
19;69;7;55333;10
19;69;7;55555;110
19;69;5;95;42
19;69;5;96;68
19;69;5;180;119
19;69;5;222;88
19;69;5;300;1
19;69;5;400;125
19;69;5;445;92
19;69;5;800;1
19;69;3;13;122
19;69;3;45;117
19;69;3;95;7
19;69;3;96;22
19;70;1;13;121
19;70;1;14;3
19;70;1;22;80
19;70;1;55;2
19;70;1;70;7
19;70;1;95;3
19;70;1;96;13
19;70;6;13;1
19;70;6;15;1
19;70;6;18;1
19;70;6;22;1
19;70;6;25;1
19;70;6;55;2
19;70;6;95;13
19;70;6;96;9
19;70;6;1000;1
19;70;6;1055;8
19;70;6;1144;1
19;70;6;1301;2
19;70;6;1314;1
19;70;6;1323;11
19;70;6;1333;8
19;70;6;1555;4
19;70;6;2200;2
19;70;6;2222;23
19;70;6;2277;2
19;70;6;2299;17
19;70;6;2500;1
19;70;6;4000;1
19;70;6;4040;3
19;70;6;4044;1
19;70;6;4077;1
19;70;6;4444;1
19;70;6;4445;1
19;70;6;4555;2
19;70;6;5050;1
19;70;6;5511;2
19;70;6;5555;104
19;70;6;5588;1
19;70;6;7788;1
19;70;7;13;2
19;70;7;18;1
19;70;7;22;6
19;70;7;40;4
19;70;7;44;2
19;70;7;55;2
19;70;7;77;1
19;70;7;95;11
19;70;7;96;8
19;70;7;10234;1
19;70;7;10333;5
19;70;7;10478;1
19;70;7;10678;1
19;70;7;13013;1
19;70;7;13123;3
19;70;7;13132;1
19;70;7;13222;9
19;70;7;13258;2
19;70;7;13444;2
19;70;7;13456;4
19;70;7;13700;1
19;70;7;15222;1
19;70;7;15333;1
19;70;7;22000;2
19;70;7;22022;5
19;70;7;22221;2
19;70;7;22222;8
19;70;7;22777;4
19;70;7;33333;1
19;70;7;40123;1
19;70;7;40444;1
19;70;7;40500;1
19;70;7;40700;2
19;70;7;40777;13
19;70;7;44455;1
19;70;7;44456;1
19;70;7;45678;1
19;70;7;45800;1
19;70;7;55000;2
19;70;7;55333;9
19;70;7;55555;103
19;70;7;55888;1
19;70;5;95;28
19;70;5;96;76
19;70;5;180;97
19;70;5;222;71
19;70;5;400;103
19;70;5;445;80
19;70;5;800;3
19;70;3;13;101
19;70;3;14;2
19;70;3;45;102
19;70;3;95;4
19;70;3;96;20
19;71;1;13;129
19;71;1;22;76
19;71;1;55;6
19;71;1;70;2
19;71;1;95;4
19;71;1;96;17
19;71;6;13;2
19;71;6;40;1
19;71;6;55;1
19;71;6;95;7
19;71;6;96;12
19;71;6;1055;7
19;71;6;1234;1
19;71;6;1301;2
19;71;6;1313;1
19;71;6;1323;16
19;71;6;1333;7
19;71;6;1555;1
19;71;6;2200;2
19;71;6;2222;23
19;71;6;2225;1
19;71;6;2252;1
19;71;6;2277;1
19;71;6;2288;1
19;71;6;2299;24
19;71;6;2555;1
19;71;6;4000;2
19;71;6;4040;3
19;71;6;4044;1
19;71;6;4422;1
19;71;6;4444;5
19;71;6;4455;1
19;71;6;4490;1
19;71;6;4512;2
19;71;6;4555;1
19;71;6;5050;3
19;71;6;5533;1
19;71;6;5555;100
19;71;6;5588;1
19;71;7;12;1
19;71;7;18;1
19;71;7;20;1
19;71;7;22;3
19;71;7;40;5
19;71;7;44;1
19;71;7;45;1
19;71;7;55;3
19;71;7;95;8
19;71;7;96;11
19;71;7;10222;1
19;71;7;10333;5
19;71;7;10444;1
19;71;7;12222;1
19;71;7;13013;1
19;71;7;13111;1
19;71;7;13222;11
19;71;7;13258;7
19;71;7;13444;4
19;71;7;13456;10
19;71;7;22000;1
19;71;7;22022;1
19;71;7;22190;1
19;71;7;22222;8
19;71;7;22345;1
19;71;7;22777;3
19;71;7;22888;1
19;71;7;40000;1
19;71;7;40100;2
19;71;7;40444;1
19;71;7;40700;3
19;71;7;40777;10
19;71;7;44444;3
19;71;7;44555;1
19;71;7;45000;1
19;71;7;45777;1
19;71;7;45800;1
19;71;7;45888;1
19;71;7;45999;1
19;71;7;50555;2
19;71;7;55000;1
19;71;7;55333;12
19;71;7;55555;100
19;71;5;95;26
19;71;5;96;82
19;71;5;180;105
19;71;5;222;66
19;71;5;300;2
19;71;5;400;114
19;71;5;445;71
19;71;5;800;2
19;71;3;13;119
19;71;3;45;81
19;71;3;95;5
19;71;3;96;29
19;72;1;13;143
19;72;1;14;4
19;72;1;22;90
19;72;1;55;3
19;72;1;70;6
19;72;1;95;8
19;72;1;96;11
19;72;6;10;1
19;72;6;13;2
19;72;6;18;3
19;72;6;22;3
19;72;6;40;1
19;72;6;55;1
19;72;6;95;9
19;72;6;96;5
19;72;6;1055;5
19;72;6;1122;1
19;72;6;1144;1
19;72;6;1290;1
19;72;6;1299;1
19;72;6;1300;1
19;72;6;1301;1
19;72;6;1313;1
19;72;6;1323;16
19;72;6;1331;2
19;72;6;1333;1
19;72;6;1555;2
19;72;6;2222;26
19;72;6;2277;3
19;72;6;2288;2
19;72;6;2299;36
19;72;6;4000;1
19;72;6;4040;5
19;72;6;4444;3
19;72;6;4445;1
19;72;6;5050;1
19;72;6;5511;3
19;72;6;5544;1
19;72;6;5555;123
19;72;6;5588;2
19;72;7;10;1
19;72;7;13;1
19;72;7;18;1
19;72;7;22;3
19;72;7;33;1
19;72;7;40;8
19;72;7;44;1
19;72;7;55;2
19;72;7;95;13
19;72;7;96;7
19;72;7;10100;1
19;72;7;10333;2
19;72;7;10444;1
19;72;7;13000;1
19;72;7;13013;2
19;72;7;13222;19
19;72;7;13258;4
19;72;7;13444;5
19;72;7;13456;7
19;72;7;13888;1
19;72;7;15333;1
19;72;7;22000;5
19;72;7;22022;4
19;72;7;22190;1
19;72;7;22221;3
19;72;7;22222;8
19;72;7;22777;6
19;72;7;40000;2
19;72;7;40333;1
19;72;7;40500;1
19;72;7;40700;7
19;72;7;40777;13
19;72;7;44444;3
19;72;7;44447;1
19;72;7;55333;12
19;72;7;55555;115
19;72;7;55888;1
19;72;5;95;40
19;72;5;96;79
19;72;5;180;114
19;72;5;222;82
19;72;5;300;1
19;72;5;400;125
19;72;5;445;88
19;72;5;800;1
19;72;3;13;125
19;72;3;14;1
19;72;3;45;110
19;72;3;95;8
19;72;3;96;21
19;73;1;13;163
19;73;1;14;5
19;73;1;22;89
19;73;1;55;1
19;73;1;70;2
19;73;1;95;4
19;73;1;96;16
19;73;6;12;1
19;73;6;13;1
19;73;6;15;1
19;73;6;23;1
19;73;6;45;1
19;73;6;55;3
19;73;6;95;7
19;73;6;96;7
19;73;6;1010;2
19;73;6;1055;13
19;73;6;1313;1
19;73;6;1323;12
19;73;6;1333;6
19;73;6;1414;1
19;73;6;1520;1
19;73;6;1555;4
19;73;6;2088;1
19;73;6;2200;5
19;73;6;2222;17
19;73;6;2270;1
19;73;6;2277;2
19;73;6;2299;25
19;73;6;4000;1
19;73;6;4004;1
19;73;6;4040;2
19;73;6;4077;2
19;73;6;4343;1
19;73;6;4422;1
19;73;6;4444;2
19;73;6;4445;3
19;73;6;5050;3
19;73;6;5077;1
19;73;6;5511;6
19;73;6;5544;1
19;73;6;5555;141
19;73;6;5588;2
19;73;7;13;4
19;73;7;18;3
19;73;7;22;3
19;73;7;40;6
19;73;7;45;1
19;73;7;55;5
19;73;7;95;7
19;73;7;96;11
19;73;7;10123;2
19;73;7;10333;8
19;73;7;10999;1
19;73;7;12333;1
19;73;7;13132;1
19;73;7;13222;10
19;73;7;13258;7
19;73;7;13444;4
19;73;7;13456;3
19;73;7;15444;1
19;73;7;15555;1
19;73;7;22000;8
19;73;7;22022;4
19;73;7;22221;3
19;73;7;22222;4
19;73;7;22223;1
19;73;7;22456;1
19;73;7;22777;2
19;73;7;22822;1
19;73;7;40111;1
19;73;7;40444;1
19;73;7;40456;1
19;73;7;40700;5
19;73;7;40777;12
19;73;7;44321;2
19;73;7;44444;3
19;73;7;44447;1
19;73;7;45190;1
19;73;7;45222;1
19;73;7;45888;1
19;73;7;50013;1
19;73;7;50555;1
19;73;7;55000;1
19;73;7;55333;18
19;73;7;55555;127
19;73;5;95;32
19;73;5;96;72
19;73;5;180;136
19;73;5;222;83
19;73;5;300;2
19;73;5;400;144
19;73;5;445;90
19;73;5;800;1
19;73;3;13;144
19;73;3;45;113
19;73;3;95;4
19;73;3;96;19
19;74;1;13;164
19;74;1;14;5
19;74;1;22;70
19;74;1;55;4
19;74;1;70;8
19;74;1;95;4
19;74;1;96;17
19;74;6;12;3
19;74;6;13;1
19;74;6;55;2
19;74;6;95;10
19;74;6;96;9
19;74;6;1000;1
19;74;6;1055;8
19;74;6;1144;1
19;74;6;1301;2
19;74;6;1313;1
19;74;6;1323;22
19;74;6;1333;7
19;74;6;1515;1
19;74;6;1555;5
19;74;6;1800;1
19;74;6;2200;3
19;74;6;2222;23
19;74;6;2277;2
19;74;6;2288;2
19;74;6;2299;30
19;74;6;2500;1
19;74;6;4040;3
19;74;6;4077;1
19;74;6;4343;2
19;74;6;4444;1
19;74;6;4580;1
19;74;6;5050;3
19;74;6;5555;120
19;74;6;5588;4
19;74;6;7700;1
19;74;6;8088;1
19;74;7;12;1
19;74;7;18;4
19;74;7;22;7
19;74;7;40;5
19;74;7;43;1
19;74;7;44;2
19;74;7;45;1
19;74;7;55;1
19;74;7;95;12
19;74;7;96;10
19;74;7;10100;1
19;74;7;10222;1
19;74;7;10333;7
19;74;7;10444;1
19;74;7;10777;1
19;74;7;11888;1
19;74;7;13123;1
19;74;7;13131;1
19;74;7;13222;13
19;74;7;13258;6
19;74;7;13333;3
19;74;7;13444;3
19;74;7;13456;5
19;74;7;13789;1
19;74;7;13888;1
19;74;7;13999;2
19;74;7;22000;4
19;74;7;22022;2
19;74;7;22130;1
19;74;7;22221;3
19;74;7;22222;5
19;74;7;22322;1
19;74;7;22777;2
19;74;7;22888;1
19;74;7;40111;1
19;74;7;40333;1
19;74;7;40700;3
19;74;7;40777;19
19;74;7;44444;2
19;74;7;45222;1
19;74;7;45555;1
19;74;7;45777;1
19;74;7;45800;1
19;74;7;50013;1
19;74;7;50555;1
19;74;7;55000;2
19;74;7;55333;6
19;74;7;55555;121
19;74;5;95;45
19;74;5;96;102
19;74;5;180;117
19;74;5;222;70
19;74;5;400;135
19;74;5;445;75
19;74;3;13;145
19;74;3;45;93
19;74;3;95;11
19;74;3;96;23
19;75;1;13;103
19;75;1;14;1
19;75;1;22;41
19;75;1;70;3
19;75;1;95;1
19;75;1;96;5
19;75;6;10;1
19;75;6;12;2
19;75;6;44;1
19;75;6;95;2
19;75;6;96;4
19;75;6;1055;5
19;75;6;1299;1
19;75;6;1301;1
19;75;6;1322;1
19;75;6;1323;8
19;75;6;1331;2
19;75;6;1515;1
19;75;6;2200;2
19;75;6;2220;1
19;75;6;2222;5
19;75;6;2277;1
19;75;6;2299;18
19;75;6;4000;7
19;75;6;4343;1
19;75;6;4490;1
19;75;6;5050;2
19;75;6;5533;1
19;75;6;5555;86
19;75;7;10;1
19;75;7;40;2
19;75;7;45;1
19;75;7;50;1
19;75;7;55;2
19;75;7;95;2
19;75;7;96;4
19;75;7;13222;8
19;75;7;13258;1
19;75;7;13444;1
19;75;7;13456;4
19;75;7;22000;1
19;75;7;22022;2
19;75;7;22222;2
19;75;7;22345;1
19;75;7;22777;2
19;75;7;22888;1
19;75;7;33555;1
19;75;7;40222;2
19;75;7;40700;5
19;75;7;40777;9
19;75;7;45190;1
19;75;7;55333;16
19;75;7;55555;84
19;75;5;95;13
19;75;5;96;37
19;75;5;180;83
19;75;5;222;40
19;75;5;300;1
19;75;5;400;86
19;75;5;445;46
19;75;5;800;2
19;75;3;13;91
19;75;3;45;51
19;75;3;95;3
19;75;3;96;9
19;76;1;13;100
19;76;1;14;1
19;76;1;22;53
19;76;1;55;1
19;76;1;95;3
19;76;1;96;6
19;76;6;11;3
19;76;6;13;2
19;76;6;40;1
19;76;6;55;1
19;76;6;95;5
19;76;6;96;3
19;76;6;1010;1
19;76;6;1055;3
19;76;6;1323;25
19;76;6;1331;2
19;76;6;1555;1
19;76;6;2200;1
19;76;6;2222;8
19;76;6;2277;1
19;76;6;2299;28
19;76;6;2500;2
19;76;6;2518;1
19;76;6;4000;4
19;76;6;4040;3
19;76;6;4444;2
19;76;6;4490;1
19;76;6;5050;1
19;76;6;5555;65
19;76;7;13;3
19;76;7;18;4
19;76;7;22;1
19;76;7;40;3
19;76;7;45;1
19;76;7;55;2
19;76;7;95;4
19;76;7;96;3
19;76;7;10123;1
19;76;7;10333;2
19;76;7;13013;1
19;76;7;13222;6
19;76;7;13258;4
19;76;7;13444;1
19;76;7;13456;5
19;76;7;22000;1
19;76;7;22022;1
19;76;7;22190;1
19;76;7;22222;2
19;76;7;22345;1
19;76;7;22762;2
19;76;7;22777;1
19;76;7;40100;1
19;76;7;40333;1
19;76;7;40700;1
19;76;7;40777;22
19;76;7;44444;1
19;76;7;44447;1
19;76;7;45777;2
19;76;7;45999;1
19;76;7;55000;2
19;76;7;55333;20
19;76;7;55555;62
19;76;5;95;15
19;76;5;96;49
19;76;5;180;70
19;76;5;222;52
19;76;5;400;85
19;76;5;445;57
19;76;3;13;84
19;76;3;14;1
19;76;3;45;62
19;76;3;95;4
19;76;3;96;13
19;77;1;13;137
19;77;1;14;5
19;77;1;22;53
19;77;1;55;3
19;77;1;70;8
19;77;1;95;1
19;77;1;96;7
19;77;6;13;1
19;77;6;14;1
19;77;6;22;1
19;77;6;55;1
19;77;6;95;3
19;77;6;96;8
19;77;6;1055;4
19;77;6;1111;1
19;77;6;1301;1
19;77;6;1311;1
19;77;6;1322;1
19;77;6;1323;21
19;77;6;1333;1
19;77;6;1555;1
19;77;6;2200;1
19;77;6;2222;5
19;77;6;2277;1
19;77;6;2299;36
19;77;6;4000;1
19;77;6;4040;2
19;77;6;4077;1
19;77;6;4343;1
19;77;6;4444;2
19;77;6;4555;5
19;77;6;4599;2
19;77;6;5555;111
19;77;7;10;1
19;77;7;18;2
19;77;7;22;3
19;77;7;40;3
19;77;7;44;2
19;77;7;45;1
19;77;7;55;2
19;77;7;95;7
19;77;7;96;5
19;77;7;10333;3
19;77;7;11111;1
19;77;7;11222;1
19;77;7;11888;1
19;77;7;13013;3
19;77;7;13222;29
19;77;7;13456;16
19;77;7;22022;2
19;77;7;22222;2
19;77;7;22777;1
19;77;7;40444;1
19;77;7;40700;1
19;77;7;40777;7
19;77;7;44444;2
19;77;7;44447;1
19;77;7;44456;1
19;77;7;45111;2
19;77;7;45800;1
19;77;7;45999;5
19;77;7;50013;1
19;77;7;55000;1
19;77;7;55333;7
19;77;7;55555;99
19;77;5;95;23
19;77;5;96;63
19;77;5;180;106
19;77;5;222;58
19;77;5;400;115
19;77;5;445;63
19;77;3;13;119
19;77;3;45;73
19;77;3;95;4
19;77;3;96;18
19;78;1;13;69
19;78;1;22;41
19;78;1;70;2
19;78;1;80;1
19;78;1;95;1
19;78;1;96;3
19;78;6;12;2
19;78;6;13;3
19;78;6;45;1
19;78;6;55;1
19;78;6;95;1
19;78;6;96;3
19;78;6;1055;2
19;78;6;1233;1
19;78;6;1234;1
19;78;6;1313;1
19;78;6;1323;18
19;78;6;1333;4
19;78;6;2222;3
19;78;6;2277;3
19;78;6;2299;35
19;78;6;4040;1
19;78;6;4444;1
19;78;6;4445;2
19;78;6;5522;1
19;78;6;5555;33
19;78;7;13;4
19;78;7;18;2
19;78;7;22;2
19;78;7;40;3
19;78;7;45;1
19;78;7;55;1
19;78;7;95;1
19;78;7;96;2
19;78;7;10999;1
19;78;7;13222;27
19;78;7;13258;3
19;78;7;13456;8
19;78;7;22022;2
19;78;7;22221;1
19;78;7;22777;3
19;78;7;40000;1
19;78;7;40700;1
19;78;7;40777;10
19;78;7;44444;1
19;78;7;44456;1
19;78;7;45645;1
19;78;7;45999;3
19;78;7;55333;5
19;78;7;55555;33
19;78;5;95;12
19;78;5;96;44
19;78;5;180;51
19;78;5;222;40
19;78;5;400;47
19;78;5;445;40
19;78;3;13;57
19;78;3;14;1
19;78;3;45;44
19;78;3;95;2
19;78;3;96;13
19;79;1;13;164
19;79;1;14;1
19;79;1;21;1
19;79;1;22;50
19;79;1;55;4
19;79;1;70;3
19;79;1;95;3
19;79;1;96;13
19;79;6;13;2
19;79;6;95;5
19;79;6;96;4
19;79;6;1055;18
19;79;6;1313;1
19;79;6;1323;10
19;79;6;1333;10
19;79;6;1515;1
19;79;6;1555;4
19;79;6;1800;1
19;79;6;2222;7
19;79;6;2277;1
19;79;6;2299;47
19;79;6;4000;4
19;79;6;4040;1
19;79;6;4444;1
19;79;6;5522;1
19;79;6;5555;106
19;79;6;5588;15
19;79;7;10;1
19;79;7;13;1
19;79;7;18;3
19;79;7;40;8
19;79;7;44;3
19;79;7;55;1
19;79;7;95;8
19;79;7;96;6
19;79;7;10222;3
19;79;7;10333;16
19;79;7;13123;2
19;79;7;13132;1
19;79;7;13222;6
19;79;7;13456;4
19;79;7;13777;3
19;79;7;15111;1
19;79;7;22022;7
19;79;7;22221;2
19;79;7;22222;2
19;79;7;22762;1
19;79;7;22777;1
19;79;7;40700;2
19;79;7;40777;30
19;79;7;44444;1
19;79;7;45777;2
19;79;7;50555;1
19;79;7;55000;1
19;79;7;55333;4
19;79;7;55555;118
19;79;5;95;22
19;79;5;96;67
19;79;5;162;1
19;79;5;180;142
19;79;5;222;48
19;79;5;400;143
19;79;5;445;53
19;79;5;800;2
19;79;3;13;153
19;79;3;45;61
19;79;3;95;5
19;79;3;96;20
19;82;1;13;149
19;82;1;14;1
19;82;1;22;43
19;82;1;55;2
19;82;1;70;4
19;82;1;95;3
19;82;1;96;9
19;82;6;13;1
19;82;6;55;3
19;82;6;95;8
19;82;6;96;9
19;82;6;1055;6
19;82;6;1323;8
19;82;6;1333;4
19;82;6;1399;1
19;82;6;1555;1
19;82;6;2222;12
19;82;6;2288;1
19;82;6;2299;33
19;82;6;2588;1
19;82;6;4000;22
19;82;6;4040;5
19;82;6;4055;2
19;82;6;4422;1
19;82;6;4444;1
19;82;6;5511;3
19;82;6;5555;89
19;82;7;12;1
19;82;7;16;1
19;82;7;18;2
19;82;7;22;1
19;82;7;40;3
19;82;7;44;1
19;82;7;55;1
19;82;7;95;8
19;82;7;96;12
19;82;7;10333;2
19;82;7;10444;1
19;82;7;13013;1
19;82;7;13133;1
19;82;7;13222;22
19;82;7;13258;1
19;82;7;13444;1
19;82;7;13456;18
19;82;7;22022;6
19;82;7;22190;1
19;82;7;22222;5
19;82;7;33123;1
19;82;7;40555;2
19;82;7;40700;2
19;82;7;40777;8
19;82;7;43000;1
19;82;7;44444;1
19;82;7;50555;1
19;82;7;55333;5
19;82;7;55555;101
19;82;5;95;25
19;82;5;96;62
19;82;5;180;115
19;82;5;222;41
19;82;5;400;124
19;82;5;445;55
19;82;3;13;127
19;82;3;45;77
19;82;3;95;1
19;82;3;96;6
19;83;1;13;152
19;83;1;14;3
19;83;1;22;20
19;83;1;55;3
19;83;1;70;3
19;83;1;96;8
19;83;6;13;3
19;83;6;95;2
19;83;6;96;6
19;83;6;1055;3
19;83;6;1322;1
19;83;6;1323;5
19;83;6;1331;1
19;83;6;1333;34
19;83;6;1555;6
19;83;6;2222;8
19;83;6;2299;19
19;83;6;4000;4
19;83;6;4445;1
19;83;6;5511;1
19;83;6;5555;95
19;83;7;13;3
19;83;7;25;1
19;83;7;40;6
19;83;7;45;1
19;83;7;55;3
19;83;7;95;3
19;83;7;96;5
19;83;7;10123;1
19;83;7;10333;3
19;83;7;13013;5
19;83;7;13111;1
19;83;7;13123;1
19;83;7;13222;15
19;83;7;13456;4
19;83;7;13777;1
19;83;7;22221;1
19;83;7;22222;2
19;83;7;22762;2
19;83;7;40700;3
19;83;7;40777;1
19;83;7;45190;1
19;83;7;45999;1
19;83;7;55333;9
19;83;7;55555;116
19;83;5;95;7
19;83;5;96;55
19;83;5;180;131
19;83;5;222;23
19;83;5;400;137
19;83;5;445;25
19;83;3;13;134
19;83;3;45;40
19;83;3;95;2
19;83;3;96;13
19;84;1;13;134
19;84;1;22;28
19;84;1;55;1
19;84;1;70;7
19;84;1;95;3
19;84;1;96;3
19;84;6;12;1
19;84;6;22;2
19;84;6;95;5
19;84;6;96;3
19;84;6;1055;2
19;84;6;1233;1
19;84;6;1313;1
19;84;6;1323;11
19;84;6;1333;5
19;84;6;2200;1
19;84;6;2222;2
19;84;6;2299;60
19;84;6;5522;2
19;84;6;5555;80
19;84;7;13;2
19;84;7;18;1
19;84;7;22;2
19;84;7;40;3
19;84;7;55;2
19;84;7;65;1
19;84;7;95;8
19;84;7;96;3
19;84;7;10333;3
19;84;7;13222;3
19;84;7;13456;2
19;84;7;22222;1
19;84;7;22345;2
19;84;7;40700;1
19;84;7;40777;58
19;84;7;45999;2
19;84;7;55333;1
19;84;7;55555;81
19;84;5;95;28
19;84;5;96;45
19;84;5;180;101
19;84;5;222;36
19;84;5;400;103
19;84;5;445;39
19;84;3;13;107
19;84;3;45;49
19;84;3;95;8
19;84;3;96;12
19;85;1;13;165
19;85;1;22;59
19;85;1;30;1
19;85;1;55;2
19;85;1;70;2
19;85;1;95;5
19;85;1;96;15
19;85;6;11;1
19;85;6;12;1
19;85;6;22;3
19;85;6;23;1
19;85;6;29;1
19;85;6;45;1
19;85;6;95;4
19;85;6;96;5
19;85;6;1055;9
19;85;6;1323;7
19;85;6;1333;2
19;85;6;2222;10
19;85;6;2299;94
19;85;6;4040;3
19;85;6;5533;1
19;85;6;5555;106
19;85;7;10;1
19;85;7;12;2
19;85;7;22;1
19;85;7;40;3
19;85;7;44;1
19;85;7;45;1
19;85;7;55;3
19;85;7;95;5
19;85;7;96;9
19;85;7;13222;10
19;85;7;13456;4
19;85;7;22221;3
19;85;7;22222;5
19;85;7;22777;4
19;85;7;25555;1
19;85;7;40700;1
19;85;7;40777;74
19;85;7;45123;4
19;85;7;45555;1
19;85;7;50555;2
19;85;7;55333;1
19;85;7;55555;113
19;85;5;95;20
19;85;5;96;54
19;85;5;180;126
19;85;5;222;86
19;85;5;400;130
19;85;5;445;82
19;85;3;13;131
19;85;3;45;103
19;85;3;95;3
19;85;3;96;12
19;86;1;13;127
19;86;1;14;1
19;86;1;22;27
19;86;1;30;1
19;86;1;55;4
19;86;1;70;4
19;86;1;95;3
19;86;1;96;15
19;86;6;55;1
19;86;6;95;4
19;86;6;96;4
19;86;6;1055;1
19;86;6;1111;2
19;86;6;1313;1
19;86;6;1322;1
19;86;6;1323;1
19;86;6;1333;5
19;86;6;1555;1
19;86;6;2200;2
19;86;6;2222;3
19;86;6;2266;1
19;86;6;2299;62
19;86;6;4040;1
19;86;6;4444;1
19;86;6;4445;2
19;86;6;5555;89
19;86;7;11;1
19;86;7;22;3
19;86;7;40;5
19;86;7;44;3
19;86;7;45;1
19;86;7;55;4
19;86;7;95;5
19;86;7;96;6
19;86;7;13013;1
19;86;7;13222;9
19;86;7;13444;2
19;86;7;22022;1
19;86;7;22777;2
19;86;7;40111;2
19;86;7;40777;41
19;86;7;43777;1
19;86;7;44077;1
19;86;7;45633;1
19;86;7;55555;93
19;86;5;95;18
19;86;5;96;59
19;86;5;180;93
19;86;5;222;41
19;86;5;300;1
19;86;5;400;104
19;86;5;445;48
19;86;3;13;93
19;86;3;14;1
19;86;3;45;66
19;86;3;95;4
19;86;3;96;18
19;87;1;13;168
19;87;1;14;4
19;87;1;22;77
19;87;1;30;1
19;87;1;55;2
19;87;1;70;5
19;87;1;95;4
19;87;1;96;10
19;87;6;12;2
19;87;6;55;3
19;87;6;95;1
19;87;6;96;4
19;87;6;1022;1
19;87;6;1323;3
19;87;6;2222;5
19;87;6;2233;1
19;87;6;2277;1
19;87;6;2288;1
19;87;6;2299;104
19;87;6;4044;1
19;87;6;5555;142
19;87;6;5588;1
19;87;6;7788;1
19;87;7;18;2
19;87;7;22;4
19;87;7;40;4
19;87;7;43;1
19;87;7;55;2
19;87;7;95;6
19;87;7;96;3
19;87;7;13222;4
19;87;7;13456;2
19;87;7;13777;1
19;87;7;15555;1
19;87;7;22022;3
19;87;7;22222;4
19;87;7;22223;1
19;87;7;22345;2
19;87;7;22762;1
19;87;7;22777;3
19;87;7;22999;1
19;87;7;40456;1
19;87;7;40700;2
19;87;7;40777;71
19;87;7;44422;1
19;87;7;44447;2
19;87;7;55333;2
19;87;7;55555;147
19;87;5;95;30
19;87;5;96;73
19;87;5;180;128
19;87;5;222;77
19;87;5;300;1
19;87;5;400;140
19;87;5;445;93
19;87;3;13;141
19;87;3;14;1
19;87;3;30;1
19;87;3;45;102
19;87;3;95;4
19;87;3;96;22
19;88;1;13;150
19;88;1;14;3
19;88;1;22;46
19;88;1;55;4
19;88;1;70;5
19;88;1;95;4
19;88;1;96;11
19;88;6;12;2
19;88;6;22;1
19;88;6;29;1
19;88;6;95;6
19;88;6;96;8
19;88;6;1055;10
19;88;6;1323;11
19;88;6;1331;1
19;88;6;1333;12
19;88;6;1414;1
19;88;6;2026;1
19;88;6;2222;6
19;88;6;2244;1
19;88;6;2288;1
19;88;6;2299;28
19;88;6;4040;5
19;88;6;4444;1
19;88;6;5555;127
19;88;7;12;1
19;88;7;22;4
19;88;7;40;7
19;88;7;55;3
19;88;7;95;9
19;88;7;96;8
19;88;7;10123;1
19;88;7;10333;3
19;88;7;13222;20
19;88;7;13444;1
19;88;7;13456;2
19;88;7;15333;1
19;88;7;22000;2
19;88;7;22221;3
19;88;7;22222;2
19;88;7;40777;10
19;88;7;45111;1
19;88;7;45123;4
19;88;7;45411;1
19;88;7;45633;1
19;88;7;45777;2
19;88;7;50555;2
19;88;7;55333;11
19;88;7;55555;124
19;88;5;95;29
19;88;5;96;67
19;88;5;180;132
19;88;5;222;36
19;88;5;300;1
19;88;5;400;135
19;88;5;445;45
19;88;5;800;1
19;88;3;13;139
19;88;3;45;56
19;88;3;95;7
19;88;3;96;21
19;89;1;13;163
19;89;1;22;47
19;89;1;55;2
19;89;1;70;5
19;89;1;95;2
19;89;1;96;9
19;89;6;11;1
19;89;6;13;1
19;89;6;22;1
19;89;6;25;1
19;89;6;44;1
19;89;6;55;1
19;89;6;95;6
19;89;6;96;3
19;89;6;1055;6
19;89;6;1200;1
19;89;6;1233;1
19;89;6;1322;1
19;89;6;1323;6
19;89;6;1333;8
19;89;6;2200;2
19;89;6;2222;9
19;89;6;2233;1
19;89;6;2277;1
19;89;6;2299;24
19;89;6;4040;2
19;89;6;4422;1
19;89;6;4444;1
19;89;6;4477;1
19;89;6;4555;1
19;89;6;5511;2
19;89;6;5533;1
19;89;6;5555;144
19;89;7;13;1
19;89;7;18;2
19;89;7;40;3
19;89;7;45;2
19;89;7;55;3
19;89;7;95;6
19;89;7;96;2
19;89;7;13222;18
19;89;7;13444;2
19;89;7;22000;1
19;89;7;22022;6
19;89;7;22190;1
19;89;7;22221;2
19;89;7;22222;1
19;89;7;40777;8
19;89;7;44010;2
19;89;7;44444;1
19;89;7;45123;2
19;89;7;50555;1
19;89;7;55111;1
19;89;7;55333;10
19;89;7;55555;151
19;89;7;55777;1
19;89;7;77888;1
19;89;5;95;26
19;89;5;96;53
19;89;5;180;134
19;89;5;222;43
19;89;5;400;148
19;89;5;445;52
19;89;3;13;146
19;89;3;45;64
19;89;3;95;4
19;89;3;96;14
19;90;1;13;173
19;90;1;14;3
19;90;1;22;58
19;90;1;55;4
19;90;1;70;4
19;90;1;95;2
19;90;1;96;12
19;90;6;12;1
19;90;6;13;1
19;90;6;15;1
19;90;6;45;2
19;90;6;55;1
19;90;6;95;1
19;90;6;96;6
19;90;6;1055;6
19;90;6;1234;1
19;90;6;1299;1
19;90;6;1312;1
19;90;6;1313;1
19;90;6;1323;4
19;90;6;1331;1
19;90;6;1333;13
19;90;6;1414;1
19;90;6;1555;3
19;90;6;2222;12
19;90;6;2277;1
19;90;6;2299;41
19;90;6;4343;1
19;90;6;4444;1
19;90;6;5055;1
19;90;6;5533;1
19;90;6;5555;153
19;90;7;10;1
19;90;7;13;3
19;90;7;22;4
19;90;7;40;5
19;90;7;44;4
19;90;7;45;1
19;90;7;55;4
19;90;7;95;4
19;90;7;96;6
19;90;7;10333;2
19;90;7;13013;1
19;90;7;13133;1
19;90;7;13222;31
19;90;7;13777;1
19;90;7;22022;2
19;90;7;22130;1
19;90;7;22221;2
19;90;7;22222;5
19;90;7;22777;2
19;90;7;40000;1
19;90;7;40777;9
19;90;7;45777;1
19;90;7;55111;1
19;90;7;55249;1
19;90;7;55333;9
19;90;7;55555;154
19;90;5;95;14
19;90;5;96;69
19;90;5;162;1
19;90;5;180;158
19;90;5;222;55
19;90;5;300;1
19;90;5;400;157
19;90;5;445;56
19;90;5;800;1
19;90;3;13;143
19;90;3;14;1
19;90;3;45;81
19;90;3;95;3
19;90;3;96;28
19;91;1;13;182
19;91;1;14;4
19;91;1;22;59
19;91;1;55;1
19;91;1;70;6
19;91;1;95;4
19;91;1;96;10
19;91;6;11;1
19;91;6;13;2
19;91;6;23;1
19;91;6;45;1
19;91;6;55;2
19;91;6;95;6
19;91;6;96;5
19;91;6;1055;8
19;91;6;1234;1
19;91;6;1301;1
19;91;6;1322;1
19;91;6;1323;10
19;91;6;1333;14
19;91;6;1555;1
19;91;6;2200;3
19;91;6;2210;1
19;91;6;2222;9
19;91;6;2255;1
19;91;6;2277;1
19;91;6;2299;22
19;91;6;4040;3
19;91;6;4343;1
19;91;6;4422;1
19;91;6;5555;169
19;91;6;7788;1
19;91;7;10;1
19;91;7;18;1
19;91;7;22;2
19;91;7;40;8
19;91;7;44;2
19;91;7;45;1
19;91;7;55;2
19;91;7;95;9
19;91;7;96;7
19;91;7;10999;2
19;91;7;13013;2
19;91;7;13222;19
19;91;7;13258;3
19;91;7;13444;1
19;91;7;22000;1
19;91;7;22022;3
19;91;7;22221;2
19;91;7;22222;4
19;91;7;22762;1
19;91;7;22777;1
19;91;7;40777;11
19;91;7;44000;1
19;91;7;45123;4
19;91;7;45999;1
19;91;7;50555;1
19;91;7;55333;7
19;91;7;55555;169
19;91;5;95;26
19;91;5;96;68
19;91;5;162;1
19;91;5;180;163
19;91;5;222;51
19;91;5;290;1
19;91;5;400;166
19;91;5;445;55
19;91;5;800;1
19;91;3;13;161
19;91;3;45;80
19;91;3;95;5
19;91;3;96;20
19;92;1;13;182
19;92;1;14;7
19;92;1;22;47
19;92;1;35;1
19;92;1;55;4
19;92;1;70;4
19;92;1;95;3
19;92;1;96;12
19;92;6;10;1
19;92;6;12;2
19;92;6;22;2
19;92;6;40;1
19;92;6;45;1
19;92;6;95;4
19;92;6;96;5
19;92;6;1055;8
19;92;6;1314;1
19;92;6;1323;6
19;92;6;1331;1
19;92;6;1333;11
19;92;6;1555;5
19;92;6;2222;13
19;92;6;2277;1
19;92;6;2299;23
19;92;6;2333;1
19;92;6;2555;1
19;92;6;4040;2
19;92;6;4445;1
19;92;6;5511;1
19;92;6;5533;2
19;92;6;5555;166
19;92;6;5588;1
19;92;7;11;1
19;92;7;13;1
19;92;7;18;1
19;92;7;22;2
19;92;7;40;8
19;92;7;44;1
19;92;7;45;1
19;92;7;55;2
19;92;7;95;6
19;92;7;96;4
19;92;7;10222;1
19;92;7;10333;2
19;92;7;13123;1
19;92;7;13222;19
19;92;7;13258;1
19;92;7;13444;1
19;92;7;13777;1
19;92;7;22022;1
19;92;7;22221;3
19;92;7;22222;4
19;92;7;22223;1
19;92;7;22777;2
19;92;7;40777;6
19;92;7;45123;3
19;92;7;45633;1
19;92;7;45645;1
19;92;7;45777;2
19;92;7;55333;5
19;92;7;55555;178
19;92;5;95;26
19;92;5;96;71
19;92;5;180;169
19;92;5;222;34
19;92;5;300;1
19;92;5;400;174
19;92;5;445;45
19;92;3;13;171
19;92;3;45;66
19;92;3;95;4
19;92;3;96;19
19;93;1;13;191
19;93;1;14;2
19;93;1;22;41
19;93;1;55;6
19;93;1;70;3
19;93;1;95;3
19;93;1;96;9
19;93;6;12;2
19;93;6;22;2
19;93;6;95;8
19;93;6;96;3
19;93;6;1010;1
19;93;6;1055;15
19;93;6;1323;8
19;93;6;1333;12
19;93;6;1555;1
19;93;6;2200;1
19;93;6;2222;6
19;93;6;2277;1
19;93;6;2299;22
19;93;6;4040;4
19;93;6;4343;1
19;93;6;5511;2
19;93;6;5555;165
19;93;6;5588;1
19;93;7;13;1
19;93;7;22;2
19;93;7;23;1
19;93;7;25;1
19;93;7;40;5
19;93;7;44;2
19;93;7;45;1
19;93;7;55;2
19;93;7;95;8
19;93;7;96;3
19;93;7;10123;1
19;93;7;10222;1
19;93;7;10333;1
19;93;7;13013;1
19;93;7;13133;1
19;93;7;13222;12
19;93;7;13333;1
19;93;7;13444;3
19;93;7;13777;1
19;93;7;22022;2
19;93;7;22222;5
19;93;7;22777;1
19;93;7;33333;1
19;93;7;40777;7
19;93;7;43640;1
19;93;7;44555;1
19;93;7;45123;3
19;93;7;45555;1
19;93;7;45777;1
19;93;7;50013;1
19;93;7;55333;6
19;93;7;55555;177
19;93;5;95;31
19;93;5;96;56
19;93;5;180;168
19;93;5;222;37
19;93;5;400;169
19;93;5;445;47
19;93;5;800;2
19;93;3;13;170
19;93;3;45;68
19;93;3;95;7
19;93;3;96;10
19;94;1;13;106
19;94;1;14;2
19;94;1;22;12
19;94;1;55;4
19;94;1;95;4
19;94;1;96;10
19;94;6;11;1
19;94;6;12;1
19;94;6;13;2
19;94;6;22;1
19;94;6;95;5
19;94;6;96;5
19;94;6;1333;19
19;94;6;2210;1
19;94;6;2222;3
19;94;6;2299;16
19;94;6;2518;1
19;94;6;4545;1
19;94;6;5555;82
19;94;7;11;1
19;94;7;12;1
19;94;7;13;2
19;94;7;22;3
19;94;7;33;1
19;94;7;40;5
19;94;7;55;3
19;94;7;95;3
19;94;7;96;6
19;94;7;13013;2
19;94;7;13222;11
19;94;7;22111;1
19;94;7;22222;1
19;94;7;22822;2
19;94;7;40114;1
19;94;7;40777;1
19;94;7;44444;2
19;94;7;55249;10
19;94;7;55333;5
19;94;7;55555;77
19;94;5;95;14
19;94;5;96;56
19;94;5;180;89
19;94;5;222;7
19;94;5;400;98
19;94;5;445;12
19;94;3;13;95
19;94;3;45;27
19;94;3;95;2
19;94;3;96;14
19;95;1;13;89
19;95;1;22;13
19;95;1;55;2
19;95;1;95;4
19;95;1;96;5
19;95;6;13;1
19;95;6;55;1
19;95;6;95;4
19;95;6;96;1
19;95;6;1055;1
19;95;6;1323;1
19;95;6;1333;9
19;95;6;1555;1
19;95;6;2222;2
19;95;6;2277;1
19;95;6;2299;20
19;95;6;4343;1
19;95;6;5533;7
19;95;6;5555;63
19;95;7;13;1
19;95;7;18;1
19;95;7;40;3
19;95;7;44;1
19;95;7;55;1
19;95;7;95;7
19;95;7;96;2
19;95;7;10333;1
19;95;7;13000;1
19;95;7;13222;9
19;95;7;13456;1
19;95;7;22777;2
19;95;7;40777;5
19;95;7;55249;3
19;95;7;55333;1
19;95;7;55555;74
19;95;5;95;19
19;95;5;96;44
19;95;5;180;67
19;95;5;222;11
19;95;5;400;73
19;95;5;445;12
19;95;3;13;74
19;95;3;14;1
19;95;3;45;20
19;95;3;95;7
19;95;3;96;11
19;96;1;13;185
19;96;1;14;2
19;96;1;22;56
19;96;1;55;4
19;96;1;95;2
19;96;1;96;5
19;96;6;10;1
19;96;6;11;1
19;96;6;13;1
19;96;6;22;2
19;96;6;55;1
19;96;6;95;5
19;96;6;96;2
19;96;6;1055;12
19;96;6;1300;1
19;96;6;1323;2
19;96;6;1333;8
19;96;6;1515;1
19;96;6;2222;14
19;96;6;2266;1
19;96;6;2299;58
19;96;6;4343;3
19;96;6;4444;1
19;96;6;5511;2
19;96;6;5533;5
19;96;6;5555;133
19;96;7;10;1
19;96;7;18;1
19;96;7;22;2
19;96;7;40;3
19;96;7;43;1
19;96;7;44;7
19;96;7;55;4
19;96;7;95;5
19;96;7;96;7
19;96;7;10333;2
19;96;7;13000;2
19;96;7;13130;1
19;96;7;13222;1
19;96;7;13456;2
19;96;7;22000;2
19;96;7;22022;10
19;96;7;22222;2
19;96;7;40500;2
19;96;7;40700;5
19;96;7;40777;40
19;96;7;43640;1
19;96;7;45123;1
19;96;7;55333;2
19;96;7;55555;150
19;96;5;95;13
19;96;5;96;62
19;96;5;180;144
19;96;5;222;69
19;96;5;400;153
19;96;5;445;67
19;96;3;13;163
19;96;3;45;73
19;96;3;95;3
19;96;3;96;15
19;97;1;13;63
19;97;1;22;13
19;97;1;55;2
19;97;1;70;1
19;97;1;95;4
19;97;1;96;5
19;97;6;10;2
19;97;6;40;1
19;97;6;95;5
19;97;6;1055;9
19;97;6;1323;2
19;97;6;2222;1
19;97;6;2288;1
19;97;6;2299;10
19;97;6;2555;1
19;97;6;5555;56
19;97;7;13;2
19;97;7;18;1
19;97;7;22;2
19;97;7;40;1
19;97;7;45;1
19;97;7;55;1
19;97;7;95;5
19;97;7;10100;1
19;97;7;13444;1
19;97;7;22222;1
19;97;7;22888;1
19;97;7;40777;7
19;97;7;45123;2
19;97;7;50555;3
19;97;7;55333;3
19;97;7;55555;56
19;97;5;95;18
19;97;5;96;21
19;97;5;180;56
19;97;5;222;13
19;97;5;400;54
19;97;5;445;13
19;97;5;800;1
19;97;3;13;55
19;97;3;45;19
19;97;3;95;5
19;97;3;96;9
19;98;1;13;165
19;98;1;14;7
19;98;1;22;51
19;98;1;55;2
19;98;1;70;1
19;98;1;95;4
19;98;1;96;11
19;98;6;11;1
19;98;6;12;2
19;98;6;13;3
19;98;6;45;1
19;98;6;55;2
19;98;6;95;3
19;98;6;96;2
19;98;6;1055;2
19;98;6;1234;1
19;98;6;1323;49
19;98;6;2222;11
19;98;6;2277;1
19;98;6;2299;19
19;98;6;4040;3
19;98;6;4044;1
19;98;6;4055;2
19;98;6;4343;7
19;98;6;4422;1
19;98;6;4490;2
19;98;6;4555;1
19;98;6;5005;1
19;98;6;5055;1
19;98;6;5555;121
19;98;6;5588;4
19;98;7;10;1
19;98;7;15;1
19;98;7;18;2
19;98;7;22;3
19;98;7;40;3
19;98;7;45;2
19;98;7;55;5
19;98;7;95;5
19;98;7;96;4
19;98;7;10222;1
19;98;7;10333;3
19;98;7;10999;5
19;98;7;13222;5
19;98;7;13258;3
19;98;7;13333;1
19;98;7;13444;4
19;98;7;13456;1
19;98;7;15333;1
19;98;7;22000;2
19;98;7;22022;1
19;98;7;22221;1
19;98;7;22222;2
19;98;7;22580;1
19;98;7;22777;2
19;98;7;40700;7
19;98;7;40777;47
19;98;7;45999;1
19;98;7;50013;3
19;98;7;55333;13
19;98;7;55555;111
19;98;5;95;20
19;98;5;96;59
19;98;5;180;141
19;98;5;222;49
19;98;5;300;2
19;98;5;400;158
19;98;5;445;52
19;98;5;800;1
19;98;3;13;155
19;98;3;45;62
19;98;3;95;3
19;98;3;96;21
19;100;1;13;173
19;100;1;14;1
19;100;1;22;49
19;100;1;70;1
19;100;1;95;2
19;100;1;96;15
19;100;6;12;4
19;100;6;13;3
19;100;6;43;1
19;100;6;44;1
19;100;6;95;3
19;100;6;96;3
19;100;6;1055;1
19;100;6;1323;40
19;100;6;1515;1
19;100;6;2200;2
19;100;6;2222;5
19;100;6;2277;4
19;100;6;2299;18
19;100;6;2555;1
19;100;6;4040;3
19;100;6;4055;1
19;100;6;4077;1
19;100;6;4343;7
19;100;6;4445;1
19;100;6;5050;1
19;100;6;5533;1
19;100;6;5555;138
19;100;6;7777;1
19;100;7;10;1
19;100;7;13;3
19;100;7;18;2
19;100;7;22;2
19;100;7;40;8
19;100;7;43;1
19;100;7;45;1
19;100;7;55;3
19;100;7;95;4
19;100;7;96;3
19;100;7;10333;1
19;100;7;10999;7
19;100;7;13222;2
19;100;7;13258;4
19;100;7;13444;3
19;100;7;22000;1
19;100;7;22022;2
19;100;7;22221;1
19;100;7;22222;1
19;100;7;22777;3
19;100;7;22999;1
19;100;7;40700;10
19;100;7;40777;39
19;100;7;55000;4
19;100;7;55333;8
19;100;7;55555;126
19;100;5;95;10
19;100;5;96;82
19;100;5;180;150
19;100;5;222;44
19;100;5;300;1
19;100;5;400;145
19;100;5;445;50
19;100;3;13;160
19;100;3;14;1
19;100;3;45;50
19;100;3;95;3
19;100;3;96;27
19;102;1;13;73
19;102;1;22;49
19;102;1;55;1
19;102;1;70;2
19;102;1;95;2
19;102;1;96;4
19;102;6;12;1
19;102;6;13;3
19;102;6;22;1
19;102;6;23;1
19;102;6;55;1
19;102;6;95;1
19;102;6;96;2
19;102;6;1055;3
19;102;6;1234;2
19;102;6;1322;1
19;102;6;1323;9
19;102;6;1533;1
19;102;6;2222;3
19;102;6;2277;4
19;102;6;2299;57
19;102;6;2518;1
19;102;6;4040;3
19;102;6;4343;3
19;102;6;5555;33
19;102;6;5588;1
19;102;7;18;1
19;102;7;22;1
19;102;7;40;1
19;102;7;44;3
19;102;7;45;3
19;102;7;55;2
19;102;7;95;2
19;102;7;96;1
19;102;7;10222;1
19;102;7;10333;2
19;102;7;10999;2
19;102;7;13222;7
19;102;7;13444;5
19;102;7;22777;4
19;102;7;22999;1
19;102;7;40500;4
19;102;7;40700;4
19;102;7;40777;13
19;102;7;45190;1
19;102;7;45777;23
19;102;7;55333;17
19;102;7;55555;32
19;102;7;77777;1
19;102;5;95;9
19;102;5;96;28
19;102;5;180;49
19;102;5;222;59
19;102;5;400;55
19;102;5;445;62
19;102;3;13;64
19;102;3;45;53
19;102;3;95;1
19;102;3;96;13
19;104;1;13;84
19;104;1;22;28
19;104;1;70;1
19;104;1;96;4
19;104;6;11;1
19;104;6;13;1
19;104;6;96;3
19;104;6;1055;8
19;104;6;1234;1
19;104;6;1301;3
19;104;6;1323;8
19;104;6;1333;18
19;104;6;1533;1
19;104;6;1555;1
19;104;6;2222;6
19;104;6;2299;16
19;104;6;4343;2
19;104;6;4445;1
19;104;6;5544;1
19;104;6;5555;45
19;104;6;5588;1
19;104;7;13;1
19;104;7;40;2
19;104;7;55;3
19;104;7;96;3
19;104;7;10222;1
19;104;7;10999;2
19;104;7;13222;8
19;104;7;13456;7
19;104;7;13999;1
19;104;7;15333;1
19;104;7;22222;6
19;104;7;40123;3
19;104;7;40700;1
19;104;7;40777;6
19;104;7;44456;1
19;104;7;45777;1
19;104;7;55000;2
19;104;7;55333;8
19;104;7;55555;60
19;104;5;95;4
19;104;5;96;31
19;104;5;180;73
19;104;5;222;29
19;104;5;300;3
19;104;5;400;71
19;104;5;445;23
19;104;3;13;76
19;104;3;45;34
19;104;3;95;1
19;104;3;96;6
19;105;1;13;191
19;105;1;14;1
19;105;1;16;1
19;105;1;21;1
19;105;1;22;56
19;105;1;55;3
19;105;1;70;1
19;105;1;95;8
19;105;1;96;14
19;105;6;10;1
19;105;6;11;2
19;105;6;12;3
19;105;6;13;2
19;105;6;29;1
19;105;6;40;1
19;105;6;55;1
19;105;6;95;5
19;105;6;96;5
19;105;6;1010;1
19;105;6;1055;35
19;105;6;1234;1
19;105;6;1313;1
19;105;6;1322;1
19;105;6;1323;72
19;105;6;1555;1
19;105;6;2222;4
19;105;6;2266;1
19;105;6;2299;53
19;105;6;4040;6
19;105;6;4077;1
19;105;6;4455;1
19;105;6;4555;1
19;105;6;5533;5
19;105;6;5555;70
19;105;6;5588;1
19;105;7;12;1
19;105;7;13;7
19;105;7;18;3
19;105;7;22;4
19;105;7;40;10
19;105;7;43;2
19;105;7;45;1
19;105;7;55;1
19;105;7;77;1
19;105;7;80;1
19;105;7;95;5
19;105;7;96;5
19;105;7;10333;7
19;105;7;13113;1
19;105;7;13222;13
19;105;7;13258;8
19;105;7;13444;4
19;105;7;13456;1
19;105;7;22221;1
19;105;7;22222;2
19;105;7;22345;2
19;105;7;40111;1
19;105;7;40500;1
19;105;7;40700;3
19;105;7;40777;65
19;105;7;55333;69
19;105;7;55555;57
19;105;5;95;29
19;105;5;96;93
19;105;5;180;163
19;105;5;222;52
19;105;5;400;163
19;105;5;445;52
19;105;3;13;170
19;105;3;16;1
19;105;3;45;74
19;105;3;80;1
19;105;3;95;8
19;105;3;96;22
19;106;1;13;91
19;106;1;22;31
19;106;1;55;1
19;106;1;70;3
19;106;1;95;2
19;106;1;96;8
19;106;6;12;1
19;106;6;13;1
19;106;6;25;1
19;106;6;45;1
19;106;6;55;1
19;106;6;95;4
19;106;6;96;1
19;106;6;1055;2
19;106;6;1111;1
19;106;6;1234;1
19;106;6;1322;1
19;106;6;1323;5
19;106;6;1333;2
19;106;6;1515;2
19;106;6;2222;1
19;106;6;2294;1
19;106;6;2299;44
19;106;6;4000;3
19;106;6;4040;4
19;106;6;4444;2
19;106;6;5555;57
19;106;7;12;2
19;106;7;13;1
19;106;7;22;3
19;106;7;25;1
19;106;7;40;1
19;106;7;55;2
19;106;7;95;2
19;106;7;96;4
19;106;7;10100;2
19;106;7;10222;1
19;106;7;13222;9
19;106;7;13258;1
19;106;7;13333;2
19;106;7;13444;1
19;106;7;13456;1
19;106;7;13777;2
19;106;7;22000;5
19;106;7;22221;2
19;106;7;40700;1
19;106;7;40777;3
19;106;7;44444;2
19;106;7;45333;1
19;106;7;45777;19
19;106;7;55333;9
19;106;7;55555;59
19;106;5;95;5
19;106;5;96;35
19;106;5;180;77
19;106;5;222;36
19;106;5;300;1
19;106;5;400;83
19;106;5;445;35
19;106;3;13;87
19;106;3;45;33
19;106;3;95;2
19;106;3;96;14
19;108;1;13;124
19;108;1;22;39
19;108;1;55;9
19;108;1;70;4
19;108;1;95;10
19;108;1;96;16
19;108;6;12;1
19;108;6;55;4
19;108;6;95;10
19;108;6;96;10
19;108;6;1055;1
19;108;6;1323;5
19;108;6;1555;4
19;108;6;2222;14
19;108;6;2277;4
19;108;6;2299;20
19;108;6;2518;3
19;108;6;4000;7
19;108;6;4040;1
19;108;6;4422;1
19;108;6;4599;1
19;108;6;5511;1
19;108;6;5555;114
19;108;6;7711;1
19;108;7;13;1
19;108;7;15;1
19;108;7;22;1
19;108;7;25;1
19;108;7;40;7
19;108;7;44;2
19;108;7;45;1
19;108;7;55;6
19;108;7;95;12
19;108;7;96;9
19;108;7;10234;1
19;108;7;13013;1
19;108;7;13111;1
19;108;7;13123;1
19;108;7;13258;19
19;108;7;13456;4
19;108;7;22221;2
19;108;7;22222;4
19;108;7;22777;5
19;108;7;40100;2
19;108;7;40700;2
19;108;7;45888;2
19;108;7;55333;7
19;108;7;55555;109
19;108;7;55888;1
19;108;5;95;26
19;108;5;96;80
19;108;5;180;104
19;108;5;222;44
19;108;5;400;104
19;108;5;445;46
19;108;3;13;115
19;108;3;45;49
19;108;3;95;11
19;108;3;96;27
19;109;1;13;145
19;109;1;14;2
19;109;1;22;36
19;109;1;55;6
19;109;1;70;1
19;109;1;96;6
19;109;6;13;1
19;109;6;33;1
19;109;6;55;1
19;109;6;77;1
19;109;6;95;3
19;109;6;96;9
19;109;6;1055;4
19;109;6;1111;1
19;109;6;1144;1
19;109;6;1200;1
19;109;6;1277;1
19;109;6;1323;3
19;109;6;1555;6
19;109;6;2222;6
19;109;6;2299;21
19;109;6;2518;2
19;109;6;4000;5
19;109;6;4010;1
19;109;6;4422;1
19;109;6;5050;1
19;109;6;5511;2
19;109;6;5555;121
19;109;6;7711;2
19;109;6;7788;1
19;109;7;11;1
19;109;7;13;2
19;109;7;22;1
19;109;7;30;1
19;109;7;40;7
19;109;7;44;1
19;109;7;55;2
19;109;7;95;3
19;109;7;96;8
19;109;7;10005;1
19;109;7;10333;1
19;109;7;13013;1
19;109;7;13111;5
19;109;7;13123;2
19;109;7;13132;1
19;109;7;13222;1
19;109;7;13258;15
19;109;7;13456;2
19;109;7;22022;1
19;109;7;22221;2
19;109;7;22222;1
19;109;7;22762;1
19;109;7;40100;4
19;109;7;40234;1
19;109;7;40700;2
19;109;7;40777;2
19;109;7;44555;1
19;109;7;45456;1
19;109;7;45800;1
19;109;7;45888;2
19;109;7;50555;1
19;109;7;55333;3
19;109;7;55555;117
19;109;7;77888;1
19;109;5;95;15
19;109;5;96;65
19;109;5;180;111
19;109;5;222;45
19;109;5;400;116
19;109;5;445;40
19;109;3;13;127
19;109;3;45;54
19;109;3;96;15
19;110;1;13;125
19;110;1;14;1
19;110;1;22;51
19;110;1;55;8
19;110;1;70;3
19;110;1;95;5
19;110;1;96;7
19;110;6;13;2
19;110;6;15;1
19;110;6;22;1
19;110;6;29;1
19;110;6;40;1
19;110;6;55;2
19;110;6;77;1
19;110;6;95;8
19;110;6;96;5
19;110;6;1055;2
19;110;6;1111;1
19;110;6;1323;2
19;110;6;1414;1
19;110;6;1515;1
19;110;6;1555;4
19;110;6;2222;8
19;110;6;2277;2
19;110;6;2299;16
19;110;6;2518;2
19;110;6;4000;5
19;110;6;4010;1
19;110;6;4422;1
19;110;6;4455;1
19;110;6;5555;129
19;110;6;7711;1
19;110;6;7788;1
19;110;7;13;1
19;110;7;40;2
19;110;7;55;4
19;110;7;95;13
19;110;7;96;4
19;110;7;12333;1
19;110;7;13111;1
19;110;7;13123;1
19;110;7;13222;1
19;110;7;13258;14
19;110;7;13456;1
19;110;7;22022;1
19;110;7;22221;2
19;110;7;22222;3
19;110;7;22777;1
19;110;7;40000;1
19;110;7;40100;4
19;110;7;40111;1
19;110;7;40700;2
19;110;7;44090;1
19;110;7;44444;3
19;110;7;45456;1
19;110;7;55333;5
19;110;7;55555;131
19;110;7;77888;1
19;110;5;95;28
19;110;5;96;42
19;110;5;180;115
19;110;5;222;44
19;110;5;300;1
19;110;5;400;122
19;110;5;445;48
19;110;3;13;113
19;110;3;14;1
19;110;3;45;65
19;110;3;95;8
19;110;3;96;13
19;111;1;13;121
19;111;1;14;4
19;111;1;22;43
19;111;1;55;6
19;111;1;70;2
19;111;1;95;3
19;111;1;96;10
19;111;6;11;1
19;111;6;12;1
19;111;6;13;1
19;111;6;18;1
19;111;6;55;4
19;111;6;77;1
19;111;6;95;10
19;111;6;96;13
19;111;6;1323;5
19;111;6;1500;1
19;111;6;1555;4
19;111;6;2200;1
19;111;6;2222;12
19;111;6;2277;3
19;111;6;2299;14
19;111;6;2518;1
19;111;6;2555;1
19;111;6;4000;5
19;111;6;4040;1
19;111;6;4422;2
19;111;6;4455;1
19;111;6;4545;1
19;111;6;5555;105
19;111;7;13;3
19;111;7;15;1
19;111;7;18;1
19;111;7;22;3
19;111;7;40;7
19;111;7;45;1
19;111;7;55;7
19;111;7;95;7
19;111;7;96;11
19;111;7;10444;1
19;111;7;13111;1
19;111;7;13113;1
19;111;7;13123;1
19;111;7;13258;11
19;111;7;13444;1
19;111;7;13456;2
19;111;7;15000;1
19;111;7;15123;1
19;111;7;15555;1
19;111;7;22022;1
19;111;7;22180;2
19;111;7;22221;1
19;111;7;22222;9
19;111;7;22777;1
19;111;7;40100;2
19;111;7;40111;1
19;111;7;40700;3
19;111;7;40777;1
19;111;7;44111;2
19;111;7;44444;1
19;111;7;45100;1
19;111;7;45456;2
19;111;7;45678;1
19;111;7;45800;1
19;111;7;55000;1
19;111;7;55333;5
19;111;7;55555;92
19;111;5;95;28
19;111;5;96;77
19;111;5;180;96
19;111;5;222;40
19;111;5;400;97
19;111;5;445;40
19;111;3;13;108
19;111;3;14;2
19;111;3;45;54
19;111;3;95;7
19;111;3;96;18
19;112;1;13;70
19;112;1;14;2
19;112;1;22;14
19;112;1;55;3
19;112;1;70;1
19;112;1;95;3
19;112;6;18;1
19;112;6;40;1
19;112;6;45;1
19;112;6;95;4
19;112;6;96;1
19;112;6;1322;1
19;112;6;1323;1
19;112;6;1331;3
19;112;6;1555;14
19;112;6;2222;4
19;112;6;2299;16
19;112;6;2555;1
19;112;6;4077;1
19;112;6;4455;1
19;112;6;5050;1
19;112;6;5555;42
19;112;7;13;2
19;112;7;22;1
19;112;7;40;1
19;112;7;44;1
19;112;7;55;1
19;112;7;95;3
19;112;7;13111;1
19;112;7;13123;7
19;112;7;13133;2
19;112;7;13222;11
19;112;7;13258;4
19;112;7;15555;1
19;112;7;22022;1
19;112;7;22222;3
19;112;7;33456;1
19;112;7;40100;3
19;112;7;40444;1
19;112;7;40700;1
19;112;7;45456;1
19;112;7;45777;3
19;112;7;50555;1
19;112;7;55555;43
19;112;5;95;11
19;112;5;96;23
19;112;5;180;65
19;112;5;222;13
19;112;5;400;60
19;112;5;445;14
19;112;3;13;58
19;112;3;14;1
19;112;3;45;25
19;112;3;95;4
19;112;3;96;5
19;113;1;13;161
19;113;1;14;3
19;113;1;22;73
19;113;1;95;6
19;113;1;96;15
19;113;6;12;4
19;113;6;13;2
19;113;6;18;1
19;113;6;22;7
19;113;6;30;1
19;113;6;45;1
19;113;6;55;1
19;113;6;95;6
19;113;6;96;3
19;113;6;1055;5
19;113;6;1234;1
19;113;6;1301;8
19;113;6;1313;1
19;113;6;1322;5
19;113;6;1323;20
19;113;6;1555;3
19;113;6;2200;2
19;113;6;2222;10
19;113;6;2277;3
19;113;6;2299;32
19;113;6;2525;1
19;113;6;4000;1
19;113;6;4040;1
19;113;6;4343;2
19;113;6;4555;1
19;113;6;5555;131
19;113;6;5588;5
19;113;7;13;2
19;113;7;22;8
19;113;7;30;1
19;113;7;40;13
19;113;7;43;1
19;113;7;44;2
19;113;7;45;1
19;113;7;55;5
19;113;7;77;1
19;113;7;95;7
19;113;7;96;7
19;113;7;10333;3
19;113;7;10999;1
19;113;7;12345;1
19;113;7;13123;1
19;113;7;13131;1
19;113;7;13222;13
19;113;7;13258;1
19;113;7;13333;10
19;113;7;13444;1
19;113;7;13456;2
19;113;7;13777;2
19;113;7;22000;1
19;113;7;22022;2
19;113;7;22221;1
19;113;7;22222;5
19;113;7;22777;5
19;113;7;22999;1
19;113;7;30722;2
19;113;7;40700;5
19;113;7;40777;26
19;113;7;44444;1
19;113;7;44455;1
19;113;7;44555;1
19;113;7;45777;1
19;113;7;45999;1
19;113;7;50555;1
19;113;7;55000;6
19;113;7;55100;1
19;113;7;55333;6
19;113;7;55555;106
19;113;7;77777;1
19;113;5;95;33
19;113;5;96;91
19;113;5;180;129
19;113;5;222;59
19;113;5;400;136
19;113;5;445;68
19;113;3;13;147
19;113;3;45;74
19;113;3;95;6
19;113;3;96;31
19;114;1;13;166
19;114;1;14;4
19;114;1;22;72
19;114;1;55;2
19;114;1;70;2
19;114;1;95;7
19;114;1;96;22
19;114;6;10;1
19;114;6;12;4
19;114;6;13;3
19;114;6;14;1
19;114;6;18;1
19;114;6;22;1
19;114;6;30;1
19;114;6;40;2
19;114;6;55;2
19;114;6;95;11
19;114;6;96;5
19;114;6;1020;1
19;114;6;1022;1
19;114;6;1055;7
19;114;6;1222;1
19;114;6;1233;1
19;114;6;1301;4
19;114;6;1322;2
19;114;6;1323;17
19;114;6;1333;2
19;114;6;1515;1
19;114;6;2222;13
19;114;6;2277;1
19;114;6;2299;50
19;114;6;4000;4
19;114;6;4040;2
19;114;6;4343;1
19;114;6;4444;2
19;114;6;5533;1
19;114;6;5555;131
19;114;6;5588;1
19;114;7;13;5
19;114;7;18;1
19;114;7;22;2
19;114;7;23;1
19;114;7;40;6
19;114;7;44;1
19;114;7;55;3
19;114;7;95;11
19;114;7;96;12
19;114;7;10222;1
19;114;7;10333;3
19;114;7;11999;1
19;114;7;12333;1
19;114;7;13123;1
19;114;7;13222;25
19;114;7;13234;1
19;114;7;13258;4
19;114;7;13333;11
19;114;7;13444;2
19;114;7;15333;1
19;114;7;22022;3
19;114;7;22221;3
19;114;7;22222;4
19;114;7;22777;2
19;114;7;30722;3
19;114;7;40123;1
19;114;7;40500;2
19;114;7;40700;6
19;114;7;40777;21
19;114;7;55000;5
19;114;7;55333;2
19;114;7;55555;130
19;114;5;95;32
19;114;5;96;84
19;114;5;180;145
19;114;5;222;71
19;114;5;400;147
19;114;5;445;71
19;114;3;13;159
19;114;3;14;2
19;114;3;45;79
19;114;3;95;9
19;114;3;96;26
19;116;1;13;185
19;116;1;22;65
19;116;1;55;5
19;116;1;95;4
19;116;1;96;12
19;116;6;11;2
19;116;6;12;4
19;116;6;13;2
19;116;6;14;1
19;116;6;22;4
19;116;6;40;1
19;116;6;45;1
19;116;6;55;1
19;116;6;95;10
19;116;6;96;3
19;116;6;1055;7
19;116;6;1234;1
19;116;6;1301;4
19;116;6;1322;1
19;116;6;1323;20
19;116;6;2222;8
19;116;6;2266;1
19;116;6;2277;4
19;116;6;2299;59
19;116;6;4000;1
19;116;6;4040;4
19;116;6;4077;1
19;116;6;4343;5
19;116;6;5050;1
19;116;6;5533;1
19;116;6;5555;121
19;116;6;5588;3
19;116;7;13;6
19;116;7;18;1
19;116;7;22;5
19;116;7;40;14
19;116;7;44;4
19;116;7;45;1
19;116;7;55;1
19;116;7;95;10
19;116;7;96;4
19;116;7;10333;5
19;116;7;10999;4
19;116;7;12345;1
19;116;7;13013;2
19;116;7;13131;2
19;116;7;13222;23
19;116;7;13223;1
19;116;7;13333;7
19;116;7;13444;4
19;116;7;13456;2
19;116;7;22000;3
19;116;7;22022;4
19;116;7;22777;2
19;116;7;30722;1
19;116;7;33123;1
19;116;7;40500;1
19;116;7;40700;8
19;116;7;40777;27
19;116;7;45777;3
19;116;7;50180;1
19;116;7;55000;3
19;116;7;55333;4
19;116;7;55555;116
19;116;5;95;35
19;116;5;96;93
19;116;5;180;140
19;116;5;222;68
19;116;5;400;145
19;116;5;445;61
19;116;3;13;164
19;116;3;45;69
19;116;3;95;11
19;116;3;96;27
19;118;1;13;154
19;118;1;14;3
19;118;1;22;40
19;118;1;55;3
19;118;1;70;2
19;118;1;95;5
19;118;1;96;10
19;118;6;12;4
19;118;6;13;3
19;118;6;29;1
19;118;6;40;1
19;118;6;55;2
19;118;6;95;3
19;118;6;96;2
19;118;6;1055;3
19;118;6;1222;1
19;118;6;1312;1
19;118;6;1313;1
19;118;6;1323;10
19;118;6;1333;4
19;118;6;1555;1
19;118;6;1800;1
19;118;6;2222;8
19;118;6;2299;84
19;118;6;4000;3
19;118;6;4040;2
19;118;6;4077;1
19;118;6;5050;1
19;118;6;5511;1
19;118;6;5555;79
19;118;7;13;1
19;118;7;18;1
19;118;7;22;11
19;118;7;40;8
19;118;7;43;1
19;118;7;45;1
19;118;7;55;1
19;118;7;95;7
19;118;7;96;5
19;118;7;10333;3
19;118;7;10777;1
19;118;7;13222;5
19;118;7;13258;4
19;118;7;13444;2
19;118;7;13456;4
19;118;7;22000;1
19;118;7;22022;1
19;118;7;22221;1
19;118;7;22222;2
19;118;7;40222;2
19;118;7;40700;1
19;118;7;40777;61
19;118;7;45555;1
19;118;7;50555;2
19;118;7;55000;4
19;118;7;55333;7
19;118;7;55555;79
19;118;5;95;25
19;118;5;96;70
19;118;5;180;105
19;118;5;222;65
19;118;5;400;105
19;118;5;445;64
19;118;3;13;135
19;118;3;14;1
19;118;3;45;56
19;118;3;95;5
19;118;3;96;20
19;119;1;13;107
19;119;1;14;2
19;119;1;22;67
19;119;1;55;2
19;119;1;70;4
19;119;1;95;3
19;119;1;96;5
19;119;6;22;1
19;119;6;40;1
19;119;6;55;1
19;119;6;95;4
19;119;6;96;5
19;119;6;1055;4
19;119;6;1323;28
19;119;6;1333;1
19;119;6;1365;2
19;119;6;1400;1
19;119;6;1555;2
19;119;6;2222;14
19;119;6;2255;1
19;119;6;2288;1
19;119;6;2299;47
19;119;6;4040;1
19;119;6;4444;1
19;119;6;5077;1
19;119;6;5555;73
19;119;6;7777;1
19;119;7;13;2
19;119;7;18;2
19;119;7;22;2
19;119;7;40;3
19;119;7;44;3
19;119;7;45;1
19;119;7;55;1
19;119;7;95;7
19;119;7;96;4
19;119;7;10007;1
19;119;7;10333;3
19;119;7;13131;1
19;119;7;13222;13
19;119;7;13444;1
19;119;7;13456;4
19;119;7;15333;1
19;119;7;22022;2
19;119;7;22190;1
19;119;7;22221;2
19;119;7;22322;1
19;119;7;40700;12
19;119;7;40777;15
19;119;7;45222;2
19;119;7;50013;1
19;119;7;50555;1
19;119;7;55333;32
19;119;7;55555;72
19;119;5;95;24
19;119;5;96;54
19;119;5;180;79
19;119;5;222;71
19;119;5;400;87
19;119;5;445;64
19;119;5;800;1
19;119;3;13;92
19;119;3;14;1
19;119;3;45;79
19;119;3;95;7
19;119;3;96;11
19;120;1;13;143
19;120;1;14;3
19;120;1;16;1
19;120;1;22;47
19;120;1;55;3
19;120;1;70;1
19;120;1;95;4
19;120;1;96;12
19;120;6;11;1
19;120;6;13;2
19;120;6;22;1
19;120;6;95;10
19;120;6;96;2
19;120;6;1055;20
19;120;6;1234;2
19;120;6;1301;5
19;120;6;1322;6
19;120;6;1323;20
19;120;6;1331;1
19;120;6;1333;2
19;120;6;1377;1
19;120;6;1515;2
19;120;6;1555;1
19;120;6;2222;15
19;120;6;2266;2
19;120;6;2277;2
19;120;6;2299;38
19;120;6;4000;1
19;120;6;4445;1
19;120;6;5533;1
19;120;6;5555;77
19;120;6;5588;1
19;120;7;10;1
19;120;7;13;2
19;120;7;18;1
19;120;7;22;3
19;120;7;40;11
19;120;7;45;1
19;120;7;55;3
19;120;7;95;12
19;120;7;96;3
19;120;7;10333;7
19;120;7;10700;1
19;120;7;13123;1
19;120;7;13222;5
19;120;7;13333;11
19;120;7;13456;2
19;120;7;13777;8
19;120;7;22022;1
19;120;7;22221;1
19;120;7;22777;2
19;120;7;40111;1
19;120;7;40500;1
19;120;7;40700;8
19;120;7;40777;23
19;120;7;55333;48
19;120;7;55555;57
19;120;5;95;41
19;120;5;96;61
19;120;5;180;108
19;120;5;222;49
19;120;5;400;112
19;120;5;445;57
19;120;3;13;122
19;120;3;14;1
19;120;3;45;62
19;120;3;95;10
19;120;3;96;19
19;121;1;13;144
19;121;1;22;49
19;121;1;55;5
19;121;1;70;2
19;121;1;95;7
19;121;1;96;6
19;121;6;12;2
19;121;6;13;1
19;121;6;18;1
19;121;6;22;3
19;121;6;40;1
19;121;6;45;1
19;121;6;50;1
19;121;6;55;3
19;121;6;95;17
19;121;6;96;4
19;121;6;1055;11
19;121;6;1222;1
19;121;6;1234;1
19;121;6;1301;2
19;121;6;1322;1
19;121;6;1323;14
19;121;6;1331;2
19;121;6;1333;5
19;121;6;2200;3
19;121;6;2222;8
19;121;6;2277;5
19;121;6;2299;43
19;121;6;4455;1
19;121;6;4555;2
19;121;6;5533;3
19;121;6;5555;74
19;121;6;5588;1
19;121;6;7700;2
19;121;7;13;3
19;121;7;18;2
19;121;7;22;6
19;121;7;40;3
19;121;7;44;3
19;121;7;95;19
19;121;7;96;6
19;121;7;10333;7
19;121;7;13123;1
19;121;7;13222;4
19;121;7;13258;6
19;121;7;13333;14
19;121;7;13456;5
19;121;7;13777;6
19;121;7;22000;3
19;121;7;22222;1
19;121;7;22777;5
19;121;7;40700;4
19;121;7;40777;20
19;121;7;40789;1
19;121;7;45999;1
19;121;7;55333;27
19;121;7;55555;66
19;121;5;95;50
19;121;5;96;54
19;121;5;180;109
19;121;5;222;46
19;121;5;400;114
19;121;5;445;53
19;121;3;13;125
19;121;3;45;64
19;121;3;95;12
19;121;3;96;12
19;122;1;13;127
19;122;1;14;3
19;122;1;22;51
19;122;1;30;1
19;122;1;70;4
19;122;1;80;1
19;122;1;95;2
19;122;1;96;6
19;122;6;22;1
19;122;6;40;1
19;122;6;45;1
19;122;6;55;1
19;122;6;95;2
19;122;6;96;4
19;122;6;1000;1
19;122;6;1010;2
19;122;6;1022;1
19;122;6;1055;19
19;122;6;1313;1
19;122;6;1323;6
19;122;6;1331;1
19;122;6;1333;1
19;122;6;1400;1
19;122;6;1555;2
19;122;6;2222;6
19;122;6;2277;3
19;122;6;2299;22
19;122;6;4040;1
19;122;6;4343;1
19;122;6;4443;2
19;122;6;4456;1
19;122;6;5511;2
19;122;6;5555;108
19;122;6;5588;4
19;122;7;10;1
19;122;7;13;1
19;122;7;22;1
19;122;7;40;8
19;122;7;44;4
19;122;7;55;6
19;122;7;95;5
19;122;7;96;2
19;122;7;10222;2
19;122;7;10333;10
19;122;7;13131;2
19;122;7;13222;7
19;122;7;13258;7
19;122;7;13456;7
19;122;7;22221;2
19;122;7;22222;2
19;122;7;22777;3
19;122;7;40100;1
19;122;7;40500;1
19;122;7;40700;22
19;122;7;40777;2
19;122;7;44022;1
19;122;7;44447;1
19;122;7;50555;1
19;122;7;55333;4
19;122;7;55555;92
19;122;5;95;16
19;122;5;96;59
19;122;5;180;101
19;122;5;222;54
19;122;5;300;2
19;122;5;400;105
19;122;5;445;53
19;122;3;13;107
19;122;3;14;1
19;122;3;45;69
19;122;3;95;2
19;122;3;96;16
19;124;1;13;110
19;124;1;14;1
19;124;1;22;41
19;124;1;55;2
19;124;1;70;1
19;124;1;95;4
19;124;1;96;8
19;124;6;11;1
19;124;6;12;1
19;124;6;13;3
19;124;6;18;1
19;124;6;22;2
19;124;6;40;1
19;124;6;55;2
19;124;6;95;1
19;124;6;96;1
19;124;6;1055;10
19;124;6;1111;1
19;124;6;1301;1
19;124;6;1323;10
19;124;6;1333;2
19;124;6;1515;1
19;124;6;2222;6
19;124;6;2277;1
19;124;6;2299;28
19;124;6;4422;1
19;124;6;4443;1
19;124;6;4490;1
19;124;6;5555;88
19;124;6;5588;2
19;124;6;7711;1
19;124;7;10;1
19;124;7;13;3
19;124;7;18;1
19;124;7;22;3
19;124;7;40;4
19;124;7;44;1
19;124;7;45;2
19;124;7;55;2
19;124;7;95;4
19;124;7;96;1
19;124;7;10222;2
19;124;7;10333;3
19;124;7;11111;1
19;124;7;13222;11
19;124;7;13258;9
19;124;7;13333;1
19;124;7;13456;3
19;124;7;22000;1
19;124;7;22190;1
19;124;7;22221;2
19;124;7;22222;1
19;124;7;22223;1
19;124;7;22762;1
19;124;7;22777;1
19;124;7;40100;2
19;124;7;40234;2
19;124;7;40333;1
19;124;7;40700;20
19;124;7;40777;7
19;124;7;44444;1
19;124;7;55333;8
19;124;7;55555;66
19;124;5;95;13
19;124;5;96;61
19;124;5;180;82
19;124;5;222;42
19;124;5;400;90
19;124;5;445;46
19;124;3;13;88
19;124;3;45;56
19;124;3;95;3
19;124;3;96;20
19;126;1;13;109
19;126;1;14;3
19;126;1;22;49
19;126;1;55;2
19;126;1;70;2
19;126;1;95;3
19;126;1;96;12
19;126;6;11;1
19;126;6;13;2
19;126;6;22;1
19;126;6;40;1
19;126;6;45;1
19;126;6;55;1
19;126;6;95;3
19;126;6;96;2
19;126;6;1000;1
19;126;6;1055;8
19;126;6;1234;1
19;126;6;1323;8
19;126;6;1331;1
19;126;6;1333;3
19;126;6;2222;9
19;126;6;2266;1
19;126;6;2299;21
19;126;6;4000;2
19;126;6;4040;1
19;126;6;4422;2
19;126;6;4456;2
19;126;6;5018;1
19;126;6;5544;1
19;126;6;5555;101
19;126;6;5588;4
19;126;6;7711;1
19;126;7;10;2
19;126;7;11;1
19;126;7;18;1
19;126;7;22;1
19;126;7;40;5
19;126;7;44;2
19;126;7;55;1
19;126;7;95;4
19;126;7;96;2
19;126;7;10100;1
19;126;7;10222;4
19;126;7;10333;3
19;126;7;13222;2
19;126;7;13258;13
19;126;7;13456;4
19;126;7;22000;3
19;126;7;22022;3
19;126;7;22221;1
19;126;7;22222;1
19;126;7;22762;1
19;126;7;40700;23
19;126;7;40777;3
19;126;7;44022;2
19;126;7;44447;1
19;126;7;55000;1
19;126;7;55333;10
19;126;7;55555;85
19;126;5;95;17
19;126;5;96;56
19;126;5;180;96
19;126;5;222;50
19;126;5;400;93
19;126;5;445;48
19;126;3;13;100
19;126;3;45;56
19;126;3;95;5
19;126;3;96;19
19;128;1;13;111
19;128;1;22;52
19;128;1;70;2
19;128;1;96;7
19;128;6;13;1
19;128;6;22;1
19;128;6;40;1
19;128;6;96;1
19;128;6;1055;4
19;128;6;1299;1
19;128;6;1323;6
19;128;6;2212;1
19;128;6;2299;63
19;128;6;4000;2
19;128;6;4077;1
19;128;6;4444;1
19;128;6;5555;89
19;128;7;12;2
19;128;7;13;5
19;128;7;22;1
19;128;7;40;1
19;128;7;43;2
19;128;7;44;2
19;128;7;96;1
19;128;7;10333;4
19;128;7;13133;1
19;128;7;13258;45
19;128;7;13456;1
19;128;7;40100;1
19;128;7;40700;24
19;128;7;40777;2
19;128;7;55333;8
19;128;7;55555;72
19;128;5;95;23
19;128;5;96;30
19;128;5;180;74
19;128;5;222;65
19;128;5;400;80
19;128;5;445;72
19;128;3;13;74
19;128;3;45;86
19;128;3;95;3
19;128;3;96;9
19;129;1;13;194
19;129;1;22;57
19;129;1;55;3
19;129;1;70;5
19;129;1;95;10
19;129;1;96;5
19;129;6;10;1
19;129;6;13;1
19;129;6;18;2
19;129;6;22;3
19;129;6;44;1
19;129;6;55;1
19;129;6;95;19
19;129;6;96;3
19;129;6;1055;14
19;129;6;1299;1
19;129;6;1301;4
19;129;6;1322;1
19;129;6;1323;13
19;129;6;1333;9
19;129;6;1515;1
19;129;6;2200;3
19;129;6;2222;12
19;129;6;2266;1
19;129;6;2277;1
19;129;6;2299;47
19;129;6;4044;1
19;129;6;4410;1
19;129;6;4422;1
19;129;6;4444;1
19;129;6;5511;1
19;129;6;5555;125
19;129;6;7711;6
19;129;7;12;3
19;129;7;13;4
19;129;7;18;2
19;129;7;22;1
19;129;7;40;3
19;129;7;44;4
19;129;7;45;3
19;129;7;55;4
19;129;7;95;21
19;129;7;96;6
19;129;7;10333;8
19;129;7;10678;1
19;129;7;13123;4
19;129;7;13133;1
19;129;7;13222;7
19;129;7;13258;24
19;129;7;13333;1
19;129;7;13456;1
19;129;7;15333;1
19;129;7;22000;1
19;129;7;22022;8
19;129;7;22222;6
19;129;7;22777;2
19;129;7;40000;1
19;129;7;40100;2
19;129;7;40700;22
19;129;7;40777;10
19;129;7;45222;1
19;129;7;55333;16
19;129;7;55555;106
19;129;5;95;60
19;129;5;96;76
19;129;5;180;137
19;129;5;222;60
19;129;5;290;2
19;129;5;400;151
19;129;5;445;59
19;129;5;800;3
19;129;3;13;153
19;129;3;45;82
19;129;3;95;18
19;129;3;96;21
19;130;1;13;82
19;130;1;22;19
19;130;1;55;4
19;130;1;95;1
19;130;1;96;4
19;130;6;95;3
19;130;6;96;1
19;130;6;1055;12
19;130;6;1323;10
19;130;6;1331;1
19;130;6;2222;1
19;130;6;2277;2
19;130;6;2299;14
19;130;6;5050;2
19;130;6;5555;64
19;130;7;18;2
19;130;7;40;4
19;130;7;44;2
19;130;7;55;2
19;130;7;95;1
19;130;7;96;1
19;130;7;10333;11
19;130;7;13123;2
19;130;7;13222;6
19;130;7;13258;1
19;130;7;13456;2
19;130;7;22022;1
19;130;7;22777;2
19;130;7;40700;1
19;130;7;40777;5
19;130;7;50180;1
19;130;7;55333;7
19;130;7;55555;59
19;130;5;95;9
19;130;5;96;29
19;130;5;180;73
19;130;5;222;16
19;130;5;400;77
19;130;5;445;15
19;130;5;800;1
19;130;3;13;75
19;130;3;14;1
19;130;3;45;24
19;130;3;95;2
19;130;3;96;8
19;131;1;13;128
19;131;1;14;1
19;131;1;22;54
19;131;1;55;4
19;131;1;70;5
19;131;1;95;5
19;131;1;96;11
19;131;6;12;2
19;131;6;18;1
19;131;6;40;2
19;131;6;44;1
19;131;6;55;2
19;131;6;95;8
19;131;6;96;5
19;131;6;1010;1
19;131;6;1055;29
19;131;6;1323;6
19;131;6;1333;4
19;131;6;1555;1
19;131;6;2222;9
19;131;6;2277;2
19;131;6;2299;29
19;131;6;4040;1
19;131;6;4077;2
19;131;6;4343;1
19;131;6;4422;1
19;131;6;4444;1
19;131;6;4456;1
19;131;6;5511;1
19;131;6;5555;94
19;131;6;5588;3
19;131;6;7711;1
19;131;7;10;1
19;131;7;12;1
19;131;7;13;1
19;131;7;25;1
19;131;7;33;1
19;131;7;40;3
19;131;7;55;3
19;131;7;95;8
19;131;7;96;6
19;131;7;10123;1
19;131;7;10222;2
19;131;7;10333;21
19;131;7;10999;1
19;131;7;13222;4
19;131;7;13258;20
19;131;7;13456;4
19;131;7;15222;1
19;131;7;22022;1
19;131;7;22221;2
19;131;7;22222;1
19;131;7;22223;1
19;131;7;22762;1
19;131;7;22777;2
19;131;7;40234;1
19;131;7;40700;27
19;131;7;40777;2
19;131;7;44022;1
19;131;7;44456;1
19;131;7;50555;2
19;131;7;55333;8
19;131;7;55555;78
19;131;7;55888;1
19;131;5;95;28
19;131;5;96;61
19;131;5;180;96
19;131;5;222;59
19;131;5;400;110
19;131;5;445;61
19;131;5;800;1
19;131;3;13;101
19;131;3;45;84
19;131;3;95;6
19;131;3;96;17
19;132;1;13;204
19;132;1;14;1
19;132;1;22;52
19;132;1;55;3
19;132;1;70;1
19;132;1;95;4
19;132;1;96;14
19;132;6;12;1
19;132;6;13;1
19;132;6;29;3
19;132;6;40;2
19;132;6;55;1
19;132;6;95;7
19;132;6;96;6
19;132;6;1022;1
19;132;6;1055;14
19;132;6;1233;1
19;132;6;1256;1
19;132;6;1299;1
19;132;6;1323;23
19;132;6;1333;9
19;132;6;1515;1
19;132;6;2222;8
19;132;6;2299;69
19;132;6;4000;4
19;132;6;4555;1
19;132;6;5000;1
19;132;6;5544;1
19;132;6;5555;123
19;132;7;10;1
19;132;7;12;1
19;132;7;13;5
19;132;7;18;1
19;132;7;22;4
19;132;7;33;1
19;132;7;40;10
19;132;7;44;2
19;132;7;45;1
19;132;7;55;3
19;132;7;65;1
19;132;7;95;10
19;132;7;96;4
19;132;7;10333;6
19;132;7;13111;1
19;132;7;13222;59
19;132;7;13258;2
19;132;7;13333;2
19;132;7;13456;1
19;132;7;22022;1
19;132;7;22222;3
19;132;7;22422;1
19;132;7;33456;1
19;132;7;40500;1
19;132;7;40700;7
19;132;7;40777;21
19;132;7;40789;1
19;132;7;55333;13
19;132;7;55555;115
19;132;5;95;20
19;132;5;96;80
19;132;5;180;160
19;132;5;222;47
19;132;5;300;4
19;132;5;400;188
19;132;5;445;59
19;132;3;13;176
19;132;3;45;81
19;132;3;80;1
19;132;3;95;2
19;132;3;96;19
19;133;1;13;108
19;133;1;14;3
19;133;1;22;39
19;133;1;55;3
19;133;1;95;6
19;133;1;96;17
19;133;6;12;1
19;133;6;13;1
19;133;6;15;1
19;133;6;18;1
19;133;6;22;2
19;133;6;23;1
19;133;6;45;1
19;133;6;95;8
19;133;6;96;1
19;133;6;1055;11
19;133;6;1233;1
19;133;6;1323;13
19;133;6;1333;6
19;133;6;2222;4
19;133;6;2299;49
19;133;6;4000;9
19;133;6;4010;1
19;133;6;4444;1
19;133;6;5555;64
19;133;7;12;1
19;133;7;13;2
19;133;7;18;2
19;133;7;22;1
19;133;7;40;7
19;133;7;45;1
19;133;7;55;2
19;133;7;77;1
19;133;7;95;6
19;133;7;96;4
19;133;7;10222;4
19;133;7;10333;2
19;133;7;13222;38
19;133;7;13258;1
19;133;7;13333;4
19;133;7;13456;2
19;133;7;22190;1
19;133;7;22222;1
19;133;7;40700;6
19;133;7;40777;9
19;133;7;45333;1
19;133;7;45888;1
19;133;7;55333;18
19;133;7;55555;61
19;133;5;95;18
19;133;5;96;70
19;133;5;180;90
19;133;5;222;32
19;133;5;400;97
19;133;5;445;45
19;133;3;13;87
19;133;3;14;1
19;133;3;45;59
19;133;3;95;4
19;133;3;96;25
19;134;1;13;198
19;134;1;22;62
19;134;1;55;8
19;134;1;70;5
19;134;1;95;4
19;134;1;96;10
19;134;6;12;3
19;134;6;13;1
19;134;6;15;1
19;134;6;22;1
19;134;6;44;1
19;134;6;55;3
19;134;6;95;6
19;134;6;96;4
19;134;6;1055;16
19;134;6;1111;1
19;134;6;1301;3
19;134;6;1313;1
19;134;6;1323;26
19;134;6;1331;3
19;134;6;1555;7
19;134;6;2200;1
19;134;6;2222;7
19;134;6;2244;1
19;134;6;2299;48
19;134;6;4011;1
19;134;6;4040;2
19;134;6;4044;1
19;134;6;4055;2
19;134;6;4077;2
19;134;6;4422;1
19;134;6;4445;1
19;134;6;4455;1
19;134;6;5050;3
19;134;6;5511;1
19;134;6;5533;4
19;134;6;5544;1
19;134;6;5555;126
19;134;6;5588;1
19;134;6;6565;6
19;134;7;10;1
19;134;7;12;1
19;134;7;13;5
19;134;7;15;1
19;134;7;18;1
19;134;7;22;2
19;134;7;40;4
19;134;7;44;6
19;134;7;45;2
19;134;7;55;2
19;134;7;95;8
19;134;7;96;3
19;134;7;10333;2
19;134;7;11111;1
19;134;7;13013;3
19;134;7;13123;5
19;134;7;13131;2
19;134;7;13222;11
19;134;7;13258;20
19;134;7;13444;2
19;134;7;13456;13
19;134;7;13888;2
19;134;7;15333;3
19;134;7;22221;1
19;134;7;22222;6
19;134;7;22777;1
19;134;7;40100;3
19;134;7;40123;1
19;134;7;40444;1
19;134;7;40500;1
19;134;7;40700;3
19;134;7;40777;17
19;134;7;44447;1
19;134;7;45777;4
19;134;7;50555;1
19;134;7;55333;9
19;134;7;55555;137
19;134;7;55888;1
19;134;5;95;34
19;134;5;96;65
19;134;5;180;156
19;134;5;222;69
19;134;5;300;3
19;134;5;400;171
19;134;5;445;75
19;134;5;800;1
19;134;3;13;181
19;134;3;45;81
19;134;3;95;5
19;134;3;96;20
19;135;1;13;112
19;135;1;14;1
19;135;1;22;39
19;135;1;70;2
19;135;1;95;2
19;135;1;96;7
19;135;6;22;1
19;135;6;44;1
19;135;6;95;7
19;135;6;96;1
19;135;6;1022;1
19;135;6;1301;3
19;135;6;1323;6
19;135;6;2222;3
19;135;6;2233;1
19;135;6;2299;9
19;135;6;4040;4
19;135;6;4055;2
19;135;6;4077;1
19;135;6;4444;1
19;135;6;4455;3
19;135;6;5050;1
19;135;6;5555;113
19;135;6;5588;2
19;135;6;7700;2
19;135;6;7711;1
19;135;7;13;2
19;135;7;40;3
19;135;7;44;1
19;135;7;55;2
19;135;7;95;5
19;135;7;96;3
19;135;7;10222;6
19;135;7;10333;1
19;135;7;13222;2
19;135;7;13444;3
19;135;7;22221;1
19;135;7;22222;2
19;135;7;40700;5
19;135;7;40777;4
19;135;7;45777;1
19;135;7;45800;1
19;135;7;55333;5
19;135;7;55555;114
19;135;7;55777;1
19;135;7;77777;1
19;135;5;95;17
19;135;5;96;32
19;135;5;180;113
19;135;5;222;27
19;135;5;400;109
19;135;5;445;28
19;135;3;13;118
19;135;3;45;37
19;135;3;95;2
19;135;3;96;6
19;137;1;13;117
19;137;1;14;1
19;137;1;22;28
19;137;1;55;2
19;137;1;70;1
19;137;1;95;2
19;137;1;96;8
19;137;6;13;2
19;137;6;95;5
19;137;6;96;4
19;137;6;1301;3
19;137;6;1323;9
19;137;6;1333;1
19;137;6;2222;3
19;137;6;2233;1
19;137;6;2288;1
19;137;6;2299;8
19;137;6;4055;3
19;137;6;4555;1
19;137;6;5555;114
19;137;6;5588;2
19;137;6;7711;1
19;137;6;7777;1
19;137;7;13;2
19;137;7;44;2
19;137;7;95;4
19;137;7;96;5
19;137;7;10222;5
19;137;7;10333;1
19;137;7;13222;2
19;137;7;13258;1
19;137;7;22222;1
19;137;7;22888;1
19;137;7;40700;4
19;137;7;40777;8
19;137;7;45800;1
19;137;7;45999;1
19;137;7;55000;1
19;137;7;55333;8
19;137;7;55555;111
19;137;7;55777;1
19;137;5;95;8
19;137;5;96;32
19;137;5;180;106
19;137;5;222;24
19;137;5;400;118
19;137;5;445;30
19;137;3;13;117
19;137;3;45;29
19;137;3;80;1
19;137;3;95;4
19;137;3;96;8
19;139;1;13;141
19;139;1;14;1
19;139;1;22;56
19;139;1;55;2
19;139;1;70;1
19;139;1;95;2
19;139;1;96;2
19;139;6;13;2
19;139;6;22;1
19;139;6;23;1
19;139;6;95;11
19;139;6;96;4
19;139;6;1055;6
19;139;6;1233;2
19;139;6;1300;1
19;139;6;1301;1
19;139;6;1322;1
19;139;6;1323;29
19;139;6;1333;2
19;139;6;2222;10
19;139;6;2233;1
19;139;6;2277;2
19;139;6;2299;33
19;139;6;4444;2
19;139;6;4445;3
19;139;6;4555;2
19;139;6;5555;90
19;139;6;5588;1
19;139;7;13;2
19;139;7;22;1
19;139;7;40;2
19;139;7;44;1
19;139;7;45;1
19;139;7;55;2
19;139;7;95;12
19;139;7;96;5
19;139;7;10333;1
19;139;7;13013;1
19;139;7;13123;1
19;139;7;13222;17
19;139;7;22000;1
19;139;7;22022;3
19;139;7;22222;6
19;139;7;22345;1
19;139;7;22777;3
19;139;7;33333;1
19;139;7;33833;1
19;139;7;40700;5
19;139;7;40777;5
19;139;7;44010;2
19;139;7;44011;1
19;139;7;44444;1
19;139;7;44447;6
19;139;7;45777;2
19;139;7;45999;1
19;139;7;55000;2
19;139;7;55333;11
19;139;7;55555;107
19;139;5;95;43
19;139;5;96;39
19;139;5;180;83
19;139;5;222;74
19;139;5;400;95
19;139;5;445;76
19;139;3;13;120
19;139;3;45;79
19;139;3;95;2
19;139;3;96;4
19;140;1;13;108
19;140;1;14;2
19;140;1;22;27
19;140;1;55;1
19;140;1;95;6
19;140;1;96;7
19;140;6;10;1
19;140;6;11;1
19;140;6;12;3
19;140;6;22;1
19;140;6;95;5
19;140;6;96;6
19;140;6;1055;19
19;140;6;1111;1
19;140;6;1212;1
19;140;6;1322;2
19;140;6;1323;41
19;140;6;1511;1
19;140;6;1525;1
19;140;6;1555;1
19;140;6;2200;3
19;140;6;2299;24
19;140;6;4490;1
19;140;6;5555;30
19;140;6;5588;9
19;140;7;10;1
19;140;7;18;3
19;140;7;22;2
19;140;7;40;3
19;140;7;44;2
19;140;7;55;1
19;140;7;95;5
19;140;7;96;6
19;140;7;10333;12
19;140;7;13123;1
19;140;7;13222;11
19;140;7;13258;8
19;140;7;13456;9
19;140;7;22000;1
19;140;7;22777;2
19;140;7;40777;13
19;140;7;44111;3
19;140;7;45123;2
19;140;7;45190;1
19;140;7;55333;5
19;140;7;55555;60
19;140;5;95;22
19;140;5;96;36
19;140;5;180;88
19;140;5;222;28
19;140;5;400;93
19;140;5;445;35
19;140;3;13;96
19;140;3;45;45
19;140;3;95;2
19;140;3;96;8
19;141;1;13;108
19;141;1;22;41
19;141;1;70;3
19;141;1;95;2
19;141;1;96;4
19;141;6;11;1
19;141;6;12;1
19;141;6;13;1
19;141;6;55;1
19;141;6;95;9
19;141;6;96;4
19;141;6;1055;5
19;141;6;1322;1
19;141;6;1323;17
19;141;6;1331;3
19;141;6;1800;1
19;141;6;2200;1
19;141;6;2211;1
19;141;6;2222;9
19;141;6;2277;1
19;141;6;2299;21
19;141;6;4000;1
19;141;6;4055;2
19;141;6;4444;1
19;141;6;5555;69
19;141;6;5588;8
19;141;7;18;1
19;141;7;22;1
19;141;7;40;2
19;141;7;44;1
19;141;7;45;1
19;141;7;55;2
19;141;7;95;8
19;141;7;96;5
19;141;7;10020;1
19;141;7;10333;4
19;141;7;13013;3
19;141;7;13222;5
19;141;7;13258;8
19;141;7;13456;14
19;141;7;22022;4
19;141;7;22221;5
19;141;7;22222;3
19;141;7;22223;1
19;141;7;22777;4
19;141;7;33833;1
19;141;7;40700;2
19;141;7;40777;5
19;141;7;44447;2
19;141;7;50555;1
19;141;7;55333;1
19;141;7;55555;73
19;141;5;95;30
19;141;5;96;33
19;141;5;180;95
19;141;5;222;30
19;141;5;300;2
19;141;5;400;99
19;141;5;445;27
19;141;3;13;109
19;141;3;45;37
19;141;3;95;2
19;141;3;96;10
19;142;1;13;201
19;142;1;14;7
19;142;1;16;1
19;142;1;22;48
19;142;1;27;1
19;142;1;55;1
19;142;1;70;2
19;142;1;95;1
19;142;1;96;8
19;142;6;12;1
19;142;6;13;3
19;142;6;22;3
19;142;6;55;2
19;142;6;95;4
19;142;6;96;4
19;142;6;1233;1
19;142;6;1322;2
19;142;6;1323;11
19;142;6;1333;1
19;142;6;2013;1
19;142;6;2222;4
19;142;6;2277;3
19;142;6;2299;116
19;142;6;4001;1
19;142;6;4444;2
19;142;6;5050;2
19;142;6;5555;109
19;142;7;11;1
19;142;7;12;2
19;142;7;13;4
19;142;7;18;3
19;142;7;22;3
19;142;7;40;8
19;142;7;44;3
19;142;7;45;1
19;142;7;55;3
19;142;7;95;3
19;142;7;96;2
19;142;7;10222;1
19;142;7;10333;1
19;142;7;13222;91
19;142;7;13456;6
19;142;7;13777;1
19;142;7;22022;1
19;142;7;22221;1
19;142;7;22345;3
19;142;7;22777;6
19;142;7;40700;2
19;142;7;40777;6
19;142;7;44447;3
19;142;7;45555;1
19;142;7;45777;1
19;142;7;55000;2
19;142;7;55333;7
19;142;7;55555;104
19;142;5;95;16
19;142;5;96;80
19;142;5;180;137
19;142;5;222;73
19;142;5;400;149
19;142;5;445;84
19;142;5;800;1
19;142;3;13;154
19;142;3;14;1
19;142;3;45;99
19;142;3;95;1
19;142;3;96;15
19;143;1;13;141
19;143;1;14;3
19;143;1;22;119
19;143;1;55;5
19;143;1;70;4
19;143;1;80;1
19;143;1;95;4
19;143;1;96;9
19;143;6;13;1
19;143;6;15;1
19;143;6;22;2
19;143;6;95;5
19;143;6;96;11
19;143;6;1055;11
19;143;6;1234;1
19;143;6;1301;3
19;143;6;1323;15
19;143;6;1331;1
19;143;6;1333;3
19;143;6;1555;5
19;143;6;2200;1
19;143;6;2222;19
19;143;6;2277;4
19;143;6;2299;27
19;143;6;2333;1
19;143;6;2525;2
19;143;6;4000;1
19;143;6;4040;6
19;143;6;4077;2
19;143;6;4343;1
19;143;6;4422;3
19;143;6;4444;1
19;143;6;4445;1
19;143;6;4455;1
19;143;6;4545;1
19;143;6;4555;1
19;143;6;5077;1
19;143;6;5511;3
19;143;6;5533;1
19;143;6;5555;148
19;143;6;5588;2
19;143;7;13;3
19;143;7;18;1
19;143;7;22;2
19;143;7;40;1
19;143;7;45;1
19;143;7;55;3
19;143;7;95;5
19;143;7;96;8
19;143;7;10222;3
19;143;7;10333;11
19;143;7;10999;1
19;143;7;11888;1
19;143;7;13013;1
19;143;7;13123;1
19;143;7;13132;1
19;143;7;13222;12
19;143;7;13234;2
19;143;7;13258;7
19;143;7;13333;1
19;143;7;13444;3
19;143;7;13456;5
19;143;7;22000;3
19;143;7;22022;3
19;143;7;22221;2
19;143;7;22222;5
19;143;7;22322;1
19;143;7;22762;4
19;143;7;22777;7
19;143;7;40111;1
19;143;7;40555;1
19;143;7;40700;4
19;143;7;40777;16
19;143;7;43640;1
19;143;7;45222;2
19;143;7;45888;2
19;143;7;45999;1
19;143;7;55111;3
19;143;7;55333;14
19;143;7;55555;143
19;143;5;95;23
19;143;5;96;64
19;143;5;180;130
19;143;5;222;103
19;143;5;300;2
19;143;5;400;136
19;143;5;445;111
19;143;5;800;3
19;143;3;13;141
19;143;3;45;125
19;143;3;95;6
19;143;3;96;14
19;144;1;13;152
19;144;1;14;1
19;144;1;22;49
19;144;1;55;4
19;144;1;70;4
19;144;1;95;2
19;144;1;96;6
19;144;6;13;2
19;144;6;95;4
19;144;6;96;5
19;144;6;1055;10
19;144;6;1234;1
19;144;6;1301;2
19;144;6;1323;13
19;144;6;1333;2
19;144;6;1555;4
19;144;6;2222;10
19;144;6;2277;1
19;144;6;2299;42
19;144;6;4000;2
19;144;6;4040;1
19;144;6;4444;3
19;144;6;4445;2
19;144;6;5555;114
19;144;7;18;1
19;144;7;40;5
19;144;7;44;1
19;144;7;55;3
19;144;7;95;6
19;144;7;96;4
19;144;7;10007;1
19;144;7;10333;7
19;144;7;13222;26
19;144;7;13258;3
19;144;7;13444;1
19;144;7;13456;16
19;144;7;22022;2
19;144;7;22190;1
19;144;7;22221;1
19;144;7;22222;3
19;144;7;22345;1
19;144;7;33123;2
19;144;7;40444;1
19;144;7;40700;2
19;144;7;40777;7
19;144;7;43000;1
19;144;7;44022;1
19;144;7;44444;2
19;144;7;44447;1
19;144;7;45111;3
19;144;7;45777;1
19;144;7;45999;1
19;144;7;55000;2
19;144;7;55333;6
19;144;7;55555;106
19;144;5;95;28
19;144;5;96;48
19;144;5;180;118
19;144;5;222;51
19;144;5;400;134
19;144;5;445;56
19;144;5;800;1
19;144;3;13;136
19;144;3;45;73
19;144;3;95;2
19;144;3;96;7
19;146;1;13;109
19;146;1;14;2
19;146;1;22;97
19;146;1;55;2
19;146;1;70;5
19;146;1;95;3
19;146;1;96;5
19;146;6;11;2
19;146;6;12;1
19;146;6;22;1
19;146;6;95;3
19;146;6;96;5
19;146;6;1010;2
19;146;6;1055;2
19;146;6;1111;1
19;146;6;1234;1
19;146;6;1314;1
19;146;6;1323;11
19;146;6;1555;2
19;146;6;2200;4
19;146;6;2222;19
19;146;6;2277;3
19;146;6;2299;29
19;146;6;4000;4
19;146;6;4040;4
19;146;6;4055;1
19;146;6;4077;3
19;146;6;4343;2
19;146;6;4422;1
19;146;6;4444;2
19;146;6;4445;1
19;146;6;4490;1
19;146;6;4548;1
19;146;6;4555;1
19;146;6;5050;2
19;146;6;5511;1
19;146;6;5555;103
19;146;6;5588;8
19;146;6;7700;1
19;146;7;13;1
19;146;7;18;1
19;146;7;40;2
19;146;7;45;1
19;146;7;55;2
19;146;7;95;2
19;146;7;96;5
19;146;7;10123;2
19;146;7;10222;3
19;146;7;10333;1
19;146;7;10444;1
19;146;7;10999;1
19;146;7;11111;1
19;146;7;11888;1
19;146;7;13013;3
19;146;7;13222;4
19;146;7;13258;8
19;146;7;13444;3
19;146;7;13456;3
19;146;7;13700;1
19;146;7;13777;1
19;146;7;13888;1
19;146;7;15888;1
19;146;7;22000;3
19;146;7;22022;5
19;146;7;22180;1
19;146;7;22221;3
19;146;7;22222;8
19;146;7;22322;2
19;146;7;22777;4
19;146;7;33833;1
19;146;7;40114;1
19;146;7;40222;1
19;146;7;40700;8
19;146;7;40777;9
19;146;7;40789;1
19;146;7;44444;3
19;146;7;44447;1
19;146;7;45190;1
19;146;7;45222;1
19;146;7;45678;1
19;146;7;45777;1
19;146;7;45999;3
19;146;7;50555;1
19;146;7;55000;2
19;146;7;55111;1
19;146;7;55333;19
19;146;7;55555;93
19;146;5;95;24
19;146;5;96;34
19;146;5;180;88
19;146;5;222;95
19;146;5;300;3
19;146;5;400;100
19;146;5;445;100
19;146;5;800;2
19;146;3;13;95
19;146;3;45;119
19;146;3;95;3
19;146;3;96;6
19;147;1;13;175
19;147;1;14;6
19;147;1;22;85
19;147;1;70;4
19;147;1;95;8
19;147;1;96;13
19;147;6;13;4
19;147;6;18;1
19;147;6;22;1
19;147;6;40;1
19;147;6;95;6
19;147;6;96;4
19;147;6;1055;11
19;147;6;1234;1
19;147;6;1301;1
19;147;6;1323;25
19;147;6;1331;1
19;147;6;1333;11
19;147;6;1414;1
19;147;6;1515;1
19;147;6;2200;1
19;147;6;2222;15
19;147;6;2277;1
19;147;6;2288;1
19;147;6;2299;36
19;147;6;4000;2
19;147;6;4040;4
19;147;6;4343;1
19;147;6;4422;3
19;147;6;4490;1
19;147;6;5050;3
19;147;6;5077;1
19;147;6;5511;1
19;147;6;5555;146
19;147;6;5588;4
19;147;6;7700;1
19;147;6;7711;1
19;147;7;13;3
19;147;7;18;1
19;147;7;22;3
19;147;7;40;3
19;147;7;44;1
19;147;7;55;5
19;147;7;95;12
19;147;7;96;5
19;147;7;10100;2
19;147;7;10333;8
19;147;7;10444;1
19;147;7;12345;1
19;147;7;13013;1
19;147;7;13123;1
19;147;7;13222;11
19;147;7;13258;8
19;147;7;13444;4
19;147;7;13456;13
19;147;7;13888;1
19;147;7;15111;1
19;147;7;22000;2
19;147;7;22022;6
19;147;7;22130;1
19;147;7;22190;1
19;147;7;22221;2
19;147;7;22222;5
19;147;7;22322;3
19;147;7;22777;1
19;147;7;22888;1
19;147;7;40123;1
19;147;7;40456;1
19;147;7;40700;5
19;147;7;40777;16
19;147;7;44447;3
19;147;7;45190;1
19;147;7;45777;1
19;147;7;45999;1
19;147;7;50180;1
19;147;7;50555;1
19;147;7;55000;1
19;147;7;55333;12
19;147;7;55555;139
19;147;7;55888;1
19;147;5;95;30
19;147;5;96;70
19;147;5;180;152
19;147;5;222;81
19;147;5;300;1
19;147;5;400;157
19;147;5;445;89
19;147;5;800;2
19;147;3;13;162
19;147;3;14;1
19;147;3;45;101
19;147;3;95;4
19;147;3;96;23
19;148;1;13;156
19;148;1;14;5
19;148;1;22;22
19;148;1;55;2
19;148;1;70;2
19;148;1;96;6
19;148;6;40;1
19;148;6;95;2
19;148;6;96;2
19;148;6;1055;8
19;148;6;1301;1
19;148;6;1323;7
19;148;6;1331;2
19;148;6;1333;25
19;148;6;1555;4
19;148;6;2200;1
19;148;6;2222;11
19;148;6;2299;24
19;148;6;2333;2
19;148;6;4000;6
19;148;6;4444;1
19;148;6;4545;1
19;148;6;5555;95
19;148;7;13;1
19;148;7;40;6
19;148;7;45;1
19;148;7;55;3
19;148;7;95;5
19;148;7;96;3
19;148;7;10333;1
19;148;7;13013;4
19;148;7;13111;2
19;148;7;13222;20
19;148;7;13333;1
19;148;7;13456;11
19;148;7;22000;1
19;148;7;22022;2
19;148;7;22221;3
19;148;7;22222;2
19;148;7;22762;1
19;148;7;40500;1
19;148;7;40700;2
19;148;7;40777;3
19;148;7;44456;1
19;148;7;55333;7
19;148;7;55555;112
19;148;5;95;13
19;148;5;96;30
19;148;5;180;149
19;148;5;222;17
19;148;5;400;152
19;148;5;445;25
19;148;3;13;140
19;148;3;45;43
19;148;3;95;3
19;148;3;96;7
19;149;1;13;91
19;149;1;14;5
19;149;1;22;77
19;149;1;55;2
19;149;1;95;3
19;149;1;96;7
19;149;6;13;2
19;149;6;22;1
19;149;6;55;1
19;149;6;95;8
19;149;6;96;3
19;149;6;1010;2
19;149;6;1055;5
19;149;6;1301;1
19;149;6;1313;1
19;149;6;1323;12
19;149;6;1331;1
19;149;6;1333;1
19;149;6;1414;1
19;149;6;1511;2
19;149;6;1555;1
19;149;6;2200;2
19;149;6;2222;20
19;149;6;2233;1
19;149;6;2277;1
19;149;6;2288;1
19;149;6;2299;21
19;149;6;4000;1
19;149;6;4040;6
19;149;6;4077;1
19;149;6;4490;1
19;149;6;4555;1
19;149;6;5511;3
19;149;6;5555;79
19;149;6;5588;2
19;149;6;7700;3
19;149;7;18;1
19;149;7;22;1
19;149;7;40;1
19;149;7;44;2
19;149;7;55;1
19;149;7;95;9
19;149;7;96;4
19;149;7;10123;1
19;149;7;10333;3
19;149;7;10444;2
19;149;7;13130;1
19;149;7;13222;8
19;149;7;13258;3
19;149;7;13333;1
19;149;7;13444;4
19;149;7;13456;6
19;149;7;13700;1
19;149;7;13999;1
19;149;7;15333;1
19;149;7;15555;1
19;149;7;22000;4
19;149;7;22022;1
19;149;7;22190;1
19;149;7;22221;1
19;149;7;22222;7
19;149;7;22322;1
19;149;7;22484;1
19;149;7;22762;1
19;149;7;22777;3
19;149;7;40700;5
19;149;7;40777;11
19;149;7;40789;1
19;149;7;43000;1
19;149;7;44111;2
19;149;7;44447;1
19;149;7;45777;1
19;149;7;45999;2
19;149;7;50013;1
19;149;7;50555;1
19;149;7;55000;1
19;149;7;55100;1
19;149;7;55111;1
19;149;7;55333;9
19;149;7;55555;75
19;149;5;95;26
19;149;5;96;28
19;149;5;180;86
19;149;5;222;68
19;149;5;300;2
19;149;5;400;86
19;149;5;445;73
19;149;5;800;1
19;149;3;13;84
19;149;3;14;1
19;149;3;45;87
19;149;3;95;2
19;149;3;96;11
19;150;1;13;149
19;150;1;22;59
19;150;1;95;3
19;150;1;96;9
19;150;6;11;1
19;150;6;13;1
19;150;6;22;2
19;150;6;95;1
19;150;6;96;3
19;150;6;1055;2
19;150;6;1299;1
19;150;6;1323;21
19;150;6;1333;4
19;150;6;2222;6
19;150;6;2299;80
19;150;6;4000;1
19;150;6;4040;2
19;150;6;4055;2
19;150;6;4077;1
19;150;6;5533;1
19;150;6;5555;91
19;150;7;13;1
19;150;7;22;8
19;150;7;40;5
19;150;7;44;1
19;150;7;45;2
19;150;7;55;3
19;150;7;95;2
19;150;7;96;4
19;150;7;10333;2
19;150;7;13222;8
19;150;7;13258;2
19;150;7;13444;2
19;150;7;13456;4
19;150;7;15333;2
19;150;7;22022;2
19;150;7;22222;4
19;150;7;22777;1
19;150;7;40100;1
19;150;7;40700;2
19;150;7;40777;68
19;150;7;55000;5
19;150;7;55333;9
19;150;7;55555;80
19;150;7;55777;2
19;150;5;95;16
19;150;5;96;53
19;150;5;180;112
19;150;5;222;73
19;150;5;400;109
19;150;5;445;77
19;150;3;13;135
19;150;3;45;63
19;150;3;95;1
19;150;3;96;21
19;151;1;13;134
19;151;1;22;87
19;151;1;55;3
19;151;1;70;5
19;151;1;95;4
19;151;1;96;19
19;151;6;11;1
19;151;6;12;2
19;151;6;13;3
19;151;6;18;1
19;151;6;22;1
19;151;6;33;1
19;151;6;45;1
19;151;6;55;2
19;151;6;95;8
19;151;6;96;7
19;151;6;1055;10
19;151;6;1211;1
19;151;6;1301;2
19;151;6;1322;1
19;151;6;1323;10
19;151;6;1333;4
19;151;6;1500;1
19;151;6;1555;2
19;151;6;2200;1
19;151;6;2222;26
19;151;6;2270;1
19;151;6;2277;3
19;151;6;2299;36
19;151;6;2333;1
19;151;6;2500;1
19;151;6;2555;1
19;151;6;4040;4
19;151;6;4422;1
19;151;6;4433;1
19;151;6;4444;3
19;151;6;4456;1
19;151;6;4555;2
19;151;6;5000;1
19;151;6;5050;2
19;151;6;5511;1
19;151;6;5555;106
19;151;6;5588;1
19;151;6;7711;1
19;151;7;13;1
19;151;7;18;2
19;151;7;22;1
19;151;7;40;6
19;151;7;55;2
19;151;7;80;1
19;151;7;95;11
19;151;7;96;12
19;151;7;10333;7
19;151;7;10478;1
19;151;7;10999;1
19;151;7;11888;1
19;151;7;12345;1
19;151;7;13000;1
19;151;7;13013;1
19;151;7;13123;1
19;151;7;13222;23
19;151;7;13258;6
19;151;7;13444;3
19;151;7;13456;9
19;151;7;15000;1
19;151;7;22000;5
19;151;7;22022;3
19;151;7;22190;1
19;151;7;22221;1
19;151;7;22222;8
19;151;7;22762;4
19;151;7;22777;4
19;151;7;22888;1
19;151;7;40000;1
19;151;7;40123;1
19;151;7;40700;5
19;151;7;40777;7
19;151;7;44022;1
19;151;7;44444;3
19;151;7;45999;2
19;151;7;50180;1
19;151;7;50555;3
19;151;7;55000;1
19;151;7;55333;7
19;151;7;55555;100
19;151;7;55777;1
19;151;5;95;30
19;151;5;96;77
19;151;5;162;1
19;151;5;180;106
19;151;5;222;85
19;151;5;300;2
19;151;5;400;112
19;151;5;445;91
19;151;3;13;113
19;151;3;45;108
19;151;3;80;1
19;151;3;95;4
19;151;3;96;26
19;152;1;13;111
19;152;1;22;37
19;152;1;55;2
19;152;1;80;1
19;152;1;95;1
19;152;1;96;2
19;152;6;10;1
19;152;6;15;1
19;152;6;95;3
19;152;6;96;3
19;152;6;1055;2
19;152;6;1301;1
19;152;6;1323;2
19;152;6;1333;1
19;152;6;2099;1
19;152;6;2211;1
19;152;6;2222;2
19;152;6;2299;12
19;152;6;2555;1
19;152;6;4040;2
19;152;6;4077;1
19;152;6;4343;2
19;152;6;4455;1
19;152;6;5555;112
19;152;6;5588;4
19;152;6;7700;1
19;152;7;40;2
19;152;7;44;1
19;152;7;55;3
19;152;7;95;3
19;152;7;96;5
19;152;7;10222;4
19;152;7;10333;1
19;152;7;13222;1
19;152;7;13258;3
19;152;7;13444;1
19;152;7;13456;1
19;152;7;15333;1
19;152;7;22111;1
19;152;7;22221;1
19;152;7;22222;1
19;152;7;22777;1
19;152;7;40700;3
19;152;7;40777;3
19;152;7;44447;1
19;152;7;45777;1
19;152;7;45800;1
19;152;7;45888;2
19;152;7;55333;4
19;152;7;55555;109
19;152;5;95;11
19;152;5;96;35
19;152;5;180;104
19;152;5;222;26
19;152;5;400;101
19;152;5;445;30
19;152;5;800;1
19;152;3;13;109
19;152;3;45;36
19;152;3;95;2
19;152;3;96;7
19;159;1;13;178
19;159;1;14;6
19;159;1;22;95
19;159;1;55;3
19;159;1;70;2
19;159;1;80;1
19;159;1;95;3
19;159;1;96;5
19;159;6;13;3
19;159;6;14;1
19;159;6;22;1
19;159;6;95;10
19;159;6;96;5
19;159;6;1010;2
19;159;6;1055;11
19;159;6;1301;2
19;159;6;1313;1
19;159;6;1323;40
19;159;6;1331;2
19;159;6;1333;2
19;159;6;1441;1
19;159;6;1520;1
19;159;6;1555;4
19;159;6;2200;7
19;159;6;2222;22
19;159;6;2270;1
19;159;6;2277;2
19;159;6;2299;40
19;159;6;2333;1
19;159;6;2518;1
19;159;6;3007;1
19;159;6;4040;4
19;159;6;4055;1
19;159;6;4077;1
19;159;6;4422;1
19;159;6;4444;2
19;159;6;4445;1
19;159;6;5511;2
19;159;6;5533;1
19;159;6;5544;1
19;159;6;5555;109
19;159;6;5588;7
19;159;6;7700;2
19;159;7;10;1
19;159;7;13;1
19;159;7;18;3
19;159;7;40;8
19;159;7;44;1
19;159;7;55;1
19;159;7;95;11
19;159;7;96;9
19;159;7;10100;2
19;159;7;10123;1
19;159;7;10333;1
19;159;7;10444;2
19;159;7;11888;5
19;159;7;12222;1
19;159;7;12345;1
19;159;7;13013;1
19;159;7;13111;1
19;159;7;13222;24
19;159;7;13258;4
19;159;7;13333;1
19;159;7;13444;3
19;159;7;13456;5
19;159;7;13777;1
19;159;7;13888;1
19;159;7;15333;2
19;159;7;22000;2
19;159;7;22022;11
19;159;7;22190;2
19;159;7;22221;1
19;159;7;22222;5
19;159;7;22322;1
19;159;7;22762;1
19;159;7;22777;3
19;159;7;22999;1
19;159;7;30200;1
19;159;7;33123;1
19;159;7;40222;1
19;159;7;40700;5
19;159;7;40777;30
19;159;7;40999;1
19;159;7;44447;3
19;159;7;45190;2
19;159;7;45999;1
19;159;7;50013;1
19;159;7;55011;1
19;159;7;55100;1
19;159;7;55111;1
19;159;7;55333;21
19;159;7;55555;105
19;159;5;95;51
19;159;5;96;66
19;159;5;180;149
19;159;5;222;85
19;159;5;300;2
19;159;5;400;146
19;159;5;445;85
19;159;5;800;2
19;159;3;13;144
19;159;3;14;2
19;159;3;30;1
19;159;3;45;117
19;159;3;95;8
19;159;3;96;21
19;160;1;13;126
19;160;1;14;3
19;160;1;22;48
19;160;1;55;1
19;160;1;70;4
19;160;1;95;3
19;160;1;96;8
19;160;6;12;3
19;160;6;22;1
19;160;6;55;1
19;160;6;95;8
19;160;6;96;5
19;160;6;1055;9
19;160;6;1301;1
19;160;6;1314;1
19;160;6;1322;2
19;160;6;1323;21
19;160;6;1333;4
19;160;6;2222;9
19;160;6;2277;1
19;160;6;2299;28
19;160;6;4040;1
19;160;6;4343;1
19;160;6;4422;1
19;160;6;4444;2
19;160;6;4555;2
19;160;6;5555;90
19;160;6;5588;2
19;160;7;11;1
19;160;7;13;2
19;160;7;22;1
19;160;7;40;4
19;160;7;44;1
19;160;7;45;1
19;160;7;55;3
19;160;7;65;1
19;160;7;95;12
19;160;7;96;6
19;160;7;10333;1
19;160;7;12345;1
19;160;7;13013;2
19;160;7;13222;17
19;160;7;13258;1
19;160;7;13444;1
19;160;7;15333;1
19;160;7;22022;1
19;160;7;22221;1
19;160;7;22222;6
19;160;7;22777;5
19;160;7;40700;1
19;160;7;40777;5
19;160;7;44444;2
19;160;7;44447;2
19;160;7;45777;1
19;160;7;45999;2
19;160;7;55000;2
19;160;7;55333;15
19;160;7;55555;94
19;160;5;95;35
19;160;5;96;50
19;160;5;180;96
19;160;5;222;53
19;160;5;400;100
19;160;5;445;52
19;160;3;13;108
19;160;3;14;1
19;160;3;45;59
19;160;3;95;9
19;160;3;96;16
19;167;1;13;138
19;167;1;14;2
19;167;1;22;95
19;167;1;55;5
19;167;1;70;3
19;167;1;95;7
19;167;1;96;9
19;167;6;12;1
19;167;6;22;1
19;167;6;40;1
19;167;6;55;1
19;167;6;95;10
19;167;6;96;6
19;167;6;1010;1
19;167;6;1055;9
19;167;6;1233;1
19;167;6;1301;2
19;167;6;1323;18
19;167;6;1331;1
19;167;6;1333;4
19;167;6;1555;2
19;167;6;2200;3
19;167;6;2222;18
19;167;6;2233;1
19;167;6;2244;1
19;167;6;2255;1
19;167;6;2266;1
19;167;6;2277;4
19;167;6;2288;1
19;167;6;2299;33
19;167;6;4000;1
19;167;6;4010;1
19;167;6;4040;5
19;167;6;4077;1
19;167;6;4343;3
19;167;6;4422;1
19;167;6;4455;2
19;167;6;4490;1
19;167;6;4555;4
19;167;6;5050;1
19;167;6;5077;1
19;167;6;5533;1
19;167;6;5555;114
19;167;6;5588;2
19;167;7;10;1
19;167;7;13;2
19;167;7;18;5
19;167;7;22;4
19;167;7;40;2
19;167;7;55;6
19;167;7;95;11
19;167;7;96;5
19;167;7;10123;1
19;167;7;10333;5
19;167;7;10444;1
19;167;7;10999;2
19;167;7;13222;20
19;167;7;13258;2
19;167;7;13444;5
19;167;7;13456;4
19;167;7;13777;1
19;167;7;15222;1
19;167;7;22000;3
19;167;7;22022;4
19;167;7;22111;1
19;167;7;22190;1
19;167;7;22222;5
19;167;7;22322;3
19;167;7;22422;1
19;167;7;22777;3
19;167;7;40700;10
19;167;7;40777;17
19;167;7;40789;2
19;167;7;45999;2
19;167;7;50013;1
19;167;7;55000;4
19;167;7;55333;21
19;167;7;55555;103
19;167;5;95;40
19;167;5;96;65
19;167;5;180;112
19;167;5;222;86
19;167;5;300;2
19;167;5;400;123
19;167;5;445;90
19;167;3;13;120
19;167;3;45;115
19;167;3;80;1
19;167;3;95;8
19;167;3;96;15
19;168;1;13;104
19;168;1;14;3
19;168;1;22;80
19;168;1;55;2
19;168;1;70;2
19;168;1;95;2
19;168;1;96;9
19;168;6;10;1
19;168;6;95;7
19;168;6;96;7
19;168;6;1055;3
19;168;6;1144;1
19;168;6;1234;1
19;168;6;1301;1
19;168;6;1312;1
19;168;6;1323;14
19;168;6;1414;1
19;168;6;1515;1
19;168;6;2200;2
19;168;6;2211;1
19;168;6;2222;18
19;168;6;2233;1
19;168;6;2277;2
19;168;6;2288;1
19;168;6;2299;20
19;168;6;2525;1
19;168;6;4000;2
19;168;6;4343;3
19;168;6;4444;1
19;168;6;4445;1
19;168;6;4522;1
19;168;6;4555;1
19;168;6;5050;1
19;168;6;5511;1
19;168;6;5522;1
19;168;6;5555;97
19;168;6;5566;1
19;168;6;5588;4
19;168;6;7700;4
19;168;7;13;1
19;168;7;22;1
19;168;7;40;2
19;168;7;44;2
19;168;7;55;3
19;168;7;95;8
19;168;7;96;7
19;168;7;10100;2
19;168;7;10222;3
19;168;7;10333;2
19;168;7;10444;2
19;168;7;10999;1
19;168;7;11888;1
19;168;7;13000;1
19;168;7;13013;1
19;168;7;13222;8
19;168;7;13258;3
19;168;7;13333;1
19;168;7;13456;2
19;168;7;13700;1
19;168;7;13777;1
19;168;7;13888;1
19;168;7;22000;3
19;168;7;22022;3
19;168;7;22221;1
19;168;7;22222;7
19;168;7;22322;2
19;168;7;22345;1
19;168;7;22762;3
19;168;7;22777;2
19;168;7;40700;2
19;168;7;40777;14
19;168;7;44444;1
19;168;7;44447;2
19;168;7;45222;1
19;168;7;45999;1
19;168;7;50555;2
19;168;7;55333;6
19;168;7;55555;96
19;168;7;55777;1
19;168;5;95;26
19;168;5;96;45
19;168;5;180;92
19;168;5;222;71
19;168;5;300;2
19;168;5;400;100
19;168;5;445;68
19;168;3;13;102
19;168;3;45;87
19;168;3;95;1
19;168;3;96;12
19;169;1;13;140
19;169;1;14;3
19;169;1;22;101
19;169;1;70;4
19;169;1;95;6
19;169;1;96;14
19;169;6;12;3
19;169;6;13;2
19;169;6;43;1
19;169;6;55;1
19;169;6;95;7
19;169;6;96;8
19;169;6;1010;5
19;169;6;1055;7
19;169;6;1111;1
19;169;6;1234;1
19;169;6;1301;4
19;169;6;1323;27
19;169;6;1331;1
19;169;6;1333;5
19;169;6;1555;3
19;169;6;2220;2
19;169;6;2222;25
19;169;6;2252;1
19;169;6;2288;2
19;169;6;2299;23
19;169;6;2555;1
19;169;6;2588;1
19;169;6;4000;2
19;169;6;4040;3
19;169;6;4055;1
19;169;6;4343;1
19;169;6;4422;1
19;169;6;4444;2
19;169;6;4477;1
19;169;6;4555;4
19;169;6;5050;1
19;169;6;5511;1
19;169;6;5555;114
19;169;6;5588;5
19;169;6;7777;1
19;169;7;13;3
19;169;7;22;1
19;169;7;25;1
19;169;7;40;2
19;169;7;44;1
19;169;7;55;1
19;169;7;95;7
19;169;7;96;10
19;169;7;10123;4
19;169;7;10222;2
19;169;7;10333;6
19;169;7;10999;1
19;169;7;11111;2
19;169;7;13111;1
19;169;7;13222;13
19;169;7;13234;1
19;169;7;13258;2
19;169;7;13333;2
19;169;7;13444;5
19;169;7;13456;3
19;169;7;13777;1
19;169;7;22022;5
19;169;7;22221;4
19;169;7;22222;6
19;169;7;22422;1
19;169;7;22522;1
19;169;7;22762;1
19;169;7;22777;2
19;169;7;22888;2
19;169;7;40100;1
19;169;7;40123;1
19;169;7;40444;1
19;169;7;40700;6
19;169;7;40777;26
19;169;7;40789;2
19;169;7;43000;1
19;169;7;44444;1
19;169;7;44447;1
19;169;7;45888;1
19;169;7;45999;4
19;169;7;50555;1
19;169;7;55000;3
19;169;7;55333;21
19;169;7;55555;107
19;169;5;95;34
19;169;5;96;62
19;169;5;180;120
19;169;5;222;91
19;169;5;300;1
19;169;5;400;132
19;169;5;445;95
19;169;5;800;1
19;169;3;13;132
19;169;3;45;106
19;169;3;80;1
19;169;3;95;5
19;169;3;96;24
19;170;1;13;140
19;170;1;22;46
19;170;1;95;6
19;170;1;96;7
19;170;6;13;2
19;170;6;22;1
19;170;6;44;1
19;170;6;55;1
19;170;6;95;5
19;170;6;96;7
19;170;6;1055;6
19;170;6;1301;3
19;170;6;1322;2
19;170;6;1323;17
19;170;6;1333;2
19;170;6;1555;1
19;170;6;2222;10
19;170;6;2277;1
19;170;6;2299;27
19;170;6;4040;3
19;170;6;4055;1
19;170;6;4422;1
19;170;6;4444;1
19;170;6;4445;1
19;170;6;4455;1
19;170;6;5555;104
19;170;6;5588;1
19;170;7;13;2
19;170;7;22;2
19;170;7;40;5
19;170;7;44;3
19;170;7;45;2
19;170;7;55;2
19;170;7;95;5
19;170;7;96;6
19;170;7;10007;1
19;170;7;10333;1
19;170;7;11888;1
19;170;7;13013;1
19;170;7;13222;18
19;170;7;13444;2
19;170;7;13456;2
19;170;7;15333;1
19;170;7;22221;1
19;170;7;22222;5
19;170;7;22777;1
19;170;7;40100;2
19;170;7;40140;1
19;170;7;40555;1
19;170;7;40700;2
19;170;7;40777;4
19;170;7;44010;1
19;170;7;44447;8
19;170;7;55000;1
19;170;7;55333;9
19;170;7;55555;109
19;170;5;95;39
19;170;5;96;55
19;170;5;180;103
19;170;5;222;46
19;170;5;300;2
19;170;5;400;102
19;170;5;445;51
19;170;3;13;131
19;170;3;14;1
19;170;3;45;51
19;170;3;95;4
19;170;3;96;12
19;171;1;13;165
19;171;1;14;2
19;171;1;22;79
19;171;1;27;1
19;171;1;55;2
19;171;1;70;6
19;171;1;95;2
19;171;1;96;9
19;171;6;13;4
19;171;6;22;1
19;171;6;40;2
19;171;6;44;1
19;171;6;77;1
19;171;6;95;8
19;171;6;96;8
19;171;6;1010;3
19;171;6;1055;7
19;171;6;1313;1
19;171;6;1322;1
19;171;6;1323;28
19;171;6;1333;1
19;171;6;1555;4
19;171;6;2200;3
19;171;6;2222;11
19;171;6;2277;2
19;171;6;2288;4
19;171;6;2299;34
19;171;6;2555;1
19;171;6;4000;4
19;171;6;4010;1
19;171;6;4040;2
19;171;6;4044;1
19;171;6;4343;1
19;171;6;4422;1
19;171;6;4445;1
19;171;6;4511;1
19;171;6;4555;1
19;171;6;5050;1
19;171;6;5511;1
19;171;6;5522;1
19;171;6;5533;1
19;171;6;5544;1
19;171;6;5555;119
19;171;6;5588;3
19;171;6;7788;1
19;171;7;12;2
19;171;7;13;1
19;171;7;18;3
19;171;7;22;5
19;171;7;23;1
19;171;7;40;5
19;171;7;44;1
19;171;7;55;4
19;171;7;95;9
19;171;7;96;14
19;171;7;10123;3
19;171;7;10333;1
19;171;7;10444;1
19;171;7;10999;1
19;171;7;11888;1
19;171;7;13132;1
19;171;7;13222;16
19;171;7;13258;7
19;171;7;13444;5
19;171;7;13456;5
19;171;7;22000;1
19;171;7;22022;4
19;171;7;22222;7
19;171;7;22322;1
19;171;7;22777;2
19;171;7;22888;3
19;171;7;40333;1
19;171;7;40700;9
19;171;7;40777;20
19;171;7;40789;1
19;171;7;44447;1
19;171;7;45888;1
19;171;7;45999;2
19;171;7;55000;3
19;171;7;55333;17
19;171;7;55555;107
19;171;5;95;32
19;171;5;96;88
19;171;5;162;1
19;171;5;180;124
19;171;5;222;74
19;171;5;290;1
19;171;5;300;1
19;171;5;400;131
19;171;5;445;78
19;171;5;800;2
19;171;3;13;136
19;171;3;14;3
19;171;3;45;98
19;171;3;95;6
19;171;3;96;23
19;175;1;13;167
19;175;1;22;62
19;175;1;55;5
19;175;1;70;2
19;175;1;95;3
19;175;1;96;11
19;175;6;11;1
19;175;6;12;2
19;175;6;13;3
19;175;6;22;1
19;175;6;40;1
19;175;6;95;6
19;175;6;96;5
19;175;6;1055;6
19;175;6;1301;1
19;175;6;1323;36
19;175;6;1515;1
19;175;6;2200;3
19;175;6;2222;11
19;175;6;2255;1
19;175;6;2277;2
19;175;6;2299;20
19;175;6;4040;4
19;175;6;4055;3
19;175;6;4343;3
19;175;6;4444;1
19;175;6;5050;1
19;175;6;5055;1
19;175;6;5555;133
19;175;6;5588;3
19;175;6;7711;1
19;175;7;13;4
19;175;7;15;1
19;175;7;18;1
19;175;7;22;4
19;175;7;40;6
19;175;7;44;1
19;175;7;45;1
19;175;7;55;2
19;175;7;95;6
19;175;7;96;7
19;175;7;10333;9
19;175;7;10999;2
19;175;7;13222;3
19;175;7;13258;4
19;175;7;13333;1
19;175;7;13444;5
19;175;7;13456;2
19;175;7;22022;1
19;175;7;22221;3
19;175;7;22222;3
19;175;7;22777;3
19;175;7;40500;1
19;175;7;40700;12
19;175;7;40777;29
19;175;7;40888;1
19;175;7;44444;1
19;175;7;45777;1
19;175;7;50013;1
19;175;7;50555;2
19;175;7;55000;3
19;175;7;55333;7
19;175;7;55555;123
19;175;5;95;22
19;175;5;96;69
19;175;5;180;152
19;175;5;222;47
19;175;5;400;156
19;175;5;445;54
19;175;3;13;172
19;175;3;45;59
19;175;3;95;6
19;175;3;96;13
19;176;1;13;130
19;176;1;14;2
19;176;1;22;27
19;176;1;55;1
19;176;1;70;1
19;176;1;95;2
19;176;1;96;6
19;176;6;13;2
19;176;6;95;6
19;176;6;96;1
19;176;6;1055;8
19;176;6;1322;6
19;176;6;1323;18
19;176;6;1331;3
19;176;6;1333;2
19;176;6;2222;5
19;176;6;2299;10
19;176;6;4000;1
19;176;6;4422;3
19;176;6;4444;4
19;176;6;4555;2
19;176;6;5555;85
19;176;6;5588;13
19;176;7;12;1
19;176;7;13;2
19;176;7;18;1
19;176;7;40;5
19;176;7;44;2
19;176;7;45;1
19;176;7;55;2
19;176;7;95;7
19;176;7;96;1
19;176;7;10333;5
19;176;7;13013;3
19;176;7;13222;3
19;176;7;13258;3
19;176;7;13333;2
19;176;7;13456;14
19;176;7;22190;1
19;176;7;22222;1
19;176;7;22777;1
19;176;7;40000;1
19;176;7;40222;1
19;176;7;40700;1
19;176;7;40777;10
19;176;7;44444;4
19;176;7;45999;1
19;176;7;55333;5
19;176;7;55555;91
19;176;5;95;21
19;176;5;96;30
19;176;5;180;116
19;176;5;222;25
19;176;5;400;116
19;176;5;445;30
19;176;3;13;118
19;176;3;45;41
19;176;3;95;3
19;176;3;96;7
19;177;1;13;82
19;177;1;14;1
19;177;1;22;54
19;177;1;55;1
19;177;1;70;3
19;177;1;80;1
19;177;1;95;6
19;177;1;96;2
19;177;6;14;1
19;177;6;22;2
19;177;6;40;1
19;177;6;95;4
19;177;6;96;4
19;177;6;1010;2
19;177;6;1055;6
19;177;6;1144;1
19;177;6;1290;1
19;177;6;1323;15
19;177;6;1331;1
19;177;6;1399;1
19;177;6;1555;1
19;177;6;2200;2
19;177;6;2222;10
19;177;6;2288;1
19;177;6;2299;16
19;177;6;2333;1
19;177;6;2518;1
19;177;6;4000;6
19;177;6;4343;1
19;177;6;4490;1
19;177;6;5050;2
19;177;6;5555;69
19;177;7;10;1
19;177;7;12;1
19;177;7;18;1
19;177;7;22;1
19;177;7;40;1
19;177;7;55;1
19;177;7;95;5
19;177;7;96;2
19;177;7;10123;1
19;177;7;10333;2
19;177;7;10999;1
19;177;7;13113;2
19;177;7;13222;4
19;177;7;13234;1
19;177;7;13258;4
19;177;7;13456;2
19;177;7;13999;1
19;177;7;15333;1
19;177;7;22000;3
19;177;7;22022;1
19;177;7;22221;2
19;177;7;22222;2
19;177;7;22345;1
19;177;7;40700;4
19;177;7;40777;15
19;177;7;45190;1
19;177;7;45777;1
19;177;7;45999;1
19;177;7;50180;1
19;177;7;50500;1
19;177;7;50555;1
19;177;7;55000;3
19;177;7;55100;1
19;177;7;55333;22
19;177;7;55555;57
19;177;7;55777;1
19;177;5;95;30
19;177;5;96;29
19;177;5;180;71
19;177;5;222;43
19;177;5;300;1
19;177;5;400;74
19;177;5;445;51
19;177;5;800;1
19;177;3;13;73
19;177;3;45;62
19;177;3;95;8
19;177;3;96;7
19;178;1;13;100
19;178;1;14;1
19;178;1;22;5
19;178;1;95;5
19;178;1;96;3
19;178;6;13;4
19;178;6;40;1
19;178;6;95;11
19;178;6;96;3
19;178;6;1055;8
19;178;6;1111;1
19;178;6;1233;1
19;178;6;1301;1
19;178;6;1323;12
19;178;6;1331;1
19;178;6;1333;5
19;178;6;1555;2
19;178;6;2299;8
19;178;6;4000;4
19;178;6;4343;1
19;178;6;5050;1
19;178;6;5555;50
19;178;7;10;1
19;178;7;13;1
19;178;7;18;1
19;178;7;40;3
19;178;7;44;1
19;178;7;45;1
19;178;7;95;9
19;178;7;96;2
19;178;7;10333;7
19;178;7;11111;1
19;178;7;11222;1
19;178;7;13000;1
19;178;7;13013;5
19;178;7;13222;8
19;178;7;13456;12
19;178;7;40777;1
19;178;7;44447;1
19;178;7;45678;1
19;178;7;50180;1
19;178;7;55333;1
19;178;7;55555;55
19;178;5;95;33
19;178;5;96;31
19;178;5;180;75
19;178;5;222;2
19;178;5;400;81
19;178;5;445;6
19;178;3;13;87
19;178;3;45;13
19;178;3;95;8
19;178;3;96;6
19;179;1;13;115
19;179;1;22;54
19;179;1;30;1
19;179;1;55;4
19;179;1;70;10
19;179;1;95;8
19;179;1;96;7
19;179;6;13;3
19;179;6;22;2
19;179;6;40;2
19;179;6;95;4
19;179;6;96;2
19;179;6;1055;4
19;179;6;1111;1
19;179;6;1323;10
19;179;6;1331;1
19;179;6;1399;4
19;179;6;1555;1
19;179;6;2200;1
19;179;6;2222;9
19;179;6;2266;1
19;179;6;2288;1
19;179;6;2299;82
19;179;6;2518;1
19;179;6;4000;1
19;179;6;4040;2
19;179;6;5050;2
19;179;6;5533;1
19;179;6;5555;62
19;179;6;5588;1
19;179;6;6565;1
19;179;7;10;1
19;179;7;18;5
19;179;7;22;5
19;179;7;40;2
19;179;7;44;3
19;179;7;45;1
19;179;7;50;1
19;179;7;55;3
19;179;7;95;7
19;179;7;10333;2
19;179;7;11111;1
19;179;7;13222;1
19;179;7;13258;7
19;179;7;13444;1
19;179;7;13456;4
19;179;7;22022;2
19;179;7;22222;5
19;179;7;22888;1
19;179;7;40222;4
19;179;7;40500;2
19;179;7;40777;3
19;179;7;44447;1
19;179;7;45000;3
19;179;7;55333;76
19;179;7;55555;58
19;179;5;95;23
19;179;5;96;57
19;179;5;180;82
19;179;5;222;77
19;179;5;300;5
19;179;5;400;81
19;179;5;445;73
19;179;3;13;80
19;179;3;45;99
19;179;3;95;3
19;179;3;96;17
19;180;1;13;115
19;180;1;14;2
19;180;1;22;75
19;180;1;55;2
19;180;1;70;3
19;180;1;95;4
19;180;1;96;9
19;180;6;13;1
19;180;6;22;1
19;180;6;44;2
19;180;6;55;2
19;180;6;95;1
19;180;6;96;5
19;180;6;1010;2
19;180;6;1055;4
19;180;6;1234;1
19;180;6;1301;2
19;180;6;1311;1
19;180;6;1312;1
19;180;6;1323;9
19;180;6;1331;1
19;180;6;1414;1
19;180;6;1544;1
19;180;6;1555;6
19;180;6;2200;1
19;180;6;2222;16
19;180;6;2252;2
19;180;6;2277;4
19;180;6;2299;26
19;180;6;4000;4
19;180;6;4040;3
19;180;6;4044;1
19;180;6;4055;1
19;180;6;4422;1
19;180;6;4444;2
19;180;6;4445;2
19;180;6;4456;1
19;180;6;4592;2
19;180;6;5050;1
19;180;6;5533;1
19;180;6;5555;95
19;180;6;5588;4
19;180;6;7700;2
19;180;7;11;1
19;180;7;12;1
19;180;7;13;2
19;180;7;18;1
19;180;7;22;2
19;180;7;40;1
19;180;7;44;1
19;180;7;45;1
19;180;7;55;2
19;180;7;95;3
19;180;7;96;3
19;180;7;10123;2
19;180;7;10222;1
19;180;7;10333;2
19;180;7;10444;2
19;180;7;11888;2
19;180;7;13013;2
19;180;7;13222;14
19;180;7;13258;3
19;180;7;13333;2
19;180;7;13444;4
19;180;7;13456;8
19;180;7;13777;1
19;180;7;13888;1
19;180;7;15000;1
19;180;7;15222;1
19;180;7;15333;1
19;180;7;22000;1
19;180;7;22022;5
19;180;7;22190;1
19;180;7;22221;1
19;180;7;22222;6
19;180;7;22223;1
19;180;7;22322;2
19;180;7;22422;1
19;180;7;22522;2
19;180;7;22762;1
19;180;7;22999;1
19;180;7;40444;1
19;180;7;40555;1
19;180;7;40700;2
19;180;7;40777;6
19;180;7;44022;1
19;180;7;44444;1
19;180;7;45190;1
19;180;7;45777;1
19;180;7;50555;1
19;180;7;55000;2
19;180;7;55333;12
19;180;7;55555;92
19;180;7;55777;1
19;180;7;77888;1
19;180;5;95;20
19;180;5;96;50
19;180;5;180;106
19;180;5;222;64
19;180;5;300;1
19;180;5;400;106
19;180;5;445;72
19;180;5;800;1
19;180;3;13;115
19;180;3;45;83
19;180;3;95;2
19;180;3;96;10
19;181;1;13;175
19;181;1;14;3
19;181;1;22;57
19;181;1;55;1
19;181;1;70;4
19;181;1;96;7
19;181;6;13;3
19;181;6;22;1
19;181;6;77;1
19;181;6;95;7
19;181;6;96;6
19;181;6;1322;2
19;181;6;1323;19
19;181;6;1399;2
19;181;6;1555;2
19;181;6;1800;2
19;181;6;2222;19
19;181;6;2266;1
19;181;6;2288;5
19;181;6;2299;47
19;181;6;4000;1
19;181;6;4040;2
19;181;6;4077;1
19;181;6;4400;1
19;181;6;4422;2
19;181;6;4445;1
19;181;6;4522;1
19;181;6;5522;1
19;181;6;5533;1
19;181;6;5555;116
19;181;6;5588;1
19;181;6;7788;2
19;181;7;13;5
19;181;7;22;1
19;181;7;40;9
19;181;7;44;2
19;181;7;45;1
19;181;7;55;1
19;181;7;95;7
19;181;7;96;8
19;181;7;13133;1
19;181;7;13234;2
19;181;7;13258;35
19;181;7;13444;2
19;181;7;13456;5
19;181;7;22022;3
19;181;7;22221;5
19;181;7;22222;8
19;181;7;22888;1
19;181;7;33900;5
19;181;7;40100;5
19;181;7;40111;1
19;181;7;40123;2
19;181;7;40700;4
19;181;7;40777;17
19;181;7;44444;1
19;181;7;45190;1
19;181;7;45222;1
19;181;7;55333;9
19;181;7;55555;104
19;181;7;55888;1
19;181;5;95;20
19;181;5;96;71
19;181;5;162;1
19;181;5;180;136
19;181;5;222;66
19;181;5;400;133
19;181;5;445;67
19;181;3;13;155
19;181;3;45;74
19;181;3;95;6
19;181;3;96;12
19;182;1;13;96
19;182;1;22;70
19;182;1;55;1
19;182;1;70;2
19;182;1;95;4
19;182;1;96;8
19;182;6;12;3
19;182;6;13;2
19;182;6;18;1
19;182;6;22;1
19;182;6;55;1
19;182;6;95;7
19;182;6;96;3
19;182;6;1055;17
19;182;6;1323;12
19;182;6;1331;1
19;182;6;1333;26
19;182;6;2222;2
19;182;6;2299;28
19;182;6;4000;1
19;182;6;5522;1
19;182;6;5555;73
19;182;6;5588;2
19;182;7;12;1
19;182;7;13;2
19;182;7;18;1
19;182;7;40;8
19;182;7;43;1
19;182;7;45;2
19;182;7;55;2
19;182;7;95;8
19;182;7;96;4
19;182;7;13131;1
19;182;7;13222;1
19;182;7;13258;2
19;182;7;13456;21
19;182;7;22221;1
19;182;7;22222;1
19;182;7;22777;1
19;182;7;40500;1
19;182;7;40700;3
19;182;7;40777;12
19;182;7;45777;12
19;182;7;55333;19
19;182;7;55555;77
19;182;5;95;20
19;182;5;96;50
19;182;5;180;96
19;182;5;222;45
19;182;5;400;99
19;182;5;445;51
19;182;5;800;1
19;182;3;13;107
19;182;3;45;54
19;182;3;95;4
19;182;3;96;16
19;183;1;13;216
19;183;1;14;2
19;183;1;21;1
19;183;1;22;57
19;183;1;55;2
19;183;1;70;1
19;183;1;95;6
19;183;1;96;8
19;183;6;13;3
19;183;6;40;2
19;183;6;55;1
19;183;6;95;14
19;183;6;96;2
19;183;6;1055;9
19;183;6;1111;4
19;183;6;1322;1
19;183;6;1323;9
19;183;6;1333;1
19;183;6;1441;1
19;183;6;1555;1
19;183;6;2211;1
19;183;6;2222;15
19;183;6;2277;2
19;183;6;2299;9
19;183;6;4040;2
19;183;6;4077;5
19;183;6;4343;9
19;183;6;4444;2
19;183;6;4445;1
19;183;6;5533;1
19;183;6;5555;197
19;183;6;5588;1
19;183;7;13;2
19;183;7;22;2
19;183;7;40;11
19;183;7;55;2
19;183;7;95;13
19;183;7;96;2
19;183;7;10333;4
19;183;7;10999;9
19;183;7;11111;1
19;183;7;13222;6
19;183;7;13258;3
19;183;7;13444;1
19;183;7;13456;4
19;183;7;15333;1
19;183;7;22000;1
19;183;7;22222;1
19;183;7;22345;1
19;183;7;22777;3
19;183;7;40100;1
19;183;7;40700;4
19;183;7;40777;6
19;183;7;44447;2
19;183;7;45456;4
19;183;7;45777;1
19;183;7;55000;3
19;183;7;55333;26
19;183;7;55555;179
19;183;5;95;50
19;183;5;96;78
19;183;5;180;168
19;183;5;222;48
19;183;5;300;1
19;183;5;400;189
19;183;5;445;52
19;183;3;13;174
19;183;3;14;1
19;183;3;45;88
19;183;3;95;7
19;183;3;96;23
19;184;1;13;159
19;184;1;14;3
19;184;1;22;75
19;184;1;55;1
19;184;1;70;4
19;184;1;80;1
19;184;1;95;7
19;184;1;96;12
19;184;6;11;1
19;184;6;12;1
19;184;6;22;1
19;184;6;44;2
19;184;6;45;1
19;184;6;55;1
19;184;6;95;12
19;184;6;96;8
19;184;6;1055;6
19;184;6;1301;2
19;184;6;1312;1
19;184;6;1313;1
19;184;6;1323;16
19;184;6;1333;4
19;184;6;1555;1
19;184;6;1800;1
19;184;6;2200;4
19;184;6;2222;14
19;184;6;2277;2
19;184;6;2288;4
19;184;6;2299;31
19;184;6;4000;3
19;184;6;4040;3
19;184;6;4077;1
19;184;6;4444;2
19;184;6;4555;2
19;184;6;5511;1
19;184;6;5555;133
19;184;6;5588;3
19;184;7;11;1
19;184;7;18;3
19;184;7;22;1
19;184;7;33;1
19;184;7;40;3
19;184;7;44;1
19;184;7;45;2
19;184;7;55;2
19;184;7;65;1
19;184;7;95;10
19;184;7;96;8
19;184;7;10222;1
19;184;7;10333;2
19;184;7;11888;1
19;184;7;13113;1
19;184;7;13222;11
19;184;7;13258;7
19;184;7;13444;1
19;184;7;13456;3
19;184;7;15333;2
19;184;7;15555;1
19;184;7;22000;4
19;184;7;22022;1
19;184;7;22221;3
19;184;7;22222;5
19;184;7;22345;2
19;184;7;22777;6
19;184;7;22888;3
19;184;7;40700;9
19;184;7;40777;16
19;184;7;40789;1
19;184;7;44444;1
19;184;7;44447;1
19;184;7;44555;1
19;184;7;45190;1
19;184;7;45999;1
19;184;7;50555;2
19;184;7;55000;1
19;184;7;55111;1
19;184;7;55333;16
19;184;7;55555;124
19;184;5;95;42
19;184;5;96;63
19;184;5;180;142
19;184;5;222;68
19;184;5;400;138
19;184;5;445;71
19;184;3;13;149
19;184;3;45;87
19;184;3;80;1
19;184;3;95;9
19;184;3;96;16
19;189;1;13;43
19;189;1;22;18
19;189;1;96;3
19;189;6;12;1
19;189;6;40;1
19;189;6;95;3
19;189;6;1010;2
19;189;6;1322;1
19;189;6;1323;5
19;189;6;2222;2
19;189;6;2299;7
19;189;6;4445;1
19;189;6;5555;36
19;189;6;5588;5
19;189;7;12;1
19;189;7;18;2
19;189;7;40;1
19;189;7;43;1
19;189;7;55;1
19;189;7;95;3
19;189;7;96;1
19;189;7;10123;2
19;189;7;13222;5
19;189;7;13456;3
19;189;7;22221;1
19;189;7;33833;1
19;189;7;40700;1
19;189;7;40777;5
19;189;7;44010;1
19;189;7;55555;35
19;189;5;95;7
19;189;5;96;20
19;189;5;180;38
19;189;5;222;11
19;189;5;400;38
19;189;5;445;14
19;189;3;13;42
19;189;3;45;16
19;189;3;96;6
19;191;1;13;166
19;191;1;14;4
19;191;1;22;83
19;191;1;55;2
19;191;1;70;3
19;191;1;95;4
19;191;1;96;12
19;191;6;11;1
19;191;6;13;4
19;191;6;22;1
19;191;6;45;1
19;191;6;95;8
19;191;6;96;9
19;191;6;1055;14
19;191;6;1111;1
19;191;6;1300;1
19;191;6;1301;2
19;191;6;1323;22
19;191;6;1331;2
19;191;6;1333;7
19;191;6;1414;1
19;191;6;1555;6
19;191;6;2222;19
19;191;6;2270;1
19;191;6;2277;2
19;191;6;2278;1
19;191;6;2288;1
19;191;6;2299;25
19;191;6;4040;4
19;191;6;4343;2
19;191;6;4422;1
19;191;6;4433;1
19;191;6;4444;5
19;191;6;4512;1
19;191;6;4555;1
19;191;6;5050;2
19;191;6;5522;1
19;191;6;5533;1
19;191;6;5555;123
19;191;6;5588;1
19;191;6;7711;1
19;191;6;7788;1
19;191;7;11;1
19;191;7;13;3
19;191;7;22;1
19;191;7;40;5
19;191;7;44;4
19;191;7;45;1
19;191;7;55;7
19;191;7;95;8
19;191;7;96;8
19;191;7;10333;7
19;191;7;11111;1
19;191;7;13013;2
19;191;7;13132;2
19;191;7;13222;15
19;191;7;13258;4
19;191;7;13333;2
19;191;7;13444;4
19;191;7;13456;5
19;191;7;13777;1
19;191;7;15123;1
19;191;7;22000;1
19;191;7;22022;2
19;191;7;22221;1
19;191;7;22222;8
19;191;7;22322;1
19;191;7;22345;1
19;191;7;22762;1
19;191;7;22777;2
19;191;7;22822;1
19;191;7;40111;1
19;191;7;40456;1
19;191;7;40500;1
19;191;7;40700;2
19;191;7;40777;25
19;191;7;43777;1
19;191;7;44444;5
19;191;7;45123;1
19;191;7;50013;1
19;191;7;50180;1
19;191;7;55000;2
19;191;7;55333;15
19;191;7;55555;118
19;191;5;95;34
19;191;5;96;72
19;191;5;180;140
19;191;5;222;71
19;191;5;300;2
19;191;5;400;150
19;191;5;445;79
19;191;3;13;148
19;191;3;14;1
19;191;3;45;103
19;191;3;95;5
19;191;3;96;17
19;194;1;13;150
19;194;1;14;3
19;194;1;22;114
19;194;1;55;2
19;194;1;70;8
19;194;1;95;6
19;194;1;96;6
19;194;6;12;1
19;194;6;13;1
19;194;6;22;4
19;194;6;40;1
19;194;6;43;1
19;194;6;95;11
19;194;6;96;5
19;194;6;1010;3
19;194;6;1055;10
19;194;6;1301;3
19;194;6;1313;1
19;194;6;1322;2
19;194;6;1323;25
19;194;6;1331;1
19;194;6;1333;6
19;194;6;1399;1
19;194;6;1555;6
19;194;6;2200;2
19;194;6;2222;19
19;194;6;2277;2
19;194;6;2288;5
19;194;6;2299;39
19;194;6;2333;1
19;194;6;4001;1
19;194;6;4040;3
19;194;6;4077;4
19;194;6;4343;1
19;194;6;4455;1
19;194;6;4490;1
19;194;6;4555;2
19;194;6;5050;1
19;194;6;5555;122
19;194;6;5588;1
19;194;6;7788;2
19;194;7;11;1
19;194;7;12;1
19;194;7;13;5
19;194;7;22;1
19;194;7;40;3
19;194;7;43;1
19;194;7;44;2
19;194;7;55;1
19;194;7;95;11
19;194;7;96;6
19;194;7;10100;1
19;194;7;10123;4
19;194;7;10222;1
19;194;7;10333;5
19;194;7;10999;1
19;194;7;11888;1
19;194;7;12345;1
19;194;7;13013;1
19;194;7;13123;1
19;194;7;13222;28
19;194;7;13234;1
19;194;7;13258;4
19;194;7;13333;1
19;194;7;13444;3
19;194;7;13456;3
19;194;7;13777;1
19;194;7;22022;6
19;194;7;22190;2
19;194;7;22221;1
19;194;7;22222;5
19;194;7;22345;1
19;194;7;22762;1
19;194;7;22777;3
19;194;7;22822;1
19;194;7;22888;3
19;194;7;33222;1
19;194;7;40123;1
19;194;7;40500;3
19;194;7;40700;11
19;194;7;40777;19
19;194;7;40789;2
19;194;7;45777;1
19;194;7;45800;2
19;194;7;45999;2
19;194;7;50013;1
19;194;7;50180;1
19;194;7;50555;1
19;194;7;55333;19
19;194;7;55555;111
19;194;7;77888;2
19;194;5;95;60
19;194;5;96;49
19;194;5;180;121
19;194;5;222;100
19;194;5;300;1
19;194;5;400;142
19;194;5;445;105
19;194;3;13;131
19;194;3;14;1
19;194;3;45;129
19;194;3;95;10
19;194;3;96;18
19;196;1;13;113
19;196;1;22;68
19;196;1;55;2
19;196;1;95;4
19;196;1;96;10
19;196;6;12;1
19;196;6;13;3
19;196;6;95;8
19;196;6;96;7
19;196;6;1055;7
19;196;6;1323;30
19;196;6;1333;1
19;196;6;1365;2
19;196;6;1800;2
19;196;6;2200;1
19;196;6;2222;9
19;196;6;2277;1
19;196;6;2288;1
19;196;6;2299;45
19;196;6;4000;4
19;196;6;5555;74
19;196;6;7711;1
19;196;7;12;1
19;196;7;13;2
19;196;7;18;2
19;196;7;22;5
19;196;7;40;3
19;196;7;44;1
19;196;7;55;1
19;196;7;95;8
19;196;7;96;5
19;196;7;10333;5
19;196;7;13131;2
19;196;7;13222;12
19;196;7;13258;1
19;196;7;13333;3
19;196;7;15333;1
19;196;7;22022;1
19;196;7;22221;1
19;196;7;22222;3
19;196;7;22322;3
19;196;7;22999;1
19;196;7;40700;1
19;196;7;40777;27
19;196;7;45190;1
19;196;7;45222;3
19;196;7;45333;1
19;196;7;50555;2
19;196;7;55000;1
19;196;7;55333;29
19;196;7;55555;71
19;196;5;95;26
19;196;5;96;56
19;196;5;180;85
19;196;5;222;71
19;196;5;400;90
19;196;5;445;66
19;196;3;13;88
19;196;3;45;80
19;196;3;95;7
19;196;3;96;22
19;198;1;13;172
19;198;1;14;1
19;198;1;22;81
19;198;1;70;4
19;198;1;95;8
19;198;1;96;10
19;198;6;12;1
19;198;6;13;3
19;198;6;22;1
19;198;6;44;1
19;198;6;55;1
19;198;6;95;9
19;198;6;96;7
19;198;6;1010;1
19;198;6;1055;11
19;198;6;1222;1
19;198;6;1256;1
19;198;6;1301;3
19;198;6;1312;1
19;198;6;1323;27
19;198;6;1333;2
19;198;6;1414;1
19;198;6;1555;4
19;198;6;2200;4
19;198;6;2222;19
19;198;6;2277;4
19;198;6;2299;38
19;198;6;2555;1
19;198;6;4000;2
19;198;6;4040;2
19;198;6;4343;3
19;198;6;4422;2
19;198;6;4455;1
19;198;6;4555;1
19;198;6;5077;2
19;198;6;5511;1
19;198;6;5533;1
19;198;6;5555;119
19;198;6;5588;1
19;198;7;10;1
19;198;7;13;2
19;198;7;18;4
19;198;7;22;6
19;198;7;40;4
19;198;7;55;2
19;198;7;95;10
19;198;7;96;9
19;198;7;10123;1
19;198;7;10333;4
19;198;7;10444;2
19;198;7;11888;1
19;198;7;13013;1
19;198;7;13113;1
19;198;7;13222;23
19;198;7;13234;1
19;198;7;13258;4
19;198;7;13333;1
19;198;7;13444;1
19;198;7;13456;3
19;198;7;15333;2
19;198;7;15555;1
19;198;7;22000;3
19;198;7;22022;5
19;198;7;22190;1
19;198;7;22221;1
19;198;7;22222;7
19;198;7;22555;1
19;198;7;22762;1
19;198;7;22777;2
19;198;7;22999;1
19;198;7;40100;1
19;198;7;40700;10
19;198;7;40777;23
19;198;7;40789;2
19;198;7;45123;1
19;198;7;45999;1
19;198;7;50013;2
19;198;7;50555;1
19;198;7;55333;19
19;198;7;55555;108
19;198;7;55777;2
19;198;5;95;37
19;198;5;96;87
19;198;5;180;117
19;198;5;222;82
19;198;5;300;2
19;198;5;400;138
19;198;5;445;89
19;198;3;13;130
19;198;3;45;111
19;198;3;95;12
19;198;3;96;23
19;199;1;13;162
19;199;1;14;3
19;199;1;22;100
19;199;1;30;1
19;199;1;55;1
19;199;1;70;2
19;199;1;95;5
19;199;1;96;13
19;199;6;11;1
19;199;6;13;3
19;199;6;22;2
19;199;6;55;4
19;199;6;95;7
19;199;6;96;7
19;199;6;1010;3
19;199;6;1055;9
19;199;6;1301;1
19;199;6;1323;19
19;199;6;1331;2
19;199;6;1333;3
19;199;6;1399;1
19;199;6;1515;2
19;199;6;1555;2
19;199;6;2200;2
19;199;6;2222;21
19;199;6;2277;2
19;199;6;2288;4
19;199;6;2299;33
19;199;6;4000;1
19;199;6;4040;6
19;199;6;4422;2
19;199;6;4444;1
19;199;6;4445;2
19;199;6;4555;5
19;199;6;5050;4
19;199;6;5511;1
19;199;6;5533;4
19;199;6;5555;128
19;199;6;5580;1
19;199;6;5588;1
19;199;6;7700;3
19;199;7;10;2
19;199;7;11;1
19;199;7;13;1
19;199;7;15;1
19;199;7;18;2
19;199;7;22;2
19;199;7;40;4
19;199;7;44;4
19;199;7;45;1
19;199;7;55;2
19;199;7;95;10
19;199;7;96;7
19;199;7;10123;3
19;199;7;10222;1
19;199;7;10333;4
19;199;7;10444;2
19;199;7;10678;1
19;199;7;13013;1
19;199;7;13111;2
19;199;7;13123;1
19;199;7;13222;17
19;199;7;13234;1
19;199;7;13258;1
19;199;7;13333;1
19;199;7;13444;1
19;199;7;13456;4
19;199;7;13999;1
19;199;7;15222;1
19;199;7;15333;1
19;199;7;22000;1
19;199;7;22022;3
19;199;7;22130;1
19;199;7;22190;1
19;199;7;22221;2
19;199;7;22222;6
19;199;7;22444;1
19;199;7;22762;2
19;199;7;22777;4
19;199;7;22888;2
19;199;7;33333;2
19;199;7;40123;1
19;199;7;40555;1
19;199;7;40700;8
19;199;7;40777;16
19;199;7;40789;2
19;199;7;44444;1
19;199;7;44447;1
19;199;7;45777;1
19;199;7;45999;3
19;199;7;50555;2
19;199;7;55000;3
19;199;7;55024;1
19;199;7;55333;23
19;199;7;55555;118
19;199;7;55777;1
19;199;5;95;29
19;199;5;96;78
19;199;5;180;135
19;199;5;222;88
19;199;5;300;1
19;199;5;400;150
19;199;5;445;92
19;199;5;800;1
19;199;3;13;139
19;199;3;45;121
19;199;3;95;6
19;199;3;96;21
19;201;1;13;117
19;201;1;14;2
19;201;1;22;102
19;201;1;55;2
19;201;1;70;4
19;201;1;95;4
19;201;1;96;6
19;201;6;13;4
19;201;6;22;1
19;201;6;45;1
19;201;6;95;8
19;201;6;96;6
19;201;6;1010;1
19;201;6;1055;6
19;201;6;1301;3
19;201;6;1322;4
19;201;6;1323;15
19;201;6;1331;1
19;201;6;1333;1
19;201;6;1555;2
19;201;6;2200;7
19;201;6;2222;23
19;201;6;2277;2
19;201;6;2299;45
19;201;6;2333;2
19;201;6;3030;2
19;201;6;4000;2
19;201;6;4040;2
19;201;6;4055;3
19;201;6;4343;3
19;201;6;4422;3
19;201;6;4444;1
19;201;6;4445;1
19;201;6;4555;2
19;201;6;5511;2
19;201;6;5522;1
19;201;6;5544;1
19;201;6;5550;1
19;201;6;5555;80
19;201;6;7788;1
19;201;7;55;2
19;201;7;95;7
19;201;7;96;7
19;201;7;10123;1
19;201;7;10333;5
19;201;7;10999;2
19;201;7;13013;1
19;201;7;13131;1
19;201;7;13222;16
19;201;7;13234;1
19;201;7;13258;15
19;201;7;13333;2
19;201;7;13456;6
19;201;7;22000;3
19;201;7;22022;8
19;201;7;22190;1
19;201;7;22221;3
19;201;7;22222;9
19;201;7;22223;1
19;201;7;22422;1
19;201;7;22762;3
19;201;7;22777;3
19;201;7;33833;1
19;201;7;40100;1
19;201;7;40333;1
19;201;7;40500;1
19;201;7;40700;6
19;201;7;40777;14
19;201;7;44444;1
19;201;7;44447;1
19;201;7;45190;1
19;201;7;45633;2
19;201;7;45777;2
19;201;7;45888;1
19;201;7;45999;2
19;201;7;50013;1
19;201;7;55000;2
19;201;7;55333;25
19;201;7;55555;76
19;201;7;77888;1
19;201;5;95;37
19;201;5;96;47
19;201;5;180;89
19;201;5;222;100
19;201;5;300;2
19;201;5;400;88
19;201;5;445;109
19;201;5;800;2
19;201;3;13;92
19;201;3;30;2
19;201;3;45;121
19;201;3;95;6
19;201;3;96;16
19;205;1;13;84
19;205;1;14;1
19;205;1;22;12
19;205;1;96;1
19;205;6;11;2
19;205;6;13;1
19;205;6;18;1
19;205;6;55;1
19;205;6;95;2
19;205;6;96;3
19;205;6;1055;4
19;205;6;1224;1
19;205;6;1234;1
19;205;6;1322;1
19;205;6;1323;22
19;205;6;2299;11
19;205;6;4055;1
19;205;6;4077;1
19;205;6;4444;1
19;205;6;4445;1
19;205;6;5522;1
19;205;6;5555;40
19;205;6;5588;1
19;205;6;7788;2
19;205;7;12;1
19;205;7;13;1
19;205;7;18;3
19;205;7;40;1
19;205;7;55;1
19;205;7;95;4
19;205;7;96;2
19;205;7;10007;2
19;205;7;10333;4
19;205;7;13222;5
19;205;7;13258;1
19;205;7;13456;12
19;205;7;13999;1
19;205;7;15333;1
19;205;7;22190;2
19;205;7;40700;1
19;205;7;40777;8
19;205;7;50555;2
19;205;7;55333;2
19;205;7;55555;44
19;205;5;95;11
19;205;5;96;31
19;205;5;162;1
19;205;5;180;66
19;205;5;222;8
19;205;5;400;68
19;205;5;445;11
19;205;3;13;70
19;205;3;14;1
19;205;3;45;18
19;205;3;80;1
19;205;3;95;3
19;205;3;96;5
19;209;1;13;149
19;209;1;14;5
19;209;1;22;85
19;209;1;55;1
19;209;1;70;5
19;209;1;95;8
19;209;1;96;14
19;209;6;10;1
19;209;6;13;5
19;209;6;22;3
19;209;6;40;2
19;209;6;44;1
19;209;6;95;11
19;209;6;96;9
19;209;6;1010;1
19;209;6;1055;8
19;209;6;1144;1
19;209;6;1301;1
19;209;6;1313;1
19;209;6;1322;2
19;209;6;1323;33
19;209;6;1333;1
19;209;6;1441;1
19;209;6;1555;1
19;209;6;2200;2
19;209;6;2222;15
19;209;6;2244;1
19;209;6;2277;1
19;209;6;2288;1
19;209;6;2299;36
19;209;6;4000;2
19;209;6;4010;1
19;209;6;4040;3
19;209;6;4055;1
19;209;6;4343;1
19;209;6;4422;2
19;209;6;4444;1
19;209;6;4445;2
19;209;6;4490;2
19;209;6;4555;2
19;209;6;5511;2
19;209;6;5533;2
19;209;6;5555;106
19;209;6;5588;1
19;209;6;7000;1
19;209;7;10;1
19;209;7;13;3
19;209;7;18;3
19;209;7;22;5
19;209;7;25;1
19;209;7;40;7
19;209;7;44;4
19;209;7;55;1
19;209;7;95;10
19;209;7;96;11
19;209;7;10123;1
19;209;7;10333;6
19;209;7;10444;1
19;209;7;10777;1
19;209;7;13222;19
19;209;7;13258;3
19;209;7;13333;1
19;209;7;13444;3
19;209;7;13456;2
19;209;7;13777;1
19;209;7;13888;1
19;209;7;13999;1
19;209;7;15333;2
19;209;7;22000;2
19;209;7;22022;4
19;209;7;22190;2
19;209;7;22221;3
19;209;7;22222;3
19;209;7;22223;1
19;209;7;22322;1
19;209;7;22345;2
19;209;7;22444;1
19;209;7;22762;3
19;209;7;22777;1
19;209;7;22888;1
19;209;7;40100;1
19;209;7;40700;8
19;209;7;40777;24
19;209;7;40789;3
19;209;7;44444;1
19;209;7;44447;1
19;209;7;45888;1
19;209;7;50555;1
19;209;7;55000;1
19;209;7;55333;24
19;209;7;55555;90
19;209;5;95;40
19;209;5;96;83
19;209;5;180;111
19;209;5;222;80
19;209;5;300;1
19;209;5;400;129
19;209;5;445;90
19;209;3;13;120
19;209;3;14;2
19;209;3;45;112
19;209;3;95;9
19;209;3;96;24
19;210;1;13;151
19;210;1;14;2
19;210;1;22;26
19;210;1;55;1
19;210;1;70;1
19;210;1;95;4
19;210;1;96;13
19;210;6;12;1
19;210;6;13;3
19;210;6;18;2
19;210;6;55;1
19;210;6;95;6
19;210;6;96;2
19;210;6;1055;3
19;210;6;1233;1
19;210;6;1234;2
19;210;6;1313;2
19;210;6;1323;14
19;210;6;1331;2
19;210;6;1333;4
19;210;6;2222;1
19;210;6;2266;1
19;210;6;2299;20
19;210;6;4040;1
19;210;6;4444;4
19;210;6;4456;1
19;210;6;4555;1
19;210;6;5555;112
19;210;6;5588;14
19;210;7;11;1
19;210;7;12;2
19;210;7;13;2
19;210;7;18;3
19;210;7;22;4
19;210;7;30;1
19;210;7;40;6
19;210;7;44;2
19;210;7;55;5
19;210;7;95;6
19;210;7;96;2
19;210;7;10222;1
19;210;7;10333;2
19;210;7;10678;1
19;210;7;13013;2
19;210;7;13123;1
19;210;7;13222;7
19;210;7;13258;8
19;210;7;13333;1
19;210;7;13444;1
19;210;7;13456;11
19;210;7;22022;2
19;210;7;22221;1
19;210;7;22777;1
19;210;7;25444;1
19;210;7;40700;3
19;210;7;40777;10
19;210;7;44444;2
19;210;7;44447;1
19;210;7;45999;1
19;210;7;55333;1
19;210;7;55555;106
19;210;5;95;22
19;210;5;96;61
19;210;5;180;111
19;210;5;222;39
19;210;5;400;121
19;210;5;445;42
19;210;3;13;140
19;210;3;45;35
19;210;3;95;3
19;210;3;96;20
19;211;1;13;22
19;211;1;22;10
19;211;1;55;1
19;211;1;70;1
19;211;1;95;2
19;211;6;44;1
19;211;6;95;1
19;211;6;1323;1
19;211;6;2222;1
19;211;6;2299;9
19;211;6;4000;1
19;211;6;4055;1
19;211;6;5555;21
19;211;7;18;1
19;211;7;22;1
19;211;7;40;2
19;211;7;95;1
19;211;7;13222;2
19;211;7;13258;5
19;211;7;22762;2
19;211;7;55333;3
19;211;7;55555;19
19;211;5;95;5
19;211;5;96;11
19;211;5;180;18
19;211;5;222;11
19;211;5;400;17
19;211;5;445;10
19;211;3;13;17
19;211;3;45;16
19;211;3;95;1
19;211;3;96;2
19;213;1;13;175
19;213;1;14;2
19;213;1;22;64
19;213;1;55;6
19;213;1;70;4
19;213;1;95;3
19;213;1;96;8
19;213;6;12;1
19;213;6;13;1
19;213;6;22;1
19;213;6;44;1
19;213;6;45;1
19;213;6;55;2
19;213;6;95;14
19;213;6;96;8
19;213;6;1010;1
19;213;6;1055;6
19;213;6;1234;2
19;213;6;1277;1
19;213;6;1301;2
19;213;6;1323;22
19;213;6;1331;2
19;213;6;1333;1
19;213;6;1399;1
19;213;6;1515;2
19;213;6;1555;3
19;213;6;2222;9
19;213;6;2255;1
19;213;6;2277;3
19;213;6;2299;25
19;213;6;2518;2
19;213;6;2555;1
19;213;6;4000;1
19;213;6;4040;3
19;213;6;4055;1
19;213;6;4077;2
19;213;6;4444;3
19;213;6;4555;4
19;213;6;5050;2
19;213;6;5511;1
19;213;6;5544;1
19;213;6;5555;125
19;213;6;5588;5
19;213;6;7788;1
19;213;7;12;1
19;213;7;18;1
19;213;7;22;4
19;213;7;40;8
19;213;7;44;1
19;213;7;55;3
19;213;7;95;16
19;213;7;96;4
19;213;7;10333;10
19;213;7;11888;1
19;213;7;13013;1
19;213;7;13133;1
19;213;7;13222;13
19;213;7;13333;5
19;213;7;13444;5
19;213;7;13456;3
19;213;7;13700;1
19;213;7;13777;1
19;213;7;22000;1
19;213;7;22022;2
19;213;7;22190;1
19;213;7;22222;2
19;213;7;22322;1
19;213;7;22762;3
19;213;7;22777;3
19;213;7;40222;1
19;213;7;40700;7
19;213;7;40777;19
19;213;7;40789;1
19;213;7;44444;3
19;213;7;44447;1
19;213;7;45111;1
19;213;7;45123;1
19;213;7;45190;1
19;213;7;45777;1
19;213;7;45999;4
19;213;7;50500;1
19;213;7;50555;1
19;213;7;55000;2
19;213;7;55011;1
19;213;7;55333;15
19;213;7;55555;107
19;213;7;55888;1
19;213;7;77123;1
19;213;7;77888;1
19;213;5;95;42
19;213;5;96;78
19;213;5;180;131
19;213;5;222;63
19;213;5;400;139
19;213;5;445;71
19;213;3;13;144
19;213;3;45;88
19;213;3;95;5
19;213;3;96;25
19;214;1;13;85
19;214;1;22;19
19;214;1;55;2
19;214;1;70;3
19;214;1;96;4
19;214;6;11;1
19;214;6;12;1
19;214;6;18;1
19;214;6;40;1
19;214;6;95;2
19;214;6;96;4
19;214;6;1055;5
19;214;6;1313;1
19;214;6;1322;3
19;214;6;1323;32
19;214;6;1333;1
19;214;6;1555;2
19;214;6;2222;2
19;214;6;2288;1
19;214;6;2299;12
19;214;6;4000;2
19;214;6;4422;1
19;214;6;4444;1
19;214;6;5555;39
19;214;6;5588;1
19;214;7;13;2
19;214;7;15;1
19;214;7;18;1
19;214;7;22;1
19;214;7;44;1
19;214;7;55;1
19;214;7;65;1
19;214;7;95;1
19;214;7;96;5
19;214;7;10333;3
19;214;7;13222;12
19;214;7;13234;1
19;214;7;13333;1
19;214;7;13456;2
19;214;7;22180;1
19;214;7;22322;1
19;214;7;40700;2
19;214;7;40777;27
19;214;7;44000;1
19;214;7;44111;1
19;214;7;55333;10
19;214;7;55555;37
19;214;5;95;8
19;214;5;96;22
19;214;5;180;77
19;214;5;222;20
19;214;5;300;1
19;214;5;400;77
19;214;5;445;21
19;214;3;13;77
19;214;3;35;2
19;214;3;45;26
19;214;3;95;3
19;214;3;96;5
19;215;1;13;126
19;215;1;22;63
19;215;1;55;2
19;215;1;70;6
19;215;1;95;3
19;215;1;96;6
19;215;6;10;1
19;215;6;13;1
19;215;6;95;3
19;215;6;96;8
19;215;6;1055;37
19;215;6;1234;1
19;215;6;1301;1
19;215;6;1323;14
19;215;6;1333;1
19;215;6;1522;1
19;215;6;1555;1
19;215;6;2200;1
19;215;6;2222;4
19;215;6;2288;1
19;215;6;2299;46
19;215;6;4000;2
19;215;6;4055;6
19;215;6;4422;1
19;215;6;4444;3
19;215;6;4445;1
19;215;6;5555;71
19;215;6;5588;1
19;215;7;12;1
19;215;7;13;3
19;215;7;22;1
19;215;7;40;3
19;215;7;44;1
19;215;7;45;1
19;215;7;65;1
19;215;7;95;5
19;215;7;96;3
19;215;7;10333;3
19;215;7;11111;1
19;215;7;13013;2
19;215;7;13123;1
19;215;7;13222;58
19;215;7;13258;2
19;215;7;13333;2
19;215;7;13444;1
19;215;7;13456;20
19;215;7;22022;1
19;215;7;22222;1
19;215;7;22223;2
19;215;7;22322;1
19;215;7;40700;1
19;215;7;40777;9
19;215;7;44444;2
19;215;7;45777;5
19;215;7;50555;1
19;215;7;55333;13
19;215;7;55555;61
19;215;5;95;18
19;215;5;96;44
19;215;5;180;96
19;215;5;222;69
19;215;5;300;1
19;215;5;400;106
19;215;5;445;78
19;215;3;13;103
19;215;3;45;84
19;215;3;95;4
19;215;3;96;15
19;216;1;13;86
19;216;1;14;2
19;216;1;22;21
19;216;1;55;1
19;216;1;70;2
19;216;1;95;1
19;216;1;96;7
19;216;6;11;2
19;216;6;12;2
19;216;6;96;5
19;216;6;1055;10
19;216;6;1234;1
19;216;6;1323;29
19;216;6;1333;1
19;216;6;1515;1
19;216;6;2299;49
19;216;6;4422;1
19;216;6;5555;18
19;216;6;7700;1
19;216;7;12;1
19;216;7;18;1
19;216;7;33;1
19;216;7;40;6
19;216;7;55;1
19;216;7;65;1
19;216;7;77;1
19;216;7;96;5
19;216;7;10333;4
19;216;7;10444;1
19;216;7;13000;1
19;216;7;13222;21
19;216;7;13258;6
19;216;7;13456;1
19;216;7;40500;1
19;216;7;40700;1
19;216;7;40777;19
19;216;7;45190;1
19;216;7;45678;1
19;216;7;55333;30
19;216;7;55555;16
19;216;5;95;10
19;216;5;96;36
19;216;5;180;66
19;216;5;222;22
19;216;5;400;77
19;216;5;445;29
19;216;3;13;79
19;216;3;45;30
19;216;3;95;1
19;216;3;96;10
19;217;1;13;123
19;217;1;22;34
19;217;1;70;3
19;217;1;95;1
19;217;1;96;10
19;217;6;12;2
19;217;6;13;2
19;217;6;29;1
19;217;6;45;1
19;217;6;55;1
19;217;6;96;8
19;217;6;1322;1
19;217;6;1323;22
19;217;6;2222;4
19;217;6;2299;20
19;217;6;2518;1
19;217;6;4000;10
19;217;6;4020;2
19;217;6;5555;96
19;217;7;13;2
19;217;7;22;1
19;217;7;40;5
19;217;7;44;3
19;217;7;96;10
19;217;7;10100;2
19;217;7;10333;1
19;217;7;13222;5
19;217;7;13258;17
19;217;7;13444;1
19;217;7;13456;6
19;217;7;22222;1
19;217;7;40200;1
19;217;7;40700;4
19;217;7;40777;13
19;217;7;44111;1
19;217;7;45123;1
19;217;7;55333;8
19;217;7;55555;89
19;217;5;96;54
19;217;5;180;114
19;217;5;222;33
19;217;5;300;2
19;217;5;400;110
19;217;5;445;29
19;217;3;13;118
19;217;3;16;1
19;217;3;45;31
19;217;3;96;21
19;218;1;13;124
19;218;1;14;4
19;218;1;22;26
19;218;1;70;1
19;218;1;95;2
19;218;1;96;3
19;218;6;55;1
19;218;6;95;1
19;218;6;1055;2
19;218;6;1111;1
19;218;6;1301;2
19;218;6;1313;1
19;218;6;1323;9
19;218;6;1544;2
19;218;6;1555;1
19;218;6;2099;1
19;218;6;2200;2
19;218;6;2222;3
19;218;6;2277;1
19;218;6;2299;11
19;218;6;4040;2
19;218;6;4055;6
19;218;6;5544;1
19;218;6;5555;110
19;218;6;5588;2
19;218;6;7700;1
19;218;7;13;2
19;218;7;22;1
19;218;7;40;3
19;218;7;55;3
19;218;7;96;1
19;218;7;10222;5
19;218;7;10333;2
19;218;7;10444;1
19;218;7;11111;1
19;218;7;13222;3
19;218;7;13258;1
19;218;7;13333;1
19;218;7;13444;3
19;218;7;13456;5
19;218;7;22022;1
19;218;7;22221;1
19;218;7;22222;2
19;218;7;22345;1
19;218;7;22777;1
19;218;7;40555;1
19;218;7;40700;6
19;218;7;40777;4
19;218;7;45777;2
19;218;7;45800;1
19;218;7;55000;2
19;218;7;55333;2
19;218;7;55555;104
19;218;5;95;6
19;218;5;96;26
19;218;5;180;118
19;218;5;222;28
19;218;5;400;114
19;218;5;445;28
19;218;3;13;123
19;218;3;45;31
19;218;3;95;1
19;218;3;96;5
19;219;1;13;90
19;219;1;14;1
19;219;1;22;6
19;219;1;70;3
19;219;1;95;3
19;219;1;96;1
19;219;6;12;1
19;219;6;95;6
19;219;6;96;2
19;219;6;1313;1
19;219;6;1323;28
19;219;6;1515;1
19;219;6;2299;4
19;219;6;5555;61
19;219;7;40;2
19;219;7;55;4
19;219;7;95;8
19;219;7;96;2
19;219;7;13222;4
19;219;7;13456;2
19;219;7;40500;1
19;219;7;40777;23
19;219;7;55555;58
19;219;5;95;15
19;219;5;96;22
19;219;5;180;81
19;219;5;222;2
19;219;5;400;85
19;219;5;445;3
19;219;3;13;85
19;219;3;30;1
19;219;3;45;4
19;219;3;95;7
19;219;3;96;7
19;220;1;13;73
19;220;1;14;3
19;220;1;22;62
19;220;1;55;1
19;220;1;70;2
19;220;1;95;1
19;220;1;96;5
19;220;6;22;1
19;220;6;95;4
19;220;6;96;1
19;220;6;1099;1
19;220;6;1222;1
19;220;6;1323;7
19;220;6;2200;7
19;220;6;2222;6
19;220;6;2299;57
19;220;6;4343;2
19;220;6;5555;60
19;220;7;18;1
19;220;7;22;1
19;220;7;40;1
19;220;7;43;1
19;220;7;44;2
19;220;7;55;1
19;220;7;95;4
19;220;7;96;2
19;220;7;10333;4
19;220;7;10999;2
19;220;7;13222;27
19;220;7;13258;19
19;220;7;13456;5
19;220;7;22000;5
19;220;7;22022;1
19;220;7;22777;3
19;220;7;22999;1
19;220;7;40777;4
19;220;7;44447;1
19;220;7;44456;1
19;220;7;45555;1
19;220;7;55333;1
19;220;7;55555;59
19;220;5;95;15
19;220;5;96;37
19;220;5;180;44
19;220;5;222;72
19;220;5;300;1
19;220;5;400;49
19;220;5;445;76
19;220;3;13;54
19;220;3;45;77
19;220;3;95;5
19;220;3;96;11
19;221;1;13;67
19;221;1;14;2
19;221;1;22;20
19;221;1;95;1
19;221;1;96;10
19;221;6;12;1
19;221;6;13;4
19;221;6;44;1
19;221;6;55;1
19;221;6;95;3
19;221;6;96;3
19;221;6;1099;1
19;221;6;1323;12
19;221;6;1515;2
19;221;6;2299;21
19;221;6;5555;50
19;221;6;7788;1
19;221;7;13;1
19;221;7;22;1
19;221;7;40;3
19;221;7;43;1
19;221;7;44;1
19;221;7;45;1
19;221;7;77;1
19;221;7;95;5
19;221;7;96;1
19;221;7;13013;2
19;221;7;13222;3
19;221;7;13258;1
19;221;7;13777;1
19;221;7;15333;1
19;221;7;40777;12
19;221;7;40789;1
19;221;7;45777;16
19;221;7;55333;1
19;221;7;55555;47
19;221;5;95;13
19;221;5;96;29
19;221;5;180;51
19;221;5;222;26
19;221;5;400;57
19;221;5;445;24
19;221;3;13;56
19;221;3;45;28
19;221;3;95;2
19;221;3;96;14
19;223;1;13;131
19;223;1;22;29
19;223;1;55;2
19;223;1;95;1
19;223;1;96;8
19;223;6;12;3
19;223;6;13;2
19;223;6;22;1
19;223;6;55;2
19;223;6;95;5
19;223;6;96;5
19;223;6;1055;26
19;223;6;1233;1
19;223;6;1314;1
19;223;6;1323;11
19;223;6;1333;10
19;223;6;2222;2
19;223;6;2233;1
19;223;6;2299;32
19;223;6;4000;1
19;223;6;5001;1
19;223;6;5555;66
19;223;6;5588;1
19;223;7;10;1
19;223;7;11;1
19;223;7;13;2
19;223;7;18;3
19;223;7;22;2
19;223;7;40;9
19;223;7;55;3
19;223;7;77;1
19;223;7;95;5
19;223;7;96;3
19;223;7;10333;18
19;223;7;13222;11
19;223;7;13258;9
19;223;7;13456;3
19;223;7;22222;1
19;223;7;30722;1
19;223;7;33000;1
19;223;7;40700;4
19;223;7;40777;13
19;223;7;40789;2
19;223;7;45123;1
19;223;7;55333;13
19;223;7;55555;64
19;223;5;95;21
19;223;5;96;68
19;223;5;180;98
19;223;5;222;26
19;223;5;400;103
19;223;5;445;26
19;223;3;13;112
19;223;3;45;38
19;223;3;95;4
19;223;3;96;17
19;224;1;13;92
19;224;1;14;1
19;224;1;22;19
19;224;1;55;1
19;224;1;95;1
19;224;1;96;3
19;224;6;13;3
19;224;6;14;1
19;224;6;50;1
19;224;6;95;6
19;224;6;96;2
19;224;6;1234;1
19;224;6;1323;40
19;224;6;2222;3
19;224;6;2299;8
19;224;6;5533;1
19;224;6;5555;45
19;224;6;5588;3
19;224;6;7700;3
19;224;7;18;1
19;224;7;40;6
19;224;7;55;1
19;224;7;95;6
19;224;7;96;5
19;224;7;10444;3
19;224;7;11888;2
19;224;7;13222;1
19;224;7;13258;3
19;224;7;13456;1
19;224;7;22222;1
19;224;7;40500;1
19;224;7;40777;40
19;224;7;55000;1
19;224;7;55333;7
19;224;7;55555;38
19;224;5;95;10
19;224;5;96;33
19;224;5;180;79
19;224;5;222;16
19;224;5;400;79
19;224;5;445;17
19;224;3;13;85
19;224;3;14;1
19;224;3;45;26
19;224;3;95;1
19;224;3;96;4
19;225;1;13;152
19;225;1;14;3
19;225;1;22;92
19;225;1;55;3
19;225;1;70;3
19;225;1;95;8
19;225;1;96;10
19;225;6;12;3
19;225;6;22;1
19;225;6;45;1
19;225;6;95;12
19;225;6;96;9
19;225;6;1010;1
19;225;6;1055;6
19;225;6;1314;1
19;225;6;1322;2
19;225;6;1323;16
19;225;6;1333;2
19;225;6;1555;5
19;225;6;2200;3
19;225;6;2222;22
19;225;6;2255;1
19;225;6;2277;1
19;225;6;2288;2
19;225;6;2299;41
19;225;6;4000;1
19;225;6;4040;5
19;225;6;4044;2
19;225;6;4077;2
19;225;6;4343;2
19;225;6;4422;2
19;225;6;4444;1
19;225;6;4456;1
19;225;6;4555;3
19;225;6;5511;1
19;225;6;5522;1
19;225;6;5555;116
19;225;6;5588;1
19;225;6;7700;2
19;225;6;7788;2
19;225;7;11;1
19;225;7;18;1
19;225;7;22;3
19;225;7;40;3
19;225;7;44;2
19;225;7;45;2
19;225;7;55;4
19;225;7;95;12
19;225;7;96;10
19;225;7;10123;1
19;225;7;10333;3
19;225;7;10444;1
19;225;7;10999;2
19;225;7;13013;2
19;225;7;13133;2
19;225;7;13222;14
19;225;7;13258;11
19;225;7;13333;1
19;225;7;13444;3
19;225;7;13456;1
19;225;7;13700;1
19;225;7;13888;1
19;225;7;22000;3
19;225;7;22022;1
19;225;7;22190;3
19;225;7;22221;3
19;225;7;22222;5
19;225;7;22345;1
19;225;7;22762;1
19;225;7;22777;4
19;225;7;22888;1
19;225;7;40000;1
19;225;7;40111;2
19;225;7;40333;1
19;225;7;40700;5
19;225;7;40777;16
19;225;7;45777;2
19;225;7;45800;1
19;225;7;45999;3
19;225;7;55000;2
19;225;7;55111;1
19;225;7;55333;12
19;225;7;55555;121
19;225;7;77888;1
19;225;5;95;38
19;225;5;96;74
19;225;5;180;120
19;225;5;222;90
19;225;5;300;3
19;225;5;400;127
19;225;5;445;90
19;225;3;13;131
19;225;3;14;1
19;225;3;45;106
19;225;3;95;8
19;225;3;96;25
19;228;1;13;86
19;228;1;14;3
19;228;1;22;21
19;228;1;29;1
19;228;1;55;2
19;228;1;96;4
19;228;6;11;3
19;228;6;12;1
19;228;6;13;2
19;228;6;1055;1
19;228;6;1234;1
19;228;6;1323;36
19;228;6;2233;1
19;228;6;2277;2
19;228;6;2299;19
19;228;6;4445;1
19;228;6;4555;2
19;228;6;5555;44
19;228;6;5588;4
19;228;7;11;1
19;228;7;12;1
19;228;7;13;4
19;228;7;18;4
19;228;7;22;3
19;228;7;33;1
19;228;7;40;4
19;228;7;55;2
19;228;7;13234;2
19;228;7;13258;1
19;228;7;13456;4
19;228;7;22777;2
19;228;7;40777;30
19;228;7;44447;1
19;228;7;45999;1
19;228;7;50013;1
19;228;7;55333;18
19;228;7;55555;37
19;228;5;95;2
19;228;5;96;49
19;228;5;180;72
19;228;5;222;18
19;228;5;400;73
19;228;5;445;20
19;228;3;13;75
19;228;3;45;25
19;228;3;95;1
19;228;3;96;16
19;229;1;13;39
19;229;1;14;3
19;229;1;22;26
19;229;1;55;1
19;229;1;95;1
19;229;1;96;2
19;229;6;13;1
19;229;6;55;1
19;229;6;95;1
19;229;6;96;1
19;229;6;1234;2
19;229;6;1323;8
19;229;6;2200;1
19;229;6;2222;2
19;229;6;2277;6
19;229;6;5511;1
19;229;6;5533;1
19;229;6;5555;47
19;229;7;13;1
19;229;7;22;1
19;229;7;40;3
19;229;7;55;1
19;229;7;95;3
19;229;7;22022;1
19;229;7;22222;1
19;229;7;22777;5
19;229;7;40500;2
19;229;7;40777;6
19;229;7;55000;1
19;229;7;55333;2
19;229;7;55555;45
19;229;5;95;6
19;229;5;96;13
19;229;5;180;54
19;229;5;222;8
19;229;5;400;52
19;229;5;445;11
19;229;3;13;44
19;229;3;45;20
19;229;3;95;4
19;229;3;96;4
19;230;1;13;160
19;230;1;14;2
19;230;1;22;71
19;230;1;55;3
19;230;1;70;2
19;230;1;95;1
19;230;1;96;11
19;230;6;13;1
19;230;6;14;1
19;230;6;18;1
19;230;6;22;2
19;230;6;25;1
19;230;6;77;2
19;230;6;95;14
19;230;6;96;4
19;230;6;1010;1
19;230;6;1055;3
19;230;6;1301;1
19;230;6;1323;26
19;230;6;1331;1
19;230;6;1333;2
19;230;6;1533;1
19;230;6;1555;1
19;230;6;2222;15
19;230;6;2277;1
19;230;6;2299;48
19;230;6;2999;1
19;230;6;4000;2
19;230;6;4040;2
19;230;6;4055;1
19;230;6;4077;2
19;230;6;4422;1
19;230;6;4444;1
19;230;6;4445;1
19;230;6;5511;2
19;230;6;5550;1
19;230;6;5555;106
19;230;6;5580;1
19;230;6;5588;1
19;230;6;6565;1
19;230;6;7788;1
19;230;7;13;3
19;230;7;18;3
19;230;7;22;3
19;230;7;40;3
19;230;7;44;2
19;230;7;45;2
19;230;7;55;4
19;230;7;95;16
19;230;7;96;2
19;230;7;10100;1
19;230;7;10123;1
19;230;7;10333;4
19;230;7;13113;1
19;230;7;13123;1
19;230;7;13222;26
19;230;7;13258;6
19;230;7;13444;2
19;230;7;13456;2
19;230;7;13777;2
19;230;7;13999;1
19;230;7;15333;1
19;230;7;15555;1
19;230;7;22022;2
19;230;7;22122;1
19;230;7;22221;2
19;230;7;22222;4
19;230;7;22322;2
19;230;7;40100;1
19;230;7;40700;6
19;230;7;40777;24
19;230;7;44444;1
19;230;7;44447;1
19;230;7;45190;3
19;230;7;50013;1
19;230;7;55000;4
19;230;7;55333;17
19;230;7;55555;93
19;230;7;55777;1
19;230;5;95;44
19;230;5;96;66
19;230;5;180;122
19;230;5;222;61
19;230;5;400;139
19;230;5;445;68
19;230;3;13;132
19;230;3;14;1
19;230;3;45;85
19;230;3;95;5
19;230;3;96;27
19;231;1;13;147
19;231;1;14;1
19;231;1;22;87
19;231;1;55;3
19;231;1;70;4
19;231;1;95;4
19;231;1;96;11
19;231;6;11;1
19;231;6;12;1
19;231;6;13;3
19;231;6;22;2
19;231;6;55;2
19;231;6;77;1
19;231;6;95;5
19;231;6;96;7
19;231;6;1010;1
19;231;6;1055;5
19;231;6;1234;1
19;231;6;1255;1
19;231;6;1313;1
19;231;6;1323;26
19;231;6;1331;2
19;231;6;1399;1
19;231;6;1555;2
19;231;6;2200;1
19;231;6;2222;24
19;231;6;2233;2
19;231;6;2277;1
19;231;6;2288;3
19;231;6;2299;36
19;231;6;2500;1
19;231;6;2588;1
19;231;6;2999;1
19;231;6;4000;1
19;231;6;4040;2
19;231;6;4055;1
19;231;6;4343;2
19;231;6;4422;2
19;231;6;4444;1
19;231;6;4555;1
19;231;6;4599;1
19;231;6;5050;2
19;231;6;5511;3
19;231;6;5512;1
19;231;6;5555;103
19;231;6;5588;3
19;231;6;7788;2
19;231;7;13;3
19;231;7;22;5
19;231;7;40;6
19;231;7;44;1
19;231;7;45;1
19;231;7;55;6
19;231;7;65;1
19;231;7;95;7
19;231;7;96;8
19;231;7;10123;2
19;231;7;10333;1
19;231;7;10444;1
19;231;7;10999;2
19;231;7;12345;1
19;231;7;13123;1
19;231;7;13222;16
19;231;7;13258;6
19;231;7;13444;5
19;231;7;13456;1
19;231;7;15555;1
19;231;7;22000;1
19;231;7;22022;5
19;231;7;22190;1
19;231;7;22221;2
19;231;7;22222;6
19;231;7;22223;1
19;231;7;22322;1
19;231;7;22422;1
19;231;7;22762;1
19;231;7;22777;1
19;231;7;22888;1
19;231;7;40100;2
19;231;7;40500;1
19;231;7;40555;1
19;231;7;40700;4
19;231;7;40777;28
19;231;7;40789;1
19;231;7;44444;1
19;231;7;45777;4
19;231;7;45999;2
19;231;7;50555;1
19;231;7;55000;1
19;231;7;55333;13
19;231;7;55555;101
19;231;7;55777;1
19;231;5;95;40
19;231;5;96;79
19;231;5;180;114
19;231;5;222;78
19;231;5;400;124
19;231;5;445;79
19;231;3;13;136
19;231;3;45;89
19;231;3;95;7
19;231;3;96;25
19;232;1;13;63
19;232;1;22;24
19;232;1;70;2
19;232;1;95;1
19;232;1;96;5
19;232;6;12;2
19;232;6;13;2
19;232;6;22;1
19;232;6;55;2
19;232;6;95;2
19;232;6;96;2
19;232;6;1055;4
19;232;6;1301;1
19;232;6;1322;1
19;232;6;1323;1
19;232;6;1333;2
19;232;6;1555;1
19;232;6;2200;3
19;232;6;2222;8
19;232;6;2299;20
19;232;6;4000;6
19;232;6;4041;1
19;232;6;5555;36
19;232;7;13;3
19;232;7;22;1
19;232;7;40;1
19;232;7;44;1
19;232;7;55;1
19;232;7;95;1
19;232;7;96;6
19;232;7;10333;2
19;232;7;10678;3
19;232;7;13013;1
19;232;7;13222;23
19;232;7;13258;1
19;232;7;13333;2
19;232;7;22022;2
19;232;7;22222;6
19;232;7;22762;1
19;232;7;40000;3
19;232;7;40700;11
19;232;7;40777;1
19;232;7;55000;1
19;232;7;55333;3
19;232;7;55555;21
19;232;5;95;5
19;232;5;96;22
19;232;5;180;43
19;232;5;222;35
19;232;5;400;45
19;232;5;445;40
19;232;3;13;38
19;232;3;45;48
19;232;3;95;1
19;232;3;96;8
19;233;1;13;105
19;233;1;22;37
19;233;1;95;4
19;233;1;96;9
19;233;6;10;1
19;233;6;15;1
19;233;6;22;1
19;233;6;45;1
19;233;6;55;1
19;233;6;65;1
19;233;6;95;4
19;233;6;96;5
19;233;6;1301;2
19;233;6;1323;6
19;233;6;2200;1
19;233;6;2222;4
19;233;6;2277;1
19;233;6;2299;28
19;233;6;4444;1
19;233;6;4445;3
19;233;6;5077;1
19;233;6;5511;1
19;233;6;5555;92
19;233;7;18;1
19;233;7;22;1
19;233;7;40;3
19;233;7;44;2
19;233;7;95;5
19;233;7;96;5
19;233;7;10333;1
19;233;7;13013;2
19;233;7;13222;11
19;233;7;13456;1
19;233;7;13777;1
19;233;7;22222;2
19;233;7;40700;5
19;233;7;40777;3
19;233;7;44447;13
19;233;7;45777;5
19;233;7;50555;1
19;233;7;55125;1
19;233;7;55333;8
19;233;7;55555;84
19;233;5;95;25
19;233;5;96;42
19;233;5;180;60
19;233;5;222;51
19;233;5;400;75
19;233;5;445;57
19;233;3;13;84
19;233;3;45;60
19;233;3;95;5
19;233;3;96;6
19;234;1;13;49
19;234;1;14;1
19;234;1;22;15
19;234;1;96;3
19;234;6;55;1
19;234;6;95;1
19;234;6;1323;1
19;234;6;1555;3
19;234;6;2200;1
19;234;6;2222;2
19;234;6;2277;1
19;234;6;2288;1
19;234;6;2299;10
19;234;6;2518;3
19;234;6;4444;1
19;234;6;5050;2
19;234;6;5533;1
19;234;6;5555;40
19;234;7;11;1
19;234;7;40;2
19;234;7;95;1
19;234;7;13222;1
19;234;7;13456;1
19;234;7;22022;1
19;234;7;22221;2
19;234;7;22777;1
19;234;7;22888;1
19;234;7;40114;3
19;234;7;40700;1
19;234;7;40777;2
19;234;7;44444;3
19;234;7;50050;2
19;234;7;55111;1
19;234;7;55555;45
19;234;5;95;5
19;234;5;96;12
19;234;5;180;45
19;234;5;222;13
19;234;5;300;1
19;234;5;400;47
19;234;5;445;13
19;234;3;13;44
19;234;3;45;20
19;234;3;95;1
19;234;3;96;3
19;235;1;13;53
19;235;1;14;2
19;235;1;22;102
19;235;1;55;2
19;235;1;70;2
19;235;1;95;5
19;235;6;13;1
19;235;6;22;2
19;235;6;95;12
19;235;6;96;4
19;235;6;1323;5
19;235;6;1331;4
19;235;6;1555;7
19;235;6;2088;1
19;235;6;2200;2
19;235;6;2222;39
19;235;6;2277;15
19;235;6;2299;24
19;235;6;4040;1
19;235;6;4343;1
19;235;6;5555;48
19;235;7;13;1
19;235;7;22;4
19;235;7;95;13
19;235;7;96;4
19;235;7;10222;1
19;235;7;10333;2
19;235;7;13013;1
19;235;7;13111;4
19;235;7;13222;8
19;235;7;13258;2
19;235;7;13456;6
19;235;7;15333;2
19;235;7;22000;6
19;235;7;22022;5
19;235;7;22190;2
19;235;7;22221;2
19;235;7;22222;7
19;235;7;22223;1
19;235;7;22777;26
19;235;7;40111;4
19;235;7;40777;1
19;235;7;44456;1
19;235;7;45777;5
19;235;7;55000;1
19;235;7;55333;10
19;235;7;55555;47
19;235;5;95;36
19;235;5;96;30
19;235;5;180;31
19;235;5;222;98
19;235;5;400;38
19;235;5;445;99
19;235;3;13;45
19;235;3;45;101
19;235;3;95;7
19;235;3;96;13
19;236;1;13;27
19;236;1;14;1
19;236;1;22;7
19;236;1;95;1
19;236;1;96;6
19;236;6;10;1
19;236;6;12;1
19;236;6;22;1
19;236;6;95;3
19;236;6;96;1
19;236;6;1055;4
19;236;6;1323;3
19;236;6;1555;1
19;236;6;2299;7
19;236;6;2580;1
19;236;6;5544;1
19;236;6;5555;18
19;236;7;15;1
19;236;7;18;2
19;236;7;40;2
19;236;7;95;3
19;236;7;96;1
19;236;7;10333;4
19;236;7;13222;4
19;236;7;40700;6
19;236;7;40777;2
19;236;7;44555;1
19;236;7;45777;1
19;236;7;55000;1
19;236;7;55333;2
19;236;7;55555;12
19;236;5;95;5
19;236;5;96;16
19;236;5;180;23
19;236;5;222;9
19;236;5;400;23
19;236;5;445;8
19;236;3;13;22
19;236;3;14;1
19;236;3;45;9
19;236;3;95;2
19;236;3;96;8
19;237;1;13;51
19;237;1;22;15
19;237;1;55;1
19;237;1;96;7
19;237;6;11;1
19;237;6;13;1
19;237;6;22;1
19;237;6;95;3
19;237;6;96;4
19;237;6;1055;2
19;237;6;1323;10
19;237;6;1333;1
19;237;6;2277;3
19;237;6;2299;17
19;237;6;4000;3
19;237;6;4010;1
19;237;6;4444;1
19;237;6;5555;26
19;237;7;10;1
19;237;7;13;1
19;237;7;18;2
19;237;7;22;2
19;237;7;95;2
19;237;7;96;2
19;237;7;10333;1
19;237;7;12345;1
19;237;7;13013;1
19;237;7;13222;7
19;237;7;13258;3
19;237;7;22777;3
19;237;7;40111;1
19;237;7;40700;2
19;237;7;40777;8
19;237;7;45888;1
19;237;7;55333;14
19;237;7;55555;22
19;237;5;95;6
19;237;5;96;27
19;237;5;180;35
19;237;5;222;19
19;237;5;400;41
19;237;5;445;20
19;237;3;13;47
19;237;3;45;15
19;237;3;95;2
19;237;3;96;10
19;238;1;13;106
19;238;1;14;2
19;238;1;22;22
19;238;1;55;5
19;238;1;70;3
19;238;1;95;1
19;238;1;96;10
19;238;6;13;1
19;238;6;40;1
19;238;6;45;1
19;238;6;55;1
19;238;6;95;3
19;238;6;96;5
19;238;6;1055;2
19;238;6;1256;1
19;238;6;1301;1
19;238;6;1323;5
19;238;6;1333;13
19;238;6;2200;1
19;238;6;2222;6
19;238;6;2299;16
19;238;6;4000;16
19;238;6;4040;1
19;238;6;4411;1
19;238;6;4422;2
19;238;6;4445;1
19;238;6;4545;1
19;238;6;5555;70
19;238;7;22;2
19;238;7;40;1
19;238;7;44;1
19;238;7;55;3
19;238;7;95;3
19;238;7;96;9
19;238;7;10100;2
19;238;7;10999;1
19;238;7;13013;1
19;238;7;13222;10
19;238;7;13258;1
19;238;7;13444;1
19;238;7;13456;5
19;238;7;13999;2
19;238;7;22022;1
19;238;7;22222;3
19;238;7;40700;1
19;238;7;40777;5
19;238;7;45678;2
19;238;7;45777;1
19;238;7;50013;1
19;238;7;55100;1
19;238;7;55333;3
19;238;7;55555;89
19;238;5;95;11
19;238;5;96;47
19;238;5;180;82
19;238;5;222;23
19;238;5;400;99
19;238;5;445;34
19;238;5;800;2
19;238;3;13;94
19;238;3;45;38
19;238;3;95;4
19;238;3;96;13
19;239;1;13;70
19;239;1;22;16
19;239;1;70;1
19;239;1;95;2
19;239;1;96;8
19;239;6;11;3
19;239;6;12;3
19;239;6;13;1
19;239;6;95;1
19;239;6;96;2
19;239;6;1233;1
19;239;6;1323;36
19;239;6;2222;1
19;239;6;2299;11
19;239;6;2518;1
19;239;6;4000;2
19;239;6;4422;1
19;239;6;5555;34
19;239;7;11;1
19;239;7;12;2
19;239;7;13;5
19;239;7;18;2
19;239;7;40;3
19;239;7;44;1
19;239;7;55;2
19;239;7;95;1
19;239;7;96;3
19;239;7;13258;8
19;239;7;13456;13
19;239;7;22221;1
19;239;7;33900;1
19;239;7;40111;2
19;239;7;40700;1
19;239;7;40777;14
19;239;7;45645;1
19;239;7;55333;7
19;239;7;55555;29
19;239;5;95;1
19;239;5;96;42
19;239;5;180;57
19;239;5;222;19
19;239;5;400;59
19;239;5;445;16
19;239;3;13;67
19;239;3;45;17
19;239;3;95;1
19;239;3;96;12
19;243;1;13;41
19;243;1;14;1
19;243;1;22;9
19;243;1;70;1
19;243;1;95;1
19;243;6;95;1
19;243;6;1055;3
19;243;6;1111;1
19;243;6;1323;8
19;243;6;1333;15
19;243;6;2200;1
19;243;6;2222;5
19;243;6;2299;4
19;243;6;2518;1
19;243;6;5050;1
19;243;6;5555;13
19;243;7;13;1
19;243;7;95;2
19;243;7;96;1
19;243;7;10333;2
19;243;7;13013;3
19;243;7;13222;1
19;243;7;13456;6
19;243;7;22000;1
19;243;7;22022;6
19;243;7;40777;3
19;243;7;50180;1
19;243;7;50555;1
19;243;7;55333;4
19;243;7;55555;21
19;243;5;96;8
19;243;5;180;39
19;243;5;222;10
19;243;5;400;38
19;243;5;445;11
19;243;3;13;37
19;243;3;45;13
19;243;3;96;3
19;244;1;13;61
19;244;1;16;1
19;244;1;22;5
19;244;1;96;5
19;244;6;12;1
19;244;6;13;1
19;244;6;96;3
19;244;6;1323;1
19;244;6;1333;22
19;244;6;2299;12
19;244;6;4000;1
19;244;6;4455;1
19;244;6;5555;30
19;244;7;12;1
19;244;7;40;2
19;244;7;45;1
19;244;7;55;1
19;244;7;95;1
19;244;7;96;2
19;244;7;13456;1
19;244;7;40700;1
19;244;7;40777;9
19;244;7;55555;53
19;244;5;95;1
19;244;5;96;26
19;244;5;180;52
19;244;5;222;8
19;244;5;400;52
19;244;5;445;5
19;244;3;13;61
19;244;3;45;7
19;244;3;96;4
19;245;1;13;161
19;245;1;14;1
19;245;1;22;23
19;245;1;55;1
19;245;1;70;3
19;245;1;95;1
19;245;1;96;2
19;245;6;13;2
19;245;6;22;1
19;245;6;40;1
19;245;6;55;2
19;245;6;95;3
19;245;6;96;1
19;245;6;1055;2
19;245;6;1301;1
19;245;6;1323;14
19;245;6;1331;1
19;245;6;1333;1
19;245;6;1555;1
19;245;6;2222;3
19;245;6;2299;62
19;245;6;4000;2
19;245;6;4077;2
19;245;6;4445;1
19;245;6;5050;3
19;245;6;5511;1
19;245;6;5555;88
19;245;7;13;1
19;245;7;18;1
19;245;7;22;1
19;245;7;40;5
19;245;7;55;2
19;245;7;77;1
19;245;7;95;5
19;245;7;96;2
19;245;7;10333;2
19;245;7;13111;1
19;245;7;13123;1
19;245;7;13133;2
19;245;7;13222;2
19;245;7;13234;1
19;245;7;13258;47
19;245;7;13333;1
19;245;7;13444;1
19;245;7;22221;1
19;245;7;22222;1
19;245;7;33900;2
19;245;7;40700;1
19;245;7;40777;13
19;245;7;45000;2
19;245;7;45222;1
19;245;7;50500;1
19;245;7;55333;7
19;245;7;55555;86
19;245;7;55777;1
19;245;5;95;15
19;245;5;96;46
19;245;5;180;106
19;245;5;222;47
19;245;5;300;1
19;245;5;400;122
19;245;5;445;47
19;245;3;13;125
19;245;3;45;57
19;245;3;95;2
19;245;3;96;8
19;246;1;13;55
19;246;1;14;3
19;246;1;22;9
19;246;1;55;1
19;246;1;95;1
19;246;1;96;6
19;246;6;33;1
19;246;6;45;1
19;246;6;95;1
19;246;6;96;2
19;246;6;1055;2
19;246;6;1323;1
19;246;6;1333;1
19;246;6;1555;4
19;246;6;2222;1
19;246;6;2299;3
19;246;6;4444;1
19;246;6;5533;1
19;246;6;5555;56
19;246;7;33;1
19;246;7;40;1
19;246;7;44;1
19;246;7;45;1
19;246;7;55;1
19;246;7;95;1
19;246;7;96;2
19;246;7;10333;2
19;246;7;13333;1
19;246;7;40777;4
19;246;7;55555;60
19;246;5;95;1
19;246;5;96;23
19;246;5;180;55
19;246;5;222;5
19;246;5;400;57
19;246;5;445;9
19;246;3;13;51
19;246;3;45;16
19;246;3;96;8
19;249;1;13;38
19;249;1;22;14
19;249;1;96;2
19;249;6;13;2
19;249;6;55;1
19;249;6;95;1
19;249;6;96;2
19;249;6;1055;2
19;249;6;2222;3
19;249;6;2225;1
19;249;6;2299;6
19;249;6;4000;5
19;249;6;5555;31
19;249;7;40;1
19;249;7;95;1
19;249;7;10333;2
19;249;7;13222;5
19;249;7;13456;3
19;249;7;40700;4
19;249;7;55000;5
19;249;7;55333;2
19;249;7;55555;31
19;249;5;95;1
19;249;5;96;23
19;249;5;180;30
19;249;5;222;11
19;249;5;400;33
19;249;5;445;10
19;249;3;13;31
19;249;3;45;18
19;249;3;96;5
19;254;1;13;134
19;254;1;14;6
19;254;1;22;93
19;254;1;55;1
19;254;1;70;9
19;254;1;95;4
19;254;1;96;4
19;254;6;95;10
19;254;6;96;5
19;254;6;1055;4
19;254;6;1111;1
19;254;6;1233;1
19;254;6;1234;1
19;254;6;1299;1
19;254;6;1301;1
19;254;6;1323;22
19;254;6;1333;5
19;254;6;1399;1
19;254;6;1500;1
19;254;6;1555;2
19;254;6;2200;3
19;254;6;2222;26
19;254;6;2277;4
19;254;6;2299;34
19;254;6;2500;1
19;254;6;3007;1
19;254;6;4000;3
19;254;6;4040;1
19;254;6;4044;1
19;254;6;4433;1
19;254;6;4443;1
19;254;6;4444;1
19;254;6;4445;2
19;254;6;4512;1
19;254;6;5050;2
19;254;6;5555;108
19;254;6;5588;3
19;254;6;7030;1
19;254;6;7700;1
19;254;6;7711;1
19;254;7;13;1
19;254;7;22;1
19;254;7;40;2
19;254;7;44;1
19;254;7;45;1
19;254;7;95;11
19;254;7;96;8
19;254;7;10222;1
19;254;7;10333;4
19;254;7;10444;1
19;254;7;10678;1
19;254;7;11888;1
19;254;7;13013;1
19;254;7;13132;2
19;254;7;13222;12
19;254;7;13258;8
19;254;7;13456;11
19;254;7;15000;1
19;254;7;22022;7
19;254;7;22221;1
19;254;7;22222;7
19;254;7;22345;1
19;254;7;22456;1
19;254;7;22762;3
19;254;7;22777;5
19;254;7;40100;2
19;254;7;40123;1
19;254;7;40700;7
19;254;7;40777;12
19;254;7;44444;1
19;254;7;44447;1
19;254;7;50555;2
19;254;7;55333;18
19;254;7;55555;110
19;254;7;55777;1
19;254;7;55888;3
19;254;5;95;40
19;254;5;96;54
19;254;5;180;97
19;254;5;222;96
19;254;5;300;1
19;254;5;400;110
19;254;5;445;104
19;254;3;13;114
19;254;3;14;1
19;254;3;45;118
19;254;3;95;6
19;254;3;96;12
19;255;1;13;157
19;255;1;14;4
19;255;1;22;112
19;255;1;55;6
19;255;1;70;7
19;255;1;96;7
19;255;6;11;1
19;255;6;13;2
19;255;6;22;3
19;255;6;40;2
19;255;6;44;1
19;255;6;50;1
19;255;6;95;5
19;255;6;96;2
19;255;6;1055;5
19;255;6;1301;2
19;255;6;1323;14
19;255;6;1333;3
19;255;6;1555;4
19;255;6;1800;1
19;255;6;2200;2
19;255;6;2211;1
19;255;6;2222;24
19;255;6;2277;4
19;255;6;2288;3
19;255;6;2299;23
19;255;6;2500;1
19;255;6;2518;1
19;255;6;4000;1
19;255;6;4020;1
19;255;6;4040;6
19;255;6;4077;1
19;255;6;4343;2
19;255;6;4422;2
19;255;6;4444;1
19;255;6;4445;3
19;255;6;4555;3
19;255;6;5050;4
19;255;6;5511;4
19;255;6;5555;158
19;255;6;5588;1
19;255;6;7788;1
19;255;7;13;1
19;255;7;18;1
19;255;7;22;2
19;255;7;40;3
19;255;7;55;4
19;255;7;95;11
19;255;7;96;4
19;255;7;10222;2
19;255;7;10333;2
19;255;7;10478;2
19;255;7;10999;2
19;255;7;13013;2
19;255;7;13123;1
19;255;7;13133;1
19;255;7;13180;1
19;255;7;13222;8
19;255;7;13258;6
19;255;7;13444;6
19;255;7;13456;6
19;255;7;13999;2
19;255;7;22000;2
19;255;7;22190;1
19;255;7;22222;5
19;255;7;22322;1
19;255;7;22345;2
19;255;7;22762;2
19;255;7;22777;5
19;255;7;22888;3
19;255;7;40123;1
19;255;7;40555;1
19;255;7;40700;5
19;255;7;40777;13
19;255;7;44444;1
19;255;7;44447;3
19;255;7;45125;1
19;255;7;45190;1
19;255;7;45222;1
19;255;7;45678;2
19;255;7;45800;2
19;255;7;45999;5
19;255;7;50180;2
19;255;7;50555;2
19;255;7;55000;1
19;255;7;55100;1
19;255;7;55333;10
19;255;7;55555;152
19;255;7;55777;1
19;255;5;95;34
19;255;5;96;36
19;255;5;180;139
19;255;5;222;104
19;255;5;300;3
19;255;5;400;153
19;255;5;445;114
19;255;5;800;3
19;255;3;13;155
19;255;3;45;127
19;255;3;95;5
19;255;3;96;6
19;256;1;13;159
19;256;1;14;2
19;256;1;22;101
19;256;1;55;1
19;256;1;70;1
19;256;1;95;2
19;256;1;96;8
19;256;6;13;1
19;256;6;22;1
19;256;6;23;1
19;256;6;44;1
19;256;6;55;1
19;256;6;95;7
19;256;6;96;2
19;256;6;1010;1
19;256;6;1055;5
19;256;6;1222;1
19;256;6;1301;3
19;256;6;1323;20
19;256;6;1333;6
19;256;6;2200;2
19;256;6;2222;29
19;256;6;2277;2
19;256;6;2288;4
19;256;6;2299;45
19;256;6;4000;3
19;256;6;4040;4
19;256;6;4055;2
19;256;6;4077;1
19;256;6;4343;1
19;256;6;4422;1
19;256;6;4444;2
19;256;6;4445;1
19;256;6;4499;1
19;256;6;4555;3
19;256;6;5077;1
19;256;6;5522;1
19;256;6;5544;2
19;256;6;5555;114
19;256;6;5588;2
19;256;6;7700;1
19;256;6;7711;1
19;256;6;7788;1
19;256;7;13;4
19;256;7;15;1
19;256;7;18;1
19;256;7;22;2
19;256;7;40;4
19;256;7;44;4
19;256;7;45;2
19;256;7;55;2
19;256;7;95;7
19;256;7;96;3
19;256;7;10123;1
19;256;7;10333;6
19;256;7;10444;1
19;256;7;10999;2
19;256;7;13013;1
19;256;7;13222;20
19;256;7;13258;5
19;256;7;13444;2
19;256;7;13456;6
19;256;7;22000;1
19;256;7;22022;3
19;256;7;22221;4
19;256;7;22222;9
19;256;7;22223;1
19;256;7;22444;1
19;256;7;22777;4
19;256;7;22888;3
19;256;7;30192;1
19;256;7;40100;1
19;256;7;40555;1
19;256;7;40700;9
19;256;7;40777;19
19;256;7;40789;6
19;256;7;44444;2
19;256;7;44447;2
19;256;7;45190;1
19;256;7;45777;1
19;256;7;45999;1
19;256;7;50013;1
19;256;7;55333;16
19;256;7;55555;113
19;256;5;95;47
19;256;5;96;57
19;256;5;180;119
19;256;5;222;97
19;256;5;400;125
19;256;5;445;101
19;256;5;800;2
19;256;3;13;130
19;256;3;14;1
19;256;3;45;120
19;256;3;95;8
19;256;3;96;15
19;257;1;13;78
19;257;1;21;1
19;257;1;22;16
19;257;1;55;1
19;257;1;70;2
19;257;1;96;3
19;257;6;12;1
19;257;6;13;1
19;257;6;44;1
19;257;6;1055;3
19;257;6;1234;1
19;257;6;1323;37
19;257;6;2222;1
19;257;6;2266;1
19;257;6;2277;1
19;257;6;2299;13
19;257;6;4077;1
19;257;6;5555;39
19;257;6;7700;1
19;257;7;13;2
19;257;7;40;4
19;257;7;44;1
19;257;7;45;1
19;257;7;96;1
19;257;7;10000;1
19;257;7;10333;2
19;257;7;10444;1
19;257;7;13222;3
19;257;7;13258;1
19;257;7;13456;5
19;257;7;15222;1
19;257;7;22777;1
19;257;7;40777;35
19;257;7;45777;1
19;257;7;55333;10
19;257;7;55555;31
19;257;5;95;3
19;257;5;96;34
19;257;5;180;56
19;257;5;222;22
19;257;5;400;64
19;257;5;445;23
19;257;3;13;62
19;257;3;45;29
19;257;3;96;10
19;258;1;13;22
19;258;1;14;2
19;258;1;22;17
19;258;1;96;3
19;258;6;12;2
19;258;6;1323;6
19;258;6;2222;5
19;258;6;4040;1
19;258;6;4592;1
19;258;6;5555;28
19;258;6;5588;1
19;258;7;12;1
19;258;7;22;1
19;258;7;45;1
19;258;7;55;2
19;258;7;96;1
19;258;7;13444;1
19;258;7;22222;2
19;258;7;40777;5
19;258;7;55333;1
19;258;7;55555;29
19;258;5;95;2
19;258;5;96;19
19;258;5;180;18
19;258;5;222;13
19;258;5;400;21
19;258;5;445;15
19;258;3;13;18
19;258;3;45;17
19;258;3;95;1
19;258;3;96;8
19;259;1;13;63
19;259;1;22;3
19;259;1;55;1
19;259;1;70;1
19;259;1;95;2
19;259;6;12;1
19;259;6;95;2
19;259;6;1055;2
19;259;6;1322;1
19;259;6;1323;6
19;259;6;1333;1
19;259;6;1555;1
19;259;6;2211;1
19;259;6;2299;4
19;259;6;4000;1
19;259;6;5555;50
19;259;7;18;2
19;259;7;55;1
19;259;7;95;2
19;259;7;10333;3
19;259;7;13456;13
19;259;7;40000;1
19;259;7;40700;1
19;259;7;40777;3
19;259;7;45777;1
19;259;7;55000;1
19;259;7;55555;42
19;259;5;95;3
19;259;5;96;12
19;259;5;180;52
19;259;5;222;5
19;259;5;400;58
19;259;5;445;10
19;259;3;13;58
19;259;3;45;9
19;259;3;95;1
19;259;3;96;2
19;260;1;13;155
19;260;1;14;5
19;260;1;22;116
19;260;1;55;3
19;260;1;70;3
19;260;1;95;5
19;260;1;96;5
19;260;6;10;1
19;260;6;11;1
19;260;6;12;2
19;260;6;13;1
19;260;6;18;1
19;260;6;95;7
19;260;6;96;4
19;260;6;1022;1
19;260;6;1055;12
19;260;6;1222;1
19;260;6;1234;1
19;260;6;1301;2
19;260;6;1322;1
19;260;6;1323;20
19;260;6;1333;11
19;260;6;1555;4
19;260;6;2200;1
19;260;6;2222;23
19;260;6;2277;5
19;260;6;2288;1
19;260;6;2299;27
19;260;6;2333;1
19;260;6;2589;1
19;260;6;4000;2
19;260;6;4001;1
19;260;6;4040;5
19;260;6;4343;3
19;260;6;4444;1
19;260;6;4445;1
19;260;6;4490;1
19;260;6;4555;3
19;260;6;5050;1
19;260;6;5533;1
19;260;6;5555;143
19;260;6;5588;1
19;260;7;18;1
19;260;7;22;2
19;260;7;40;3
19;260;7;45;2
19;260;7;95;11
19;260;7;96;7
19;260;7;10333;11
19;260;7;10999;1
19;260;7;13013;1
19;260;7;13123;1
19;260;7;13222;12
19;260;7;13258;6
19;260;7;13333;1
19;260;7;13444;4
19;260;7;13456;3
19;260;7;13777;1
19;260;7;13789;2
19;260;7;15333;2
19;260;7;22000;2
19;260;7;22190;1
19;260;7;22221;6
19;260;7;22222;13
19;260;7;22345;1
19;260;7;22777;6
19;260;7;22888;1
19;260;7;40444;1
19;260;7;40700;4
19;260;7;40777;19
19;260;7;44444;2
19;260;7;44447;1
19;260;7;45777;1
19;260;7;45888;1
19;260;7;45999;2
19;260;7;50013;1
19;260;7;55333;16
19;260;7;55555;143
19;260;5;95;35
19;260;5;96;52
19;260;5;180;132
19;260;5;222;106
19;260;5;300;1
19;260;5;400;138
19;260;5;445;119
19;260;5;800;1
19;260;3;13;140
19;260;3;45;129
19;260;3;95;9
19;260;3;96;14
19;261;1;13;133
19;261;1;14;5
19;261;1;22;106
19;261;1;55;1
19;261;1;70;4
19;261;1;95;3
19;261;1;96;5
19;261;6;12;1
19;261;6;13;2
19;261;6;18;1
19;261;6;22;1
19;261;6;25;1
19;261;6;55;1
19;261;6;95;6
19;261;6;96;7
19;261;6;1010;3
19;261;6;1055;6
19;261;6;1234;1
19;261;6;1301;1
19;261;6;1313;1
19;261;6;1322;1
19;261;6;1323;23
19;261;6;1331;1
19;261;6;1333;2
19;261;6;1467;1
19;261;6;1555;3
19;261;6;2220;1
19;261;6;2222;18
19;261;6;2266;1
19;261;6;2277;2
19;261;6;2288;1
19;261;6;2299;38
19;261;6;4040;1
19;261;6;4055;1
19;261;6;4077;1
19;261;6;4343;2
19;261;6;4422;2
19;261;6;4444;1
19;261;6;4545;1
19;261;6;4555;4
19;261;6;5050;1
19;261;6;5511;1
19;261;6;5533;1
19;261;6;5555;112
19;261;6;5588;3
19;261;6;7788;1
19;261;6;8088;1
19;261;7;12;2
19;261;7;18;1
19;261;7;22;4
19;261;7;40;3
19;261;7;44;2
19;261;7;55;4
19;261;7;95;11
19;261;7;96;6
19;261;7;10123;3
19;261;7;10222;1
19;261;7;10333;5
19;261;7;10999;1
19;261;7;13013;3
19;261;7;13132;1
19;261;7;13222;16
19;261;7;13258;7
19;261;7;13444;1
19;261;7;13456;2
19;261;7;13700;1
19;261;7;22001;1
19;261;7;22022;3
19;261;7;22221;1
19;261;7;22222;12
19;261;7;22322;1
19;261;7;22345;2
19;261;7;22777;3
19;261;7;22888;1
19;261;7;40444;1
19;261;7;40700;10
19;261;7;40777;20
19;261;7;40789;2
19;261;7;45455;1
19;261;7;45678;1
19;261;7;45777;1
19;261;7;45999;3
19;261;7;50013;1
19;261;7;50555;1
19;261;7;55000;1
19;261;7;55333;10
19;261;7;55555;107
19;261;5;95;41
19;261;5;96;51
19;261;5;180;108
19;261;5;222;92
19;261;5;300;1
19;261;5;400;118
19;261;5;445;101
19;261;5;800;2
19;261;3;13;118
19;261;3;14;2
19;261;3;45;118
19;261;3;95;7
19;261;3;96;12
19;262;1;13;114
19;262;1;14;1
19;262;1;22;26
19;262;1;70;3
19;262;1;95;1
19;262;1;96;9
19;262;6;12;1
19;262;6;95;3
19;262;6;96;4
19;262;6;1010;1
19;262;6;1055;1
19;262;6;1301;1
19;262;6;1322;2
19;262;6;1323;18
19;262;6;1333;1
19;262;6;1555;2
19;262;6;2200;1
19;262;6;2222;2
19;262;6;2299;6
19;262;6;4000;2
19;262;6;4001;1
19;262;6;4077;1
19;262;6;4343;2
19;262;6;4422;2
19;262;6;4444;4
19;262;6;4445;1
19;262;6;4500;1
19;262;6;5522;1
19;262;6;5555;95
19;262;6;7788;1
19;262;7;12;1
19;262;7;13;4
19;262;7;15;1
19;262;7;18;1
19;262;7;40;4
19;262;7;45;1
19;262;7;95;4
19;262;7;96;4
19;262;7;10007;1
19;262;7;10123;1
19;262;7;10333;1
19;262;7;10999;2
19;262;7;13013;1
19;262;7;13133;1
19;262;7;13222;5
19;262;7;13258;1
19;262;7;13456;7
19;262;7;22022;1
19;262;7;22222;2
19;262;7;22345;2
19;262;7;22422;1
19;262;7;40700;4
19;262;7;40777;12
19;262;7;44444;1
19;262;7;44447;2
19;262;7;55333;6
19;262;7;55555;82
19;262;7;77888;1
19;262;5;95;8
19;262;5;96;61
19;262;5;180;95
19;262;5;222;20
19;262;5;300;1
19;262;5;400;101
19;262;5;445;22
19;262;3;13;102
19;262;3;14;2
19;262;3;45;31
19;262;3;95;3
19;262;3;96;16
19;263;1;13;84
19;263;1;14;3
19;263;1;22;16
19;263;1;35;1
19;263;1;70;1
19;263;1;95;1
19;263;1;96;1
19;263;6;11;1
19;263;6;13;1
19;263;6;55;1
19;263;6;95;4
19;263;6;1022;1
19;263;6;1055;7
19;263;6;1323;13
19;263;6;1331;1
19;263;6;1333;35
19;263;6;2222;4
19;263;6;2277;2
19;263;6;2299;11
19;263;6;4343;1
19;263;6;5555;21
19;263;6;5588;4
19;263;7;12;1
19;263;7;13;1
19;263;7;40;1
19;263;7;44;1
19;263;7;45;1
19;263;7;55;1
19;263;7;95;2
19;263;7;96;2
19;263;7;10333;3
19;263;7;10999;1
19;263;7;13222;10
19;263;7;13456;12
19;263;7;15333;2
19;263;7;22000;3
19;263;7;22222;1
19;263;7;22762;1
19;263;7;40777;2
19;263;7;55000;1
19;263;7;55333;4
19;263;7;55555;57
19;263;5;95;11
19;263;5;96;28
19;263;5;180;80
19;263;5;222;7
19;263;5;400;81
19;263;5;445;6
19;263;5;800;1
19;263;3;13;78
19;263;3;45;20
19;263;3;95;1
19;263;3;96;8
19;264;1;13;137
19;264;1;14;1
19;264;1;22;105
19;264;1;30;1
19;264;1;55;1
19;264;1;70;5
19;264;1;95;2
19;264;1;96;17
19;264;6;13;3
19;264;6;23;1
19;264;6;25;1
19;264;6;33;1
19;264;6;55;4
19;264;6;77;2
19;264;6;95;7
19;264;6;96;6
19;264;6;1010;3
19;264;6;1055;4
19;264;6;1301;4
19;264;6;1322;1
19;264;6;1323;30
19;264;6;1331;2
19;264;6;1333;3
19;264;6;1555;1
19;264;6;2222;20
19;264;6;2266;1
19;264;6;2277;8
19;264;6;2299;44
19;264;6;2500;1
19;264;6;2777;1
19;264;6;4000;2
19;264;6;4040;2
19;264;6;4055;1
19;264;6;4343;3
19;264;6;4444;1
19;264;6;4445;3
19;264;6;4555;1
19;264;6;5511;2
19;264;6;5544;1
19;264;6;5555;101
19;264;6;5588;2
19;264;6;7700;1
19;264;6;7788;1
19;264;7;13;2
19;264;7;18;3
19;264;7;22;2
19;264;7;40;7
19;264;7;44;3
19;264;7;55;5
19;264;7;77;1
19;264;7;95;5
19;264;7;96;11
19;264;7;10123;3
19;264;7;10333;2
19;264;7;10444;1
19;264;7;10999;2
19;264;7;12345;1
19;264;7;13013;2
19;264;7;13222;13
19;264;7;13258;10
19;264;7;13444;2
19;264;7;13456;6
19;264;7;22000;4
19;264;7;22022;3
19;264;7;22221;1
19;264;7;22222;7
19;264;7;22322;3
19;264;7;22762;1
19;264;7;22777;9
19;264;7;40100;2
19;264;7;40333;1
19;264;7;40700;2
19;264;7;40777;23
19;264;7;40789;1
19;264;7;44456;1
19;264;7;45777;5
19;264;7;50555;1
19;264;7;55000;2
19;264;7;55333;22
19;264;7;55555;99
19;264;7;77888;1
19;264;5;95;32
19;264;5;96;72
19;264;5;180;112
19;264;5;222;96
19;264;5;400;125
19;264;5;445;101
19;264;3;13;128
19;264;3;30;1
19;264;3;45;110
19;264;3;95;6
19;264;3;96;24
19;265;1;13;153
19;265;1;14;2
19;265;1;22;90
19;265;1;55;3
19;265;1;70;6
19;265;1;95;5
19;265;1;96;10
19;265;6;11;1
19;265;6;12;2
19;265;6;13;1
19;265;6;95;9
19;265;6;96;6
19;265;6;1010;4
19;265;6;1055;4
19;265;6;1111;1
19;265;6;1301;2
19;265;6;1322;1
19;265;6;1323;27
19;265;6;1333;1
19;265;6;1515;1
19;265;6;1533;1
19;265;6;1555;2
19;265;6;2200;1
19;265;6;2222;19
19;265;6;2255;1
19;265;6;2277;7
19;265;6;2299;37
19;265;6;4040;3
19;265;6;4055;1
19;265;6;4077;1
19;265;6;4343;1
19;265;6;4422;1
19;265;6;4555;1
19;265;6;5077;1
19;265;6;5511;4
19;265;6;5533;1
19;265;6;5555;118
19;265;6;5588;7
19;265;6;7700;2
19;265;7;11;1
19;265;7;12;1
19;265;7;13;1
19;265;7;18;2
19;265;7;22;2
19;265;7;30;1
19;265;7;40;2
19;265;7;44;1
19;265;7;45;1
19;265;7;55;2
19;265;7;95;11
19;265;7;96;10
19;265;7;10123;2
19;265;7;10333;4
19;265;7;10444;1
19;265;7;11111;1
19;265;7;11888;1
19;265;7;13000;1
19;265;7;13013;3
19;265;7;13222;14
19;265;7;13258;10
19;265;7;13444;4
19;265;7;13456;2
19;265;7;13777;2
19;265;7;13888;1
19;265;7;15333;1
19;265;7;22022;4
19;265;7;22190;1
19;265;7;22221;2
19;265;7;22222;1
19;265;7;22223;2
19;265;7;22322;2
19;265;7;22345;1
19;265;7;22777;7
19;265;7;30192;1
19;265;7;33123;1
19;265;7;40055;1
19;265;7;40700;4
19;265;7;40777;25
19;265;7;40789;1
19;265;7;45123;1
19;265;7;45999;1
19;265;7;50013;1
19;265;7;50555;1
19;265;7;55000;6
19;265;7;55024;1
19;265;7;55333;10
19;265;7;55555;111
19;265;7;55888;1
19;265;7;77123;1
19;265;5;95;40
19;265;5;96;65
19;265;5;162;1
19;265;5;180;123
19;265;5;222;82
19;265;5;300;1
19;265;5;400;138
19;265;5;445;88
19;265;3;13;127
19;265;3;30;1
19;265;3;45;113
19;265;3;95;8
19;265;3;96;20
19;266;1;13;145
19;266;1;14;4
19;266;1;22;84
19;266;1;55;2
19;266;1;70;8
19;266;1;95;2
19;266;1;96;16
19;266;6;13;2
19;266;6;22;1
19;266;6;33;1
19;266;6;55;3
19;266;6;95;7
19;266;6;96;9
19;266;6;1055;4
19;266;6;1111;1
19;266;6;1301;2
19;266;6;1323;26
19;266;6;1333;2
19;266;6;1555;3
19;266;6;2200;1
19;266;6;2222;17
19;266;6;2244;1
19;266;6;2277;3
19;266;6;2288;2
19;266;6;2299;49
19;266;6;4000;1
19;266;6;4040;1
19;266;6;4055;2
19;266;6;4077;1
19;266;6;4343;2
19;266;6;4422;3
19;266;6;4444;2
19;266;6;5050;1
19;266;6;5055;1
19;266;6;5511;4
19;266;6;5533;1
19;266;6;5544;1
19;266;6;5555;105
19;266;6;7700;1
19;266;6;7788;1
19;266;7;13;2
19;266;7;18;1
19;266;7;22;3
19;266;7;40;4
19;266;7;43;1
19;266;7;44;1
19;266;7;45;1
19;266;7;55;6
19;266;7;95;5
19;266;7;96;9
19;266;7;10222;2
19;266;7;10333;3
19;266;7;10999;2
19;266;7;13123;1
19;266;7;13222;25
19;266;7;13258;5
19;266;7;13444;1
19;266;7;13456;1
19;266;7;22000;1
19;266;7;22022;4
19;266;7;22190;1
19;266;7;22221;2
19;266;7;22222;3
19;266;7;22345;2
19;266;7;22444;1
19;266;7;22555;1
19;266;7;22762;1
19;266;7;22777;2
19;266;7;22888;1
19;266;7;40100;1
19;266;7;40700;5
19;266;7;40777;26
19;266;7;40789;1
19;266;7;44444;2
19;266;7;44447;1
19;266;7;45111;1
19;266;7;45190;1
19;266;7;45777;1
19;266;7;45888;1
19;266;7;50000;1
19;266;7;50555;1
19;266;7;55000;4
19;266;7;55333;20
19;266;7;55555;103
19;266;5;95;27
19;266;5;96;88
19;266;5;180;116
19;266;5;222;78
19;266;5;400;131
19;266;5;445;82
19;266;3;13;126
19;266;3;14;3
19;266;3;45;101
19;266;3;95;5
19;266;3;96;26
19;267;1;13;117
19;267;1;14;6
19;267;1;22;112
19;267;1;55;3
19;267;1;70;4
19;267;1;95;2
19;267;1;96;10
19;267;6;13;2
19;267;6;22;1
19;267;6;40;1
19;267;6;45;2
19;267;6;95;5
19;267;6;96;10
19;267;6;1010;2
19;267;6;1055;10
19;267;6;1111;2
19;267;6;1301;1
19;267;6;1323;23
19;267;6;1333;2
19;267;6;1414;1
19;267;6;1467;1
19;267;6;1515;1
19;267;6;1555;4
19;267;6;2200;4
19;267;6;2222;22
19;267;6;2244;1
19;267;6;2277;3
19;267;6;2278;1
19;267;6;2288;1
19;267;6;2299;31
19;267;6;4000;1
19;267;6;4040;6
19;267;6;4077;1
19;267;6;4343;3
19;267;6;4422;1
19;267;6;4444;1
19;267;6;4445;2
19;267;6;4455;1
19;267;6;4555;2
19;267;6;5050;1
19;267;6;5511;1
19;267;6;5555;98
19;267;6;5588;3
19;267;6;7700;1
19;267;6;7711;1
19;267;7;12;1
19;267;7;13;1
19;267;7;22;2
19;267;7;40;3
19;267;7;43;1
19;267;7;44;1
19;267;7;45;2
19;267;7;95;9
19;267;7;96;10
19;267;7;10123;2
19;267;7;10222;3
19;267;7;10333;7
19;267;7;10444;3
19;267;7;10999;2
19;267;7;11111;2
19;267;7;11888;1
19;267;7;13013;1
19;267;7;13111;1
19;267;7;13113;2
19;267;7;13132;1
19;267;7;13222;13
19;267;7;13258;6
19;267;7;13333;2
19;267;7;13444;5
19;267;7;13456;4
19;267;7;13999;1
19;267;7;15222;1
19;267;7;22000;1
19;267;7;22022;6
19;267;7;22190;2
19;267;7;22221;2
19;267;7;22222;8
19;267;7;22322;1
19;267;7;22345;1
19;267;7;22762;3
19;267;7;22777;2
19;267;7;25555;1
19;267;7;33333;1
19;267;7;40123;1
19;267;7;40700;10
19;267;7;40777;22
19;267;7;40789;1
19;267;7;44444;1
19;267;7;45777;1
19;267;7;55000;1
19;267;7;55333;16
19;267;7;55555;84
19;267;7;55888;2
19;267;5;95;33
19;267;5;96;67
19;267;5;180;96
19;267;5;222;101
19;267;5;400;107
19;267;5;445;103
19;267;5;800;1
19;267;3;13;108
19;267;3;45;122
19;267;3;95;5
19;267;3;96;19
19;268;1;13;129
19;268;1;14;10
19;268;1;22;112
19;268;1;55;4
19;268;1;70;5
19;268;1;95;5
19;268;1;96;10
19;268;6;11;1
19;268;6;12;1
19;268;6;13;2
19;268;6;55;2
19;268;6;65;1
19;268;6;95;9
19;268;6;96;6
19;268;6;1010;1
19;268;6;1055;5
19;268;6;1301;4
19;268;6;1323;9
19;268;6;1333;3
19;268;6;1520;1
19;268;6;1555;5
19;268;6;2200;3
19;268;6;2222;27
19;268;6;2277;6
19;268;6;2288;2
19;268;6;2299;29
19;268;6;2500;1
19;268;6;4000;3
19;268;6;4040;4
19;268;6;4422;2
19;268;6;4444;1
19;268;6;4445;3
19;268;6;4490;1
19;268;6;4555;1
19;268;6;5050;1
19;268;6;5077;1
19;268;6;5555;135
19;268;6;5588;5
19;268;7;12;1
19;268;7;13;2
19;268;7;22;1
19;268;7;40;2
19;268;7;45;1
19;268;7;55;3
19;268;7;65;1
19;268;7;95;12
19;268;7;96;8
19;268;7;10000;1
19;268;7;10123;1
19;268;7;10222;1
19;268;7;10333;2
19;268;7;13131;1
19;268;7;13222;14
19;268;7;13258;7
19;268;7;13444;4
19;268;7;13456;6
19;268;7;13777;1
19;268;7;22000;4
19;268;7;22022;3
19;268;7;22221;6
19;268;7;22222;7
19;268;7;22322;1
19;268;7;22345;1
19;268;7;22762;1
19;268;7;22777;8
19;268;7;22888;1
19;268;7;40114;1
19;268;7;40456;1
19;268;7;40700;5
19;268;7;40777;11
19;268;7;44222;1
19;268;7;44444;3
19;268;7;45125;1
19;268;7;45190;5
19;268;7;50013;1
19;268;7;50123;1
19;268;7;50555;1
19;268;7;55333;13
19;268;7;55555;130
19;268;5;95;49
19;268;5;96;51
19;268;5;180;116
19;268;5;222;95
19;268;5;300;1
19;268;5;400;131
19;268;5;445;106
19;268;5;800;1
19;268;3;13;125
19;268;3;45;129
19;268;3;95;10
19;268;3;96;11
19;269;1;13;168
19;269;1;14;4
19;269;1;22;76
19;269;1;55;2
19;269;1;70;5
19;269;1;95;2
19;269;1;96;5
19;269;6;13;3
19;269;6;14;1
19;269;6;22;1
19;269;6;40;1
19;269;6;55;1
19;269;6;95;2
19;269;6;96;5
19;269;6;1010;1
19;269;6;1055;5
19;269;6;1323;7
19;269;6;1333;18
19;269;6;1555;1
19;269;6;2222;15
19;269;6;2299;35
19;269;6;4040;5
19;269;6;4400;1
19;269;6;4555;1
19;269;6;5511;2
19;269;6;5555;155
19;269;6;5588;1
19;269;6;7788;1
19;269;7;13;2
19;269;7;22;1
19;269;7;40;4
19;269;7;44;1
19;269;7;55;1
19;269;7;95;4
19;269;7;96;5
19;269;7;10123;1
19;269;7;10222;2
19;269;7;10999;1
19;269;7;13013;1
19;269;7;13222;28
19;269;7;13258;1
19;269;7;13333;1
19;269;7;13444;3
19;269;7;22022;4
19;269;7;22190;1
19;269;7;22221;1
19;269;7;22222;7
19;269;7;22777;1
19;269;7;40700;1
19;269;7;40777;11
19;269;7;45123;1
19;269;7;45777;1
19;269;7;50555;1
19;269;7;55333;13
19;269;7;55555;164
19;269;5;95;17
19;269;5;96;50
19;269;5;180;159
19;269;5;222;59
19;269;5;400;170
19;269;5;445;68
19;269;5;800;1
19;269;3;13;145
19;269;3;14;1
19;269;3;45;93
19;269;3;95;4
19;269;3;96;19
19;270;1;13;158
19;270;1;14;1
19;270;1;22;83
19;270;1;55;1
19;270;1;70;8
19;270;1;95;7
19;270;1;96;5
19;270;6;12;1
19;270;6;13;1
19;270;6;22;2
19;270;6;95;11
19;270;6;96;5
19;270;6;1010;2
19;270;6;1055;4
19;270;6;1234;1
19;270;6;1301;1
19;270;6;1322;1
19;270;6;1323;22
19;270;6;1555;3
19;270;6;2200;1
19;270;6;2222;18
19;270;6;2233;1
19;270;6;2277;5
19;270;6;2288;2
19;270;6;2299;49
19;270;6;2333;1
19;270;6;2555;1
19;270;6;2589;1
19;270;6;4000;2
19;270;6;4040;6
19;270;6;4077;1
19;270;6;4343;1
19;270;6;4444;2
19;270;6;4555;3
19;270;6;5050;2
19;270;6;5533;1
19;270;6;5555;111
19;270;6;5588;1
19;270;7;18;2
19;270;7;22;1
19;270;7;30;1
19;270;7;40;2
19;270;7;44;2
19;270;7;45;2
19;270;7;55;2
19;270;7;95;13
19;270;7;96;8
19;270;7;10123;2
19;270;7;10222;1
19;270;7;10333;2
19;270;7;13013;1
19;270;7;13222;33
19;270;7;13234;1
19;270;7;13258;10
19;270;7;13444;4
19;270;7;13456;2
19;270;7;13700;1
19;270;7;13888;1
19;270;7;15333;1
19;270;7;22000;3
19;270;7;22022;6
19;270;7;22190;2
19;270;7;22222;3
19;270;7;22322;1
19;270;7;22762;1
19;270;7;22777;5
19;270;7;22888;1
19;270;7;40100;1
19;270;7;40700;14
19;270;7;40777;21
19;270;7;40789;1
19;270;7;44444;1
19;270;7;44447;1
19;270;7;45555;1
19;270;7;45633;1
19;270;7;45777;1
19;270;7;50555;3
19;270;7;55000;1
19;270;7;55333;16
19;270;7;55555;87
19;270;5;95;59
19;270;5;96;46
19;270;5;180;122
19;270;5;222;77
19;270;5;290;1
19;270;5;300;2
19;270;5;400;135
19;270;5;445;83
19;270;5;800;1
19;270;3;13;126
19;270;3;45;114
19;270;3;95;6
19;270;3;96;17
19;271;1;13;142
19;271;1;14;4
19;271;1;22;83
19;271;1;55;2
19;271;1;70;6
19;271;1;95;4
19;271;1;96;11
19;271;6;13;3
19;271;6;22;1
19;271;6;40;1
19;271;6;45;1
19;271;6;95;10
19;271;6;96;8
19;271;6;1010;1
19;271;6;1055;4
19;271;6;1234;1
19;271;6;1301;2
19;271;6;1313;1
19;271;6;1323;23
19;271;6;1333;1
19;271;6;1515;1
19;271;6;1520;1
19;271;6;1544;1
19;271;6;1555;1
19;271;6;2200;2
19;271;6;2222;15
19;271;6;2233;1
19;271;6;2277;4
19;271;6;2288;1
19;271;6;2299;39
19;271;6;2333;2
19;271;6;4040;6
19;271;6;4055;1
19;271;6;4343;1
19;271;6;4422;2
19;271;6;4444;1
19;271;6;4445;1
19;271;6;4545;1
19;271;6;5511;3
19;271;6;5544;1
19;271;6;5555;106
19;271;6;5588;3
19;271;6;7700;1
19;271;7;10;1
19;271;7;12;1
19;271;7;13;3
19;271;7;18;3
19;271;7;22;6
19;271;7;40;6
19;271;7;55;3
19;271;7;95;11
19;271;7;96;10
19;271;7;10123;1
19;271;7;10222;1
19;271;7;10333;6
19;271;7;10444;1
19;271;7;10999;1
19;271;7;11888;4
19;271;7;13222;15
19;271;7;13258;7
19;271;7;13444;5
19;271;7;13456;5
19;271;7;15222;1
19;271;7;15333;1
19;271;7;22000;3
19;271;7;22022;2
19;271;7;22222;3
19;271;7;22762;2
19;271;7;22777;9
19;271;7;40700;4
19;271;7;40777;17
19;271;7;40789;1
19;271;7;44447;2
19;271;7;45123;1
19;271;7;45800;1
19;271;7;45999;1
19;271;7;50555;1
19;271;7;55000;1
19;271;7;55333;13
19;271;7;55555;96
19;271;7;55777;2
19;271;7;77123;1
19;271;5;95;40
19;271;5;96;64
19;271;5;180;111
19;271;5;222;84
19;271;5;400;123
19;271;5;445;82
19;271;3;13;117
19;271;3;35;1
19;271;3;45;110
19;271;3;95;6
19;271;3;96;18
19;272;1;13;129
19;272;1;14;6
19;272;1;22;90
19;272;1;70;3
19;272;1;95;2
19;272;1;96;13
19;272;6;12;1
19;272;6;13;1
19;272;6;14;1
19;272;6;22;2
19;272;6;44;1
19;272;6;95;9
19;272;6;96;6
19;272;6;1010;3
19;272;6;1055;6
19;272;6;1301;2
19;272;6;1323;16
19;272;6;1331;2
19;272;6;1333;1
19;272;6;1400;1
19;272;6;1414;1
19;272;6;1555;3
19;272;6;1800;1
19;272;6;2200;2
19;272;6;2222;19
19;272;6;2277;4
19;272;6;2299;31
19;272;6;2525;1
19;272;6;4040;2
19;272;6;4077;1
19;272;6;4343;1
19;272;6;4455;1
19;272;6;4490;1
19;272;6;4555;2
19;272;6;5050;4
19;272;6;5511;1
19;272;6;5522;1
19;272;6;5555;113
19;272;6;5588;1
19;272;6;7711;1
19;272;7;10;1
19;272;7;13;3
19;272;7;18;1
19;272;7;22;3
19;272;7;23;1
19;272;7;40;3
19;272;7;44;1
19;272;7;55;1
19;272;7;95;10
19;272;7;96;7
19;272;7;10007;1
19;272;7;10123;2
19;272;7;10333;3
19;272;7;10999;1
19;272;7;11888;1
19;272;7;13013;1
19;272;7;13111;1
19;272;7;13123;1
19;272;7;13222;11
19;272;7;13258;3
19;272;7;13444;2
19;272;7;13456;2
19;272;7;13777;1
19;272;7;22000;3
19;272;7;22022;2
19;272;7;22190;1
19;272;7;22221;1
19;272;7;22222;5
19;272;7;22223;1
19;272;7;22322;1
19;272;7;22777;4
19;272;7;22888;2
19;272;7;40100;1
19;272;7;40333;1
19;272;7;40555;1
19;272;7;40700;11
19;272;7;40777;16
19;272;7;40789;1
19;272;7;43143;1
19;272;7;44447;1
19;272;7;44456;1
19;272;7;45777;1
19;272;7;45789;1
19;272;7;45999;3
19;272;7;50555;2
19;272;7;55100;2
19;272;7;55111;1
19;272;7;55333;15
19;272;7;55555;103
19;272;5;95;42
19;272;5;96;50
19;272;5;180;104
19;272;5;222;86
19;272;5;290;1
19;272;5;300;3
19;272;5;400;114
19;272;5;445;84
19;272;5;800;2
19;272;3;13;114
19;272;3;45;103
19;272;3;95;8
19;272;3;96;18
19;273;1;13;67
19;273;1;14;1
19;273;1;22;38
19;273;1;55;1
19;273;1;70;4
19;273;1;95;5
19;273;1;96;3
19;273;6;22;1
19;273;6;95;5
19;273;6;96;1
19;273;6;1055;4
19;273;6;1301;1
19;273;6;1323;9
19;273;6;1399;2
19;273;6;1555;1
19;273;6;2222;7
19;273;6;2299;54
19;273;6;4055;3
19;273;6;5050;1
19;273;6;5533;1
19;273;6;5555;29
19;273;7;13;1
19;273;7;22;3
19;273;7;40;2
19;273;7;55;2
19;273;7;95;5
19;273;7;96;1
19;273;7;10333;1
19;273;7;13222;1
19;273;7;13234;1
19;273;7;13258;5
19;273;7;13456;1
19;273;7;22221;1
19;273;7;22222;3
19;273;7;40555;2
19;273;7;40700;2
19;273;7;40777;8
19;273;7;45000;1
19;273;7;55333;52
19;273;7;55555;27
19;273;5;95;16
19;273;5;96;28
19;273;5;180;43
19;273;5;222;53
19;273;5;400;43
19;273;5;445;54
19;273;5;800;1
19;273;3;13;44
19;273;3;45;61
19;273;3;95;6
19;273;3;96;8
19;274;1;13;134
19;274;1;14;5
19;274;1;22;81
19;274;1;55;3
19;274;1;70;3
19;274;1;95;6
19;274;1;96;16
19;274;6;12;2
19;274;6;13;2
19;274;6;40;1
19;274;6;95;8
19;274;6;96;5
19;274;6;1055;8
19;274;6;1234;1
19;274;6;1322;1
19;274;6;1323;18
19;274;6;1331;1
19;274;6;1333;2
19;274;6;1555;1
19;274;6;2200;3
19;274;6;2222;26
19;274;6;2277;3
19;274;6;2288;1
19;274;6;2299;25
19;274;6;4000;1
19;274;6;4040;3
19;274;6;4077;2
19;274;6;4343;2
19;274;6;4422;4
19;274;6;4444;2
19;274;6;4445;1
19;274;6;4490;1
19;274;6;4545;1
19;274;6;4555;1
19;274;6;5050;1
19;274;6;5555;115
19;274;6;5588;3
19;274;6;6565;1
19;274;6;7700;1
19;274;6;7711;1
19;274;7;12;1
19;274;7;13;3
19;274;7;18;2
19;274;7;22;2
19;274;7;40;5
19;274;7;44;4
19;274;7;55;4
19;274;7;77;1
19;274;7;95;6
19;274;7;96;9
19;274;7;10222;1
19;274;7;10333;5
19;274;7;10444;1
19;274;7;10999;1
19;274;7;11888;1
19;274;7;13113;1
19;274;7;13132;1
19;274;7;13222;12
19;274;7;13258;7
19;274;7;13333;1
19;274;7;13444;2
19;274;7;13456;4
19;274;7;13777;1
19;274;7;15333;1
19;274;7;15555;1
19;274;7;22022;8
19;274;7;22190;1
19;274;7;22222;9
19;274;7;22762;1
19;274;7;22777;7
19;274;7;22888;1
19;274;7;40000;1
19;274;7;40700;4
19;274;7;40777;14
19;274;7;44444;2
19;274;7;45190;1
19;274;7;45222;1
19;274;7;45777;1
19;274;7;45999;1
19;274;7;50180;1
19;274;7;55333;13
19;274;7;55555;104
19;274;7;65656;1
19;274;5;95;28
19;274;5;96;73
19;274;5;180;104
19;274;5;222;78
19;274;5;300;1
19;274;5;400;119
19;274;5;445;92
19;274;5;800;1
19;274;3;13;117
19;274;3;45;104
19;274;3;95;6
19;274;3;96;21
19;275;1;13;152
19;275;1;14;1
19;275;1;22;79
19;275;1;55;1
19;275;1;70;3
19;275;1;95;6
19;275;1;96;8
19;275;6;12;2
19;275;6;13;4
19;275;6;14;1
19;275;6;18;1
19;275;6;22;4
19;275;6;40;1
19;275;6;44;3
19;275;6;55;1
19;275;6;95;9
19;275;6;96;4
19;275;6;1010;2
19;275;6;1055;7
19;275;6;1299;1
19;275;6;1301;1
19;275;6;1322;2
19;275;6;1323;23
19;275;6;1331;1
19;275;6;1333;1
19;275;6;1555;2
19;275;6;2200;5
19;275;6;2222;13
19;275;6;2266;2
19;275;6;2277;4
19;275;6;2288;2
19;275;6;2299;43
19;275;6;4000;1
19;275;6;4040;1
19;275;6;4077;2
19;275;6;4343;3
19;275;6;4555;1
19;275;6;5050;1
19;275;6;5511;2
19;275;6;5555;99
19;275;6;5588;1
19;275;7;12;1
19;275;7;13;1
19;275;7;18;2
19;275;7;22;2
19;275;7;23;1
19;275;7;40;6
19;275;7;44;5
19;275;7;55;1
19;275;7;95;12
19;275;7;96;6
19;275;7;10123;2
19;275;7;10333;2
19;275;7;10999;2
19;275;7;13000;1
19;275;7;13013;1
19;275;7;13111;1
19;275;7;13222;27
19;275;7;13234;1
19;275;7;13258;10
19;275;7;13444;1
19;275;7;15333;2
19;275;7;22000;8
19;275;7;22022;4
19;275;7;22221;2
19;275;7;22222;6
19;275;7;22322;1
19;275;7;22345;2
19;275;7;22777;3
19;275;7;22888;2
19;275;7;40700;5
19;275;7;40777;18
19;275;7;44444;1
19;275;7;44447;1
19;275;7;50555;1
19;275;7;55000;1
19;275;7;55333;21
19;275;7;55555;87
19;275;5;95;43
19;275;5;96;68
19;275;5;180;119
19;275;5;222;68
19;275;5;300;2
19;275;5;400;128
19;275;5;445;71
19;275;5;800;1
19;275;3;13;127
19;275;3;14;2
19;275;3;45;94
19;275;3;95;9
19;275;3;96;18
19;407;1;13;159
19;407;1;14;2
19;407;1;22;79
19;407;1;55;1
19;407;1;70;6
19;407;1;95;1
19;407;1;96;13
19;407;6;12;1
19;407;6;22;1
19;407;6;45;1
19;407;6;55;2
19;407;6;95;8
19;407;6;96;15
19;407;6;1010;1
19;407;6;1055;4
19;407;6;1233;1
19;407;6;1323;29
19;407;6;1333;1
19;407;6;1555;2
19;407;6;2222;15
19;407;6;2277;7
19;407;6;2299;37
19;407;6;2518;1
19;407;6;4040;2
19;407;6;4055;1
19;407;6;4343;1
19;407;6;4422;1
19;407;6;4444;1
19;407;6;4445;1
19;407;6;4555;1
19;407;6;5001;1
19;407;6;5050;2
19;407;6;5511;3
19;407;6;5533;1
19;407;6;5544;1
19;407;6;5555;112
19;407;6;5557;1
19;407;6;5588;5
19;407;6;7700;1
19;407;7;10;1
19;407;7;12;1
19;407;7;13;3
19;407;7;18;1
19;407;7;22;1
19;407;7;40;8
19;407;7;55;2
19;407;7;95;12
19;407;7;96;13
19;407;7;10007;1
19;407;7;10100;1
19;407;7;10123;2
19;407;7;10333;4
19;407;7;10999;2
19;407;7;11888;2
19;407;7;13123;1
19;407;7;13222;12
19;407;7;13258;10
19;407;7;13444;2
19;407;7;13456;2
19;407;7;15333;2
19;407;7;22000;2
19;407;7;22022;2
19;407;7;22190;1
19;407;7;22221;1
19;407;7;22222;3
19;407;7;22322;2
19;407;7;22777;5
19;407;7;22999;1
19;407;7;40100;1
19;407;7;40111;1
19;407;7;40777;24
19;407;7;40789;1
19;407;7;40999;1
19;407;7;44111;1
19;407;7;44447;2
19;407;7;45190;1
19;407;7;45222;1
19;407;7;45777;1
19;407;7;45999;1
19;407;7;50500;1
19;407;7;55000;3
19;407;7;55024;1
19;407;7;55333;13
19;407;7;55555;107
19;407;7;77123;1
19;407;5;95;32
19;407;5;96;78
19;407;5;180;119
19;407;5;222;77
19;407;5;300;2
19;407;5;400;132
19;407;5;445;80
19;407;5;800;2
19;407;3;13;132
19;407;3;45;104
19;407;3;95;5
19;407;3;96;20
19;408;1;13;128
19;408;1;14;6
19;408;1;22;79
19;408;1;55;3
19;408;1;70;4
19;408;1;95;4
19;408;1;96;9
19;408;6;22;1
19;408;6;95;8
19;408;6;96;6
19;408;6;1055;11
19;408;6;1212;1
19;408;6;1234;2
19;408;6;1322;2
19;408;6;1323;17
19;408;6;1333;2
19;408;6;1414;1
19;408;6;1555;3
19;408;6;2222;16
19;408;6;2277;5
19;408;6;2299;28
19;408;6;2500;1
19;408;6;4000;6
19;408;6;4040;2
19;408;6;4055;1
19;408;6;4343;3
19;408;6;4444;2
19;408;6;5050;2
19;408;6;5511;2
19;408;6;5522;1
19;408;6;5533;1
19;408;6;5555;105
19;408;6;5588;3
19;408;6;7711;1
19;408;7;22;1
19;408;7;40;4
19;408;7;44;3
19;408;7;45;1
19;408;7;55;1
19;408;7;95;13
19;408;7;96;5
19;408;7;10007;1
19;408;7;10333;6
19;408;7;10999;2
19;408;7;11888;1
19;408;7;12345;1
19;408;7;13013;1
19;408;7;13222;11
19;408;7;13258;4
19;408;7;13444;2
19;408;7;13456;4
19;408;7;13789;1
19;408;7;22000;2
19;408;7;22022;4
19;408;7;22221;5
19;408;7;22222;4
19;408;7;22322;1
19;408;7;22762;2
19;408;7;22777;4
19;408;7;40000;1
19;408;7;40123;1
19;408;7;40333;1
19;408;7;40700;8
19;408;7;40777;13
19;408;7;44321;1
19;408;7;44444;1
19;408;7;45678;2
19;408;7;50013;1
19;408;7;55000;2
19;408;7;55111;1
19;408;7;55333;16
19;408;7;55555;100
19;408;7;55888;1
19;408;5;95;32
19;408;5;96;56
19;408;5;180;103
19;408;5;222;80
19;408;5;300;1
19;408;5;400;106
19;408;5;445;87
19;408;5;800;1
19;408;3;13;112
19;408;3;14;1
19;408;3;45;102
19;408;3;95;3
19;408;3;96;15
19;410;1;13;145
19;410;1;14;2
19;410;1;22;89
19;410;1;55;3
19;410;1;70;6
19;410;1;95;2
19;410;1;96;6
19;410;6;10;1
19;410;6;13;3
19;410;6;55;1
19;410;6;77;1
19;410;6;95;10
19;410;6;96;4
19;410;6;1055;5
19;410;6;1301;2
19;410;6;1323;29
19;410;6;1331;2
19;410;6;1333;2
19;410;6;1555;2
19;410;6;1800;2
19;410;6;2222;19
19;410;6;2277;3
19;410;6;2288;3
19;410;6;2299;49
19;410;6;4000;1
19;410;6;4040;2
19;410;6;4055;2
19;410;6;4343;1
19;410;6;4422;1
19;410;6;4443;1
19;410;6;5511;1
19;410;6;5533;1
19;410;6;5555;100
19;410;6;5577;1
19;410;6;5588;3
19;410;6;7700;1
19;410;7;13;1
19;410;7;18;1
19;410;7;22;1
19;410;7;40;5
19;410;7;95;11
19;410;7;96;5
19;410;7;10007;1
19;410;7;10333;1
19;410;7;10444;3
19;410;7;10999;1
19;410;7;13131;2
19;410;7;13133;1
19;410;7;13222;26
19;410;7;13258;9
19;410;7;13333;2
19;410;7;13444;2
19;410;7;13456;1
19;410;7;13777;2
19;410;7;15333;1
19;410;7;22000;4
19;410;7;22022;6
19;410;7;22221;2
19;410;7;22222;8
19;410;7;22422;1
19;410;7;22777;1
19;410;7;22888;2
19;410;7;40000;1
19;410;7;40700;6
19;410;7;40777;33
19;410;7;43000;1
19;410;7;45190;1
19;410;7;45777;1
19;410;7;45999;2
19;410;7;50013;1
19;410;7;55000;2
19;410;7;55333;9
19;410;7;55555;96
19;410;5;95;36
19;410;5;96;52
19;410;5;180;118
19;410;5;222;84
19;410;5;300;1
19;410;5;400;126
19;410;5;445;89
19;410;3;13;129
19;410;3;45;105
19;410;3;95;3
19;410;3;96;16
19;411;1;13;133
19;411;1;14;10
19;411;1;22;99
19;411;1;55;3
19;411;1;70;8
19;411;1;95;6
19;411;1;96;8
19;411;6;13;1
19;411;6;22;3
19;411;6;40;1
19;411;6;55;1
19;411;6;95;4
19;411;6;96;6
19;411;6;1055;5
19;411;6;1301;2
19;411;6;1314;2
19;411;6;1323;15
19;411;6;1331;1
19;411;6;1333;2
19;411;6;1515;1
19;411;6;1555;4
19;411;6;2200;2
19;411;6;2212;1
19;411;6;2222;23
19;411;6;2233;1
19;411;6;2277;2
19;411;6;2288;1
19;411;6;2299;32
19;411;6;4000;5
19;411;6;4040;7
19;411;6;4055;1
19;411;6;4077;1
19;411;6;4343;3
19;411;6;4444;1
19;411;6;4445;1
19;411;6;4545;1
19;411;6;4555;4
19;411;6;4592;1
19;411;6;5050;5
19;411;6;5544;1
19;411;6;5555;119
19;411;6;5588;4
19;411;6;7711;2
19;411;6;7788;1
19;411;7;12;1
19;411;7;13;2
19;411;7;18;2
19;411;7;22;4
19;411;7;44;1
19;411;7;45;1
19;411;7;95;8
19;411;7;96;7
19;411;7;10222;1
19;411;7;10333;2
19;411;7;10444;1
19;411;7;10678;1
19;411;7;10999;2
19;411;7;11888;4
19;411;7;13013;1
19;411;7;13123;2
19;411;7;13133;1
19;411;7;13222;12
19;411;7;13258;6
19;411;7;13333;1
19;411;7;13444;5
19;411;7;13456;2
19;411;7;13999;1
19;411;7;15333;1
19;411;7;22000;1
19;411;7;22022;4
19;411;7;22221;1
19;411;7;22222;8
19;411;7;22762;3
19;411;7;22777;4
19;411;7;40333;1
19;411;7;40700;7
19;411;7;40777;14
19;411;7;40789;1
19;411;7;45190;1
19;411;7;45800;1
19;411;7;45999;3
19;411;7;50500;1
19;411;7;50555;4
19;411;7;55000;3
19;411;7;55111;1
19;411;7;55333;19
19;411;7;55555;117
19;411;7;55777;3
19;411;7;77777;1
19;411;5;95;31
19;411;5;96;53
19;411;5;180;119
19;411;5;222;100
19;411;5;290;1
19;411;5;300;1
19;411;5;400;127
19;411;5;445;102
19;411;3;13;133
19;411;3;14;2
19;411;3;35;1
19;411;3;45;117
19;411;3;95;3
19;411;3;96;11
19;413;1;13;125
19;413;1;22;11
19;413;1;55;1
19;413;1;95;4
19;413;1;96;3
19;413;6;13;2
19;413;6;95;1
19;413;6;1055;7
19;413;6;1323;6
19;413;6;1333;2
19;413;6;2222;1
19;413;6;2255;1
19;413;6;2299;16
19;413;6;4040;1
19;413;6;4444;2
19;413;6;4555;3
19;413;6;5555;93
19;413;6;5588;9
19;413;7;13;1
19;413;7;18;1
19;413;7;22;2
19;413;7;40;3
19;413;7;55;2
19;413;7;95;1
19;413;7;10333;3
19;413;7;13013;1
19;413;7;13222;4
19;413;7;13258;10
19;413;7;13444;1
19;413;7;13456;3
19;413;7;22022;1
19;413;7;25444;1
19;413;7;40777;5
19;413;7;43000;3
19;413;7;44444;2
19;413;7;45555;1
19;413;7;45999;2
19;413;7;55333;3
19;413;7;55555;94
19;413;5;95;10
19;413;5;96;19
19;413;5;180;104
19;413;5;222;26
19;413;5;400;104
19;413;5;445;25
19;413;3;13;115
19;413;3;45;19
19;413;3;95;2
19;413;3;96;8
19;414;1;13;147
19;414;1;14;1
19;414;1;21;1
19;414;1;22;85
19;414;1;55;1
19;414;1;70;2
19;414;1;95;1
19;414;1;96;16
19;414;6;11;1
19;414;6;12;1
19;414;6;13;4
19;414;6;14;1
19;414;6;44;1
19;414;6;45;1
19;414;6;95;11
19;414;6;96;6
19;414;6;1010;1
19;414;6;1055;6
19;414;6;1233;1
19;414;6;1301;3
19;414;6;1313;1
19;414;6;1323;23
19;414;6;1333;3
19;414;6;2200;2
19;414;6;2222;19
19;414;6;2234;1
19;414;6;2244;1
19;414;6;2266;1
19;414;6;2277;3
19;414;6;2288;1
19;414;6;2299;38
19;414;6;4000;1
19;414;6;4422;1
19;414;6;4444;2
19;414;6;4490;1
19;414;6;5533;1
19;414;6;5544;1
19;414;6;5555;114
19;414;6;5588;2
19;414;6;7700;1
19;414;7;13;1
19;414;7;18;1
19;414;7;22;1
19;414;7;40;5
19;414;7;45;2
19;414;7;55;5
19;414;7;65;1
19;414;7;95;12
19;414;7;96;7
19;414;7;10100;2
19;414;7;10333;4
19;414;7;10444;1
19;414;7;11888;1
19;414;7;13111;1
19;414;7;13123;1
19;414;7;13130;1
19;414;7;13222;17
19;414;7;13258;8
19;414;7;13456;5
19;414;7;13700;1
19;414;7;13999;1
19;414;7;22000;1
19;414;7;22022;7
19;414;7;22111;1
19;414;7;22221;3
19;414;7;22222;3
19;414;7;22345;1
19;414;7;22762;2
19;414;7;22777;9
19;414;7;40123;1
19;414;7;40700;4
19;414;7;40777;16
19;414;7;44447;2
19;414;7;45190;1
19;414;7;45777;1
19;414;7;45999;1
19;414;7;50555;1
19;414;7;55000;1
19;414;7;55333;10
19;414;7;55555;111
19;414;5;95;55
19;414;5;96;74
19;414;5;162;1
19;414;5;180;112
19;414;5;222;68
19;414;5;400;130
19;414;5;445;67
19;414;5;800;1
19;414;3;13;117
19;414;3;14;1
19;414;3;45;108
19;414;3;95;10
19;414;3;96;18
19;417;1;13;141
19;417;1;22;75
19;417;1;55;4
19;417;1;70;5
19;417;1;95;5
19;417;1;96;10
19;417;6;12;1
19;417;6;13;4
19;417;6;45;1
19;417;6;55;1
19;417;6;95;17
19;417;6;96;4
19;417;6;1010;1
19;417;6;1055;7
19;417;6;1300;3
19;417;6;1301;1
19;417;6;1323;27
19;417;6;1331;1
19;417;6;1333;2
19;417;6;1515;1
19;417;6;2200;3
19;417;6;2211;1
19;417;6;2222;18
19;417;6;2277;3
19;417;6;2288;1
19;417;6;2299;32
19;417;6;4000;3
19;417;6;4343;1
19;417;6;4422;3
19;417;6;4444;1
19;417;6;4445;2
19;417;6;5050;3
19;417;6;5511;2
19;417;6;5544;1
19;417;6;5555;93
19;417;6;5588;1
19;417;6;7700;1
19;417;7;13;1
19;417;7;22;1
19;417;7;40;1
19;417;7;45;2
19;417;7;55;4
19;417;7;95;20
19;417;7;96;7
19;417;7;10100;1
19;417;7;10101;1
19;417;7;10123;1
19;417;7;10444;1
19;417;7;10999;1
19;417;7;12333;1
19;417;7;13132;1
19;417;7;13222;20
19;417;7;13258;4
19;417;7;13777;2
19;417;7;22000;1
19;417;7;22001;1
19;417;7;22022;5
19;417;7;22180;1
19;417;7;22221;2
19;417;7;22222;8
19;417;7;22322;1
19;417;7;22345;1
19;417;7;22555;1
19;417;7;22777;3
19;417;7;22888;1
19;417;7;30192;1
19;417;7;40444;1
19;417;7;40700;4
19;417;7;40777;30
19;417;7;40789;1
19;417;7;44444;1
19;417;7;44447;3
19;417;7;45777;2
19;417;7;45999;1
19;417;7;50555;4
19;417;7;55000;7
19;417;7;55024;1
19;417;7;55333;12
19;417;7;55555;78
19;417;5;95;52
19;417;5;96;60
19;417;5;180;103
19;417;5;222;74
19;417;5;300;1
19;417;5;400;113
19;417;5;445;77
19;417;3;13;104
19;417;3;45;108
19;417;3;95;10
19;417;3;96;18
19;419;1;13;130
19;419;1;14;10
19;419;1;22;111
19;419;1;55;1
19;419;1;70;10
19;419;1;95;7
19;419;1;96;10
19;419;6;13;1
19;419;6;14;1
19;419;6;25;1
19;419;6;45;1
19;419;6;95;7
19;419;6;96;5
19;419;6;1055;10
19;419;6;1301;2
19;419;6;1313;1
19;419;6;1323;14
19;419;6;1331;1
19;419;6;1333;7
19;419;6;1400;1
19;419;6;1414;1
19;419;6;1555;5
19;419;6;2200;2
19;419;6;2222;28
19;419;6;2252;1
19;419;6;2277;4
19;419;6;2288;2
19;419;6;2299;23
19;419;6;4000;3
19;419;6;4040;8
19;419;6;4343;2
19;419;6;4433;1
19;419;6;4444;1
19;419;6;4490;4
19;419;6;4555;2
19;419;6;5050;3
19;419;6;5077;2
19;419;6;5511;1
19;419;6;5544;1
19;419;6;5555;130
19;419;6;5588;1
19;419;6;7700;1
19;419;7;13;1
19;419;7;18;1
19;419;7;22;3
19;419;7;40;2
19;419;7;44;1
19;419;7;55;2
19;419;7;95;12
19;419;7;96;5
19;419;7;10007;1
19;419;7;10100;2
19;419;7;10123;1
19;419;7;10333;7
19;419;7;10999;1
19;419;7;13013;1
19;419;7;13131;1
19;419;7;13222;11
19;419;7;13258;2
19;419;7;13333;1
19;419;7;13444;6
19;419;7;13456;6
19;419;7;13777;4
19;419;7;13999;1
19;419;7;15333;1
19;419;7;20000;1
19;419;7;22000;2
19;419;7;22022;6
19;419;7;22190;7
19;419;7;22221;2
19;419;7;22222;6
19;419;7;22322;1
19;419;7;22777;6
19;419;7;22888;1
19;419;7;33222;1
19;419;7;33833;1
19;419;7;40100;3
19;419;7;40123;2
19;419;7;40700;3
19;419;7;40777;11
19;419;7;40789;1
19;419;7;44444;1
19;419;7;44447;1
19;419;7;44456;1
19;419;7;45222;1
19;419;7;45999;1
19;419;7;50013;1
19;419;7;50180;1
19;419;7;50555;1
19;419;7;55000;4
19;419;7;55100;1
19;419;7;55111;1
19;419;7;55333;12
19;419;7;55555;124
19;419;7;55777;1
19;419;5;95;59
19;419;5;96;45
19;419;5;162;1
19;419;5;180;116
19;419;5;222;105
19;419;5;400;124
19;419;5;445;104
19;419;5;800;2
19;419;3;13;121
19;419;3;14;2
19;419;3;30;1
19;419;3;45;127
19;419;3;80;1
19;419;3;95;12
19;419;3;96;14
19;420;1;13;113
19;420;1;14;6
19;420;1;22;96
19;420;1;55;3
19;420;1;70;3
19;420;1;95;5
19;420;1;96;7
19;420;6;12;1
19;420;6;13;2
19;420;6;55;1
19;420;6;95;12
19;420;6;96;2
19;420;6;1010;2
19;420;6;1055;6
19;420;6;1301;4
19;420;6;1313;1
19;420;6;1323;16
19;420;6;1333;5
19;420;6;1414;1
19;420;6;1515;1
19;420;6;1555;2
19;420;6;2200;2
19;420;6;2222;22
19;420;6;2277;2
19;420;6;2288;3
19;420;6;2299;28
19;420;6;4010;1
19;420;6;4020;2
19;420;6;4040;6
19;420;6;4343;3
19;420;6;4444;1
19;420;6;5544;1
19;420;6;5555;104
19;420;6;7700;1
19;420;6;7711;1
19;420;7;13;1
19;420;7;18;1
19;420;7;22;2
19;420;7;40;1
19;420;7;55;2
19;420;7;95;9
19;420;7;96;3
19;420;7;10123;2
19;420;7;10333;5
19;420;7;10478;1
19;420;7;11888;1
19;420;7;13013;2
19;420;7;13111;1
19;420;7;13222;15
19;420;7;13258;3
19;420;7;13333;1
19;420;7;13444;4
19;420;7;13456;8
19;420;7;13789;1
19;420;7;15333;1
19;420;7;15555;1
19;420;7;22000;2
19;420;7;22022;2
19;420;7;22190;2
19;420;7;22221;3
19;420;7;22222;4
19;420;7;22777;4
19;420;7;22888;1
19;420;7;40200;2
19;420;7;40700;7
19;420;7;40777;15
19;420;7;40888;1
19;420;7;44444;1
19;420;7;44447;1
19;420;7;44456;1
19;420;7;45222;1
19;420;7;45777;1
19;420;7;45888;1
19;420;7;55333;7
19;420;7;55555;112
19;420;5;95;43
19;420;5;96;37
19;420;5;180;95
19;420;5;222;92
19;420;5;300;1
19;420;5;400;101
19;420;5;445;97
19;420;3;13;102
19;420;3;45;116
19;420;3;95;6
19;420;3;96;9
19;426;1;13;159
19;426;1;14;5
19;426;1;16;1
19;426;1;22;85
19;426;1;55;1
19;426;1;70;5
19;426;1;80;1
19;426;1;95;4
19;426;1;96;5
19;426;6;10;1
19;426;6;12;2
19;426;6;13;2
19;426;6;45;1
19;426;6;55;3
19;426;6;95;15
19;426;6;96;6
19;426;6;1010;2
19;426;6;1055;4
19;426;6;1301;1
19;426;6;1323;27
19;426;6;1331;1
19;426;6;1333;3
19;426;6;1515;1
19;426;6;1520;1
19;426;6;1555;3
19;426;6;2200;4
19;426;6;2222;24
19;426;6;2277;1
19;426;6;2288;3
19;426;6;2299;54
19;426;6;4000;5
19;426;6;4001;1
19;426;6;4040;4
19;426;6;4077;2
19;426;6;4343;1
19;426;6;4422;1
19;426;6;4445;2
19;426;6;4555;3
19;426;6;5077;1
19;426;6;5511;1
19;426;6;5544;1
19;426;6;5555;83
19;426;6;5588;1
19;426;6;7700;1
19;426;7;13;3
19;426;7;18;4
19;426;7;22;4
19;426;7;25;1
19;426;7;40;3
19;426;7;44;1
19;426;7;55;2
19;426;7;95;19
19;426;7;96;10
19;426;7;10100;1
19;426;7;10123;2
19;426;7;10333;1
19;426;7;10444;1
19;426;7;10999;1
19;426;7;13111;1
19;426;7;13133;1
19;426;7;13222;34
19;426;7;13258;11
19;426;7;13444;3
19;426;7;13888;1
19;426;7;22000;3
19;426;7;22022;3
19;426;7;22221;3
19;426;7;22222;8
19;426;7;22223;1
19;426;7;22322;2
19;426;7;22444;1
19;426;7;22777;1
19;426;7;22888;2
19;426;7;33833;1
19;426;7;40100;2
19;426;7;40333;1
19;426;7;40700;4
19;426;7;40777;30
19;426;7;44447;1
19;426;7;44456;1
19;426;7;45777;1
19;426;7;45800;1
19;426;7;45999;1
19;426;7;50000;1
19;426;7;50180;1
19;426;7;50555;2
19;426;7;55000;5
19;426;7;55011;1
19;426;7;55333;11
19;426;7;55555;73
19;426;7;77888;1
19;426;5;95;72
19;426;5;96;76
19;426;5;180;110
19;426;5;222;82
19;426;5;400;111
19;426;5;445;81
19;426;3;13;127
19;426;3;35;1
19;426;3;45;110
19;426;3;95;13
19;426;3;96;15
19;428;1;13;155
19;428;1;14;20
19;428;1;22;99
19;428;1;55;4
19;428;1;70;4
19;428;1;95;4
19;428;1;96;3
19;428;6;11;1
19;428;6;55;1
19;428;6;95;12
19;428;6;96;5
19;428;6;1055;11
19;428;6;1277;1
19;428;6;1301;3
19;428;6;1323;19
19;428;6;1331;4
19;428;6;1333;2
19;428;6;1400;1
19;428;6;1414;1
19;428;6;1515;1
19;428;6;1555;4
19;428;6;2026;1
19;428;6;2200;3
19;428;6;2222;29
19;428;6;2244;1
19;428;6;2277;1
19;428;6;2288;1
19;428;6;2299;26
19;428;6;2323;1
19;428;6;2500;1
19;428;6;3007;2
19;428;6;4000;6
19;428;6;4001;1
19;428;6;4040;9
19;428;6;4055;1
19;428;6;4343;1
19;428;6;4422;2
19;428;6;4445;1
19;428;6;4490;2
19;428;6;4545;1
19;428;6;5050;7
19;428;6;5555;120
19;428;6;5588;2
19;428;6;7700;1
19;428;6;7711;1
19;428;6;7788;1
19;428;7;15;1
19;428;7;22;1
19;428;7;40;2
19;428;7;55;2
19;428;7;95;13
19;428;7;96;6
19;428;7;10007;1
19;428;7;10222;1
19;428;7;10333;9
19;428;7;10444;1
19;428;7;11111;1
19;428;7;11888;2
19;428;7;13013;2
19;428;7;13123;1
19;428;7;13133;1
19;428;7;13222;9
19;428;7;13258;10
19;428;7;13444;9
19;428;7;13456;13
19;428;7;22000;5
19;428;7;22022;7
19;428;7;22130;1
19;428;7;22221;2
19;428;7;22222;5
19;428;7;22322;2
19;428;7;22345;1
19;428;7;22762;5
19;428;7;22777;2
19;428;7;22888;1
19;428;7;40100;2
19;428;7;40123;2
19;428;7;40333;3
19;428;7;40444;1
19;428;7;40700;7
19;428;7;40777;11
19;428;7;44333;1
19;428;7;44447;1
19;428;7;45190;3
19;428;7;45222;2
19;428;7;45777;2
19;428;7;50013;1
19;428;7;50180;2
19;428;7;50500;1
19;428;7;50555;6
19;428;7;55333;10
19;428;7;55555;117
19;428;5;95;53
19;428;5;96;28
19;428;5;180;142
19;428;5;222;99
19;428;5;300;1
19;428;5;400;148
19;428;5;445;104
19;428;5;800;1
19;428;3;13;139
19;428;3;14;4
19;428;3;45;127
19;428;3;95;7
19;428;3;96;11
19;429;1;13;160
19;429;1;14;3
19;429;1;22;80
19;429;1;55;2
19;429;1;70;2
19;429;1;95;3
19;429;1;96;8
19;429;6;12;1
19;429;6;13;2
19;429;6;22;1
19;429;6;55;2
19;429;6;95;10
19;429;6;96;9
19;429;6;1010;3
19;429;6;1055;6
19;429;6;1314;1
19;429;6;1323;35
19;429;6;1333;3
19;429;6;1414;1
19;429;6;1515;1
19;429;6;1520;1
19;429;6;1555;2
19;429;6;2211;1
19;429;6;2222;13
19;429;6;2277;5
19;429;6;2299;42
19;429;6;2555;1
19;429;6;4040;2
19;429;6;4055;2
19;429;6;4444;2
19;429;6;4555;2
19;429;6;5001;1
19;429;6;5050;2
19;429;6;5055;1
19;429;6;5077;2
19;429;6;5511;1
19;429;6;5522;1
19;429;6;5544;1
19;429;6;5555;98
19;429;6;5588;1
19;429;6;6565;1
19;429;6;7700;1
19;429;7;13;1
19;429;7;22;2
19;429;7;40;3
19;429;7;44;2
19;429;7;45;2
19;429;7;95;12
19;429;7;96;10
19;429;7;10100;2
19;429;7;10123;3
19;429;7;10333;2
19;429;7;10444;1
19;429;7;11888;3
19;429;7;12345;1
19;429;7;13123;1
19;429;7;13133;1
19;429;7;13222;19
19;429;7;13258;4
19;429;7;13444;2
19;429;7;15333;3
19;429;7;22221;1
19;429;7;22222;3
19;429;7;22345;2
19;429;7;22762;1
19;429;7;22777;5
19;429;7;33833;1
19;429;7;40055;2
19;429;7;40500;1
19;429;7;40555;1
19;429;7;40700;7
19;429;7;40777;27
19;429;7;40789;1
19;429;7;44444;2
19;429;7;45222;2
19;429;7;45777;1
19;429;7;45999;2
19;429;7;50013;2
19;429;7;50555;5
19;429;7;55000;1
19;429;7;55011;1
19;429;7;55333;12
19;429;7;55555;104
19;429;5;95;49
19;429;5;96;61
19;429;5;162;1
19;429;5;180;116
19;429;5;222;77
19;429;5;300;2
19;429;5;400;132
19;429;5;445;76
19;429;5;800;2
19;429;3;13;124
19;429;3;45;112
19;429;3;95;3
19;429;3;96;19
