zona;secao;cargo;numero;votos
33;77;13;13700;3
33;79;13;11222;1
33;477;13;10111;2
33;82;13;10123;21
33;261;13;11777;6
33;63;13;12777;1
33;279;13;12999;3
33;399;13;77;1
33;277;13;12777;2
33;258;13;12410;9
33;421;13;10333;1
33;461;13;12222;1
33;482;13;12410;7
33;384;13;10555;2
33;73;13;10800;2
33;497;13;10111;1
33;18;13;55123;2
33;50;13;55222;7
33;461;13;25444;4
33;42;13;10777;3
33;25;13;40789;1
33;355;13;10444;4
33;459;13;10444;12
33;454;13;25999;7
33;406;13;25555;16
33;300;13;12000;1
33;31;13;25888;5
33;409;13;55255;1
33;206;13;10123;6
33;5;13;77111;1
33;41;13;55999;1
33;299;13;10444;3
33;406;13;40123;2
33;468;13;12012;14
33;99;13;10222;5
33;99;13;40123;6
33;16;13;12012;5
33;477;13;10789;4
33;435;13;12222;1
33;5;13;40000;5
33;438;13;10777;4
33;2;13;77190;4
33;51;13;13013;1
33;476;13;77190;17
33;378;13;12777;1
33;1;13;10123;8
33;315;13;11000;1
33;40;13;10789;3
33;10;13;40123;4
33;280;13;13;2
33;57;13;10222;2
33;79;13;96;2
33;227;13;13444;2
33;4;13;12555;1
33;16;13;10110;2
33;196;13;77456;3
33;280;13;40123;3
33;301;13;10789;2
33;18;13;10444;2
33;21;13;10444;8
33;210;13;25888;7
33;6;13;77999;3
33;375;13;95;4
33;10;13;95;5
33;247;13;40555;1
33;332;13;40100;5
33;71;13;40333;4
33;227;13;96;4
33;235;13;40000;2
33;3;13;40100;1
33;51;13;40789;1
33;405;13;55222;16
33;438;13;12123;1
33;54;13;55255;1
33;210;13;12777;2
33;471;13;40222;10
33;385;13;11555;8
33;336;13;95;1
33;254;13;12222;2
33;262;13;12222;3
33;228;13;12999;2
33;37;13;12000;2
33;16;13;12999;1
33;323;13;12123;1
33;375;13;11411;1
33;405;13;10444;3
33;25;13;40333;3
33;239;13;25333;1
33;473;13;77999;2
33;500;13;11613;1
33;69;13;12777;5
33;435;13;25999;4
33;23;13;40222;3
33;36;13;11222;3
33;311;13;55222;15
33;77;13;40333;6
33;331;13;25555;1
33;100;13;12000;2
33;349;13;77333;1
33;222;13;25555;13
33;41;13;25444;6
33;322;13;12410;2
33;84;13;25025;1
33;485;13;40555;1
33;406;13;77000;1
33;40;13;40234;2
33;235;13;12455;1
33;356;13;55111;1
33;436;13;40444;10
33;405;13;25333;8
33;247;13;11222;2
33;97;13;55222;1
33;479;13;40333;4
33;479;13;25333;13
33;78;13;40333;6
33;258;13;13013;2
33;453;13;10123;8
33;427;13;10222;2
33;42;13;10111;3
33;39;13;10444;6
33;324;13;11555;8
33;430;13;40;2
33;322;13;10;3
33;78;13;25222;2
33;453;13;55222;8
33;375;13;25333;4
33;470;13;77888;10
33;75;13;13700;4
33;497;13;13333;4
33;471;13;25333;1
33;357;13;77888;1
33;41;13;13123;4
33;16;13;40000;1
33;20;13;10789;1
33;272;13;13333;3
33;499;13;10444;2
33;247;13;12222;4
33;16;13;12222;6
33;332;13;12444;2
33;23;13;10100;8
33;481;13;77456;2
33;52;13;11333;1
33;499;13;77333;3
33;487;13;10222;8
33;245;13;25333;1
33;488;13;25888;6
33;15;13;11333;1
33;24;13;10222;8
33;95;13;77456;1
33;454;13;13000;6
33;37;13;25777;1
33;10;13;10000;1
33;487;13;13123;7
33;478;13;12012;4
33;312;13;40000;3
33;64;13;40444;1
33;280;13;10000;11
33;379;13;11777;1
33;299;13;40000;1
33;355;13;12012;6
33;481;13;12;2
33;492;13;77222;2
33;493;13;55123;3
33;245;13;55222;2
33;99;13;55222;5
33;430;13;13700;6
33;15;13;25222;3
33;376;13;11;1
33;100;13;25222;4
33;7;13;12012;2
33;372;13;12012;5
33;74;13;11777;6
33;198;13;25190;5
33;68;13;40222;1
33;68;13;13333;26
33;228;13;10000;5
33;406;13;25190;4
33;84;13;77222;1
33;84;13;13123;2
33;60;13;77777;10
33;99;13;11555;3
33;50;13;10555;1
33;48;13;77777;9
33;349;13;25000;1
33;80;13;77190;12
33;95;13;25444;1
33;205;13;77123;2
33;317;13;25888;9
33;265;13;77777;10
33;69;13;55133;1
33;20;13;13400;1
33;41;13;10444;11
33;19;13;13000;3
33;7;13;77123;1
33;10;13;11555;6
33;24;13;40456;6
33;81;13;77555;2
33;20;13;77555;1
33;7;13;11852;1
33;443;13;77190;5
33;266;13;13000;5
33;453;13;13100;1
33;82;13;11111;1
33;299;13;25444;9
33;14;13;10100;4
33;78;13;40456;1
33;349;13;77190;11
33;368;13;77190;1
33;55;13;25444;3
33;352;13;25444;3
33;276;13;25777;6
33;440;13;40333;5
33;472;13;77777;10
33;82;13;25222;4
33;311;13;77777;12
33;360;13;11852;5
33;198;13;13100;1
33;300;13;40333;2
33;33;13;55222;10
33;482;13;11112;1
33;77;13;10100;11
33;488;13;13013;2
33;37;13;77777;17
33;246;13;77777;10
33;481;13;13100;1
33;38;13;11555;4
33;453;13;13555;3
33;493;13;25555;5
33;475;13;40244;1
33;375;13;77190;13
33;9;13;11852;2
33;15;13;12345;5
33;405;13;13000;1
33;364;13;10100;7
33;247;13;13100;1
33;309;13;12222;2
33;479;13;40789;1
33;80;13;25999;9
33;470;13;10110;2
33;74;13;10000;1
33;454;13;11777;1
33;54;13;10110;1
33;355;13;10000;2
33;88;13;11411;1
33;206;13;11852;7
33;355;13;25555;2
33;384;13;12666;1
33;388;13;40100;1
33;40;13;55111;1
33;461;13;12;3
33;60;13;11852;2
33;487;13;13333;3
33;70;13;10;6
33;388;13;10333;1
33;485;13;25111;12
33;436;13;40222;3
33;436;13;13333;9
33;255;13;11000;1
33;196;13;77555;3
33;477;13;10777;1
33;61;13;10000;2
33;76;13;40000;2
33;22;13;40123;6
33;24;13;12789;2
33;320;13;55;1
33;58;13;25;2
33;80;13;40456;2
33;487;13;10123;5
33;302;13;77190;7
33;47;13;40;1
33;48;13;55;1
33;60;13;40;3
33;54;13;77;1
33;382;13;40123;1
33;374;13;77999;2
33;229;13;10333;1
33;468;13;25333;5
33;208;13;77000;7
33;485;13;25999;4
33;53;13;25999;12
33;385;13;77333;3
33;388;13;12666;1
33;2;13;10100;10
33;374;13;55255;1
33;47;13;10888;5
33;205;13;10888;10
33;51;13;10888;3
33;468;13;10000;3
33;265;13;12777;5
33;84;13;25190;3
33;20;13;10123;6
33;471;13;10789;2
33;472;13;13000;2
33;203;13;77333;1
33;96;13;12;1
33;385;13;12789;1
33;385;13;12222;7
33;206;13;77456;2
33;55;13;77999;3
33;479;13;77000;5
33;47;13;77190;13
33;14;13;55155;1
33;271;13;55888;38
33;440;13;40456;1
33;430;13;77000;9
33;479;13;12012;5
33;477;13;77000;1
33;488;13;11112;1
33;372;13;13400;1
33;499;13;10100;4
33;6;13;25222;2
33;406;13;55133;2
33;224;13;11555;6
33;31;13;40555;2
33;357;13;13333;3
33;440;13;10111;1
33;271;13;12123;1
33;376;13;77000;3
33;227;13;10222;7
33;78;13;13700;3
33;47;13;13013;1
33;404;13;40;2
33;11;13;25190;4
33;372;13;77777;10
33;11;13;10110;4
33;17;13;13155;1
33;10;13;25444;3
33;301;13;11852;7
33;205;13;40333;6
33;360;13;13123;3
33;74;13;11222;1
33;9;13;10888;8
33;301;13;40789;1
33;276;13;13;1
33;373;13;10000;2
33;21;13;13123;2
33;77;13;10;1
33;25;13;77888;6
33;430;13;12345;2
33;302;13;55111;1
33;96;13;25111;5
33;234;13;13;5
33;239;13;10;2
33;414;13;55;1
33;320;13;13333;2
33;279;13;25111;3
33;386;13;40444;5
33;427;13;25333;30
33;61;13;40234;3
33;376;13;13678;1
33;70;13;25444;2
33;11;13;10444;7
33;376;13;13155;3
33;70;13;25888;9
33;50;13;11112;1
33;68;13;12777;10
33;349;13;10222;9
33;332;13;40123;4
33;357;13;55888;3
33;409;13;40222;5
33;405;13;10000;1
33;301;13;12666;1
33;382;13;40456;2
33;375;13;77000;6
33;41;13;10888;6
33;79;13;12999;1
33;205;13;55255;1
33;427;13;77888;9
33;17;13;10888;49
33;472;13;12123;6
33;3;13;77888;3
33;357;13;11040;3
33;448;13;13;1
33;478;13;10222;2
33;234;13;25999;51
33;406;13;25111;3
33;478;13;12410;2
33;309;13;55888;6
33;31;13;10123;7
33;332;13;40;5
33;9;13;11040;2
33;4;13;13000;1
33;6;13;25999;4
33;406;13;12123;1
33;84;13;40234;1
33;79;13;40123;12
33;356;13;10123;1
33;63;13;25999;2
33;6;13;55888;1
33;261;13;10333;1
33;404;13;12012;1
33;301;13;40222;7
33;301;13;13333;5
33;210;13;13123;4
33;39;13;11000;1
33;285;13;25111;1
33;454;13;77888;1
33;2;13;55123;2
33;198;13;12444;1
33;262;13;55123;1
33;85;13;12666;1
33;459;13;77888;3
33;17;13;55123;3
33;198;13;11000;8
33;53;13;77222;1
33;25;13;13678;1
33;47;13;10555;1
33;19;13;25444;5
33;44;13;25444;6
33;49;13;13444;1
33;205;13;96;6
33;352;13;13000;4
33;4;13;95;3
33;261;13;13;1
33;439;13;13444;1
33;24;13;13000;1
33;413;13;13000;1
33;364;13;10123;3
33;476;13;10123;3
33;299;13;10789;3
33;421;13;13789;1
33;49;13;55111;10
33;69;13;12012;31
33;499;13;10789;1
33;478;13;11411;3
33;203;13;77000;1
33;473;13;25111;3
33;488;13;40456;3
33;98;13;12789;1
33;319;13;10123;54
33;455;13;95;4
33;483;13;11777;7
33;473;13;12222;2
33;78;13;12222;2
33;198;13;25025;2
33;90;13;11444;1
33;31;13;12222;3
33;281;13;13;3
33;451;13;25111;10
33;71;13;12222;2
33;310;13;12222;2
33;90;13;13789;1
33;6;13;10123;3
33;470;13;40456;2
33;481;13;77000;3
33;421;13;40234;3
33;34;13;10444;1
33;379;13;12410;1
33;266;13;11;1
33;38;13;12222;2
33;203;13;10222;9
33;53;13;55;2
33;53;13;77;2
33;73;13;95;3
33;76;13;10;3
33;456;13;13;1
33;68;13;11;2
33;61;13;13;2
33;31;13;12;1
33;68;13;13555;5
33;73;13;13555;1
33;499;13;13555;3
33;476;13;13555;3
33;372;13;10;2
33;316;13;10;1
33;49;13;25;1
33;52;13;13;1
33;325;13;13555;72
33;497;13;13555;2
33;234;13;13555;2
33;385;13;13213;4
33;102;13;11555;7
33;316;13;55888;2
33;476;13;12666;1
33;316;13;25777;1
33;102;13;55255;3
33;456;13;12345;1
33;52;13;12345;3
33;455;13;12345;1
33;9;13;11555;1
33;11;13;12410;3
33;350;13;10444;8
33;78;13;77;1
33;64;13;13333;1
33;61;13;10777;1
33;54;13;77000;2
33;278;13;25999;3
33;99;13;25999;2
33;451;13;13100;3
33;278;13;10100;2
33;409;13;12777;1
33;406;13;11;1
33;456;13;10100;9
33;451;13;10100;13
33;384;13;25555;8
33;336;13;10555;1
33;235;13;10100;10
33;235;13;10555;1
33;7;13;25555;2
33;439;13;12345;2
33;63;13;25555;11
33;10;13;77123;1
33;228;13;25888;5
33;363;13;12666;1
33;483;13;11555;11
33;459;13;11555;12
33;443;13;11112;1
33;5;13;40234;1
33;276;13;55222;3
33;100;13;10345;1
33;10;13;25555;4
33;70;13;55888;5
33;22;13;10444;3
33;23;13;40456;5
33;34;13;77000;7
33;8;13;25333;8
33;88;13;11555;4
33;272;13;10100;6
33;485;13;11444;1
33;98;13;25222;2
33;49;13;13333;3
33;471;13;25555;2
33;470;13;11000;3
33;74;13;13123;2
33;198;13;55123;4
33;472;13;11777;4
33;22;13;55111;1
33;50;13;10789;1
33;375;13;12345;9
33;352;13;13678;4
33;409;13;40234;2
33;100;13;77456;4
33;4;13;77456;2
33;435;13;12;1
33;2;13;10;1
33;229;13;12666;2
33;235;13;55888;1
33;363;13;77000;2
33;25;13;25999;4
33;17;13;11555;11
33;315;13;25333;11
33;373;13;10111;56
33;38;13;25222;9
33;435;13;13100;2
33;61;13;10100;2
33;15;13;12999;2
33;320;13;55888;1
33;98;13;11112;2
33;436;13;77777;8
33;229;13;13100;1
33;14;13;40444;1
33;349;13;11777;1
33;455;13;77888;3
33;488;13;55111;1
33;459;13;40456;9
33;201;13;12410;6
33;232;13;96;7
33;455;13;13444;1
33;58;13;12410;11
33;86;13;13444;3
33;78;13;96;4
33;80;13;13111;1
33;36;13;95;2
33;3;13;10888;4
33;427;13;10888;5
33;21;13;13444;1
33;459;13;13213;4
33;436;13;13213;4
33;51;13;11411;1
33;331;13;40000;3
33;98;13;40123;10
33;378;13;13555;3
33;239;13;13213;4
33;7;13;13213;2
33;203;13;13555;3
33;368;13;96;2
33;453;13;12410;7
33;448;13;25111;2
33;320;13;13213;1
33;72;13;40789;2
33;65;13;10222;1
33;210;13;13555;3
33;196;13;55155;1
33;79;13;25777;1
33;482;13;25555;4
33;481;13;77777;8
33;430;13;77777;11
33;385;13;95;2
33;84;13;77190;4
33;34;13;77190;4
33;385;13;55666;2
33;50;13;77777;5
33;10;13;25000;1
33;60;13;10000;2
33;455;13;77190;10
33;404;13;12345;5
33;491;13;77777;2
33;421;13;77456;1
33;275;13;13000;1
33;438;13;77456;1
33;238;13;25888;1
33;435;13;25888;7
33;70;13;13213;10
33;384;13;10;5
33;477;13;11777;4
33;336;13;55222;2
33;430;13;40333;4
33;47;13;55222;6
33;357;13;13555;9
33;203;13;25333;4
33;7;13;55222;4
33;430;13;11222;2
33;456;13;25555;9
33;435;13;12000;1
33;210;13;77777;9
33;2;13;11112;2
33;451;13;25190;4
33;350;13;55222;2
33;32;13;11333;1
33;9;13;25999;3
33;1;13;11333;1
33;210;13;77333;7
33;2;13;40789;3
33;481;13;11555;10
33;39;13;10100;12
33;228;13;11852;2
33;232;13;25190;7
33;384;13;10123;7
33;38;13;11777;2
33;473;13;10444;1
33;483;13;12345;1
33;492;13;11555;4
33;287;13;77888;8
33;302;13;25555;8
33;350;13;12000;2
33;399;13;77333;2
33;84;13;77333;2
33;481;13;25555;8
33;262;13;13400;2
33;247;13;77777;12
33;61;13;40;1
33;317;13;11;2
33;379;13;11555;1
33;47;13;25555;7
33;75;13;10123;6
33;379;13;12345;1
33;487;13;25444;3
33;37;13;55222;3
33;65;13;11555;6
33;20;13;40333;6
33;375;13;55155;1
33;53;13;95;1
33;475;13;10100;13
33;71;13;11555;8
33;406;13;11555;11
33;470;13;13400;1
33;8;13;77077;2
33;274;13;77888;5
33;90;13;25888;5
33;59;13;25888;4
33;77;13;25444;5
33;72;13;13222;4
33;52;13;95;3
33;92;13;13444;1
33;33;13;77123;3
33;8;13;25444;3
33;93;13;77190;4
33;301;13;55222;4
33;74;13;13013;1
33;388;13;55222;7
33;355;13;96;2
33;79;13;95;3
33;75;13;13678;1
33;471;13;55155;1
33;451;13;25222;2
33;323;13;77777;2
33;36;13;13444;7
33;404;13;10800;1
33;210;13;13444;2
33;81;13;11333;1
33;482;13;10111;1
33;265;13;10111;1
33;258;13;10000;3
33;311;13;10800;1
33;324;13;25333;17
33;15;13;25333;5
33;81;13;77190;19
33;16;13;77077;1
33;481;13;95;2
33;478;13;13222;1
33;83;13;96;5
33;102;13;95;2
33;90;13;13444;2
33;97;13;13555;2
33;7;13;10888;3
33;22;13;55255;2
33;82;13;40444;3
33;74;13;12222;2
33;17;13;10222;4
33;378;13;13333;8
33;79;13;11040;1
33;352;13;13333;2
33;73;13;10110;2
33;301;13;12999;2
33;301;13;10123;4
33;372;13;95;2
33;283;13;77333;2
33;302;13;77888;3
33;224;13;40222;2
33;263;13;10123;3
33;80;13;12222;4
33;59;13;11000;1
33;301;13;13123;2
33;40;13;11000;2
33;479;13;77999;4
33;319;13;13123;1
33;317;13;11000;6
33;38;13;11112;1
33;206;13;13400;1
33;1;13;40789;1
33;72;13;11777;3
33;6;13;25333;6
33;57;13;55222;2
33;72;13;13;1
33;443;13;13678;2
33;90;13;77999;4
33;482;13;10777;2
33;262;13;11777;3
33;196;13;10110;2
33;461;13;40444;6
33;436;13;13000;1
33;5;13;12345;3
33;208;13;40333;5
33;208;13;13700;3
33;355;13;13;1
33;472;13;11;1
33;384;13;12555;2
33;430;13;13123;3
33;57;13;40333;2
33;405;13;40456;1
33;471;13;10777;1
33;208;13;25888;5
33;198;13;10555;3
33;493;13;12410;6
33;22;13;11222;1
33;409;13;10000;10
33;90;13;13000;2
33;14;13;10;2
33;277;13;10;1
33;277;13;13;2
33;64;13;11040;2
33;95;13;12410;1
33;88;13;13678;4
33;8;13;55123;1
33;355;13;40444;4
33;453;13;11000;2
33;454;13;25333;2
33;461;13;55999;1
33;279;13;10888;3
33;421;13;77000;3
33;71;13;13013;1
33;481;13;13700;2
33;421;13;40333;7
33;490;13;55222;1
33;404;13;10777;1
33;21;13;13013;4
33;14;13;40333;2
33;51;13;40456;4
33;9;13;12777;1
33;315;13;96;7
33;350;13;77333;3
33;265;13;77999;4
33;99;13;12123;4
33;11;13;10000;4
33;88;13;11111;1
33;100;13;10123;9
33;376;13;55666;1
33;232;13;25999;3
33;258;13;40123;11
33;51;13;10222;4
33;30;13;40123;4
33;21;13;40123;3
33;476;13;40123;7
33;79;13;25333;5
33;79;13;10800;8
33;386;13;25999;6
33;265;13;10000;1
33;36;13;12666;2
33;374;13;12410;2
33;455;13;12666;4
33;98;13;10800;1
33;322;13;11000;2
33;6;13;13123;1
33;316;13;10000;13
33;64;13;12012;5
33;280;13;77999;4
33;384;13;77888;44
33;201;13;77999;8
33;483;13;25111;4
33;201;13;25999;2
33;474;13;10222;1
33;1;13;55255;1
33;247;13;12012;9
33;41;13;25025;1
33;98;13;55666;1
33;71;13;10123;5
33;405;13;40444;7
33;376;13;10110;1
33;92;13;10123;6
33;459;13;10777;8
33;39;13;11333;1
33;438;13;25111;11
33;364;13;13444;2
33;232;13;13;1
33;454;13;40;1
33;357;13;43;1
33;44;13;12012;2
33;206;13;13213;5
33;388;13;95;2
33;210;13;25222;2
33;53;13;25333;6
33;4;13;55123;1
33;80;13;12455;1
33;265;13;40000;2
33;280;13;12455;1
33;355;13;13333;5
33;459;13;40234;3
33;97;13;10888;4
33;24;13;55888;2
33;20;13;10222;5
33;9;13;77190;3
33;385;13;40789;2
33;15;13;77333;2
33;82;13;12345;1
33;476;13;13000;2
33;247;13;10555;1
33;19;13;77333;2
33;352;13;11333;1
33;3;13;10111;2
33;319;13;77999;2
33;85;13;77333;1
33;85;13;40444;6
33;451;13;77333;3
33;479;13;25111;5
33;48;13;12666;1
33;475;13;25333;19
33;475;13;10800;1
33;23;13;13333;10
33;78;13;10800;6
33;497;13;13700;1
33;279;13;55222;1
33;438;13;10222;8
33;3;13;13678;2
33;78;13;77777;20
33;382;13;11222;1
33;413;13;13123;1
33;478;13;13123;1
33;461;13;12666;3
33;453;13;11333;1
33;38;13;10555;2
33;323;13;11040;2
33;490;13;10444;3
33;50;13;10444;8
33;39;13;40000;4
33;235;13;11411;1
33;1;13;10100;7
33;47;13;11333;1
33;3;13;77123;1
33;263;13;12012;3
33;319;13;25888;2
33;485;13;77123;1
33;33;13;25444;7
33;439;13;10555;1
33;386;13;25444;5
33;42;13;77333;2
33;274;13;11000;5
33;399;13;77777;5
33;399;13;10100;9
33;11;13;25999;6
33;331;13;40444;48
33;376;13;77777;6
33;228;13;55111;1
33;372;13;12222;2
33;73;13;25555;9
33;246;13;13333;2
33;15;13;11555;6
33;421;13;10111;3
33;409;13;11555;4
33;246;13;25190;7
33;238;13;40333;9
33;491;13;25888;2
33;375;13;40789;1
33;10;13;77999;3
33;299;13;13000;2
33;363;13;25444;2
33;8;13;55888;1
33;53;13;13000;2
33;368;13;40789;2
33;61;13;12000;4
33;245;13;13789;2
33;33;13;10123;5
33;323;13;40123;1
33;262;13;77888;4
33;482;13;13123;1
33;473;13;77888;6
33;20;13;55123;2
33;287;13;12;1
33;283;13;10100;2
33;7;13;40000;1
33;312;13;13123;1
33;493;13;11777;5
33;36;13;12345;1
33;325;13;12345;1
33;228;13;11000;6
33;309;13;10444;11
33;102;13;12012;5
33;455;13;10123;6
33;349;13;77456;4
33;60;13;25888;3
33;47;13;77123;2
33;210;13;11852;2
33;239;13;11852;1
33;477;13;11112;5
33;439;13;25190;3
33;487;13;25190;7
33;266;13;11852;1
33;435;13;11555;7
33;456;13;10333;5
33;39;13;10888;5
33;470;13;12999;1
33;376;13;10888;3
33;203;13;10555;1
33;222;13;25444;13
33;274;13;25888;1
33;40;13;77000;3
33;16;13;10800;2
33;8;13;77999;6
33;97;13;77000;1
33;79;13;10888;6
33;435;13;10444;7
33;385;13;10100;10
33;385;13;25222;3
33;32;13;11555;3
33;301;13;11555;6
33;14;13;11852;2
33;51;13;25888;12
33;51;13;25444;3
33;376;13;77123;1
33;254;13;77777;2
33;74;13;13100;1
33;352;13;77777;7
33;316;13;25444;5
33;222;13;10444;5
33;440;13;11852;3
33;99;13;12410;6
33;300;13;10800;10
33;5;13;10800;1
33;41;13;11222;2
33;55;13;25888;2
33;373;13;13678;1
33;404;13;13013;2
33;48;13;25333;4
33;48;13;10800;11
33;39;13;13013;1
33;57;13;25999;1
33;32;13;77888;7
33;32;13;10800;3
33;68;13;10100;9
33;60;13;11555;1
33;77;13;12888;1
33;10;13;77777;3
33;470;13;11852;2
33;75;13;11123;1
33;476;13;11852;6
33;246;13;25000;3
33;32;13;96;2
33;258;13;25222;4
33;59;13;77777;13
33;79;13;13100;3
33;224;13;11852;6
33;271;13;13100;2
33;482;13;13700;1
33;409;13;13444;1
33;72;13;25000;2
33;384;13;95;1
33;224;13;10100;11
33;222;13;96;5
33;203;13;11777;6
33;85;13;77190;7
33;14;13;13111;1
33;272;13;13123;1
33;311;13;10777;1
33;454;13;10000;2
33;356;13;40000;2
33;229;13;12012;6
33;388;13;25999;4
33;436;13;12666;3
33;388;13;25333;9
33;102;13;40444;2
33;488;13;11777;8
33;435;13;25111;6
33;487;13;25555;8
33;488;13;12345;1
33;478;13;11112;1
33;88;13;11852;2
33;274;13;77777;7
33;37;13;12555;4
33;478;13;10777;3
33;456;13;13444;13
33;451;13;96;5
33;6;13;11040;1
33;23;13;40111;1
33;102;13;10123;3
33;83;13;25888;34
33;50;13;12;1
33;84;13;13;1
33;272;13;12410;10
33;485;13;12123;2
33;364;13;13400;1
33;39;13;10777;6
33;247;13;55666;2
33;61;13;13000;1
33;406;13;25999;14
33;266;13;25111;7
33;317;13;40222;1
33;287;13;13333;1
33;10;13;12555;1
33;435;13;10110;1
33;360;13;13333;18
33;10;13;10110;2
33;47;13;11000;4
33;3;13;55222;3
33;435;13;10111;2
33;246;13;10777;2
33;375;13;55255;1
33;20;13;25555;9
33;404;13;25000;1
33;468;13;77777;6
33;37;13;10111;4
33;456;13;11040;1
33;483;13;55123;2
33;363;13;77888;3
33;374;13;25190;2
33;349;13;40444;1
33;73;13;25190;2
33;499;13;77000;1
33;100;13;10;4
33;500;13;25888;2
33;427;13;13;1
33;474;13;40456;1
33;49;13;12123;2
33;14;13;10222;2
33;10;13;10;1
33;71;13;77000;1
33;54;13;11;3
33;475;13;13000;1
33;277;13;10222;2
33;73;13;10222;9
33;82;13;40100;1
33;300;13;25999;57
33;379;13;10444;1
33;21;13;10222;5
33;21;13;12012;9
33;409;13;40000;2
33;224;13;11777;3
33;224;13;10000;2
33;227;13;13700;5
33;65;13;11333;1
33;459;13;77777;4
33;74;13;11555;4
33;48;13;13000;4
33;40;13;55255;3
33;385;13;40000;2
33;37;13;77456;3
33;24;13;12666;1
33;323;13;12410;1
33;24;13;12410;5
33;406;13;12777;1
33;461;13;40456;5
33;8;13;40123;3
33;21;13;25222;1
33;222;13;25999;8
33;206;13;25999;4
33;280;13;25777;1
33;99;13;10800;2
33;364;13;40100;14
33;476;13;25111;6
33;36;13;77777;22
33;472;13;11852;11
33;266;13;11555;8
33;198;13;11444;1
33;201;13;12444;1
33;322;13;77999;1
33;384;13;55123;1
33;479;13;10222;10
33;80;13;12777;1
33;485;13;10000;1
33;8;13;12222;2
33;454;13;13678;1
33;96;13;77999;4
33;81;13;12000;1
33;378;13;13678;2
33;32;13;12410;9
33;414;13;13;4
33;488;13;11;1
33;92;13;10;4
33;356;13;10110;1
33;491;13;10111;3
33;63;13;40333;2
33;80;13;77333;6
33;310;13;40333;3
33;229;13;40444;4
33;427;13;40333;3
33;70;13;11852;14
33;6;13;77777;6
33;356;13;11852;2
33;64;13;13123;1
33;205;13;10111;1
33;201;13;10;1
33;331;13;77888;2
33;93;13;55123;3
33;363;13;40555;1
33;319;13;12;1
33;239;13;11;1
33;22;13;77888;6
33;376;13;13333;10
33;493;13;77999;3
33;468;13;12000;1
33;57;13;40555;2
33;78;13;11333;1
33;332;13;77777;3
33;24;13;13123;3
33;99;13;40244;1
33;40;13;12666;2
33;102;13;10444;5
33;263;13;25333;2
33;196;13;25777;4
33;265;13;13333;5
33;443;13;10222;5
33;443;13;11123;2
33;261;13;55123;13
33;430;13;25111;12
33;405;13;11777;1
33;350;13;13;8
33;198;13;25111;4
33;315;13;13123;1
33;322;13;10123;6
33;77;13;55111;2
33;474;13;12012;7
33;470;13;13222;1
33;265;13;40456;1
33;388;13;12410;2
33;208;13;11000;4
33;79;13;13333;3
33;487;13;10110;3
33;50;13;13123;1
33;332;13;13;1
33;100;13;25444;4
33;1;13;40234;1
33;285;13;77888;6
33;285;13;13123;2
33;84;13;10789;1
33;74;13;12012;7
33;77;13;25111;7
33;254;13;40;5
33;87;13;13444;1
33;58;13;13123;1
33;319;13;13333;7
33;10;13;13333;3
33;59;13;13123;2
33;77;13;10110;1
33;73;13;11040;2
33;32;13;11000;4
33;263;13;55999;1
33;436;13;13444;3
33;37;13;95;6
33;19;13;25888;2
33;268;13;10888;47
33;21;13;10888;3
33;87;13;96;4
33;399;13;40456;3
33;385;13;11111;1
33;70;13;40123;3
33;499;13;12222;3
33;372;13;10222;1
33;97;13;12410;1
33;98;13;40000;2
33;485;13;12222;8
33;18;13;12012;7
33;385;13;13789;1
33;234;13;10123;1
33;470;13;25999;8
33;283;13;25111;19
33;438;13;25444;3
33;312;13;13000;5
33;41;13;77077;1
33;50;13;55255;1
33;7;13;40234;1
33;81;13;13123;3
33;68;13;12222;1
33;456;13;12012;5
33;382;13;10888;14
33;232;13;10222;1
33;57;13;40000;1
33;3;13;96;4
33;332;13;25111;5
33;84;13;12999;1
33;52;13;55666;1
33;5;13;25999;4
33;266;13;77;1
33;18;13;25;1
33;245;13;11;4
33;245;13;77;1
33;315;13;13213;1
33;492;13;10;1
33;57;13;11;1
33;228;13;11;2
33;229;13;10;3
33;238;13;25;2
33;262;13;77;3
33;235;13;13;1
33;80;13;10;1
33;68;13;77;1
33;272;13;13555;1
33;8;13;77777;6
33;64;13;25000;1
33;409;13;10;2
33;245;13;40;2
33;262;13;40;6
33;69;13;11;1
33;224;13;25999;7
33;349;13;55111;1
33;72;13;13555;3
33;482;13;10555;1
33;459;13;12999;1
33;87;13;25000;6
33;64;13;40222;5
33;37;13;10800;1
33;374;13;40234;1
33;283;13;55888;3
33;274;13;40456;1
33;232;13;40234;4
33;258;13;40234;1
33;32;13;55888;1
33;90;13;55255;2
33;483;13;10444;5
33;41;13;11777;4
33;39;13;11;2
33;39;13;13;1
33;19;13;25;1
33;430;13;10777;4
33;58;13;11852;1
33;22;13;25888;8
33;25;13;12345;2
33;98;13;25444;6
33;263;13;11852;6
33;474;13;10555;43
33;2;13;25190;4
33;438;13;11111;1
33;90;13;25333;2
33;360;13;11444;1
33;473;13;55133;1
33;262;13;11852;4
33;224;13;25222;4
33;70;13;25111;9
33;277;13;13333;33
33;399;13;12345;6
33;399;13;11613;1
33;1;13;77000;2
33;435;13;77777;8
33;325;13;77888;16
33;315;13;25555;11
33;80;13;77888;7
33;435;13;77888;4
33;375;13;77888;12
33;349;13;40666;1
33;302;13;11777;8
33;285;13;12455;6
33;210;13;25111;5
33;379;13;25999;61
33;92;13;25111;1
33;34;13;13400;4
33;34;13;11112;1
33;375;13;25190;3
33;478;13;25190;4
33;382;13;12345;3
33;6;13;25555;4
33;485;13;25888;8
33;430;13;77077;1
33;356;13;77000;7
33;500;13;12012;2
33;363;13;55255;6
33;315;13;55222;1
33;49;13;11852;10
33;257;13;13213;1
33;4;13;25222;2
33;227;13;25222;1
33;15;13;25555;7
33;23;13;77000;3
33;201;13;25222;1
33;382;13;10100;4
33;234;13;40222;3
33;198;13;10110;1
33;301;13;12012;7
33;34;13;11555;5
33;23;13;11555;8
33;23;13;77555;1
33;459;13;25;2
33;455;13;40;1
33;475;13;10;4
33;86;13;96;5
33;263;13;95;4
33;68;13;13213;4
33;198;13;13213;6
33;47;13;13213;10
33;386;13;95;1
33;232;13;55777;1
33;356;13;40456;1
33;475;13;13444;1
33;302;13;12410;4
33;302;13;12123;1
33;206;13;10789;2
33;85;13;13213;4
33;232;13;10123;58
33;63;13;13213;1
33;74;13;10222;7
33;279;13;10123;4
33;247;13;10789;1
33;59;13;40123;1
33;98;13;10222;8
33;320;13;96;4
33;50;13;40456;2
33;24;13;96;5
33;280;13;13444;3
33;455;13;12012;7
33;40;13;12222;1
33;477;13;12222;8
33;100;13;13444;5
33;206;13;96;5
33;239;13;13555;23
33;11;13;25000;2
33;47;13;13555;5
33;481;13;13555;1
33;493;13;13555;1
33;30;13;13213;7
33;427;13;13444;3
33;82;13;13213;1
33;275;13;10333;1
33;280;13;12410;4
33;336;13;13555;1
33;70;13;55111;3
33;61;13;13678;2
33;55;13;13100;1
33;319;13;13555;1
33;7;13;12345;2
33;368;13;10888;37
33;453;13;55255;1
33;86;13;12345;2
33;478;13;13400;1
33;488;13;11852;1
33;222;13;77190;14
33;379;13;25222;1
33;61;13;10444;1
33;61;13;77456;7
33;77;13;77456;1
33;372;13;13555;3
33;79;13;55222;6
33;316;13;13555;7
33;54;13;10000;2
33;384;13;25;1
33;271;13;10777;3
33;271;13;11777;4
33;356;13;11555;2
33;491;13;10100;1
33;283;13;10444;1
33;456;13;13213;4
33;455;13;10444;4
33;270;13;25555;24
33;210;13;13400;1
33;86;13;40789;1
33;488;13;10111;3
33;38;13;10110;2
33;322;13;11555;4
33;440;13;10100;2
33;476;13;11777;2
33;481;13;25333;16
33;247;13;13700;2
33;39;13;13700;3
33;102;13;77;2
33;276;13;10;2
33;8;13;11555;2
33;205;13;13678;1
33;355;13;77999;1
33;455;13;13155;1
33;483;13;25555;13
33;102;13;40123;4
33;488;13;25190;7
33;52;13;11852;6
33;73;13;25444;4
33;474;13;13213;1
33;324;13;13444;6
33;72;13;12345;3
33;93;13;40789;4
33;1;13;11852;2
33;265;13;40555;1
33;386;13;10100;14
33;456;13;25190;1
33;245;13;77888;4
33;210;13;40444;3
33;229;13;40789;1
33;80;13;77555;2
33;381;13;77777;1
33;381;13;10100;4
33;54;13;10100;2
33;239;13;77190;5
33;476;13;10777;2
33;349;13;77000;5
33;443;13;25999;11
33;23;13;12777;2
33;82;13;10777;3
33;64;13;10800;1
33;74;13;25190;8
33;235;13;25555;6
33;475;13;13013;5
33;287;13;40333;2
33;499;13;55222;7
33;9;13;40333;2
33;272;13;25888;3
33;76;13;12888;1
33;55;13;55133;1
33;477;13;10100;5
33;404;13;25333;5
33;311;13;10222;27
33;80;13;40333;4
33;23;13;11000;5
33;271;13;77190;93
33;80;13;25888;12
33;2;13;13444;1
33;262;13;96;3
33;37;13;96;3
33;208;13;40244;1
33;6;13;55222;4
33;41;13;77777;3
33;50;13;10111;2
33;275;13;10111;1
33;18;13;96;3
33;322;13;96;3
33;74;13;77999;3
33;38;13;96;5
33;311;13;40100;25
33;439;13;95;2
33;222;13;55123;1
33;309;13;10800;1
33;34;13;11000;2
33;352;13;77190;2
33;266;13;77190;1
33;375;13;13555;4
33;382;13;13555;4
33;478;13;95;1
33;363;13;96;8
33;487;13;13444;3
33;82;13;12789;2
33;227;13;10123;6
33;274;13;13213;1
33;102;13;77077;1
33;20;13;96;3
33;378;13;12123;1
33;86;13;12222;2
33;20;13;12012;10
33;234;13;10222;1
33;208;13;40123;7
33;254;13;95;1
33;285;13;13333;1
33;443;13;13123;1
33;302;13;13123;2
33;324;13;77888;11
33;15;13;77888;6
33;482;13;40222;7
33;258;13;40222;3
33;39;13;40123;4
33;23;13;10000;2
33;203;13;77222;1
33;40;13;13123;3
33;427;13;10123;9
33;201;13;40000;1
33;80;13;25025;1
33;454;13;10222;2
33;427;13;13123;9
33;59;13;13333;2
33;487;13;96;2
33;455;13;11000;1
33;421;13;55123;8
33;102;13;13444;5
33;281;13;13213;3
33;487;13;13213;3
33;222;13;12222;9
33;22;13;10110;3
33;311;13;11777;1
33;453;13;77888;3
33;443;13;12555;3
33;70;13;77888;5
33;102;13;13555;3
33;23;13;40666;1
33;40;13;77888;3
33;206;13;77777;11
33;372;13;25444;1
33;258;13;55999;1
33;474;13;40000;3
33;272;13;96;7
33;205;13;11040;2
33;44;13;11000;3
33;488;13;77888;9
33;477;13;12345;4
33;266;13;25555;9
33;1;13;77999;4
33;69;13;10000;1
33;42;13;55222;3
33;235;13;55222;3
33;25;13;43;1
33;72;13;12;2
33;472;13;40;3
33;478;13;77333;2
33;42;13;77888;4
33;81;13;13333;3
33;75;13;77999;7
33;14;13;77000;3
33;55;13;25555;2
33;352;13;55222;1
33;227;13;25333;11
33;224;13;10800;3
33;24;13;12;3
33;474;13;11;1
33;90;13;10888;5
33;468;13;13333;5
33;96;13;40444;2
33;413;13;77999;3
33;324;13;55222;15
33;69;13;40333;3
33;57;13;25333;7
33;20;13;40456;1
33;438;13;25999;6
33;478;13;25444;6
33;472;13;77456;1
33;414;13;55888;2
33;413;13;77190;1
33;315;13;25444;7
33;278;13;10000;9
33;476;13;77000;2
33;364;13;55;1
33;82;13;10;3
33;277;13;40;3
33;454;13;77190;26
33;17;13;77190;3
33;352;13;10000;11
33;399;13;25888;11
33;93;13;77123;1
33;301;13;40444;5
33;479;13;11613;1
33;39;13;25111;6
33;33;13;25111;8
33;234;13;12410;3
33;499;13;10888;1
33;52;13;10888;6
33;20;13;10888;3
33;99;13;77123;3
33;490;13;25333;12
33;350;13;13700;1
33;23;13;12444;1
33;20;13;40444;5
33;331;13;25333;5
33;386;13;77000;5
33;88;13;10888;12
33;414;13;12410;2
33;497;13;77000;1
33;435;13;12777;1
33;86;13;55222;2
33;203;13;13700;1
33;455;13;11777;5
33;414;13;10000;6
33;461;13;40100;1
33;405;13;40100;15
33;479;13;10123;8
33;36;13;10111;3
33;487;13;10111;1
33;201;13;10777;1
33;471;13;77333;2
33;64;13;25333;5
33;461;13;55222;4
33;268;13;40456;6
33;82;13;77;1
33;60;13;10777;1
33;404;13;77190;15
33;37;13;10333;1
33;490;13;77999;3
33;356;13;11333;1
33;404;13;77333;4
33;82;13;10888;2
33;32;13;11777;5
33;277;13;10888;5
33;245;13;40123;2
33;405;13;12012;18
33;238;13;12012;3
33;470;13;55111;4
33;83;13;40123;5
33;262;13;77190;7
33;360;13;77190;8
33;73;13;11777;3
33;309;13;40456;1
33;73;13;40456;2
33;198;13;12410;5
33;461;13;40000;1
33;497;13;40333;2
33;421;13;25333;11
33;18;13;77888;48
33;404;13;11777;6
33;50;13;10000;5
33;92;13;10000;1
33;356;13;10789;2
33;455;13;25000;1
33;100;13;25555;5
33;483;13;11333;1
33;92;13;40789;3
33;302;13;10333;1
33;316;13;10888;8
33;355;13;25999;4
33;399;13;25555;14
33;436;13;10789;1
33;60;13;12012;1
33;38;13;13013;2
33;268;13;12012;16
33;385;13;25333;18
33;210;13;11444;1
33;87;13;10000;1
33;468;13;11000;2
33;47;13;77888;10
33;355;13;10777;4
33;363;13;10222;5
33;499;13;55123;6
33;247;13;77333;7
33;39;13;77333;1
33;92;13;13333;11
33;37;13;10222;7
33;315;13;40222;5
33;42;13;12999;1
33;356;13;12666;1
33;87;13;12410;2
33;476;13;13213;4
33;491;13;96;2
33;272;13;12;1
33;31;13;55111;1
33;30;13;40000;3
33;443;13;11852;3
33;472;13;25444;3
33;22;13;11444;2
33;71;13;25333;6
33;356;13;10000;4
33;274;13;13444;3
33;247;13;13123;2
33;8;13;77000;2
33;280;13;10222;6
33;54;13;40555;1
33;316;13;40222;8
33;299;13;13333;2
33;79;13;77999;10
33;427;13;10111;2
33;317;13;12410;7
33;102;13;77190;10
33;65;13;10111;1
33;456;13;40444;14
33;60;13;10888;8
33;24;13;12123;1
33;483;13;10111;3
33;468;13;13000;1
33;238;13;40555;1
33;385;13;25190;3
33;471;13;40000;2
33;271;13;12000;3
33;254;13;40000;4
33;39;13;13000;1
33;266;13;55888;1
33;375;13;40444;3
33;98;13;77999;7
33;88;13;25999;3
33;44;13;12410;6
33;301;13;40333;3
33;500;13;40789;2
33;500;13;55222;7
33;479;13;77888;8
33;461;13;13123;2
33;25;13;10111;1
33;21;13;10;4
33;421;13;11112;3
33;349;13;25444;7
33;436;13;13400;1
33;375;13;25222;5
33;332;13;25222;2
33;478;13;77888;14
33;73;13;13333;4
33;443;13;11333;1
33;81;13;11000;2
33;198;13;13678;2
33;487;13;10444;2
33;258;13;77456;2
33;232;13;40444;14
33;310;13;96;3
33;81;13;55111;2
33;64;13;13444;1
33;479;13;77456;3
33;461;13;77456;1
33;19;13;11333;1
33;34;13;25025;1
33;280;13;12222;1
33;375;13;77999;13
33;299;13;77123;2
33;33;13;11852;6
33;86;13;25888;8
33;41;13;12000;2
33;374;13;77888;2
33;83;13;77888;1
33;481;13;13333;10
33;57;13;13123;3
33;73;13;13700;5
33;53;13;55222;3
33;235;13;11040;1
33;87;13;40222;1
33;283;13;77777;5
33;280;13;25333;4
33;87;13;10111;2
33;98;13;13789;1
33;276;13;77999;3
33;1;13;77888;1
33;272;13;25222;3
33;302;13;25222;3
33;349;13;13013;4
33;481;13;77888;3
33;421;13;77190;6
33;277;13;10123;4
33;36;13;10222;6
33;42;13;12888;1
33;8;13;25111;4
33;373;13;25999;9
33;315;13;77999;10
33;100;13;12345;1
33;70;13;77999;9
33;473;13;10222;5
33;493;13;40123;12
33;439;13;13000;1
33;299;13;12222;5
33;61;13;25222;11
33;459;13;10123;5
33;206;13;40444;4
33;84;13;77888;5
33;93;13;10000;1
33;227;13;77333;1
33;477;13;25000;1
33;378;13;40234;1
33;40;13;77123;2
33;20;13;77777;7
33;473;13;40456;3
33;453;13;40244;1
33;227;13;25888;4
33;49;13;11777;1
33;60;13;10111;1
33;246;13;13013;3
33;40;13;11222;1
33;320;13;77190;9
33;268;13;40234;2
33;275;13;77777;1
33;311;13;13100;1
33;82;13;11852;2
33;477;13;11852;7
33;30;13;11852;4
33;438;13;77555;1
33;472;13;25222;2
33;102;13;13700;4
33;81;13;10111;3
33;227;13;25444;4
33;323;13;13700;1
33;421;13;13013;2
33;374;13;25222;2
33;77;13;77555;1
33;49;13;10777;4
33;23;13;25444;3
33;198;13;77456;1
33;80;13;25000;1
33;81;13;11852;8
33;300;13;13100;1
33;80;13;40111;1
33;310;13;77777;2
33;5;13;25333;8
33;436;13;13700;4
33;31;13;10111;2
33;53;13;77777;2
33;41;13;11852;4
33;75;13;77777;9
33;77;13;10777;3
33;77;13;11777;10
33;81;13;10800;3
33;20;13;40111;1
33;99;13;25190;2
33;472;13;25000;1
33;325;13;10777;2
33;435;13;77190;13
33;48;13;40111;1
33;373;13;25444;4
33;430;13;11852;5
33;38;13;13333;9
33;47;13;13123;1
33;87;13;12222;1
33;229;13;12789;2
33;47;13;40222;6
33;76;13;10110;1
33;388;13;55255;2
33;375;13;12999;1
33;332;13;55222;16
33;316;13;13013;1
33;41;13;10110;3
33;275;13;12345;4
33;47;13;25190;1
33;373;13;40123;2
33;280;13;77222;32
33;235;13;13123;5
33;372;13;11852;3
33;93;13;25222;1
33;205;13;40666;1
33;473;13;13444;3
33;473;13;96;2
33;37;13;11;1
33;63;13;10;1
33;325;13;10888;1
33;59;13;10888;2
33;497;13;12410;2
33;228;13;55888;1
33;55;13;55;1
33;68;13;10123;8
33;228;13;10123;2
33;14;13;13333;2
33;246;13;13123;3
33;258;13;77333;2
33;80;13;77000;5
33;319;13;12777;1
33;436;13;12999;3
33;456;13;55888;1
33;25;13;11040;1
33;229;13;13700;3
33;478;13;55123;2
33;246;13;11777;2
33;274;13;11777;15
33;364;13;40333;2
33;475;13;25000;2
33;376;13;11852;2
33;312;13;13100;2
33;71;13;11040;1
33;435;13;40222;2
33;373;13;77190;2
33;100;13;11;1
33;275;13;12;3
33;485;13;10888;3
33;10;13;11;2
33;203;13;13;2
33;203;13;40;2
33;54;13;13;1
33;37;13;10444;5
33;421;13;40123;5
33;32;13;10123;6
33;280;13;13700;2
33;258;13;11333;1
33;443;13;13333;5
33;33;13;40789;2
33;206;13;12012;7
33;461;13;10888;5
33;10;13;77333;4
33;281;13;11000;1
33;373;13;11;1
33;50;13;13456;1
33;247;13;12410;4
33;58;13;10123;15
33;72;13;55888;2
33;72;13;12123;2
33;427;13;77456;3
33;37;13;10123;8
33;312;13;10111;5
33;47;13;25999;4
33;439;13;13100;1
33;22;13;40456;1
33;1;13;25190;2
33;84;13;12000;5
33;382;13;25;1
33;355;13;10100;4
33;97;13;25444;1
33;38;13;13123;3
33;360;13;77456;2
33;456;13;11222;2
33;96;13;13000;2
33;210;13;10444;3
33;481;13;40333;7
33;8;13;40444;5
33;208;13;25222;2
33;274;13;11555;2
33;363;13;40;1
33;404;13;10;1
33;59;13;25;2
33;59;13;77;1
33;360;13;25555;11
33;1;13;55222;5
33;2;13;12123;1
33;352;13;10222;1
33;257;13;10123;4
33;234;13;40;1
33;65;13;40000;1
33;368;13;12012;16
33;386;13;13123;2
33;22;13;55123;3
33;69;13;77333;3
33;471;13;55222;9
33;443;13;10100;6
33;281;13;10111;84
33;63;13;25333;1
33;50;13;40222;5
33;323;13;77888;2
33;405;13;12789;1
33;309;13;10888;13
33;247;13;12777;2
33;52;13;25777;2
33;263;13;25444;4
33;5;13;13678;1
33;44;13;77456;1
33;92;13;55123;7
33;331;13;10123;17
33;287;13;10123;2
33;386;13;10888;5
33;332;13;55123;19
33;375;13;40456;1
33;44;13;12666;1
33;388;13;40234;2
33;456;13;12444;4
33;376;13;13000;3
33;274;13;13000;2
33;224;13;10555;1
33;34;13;40234;2
33;277;13;25999;11
33;254;13;12410;2
33;258;13;77000;1
33;374;13;77000;1
33;72;13;12410;8
33;499;13;11613;1
33;6;13;25111;8
33;208;13;55255;2
33;95;13;25111;3
33;23;13;55123;6
33;37;13;77999;4
33;53;13;12444;1
33;455;13;25999;14
33;6;13;11000;2
33;312;13;12444;1
33;69;13;40222;1
33;227;13;11040;1
33;332;13;10444;2
33;64;13;12410;1
33;271;13;77;2
33;258;13;40456;2
33;55;13;12666;1
33;52;13;55888;2
33;228;13;96;3
33;261;13;40;4
33;270;13;12;1
33;222;13;77077;1
33;272;13;11000;10
33;97;13;13333;2
33;80;13;55123;2
33;247;13;11000;12
33;76;13;77888;1
33;283;13;11000;14
33;309;13;25111;6
33;58;13;13678;4
33;75;13;25123;1
33;360;13;10123;4
33;388;13;13444;7
33;261;13;13444;2
33;270;13;25;1
33;20;13;25444;3
33;479;13;11777;5
33;246;13;12789;1
33;78;13;10123;9
33;65;13;10;2
33;65;13;11;1
33;473;13;12666;2
33;456;13;12410;5
33;451;13;12410;11
33;9;13;10222;4
33;74;13;40456;1
33;404;13;40123;2
33;270;13;10222;1
33;357;13;25111;3
33;55;13;77000;1
33;10;13;10123;1
33;478;13;25999;4
33;8;13;40222;3
33;461;13;77190;8
33;70;13;10222;10
33;379;13;40123;2
33;406;13;12222;1
33;90;13;10000;6
33;65;13;13;1
33;85;13;40456;3
33;71;13;40000;2
33;488;13;10123;7
33;4;13;12012;3
33;476;13;40000;1
33;309;13;12410;7
33;86;13;11;1
33;283;13;12;2
33;309;13;13111;1
33;33;13;10;4
33;262;13;13;3
33;22;13;11613;1
33;222;13;10;4
33;478;13;40;2
33;229;13;25;1
33;483;13;40;5
33;77;13;40;1
33;235;13;40;4
33;440;13;13;1
33;363;13;77456;3
33;9;13;12999;2
33;270;13;12345;7
33;5;13;77190;4
33;102;13;55888;1
33;34;13;11411;1
33;64;13;10;1
33;360;13;12666;3
33;38;13;12666;2
33;443;13;55111;2
33;22;13;12345;4
33;80;13;25555;12
33;97;13;12000;1
33;247;13;12345;3
33;456;13;11852;2
33;409;13;25222;1
33;439;13;25000;1
33;268;13;77190;4
33;21;13;77190;8
33;360;13;12123;1
33;40;13;77;1
33;198;13;55;1
33;39;13;40;1
33;205;13;10;1
33;5;13;10000;2
33;41;13;10000;2
33;386;13;11852;5
33;86;13;77123;1
33;246;13;11555;3
33;372;13;11555;13
33;49;13;25190;3
33;372;13;12345;5
33;372;13;13000;1
33;71;13;25444;1
33;76;13;25888;7
33;31;13;10444;5
33;87;13;25444;4
33;39;13;25190;6
33;32;13;10222;9
33;436;13;25555;11
33;399;13;55888;1
33;399;13;55255;2
33;355;13;25190;1
33;86;13;13678;1
33;277;13;10444;2
33;96;13;12789;7
33;32;13;40000;2
33;384;13;10222;4
33;385;13;12410;12
33;311;13;12345;1
33;100;13;40222;5
33;71;13;40222;4
33;6;13;40222;1
33;5;13;40222;1
33;41;13;11000;3
33;283;13;13333;5
33;16;13;13123;2
33;39;13;77888;24
33;15;13;10123;5
33;235;13;12777;1
33;42;13;12410;5
33;316;13;77777;10
33;427;13;25222;1
33;399;13;11852;10
33;363;13;25222;2
33;386;13;77123;1
33;229;13;25888;3
33;95;13;95;2
33;7;13;12000;1
33;414;13;13444;1
33;239;13;10100;2
33;7;13;10100;12
33;274;13;10444;4
33;439;13;25444;2
33;280;13;25999;9
33;439;13;55888;5
33;331;13;13678;1
33;476;13;10100;7
33;51;13;77555;3
33;493;13;13678;2
33;324;13;25555;5
33;63;13;77777;1
33;325;13;25222;1
33;10;13;13400;1
33;287;13;11555;4
33;245;13;11555;8
33;499;13;40222;1
33;474;13;77888;19
33;443;13;10000;2
33;453;13;10000;24
33;315;13;25999;7
33;22;13;55;1
33;386;13;10;2
33;2;13;77;1
33;492;13;96;4
33;74;13;13213;3
33;488;13;13213;7
33;24;13;13213;2
33;58;13;12666;2
33;311;13;55255;1
33;102;13;13213;1
33;266;13;13213;28
33;483;13;12777;1
33;7;13;95;4
33;23;13;96;5
33;41;13;96;2
33;21;13;96;2
33;198;13;12455;1
33;30;13;55777;1
33;44;13;13444;2
33;448;13;55777;1
33;32;13;13555;9
33;201;13;10123;4
33;44;13;25025;1
33;224;13;13789;2
33;61;13;13444;40
33;287;13;96;3
33;279;13;13213;13
33;379;13;95;1
33;413;13;13555;1
33;263;13;13444;1
33;356;13;77077;1
33;1;13;77077;1
33;378;13;13213;2
33;406;13;77999;3
33;311;13;40456;1
33;3;13;12999;2
33;70;13;40456;1
33;206;13;25190;3
33;413;13;77777;2
33;487;13;13555;1
33;453;13;13213;4
33;23;13;77190;8
33;31;13;13700;4
33;44;13;77190;10
33;44;13;40244;1
33;257;13;10444;1
33;404;13;25888;8
33;3;13;13555;1
33;475;13;77456;2
33;350;13;11555;6
33;79;13;25190;1
33;228;13;12345;5
33;481;13;10100;5
33;95;13;25222;10
33;54;13;11777;1
33;63;13;77190;2
33;3;13;11555;2
33;37;13;13700;2
33;82;13;11777;2
33;317;13;77190;29
33;32;13;25333;10
33;235;13;11555;3
33;421;13;13555;4
33;272;13;10444;4
33;81;13;10444;4
33;78;13;13213;4
33;388;13;25555;2
33;315;13;10222;1
33;261;13;77333;4
33;24;13;77999;6
33;61;13;77222;1
33;61;13;13123;3
33;61;13;12555;1
33;443;13;25190;5
33;332;13;25555;13
33;436;13;40234;3
33;258;13;13400;1
33;86;13;10100;12
33;413;13;11555;2
33;455;13;10100;4
33;247;13;25222;1
33;381;13;77190;16
33;312;13;13700;1
33;34;13;25111;7
33;52;13;13100;3
33;285;13;77999;2
33;311;13;25888;4
33;36;13;25444;3
33;451;13;13213;8
33;64;13;77777;16
33;70;13;13444;3
33;74;13;25555;5
33;57;13;12345;14
33;281;13;96;4
33;30;13;40444;3
33;475;13;25888;7
33;265;13;40444;8
33;24;13;25333;21
33;301;13;11777;7
33;21;13;10110;3
33;350;13;25190;1
33;88;13;25222;1
33;261;13;25222;2
33;76;13;11852;3
33;357;13;25190;4
33;24;13;11852;5
33;427;13;40444;7
33;312;13;25555;1
33;443;13;12345;3
33;22;13;55777;1
33;88;13;13700;1
33;51;13;10800;5
33;81;13;13013;1
33;266;13;13700;1
33;481;13;55222;3
33;76;13;77777;4
33;5;13;25222;1
33;65;13;40333;1
33;453;13;25333;5
33;332;13;40333;1
33;201;13;10800;3
33;421;13;77999;9
33;421;13;40444;3
33;81;13;77999;10
33;81;13;40555;2
33;356;13;95;3
33;25;13;11777;3
33;363;13;10777;6
33;376;13;55123;3
33;18;13;77333;2
33;2;13;11555;3
33;11;13;25444;5
33;265;13;13000;3
33;81;13;77077;1
33;436;13;96;8
33;69;13;77190;3
33;75;13;13000;2
33;246;13;10555;3
33;30;13;11555;4
33;203;13;25222;2
33;470;13;77777;10
33;84;13;11777;1
33;73;13;77333;3
33;73;13;40444;6
33;41;13;13213;4
33;322;13;13444;2
33;482;13;40333;2
33;262;13;25333;1
33;258;13;10800;1
33;4;13;77888;4
33;399;13;25333;19
33;399;13;10800;1
33;285;13;40333;2
33;59;13;77999;3
33;10;13;13555;2
33;61;13;95;1
33;44;13;10222;6
33;36;13;13213;4
33;488;13;40123;14
33;33;13;10222;11
33;88;13;95;5
33;63;13;12444;6
33;39;13;10222;5
33;19;13;11000;1
33;421;13;10123;8
33;368;13;77888;17
33;275;13;13123;5
33;479;13;40444;3
33;266;13;13333;11
33;18;13;13333;9
33;19;13;77888;45
33;258;13;12455;1
33;363;13;10110;1
33;97;13;13000;1
33;332;13;13678;2
33;287;13;11000;3
33;58;13;40789;8
33;455;13;40333;3
33;499;13;13700;1
33;25;13;13;1
33;95;13;77888;2
33;261;13;25333;11
33;299;13;55222;2
33;55;13;11040;2
33;438;13;40222;7
33;88;13;77888;7
33;33;13;10110;1
33;276;13;12410;1
33;4;13;13333;2
33;206;13;25222;2
33;485;13;13700;2
33;451;13;11;1
33;472;13;10;4
33;482;13;25;1
33;454;13;55222;1
33;11;13;12777;3
33;234;13;25888;4
33;41;13;13000;1
33;311;13;12012;18
33;493;13;12666;1
33;499;13;12666;2
33;299;13;10800;2
33;378;13;40333;2
33;283;13;10000;7
33;265;13;12;4
33;227;13;12999;1
33;438;13;77000;9
33;100;13;55255;1
33;265;13;40234;2
33;33;13;13678;1
33;455;13;11613;1
33;399;13;10111;1
33;311;13;11222;1
33;299;13;40444;6
33;299;13;10111;1
33;93;13;10123;10
33;38;13;40123;1
33;310;13;12455;1
33;376;13;10111;1
33;378;13;77000;6
33;479;13;55888;2
33;262;13;10888;4
33;71;13;55888;2
33;71;13;11222;1
33;323;13;77190;3
33;461;13;10100;3
33;37;13;12666;1
33;9;13;55888;1
33;60;13;11777;1
33;19;13;10000;1
33;11;13;12222;4
33;310;13;25111;18
33;198;13;25555;9
33;317;13;25555;3
33;224;13;25555;6
33;404;13;77999;9
33;37;13;10888;5
33;472;13;12666;1
33;42;13;25111;4
33;382;13;40000;5
33;254;13;10123;4
33;2;13;55222;2
33;88;13;55222;2
33;356;13;40244;3
33;83;13;77190;8
33;38;13;55222;1
33;399;13;10;1
33;385;13;10;2
33;482;13;10888;7
33;77;13;12999;1
33;272;13;25999;6
33;283;13;10111;3
33;96;13;13789;1
33;49;13;10800;3
33;38;13;13100;1
33;15;13;55666;1
33;196;13;95;2
33;470;13;25555;3
33;287;13;25555;2
33;14;13;12345;4
33;4;13;25111;5
33;9;13;25111;6
33;299;13;25999;2
33;42;13;12123;1
33;409;13;10222;7
33;81;13;10777;3
33;481;13;11777;2
33;309;13;77190;17
33;232;13;55;3
33;280;13;12;1
33;454;13;12;1
33;42;13;77;1
33;203;13;25025;1
33;317;13;12222;1
33;287;13;12222;1
33;234;13;77888;2
33;375;13;55111;2
33;280;13;25444;2
33;364;13;77456;4
33;206;13;77190;12
33;493;13;11222;2
33;309;13;10000;5
33;427;13;77000;2
33;483;13;25999;9
33;8;13;40456;1
33;363;13;25025;1
33;349;13;10789;1
33;77;13;12222;5
33;317;13;55777;2
33;16;13;77999;2
33;79;13;11333;2
33;357;13;13;2
33;349;13;11852;3
33;280;13;25888;14
33;210;13;25444;8
33;72;13;13111;1
33;77;13;11222;1
33;235;13;11777;3
33;229;13;10000;3
33;363;13;12222;3
33;487;13;12012;4
33;235;13;40123;9
33;375;13;13111;1
33;427;13;40000;2
33;11;13;10333;1
33;100;13;25000;2
33;257;13;25000;1
33;481;13;11852;8
33;7;13;40333;4
33;71;13;77999;9
33;475;13;11222;3
33;95;13;40444;3
33;82;13;25444;1
33;443;13;77333;2
33;70;13;40555;3
33;7;13;40789;4
33;311;13;40333;2
33;9;13;77123;4
33;360;13;25888;2
33;30;13;25888;3
33;268;13;25888;1
33;198;13;77000;5
33;32;13;25999;18
33;238;13;40444;18
33;485;13;40444;1
33;41;13;77333;3
33;93;13;11333;1
33;97;13;13013;1
33;38;13;40333;1
33;102;13;25190;6
33;201;13;40444;1
33;7;13;77999;6
33;356;13;13333;9
33;356;13;10111;1
33;96;13;13456;6
33;196;13;25111;9
33;271;13;12410;2
33;40;13;77333;4
33;23;13;40100;2
33;34;13;12012;5
33;356;13;11000;2
33;350;13;25444;4
33;224;13;10;2
33;49;13;40555;2
33;272;13;13400;1
33;234;13;10444;2
33;205;13;10444;4
33;245;13;40234;1
33;263;13;10222;8
33;287;13;40444;1
33;34;13;77777;11
33;23;13;77777;9
33;483;13;25222;2
33;83;13;11555;3
33;439;13;10111;1
33;6;13;77333;5
33;205;13;77999;10
33;97;13;10000;4
33;270;13;13000;5
33;254;13;25888;6
33;493;13;25888;6
33;86;13;25444;3
33;247;13;77456;4
33;83;13;13123;2
33;201;13;11112;1
33;499;13;11555;5
33;443;13;55222;1
33;41;13;40;2
33;481;13;10;3
33;1;13;77123;1
33;438;13;55111;3
33;52;13;12012;4
33;287;13;25222;10
33;48;13;12222;6
33;299;13;10123;6
33;356;13;25222;2
33;205;13;40789;2
33;311;13;40244;1
33;493;13;10777;6
33;497;13;25555;6
33;309;13;11314;1
33;48;13;13678;2
33;70;13;11333;3
33;481;13;40000;1
33;481;13;12012;12
33;22;13;25444;4
33;16;13;77777;7
33;276;13;13000;1
33;263;13;10110;1
33;2;13;77456;2
33;63;13;25190;2
33;261;13;55133;1
33;477;13;11444;1
33;302;13;13100;2
33;454;13;25444;1
33;14;13;77777;1
33;461;13;40234;6
33;375;13;11555;4
33;16;13;40333;3
33;40;13;25333;10
33;50;13;77190;19
33;64;13;11777;2
33;21;13;40234;3
33;50;13;13555;3
33;311;13;10100;4
33;331;13;25444;1
33;363;13;13100;3
33;24;13;11112;2
33;57;13;77777;12
33;430;13;11555;6
33;490;13;11852;4
33;355;13;25444;1
33;54;13;11852;1
33;48;13;25111;8
33;37;13;25222;8
33;83;13;40111;1
33;222;13;25888;10
33;51;13;40111;1
33;331;13;12666;17
33;477;13;12410;8
33;324;13;10555;28
33;324;13;55133;1
33;71;13;77777;8
33;198;13;40333;1
33;265;13;13013;1
33;404;13;77777;9
33;382;13;40111;1
33;487;13;10000;1
33;99;13;12555;1
33;6;13;96;5
33;8;13;25222;2
33;4;13;10110;1
33;262;13;25555;10
33;36;13;25555;7
33;85;13;12345;4
33;86;13;25555;6
33;224;13;77777;7
33;63;13;96;1
33;421;13;77888;6
33;100;13;77777;19
33;299;13;10000;3
33;22;13;12789;2
33;386;13;96;6
33;205;13;10000;1
33;238;13;77190;8
33;263;13;55222;6
33;451;13;10800;1
33;100;13;13123;1
33;435;13;12123;2
33;86;13;25000;4
33;439;13;25555;8
33;73;13;40000;3
33;10;13;12999;2
33;228;13;10333;1
33;317;13;13333;1
33;299;13;11777;4
33;229;13;40000;4
33;205;13;40222;1
33;63;13;10222;1
33;222;13;40444;5
33;100;13;77888;41
33;375;13;40123;6
33;470;13;40123;7
33;477;13;11000;2
33;301;13;12123;1
33;51;13;13000;3
33;37;13;40555;1
33;483;13;77888;4
33;210;13;10110;4
33;421;13;25190;3
33;311;13;11000;3
33;349;13;13333;2
33;74;13;10789;1
33;229;13;10222;8
33;301;13;40123;9
33;36;13;11;1
33;263;13;11;1
33;263;13;12;3
33;443;13;11;1
33;34;13;25;1
33;71;13;25111;11
33;79;13;10777;9
33;257;13;10000;1
33;37;13;12222;6
33;51;13;10555;1
33;287;13;10555;4
33;98;13;77000;3
33;61;13;10888;2
33;83;13;77999;1
33;499;13;40456;5
33;32;13;55123;1
33;322;13;10345;6
33;93;13;40123;5
33;19;13;25111;5
33;490;13;40234;1
33;99;13;12222;2
33;355;13;77777;6
33;11;13;40222;1
33;364;13;12012;14
33;16;13;13000;2
33;30;13;10222;1
33;81;13;40123;7
33;459;13;13400;2
33;472;13;10555;1
33;14;13;10000;1
33;95;13;25999;1
33;32;13;10000;4
33;374;13;13678;24
33;255;13;77333;2
33;461;13;12012;4
33;471;13;40;2
33;39;13;25444;3
33;41;13;11613;1
33;79;13;25999;1
33;52;13;77555;3
33;208;13;77555;3
33;31;13;77999;7
33;474;13;12777;4
33;10;13;10777;4
33;436;13;10777;2
33;276;13;25;3
33;24;13;77123;1
33;438;13;10555;1
33;8;13;12410;2
33;30;13;77888;3
33;205;13;77190;12
33;384;13;25333;8
33;50;13;40789;1
33;350;13;77999;1
33;32;13;13000;2
33;409;13;10800;3
33;470;13;55888;4
33;309;13;10100;9
33;18;13;11555;12
33;283;13;40789;1
33;443;13;13789;1
33;17;13;12;1
33;201;13;40222;3
33;475;13;25999;1
33;97;13;10777;1
33;87;13;55123;2
33;22;13;13123;4
33;325;13;12777;5
33;382;13;13;1
33;71;13;40;4
33;475;13;77000;3
33;90;13;11000;10
33;2;13;13700;1
33;235;13;40789;2
33;404;13;40789;5
33;2;13;40444;1
33;3;13;40333;3
33;443;13;11411;1
33;453;13;11411;2
33;196;13;11000;4
33;222;13;13333;8
33;14;13;12222;3
33;9;13;25888;5
33;235;13;10800;2
33;277;13;25333;2
33;302;13;10222;2
33;210;13;77111;1
33;430;13;40222;3
33;10;13;10333;1
33;436;13;77000;1
33;483;13;11040;1
33;70;13;12444;1
33;443;13;77777;20
33;36;13;11000;1
33;201;13;11040;1
33;349;13;10110;1
33;95;13;11000;1
33;301;13;10888;8
33;78;13;12666;1
33;83;13;12444;1
33;229;13;10888;1
33;31;13;40789;1
33;384;13;10888;4
33;38;13;40444;4
33;44;13;55666;2
33;481;13;10222;4
33;316;13;13678;1
33;8;13;77190;3
33;19;13;10123;11
33;472;13;40000;2
33;332;13;55;1
33;350;13;10;1
33;227;13;77123;1
33;481;13;12666;4
33;278;13;40;6
33;271;13;11;3
33;271;13;40;3
33;258;13;25999;7
33;488;13;40222;4
33;499;13;11000;1
33;60;13;13333;3
33;477;13;40222;2
33;479;13;13213;7
33;381;13;40222;3
33;265;13;11040;1
33;488;13;12012;6
33;271;13;10;2
33;279;13;25999;2
33;499;13;12999;1
33;301;13;11000;4
33;98;13;11000;4
33;47;13;96;5
33;477;13;13333;3
33;21;13;13333;3
33;388;13;96;5
33;98;13;13444;1
33;98;13;96;10
33;203;13;13000;5
33;32;13;10888;8
33;81;13;25888;15
33;478;13;13000;2
33;470;13;55255;1
33;491;13;11777;1
33;42;13;12012;2
33;324;13;10222;1
33;51;13;25123;1
33;435;13;10888;4
33;24;13;10110;2
33;323;13;25888;1
33;438;13;95;2
33;320;13;12666;2
33;448;13;55888;1
33;483;13;10777;1
33;301;13;55111;1
33;5;13;77000;4
33;413;13;25999;7
33;451;13;40100;1
33;499;13;40000;1
33;52;13;40000;1
33;198;13;12222;3
33;48;13;10222;4
33;9;13;40123;7
33;246;13;40456;3
33;451;13;55255;1
33;98;13;25025;1
33;227;13;12222;1
33;84;13;10444;3
33;443;13;10333;2
33;368;13;40456;4
33;79;13;10;3
33;38;13;12012;4
33;388;13;40;1
33;309;13;95;1
33;316;13;12410;12
33;476;13;11;3
33;312;13;40;1
33;57;13;25;3
33;98;13;13;1
33;98;13;77;1
33;76;13;40;2
33;262;13;10;2
33;208;13;77;1
33;85;13;10;1
33;388;13;55;1
33;51;13;40;3
33;8;13;10100;9
33;283;13;77;1
33;268;13;12;1
33;268;13;40;2
33;285;13;77;1
33;325;13;13;1
33;64;13;13;1
33;64;13;77;1
33;472;13;95;1
33;263;13;13213;4
33;77;13;40234;2
33;74;13;95;3
33;99;13;77777;12
33;99;13;11444;1
33;5;13;40244;3
33;41;13;40244;1
33;102;13;11613;1
33;483;13;77456;1
33;20;13;12;2
33;246;13;77190;6
33;360;13;12410;13
33;102;13;12666;3
33;258;13;10555;3
33;6;13;12345;2
33;360;13;55888;1
33;475;13;40234;1
33;300;13;10000;1
33;300;13;25;1
33;19;13;55;1
33;81;13;11;2
33;37;13;11222;2
33;405;13;11852;2
33;276;13;10100;5
33;70;13;13555;2
33;275;13;13555;1
33;86;13;13000;1
33;2;13;77123;3
33;439;13;10100;7
33;363;13;25888;1
33;47;13;77777;15
33;86;13;11555;1
33;24;13;25190;2
33;42;13;25222;1
33;316;13;10555;1
33;25;13;77000;6
33;299;13;25111;6
33;472;13;40456;1
33;356;13;25999;6
33;299;13;11555;4
33;485;13;11852;4
33;238;13;13100;1
33;483;13;77777;5
33;224;13;11112;1
33;1;13;25999;2
33;381;13;10345;1
33;435;13;12345;2
33;88;13;13000;3
33;493;13;11555;5
33;10;13;55123;2
33;299;13;12410;8
33;235;13;12410;10
33;363;13;12410;10
33;6;13;40;2
33;3;13;10100;8
33;320;13;25444;6
33;16;13;77456;1
33;375;13;13100;1
33;436;13;13100;3
33;421;13;12345;5
33;414;13;12000;5
33;51;13;77777;12
33;51;13;10100;5
33;287;13;10100;4
33;59;13;13100;3
33;85;13;11000;4
33;385;13;12999;2
33;100;13;13333;1
33;312;13;11000;1
33;78;13;11040;1
33;364;13;12444;2
33;459;13;12666;4
33;25;13;13213;6
33;492;13;13444;16
33;475;13;96;8
33;427;13;12410;9
33;87;13;40456;3
33;483;13;96;3
33;320;13;25999;1
33;96;13;13555;3
33;299;13;13213;6
33;205;13;25025;1
33;100;13;12455;1
33;49;13;10222;2
33;485;13;10222;5
33;323;13;13444;1
33;93;13;96;6
33;7;13;13555;2
33;399;13;13444;2
33;17;13;13555;1
33;376;13;13555;1
33;349;13;77077;2
33;448;13;12410;2
33;198;13;40444;6
33;50;13;25025;1
33;470;13;77999;16
33;82;13;10111;21
33;320;13;77777;4
33;382;13;25000;1
33;37;13;55123;2
33;201;13;12345;4
33;270;13;11852;2
33;373;13;12345;1
33;24;13;11777;2
33;227;13;13555;2
33;349;13;13213;4
33;205;13;11852;10
33;468;13;11555;8
33;430;13;10100;5
33;82;13;55222;1
33;32;13;40333;4
33;79;13;11777;7
33;435;13;13678;4
33;349;13;25888;6
33;102;13;10800;1
33;491;13;25222;1
33;364;13;40234;8
33;459;13;25888;5
33;454;13;25888;6
33;357;13;25444;2
33;421;13;10444;8
33;438;13;10444;8
33;11;13;40444;9
33;86;13;13700;3
33;413;13;25333;3
33;80;13;13213;8
33;311;13;11555;12
33;336;13;12345;6
33;261;13;40555;1
33;323;13;10111;1
33;96;13;77333;2
33;75;13;10222;4
33;302;13;25190;7
33;311;13;77999;2
33;399;13;77999;3
33;279;13;10100;1
33;459;13;13100;1
33;247;13;10100;20
33;378;13;25190;5
33;360;13;10777;3
33;53;13;77190;5
33;364;13;55222;15
33;61;13;77;2
33;196;13;10444;7
33;84;13;11852;2
33;285;13;77333;3
33;76;13;10444;8
33;51;13;13123;1
33;277;13;11777;1
33;239;13;10444;2
33;375;13;13155;1
33;80;13;13400;1
33;262;13;77777;12
33;500;13;77555;1
33;86;13;13400;1
33;8;13;10123;6
33;309;13;77999;7
33;474;13;10444;7
33;71;13;95;6
33;474;13;25888;2
33;98;13;77077;2
33;246;13;77123;3
33;228;13;10100;9
33;492;13;77777;12
33;201;13;25333;4
33;388;13;77333;4
33;399;13;12789;1
33;374;13;40333;1
33;72;13;77190;17
33;75;13;10110;2
33;224;13;13123;1
33;4;13;13123;3
33;203;13;77777;4
33;5;13;11112;2
33;331;13;10100;3
33;302;13;25333;18
33;404;13;40333;1
33;198;13;77077;2
33;299;13;77077;2
33;479;13;77123;2
33;405;13;77999;4
33;44;13;10110;1
33;266;13;77999;2
33;275;13;40333;8
33;324;13;40333;1
33;472;13;10800;3
33;38;13;95;2
33;37;13;13444;9
33;83;13;13444;3
33;271;13;96;3
33;470;13;13213;10
33;203;13;13444;3
33;430;13;13555;2
33;235;13;13444;1
33;19;13;40123;6
33;228;13;13555;4
33;224;13;55666;1
33;278;13;10123;31
33;301;13;13213;8
33;229;13;55666;1
33;482;13;55777;1
33;406;13;13444;2
33;349;13;13123;1
33;316;13;13123;2
33;319;13;95;1
33;229;13;13333;4
33;7;13;40222;1
33;20;13;40100;1
33;59;13;96;3
33;44;13;11040;1
33;23;13;13444;1
33;265;13;95;1
33;374;13;40222;3
33;25;13;11411;1
33;454;13;40123;1
33;254;13;12012;14
33;76;13;13333;4
33;421;13;10110;1
33;21;13;11000;7
33;440;13;13333;6
33;36;13;77888;39
33;24;13;55123;5
33;206;13;55133;1
33;245;13;25222;1
33;436;13;11852;1
33;235;13;25000;1
33;372;13;25888;4
33;399;13;11777;2
33;18;13;25555;11
33;4;13;10800;2
33;352;13;13013;1
33;499;13;10111;1
33;430;13;10111;1
33;72;13;55;1
33;487;13;77123;2
33;262;13;10777;1
33;268;13;77999;1
33;21;13;11333;2
33;208;13;25333;6
33;100;13;25333;8
33;355;13;10;1
33;102;13;12123;4
33;430;13;55123;4
33;83;13;10777;1
33;481;13;77999;7
33;90;13;12345;2
33;378;13;10777;2
33;90;13;12777;2
33;481;13;25888;4
33;52;13;12410;6
33;386;13;10800;3
33;224;13;12666;2
33;399;13;10444;11
33;272;13;25111;21
33;325;13;40456;2
33;283;13;77190;4
33;82;13;12410;2
33;196;13;25999;8
33;63;13;10444;1
33;268;13;13013;1
33;265;13;40;2
33;468;13;25;1
33;14;13;25;2
33;44;13;10000;1
33;468;13;55123;3
33;271;13;10000;3
33;33;13;40234;3
33;8;13;10000;2
33;487;13;13013;1
33;454;13;77333;1
33;74;13;10777;2
33;98;13;13013;5
33;385;13;77190;5
33;497;13;25333;10
33;479;13;55111;1
33;487;13;13700;1
33;477;13;40333;8
33;31;13;77888;5
33;461;13;12777;1
33;3;13;40;4
33;455;13;55255;1
33;100;13;13013;1
33;455;13;10000;3
33;70;13;40789;1
33;356;13;40789;1
33;315;13;25190;2
33;299;13;77000;4
33;376;13;10123;5
33;63;13;10888;17
33;51;13;55111;3
33;279;13;10222;1
33;406;13;10789;1
33;86;13;10123;2
33;478;13;12345;1
33;285;13;77190;2
33;372;13;77190;16
33;312;13;10000;1
33;454;13;77000;2
33;382;13;12222;2
33;279;13;40123;4
33;38;13;10789;2
33;2;13;12666;1
33;2;13;12410;5
33;500;13;77190;10
33;30;13;13700;2
33;21;13;13700;4
33;439;13;10888;5
33;239;13;25111;12
33;7;13;25111;8
33;39;13;13111;1
33;65;13;77000;1
33;350;13;12410;2
33;276;13;10888;22
33;210;13;10222;5
33;258;13;40000;1
33;37;13;77190;7
33;7;13;10123;3
33;7;13;40;2
33;272;13;55;1
33;42;13;10;1
33;40;13;12012;1
33;51;13;12222;2
33;427;13;40456;4
33;263;13;40456;2
33;483;13;25444;4
33;475;13;25444;2
33;22;13;25222;1
33;399;13;13013;2
33;493;13;10111;6
33;49;13;40333;5
33;263;13;11777;1
33;384;13;40555;1
33;454;13;10777;4
33;39;13;12455;4
33;222;13;13789;1
33;37;13;12455;4
33;435;13;95;1
33;16;13;40789;4
33;459;13;13333;13
33;287;13;77333;4
33;277;13;25888;1
33;331;13;96;6
33;399;13;55222;4
33;49;13;25333;1
33;2;13;10000;3
33;227;13;12555;2
33;435;13;77077;1
33;39;13;40555;2
33;8;13;11613;1
33;235;13;11000;1
33;257;13;77333;2
33;451;13;55777;1
33;20;13;25111;10
33;287;13;12410;2
33;11;13;77190;3
33;413;13;11852;2
33;364;13;96;2
33;99;13;13213;5
33;239;13;25999;14
33;404;13;10111;2
33;385;13;12444;1
33;456;13;77999;5
33;16;13;10888;2
33;14;13;25555;2
33;1;13;13333;2
33;87;13;40333;3
33;439;13;25333;7
33;357;13;10111;2
33;7;13;25333;7
33;488;13;11333;5
33;451;13;77999;13
33;376;13;40555;1
33;372;13;25111;5
33;492;13;25999;3
33;323;13;25111;60
33;40;13;12410;4
33;350;13;25333;1
33;235;13;13700;1
33;372;13;77333;1
33;34;13;40222;1
33;479;13;12666;3
33;283;13;25555;5
33;470;13;25444;7
33;44;13;11333;3
33;352;13;77999;1
33;196;13;77999;17
33;75;13;77190;9
33;3;13;25190;1
33;19;13;13678;2
33;316;13;40444;3
33;479;13;77222;1
33;406;13;10333;2
33;58;13;40123;8
33;317;13;40444;17
33;100;13;40444;2
33;72;13;40444;1
33;7;13;10800;3
33;478;13;11111;1
33;54;13;77456;3
33;491;13;11555;3
33;382;13;25222;3
33;277;13;13700;1
33;375;13;10800;1
33;381;13;10000;2
33;83;13;55222;1
33;38;13;10800;2
33;461;13;77888;5
33;235;13;55999;1
33;3;13;10222;5
33;406;13;12012;10
33;385;13;40333;2
33;25;13;25222;3
33;459;13;10555;1
33;52;13;40555;3
33;287;13;12000;7
33;224;13;13155;1
33;481;13;12789;1
33;478;13;12222;5
33;87;13;13000;4
33;356;13;10555;1
33;76;13;77123;3
33;33;13;11555;1
33;78;13;77555;2
33;73;13;10111;4
33;280;13;55222;12
33;461;13;25190;3
33;382;13;40789;1
33;42;13;10100;12
33;48;13;40444;4
33;474;13;12345;1
33;245;13;40444;2
33;60;13;13678;1
33;493;13;25444;7
33;254;13;25444;4
33;257;13;12345;3
33;456;13;10222;4
33;285;13;13000;1
33;74;13;77123;3
33;491;13;12000;1
33;206;13;13013;4
33;257;13;55;1
33;386;13;11000;7
33;421;13;25555;18
33;246;13;40222;4
33;50;13;13000;2
33;48;13;10100;8
33;427;13;25555;17
33;37;13;40333;1
33;222;13;55222;4
33;21;13;11852;5
33;320;13;13555;4
33;229;13;40234;3
33;57;13;10100;2
33;88;13;25190;4
33;471;13;13700;2
33;203;13;25444;5
33;16;13;25333;7
33;201;13;55222;3
33;40;13;10800;1
33;266;13;10800;24
33;32;13;13123;3
33;375;13;77456;2
33;275;13;10456;1
33;488;13;77777;7
33;79;13;77555;2
33;477;13;25222;1
33;92;13;25444;1
33;19;13;25999;8
33;409;13;12410;13
33;257;13;11852;1
33;404;13;55222;2
33;302;13;40234;6
33;436;13;10444;9
33;436;13;77456;3
33;430;13;13678;1
33;11;13;55222;2
33;22;13;25000;2
33;287;13;11852;3
33;479;13;25222;1
33;376;13;40333;1
33;376;13;25333;27
33;222;13;25333;9
33;455;13;13700;5
33;201;13;77777;9
33;232;13;10100;3
33;482;13;25222;2
33;85;13;55222;26
33;32;13;13700;4
33;471;13;11852;1
33;409;13;13100;1
33;100;13;96;4
33;266;13;25000;3
33;301;13;25190;3
33;278;13;55123;1
33;492;13;13700;1
33;277;13;96;4
33;10;13;77190;2
33;201;13;12000;1
33;74;13;12345;3
33;384;13;11040;5
33;268;13;11000;11
33;266;13;13100;3
33;378;13;12789;4
33;2;13;12222;4
33;44;13;13333;3
33;470;13;12555;1
33;276;13;11333;3
33;85;13;10777;1
33;30;13;11000;4
33;222;13;11852;11
33;82;13;77999;2
33;483;13;13123;38
33;238;13;40222;1
33;386;13;12222;4
33;386;13;12012;7
33;363;13;55666;1
33;363;13;10123;10
33;77;13;77123;1
33;443;13;12;1
33;453;13;25;1
33;84;13;77;1
33;73;13;12999;2
33;316;13;40244;1
33;60;13;25;1
33;60;13;77;1
33;272;13;25190;3
33;74;13;40000;2
33;25;13;10222;10
33;87;13;40123;2
33;265;13;12012;14
33;475;13;10222;6
33;37;13;13;1
33;461;13;10;4
33;272;13;10222;2
33;82;13;13789;1
33;258;13;25888;6
33;443;13;40;1
33;58;13;12;2
33;76;13;25111;11
33;451;13;12777;2
33;14;13;77888;2
33;3;13;77190;2
33;60;13;10;3
33;196;13;12222;4
33;87;13;13700;3
33;500;13;77333;1
33;79;13;13000;3
33;36;13;77999;2
33;302;13;40222;3
33;473;13;77190;17
33;224;13;10777;3
33;364;13;25333;5
33;3;13;77999;1
33;3;13;11333;1
33;285;13;77777;14
33;285;13;10100;7
33;205;13;12410;8
33;75;13;12012;8
33;24;13;13100;2
33;54;13;12410;1
33;472;13;12345;1
33;355;13;12345;1
33;261;13;11613;1
33;478;13;10123;2
33;386;13;40456;2
33;453;13;25555;6
33;99;13;12789;3
33;25;13;12000;1
33;92;13;10444;1
33;473;13;40234;5
33;224;13;25190;6
33;96;13;10123;2
33;79;13;10444;11
33;9;13;12222;2
33;386;13;13155;1
33;440;13;40789;3
33;477;13;10444;7
33;386;13;13678;1
33;205;13;40244;2
33;384;13;10111;3
33;222;13;77000;4
33;224;13;40123;5
33;16;13;13013;1
33;48;13;13013;1
33;278;13;25333;1
33;44;13;11555;2
33;235;13;11852;6
33;11;13;77999;3
33;375;13;10777;5
33;205;13;10999;1
33;482;13;40;2
33;31;13;12123;1
33;21;13;25333;14
33;99;13;25333;3
33;72;13;25222;1
33;76;13;10999;1
33;388;13;10111;2
33;283;13;25999;7
33;47;13;40333;4
33;363;13;10;1
33;71;13;77;2
33;309;13;13;1
33;299;13;11;1
33;280;13;40234;3
33;414;13;12;2
33;488;13;10;1
33;203;13;11000;4
33;279;13;55888;1
33;319;13;40333;3
33;363;13;77999;13
33;301;13;77000;4
33;206;13;10555;1
33;439;13;13123;3
33;75;13;55255;1
33;64;13;77888;1
33;323;13;10444;1
33;15;13;25888;4
33;31;13;40234;1
33;459;13;13700;3
33;22;13;40444;3
33;3;13;25444;5
33;470;13;13155;1
33;349;13;12222;2
33;332;13;10222;3
33;302;13;40123;1
33;78;13;40789;1
33;323;13;13123;1
33;16;13;25999;3
33;384;13;77190;9
33;74;13;77333;4
33;72;13;77999;9
33;373;13;40333;1
33;100;13;11040;6
33;33;13;55123;4
33;99;13;13333;6
33;405;13;12222;1
33;475;13;12666;1
33;436;13;40456;4
33;263;13;77888;1
33;33;13;13333;3
33;360;13;11333;4
33;479;13;96;4
33;70;13;10444;4
33;320;13;77888;2
33;490;13;77888;1
33;372;13;40222;2
33;376;13;10555;3
33;79;13;10222;9
33;413;13;10123;7
33;372;13;13333;3
33;470;13;10123;9
33;37;13;12012;4
33;84;13;10222;13
33;316;13;10222;7
33;487;13;25111;4
33;77;13;55255;3
33;69;13;55255;1
33;64;13;12000;2
33;378;13;10789;3
33;86;13;12012;2
33;16;13;40222;2
33;93;13;13333;13
33;246;13;25111;4
33;17;13;77888;42
33;86;13;11000;1
33;198;13;13333;5
33;2;13;77888;3
33;409;13;11333;1
33;99;13;11333;3
33;71;13;11000;2
33;53;13;11000;1
33;16;13;12444;1
33;301;13;10333;1
33;17;13;13123;1
33;436;13;25444;3
33;363;13;40234;2
33;265;13;96;2
33;254;13;55;4
33;356;13;96;4
33;42;13;96;2
33;404;13;25111;9
33;21;13;12666;2
33;30;13;12410;2
33;477;13;55888;2
33;222;13;55888;1
33;95;13;40123;1
33;476;13;55666;1
33;6;13;10555;2
33;384;13;40234;6
33;490;13;12666;1
33;90;13;11040;2
33;50;13;12777;1
33;68;13;12012;39
33;372;13;40000;1
33;473;13;40100;1
33;72;13;12012;2
33;285;13;10222;3
33;206;13;55111;1
33;100;13;10789;1
33;385;13;40234;4
33;68;13;25999;9
33;488;13;25999;6
33;404;13;10222;9
33;275;13;10222;1
33;473;13;12012;2
33;198;13;40100;1
33;61;13;10789;2
33;456;13;25111;8
33;499;13;10123;6
33;90;13;11777;3
33;497;13;40234;1
33;487;13;40234;1
33;356;13;10444;4
33;356;13;77456;2
33;316;13;12666;1
33;203;13;40123;1
33;246;13;12410;4
33;378;13;11613;1
33;86;13;12;1
33;87;13;25;1
33;246;13;10;2
33;1;13;13555;2
33;476;13;77;1
33;476;13;25;1
33;31;13;10;1
33;283;13;40;3
33;15;13;96;4
33;57;13;13;1
33;228;13;77;1
33;356;13;77;1
33;471;13;13213;3
33;301;13;95;3
33;246;13;77077;1
33;33;13;25;2
33;49;13;55;1
33;196;13;13;1
33;196;13;40;4
33;61;13;12;1
33;331;13;13;1
33;477;13;13555;4
33;11;13;13213;2
33;405;13;13;2
33;247;13;25999;5
33;386;13;12000;1
33;36;13;40234;2
33;271;13;55255;2
33;16;13;77190;4
33;50;13;11555;4
33;285;13;12000;5
33;39;13;12345;1
33;473;13;13100;1
33;409;13;10100;12
33;10;13;11852;3
33;23;13;13789;2
33;14;13;11777;2
33;20;13;25;2
33;274;13;12777;1
33;99;13;12777;1
33;406;13;25;1
33;19;13;10;1
33;276;13;77777;8
33;205;13;77777;3
33;278;13;40444;1
33;68;13;11555;16
33;378;13;13000;2
33;356;13;12345;9
33;381;13;12000;2
33;52;13;25555;4
33;436;13;25190;2
33;456;13;25888;5
33;316;13;77555;1
33;93;13;77456;1
33;439;13;25888;14
33;388;13;10555;37
33;227;13;10444;8
33;483;13;77000;5
33;42;13;10789;2
33;17;13;12777;1
33;315;13;40333;6
33;3;13;77777;5
33;20;13;13678;1
33;16;13;10444;8
33;96;13;13013;1
33;483;13;10333;7
33;320;13;12345;2
33;50;13;12345;4
33;50;13;25444;9
33;31;13;77777;7
33;32;13;13013;2
33;324;13;12777;2
33;15;13;25111;3
33;302;13;77000;2
33;382;13;77777;7
33;270;13;11000;3
33;17;13;10110;1
33;382;13;77222;1
33;22;13;13789;1
33;316;13;40456;2
33;316;13;25999;6
33;34;13;10333;2
33;277;13;77777;6
33;483;13;11852;1
33;436;13;10100;14
33;257;13;11555;1
33;386;13;13100;1
33;355;13;12666;2
33;281;13;25999;4
33;443;13;10777;2
33;384;13;77999;5
33;198;13;12555;4
33;350;13;77777;15
33;86;13;10444;3
33;475;13;40;2
33;386;13;12666;2
33;1;13;11112;1
33;42;13;13213;3
33;246;13;13213;4
33;300;13;13213;68
33;399;13;10888;3
33;229;13;95;4
33;22;13;13222;1
33;302;13;96;5
33;33;13;13222;2
33;19;13;13213;3
33;69;13;13213;1
33;1;13;13213;4
33;15;13;77077;1
33;427;13;12777;1
33;50;13;96;6
33;439;13;55255;4
33;10;13;10222;9
33;323;13;55666;1
33;95;13;13444;39
33;483;13;13444;11
33;40;13;95;5
33;268;13;96;4
33;430;13;13444;2
33;302;13;95;2
33;381;13;13213;5
33;99;13;95;1
33;247;13;96;7
33;54;13;96;5
33;478;13;13555;4
33;52;13;13213;7
33;234;13;13213;74
33;364;13;25000;1
33;11;13;40111;1
33;349;13;12410;9
33;350;13;25999;1
33;311;13;25999;4
33;483;13;13555;1
33;39;13;40789;1
33;490;13;10123;1
33;317;13;13678;3
33;11;13;11555;4
33;88;13;25000;1
33;350;13;13000;50
33;50;13;10100;3
33;90;13;10123;7
33;76;13;12345;5
33;481;13;13400;1
33;98;13;25000;3
33;88;13;12000;1
33;470;13;13555;6
33;5;13;13555;5
33;492;13;25888;1
33;23;13;40244;1
33;79;13;10000;12
33;39;13;40666;1
33;468;13;55222;12
33;471;13;13000;3
33;364;13;10777;2
33;92;13;25222;1
33;299;13;25888;7
33;363;13;11555;4
33;87;13;11555;3
33;51;13;77456;1
33;436;13;25777;1
33;51;13;25777;1
33;20;13;77456;4
33;436;13;11777;5
33;435;13;11777;3
33;461;13;11852;1
33;58;13;11555;7
33;350;13;25555;8
33;235;13;13213;10
33;310;13;13555;66
33;473;13;13213;5
33;246;13;12345;1
33;93;13;77999;1
33;386;13;77777;10
33;285;13;25222;7
33;491;13;55222;1
33;287;13;77222;1
33;372;13;10000;2
33;64;13;10123;9
33;201;13;10444;2
33;49;13;25777;1
33;300;13;40234;1
33;399;13;11333;1
33;78;13;11555;3
33;86;13;77777;4
33;31;13;11555;6
33;404;13;77456;1
33;71;13;40234;1
33;500;13;77777;3
33;379;13;25555;2
33;440;13;11777;1
33;493;13;77190;8
33;360;13;11777;7
33;47;13;10777;2
33;485;13;77190;6
33;227;13;13013;2
33;14;13;10111;23
33;276;13;11;2
33;34;13;55888;2
33;34;13;12123;1
33;385;13;40222;2
33;9;13;12345;6
33;17;13;77999;2
33;228;13;10444;2
33;254;13;10555;1
33;73;13;10555;1
33;73;13;25888;4
33;405;13;95;2
33;73;13;77077;1
33;97;13;55777;1
33;301;13;55777;1
33;77;13;77077;1
33;317;13;40333;1
33;4;13;10111;1
33;64;13;25888;35
33;52;13;10777;5
33;455;13;10111;2
33;234;13;11222;1
33;81;13;40333;6
33;227;13;11222;1
33;274;13;10111;2
33;481;13;13013;1
33;497;13;11555;2
33;301;13;11112;2
33;205;13;11112;4
33;76;13;25222;2
33;228;13;25222;2
33;55;13;10100;3
33;368;13;40333;7
33;438;13;77333;5
33;439;13;10777;2
33;19;13;55123;3
33;90;13;77333;1
33;374;13;10000;1
33;210;13;40666;1
33;440;13;77999;3
33;245;13;25888;1
33;50;13;95;4
33;92;13;55155;1
33;36;13;11333;1
33;310;13;10111;43
33;409;13;10777;4
33;55;13;77190;5
33;203;13;77190;14
33;102;13;11040;5
33;48;13;77077;2
33;10;13;13444;2
33;24;13;77077;2
33;31;13;96;6
33;44;13;40123;4
33;22;13;55666;1
33;272;13;55666;1
33;382;13;10123;7
33;52;13;40123;12
33;2;13;40222;1
33;275;13;77888;4
33;279;13;13333;1
33;64;13;13555;4
33;15;13;13123;2
33;73;13;13213;1
33;203;13;77888;8
33;386;13;40222;1
33;74;13;10110;3
33;272;13;10110;1
33;316;13;12222;7
33;25;13;12012;8
33;483;13;12012;5
33;500;13;11411;2
33;388;13;12012;2
33;72;13;11411;2
33;229;13;40222;4
33;55;13;40222;1
33;479;13;40555;1
33;11;13;25555;4
33;20;13;13333;4
33;375;13;13000;4
33;206;13;11112;1
33;245;13;10100;1
33;88;13;25444;3
33;499;13;25333;7
33;100;13;40333;6
33;279;13;12;2
33;65;13;40444;2
33;376;13;13123;3
33;451;13;13013;2
33;25;13;25;1
33;487;13;10777;2
33;246;13;13700;2
33;378;13;40666;1
33;471;13;10888;7
33;331;13;25111;2
33;52;13;25888;10
33;311;13;10123;2
33;81;13;77000;6
33;90;13;77888;6
33;421;13;25111;4
33;409;13;77123;2
33;265;13;77333;4
33;499;13;25444;1
33;300;13;25444;3
33;261;13;13678;2
33;311;13;77456;4
33;413;13;10888;3
33;324;13;13333;6
33;280;13;11000;6
33;96;13;25888;20
33;317;13;40456;3
33;277;13;55;1
33;459;13;40444;6
33;265;13;25;2
33;261;13;40234;2
33;493;13;40234;3
33;459;13;11333;1
33;17;13;77333;1
33;325;13;11333;1
33;317;13;10222;2
33;9;13;12012;6
33;287;13;40123;2
33;272;13;10000;4
33;309;13;55222;1
33;471;13;11333;1
33;399;13;13;1
33;277;13;55255;2
33;497;13;25999;5
33;479;13;12222;4
33;272;13;25333;3
33;481;13;12345;8
33;224;13;12345;3
33;356;13;77333;4
33;198;13;40123;9
33;80;13;10222;5
33;455;13;12222;1
33;25;13;11333;2
33;54;13;12012;3
33;201;13;77333;1
33;17;13;10444;3
33;406;13;10222;9
33;430;13;55666;2
33;278;13;10222;4
33;360;13;13013;1
33;25;13;77190;8
33;478;13;11777;3
33;206;13;10000;1
33;229;13;11613;1
33;301;13;55888;2
33;386;13;12777;2
33;10;13;13123;1
33;6;13;77888;3
33;52;13;12555;1
33;34;13;10123;5
33;405;13;55123;1
33;10;13;77888;1
33;52;13;77888;7
33;52;13;77222;1
33;65;13;10777;1
33;78;13;55123;1
33;324;13;10000;3
33;406;13;77888;2
33;316;13;10123;8
33;263;13;77000;1
33;302;13;11411;1
33;34;13;77111;1
33;427;13;25999;10
33;17;13;25111;3
33;451;13;10789;1
33;30;13;12222;4
33;11;13;95;3
33;246;13;40123;4
33;485;13;11;1
33;19;13;40100;1
33;44;13;10789;1
33;99;13;10444;6
33;301;13;25444;2
33;69;13;95;1
33;210;13;11112;1
33;266;13;10444;4
33;281;13;11777;1
33;227;13;55123;1
33;97;13;13111;1
33;483;13;10222;7
33;78;13;25111;7
33;51;13;12410;5
33;356;13;25333;6
33;451;13;40444;7
33;85;13;25999;11
33;60;13;12410;4
33;490;13;11000;2
33;16;13;12410;8
33;14;13;13000;1
33;84;13;13333;4
33;5;13;77333;1
33;468;13;77190;5
33;84;13;25555;3
33;376;13;12345;1
33;453;13;77333;2
33;275;13;40444;5
33;453;13;77999;11
33;368;13;11333;11
33;247;13;13000;1
33;1;13;40100;1
33;404;13;40444;5
33;224;13;10888;3
33;31;13;12999;1
33;53;13;77333;1
33;53;13;40444;4
33;80;13;55222;6
33;10;13;55222;2
33;11;13;77000;4
33;84;13;25333;4
33;280;13;10800;3
33;386;13;55222;8
33;258;13;55222;3
33;461;13;40333;4
33;430;13;11111;1
33;206;13;40;3
33;430;13;13;1
33;10;13;10800;1
33;102;13;40555;1
33;6;13;11555;3
33;375;13;13400;2
33;36;13;11040;4
33;73;13;40222;2
33;261;13;12444;1
33;24;13;11040;2
33;33;13;10444;1
33;33;13;77456;1
33;336;13;25333;1
33;102;13;11333;1
33;245;13;13678;11
33;499;13;12012;3
33;438;13;11000;6
33;97;13;40000;1
33;499;13;40100;1
33;97;13;77999;6
33;30;13;77111;1
33;405;13;25888;6
33;488;13;13000;1
33;85;13;25444;1
33;25;13;11444;2
33;356;13;11112;4
33;317;13;12345;2
33;493;13;10222;4
33;2;13;13000;1
33;265;13;10123;1
33;322;13;12012;2
33;482;13;77222;1
33;451;13;55123;3
33;271;13;25555;6
33;439;13;40444;6
33;69;13;77888;4
33;451;13;77888;8
33;8;13;25190;4
33;37;13;11000;3
33;32;13;10111;1
33;472;13;11555;6
33;58;13;11112;1
33;287;13;10;1
33;409;13;13013;1
33;222;13;13400;3
33;49;13;12000;2
33;7;13;12789;1
33;283;13;77222;21
33;315;13;40000;1
33;438;13;11777;5
33;376;13;55222;5
33;4;13;77333;2
33;4;13;25000;2
33;81;13;13400;1
33;356;13;25190;3
33;472;13;11112;2
33;440;13;12410;6
33;376;13;12410;13
33;222;13;12410;9
33;276;13;10000;6
33;201;13;13678;1
33;93;13;25111;3
33;44;13;40456;7
33;72;13;40456;1
33;69;13;40456;10
33;102;13;10777;4
33;238;13;77456;1
33;34;13;25444;7
33;473;13;25999;11
33;47;13;55888;3
33;471;13;77222;1
33;40;13;40333;3
33;421;13;55222;3
33;312;13;10800;2
33;245;13;10800;1
33;78;13;55222;4
33;490;13;77190;4
33;75;13;25000;2
33;65;13;13100;13
33;477;13;12666;2
33;7;13;25000;3
33;15;13;77777;8
33;2;13;13013;1
33;33;13;13013;2
33;381;13;25222;1
33;98;13;10100;12
33;5;13;40333;3
33;227;13;11852;3
33;461;13;95;4
33;310;13;77077;1
33;75;13;13444;3
33;8;13;11112;1
33;2;13;11852;7
33;409;13;96;5
33;247;13;11112;1
33;59;13;10777;3
33;468;13;13100;2
33;373;13;77777;4
33;32;13;77777;6
33;301;13;77190;15
33;11;13;13444;2
33;4;13;77777;4
33;227;13;13100;1
33;51;13;40222;4
33;439;13;12222;4
33;2;13;40000;4
33;54;13;11040;1
33;74;13;10333;3
33;10;13;10111;2
33;79;13;12444;1
33;265;13;13123;1
33;38;13;40222;1
33;39;13;11040;5
33;19;13;13333;13
33;79;13;11000;2
33;500;13;25190;1
33;384;13;12410;12
33;85;13;12777;4
33;228;13;55255;1
33;238;13;12666;1
33;497;13;40000;1
33;436;13;12123;1
33;386;13;40123;4
33;36;13;10;2
33;47;13;13100;3
33;427;13;40;2
33;275;13;10;1
33;58;13;77;2
33;2;13;25999;3
33;497;13;10888;2
33;49;13;12410;6
33;473;13;12777;1
33;98;13;10888;5
33;436;13;55888;1
33;421;13;40100;1
33;74;13;40;2
33;203;13;10;3
33;427;13;11;3
33;320;13;40;6
33;443;13;10;1
33;453;13;12;2
33;70;13;77;2
33;491;13;40;1
33;49;13;25111;13
33;435;13;11613;1
33;247;13;10123;8
33;332;13;77190;9
33;203;13;12;2
33;60;13;11;1
33;497;13;40123;2
33;32;13;13678;1
33;311;13;25555;12
33;300;13;10888;2
33;406;13;10888;12
33;285;13;12888;1
33;82;13;40123;3
33;81;13;55255;1
33;40;13;25111;11
33;222;13;12999;4
33;475;13;77123;3
33;356;13;12000;2
33;41;13;25190;2
33;482;13;10333;1
33;100;13;10222;6
33;312;13;25222;5
33;364;13;12222;1
33;96;13;11040;1
33;474;13;10888;3
33;274;13;77;1
33;97;13;77333;1
33;255;13;40444;3
33;20;13;40123;2
33;471;13;11;2
33;64;13;40123;7
33;42;13;13333;1
33;461;13;77000;2
33;11;13;12999;1
33;352;13;40444;1
33;42;13;40222;1
33;31;13;25111;18
33;30;13;25333;3
33;409;13;40333;2
33;48;13;55222;8
33;88;13;77777;11
33;198;13;77777;9
33;430;13;25999;6
33;4;13;10222;7
33;409;13;11222;1
33;21;13;12123;1
33;21;13;25111;4
33;79;13;40456;1
33;261;13;11444;1
33;87;13;13100;1
33;404;13;40222;5
33;232;13;13333;4
33;315;13;77190;19
33;93;13;10110;1
33;30;13;13123;1
33;38;13;55123;2
33;451;13;10111;2
33;461;13;10222;5
33;22;13;77999;6
33;482;13;77;1
33;500;13;40;2
33;363;13;12;1
33;404;13;55;1
33;59;13;13;1
33;266;13;25888;39
33;7;13;10000;3
33;360;13;55123;8
33;451;13;11777;4
33;439;13;77888;6
33;378;13;55123;2
33;63;13;13123;1
33;283;13;40456;1
33;258;13;12123;2
33;83;13;25111;24
33;364;13;12345;2
33;32;13;25190;6
33;34;13;13700;4
33;471;13;55888;1
33;375;13;10;3
33;25;13;55123;3
33;87;13;12555;1
33;386;13;77888;6
33;222;13;40222;2
33;477;13;10123;4
33;39;13;77999;4
33;332;13;40000;4
33;368;13;40123;1
33;261;13;40444;6
33;310;13;13700;1
33;61;13;10123;6
33;201;13;77000;3
33;280;13;11040;1
33;443;13;12222;6
33;65;13;12789;6
33;382;13;77000;3
33;470;13;10888;6
33;78;13;77999;11
33;405;13;40000;1
33;476;13;77333;3
33;476;13;40444;6
33;2;13;11000;1
33;6;13;77000;3
33;196;13;10888;5
33;481;13;40123;4
33;274;13;40444;1
33;302;13;13;1
33;350;13;11;1
33;350;13;12;3
33;88;13;40222;2
33;499;13;25999;1
33;322;13;40123;3
33;102;13;10000;2
33;488;13;40100;3
33;270;13;12789;1
33;315;13;12;1
33;500;13;25999;4
33;493;13;12777;1
33;55;13;12410;3
33;52;13;12123;1
33;1;13;10222;2
33;41;13;13444;1
33;16;13;11000;2
33;77;13;55123;1
33;278;13;77;2
33;421;13;12777;2
33;315;13;25;1
33;500;13;40456;1
33;72;13;10888;7
33;499;13;25111;5
33;265;13;77000;1
33;427;13;10777;4
33;72;13;11000;3
33;78;13;13333;2
33;406;13;13333;13
33;309;13;77888;13
33;49;13;77888;16
33;322;13;13333;5
33;68;13;11000;6
33;239;13;13123;4
33;30;13;40222;2
33;336;13;13333;3
33;86;13;13333;6
33;456;13;10110;1
33;98;13;13123;6
33;227;13;77077;2
33;33;13;96;3
33;485;13;96;3
33;261;13;10;5
33;47;13;25888;9
33;55;13;13000;2
33;4;13;13222;1
33;9;13;95;3
33;461;13;40;1
33;301;13;25111;9
33;52;13;77123;1
33;6;13;77123;1
33;379;13;96;8
33;21;13;12410;7
33;55;13;25999;4
33;479;13;40244;4
33;102;13;77888;32
33;102;13;55123;1
33;48;13;40123;15
33;451;13;12666;7
33;82;13;13333;1
33;98;13;55111;1
33;287;13;10789;1
33;322;13;40000;4
33;360;13;11411;1
33;11;13;77777;2
33;31;13;77000;3
33;206;13;12410;3
33;9;13;13213;3
33;65;13;96;7
33;285;13;95;1
33;388;13;12;2
33;73;13;11;1
33;210;13;40;1
33;472;13;13555;4
33;38;13;25;2
33;300;13;13555;1
33;80;13;13555;3
33;83;13;40;1
33;229;13;40;1
33;258;13;40;2
33;325;13;40;1
33;235;13;11;2
33;51;13;12;1
33;331;13;40;6
33;238;13;10;1
33;285;13;13;1
33;68;13;12;3
33;222;13;12;1
33;69;13;13555;5
33;208;13;13555;4
33;332;13;13213;2
33;472;13;10888;7
33;454;13;95;1
33;30;13;25190;4
33;234;13;12345;1
33;476;13;10888;1
33;4;13;40456;2
33;227;13;25999;5
33;44;13;12345;7
33;78;13;12;1
33;81;13;25;2
33;461;13;55123;7
33;276;13;13333;1
33;300;13;77;2
33;78;13;10;2
33;100;13;11777;5
33;100;13;10000;2
33;430;13;11777;1
33;281;13;13555;68
33;16;13;13400;1
33;47;13;77555;2
33;74;13;77777;7
33;201;13;13100;1
33;205;13;10100;20
33;72;13;25190;2
33;409;13;40444;8
33;277;13;25444;1
33;280;13;10100;7
33;25;13;77777;4
33;363;13;13000;3
33;255;13;12345;4
33;356;13;12888;1
33;356;13;10100;20
33;388;13;25888;2
33;493;13;25190;4
33;20;13;25190;4
33;239;13;25555;3
33;76;13;10555;2
33;205;13;12345;4
33;473;13;10555;13
33;363;13;10888;8
33;34;13;13100;3
33;65;13;25888;43
33;72;13;10444;3
33;32;13;55222;3
33;38;13;77777;13
33;210;13;25000;5
33;210;13;10888;6
33;373;13;10123;6
33;24;13;12345;5
33;77;13;11852;5
33;272;13;11852;1
33;73;13;11852;7
33;472;13;77000;3
33;266;13;25777;1
33;271;13;10100;1
33;74;13;25444;6
33;23;13;10110;4
33;350;13;77222;2
33;453;13;11555;8
33;364;13;11555;8
33;271;13;13400;5
33;487;13;11112;1
33;61;13;11555;2
33;222;13;11555;1
33;98;13;40222;2
33;455;13;13123;11
33;300;13;10110;2
33;196;13;13678;1
33;499;13;13333;2
33;52;13;13333;3
33;247;13;40222;2
33;210;13;12222;3
33;316;13;12123;2
33;92;13;77777;5
33;302;13;25444;6
33;405;13;10111;2
33;356;13;13213;4
33;23;13;11444;1
33;378;13;12410;12
33;357;13;12410;2
33;100;13;13213;3
33;311;13;12410;1
33;404;13;55777;1
33;322;13;13222;2
33;48;13;96;3
33;86;13;77077;1
33;493;13;95;1
33;3;13;95;3
33;490;13;13444;2
33;235;13;55777;1
33;427;13;12666;1
33;470;13;96;8
33;47;13;40000;1
33;44;13;40000;2
33;409;13;13111;1
33;16;13;13555;2
33;208;13;13213;13
33;33;13;13555;6
33;40;13;13555;1
33;317;13;13555;8
33;3;13;13444;1
33;349;13;10888;9
33;24;13;40555;2
33;280;13;12444;1
33;32;13;25222;1
33;97;13;25000;2
33;210;13;12345;1
33;461;13;25555;13
33;320;13;10100;1
33;270;13;25888;20
33;4;13;13555;1
33;271;13;13555;6
33;208;13;11777;5
33;388;13;12345;4
33;88;13;13555;5
33;37;13;11555;5
33;275;13;13213;1
33;375;13;25888;7
33;227;13;10000;5
33;14;13;55222;6
33;443;13;25888;3
33;102;13;55222;4
33;201;13;25888;5
33;49;13;10444;6
33;53;13;77456;1
33;74;13;13700;3
33;352;13;13213;27
33;196;13;13213;9
33;364;13;13555;7
33;356;13;13013;1
33;95;13;25333;1
33;92;13;13555;2
33;349;13;25190;7
33;357;13;10444;2
33;349;13;13000;1
33;258;13;77777;17
33;33;13;11112;6
33;488;13;13100;2
33;266;13;11777;1
33;38;13;10777;1
33;206;13;25000;2
33;99;13;25000;1
33;34;13;10888;9
33;69;13;11852;6
33;309;13;25555;1
33;69;13;12345;15
33;74;13;77456;1
33;229;13;10100;10
33;309;13;25222;2
33;491;13;12345;3
33;472;13;55222;9
33;323;13;10800;1
33;24;13;10111;2
33;50;13;25190;2
33;90;13;12222;2
33;406;13;40234;5
33;280;13;25555;4
33;19;13;25190;3
33;208;13;11852;5
33;349;13;25999;2
33;208;13;13100;3
33;475;13;77999;8
33;299;13;77999;5
33;235;13;95;2
33;22;13;25555;9
33;455;13;13100;1
33;373;13;13213;3
33;247;13;77190;5
33;208;13;55222;7
33;198;13;13013;3
33;478;13;55222;5
33;475;13;11444;1
33;456;13;25222;2
33;470;13;11112;1
33;76;13;77999;8
33;228;13;77333;3
33;272;13;11333;1
33;497;13;11333;2
33;39;13;77190;4
33;81;13;25333;3
33;228;13;55222;5
33;257;13;40333;13
33;227;13;10800;1
33;440;13;13700;1
33;68;13;13000;2
33;258;13;25333;8
33;210;13;10000;3
33;235;13;10777;3
33;224;13;77888;8
33;300;13;11555;3
33;47;13;25222;3
33;41;13;11112;1
33;278;13;77888;4
33;320;13;95;1
33;500;13;40444;2
33;1;13;11000;3
33;302;13;40333;5
33;278;13;10777;2
33;36;13;25888;2
33;232;13;40333;7
33;73;13;77999;2
33;384;13;12345;2
33;311;13;40000;3
33;472;13;13333;1
33;279;13;10000;1
33;18;13;11333;1
33;18;13;40444;3
33;454;13;13444;2
33;50;13;25222;7
33;206;13;25888;7
33;58;13;40333;7
33;70;13;40333;7
33;474;13;25333;3
33;80;13;10800;8
33;258;13;40444;7
33;375;13;96;6
33;16;13;95;2
33;309;13;96;2
33;10;13;96;3
33;20;13;13444;1
33;196;13;96;6
33;436;13;13555;1
33;19;13;10222;3
33;74;13;13555;1
33;71;13;13555;3
33;100;13;95;3
33;232;13;10888;1
33;205;13;55111;2
33;493;13;12222;4
33;20;13;40000;2
33;272;13;10123;2
33;265;13;40123;2
33;455;13;13213;2
33;438;13;40100;1
33;34;13;11777;1
33;23;13;11777;5
33;19;13;13123;2
33;17;13;40123;4
33;22;13;13333;5
33;9;13;40789;1
33;77;13;13333;2
33;198;13;13444;2
33;19;13;12444;9
33;196;13;13333;2
33;349;13;77888;4
33;280;13;10110;1
33;302;13;25123;1
33;246;13;96;8
33;63;13;77888;29
33;261;13;13123;4
33;33;13;11000;1
33;20;13;40222;2
33;479;13;77333;2
33;99;13;11000;6
33;255;13;10555;4
33;86;13;13123;4
33;4;13;40333;2
33;245;13;11444;1
33;222;13;77888;13
33;15;13;55222;4
33;72;13;40333;5
33;76;13;13700;3
33;228;13;13700;1
33;439;13;55222;10
33;25;13;77456;2
33;50;13;11411;1
33;376;13;77888;8
33;279;13;10777;4
33;258;13;11777;2
33;481;13;77333;3
33;268;13;77333;1
33;81;13;40456;2
33;274;13;12666;1
33;208;13;25444;10
33;399;13;77456;2
33;421;13;12123;1
33;487;13;77000;5
33;86;13;25999;8
33;254;13;25999;4
33;81;13;10333;1
33;430;13;10888;5
33;438;13;40456;2
33;37;13;13000;2
33;386;13;25333;16
33;15;13;13333;3
33;315;13;12777;2
33;85;13;40234;3
33;491;13;55111;1
33;8;13;13123;3
33;50;13;55666;1
33;5;13;40789;1
33;73;13;25111;5
33;381;13;10888;5
33;493;13;10888;4
33;86;13;40456;3
33;11;13;40234;2
33;320;13;40333;2
33;99;13;10000;2
33;376;13;25111;10
33;9;13;12123;1
33;459;13;77190;9
33;11;13;40000;2
33;478;13;77190;17
33;257;13;40456;2
33;476;13;25999;9
33;254;13;40234;10
33;287;13;10222;1
33;331;13;10800;1
33;229;13;25999;7
33;312;13;77888;11
33;1;13;10;2
33;21;13;55666;1
33;228;13;10777;2
33;31;13;10110;2
33;3;13;11;2
33;455;13;10888;8
33;315;13;77456;2
33;42;13;10000;2
33;266;13;13123;1
33;357;13;11777;2
33;227;13;12345;5
33;224;13;25111;14
33;100;13;40456;2
33;100;13;77000;4
33;483;13;55888;1
33;472;13;12410;7
33;468;13;40100;20
33;435;13;40000;3
33;262;13;40123;3
33;4;13;12345;1
33;280;13;40444;4
33;470;13;12012;2
33;379;13;10888;5
33;17;13;25999;5
33;476;13;55222;3
33;382;13;13789;1
33;95;13;12455;1
33;473;13;10123;6
33;87;13;77190;2
33;478;13;10000;2
33;22;13;12777;1
33;461;13;12444;2
33;70;13;11777;7
33;406;13;13123;7
33;399;13;10789;2
33;382;13;55111;1
33;487;13;40000;1
33;36;13;12222;6
33;439;13;10333;1
33;15;13;10000;3
33;1;13;55666;3
33;281;13;10222;2
33;63;13;40100;1
33;265;13;40100;28
33;280;13;77;1
33;257;13;12012;2
33;11;13;77077;3
33;57;13;40123;12
33;30;13;10444;3
33;57;13;95;4
33;247;13;55123;3
33;8;13;10333;1
33;235;13;12012;2
33;363;13;10000;23
33;77;13;40000;2
33;210;13;10123;7
33;235;13;10222;2
33;382;13;13111;2
33;16;13;11333;3
33;355;13;40234;1
33;405;13;11000;1
33;364;13;10000;1
33;276;13;13213;22
33;228;13;95;5
33;78;13;55111;1
33;7;13;25999;4
33;364;13;25888;2
33;356;13;40333;2
33;85;13;77999;1
33;485;13;77999;3
33;246;13;77999;3
33;473;13;11333;1
33;456;13;77333;3
33;479;13;12345;3
33;382;13;77333;1
33;93;13;40555;1
33;93;13;40444;2
33;430;13;40444;5
33;468;13;40244;1
33;263;13;13678;3
33;325;13;40333;3
33;399;13;40234;2
33;443;13;77999;7
33;476;13;12345;8
33;324;13;40444;1
33;360;13;10555;2
33;324;13;40555;1
33;239;13;77999;14
33;41;13;25888;4
33;40;13;40555;1
33;483;13;40000;1
33;93;13;25444;2
33;69;13;40444;11
33;32;13;10444;7
33;405;13;40333;1
33;22;13;13013;1
33;378;13;55222;8
33;255;13;55222;1
33;435;13;13013;4
33;20;13;13700;2
33;302;13;10111;1
33;23;13;25333;14
33;1;13;10800;1
33;42;13;25333;2
33;70;13;11555;7
33;224;13;25;1
33;435;13;11112;2
33;454;13;11852;14
33;275;13;11555;19
33;224;13;77;1
33;21;13;11;2
33;421;13;13333;8
33;34;13;13000;1
33;375;13;40333;3
33;201;13;10000;2
33;36;13;40123;4
33;42;13;10110;1
33;438;13;11040;1
33;492;13;77999;2
33;332;13;25888;8
33;205;13;11333;1
33;60;13;40000;1
33;58;13;77190;7
33;254;13;11852;6
33;49;13;13000;2
33;37;13;77000;2
33;316;13;77999;5
33;76;13;13000;1
33;25;13;11112;1
33;36;13;11555;1
33;487;13;11555;1
33;40;13;77999;6
33;44;13;77999;2
33;364;13;55123;7
33;336;13;25888;8
33;54;13;25555;2
33;5;13;12000;1
33;31;13;12012;6
33;439;13;77333;1
33;356;13;40444;2
33;42;13;40789;1
33;409;13;55222;11
33;72;13;13123;2
33;50;13;11777;3
33;5;13;12;1
33;99;13;13700;2
33;57;13;77888;3
33;350;13;10000;10
33;355;13;40100;1
33;41;13;13;1
33;301;13;25555;3
33;55;13;12345;2
33;77;13;12345;1
33;64;13;25555;12
33;388;13;11000;2
33;315;13;12012;4
33;285;13;10444;2
33;385;13;25888;5
33;261;13;10000;3
33;2;13;12345;5
33;487;13;12345;4
33;206;13;77333;7
33;385;13;10555;2
33;474;13;77190;5
33;272;13;40244;2
33;274;13;77333;2
33;399;13;12000;1
33;3;13;25555;8
33;24;13;25000;2
33;20;13;25000;1
33;48;13;25888;10
33;40;13;13000;2
33;95;13;13100;3
33;10;13;25111;5
33;78;13;77000;3
33;363;13;13678;2
33;453;13;10444;7
33;477;13;25888;6
33;255;13;25888;5
33;44;13;77000;8
33;19;13;40333;1
33;350;13;25000;4
33;42;13;25190;4
33;481;13;13678;1
33;99;13;12666;1
33;102;13;40234;1
33;4;13;25888;3
33;18;13;25333;1
33;272;13;13013;2
33;315;13;10100;4
33;32;13;77190;5
33;84;13;25888;2
33;42;13;11555;4
33;15;13;10100;9
33;317;13;11852;3
33;315;13;77777;3
33;78;13;13100;1
33;475;13;11555;5
33;73;13;25000;4
33;312;13;11852;2
33;435;13;13700;2
33;68;13;77777;1
33;86;13;25222;1
33;485;13;10100;4
33;49;13;77555;6
33;222;13;40333;3
33;258;13;25000;3
33;98;13;77777;3
33;49;13;13400;1
33;473;13;40111;1
33;373;13;11555;5
33;384;13;77777;14
33;30;13;25000;2
33;285;13;11852;4
33;461;13;11000;2
33;262;13;13700;1
33;438;13;10999;1
33;14;13;95;1
33;499;13;96;1
33;352;13;25190;1
33;357;13;12000;1
33;500;13;12000;3
33;262;13;12000;2
33;22;13;96;6
33;54;13;13100;2
33;33;13;77888;4
33;1;13;10777;1
33;39;13;10110;2
33;25;13;12789;1
33;482;13;55111;2
33;2;13;12012;6
33;205;13;11000;1
33;38;13;11000;2
33;384;13;40444;7
33;228;13;25333;6
33;205;13;10110;1
33;246;13;55111;1
33;68;13;77888;7
33;60;13;13100;3
33;74;13;25333;8
33;375;13;40222;6
33;102;13;25555;8
33;32;13;40789;1
33;262;13;25190;2
33;228;13;12222;5
33;272;13;12222;6
33;382;13;11000;3
33;363;13;13123;4
33;301;13;10222;6
33;37;13;10;1
33;482;13;25888;13
33;427;13;10;2
33;368;13;10;2
33;2;13;77000;3
33;36;13;10888;5
33;479;13;77;1
33;421;13;12012;10
33;25;13;40123;2
33;58;13;10;2
33;265;13;10888;2
33;485;13;12410;6
33;436;13;10222;3
33;246;13;10123;11
33;352;13;12222;1
33;196;13;25025;1
33;322;13;10888;27
33;79;13;77123;2
33;384;13;77456;2
33;198;13;25999;6
33;349;13;40222;1
33;482;13;77999;10
33;258;13;77999;8
33;368;13;13333;2
33;276;13;25888;33
33;451;13;40244;1
33;48;13;12123;1
33;14;13;40123;13
33;98;13;25999;6
33;323;13;10888;3
33;198;13;12777;1
33;99;13;11112;5
33;78;13;25555;6
33;74;13;13678;1
33;451;13;11111;1
33;474;13;12000;2
33;64;13;12123;2
33;32;13;11040;1
33;100;13;40123;6
33;268;13;10222;1
33;23;13;25190;3
33;378;13;40456;4
33;475;13;12777;1
33;58;13;13000;3
33;228;13;11555;9
33;471;13;12455;1
33;454;13;10100;5
33;76;13;11555;3
33;350;13;40000;1
33;471;13;25999;3
33;461;13;25999;7
33;364;13;12666;9
33;476;13;12777;1
33;376;13;25999;5
33;310;13;25333;1
33;482;13;13678;1
33;478;13;40333;4
33;99;13;11222;1
33;82;13;25333;2
33;205;13;25999;8
33;5;13;55888;1
33;364;13;10222;29
33;51;13;25111;11
33;38;13;25111;4
33;208;13;12888;1
33;324;13;11852;7
33;15;13;11852;2
33;25;13;11852;5
33;49;13;10000;10
33;435;13;10777;3
33;488;13;12410;10
33;205;13;25333;7
33;18;13;10111;1
33;299;13;10;5
33;472;13;77999;2
33;475;13;40789;1
33;9;13;25555;7
33;79;13;13123;3
33;299;13;13678;1
33;456;13;11777;4
33;228;13;11222;1
33;37;13;25111;3
33;280;13;40789;2
33;58;13;40444;6
33;332;13;55111;1
33;310;13;25999;7
33;385;13;55111;2
33;32;13;25111;7
33;234;13;12;2
33;92;13;12;1
33;92;13;77;1
33;319;13;11;1
33;77;13;11;2
33;475;13;10110;2
33;83;13;55888;2
33;99;13;77190;6
33;102;13;77456;3
33;14;13;25888;20
33;472;13;40333;4
33;201;13;40789;1
33;22;13;77333;5
33;443;13;10111;2
33;490;13;25888;1
33;324;13;25888;3
33;263;13;25888;6
33;322;13;40234;2
33;317;13;10123;2
33;78;13;40555;3
33;381;13;40555;1
33;493;13;40444;6
33;302;13;77777;7
33;435;13;77000;5
33;54;13;12777;7
33;276;13;13123;1
33;406;13;11613;1
33;472;13;55888;3
33;360;13;40444;13
33;93;13;25999;4
33;309;13;11111;1
33;324;13;10444;1
33;275;13;77456;2
33;451;13;40222;4
33;52;13;25999;6
33;352;13;10888;7
33;31;13;40123;9
33;483;13;40234;1
33;92;13;13155;1
33;331;13;10222;1
33;201;13;12012;2
33;439;13;10123;2
33;229;13;10123;6
33;95;13;11;1
33;8;13;10;1
33;96;13;10;2
33;77;13;55888;3
33;208;13;25111;13
33;95;13;13;1
33;8;13;11;1
33;262;13;77000;4
33;57;13;10888;2
33;208;13;12999;2
33;409;13;77333;1
33;9;13;40555;1
33;485;13;11000;5
33;499;13;11040;1
33;48;13;40222;3
33;60;13;11000;1
33;435;13;55123;2
33;454;13;13123;2
33;355;13;55123;1
33;72;13;40222;6
33;14;13;77333;2
33;459;13;13123;2
33;299;13;13123;1
33;2;13;13123;2
33;406;13;11000;1
33;300;13;13333;3
33;468;13;11777;1
33;37;13;77077;2
33;319;13;96;4
33;239;13;96;5
33;18;13;95;2
33;254;13;25;1
33;254;13;10;2
33;82;13;96;5
33;471;13;12410;1
33;30;13;10123;1
33;38;13;10123;11
33;206;13;10222;4
33;72;13;25444;2
33;52;13;13000;2
33;208;13;13000;3
33;79;13;11613;1
33;281;13;25111;12
33;316;13;96;3
33;399;13;25999;4
33;302;13;12999;2
33;472;13;12012;5
33;15;13;10222;3
33;246;13;40000;1
33;53;13;12012;1
33;208;13;40000;6
33;88;13;12789;2
33;6;13;12789;1
33;68;13;40456;7
33;336;13;10222;1
33;360;13;12455;3
33;18;13;12222;1
33;281;13;11;2
33;11;13;13400;1
33;274;13;12012;11
33;90;13;25222;3
33;78;13;10222;6
33;312;13;25111;14
33;38;13;11613;1
33;421;13;11111;1
33;65;13;10888;1
33;266;13;10;3
33;266;13;25;2
33;266;13;12;2
33;360;13;40100;1
33;47;13;10123;4
33;7;13;12410;7
33;87;13;10;3
33;54;13;13555;3
33;476;13;40;3
33;38;13;40;2
33;38;13;10;2
33;245;13;10;2
33;208;13;25;1
33;229;13;11;2
33;76;13;13;1
33;372;13;40;3
33;372;13;77;1
33;356;13;10;5
33;68;13;55;1
33;440;13;25;1
33;52;13;13555;5
33;451;13;95;3
33;405;13;77;1
33;64;13;40;2
33;39;13;40456;2
33;4;13;25999;3
33;99;13;77000;4
33;257;13;12777;1
33;102;13;12410;7
33;500;13;10555;2
33;473;13;11852;1
33;99;13;10100;11
33;99;13;13400;2
33;255;13;11852;5
33;48;13;77190;8
33;84;13;12455;1
33;84;13;11411;1
33;438;13;40;1
33;280;13;10444;5
33;406;13;10000;5
33;19;13;40;3
33;235;13;13555;6
33;74;13;10100;12
33;451;13;77777;5
33;312;13;11555;1
33;87;13;10100;17
33;229;13;77123;2
33;228;13;25444;4
33;483;13;10100;4
33;37;13;13678;1
33;25;13;13555;2
33;439;13;13555;2
33;386;13;25888;4
33;88;13;12345;4
33;11;13;10123;3
33;16;13;12345;1
33;277;13;25555;1
33;48;13;12345;5
33;77;13;11555;5
33;224;13;77456;1
33;316;13;13400;1
33;42;13;10555;2
33;80;13;77123;1
33;235;13;12123;1
33;235;13;25111;9
33;356;13;55888;1
33;427;13;10100;2
33;310;13;40;1
33;48;13;10444;6
33;454;13;11555;2
33;453;13;25222;3
33;79;13;13678;2
33;98;13;11852;5
33;73;13;12345;2
33;36;13;11852;5
33;275;13;25111;3
33;459;13;25190;6
33;454;13;25190;1
33;349;13;11555;7
33;84;13;40456;3
33;385;13;12123;1
33;59;13;25222;11
33;280;13;11852;9
33;10;13;10100;8
33;375;13;77777;13
33;470;13;40222;5
33;262;13;10110;1
33;474;13;13123;1
33;238;13;77888;3
33;435;13;13123;3
33;436;13;13123;6
33;491;13;40123;10
33;70;13;10123;6
33;475;13;12012;11
33;54;13;77888;15
33;92;13;25999;7
33;355;13;12410;2
33;454;13;12410;5
33;332;13;25444;2
33;435;13;40;3
33;386;13;43;1
33;210;13;77000;3
33;378;13;12666;4
33;22;13;12410;6
33;350;13;10100;3
33;459;13;40;1
33;435;13;10;3
33;317;13;13213;2
33;399;13;12410;14
33;440;13;13213;2
33;18;13;13213;2
33;74;13;96;9
33;78;13;13444;3
33;84;13;96;5
33;487;13;77077;3
33;23;13;13213;5
33;34;13;13213;2
33;439;13;25111;16
33;263;13;12410;8
33;65;13;25111;6
33;439;13;12123;2
33;356;13;25111;13
33;25;13;25111;12
33;323;13;10123;2
33;210;13;77077;4
33;100;13;12222;3
33;5;13;96;1
33;95;13;96;3
33;93;13;13213;1
33;97;13;12012;1
33;477;13;55111;1
33;49;13;40123;9
33;96;13;13100;13
33;21;13;13213;7
33;374;13;13213;2
33;6;13;13213;6
33;276;13;13555;4
33;443;13;96;5
33;34;13;77077;1
33;229;13;13213;3
33;443;13;77077;1
33;456;13;13555;2
33;324;13;25999;8
33;349;13;12999;2
33;443;13;25111;4
33;263;13;77077;1
33;90;13;10333;1
33;320;13;40000;1
33;50;13;12012;2
33;490;13;12222;1
33;75;13;11000;3
33;48;13;25190;1
33;491;13;13000;1
33;44;13;10444;4
33;261;13;12345;1
33;15;13;25000;1
33;57;13;10777;2
33;477;13;10000;5
33;384;13;77;3
33;257;13;77190;1
33;379;13;25888;77
33;42;13;25888;2
33;59;13;77456;1
33;18;13;13155;3
33;102;13;25333;9
33;39;13;40234;2
33;73;13;10444;3
33;10;13;11777;3
33;203;13;40333;5
33;481;13;10111;2
33;375;13;10000;13
33;55;13;40333;2
33;69;13;10111;2
33;302;13;11555;8
33;90;13;12012;7
33;404;13;13555;1
33;64;13;10100;4
33;300;13;12345;1
33;198;13;12345;2
33;481;13;40444;4
33;475;13;10777;3
33;33;13;40444;7
33;312;13;77333;1
33;100;13;12555;3
33;258;13;10100;10
33;500;13;10100;2
33;493;13;77777;5
33;54;13;25222;2
33;10;13;40234;1
33;30;13;12345;2
33;23;13;77333;1
33;372;13;25222;1
33;70;13;77190;16
33;18;13;11444;1
33;229;13;25190;3
33;98;13;77190;9
33;1;13;25111;9
33;84;13;10888;4
33;72;13;13100;1
33;301;13;40555;2
33;205;13;25555;11
33;302;13;11333;1
33;60;13;25555;4
33;2;13;77999;1
33;349;13;25555;6
33;385;13;25444;1
33;299;13;40789;2
33;2;13;77333;1
33;235;13;13111;1
33;453;13;13444;1
33;472;13;12000;2
33;229;13;25555;4
33;75;13;95;7
33;90;13;77123;1
33;6;13;95;6
33;203;13;13111;1
33;61;13;25333;1
33;322;13;25333;3
33;266;13;55222;1
33;475;13;13400;1
33;49;13;11555;4
33;228;13;77777;9
33;79;13;10100;6
33;388;13;10100;3
33;24;13;10100;15
33;427;13;40111;1
33;210;13;40333;3
33;363;13;40333;6
33;386;13;10111;1
33;430;13;77333;2
33;311;13;96;4
33;261;13;10800;1
33;381;13;40333;2
33;64;13;13213;10
33;201;13;40333;2
33;388;13;77999;4
33;33;13;10777;1
33;90;13;11333;1
33;50;13;10222;7
33;75;13;13213;3
33;68;13;13700;2
33;493;13;25333;7
33;479;13;10555;2
33;309;13;25333;2
33;315;13;13000;3
33;399;13;40333;5
33;15;13;10800;1
33;497;13;77123;3
33;198;13;13111;1
33;72;13;55777;2
33;472;13;96;15
33;331;13;13213;1
33;271;13;13444;9
33;476;13;96;3
33;276;13;95;5
33;317;13;95;1
33;257;13;95;1
33;14;13;13213;3
33;280;13;13222;1
33;54;13;10222;4
33;18;13;40123;6
33;90;13;96;4
33;201;13;10888;3
33;22;13;25111;5
33;436;13;10123;4
33;493;13;40100;1
33;20;13;12222;2
33;430;13;10789;3
33;285;13;40222;5
33;443;13;77888;22
33;332;13;13123;1
33;368;13;55123;1
33;481;13;13444;2
33;443;13;55123;2
33;325;13;13333;2
33;84;13;10000;1
33;299;13;10222;9
33;7;13;13333;3
33;206;13;11333;3
33;325;13;96;6
33;77;13;96;4
33;301;13;77888;11
33;206;13;40222;2
33;261;13;11000;1
33;266;13;40222;1
33;18;13;11000;1
33;203;13;25555;4
33;205;13;12000;2
33;87;13;55222;3
33;499;13;40333;3
33;52;13;40333;6
33;310;13;25888;43
33;414;13;40333;6
33;75;13;77123;2
33;414;13;10800;17
33;355;13;40;1
33;378;13;10;1
33;299;13;40;1
33;500;13;11777;1
33;268;13;40789;3
33;21;13;77333;3
33;229;13;11777;1
33;384;13;77000;4
33;20;13;25999;5
33;4;13;12999;2
33;224;13;12410;9
33;4;13;12410;3
33;5;13;13000;4
33;8;13;77888;3
33;413;13;40789;1
33;493;13;77000;2
33;73;13;55888;2
33;381;13;25111;4
33;254;13;77000;1
33;70;13;10999;1
33;409;13;13000;1
33;315;13;13678;1
33;50;13;10800;5
33;229;13;10800;2
33;90;13;10555;1
33;468;13;12;2
33;196;13;10777;4
33;322;13;10000;18
33;49;13;13678;1
33;352;13;11777;1
33;32;13;12222;3
33;245;13;25555;4
33;59;13;40444;1
33;74;13;40789;3
33;77;13;40444;9
33;36;13;40444;4
33;61;13;40123;1
33;23;13;12;2
33;322;13;77888;2
33;271;13;77888;2
33;31;13;13123;1
33;272;13;10777;2
33;23;13;13;1
33;80;13;10777;6
33;44;13;55222;3
33;478;13;13700;2
33;73;13;25333;6
33;485;13;10999;2
33;350;13;40555;2
33;404;13;40555;1
33;311;13;40444;6
33;491;13;77333;5
33;245;13;40456;1
33;409;13;40123;4
33;257;13;25999;1
33;317;13;25999;1
33;21;13;25999;1
33;245;13;77000;5
33;315;13;10000;4
33;262;13;40100;1
33;10;13;12012;1
33;482;13;10222;9
33;88;13;40244;1
33;258;13;77190;9
33;206;13;11777;1
33;90;13;13333;2
33;68;13;12666;2
33;208;13;77888;10
33;15;13;11777;3
33;301;13;40000;2
33;25;13;10333;1
33;356;13;12999;2
33;315;13;12410;7
33;102;13;10333;1
33;232;13;25;4
33;280;13;11;1
33;203;13;12789;2
33;255;13;40123;1
33;72;13;95;5
33;22;13;11112;1
33;483;13;25888;3
33;224;13;55123;1
33;25;13;10000;4
33;274;13;96;4
33;36;13;12012;5
33;48;13;77999;12
33;316;13;13333;3
33;499;13;77999;6
33;263;13;12789;2
33;287;13;12666;1
33;61;13;12410;2
33;373;13;10110;1
33;25;13;12410;11
33;414;13;11852;1
33;76;13;77077;1
33;51;13;25000;2
33;356;13;10800;1
33;488;13;77333;2
33;74;13;40444;7
33;98;13;40789;2
33;461;13;25111;6
33;88;13;25111;10
33;262;13;12777;1
33;74;13;25999;6
33;88;13;10333;2
33;24;13;12999;3
33;301;13;11222;1
33;311;13;25333;7
33;470;13;77333;2
33;41;13;40444;8
33;325;13;25333;9
33;74;13;10888;2
33;7;13;13700;5
33;386;13;55888;1
33;427;13;13155;2
33;364;13;25999;4
33;490;13;25555;6
33;34;13;25555;10
33;385;13;13000;2
33;349;13;11333;2
33;360;13;12345;1
33;70;13;77333;2
33;461;13;12410;10
33;44;13;25555;6
33;65;13;77999;3
33;324;13;77333;3
33;320;13;10444;4
33;227;13;10888;3
33;316;13;11000;1
33;360;13;13000;2
33;1;13;12012;1
33;363;13;11411;1
33;382;13;40444;5
33;98;13;40444;4
33;471;13;40456;2
33;316;13;13789;1
33;356;13;77111;1
33;483;13;12222;2
33;44;13;40234;1
33;39;13;11222;3
33;196;13;10800;4
33;485;13;55222;3
33;427;13;40123;8
33;61;13;40444;5
33;483;13;10800;1
33;378;13;13013;1
33;196;13;25333;5
33;235;13;55111;4
33;227;13;13678;5
33;430;13;11;1
33;239;13;10111;25
33;41;13;77888;4
33;47;13;25777;2
33;21;13;25;2
33;4;13;10;3
33;4;13;13;2
33;30;13;77;1
33;322;13;55;1
33;404;13;13123;1
33;11;13;40333;2
33;247;13;25777;1
33;302;13;13013;1
33;98;13;10111;1
33;382;13;25333;6
33;97;13;10800;2
33;81;13;10789;1
33;24;13;11000;2
33;406;13;13155;3
33;52;13;10444;4
33;39;13;12222;3
33;262;13;11555;3
33;10;13;40000;2
33;372;13;10123;3
33;316;13;13000;8
33;40;13;40789;1
33;245;13;40333;4
33;261;13;11852;4
33;85;13;25888;2
33;413;13;12789;1
33;86;13;40123;3
33;24;13;40123;3
33;378;13;25444;1
33;6;13;40444;3
33;476;13;10111;3
33;381;13;11852;2
33;493;13;11852;5
33;49;13;10555;1
33;96;13;12000;1
33;500;13;77888;1
33;322;13;12345;1
33;15;13;77999;4
33;376;13;25555;19
33;381;13;40123;2
33;357;13;13000;1
33;2;13;25888;2
33;471;13;25888;13
33;15;13;10777;1
33;477;13;10;3
33;287;13;13;2
33;352;13;11;1
33;399;13;11112;1
33;51;13;11112;1
33;222;13;77777;8
33;276;13;10123;1
33;10;13;55111;1
33;283;13;13123;2
33;52;13;13678;1
33;21;13;10777;4
33;59;13;77190;11
33;4;13;40555;1
33;478;13;55888;6
33;349;13;10444;2
33;488;13;25222;4
33;277;13;11852;7
33;60;13;25111;1
33;24;13;77000;5
33;443;13;10444;8
33;39;13;11555;10
33;440;13;12666;2
33;7;13;13000;1
33;44;13;25333;4
33;406;13;13700;5
33;456;13;25999;2
33;44;13;10888;7
33;196;13;25444;7
33;40;13;10999;1
33;5;13;13700;2
33;32;13;40244;1
33;19;13;10888;40
33;324;13;10100;6
33;206;13;13100;1
33;438;13;11852;5
33;38;13;11852;6
33;79;13;40333;3
33;265;13;55222;28
33;300;13;25333;3
33;470;13;40333;2
33;261;13;55222;7
33;53;13;55133;2
33;461;13;11112;1
33;468;13;96;9
33;37;13;11852;5
33;205;13;25190;3
33;72;13;25555;10
33;78;13;12345;1
33;11;13;96;3
33;196;13;25190;1
33;227;13;10100;17
33;301;13;12345;1
33;364;13;25190;1
33;262;13;13100;1
33;227;13;77777;9
33;206;13;10777;5
33;205;13;11777;4
33;363;13;77190;11
33;33;13;13123;2
33;84;13;10777;1
33;22;13;12222;6
33;455;13;40222;3
33;205;13;13333;6
33;52;13;13444;1
33;455;13;13333;6
33;324;13;13;1
33;349;13;77;1
33;228;13;25999;6
33;382;13;12410;13
33;93;13;13123;2
33;324;13;55;1
33;436;13;10111;1
33;100;13;77222;1
33;492;13;11000;5
33;258;13;25190;1
33;479;13;11555;4
33;76;13;12222;8
33;73;13;12789;1
33;421;13;40000;3
33;37;13;77333;2
33;238;13;13333;7
33;235;13;77888;9
33;435;13;12444;1
33;24;13;12222;3
33;9;13;10;1
33;272;13;40000;1
33;262;13;25888;3
33;368;13;40;5
33;50;13;25;2
33;324;13;11;2
33;285;13;77000;1
33;76;13;11613;1
33;98;13;25111;6
33;33;13;12012;3
33;487;13;10;1
33;47;13;11;1
33;270;13;25444;3
33;70;13;25;3
33;421;13;12666;2
33;76;13;77000;2
33;54;13;10;1
33;60;13;12;1
33;268;13;25444;2
33;482;13;40555;1
33;456;13;77190;10
33;312;13;55222;9
33;8;13;55666;1
33;274;13;10000;2
33;287;13;13700;1
33;263;13;40789;18
33;246;13;55255;1
33;9;13;10123;3
33;64;13;10000;1
33;68;13;25444;1
33;309;13;77777;12
33;98;13;40456;2
33;500;13;55255;2
33;7;13;25888;3
33;473;13;11555;11
33;47;13;12410;8
33;21;13;77777;12
33;1;13;12345;4
33;451;13;13678;1
33;20;13;55666;2
33;246;13;10444;4
33;34;13;25190;1
33;274;13;25;1
33;274;13;40;1
33;454;13;77777;3
33;79;13;77456;3
33;312;13;11314;8
33;17;13;77777;3
33;355;13;25222;1
33;491;13;12012;1
33;203;13;77999;5
33;55;13;77333;2
33;438;13;40789;1
33;373;13;25;1
33;32;13;55;1
33;405;13;25111;7
33;376;13;40456;3
33;263;13;10444;5
33;68;13;40234;4
33;430;13;11613;1
33;406;13;10100;6
33;461;13;10111;3
33;427;13;10444;8
33;302;13;77456;5
33;227;13;40123;12
33;255;13;10777;3
33;238;13;10777;1
33;468;13;10222;16
33;41;13;13013;1
33;9;13;55123;1
33;79;13;12777;1
33;317;13;25111;2
33;88;13;12888;2
33;71;13;11;2
33;309;13;12;2
33;33;13;13400;1
33;406;13;11112;1
33;382;13;10777;7
33;456;13;10777;7
33;71;13;12;1
33;309;13;25;1
33;72;13;13000;4
33;266;13;12345;3
33;386;13;77999;7
33;378;13;77888;4
33;374;13;25111;2
33;414;13;25;1
33;75;13;12123;1
33;206;13;77123;1
33;23;13;13700;1
33;65;13;40234;1
33;80;13;40555;1
33;378;13;40444;9
33;322;13;13000;6
33;453;13;10111;2
33;385;13;10111;2
33;471;13;11314;6
33;277;13;40333;1
33;22;13;11333;1
33;490;13;13678;1
33;51;13;55666;1
33;222;13;10222;7
33;302;13;12222;1
33;247;13;77999;11
33;368;13;40000;1
33;65;13;10100;3
33;315;13;55111;1
33;461;13;55666;1
33;24;13;11613;1
33;276;13;77888;4
33;2;13;10888;6
33;474;13;12666;1
33;258;13;11000;3
33;245;13;55255;1
33;386;13;12444;1
33;322;13;77333;1
33;491;13;77888;2
33;271;13;10222;4
33;50;13;25777;1
33;478;13;40123;5
33;302;13;55666;1
33;488;13;40000;2
33;11;13;13;1
33;11;13;55;1
33;229;13;10789;3
33;278;13;11;1
33;271;13;55;1
33;52;13;12999;1
33;57;13;25111;52
33;203;13;12410;4
33;438;13;12666;1
33;312;13;13444;1
33;475;13;13333;3
33;388;13;11040;2
33;399;13;77888;5
33;34;13;55123;3
33;65;13;13444;1
33;49;13;11040;2
33;388;13;77888;13
33;79;13;40222;5
33;493;13;40222;2
33;57;13;11000;5
33;485;13;77888;2
33;322;13;40222;1
33;82;13;77190;7
33;71;13;77222;2
33;71;13;13123;2
33;360;13;77077;1
33;375;13;13444;1
33;435;13;25444;3
33;196;13;13000;6
33;196;13;25888;11
33;76;13;96;4
33;224;13;77077;3
33;224;13;95;1
33;9;13;77077;1
33;254;13;11;1
33;25;13;96;5
33;42;13;13444;2
33;349;13;12455;1
33;3;13;55999;1
33;21;13;10123;2
33;81;13;25444;8
33;95;13;10222;4
33;5;13;77077;1
33;50;13;12410;10
33;52;13;12222;3
33;472;13;12222;1
33;332;13;10123;1
33;493;13;12455;1
33;31;13;10789;1
33;198;13;12789;2
33;455;13;10222;10
33;72;13;12789;1
33;72;13;12222;3
33;90;13;10789;2
33;451;13;12999;3
33;281;13;10;2
33;246;13;77000;4
33;52;13;10123;9
33;1;13;10444;1
33;206;13;12666;2
33;245;13;10888;2
33;470;13;77000;5
33;41;13;25999;1
33;201;13;77077;2
33;497;13;13155;1
33;302;13;13444;3
33;427;13;96;4
33;443;13;40456;6
33;413;13;11;1
33;93;13;77;2
33;360;13;12222;3
33;476;13;12012;8
33;474;13;77;1
33;246;13;12;1
33;34;13;13555;2
33;245;13;12;2
33;492;13;11;3
33;325;13;55;1
33;77;13;12;2
33;301;13;40;2
33;381;13;10;2
33;49;13;10;3
33;475;13;95;3
33;492;13;77;1
33;372;13;13;1
33;235;13;12;1
33;478;13;10;3
33;64;13;25;1
33;96;13;11555;6
33;478;13;12123;1
33;478;13;55255;3
33;262;13;10555;2
33;488;13;25555;9
33;201;13;40234;1
33;278;13;11123;1
33;11;13;13000;3
33;350;13;77456;1
33;198;13;11777;1
33;9;13;77000;5
33;38;13;55888;3
33;5;13;10777;3
33;5;13;11777;2
33;280;13;77190;3
33;198;13;12;1
33;20;13;10;1
33;300;13;12;1
33;205;13;11;1
33;48;13;77555;3
33;455;13;11555;10
33;470;13;11555;2
33;16;13;25222;1
33;246;13;11852;5
33;76;13;25444;7
33;238;13;25190;3
33;10;13;12345;3
33;88;13;10555;1
33;33;13;25888;6
33;285;13;77123;1
33;3;13;13400;1
33;25;13;10100;13
33;229;13;10555;2
33;356;13;25444;9
33;25;13;25444;3
33;71;13;25555;6
33;87;13;77000;3
33;258;13;12012;2
33;453;13;11112;1
33;310;13;13;2
33;360;13;25222;1
33;459;13;12777;2
33;86;13;25190;4
33;421;13;11852;5
33;277;13;12012;2
33;472;13;40123;3
33;42;13;10888;2
33;61;13;77777;18
33;477;13;13678;2
33;65;13;25999;14
33;15;13;12410;5
33;34;13;40456;2
33;255;13;25555;1
33;376;13;11555;12
33;234;13;13333;1
33;58;13;25111;2
33;368;13;10777;1
33;78;13;10110;2
33;70;13;10888;10
33;275;13;12777;1
33;316;13;25190;5
33;92;13;25190;3
33;385;13;12777;4
33;324;13;12410;1
33;379;13;11;2
33;69;13;11555;17
33;73;13;12888;1
33;73;13;10100;21
33;453;13;11777;10
33;275;13;10123;6
33;1;13;11555;1
33;471;13;10111;2
33;379;13;25;3
33;385;13;25999;4
33;490;13;25111;5
33;378;13;95;1
33;413;13;13213;58
33;271;13;95;1
33;301;13;13444;3
33;261;13;96;3
33;381;13;95;1
33;71;13;55777;1
33;373;13;13555;57
33;33;13;13213;3
33;23;13;95;1
33;88;13;13213;9
33;25;13;40456;4
33;93;13;12012;10
33;7;13;10222;8
33;79;13;55111;2
33;382;13;13213;1
33;40;13;40000;2
33;40;13;25025;1
33;77;13;40123;7
33;485;13;40123;12
33;262;13;55666;1
33;61;13;96;3
33;93;13;40100;1
33;317;13;13444;41
33;409;13;95;8
33;58;13;13213;14
33;48;13;13555;3
33;55;13;13555;1
33;95;13;13213;2
33;83;13;13213;5
33;87;13;77077;3
33;1;13;13111;1
33;2;13;13555;2
33;309;13;13555;2
33;10;13;13213;4
33;453;13;12999;1
33;443;13;12410;4
33;316;13;12999;1
33;280;13;13555;12
33;263;13;13555;2
33;320;13;12012;10
33;41;13;77999;10
33;90;13;11555;3
33;9;13;12555;1
33;274;13;40234;1
33;281;13;25888;13
33;323;13;40444;1
33;33;13;25555;8
33;493;13;12345;6
33;319;13;11852;1
33;33;13;13100;4
33;372;13;13100;1
33;95;13;77777;16
33;261;13;13100;2
33;368;13;95;1
33;443;13;13213;3
33;72;13;10777;5
33;100;13;77190;10
33;51;13;77190;18
33;61;13;77190;13
33;51;13;10444;7
33;316;13;25888;10
33;17;13;25888;2
33;311;13;11852;5
33;98;13;77456;1
33;20;13;10444;5
33;375;13;11777;1
33;382;13;10000;22
33;478;13;10800;13
33;205;13;55222;4
33;478;13;25333;6
33;55;13;55222;4
33;363;13;13213;7
33;76;13;25555;5
33;228;13;25555;7
33;451;13;25555;14
33;382;13;12000;9
33;378;13;77777;10
33;476;13;10110;1
33;88;13;11777;2
33;487;13;77456;1
33;323;13;11555;1
33;299;13;13100;3
33;493;13;13400;1
33;266;13;10100;1
33;92;13;25555;9
33;42;13;25555;4
33;78;13;25190;4
33;459;13;13013;2
33;196;13;13123;2
33;287;13;13123;3
33;257;13;55123;1
33;206;13;77888;2
33;58;13;25190;15
33;324;13;77190;20
33;49;13;77190;14
33;71;13;77190;15
33;224;13;13013;6
33;317;13;12;4
33;102;13;25;1
33;404;13;10444;4
33;413;13;25555;7
33;34;13;40444;4
33;39;13;13400;4
33;453;13;77000;3
33;34;13;12410;11
33;48;13;12000;2
33;309;13;40555;3
33;301;13;77999;11
33;385;13;13333;6
33;492;13;25777;1
33;456;13;77456;4
33;409;13;12345;6
33;360;13;12000;1
33;309;13;77333;4
33;455;13;13678;1
33;349;13;13444;2
33;76;13;25190;5
33;448;13;12345;4
33;75;13;77077;1
33;31;13;13213;4
33;6;13;77190;8
33;52;13;11222;1
33;475;13;55222;11
33;8;13;25888;1
33;75;13;10555;1
33;20;13;25333;14
33;74;13;55222;3
33;205;13;13700;5
33;37;13;13123;1
33;198;13;11555;8
33;205;13;25222;3
33;41;13;11444;1
33;92;13;11852;1
33;315;13;95;5
33;15;13;13700;2
33;315;13;40234;4
33;349;13;25333;8
33;357;13;40333;12
33;272;13;40444;1
33;479;13;13333;2
33;468;13;13213;5
33;399;13;40000;4
33;399;13;40100;1
33;281;13;55222;3
33;86;13;25333;8
33;440;13;11333;1
33;309;13;11555;3
33;472;13;11222;1
33;316;13;55155;2
33;275;13;25333;8
33;459;13;40333;7
33;482;13;40444;6
33;84;13;11000;1
33;75;13;77888;5
33;479;13;13013;2
33;322;13;77190;35
33;487;13;25888;2
33;272;13;13000;2
33;265;13;10555;3
33;258;13;96;5
33;374;13;96;2
33;309;13;13444;6
33;224;13;13213;2
33;440;13;96;6
33;276;13;25000;1
33;76;13;13555;4
33;435;13;13555;1
33;82;13;12222;4
33;239;13;10888;5
33;59;13;13213;4
33;475;13;13213;1
33;475;13;10123;8
33;438;13;40000;2
33;6;13;10222;5
33;1;13;13444;2
33;309;13;40222;4
33;500;13;40222;4
33;70;13;55123;1
33;3;13;10789;4
33;385;13;13123;10
33;427;13;55123;5
33;77;13;11000;6
33;474;13;13444;3
33;55;13;13333;2
33;80;13;13444;4
33;59;13;13444;41
33;461;13;77999;8
33;386;13;10110;1
33;4;13;40222;2
33;86;13;77888;3
33;310;13;77333;1
33;435;13;13000;1
33;382;13;13000;1
33;312;13;10100;3
33;360;13;11112;1
33;363;13;25000;1
33;84;13;77999;1
33;235;13;13013;2
33;52;13;10800;4
33;6;13;10111;1
33;72;13;55222;12
33;224;13;40333;4
33;374;13;13;4
33;436;13;13;1
33;378;13;40;2
33;421;13;10;1
33;472;13;77;3
33;448;13;13678;1
33;430;13;77888;5
33;206;13;55123;1
33;36;13;11777;8
33;268;13;11333;7
33;372;13;40333;2
33;95;13;77222;2
33;487;13;40333;3
33;254;13;25333;3
33;33;13;40333;3
33;254;13;40333;2
33;22;13;10777;1
33;79;13;25111;8
33;430;13;12410;4
33;198;13;25888;6
33;406;13;25888;5
33;254;13;13678;3
33;300;13;25888;9
33;481;13;25444;3
33;74;13;40234;1
33;454;13;10800;1
33;58;13;10444;6
33;210;13;13333;7
33;485;13;12777;1
33;493;13;25111;7
33;36;13;25999;1
33;399;13;13700;4
33;17;13;25333;3
33;37;13;10777;3
33;8;13;77123;3
33;21;13;40456;4
33;476;13;10333;1
33;364;13;43;1
33;468;13;13123;1
33;196;13;40456;1
33;352;13;25999;24
33;287;13;10333;1
33;277;13;11;1
33;48;13;11777;14
33;378;13;77456;3
33;311;13;13333;6
33;283;13;10123;9
33;2;13;12777;1
33;360;13;10222;3
33;310;13;12410;1
33;59;13;12410;4
33;378;13;25999;5
33;73;13;40333;3
33;440;13;55123;3
33;77;13;10000;15
33;73;13;10777;2
33;487;13;12410;2
33;372;13;10888;4
33;272;13;11222;1
33;98;13;10999;1
33;271;13;11852;4
33;50;13;77999;17
33;5;13;25555;10
33;15;13;40789;1
33;483;13;77999;12
33;439;13;40789;2
33;468;13;10888;2
33;198;13;10222;4
33;80;13;55888;2
33;198;13;12000;1
33;93;13;12345;2
33;201;13;55666;2
33;227;13;25555;4
33;82;13;25555;4
33;409;13;25111;16
33;355;13;77456;2
33;196;13;40123;6
33;436;13;40000;6
33;451;13;10123;5
33;261;13;10123;4
33;36;13;77190;12
33;360;13;55222;4
33;39;13;77077;3
33;90;13;40222;2
33;285;13;12410;6
33;49;13;10110;1
33;25;13;10789;1
33;87;13;10333;3
33;491;13;12410;4
33;25;13;12999;4
33;315;13;10888;6
33;23;13;55111;1
33;7;13;10;1
33;485;13;10123;6
33;405;13;96;8
33;239;13;10123;43
33;268;13;40100;2
33;98;13;40333;3
33;468;13;12444;2
33;474;13;11555;4
33;483;13;40123;5
33;440;13;10444;2
33;386;13;11444;1
33;285;13;10000;1
33;208;13;77999;5
33;299;13;40222;3
33;477;13;77999;5
33;477;13;11333;1
33;235;13;40222;6
33;235;13;12222;7
33;80;13;55111;1
33;436;13;95;4
33;100;13;12666;1
33;79;13;40555;3
33;51;13;40555;2
33;247;13;55255;1
33;39;13;55255;2
33;384;13;10777;2
33;360;13;13213;1
33;246;13;95;2
33;68;13;95;5
33;228;13;10789;1
33;87;13;11222;1
33;50;13;11000;5
33;71;13;40789;3
33;280;13;10111;25
33;372;13;10333;9
33;88;13;40456;1
33;57;13;12777;1
33;301;13;25333;3
33;472;13;25190;1
33;40;13;13678;1
33;15;13;40555;1
33;70;13;40444;4
33;78;13;77123;2
33;78;13;13000;2
33;247;13;77123;1
33;21;13;25888;4
33;23;13;40000;1
33;196;13;77333;1
33;435;13;40444;6
33;352;13;12123;3
33;4;13;10888;2
33;455;13;11333;1
33;49;13;40444;6
33;263;13;77123;6
33;196;13;40333;4
33;476;13;25333;32
33;1;13;40000;2
33;276;13;77456;2
33;421;13;13700;1
33;49;13;55222;6
33;75;13;25333;7
33;206;13;10;2
33;21;13;12;2
33;373;13;13700;1
33;261;13;11555;3
33;8;13;13013;1
33;368;13;13013;1
33;435;13;10800;2
33;357;13;10000;17
33;413;13;77888;1
33;265;13;12444;2
33;54;13;10444;4
33;224;13;40;1
33;499;13;77456;1
33;208;13;77456;4
33;52;13;11555;1
33;203;13;11555;6
33;459;13;11852;10
33;299;13;11852;3
33;8;13;13700;4
33;487;13;40123;2
33;88;13;55666;2
33;386;13;11555;12
33;435;13;40333;3
33;41;13;77222;1
33;470;13;13123;2
33;481;13;13123;6
33;235;13;25444;10
33;16;13;77333;5
33;44;13;40789;4
33;20;13;11000;7
33;36;13;10444;2
33;265;13;77456;6
33;61;13;12345;1
33;349;13;40789;3
33;283;13;12345;12
33;97;13;12789;2
33;60;13;12222;2
33;309;13;25888;10
33;2;13;25444;4
33;382;13;77999;5
33;60;13;77333;4
33;360;13;10111;1
33;471;13;25444;2
33;53;13;13100;1
33;51;13;12345;3
33;324;13;77999;1
33;51;13;12000;2
33;409;13;55111;1
33;324;13;25222;2
33;352;13;10;1
33;388;13;13000;2
33;18;13;12444;6
33;4;13;11000;1
33;355;13;40000;4
33;17;13;40000;1
33;257;13;12;2
33;222;13;55133;1
33;385;13;10789;1
33;7;13;12222;3
33;42;13;12345;1
33;78;13;40234;2
33;102;13;13000;4
33;229;13;11000;3
33;229;13;11852;4
33;497;13;77190;6
33;81;13;25000;1
33;16;13;25888;2
33;33;13;77777;5
33;20;13;10100;7
33;34;13;25000;2
33;455;13;25190;5
33;323;13;40456;4
33;40;13;25999;3
33;18;13;13000;1
33;31;13;77123;2
33;48;13;10999;2
33;196;13;10111;3
33;436;13;55222;6
33;10;13;40456;3
33;375;13;10444;5
33;300;13;10444;1
33;324;13;77777;1
33;436;13;11555;12
33;451;13;77000;3
33;55;13;10555;39
33;376;13;25444;5
33;73;13;13013;4
33;384;13;25888;2
33;5;13;55155;1
33;72;13;77000;4
33;203;13;12123;4
33;98;13;10777;1
33;102;13;11222;2
33;8;13;96;1
33;51;13;11852;4
33;384;13;11852;3
33;229;13;25000;2
33;229;13;40111;1
33;488;13;55222;3
33;357;13;10100;13
33;261;13;11112;2
33;98;13;77555;1
33;37;13;10100;7
33;485;13;13400;2
33;477;13;13100;3
33;6;13;25000;1
33;479;13;95;1
33;376;13;96;4
33;278;13;13444;33
33;99;13;96;3
33;93;13;11555;11
33;224;13;10110;1
33;18;13;25190;1
33;430;13;11112;2
33;274;13;10100;1
33;475;13;77190;11
33;476;13;10000;3
33;373;13;10100;2
33;266;13;25190;3
33;100;13;10100;13
33;258;13;13100;2
33;499;13;10000;3
33;235;13;77190;15
33;439;13;40000;3
33;436;13;25111;10
33;360;13;11000;2
33;228;13;40111;1
33;47;13;13333;1
33;372;13;12444;2
33;482;13;25190;1
33;87;13;10222;5
33;349;13;11;1
33;374;13;25888;6
33;76;13;25333;13
33;5;13;55123;1
33;73;13;12410;6
33;73;13;10888;11
33;299;13;25555;7
33;25;13;25555;8
33;203;13;12012;2
33;406;13;55666;1
33;36;13;25;1
33;461;13;11;2
33;461;13;25;2
33;262;13;25444;3
33;15;13;12;2
33;50;13;10;1
33;50;13;11;1
33;279;13;12410;5
33;262;13;12410;3
33;247;13;10777;3
33;44;13;10;2
33;483;13;13700;2
33;65;13;40222;3
33;51;13;77123;1
33;228;13;12666;1
33;439;13;13700;1
33;500;13;77999;8
33;39;13;12410;4
33;468;13;40333;4
33;203;13;55255;3
33;438;13;11613;1
33;75;13;25190;6
33;485;13;40456;2
33;49;13;40456;1
33;48;13;55888;2
33;34;13;12345;1
33;299;13;12345;2
33;92;13;77456;1
33;55;13;55255;1
33;69;13;10123;8
33;8;13;10222;7
33;30;13;11112;1
33;399;13;77123;1
33;11;13;10222;4
33;459;13;11444;2
33;477;13;77456;1
33;210;13;77123;5
33;477;13;40123;1
33;468;13;10789;1
33;455;13;25444;1
33;60;13;10555;1
33;54;13;25888;1
33;430;13;40000;1
33;409;13;12222;5
33;491;13;12222;1
33;276;13;55111;1
33;476;13;10444;4
33;75;13;10333;1
33;30;13;10800;2
33;470;13;55222;6
33;30;13;25111;4
33;36;13;11123;1
33;36;13;10100;6
33;52;13;77777;7
33;52;13;10100;7
33;404;13;13333;4
33;79;13;77190;11
33;47;13;10800;7
33;63;13;55222;1
33;382;13;12;1
33;323;13;25;2
33;222;13;10333;1
33;438;13;13000;3
33;72;13;10555;1
33;51;13;55888;1
33;278;13;10888;4
33;100;13;12123;1
33;234;13;25222;1
33;476;13;13123;2
33;42;13;11040;1
33;319;13;25333;3
33;34;13;13013;2
33;34;13;55222;5
33;47;13;25333;5
33;309;13;40;4
33;491;13;77999;1
33;239;13;77333;2
33;23;13;13013;1
33;23;13;55222;8
33;14;13;10888;4
33;364;13;12777;2
33;439;13;77222;1
33;439;13;55123;1
33;55;13;11000;2
33;438;13;12000;1
33;384;13;25190;5
33;93;13;25555;15
33;50;13;13700;1
33;25;13;10110;1
33;378;13;13123;3
33;482;13;55888;6
33;6;13;25777;1
33;31;13;11111;1
33;324;13;25444;3
33;235;13;10111;1
33;386;13;77333;4
33;357;13;40789;42
33;490;13;13700;2
33;222;13;40123;3
33;349;13;12789;1
33;493;13;11333;1
33;54;13;77999;1
33;302;13;40000;3
33;285;13;10888;7
33;80;13;12410;5
33;78;13;10888;4
33;336;13;77333;1
33;86;13;77333;6
33;254;13;40444;4
33;350;13;11040;1
33;399;13;10777;5
33;364;13;11333;1
33;22;13;10888;5
33;83;13;11000;2
33;378;13;10888;5
33;461;13;96;7
33;309;13;13678;1
33;271;13;77333;3
33;332;13;25;1
33;440;13;10123;9
33;350;13;40234;3
33;245;13;25111;22
33;277;13;11000;1
33;18;13;10123;8
33;31;13;10222;10
33;315;13;77888;6
33;23;13;10222;6
33;270;13;12222;1
33;246;13;10789;2
33;254;13;12666;5
33;72;13;25111;6
33;72;13;55255;5
33;461;13;13213;5
33;405;13;12000;1
33;93;13;12444;7
33;451;13;40000;4
33;482;13;77000;2
33;52;13;25111;8
33;81;13;12410;6
33;69;13;11000;13
33;409;13;40555;1
33;16;13;13333;5
33;76;13;55123;1
33;405;13;25555;8
33;98;13;77888;7
33;53;13;55123;1
33;472;13;13444;2
33;265;13;13444;1
33;71;13;13444;2
33;75;13;77456;2
33;254;13;77;3
33;58;13;40456;2
33;490;13;12410;5
33;302;13;11613;3
33;311;13;10000;1
33;2;13;10222;3
33;311;13;10;6
33;58;13;25999;5
33;201;13;40123;8
33;69;13;40000;3
33;72;13;25123;1
33;18;13;13789;1
33;74;13;10123;4
33;34;13;40123;5
33;281;13;10123;7
33;68;13;40000;4
33;57;13;12012;1
33;455;13;40123;2
33;311;13;40;1
33;246;13;25999;7
33;10;13;55666;1
33;9;13;12666;1
33;5;13;10333;1
33;475;13;13678;2
33;88;13;77077;3
33;404;13;55255;3
33;360;13;12012;5
33;53;13;40;3
33;382;13;55777;1
33;399;13;95;1
33;301;13;77077;1
33;31;13;55;2
33;268;13;25;1
33;57;13;77;1
33;52;13;40;3
33;85;13;40;1
33;440;13;10;1
33;258;13;12;1
33;238;13;55;2
33;372;13;25;1
33;356;13;40;2
33;85;13;55;2
33;79;13;40;1
33;51;13;77;1
33;258;13;13555;1
33;38;13;13555;1
33;302;13;13213;2
33;90;13;10100;12
33;409;13;25999;6
33;37;13;55888;1
33;373;13;25111;22
33;63;13;12345;1
33;75;13;13013;3
33;60;13;77190;11
33;30;13;77190;5
33;64;13;77000;2
33;9;13;40456;3
33;20;13;13;1
33;279;13;40234;2
33;90;13;10777;1
33;438;13;10;1
33;68;13;77190;8
33;315;13;10123;2
33;90;13;12666;1
33;247;13;10;1
33;19;13;12;3
33;81;13;40;3
33;430;13;10000;2
33;102;13;13100;1
33;47;13;13400;1
33;8;13;40333;3
33;280;13;77777;15
33;235;13;25222;1
33;439;13;77777;8
33;451;13;13400;1
33;98;13;25190;6
33;53;13;25190;1
33;238;13;12345;1
33;208;13;12000;1
33;451;13;13000;1
33;451;13;25888;4
33;71;13;25888;9
33;224;13;10444;5
33;4;13;10444;3
33;25;13;25888;11
33;454;13;55888;2
33;280;13;77000;1
33;87;13;55888;1
33;263;13;25222;1
33;235;13;25888;13
33;476;13;25222;2
33;497;13;11852;1
33;10;13;25190;6
33;317;13;10100;1
33;70;13;12123;4
33;468;13;40234;4
33;453;13;12000;4
33;427;13;12000;3
33;324;13;25190;1
33;70;13;25555;9
33;385;13;11613;2
33;40;13;25222;2
33;49;13;40222;4
33;485;13;13333;1
33;258;13;10110;2
33;436;13;77888;8
33;52;13;10110;1
33;65;13;11777;4
33;60;13;13123;3
33;37;13;11040;7
33;81;13;40234;2
33;34;13;10555;1
33;360;13;77777;7
33;34;13;25222;2
33;63;13;11555;9
33;475;13;25;1
33;22;13;10;1
33;376;13;11112;1
33;222;13;11112;5
33;399;13;25111;5
33;399;13;12999;2
33;311;13;25190;1
33;70;13;25190;1
33;455;13;96;10
33;238;13;77777;1
33;311;13;10789;3
33;493;13;77456;2
33;23;13;25222;2
33;51;13;13213;11
33;50;13;55888;2
33;50;13;12999;2
33;16;13;96;4
33;1;13;96;4
33;384;13;13555;3
33;70;13;13222;1
33;263;13;25111;8
33;14;13;13555;37
33;439;13;40456;1
33;30;13;96;3
33;25;13;12123;1
33;427;13;55888;1
33;263;13;10888;9
33;7;13;40123;6
33;49;13;13213;11
33;258;13;10123;4
33;72;13;13444;1
33;57;13;13444;5
33;69;13;96;8
33;76;13;40123;6
33;477;13;40000;1
33;71;13;10222;9
33;8;13;25000;3
33;40;13;13444;1
33;78;13;13555;4
33;262;13;13213;4
33;430;13;13213;5
33;76;13;13213;5
33;438;13;13555;7
33;222;13;13555;2
33;311;13;13213;1
33;258;13;13213;7
33;22;13;13213;6
33;483;13;10888;6
33;490;13;40000;2
33;375;13;25000;1
33;38;13;25190;7
33;78;13;10777;5
33;96;13;25222;1
33;9;13;25222;3
33;258;13;25555;13
33;85;13;11852;2
33;301;13;77456;4
33;255;13;25777;1
33;453;13;13222;2
33;22;13;77190;11
33;331;13;11777;2
33;222;13;11777;4
33;31;13;11777;2
33;55;13;25333;4
33;222;13;40244;2
33;479;13;11852;2
33;42;13;25444;1
33;357;13;25888;10
33;78;13;25777;2
33;53;13;10444;3
33;481;13;10999;1
33;85;13;11555;12
33;61;13;77888;1
33;30;13;12000;1
33;285;13;40789;2
33;24;13;11555;8
33;374;13;10100;6
33;72;13;11852;11
33;6;13;25190;1
33;40;13;25190;2
33;315;13;40123;1
33;493;13;40789;1
33;404;13;13700;1
33;222;13;13213;2
33;203;13;12000;7
33;386;13;40789;2
33;83;13;77777;5
33;102;13;13;1
33;102;13;40;1
33;479;13;13700;4
33;332;13;10888;5
33;271;13;13213;1
33;60;13;12000;3
33;234;13;40234;1
33;60;13;40234;2
33;316;13;12345;2
33;421;13;25888;9
33;421;13;25444;2
33;234;13;95;2
33;257;13;25333;27
33;6;13;13013;3
33;81;13;55222;4
33;18;13;55155;3
33;9;13;25333;5
33;77;13;95;2
33;421;13;77077;1
33;301;13;77777;20
33;55;13;77777;5
33;41;13;25222;3
33;477;13;77777;11
33;453;13;40333;5
33;70;13;13700;1
33;232;13;25333;21
33;483;13;13333;6
33;95;13;77333;6
33;500;13;40333;2
33;374;13;25333;3
33;439;13;13111;1
33;25;13;10777;6
33;385;13;11852;4
33;440;13;77190;14
33;203;13;95;3
33;52;13;55222;13
33;224;13;10111;5
33;5;13;77777;7
33;60;13;95;1
33;368;13;25333;1
33;210;13;25333;9
33;378;13;10999;1
33;73;13;11333;1
33;497;13;40444;1
33;438;13;77999;15
33;385;13;55222;5
33;227;13;77888;9
33;79;13;13213;7
33;266;13;96;6
33;283;13;96;3
33;38;13;13444;4
33;205;13;77077;1
33;47;13;95;2
33;388;13;13555;3
33;55;13;13444;2
33;373;13;96;2
33;312;13;13213;6
33;64;13;95;1
33;32;13;13111;1
33;51;13;95;3
33;235;13;96;8
33;77;13;13213;11
33;222;13;12012;3
33;375;13;10123;7
33;247;13;10222;5
33;198;13;96;6
33;2;13;13333;1
33;453;13;12555;1
33;262;13;13333;5
33;55;13;77888;16
33;404;13;12789;2
33;2;13;10789;3
33;77;13;40222;5
33;409;13;55777;1
33;421;13;13444;1
33;203;13;13333;5
33;319;13;77888;3
33;352;13;40222;2
33;265;13;10222;19
33;413;13;96;2
33;453;13;55123;3
33;374;13;13333;5
33;364;13;77999;3
33;76;13;12012;4
33;22;13;40222;1
33;258;13;11040;1
33;246;13;13444;3
33;68;13;96;5
33;475;13;13123;2
33;277;13;77888;4
33;85;13;77888;1
33;234;13;25333;4
33;208;13;10800;7
33;451;13;55222;9
33;373;13;55888;1
33;88;13;55123;1
33;378;13;11777;3
33;386;13;11777;1
33;440;13;13013;2
33;98;13;13700;4
33;93;13;25333;2
33;24;13;77;1
33;30;13;77333;2
33;88;13;10800;2
33;36;13;25333;8
33;477;13;55255;1
33;406;13;25444;5
33;478;13;10888;3
33;381;13;12410;2
33;208;13;12410;2
33;381;13;25999;11
33;99;13;10555;1
33;378;13;25333;16
33;222;13;25111;13
33;38;13;25999;8
33;350;13;77190;16
33;357;13;77190;33
33;6;13;12410;5
33;53;13;12777;4
33;208;13;10888;4
33;99;13;13000;2
33;409;13;25444;6
33;81;13;40444;3
33;206;13;25555;7
33;228;13;40789;1
33;368;13;11000;14
33;77;13;77333;2
33;39;13;40333;3
33;384;13;13000;2
33;32;13;25444;3
33;24;13;77190;9
33;258;13;10888;7
33;36;13;12410;7
33;88;13;12410;11
33;479;13;25888;1
33;10;13;25333;5
33;61;13;40456;2
33;30;13;77000;2
33;38;13;77000;3
33;48;13;10000;7
33;201;13;11777;2
33;196;13;11777;7
33;65;13;25555;11
33;74;13;12666;1
33;80;13;10111;1
33;363;13;40444;2
33;247;13;25333;11
33;203;13;10000;33
33;81;13;11411;2
33;375;13;12012;3
33;455;13;40000;1
33;482;13;40123;3
33;421;13;25999;6
33;381;13;55222;1
33;461;13;25888;5
33;232;13;10777;1
33;481;13;10000;1
33;310;13;11555;5
33;75;13;25222;3
33;205;13;40123;7
33;37;13;40456;2
33;310;13;25190;1
33;271;13;25888;21
33;227;13;25111;11
33;409;13;12123;1
33;364;13;25111;6
33;372;13;40234;1
33;235;13;25999;5
33;5;13;10222;5
33;58;13;25555;23
33;357;13;25999;1
33;379;13;10000;1
33;435;13;13789;1
33;385;13;13678;1
33;374;13;77190;14
33;476;13;40244;1
33;39;13;95;1
33;477;13;12455;1
33;357;13;11;2
33;325;13;10123;26
33;61;13;12012;2
33;25;13;10888;5
33;229;13;25222;2
33;229;13;11112;4
33;381;13;10800;2
33;381;13;10111;1
33;405;13;40555;1
33;60;13;12555;1
33;317;13;77999;2
33;272;13;40;3
33;55;13;40000;1
33;21;13;12789;2
33;72;13;40123;3
33;44;13;12123;1
33;427;13;13100;1
33;14;13;11040;2
33;378;13;10000;1
33;274;13;55123;1
33;38;13;13213;6
33;257;13;40789;1
33;51;13;77333;1
33;100;13;77333;1
33;75;13;11112;1
33;51;13;12999;1
33;364;13;13213;2
33;443;13;13700;2
33;201;13;10111;2
33;475;13;40333;1
33;399;13;13333;11
33;470;13;11333;2
33;81;13;10222;6
33;385;13;77123;1
33;368;13;77333;1
33;439;13;40333;2
33;488;13;40444;11
33;3;13;11000;3
33;451;13;11333;1
33;270;13;25999;1
33;399;13;40123;6
33;352;13;77333;5
33;34;13;10111;1
33;435;13;77333;7
33;384;13;13444;4
33;5;13;11333;2
33;11;13;11000;4
33;11;13;12444;1
33;312;13;77190;4
33;474;13;55222;5
33;75;13;10888;9
33;443;13;10123;7
33;263;13;40123;19
33;34;13;40333;8
33;1;13;25333;7
33;40;13;25555;8
33;79;13;25555;7
33;324;13;13100;1
33;379;13;13100;26
33;382;13;13400;1
33;198;13;40456;4
33;47;13;40444;2
33;8;13;10800;1
33;299;13;11000;3
33;485;13;77333;5
33;6;13;10444;6
33;52;13;77456;4
33;98;13;10789;1
33;499;13;11333;1
33;52;13;40444;3
33;332;13;12012;14
33;74;13;25888;6
33;261;13;25444;3
33;53;13;10555;59
33;470;13;12000;1
33;41;13;10789;1
33;405;13;12444;3
33;439;13;40222;7
33;404;13;13000;1
33;23;13;40333;8
33;483;13;25333;2
33;87;13;77333;2
33;82;13;11000;1
33;299;13;12789;1
33;427;13;10555;1
33;227;13;11;1
33;435;13;11444;3
33;8;13;55222;1
33;453;13;13013;1
33;482;13;10444;2
33;254;13;10444;1
33;257;13;25190;2
33;482;13;12345;2
33;454;13;10345;2
33;279;13;11555;2
33;413;13;13456;1
33;58;13;12000;1
33;310;13;10123;4
33;499;13;40444;4
33;16;13;40444;3
33;3;13;12012;6
33;206;13;40333;2
33;283;13;25222;7
33;71;13;13000;2
33;81;13;11777;3
33;41;13;25123;1
33;312;13;12789;4
33;73;13;77190;8
33;274;13;77999;4
33;500;13;13123;2
33;456;13;77888;6
33;87;13;40444;1
33;206;13;55222;1
33;86;13;10110;5
33;72;13;77888;4
33;474;13;11777;1
33;381;13;10777;9
33;320;13;13000;1
33;3;13;13000;2
33;427;13;13000;1
33;60;13;10100;4
33;47;13;25000;2
33;64;13;11852;1
33;352;13;11555;1
33;81;13;10100;8
33;196;13;77777;11
33;25;13;25190;5
33;376;13;10444;10
33;44;13;11852;3
33;44;13;12999;2
33;5;13;12410;6
33;78;13;25999;7
33;44;13;10999;2
33;59;13;55222;1
33;96;13;13123;2
33;18;13;40234;1
33;435;13;77456;1
33;1;13;25444;5
33;350;13;25888;21
33;300;13;77456;1
33;70;13;10100;8
33;483;13;12000;1
33;349;13;13100;1
33;14;13;13678;1
33;18;13;11852;3
33;68;13;25888;4
33;41;13;12410;2
33;18;13;12410;5
33;406;13;10777;1
33;40;13;40456;1
33;232;13;55222;52
33;72;13;25999;10
33;71;13;10777;1
33;238;13;10444;2
33;246;13;25222;5
33;59;13;10100;3
33;49;13;11123;1
33;32;13;13444;1
33;198;13;25333;12
33;41;13;40333;1
33;470;13;10111;2
33;258;13;11112;1
33;77;13;77777;12
33;325;13;10100;1
33;37;13;11123;3
33;19;13;96;1
33;278;13;96;5
33;9;13;13100;1
33;44;13;96;3
33;93;13;10100;1
33;229;13;13444;2
33;229;13;96;3
33;30;13;95;2
33;41;13;25000;2
33;72;13;12000;1
33;38;13;10000;2
33;97;13;77190;3
33;61;13;13333;1
33;436;13;12410;12
33;451;13;55888;1
33;376;13;40444;7
33;427;13;55222;2
33;481;13;55123;3
33;488;13;10777;5
33;382;13;55255;2
33;48;13;13100;1
33;88;13;11000;1
33;382;13;40222;7
33;382;13;13333;1
33;388;13;13100;2
33;196;13;11112;1
33;17;13;25555;11
33;378;13;10222;6
33;196;13;55111;6
33;100;13;25;1
33;275;13;11;2
33;98;13;12410;4
33;71;13;12410;4
33;75;13;12;2
33;203;13;25;2
33;55;13;11;1
33;76;13;40333;4
33;379;13;13013;6
33;74;13;12555;3
33;24;13;10789;3
33;82;13;12455;1
33;430;13;77123;2
33;430;13;10555;2
33;84;13;40;1
33;491;13;25;1
33;272;13;10888;6
33;228;13;77000;4
33;356;13;13700;1
33;25;13;13700;3
33;438;13;25555;10
33;451;13;77190;10
33;453;13;40444;2
33;263;13;77999;5
33;477;13;77123;1
33;30;13;25444;6
33;63;13;11333;1
33;332;13;13333;1
33;453;13;13333;3
33;52;13;40456;1
33;18;13;10888;38
33;414;13;25999;8
33;90;13;12123;1
33;17;13;12345;1
33;227;13;25190;4
33;239;13;25444;1
33;7;13;25444;1
33;208;13;12777;1
33;1;13;12000;1
33;414;13;40234;1
33;384;13;11777;5
33;210;13;13000;2
33;448;13;25555;16
33;96;13;25;1
33;90;13;13;3
33;373;13;13;1
33;32;13;11;3
33;78;13;25888;9
33;60;13;13000;1
33;299;13;25222;2
33;454;13;25222;1
33;280;13;13000;9
33;471;13;77;1
33;245;13;25999;2
33;224;13;10222;3
33;266;13;40789;2
33;18;13;40789;5
33;21;13;40333;4
33;409;13;25333;4
33;278;13;11222;1
33;99;13;10111;1
33;5;13;13013;1
33;41;13;55222;7
33;234;13;77777;1
33;271;13;40444;1
33;270;13;10000;4
33;71;13;10000;27
33;47;13;11222;1
33;404;13;11;1
33;404;13;12;1
33;439;13;25;2
33;59;13;10;3
33;59;13;55;1
33;81;13;13000;5
33;271;13;25111;19
33;405;13;10789;4
33;268;13;25333;4
33;30;13;10999;1
33;5;13;55222;4
33;64;13;13456;7
33;470;13;25111;15
33;38;13;12123;3
33;40;13;11555;9
33;52;13;13400;1
33;323;13;40;2
33;309;13;11;1
33;356;13;77888;15
33;24;13;13333;8
33;482;13;25111;11
33;100;13;55123;2
33;21;13;77888;10
33;85;13;25333;1
33;206;13;40244;1
33;9;13;25444;1
33;472;13;25333;5
33;490;13;13333;6
33;92;13;40;1
33;386;13;55123;2
33;349;13;10800;2
33;500;13;25111;2
33;491;13;25333;1
33;316;13;11222;1
33;82;13;25888;39
33;37;13;25888;7
33;24;13;77456;1
33;78;13;10444;8
33;350;13;13789;1
33;99;13;40222;1
33;404;13;55888;4
33;382;13;10333;1
33;453;13;10222;6
33;1;13;11040;2
33;24;13;77888;5
33;58;13;10777;2
33;24;13;12777;1
33;238;13;40456;3
33;316;13;12555;1
33;32;13;10789;2
33;261;13;40222;6
33;254;13;13333;8
33;102;13;12222;7
33;76;13;12410;5
33;210;13;12410;6
33;228;13;40234;1
33;490;13;13123;4
33;357;13;12012;3
33;280;13;10123;6
33;31;13;11333;4
33;448;13;40;1
33;477;13;10222;6
33;360;13;40;1
33;208;13;12123;1
33;33;13;77000;1
33;9;13;77333;3
33;239;13;77888;2
33;36;13;10110;1
33;406;13;40222;4
33;63;13;10110;2
33;478;13;11000;4
33;95;13;40;1
33;315;13;11;1
33;311;13;55123;1
33;399;13;55123;3
33;384;13;77333;1
33;493;13;13333;1
33;488;13;13444;4
33;205;13;13444;2
33;69;13;13333;27
33;31;13;40222;2
33;382;13;25444;4
33;76;13;13444;1
33;47;13;25444;6
33;40;13;25888;3
33;57;13;25888;52
33;312;13;10888;13
33;96;13;10888;5
33;92;13;96;6
33;50;13;10888;5
33;2;13;12999;3
33;64;13;77333;1
33;71;13;55111;4
33;438;13;25888;12
33;430;13;12999;3
33;270;13;12410;4
33;473;13;10888;2
33;255;13;12410;1
33;375;13;10888;6
33;488;13;77000;5
33;49;13;12222;4
33;490;13;12777;1
33;75;13;40000;1
33;81;13;77888;7
33;23;13;40123;6
33;15;13;40123;3
33;421;13;55111;1
33;246;13;12012;7
33;451;13;12012;12
33;2;13;40123;6
33;372;13;40123;4
33;88;13;40123;11
33;16;13;10222;6
33;281;13;40;1
33;357;13;40123;2
33;98;13;12222;6
33;245;13;12410;4
33;478;13;77000;3
33;87;13;10444;3
33;73;13;10;1
33;86;13;77;2
33;376;13;12;1
33;376;13;25;4
33;476;13;12222;3
33;258;13;11;2
33;474;13;13555;6
33;246;13;13555;1
33;70;13;96;11
33;492;13;40;1
33;336;13;40;1
33;52;13;10;4
33;405;13;25;1
33;90;13;77777;8
33;405;13;40;1
33;363;13;10444;3
33;38;13;12410;4
33;4;13;77000;1
33;374;13;13000;21
33;278;13;77777;8
33;11;13;10888;6
33;30;13;55888;1
33;268;13;55888;1
33;16;13;10;1
33;59;13;40234;2
33;247;13;40456;7
33;453;13;55111;3
33;21;13;25190;4
33;75;13;25999;2
33;90;13;25111;10
33;11;13;77123;1
33;198;13;10;2
33;78;13;40;2
33;81;13;10;3
33;456;13;77777;6
33;48;13;25222;6
33;456;13;25444;4
33;1;13;13100;1
33;37;13;40234;2
33;100;13;10444;2
33;479;13;13678;3
33;472;13;10222;2
33;443;13;25222;16
33;263;13;77777;5
33;381;13;13000;4
33;363;13;10100;11
33;69;13;10444;1
33;356;13;13555;3
33;473;13;25888;6
33;287;13;77777;22
33;258;13;11852;3
33;322;13;10100;18
33;31;13;10100;10
33;84;13;25999;1
33;9;13;40444;7
33;322;13;10444;1
33;97;13;10100;1
33;50;13;25000;1
33;255;13;13333;1
33;74;13;77888;5
33;481;13;12444;2
33;235;13;10888;8
33;405;13;10222;19
33;482;13;12012;1
33;210;13;55255;1
33;263;13;10100;5
33;48;13;77456;2
33;276;13;25333;6
33;22;13;12;1
33;360;13;10100;9
33;38;13;10100;8
33;382;13;25555;7
33;97;13;25555;18
33;317;13;12888;1
33;271;13;77777;10
33;16;13;13213;1
33;1;13;40456;2
33;404;13;11444;1
33;435;13;10100;23
33;378;13;13100;1
33;59;13;77888;5
33;247;13;77888;5
33;357;13;55111;1
33;316;13;25111;9
33;379;13;25111;3
33;471;13;10800;2
33;379;13;77777;18
33;455;13;13;1
33;48;13;13213;8
33;201;13;96;3
33;58;13;10888;1
33;374;13;13222;1
33;372;13;13213;2
33;254;13;13213;1
33;86;13;95;1
33;316;13;13213;13
33;87;13;25111;2
33;98;13;13213;6
33;262;13;10123;1
33;40;13;12789;1
33;79;13;12222;4
33;287;13;13444;42
33;53;13;13213;3
33;77;13;10222;4
33;57;13;96;12
33;39;13;96;4
33;471;13;13555;7
33;409;13;13222;1
33;386;13;13555;4
33;278;13;13555;4
33;399;13;96;2
33;210;13;95;1
33;451;13;13555;1
33;443;13;12999;1
33;368;13;25111;2
33;15;13;40456;2
33;64;13;11555;9
33;448;13;10888;1
33;57;13;40789;1
33;9;13;10100;7
33;6;13;11777;3
33;16;13;25190;1
33;37;13;25190;2
33;8;13;13100;1
33;471;13;10100;2
33;81;13;25777;2
33;488;13;25000;2
33;246;13;12000;1
33;478;13;77777;12
33;247;13;11777;4
33;277;13;77190;15
33;487;13;10555;1
33;41;13;13555;1
33;322;13;10777;5
33;7;13;11555;3
33;82;13;10800;5
33;453;13;25888;10
33;310;13;40123;1
33;478;13;10111;4
33;95;13;40333;2
33;477;13;13013;3
33;477;13;55222;1
33;331;13;55222;6
33;232;13;13555;10
33;90;13;40123;3
33;21;13;40444;3
33;34;13;11852;3
33;261;13;11333;1
33;21;13;12345;6
33;84;13;40444;3
33;88;13;11112;3
33;210;13;77190;6
33;31;13;13013;1
33;443;13;77000;4
33;23;13;25111;7
33;90;13;10222;15
33;68;13;12345;6
33;17;13;11112;2
33;378;13;25555;10
33;238;13;40234;4
33;36;13;77456;3
33;23;13;40444;7
33;210;13;77999;2
33;440;13;55133;2
33;386;13;25190;4
33;275;13;77190;3
33;224;13;55222;6
33;302;13;77333;4
33;443;13;13444;11
33;453;13;12345;5
33;363;13;25555;5
33;92;13;12345;3
33;234;13;77190;10
33;438;13;40333;4
33;76;13;55222;4
33;51;13;11222;1
33;271;13;25333;2
33;198;13;55222;7
33;272;13;11555;7
33;301;13;10100;14
33;76;13;11444;1
33;79;13;11555;6
33;246;13;10111;3
33;81;13;77333;1
33;311;13;12222;1
33;58;13;40000;1
33;15;13;12222;5
33;356;13;11777;5
33;266;13;77333;5
33;299;13;40333;4
33;2;13;40333;4
33;487;13;77333;2
33;310;13;10800;1
33;332;13;11852;2
33;196;13;77190;14
33;388;13;55133;2
33;388;13;77777;8
33;316;13;11852;6
33;323;13;10100;2
33;5;13;10100;8
33;357;13;25333;8
33;20;13;77999;5
33;20;13;77333;6
33;87;13;11777;3
33;2;13;96;4
33;482;13;96;7
33;18;13;77999;1
33;70;13;25333;5
33;285;13;10111;1
33;20;13;77190;7
33;75;13;13123;5
33;374;13;13444;3
33;360;13;96;8
33;90;13;77077;14
33;7;13;55255;1
33;468;13;13555;11
33;47;13;55111;5
33;438;13;12012;1
33;234;13;40123;2
33;65;13;13123;2
33;280;13;12012;4
33;228;13;12012;7
33;206;13;40789;1
33;42;13;25999;3
33;36;13;96;7
33;73;13;12555;1
33;372;13;10789;2
33;20;13;12789;1
33;421;13;55666;1
33;374;13;13111;1
33;258;13;13333;5
33;385;13;77888;6
33;74;13;13333;2
33;378;13;10110;2
33;440;13;40222;1
33;487;13;77888;7
33;274;13;40222;1
33;409;13;11000;3
33;73;13;55123;1
33;257;13;11000;5
33;245;13;77777;1
33;375;13;11852;4
33;472;13;77888;4
33;302;13;40444;6
33;23;13;77999;2
33;196;13;55222;5
33;482;13;12;2
33;258;13;10777;3
33;30;13;77999;5
33;33;13;25333;10
33;312;13;77777;23
33;440;13;25555;4
33;281;13;40444;1
33;57;13;10000;1
33;234;13;10800;7
33;310;13;25444;3
33;374;13;11;1
33;499;13;40;2
33;88;13;40;1
33;72;13;40;1
33;474;13;12;1
33;64;13;25999;13
33;487;13;25333;6
33;459;13;55222;6
33;210;13;10777;3
33;275;13;40100;3
33;36;13;40456;4
33;438;13;10888;10
33;198;13;12999;1
33;299;13;11222;1
33;15;13;55155;1
33;386;13;40333;10
33;430;13;12666;3
33;224;13;12999;1
33;481;13;77190;8
33;384;13;55222;3
33;234;13;25444;1
33;24;13;25444;3
33;32;13;10777;1
33;275;13;12012;9
33;247;13;25111;7
33;421;13;55888;2
33;312;13;25999;2
33;44;13;11777;1
33;265;13;25111;6
33;409;13;25888;11
33;281;13;25333;1
33;468;13;25555;9
33;384;13;13333;2
33;86;13;40234;1
33;349;13;11000;3
33;300;13;77190;8
33;76;13;11777;4
33;228;13;11777;1
33;272;13;11777;1
33;285;13;40456;25
33;254;13;10888;3
33;198;13;12666;1
33;287;13;77000;1
33;30;13;25999;3
33;360;13;40456;4
33;38;13;40456;1
33;265;13;11;2
33;468;13;40;3
33;384;13;12012;2
33;272;13;10111;2
33;312;13;11;2
33;76;13;77190;6
33;33;13;77190;8
33;261;13;77190;9
33;22;13;77456;2
33;487;13;40444;5
33;483;13;40444;18
33;92;13;10888;51
33;206;13;40123;8
33;80;13;40123;5
33;83;13;10222;1
33;79;13;10789;1
33;301;13;55255;1
33;93;13;12222;2
33;33;13;10000;3
33;421;13;40456;2
33;436;13;12777;4
33;364;13;13123;4
33;384;13;12222;4
33;88;13;77190;16
33;279;13;77190;8
33;479;13;10100;14
33;41;13;25555;8
33;315;13;11777;5
33;52;13;13123;1
33;23;13;10123;8
33;87;13;10789;2
33;300;13;40123;7
33;2;13;10123;3
33;41;13;11411;1
33;41;13;13789;1
33;470;13;12222;5
33;315;13;13333;12
33;439;13;77190;14
33;280;13;10;2
33;357;13;40;5
33;21;13;12222;6
33;72;13;10222;11
33;84;13;10123;4
33;76;13;11411;2
33;258;13;12222;4
33;378;13;25222;3
33;405;13;77888;1
33;311;13;40234;3
33;477;13;96;9
33;493;13;10800;2
33;350;13;55888;11
33;34;13;55111;2
33;54;13;77333;2
33;232;13;10;4
33;232;13;12;1
33;357;13;10;1
33;497;13;12;1
33;55;13;55666;2
33;439;13;12410;11
33;82;13;10100;2
33;82;13;11314;3
33;378;13;11112;1
33;2;13;11777;1
33;228;13;77077;1
33;325;13;12012;1
33;60;13;77999;5
33;17;13;13333;13
33;363;13;40222;7
33;82;13;77777;5
33;25;13;25333;19
33;10;13;40789;1
33;88;13;77000;5
33;350;13;40333;6
33;9;13;10555;2
33;88;13;11333;1
33;436;13;40555;1
33;263;13;10999;1
33;443;13;40555;2
33;15;13;40444;3
33;461;13;12345;2
33;88;13;77333;2
33;65;13;11040;1
33;5;13;25888;2
33;30;13;10555;2
33;17;13;12444;5
33;96;13;12345;6
33;376;13;77999;4
33;9;13;96;4
33;50;13;25555;5
33;82;13;77888;5
33;352;13;25333;1
33;435;13;55222;9
33;360;13;25333;19
33;102;13;13333;1
33;92;13;40444;3
33;472;13;40789;1
33;280;13;40333;6
33;205;13;40444;6
33;4;13;13678;1
33;99;13;10;4
33;430;13;77;1
33;30;13;40;1
33;254;13;11555;12
33;229;13;11555;3
33;382;13;10800;2
33;34;13;77123;3
33;72;13;77456;2
33;77;13;10789;1
33;6;13;12012;6
33;438;13;10789;2
33;88;13;10123;14
33;246;13;77333;4
33;68;13;40444;10
33;87;13;77123;1
33;98;13;10555;2
33;38;13;11222;3
33;364;13;25444;1
33;302;13;13700;2
33;482;13;77888;5
33;258;13;77888;4
33;374;13;13123;1
33;456;13;13123;38
33;25;13;40555;1
33;42;13;11333;1
33;459;13;40100;1
33;265;13;11555;9
33;63;13;11112;1
33;336;13;77777;1
33;222;13;10100;12
33;8;13;10444;5
33;5;13;77888;5
33;355;13;10123;2
33;373;13;25555;1
33;349;13;77123;1
33;80;13;10000;9
33;76;13;10000;4
33;254;13;10000;3
33;205;13;77456;3
33;99;13;40789;1
33;385;13;55123;2
33;34;13;13123;1
33;16;13;13678;1
33;247;13;40000;1
33;65;13;25000;2
33;320;13;12444;2
33;88;13;77999;12
33;48;13;77333;4
33;205;13;77333;7
33;19;13;40789;1
33;320;13;40444;15
33;317;13;12000;8
33;275;13;11333;1
33;451;13;10222;3
33;413;13;40222;3
33;283;13;25888;12
33;50;13;10777;3
33;324;13;10777;1
33;379;13;10777;1
33;96;13;10999;1
33;58;13;10100;6
33;376;13;10;5
33;317;13;25222;2
33;376;13;10100;7
33;454;13;10123;3
33;80;13;11777;2
33;309;13;12345;4
33;74;13;11000;2
33;77;13;77190;12
33;224;13;77333;3
33;274;13;25000;2
33;477;13;25444;3
33;74;13;25222;1
33;451;13;40456;5
33;16;13;25111;4
33;98;13;11777;5
33;48;13;40333;2
33;33;13;13700;1
33;11;13;11112;3
33;16;13;25444;5
33;48;13;25444;5
33;61;13;25444;1
33;430;13;25888;10
33;33;13;10100;5
33;72;13;10100;6
33;235;13;25190;4
33;41;13;77456;2
33;7;13;10555;1
33;24;13;25999;6
33;278;13;12410;2
33;77;13;55222;4
33;24;13;13700;2
33;79;13;12410;11
33;413;13;13678;1
33;30;13;40234;1
33;198;13;10444;5
33;406;13;10444;13
33;20;13;10111;3
33;406;13;40333;1
33;41;13;25333;9
33;247;13;55222;8
33;378;13;25000;1
33;198;13;11852;3
33;405;13;11555;8
33;41;13;10800;1
33;246;13;12888;1
33;413;13;13100;3
33;75;13;10100;8
33;478;13;25000;1
33;44;13;10100;11
33;360;13;11555;10
33;479;13;11000;4
33;32;13;10100;5
33;53;13;12345;3
33;208;13;10000;8
33;363;13;12345;5
33;71;13;12345;5
33;349;13;40;1
33;48;13;25000;2
33;263;13;13013;1
33;375;13;12123;1
33;360;13;13700;3
33;48;13;11852;9
33;461;13;11555;9
33;229;13;40123;7
33;100;13;12;2
33;100;13;40;3
33;279;13;25888;6
33;34;13;13;1
33;70;13;12;1
33;33;13;10888;10
33;48;13;25;2
33;385;13;10000;1
33;205;13;13123;3
33;25;13;40000;4
33;439;13;40100;1
33;276;13;25555;5
33;36;13;10123;4
33;421;13;10222;6
33;435;13;40123;5
33;375;13;12410;9
33;475;13;12123;1
33;21;13;25444;2
33;96;13;13678;1
33;18;13;25111;3
33;456;13;40333;2
33;473;13;25333;23
33;100;13;11852;5
33;435;13;13333;6
33;448;13;40222;3
33;356;13;25555;10
33;24;13;12455;1
33;378;13;40123;2
33;9;13;40;1
33;1;13;77;1
33;453;13;10;2
33;388;13;12777;3
33;75;13;55;1
33;427;13;77999;5
33;2;13;77777;6
33;227;13;10777;1
33;228;13;13678;1
33;246;13;25555;7
33;246;13;10888;4
33;57;13;10123;42
33;206;13;12222;6
33;438;13;40123;6
33;81;13;10123;7
33;488;13;10444;9
33;246;13;25444;7
33;90;13;10;4
33;276;13;10777;1
33;414;13;25888;10
33;472;13;55111;1
33;357;13;25555;16
33;5;13;25190;1
33;461;13;10110;1
33;364;13;12410;12
33;99;13;25123;1
33;258;13;13678;3
33;8;13;40000;1
33;311;13;25444;1
33;16;13;55222;1
33;312;13;12410;3
33;477;13;40456;1
33;440;13;11555;6
33;357;13;11000;1
33;201;13;40456;2
33;323;13;13;1
33;472;13;11333;2
33;239;13;11777;4
33;360;13;77888;4
33;1;13;13013;1
33;363;13;77333;3
33;8;13;10888;4
33;4;13;77190;8
33;384;13;11222;3
33;479;13;10111;1
33;414;13;40;3
33;229;13;77222;1
33;222;13;40456;3
33;409;13;10111;2
33;356;13;13100;1
33;277;13;55222;14
33;382;13;10;4
33;439;13;12;1
33;472;13;40444;2
33;239;13;40444;1
33;477;13;77888;3
33;79;13;10110;2
33;456;13;10111;1
33;17;13;77;2
33;87;13;10110;2
33;376;13;40222;2
33;453;13;12222;1
33;443;13;40123;8
33;3;13;40222;2
33;381;13;11333;1
33;72;13;40555;3
33;229;13;40555;1
33;453;13;77777;8
33;8;13;10789;1
33;474;13;12410;2
33;198;13;11613;1
33;48;13;25999;8
33;448;13;12789;4
33;385;13;10123;9
33;443;13;12012;2
33;448;13;40123;1
33;487;13;11000;6
33;261;13;13333;7
33;453;13;10110;1
33;84;13;11040;1
33;275;13;12444;29
33;349;13;77777;8
33;95;13;13333;2
33;310;13;77999;2
33;254;13;55123;18
33;436;13;10333;1
33;16;13;77000;2
33;430;13;12123;1
33;11;13;12345;3
33;473;13;13333;6
33;492;13;40222;3
33;451;13;12444;1
33;70;13;10110;1
33;15;13;77456;1
33;22;13;10123;3
33;271;13;25;1
33;36;13;25111;3
33;488;13;12444;1
33;302;13;25;1
33;451;13;13333;6
33;360;13;10;2
33;315;13;40;4
33;374;13;25999;81
33;438;13;55888;3
33;40;13;10123;5
33;48;13;11000;4
33;325;13;77222;2
33;385;13;10777;4
33;301;13;25999;6
33;14;13;40555;1
33;72;13;13333;1
33;481;13;11000;2
33;262;13;12555;1
33;386;13;10789;1
33;85;13;12012;20
33;278;13;10;2
33;8;13;77;1
33;33;13;12410;9
33;1;13;55123;1
33;97;13;40222;3
33;88;13;13444;9
33;47;13;13444;3
33;228;13;55123;2
33;75;13;10444;6
33;44;13;25888;10
33;299;13;77888;3
33;459;13;55123;3
33;71;13;55123;1
33;78;13;95;4
33;376;13;95;2
33;235;13;40234;2
33;439;13;13678;1
33;205;13;25888;7
33;266;13;13111;3
33;261;13;12;1
33;79;13;12123;2
33;320;13;12410;3
33;438;13;13123;3
33;74;13;25111;4
33;451;13;10888;6
33;473;13;12123;2
33;485;13;40000;4
33;268;13;10123;33
33;41;13;95;2
33;224;13;10789;3
33;41;13;40456;5
33;481;13;25999;10
33;350;13;11777;2
33;20;13;77888;4
33;324;13;40123;1
33;272;13;55999;1
33;201;13;10789;2
33;42;13;10123;1
33;6;13;40000;2
33;234;13;12222;1
33;97;13;10123;6
33;88;13;12777;1
33;10;13;12410;2
33;436;13;10888;8
33;4;13;12222;1
33;84;13;77456;4
33;23;13;12999;4
33;439;13;10444;2
33;388;13;13;3
33;86;13;40;1
33;87;13;12;2
33;92;13;12410;4
33;55;13;10222;2
33;238;13;12;1
33;372;13;11;1
33;68;13;10;1
33;478;13;12;3
33;23;13;13555;1
33;77;13;13555;1
33;262;13;11;2
33;325;13;10;1
33;80;13;40;5
33;88;13;10;1
33;470;13;11;1
33;491;13;13213;13
33;384;13;11112;1
33;90;13;25000;7
33;3;13;13213;2
33;476;13;12410;7
33;274;13;25999;14
33;229;13;12345;2
33;95;13;25190;2
33;54;13;12345;2
33;99;13;25222;4
33;40;13;10;2
33;51;13;11777;4
33;95;13;10000;3
33;405;13;12;2
33;17;13;95;1
33;235;13;10444;6
33;481;13;12123;2
33;481;13;25111;3
33;38;13;10888;3
33;83;13;13000;1
33;386;13;12345;4
33;451;13;11852;4
33;25;13;25000;1
33;470;13;77190;8
33;14;13;10777;5
33;384;13;12123;2
33;301;13;40234;1
33;405;13;10888;8
33;41;13;10777;4
33;95;13;11777;1
33;373;13;13100;1
33;468;13;11852;1
33;90;13;13100;1
33;63;13;25888;2
33;235;13;77777;10
33;363;13;77777;5
33;382;13;25190;1
33;77;13;25555;8
33;7;13;77777;7
33;17;13;25190;2
33;96;13;40000;2
33;324;13;12666;1
33;201;13;13400;1
33;72;13;11555;4
33;206;13;11555;3
33;53;13;13333;3
33;72;13;11040;1
33;406;13;11040;1
33;80;13;13123;1
33;39;13;13333;4
33;443;13;11777;6
33;364;13;11000;1
33;210;13;12012;1
33;309;13;55111;7
33;378;13;10555;1
33;60;13;12345;1
33;22;13;40;1
33;2;13;11;1
33;386;13;12410;2
33;80;13;13000;4
33;63;13;12012;7
33;235;13;55255;2
33;476;13;13155;1
33;435;13;25555;9
33;61;13;13213;4
33;311;13;12777;5
33;368;13;11555;4
33;448;13;11555;1
33;332;13;77000;4
33;302;13;25999;7
33;22;13;95;4
33;421;13;10100;8
33;71;13;25222;1
33;53;13;40222;1
33;5;13;13333;2
33;375;13;13123;2
33;16;13;77888;3
33;315;13;40456;6
33;201;13;11555;10
33;459;13;10333;1
33;381;13;96;3
33;270;13;96;2
33;50;13;25111;7
33;493;13;13444;2
33;493;13;96;1
33;60;13;13444;40
33;50;13;13444;2
33;34;13;96;10
33;100;13;40000;2
33;57;13;13213;7
33;375;13;13213;14
33;4;13;11411;1
33;490;13;25999;10
33;54;13;13444;2
33;44;13;95;2
33;287;13;12455;6
33;228;13;40123;10
33;32;13;11852;7
33;100;13;13555;2
33;482;13;13213;10
33;310;13;13213;1
33;349;13;96;7
33;265;13;13555;16
33;30;13;13555;1
33;483;13;12666;1
33;312;13;13555;12
33;228;13;13213;1
33;473;13;13555;6
33;453;13;12123;4
33;406;13;77333;3
33;50;13;13400;3
33;50;13;77555;6
33;499;13;11777;1
33;232;13;12345;1
33;478;13;25222;4
33;315;13;11852;1
33;448;13;13213;5
33;39;13;10000;1
33;198;13;77333;6
33;479;13;25555;7
33;364;13;11777;4
33;471;13;77777;5
33;24;13;10000;3
33;92;13;11112;1
33;490;13;77777;4
33;47;13;11852;6
33;440;13;13678;4
33;71;13;10444;3
33;49;13;77456;4
33;81;13;77456;1
33;382;13;25888;10
33;414;13;77190;2
33;19;13;77190;4
33;385;13;13555;5
33;427;13;11555;10
33;485;13;10444;2
33;436;13;12000;1
33;301;13;25888;16
33;203;13;13013;1
33;323;13;40333;11
33;196;13;77888;9
33;301;13;10777;1
33;11;13;11333;1
33;11;13;12012;2
33;409;13;25555;5
33;409;13;12000;1
33;247;13;11444;2
33;266;13;77777;2
33;22;13;25190;5
33;201;13;25190;2
33;84;13;25111;1
33;23;13;10888;6
33;57;13;13100;2
33;90;13;40100;1
33;235;13;13222;2
33;280;13;12345;12
33;388;13;12000;1
33;478;13;40444;4
33;210;13;10555;2
33;352;13;77222;1
33;317;13;13123;3
33;287;13;55123;3
33;268;13;10110;1
33;206;13;13123;8
33;310;13;10222;4
33;96;13;12012;1
33;80;13;77777;10
33;80;13;25222;3
33;414;13;11112;1
33;385;13;25000;1
33;49;13;77077;1
33;48;13;25555;11
33;497;13;25888;1
33;37;13;10000;1
33;438;13;13013;1
33;300;13;55222;1
33;73;13;11555;1
33;302;13;11852;4
33;388;13;11112;1
33;272;13;77333;10
33;497;13;77333;2
33;311;13;40123;1
33;320;13;40123;2
33;430;13;11333;2
33;262;13;40333;5
33;33;13;10111;1
33;40;13;12555;2
33;206;13;25444;12
33;31;13;25333;7
33;208;13;10777;5
33;24;13;77777;8
33;201;13;11852;6
33;238;13;96;7
33;228;13;11333;1
33;421;13;77333;5
33;276;13;25999;22
33;490;13;40123;2
33;50;13;40123;6
33;472;13;40222;3
33;500;13;25333;4
33;25;13;13111;1
33;70;13;10800;3
33;90;13;10444;4
33;2;13;25333;6
33;262;13;40444;19
33;77;13;77999;11
33;55;13;96;5
33;413;13;95;1
33;32;13;95;2
33;96;13;95;1
33;409;13;10123;7
33;315;13;13100;1
33;90;13;13213;3
33;357;13;10888;1
33;386;13;25111;5
33;229;13;55255;2
33;40;13;13789;1
33;482;13;95;4
33;453;13;13123;2
33;37;13;40444;5
33;316;13;77888;11
33;316;13;40000;1
33;87;13;12012;2
33;439;13;12455;1
33;48;13;11411;3
33;80;13;11000;2
33;300;13;13444;3
33;276;13;96;6
33;85;13;40123;1
33;438;13;12222;5
33;81;13;12012;1
33;254;13;40123;3
33;499;13;40123;2
33;6;13;40123;4
33;406;13;96;3
33;404;13;13789;1
33;80;13;12789;1
33;228;13;40222;5
33;245;13;13333;10
33;435;13;11852;3
33;470;13;12345;2
33;385;13;40444;11
33;4;13;25333;4
33;25;13;10;2
33;459;13;10;1
33;312;13;40444;1
33;372;13;13123;59
33;88;13;13123;6
33;72;13;25333;3
33;312;13;12345;10
33;75;13;40222;1
33;363;13;55222;6
33;100;13;10800;1
33;227;13;40333;3
33;88;13;25333;8
33;372;13;10111;1
33;229;13;10777;3
33;261;13;12123;4
33;77;13;25999;6
33;493;13;25999;6
33;281;13;40333;1
33;459;13;10999;1
33;70;13;13333;2
33;409;13;55888;3
33;287;13;40456;18
33;491;13;77190;6
33;48;13;10777;1
33;299;13;77190;9
33;201;13;77190;7
33;479;13;10444;3
33;461;13;10444;19
33;255;13;25999;2
33;93;13;12410;3
33;310;13;10888;3
33;98;13;11613;1
33;81;13;10888;11
33;261;13;77000;4
33;99;13;25888;5
33;355;13;10800;1
33;275;13;13333;3
33;54;13;40333;2
33;372;13;55222;3
33;2;13;40456;2
33;372;13;12410;7
33;40;13;13013;2
33;384;13;40100;1
33;479;13;25444;3
33;49;13;10111;2
33;21;13;55222;11
33;21;13;77000;5
33;360;13;10333;1
33;476;13;40456;3
33;360;13;25999;9
33;229;13;77456;2
33;98;13;13678;1
33;274;13;12000;1
33;206;13;77000;4
33;96;13;11777;2
33;280;13;12123;2
33;414;13;40000;1
33;5;13;12012;4
33;88;13;13013;3
33;479;13;12777;1
33;262;13;12666;1
33;73;13;10333;2
33;49;13;55888;2
33;9;13;10111;2
33;77;13;10111;2
33;320;13;55222;28
33;255;13;25333;1
33;350;13;10222;11
33;301;13;12222;3
33;491;13;40555;1
33;274;13;25111;9
33;280;13;55888;2
33;245;13;77190;8
33;245;13;10123;13
33;436;13;12222;4
33;427;13;10333;1
33;263;13;25999;4
33;491;13;10888;7
33;20;13;10777;2
33;2;13;40244;1
33;53;13;55666;1
33;47;13;40123;10
33;18;13;77456;1
33;320;13;10000;6
33;6;13;12555;1
33;300;13;77888;1
33;309;13;10777;2
33;198;13;13123;2
33;475;13;40000;3
33;37;13;40123;6
33;427;13;10000;2
33;263;13;10000;1
33;205;13;77888;7
33;87;13;10888;5
33;382;13;95;4
33;247;13;11333;2
33;3;13;77000;1
33;275;13;40234;2
33;15;13;40234;1
33;276;13;77190;6
33;471;13;13333;3
33;74;13;25000;4
33;19;13;12012;7
33;331;13;12012;2
33;317;13;12012;12
33;3;13;13100;2
33;352;13;77456;6
33;59;13;12012;2
33;247;13;40444;5
33;51;13;11333;4
33;76;13;25000;1
33;409;13;13213;7
33;280;13;95;1
33;427;13;10800;1
33;474;13;40444;1
33;238;13;77333;4
33;5;13;40444;1
33;100;13;77999;4
33;70;13;12000;8
33;265;13;12222;1
33;476;13;25888;1
33;30;13;77123;1
33;23;13;12012;8
33;439;13;55111;2
33;222;13;11333;2
33;87;13;25333;12
33;439;13;10800;1
33;427;13;11000;3
33;71;13;77333;3
33;375;13;25999;5
33;316;13;25333;10
33;58;13;13333;8
33;88;13;40444;9
33;34;13;13333;3
33;247;13;10111;2
33;482;13;55222;7
33;4;13;40789;1
33;14;13;77123;1
33;246;13;11333;2
33;99;13;13;2
33;4;13;40;1
33;468;13;25111;5
33;247;13;12000;1
33;379;13;40444;4
33;436;13;25333;22
33;102;13;77999;6
33;5;13;25444;3
33;201;13;77888;4
33;84;13;12012;1
33;355;13;11000;1
33;435;13;12789;1
33;208;13;12012;3
33;63;13;10123;8
33;198;13;12012;10
33;8;13;10111;2
33;84;13;10100;5
33;430;13;10444;8
33;208;13;40444;4
33;47;13;77999;16
33;315;13;77333;5
33;98;13;77123;1
33;222;13;10789;1
33;22;13;55222;10
33;31;13;25555;4
33;316;13;11333;2
33;25;13;77333;7
33;42;13;77999;3
33;42;13;40555;1
33;438;13;13700;1
33;34;13;40000;3
33;75;13;25555;6
33;99;13;13013;3
33;490;13;11777;10
33;459;13;12222;4
33;58;13;77777;2
33;257;13;40444;21
33;405;13;77456;5
33;82;13;11555;1
33;478;13;40234;2
33;95;13;40234;1
33;247;13;10444;6
33;15;13;10789;1
33;427;13;10110;1
33;1;13;13123;2
33;6;13;13678;3
33;262;13;10444;5
33;476;13;40234;3
33;10;13;12222;1
33;16;13;10100;5
33;263;13;25555;3
33;20;13;10000;2
33;350;13;11000;2
33;1;13;77777;5
33;4;13;77999;5
33;205;13;10222;5
33;234;13;77333;3
33;47;13;40789;2
33;399;13;77190;7
33;31;13;12345;2
33;92;13;77999;2
33;228;13;77123;3
33;279;13;13123;8
33;316;13;10777;2
33;414;13;25555;8
33;350;13;10123;1
33;471;13;40444;5
33;86;13;11777;1
33;301;13;12000;1
33;76;13;11000;7
33;453;13;25000;1
33;483;13;25190;3
33;47;13;10222;3
33;438;13;25000;1
33;75;13;11852;6
33;47;13;13000;3
33;74;13;11112;1
33;54;13;11555;3
33;81;13;77777;13
33;40;13;11852;10
33;247;13;10888;5
33;97;13;40456;1
33;430;13;13100;2
33;11;13;25222;2
33;430;13;25444;5
33;331;13;25888;1
33;265;13;10100;3
33;81;13;25222;2
33;438;13;25222;2
33;385;13;12345;4
33;470;13;77456;1
33;247;13;11852;4
33;456;13;40456;1
33;323;13;25999;1
33;198;13;10777;6
33;409;13;12999;4
33;266;13;40333;6
33;96;13;96;7
33;40;13;10888;4
33;48;13;25777;3
33;23;13;25888;8
33;201;13;10100;8
33;482;13;25000;3
33;261;13;25000;2
33;385;13;77777;8
33;271;13;10111;2
33;246;13;10100;12
33;246;13;11112;1
33;48;13;11555;5
33;36;13;25222;6
33;5;13;11852;1
33;40;13;10100;20
33;474;13;13100;2
33;364;13;11852;3
33;208;13;96;1
33;234;13;96;8
33;99;13;13100;2
33;100;13;11555;6
33;475;13;25190;5
33;96;13;77777;19
33;40;13;96;2
33;481;13;10777;6
33;364;13;77777;10
33;287;13;40222;5
33;51;13;13333;2
33;435;13;12999;2
33;435;13;12410;10
33;386;13;13700;2
33;76;13;10800;2
33;82;13;13123;1
33;16;13;13100;1
33;227;13;13400;1
33;279;13;25190;2
33;497;13;25190;2
33;488;13;77190;3
33;312;13;11777;2
33;73;13;12222;3
33;272;13;12012;3
33;63;13;77;1
33;368;13;25;1
33;63;13;25111;1
33;53;13;10888;1
33;49;13;55255;1
33;75;13;11;2
33;39;13;13100;3
33;64;13;11000;1
33;55;13;12012;5
33;208;13;13444;1
33;6;13;13444;1
33;382;13;10110;1
33;17;13;10000;1
33;22;13;12012;11
33;95;13;10555;1
33;302;13;13333;8
33;349;13;55;1
33;474;13;77000;2
33;302;13;55222;2
33;451;13;25333;16
33;97;13;10999;1
33;196;13;25222;3
33;385;13;11333;1
33;455;13;40456;1
33;90;13;55888;1
33;11;13;12555;1
33;421;13;10888;3
33;228;13;12123;1
33;228;13;25111;14
33;228;13;40456;3
33;49;13;10888;4
33;375;13;55888;3
33;65;13;77190;1
33;427;13;77190;17
33;61;13;77123;1
33;61;13;10555;4
33;310;13;77190;1
33;23;13;12345;6
33;102;13;10888;8
33;277;13;77333;1
33;453;13;40222;5
33;461;13;10777;1
33;227;13;11777;3
33;90;13;10110;3
33;299;13;77777;11
33;331;13;77456;1
33;373;13;12;1
33;471;13;10000;3
33;455;13;25888;5
33;49;13;77000;3
33;53;13;77000;2
33;44;13;25111;10
33;350;13;12222;1
33;21;13;10100;9
33;21;13;11112;2
33;315;13;77123;1
33;24;13;13013;4
33;323;13;55222;1
33;24;13;55222;10
33;2;13;11444;2
33;234;13;77555;1
33;87;13;11852;3
33;271;13;40555;1
33;310;13;25555;1
33;245;13;12012;59
33;47;13;40234;1
33;7;13;77333;4
33;476;13;77456;1
33;476;13;55123;4
33;93;13;77000;2
33;97;13;40444;2
33;203;13;11333;1
33;55;13;40444;2
33;203;13;40444;5
33;90;13;40;3
33;32;13;40;2
33;39;13;25888;5
33;229;13;13123;4
33;32;13;25555;11
33;479;13;10110;1
33;266;13;25999;43
33;3;13;77456;1
33;246;13;40234;1
33;210;13;77456;2
33;4;13;40123;4
33;384;13;12455;2
33;409;13;40244;1
33;21;13;11222;1
33;363;13;10800;1
33;198;13;10100;13
33;4;13;11555;2
33;271;13;77999;3
33;404;13;40456;3
33;19;13;10111;1
33;386;13;11333;1
33;385;13;11000;3
33;71;13;13;4
33;323;13;12;1
33;59;13;40;1
33;309;13;77;1
33;476;13;25444;2
33;15;13;25444;3
33;72;13;25888;9
33;477;13;13123;3
33;85;13;10000;1
33;76;13;10111;2
33;95;13;25555;4
33;32;13;55255;1
33;57;13;10;5
33;263;13;13333;3
33;381;13;77999;1
33;86;13;40444;6
33;228;13;40444;5
33;74;13;11333;2
33;3;13;25333;7
33;5;13;10888;4
33;60;13;40456;4
33;352;13;25777;2
33;40;13;77456;1
33;281;13;25444;3
33;376;13;10222;3
33;368;13;40100;2
33;368;13;10222;1
33;38;13;11333;1
33;360;13;77333;2
33;479;13;13444;7
33;461;13;13444;1
33;72;13;11333;3
33;70;13;77456;1
33;227;13;40444;7
33;302;13;11;1
33;302;13;12;1
33;222;13;77123;3
33;355;13;10888;3
33;299;13;10888;4
33;360;13;77999;19
33;472;13;12789;1
33;42;13;25025;1
33;36;13;12455;1
33;52;13;55111;1
33;208;13;55111;1
33;42;13;40123;4
33;102;13;40000;1
33;76;13;10888;1
33;378;13;10123;5
33;271;13;13;2
33;261;13;12410;5
33;57;13;12410;3
33;37;13;55255;1
33;224;13;77123;2
33;479;13;10789;1
33;54;13;11000;2
33;68;13;25111;3
33;65;13;10123;6
33;483;13;10123;3
33;82;13;12999;1
33;42;13;10222;3
33;59;13;25111;2
33;6;13;12999;1
33;20;13;12666;1
33;485;13;13444;2
33;49;13;96;3
33;232;13;95;3
33;404;13;95;4
33;227;13;95;2
33;7;13;96;4
33;208;13;12444;1
33;48;13;13333;2
33;93;13;11000;3
33;261;13;77;3
33;376;13;77077;2
33;2;13;25111;3
33;74;13;12410;6
33;468;13;40444;5
33;78;13;40222;5
33;285;13;55123;2
33;75;13;40444;5
33;312;13;13333;3
33;372;13;96;4
33;71;13;96;3
33;435;13;13444;1
33;302;13;10444;12
33;201;13;25111;6
33;69;13;25888;4
33;57;13;25444;1
33;385;13;25555;9
33;75;13;12222;3
33;468;13;10123;1
33;479;13;77190;4
33;75;13;10000;1
33;1;13;40123;1
33;92;13;40123;4
33;471;13;25111;16
33;88;13;10222;24
33;475;13;40456;1
33;16;13;40123;2
33;69;13;25444;1
33;490;13;10888;3
33;8;13;11040;2
33;75;13;11777;5
33;102;13;13123;2
33;302;13;10123;2
33;272;13;77111;1
33;71;13;40100;1
33;478;13;55111;5
33;60;13;10222;18
33;456;13;12999;1
33;65;13;40;3
33;65;13;77;1
33;456;13;10888;7
33;58;13;10000;1
33;75;13;40111;1
33;206;13;10888;6
33;430;13;12777;1
33;481;13;40456;4
33;301;13;13678;2
33;474;13;55;1
33;53;13;12;1
33;210;13;11;1
33;483;13;11613;1
33;283;13;13;1
33;228;13;40;1
33;238;13;40;1
33;210;13;25;1
33;440;13;40;2
33;222;13;40;1
33;275;13;96;9
33;79;13;13555;3
33;331;13;13555;1
33;427;13;13213;5
33;483;13;10;2
33;77;13;13;1
33;356;13;25;1
33;57;13;13555;8
33;360;13;13555;5
33;37;13;13555;3
33;54;13;25999;12
33;404;13;40234;1
33;36;13;13000;2
33;473;13;12345;11
33;40;13;12345;2
33;409;13;77777;10
33;479;13;10800;1
33;461;13;10800;1
33;75;13;10800;1
33;384;13;25111;8
33;477;13;10333;1
33;3;13;12345;1
33;302;13;12345;1
33;385;13;13444;1
33;247;13;77000;3
33;409;13;77000;11
33;379;13;25777;1
33;378;13;12000;2
33;356;13;25000;1
33;37;13;12123;2
33;15;13;13555;2
33;41;13;11555;3
33;22;13;11852;7
33;47;13;10100;7
33;97;13;12345;3
33;81;13;11555;4
33;473;13;10100;2
33;16;13;11112;1
33;363;13;55888;9
33;363;13;25111;9
33;235;13;77000;7
33;60;13;10444;4
33;31;13;25222;2
33;388;13;25444;2
33;63;13;13333;15
33;246;13;11040;1
33;319;13;11000;1
33;378;13;10444;10
33;386;13;10444;7
33;373;13;12222;3
33;15;13;25190;3
33;70;13;12410;15
33;49;13;25555;5
33;499;13;25555;3
33;234;13;25555;6
33;47;13;12345;2
33;205;13;11555;2
33;51;13;11555;2
33;357;13;11555;5
33;475;13;77;1
33;363;13;12123;5
33;355;13;11555;1
33;100;13;40234;1
33;88;13;77123;2
33;8;13;11777;4
33;3;13;12000;1
33;385;13;55888;1
33;15;13;12666;1
33;36;13;11112;1
33;421;13;77777;12
33;97;13;77777;20
33;375;13;10100;17
33;71;13;13333;4
33;78;13;11000;6
33;349;13;10777;2
33;349;13;10000;5
33;60;13;77888;3
33;406;13;55123;2
33;493;13;10444;12
33;22;13;11;3
33;378;13;12999;2
33;87;13;13213;3
33;438;13;13213;12
33;324;13;55255;1
33;478;13;13213;8
33;363;13;55777;1
33;356;13;55255;2
33;427;13;25111;4
33;210;13;13213;2
33;201;13;13213;4
33;84;13;13213;4
33;332;13;95;2
33;483;13;13213;1
33;357;13;10123;5
33;83;13;10123;19
33;50;13;77000;3
33;39;13;13444;5
33;30;13;13444;2
33;331;13;55111;1
33;86;13;13213;5
33;59;13;10222;12
33;24;13;13444;2
33;11;13;13555;1
33;58;13;96;2
33;81;13;13555;4
33;386;13;13213;5
33;20;13;13555;1
33;206;13;13555;1
33;405;13;77777;13
33;4;13;40234;2
33;234;13;11777;2
33;350;13;12345;2
33;453;13;95;3
33;406;13;40444;5
33;90;13;77000;2
33;40;13;10444;6
33;2;13;25000;2
33;60;13;25190;1
33;476;13;25190;3
33;468;13;13013;1
33;15;13;77123;2
33;102;13;40333;2
33;39;13;11777;6
33;229;13;77190;6
33;435;13;10000;1
33;451;13;13700;2
33;210;13;55222;3
33;430;13;25333;18
33;40;13;77190;9
33;11;13;77333;3
33;79;13;13700;6
33;210;13;10100;19
33;51;13;77888;11
33;77;13;10444;6
33;210;13;11333;2
33;482;13;77777;10
33;39;13;77777;15
33;15;13;77190;7
33;227;13;55222;2
33;448;13;25999;4
33;38;13;12000;1
33;349;13;12345;4
33;319;13;11555;1
33;409;13;25777;1
33;22;13;10100;8
33;229;13;77555;1
33;475;13;11777;3
33;32;13;77333;2
33;399;13;25190;4
33;201;13;77456;5
33;196;13;12345;1
33;18;13;25222;2
33;14;13;96;3
33;210;13;40244;1
33;86;13;77190;5
33;485;13;40244;1
33;271;13;55222;1
33;37;13;25555;13
33;80;13;10444;7
33;234;13;11852;1
33;54;13;77190;9
33;488;13;13700;3
33;301;13;13013;1
33;76;13;13013;3
33;228;13;13013;1
33;51;13;25333;8
33;440;13;55222;1
33;475;13;77777;7
33;270;13;25222;1
33;456;13;11112;2
33;357;13;11852;1
33;470;13;25222;6
33;483;13;40222;4
33;83;13;10111;1
33;439;13;13222;2
33;278;13;77222;1
33;385;13;13700;3
33;309;13;10111;12
33;77;13;25888;9
33;52;13;77190;12
33;421;13;77123;3
33;438;13;25333;8
33;47;13;13700;2
33;322;13;40333;2
33;299;13;96;10
33;203;13;77555;1
33;22;13;10111;3
33;76;13;11333;3
33;443;13;11040;4
33;438;13;11333;1
33;324;13;40000;1
33;83;13;10800;1
33;279;13;10111;1
33;210;13;13013;3
33;87;13;10777;2
33;58;13;11222;4
33;59;13;25444;1
33;210;13;96;6
33;238;13;13555;3
33;81;13;13444;1
33;81;13;96;5
33;440;13;40123;3
33;276;13;13222;2
33;229;13;25111;9
33;73;13;10123;4
33;376;13;12012;19
33;430;13;12012;7
33;409;13;12012;3
33;316;13;10789;2
33;245;13;77999;1
33;378;13;25111;8
33;86;13;40100;1
33;24;13;12012;7
33;438;13;25025;1
33;499;13;10222;4
33;208;13;10222;11
33;300;13;96;4
33;262;13;40222;7
33;44;13;77888;7
33;3;13;10123;5
33;439;13;12012;3
33;438;13;13333;3
33;459;13;10222;6
33;206;13;77999;5
33;263;13;55123;1
33;228;13;13333;4
33;388;13;13333;4
33;246;13;10110;4
33;472;13;13123;1
33;372;13;55123;2
33;310;13;40555;2
33;227;13;13333;4
33;234;13;40333;2
33;95;13;10111;1
33;25;13;40;1
33;24;13;40;1
33;378;13;77;1
33;88;13;12;1
33;482;13;10;3
33;96;13;13333;1
33;376;13;77222;1
33;95;13;55123;2
33;32;13;40444;5
33;275;13;55222;1
33;336;13;11852;2
33;41;13;12345;5
33;72;13;10000;27
33;224;13;25333;7
33;25;13;77;2
33;472;13;13;3
33;102;13;25111;8
33;210;13;11000;3
33;81;13;25999;8
33;198;13;25444;5
33;488;13;40234;1
33;481;13;10888;4
33;36;13;77000;3
33;71;13;11613;1
33;320;13;25333;6
33;50;13;11222;1
33;373;13;10444;1
33;80;13;10999;1
33;5;13;10555;1
33;315;13;25888;5
33;471;13;77190;2
33;86;13;12410;5
33;6;13;12666;1
33;261;13;25111;4
33;399;13;12012;8
33;277;13;77;1
33;16;13;11777;6
33;40;13;10777;4
33;475;13;40444;6
33;461;13;10333;4
33;33;13;77999;12
33;268;13;55666;2
33;38;13;10222;4
33;30;13;13013;1
33;14;13;25333;3
33;14;13;11;2
33;82;13;13;1
33;58;13;25888;2
33;58;13;25444;1
33;421;13;11777;3
33;23;13;10;7
33;455;13;25111;6
33;86;13;13013;1
33;9;13;11222;4
33;385;13;40244;1
33;454;13;40444;1
33;261;13;77999;7
33;479;13;77777;9
33;44;13;25000;2
33;312;13;10123;5
33;476;13;10222;4
33;75;13;25444;2
33;77;13;55155;1
33;39;13;25333;10
33;372;13;13013;1
33;36;13;13013;3
33;300;13;25555;9
33;25;13;77999;3
33;315;13;10777;4
33;3;13;43;1
33;374;13;10888;10
33;272;13;40456;3
33;33;13;25999;13
33;41;13;12012;5
33;261;13;55666;1
33;360;13;10789;1
33;10;13;40333;2
33;413;13;10000;2
33;274;13;12345;16
33;459;13;25999;12
33;363;13;25999;11
33;470;13;10222;8
33;430;13;10123;9
33;208;13;12555;1
33;375;13;25123;1
33;48;13;12012;1
33;500;13;10222;3
33;41;13;12222;4
33;381;13;10123;1
33;32;13;55111;1
33;65;13;40456;1
33;454;13;25111;3
33;405;13;55888;2
33;247;13;95;3
33;471;13;13444;3
33;78;13;10789;5
33;55;13;12222;2
33;77;13;10123;5
33;49;13;10123;5
33;21;13;40000;2
33;37;13;13789;1
33;97;13;77888;3
33;76;13;13789;1
33;210;13;40123;3
33;487;13;12222;1
33;235;13;10000;12
33;281;13;10000;1
33;299;13;10777;3
33;255;13;95;1
33;263;13;40000;5
33;51;13;77999;16
33;8;13;95;2
33;319;13;40;2
33;59;13;10123;6
33;98;13;10123;1
33;364;13;10444;1
33;386;13;11112;1
33;405;13;77333;5
33;4;13;13444;1
33;224;13;96;3
33;37;13;13213;3
33;39;13;40444;4
33;263;13;12222;7
33;363;13;13333;3
33;93;13;10888;43
33;100;13;12410;8
33;25;13;12666;3
33;453;13;13700;1
33;263;13;11000;13
33;49;13;77999;11
33;492;13;25111;1
33;372;13;25999;3
33;47;13;12999;2
33;92;13;25333;1
33;427;13;25190;7
33;443;13;25444;2
33;436;13;25999;4
33;385;13;10800;1
33;316;13;40333;6
33;3;13;11040;2
33;436;13;77333;4
33;54;13;10555;30
33;196;13;12123;2
33;32;13;12345;6
33;229;13;55888;1
33;88;13;12999;1
33;263;13;25190;2
33;229;13;13013;2
33;312;13;25333;5
33;238;13;55222;35
33;476;13;10800;1
33;75;13;40333;1
33;364;13;40456;7
33;477;13;25555;11
33;349;13;77999;5
33;25;13;40222;1
33;38;13;12345;2
33;38;13;25888;3
33;483;13;40333;4
33;100;13;13000;3
33;1;13;12222;3
33;96;13;25999;23
33;430;13;12;2
33;430;13;43;2
33;322;13;12;3
33;476;13;10;3
33;436;13;40333;6
33;84;13;13000;2
33;261;13;77456;4
33;23;13;13000;1
33;16;13;25025;1
33;54;13;12222;1
33;98;13;55222;4
33;23;13;12789;2
33;372;13;77999;6
33;482;13;11555;5
33;356;13;77123;4
33;51;13;40444;5
33;356;13;40222;2
33;208;13;77333;1
33;315;13;40444;12
33;261;13;25888;8
33;99;13;55111;2
33;473;13;40123;1
33;323;13;10222;5
33;229;13;25444;6
33;75;13;77333;3
33;279;13;77888;1
33;473;13;55123;1
33;483;13;10000;1
33;224;13;11;1
33;21;13;40;4
33;234;13;11555;2
33;78;13;13400;1
33;459;13;12789;1
33;399;13;25222;2
33;11;13;25333;9
33;11;13;10800;1
33;349;13;55222;1
33;404;13;10000;26
33;443;13;77123;1
33;196;13;13155;1
33;234;13;12012;1
33;88;13;12222;2
33;421;13;10000;3
33;93;13;25190;2
33;245;13;77333;1
33;487;13;40789;1
33;42;13;77777;5
33;2;13;10444;3
33;206;13;25333;8
33;98;13;13100;2
33;488;13;25444;9
33;265;13;25444;1
33;490;13;40444;4
33;87;13;10555;1
33;309;13;10555;1
33;490;13;10777;1
33;459;13;40000;1
33;21;13;11777;4
33;272;13;77190;6
33;73;13;40244;1
33;227;13;11333;3
33;281;13;77777;1
33;352;13;13;1
33;479;13;25190;5
33;455;13;25555;15
33;80;13;12345;1
33;227;13;77999;7
33;203;13;25000;3
33;30;13;40111;1
33;39;13;10333;2
33;386;13;40234;1
33;79;13;25444;9
33;488;13;10100;12
33;477;13;13400;2
33;87;13;25190;2
33;385;13;10444;6
33;440;13;13000;1
33;274;13;25444;1
33;382;13;55222;5
33;11;13;77888;6
33;11;13;13123;2
33;10;13;77456;1
33;315;13;11555;11
33;300;13;11852;2
33;39;13;11852;7
33;382;13;11555;4
33;97;13;11555;6
33;255;13;25111;1
33;456;13;77000;4
33;55;13;12777;1
33;97;13;25888;45
33;376;13;25888;2
33;224;13;25444;5
33;48;13;10111;1
33;18;13;40333;1
33;364;13;10110;1
33;373;13;10777;2
33;10;13;77000;6
33;276;13;11112;1
33;375;13;13700;1
33;196;13;13100;1
33;404;13;10100;11
33;246;13;13400;2
33;71;13;10100;8
33;53;13;10100;4
33;238;13;55000;1
33;357;13;77777;2
33;40;13;13400;1
33;476;13;11555;10
33;36;13;10000;2
33;40;13;77777;8
33;309;13;11852;5
33;96;13;10100;3
33;373;13;10222;3
33;234;13;10000;1
33;47;13;10000;14
33;440;13;10000;1
33;382;13;77190;18
33;374;13;12000;1
33;93;13;77777;2
33;83;13;13100;2
33;6;13;10000;5
33;451;13;13444;2
33;73;13;77888;3
33;257;13;13333;8
33;497;13;13123;1
33;476;13;11000;2
33;22;13;40000;1
33;246;13;77888;8
33;274;13;13100;2
33;7;13;10777;3
33;375;13;25111;12
33;87;13;25555;2
33;73;13;12012;3
33;74;13;10;3
33;255;13;12;1
33;34;13;10777;4
33;25;13;12222;2
33;258;13;25444;5
33;263;13;40;2
33;58;13;40;1
33;324;13;10;2
33;285;13;25999;2
33;53;13;12410;1
33;382;13;55888;2
33;479;13;12;1
33;75;13;13;1
33;316;13;77190;5
33;55;13;40;2
33;317;13;10000;2
33;76;13;55255;2
33;228;13;40333;4
33;276;13;77333;2
33;388;13;10123;2
33;375;13;10222;7
33;382;13;10222;11
33;53;13;11040;2
33;36;13;40;2
33;59;13;13000;1
33;1;13;12;2
33;1;13;40;1
33;320;13;12;1
33;84;13;10;1
33;228;13;12777;1
33;421;13;12410;11
33;500;13;12410;3
33;71;13;12123;3
33;48;13;12;1
33;48;13;40;1
33;4;13;10000;4
33;102;13;25444;2
33;488;13;10222;5
33;5;13;40123;3
33;331;13;12000;1
33;31;13;10888;8
33;440;13;25111;42
33;302;13;11040;1
33;287;13;10888;7
33;196;13;12410;4
33;385;13;77999;9
33;52;13;77000;4
33;404;13;25555;12
33;459;13;12345;2
33;71;13;40456;1
33;71;13;25999;6
33;54;13;12666;2
33;301;13;13000;4
33;9;13;40000;2
33;430;13;12222;7
33;384;13;10000;2
33;75;13;12410;2
33;459;13;25222;3
33;201;13;25555;6
33;316;13;77456;1
33;451;13;40234;3
33;271;13;25190;1
33;68;13;25555;3
33;11;13;40123;3
33;229;13;13678;1
33;385;13;40123;3
33;68;13;10444;1
33;90;13;77190;9
33;78;13;25444;7
33;399;13;55666;1
33;75;13;10111;3
33;430;13;40456;5
33;47;13;77000;2
33;205;13;77000;5
33;5;13;25111;3
33;477;13;25999;4
33;19;13;11555;19
33;234;13;10100;2
33;406;13;25222;1
33;475;13;11852;7
33;479;13;25999;8
33;479;13;40123;5
33;44;13;10111;2
33;48;13;40244;1
33;95;13;77190;14
33;274;13;40244;1
33;71;13;10;5
33;59;13;12;1
33;309;13;10;2
33;473;13;77;2
33;360;13;25444;8
33;68;13;11111;1
33;20;13;77123;2
33;30;13;10111;4
33;205;13;10333;1
33;100;13;25111;11
33;88;13;10100;19
33;319;13;12410;1
33;53;13;10000;2
33;399;13;40444;9
33;235;13;77333;7
33;7;13;40444;2
33;17;13;10;3
33;356;13;13123;2
33;87;13;13123;4
33;229;13;77888;2
33;451;13;10777;5
33;473;13;10777;4
33;482;13;12123;2
33;235;13;77999;13
33;316;13;10800;2
33;471;13;12123;1
33;25;13;13123;5
33;356;13;55123;3
33;229;13;55123;1
33;96;13;25555;13
33;378;13;11333;1
33;386;13;40555;1
33;488;13;77456;2
33;3;13;25888;4
33;427;13;25444;2
33;317;13;40234;1
33;278;13;77190;8
33;235;13;11222;1
33;235;13;10999;1
33;65;13;10800;2
33;263;13;40333;10
33;14;13;12012;1
33;470;13;13678;1
33;257;13;40234;3
33;24;13;10444;4
33;443;13;40000;4
33;349;13;12012;6
33;34;13;11040;2
33;409;13;13333;2
33;78;13;40444;5
33;332;13;12222;1
33;427;13;40222;3
33;86;13;77999;5
33;57;13;77999;1
33;332;13;10100;1
33;472;13;25111;7
33;476;13;77999;1
33;38;13;77333;1
33;285;13;11000;2
33;14;13;10123;14
33;262;13;12444;1
33;33;13;40222;4
33;357;13;12999;6
33;285;13;12444;2
33;228;13;10888;3
33;31;13;77333;10
33;302;13;10;3
33;227;13;10555;3
33;266;13;10123;1
33;478;13;12999;2
33;315;13;55123;9
33;206;13;55255;2
33;302;13;40;3
33;456;13;40222;2
33;456;13;13333;2
33;451;13;11000;1
33;203;13;10110;1
33;232;13;12012;11
33;92;13;10222;2
33;319;13;40100;1
33;271;13;65;1
33;36;13;12123;3
33;421;13;11613;1
33;261;13;12666;4
33;261;13;55888;1
33;86;13;12777;1
33;55;13;10888;2
33;42;13;12222;2
33;475;13;40222;3
33;475;13;11000;6
33;315;13;12000;1
33;21;13;40222;3
33;25;13;10123;10
33;234;13;55888;2
33;355;13;77888;1
33;198;13;40222;3
33;90;13;25555;10
33;312;13;96;6
33;385;13;10110;3
33;41;13;11040;3
33;331;13;13333;32
33;77;13;13123;2
33;30;13;13333;2
33;3;13;10777;3
33;488;13;10888;3
33;270;13;40222;1
33;14;13;77190;3
33;40;13;25444;5
33;283;13;95;1
33;468;13;40000;2
33;245;13;10222;3
33;455;13;77077;1
33;470;13;95;2
33;320;13;10888;2
33;24;13;25888;7
33;461;13;11777;4
33;258;13;25123;1
33;86;13;10789;2
33;309;13;40123;20
33;301;13;40456;1
33;311;13;10888;2
33;311;13;77;2
33;488;13;10333;1
33;33;13;10789;2
33;414;13;25123;1
33;414;13;40123;1
33;224;13;12222;5
33;224;13;12012;4
33;78;13;40123;6
33;9;13;12410;4
33;23;13;77456;2
33;404;13;13111;1
33;18;13;10;3
33;360;13;40000;1
33;266;13;40;6
33;93;13;11;1
33;93;13;12;2
33;38;13;40000;1
33;53;13;13;1
33;388;13;25;1
33;87;13;40;2
33;283;13;11;1
33;268;13;10;2
33;268;13;13;2
33;476;13;12;2
33;268;13;77;1
33;208;13;13;2
33;301;13;12;2
33;49;13;40;2
33;421;13;95;4
33;456;13;10;4
33;336;13;10;2
33;381;13;12;3
33;49;13;12;1
33;65;13;13213;14
33;482;13;13555;1
33;83;13;13555;7
33;355;13;12999;1
33;309;13;12000;3
33;11;13;10555;1
33;41;13;77190;12
33;322;13;25999;7
33;42;13;10444;2
33;406;13;11777;3
33;20;13;40;4
33;81;13;55;1
33;317;13;10777;3
33;474;13;25555;3
33;78;13;77190;11
33;75;13;77000;5
33;102;13;10222;3
33;473;13;77777;3
33;60;13;25222;11
33;58;13;12345;1
33;271;13;25222;6
33;315;13;10111;1
33;235;13;13000;5
33;100;13;25190;1
33;436;13;12345;2
33;53;13;25555;1
33;53;13;25444;4
33;454;13;25000;1
33;322;13;25222;4
33;265;13;25888;2
33;87;13;77777;8
33;87;13;25888;2
33;97;13;25190;1
33;98;13;25555;4
33;456;13;12455;1
33;7;13;25222;1
33;42;13;11444;1
33;356;13;25888;11
33;57;13;10444;1
33;32;13;40123;3
33;96;13;40123;5
33;438;13;12345;4
33;487;13;11852;5
33;262;13;12012;2
33;317;13;77777;12
33;439;13;25999;15
33;443;13;11555;2
33;88;13;77456;2
33;324;13;11613;1
33;96;13;10222;4
33;375;13;25555;9
33;222;13;25222;2
33;47;13;11555;3
33;73;13;77777;4
33;77;13;77888;11
33;208;13;40222;7
33;238;13;13123;2
33;274;13;25222;1
33;414;13;13123;1
33;48;13;13123;1
33;472;13;10000;31
33;92;13;40456;1
33;1;13;10110;4
33;488;13;11000;2
33;299;13;25190;2
33;385;13;25111;5
33;350;13;25111;13
33;232;13;11555;1
33;404;13;11555;7
33;84;13;25222;13
33;497;13;77777;1
33;52;13;40222;4
33;247;13;13333;3
33;487;13;12555;4
33;315;13;77000;4
33;201;13;12666;1
33;427;13;95;2
33;75;13;13555;1
33;404;13;96;1
33;479;13;13555;1
33;270;13;13213;2
33;60;13;13213;3
33;490;13;12999;2
33;81;13;13213;13
33;399;13;12666;4
33;320;13;25111;4
33;271;13;13222;1
33;254;13;96;4
33;60;13;96;4
33;32;13;13213;4
33;96;13;13213;7
33;54;13;13213;1
33;44;13;13213;9
33;84;13;95;2
33;265;13;13213;1
33;261;13;13213;3
33;65;13;12410;1
33;477;13;13444;1
33;15;13;95;2
33;203;13;13213;9
33;404;13;10123;11
33;245;13;96;9
33;71;13;40123;3
33;51;13;96;7
33;82;13;95;1
33;276;13;11852;2
33;453;13;96;4
33;381;13;13555;5
33;50;13;13213;9
33;257;13;13555;1
33;32;13;25000;1
33;97;13;13213;14
33;15;13;25999;5
33;324;13;40456;1
33;275;13;25999;8
33;332;13;13555;6
33;427;13;13555;1
33;50;13;12222;2
33;492;13;77456;2
33;471;13;10123;6
33;406;13;11333;3
33;265;13;25555;11
33;254;13;25555;12
33;405;13;10100;6
33;36;13;13555;2
33;443;13;95;2
33;324;13;13213;1
33;386;13;77190;10
33;384;13;40;3
33;51;13;40244;1
33;316;13;11112;1
33;276;13;25222;11
33;332;13;13000;1
33;70;13;13000;1
33;96;13;40333;2
33;287;13;10444;1
33;203;13;10800;2
33;203;13;55222;8
33;477;13;13700;2
33;299;13;11112;2
33;196;13;55123;1
33;75;13;40123;3
33;7;13;10444;3
33;368;13;13000;2
33;34;13;77333;6
33;1;13;77333;4
33;478;13;25555;3
33;278;13;12000;5
33;455;13;77777;2
33;205;13;10777;1
33;98;13;40244;1
33;378;13;10100;14
33;317;13;13;1
33;276;13;12;1
33;23;13;12410;6
33;317;13;77222;6
33;88;13;10777;3
33;1;13;10888;3
33;491;13;25555;3
33;58;13;11333;1
33;34;13;11333;1
33;1;13;40444;3
33;478;13;11555;7
33;54;13;55133;2
33;7;13;77190;1
33;427;13;40555;1
33;23;13;55888;1
33;276;13;12012;1
33;234;13;13100;2
33;475;13;40555;1
33;47;13;13678;2
33;16;13;12000;1
33;3;13;40444;10
33;90;13;25190;1
33;228;13;77456;1
33;363;13;13222;2
33;315;13;13555;1
33;468;13;77456;6
33;59;13;95;1
33;100;13;11222;1
33;76;13;10100;16
33;473;13;25222;1
33;451;13;11112;3
33;470;13;10100;6
33;79;13;77777;8
33;271;13;40333;1
33;421;13;11555;7
33;301;13;25222;2
33;99;13;13123;8
33;451;13;11444;1
33;461;13;13333;9
33;15;13;40000;1
33;70;13;12222;1
33;95;13;77999;5
33;439;13;11777;3
33;443;13;40333;1
33;65;13;25333;4
33;378;13;10111;2
33;421;13;11333;1
33;227;13;13123;2
33;461;13;40222;2
33;405;13;12345;2
33;374;13;40444;5
33;482;13;25333;2
33;7;13;55155;2
33;36;13;10800;2
33;99;13;10777;2
33;262;13;10000;1
33;90;13;25444;6
33;80;13;25333;6
33;73;13;77123;1
33;421;13;13000;2
33;33;13;13000;3
33;382;13;96;6
33;97;13;13444;1
33;255;13;96;2
33;97;13;96;3
33;360;13;95;2
33;476;13;95;1
33;227;13;13213;10
33;438;13;96;2
33;471;13;95;4
33;49;13;13555;2
33;287;13;95;2
33;90;13;95;4
33;224;13;10123;5
33;40;13;10222;5
33;440;13;10222;1
33;229;13;12123;1
33;386;13;55255;3
33;205;13;10789;1
33;261;13;95;1
33;323;13;12012;29
33;63;13;40123;2
33;74;13;55666;1
33;52;13;10222;4
33;95;13;12012;2
33;272;13;13213;2
33;414;13;13213;51
33;92;13;12012;10
33;404;13;40000;1
33;74;13;25025;1
33;459;13;40123;5
33;60;13;12455;1
33;239;13;11000;1
33;311;13;77888;5
33;59;13;40222;1
33;245;13;13111;1
33;40;13;11040;2
33;488;13;55123;1
33;379;13;12789;1
33;80;13;10789;1
33;261;13;12012;2
33;386;13;13333;8
33;80;13;40222;7
33;474;13;11000;2
33;74;13;40222;2
33;245;13;95;2
33;196;13;40222;11
33;51;13;11000;6
33;386;13;12555;1
33;63;13;55123;3
33;376;13;12444;1
33;493;13;13123;1
33;375;13;77123;1
33;14;13;25999;7
33;456;13;55222;7
33;473;13;55222;21
33;24;13;13;2
33;451;13;40;1
33;482;13;11777;8
33;88;13;40333;2
33;15;13;13013;3
33;69;13;25333;3
33;356;13;55222;3
33;455;13;25333;12
33;279;13;25;1
33;405;13;25999;6
33;96;13;40222;1
33;399;13;13155;1
33;481;13;40555;1
33;21;13;77999;4
33;372;13;25333;4
33;319;13;40234;1
33;320;13;10123;20
33;86;13;10888;5
33;499;13;12410;2
33;77;13;77000;9
33;254;13;25111;3
33;86;13;25111;5
33;52;13;25444;5
33;50;13;25333;8
33;22;13;40333;2
33;350;13;40222;3
33;33;13;77333;3
33;404;13;25777;1
33;8;13;10110;1
33;324;13;12012;7
33;10;13;25999;4
33;261;13;25999;4
33;198;13;77190;12
33;32;13;25888;7
33;222;13;55255;1
33;4;13;55888;1
33;360;13;77000;6
33;228;13;77190;8
33;265;13;77190;6
33;254;13;77190;3
33;96;13;12222;1
33;430;13;13013;1
33;227;13;11613;1
33;51;13;77000;4
33;40;13;10000;3
33;76;13;40244;1
33;399;13;25444;6
33;21;13;25555;8
33;68;13;40333;4
33;299;13;77333;3
33;61;13;10222;8
33;360;13;40123;2
33;79;13;10111;1
33;36;13;13700;2
33;59;13;10000;2
33;421;13;10777;6
33;229;13;77000;6
33;468;13;10333;1
33;500;13;10888;2
33;325;13;12410;1
33;73;13;77000;3
33;485;13;55888;2
33;385;13;13;1
33;455;13;12410;6
33;238;13;12777;1
33;100;13;55222;1
33;272;13;40333;6
33;440;13;77888;4
33;474;13;10777;1
33;364;13;77888;3
33;18;13;13123;1
33;276;13;40789;1
33;479;13;12888;1
33;51;13;25555;6
33;356;13;77999;9
33;87;13;77999;1
33;439;13;77999;5
33;87;13;11333;3
33;322;13;25444;6
33;235;13;40444;5
33;201;13;40555;1
33;262;13;10222;3
33;247;13;40100;1
33;31;13;25444;4
33;483;13;12123;1
33;352;13;40123;1
33;404;13;25999;9
33;300;13;77111;1
33;493;13;10123;4
33;487;13;77190;3
33;30;13;10777;4
33;257;13;55222;41
33;208;13;13123;2
33;198;13;77888;11
33;279;13;12222;1
33;499;13;77888;4
33;364;13;40222;5
33;228;13;12455;1
33;315;13;12666;4
33;69;13;10222;1
33;30;13;12012;2
33;485;13;10;2
33;280;13;40;2
33;454;13;10;1
33;79;13;12012;2
33;97;13;40123;4
33;80;13;11555;5
33;261;13;10111;3
33;86;13;10111;1
33;485;13;40333;5
33;363;13;11777;6
33;222;13;10110;1
33;224;13;13444;1
33;409;13;10444;5
33;203;13;55777;1
33;3;13;10000;2
33;8;13;25999;6
33;454;13;13333;2
33;235;13;13333;7
33;257;13;11333;2
33;363;13;40123;4
33;315;13;55255;1
33;427;13;12222;1
33;61;13;77999;3
33;14;13;25222;2
33;356;13;12410;5
33;301;13;13222;2
33;8;13;13213;2
33;261;13;12222;7
33;439;13;11222;1
33;319;13;11333;3
33;473;13;40444;2
33;71;13;11333;1
33;468;13;10555;1
33;301;13;10800;2
33;399;13;40222;2
33;270;13;40444;2
33;1;13;40222;4
33;88;13;40555;1
33;375;13;40555;2
33;41;13;11333;2
33;77;13;25333;3
33;63;13;12410;2
33;23;13;25555;5
33;453;13;25444;2
33;376;13;12000;4
33;479;13;12410;2
33;275;13;40555;1
33;470;13;25888;8
33;196;13;55255;3
33;481;13;12777;1
33;87;13;11000;3
33;64;13;12345;4
33;386;13;13013;5
33;78;13;25333;10
33;229;13;55222;7
33;54;13;11222;2
33;360;13;40333;5
33;38;13;25333;16
33;399;13;10222;3
33;3;13;40123;4
33;25;13;13333;7
33;23;13;10800;2
33;96;13;10444;1
33;210;13;13700;1
33;451;13;10444;8
33;436;13;25222;1
33;375;13;11112;1
33;378;13;11555;6
33;22;13;11555;7
33;3;13;11112;2
33;71;13;10111;2
33;53;13;10111;1
33;382;13;40333;5
33;435;13;25333;16
33;99;13;40;4
33;8;13;77456;1
33;483;13;55222;1
33;254;13;12444;3
33;404;13;77888;9
33;302;13;25888;6
33;208;13;11314;1
33;300;13;13678;2
33;265;13;10444;1
33;331;13;40234;8
33;47;13;10444;6
33;436;13;77999;6
33;34;13;12888;1
33;84;13;77777;8
33;3;13;11852;1
33;478;13;77456;1
33;427;13;12012;12
33;311;13;77190;6
33;435;13;77999;2
33;478;13;13456;1
33;350;13;40444;3
33;481;13;12222;1
33;70;13;11040;1
33;47;13;77333;1
33;316;13;55111;2
33;86;13;11852;4
33;461;13;12999;1
33;451;13;40123;6
33;86;13;10222;14
33;201;13;77123;2
33;92;13;77333;2
33;17;13;12012;7
33;281;13;10100;3
33;257;13;40;1
33;283;13;13000;1
33;81;13;55123;1
33;287;13;77;1
33;88;13;12012;4
33;51;13;25222;3
33;479;13;11040;3
33;59;13;12000;12
33;272;13;25555;5
33;474;13;11040;4
33;263;13;13000;1
33;472;13;25555;8
33;81;13;10000;7
33;60;13;10123;2
33;224;13;77999;10
33;4;13;11333;1
33;22;13;11000;5
33;479;13;25000;4
33;22;13;11111;1
33;102;13;13678;1
33;247;13;11555;12
33;24;13;11444;1
33;24;13;25222;1
33;20;13;11112;1
33;385;13;77456;1
33;257;13;25888;2
33;363;13;12000;5
33;50;13;11852;7
33;470;13;10444;10
33;5;13;10444;9
33;69;13;10100;9
33;95;13;11555;4
33;438;13;11112;1
33;372;13;25190;5
33;350;13;11852;4
33;451;13;10333;1
33;266;13;12410;2
33;470;13;13456;1
33;82;13;40234;1
33;239;13;13000;1
33;224;13;25888;9
33;19;13;25333;4
33;471;13;77888;10
33;376;13;12777;2
33;73;13;55222;2
33;375;13;55222;7
33;384;13;25444;3
33;201;13;13013;2
33;276;13;55123;1
33;382;13;10444;3
33;332;13;40234;12
33;356;13;40234;2
33;34;13;25888;8
33;311;13;13555;6
33;20;13;11852;6
33;10;13;13700;1
33;254;13;55222;11
33;271;13;10800;1
33;49;13;77777;8
33;49;13;10100;7
33;493;13;25222;1
33;21;13;13100;2
33;4;13;11852;5
33;384;13;10100;9
33;44;13;77777;9
33;265;13;25190;1
33;33;13;11777;5
33;75;13;25888;8
33;52;13;96;3
33;482;13;12000;3
33;404;13;12000;7
33;49;13;12345;4
33;69;13;25555;4
33;378;13;13444;3
33;47;13;11777;9
33;255;13;77190;3
33;196;13;11852;7
33;421;13;13123;5
33;8;13;25555;7
33;497;13;77888;1
33;459;13;10000;4
33;356;13;12222;7
33;378;13;12222;7
33;378;13;40000;1
33;246;13;55123;2
33;228;13;10110;2
33;246;13;77222;1
33;68;13;13123;1
33;468;13;25999;4
33;324;13;40;1
33;324;13;77;1
33;76;13;25999;3
33;356;13;11040;2
33;378;13;13700;1
33;3;13;13013;2
33;473;13;10800;1
33;87;13;11040;3
33;451;13;40333;4
33;456;13;25333;2
33;316;13;55222;9
33;239;13;10777;1
33;382;13;12123;2
33;205;13;13100;1
33;16;13;11852;5
33;301;13;40111;1
33;88;13;12444;1
33;375;13;11000;3
33;10;13;11000;2
33;459;13;25555;8
33;421;13;12222;7
33;356;13;10222;8
33;487;13;11;1
33;34;13;40;1
33;487;13;10888;4
33;71;13;10888;7
33;435;13;55888;1
33;479;13;40;1
33;368;13;12;1
33;263;13;77190;5
33;379;13;77190;3
33;44;13;13;2
33;376;13;10777;2
33;246;13;55666;1
33;55;13;40100;1
33;76;13;10123;5
33;196;13;40000;1
33;436;13;40123;5
33;41;13;40123;4
33;300;13;10123;1
33;198;13;10123;5
33;373;13;25777;1
33;257;13;10555;1
33;331;13;10555;3
33;277;13;40444;4
33;374;13;77333;2
33;258;13;40555;1
33;262;13;77999;5
33;266;13;10888;9
33;44;13;12000;1
33;50;13;55111;4
33;98;13;10333;1
33;317;13;10888;5
33;456;13;11555;9
33;451;13;11555;6
33;30;13;10100;5
33;443;13;40234;1
33;9;13;25190;4
33;439;13;12000;4
33;481;13;10123;6
33;68;13;10888;1
33;384;13;13123;2
33;409;13;10789;1
33;72;13;10123;5
33;99;13;40000;2
33;246;13;77456;1
33;64;13;12789;7
33;459;13;10100;14
33;360;13;10444;12
33;10;13;40444;6
33;455;13;77333;3
33;471;13;10;1
33;471;13;25;2
33;32;13;10;2
33;16;13;77123;1
33;247;13;25444;6
33;54;13;25444;3
33;75;13;12000;1
33;102;13;11000;2
33;477;13;77190;5
33;9;13;10000;1
33;95;13;40456;3
33;8;13;11333;1
33;8;13;77333;1
33;205;13;40456;4
33;51;13;12123;1
33;331;13;40456;4
33;499;13;77777;3
33;300;13;77777;4
33;30;13;40333;3
33;476;13;12123;1
33;360;13;25111;8
33;201;13;11000;3
33;473;13;10000;2
33;487;13;77777;5
33;52;13;25222;2
33;205;13;11222;2
33;439;13;10;4
33;323;13;11;1
33;477;13;55123;2
33;268;13;77888;13
33;488;13;10000;1
33;378;13;77999;17
33;17;13;40;1
33;61;13;11040;2
33;258;13;25111;5
33;500;13;12123;2
33;262;13;25111;6
33;357;13;11222;1
33;50;13;13333;1
33;388;13;40444;1
33;427;13;25888;4
33;50;13;25888;14
33;208;13;25777;1
33;287;13;11111;1
33;51;13;10123;5
33;315;13;11613;1
33;485;13;40789;14
33;69;13;77999;1
33;453;13;10100;7
33;443;13;13400;1
33;65;13;77777;27
33;368;13;77777;1
33;404;13;12123;2
33;475;13;10888;5
33;16;13;40456;1
33;281;13;77888;1
33;364;13;77333;2
33;454;13;10888;35
33;404;13;11040;2
33;312;13;40456;3
33;4;13;40444;3
33;50;13;55123;2
33;332;13;10;1
33;88;13;13333;5
33;100;13;25888;5
33;227;13;13000;3
33;96;13;11111;1
33;300;13;55888;1
33;23;13;40234;4
33;19;13;55666;2
33;208;13;25999;5
33;271;13;40123;1
33;478;13;12666;1
33;2;13;55888;1
33;5;13;10123;2
33;41;13;10123;4
33;488;13;12789;1
33;488;13;12222;4
33;22;13;10789;2
33;456;13;12222;2
33;386;13;10123;3
33;336;13;12012;11
33;277;13;40456;12
33;482;13;25999;10
33;261;13;12777;3
33;203;13;10888;7
33;470;13;13444;1
33;409;13;77999;19
33;99;13;77333;3
33;52;13;11040;1
33;98;13;11040;1
33;7;13;13123;1
33;76;13;13123;3
33;436;13;55123;4
33;381;13;11000;2
33;49;13;13123;1
33;88;13;96;3
33;488;13;96;4
33;356;13;13678;1
33;274;13;95;1
33;239;13;13444;2
33;270;13;10;3
33;222;13;95;2
33;384;13;10333;1
33;443;13;12455;4
33;475;13;25111;8
33;285;13;12999;1
33;80;13;12999;3
33;20;13;25888;5
33;203;13;25999;12
33;331;13;55888;1
33;481;13;13000;1
33;79;13;55888;4
33;8;13;11000;2
33;461;13;40244;1
33;275;13;40123;2
33;208;13;12222;4
33;78;13;12012;3
33;271;13;12222;1
33;98;13;12012;4
33;52;13;10789;1
33;357;13;10222;15
33;201;13;10222;4
33;49;13;40000;3
33;38;13;12455;3
33;413;13;77000;1
33;23;13;10444;3
33;41;13;10333;1
33;41;13;77000;4
33;271;13;77000;3
33;487;13;55777;1
33;263;13;96;5
33;2;13;95;1
33;302;13;25111;5
33;93;13;40;1
33;53;13;10;4
33;246;13;77;1
33;406;13;13555;1
33;283;13;10;5
33;405;13;13213;2
33;38;13;77;1
33;301;13;13111;1
33;33;13;13;1
33;57;13;12;2
33;316;13;11;1
33;69;13;12;3
33;229;13;77;1
33;76;13;25;1
33;456;13;40;1
33;196;13;77;2
33;51;13;25;1
33;500;13;13555;1
33;8;13;11852;2
33;384;13;25222;4
33;364;13;10888;2
33;278;13;40456;2
33;14;13;12999;3
33;276;13;40222;11
33;319;13;25555;16
33;278;13;25222;11
33;490;13;11555;12
33;470;13;11777;2
33;16;13;13;1
33;51;13;10777;3
33;257;13;10777;3
33;246;13;40244;1
33;336;13;77190;2
33;9;13;55222;2
33;64;13;40456;3
33;65;13;12345;2
33;300;13;11777;2
33;205;13;40;1
33;9;13;13013;1
33;102;13;10100;11
33;324;13;13555;2
33;20;13;11555;6
33;438;13;11555;2
33;205;13;13400;3
33;99;13;40444;4
33;493;13;10555;1
33;481;13;10444;7
33;435;13;25190;5
33;451;13;25444;3
33;485;13;25444;4
33;325;13;25555;8
33;451;13;10555;1
33;49;13;25444;5
33;10;13;13000;1
33;239;13;77777;1
33;9;13;10444;2
33;235;13;12666;2
33;235;13;10333;1
33;285;13;25190;1
33;309;13;25190;1
33;472;13;25999;11
33;87;13;25999;3
33;315;13;10800;2
33;55;13;40234;1
33;310;13;11;1
33;281;13;11555;1
33;90;13;40333;3
33;97;13;13100;10
33;247;13;25190;4
33;336;13;25555;1
33;81;13;12345;3
33;20;13;12345;3
33;59;13;11852;3
33;482;13;11852;7
33;385;13;10888;7
33;15;13;10888;3
33;58;13;55888;1
33;385;13;77000;8
33;374;13;25777;1
33;320;13;25555;5
33;332;13;25999;8
33;350;13;10888;6
33;44;13;25222;1
33;80;13;11852;9
33;470;13;13333;7
33;48;13;77888;2
33;316;13;77000;7
33;210;13;11555;3
33;203;13;10444;2
33;278;13;40234;1
33;277;13;11555;1
33;1;13;13400;2
33;455;13;10;3
33;455;13;11;1
33;229;13;12410;7
33;210;13;25999;2
33;439;13;13213;6
33;430;13;95;3
33;357;13;96;5
33;229;13;77077;1
33;74;13;13444;1
33;31;13;77077;4
33;239;13;95;1
33;332;13;96;5
33;80;13;95;2
33;281;13;13111;1
33;40;13;13213;7
33;379;13;13213;9
33;384;13;13213;4
33;490;13;96;1
33;490;13;40456;2
33;332;13;12666;1
33;42;13;77077;2
33;385;13;96;5
33;280;13;96;4
33;430;13;96;6
33;80;13;10123;3
33;74;13;40123;8
33;71;13;13213;3
33;482;13;10123;10
33;485;13;13213;1
33;205;13;12222;9
33;317;13;96;5
33;421;13;96;2
33;72;13;96;4
33;96;13;11852;3
33;99;13;13555;1
33;409;13;13555;2
33;399;13;13213;6
33;405;13;13555;6
33;254;13;13555;2
33;349;13;25111;7
33;483;13;12410;5
33;443;13;10888;4
33;70;13;25999;4
33;300;13;77999;1
33;90;13;25999;5
33;198;13;77999;11
33;5;13;77999;2
33;50;13;10123;2
33;32;13;11444;1
33;9;13;10110;1
33;71;13;25000;2
33;95;13;10100;4
33;11;13;11852;1
33;1;13;77190;2
33;78;13;11777;9
33;384;13;13;1
33;31;13;10777;5
33;316;13;25222;4
33;475;13;10444;6
33;323;13;13678;4
33;80;13;25777;3
33;414;13;10444;1
33;92;13;11555;9
33;382;13;11777;7
33;203;13;11222;1
33;399;13;11555;8
33;263;13;11555;9
33;50;13;12000;2
33;309;13;13213;27
33;285;13;25555;2
33;473;13;25555;4
33;488;13;11555;4
33;357;13;13700;4
33;257;13;77888;7
33;475;13;10000;2
33;74;13;10111;4
33;299;13;13013;5
33;352;13;77888;2
33;317;13;77888;5
33;21;13;55123;1
33;32;13;12012;4
33;312;13;12000;1
33;99;13;25555;14
33;474;13;77777;5
33;279;13;77777;1
33;80;13;10100;9
33;36;13;13400;2
33;482;13;13400;1
33;316;13;25555;6
33;266;13;25222;2
33;404;13;25190;3
33;14;13;10800;1
33;4;13;55222;5
33;1;13;12410;6
33;23;13;12666;3
33;84;13;12410;1
33;475;13;77333;3
33;320;13;25190;1
33;490;13;25190;1
33;16;13;25555;6
33;6;13;40234;2
33;386;13;25555;6
33;6;13;11852;3
33;64;13;96;2
33;77;13;13111;1
33;57;13;77190;15
33;287;13;11222;1
33;20;13;13013;4
33;20;13;55222;4
33;228;13;11112;2
33;268;13;11555;3
33;404;13;11852;8
33;98;13;11555;5
33;477;13;11555;2
33;203;13;10100;10
33;320;13;10111;1
33;363;13;25333;7
33;443;13;12444;1
33;409;13;13123;2
33;15;13;10111;1
33;246;13;25333;8
33;350;13;12012;2
33;70;13;25025;1
33;490;13;10222;8
33;83;13;25333;12
33;356;13;10777;1
33;14;13;11000;1
33;279;13;40333;8
33;493;13;40333;3
33;44;13;55123;3
33;482;13;10000;16
33;440;13;40444;2
33;266;13;40444;1
33;58;13;10111;5
33;36;13;77333;6
33;325;13;77999;2
33;9;13;13700;1
33;438;13;77190;13
33;18;13;77190;2
33;31;13;77190;7
33;9;13;13444;2
33;272;13;77123;4
33;454;13;96;2
33;477;13;95;1
33;299;13;13444;1
33;17;13;13444;1
33;262;13;13444;8
33;279;13;96;1
33;438;13;13444;2
33;352;13;96;3
33;360;13;13444;2
33;40;13;40123;12
33;247;13;40123;6
33;99;13;10123;2
33;266;13;40123;17
33;488;13;95;6
33;85;13;95;1
33;404;13;10888;7
33;40;13;11411;1
33;48;13;25123;1
33;435;13;10123;3
33;376;13;12222;3
33;238;13;10123;5
33;350;13;96;5
33;374;13;95;1
33;482;13;13111;2
33;88;13;11040;1
33;15;13;55123;2
33;92;13;77888;47
33;203;13;13123;1
33;34;13;10000;6
33;427;13;55666;1
33;232;13;12222;1
33;201;13;12222;3
33;357;13;12222;1
33;474;13;12222;1
33;378;13;40222;4
33;474;13;13333;2
33;364;13;40444;5
33;474;13;96;3
33;102;13;12000;3
33;206;13;11000;3
33;475;13;77888;8
33;203;13;40222;10
33;206;13;13333;2
33;274;13;13333;10
33;493;13;77888;6
33;310;13;40444;1
33;436;13;10555;1
33;332;13;40444;5
33;25;13;55222;4
33;93;13;40333;3
33;69;13;55222;50
33;24;13;25;1
33;378;13;11;1
33;421;13;25;1
33;88;13;77;1
33;414;13;25333;1
33;472;13;25;1
33;87;13;77456;2
33;374;13;10777;1
33;312;13;40555;1
33;36;13;40333;1
33;265;13;25333;6
33;355;13;55222;4
33;405;13;12777;3
33;276;13;25111;7
33;95;13;10888;8
33;20;13;77000;11
33;499;13;25888;6
33;478;13;25888;5
33;11;13;10777;2
33;477;13;25111;4
33;79;13;55255;2
33;97;13;25999;11
33;44;13;12777;2
33;11;13;11777;3
33;421;13;55255;2
33;86;13;77000;6
33;459;13;10111;1
33;33;13;11333;1
33;438;13;40444;2
33;470;13;40789;2
33;86;13;11613;1
33;355;13;25333;1
33;459;13;25333;12
33;22;13;25333;11
33;37;13;11777;3
33;40;13;11777;5
33;319;13;10888;10
33;30;13;55222;6
33;37;13;12410;4
33;265;13;10;2
33;355;13;77190;53
33;232;13;77190;1
33;468;13;77888;5
33;30;13;25555;7
33;246;13;40333;2
33;59;13;77333;2
33;272;13;40789;19
33;254;13;77999;16
33;443;13;11000;2
33;247;13;40333;4
33;222;13;10111;2
33;55;13;10000;1
33;76;13;10777;2
33;490;13;10;1
33;265;13;25999;3
33;406;13;12666;3
33;322;13;13123;2
33;388;13;11777;1
33;73;13;25999;9
33;61;13;13100;1
33;493;13;13013;1
33;493;13;55222;5
33;272;13;10999;3
33;485;13;10800;1
33;31;13;11852;6
33;4;13;25555;12
33;309;13;10123;3
33;224;13;12000;2
33;232;13;77999;1
33;322;13;25888;18
33;268;13;25999;3
33;65;13;13456;1
33;42;13;55888;1
33;222;13;10123;3
33;382;13;12012;3
33;255;13;12012;5
33;285;13;10123;3
33;482;13;77190;18
33;31;13;13333;2
33;500;13;40000;1
33;31;13;11000;1
33;78;13;77888;9
33;364;13;13333;4
33;302;13;40456;4
33;93;13;95;2
33;405;13;13444;1
33;471;13;96;2
33;246;13;10222;11
33;68;13;10222;2
33;357;13;25;1
33;97;13;10222;3
33;51;13;12012;2
33;57;13;77077;1
33;439;13;10000;20
33;309;13;11777;2
33;453;13;11852;5
33;472;13;25888;11
33;3;13;11777;3
33;468;13;95;1
33;53;13;40333;1
33;90;13;40444;4
33;363;13;40000;1
33;97;13;95;2
33;315;13;25111;2
33;3;13;12222;1
33;363;13;11000;2
33;317;13;77333;3
33;52;13;77999;14
33;459;13;40222;4
33;324;13;40234;1
33;471;13;11777;3
33;478;13;11852;4
33;81;13;25111;15
33;76;13;95;5
33;384;13;11555;2
33;3;13;11222;1
33;368;13;55155;1
33;87;13;10800;3
33;246;13;40789;1
33;270;13;11333;1
33;376;13;77333;3
33;222;13;40555;2
33;10;13;10888;2
33;48;13;12410;4
33;80;13;40444;5
33;222;13;77333;6
33;9;13;13000;2
33;58;13;40222;3
33;372;13;40444;25
33;24;13;25111;10
33;382;13;25999;6
33;23;13;55155;1
33;436;13;11333;1
33;470;13;40444;3
33;79;13;40789;1
33;430;13;40555;1
33;479;13;77077;1
33;324;13;12000;1
33;50;13;77123;1
33;357;13;40444;1
33;19;13;25555;12
33;39;13;77123;2
33;93;13;25888;1
33;239;13;40789;6
33;92;13;11000;2
33;40;13;40444;4
33;19;13;40444;4
33;44;13;40444;3
33;34;13;12222;8
33;6;13;25444;1
33;312;13;25888;16
33;455;13;77999;5
33;40;13;11333;2
33;352;13;40555;2
33;98;13;77333;8
33;352;13;40333;5
33;71;13;55222;4
33;436;13;13013;4
33;87;13;13333;4
33;272;13;13700;2
33;487;13;55222;3
33;262;13;55222;1
33;479;13;13123;5
33;58;13;10222;17
33;79;13;40444;7
33;439;13;13333;2
33;7;13;10111;1
33;39;13;77456;4
33;227;13;10;1
33;73;13;77555;1
33;73;13;25222;4
33;55;13;11555;1
33;78;13;10100;7
33;224;13;13678;2
33;430;13;10;3
33;322;13;40;4
33;357;13;11112;14
33;435;13;25222;3
33;258;13;10444;5
33;1;13;13000;2
33;270;13;40333;7
33;238;13;25333;25
33;360;13;40234;6
33;47;13;77456;3
33;374;13;77456;1
33;65;13;25444;1
33;246;13;40444;2
33;500;13;11555;4
33;92;13;13000;1
33;302;13;12012;9
33;38;13;10111;1
33;399;13;40244;1
33;88;13;40789;1
33;50;13;40444;4
33;271;13;12012;3
33;87;13;25222;1
33;6;13;11333;1
33;60;13;40444;3
33;247;13;25555;3
33;456;13;40123;1
33;481;13;40100;1
33;478;13;40222;3
33;481;13;40222;2
33;309;13;13000;3
33;228;13;13000;3
33;316;13;11777;7
33;75;13;40555;2
33;477;13;12;1
33;477;13;40;1
33;409;13;13700;2
33;70;13;10777;3
33;438;13;10110;1
33;299;13;40100;1
33;299;13;12012;1
33;71;13;12000;7
33;203;13;12345;4
33;481;13;40;3
33;352;13;40;2
33;210;13;25555;5
33;287;13;25190;2
33;409;13;40789;1
33;311;13;13123;1
33;17;13;10123;12
33;83;13;12345;6
33;36;13;12000;2
33;278;13;11555;3
33;9;13;77999;5
33;34;13;77888;10
33;80;13;25190;5
33;210;13;25190;8
33;20;13;11777;4
33;42;13;77190;5
33;378;13;11000;3
33;95;13;25888;3
33;261;13;77777;4
33;196;13;11555;6
33;438;13;77777;8
33;438;13;10100;5
33;79;13;25222;3
33;320;13;11852;1
33;451;13;25999;8
33;453;13;77190;19
33;85;13;10100;1
33;72;13;77777;5
33;363;13;25190;3
33;59;13;13013;1
33;198;13;13700;1
33;472;13;10100;9
33;477;13;10888;6
33;96;13;77888;6
33;97;13;25111;4
33;470;13;12410;8
33;70;13;77777;8
33;203;13;25888;8
33;246;13;55222;2
33;206;13;10111;1
33;203;13;55888;3
33;10;13;10444;5
33;406;13;11852;2
33;310;13;25222;1
33;406;13;25333;20
33;470;13;25333;5
33;16;13;11555;3
33;271;13;11222;1
33;262;13;25222;2
33;208;13;25000;1
33;39;13;25000;1
33;14;13;40111;1
33;478;13;40111;1
33;99;13;11852;6
33;75;13;96;4
33;373;13;95;1
33;19;13;77777;5
33;64;13;25222;1
33;324;13;12345;21
33;409;13;25190;1
33;22;13;13444;1
33;319;13;77190;17
33;456;13;96;6
33;245;13;10777;1
33;38;13;13700;7
33;203;13;10777;2
33;436;13;77190;9
33;476;13;12444;1
33;9;13;13333;4
33;285;13;12222;1
33;474;13;25999;9
33;499;13;13444;2
33;257;13;40222;1
33;476;13;13333;11
33;385;13;11777;2
33;93;13;77888;47
33;459;13;11777;3
33;36;13;13333;2
33;238;13;11000;8
33;388;13;25111;1
33;77;13;25190;4
33;22;13;13700;5
33;497;13;12012;2
33;24;13;13789;1
33;78;13;11852;4
33;374;13;25444;1
33;34;13;10;5
33;261;13;10888;4
33;468;13;10100;9
33;10;13;55888;1
33;10;13;12;2
33;352;13;25222;1
33;48;13;11;1
33;356;13;40123;8
33;386;13;10222;4
33;222;13;10777;4
33;100;13;13;1
33;263;13;10;4
33;320;13;25;1
33;443;13;77;1
33;16;13;10789;2
33;85;13;10222;1
33;275;13;40;1
33;50;13;55;1
33;309;13;25999;4
33;49;13;12999;1
33;71;13;55255;2
33;39;13;10123;7
33;54;13;10123;3
33;205;13;77;3
33;477;13;13000;3
33;44;13;11;1
33;287;13;10000;1
33;272;13;40123;20
33;435;13;10222;6
33;196;13;10123;10
33;332;13;77999;16
33;3;13;40789;2
33;206;13;12345;3
33;196;13;25555;3
33;468;13;25888;8
33;102;13;77000;1
33;102;13;25999;4
33;102;13;25888;8
33;443;13;40444;7
33;302;13;77999;9
33;301;13;77123;1
33;55;13;25111;1
33;24;13;25555;6
33;30;13;77777;5
33;30;13;25222;2
33;203;13;25111;11
33;443;13;25555;18
33;368;13;25555;7
33;75;13;10777;4
33;316;13;10444;4
33;372;13;25555;13
33;373;13;10888;5
33;64;13;12222;1
33;38;13;10444;7
33;206;13;10444;7
33;479;13;10777;2
33;96;13;40;1
33;247;13;25888;4
33;196;13;40444;2
33;299;13;10100;6
33;82;13;25777;1
33;22;13;13678;5
33;384;13;40333;1
33;439;13;11040;1
33;440;13;77000;3
33;373;13;55111;2
33;278;13;10111;2
33;372;13;10100;4
33;254;13;11444;1
33;363;13;11852;11
33;300;13;10100;3
33;227;13;11555;4
33;80;13;12123;2
33;274;13;77190;24
33;227;13;77190;10
33;18;13;25444;2
33;322;13;55888;2
33;322;13;25111;3
33;239;13;10000;6
33;32;13;77999;7
33;268;13;40333;3
33;488;13;25333;17
33;47;13;40456;2
33;30;13;12999;3
33;5;13;12123;1
33;311;13;77333;1
33;208;13;10100;11
33;6;13;10100;11
33;473;13;10;3
33;239;13;40;1
33;356;13;12555;1
33;479;13;11333;1
33;79;13;77888;14
33;476;13;77888;9
33;38;13;12555;4
33;76;13;40444;4
33;229;13;11333;1
33;229;13;77333;4
33;474;13;77999;5
33;453;13;10800;3
33;17;13;13;1
33;386;13;77222;1
33;75;13;25111;2
33;376;13;40123;6
33;31;13;13000;2
33;31;13;10555;1
33;302;13;12789;1
33;349;13;40123;6
33;453;13;40123;2
33;376;13;11000;7
33;78;13;12410;7
33;205;13;25111;8
33;78;13;77333;2
33;427;13;13333;13
33;86;13;11333;1
33;493;13;40555;1
33;302;13;10100;4
33;404;13;77000;2
33;301;13;12410;15
33;475;13;12410;2
33;312;13;12999;1
33;48;13;77000;7
33;15;13;10110;1
33;38;13;77999;5
33;459;13;10888;9
33;285;13;11040;1
33;95;13;55888;1
33;8;13;12345;2
33;50;13;77888;5
33;332;13;77;1
33;481;13;55666;1
33;283;13;10222;9
33;224;13;40444;4
33;456;13;11000;1
33;274;13;10555;8
33;75;13;10789;1
33;405;13;77190;7
33;44;13;10123;6
33;271;13;10123;7
33;493;13;12012;13
33;262;13;25999;6
33;20;13;12999;2
33;208;13;55888;1
33;201;13;95;1
33;7;13;77888;5
33;228;13;77888;10
33;268;13;13333;3
33;239;13;77000;6
33;85;13;40100;1
33;87;13;10123;4
33;300;13;40222;3
33;64;13;10888;7
33;8;13;43;1
33;315;13;10;2
33;325;13;12123;1
33;33;13;12666;1
33;20;13;12410;10
33;438;13;12410;3
33;228;13;13123;2
33;309;13;13123;1
33;399;13;13678;1
33;78;13;13111;2
33;31;13;55777;2
33;53;13;13444;7
33;53;13;96;5
33;64;13;25111;3
33;14;13;25111;19
33;229;13;40456;1
33;203;13;40456;1
33;20;13;95;4
33;58;13;77000;51
33;399;13;77000;5
33;453;13;55888;4
33;430;13;40123;2
33;234;13;13000;1
33;20;13;13123;3
33;84;13;40123;1
33;68;13;12789;1
33;203;13;10789;1
33;5;13;95;1
33;311;13;13;1
33;203;13;55111;1
33;266;13;12222;3
33;64;13;77999;4
33;37;13;13333;3
33;309;13;10222;8
33;227;13;40000;2
33;64;13;13100;17
33;11;13;10100;8
33;255;13;10123;2
33;208;13;10123;10
33;82;13;25111;17
33;31;13;40456;1
33;285;13;77077;1
33;18;13;40;3
33;18;13;55;1
33;205;13;10123;6
33;376;13;40;1
33;266;13;13;3
33;247;13;13555;2
33;31;13;40;2
33;73;13;40;2
33;86;13;10;1
33;272;13;95;2
33;315;13;25222;1
33;492;13;13555;4
33;399;13;13111;1
33;208;13;10;4
33;69;13;25;1
33;222;13;25;1
33;235;13;10;3
33;316;13;40;5
33;470;13;10;1
33;470;13;40;2
33;374;13;13555;14
33;39;13;25999;9
33;299;13;95;1
33;451;13;12345;6
33;9;13;10777;6
33;320;13;11555;4
33;90;13;12410;5
33;427;13;12345;2
33;483;13;77190;8
33;470;13;10777;4
33;81;13;77;1
33;317;13;11777;1
33;100;13;13700;2
33;235;13;77456;1
33;413;13;25111;3
33;360;13;10888;4
33;82;13;25999;7
33;499;13;12345;1
33;406;13;13;1
33;300;13;10;2
33;205;13;13;2
33;470;13;10000;10
33;414;13;11555;2
33;485;13;25190;5
33;438;13;25190;2
33;485;13;25555;4
33;234;13;12000;1
33;59;13;11555;2
33;461;13;13678;1
33;459;13;12123;2
33;90;13;11852;1
33;71;13;25190;5
33;208;13;25555;5
33;52;13;12000;1
33;20;13;40234;1
33;310;13;10;2
33;476;13;13678;2
33;373;13;10800;1
33;374;13;11852;1
33;74;13;13000;2
33;23;13;25999;6
33;229;13;10444;4
33;90;13;11222;1
33;77;13;11112;1
33;98;13;13333;3
33;41;13;40234;1
33;60;13;77456;1
33;31;13;11040;2
33;382;13;77888;5
33;382;13;13123;1
33;453;13;10777;2
33;281;13;10777;1
33;459;13;12410;5
33;84;13;11555;4
33;4;13;11112;3
33;227;13;11112;1
33;34;13;25999;6
33;475;13;12;2
33;34;13;10110;1
33;350;13;13123;5
33;8;13;12012;3
33;355;13;40456;6
33;404;13;12410;6
33;275;13;25555;6
33;275;13;12410;9
33;357;13;13400;1
33;98;13;11444;2
33;41;13;13333;2
33;414;13;96;5
33;50;13;12123;3
33;20;13;13213;6
33;322;13;95;3
33;487;13;95;1
33;31;13;95;2
33;247;13;13213;4
33;39;13;13213;2
33;36;13;13111;1
33;72;13;13213;5
33;205;13;13213;5
33;357;13;13213;19
33;302;13;12666;3
33;3;13;12410;2
33;50;13;25999;6
33;332;13;12410;2
33;268;13;13444;1
33;205;13;40000;2
33;53;13;10222;6
33;24;13;10123;5
33;454;13;13213;4
33;435;13;13213;5
33;388;13;10222;2
33;205;13;12012;1
33;257;13;96;6
33;323;13;96;6
33;301;13;13555;5
33;205;13;13555;1
33;454;13;13555;1
33;350;13;95;1
33;92;13;95;2
33;23;13;77077;1
33;285;13;13555;6
33;287;13;13555;3
33;280;13;10888;11
33;70;13;77000;4
33;453;13;25111;7
33;453;13;10888;6
33;24;13;11333;2
33;70;13;11000;1
33;15;13;11000;1
33;32;13;11112;7
33;52;13;11777;6
33;85;13;13555;3
33;265;13;12345;4
33;261;13;25555;10
33;24;13;77333;4
33;24;13;40444;9
33;24;13;13555;1
33;32;13;13400;2
33;51;13;13155;1
33;490;13;10100;1
33;477;13;25190;1
33;488;13;13555;5
33;478;13;10100;5
33;481;13;25222;3
33;222;13;10000;3
33;436;13;25888;7
33;224;13;13555;2
33;31;13;13555;1
33;102;13;25222;5
33;1;13;40244;1
33;378;13;77190;10
33;82;13;10000;3
33;376;13;77190;11
33;439;13;11555;5
33;15;13;13000;1
33;316;13;11555;7
33;72;13;10111;1
33;57;13;10111;2
33;90;13;13555;3
33;323;13;25333;4
33;372;13;10777;3
33;281;13;25190;1
33;453;13;13000;3
33;81;13;25555;5
33;58;13;77333;1
33;474;13;55133;4
33;493;13;10100;13
33;42;13;11852;1
33;54;13;77777;9
33;384;13;11000;3
33;373;13;25888;23
33;102;13;10;2
33;23;13;11852;3
33;98;13;40234;2
33;198;13;40234;1
33;482;13;10100;6
33;262;13;10100;7
33;54;13;13400;1
33;459;13;77999;3
33;48;13;40234;1
33;388;13;10444;7
33;74;13;77190;10
33;317;13;10;2
33;235;13;77077;1
33;301;13;77333;1
33;17;13;40789;3
33;311;13;13000;1
33;499;13;11852;4
33;265;13;13222;1
33;322;13;13213;6
33;8;13;10555;1
33;47;13;11112;1
33;41;13;10100;12
33;208;13;95;2
33;82;13;13000;2
33;234;13;55222;1
33;399;13;12222;5
33;258;13;40333;5
33;80;13;25444;8
33;7;13;11112;1
33;475;13;25222;2
33;86;13;40333;2
33;40;13;10110;1
33;222;13;13123;6
33;203;13;11123;1
33;203;13;11112;1
33;349;13;40333;3
33;235;13;40333;2
33;490;13;40222;2
33;479;13;40222;1
33;20;13;11333;2
33;275;13;12222;1
33;430;13;77999;9
33;482;13;10800;2
33;82;13;13555;25
33;350;13;13213;12
33;285;13;11555;4
33;17;13;40333;1
33;399;13;11000;2
33;48;13;95;1
33;205;13;95;3
33;285;13;13444;42
33;459;13;96;4
33;323;13;95;1
33;285;13;96;3
33;435;13;96;7
33;5;13;13213;2
33;477;13;13213;5
33;31;13;13444;1
33;8;13;13444;6
33;283;13;13444;13
33;471;13;13111;1
33;98;13;13555;2
33;95;13;13555;1
33;4;13;10123;4
33;51;13;77077;1
33;312;13;10222;1
33;497;13;10123;2
33;81;13;40000;2
33;254;13;10222;3
33;261;13;40123;4
33;99;13;12012;6
33;404;13;13222;3
33;482;13;11040;1
33;258;13;95;3
33;262;13;95;3
33;481;13;96;5
33;324;13;13123;2
33;38;13;11040;3
33;9;13;11000;4
33;44;13;13123;2
33;316;13;12012;3
33;87;13;55666;2
33;7;13;11000;1
33;261;13;77888;6
33;42;13;77222;1
33;102;13;96;4
33;461;13;77333;6
33;227;13;40222;1
33;51;13;40333;3
33;24;13;11;1
33;451;13;77;2
33;482;13;13;1
33;364;13;77190;8
33;453;13;13678;1
33;405;13;12410;5
33;206;13;10110;3
33;261;13;40333;3
33;19;13;55155;1
33;75;13;13333;7
33;6;13;40333;3
33;52;13;25333;6
33;499;13;10800;1
33;6;13;13700;1
33;436;13;40;1
33;72;13;10;3
33;472;13;12;5
33;95;13;13123;1
33;88;13;10111;2
33;386;13;10777;4
33;22;13;11777;1
33;413;13;25888;10
33;299;13;12455;1
33;78;13;12123;4
33;487;13;25999;6
33;261;13;40456;3
33;99;13;25444;5
33;70;13;11222;2
33;299;13;25333;3
33;6;13;25888;2
33;272;13;55888;2
33;350;13;10111;3
33;70;13;10111;1
33;229;13;40333;2
33;312;13;12;1
33;31;13;10000;3
33;459;13;77333;5
33;17;13;40444;3
33;37;13;77888;28
33;196;13;10000;6
33;388;13;77190;5
33;71;13;13678;1
33;384;13;40123;1
33;268;13;40123;1
33;331;13;40333;1
33;477;13;25333;9
33;22;13;77000;10
33;22;13;25999;2
33;17;13;11333;1
33;271;13;13123;3
33;23;13;40;3
33;385;13;40;1
33;77;13;12410;8
33;406;13;12410;8
33;40;13;55222;3
33;479;13;40000;2
33;102;13;12455;2
33;97;13;40333;1
33;51;13;40123;13
33;322;13;11852;16
33;461;13;77777;2
33;54;13;25333;5
33;468;13;40456;1
33;399;13;25;1
33;399;13;55;1
33;385;13;77;1
33;2;13;10333;1
33;50;13;11333;3
33;257;13;25555;4
33;99;13;25111;10
33;75;13;11555;7
33;459;13;77456;2
33;299;13;77456;3
33;41;13;10222;7
33;95;13;10123;9
33;80;13;25111;13
33;73;13;10789;1
33;436;13;12012;10
33;198;13;10789;1
33;470;13;12789;1
33;283;13;40000;1
33;51;13;55222;4
33;61;13;25555;4
33;95;13;12000;5
33;280;13;25111;22
33;459;13;77000;5
33;38;13;77190;8
33;474;13;25111;1
33;315;13;10444;10
33;375;13;12222;11
33;435;13;12012;5
33;258;13;10222;7
33;239;13;12666;1
33;7;13;12666;2
33;356;13;77190;9
33;70;13;10000;19
33;350;13;40123;9
33;482;13;40000;1
33;482;13;12222;1
33;356;13;10888;8
33;1;13;55111;1
33;435;13;55111;1
33;272;13;25;1
33;3;13;25999;4
33;492;13;10123;1
33;8;13;12999;1
33;77;13;10800;5
33;98;13;25333;9
33;477;13;12012;8
33;11;13;40456;1
33;378;13;11444;1
33;485;13;25333;2
33;4;13;96;6
33;39;13;12555;8
33;280;13;10789;1
33;203;13;10123;8
33;90;13;12555;4
33;382;13;13222;3
33;471;13;12345;9
33;81;13;12123;2
33;454;13;40234;3
33;33;13;12222;4
33;364;13;25555;8
33;488;13;77999;6
33;319;13;77333;2
33;75;13;55888;1
33;270;13;25111;2
33;372;13;77000;2
33;48;13;10888;5
33;19;13;12410;1
33;23;13;10111;3
33;59;13;25333;1
33;75;13;12345;2
33;482;13;40789;2
33;384;13;96;5
33;477;13;40789;1
33;352;13;25111;3
33;385;13;10222;3
33;23;13;12222;6
33;316;13;11411;1
33;196;13;40555;1
33;1;13;25555;4
33;71;13;40555;1
33;15;13;12000;4
33;24;13;40234;5
33;468;13;12777;2
33;54;13;13000;1
33;384;13;10444;10
33;31;13;12410;9
33;44;13;77333;2
33;36;13;55222;2
33;374;13;55222;1
33;459;13;11000;2
33;299;13;12444;1
33;222;13;77999;10
33;349;13;10123;2
33;477;13;40444;5
33;71;13;40444;5
33;57;13;40444;4
33;456;13;10444;5
33;430;13;40234;1
33;208;13;11555;5
33;476;13;40333;6
33;81;13;13700;1
33;461;13;25333;19
33;77;13;11040;2
33;421;13;40222;2
33;102;13;40222;1
33;368;13;10123;32
33;261;13;10444;19
33;1;13;40333;2
33;34;13;25333;4
33;263;13;13700;6
33;436;13;40789;2
33;439;13;25222;2
33;481;13;11111;1
33;481;13;40234;4
33;39;13;13456;1
33;322;13;77;2
33;356;13;13000;1
33;421;13;25222;3
33;37;13;25999;5
33;443;13;40789;2
33;97;13;25333;3
33;102;13;77333;3
33;468;13;77999;5
33;88;13;10110;2
33;262;13;13123;64
33;451;13;13123;1
33;79;13;40234;1
33;208;13;10444;8
33;206;13;40234;1
33;459;13;12012;11
33;15;13;11112;1
33;257;13;11;1
33;5;13;10;1
33;68;13;77333;7
33;34;13;10100;17
33;258;13;11555;8
33;95;13;10444;4
33;17;13;13000;3
33;324;13;11040;2
33;239;13;12012;3
33;381;13;25888;2
33;39;13;25555;8
33;453;13;40789;1
33;73;13;10000;2
33;23;13;77888;7
33;9;13;11333;1
33;473;13;13123;3
33;316;13;77333;1
33;25;13;40444;5
33;208;13;13678;2
33;234;13;13678;4
33;69;13;10110;1
33;474;13;25190;1
33;257;13;11112;1
33;30;13;11777;2
33;30;13;10000;3
33;48;13;10123;4
33;300;13;25190;1
33;475;13;25555;6
33;77;13;12444;1
33;315;13;12222;1
33;72;13;13678;1
33;69;13;40234;1
33;378;13;11852;5
33;438;13;10000;8
33;37;13;25333;11
33;44;13;77123;2
33;196;13;10100;7
33;36;13;25190;7
33;17;13;25444;2
33;222;13;10888;3
33;71;13;11777;6
33;325;13;55222;78
33;440;13;25333;8
33;272;13;55222;1
33;255;13;40456;4
33;25;13;40234;2
33;1;13;25888;7
33;478;13;13678;3
33;406;13;77456;1
33;79;13;25888;6
33;319;13;10100;1
33;261;13;10100;4
33;20;13;25222;1
33;475;13;13100;2
33;246;13;25888;3
33;300;13;10777;1
33;79;13;11852;1
33;48;13;11222;2
33;68;13;55222;36
33;261;13;13700;4
33;9;13;77888;4
33;69;13;25999;8
33;96;13;77190;1
33;97;13;13456;7
33;275;13;10555;2
33;399;13;13555;3
33;77;13;25000;2
33;331;13;11852;3
33;100;13;10111;1
33;54;13;55222;6
33;203;13;11852;11
33;38;13;25000;1
33;96;13;13444;1
33;470;13;10800;7
33;39;13;55222;3
33;493;13;11112;1
33;98;13;55133;1
33;409;13;11852;3
33;325;13;11777;2
33;33;13;25190;1
33;258;13;13700;3
33;500;13;25555;2
33;468;13;25190;1
33;378;13;96;5
33;21;13;95;3
33;281;13;77190;3
33;475;13;12345;3
33;4;13;10100;5
33;52;13;10000;8
33;360;13;10000;3
33;229;13;12222;6
33;375;13;10111;3
33;68;13;10777;1
33;336;13;25999;1
33;382;13;25111;6
33;435;13;55255;1
33;224;13;13100;1
33;36;13;40222;3
33;375;13;13333;2
33;435;13;11000;8
33;436;13;11000;1
33;59;13;25190;1
33;472;13;10123;3
33;475;13;40123;5
33;36;13;12;1
33;37;13;12;1
33;234;13;13444;3
33;375;13;10110;1
33;476;13;40222;1
33;302;13;10000;1
33;15;13;11;1
33;427;13;25;1
33;368;13;77;1
33;70;13;40;1
33;77;13;10888;5
33;83;13;12410;1
33;76;13;40456;1
33;378;13;12012;8
33;414;13;13333;1
33;44;13;40222;2
33;40;13;13333;5
33;75;13;10;2
33;47;13;25;1
33;55;13;10;2
33;352;13;40000;1
33;279;13;10345;12
33;235;13;10123;2
33;439;13;10222;10
33;439;13;40123;6
33;48;13;55111;5
33;22;13;10222;7
33;77;13;13000;6
33;368;13;11;5
33;421;13;12999;1
33;262;13;77333;3
33;479;13;11;2
33;47;13;12;1
33;4;13;10777;2
33;51;13;10000;5
33;479;13;10888;11
33;60;13;10789;2
33;198;13;10888;6
33;49;13;25999;7
33;468;13;25444;2
33;487;13;77999;4
33;482;13;77333;3
33;24;13;10888;8
33;224;13;13700;1
33;440;13;10888;2
33;368;13;40234;1
33;232;13;25555;4
33;456;13;40234;2
33;93;13;10222;2
33;485;13;77000;1
33;320;13;40234;91
33;274;13;12;4
33;99;13;40100;1
33;262;13;10333;10
33;352;13;12410;1
33;388;13;11555;2
33;470;13;25190;1
33;31;13;25190;8
33;88;13;25555;8
33;491;13;40000;1
33;438;13;10123;6
33;80;13;10888;9
33;479;13;40456;3
33;399;13;13000;1
33;455;13;40234;2
33;483;13;13000;2
33;245;13;10444;3
33;331;13;77190;1
33;14;13;13700;1
33;18;13;25999;8
33;100;13;25999;3
33;455;13;40444;10
33;21;13;12999;1
33;409;13;10888;4
33;79;13;77000;7
33;208;13;77777;17
33;439;13;11852;5
33;406;13;77777;3
33;198;13;13400;1
33;404;13;11000;1
33;399;13;10123;5
33;404;13;25;2
33;38;13;25555;8
33;476;13;25555;14
33;459;13;13678;1
33;430;13;77190;10
33;224;13;77190;5
33;38;13;77888;36
33;74;13;10800;3
33;488;13;40333;2
33;430;13;25555;16
33;360;13;12777;1
33;3;13;10444;3
33;229;13;77999;6
33;82;13;40333;2
33;41;13;25111;21
33;99;13;10888;8
33;487;13;10100;13
33;406;13;77555;1
33;493;13;10;3
33;456;13;10000;5
33;40;13;10111;2
33;87;13;77888;5
33;475;13;12555;1
33;382;13;40;5
33;439;13;13;1
33;379;13;10800;3
33;102;13;11777;3
33;319;13;10000;1
33;42;13;11000;3
33;285;13;40444;2
33;319;13;10;2
33;17;13;11;1
33;92;13;11;3
33;375;13;55;1
33;475;13;55123;2
33;409;13;77190;13
33;355;13;13700;1
33;474;13;77333;1
33;65;13;12222;1
33;80;13;77999;11
33;271;13;13000;6
33;443;13;10800;1
33;302;13;10800;2
33;483;13;13678;1
33;48;13;40456;1
33;79;13;10123;8
33;196;13;10222;3
33;65;13;40123;7
33;448;13;10222;1
33;3;13;13333;4
33;493;13;77333;5
33;72;13;77333;4
33;349;13;10100;8
33;222;13;11000;2
33;430;13;13333;7
33;430;13;11000;5
33;302;13;55123;14
33;357;13;77000;1
33;47;13;12123;2
33;47;13;25111;9
33;206;13;25111;9
33;476;13;11333;1
33;302;13;77;1
33;224;13;13000;1
33;322;13;10222;1
33;481;13;12410;8
33;470;13;55666;1
33;228;13;12410;12
33;203;13;12555;1
33;34;13;10222;7
33;15;13;10444;3
33;319;13;12444;6
33;4;13;77123;2
33;85;13;40000;1
33;319;13;12012;10
33;499;13;55111;1
33;310;13;11777;5
33;455;13;12777;1
33;246;13;11000;3
33;399;13;13123;3
33;73;13;11000;1
33;421;13;11000;3
33;210;13;77888;4
33;76;13;12555;1
33;381;13;13333;7
33;312;13;40222;23
33;53;13;77888;20
33;96;13;11;1
33;265;13;12410;5
33;33;13;55888;3
33;99;13;77999;8
33;85;13;13333;9
33;372;13;13444;13
33;5;13;12444;1
33;388;13;55123;1
33;205;13;10555;1
33;203;13;77123;1
33;71;13;77888;8
33;485;13;13123;1
33;375;13;25444;5
33;205;13;25444;8
33;352;13;25888;23
33;271;13;55777;11
33;439;13;96;5
33;309;13;12999;1
33;300;13;13000;3
33;438;13;77888;16
33;485;13;55999;2
33;6;13;12222;3
33;468;13;12222;1
33;311;13;12;1
33;488;13;25111;7
33;265;13;10789;2
33;310;13;40100;1
33;85;13;10123;5
33;478;13;77123;1
33;476;13;12455;2
33;30;13;10888;7
33;81;13;95;4
33;316;13;40123;8
33;499;13;12789;2
33;78;13;40000;4
33;481;13;10333;3
33;440;13;12012;50
33;399;13;10000;1
33;24;13;12555;1
33;9;13;55111;1
33;25;13;10444;5
33;227;13;12012;4
33;2;13;77077;3
33;73;13;40234;1
33;47;13;55666;1
33;53;13;11;1
33;18;13;77;1
33;84;13;13555;1
33;238;13;11;1
33;456;13;11;2
33;196;13;10;3
33;409;13;40;3
33;83;13;10;4
33;372;13;12;1
33;285;13;10;2
33;235;13;77;2
33;80;13;11;1
33;356;13;13;2
33;381;13;25;1
33;49;13;13;1
33;352;13;13555;5
33;454;13;12999;1
33;470;13;77;1
33;478;13;13;1
33;196;13;13555;5
33;74;13;77077;2
33;478;13;25111;13
33;227;13;40456;2
33;227;13;77000;5
33;378;13;12345;3
33;277;13;12345;13
33;208;13;12345;5
33;64;13;12;3
33;11;13;25111;3
33;224;13;12777;1
33;31;13;25999;6
33;491;13;10444;6
33;332;13;12345;5
33;30;13;12777;1
33;224;13;77000;3
33;363;13;13555;3
33;430;13;25190;5
33;414;13;12345;3
33;409;13;13400;2
33;409;13;77555;3
33;75;13;55222;2
33;271;13;25999;5
33;406;13;40;3
33;102;13;77777;18
33;471;13;25222;1
33;5;13;11555;8
33;459;13;77123;2
33;22;13;13000;1
33;81;13;25190;3
33;49;13;25888;14
33;98;13;25888;4
33;68;13;11852;8
33;84;13;13100;3
33;42;13;11112;1
33;93;13;10444;1
33;405;13;10123;3
33;459;13;11613;3
33;459;13;25111;9
33;384;13;13700;1
33;315;13;13013;1
33;427;13;77777;3
33;38;13;13678;1
33;476;13;77777;3
33;360;13;13400;1
33;71;13;11852;8
33;376;13;25190;6
33;497;13;12345;1
33;493;13;13000;1
33;356;13;77777;9
33;378;13;25888;4
33;77;13;13100;1
33;385;13;10333;1
33;385;13;40456;10
33;324;13;10888;1
33;350;13;77888;3
33;203;13;25190;2
33;87;13;12345;1
33;481;13;25190;4
33;59;13;25555;6
33;491;13;25111;1
33;404;13;25222;2
33;485;13;25222;1
33;54;13;13333;3
33;5;13;11000;1
33;42;13;77123;1
33;2;13;55111;2
33;439;13;77000;4
33;90;13;55222;4
33;355;13;25111;5
33;316;13;10100;13
33;379;13;13;3
33;435;13;25;1
33;475;13;11;2
33;386;13;40;4
33;472;13;10333;1
33;88;13;10444;12
33;376;13;40234;3
33;222;13;25190;4
33;201;13;13444;1
33;287;13;13400;1
33;275;13;10888;17
33;277;13;10100;1
33;57;13;11555;4
33;77;13;25222;2
33;272;13;77777;6
33;497;13;10100;4
33;302;13;10777;2
33;55;13;10444;5
33;287;13;13213;1
33;281;13;10888;1
33;455;13;12;1
33;232;13;12410;2
33;461;13;13555;5
33;301;13;96;1
33;311;13;25111;3
33;481;13;13213;5
33;404;13;13213;8
33;34;13;95;2
33;70;13;55777;2
33;228;13;10222;3
33;500;13;10123;2
33;263;13;55888;3
33;3;13;25111;6
33;472;13;55777;2
33;42;13;95;2
33;44;13;77077;2
33;17;13;13213;2
33;10;13;10789;1
33;493;13;13213;11
33;70;13;95;3
33;76;13;10222;7
33;47;13;12012;1
33;229;13;13555;4
33;453;13;55777;1
33;336;13;96;2
33;316;13;95;2
33;500;13;13213;5
33;15;13;77000;3
33;266;13;13555;6
33;18;13;13555;1
33;198;13;40555;2
33;247;13;40789;1
33;309;13;25000;2
33;276;13;40123;1
33;74;13;11852;3
33;274;13;13555;8
33;302;13;13555;4
33;8;13;12777;3
33;90;13;40456;4
33;490;13;12012;9
33;322;13;11777;1
33;9;13;77777;3
33;360;13;25190;4
33;245;13;25190;1
33;33;13;12345;3
33;254;13;12345;4
33;405;13;13333;7
33;478;13;77555;1
33;70;13;25000;2
33;430;13;25222;2
33;25;13;11555;10
33;201;13;25444;5
33;301;13;10444;4
33;497;13;10444;5
33;78;13;10000;8
33;472;13;77190;10
33;376;13;11777;2
33;350;13;25222;1
33;92;13;25888;1
33;355;13;25888;13
33;404;13;25444;7
33;448;13;25888;14
33;98;13;10444;5
33;276;13;11555;7
33;2;13;25555;7
33;229;13;77777;4
33;22;13;77777;6
33;24;13;40333;4
33;301;13;10000;12
33;372;13;11777;3
33;453;13;25190;2
33;247;13;13678;1
33;58;13;77999;1
33;39;13;25222;10
33;317;13;25;3
33;302;13;10888;4
33;453;13;25999;10
33;281;13;77333;2
33;499;13;25190;2
33;52;13;25190;2
33;208;13;25190;2
33;488;13;10800;2
33;97;13;40234;1
33;283;13;11555;6
33;440;13;77777;1
33;31;13;55222;7
33;317;13;40;3
33;368;13;25999;4
33;323;13;11852;1
33;15;13;13444;1
33;49;13;95;2
33;74;13;10444;7
33;65;13;77333;1
33;263;13;77333;5
33;468;13;12345;3
33;2;13;40555;1
33;363;13;95;1
33;44;13;25190;5
33;272;13;25444;2
33;332;13;11555;7
33;438;13;55222;5
33;6;13;10777;1
33;485;13;11555;7
33;3;13;25000;1
33;443;13;25333;9
33;228;13;77999;5
33;272;13;77999;2
33;33;13;10800;4
33;63;13;55155;1
33;72;13;11222;1
33;409;13;77888;10
33;58;13;11000;7
33;59;13;10555;1
33;203;13;13222;1
33;438;13;13111;1
33;499;13;77190;4
33;208;13;77190;15
33;372;13;13700;2
33;317;13;25333;4
33;52;13;13013;1
33;31;13;40333;3
33;499;13;10777;2
33;53;13;11555;4
33;198;13;95;1
33;17;13;96;4
33;228;13;13400;1
33;492;13;10100;7
33;21;13;11555;5
33;332;13;25333;5
33;68;13;25333;2
33;385;13;12012;5
33;70;13;40000;1
33;262;13;10111;1
33;99;13;77888;2
33;500;13;10000;10
33;58;13;25333;2
33;15;13;40333;3
33;83;13;40444;1
33;4;13;13213;2
33;11;13;25888;5
33;53;13;13555;5
33;203;13;96;3
33;485;13;13555;2
33;363;13;13444;1
33;274;13;55666;1
33;86;13;40000;1
33;319;13;40123;7
33;481;13;10789;3
33;261;13;10222;4
33;84;13;13444;46
33;33;13;95;3
33;379;13;77888;2
33;421;13;13213;6
33;316;13;25025;3
33;80;13;96;5
33;21;13;12444;1
33;472;13;13213;6
33;493;13;40000;3
33;33;13;40123;3
33;222;13;40000;1
33;436;13;55666;1
33;478;13;96;7
33;65;13;77888;2
33;356;13;12012;2
33;404;13;12222;3
33;80;13;40000;1
33;299;13;40123;10
33;80;13;13333;1
33;81;13;40222;12
33;77;13;13444;2
33;73;13;96;5
33;372;13;77888;7
33;278;13;11000;15
33;61;13;11000;3
33;436;13;77123;1
33;206;13;10100;21
33;88;13;25888;11
33;331;13;12345;4
33;34;13;77999;18
33;229;13;12555;2
33;229;13;10110;2
33;381;13;77888;3
33;208;13;10111;3
33;72;13;25;2
33;72;13;77;3
33;349;13;13678;1
33;373;13;40555;1
33;88;13;10000;4
33;478;13;77999;15
33;88;13;11222;1
33;375;13;10555;1
33;302;13;13678;1
33;382;13;11852;9
33;52;13;10111;1
33;274;13;25333;6
33;355;13;77;3
33;32;13;40222;2
33;317;13;10110;2
33;30;13;40789;1
33;70;13;55222;5
33;82;13;77000;5
33;384;13;25999;7
33;470;13;13000;2
33;15;13;12012;3
33;78;13;55888;3
33;6;13;10888;1
33;50;13;40333;4
33;70;13;40222;7
33;352;13;55888;1
33;453;13;25777;1
33;363;13;25777;1
33;406;13;77190;5
33;16;13;12777;1
33;39;13;12123;1
33;310;13;10000;4
33;90;13;13123;4
33;77;13;40456;1
33;234;13;10888;1
33;278;13;13000;2
33;196;13;77000;2
33;97;13;13;1
33;58;13;13700;4
33;229;13;25333;7
33;44;13;10777;2
33;488;13;12999;1
33;399;13;11040;1
33;325;13;77333;2
33;325;13;40444;2
33;479;13;55222;5
33;409;13;11777;6
33;99;13;11777;3
33;430;13;55222;4
33;51;13;25999;1
33;265;13;55;1
33;468;13;10;2
33;312;13;10;1
33;16;13;10000;4
33;268;13;25555;2
33;73;13;40789;1
33;228;11;40;132
33;388;11;40;91
33;74;11;40;110
33;319;11;40;64
33;488;11;40;161
33;85;11;40;77
33;316;11;96;7
33;92;11;96;13
33;379;11;96;17
33;315;11;96;10
33;65;11;96;13
33;3;11;96;8
33;427;11;96;7
33;263;11;96;10
33;84;11;96;9
33;34;11;96;16
33;1;11;96;7
33;23;11;96;5
33;405;11;95;2
33;322;11;40;104
33;271;11;40;151
33;31;11;40;115
33;283;11;40;113
33;360;11;40;181
33;38;11;40;142
33;40;11;96;9
33;19;11;96;10
33;44;11;96;8
33;479;11;95;1
33;461;11;95;6
33;384;11;95;4
33;247;11;96;9
33;39;11;96;9
33;54;11;96;12
33;75;11;96;11
33;64;11;96;12
33;373;11;96;3
33;11;11;96;2
33;86;11;96;8
33;381;11;96;8
33;409;11;96;11
33;278;11;96;12
33;99;11;96;10
33;14;11;96;6
33;285;11;40;132
33;2;11;40;95
33;309;11;40;165
33;80;11;40;140
33;474;11;40;95
33;81;11;96;17
33;20;11;96;12
33;438;11;96;7
33;93;11;96;11
33;235;11;40;167
33;363;11;40;163
33;356;11;40;149
33;25;11;40;153
33;87;11;40;80
33;439;11;40;171
33;42;11;40;52
33;72;11;40;158
33;57;11;40;183
33;69;11;40;123
33;499;11;40;86
33;52;11;40;143
33;208;11;40;166
33;234;11;40;137
33;6;11;40;99
33;414;11;40;109
33;455;11;40;135
33;51;11;96;6
33;61;11;96;11
33;257;11;96;6
33;317;11;96;15
33;287;11;96;11
33;100;11;96;11
33;86;11;95;4
33;381;11;95;1
33;493;11;95;2
33;491;11;40;58
33;350;11;40;163
33;70;11;40;175
33;275;11;40;95
33;324;11;40;102
33;15;11;40;94
33;281;11;40;88
33;385;11;40;153
33;58;11;40;157
33;399;11;40;163
33;311;11;40;110
33;32;11;40;152
33;96;11;40;130
33;9;11;40;108
33;37;11;40;143
33;232;11;96;16
33;76;11;96;7
33;228;11;96;7
33;388;11;96;11
33;319;11;96;9
33;488;11;96;10
33;85;11;96;6
33;74;11;96;12
33;272;11;40;131
33;497;11;40;51
33;73;11;40;107
33;421;11;40;153
33;300;11;40;158
33;198;11;40;144
33;406;11;40;147
33;247;11;40;137
33;39;11;40;153
33;54;11;40;60
33;372;11;40;170
33;88;11;40;164
33;40;11;40;135
33;19;11;40;121
33;44;11;40;102
33;482;11;40;138
33;258;11;40;129
33;374;11;40;170
33;279;11;40;56
33;500;11;40;71
33;262;11;40;170
33;83;11;40;103
33;36;11;40;105
33;487;11;40;81
33;325;11;40;122
33;77;11;40;147
33;59;11;40;93
33;278;11;40;92
33;99;11;40;128
33;360;11;96;14
33;38;11;96;8
33;476;11;96;13
33;9;11;96;4
33;64;11;40;138
33;37;11;96;6
33;9;11;10;71
33;64;11;95;2
33;316;11;10;127
33;92;11;10;101
33;379;11;10;50
33;472;11;10;114
33;355;11;10;96
33;459;11;10;109
33;299;11;10;110
33;454;11;10;70
33;17;11;10;109
33;210;11;10;107
33;235;11;10;119
33;363;11;10;109
33;78;11;10;131
33;16;11;10;76
33;48;11;10;111
33;60;11;10;79
33;47;11;10;128
33;205;11;10;127
33;55;11;10;73
33;203;11;10;113
33;470;11;10;109
33;5;11;10;76
33;41;11;10;113
33;79;11;10;132
33;477;11;10;73
33;331;11;10;56
33;352;11;10;55
33;196;11;10;131
33;440;11;10;37
33;266;11;10;50
33;18;11;10;102
33;413;11;10;15
33;478;11;10;101
33;481;11;10;112
33;93;11;10;102
33;239;11;10;62
33;7;11;10;72
33;301;11;10;134
33;475;11;10;123
33;285;11;10;53
33;2;11;10;77
33;309;11;10;96
33;16;11;96;10
33;48;11;96;10
33;60;11;96;9
33;440;11;96;13
33;266;11;96;19
33;18;11;96;10
33;283;11;96;13
33;352;11;40;112
33;196;11;40;147
33;440;11;40;163
33;266;11;40;210
33;18;11;40;108
33;413;11;40;107
33;478;11;40;152
33;481;11;40;148
33;280;11;40;113
33;483;11;40;166
33;33;11;40;134
33;265;11;40;129
33;254;11;40;107
33;261;11;40;133
33;86;11;40;82
33;381;11;40;70
33;493;11;40;155
33;485;11;40;114
33;49;11;40;138
33;71;11;40;143
33;98;11;40;128
33;53;11;40;85
33;312;11;40;100
33;276;11;40;121
33;210;11;96;5
33;301;11;96;5
33;475;11;96;12
33;8;11;95;2
33;482;11;96;12
33;258;11;96;8
33;374;11;96;12
33;279;11;96;5
33;500;11;96;2
33;262;11;96;12
33;83;11;96;5
33;281;11;96;10
33;471;11;95;5
33;355;11;96;3
33;459;11;96;8
33;299;11;96;10
33;454;11;96;2
33;17;11;96;8
33;325;11;96;5
33;77;11;96;11
33;59;11;96;13
33;36;11;96;13
33;323;11;96;9
33;24;11;96;7
33;95;11;40;99
33;430;11;40;172
33;274;11;40;115
33;224;11;40;119
33;4;11;40;85
33;227;11;40;122
33;468;11;40;106
33;491;11;96;1
33;82;11;95;3
33;30;11;40;91
33;268;11;40;105
33;21;11;40;135
33;11;11;40;88
33;301;11;40;162
33;475;11;40;126
33;40;11;95;3
33;19;11;95;2
33;44;11;95;4
33;93;11;95;3
33;100;11;95;6
33;51;11;95;3
33;61;11;95;2
33;257;11;95;4
33;317;11;95;4
33;287;11;95;6
33;316;11;40;168
33;92;11;40;109
33;379;11;40;176
33;472;11;40;135
33;322;11;95;1
33;271;11;95;7
33;31;11;95;3
33;355;11;40;56
33;459;11;40;178
33;299;11;40;103
33;454;11;40;90
33;17;11;40;109
33;210;11;40;105
33;283;11;95;1
33;238;11;40;102
33;375;11;40;154
33;435;11;40;151
33;436;11;40;190
33;382;11;40;149
33;255;11;40;36
33;10;11;40;81
33;97;11;40;139
33;323;11;40;112
33;24;11;40;167
33;384;11;40;132
33;90;11;40;117
33;499;11;96;2
33;52;11;96;7
33;208;11;96;8
33;234;11;96;15
33;6;11;96;8
33;476;11;40;149
33;206;11;40;119
33;245;11;40;134
33;409;11;40;168
33;384;11;96;16
33;102;11;96;15
33;479;11;96;5
33;461;11;96;16
33;81;11;95;4
33;20;11;95;6
33;438;11;95;3
33;196;11;95;1
33;21;11;95;4
33;95;11;95;1
33;40;11;10;101
33;19;11;10;108
33;44;11;10;110
33;356;11;10;137
33;25;11;10;119
33;87;11;10;99
33;439;11;10;108
33;272;11;95;7
33;497;11;95;2
33;73;11;95;3
33;421;11;95;1
33;360;11;95;2
33;38;11;95;5
33;476;11;95;2
33;9;11;95;4
33;229;11;10;114
33;378;11;10;137
33;22;11;10;132
33;386;11;10;112
33;232;11;10;129
33;404;11;10;118
33;201;11;10;100
33;357;11;10;81
33;81;11;10;126
33;20;11;10;107
33;438;11;10;118
33;300;11;10;68
33;198;11;10;125
33;406;11;10;82
33;247;11;10;122
33;39;11;10;114
33;54;11;10;102
33;42;11;10;65
33;479;11;10;112
33;461;11;10;98
33;55;11;95;2
33;203;11;95;2
33;49;11;95;6
33;71;11;95;7
33;53;11;95;4
33;255;11;95;1
33;10;11;95;6
33;97;11;95;2
33;238;11;95;2
33;375;11;95;7
33;435;11;95;2
33;436;11;95;3
33;382;11;95;3
33;14;11;95;1
33;24;11;95;3
33;376;11;95;4
33;222;11;95;6
33;310;11;10;80
33;229;11;95;4
33;378;11;95;1
33;22;11;95;3
33;386;11;95;3
33;74;11;95;4
33;76;11;95;4
33;228;11;95;4
33;388;11;95;2
33;90;11;10;133
33;471;11;10;93
33;276;11;10;91
33;78;11;96;11
33;79;11;96;7
33;477;11;96;11
33;331;11;96;7
33;281;11;10;134
33;280;11;10;181
33;483;11;10;91
33;323;11;10;42
33;24;11;10;113
33;72;11;10;110
33;57;11;10;102
33;69;11;10;135
33;499;11;10;53
33;52;11;10;116
33;208;11;10;129
33;234;11;10;76
33;6;11;10;66
33;414;11;10;35
33;455;11;10;80
33;37;11;10;122
33;11;11;10;87
33;352;11;96;7
33;196;11;96;7
33;274;11;96;11
33;224;11;96;2
33;4;11;96;5
33;227;11;96;5
33;322;11;96;11
33;271;11;96;13
33;31;11;96;12
33;280;11;95;1
33;483;11;95;1
33;36;11;95;5
33;482;11;95;4
33;246;11;95;3
33;68;11;95;8
33;277;11;95;5
33;63;11;95;2
33;33;11;95;6
33;265;11;95;1
33;254;11;95;4
33;261;11;95;3
33;350;11;95;5
33;439;11;95;2
33;42;11;95;4
33;471;11;96;5
33;405;11;96;13
33;276;11;96;17
33;32;11;96;11
33;96;11;96;6
33;315;11;10;101
33;8;11;10;79
33;470;11;95;2
33;5;11;95;1
33;41;11;95;6
33;79;11;95;3
33;477;11;95;4
33;75;11;95;2
33;78;11;95;5
33;364;11;96;5
33;413;11;96;6
33;478;11;96;11
33;481;11;96;7
33;206;11;96;5
33;245;11;96;16
33;247;11;95;4
33;39;11;95;1
33;440;11;95;1
33;266;11;95;6
33;18;11;95;1
33;413;11;95;1
33;478;11;95;1
33;481;11;95;3
33;47;11;96;13
33;205;11;96;17
33;55;11;96;8
33;203;11;96;14
33;274;11;95;2
33;224;11;95;3
33;4;11;95;1
33;227;11;95;5
33;385;11;95;4
33;311;11;95;1
33;58;11;95;1
33;399;11;95;3
33;316;11;95;6
33;92;11;95;2
33;379;11;95;5
33;472;11;95;1
33;355;11;95;5
33;459;11;95;1
33;299;11;95;1
33;454;11;95;2
33;17;11;95;2
33;239;11;95;7
33;7;11;95;5
33;301;11;95;5
33;475;11;95;4
33;198;11;95;4
33;406;11;95;5
33;325;11;95;1
33;77;11;95;2
33;59;11;95;3
33;206;11;95;6
33;245;11;95;1
33;37;11;95;3
33;50;11;95;5
33;238;11;96;9
33;375;11;96;11
33;435;11;96;9
33;436;11;96;9
33;382;11;96;16
33;255;11;96;5
33;10;11;96;6
33;97;11;96;5
33;468;11;10;101
33;64;11;10;70
33;364;11;10;103
33;14;11;10;113
33;8;11;96;3
33;258;11;95;2
33;374;11;95;4
33;262;11;95;6
33;83;11;95;1
33;70;11;95;6
33;275;11;95;4
33;324;11;95;1
33;373;11;10;105
33;80;11;10;147
33;474;11;10;78
33;246;11;10;102
33;68;11;10;125
33;277;11;10;61
33;63;11;10;69
33;100;11;10;138
33;51;11;10;97
33;61;11;10;89
33;257;11;10;75
33;317;11;10;86
33;287;11;10;53
33;376;11;10;133
33;222;11;10;129
33;312;11;10;114
33;72;11;95;9
33;57;11;95;4
33;69;11;95;1
33;499;11;95;1
33;52;11;95;4
33;208;11;95;1
33;6;11;95;2
33;468;11;96;13
33;470;11;96;14
33;5;11;96;4
33;41;11;96;5
33;95;11;96;8
33;430;11;96;11
33;350;11;96;9
33;82;11;96;3
33;16;11;95;2
33;48;11;95;4
33;60;11;95;1
33;47;11;95;3
33;205;11;95;2
33;263;11;10;89
33;332;11;10;97
33;302;11;10;98
33;385;11;10;123
33;76;11;10;110
33;228;11;10;102
33;388;11;10;74
33;74;11;10;110
33;319;11;10;94
33;488;11;10;97
33;85;11;10;57
33;372;11;10;98
33;88;11;10;160
33;482;11;10;112
33;258;11;10;111
33;374;11;10;48
33;279;11;10;42
33;500;11;10;36
33;262;11;10;85
33;83;11;10;52
33;36;11;10;145
33;487;11;10;93
33;325;11;10;123
33;77;11;10;140
33;59;11;10;79
33;272;11;10;89
33;497;11;10;26
33;73;11;10;104
33;421;11;10;129
33;30;11;10;78
33;268;11;10;77
33;21;11;10;103
33;95;11;10;81
33;430;11;10;114
33;274;11;10;62
33;224;11;10;117
33;4;11;10;74
33;227;11;10;112
33;322;11;10;130
33;271;11;10;151
33;31;11;10;126
33;283;11;10;62
33;360;11;10;113
33;38;11;10;123
33;476;11;10;102
33;206;11;10;121
33;245;11;10;56
33;409;11;10;129
33;278;11;10;71
33;99;11;10;104
33;492;11;96;5
33;270;11;96;5
33;210;11;95;4
33;285;11;95;5
33;2;11;95;2
33;309;11;95;3
33;84;11;10;71
33;34;11;10;128
33;1;11;10;56
33;23;11;10;129
33;491;11;10;28
33;350;11;10;112
33;70;11;10;109
33;275;11;10;75
33;324;11;10;106
33;15;11;10;81
33;33;11;10;105
33;265;11;10;112
33;254;11;10;81
33;261;11;10;114
33;86;11;10;106
33;381;11;10;34
33;493;11;10;84
33;485;11;10;63
33;49;11;10;124
33;71;11;10;121
33;98;11;10;108
33;53;11;10;101
33;238;11;10;55
33;375;11;10;137
33;435;11;10;116
33;436;11;10;105
33;382;11;10;119
33;255;11;10;13
33;10;11;10;71
33;97;11;10;69
33;82;11;10;139
33;311;11;96;10
33;320;11;96;9
33;490;11;96;1
33;50;11;96;9
33;312;11;95;2
33;72;11;96;15
33;57;11;96;16
33;69;11;96;10
33;493;11;96;2
33;254;11;96;13
33;261;11;96;11
33;33;11;96;9
33;265;11;96;10
33;485;11;96;3
33;49;11;96;11
33;71;11;96;17
33;98;11;96;10
33;53;11;96;13
33;280;11;96;6
33;483;11;96;3
33;32;11;95;3
33;96;11;95;2
33;229;11;96;11
33;378;11;96;12
33;22;11;96;16
33;386;11;96;9
33;349;11;96;5
33;443;11;96;10
33;453;11;96;8
33;368;11;96;9
33;448;11;96;1
33;90;11;95;3
33;246;11;96;5
33;68;11;96;12
33;336;11;95;1
33;456;11;95;4
33;451;11;95;6
33;473;11;95;2
33;235;11;96;12
33;363;11;96;16
33;11;11;95;5
33;332;11;96;17
33;302;11;96;15
33;285;11;96;8
33;2;11;96;4
33;309;11;96;9
33;487;11;96;3
33;272;11;96;6
33;73;11;96;8
33;421;11;96;10
33;276;11;95;6
33;336;11;10;21
33;456;11;10;92
33;451;11;10;115
33;473;11;10;85
33;270;11;10;26
33;492;11;10;24
33;58;11;10;119
33;399;11;10;117
33;311;11;10;120
33;320;11;10;101
33;490;11;10;31
33;50;11;10;123
33;349;11;10;98
33;443;11;10;98
33;453;11;10;89
33;368;11;10;72
33;448;11;10;25
33;65;11;10;76
33;3;11;10;62
33;427;11;10;111
33;405;11;40;118
33;102;11;40;125
33;315;11;40;143
33;8;11;40;93
33;470;11;40;162
33;5;11;40;90
33;41;11;40;119
33;79;11;40;158
33;477;11;40;145
33;331;11;40;125
33;364;11;40;140
33;14;11;40;98
33;75;11;40;99
33;58;11;96;5
33;399;11;96;7
33;414;11;95;2
33;455;11;95;2
33;277;11;96;8
33;63;11;96;5
33;364;11;95;2
33;468;11;95;6
33;409;11;95;3
33;278;11;95;2
33;99;11;95;3
33;102;11;10;126
33;84;11;95;4
33;34;11;95;1
33;1;11;95;4
33;23;11;95;1
33;75;11;10;123
33;405;11;10;108
33;246;11;40;130
33;68;11;40;136
33;277;11;40;89
33;63;11;40;62
33;55;11;40;71
33;203;11;40;175
33;81;11;40;159
33;20;11;40;132
33;438;11;40;164
33;229;11;40;118
33;378;11;40;141
33;22;11;40;113
33;386;11;40;144
33;232;11;40;85
33;404;11;40;173
33;201;11;40;77
33;357;11;40;199
33;239;11;40;124
33;7;11;40;88
33;78;11;40;147
33;16;11;40;84
33;48;11;40;164
33;60;11;40;105
33;47;11;40;143
33;205;11;40;145
33;336;11;96;5
33;456;11;96;11
33;451;11;96;11
33;473;11;96;10
33;414;11;96;3
33;455;11;96;13
33;479;11;40;134
33;461;11;40;137
33;312;11;96;12
33;30;11;96;1
33;268;11;96;6
33;21;11;96;10
33;82;11;40;85
33;384;11;10;123
33;32;11;10;88
33;96;11;10;65
33;300;11;96;8
33;198;11;96;4
33;406;11;96;11
33;376;11;96;14
33;222;11;96;10
33;336;11;40;21
33;270;11;40;68
33;456;11;40;151
33;451;11;40;170
33;473;11;40;115
33;492;11;40;45
33;372;11;96;18
33;88;11;96;11
33;232;11;95;2
33;404;11;95;2
33;201;11;95;4
33;488;11;95;7
33;85;11;95;3
33;372;11;95;3
33;88;11;95;7
33;310;11;40;149
33;373;11;40;122
33;471;11;40;69
33;80;11;95;2
33;427;11;95;7
33;263;11;95;3
33;235;11;95;6
33;363;11;95;2
33;356;11;95;1
33;25;11;95;3
33;87;11;95;2
33;349;11;95;3
33;443;11;95;3
33;453;11;95;4
33;368;11;95;2
33;448;11;95;1
33;65;11;95;2
33;332;11;95;4
33;302;11;95;2
33;492;11;95;1
33;320;11;40;148
33;490;11;40;110
33;50;11;40;151
33;349;11;40;105
33;443;11;40;178
33;453;11;40;180
33;368;11;40;110
33;448;11;40;36
33;65;11;40;124
33;3;11;40;101
33;427;11;40;157
33;263;11;40;144
33;332;11;40;100
33;302;11;40;151
33;84;11;40;101
33;34;11;40;140
33;1;11;40;99
33;23;11;40;146
33;356;11;96;9
33;25;11;96;10
33;87;11;96;6
33;439;11;96;6
33;42;11;96;5
33;472;11;96;19
33;404;11;96;6
33;201;11;96;3
33;357;11;96;11
33;315;11;95;3
33;239;11;96;13
33;7;11;96;3
33;80;11;96;7
33;474;11;96;3
33;385;11;96;12
33;102;11;95;4
33;373;11;95;1
33;90;11;96;4
33;70;11;96;17
33;275;11;96;12
33;324;11;96;8
33;15;11;96;9
33;93;11;40;119
33;100;11;40;116
33;51;11;40;165
33;61;11;40;77
33;257;11;40;93
33;317;11;40;135
33;287;11;40;124
33;376;11;40;135
33;222;11;40;143
33;310;11;96;11
