zona;secao;cargo;numero;votos
29;131;13;22111;1
29;103;13;22123;3
29;32;13;70456;1
29;8;13;25555;1
29;184;13;35555;11
29;141;13;55888;13
29;6;13;35555;4
29;122;13;12999;84
29;164;13;40000;10
29;50;13;70456;1
29;168;13;25123;3
29;198;13;35444;1
29;8;13;70123;7
29;8;13;12333;2
29;24;13;22123;5
29;147;13;70123;6
29;109;13;70123;8
29;53;13;33123;1
29;45;13;22190;3
29;112;13;55444;4
29;106;13;55222;1
29;160;13;22190;12
29;122;13;35555;3
29;73;13;40000;6
29;98;13;35555;6
29;122;13;40000;12
29;171;13;70123;6
29;23;13;35555;2
29;264;13;40456;6
29;99;13;35444;1
29;109;13;55444;1
29;39;13;70123;1
29;123;13;12999;10
29;160;13;22123;3
29;20;13;40456;5
29;138;13;70123;1
29;202;13;40456;6
29;183;13;35555;7
29;264;13;12000;9
29;125;13;70888;1
29;110;13;12333;1
29;13;13;22111;1
29;155;13;40000;16
29;61;13;22190;3
29;200;13;40000;6
29;38;13;25555;4
29;276;13;35666;1
29;192;13;35789;3
29;70;13;40456;10
29;105;13;12999;12
29;141;13;12345;12
29;69;13;70123;4
29;109;13;12345;8
29;264;13;13000;4
29;58;13;35678;4
29;12;13;12345;15
29;29;13;33444;2
29;64;13;70100;4
29;38;13;35423;1
29;9;13;25;1
29;39;13;43789;12
29;41;13;22123;3
29;185;13;22123;4
29;275;13;70123;4
29;192;13;22220;2
29;21;13;22333;2
29;180;13;12333;1
29;15;13;70678;10
29;269;13;55444;8
29;156;13;22220;1
29;170;13;22333;12
29;265;13;22446;1
29;150;13;22220;1
29;149;13;70999;1
29;46;13;70123;10
29;149;13;95;4
29;148;13;55888;1
29;9;13;55888;6
29;193;13;35555;4
29;172;13;70888;1
29;69;13;40456;12
29;39;13;40456;6
29;135;13;70349;2
29;134;13;70123;7
29;276;13;35555;2
29;41;13;12999;3
29;4;13;55888;12
29;129;13;12000;1
29;64;13;70888;1
29;6;13;55;1
29;69;13;40;1
29;179;13;40123;3
29;184;13;43789;26
29;63;13;96;6
29;155;13;43789;5
29;146;13;95;4
29;163;13;40123;5
29;203;13;40123;7
29;67;13;13456;4
29;125;13;35100;3
29;4;13;65656;3
29;73;13;70000;1
29;111;13;12000;1
29;159;13;70000;5
29;7;13;43;1
29;59;13;12;2
29;58;13;25;1
29;117;13;12;6
29;107;13;22345;1
29;96;13;50150;1
29;177;13;96;6
29;46;13;12345;13
29;115;13;35;2
29;117;13;33;1
29;192;13;35423;4
29;276;13;12325;7
29;7;13;25222;2
29;11;13;43789;2
29;98;13;43789;4
29;142;13;55222;7
29;42;13;25000;1
29;174;13;22789;1
29;55;13;70000;2
29;41;13;43789;4
29;38;13;55678;1
29;138;13;35678;1
29;183;13;12000;3
29;106;13;70777;3
29;103;13;33456;2
29;47;13;40333;1
29;64;13;35789;4
29;31;13;22222;5
29;116;13;50;1
29;164;13;25;3
29;173;13;96;7
29;41;13;96;4
29;3;13;22;1
29;4;13;70100;3
29;190;13;35000;2
29;119;13;12000;2
29;192;13;12000;6
29;276;13;22222;7
29;50;13;22222;2
29;276;13;33555;3
29;29;13;70678;13
29;45;13;43789;8
29;28;13;70333;1
29;112;13;22345;2
29;154;13;70100;5
29;155;13;33444;1
29;12;13;22345;1
29;184;13;22222;7
29;142;13;22223;2
29;111;13;70666;4
29;202;13;22345;4
29;193;13;33555;1
29;168;13;33444;1
29;117;13;35678;1
29;154;13;50123;4
29;100;13;25555;7
29;178;13;70333;1
29;112;13;95;3
29;185;13;22222;2
29;130;13;65123;2
29;104;13;55000;23
29;39;13;35789;1
29;181;13;35777;1
29;18;13;50123;5
29;180;13;96;6
29;180;13;43789;4
29;33;13;95;5
29;34;13;50123;2
29;179;13;12000;2
29;41;13;22222;5
29;173;13;12345;12
29;16;13;35777;2
29;180;13;25444;6
29;12;13;35777;1
29;115;13;25000;17
29;14;13;70678;12
29;46;13;35100;1
29;163;13;70100;2
29;2;13;12345;25
29;156;13;25;2
29;46;13;22333;5
29;9;13;12444;3
29;170;13;50150;1
29;109;13;95;2
29;204;13;40333;1
29;155;13;65123;3
29;35;13;25456;1
29;41;13;35678;1
29;108;13;25444;48
29;37;13;13456;10
29;154;13;35789;5
29;3;13;35666;1
29;125;13;12444;2
29;8;13;33123;13
29;104;13;12345;3
29;275;13;12345;4
29;117;13;35666;1
29;108;13;22222;4
29;202;13;12000;3
29;164;13;12423;6
29;125;13;22222;13
29;65;13;65123;3
29;3;13;12345;24
29;6;13;33555;1
29;44;13;22345;2
29;148;13;33123;1
29;72;13;12345;1
29;191;13;12345;14
29;146;13;70000;1
29;202;13;33444;1
29;186;13;12325;1
29;23;13;12423;1
29;68;13;70000;12
29;73;13;55333;1
29;36;13;55222;2
29;198;13;25888;1
29;175;13;70111;1
29;51;13;50123;4
29;149;13;40222;3
29;2;13;12000;3
29;41;13;12345;7
29;141;13;12423;4
29;123;13;35100;1
29;39;13;12345;8
29;18;13;70000;36
29;178;13;35789;20
29;44;13;70678;2
29;2;13;25888;1
29;115;13;55000;1
29;34;13;65123;2
29;119;13;70100;2
29;264;13;95;5
29;157;13;25555;19
29;42;13;33444;3
29;176;13;12111;1
29;22;13;12345;2
29;21;13;35666;1
29;96;13;22345;5
29;178;13;22222;12
29;163;13;55000;8
29;157;13;12111;1
29;96;13;55555;2
29;181;13;43789;1
29;172;13;35678;1
29;28;13;70100;1
29;192;13;43789;1
29;147;13;96;6
29;4;13;35666;1
29;28;13;96;9
29;72;13;40123;1
29;159;13;33456;1
29;40;13;55123;1
29;268;13;35000;6
29;50;13;12111;2
29;104;13;70333;1
29;176;13;70333;1
29;99;13;40555;4
29;72;13;22111;1
29;35;13;35999;1
29;41;13;70000;1
29;186;13;55222;2
29;203;13;55000;4
29;175;13;12325;6
29;67;13;55123;12
29;146;13;70678;14
29;20;13;33456;1
29;113;13;70100;4
29;138;13;25456;22
29;4;13;43;1
29;36;13;25;1
29;105;13;12325;11
29;108;13;12345;3
29;38;13;35333;1
29;154;13;96;3
29;199;13;12423;3
29;200;13;33444;1
29;170;13;25;1
29;170;13;55;1
29;10;13;13456;6
29;29;13;43789;7
29;157;13;43789;4
29;1;13;12423;3
29;180;13;35777;1
29;120;13;35333;18
29;141;13;35333;2
29;198;13;55000;4
29;65;13;13000;9
29;122;13;96;4
29;204;13;12423;2
29;268;13;55000;2
29;20;13;22446;1
29;66;13;22446;3
29;121;13;35789;2
29;100;13;43789;3
29;192;13;35555;8
29;38;13;22123;3
29;131;13;35423;3
29;55;13;22192;1
29;173;13;70678;8
29;36;13;22222;3
29;183;13;35100;1
29;159;13;40333;3
29;182;13;22333;1
29;203;13;70678;11
29;129;13;96;2
29;28;13;12;1
29;276;13;12999;4
29;107;13;35;1
29;203;13;70666;1
29;2;13;33555;1
29;11;13;22220;1
29;14;13;12423;5
29;46;13;40123;8
29;63;13;70999;1
29;203;13;40222;3
29;107;13;25;2
29;147;13;50123;1
29;164;13;33555;2
29;51;13;55000;4
29;13;13;55222;1
29;97;13;33555;1
29;277;13;96;3
29;36;13;40456;4
29;45;13;55000;3
29;36;13;40000;9
29;164;13;33444;3
29;111;13;12111;1
29;96;13;33555;1
29;282;13;40000;2
29;98;13;22190;9
29;273;13;40123;5
29;33;13;70123;1
29;159;13;50150;2
29;193;13;96;8
29;198;13;22222;5
29;70;13;96;9
29;35;13;70000;1
29;66;13;43789;5
29;109;13;22789;1
29;184;13;35678;1
29;18;13;35789;2
29;43;13;35123;1
29;148;13;43789;1
29;40;13;96;1
29;116;13;35333;4
29;70;13;40123;2
29;6;13;25000;2
29;64;13;13000;6
29;55;13;55777;2
29;105;13;12345;4
29;116;13;12345;12
29;140;13;13000;11
29;199;13;13456;4
29;44;13;25000;2
29;41;13;55555;2
29;203;13;22345;1
29;166;13;65123;7
29;185;13;22190;4
29;265;13;55444;2
29;186;13;55444;2
29;21;13;22190;3
29;5;13;55444;3
29;200;13;22190;8
29;65;13;40123;3
29;142;13;25123;1
29;156;13;12525;8
29;34;13;40000;5
29;168;13;40123;3
29;66;13;22190;13
29;21;13;22111;1
29;63;13;70678;11
29;174;13;12999;5
29;164;13;22123;4
29;68;13;40000;1
29;32;13;55555;4
29;152;13;25444;4
29;154;13;35678;2
29;15;13;13123;6
29;54;13;33444;2
29;264;13;65656;1
29;175;13;40222;1
29;2;13;43789;8
29;5;13;40000;8
29;22;13;40000;4
29;190;13;55444;1
29;14;13;55444;5
29;179;13;12111;1
29;32;13;55444;1
29;65;13;25678;1
29;34;13;40456;16
29;191;13;40456;6
29;198;13;40456;6
29;8;13;33444;2
29;139;13;22123;3
29;140;13;12325;16
29;96;13;25133;1
29;113;13;70123;3
29;264;13;22123;2
29;59;13;12333;6
29;17;13;70123;8
29;115;13;96;4
29;47;13;70123;69
29;51;13;70123;3
29;131;13;40000;7
29;106;13;40456;10
29;4;13;40000;9
29;150;13;43789;16
29;166;13;40123;5
29;25;13;40456;3
29;168;13;35444;4
29;11;13;40123;4
29;24;13;55555;1
29;9;13;55555;3
29;190;13;55555;2
29;61;13;70100;6
29;264;13;70100;4
29;169;13;70100;5
29;7;13;70111;2
29;98;13;70100;12
29;204;13;12325;4
29;168;13;22000;1
29;109;13;12111;1
29;61;13;13123;5
29;112;13;25444;1
29;43;13;40456;3
29;129;13;25;3
29;140;13;22333;3
29;269;13;12620;2
29;268;13;70333;4
29;276;13;35000;8
29;155;13;13123;8
29;20;13;55000;4
29;166;13;12325;7
29;14;13;25;6
29;5;13;25;1
29;148;13;55;1
29;24;13;25;8
29;160;13;55;3
29;38;13;55000;7
29;146;13;13123;9
29;53;13;35000;1
29;110;13;33123;5
29;63;13;13123;4
29;166;13;12525;1
29;140;13;70000;4
29;11;13;70678;12
29;194;13;70678;6
29;63;13;12444;4
29;176;13;12325;4
29;169;13;35;1
29;203;13;50123;5
29;51;13;13123;5
29;265;13;55000;4
29;165;13;40222;2
29;47;13;22345;2
29;119;13;25222;1
29;178;13;65123;1
29;96;13;12325;4
29;106;13;25;1
29;116;13;25;3
29;168;13;35100;2
29;178;13;40222;1
29;4;13;13123;2
29;26;13;12111;1
29;119;13;22192;1
29;182;13;65123;1
29;38;13;70100;2
29;30;13;12423;9
29;176;13;33123;2
29;58;13;22192;1
29;2;13;25456;1
29;2;13;35000;2
29;204;13;55222;7
29;282;13;70999;1
29;36;13;25456;3
29;139;13;12444;2
29;40;13;22192;1
29;100;13;25222;1
29;203;13;55;1
29;26;13;35;1
29;39;13;55000;5
29;184;13;25333;1
29;180;13;33456;2
29;9;13;55222;1
29;139;13;25456;2
29;138;13;22333;1
29;158;13;35100;1
29;159;13;35000;1
29;166;13;12423;5
29;35;13;55222;5
29;29;13;55222;3
29;3;13;55222;1
29;163;13;33123;4
29;51;13;22333;3
29;16;13;22223;1
29;142;13;22423;1
29;6;13;25222;1
29;2;13;13123;1
29;282;13;22333;3
29;59;13;22333;7
29;17;13;22333;2
29;130;13;25444;5
29;116;13;22222;12
29;269;13;33123;3
29;38;13;35777;1
29;17;13;33555;1
29;149;13;70100;9
29;44;13;70222;1
29;147;13;12325;28
29;172;13;70678;9
29;102;13;70678;1
29;123;13;70111;1
29;192;13;70100;6
29;190;13;65123;2
29;54;13;25444;1
29;25;13;33456;4
29;8;13;70999;2
29;190;13;13456;6
29;107;13;35333;1
29;176;13;55555;4
29;171;13;33123;1
29;2;13;12423;10
29;64;13;55;1
29;9;13;55000;3
29;160;13;65656;2
29;97;13;25444;2
29;104;13;35333;1
29;13;13;12423;7
29;64;13;70678;12
29;65;13;12444;3
29;14;13;95;4
29;55;13;35;1
29;156;13;22333;2
29;264;13;50123;10
29;16;13;13456;1
29;135;13;55123;1
29;111;13;25;2
29;24;13;35000;2
29;107;13;12444;2
29;30;13;13456;6
29;64;13;33;1
29;15;13;33444;1
29;9;13;22222;2
29;58;13;22223;2
29;19;13;55;3
29;42;13;40;1
29;148;13;96;2
29;35;13;70111;1
29;29;13;70111;3
29;26;13;65123;1
29;73;13;55123;2
29;168;13;65656;1
29;55;13;25;2
29;6;13;55222;2
29;69;13;70999;1
29;182;13;40456;26
29;103;13;40456;2
29;111;13;70678;4
29;7;13;70678;10
29;19;13;70;1
29;125;13;70100;4
29;97;13;12444;3
29;149;13;40000;4
29;33;13;12999;1
29;45;13;22111;2
29;49;13;40456;8
29;107;13;12999;3
29;107;13;12333;1
29;150;13;55888;2
29;204;13;40000;8
29;203;13;25321;1
29;141;13;55444;5
29;138;13;35222;1
29;108;13;40123;1
29;135;13;35444;1
29;190;13;40000;16
29;203;13;40456;4
29;120;13;22190;3
29;49;13;22190;4
29;103;13;22190;2
29;10;13;25321;1
29;31;13;70678;4
29;16;13;12333;5
29;39;13;22123;1
29;7;13;70888;1
29;8;13;12423;5
29;108;13;40000;10
29;122;13;55888;7
29;169;13;12333;3
29;61;13;70000;2
29;32;13;70123;5
29;63;13;40000;4
29;50;13;40000;17
29;156;13;35333;1
29;20;13;70100;4
29;121;13;70555;1
29;68;13;70666;2
29;117;13;22123;15
29;31;13;22123;2
29;150;13;35333;11
29;111;13;35444;1
29;158;13;70123;17
29;46;13;70555;1
29;268;13;12999;11
29;21;13;22123;1
29;139;13;35789;4
29;59;13;22223;4
29;7;13;22223;1
29;39;13;55;1
29;5;13;12000;6
29;58;13;12000;1
29;1;13;70111;2
29;20;13;22123;3
29;134;13;25000;4
29;192;13;70000;5
29;150;13;25000;2
29;277;13;70123;6
29;59;13;95;9
29;203;13;22123;3
29;111;13;40555;2
29;154;13;22446;1
29;130;13;55888;2
29;13;13;25123;1
29;16;13;40222;1
29;24;13;12325;3
29;170;13;35100;1
29;29;13;70123;9
29;171;13;65123;1
29;51;13;12999;4
29;30;13;40456;7
29;5;13;22190;8
29;45;13;25123;1
29;6;13;12444;4
29;120;13;12999;6
29;59;13;55444;4
29;49;13;70123;9
29;172;13;35423;1
29;72;13;22123;1
29;183;13;55888;2
29;186;13;35999;1
29;122;13;40456;9
29;15;13;40456;5
29;275;13;40123;6
29;125;13;70123;13
29;33;13;40123;2
29;63;13;12333;2
29;17;13;55444;7
29;202;13;70456;1
29;6;13;22123;3
29;110;13;25678;1
29;3;13;55888;7
29;186;13;12333;1
29;100;13;35555;3
29;152;13;22111;9
29;43;13;70123;10
29;182;13;40;2
29;50;13;43789;2
29;112;13;70123;3
29;159;13;25678;2
29;45;13;22123;2
29;97;13;12333;1
29;198;13;70000;3
29;52;13;25444;2
29;48;13;35333;1
29;25;13;33;2
29;157;13;50;1
29;49;13;13;1
29;182;13;70;1
29;170;13;55444;8
29;138;13;43789;10
29;103;13;43789;12
29;159;13;95;3
29;140;13;35678;4
29;73;13;35678;24
29;116;13;55000;60
29;264;13;35003;2
29;41;13;12325;1
29;44;13;35423;1
29;186;13;70000;1
29;100;13;55333;1
29;32;13;43789;1
29;25;13;25;2
29;63;13;12;1
29;115;13;55;1
29;43;13;43789;1
29;98;13;70678;4
29;59;13;12444;10
29;194;13;70100;2
29;130;13;35666;1
29;63;13;33555;1
29;122;13;22222;9
29;131;13;12325;1
29;202;13;35789;11
29;111;13;35423;1
29;72;13;55777;3
29;135;13;50123;3
29;165;13;12325;5
29;111;13;12325;9
29;175;13;70333;8
29;32;13;70000;2
29;181;13;22789;1
29;175;13;50123;2
29;33;13;35789;1
29;192;13;33444;1
29;9;13;70666;2
29;178;13;13000;7
29;54;13;25555;108
29;61;13;35123;1
29;98;13;35789;3
29;121;13;40222;1
29;47;13;12345;22
29;69;13;22222;1
29;21;13;70222;1
29;46;13;12000;2
29;125;13;12345;20
29;181;13;22345;3
29;117;13;22223;1
29;17;13;13123;5
29;6;13;12345;20
29;168;13;40555;1
29;281;13;55555;1
29;277;13;22222;1
29;159;13;33555;5
29;204;13;95;8
29;64;13;95;2
29;135;13;35423;1
29;139;13;70333;2
29;12;13;96;8
29;131;13;12000;6
29;157;13;25321;1
29;61;13;65123;1
29;264;13;65123;2
29;109;13;55555;2
29;202;13;22333;1
29;170;13;13123;5
29;142;13;12423;5
29;135;13;70222;4
29;7;13;25555;2
29;199;13;70222;1
29;96;13;40222;2
29;65;13;55123;2
29;44;13;35666;1
29;44;13;55;1
29;21;13;33;1
29;44;13;25555;34
29;192;13;12423;2
29;110;13;70100;1
29;69;13;96;8
29;3;13;43789;7
29;100;13;25321;1
29;31;13;25456;2
29;130;13;70666;3
29;26;13;22345;1
29;34;13;12000;3
29;120;13;33555;1
29;168;13;13000;5
29;3;13;13000;5
29;117;13;25321;1
29;42;13;12423;8
29;168;13;25555;1
29;152;13;12345;3
29;125;13;70678;8
29;192;13;33456;2
29;268;13;13456;2
29;150;13;25321;1
29;131;13;12423;6
29;199;13;33999;1
29;1;13;22345;1
29;150;13;35678;3
29;110;13;22222;5
29;110;13;25444;1
29;3;13;35333;2
29;180;13;25;8
29;108;13;43789;6
29;184;13;70678;8
29;58;13;33555;1
29;265;13;96;1
29;26;13;43789;21
29;69;13;40000;14
29;191;13;40123;9
29;265;13;70000;1
29;157;13;70333;1
29;146;13;55000;1
29;131;13;22333;14
29;169;13;40333;1
29;15;13;55000;5
29;12;13;40333;1
29;108;13;96;6
29;4;13;70111;2
29;187;13;12325;2
29;269;13;70100;6
29;52;13;13123;5
29;183;13;40222;4
29;48;13;95;2
29;96;13;22190;8
29;6;13;40000;11
29;152;13;70678;2
29;265;13;25;2
29;4;13;33;1
29;43;13;35666;9
29;125;13;55123;1
29;111;13;22446;4
29;122;13;70100;2
29;129;13;95;3
29;277;13;55678;1
29;18;13;35000;3
29;28;13;70678;8
29;2;13;12111;2
29;155;13;13000;3
29;63;13;13000;4
29;37;13;95;4
29;16;13;25444;2
29;180;13;55000;3
29;174;13;55555;10
29;154;13;55000;10
29;115;13;12325;5
29;191;13;12325;5
29;135;13;43789;3
29;176;13;13123;1
29;157;13;55123;3
29;11;13;55333;1
29;122;13;25456;14
29;19;13;55555;3
29;17;13;12325;8
29;113;13;25;1
29;109;13;70678;21
29;112;13;55000;2
29;192;13;95;4
29;275;13;43789;3
29;140;13;25321;3
29;14;13;55000;10
29;9;13;22333;11
29;66;13;70333;3
29;58;13;35777;1
29;158;13;43789;4
29;119;13;96;11
29;36;13;70000;1
29;107;13;25000;5
29;198;13;25555;3
29;37;13;35678;1
29;178;13;25456;2
29;139;13;40456;3
29;4;13;22223;3
29;194;13;25;4
29;194;13;35;1
29;198;13;25333;1
29;115;13;35423;3
29;10;13;25;2
29;73;13;33;2
29;264;13;22222;5
29;64;13;22345;1
29;178;13;70123;7
29;102;13;12325;3
29;43;13;55000;25
29;125;13;22111;1
29;199;13;22111;9
29;202;13;95;8
29;7;13;13456;6
29;51;13;70100;1
29;104;13;70000;3
29;55;13;70222;1
29;184;13;50123;2
29;43;13;35777;1
29;168;13;70456;3
29;117;13;22190;4
29;163;13;25555;7
29;140;13;22223;1
29;102;13;22223;1
29;16;13;25555;2
29;58;13;43789;2
29;50;13;35678;1
29;12;13;12000;2
29;71;13;33444;1
29;52;13;70777;1
29;185;13;22345;2
29;179;13;22222;4
29;131;13;95;7
29;66;13;25123;1
29;99;13;40000;3
29;192;13;22222;4
29;119;13;70678;4
29;109;13;25444;1
29;1;13;22123;3
29;181;13;40456;6
29;139;13;55555;1
29;20;13;25456;1
29;54;13;12000;1
29;42;13;13000;1
29;44;13;43789;9
29;158;13;55888;3
29;146;13;13456;15
29;277;13;70456;1
29;51;13;40000;1
29;159;13;40000;15
29;11;13;40000;5
29;103;13;40123;4
29;155;13;22111;1
29;135;13;70123;20
29;116;13;40456;4
29;174;13;40456;11
29;149;13;22123;2
29;48;13;70123;10
29;5;13;25678;1
29;184;13;40000;7
29;172;13;12999;7
29;200;13;35555;5
29;7;13;12333;1
29;61;13;55888;3
29;72;13;43789;4
29;158;13;12999;10
29;142;13;35555;6
29;36;13;55555;4
29;204;13;70666;1
29;148;13;35789;1
29;165;13;70100;3
29;194;13;22190;3
29;182;13;55444;2
29;106;13;55888;2
29;28;13;12999;3
29;24;13;55;2
29;30;13;33123;4
29;14;13;12620;1
29;63;13;55123;1
29;38;13;12100;1
29;192;13;55123;2
29;110;13;12423;3
29;182;13;12325;6
29;107;13;70456;2
29;169;13;40123;5
29;168;13;12444;2
29;1;13;33444;3
29;156;13;55888;1
29;109;13;12999;3
29;13;13;35555;4
29;172;13;33123;4
29;42;13;25321;1
29;11;13;55444;2
29;9;13;25321;1
29;18;13;13123;2
29;191;13;25456;1
29;37;13;55333;1
29;8;13;35777;1
29;123;13;13123;7
29;140;13;12423;4
29;20;13;70678;9
29;166;13;22223;2
29;199;13;40;1
29;107;13;13000;6
29;198;13;40333;1
29;44;13;22220;1
29;121;13;12325;9
29;199;13;12;4
29;199;13;40222;3
29;9;13;13123;7
29;121;13;55000;3
29;171;13;25;2
29;159;13;33123;8
29;168;13;22333;6
29;159;13;55123;1
29;99;13;33123;2
29;66;13;33123;3
29;40;13;33123;3
29;52;13;33123;2
29;30;13;35789;4
29;269;13;12444;1
29;44;13;70100;2
29;134;13;22345;3
29;168;13;70333;9
29;155;13;70111;2
29;109;13;35333;3
29;123;13;33456;1
29;16;13;55000;8
29;39;13;65123;3
29;268;13;25000;2
29;31;13;12;2
29;173;13;35;1
29;106;13;12325;3
29;26;13;55;2
29;158;13;65123;1
29;5;13;55555;5
29;158;13;70999;1
29;116;13;35000;5
29;166;13;25321;2
29;149;13;12423;1
29;6;13;33456;1
29;12;13;22192;1
29;147;13;33123;6
29;20;13;55555;3
29;21;13;33123;1
29;30;13;35000;1
29;111;13;35789;6
29;59;13;50123;5
29;134;13;35777;1
29;164;13;35000;1
29;204;13;70111;2
29;61;13;33555;1
29;133;13;25000;1
29;199;13;50123;4
29;105;13;25000;1
29;54;13;12325;1
29;281;13;35333;1
29;25;13;70111;1
29;40;13;25333;1
29;25;13;55000;6
29;116;13;12325;5
29;158;13;22345;1
29;115;13;13456;26
29;276;13;22345;1
29;185;13;12423;3
29;66;13;70100;3
29;6;13;35123;1
29;43;13;70;1
29;163;13;70678;4
29;268;13;22423;1
29;174;13;22222;9
29;265;13;40123;1
29;23;13;25444;6
29;169;13;50123;10
29;193;13;50123;1
29;194;13;13123;4
29;164;13;13123;12
29;71;13;13123;13
29;50;13;12423;1
29;42;13;12444;2
29;173;13;55000;3
29;172;13;70;1
29;268;13;55222;2
29;160;13;33123;9
29;36;13;70678;10
29;198;13;13456;22
29;11;13;70222;1
29;173;13;33444;3
29;6;13;13456;5
29;69;13;13456;1
29;22;13;13;1
29;121;13;33123;5
29;59;13;35333;3
29;10;13;70222;1
29;264;13;13456;10
29;65;13;12325;6
29;200;13;35777;1
29;105;13;25321;1
29;17;13;35777;1
29;32;13;40;1
29;149;13;35;1
29;59;13;55000;11
29;6;13;65656;2
29;37;13;40222;3
29;149;13;12525;1
29;125;13;55444;7
29;5;13;70123;10
29;98;13;40222;1
29;134;13;25456;3
29;6;13;12999;7
29;69;13;55555;3
29;180;13;95;9
29;200;13;50123;2
29;33;13;12423;2
29;116;13;12444;1
29;169;13;35333;4
29;15;13;70100;3
29;183;13;70100;4
29;173;13;70456;1
29;190;13;12999;2
29;51;13;40123;1
29;176;13;22190;6
29;59;13;40000;5
29;47;13;22190;7
29;174;13;55444;3
29;186;13;40456;4
29;120;13;35555;4
29;204;13;35555;7
29;73;13;22190;1
29;107;13;22190;5
29;194;13;55333;1
29;111;13;55444;2
29;157;13;22190;4
29;277;13;40123;2
29;109;13;22190;9
29;119;13;55444;2
29;42;13;22190;7
29;40;13;12333;2
29;98;13;12999;4
29;163;13;40456;16
29;3;13;40456;9
29;110;13;22111;2
29;15;13;35555;4
29;123;13;22123;2
29;200;13;70123;8
29;169;13;55888;9
29;131;13;25456;2
29;70;13;40222;1
29;72;13;40222;1
29;119;13;40123;2
29;276;13;55444;7
29;104;13;12999;2
29;10;13;35333;2
29;204;13;35333;1
29;112;13;35333;25
29;121;13;55555;1
29;26;13;55444;4
29;187;13;22123;1
29;198;13;70100;3
29;24;13;40123;1
29;190;13;70123;9
29;25;13;70000;7
29;165;13;22190;5
29;20;13;12;2
29;268;13;55;2
29;63;13;12345;12
29;135;13;70666;1
29;283;13;25555;13
29;175;13;55555;1
29;122;13;70456;1
29;50;13;22123;2
29;20;13;33444;4
29;177;13;35678;4
29;141;13;35423;3
29;65;13;22345;1
29;52;13;40;2
29;104;13;40;1
29;35;13;55;1
29;277;13;12000;2
29;58;13;25555;7
29;65;13;50123;4
29;48;13;12345;2
29;135;13;25555;1
29;9;13;12;1
29;8;13;22;1
29;34;13;35678;11
29;155;13;35423;4
29;37;13;35423;2
29;275;13;22190;2
29;8;13;55444;5
29;173;13;65656;2
29;277;13;12444;2
29;172;13;55000;5
29;4;13;70123;5
29;133;13;22190;6
29;150;13;70123;39
29;273;13;12423;7
29;110;13;40222;1
29;26;13;35678;2
29;138;13;55888;1
29;61;13;70123;9
29;29;13;35555;8
29;200;13;40123;3
29;25;13;70678;10
29;103;13;25678;1
29;183;13;12444;2
29;18;13;40222;1
29;268;13;55888;3
29;277;13;40456;5
29;104;13;55888;3
29;71;13;12333;12
29;119;13;35555;9
29;65;13;70888;1
29;13;13;55444;2
29;39;13;40123;6
29;53;13;40456;17
29;107;13;35222;1
29;149;13;40123;2
29;45;13;25678;3
29;102;13;40123;1
29;182;13;35;2
29;184;13;35;1
29;202;13;96;8
29;156;13;43789;9
29;64;13;43789;3
29;194;13;70123;5
29;112;13;40456;20
29;36;13;22333;1
29;63;13;25;3
29;59;13;55;2
29;276;13;65;1
29;182;13;55;1
29;181;13;40123;3
29;50;13;96;9
29;175;13;43789;27
29;158;13;96;4
29;166;13;95;10
29;130;13;35333;3
29;122;13;12111;4
29;64;13;65123;2
29;125;13;22333;4
29;142;13;22333;4
29;176;13;35423;3
29;150;13;12345;5
29;16;13;35;1
29;17;13;22;2
29;52;13;43789;17
29;35;13;70678;11
29;131;13;55;2
29;99;13;12;1
29;191;13;13000;4
29;138;13;55555;5
29;100;13;70555;1
29;130;13;12000;4
29;112;13;25000;2
29;277;13;13000;1
29;31;13;33555;1
29;134;13;12000;4
29;2;13;12325;7
29;164;13;55000;4
29;157;13;22222;1
29;103;13;35423;10
29;175;13;35666;1
29;98;13;96;9
29;70;13;25444;7
29;32;13;35666;39
29;269;13;35123;1
29;71;13;12000;4
29;148;13;35123;4
29;35;13;55000;1
29;39;13;25000;2
29;16;13;50123;4
29;19;13;22000;2
29;130;13;12325;14
29;181;13;12000;5
29;69;13;25444;12
29;45;13;96;6
29;283;13;96;2
29;163;13;13456;2
29;17;13;13000;3
29;199;13;22223;1
29;111;13;55555;1
29;170;13;12000;6
29;186;13;35333;4
29;166;13;70777;1
29;113;13;13456;5
29;59;13;35000;1
29;58;13;35000;2
29;64;13;12444;4
29;170;13;12325;4
29;17;13;55555;3
29;139;13;25;2
29;157;13;25444;12
29;42;13;65123;2
29;169;13;70666;1
29;116;13;55222;2
29;13;13;22789;1
29;199;13;25456;1
29;66;13;13456;1
29;96;13;70100;4
29;73;13;95;6
29;125;13;95;3
29;181;13;35423;2
29;52;13;25456;2
29;164;13;33456;1
29;49;13;55333;1
29;183;13;43789;2
29;123;13;35777;3
29;146;13;40222;1
29;199;13;22333;10
29;29;13;25000;4
29;96;13;35777;1
29;17;13;12111;1
29;131;13;55555;7
29;64;13;70333;2
29;13;13;12100;2
29;7;13;33444;1
29;184;13;12000;4
29;164;13;55222;2
29;58;13;55000;12
29;125;13;50123;14
29;102;13;33;1
29;21;13;40;1
29;37;13;70;1
29;36;13;95;1
29;13;13;25000;1
29;19;13;50123;2
29;30;13;40222;1
29;182;13;33123;3
29;54;13;96;3
29;170;13;35423;2
29;29;13;35678;2
29;185;13;22333;2
29;203;13;35100;3
29;116;13;33456;1
29;3;13;70111;4
29;1;13;96;8
29;194;13;22345;1
29;180;13;55222;6
29;135;13;22222;5
29;50;13;65123;1
29;30;13;35777;2
29;39;13;35333;3
29;5;13;22222;3
29;35;13;25000;2
29;168;13;33456;1
29;183;13;22222;6
29;37;13;22223;1
29;6;13;35789;4
29;44;13;55555;2
29;38;13;25321;1
29;190;13;33123;4
29;47;13;70000;4
29;117;13;12345;1
29;149;13;22223;1
29;200;13;22333;10
29;175;13;22423;2
29;71;13;70100;1
29;173;13;40123;3
29;37;13;55222;4
29;43;13;22222;3
29;43;13;25888;1
29;50;13;65656;1
29;30;13;96;7
29;2;13;13456;9
29;160;13;35666;1
29;199;13;33444;1
29;12;13;70000;3
29;12;13;12100;1
29;134;13;22222;5
29;10;13;22222;4
29;6;13;70100;7
29;200;13;22345;1
29;176;13;25;1
29;48;13;70000;3
29;29;13;12111;2
29;186;13;55000;6
29;55;13;55000;5
29;154;13;70333;4
29;19;13;55222;2
29;120;13;70678;5
29;169;13;25456;1
29;130;13;70000;36
29;173;13;95;6
29;38;13;22111;1
29;181;13;96;6
29;185;13;55000;9
29;269;13;13000;2
29;9;13;35789;3
29;48;13;22333;1
29;49;13;55000;2
29;16;13;12325;7
29;22;13;35333;1
29;113;13;25555;3
29;141;13;40123;8
29;269;13;22333;13
29;18;13;70678;11
29;55;13;70999;1
29;20;13;22000;3
29;15;13;65123;2
29;17;13;25333;1
29;29;13;95;1
29;276;13;13123;1
29;121;13;25321;1
29;4;13;22220;1
29;13;13;12000;3
29;33;13;12325;5
29;30;13;65123;2
29;180;13;33555;1
29;1;13;12000;1
29;142;13;55555;2
29;65;13;35333;4
29;190;13;35423;2
29;122;13;95;3
29;130;13;55555;3
29;276;13;12333;1
29;134;13;65123;4
29;20;13;33123;1
29;58;13;13000;2
29;45;13;70;1
29;204;13;70678;2
29;134;13;35423;3
29;140;13;43789;8
29;112;13;12423;3
29;282;13;33456;1
29;52;13;35999;1
29;180;13;65123;3
29;190;13;22333;3
29;5;13;35789;4
29;121;13;22190;7
29;59;13;25444;4
29;21;13;22345;17
29;174;13;35789;5
29;63;13;22333;5
29;51;13;25321;1
29;42;13;33123;11
29;193;13;70100;2
29;191;13;22333;9
29;99;13;65123;1
29;37;13;40456;2
29;33;13;25;5
29;69;13;25456;5
29;158;13;70456;5
29;29;13;25123;1
29;61;13;22222;7
29;193;13;40456;10
29;122;13;70678;3
29;2;13;33999;1
29;50;13;50123;1
29;44;13;35555;5
29;113;13;40000;3
29;42;13;33456;1
29;45;13;95;5
29;29;13;12100;1
29;30;13;40123;3
29;39;13;25555;8
29;194;13;70333;1
29;67;13;95;1
29;139;13;35333;2
29;73;13;25;2
29;96;13;13456;2
29;178;13;35423;2
29;37;13;12345;7
29;139;13;70777;1
29;105;13;55678;19
29;73;13;22222;1
29;47;13;35333;8
29;15;13;70000;5
29;65;13;96;6
29;131;13;50123;5
29;186;13;22190;3
29;282;13;22220;1
29;192;13;22190;13
29;142;13;40123;2
29;125;13;12007;1
29;163;13;50123;1
29;40;13;22190;4
29;156;13;55444;1
29;50;13;70349;5
29;98;13;40000;6
29;283;13;55123;4
29;1;13;65656;1
29;61;13;25123;1
29;139;13;22345;1
29;164;13;25444;2
29;35;13;40000;5
29;147;13;55888;2
29;187;13;55444;1
29;116;13;22111;1
29;53;13;40000;5
29;54;13;35222;1
29;268;13;35555;7
29;268;13;22111;8
29;9;13;22190;5
29;191;13;70888;1
29;50;13;70123;33
29;97;13;40456;1
29;190;13;22123;3
29;198;13;22190;9
29;171;13;40456;42
29;146;13;55444;2
29;200;13;70678;5
29;52;13;22123;2
29;141;13;40000;5
29;24;13;12525;1
29;102;13;12999;1
29;174;13;70123;5
29;96;13;40456;3
29;113;13;12999;1
29;47;13;22123;1
29;2;13;55888;12
29;104;13;12333;101
29;16;13;55888;3
29;200;13;25133;1
29;180;13;12999;3
29;117;13;40000;1
29;61;13;43190;1
29;198;13;22345;3
29;39;13;55555;1
29;16;13;22345;1
29;123;13;40456;6
29;177;13;12999;11
29;168;13;12999;8
29;183;13;70666;1
29;107;13;22111;2
29;159;13;40123;7
29;24;13;95;2
29;55;13;40123;1
29;113;13;33456;22
29;36;13;35678;1
29;19;13;25678;1
29;147;13;12999;1
29;129;13;43;1
29;160;13;25;1
29;120;13;55000;35
29;22;13;25321;1
29;171;13;12423;1
29;164;13;12444;2
29;138;13;35000;1
29;190;13;50123;1
29;204;13;22190;16
29;119;13;55222;4
29;175;13;55222;3
29;134;13;12423;6
29;158;13;13123;1
29;70;13;13456;5
29;150;13;70678;5
29;115;13;35000;2
29;31;13;35777;2
29;178;13;35666;1
29;34;13;13123;4
29;115;13;55123;1
29;108;13;12444;1
29;165;13;25321;4
29;171;13;12444;1
29;135;13;40222;1
29;26;13;70;1
29;51;13;25;3
29;158;13;55222;1
29;193;13;12423;2
29;159;13;12423;4
29;164;13;25456;2
29;18;13;70999;2
29;134;13;22333;14
29;33;13;22333;2
29;120;13;70100;9
29;204;13;22333;5
29;2;13;70100;9
29;3;13;22345;2
29;283;13;50123;2
29;31;13;70;1
29;160;13;65123;3
29;275;13;40333;1
29;12;13;70555;1
29;67;13;12;1
29;71;13;22;1
29;116;13;12;1
29;190;13;96;9
29;125;13;25321;2
29;154;13;12423;7
29;138;13;55000;3
29;177;13;33123;6
29;41;13;12444;1
29;22;13;12423;1
29;179;13;25321;1
29;30;13;25888;1
29;282;13;22423;4
29;134;13;33456;1
29;131;13;22222;6
29;202;13;35888;2
29;5;13;55222;1
29;50;13;55555;19
29;204;13;70100;1
29;24;13;35333;5
29;277;13;35333;3
29;5;13;25000;2
29;183;13;70333;3
29;276;13;12423;9
29;160;13;70111;3
29;160;13;55000;14
29;273;13;35789;2
29;282;13;25000;2
29;203;13;35000;5
29;157;13;55555;1
29;20;13;55222;1
29;125;13;13000;3
29;160;13;12423;13
29;154;13;22222;9
29;42;13;25333;1
29;39;13;65656;1
29;33;13;25444;3
29;43;13;55;3
29;165;13;35789;1
29;7;13;50123;3
29;123;13;12000;5
29;70;13;50123;3
29;31;13;50123;2
29;176;13;35100;2
29;199;13;22222;6
29;4;13;33444;1
29;20;13;35777;1
29;5;13;65123;1
29;138;13;25333;3
29;192;13;70222;1
29;98;13;35777;4
29;268;13;22000;1
29;105;13;70678;2
29;6;13;35000;1
29;103;13;33;3
29;65;13;22223;2
29;179;13;12423;7
29;133;13;22192;1
29;163;13;25456;6
29;191;13;35333;2
29;19;13;40555;4
29;10;13;12423;3
29;44;13;25;2
29;150;13;70999;1
29;191;13;70333;1
29;67;13;12888;1
29;108;13;13000;1
29;72;13;25;3
29;36;13;22220;1
29;138;13;22123;4
29;1;13;35777;1
29;269;13;70678;5
29;3;13;25321;1
29;67;13;22111;1
29;24;13;40456;4
29;121;13;22111;1
29;46;13;22190;8
29;146;13;22190;3
29;198;13;40000;11
29;204;13;33123;12
29;275;13;55444;2
29;46;13;55444;3
29;53;13;25123;2
29;166;13;12333;1
29;108;13;40456;3
29;45;13;40456;7
29;71;13;22111;2
29;154;13;22123;3
29;275;13;12999;4
29;177;13;22123;2
29;177;13;70123;10
29;59;13;35555;3
29;30;13;12999;11
29;30;13;12333;1
29;129;13;55888;1
29;142;13;22190;12
29;160;13;55888;4
29;165;13;12333;1
29;111;13;70123;16
29;98;13;55888;1
29;150;13;12999;80
29;165;13;22123;9
29;38;13;70123;6
29;105;13;70100;2
29;97;13;25123;1
29;175;13;12333;2
29;37;13;22123;2
29;70;13;22123;7
29;165;13;40000;21
29;155;13;40456;7
29;281;13;35789;3
29;52;13;12999;10
29;40;13;40456;2
29;177;13;40456;11
29;102;13;22123;2
29;193;13;55888;3
29;140;13;25555;2
29;120;13;35666;60
29;178;13;22111;1
29;46;13;35789;6
29;168;13;35666;1
29;58;13;50123;9
29;135;13;22123;2
29;158;13;70000;33
29;183;13;70000;6
29;35;13;70;2
29;283;13;13;1
29;20;13;70000;39
29;45;13;70000;6
29;184;13;35423;2
29;273;13;13000;1
29;178;13;40000;6
29;1;13;35333;2
29;98;13;70123;114
29;66;13;12999;7
29;5;13;70678;13
29;172;13;33444;3
29;113;13;12345;3
29;26;13;12345;8
29;139;13;22333;16
29;175;13;40456;2
29;166;13;35555;9
29;282;13;40123;2
29;24;13;70123;2
29;9;13;70888;1
29;99;13;55888;5
29;123;13;40222;1
29;8;13;70666;1
29;61;13;12325;7
29;29;13;35000;1
29;165;13;70888;3
29;15;13;22123;1
29;148;13;35555;1
29;50;13;55888;4
29;73;13;12333;2
29;282;13;25123;1
29;202;13;40222;2
29;277;13;22123;6
29;110;13;22190;3
29;3;13;12525;1
29;122;13;35678;2
29;123;13;22190;2
29;125;13;12333;4
29;172;13;70456;2
29;44;13;22190;1
29;97;13;55888;3
29;264;13;25555;4
29;204;13;40456;4
29;9;13;35678;1
29;146;13;50123;7
29;100;13;33;2
29;53;13;12333;2
29;33;13;43789;51
29;65;13;50150;1
29;200;13;95;4
29;54;13;70;1
29;268;13;13000;2
29;99;13;22222;1
29;131;13;25123;1
29;19;13;35423;1
29;134;13;25555;2
29;10;13;35423;1
29;46;13;13456;13
29;204;13;43789;2
29;268;13;25444;3
29;166;13;55555;3
29;11;13;70555;1
29;100;13;22222;3
29;99;13;25444;17
29;30;13;35100;1
29;200;13;35423;1
29;120;13;50150;1
29;172;13;22446;2
29;53;13;35789;1
29;277;13;95;3
29;123;13;55;2
29;146;13;65123;2
29;130;13;13456;8
29;23;13;25000;1
29;169;13;12345;25
29;7;13;12345;7
29;63;13;12325;8
29;102;13;22446;4
29;14;13;13123;4
29;37;13;12100;1
29;170;13;50123;4
29;59;13;12345;8
29;26;13;22111;2
29;125;13;70000;2
29;23;13;12325;4
29;97;13;70000;2
29;146;13;22;1
29;146;13;25;1
29;3;13;12;3
29;19;13;22;1
29;105;13;12444;6
29;53;13;70100;4
29;47;13;70111;1
29;3;13;33555;3
29;172;13;70999;1
29;202;13;70555;1
29;39;13;35888;1
29;190;13;35333;2
29;99;13;25555;1
29;40;13;70222;3
29;107;13;25222;1
29;6;13;25444;5
29;107;13;22333;1
29;22;13;22345;5
29;11;13;55000;11
29;40;13;95;5
29;183;13;35789;6
29;109;13;55222;2
29;107;13;35789;11
29;265;13;22333;3
29;186;13;35789;1
29;33;13;12444;2
29;16;13;12444;7
29;172;13;55222;1
29;155;13;13456;12
29;63;13;13456;5
29;269;13;70666;1
29;99;13;13000;6
29;65;13;13456;2
29;180;13;25888;1
29;276;13;65123;7
29;176;13;22220;1
29;72;13;12111;1
29;112;13;35;1
29;121;13;22222;13
29;170;13;12;1
29;172;13;43789;2
29;14;13;33123;6
29;41;13;22333;3
29;15;13;12345;9
29;142;13;25456;1
29;9;13;33123;6
29;43;13;13456;2
29;40;13;13456;12
29;282;13;22345;1
29;106;13;13456;1
29;35;13;50123;3
29;194;13;25000;1
29;182;13;25444;1
29;268;13;12345;9
29;131;13;25555;1
29;149;13;25555;8
29;150;13;70100;1
29;125;13;25444;10
29;103;13;13123;5
29;169;13;70777;1
29;102;13;12423;4
29;134;13;25444;5
29;63;13;70000;3
29;15;13;22223;1
29;105;13;55555;21
29;180;13;22;1
29;176;13;70;1
29;37;13;96;6
29;160;13;35333;5
29;138;13;25321;11
29;72;13;12000;1
29;99;13;70111;2
29;176;13;13456;4
29;68;13;55555;2
29;104;13;35003;1
29;152;13;70;1
29;275;13;12111;1
29;28;13;43789;72
29;203;13;40333;1
29;37;13;55000;2
29;2;13;35333;2
29;40;13;13123;3
29;48;13;12000;3
29;29;13;13123;14
29;97;13;35678;2
29;176;13;12444;1
29;154;13;55222;1
29;121;13;35423;4
29;273;13;13123;4
29;35;13;13123;5
29;183;13;35678;1
29;58;13;35789;2
29;184;13;22111;14
29;108;13;70678;2
29;125;13;65123;9
29;155;13;35003;2
29;2;13;35678;4
29;123;13;22222;7
29;16;13;22222;8
29;97;13;55555;3
29;116;13;55555;8
29;199;13;12325;4
29;48;13;70100;93
29;40;13;12423;5
29;187;13;55333;1
29;173;13;35100;1
29;174;13;70555;3
29;273;13;22345;2
29;3;13;70678;14
29;18;13;35423;3
29;104;13;96;8
29;191;13;25444;31
29;4;13;55;2
29;40;13;55000;5
29;268;13;50123;4
29;121;13;13456;8
29;65;13;22222;10
29;170;13;22345;1
29;64;13;12325;6
29;18;13;55000;5
29;166;13;25333;1
29;193;13;25444;11
29;265;13;13456;6
29;24;13;35999;2
29;14;13;55222;2
29;55;13;22222;4
29;138;13;55222;2
29;33;13;33;2
29;107;13;55;1
29;112;13;70678;5
29;269;13;33555;3
29;168;13;43789;1
29;163;13;35423;3
29;281;13;70123;4
29;63;13;55222;1
29;185;13;40222;2
29;28;13;25;2
29;12;13;55000;9
29;181;13;55;1
29;107;13;13;1
29;54;13;35789;2
29;150;13;70777;1
29;2;13;70111;2
29;175;13;70123;10
29;190;13;40123;2
29;193;13;25222;5
29;170;13;35777;2
29;269;13;12000;8
29;8;13;43789;8
29;169;13;35003;1
29;190;13;40222;1
29;268;13;22222;7
29;30;13;95;5
29;3;13;35789;4
29;36;13;12325;2
29;141;13;95;6
29;142;13;70123;4
29;70;13;55444;2
29;146;13;35333;1
29;46;13;33444;1
29;183;13;13456;18
29;106;13;12345;4
29;120;13;50123;3
29;4;13;95;5
29;163;13;35999;1
29;166;13;25555;11
29;97;13;12345;5
29;38;13;95;4
29;71;13;13456;7
29;131;13;22423;1
29;140;13;22222;15
29;102;13;22190;2
29;149;13;55444;5
29;55;13;22190;6
29;110;13;43789;34
29;14;13;12000;8
29;134;13;22111;1
29;199;13;40000;11
29;200;13;55444;5
29;177;13;55444;3
29;65;13;25123;1
29;3;13;55444;1
29;20;13;55444;1
29;4;13;35678;1
29;160;13;13123;2
29;173;13;35678;1
29;170;13;96;9
29;164;13;22222;4
29;163;13;55888;4
29;135;13;40123;5
29;166;13;55888;3
29;116;13;40123;4
29;105;13;22190;9
29;6;13;40123;5
29;115;13;25678;1
29;139;13;33444;2
29;68;13;22123;3
29;282;13;12333;1
29;36;13;22190;4
29;58;13;40456;14
29;190;13;22190;18
29;37;13;25123;2
29;98;13;22123;2
29;186;13;35222;6
29;121;13;55888;7
29;59;13;12999;6
29;202;13;40000;14
29;41;13;35555;11
29;34;13;96;7
29;191;13;96;4
29;157;13;55888;1
29;181;13;12999;3
29;179;13;12999;1
29;186;13;70123;2
29;55;13;70123;67
29;36;13;12333;1
29;70;13;22190;1
29;24;13;22345;89
29;103;13;35333;1
29;273;13;13456;6
29;113;13;33123;7
29;43;13;35333;10
29;18;13;22000;2
29;8;13;25000;6
29;204;13;22222;7
29;39;13;25456;3
29;42;13;25678;1
29;115;13;33123;18
29;18;13;33123;3
29;108;13;22333;3
29;181;13;12444;3
29;175;13;40000;11
29;138;13;12325;8
29;40;13;12000;1
29;120;13;70000;12
29;129;13;12345;4
29;111;13;22111;1
29;194;13;35555;2
29;28;13;35555;3
29;122;13;12;2
29;122;13;70;1
29;67;13;35123;1
29;190;13;35678;3
29;193;13;40123;4
29;69;13;13123;3
29;193;13;13456;5
29;181;13;13000;1
29;20;13;70666;3
29;166;13;22222;8
29;1;13;70333;1
29;268;13;35333;8
29;159;13;25444;23
29;283;13;12423;4
29;115;13;13123;28
29;191;13;35000;3
29;32;13;65123;1
29;277;13;12325;3
29;7;13;25321;2
29;275;13;13000;2
29;12;13;70678;13
29;199;13;35;1
29;169;13;70;1
29;31;13;50;1
29;281;13;12325;4
29;47;13;13000;7
29;277;13;55000;1
29;53;13;25444;9
29;98;13;70;2
29;71;13;25;4
29;139;13;12423;7
29;142;13;70222;3
29;37;13;35333;2
29;36;13;12444;2
29;30;13;22222;6
29;28;13;40333;3
29;44;13;22222;2
29;112;13;70111;1
29;107;13;33123;9
29;194;13;33123;57
29;130;13;70222;1
29;168;13;70999;2
29;37;13;25444;4
29;166;13;25456;1
29;11;13;25456;1
29;199;13;33123;11
29;119;13;33123;57
29;179;13;55222;1
29;140;13;35333;3
29;39;13;70111;1
29;30;13;13123;5
29;7;13;55222;6
29;7;13;22333;2
29;38;13;65656;2
29;117;13;13456;4
29;69;13;65123;2
29;39;13;70100;5
29;21;13;25321;1
29;199;13;22423;2
29;16;13;35123;1
29;202;13;35777;1
29;97;13;12325;7
29;131;13;25444;5
29;172;13;40222;3
29;97;13;12620;1
29;172;13;25456;3
29;186;13;13123;14
29;19;13;25444;12
29;36;13;25000;2
29;28;13;13123;3
29;26;13;25456;3
29;46;13;12620;1
29;64;13;22222;16
29;103;13;35;1
29;179;13;25;2
29;41;13;12423;4
29;155;13;70222;7
29;277;13;70111;1
29;159;13;70222;1
29;64;13;22;1
29;15;13;12000;10
29;130;13;40555;2
29;141;13;12325;7
29;200;13;40013;1
29;110;13;25;1
29;172;13;25;3
29;36;13;70555;1
29;141;13;65123;2
29;16;13;33123;5
29;135;13;25456;1
29;70;13;55555;5
29;163;13;13123;3
29;30;13;33444;1
29;65;13;25222;1
29;156;13;12423;1
29;68;13;55000;4
29;129;13;25000;1
29;149;13;50;1
29;40;13;22333;3
29;111;13;55222;1
29;39;13;33123;6
29;175;13;22333;5
29;73;13;55222;2
29;18;13;12;2
29;72;13;33;1
29;169;13;70678;10
29;5;13;33123;9
29;150;13;70;1
29;9;13;70100;2
29;42;13;25;1
29;139;13;70678;6
29;165;13;35333;3
29;104;13;70100;2
29;96;13;22123;3
29;133;13;55888;3
29;64;13;12999;5
29;32;13;40123;4
29;8;13;12999;4
29;44;13;12999;4
29;2;13;12333;3
29;199;13;12525;1
29;130;13;22190;33
29;45;13;55888;4
29;52;13;55444;1
29;152;13;55000;8
29;173;13;13123;7
29;96;13;55222;1
29;173;13;55123;1
29;198;13;70456;1
29;98;13;22111;2
29;99;13;35222;1
29;115;13;40222;2
29;204;13;55444;4
29;122;13;70888;1
29;33;13;12525;1
29;199;13;25678;2
29;158;13;12333;2
29;202;13;12333;2
29;16;13;22123;2
29;17;13;35555;8
29;168;13;22123;4
29;117;13;40456;5
29;264;13;70000;9
29;276;13;40000;15
29;106;13;55444;2
29;203;13;70456;2
29;15;13;25444;1
29;17;13;22123;1
29;155;13;22123;4
29;184;13;12345;13
29;51;13;25000;2
29;179;13;50123;4
29;177;13;40000;7
29;31;13;40456;12
29;283;13;35555;2
29;105;13;12333;36
29;64;13;22789;1
29;12;13;22123;3
29;34;13;22345;1
29;187;13;70000;4
29;19;13;25000;1
29;164;13;12345;8
29;14;13;70123;12
29;268;13;25555;6
29;191;13;55555;3
29;14;13;25444;4
29;65;13;70000;3
29;154;13;25222;1
29;133;13;12000;2
29;282;13;70000;4
29;52;13;70000;1
29;200;13;12345;11
29;23;13;12345;11
29;68;13;55777;1
29;187;13;25555;1
29;152;13;70000;8
29;8;13;40000;5
29;5;13;40456;7
29;58;13;12333;4
29;129;13;22111;2
29;122;13;40123;5
29;2;13;22333;1
29;73;13;35555;11
29;193;13;22123;8
29;5;13;12325;13
29;125;13;35423;1
29;10;13;40456;8
29;130;13;70123;20
29;106;13;40222;1
29;165;13;35000;1
29;18;13;22190;42
29;171;13;22123;1
29;173;13;40000;6
29;202;13;70678;4
29;165;13;13123;26
29;20;13;35444;1
29;200;13;22111;1
29;283;13;70000;2
29;59;13;25123;2
29;23;13;12525;1
29;134;13;55888;2
29;35;13;40123;2
29;70;13;70123;1
29;185;13;12999;76
29;26;13;25123;5
29;63;13;22220;1
29;138;13;40000;12
29;58;13;40000;10
29;106;13;35555;8
29;13;13;55888;4
29;204;13;70123;7
29;107;13;25678;2
29;181;13;22123;6
29;47;13;33;2
29;172;13;40123;7
29;182;13;12;1
29;108;13;12;2
29;1;13;12325;4
29;47;13;25;3
29;117;13;96;7
29;100;13;12;1
29;66;13;35423;1
29;157;13;35666;1
29;49;13;35423;3
29;63;13;43789;1
29;142;13;22111;9
29;41;13;22111;1
29;47;13;35789;3
29;18;13;25555;2
29;107;13;55555;7
29;58;13;13;1
29;45;13;35423;1
29;119;13;22222;2
29;71;13;25444;10
29;5;13;12111;2
29;16;13;55;1
29;43;13;35423;7
29;133;13;22789;2
29;42;13;35423;2
29;58;13;95;7
29;109;13;25000;2
29;34;13;25555;2
29;172;13;70000;53
29;26;13;35423;3
29;170;13;70777;1
29;139;13;40013;2
29;134;13;22;1
29;97;13;55;1
29;176;13;95;1
29;157;13;95;4
29;5;13;12444;4
29;134;13;33555;1
29;142;13;35777;2
29;108;13;22345;86
29;69;13;35666;22
29;131;13;70000;5
29;70;13;25000;1
29;117;13;35789;11
29;72;13;22222;6
29;141;13;25444;6
29;63;13;22222;11
29;125;13;33555;2
29;36;13;33456;1
29;146;13;70100;7
29;174;13;55222;1
29;6;13;50123;8
29;138;13;35789;13
29;276;13;35789;1
29;146;13;33444;3
29;194;13;35777;1
29;47;13;43789;8
29;96;13;33444;1
29;194;13;55000;3
29;13;13;35123;1
29;203;13;25444;6
29;3;13;70777;5
29;1;13;50123;9
29;102;13;22333;1
29;139;13;35888;1
29;22;13;55555;3
29;277;13;25333;1
29;19;13;12325;14
29;191;13;50123;7
29;169;13;12325;4
29;131;13;25333;2
29;156;13;35678;7
29;123;13;12444;3
29;52;13;95;3
29;283;13;22333;2
29;100;13;70333;1
29;163;13;65123;2
29;66;13;35000;1
29;32;13;50123;2
29;44;13;12345;15
29;135;13;70777;1
29;44;13;40;3
29;139;13;55;1
29;1;13;95;4
29;131;13;70100;7
29;130;13;22333;2
29;130;13;35888;1
29;177;13;12423;6
29;273;13;12325;2
29;30;13;12007;1
29;73;13;35423;15
29;21;13;22;1
29;18;13;43789;4
29;184;13;35100;2
29;104;13;25456;1
29;98;13;12325;4
29;141;13;35789;7
29;112;13;13456;16
29;18;13;40333;1
29;134;13;22223;1
29;45;13;22345;2
29;51;13;22345;6
29;125;13;70333;2
29;17;13;25555;2
29;202;13;12345;3
29;10;13;25000;4
29;30;13;70678;19
29;276;13;70000;4
29;40;13;12345;15
29;185;13;12345;8
29;52;13;13456;3
29;106;13;22333;12
29;187;13;96;2
29;170;13;35789;7
29;2;13;22222;5
29;202;13;12888;1
29;41;13;35423;5
29;180;13;55555;4
29;18;13;70100;2
29;30;13;22789;1
29;67;13;70000;4
29;160;13;12345;16
29;178;13;50123;1
29;178;13;25000;2
29;2;13;22223;1
29;149;13;25444;7
29;39;13;22333;3
29;12;13;70111;1
29;147;13;70000;3
29;268;13;70111;1
29;35;13;22223;1
29;138;13;22;3
29;130;13;70999;1
29;8;13;70678;4
29;168;13;55777;1
29;31;13;35666;30
29;135;13;55222;2
29;139;13;70222;1
29;172;13;70666;7
29;67;13;50123;1
29;110;13;40000;1
29;109;13;70100;50
29;4;13;35423;1
29;10;13;12325;3
29;157;13;22789;3
29;165;13;40333;1
29;35;13;95;3
29;48;13;55333;1
29;9;13;25000;2
29;191;13;12423;7
29;164;13;40555;1
29;194;13;12000;1
29;200;13;35003;1
29;123;13;25444;2
29;125;13;70777;5
29;21;13;96;2
29;282;13;13123;6
29;72;13;25444;1
29;198;13;35423;4
29;48;13;25;4
29;109;13;40222;2
29;178;13;55678;2
29;121;13;50123;1
29;277;13;25000;7
29;277;13;35789;1
29;176;13;96;2
29;198;13;55222;7
29;194;13;96;9
29;16;13;13000;3
29;32;13;40456;12
29;14;13;65656;1
29;194;13;43;1
29;194;13;55;1
29;110;13;35555;3
29;50;13;22333;1
29;3;13;55000;6
29;107;13;22423;2
29;48;13;22222;2
29;55;13;25444;8
29;34;13;22333;1
29;70;13;12333;11
29;192;13;12333;1
29;125;13;55333;1
29;103;13;25000;2
29;102;13;70100;1
29;36;13;70333;1
29;170;13;40456;7
29;166;13;25000;5
29;135;13;35789;4
29;30;13;12325;10
29;277;13;43789;1
29;12;13;95;5
29;282;13;43789;3
29;199;13;43789;27
29;46;13;12333;3
29;275;13;43100;1
29;158;13;40000;1
29;29;13;70456;1
29;175;13;70888;1
29;282;13;95;1
29;125;13;35666;1
29;64;13;55555;4
29;49;13;70333;1
29;103;13;65123;1
29;67;13;70100;1
29;43;13;70100;43
29;160;13;70000;5
29;12;13;25555;2
29;150;13;70333;1
29;119;13;13456;9
29;107;13;35423;9
29;202;13;50123;2
29;182;13;12345;7
29;168;13;25444;3
29;40;13;12111;2
29;33;13;25555;3
29;107;13;65123;1
29;181;13;25444;2
29;181;13;65123;2
29;139;13;55222;8
29;202;13;35423;2
29;23;13;95;3
29;22;13;95;6
29;198;13;12000;6
29;34;13;22190;4
29;13;13;40000;4
29;158;13;22111;2
29;158;13;40123;6
29;99;13;22190;33
29;160;13;55444;5
29;23;13;12333;1
29;192;13;25444;3
29;180;13;12423;1
29;170;13;43789;3
29;283;13;25456;1
29;283;13;13123;13
29;140;13;13123;2
29;61;13;65656;2
29;139;13;12111;1
29;160;13;43100;1
29;181;13;55888;5
29;282;13;22190;2
29;26;13;40456;5
29;29;13;40000;7
29;48;13;22190;3
29;141;13;12333;1
29;50;13;40123;6
29;68;13;22190;11
29;97;13;40123;4
29;42;13;40000;4
29;99;13;40456;9
29;199;13;40456;6
29;72;13;55888;4
29;140;13;12333;3
29;32;13;12000;1
29;115;13;40456;3
29;173;13;55444;7
29;273;13;12333;1
29;35;13;70123;6
29;35;13;22111;1
29;192;13;22123;3
29;269;13;35555;8
29;152;13;22123;4
29;113;13;40456;2
29;72;13;96;4
29;47;13;35555;3
29;97;13;70123;8
29;264;13;55888;11
29;45;13;70123;4
29;203;13;25456;1
29;181;13;35333;2
29;168;13;12888;1
29;183;13;12325;2
29;11;13;12325;7
29;14;13;50123;8
29;198;13;25000;8
29;190;13;35789;6
29;169;13;22789;1
29;264;13;35000;2
29;11;13;40456;6
29;109;13;55888;2
29;198;13;55;2
29;68;13;33;1
29;68;13;70;1
29;12;13;70999;1
29;146;13;35000;1
29;191;13;33123;5
29;48;13;70678;23
29;268;13;35678;3
29;117;13;13123;25
29;172;13;12111;1
29;40;13;35777;3
29;119;13;12325;43
29;43;13;12325;17
29;26;13;40333;1
29;15;13;33555;1
29;70;13;55333;2
29;183;13;25321;2
29;43;13;35003;14
29;13;13;13456;6
29;21;13;65123;1
29;1;13;22333;4
29;177;13;12444;1
29;68;13;22222;5
29;194;13;22222;6
29;173;13;13456;12
29;1;13;25;4
29;1;13;43;1
29;24;13;55222;1
29;108;13;35;1
29;6;13;12325;13
29;1;13;12;1
29;71;13;55;1
29;16;13;35423;3
29;106;13;25456;1
29;73;13;12423;6
29;154;13;13123;11
29;106;13;22;1
29;13;13;40333;1
29;202;13;70100;1
29;265;13;13000;3
29;110;13;55555;1
29;184;13;70100;6
29;139;13;33123;7
29;35;13;33123;4
29;268;13;33123;7
29;59;13;70999;1
29;69;13;22333;2
29;110;13;65123;1
29;26;13;35789;3
29;18;13;55555;2
29;187;13;70100;3
29;273;13;22423;1
29;199;13;25333;1
29;40;13;35789;3
29;168;13;55555;3
29;16;13;70111;2
29;140;13;55000;9
29;140;13;65123;5
29;276;13;70555;2
29;66;13;22333;3
29;173;13;25456;2
29;154;13;25444;4
29;67;13;33123;12
29;180;13;33123;9
29;159;13;12620;1
29;141;13;22789;1
29;192;13;25321;3
29;155;13;12423;9
29;63;13;12423;7
29;202;13;40333;2
29;17;13;35789;2
29;12;13;25456;1
29;63;13;35333;2
29;166;13;70222;4
29;19;13;25321;1
29;41;13;55123;1
29;158;13;70111;1
29;25;13;13456;4
29;5;13;40333;1
29;39;13;12423;2
29;159;13;35;1
29;103;13;50;1
29;64;13;12;1
29;169;13;12423;3
29;24;13;70333;1
29;177;13;40013;1
29;283;13;55000;3
29;96;13;33;1
29;55;13;12;3
29;55;13;70;1
29;273;13;55222;6
29;273;13;22333;10
29;10;13;33456;3
29;191;13;35777;1
29;277;13;13123;14
29;50;13;70;2
29;96;13;55;1
29;32;13;25;4
29;103;13;55333;1
29;17;13;40222;2
29;265;13;55333;1
29;2;13;25321;2
29;115;13;22789;1
29;24;13;22222;2
29;105;13;12;1
29;155;13;25;3
29;23;13;12;1
29;185;13;25000;1
29;185;13;35789;4
29;139;13;22111;1
29;184;13;55888;5
29;183;13;12999;4
29;3;13;25678;2
29;134;13;25678;1
29;2;13;12999;12
29;41;13;40456;5
29;203;13;70349;1
29;183;13;40123;3
29;198;13;70888;3
29;43;13;22123;2
29;264;13;40000;8
29;268;13;40000;7
29;70;13;12525;1
29;166;13;12999;12
29;23;13;13123;5
29;70;13;70678;4
29;191;13;12444;4
29;37;13;25555;10
29;191;13;70678;9
29;71;13;35222;2
29;142;13;70456;1
29;119;13;12999;5
29;116;13;35555;1
29;53;13;12525;2
29;120;13;70123;5
29;164;13;55444;8
29;180;13;22123;3
29;169;13;22123;6
29;18;13;12999;15
29;281;13;12999;2
29;97;13;40000;10
29;9;13;95;1
29;200;13;70100;6
29;10;13;40123;1
29;68;13;70100;11
29;61;13;22223;3
29;24;13;22190;1
29;178;13;12999;7
29;169;13;22190;7
29;142;13;70333;8
29;17;13;40456;4
29;36;13;55888;2
29;115;13;55555;2
29;46;13;25000;4
29;133;13;70;2
29;65;13;12000;2
29;12;13;70777;1
29;185;13;35333;6
29;200;13;35678;1
29;70;13;35222;1
29;39;13;13000;1
29;35;13;12000;2
29;30;13;35333;2
29;19;13;70100;3
29;8;13;12;1
29;192;13;35222;1
29;273;13;70123;9
29;97;13;12000;4
29;268;13;70123;9
29;66;13;70123;13
29;183;13;22220;1
29;122;13;22111;2
29;9;13;35222;1
29;158;13;22190;45
29;2;13;12007;1
29;19;13;96;2
29;49;13;43789;2
29;46;13;43789;9
29;97;13;96;5
29;67;13;35555;19
29;9;13;12325;2
29;3;13;35555;3
29;67;13;25133;1
29;183;13;25678;1
29;185;13;40000;2
29;121;13;70000;4
29;154;13;12333;4
29;26;13;22333;4
29;40;13;55888;3
29;100;13;55888;5
29;281;13;35555;2
29;12;13;40123;5
29;156;13;22190;1
29;175;13;22190;8
29;183;13;55444;1
29;1;13;35678;2
29;199;13;35000;1
29;34;13;12999;3
29;191;13;12333;1
29;158;13;35555;5
29;99;13;70349;1
29;28;13;22111;1
29;102;13;40000;3
29;170;13;65123;4
29;48;13;35555;5
29;66;13;70888;1
29;192;13;70888;1
29;194;13;55444;1
29;155;13;22220;1
29;70;13;40000;2
29;264;13;35678;1
29;281;13;22123;1
29;150;13;25678;1
29;276;13;25;1
29;154;13;12325;10
29;102;13;70333;1
29;141;13;96;5
29;202;13;43789;9
29;10;13;43789;2
29;33;13;96;3
29;64;13;96;4
29;30;13;25123;1
29;193;13;35100;2
29;122;13;43789;11
29;108;13;13456;4
29;3;13;25555;4
29;65;13;22;1
29;19;13;13456;3
29;157;13;25;5
29;16;13;25;1
29;72;13;13000;3
29;109;13;55000;3
29;204;13;35678;2
29;99;13;95;3
29;71;13;95;7
29;183;13;12345;13
29;41;13;95;4
29;42;13;55222;1
29;35;13;40222;2
29;51;13;96;8
29;22;13;25000;1
29;146;13;13;1
29;131;13;25;2
29;152;13;25555;1
29;159;13;70777;3
29;13;13;70100;7
29;51;13;43789;134
29;150;13;35789;2
29;33;13;25000;1
29;17;13;22345;1
29;7;13;22345;2
29;97;13;35;1
29;16;13;95;3
29;71;13;25555;74
29;106;13;35678;3
29;149;13;12325;16
29;12;13;22222;2
29;130;13;33444;4
29;184;13;22345;7
29;34;13;22223;1
29;11;13;22333;5
29;176;13;22222;4
29;70;13;35789;9
29;166;13;35789;3
29;115;13;22222;4
29;38;13;25444;1
29;275;13;25888;1
29;203;13;13456;1
29;121;13;70999;1
29;123;13;50123;3
29;115;13;35789;6
29;198;13;70678;4
29;18;13;12111;1
29;160;13;35777;4
29;2;13;35888;1
29;283;13;55222;5
29;165;13;65123;1
29;46;13;12325;8
29;16;13;35789;4
29;96;13;22789;1
29;112;13;25555;2
29;147;13;25444;5
29;96;13;22223;1
29;193;13;95;7
29;172;13;96;8
29;103;13;22222;1
29;48;13;13456;1
29;65;13;35000;1
29;129;13;25444;2
29;61;13;25444;5
29;264;13;25444;17
29;102;13;25;2
29;135;13;22;1
29;37;13;22;1
29;37;13;55;1
29;277;13;12423;6
29;165;13;43789;7
29;273;13;25444;12
29;141;13;22333;4
29;8;13;13000;1
29;130;13;12111;4
29;171;13;12100;1
29;18;13;33444;2
29;2;13;55555;6
29;147;13;22345;2
29;131;13;70678;8
29;7;13;12000;4
29;191;13;35666;2
29;50;13;55000;10
29;133;13;22222;3
29;19;13;70666;1
29;177;13;70999;1
29;177;13;22333;15
29;131;13;12444;4
29;202;13;25321;1
29;184;13;25321;5
29;96;13;95;1
29;10;13;95;7
29;43;13;95;3
29;2;13;35123;1
29;10;13;70100;4
29;175;13;70100;4
29;26;13;25321;1
29;265;13;70678;1
29;123;13;96;5
29;203;13;70333;2
29;113;13;35789;4
29;123;13;55222;3
29;131;13;55000;1
29;180;13;22345;2
29;134;13;70000;3
29;165;13;13456;43
29;113;13;25000;1
29;48;13;35789;7
29;96;13;13000;5
29;175;13;13000;5
29;269;13;25555;3
29;203;13;12111;4
29;16;13;55222;2
29;40;13;70111;1
29;100;13;70100;93
29;20;13;55678;1
29;115;13;12000;2
29;160;13;35678;3
29;3;13;25444;14
29;10;13;13000;1
29;23;13;96;6
29;199;13;55555;1
29;20;13;13456;4
29;178;13;43789;1
29;21;13;12345;3
29;105;13;55333;1
29;265;13;70333;1
29;138;13;95;6
29;106;13;25555;13
29;41;13;25333;2
29;174;13;65123;4
29;103;13;50123;3
29;269;13;35333;1
29;120;13;40222;15
29;46;13;70000;7
29;19;13;70000;38
29;157;13;70678;3
29;186;13;12345;7
29;264;13;12444;2
29;171;13;22220;2
29;160;13;12444;5
29;20;13;12325;14
29;59;13;40333;1
29;140;13;35777;1
29;55;13;70100;5
29;12;13;35003;1
29;108;13;13123;16
29;53;13;12444;1
29;59;13;65656;5
29;154;13;70111;4
29;16;13;12111;1
29;135;13;12111;5
29;265;13;25555;26
29;158;13;70678;10
29;181;13;25555;3
29;116;13;70555;1
29;113;13;96;3
29;176;13;35000;2
29;30;13;35123;1
29;1;13;13123;3
29;30;13;25;7
29;265;13;22;1
29;277;13;25321;3
29;38;13;70222;3
29;5;13;22223;2
29;66;13;25444;3
29;265;13;22345;55
29;174;13;70678;6
29;190;13;55222;3
29;52;13;50123;2
29;99;13;96;6
29;13;13;43789;2
29;107;13;12111;1
29;130;13;40123;8
29;63;13;12999;5
29;198;13;12423;2
29;7;13;22222;4
29;193;13;13123;1
29;54;13;13123;1
29;113;13;13000;1
29;112;13;35123;1
29;170;13;55555;7
29;45;13;25;2
29;191;13;70999;5
29;154;13;22223;4
29;28;13;35789;5
29;186;13;33123;2
29;55;13;33123;3
29;54;13;35000;1
29;202;13;33123;5
29;120;13;33123;24
29;265;13;35555;12
29;181;13;25;2
29;172;13;70111;1
29;149;13;35555;4
29;116;13;25133;1
29;21;13;35789;3
29;110;13;95;3
29;190;13;25555;2
29;173;13;12325;5
29;116;13;25000;1
29;112;13;35423;4
29;51;13;95;5
29;48;13;40000;12
29;170;13;70000;9
29;156;13;35555;4
29;28;13;25555;9
29;46;13;25555;5
29;273;13;70456;1
29;17;13;70456;1
29;150;13;55555;2
29;54;13;70000;2
29;103;13;55000;1
29;150;13;12000;1
29;54;13;12100;3
29;130;13;70333;1
29;34;13;70000;1
29;99;13;55555;2
29;71;13;55555;1
29;73;13;70333;1
29;138;13;33444;1
29;72;13;70000;9
29;65;13;43789;3
29;141;13;50123;4
29;175;13;22789;1
29;269;13;13456;6
29;166;13;12000;2
29;159;13;33444;4
29;11;13;25555;3
29;140;13;25444;3
29;68;13;13456;2
29;173;13;22222;5
29;13;13;22333;4
29;50;13;25444;14
29;117;13;35423;7
29;199;13;12345;17
29;131;13;70333;1
29;269;13;50123;16
29;264;13;70666;1
29;30;13;70100;3
29;150;13;40000;5
29;131;13;40123;3
29;14;13;33444;1
29;63;13;22190;4
29;178;13;22123;3
29;65;13;22111;2
29;281;13;40000;1
29;98;13;40123;1
29;58;13;55444;2
29;12;13;25123;2
29;46;13;22123;5
29;149;13;70123;6
29;184;13;13000;1
29;152;13;22222;1
29;71;13;70678;2
29;39;13;13123;5
29;174;13;55333;1
29;35;13;12423;7
29;21;13;40123;2
29;140;13;35000;2
29;142;13;13000;1
29;13;13;12333;8
29;138;13;70888;2
29;163;13;12525;2
29;71;13;40456;10
29;8;13;40123;2
29;123;13;40000;7
29;69;13;40123;4
29;105;13;40456;2
29;115;13;55888;2
29;138;13;35555;8
29;140;13;70123;12
29;21;13;70123;16
29;4;13;12999;14
29;185;13;55888;7
29;203;13;55888;2
29;185;13;70123;37
29;4;13;25678;1
29;200;13;40222;4
29;100;13;70123;5
29;23;13;22123;2
29;140;13;25678;1
29;183;13;22190;5
29;25;13;25678;1
29;185;13;25678;2
29;34;13;55444;2
29;115;13;25123;2
29;199;13;55888;6
29;165;13;35555;11
29;180;13;40456;5
29;53;13;70123;11
29;146;13;35555;6
29;159;13;22111;3
29;26;13;22190;2
29;37;13;40000;7
29;14;13;55555;3
29;190;13;70555;8
29;125;13;13456;6
29;198;13;35789;4
29;173;13;33456;1
29;10;13;40000;4
29;108;13;12423;1
29;14;13;35789;2
29;192;13;70333;1
29;179;13;35555;8
29;109;13;35555;7
29;148;13;25;3
29;186;13;40123;1
29;71;13;55222;1
29;198;13;35678;2
29;61;13;25456;1
29;147;13;25133;1
29;38;13;70000;4
29;61;13;55;2
29;24;13;35;1
29;170;13;35000;2
29;170;13;12423;9
29;36;13;33123;7
29;10;13;55222;2
29;181;13;33123;12
29;179;13;70678;1
29;19;13;70456;1
29;36;13;22111;1
29;150;13;25444;4
29;177;13;12325;4
29;11;13;22222;11
29;104;13;33555;1
29;15;13;35789;2
29;61;13;33123;6
29;190;13;35888;1
29;4;13;65123;2
29;43;13;12423;3
29;51;13;35000;2
29;104;13;35789;22
29;275;13;35789;1
29;199;13;25;5
29;191;13;35;1
29;123;13;35000;1
29;200;13;22222;9
29;157;13;12325;2
29;68;13;25444;5
29;204;13;13123;20
29;47;13;25444;13
29;105;13;55000;29
29;13;13;22192;1
29;193;13;13000;2
29;46;13;33123;2
29;2;13;12444;4
29;70;13;13;1
29;173;13;43;1
29;1;13;22;1
29;204;13;55123;5
29;121;13;35123;1
29;66;13;22192;4
29;30;13;25444;4
29;98;13;55000;4
29;199;13;55000;3
29;9;13;70999;1
29;183;13;65123;5
29;26;13;33555;2
29;98;13;40;1
29;168;13;12;2
29;163;13;25;2
29;53;13;43;1
29;26;13;12423;2
29;183;13;70222;2
29;37;13;22222;4
29;3;13;55555;2
29;49;13;35333;3
29;183;13;35777;2
29;15;13;22192;1
29;26;13;33123;2
29;106;13;35333;3
29;50;13;70111;1
29;164;13;35333;1
29;149;13;13123;4
29;6;13;35100;1
29;45;13;40333;1
29;192;13;55222;9
29;273;13;33123;6
29;9;13;35333;3
29;19;13;35333;1
29;112;13;70100;3
29;187;13;55000;1
29;116;13;13000;2
29;129;13;22333;4
29;158;13;35777;1
29;68;13;35789;3
29;180;13;50123;3
29;25;13;70100;3
29;155;13;70100;2
29;281;13;35000;1
29;65;13;70999;1
29;6;13;65123;2
29;180;13;33333;1
29;109;13;12325;6
29;170;13;70678;16
29;52;13;35789;2
29;264;13;55222;3
29;58;13;22333;5
29;49;13;25444;2
29;61;13;22333;4
29;164;13;55123;1
29;29;13;22333;5
29;142;13;12444;1
29;194;13;35333;25
29;160;13;13456;8
29;178;13;12620;1
29;160;13;12325;8
29;8;13;55555;2
29;14;13;22223;1
29;5;13;70100;4
29;123;13;33444;1
29;185;13;55222;1
29;39;13;12325;1
29;273;13;33444;1
29;159;13;55;1
29;275;13;25444;4
29;30;13;12000;1
29;134;13;12325;6
29;163;13;22222;5
29;16;13;22446;1
29;110;13;43;1
29;149;13;70;1
29;52;13;22333;4
29;32;13;22222;5
29;125;13;33123;3
29;281;13;12620;2
29;164;13;25333;1
29;18;13;70666;3
29;41;13;22223;1
29;122;13;25000;1
29;111;13;70;1
29;140;13;22;1
29;99;13;22446;3
29;169;13;55222;2
29;10;13;12007;1
29;122;13;33555;7
29;68;13;70678;4
29;165;13;70678;7
29;13;13;70678;9
29;193;13;40555;1
29;276;13;35777;4
29;6;13;55555;7
29;32;13;70678;3
29;200;13;25000;4
29;17;13;35333;1
29;34;13;35333;23
29;29;13;70100;4
29;9;13;12000;2
29;181;13;70123;3
29;36;13;55444;4
29;193;13;70456;1
29;182;13;55888;2
29;158;13;40456;6
29;133;13;35555;8
29;129;13;12999;3
29;6;13;12333;2
29;41;13;25321;1
29;169;13;55444;8
29;180;13;22190;5
29;38;13;22190;4
29;109;13;25678;1
29;49;13;55444;2
29;63;13;33123;11
29;109;13;25321;2
29;184;13;55444;3
29;73;13;35888;2
29;164;13;12620;1
29;183;13;40000;7
29;140;13;55888;6
29;7;13;25678;1
29;265;13;22123;1
29;129;13;35555;12
29;23;13;40456;9
29;131;13;40456;5
29;111;13;22123;2
29;22;13;22190;7
29;16;13;70123;9
29;141;13;40456;4
29;122;13;25555;1
29;106;13;12999;9
29;199;13;70100;6
29;14;13;70100;4
29;175;13;35333;2
29;277;13;22345;1
29;20;13;13000;3
29;10;13;22111;1
29;148;13;40123;1
29;140;13;40456;7
29;59;13;40456;4
29;169;13;40000;18
29;111;13;40000;1
29;180;13;55888;2
29;169;13;12999;20
29;168;13;70123;18
29;59;13;55888;3
29;10;13;35789;3
29;45;13;25000;1
29;129;13;70456;1
29;190;13;55888;3
29;113;13;12325;14
29;190;13;12333;2
29;58;13;22345;2
29;2;13;50123;7
29;16;13;12100;1
29;121;13;12000;3
29;52;13;55;1
29;20;13;40;2
29;41;13;35333;2
29;283;13;25444;3
29;156;13;55555;1
29;200;13;70000;6
29;104;13;33444;1
29;3;13;33999;2
29;49;13;70100;88
29;1;13;22111;1
29;106;13;35423;3
29;190;13;25;4
29;190;13;40;1
29;154;13;35100;1
29;157;13;70123;126
29;65;13;12999;4
29;52;13;12444;4
29;160;13;40000;9
29;277;13;55444;3
29;16;13;70678;4
29;19;13;43789;5
29;183;13;22123;4
29;159;13;35555;12
29;264;13;12325;4
29;97;13;43789;6
29;108;13;35555;2
29;9;13;12999;4
29;9;13;25133;1
29;73;13;70123;13
29;169;13;13123;1
29;276;13;55888;3
29;277;13;70888;2
29;5;13;22123;1
29;104;13;35555;3
29;192;13;40000;5
29;117;13;40123;3
29;184;13;12999;12
29;121;13;70888;1
29;121;13;40456;4
29;16;13;70888;1
29;7;13;55444;6
29;32;13;22190;12
29;43;13;40000;12
29;131;13;70123;6
29;103;13;35555;7
29;45;13;12333;2
29;14;13;70000;8
29;119;13;35;2
29;174;13;50123;19
29;174;13;55;1
29;45;13;35222;2
29;204;13;33999;3
29;41;13;40123;2
29;180;13;12345;2
29;13;13;70000;5
29;138;13;25555;5
29;168;13;12000;3
29;12;13;13000;2
29;40;13;13000;1
29;65;13;25;2
29;65;13;35;1
29;192;13;12;3
29;58;13;43;1
29;202;13;35;1
29;99;13;35423;2
29;135;13;70000;34
29;115;13;12;2
29;16;13;12;2
29;202;13;25;5
29;202;13;55;2
29;20;13;96;5
29;181;13;13456;22
29;168;13;96;8
29;107;13;43789;1
29;28;13;55000;1
29;38;13;13456;6
29;121;13;95;1
29;119;13;95;12
29;165;13;96;8
29;179;13;35666;3
29;42;13;22333;5
29;109;13;50123;3
29;185;13;12325;8
29;133;13;12444;1
29;172;13;33999;1
29;106;13;43789;8
29;30;13;12345;7
29;164;13;22;1
29;269;13;12;1
29;99;13;25;2
29;36;13;35333;5
29;96;13;70000;2
29;198;13;13123;24
29;148;13;12423;1
29;281;13;70100;1
29;146;13;70111;1
29;33;13;35678;10
29;4;13;50123;7
29;268;13;70222;1
29;155;13;25555;8
29;117;13;25000;2
29;12;13;25444;1
29;185;13;13000;2
29;46;13;65123;1
29;135;13;25222;1
29;11;13;35789;3
29;11;13;33555;2
29;183;13;25000;4
29;182;13;35789;2
29;13;13;50123;6
29;173;13;35888;1
29;53;13;43789;27
29;26;13;25444;4
29;165;13;35423;4
29;123;13;65656;3
29;203;13;55678;1
29;275;13;65123;4
29;169;13;55000;8
29;121;13;22333;3
29;98;13;25444;14
29;147;13;12345;5
29;53;13;12345;7
29;23;13;70100;2
29;165;13;25888;1
29;96;13;12444;3
29;149;13;12345;10
29;277;13;25888;2
29;113;13;35678;1
29;200;13;12423;2
29;158;13;13456;6
29;58;13;13456;6
29;4;13;25555;8
29;49;13;12111;1
29;12;13;43789;3
29;18;13;96;11
29;105;13;55222;1
29;19;13;22192;1
29;1;13;35789;3
29;8;13;35333;4
29;150;13;22789;2
29;149;13;55555;10
29;2;13;22345;1
29;55;13;55555;1
29;24;13;33123;2
29;1;13;12111;1
29;23;13;12444;1
29;140;13;12000;2
29;72;13;35666;9
29;23;13;40222;1
29;58;13;65123;1
29;171;13;13123;5
29;45;13;50123;5
29;41;13;35666;1
29;281;13;70000;3
29;134;13;70111;2
29;5;13;95;3
29;19;13;70111;1
29;116;13;70100;1
29;115;13;25321;1
29;26;13;22220;1
29;149;13;70678;2
29;97;13;25555;3
29;34;13;55000;2
29;2;13;55678;2
29;149;13;13456;1
29;35;13;25555;4
29;275;13;25555;7
29;140;13;55555;2
29;140;13;13456;7
29;3;13;70000;3
29;106;13;22222;5
29;61;13;95;7
29;199;13;22345;4
29;138;13;25;5
29;273;13;55;1
29;269;13;12345;22
29;61;13;96;4
29;13;13;65123;1
29;4;13;70000;4
29;203;13;22446;2
29;7;13;96;3
29;192;13;96;5
29;67;13;96;5
29;35;13;12444;3
29;171;13;25555;44
29;139;13;12325;4
29;108;13;50123;3
29;123;13;22000;1
29;268;13;13123;8
29;183;13;70678;9
29;65;13;25555;3
29;6;13;25555;2
29;192;13;55444;3
29;112;13;12000;1
29;146;13;55222;2
29;10;13;70666;1
29;150;13;12325;3
29;149;13;35003;1
29;168;13;25456;4
29;158;13;55333;1
29;47;13;12000;1
29;163;13;43789;12
29;184;13;25456;4
29;129;13;35000;2
29;48;13;96;2
29;113;13;95;2
29;43;13;12345;39
29;67;13;35666;2
29;58;13;35333;1
29;14;13;35423;1
29;52;13;22345;3
29;184;13;35333;1
29;39;13;96;4
29;268;13;65123;6
29;14;13;22333;3
29;65;13;35777;1
29;190;13;35100;1
29;147;13;35423;1
29;15;13;22222;9
29;147;13;13456;3
29;96;13;12333;1
29;265;13;25444;46
29;64;13;40333;1
29;155;13;55222;1
29;276;13;22333;6
29;71;13;55000;1
29;71;13;35999;6
29;33;13;25333;1
29;113;13;25444;3
29;115;13;55222;9
29;164;13;40123;6
29;125;13;40456;10
29;181;13;22;2
29;166;13;22;1
29;33;13;35;1
29;72;13;35423;1
29;166;13;50123;1
29;159;13;25000;2
29;11;13;25000;2
29;171;13;35789;11
29;169;13;95;8
29;142;13;55888;6
29;31;13;55444;2
29;39;13;22111;2
29;69;13;22190;5
29;111;13;13000;1
29;283;13;13000;2
29;181;13;35789;5
29;45;13;35789;4
29;24;13;43789;5
29;154;13;35333;1
29;37;13;70100;3
29;120;13;95;5
29;8;13;25444;2
29;98;13;13456;1
29;49;13;12345;4
29;157;13;70000;4
29;163;13;70333;1
29;26;13;40123;3
29;11;13;12000;4
29;105;13;13456;4
29;155;13;25444;3
29;194;13;22333;4
29;13;13;35100;2
29;175;13;70000;5
29;165;13;35678;1
29;23;13;70333;2
29;2;13;70333;2
29;71;13;70456;1
29;268;13;12525;1
29;3;13;40000;8
29;58;13;22190;2
29;147;13;22123;4
29;99;13;70678;13
29;50;13;70678;1
29;61;13;70678;11
29;138;13;12423;2
29;32;13;35003;1
29;109;13;13000;2
29;178;13;12000;20
29;36;13;35423;1
29;202;13;12999;5
29;42;13;55444;4
29;47;13;40000;1
29;12;13;25678;1
29;100;13;40456;4
29;190;13;40456;5
29;14;13;40456;6
29;53;13;13456;18
29;173;13;40456;6
29;14;13;22190;4
29;32;13;22123;1
29;53;13;55555;20
29;12;13;12333;6
29;119;13;70123;6
29;1;13;25678;1
29;106;13;22111;1
29;48;13;12333;1
29;277;13;55888;1
29;104;13;70123;3
29;177;13;35555;4
29;268;13;22123;10
29;269;13;40000;15
29;55;13;40000;10
29;32;13;12999;19
29;264;13;35555;11
29;282;13;55888;4
29;281;13;55888;1
29;193;13;70123;14
29;53;13;22123;1
29;31;13;22190;7
29;61;13;35423;3
29;5;13;50150;1
29;193;13;22345;1
29;150;13;25456;1
29;35;13;35777;2
29;20;13;65123;1
29;191;13;65656;1
29;140;13;40123;6
29;156;13;25678;2
29;1;13;25555;5
29;175;13;25678;1
29;52;13;12;1
29;12;13;22333;6
29;3;13;33123;2
29;142;13;70678;5
29;103;13;40000;5
29;141;13;70000;5
29;25;13;35678;14
29;184;13;35000;2
29;117;13;55123;1
29;283;13;25321;1
29;5;13;25321;2
29;42;13;25444;1
29;168;13;12423;1
29;268;13;35777;1
29;181;13;70666;1
29;199;13;40013;1
29;43;13;22000;1
29;134;13;12888;1
29;166;13;25444;2
29;34;13;25456;1
29;146;13;12325;7
29;41;13;50123;6
29;264;13;33123;3
29;277;13;25456;1
29;177;13;22222;12
29;191;13;22;1
29;146;13;22345;1
29;142;13;13456;6
29;185;13;55;1
29;1;13;70;1
29;26;13;13;1
29;99;13;12888;1
29;109;13;70;3
29;98;13;35;1
29;51;13;33;1
29;53;13;13;1
29;37;13;33123;6
29;174;13;25456;1
29;182;13;55000;2
29;116;13;25456;1
29;100;13;33123;4
29;13;13;65656;2
29;146;13;12620;2
29;110;13;35333;12
29;202;13;70111;2
29;59;13;55222;1
29;192;13;22333;8
29;150;13;55000;3
29;146;13;25456;3
29;63;13;55555;1
29;155;13;55555;2
29;264;13;25000;1
29;26;13;40222;1
29;281;13;13123;4
29;52;13;25333;1
29;122;13;22333;1
29;281;13;12423;2
29;123;13;55000;8
29;281;13;55000;2
29;96;13;33456;2
29;42;13;35888;1
29;140;13;25333;1
29;61;13;70999;2
29;282;13;35789;2
29;65;13;25321;2
29;35;13;22333;9
29;268;13;25321;6
29;190;13;22223;3
29;166;13;35333;5
29;65;13;70100;2
29;203;13;12423;3
29;70;13;25321;1
29;129;13;55555;4
29;283;13;70100;1
29;176;13;22345;1
29;160;13;22223;2
29;40;13;12325;4
29;30;13;22223;1
29;24;13;55000;2
29;165;13;12423;3
29;133;13;12345;2
29;187;13;12000;2
29;6;13;12100;1
29;7;13;70000;1
29;66;13;12325;6
29;4;13;12000;4
29;200;13;70333;1
29;141;13;22000;1
29;17;13;22789;3
29;169;13;22333;6
29;165;13;55222;6
29;43;13;25333;2
29;146;13;12423;9
29;129;13;35789;3
29;26;13;55555;1
29;175;13;55000;4
29;150;13;22333;1
29;33;13;33123;70
29;115;13;35777;1
29;155;13;40;1
29;72;13;70;1
29;66;13;25;5
29;66;13;43;1
29;141;13;25;2
29;141;13;22;1
29;203;13;35789;4
29;51;13;12423;1
29;46;13;12423;11
29;2;13;40000;12
29;21;13;40000;10
29;179;13;70123;18
29;46;13;12999;3
29;45;13;40123;8
29;69;13;35555;1
29;12;13;40456;12
29;55;13;40456;5
29;198;13;25678;1
29;268;13;55555;2
29;19;13;40456;2
29;170;13;12333;5
29;109;13;40000;9
29;198;13;12999;2
29;135;13;12999;2
29;22;13;12333;102
29;109;13;40456;4
29;28;13;40456;18
29;24;13;12999;5
29;180;13;35222;1
29;47;13;33123;3
29;131;13;13123;6
29;115;13;70678;4
29;34;13;70678;4
29;33;13;55444;2
29;142;13;12525;2
29;9;13;40000;6
29;129;13;70123;2
29;122;13;70123;52
29;65;13;35555;2
29;273;13;22123;2
29;139;13;55888;2
29;174;13;35555;3
29;187;13;70123;208
29;29;13;25678;2
29;120;13;40456;1
29;174;13;40000;8
29;156;13;40123;2
29;7;13;55888;3
29;110;13;33555;1
29;135;13;22000;2
29;175;13;35789;2
29;50;13;40456;2
29;38;13;33444;1
29;202;13;25555;3
29;38;13;12345;4
29;183;13;12333;1
29;42;13;25555;7
29;52;13;22;1
29;133;13;55;1
29;133;13;25;1
29;20;13;70;1
29;121;13;33444;2
29;148;13;12345;5
29;283;13;22222;6
29;45;13;33999;2
29;40;13;70000;3
29;116;13;12525;2
29;176;13;70123;2
29;170;13;12345;12
29;37;13;65656;1
29;171;13;55000;2
29;180;13;70123;2
29;58;13;35444;1
29;49;13;55888;2
29;35;13;22190;6
29;123;13;70678;16
29;116;13;43789;8
29;9;13;35555;4
29;24;13;35555;1
29;134;13;35555;7
29;1;13;55888;13
29;104;13;35000;1
29;160;13;12999;6
29;282;13;35555;7
29;34;13;12333;1
29;3;13;22190;8
29;138;13;55444;45
29;35;13;55888;3
29;105;13;35555;3
29;152;13;25123;1
29;150;13;22190;5
29;202;13;40123;7
29;130;13;70349;3
29;269;13;70349;1
29;66;13;40000;3
29;71;13;35555;1
29;125;13;55888;10
29;31;13;70123;7
29;147;13;40000;23
29;146;13;12999;3
29;179;13;22123;3
29;172;13;70333;5
29;100;13;13;2
29;69;13;12;4
29;182;13;25;1
29;182;13;33;1
29;184;13;13;1
29;37;13;22190;8
29;184;13;55;1
29;58;13;35423;1
29;174;13;95;2
29;40;13;25444;2
29;159;13;22345;3
29;11;13;70000;3
29;111;13;25555;2
29;158;13;12000;3
29;180;13;35423;5
29;97;13;55000;2
29;174;13;55000;11
29;119;13;25444;3
29;96;13;35423;3
29;63;13;70;1
29;15;13;25;2
29;34;13;25;3
29;73;13;96;5
29;112;13;43789;38
29;159;13;96;4
29;50;13;70666;1
29;159;13;43789;10
29;98;13;95;3
29;111;13;96;12
29;169;13;96;5
29;21;13;35333;56
29;146;13;25333;3
29;276;13;95;3
29;146;13;40333;1
29;181;13;12345;10
29;185;13;43789;24
29;164;13;50123;6
29;139;13;12345;12
29;203;13;43789;2
29;182;13;96;3
29;193;13;35333;1
29;106;13;70000;7
29;169;13;22345;1
29;7;13;12444;2
29;135;13;12000;3
29;107;13;12345;1
29;194;13;70111;1
29;106;13;35789;6
29;204;13;25000;8
29;170;13;33444;1
29;192;13;55555;1
29;164;13;12000;5
29;9;13;13000;3
29;5;13;13000;1
29;50;13;33444;1
29;50;13;25555;16
29;202;13;25000;6
29;37;13;12325;6
29;202;13;55555;2
29;276;13;13456;7
29;38;13;22222;3
29;37;13;70333;3
29;44;13;35789;17
29;36;13;35789;1
29;31;13;35789;9
29;110;13;25555;11
29;181;13;33456;1
29;1;13;13000;4
29;156;13;70333;1
29;183;13;50123;5
29;176;13;25444;11
29;269;13;22345;2
29;11;13;35777;1
29;16;13;22789;1
29;31;13;70999;1
29;100;13;13000;16
29;26;13;22222;12
29;165;13;65656;1
29;121;13;55222;1
29;25;13;50123;4
29;22;13;12325;7
29;19;13;25222;2
29;19;13;35678;1
29;59;13;13000;3
29;99;13;35000;3
29;12;13;12423;3
29;68;13;12111;1
29;112;13;50;1
29;112;13;70;1
29;103;13;70678;4
29;3;13;55678;1
29;2;13;70;2
29;200;13;13123;2
29;203;13;22333;4
29;134;13;96;2
29;38;13;22223;1
29;63;13;65123;1
29;51;13;70555;2
29;273;13;22222;9
29;6;13;96;5
29;18;13;95;5
29;68;13;22333;1
29;265;13;33123;3
29;276;13;25321;1
29;200;13;55222;2
29;36;13;12345;10
29;186;13;70333;1
29;164;13;70000;5
29;34;13;12345;2
29;141;13;12000;5
29;40;13;55678;1
29;13;13;35789;3
29;111;13;33123;1
29;16;13;96;5
29;282;13;55555;1
29;23;13;65123;4
29;281;13;25000;1
29;175;13;25000;4
29;277;13;25555;1
29;97;13;70100;4
29;193;13;55222;2
29;70;13;35999;2
29;283;13;55777;2
29;46;13;70111;1
29;185;13;22789;1
29;115;13;33456;1
29;41;13;35777;1
29;191;13;65123;4
29;138;13;33456;1
29;68;13;25555;1
29;5;13;70777;1
29;14;13;13000;2
29;32;13;95;6
29;180;13;35333;2
29;191;13;12000;7
29;200;13;55555;1
29;176;13;55678;1
29;18;13;25444;9
29;281;13;22222;4
29;131;13;70777;1
29;3;13;13456;12
29;4;13;70333;1
29;134;13;13456;13
29;49;13;70999;3
29;33;13;55000;1
29;47;13;55000;13
29;152;13;96;5
29;70;13;12345;3
29;97;13;65123;2
29;4;13;55222;3
29;198;13;70666;1
29;112;13;35789;1
29;19;13;35777;1
29;19;13;55333;1
29;141;13;70678;8
29;131;13;70222;2
29;203;13;12000;4
29;99;13;33555;1
29;66;13;35789;15
29;182;13;35777;1
29;38;13;40123;3
29;190;13;12111;6
29;204;13;33444;2
29;42;13;55000;1
29;12;13;12111;1
29;40;13;70678;11
29;150;13;70666;4
29;15;13;35123;1
29;24;13;96;6
29;48;13;70111;2
29;39;13;95;1
29;179;13;25555;4
29;269;13;43789;5
29;107;13;13456;6
29;25;13;25444;1
29;4;13;55000;3
29;30;13;55000;10
29;148;13;35777;1
29;4;13;96;9
29;141;13;12444;2
29;192;13;12444;2
29;265;13;55;1
29;193;13;12;2
29;113;13;12;1
29;148;13;13456;1
29;140;13;70100;8
29;134;13;35000;3
29;164;13;40222;1
29;97;13;13456;14
29;58;13;25444;1
29;117;13;22222;3
29;178;13;33456;1
29;54;13;13000;2
29;18;13;70333;3
29;96;13;43789;5
29;119;13;43789;5
29;281;13;43789;2
29;54;13;22345;2
29;8;13;25456;2
29;49;13;55555;1
29;273;13;40013;2
29;41;13;33123;5
29;204;13;65123;1
29;48;13;13123;3
29;15;13;33123;3
29;4;13;70678;14
29;154;13;70678;7
29;43;13;22333;3
29;123;13;50150;1
29;186;13;25444;53
29;28;13;40123;4
29;181;13;12;1
29;26;13;25555;7
29;46;13;65;1
29;119;13;55000;1
29;2;13;35777;1
29;185;13;70666;1
29;33;13;22;1
29;23;13;22789;4
29;51;13;35123;1
29;146;13;25000;8
29;116;13;35789;9
29;26;13;12325;6
29;54;13;40456;21
29;203;13;25222;1
29;111;13;95;7
29;53;13;25678;18
29;185;13;35222;1
29;42;13;22123;2
29;142;13;22123;4
29;33;13;25678;1
29;169;13;25444;18
29;32;13;35333;12
29;109;13;12000;3
29;112;13;25;2
29;19;13;33444;1
29;109;13;35678;5
29;52;13;22222;5
29;155;13;25000;4
29;63;13;25000;7
29;96;13;35789;3
29;172;13;12888;1
29;63;13;50123;2
29;45;13;33456;2
29;99;13;35678;2
29;158;13;12345;4
29;29;13;35423;2
29;34;13;95;7
29;191;13;70000;3
29;123;13;25555;4
29;66;13;96;3
29;63;13;35678;2
29;119;13;33444;2
29;108;13;95;2
29;107;13;33444;1
29;146;13;70777;2
29;185;13;55555;1
29;22;13;50123;3
29;269;13;95;10
29;33;13;50123;2
29;42;13;50123;5
29;172;13;22190;39
29;24;13;12000;1
29;55;13;55444;1
29;123;13;22111;1
29;39;13;55444;2
29;175;13;70456;2
29;119;13;22190;2
29;138;13;40123;3
29;130;13;22123;1
29;131;13;12999;4
29;39;13;55123;1
29;125;13;55555;3
29;168;13;35000;3
29;133;13;13123;1
29;179;13;40456;5
29;11;13;70123;6
29;168;13;55888;2
29;16;13;25123;1
29;173;13;12999;7
29;139;13;55444;4
29;199;13;22190;9
29;39;13;12525;1
29;177;13;12525;2
29;198;13;55444;3
29;204;13;40123;7
29;15;13;12333;4
29;154;13;12999;7
29;15;13;12999;3
29;30;13;22123;4
29;193;13;22190;45
29;134;13;25133;1
29;63;13;35555;2
29;115;13;70888;2
29;72;13;40456;3
29;106;13;40123;3
29;29;13;40456;4
29;115;13;35555;15
29;176;13;35444;1
29;53;13;40123;2
29;173;13;22190;5
29;191;13;55444;2
29;30;13;25678;1
29;154;13;40456;9
29;191;13;43789;8
29;34;13;43789;48
29;204;13;25678;2
29;59;13;70100;5
29;273;13;22223;2
29;16;13;55555;4
29;61;13;70111;2
29;111;13;70100;2
29;112;13;12325;3
29;177;13;25321;2
29;177;13;35123;1
29;191;13;40333;1
29;140;13;55666;1
29;61;13;35000;1
29;180;13;35000;2
29;134;13;12444;7
29;147;13;35444;1
29;14;13;12;1
29;24;13;22;2
29;122;13;13;1
29;198;13;13;1
29;100;13;22333;2
29;116;13;22192;1
29;116;13;33123;14
29;68;13;12;2
29;141;13;55000;15
29;99;13;70999;1
29;1;13;70678;15
29;125;13;12423;8
29;179;13;12444;1
29;18;13;22192;1
29;107;13;55444;42
29;130;13;70456;2
29;51;13;33123;2
29;50;13;13123;4
29;122;13;12345;9
29;192;13;25456;2
29;13;13;12444;2
29;178;13;22345;3
29;68;13;35777;3
29;159;13;22222;9
29;67;13;70678;1
29;182;13;13123;1
29;129;13;70333;1
29;179;13;13123;2
29;19;13;13123;5
29;66;13;70678;5
29;50;13;12444;1
29;104;13;12325;6
29;37;13;65123;2
29;53;13;22345;4
29;121;13;25222;1
29;70;13;35;1
29;1;13;13;1
29;199;13;65123;1
29;275;13;22423;1
29;108;13;25;2
29;67;13;70;2
29;168;13;70;1
29;109;13;13;1
29;116;13;35;2
29;168;13;55;1
29;26;13;55123;1
29;122;13;13456;1
29;276;13;22446;1
29;3;13;35100;2
29;268;13;70100;3
29;40;13;70100;3
29;52;13;70100;1
29;273;13;70100;3
29;149;13;25456;1
29;164;13;35888;3
29;181;13;35888;1
29;170;13;33555;1
29;265;13;25000;1
29;107;13;70100;2
29;11;13;70111;2
29;178;13;33123;1
29;106;13;13123;7
29;130;13;13000;5
29;273;13;25000;2
29;138;13;22345;1
29;6;13;55000;13
29;69;13;55000;27
29;281;13;65123;3
29;123;13;70333;1
29;97;13;22222;8
29;165;13;50123;2
29;15;13;35333;1
29;20;13;70222;1
29;158;13;55000;6
29;5;13;70111;3
29;138;13;70100;1
29;157;13;22345;1
29;203;13;13123;4
29;103;13;33123;125
29;6;13;70000;6
29;147;13;13000;20
29;58;13;12325;11
29;183;13;40013;1
29;105;13;22222;5
29;8;13;33555;1
29;281;13;25;1
29;186;13;12;2
29;12;13;12444;2
29;120;13;12325;8
29;52;13;55222;2
29;273;13;70999;1
29;17;13;55000;8
29;150;13;55222;1
29;183;13;22;2
29;172;13;55;1
29;193;13;70555;2
29;30;13;55555;5
29;170;13;22222;15
29;156;13;65123;9
29;70;13;22345;9
29;72;13;55;1
29;105;13;70;3
29;186;13;12000;1
29;160;13;25444;4
29;138;13;13456;4
29;183;13;12423;4
29;18;13;25;1
29;170;13;35333;1
29;23;13;43;1
29;142;13;22;2
29;1;13;22220;1
29;32;13;40222;4
29;50;13;35777;2
29;68;13;50123;2
29;283;13;33123;5
29;44;13;40000;9
29;135;13;40000;2
29;130;13;12999;7
29;19;13;12999;13
29;141;13;35555;3
29;168;13;40456;6
29;129;13;70000;1
29;184;13;25133;1
29;140;13;40000;20
29;176;13;22111;2
29;28;13;22190;5
29;9;13;40456;2
29;46;13;40456;8
29;112;13;35555;2
29;5;13;22111;1
29;121;13;40123;2
29;35;13;55444;3
29;269;13;12333;7
29;185;13;55444;1
29;202;13;55222;2
29;23;13;35000;3
29;150;13;40333;1
29;141;13;55222;1
29;44;13;33123;2
29;122;13;13123;11
29;71;13;55444;4
29;12;13;55444;2
29;39;13;55888;2
29;104;13;35444;1
29;66;13;35555;5
29;61;13;40456;7
29;7;13;35555;5
29;117;13;70123;32
29;146;13;55888;4
29;184;13;25678;1
29;180;13;40123;2
29;158;13;35333;1
29;150;13;55444;1
29;175;13;22111;10
29;148;13;40000;4
29;122;13;55444;3
29;269;13;70000;4
29;111;13;22190;15
29;3;13;12999;11
29;156;13;33555;1
29;141;13;25555;5
29;3;13;25000;1
29;159;13;35678;2
29;45;13;35678;1
29;277;13;12999;2
29;121;13;70123;5
29;65;13;55555;6
29;32;13;35789;9
29;130;13;35789;5
29;72;13;55555;1
29;58;13;25000;2
29;123;13;70000;2
29;16;13;70000;4
29;58;13;12100;1
29;35;13;12;1
29;268;13;33;1
29;4;13;40123;4
29;160;13;33444;1
29;52;13;25555;14
29;273;13;12345;8
29;46;13;70100;9
29;142;13;22345;6
29;283;13;70;1
29;50;13;35423;2
29;8;13;43;1
29;43;13;70000;10
29;102;13;55000;8
29;58;13;12999;6
29;139;13;25678;2
29;48;13;35666;1
29;182;13;55333;11
29;15;13;12444;4
29;135;13;22333;3
29;23;13;35678;1
29;2;13;55222;1
29;43;13;12999;5
29;282;13;70678;3
29;170;13;70123;11
29;129;13;12325;1
29;46;13;96;6
29;130;13;43789;5
29;36;13;35555;5
29;2;13;95;11
29;12;13;70123;7
29;277;13;70000;4
29;199;13;22123;4
29;134;13;22190;3
29;155;13;55888;3
29;273;13;35000;1
29;10;13;22190;4
29;64;13;22190;6
29;202;13;22111;1
29;31;13;25555;8
29;169;13;35000;3
29;283;13;40000;5
29;20;13;12333;2
29;176;13;35555;7
29;4;13;55444;9
29;16;13;22190;5
29;157;13;40000;7
29;61;13;55444;3
29;52;13;35222;1
29;2;13;22190;7
29;67;13;12999;5
29;265;13;35666;1
29;171;13;55444;1
29;5;13;70000;2
29;13;13;70123;11
29;31;13;40000;2
29;64;13;40456;15
29;48;13;40013;1
29;119;13;25;4
29;54;13;55;2
29;4;13;22190;3
29;47;13;40;2
29;69;13;55;2
29;175;13;96;11
29;182;13;40123;7
29;107;13;70555;2
29;71;13;22222;1
29;100;13;25444;4
29;177;13;35423;1
29;154;13;13456;4
29;202;13;50;1
29;281;13;95;3
29;200;13;96;8
29;177;13;43789;10
29;193;13;35423;2
29;14;13;12325;9
29;12;13;55;1
29;5;13;96;3
29;73;13;70100;2
29;174;13;65656;2
29;73;13;43789;27
29;166;13;96;9
29;11;13;96;7
29;73;13;12345;3
29;185;13;96;2
29;111;13;12345;3
29;134;13;35678;1
29;11;13;95;4
29;170;13;95;2
29;125;13;70999;1
29;45;13;12345;16
29;51;13;12345;2
29;97;13;25;2
29;130;13;25;1
29;14;13;43789;5
29;97;13;22423;1
29;173;13;13000;2
29;24;13;55333;2
29;106;13;70100;2
29;203;13;95;8
29;204;13;22345;1
29;179;13;22345;1
29;155;13;70555;1
29;71;13;22223;1
29;4;13;25000;1
29;63;13;12000;2
29;120;13;55777;6
29;3;13;33;1
29;198;13;43789;5
29;11;13;70999;1
29;169;13;55555;2
29;17;13;12444;2
29;71;13;22345;9
29;11;13;55222;2
29;159;13;70333;3
29;155;13;35789;11
29;42;13;22789;1
29;59;13;55555;6
29;3;13;50123;9
29;98;13;12345;2
29;154;13;25000;1
29;50;13;12000;1
29;1;13;25444;10
29;172;13;25000;1
29;172;13;22333;2
29;23;13;22223;1
29;159;13;55000;14
29;166;13;55000;2
29;121;13;35888;1
29;171;13;25444;8
29;123;13;25000;2
29;108;13;35789;1
29;37;13;25000;3
29;17;13;50150;1
29;203;13;22222;7
29;163;13;12444;2
29;123;13;33555;1
29;194;13;35678;9
29;6;13;22222;6
29;7;13;55123;1
29;19;13;22333;2
29;42;13;12000;3
29;200;13;55123;1
29;125;13;25;2
29;37;13;25;2
29;163;13;35333;4
29;194;13;55555;2
29;6;13;40222;1
29;68;13;96;7
29;4;13;33555;1
29;18;13;12345;4
29;169;13;43789;7
29;23;13;55555;2
29;2;13;70555;1
29;23;13;70678;5
29;178;13;12111;2
29;109;13;22345;1
29;105;13;22333;1
29;275;13;35666;1
29;65;13;55000;2
29;193;13;12345;8
29;194;13;70000;1
29;109;13;70000;8
29;55;13;12325;3
29;203;13;12345;5
29;183;13;22345;3
29;2;13;25555;4
29;31;13;95;4
29;135;13;13456;6
29;2;13;70678;10
29;71;13;70000;1
29;160;13;55222;6
29;156;13;22222;48
29;131;13;43789;7
29;183;13;13000;3
29;199;13;35333;4
29;99;13;70100;1
29;100;13;70111;2
29;111;13;70000;30
29;104;13;25555;3
29;3;13;22222;11
29;282;13;70111;1
29;157;13;13456;6
29;176;13;55;2
29;273;13;25;1
29;54;13;12345;2
29;264;13;43789;7
29;10;13;25555;2
29;46;13;70999;2
29;178;13;25444;3
29;149;13;35666;40
29;164;13;96;6
29;109;13;96;7
29;164;13;43789;6
29;46;13;55000;10
29;25;13;12325;9
29;23;13;22333;1
29;17;13;43789;1
29;22;13;70111;1
29;141;13;40222;2
29;38;13;40222;1
29;191;13;33444;2
29;66;13;25555;2
29;30;13;50150;1
29;184;13;40123;4
29;28;13;65123;7
29;131;13;65656;1
29;184;13;40222;3
29;70;13;33444;1
29;3;13;35003;1
29;99;13;35666;2
29;67;13;35777;1
29;174;13;25222;1
29;156;13;12325;8
29;159;13;55222;1
29;104;13;95;6
29;275;13;95;1
29;53;13;55222;1
29;13;13;13000;4
29;158;13;25456;2
29;138;13;40013;1
29;53;13;70678;3
29;17;13;65656;1
29;160;13;95;3
29;21;13;43789;2
29;154;13;43789;3
29;163;13;96;4
29;176;13;12423;1
29;158;13;40222;2
29;34;13;12325;4
29;113;13;35;1
29;191;13;70666;1
29;146;13;22223;4
29;106;13;22223;1
29;265;13;55555;2
29;152;13;95;1
29;35;13;43789;2
29;40;13;22345;1
29;3;13;35000;1
29;193;13;12111;3
29;190;13;55000;9
29;66;13;40333;1
29;180;13;35789;9
29;58;13;22222;6
29;65;13;25444;4
29;265;13;70555;1
29;19;13;95;10
29;13;13;96;4
29;204;13;40013;1
29;134;13;70333;1
29;37;13;22345;1
29;4;13;25123;3
29;50;13;12999;6
29;193;13;35000;3
29;166;13;40333;4
29;46;13;50;1
29;13;13;55;1
29;48;13;22223;1
29;107;13;22220;1
29;180;13;70678;4
29;112;13;12444;1
29;17;13;25444;3
29;203;13;33123;1
29;183;13;55222;1
29;26;13;12000;3
29;106;13;12444;2
29;163;13;25000;5
29;147;13;70678;15
29;2;13;35555;5
29;26;13;40000;7
29;282;13;96;3
29;204;13;35423;4
29;198;13;40123;2
29;175;13;35555;10
29;157;13;55444;1
29;111;13;22222;2
29;111;13;25444;6
29;19;13;12333;1
29;121;13;55666;1
29;174;13;12000;5
29;129;13;70678;1
29;40;13;22222;4
29;204;13;25;2
29;204;13;33;1
29;193;13;12325;8
29;146;13;35777;1
29;36;13;96;5
29;97;13;40333;2
29;276;13;25000;1
29;172;13;22000;2
29;50;13;25000;3
29;46;13;70333;3
29;17;13;13456;7
29;190;13;22222;20
29;25;13;25555;2
29;31;13;40123;1
29;191;13;95;3
29;130;13;12345;6
29;176;13;70000;7
29;159;13;12000;2
29;158;13;22222;8
29;97;13;35666;1
29;116;13;22333;4
29;174;13;22333;5
29;158;13;25444;9
29;179;13;25444;1
29;125;13;35789;3
29;18;13;40555;3
29;1;13;35666;1
29;170;13;55222;1
29;42;13;96;4
29;2;13;55444;1
29;22;13;22111;1
29;203;13;22190;42
29;187;13;22111;2
29;10;13;55444;6
29;64;13;40000;9
29;283;13;55444;3
29;58;13;25123;3
29;269;13;70123;13
29;276;13;12444;2
29;140;13;70456;1
29;178;13;25555;6
29;140;13;55123;1
29;5;13;65656;6
29;149;13;96;6
29;52;13;70456;1
29;169;13;40456;5
29;170;13;35555;6
29;1;13;70123;12
29;123;13;55444;8
29;142;13;40000;8
29;29;13;22123;3
29;191;13;55888;15
29;112;13;40123;2
29;108;13;12333;1
29;192;13;40456;1
29;30;13;55444;4
29;273;13;35555;8
29;282;13;70123;1
29;65;13;55888;3
29;48;13;55000;3
29;50;13;35555;5
29;31;13;12999;26
29;121;13;25678;1
29;176;13;12999;6
29;20;13;55888;2
29;115;13;55444;2
29;22;13;35555;2
29;61;13;35555;1
29;109;13;50150;11
29;40;13;22123;1
29;7;13;70123;5
29;52;13;25678;5
29;179;13;12333;2
29;32;13;35444;1
29;156;13;25456;3
29;200;13;55000;6
29;177;13;65123;5
29;158;13;12325;10
29;6;13;25123;2
29;111;13;40123;2
29;22;13;12999;4
29;277;13;12;1
29;100;13;70999;1
29;110;13;12325;6
29;181;13;70678;4
29;28;13;12444;1
29;166;13;70666;1
29;122;13;33444;1
29;135;13;25444;17
29;193;13;25555;2
29;264;13;13123;5
29;3;13;12444;3
29;110;13;40456;21
29;175;13;22123;5
29;24;13;12;2
29;180;13;22333;7
29;140;13;55222;4
29;51;13;25444;3
29;67;13;55000;3
29;52;13;35678;2
29;199;13;25222;1
29;3;13;13123;4
29;179;13;13000;1
29;173;13;55555;1
29;182;13;70678;1
29;8;13;22789;1
29;65;13;40222;1
29;32;13;35678;1
29;63;13;70333;1
29;45;13;13123;4
29;21;13;40222;3
29;130;13;13123;6
29;46;13;13123;1
29;58;13;70678;13
29;25;13;13123;4
29;139;13;55000;2
29;154;13;65123;6
29;121;13;22000;1
29;31;13;33;2
29;70;13;25;4
29;99;13;25222;2
29;47;13;22222;1
29;146;13;25444;4
29;58;13;65656;4
29;108;13;40;1
29;1;13;33123;6
29;8;13;22223;1
29;159;13;25456;2
29;166;13;13123;6
29;28;13;25456;1
29;200;13;33123;5
29;64;13;22333;6
29;35;13;13456;6
29;131;13;70111;1
29;106;13;33123;1
29;69;13;35888;1
29;202;13;13456;7
29;166;13;70100;1
29;31;13;25;5
29;178;13;13;1
29;283;13;35423;2
29;146;13;22222;5
29;8;13;33456;2
29;199;13;40333;1
29;8;13;22333;4
29;51;13;22;1
29;166;13;33123;16
29;34;13;13456;9
29;107;13;25456;30
29;107;13;13123;9
29;42;13;65656;1
29;15;13;55555;4
29;174;13;13123;2
29;26;13;70678;11
29;1;13;65123;6
29;264;13;12007;1
29;130;13;70678;8
29;8;13;55222;4
29;23;13;22222;1
29;190;13;95;6
29;19;13;22222;5
29;173;13;25555;1
29;200;13;25456;1
29;179;13;12;1
29;176;13;22333;1
29;98;13;70000;4
29;177;13;22223;2
29;275;13;22222;5
29;29;13;25444;5
29;122;13;55678;2
29;39;13;13456;3
29;35;13;22345;1
29;123;13;13456;6
29;154;13;12000;1
29;277;13;55123;2
29;58;13;12444;4
29;139;13;25444;6
29;265;13;35000;1
29;30;13;13000;2
29;42;13;12325;3
29;103;13;25;2
29;59;13;70678;7
29;159;13;12444;4
29;120;13;33;1
29;104;13;22222;14
29;105;13;25444;9
29;121;13;13123;4
29;103;13;25456;2
29;138;13;35888;1
29;8;13;35789;8
29;183;13;12;1
29;149;13;55;2
29;172;13;35;1
29;273;13;35100;1
29;142;13;12325;3
29;141;13;13123;4
29;38;13;55123;2
29;23;13;25;4
29;54;13;40000;9
29;21;13;40456;9
29;102;13;35222;2
29;142;13;40456;10
29;264;13;25678;1
29;149;13;12999;21
29;22;13;40456;21
29;273;13;55444;2
29;273;13;22111;1
29;40;13;55555;5
29;159;13;12999;5
29;159;13;12333;3
29;164;13;70123;3
29;51;13;40456;1
29;108;13;22111;2
29;134;13;40456;4
29;165;13;55444;7
29;149;13;35444;1
29;102;13;35555;9
29;149;13;33123;15
29;164;13;22190;1
29;97;13;55444;5
29;192;13;33123;19
29;154;13;33123;9
29;106;13;22190;7
29;73;13;12525;3
29;67;13;40000;3
29;96;13;40000;14
29;121;13;35555;5
29;32;13;55888;1
29;2;13;33123;4
29;170;13;12444;6
29;37;13;13123;2
29;139;13;70123;8
29;125;13;35555;9
29;140;13;70678;3
29;129;13;13123;1
29;123;13;70123;10
29;35;13;25678;1
29;141;13;70123;12
29;39;13;22190;9
29;17;13;40123;5
29;29;13;12999;5
29;123;13;35555;2
29;156;13;12999;1
29;170;13;55888;5
29;6;13;55888;4
29;165;13;55888;4
29;73;13;35333;5
29;158;13;22123;2
29;38;13;25678;1
29;152;13;12999;1
29;202;13;22123;5
29;190;13;70100;9
29;17;13;55888;4
29;183;13;70123;9
29;100;13;22123;2
29;99;13;22123;2
29;63;13;40456;10
29;198;13;70123;11
29;121;13;12333;3
29;173;13;70123;10
29;61;13;13000;1
29;276;13;12345;14
29;155;13;12345;4
29;276;13;50123;15
29;125;13;25000;1
29;277;13;33444;1
29;154;13;40123;2
29;8;13;22190;4
29;48;13;12325;22
29;10;13;22345;1
29;14;13;12333;1
29;9;13;22123;4
29;268;13;40456;6
29;160;13;35555;7
29;35;13;33444;1
29;130;13;70100;2
29;49;13;35789;10
29;121;13;25;1
29;58;13;33444;1
29;149;13;70000;4
29;120;13;35423;1
29;40;13;25555;4
29;24;13;35666;1
29;275;13;12000;2
29;61;13;12345;14
29;268;13;70000;9
29;65;13;70123;8
29;154;13;70999;1
29;4;13;22333;4
29;269;13;96;8
29;150;13;35555;6
29;11;13;35555;6
29;174;13;43789;4
29;46;13;55888;4
29;104;13;22190;6
29;63;13;55888;5
29;34;13;70123;4
29;103;13;55888;2
29;45;13;12999;14
29;148;13;70123;22
29;172;13;43190;1
29;154;13;70123;11
29;18;13;70349;1
29;191;13;22123;7
29;119;13;55888;2
29;5;13;35678;1
29;275;13;35000;1
29;22;13;55333;2
29;38;13;12999;7
29;160;13;12333;1
29;160;13;40456;6
29;72;13;12999;9
29;180;13;70888;1
29;17;13;25123;1
29;176;13;40000;5
29;55;13;12999;2
29;193;13;12999;14
29;99;13;35555;5
29;3;13;70123;12
29;64;13;35222;1
29;23;13;55888;7
29;163;13;55444;3
29;192;13;40123;5
29;193;13;40000;2
29;23;13;70123;28
29;134;13;22123;4
29;204;13;22123;5
29;194;13;55888;1
29;53;13;50123;2
29;49;13;25;6
29;112;13;22123;2
29;10;13;96;8
29;47;13;12;1
29;49;13;70;5
29;69;13;70;1
29;142;13;35;1
29;184;13;25;5
29;54;13;40123;3
29;180;13;35666;1
29;190;13;12325;14
29;113;13;55222;1
29;65;13;55;2
29;157;13;12345;8
29;203;13;22111;1
29;177;13;95;7
29;11;13;22345;1
29;7;13;70;1
29;34;13;12;1
29;119;13;35423;94
29;40;13;43789;7
29;273;13;43789;4
29;200;13;43789;5
29;65;13;95;4
29;10;13;12345;12
29;5;13;22789;1
29;166;13;43789;33
29;31;13;13000;1
29;146;13;35888;1
29;203;13;12325;9
29;103;13;12345;7
29;17;13;12345;11
29;174;13;12100;1
29;113;13;43789;6
29;275;13;70678;5
29;3;13;40;1
29;177;13;25555;5
29;165;13;22345;1
29;119;13;22345;1
29;163;13;22333;8
29;159;13;12345;23
29;32;13;12345;16
29;99;13;55333;1
29;31;13;33999;1
29;19;13;12000;2
29;184;13;70555;1
29;121;13;13000;3
29;129;13;22222;7
29;110;13;12345;7
29;276;13;12000;3
29;191;13;22222;5
29;164;13;33;1
29;180;13;13000;1
29;200;13;25555;10
29;282;13;12345;2
29;105;13;22223;1
29;111;13;22345;2
29;70;13;55222;1
29;133;13;13000;1
29;13;13;55000;8
29;185;13;25444;2
29;193;13;35789;7
29;125;13;25555;5
29;16;13;65656;2
29;5;13;22333;6
29;172;13;35789;3
29;159;13;35789;3
29;180;13;22222;8
29;37;13;50123;2
29;131;13;33444;3
29;102;13;55222;1
29;275;13;12620;1
29;39;13;25333;1
29;185;13;13456;1
29;16;13;25000;3
29;125;13;12111;2
29;139;13;50123;6
29;7;13;13000;3
29;65;13;55678;1
29;12;13;13123;5
29;50;13;13456;2
29;6;13;43789;3
29;102;13;96;11
29;199;13;55222;3
29;63;13;55000;5
29;20;13;12423;1
29;105;13;25456;1
29;41;13;35100;1
29;1;13;25000;5
29;19;13;12111;1
29;183;13;96;4
29;35;13;12345;7
29;142;13;13123;13
29;109;13;12423;3
29;155;13;55000;7
29;23;13;22345;2
29;146;13;70333;4
29;73;13;25321;1
29;43;13;25456;4
29;43;13;13123;1
29;123;13;43789;4
29;21;13;95;1
29;133;13;70333;1
29;130;13;70111;2
29;108;13;55222;1
29;172;13;12423;2
29;160;13;35100;4
29;179;13;50150;1
29;155;13;70000;3
29;23;13;25555;7
29;37;13;22333;3
29;30;13;55222;3
29;98;13;22345;4
29;172;13;55678;1
29;119;13;25321;3
29;71;13;25321;1
29;16;13;22333;2
29;48;13;22345;1
29;16;13;12345;10
29;139;13;95;8
29;199;13;12111;1
29;178;13;96;7
29;18;13;13456;5
29;175;13;33444;3
29;139;13;25000;7
29;264;13;96;8
29;154;13;12345;7
29;31;13;12345;13
29;2;13;55777;1
29;38;13;70678;10
29;68;13;35000;1
29;203;13;33444;4
29;41;13;33444;2
29;119;13;12345;8
29;99;13;12345;7
29;65;13;33555;1
29;59;13;43789;7
29;7;13;43789;3
29;265;13;43789;11
29;147;13;43789;3
29;160;13;70678;18
29;204;13;12345;7
29;135;13;70999;2
29;47;13;70222;3
29;193;13;55000;7
29;147;13;22333;2
29;45;13;25555;12
29;146;13;12000;2
29;203;13;33456;2
29;41;13;55000;1
29;108;13;35000;2
29;146;13;12444;6
29;187;13;25444;2
29;36;13;65656;1
29;38;13;12444;1
29;152;13;12444;1
29;193;13;25;6
29;97;13;22345;3
29;277;13;13456;24
29;66;13;22222;2
29;202;13;22222;4
29;47;13;22223;3
29;66;13;35333;1
29;14;13;70999;2
29;268;13;22345;5
29;42;13;95;5
29;96;13;96;5
29;140;13;96;12
29;99;13;43789;4
29;194;13;43789;30
29;117;13;33123;18
29;112;13;33456;1
29;46;13;55;2
29;99;13;55000;4
29;173;13;70111;1
29;171;13;22345;4
29;172;13;55555;6
29;269;13;22223;1
29;20;13;22192;3
29;113;13;22222;9
29;139;13;13123;6
29;185;13;70678;3
29;46;13;25;2
29;11;13;55;2
29;98;13;55123;3
29;171;13;22111;1
29;178;13;70100;3
29;63;13;95;4
29;142;13;70000;6
29;130;13;35555;6
29;194;13;55222;2
29;50;13;95;3
29;169;13;22222;8
29;102;13;35333;3
29;177;13;70777;2
29;181;13;95;2
29;22;13;12000;13
29;33;13;12345;3
29;164;13;35678;1
29;130;13;12333;2
29;103;13;35777;1
29;133;13;40123;1
29;10;13;33;1
29;204;13;22;2
29;36;13;43789;6
29;6;13;70555;1
29;45;13;70100;11
29;181;13;70100;3
29;119;13;25000;3
29;96;13;25000;3
29;163;13;70000;1
29;38;13;35678;1
29;265;13;70222;1
29;265;13;35222;7
29;277;13;12345;2
29;43;13;22789;2
29;45;13;65123;1
29;174;13;12345;19
29;203;13;55555;5
29;116;13;70333;1
29;154;13;35777;2
29;41;13;22190;9
29;142;13;43789;29
29;193;13;70666;5
29;30;13;40000;10
29;123;13;40123;8
29;277;13;40000;6
29;146;13;43100;1
29;58;13;40123;3
29;42;13;25123;1
29;134;13;55444;5
29;160;13;35000;1
29;97;13;12999;3
29;275;13;40000;3
29;107;13;70123;2
29;107;13;55888;4
29;194;13;12999;3
29;63;13;40123;4
29;107;13;40000;9
29;61;13;12999;5
29;52;13;35555;2
29;140;13;12999;3
29;21;13;55888;1
29;170;13;25123;1
29;177;13;70678;9
29;96;13;35555;6
29;70;13;35555;1
29;12;13;12999;6
29;149;13;40456;6
29;40;13;70123;1
29;59;13;70123;5
29;186;13;40000;9
29;120;13;40000;3
29;185;13;35555;2
29;131;13;22123;2
29;32;13;12333;3
29;268;13;12333;2
29;30;13;22190;6
29;20;13;70123;19
29;176;13;55888;3
29;142;13;12999;13
29;97;13;25678;1
29;17;13;70100;2
29;264;13;35423;1
29;187;13;22345;1
29;264;13;33444;2
29;48;13;33123;3
29;148;13;55555;1
29;112;13;22222;1
29;159;13;12325;7
29;69;13;35777;1
29;186;13;13456;3
29;156;13;40000;12
29;129;13;12423;1
29;109;13;12333;1
29;200;13;65123;23
29;157;13;35789;1
29;102;13;33123;2
29;282;13;12000;1
29;123;13;35678;1
29;13;13;22190;8
29;273;13;70000;1
29;159;13;22123;4
29;43;13;55888;1
29;202;13;13123;7
29;186;13;70678;3
29;134;13;22192;1
29;30;13;12444;2
29;108;13;35999;1
29;71;13;25456;2
29;36;13;13456;3
29;110;13;13123;1
29;120;13;25222;1
29;181;13;22190;13
29;107;13;40222;2
29;107;13;70678;5
29;96;13;25444;5
29;199;13;70333;1
29;14;13;22423;1
29;53;13;12325;8
29;273;13;35333;4
29;181;13;55123;2
29;135;13;70678;6
29;65;13;70678;13
29;20;13;13123;2
29;169;13;12;1
29;191;13;43;1
29;169;13;40222;1
29;1;13;65;1
29;41;13;35;1
29;146;13;13000;1
29;158;13;70;1
29;123;13;35423;2
29;172;13;22222;5
29;19;13;33123;4
29;113;13;12423;1
29;29;13;13456;5
29;96;13;33123;8
29;2;13;13000;5
29;185;13;12;2
29;26;13;22;1
29;41;13;70;1
29;150;13;12423;3
29;168;13;25;6
29;158;13;13;1
29;53;13;12;3
29;53;13;25;2
29;32;13;70100;5
29;21;13;12423;2
29;264;13;55555;2
29;131;13;33123;10
29;173;13;25000;8
29;8;13;65123;1
29;54;13;22222;6
29;123;13;65123;3
29;43;13;25222;1
29;11;13;13123;3
29;120;13;55555;2
29;275;13;55222;1
29;18;13;22333;1
29;117;13;70100;5
29;135;13;33123;1
29;168;13;65123;1
29;65;13;22333;4
29;10;13;40333;2
29;47;13;22192;1
29;4;13;35000;2
29;159;13;70100;11
29;55;13;13123;5
29;26;13;12444;2
29;46;13;25444;5
29;116;13;25444;5
29;264;13;35100;1
29;178;13;22192;1
29;276;13;70100;3
29;28;13;35333;10
29;19;13;70678;13
29;96;13;25456;3
29;180;13;25333;5
29;180;13;22446;3
29;107;13;25321;5
29;4;13;22222;13
29;152;13;12325;4
29;108;13;12325;2
29;155;13;35333;1
29;158;13;70100;1
29;159;13;35333;5
29;104;13;55555;4
29;133;13;55222;2
29;109;13;35000;4
29;99;13;13123;4
29;179;13;35;1
29;5;13;12345;11
29;185;13;13123;3
29;121;13;70100;3
29;135;13;13123;1
29;154;13;33444;1
29;117;13;12325;109
29;7;13;65123;2
29;184;13;65123;4
29;269;13;35000;4
29;10;13;35100;1
29;31;13;55555;5
29;59;13;70000;5
29;120;13;13123;2
29;3;13;25456;1
29;163;13;55123;1
29;175;13;13123;10
29;133;13;55000;13
29;26;13;50123;1
29;110;13;22;1
29;186;13;22;2
29;139;13;22222;2
29;72;13;35333;4
29;108;13;35333;3
29;191;13;70;1
29;111;13;50;1
29;23;13;35333;9
29;24;13;25444;48
29;38;13;25;3
29;120;13;25;2
29;5;13;35555;2
29;47;13;70666;1
29;45;13;12423;7
29;28;13;33123;13
29;157;13;70100;16
29;154;13;25123;1
29;45;13;55444;2
29;112;13;40000;4
29;283;13;13456;15
29;122;13;22123;2
29;14;13;12999;3
29;180;13;55444;45
29;33;13;35555;8
29;13;13;40456;7
29;163;13;40000;2
29;202;13;55444;36
29;166;13;22190;13
29;11;13;22190;5
29;174;13;12423;9
29;141;13;22190;5
29;13;13;12111;2
29;164;13;40456;5
29;1;13;35555;3
29;4;13;22123;2
29;110;13;22123;1
29;50;13;55444;2
29;117;13;55444;3
29;276;13;33123;4
29;175;13;33123;5
29;160;13;70123;12
29;180;13;25133;2
29;113;13;55888;1
29;16;13;35555;4
29;20;13;35555;4
29;68;13;70123;93
29;99;13;12999;9
29;46;13;40000;4
29;97;13;35555;6
29;269;13;22190;4
29;25;13;22123;2
29;67;13;22190;3
29;108;13;22190;7
29;14;13;70111;1
29;5;13;13456;8
29;121;13;22345;2
29;68;13;12325;7
29;203;13;70888;1
29;7;13;40456;10
29;135;13;12325;15
29;30;13;35555;3
29;134;13;12999;7
29;202;13;55888;4
29;156;13;35789;2
29;26;13;25678;3
29;14;13;55888;3
29;40;13;12999;4
29;61;13;40123;8
29;40;13;55444;3
29;100;13;50123;3
29;70;13;12325;3
29;184;13;35666;1
29;66;13;25000;1
29;65;13;25000;2
29;12;13;25000;1
29;186;13;22123;5
29;96;13;50123;5
29;121;13;12999;5
29;154;13;35555;5
29;39;13;33444;1
29;34;13;55555;2
29;66;13;55555;2
29;125;13;35777;4
29;35;13;25;1
29;198;13;12;1
29;191;13;35678;3
29;12;13;50123;3
29;63;13;35423;4
29;178;13;35333;2
29;276;13;40123;7
29;190;13;50;1
29;160;13;43789;3
29;52;13;70123;15
29;191;13;43190;1
29;154;13;22333;5
29;282;13;12999;2
29;1;13;70777;3
29;110;13;55333;6
29;11;13;70888;1
29;39;13;40000;5
29;34;13;22123;1
29;49;13;96;1
29;133;13;12999;2
29;25;13;70888;1
29;191;13;70123;16
29;37;13;70123;3
29;172;13;55888;2
29;139;13;35555;6
29;171;13;40123;9
29;20;13;22190;35
29;15;13;55444;5
29;36;13;22123;4
29;117;13;70678;2
29;105;13;13123;2
29;41;13;25555;3
29;111;13;35000;1
29;108;13;35222;10
29;61;13;12333;5
29;29;13;55888;5
29;110;13;55888;1
29;131;13;55888;2
29;163;13;22190;6
29;3;13;22123;3
29;146;13;12333;1
29;61;13;35678;2
29;108;13;22;2
29;24;13;25555;18
29;147;13;40123;1
29;171;13;40000;7
29;111;13;33444;2
29;11;13;12100;1
29;70;13;70100;1
29;30;13;70666;2
29;146;13;35789;3
29;96;13;12000;2
29;69;13;95;5
29;117;13;43789;3
29;155;13;12325;6
29;130;13;55777;1
29;165;13;12000;1
29;107;13;70000;3
29;59;13;35678;2
29;204;13;96;6
29;105;13;25555;11
29;141;13;13456;2
29;18;13;70111;2
29;115;13;25;6
29;268;13;96;5
29;28;13;25000;2
29;66;13;12345;2
29;276;13;22000;1
29;138;13;96;12
29;121;13;35777;1
29;9;13;96;8
29;190;13;43789;3
29;276;13;25444;5
29;166;13;55222;7
29;32;13;12325;18
29;204;13;50123;4
29;202;13;35678;2
29;175;13;12345;14
29;269;13;70555;2
29;53;13;22333;4
29;59;13;35666;1
29;13;13;35777;3
29;67;13;35789;2
29;53;13;96;1
29;194;13;12345;4
29;3;13;25;1
29;130;13;70;1
29;123;13;95;9
29;187;13;95;3
29;176;13;55000;31
29;277;13;55222;3
29;119;13;70333;3
29;55;13;25555;2
29;192;13;70555;1
29;187;13;35789;3
29;40;13;35423;1
29;190;13;70678;2
29;42;13;35678;2
29;142;13;35678;1
29;138;13;35423;5
29;173;13;22789;1
29;23;13;70000;1
29;64;13;22223;2
29;7;13;25456;2
29;96;13;70678;5
29;10;13;50123;7
29;133;13;70666;1
29;135;13;35;1
29;135;13;70;1
29;26;13;95;4
29;37;13;35777;1
29;269;13;55000;2
29;61;13;55000;17
29;69;13;40222;3
29;6;13;70678;13
29;160;13;25000;5
29;158;13;12111;2
29;158;13;35423;1
29;164;13;95;4
29;111;13;43789;6
29;146;13;35423;3
29;97;13;35423;2
29;134;13;95;2
29;105;13;70999;2
29;21;13;13000;1
29;37;13;12423;6
29;275;13;50123;4
29;184;13;35789;7
29;121;13;25444;7
29;64;13;70555;1
29;182;13;13456;1
29;2;13;12;1
29;37;13;13;1
29;186;13;43789;7
29;55;13;43789;2
29;120;13;12000;2
29;42;13;25456;1
29;172;13;12444;2
29;139;13;35423;2
29;69;13;70678;8
29;165;13;33123;21
29;273;13;40222;2
29;160;13;40222;1
29;268;13;25888;1
29;13;13;22345;1
29;164;13;55555;4
29;184;13;22333;5
29;38;13;22333;6
29;159;13;40013;2
29;3;13;33444;1
29;1;13;33555;4
29;185;13;70333;1
29;120;13;25321;1
29;158;13;25555;6
29;123;13;12345;18
29;194;13;35789;1
29;204;13;25321;7
29;183;13;33123;7
29;96;13;55777;1
29;180;13;12;1
29;200;13;13;1
29;30;13;22333;4
29;184;13;12423;5
29;99;13;70666;6
29;135;13;96;2
29;72;13;55000;21
29;1;13;40123;2
29;177;13;13456;7
29;180;13;22223;1
29;1;13;70000;3
29;135;13;12345;7
29;18;13;22222;3
29;139;13;13456;20
29;6;13;70111;3
29;29;13;22223;3
29;15;13;13456;4
29;154;13;70000;5
29;200;13;22;1
29;156;13;12000;1
29;45;13;13000;5
29;23;13;55222;2
29;163;13;70777;2
29;69;13;35003;2
29;10;13;33444;2
29;29;13;55123;1
29;26;13;96;5
29;111;13;35222;2
29;43;13;65123;1
29;59;13;96;6
29;125;13;33444;1
29;1;13;55222;2
29;29;13;70333;1
29;47;13;70678;6
29;68;13;55123;1
29;99;13;35789;3
29;160;13;33555;1
29;55;13;70111;1
29;116;13;35678;2
29;204;13;70456;1
29;204;13;12000;6
29;22;13;43789;2
29;159;13;13456;7
29;41;13;13456;5
29;15;13;33456;1
29;103;13;70666;1
29;170;13;70111;1
29;113;13;33;2
29;4;13;12;1
29;166;13;13456;3
29;164;13;70678;4
29;116;13;22345;1
29;105;13;70666;1
29;276;13;35423;1
29;138;13;70678;6
29;282;13;25456;13
29;192;13;70678;1
29;52;13;55000;9
29;40;13;65123;1
29;178;13;13456;2
29;133;13;35789;11
29;154;13;12;1
29;125;13;13123;3
29;180;13;12444;1
29;46;13;55555;3
29;275;13;96;1
29;104;13;43789;3
29;185;13;33123;2
29;36;13;13123;6
29;198;13;35123;1
29;184;13;33123;5
29;273;13;50123;9
29;13;13;25;3
29;17;13;12423;6
29;178;13;12325;7
29;71;13;96;5
29;173;13;70100;9
29;193;13;70333;5
29;8;13;35000;1
29;103;13;13456;5
29;172;13;70555;2
29;170;13;70555;1
29;156;13;70123;7
29;38;13;33123;3
29;45;13;12;1
29;135;13;70100;5
29;119;13;65123;7
29;116;13;33555;1
29;179;13;95;2
29;15;13;22190;6
29;160;13;22111;1
29;168;13;40000;2
29;30;13;22000;1
29;185;13;25222;1
29;121;13;96;4
29;38;13;22220;1
29;42;13;12345;6
29;17;13;22190;7
29;165;13;25444;1
29;110;13;33444;1
29;38;13;25000;3
29;12;13;33444;1
29;169;13;12111;1
29;4;13;35333;3
29;168;13;22222;9
29;117;13;95;6
29;69;13;55777;18
29;29;13;70000;3
29;115;13;70000;1
29;160;13;25555;6
29;58;13;96;4
29;172;13;22223;2
29;45;13;70333;2
29;179;13;65123;2
29;180;13;33444;1
29;199;13;95;7
29;163;13;95;1
29;159;13;25555;5
29;142;13;50123;2
29;41;13;22345;2
29;46;13;33555;1
29;131;13;55444;1
29;50;13;22190;12
29;42;13;40123;5
29;175;13;55444;4
29;158;13;55444;1
29;100;13;22190;3
29;110;13;55444;2
29;5;13;13123;6
29;44;13;96;4
29;106;13;25678;3
29;159;13;70123;11
29;22;13;70123;5
29;160;13;55123;4
29;155;13;70678;10
29;173;13;35423;3
29;138;13;12999;3
29;165;13;40456;6
29;178;13;40456;14
29;133;13;40000;2
29;13;13;22123;2
29;166;13;40000;7
29;200;13;70456;3
29;177;13;25678;1
29;123;13;70456;1
29;16;13;40000;6
29;125;13;22123;3
29;42;13;12111;2
29;13;13;22223;1
29;204;13;12999;7
29;31;13;35555;3
29;203;13;70123;13
29;113;13;65123;1
29;44;13;40456;59
29;121;13;43190;1
29;54;13;22111;2
29;28;13;35423;3
29;273;13;12999;3
29;275;13;55888;1
29;183;13;70888;1
29;135;13;35555;6
29;21;13;35555;3
29;203;13;35555;7
29;171;13;12999;1
29;265;13;12999;2
29;135;13;55444;2
29;163;13;25678;5
29;12;13;35333;3
29;25;13;22345;2
29;166;13;22111;7
29;41;13;25456;1
29;148;13;22345;2
29;29;13;35777;2
29;20;13;70333;5
29;119;13;70222;1
29;165;13;70111;1
29;8;13;50123;3
29;6;13;22789;2
29;47;13;35003;1
29;28;13;55333;2
29;73;13;40456;5
29;163;13;12999;12
29;180;13;12325;8
29;29;13;55;1
29;193;13;33123;1
29;108;13;55000;1
29;67;13;22333;3
29;1;13;12444;2
29;22;13;22222;5
29;269;13;22222;5
29;194;13;12325;1
29;139;13;22220;2
29;158;13;12423;1
29;181;13;35555;8
29;156;13;22123;2
29;200;13;12325;6
29;184;13;55000;1
29;99;13;55222;1
29;119;13;22333;20
29;160;13;12000;8
29;71;13;12325;2
29;42;13;22222;2
29;107;13;25444;4
29;47;13;12325;10
29;159;13;22223;5
29;177;13;25444;28
29;139;13;25555;6
29;64;13;12111;3
29;24;13;13123;13
29;107;13;22222;5
29;139;13;65123;2
29;59;13;25321;1
29;155;13;12444;14
29;29;13;12325;8
29;176;13;33555;2
29;169;13;25;3
29;2;13;55333;1
29;13;13;22222;8
29;26;13;25;6
29;53;13;22222;2
29;163;13;12;1
29;109;13;65;1
29;135;13;12423;5
29;36;13;13000;1
29;50;13;40333;1
29;3;13;22333;6
29;42;13;35333;1
29;269;13;12423;9
29;30;13;33555;1
29;1;13;33;2
29;96;13;13123;3
29;46;13;13000;7
29;158;13;22;3
29;198;13;96;8
29;70;13;33123;1
29;40;13;25000;4
29;168;13;22345;1
29;158;13;70555;1
29;102;13;22222;4
29;121;13;70222;1
29;4;13;13000;2
29;42;13;70222;2
29;15;13;55222;1
29;104;13;13456;5
29;142;13;40333;2
29;30;13;12111;2
29;46;13;35333;2
29;169;13;25000;4
29;59;13;35789;2
29;168;13;55000;7
29;4;13;12111;2
29;123;13;70100;2
29;123;13;35123;1
29;16;13;65123;1
29;174;13;13000;1
29;141;13;55555;3
29;184;13;55555;2
29;135;13;35000;3
29;173;13;33123;15
29;8;13;22345;2
29;14;13;13456;6
29;29;13;55555;2
29;275;13;55555;3
29;4;13;12423;7
29;140;13;33123;4
29;141;13;35777;1
29;64;13;25444;7
29;69;13;70000;10
29;35;13;22222;5
29;35;13;25444;4
29;66;13;22000;4
29;9;13;22223;4
29;38;13;12325;5
29;35;13;55555;3
29;104;13;22345;3
29;59;13;35777;1
29;265;13;13123;14
29;168;13;33123;5
29;64;13;33123;3
29;203;13;70999;2
29;50;13;13;1
29;66;13;55;1
29;198;13;25456;1
29;15;13;25555;5
29;17;13;70000;8
29;19;13;50;1
29;33;13;13456;10
29;64;13;13123;1
29;49;13;12423;1
29;275;13;12888;1
29;7;13;35333;2
29;202;13;12325;5
29;173;13;65123;1
29;3;13;12325;7
29;18;13;25222;3
29;5;13;55000;10
29;135;13;22192;2
29;142;13;70666;1
29;61;13;50123;12
29;105;13;25;2
29;140;13;40;1
29;45;13;22223;1
29;38;13;13123;7
29;133;13;70123;46
29;69;13;12999;26
29;22;13;33;1
29;39;13;70222;1
29;64;13;55888;3
29;42;13;40456;6
29;26;13;70123;18
29;54;13;70123;2
29;185;13;25321;1
29;73;13;55444;1
29;152;13;65123;1
29;184;13;55222;3
29;38;13;55222;4
29;155;13;33456;1
29;146;13;33123;11
29;139;13;25321;1
29;31;13;12423;2
29;1;13;25456;1
29;131;13;25678;3
29;29;13;55444;5
29;99;13;22111;1
29;73;13;22123;7
29;277;13;25133;1
29;25;13;35555;10
29;97;13;12423;14
29;172;13;35000;3
29;73;13;33123;14
29;202;13;70123;5
29;172;13;40456;7
29;64;13;55444;2
29;48;13;22123;2
29;63;13;55444;4
29;5;13;70888;3
29;110;13;12999;4
29;172;13;70123;9
29;172;13;25123;1
29;134;13;40123;10
29;28;13;55444;1
29;97;13;22190;3
29;177;13;12333;2
29;30;13;33456;1
29;18;13;35444;3
29;283;13;70456;2
29;171;13;22190;2
29;116;13;40000;3
29;30;13;25321;1
29;277;13;55555;1
29;50;13;12345;4
29;204;13;35777;1
29;268;13;12000;4
29;36;13;70888;1
29;281;13;33555;3
29;163;13;12345;9
29;142;13;25555;13
29;115;13;22345;1
29;105;13;70000;8
29;199;13;70000;7
29;273;13;40000;5
29;268;13;25;1
29;140;13;35555;5
29;184;13;25555;12
29;129;13;22190;2
29;6;13;70123;8
29;156;13;70555;1
29;107;13;35678;1
29;198;13;55888;1
29;198;13;12333;2
29;264;13;35666;1
29;33;13;70100;1
29;171;13;35333;24
29;72;13;22345;2
29;52;13;25;5
29;40;13;22;1
29;140;13;35423;1
29;131;13;12345;5
29;168;13;70000;38
29;42;13;22345;2
29;150;13;13456;5
29;176;13;12000;2
29;176;13;33444;1
29;176;13;12333;5
29;66;13;12333;1
29;170;13;35666;1
29;40;13;12444;7
29;21;13;25555;35
29;61;13;22111;1
29;121;13;55444;7
29;138;13;22190;9
29;157;13;40456;2
29;133;13;70678;3
29;173;13;55222;4
29;102;13;95;1
29;121;13;12444;3
29;22;13;96;8
29;4;13;12333;2
29;106;13;70123;10
29;268;13;40123;1
29;264;13;70123;12
29;199;13;35555;10
29;115;13;12333;2
29;268;13;40222;4
29;172;13;95;6
29;15;13;40123;2
29;33;13;22190;3
29;19;13;70123;14
29;187;13;22190;2
29;113;13;22190;3
29;18;13;35555;2
29;134;13;40222;1
29;165;13;55123;2
29;5;13;12999;6
29;3;13;43190;1
29;108;13;12999;2
29;269;13;25678;2
29;102;13;55444;1
29;276;13;70123;14
29;11;13;25123;1
29;158;13;12525;1
29;104;13;40123;1
29;146;13;40456;2
29;269;13;40123;9
29;203;13;35444;1
29;33;13;40456;15
29;61;13;25555;2
29;49;13;22;2
29;49;13;55;1
29;276;13;96;3
29;172;13;22111;1
29;41;13;70222;1
29;199;13;25555;7
29;23;13;13456;1
29;97;13;25000;3
29;54;13;25;4
29;69;13;25;1
29;7;13;55;2
29;25;13;43;1
29;34;13;35;2
29;154;13;22190;12
29;6;13;95;5
29;169;13;12000;3
29;166;13;70000;3
29;32;13;96;5
29;150;13;25555;2
29;31;13;25444;9
29;42;13;35789;3
29;110;13;35678;1
29;175;13;35423;3
29;115;13;13000;3
29;99;13;35;1
29;31;13;35333;10
29;103;13;12000;1
29;190;13;13123;5
29;12;13;55555;3
29;64;13;12000;3
29;179;13;55555;1
29;18;13;70555;1
29;158;13;33444;2
29;141;13;22222;13
29;131;13;22223;2
29;203;13;13000;3
29;146;13;96;9
29;106;13;12000;2
29;41;13;25444;3
29;106;13;12423;4
29;30;13;55333;1
29;103;13;70000;8
29;99;13;70333;2
29;58;13;12345;16
29;4;13;70777;4
29;19;13;13;2
29;190;13;55123;1
29;152;13;22345;1
29;163;13;70111;1
29;166;13;12345;11
29;54;13;35333;1
29;64;13;25000;1
29;146;13;25555;2
29;119;13;25555;4
29;3;13;12000;4
29;163;13;35678;2
29;102;13;12;2
29;2;13;35789;3
29;157;13;13000;2
29;134;13;50123;6
29;10;13;35678;1
29;179;13;35423;13
29;134;13;43789;6
29;171;13;22222;2
29;160;13;35789;4
29;25;13;35789;6
29;158;13;50123;1
29;45;13;13456;6
29;135;13;13000;3
29;24;13;70678;1
29;46;13;22223;4
29;168;13;35423;1
29;281;13;13456;6
29;154;13;55555;4
29;170;13;22223;3
29;164;13;22223;1
29;268;13;95;8
29;150;13;22223;1
29;282;13;22222;1
29;18;13;13000;4
29;59;13;33444;2
29;115;13;12345;3
29;178;13;40555;1
29;7;13;13123;6
29;58;13;33456;1
29;191;13;35003;1
29;2;13;25;5
29;121;13;22223;2
29;17;13;33123;4
29;185;13;35678;1
29;198;13;12345;8
29;121;13;12423;9
29;47;13;35423;2
29;140;13;25222;11
29;183;13;55555;5
29;28;13;55555;1
29;199;13;70999;1
29;125;13;96;12
29;125;13;43789;8
29;130;13;22192;1
29;6;13;70333;1
29;1;13;43789;8
29;149;13;22222;10
29;44;13;25444;7
29;160;13;22333;13
29;70;13;95;8
29;97;13;70111;2
29;25;13;12345;4
29;199;13;12000;3
29;20;13;35100;1
29;17;13;70555;1
29;106;13;25444;5
29;175;13;25444;2
29;47;13;70333;1
29;46;13;50123;3
29;111;13;22192;5
29;187;13;70;1
29;200;13;55;1
29;7;13;33123;10
29;25;13;96;2
29;275;13;35678;1
29;2;13;65123;4
29;141;13;12888;1
29;183;13;25444;5
29;276;13;22223;1
29;110;13;13456;4
29;29;13;25555;2
29;156;13;25555;8
29;23;13;43789;18
29;138;13;13;1
29;142;13;12000;1
29;155;13;22223;1
29;19;13;55000;4
29;146;13;65656;1
29;142;13;70100;6
29;115;13;33444;2
29;49;13;70000;2
29;12;13;35789;1
29;17;13;96;4
29;13;13;95;3
29;179;13;96;6
29;171;13;95;4
29;277;13;70678;4
29;121;13;70678;3
29;273;13;12444;2
29;29;13;12444;5
29;170;13;35888;1
29;158;13;25222;1
29;26;13;70999;2
29;59;13;12007;1
29;48;13;25555;1
29;185;13;12000;4
29;13;13;25555;2
29;115;13;40123;2
29;14;13;12111;1
29;47;13;55222;2
29;54;13;55000;3
29;160;13;25222;5
29;163;13;55333;1
29;47;13;22220;1
29;4;13;25;2
29;36;13;12;1
29;36;13;55;1
29;115;13;12423;5
29;184;13;70222;1
29;182;13;35333;3
29;273;13;55555;5
29;20;13;12111;5
29;147;13;33444;1
29;155;13;25456;1
29;168;13;40222;1
29;35;13;96;4
29;140;13;70333;2
29;103;13;12325;6
29;200;13;40333;1
29;148;13;70999;1
29;24;13;22333;1
29;148;13;22333;2
29;40;13;50123;1
29;154;13;25;4
29;49;13;95;4
29;8;13;70100;2
29;159;13;55333;1
29;174;13;13456;12
29;121;13;35678;4
29;155;13;22333;9
29;3;13;65123;8
29;45;13;12620;1
29;107;13;25333;5
29;193;13;22222;3
29;112;13;65123;2
29;28;13;43;2
29;100;13;55000;3
29;71;13;65123;4
29;59;13;12423;10
29;5;13;33555;2
29;140;13;25000;1
29;58;13;12423;11
29;22;13;35423;2
29;34;13;35423;2
29;7;13;12325;1
29;173;13;35555;11
29;141;13;22192;1
29;141;13;33123;2
29;46;13;12;1
29;178;13;70111;1
29;152;13;70123;197
29;33;13;43;2
29;33;13;55;1
29;105;13;96;4
29;138;13;22222;5
29;191;13;22220;1
29;175;13;12;1
29;54;13;70333;2
29;97;13;35789;2
29;135;13;33555;1
29;155;13;95;10
29;20;13;12345;3
29;73;13;35789;3
29;179;13;25000;1
29;100;13;35678;1
29;42;13;55888;2
29;176;13;12525;2
29;7;13;22190;7
29;176;13;55444;2
29;158;13;95;4
29;14;13;22222;5
29;73;13;12;2
29;175;13;33;1
29;31;13;96;2
29;10;13;35777;1
29;99;13;33444;4
29;48;13;35423;1
29;19;13;70333;5
29;51;13;35789;4
29;142;13;12345;15
29;100;13;55555;1
29;6;13;22345;1
29;103;13;35678;9
29;108;13;25000;1
29;1;13;12345;24
29;22;13;55678;1
29;23;13;50123;1
29;4;13;22789;1
29;63;13;25444;3
29;181;13;55000;2
29;43;13;55444;1
29;156;13;70000;2
29;150;13;40123;3
29;41;13;55444;3
29;142;13;96;7
29;24;13;35678;1
29;96;13;40123;4
29;9;13;33444;2
29;44;13;22111;1
29;44;13;40123;6
29;133;13;55444;1
29;72;13;22190;1
29;20;13;25123;2
29;65;13;55444;3
29;53;13;55333;16
29;155;13;40222;1
29;116;13;12999;8
29;268;13;70456;1
29;204;13;70888;2
29;61;13;12423;11
29;15;13;35000;1
29;104;13;12423;1
29;275;13;12423;4
29;68;13;35555;6
29;104;13;22123;3
29;155;13;40123;7
29;181;13;40000;7
29;37;13;12333;1
29;25;13;40000;3
29;187;13;40000;1
29;48;13;65123;2
29;58;13;55888;2
29;2;13;22123;3
29;146;13;55555;2
29;168;13;70666;6
29;158;13;70666;5
29;173;13;55888;2
29;191;13;35555;9
29;173;13;25678;2
29;116;13;22123;5
29;5;13;12333;2
29;17;13;12999;5
29;146;13;40123;3
29;154;13;40000;9
29;105;13;55888;2
29;171;13;35555;3
29;173;13;25321;1
29;9;13;13456;9
29;52;13;22223;3
29;173;13;22345;2
29;193;13;55555;3
29;179;13;35333;2
29;51;13;35333;3
29;64;13;35333;1
29;191;13;70100;4
29;198;13;35777;1
29;148;13;40;1
29;22;13;25456;3
29;142;13;25321;1
29;36;13;40123;6
29;16;13;35678;1
29;122;13;50123;5
29;166;13;40456;9
29;166;13;22123;2
29;182;13;70123;2
29;61;13;22;1
29;24;13;13;1
29;73;13;13000;1
29;184;13;70000;4
29;104;13;12000;22
29;172;13;40555;4
29;141;13;35000;1
29;202;13;55123;2
29;192;13;35000;2
29;156;13;70678;5
29;51;13;12325;1
29;191;13;13123;2
29;181;13;13123;21
29;163;13;22345;6
29;35;13;35789;1
29;29;13;35789;3
29;199;13;43;1
29;52;13;35333;3
29;15;13;50123;9
29;199;13;13;1
29;199;13;55;1
29;41;13;25;2
29;277;13;65123;3
29;15;13;65656;2
29;67;13;22;1
29;61;13;55555;4
29;264;13;22345;1
29;103;13;25321;13
29;15;13;22345;2
29;32;13;33123;18
29;58;13;33123;5
29;282;13;55222;2
29;147;13;12423;3
29;173;13;50123;5
29;69;13;70666;1
29;203;13;22;2
29;204;13;35000;4
29;273;13;55000;4
29;171;13;12;1
29;11;13;33123;5
29;159;13;13123;3
29;122;13;55222;2
29;109;13;22000;1
29;180;13;13456;4
29;134;13;70999;1
29;64;13;55222;1
29;35;13;22192;1
29;134;13;55555;1
29;282;13;25333;1
29;202;13;22423;2
29;184;13;22423;3
29;160;13;70100;1
29;265;13;35789;3
29;13;13;13123;3
29;198;13;65123;1
29;178;13;22223;1
29;131;13;13000;4
29;164;13;12325;5
29;164;13;70666;1
29;69;13;33123;23
29;96;13;12423;8
29;61;13;55222;1
29;69;13;35333;14
29;275;13;70555;1
29;59;13;25000;2
29;52;13;12325;3
29;43;13;33;1
29;25;13;12000;1
29;16;13;12000;1
29;122;13;55555;1
29;58;13;70111;1
29;203;13;55222;3
29;28;13;13456;14
29;10;13;13123;3
29;156;13;13123;4
29;159;13;25;5
29;179;13;70;1
29;5;13;22446;1
29;172;13;22;1
29;16;13;12423;12
29;30;13;25555;5
29;268;13;22333;8
29;38;13;65123;1
29;53;13;12423;2
29;25;13;33123;142
29;193;13;70678;6
29;177;13;25;2
29;66;13;70;4
29;140;13;55;2
29;42;13;70111;2
29;22;13;22;1
29;42;13;65;1
29;65;13;40013;1
29;73;13;35000;1
29;281;13;50;1
29;25;13;12423;3
29;193;13;12444;2
29;177;13;25000;4
29;122;13;35789;31
29;175;13;70222;3
29;66;13;22;3
29;39;13;25444;4
29;184;13;13123;4
29;64;13;13456;9
29;20;13;35789;3
29;181;13;12423;2
29;139;13;40123;4
29;275;13;70100;4
29;202;13;35555;11
29;138;13;40456;5
29;108;13;70123;1
29;2;13;12525;1
29;139;13;25123;1
29;1;13;40000;9
29;117;13;35555;3
29;276;13;40456;9
29;130;13;40456;5
29;149;13;12333;1
29;269;13;40456;9
29;14;13;40000;12
29;184;13;22190;8
29;19;13;22190;43
29;53;13;22190;2
29;194;13;40456;24
29;54;13;22190;1
29;14;13;43190;1
29;61;13;40000;7
29;40;13;40000;4
29;268;13;55444;1
29;17;13;40000;10
29;10;13;33123;9
29;172;13;13123;2
29;28;13;25321;1
29;150;13;33123;3
29;14;13;70456;1
29;134;13;25123;1
29;159;13;22190;11
29;50;13;33456;2
29;200;13;22123;7
29;100;13;12999;6
29;139;13;12620;1
29;31;13;40222;6
29;25;13;12999;1
29;105;13;25678;1
29;26;13;55888;6
29;100;13;55444;1
29;22;13;55888;7
29;184;13;40456;9
29;3;13;12333;3
29;61;13;12000;2
29;16;13;12999;3
29;25;13;12333;2
29;282;13;25678;2
29;168;13;12333;1
29;180;13;22111;1
29;177;13;70100;5
29;156;13;22111;5
29;46;13;22345;1
29;130;13;70555;2
29;68;13;12999;11
29;177;13;70888;2
29;63;13;70777;1
29;67;13;70333;1
29;122;13;22190;6
29;10;13;33555;1
29;273;13;40456;6
29;172;13;22123;1
29;4;13;35555;5
29;58;13;70000;5
29;138;13;12345;4
29;40;13;55;1
29;106;13;25000;5
29;178;13;70000;3
29;52;13;40456;11
29;175;13;22345;8
29;177;13;70000;2
29;17;13;95;1
29;264;13;70777;1
29;31;13;12325;21
29;19;13;35789;3
29;177;13;33999;1
29;20;13;12000;4
29;264;13;12345;23
29;58;13;70123;5
29;183;13;35003;1
29;4;13;70999;1
29;29;13;22190;8
29;172;13;12000;1
29;156;13;40456;61
29;107;13;35555;8
29;52;13;40123;4
29;180;13;40000;10
29;9;13;12333;2
29;186;13;35423;1
29;174;13;96;5
29;157;13;35555;1
29;191;13;12999;7
29;72;13;12333;1
29;9;13;70123;1
29;1;13;12333;2
29;115;13;22123;10
29;66;13;22123;2
29;141;13;12999;21
29;125;13;22190;9
29;140;13;22190;10
29;47;13;40456;23
29;172;13;40000;1
29;173;13;22123;4
29;276;13;22190;2
29;65;13;40000;6
29;174;13;55888;3
29;64;13;22111;3
29;203;13;12999;6
29;154;13;55888;3
29;12;13;35555;3
29;18;13;22123;1
29;53;13;12999;15
29;190;13;70000;8
29;96;13;70888;1
29;172;13;65123;1
29;142;13;43;1
29;23;13;25123;1
29;130;13;35423;1
29;155;13;96;10
29;100;13;70;1
29;159;13;55555;3
29;11;13;55555;3
29;47;13;95;4
29;103;13;96;6
29;25;13;40;1
29;115;13;13;1
29;192;13;25;1
29;183;13;50150;1
29;49;13;13456;1
29;129;13;43789;9
29;66;13;95;2
29;15;13;55;1
29;273;13;96;2
29;182;13;95;4
29;73;13;25555;1
29;131;13;25000;9
29;171;13;96;5
29;269;13;55222;4
29;133;13;96;7
29;184;13;13456;5
29;283;13;43789;5
29;24;13;12423;1
29;169;13;70555;1
29;155;13;22222;5
29;174;13;35777;2
29;63;13;35789;6
29;150;13;33555;2
29;165;13;12345;6
29;96;13;12345;3
29;34;13;22222;2
29;186;13;25000;1
29;99;13;70;1
29;9;13;43789;5
29;25;13;95;1
29;97;13;55222;3
29;166;13;70333;12
29;194;13;50123;5
29;13;13;12345;11
29;51;13;65123;2
29;134;13;12111;1
29;276;13;33444;2
29;63;13;25555;5
29;111;13;55000;11
29;184;13;25444;6
29;42;13;22223;1
29;191;13;25000;3
29;47;13;35666;3
29;174;13;12888;1
29;28;13;35777;2
29;204;13;25555;2
29;147;13;35666;1
29;171;13;12345;11
29;59;13;12111;1
29;149;13;55000;21
29;1;13;22222;8
29;264;13;55000;8
29;165;13;55000;3
29;168;13;12111;4
29;102;13;35789;9
29;183;13;22223;9
29;277;13;25444;1
29;112;13;22223;1
29;21;13;25;3
29;103;13;22333;6
29;68;13;43789;1
29;186;13;96;6
29;55;13;96;8
29;6;13;35423;2
29;154;13;22345;1
29;182;13;22222;3
29;204;13;70333;2
29;200;13;35333;1
29;276;13;55000;7
29;177;13;55222;3
29;66;13;55000;17
29;13;13;25222;1
29;38;13;33555;2
29;69;13;35789;2
29;131;13;22345;1
29;59;13;22192;1
29;59;13;33123;5
29;59;13;12000;2
29;177;13;35333;3
29;175;13;95;11
29;8;13;12345;8
29;269;13;65123;4
29;37;13;35100;1
29;120;13;12423;2
29;174;13;25555;5
29;169;13;33123;4
29;190;13;12345;10
29;50;13;70000;8
29;21;13;13456;13
29;51;13;70678;1
29;134;13;70100;5
29;165;13;70000;1
29;169;13;70000;7
29;119;13;70000;1
29;99;13;70000;34
29;174;13;70100;3
29;37;13;43789;5
29;103;13;12423;2
29;282;13;70100;1
29;177;13;22345;2
29;138;13;12;1
29;41;13;35888;1
29;175;13;25555;13
29;44;13;35333;25
29;119;13;35789;7
29;130;13;55000;6
29;42;13;70100;1
29;109;13;70111;11
29;10;13;12111;1
29;125;13;12000;5
29;63;13;25222;1
29;125;13;55000;7
29;165;13;25333;3
29;71;13;40333;1
29;9;13;50123;1
29;202;13;25123;1
29;203;13;70000;23
29;25;13;55333;1
29;184;13;12444;1
29;268;13;12423;4
29;25;13;22222;3
29;177;13;13000;1
29;175;13;13456;4
29;202;13;35333;1
29;180;13;70100;1
29;180;13;25456;20
29;12;13;12325;8
29;170;13;13;1
29;24;13;13456;4
29;180;13;40013;1
29;281;13;96;1
29;65;13;70333;1
29;7;13;25444;5
29;97;13;22223;2
29;130;13;95;2
29;46;13;95;7
29;106;13;96;1
29;49;13;40123;3
29;96;13;70123;4
29;135;13;70111;1
29;166;13;25;6
29;123;13;13000;3
29;65;13;12423;5
29;17;13;22222;2
29;141;13;22123;1
29;170;13;40123;9
29;4;13;12444;1
29;48;13;13000;19
29;186;13;22222;8
29;265;13;22190;4
29;24;13;22446;4
29;33;13;40;1
29;159;13;50123;2
29;36;13;35777;2
29;121;13;43789;5
29;163;13;22123;1
29;19;13;35444;1
29;14;13;40123;1
29;172;13;35333;1
29;54;13;70111;3
29;175;13;13;2
29;175;13;43;1
29;97;13;33444;3
29;40;13;25123;2
29;168;13;95;5
29;109;13;25555;1
29;49;13;25555;2
29;2;13;70777;3
29;178;13;95;5
29;104;13;35423;1
29;8;13;12444;4
29;181;13;70111;1
29;269;13;40333;1
29;121;13;12345;7
29;110;13;12000;2
29;141;13;35678;1
29;115;13;95;4
29;179;13;70100;1
29;55;13;95;4
29;43;13;25555;2
29;155;13;25888;1
29;36;13;22223;1
29;166;13;33444;2
29;107;13;25555;7
29;203;13;70100;8
29;10;13;70000;3
29;42;13;43789;6
29;55;13;50123;3
29;125;13;25123;2
29;97;13;70333;2
29;32;13;40000;4
29;16;13;40123;2
29;148;13;55444;1
29;191;13;22190;9
29;134;13;40000;14
29;44;13;70123;1
29;49;13;22123;5
29;54;13;22223;1
29;192;13;13000;1
29;29;13;12423;8
29;265;13;35423;2
29;158;13;35000;3
29;202;13;12423;4
29;179;13;55888;2
29;159;13;43190;1
29;2;13;96;13
29;111;13;40456;6
29;276;13;70888;2
29;276;13;25678;2
29;15;13;70123;11
29;135;13;55888;3
29;35;13;22123;3
29;198;13;22123;8
29;14;13;22123;1
29;179;13;55333;2
29;26;13;35555;1
29;41;13;70123;7
29;112;13;12999;2
29;105;13;13000;3
29;170;13;22190;4
29;65;13;40456;11
29;58;13;22123;1
29;2;13;40456;10
29;123;13;55888;3
29;48;13;12999;3
29;38;13;40000;3
29;7;13;12999;6
29;17;13;12333;3
29;174;13;22123;1
29;181;13;12333;2
29;16;13;40456;6
29;187;13;40456;2
29;111;13;35555;8
29;185;13;25456;2
29;100;13;35333;6
29;33;13;35333;12
29;72;13;70100;1
29;17;13;70111;1
29;282;13;13456;3
29;55;13;13456;1
29;170;13;13456;5
29;22;13;25444;5
29;177;13;55000;5
29;176;13;35789;3
29;169;13;70333;2
29;111;13;35777;1
29;165;13;40123;1
29;107;13;40456;4
29;96;13;25678;1
29;175;13;55888;6
29;147;13;35555;8
29;164;13;35555;11
29;54;13;12999;3
29;61;13;25;2
29;275;13;55;1
29;122;13;25;2
29;112;13;22190;3
29;122;13;12423;5
29;282;13;12423;1
29;5;13;25456;1
29;18;13;12444;1
29;277;13;25;4
29;61;13;12;4
29;61;13;35;1
29;5;13;70;1
29;174;13;33123;4
29;67;13;65123;1
29;45;13;33123;7
29;45;13;12444;3
29;138;13;55123;2
29;9;13;33456;1
29;5;13;25333;1
29;159;13;70678;3
29;183;13;13123;10
29;6;13;13123;8
29;264;13;70333;2
29;11;13;25444;5
29;159;13;13000;2
29;1;13;40333;1
29;20;13;50123;2
29;200;13;25444;5
29;187;13;13123;1
29;181;13;22220;1
29;104;13;13000;3
29;180;13;25321;5
29;185;13;25;1
29;139;13;70100;7
29;25;13;35423;9
29;102;13;25444;1
29;168;13;55222;3
29;4;13;25456;1
29;166;13;35000;1
29;172;13;13000;4
29;12;13;33123;4
29;46;13;65656;1
29;104;13;55678;3
29;36;13;12423;10
29;104;13;33123;1
29;275;13;33123;6
29;112;13;22333;4
29;186;13;13000;5
29;3;13;33456;1
29;61;13;70222;1
29;105;13;33123;1
29;146;13;25321;2
29;275;13;13456;7
29;273;13;95;3
29;157;13;33123;11
29;168;13;35777;1
29;105;13;35789;12
29;29;13;33123;10
29;181;13;25321;1
29;17;13;55222;1
29;276;13;55222;1
29;16;13;70100;5
29;122;13;33456;1
29;129;13;55222;1
29;268;13;35789;2
29;158;13;55555;8
29;276;13;55555;1
29;46;13;70678;23
29;52;13;25000;5
29;191;13;13456;8
29;175;13;25333;1
29;11;13;25321;1
29;96;13;55000;3
29;16;13;70333;1
29;15;13;22333;2
29;183;13;65656;3
29;97;13;25321;2
29;59;13;33555;1
29;7;13;33555;1
29;38;13;40333;1
29;39;13;50123;3
29;17;13;50123;5
29;7;13;35789;1
29;275;13;22333;6
29;157;13;35100;1
29;119;13;13123;9
29;185;13;35000;6
29;41;13;55222;2
29;66;13;70111;2
29;283;13;40333;1
29;103;13;22;1
29;148;13;55000;28
29;67;13;25222;1
29;29;13;22222;3
29;110;13;55;1
29;123;13;12423;11
29;184;13;12325;6
29;47;13;12423;1
29;172;13;65;1
29;175;13;70999;1
29;175;13;33456;1
29;177;13;33;1
29;105;13;35;1
29;155;13;12;1
29;199;13;70678;6
29;142;13;12;1
29;8;13;96;9
29;50;13;70333;2
29;41;13;35789;5
29;3;13;12620;1
29;61;13;13456;5
29;129;13;35333;6
29;122;13;35333;2
29;30;13;50123;2
29;109;13;33123;3
29;148;13;70000;93
29;42;13;12333;1
29;38;13;35555;4
29;283;13;70123;1
29;148;13;40456;5
29;185;13;40456;5
29;103;13;55444;2
29;130;13;55444;1
29;28;13;25678;3
29;163;13;35555;5
29;117;13;55222;1
29;170;13;33123;5
29;155;13;33123;10
29;38;13;55444;2
29;96;13;22333;7
29;156;13;33123;4
29;106;13;65123;4
29;191;13;40222;2
29;281;13;22190;1
29;141;13;25123;1
29;59;13;40123;7
29;155;13;55444;8
29;169;13;70123;19
29;277;13;35555;12
29;98;13;35444;1
29;140;13;22123;5
29;58;13;35555;4
29;102;13;70123;39
29;265;13;70123;2
29;123;13;12333;4
29;49;13;40000;20
29;96;13;55444;5
29;178;13;35555;3
29;70;13;25678;2
29;24;13;40000;11
29;24;13;35222;5
29;7;13;25133;1
29;120;13;25555;1
29;71;13;50123;3
29;110;13;35789;2
29;200;13;40456;2
29;7;13;22123;2
29;119;13;50123;3
29;117;13;25555;1
29;28;13;12345;36
29;7;13;95;4
29;66;13;70000;26
29;58;13;55555;5
29;198;13;25444;5
29;190;13;25444;5
29;48;13;40123;5
29;130;13;25000;2
29;65;13;33444;2
29;39;13;13;1
29;47;13;25222;1
29;24;13;12345;3
29;160;13;13000;9
29;276;13;22111;1
29;176;13;40456;1
29;133;13;40456;2
29;200;13;55888;2
29;65;13;12333;2
29;40;13;40123;2
29;168;13;22190;35
29;122;13;12325;4
29;148;13;12325;1
29;130;13;96;8
29;45;13;35555;3
29;51;13;35555;4
29;41;13;40000;9
29;22;13;22123;2
29;269;13;22123;2
29;21;13;25678;2
29;1;13;40456;10
29;55;13;55888;1
29;158;13;70888;2
29;6;13;40456;10
29;106;13;70678;8
29;273;13;55888;1
29;20;13;12999;11
29;177;13;40123;5
29;20;13;70888;1
29;8;13;12000;3
29;139;13;22190;6
29;69;13;22123;6
29;30;13;55888;1
29;178;13;55888;9
29;36;13;12999;3
29;73;13;40123;2
29;64;13;40123;3
29;192;13;55888;4
29;122;13;12000;8
29;2;13;40123;5
29;103;13;35789;11
29;97;13;50123;7
29;49;13;35;1
29;147;13;25;2
29;276;13;55;1
29;184;13;43;2
29;1;13;55444;3
29;38;13;43789;3
29;276;13;43789;7
29;179;13;35678;29
29;125;13;40000;15
29;180;13;25555;2
29;31;13;70100;7
29;131;13;13456;11
29;4;13;13456;12
29;103;13;13000;2
29;165;13;25;3
29;59;13;25;3
29;17;13;55;1
29;34;13;70;2
29;117;13;22;2
29;52;13;96;4
29;20;13;43789;4
29;5;13;43789;7
29;107;13;95;2
29;97;13;65656;1
29;142;13;35789;2
29;68;13;12345;6
29;65;13;12345;13
29;116;13;70000;4
29;191;13;25555;5
29;281;13;12345;3
29;184;13;55333;1
29;139;13;96;9
29;139;13;43789;4
29;273;13;70678;8
29;3;13;65;1
29;99;13;55;2
29;199;13;35678;1
29;198;13;55123;3
29;268;13;35423;1
29;11;13;12345;9
29;26;13;70000;4
29;18;13;33555;1
29;42;13;35777;1
29;50;13;35789;10
29;9;13;70678;10
29;47;13;25555;1
29;198;13;12444;2
29;5;13;25444;4
29;173;13;35777;2
29;117;13;13000;4
29;202;13;13000;2
29;120;13;25444;13
29;166;13;35100;1
29;11;13;35123;1
29;269;13;55555;2
29;15;13;12325;9
29;149;13;25222;1
29;49;13;65123;1
29;125;13;12325;7
29;47;13;96;6
29;44;13;55000;1
29;146;13;43789;5
29;55;13;35789;4
29;67;13;70666;1
29;186;13;22333;2
29;29;13;55000;4
29;22;13;22000;1
29;168;13;50123;1
29;169;13;12007;1
29;12;13;65656;1
29;98;13;22222;1
29;172;13;12345;8
29;135;13;55555;2
29;28;13;55222;1
29;46;13;12007;1
29;147;13;22222;2
29;17;13;35000;1
29;7;13;35000;1
29;65;13;13123;2
29;160;13;22220;1
29;158;13;40555;3
29;103;13;12444;1
29;103;13;25555;4
29;135;13;25;2
29;177;13;13123;3
29;184;13;22223;1
29;154;13;25555;5
29;28;13;95;4
29;69;13;35423;1
29;120;13;22333;2
29;70;13;13123;12
29;3;13;22223;1
29;51;13;13456;20
29;4;13;55555;1
29;138;13;50123;2
29;18;13;12000;3
29;45;13;35777;1
29;178;13;55333;1
29;17;13;12000;4
29;142;13;55123;1
29;28;13;70000;4
29;20;13;35333;1
29;192;13;12345;2
29;26;13;25222;1
29;106;13;50123;2
29;156;13;95;2
29;23;13;55000;1
29;38;13;12423;5
29;70;13;65123;1
29;61;13;35777;3
29;49;13;70111;2
29;185;13;55333;1
29;39;13;55222;5
29;191;13;55000;6
29;2;13;25444;6
29;276;13;65656;2
29;44;13;13456;15
29;64;13;70000;3
29;169;13;13456;10
29;32;13;13456;5
29;175;13;22222;10
29;10;13;25444;4
29;156;13;13000;1
29;131;13;96;8
29;105;13;35333;14
29;177;13;55555;1
29;105;13;22345;1
29;282;13;25;1
29;43;13;13000;2
29;63;13;22223;1
29;61;13;43789;3
29;106;13;22345;3
29;64;13;55000;6
29;130;13;35777;1
29;123;13;12325;14
29;149;13;35333;16
29;41;13;12000;3
29;65;13;35789;4
29;108;13;55444;3
29;107;13;33456;1
29;164;13;65123;3
29;99;13;12111;3
29;63;13;12111;1
29;265;13;33444;1
29;20;13;25444;9
29;11;13;13456;1
29;72;13;12325;8
29;174;13;12111;3
29;110;13;70678;4
29;134;13;70678;8
29;115;13;25444;1
29;115;13;25888;1
29;4;13;13;1
29;42;13;55555;4
29;50;13;25456;1
29;28;13;40222;1
29;117;13;25444;5
29;182;13;35423;1
29;116;13;70678;5
29;177;13;65656;2
29;199;13;65656;1
29;58;13;35888;1
29;198;13;22333;3
29;121;13;25000;4
29;142;13;95;6
29;140;13;95;6
29;8;13;13123;5
29;25;13;13000;2
29;37;13;12000;5
29;135;13;22345;1
29;96;13;12999;2
29;178;13;35000;2
29;265;13;22222;1
29;183;13;22333;5
29;265;13;35333;6
29;134;13;55000;2
29;36;13;25444;2
29;204;13;55000;3
29;48;13;25444;2
29;41;13;70678;9
29;33;13;12;1
29;107;13;12;1
29;109;13;40123;6
29;31;13;12333;1
29;166;13;12;1
29;131;13;35777;1
29;131;13;33555;2
29;131;13;35789;4
29;99;13;12423;4
29;193;13;70000;43
29;165;13;95;4
29;147;13;35789;6
29;150;13;95;5
29;33;13;35423;7
29;182;13;22123;2
29;6;13;22190;4
29;73;13;35;2
29;202;13;22190;3
29;113;13;35423;3
29;116;13;12000;7
29;165;13;13000;4
29;140;13;12111;1
29;175;13;25;3
29;165;13;12111;1
29;193;13;43789;3
29;172;13;12325;19
29;134;13;35789;6
29;199;13;40123;7
29;35;13;35423;2
29;268;13;33444;3
29;273;13;25555;6
29;99;13;13456;4
29;164;13;22789;1
29;38;13;50123;1
29;22;13;13456;1
29;186;13;95;6
29;43;13;33444;1
29;116;13;35666;2
29;173;13;25444;6
29;150;13;70000;5
29;139;13;70999;1
29;105;13;95;3
29;110;13;96;5
29;135;13;22190;43
29;1;13;22190;8
29;177;13;22190;9
29;105;13;40000;10
29;115;13;22190;11
29;66;13;22111;2
29;66;13;40123;1
29;12;13;40000;8
29;119;13;25123;2
29;18;13;40000;2
29;50;13;25123;2
29;65;13;22190;7
29;115;13;40000;15
29;9;13;55444;7
29;23;13;12999;84
29;15;13;40000;8
29;28;13;22222;3
29;43;13;70678;5
29;149;13;43789;3
29;11;13;55888;4
29;37;13;35555;3
29;16;13;55444;4
29;26;13;12999;24
29;45;13;40000;5
29;9;13;40123;3
29;283;13;22123;1
29;200;13;25678;2
29;37;13;12999;3
29;8;13;25678;1
29;203;13;12333;1
29;142;13;12111;1
29;48;13;35123;1
29;186;13;35555;3
29;53;13;55444;1
29;105;13;70123;35
29;35;13;40456;4
29;275;13;40456;3
29;23;13;40000;5
29;265;13;40456;5
29;48;13;40456;12
29;265;13;12333;1
29;283;13;12999;2
29;42;13;35555;1
29;36;13;70123;3
29;264;13;70111;2
29;160;13;22345;1
29;123;13;55555;5
29;34;13;70100;1
29;72;13;70111;1
29;175;13;25456;2
29;177;13;12620;1
29;177;13;12007;1
29;107;13;12325;6
29;198;13;50123;1
29;169;13;35777;1
29;13;13;12325;8
29;111;13;70333;1
29;138;13;12444;1
29;169;13;22111;1
29;36;13;25555;3
29;150;13;40456;6
29;28;13;12333;1
29;193;13;12000;5
29;109;13;25133;1
29;198;13;25;5
29;129;13;55;2
29;160;13;33;1
29;198;13;25321;2
29;42;13;70678;7
29;3;13;12423;2
29;193;13;22111;1
29;39;13;12000;3
29;138;13;13123;8
29;192;13;13123;13
29;283;13;65656;1
29;10;13;12444;2
29;179;13;22190;3
29;45;13;22222;30
29;36;13;55000;4
29;105;13;70333;1
29;3;13;40013;1
29;179;13;12325;37
29;11;13;13000;5
29;155;13;70333;1
29;171;13;70678;6
29;283;13;35000;2
29;122;13;70333;2
29;121;13;25456;1
29;20;13;55123;1
29;123;13;25456;1
29;16;13;13123;5
29;191;13;12;1
29;32;13;25555;5
29;191;13;40;1
29;42;13;55678;1
29;42;13;13456;9
29;70;13;12;1
29;70;13;40;2
29;25;13;25321;7
29;282;13;25321;6
29;112;13;13123;2
29;65;13;65656;1
29;158;13;25;5
29;158;13;55;2
29;53;13;33;1
29;71;13;33;1
29;51;13;13;1
29;14;13;96;4
29;13;13;33123;4
29;130;13;33123;4
29;107;13;55123;1
29;181;13;22333;3
29;141;13;70100;1
29;154;13;13000;1
29;181;13;55222;12
29;45;13;22333;9
29;32;13;12423;1
29;184;13;70111;2
29;37;13;12444;4
29;281;13;33123;2
29;142;13;35333;4
29;123;13;22223;1
29;37;13;70678;13
29;6;13;22333;6
29;158;13;70333;3
29;61;13;35789;1
29;155;13;22345;1
29;178;13;12423;3
29;192;13;70111;1
29;50;13;70100;1
29;268;13;40333;3
29;49;13;13000;21
29;49;13;70678;15
29;180;13;35888;1
29;23;13;13000;1
29;38;13;25333;1
29;28;13;70666;2
29;38;13;55555;8
29;142;13;25333;2
29;174;13;25321;1
29;116;13;13123;5
29;122;13;55000;7
29;165;13;25000;9
29;36;13;50123;1
29;173;13;35789;2
29;11;13;12423;5
29;33;13;70678;5
29;203;13;55123;1
29;41;13;13123;6
29;264;13;55777;1
29;198;13;95;5
29;168;13;70100;1
29;21;13;13123;16
29;268;13;12325;2
29;43;13;13;1
29;125;13;22220;1
29;40;13;33444;1
29;64;13;25;3
29;9;13;65656;2
29;104;13;25444;3
29;54;13;70678;3
29;26;13;55000;7
29;175;13;35000;4
29;39;13;22423;1
29;32;13;25444;8
29;183;13;55000;6
29;138;13;33123;9
29;158;13;33123;2
29;182;13;13000;1
29;7;13;35777;1
29;43;13;40333;1
29;193;13;40222;2
29;269;13;13123;3
29;21;13;25456;1
29;66;13;12;2
29;50;13;55;2
29;147;13;12111;1
29;9;13;25444;4
29;19;13;25;6
29;150;13;43;1
29;38;13;33;1
29;33;13;13123;7
29;203;13;40555;1
29;174;13;12444;5
29;186;13;12423;2
29;55;13;12423;1
29;115;13;35333;3
29;63;13;35777;1
29;200;13;35789;9
29;41;13;25000;4
29;108;13;55888;1
29;38;13;55888;1
29;61;13;25678;2
29;28;13;40000;3
29;172;13;35555;6
29;146;13;25123;2
29;169;13;70456;1
29;11;13;12999;5
29;67;13;40456;4
29;28;13;70123;18
29;122;13;12333;15
29;147;13;40456;6
29;131;13;22190;3
29;50;13;33123;3
29;96;13;70999;1
29;173;13;35000;1
29;112;13;33123;86
29;281;13;22333;2
29;6;13;55444;6
29;100;13;40123;1
29;99;13;40123;3
29;129;13;40000;14
29;35;13;12999;5
29;165;13;70123;4
29;7;13;40123;1
29;71;13;12999;3
29;269;13;55888;6
29;18;13;40123;7
29;19;13;25123;1
29;111;13;43190;1
29;3;13;40123;5
29;110;13;40123;4
29;180;13;35555;6
29;102;13;40456;4
29;19;13;40000;4
29;175;13;12999;12
29;38;13;40456;2
29;129;13;25555;81
29;192;13;12999;4
29;178;13;22190;7
29;264;13;22190;14
29;264;13;40123;8
29;20;13;40000;2
29;15;13;55888;4
29;165;13;12999;1
29;158;13;25678;1
29;59;13;22123;2
29;192;13;25000;6
29;99;13;50123;2
29;119;13;22123;1
29;276;13;22123;2
29;63;13;22123;2
29;112;13;35777;1
29;140;13;12345;18
29;120;13;12345;4
29;198;13;35555;7
29;14;13;35555;2
29;30;13;70123;10
29;20;13;25;4
29;104;13;25;1
29;39;13;70;1
29;2;13;70000;1
29;35;13;22;1
29;10;13;55555;3
29;9;13;55;2
29;8;13;25;5
29;12;13;35423;3
29;173;13;35333;3
29;282;13;22123;1
29;12;13;22190;4
29;281;13;35003;1
29;134;13;70888;1
29;103;13;70123;7
29;133;13;12325;5
29;173;13;22333;12
29;44;13;95;7
29;32;13;35555;2
29;39;13;12999;4
29;115;13;70123;5
29;177;13;22111;1
29;15;13;22111;1
29;121;13;22123;2
29;72;13;70123;35
29;8;13;35678;2
29;15;13;25123;1
29;160;13;40123;9
29;29;13;40123;4
29;265;13;40000;10
29;58;13;70888;1
29;155;13;70123;9
29;192;13;70456;1
29;174;13;43190;1
29;116;13;55888;25
29;50;13;12333;21
29;18;13;70123;9
29;41;13;25123;1
29;22;13;40123;1
29;133;13;70000;72
29;9;13;25555;6
29;204;13;55888;1
29;166;13;25678;3
29;276;13;70;1
29;36;13;25123;3
29;184;13;96;6
29;120;13;96;3
29;97;13;95;4
29;165;13;33444;1
29;51;13;12000;1
29;45;13;55555;6
29;30;13;22446;1
29;115;13;70;1
29;34;13;33;4
29;59;13;22;1
29;19;13;12345;7
29;99;13;50150;1
29;45;13;50150;1
29;43;13;55777;3
29;107;13;55777;1
29;59;13;12888;2
29;107;13;96;17
29;3;13;35678;1
29;48;13;43789;5
29;164;13;12;1
29;15;13;50150;1
29;115;13;25555;2
29;174;13;70000;4
29;186;13;25555;25
29;165;13;55555;2
29;171;13;13456;24
29;182;13;43789;48
29;185;13;95;5
29;30;13;35666;1
29;15;13;96;3
29;120;13;22345;2
29;181;13;55555;2
29;116;13;55;1
29;70;13;35333;1
29;198;13;35333;5
29;177;13;70222;1
29;14;13;55123;2
29;99;13;70555;2
29;125;13;22345;1
29;30;13;70333;1
29;166;13;22333;9
29;47;13;70100;11
29;49;13;12000;2
29;53;13;25555;14
29;51;13;35999;1
29;155;13;12000;5
29;39;13;35777;3
29;169;13;22000;1
29;123;13;35789;3
29;191;13;33555;3
29;138;13;25000;5
29;200;13;22220;2
29;172;13;33555;2
29;22;13;55000;19
29;198;13;33456;1
29;49;13;12325;20
29;9;13;35888;1
29;269;13;12325;6
29;173;13;70000;2
29;58;13;13123;5
29;12;13;35000;2
29;156;13;40;2
29;50;13;55678;21
29;135;13;12;1
29;31;13;35678;1
29;66;13;13123;1
29;273;13;25456;1
29;102;13;70;1
29;173;13;12423;5
29;4;13;22345;1
29;125;13;22223;1
29;67;13;25444;5
29;38;13;35789;2
29;9;13;35777;2
29;204;13;70000;2
29;20;13;22333;2
29;200;13;35100;1
29;49;13;50123;1
29;134;13;12345;11
29;158;13;35789;8
29;186;13;22345;76
29;182;13;12423;1
29;142;13;35000;1
29;134;13;13000;1
29;29;13;12345;16
29;59;13;25555;5
29;264;13;35333;5
29;30;13;43789;1
29;5;13;33444;3
29;45;13;70678;16
29;135;13;95;3
29;169;13;12100;1
29;100;13;70000;5
29;123;13;70222;1
29;22;13;25555;1
29;138;13;55;4
29;25;13;55222;1
29;187;13;35666;1
29;282;13;25555;3
29;43;13;25444;14
29;150;13;13000;1
29;273;13;35;1
29;182;13;25555;13
29;269;13;65656;1
29;106;13;55555;1
29;13;13;35423;2
29;179;13;43789;30
29;190;13;70666;2
29;109;13;43789;28
29;55;13;35123;2
29;273;13;70666;4
29;277;13;35423;6
29;269;13;70111;1
29;53;13;55000;1
29;104;13;13123;5
29;70;13;12000;3
29;185;13;25555;4
29;69;13;25555;1
29;71;13;35789;1
29;39;13;70678;6
29;55;13;12345;15
29;61;13;12444;3
29;149;13;55777;7
29;73;13;12325;26
29;191;13;22111;3
29;147;13;25555;2
29;15;13;35423;1
29;34;13;12423;2
29;72;13;12423;1
29;51;13;25555;31
29;194;13;25555;2
29;192;13;13456;23
29;20;13;22222;5
29;34;13;25444;1
29;190;13;70333;1
29;156;13;13456;3
29;52;13;12423;1
29;36;13;12111;1
29;157;13;12423;1
29;135;13;55000;8
29;48;13;70;4
29;4;13;70;1
29;157;13;96;8
29;71;13;43789;8
29;273;13;65123;11
29;180;13;25000;3
29;140;13;35789;4
29;15;13;13000;1
29;59;13;22222;9
29;100;13;96;2
29;68;13;95;2
29;133;13;22345;1
29;170;13;25555;3
29;190;13;12423;3
29;32;13;13123;2
29;192;13;70123;4
29;190;13;25222;3
29;59;13;12325;7
29;7;13;12423;6
29;23;13;35789;5
29;54;13;13456;1
29;172;13;70100;3
29;135;13;40555;4
29;273;13;12000;6
29;113;13;13123;7
29;142;13;33123;9
29;28;13;33;1
29;115;13;22333;4
29;11;13;25;1
29;269;13;35789;4
29;11;13;50123;8
29;14;13;25555;6
29;125;13;40123;5
29;99;13;55777;1
29;108;13;25555;29
29;64;13;12345;5
29;185;13;43100;1
29;130;13;35444;4
29;49;13;35555;3
29;103;13;12999;2
29;43;13;35555;2
29;282;13;55444;11
29;165;13;22222;1
29;164;13;25555;1
29;73;13;70;1
29;204;13;12;1
29;28;13;35678;7
29;10;13;35555;1
29;155;13;50123;6
29;181;13;25000;14
29;163;13;55222;1
29;169;13;13000;4
29;282;13;35423;2
29;184;13;95;10
29;138;13;55333;1
29;154;13;95;4
29;164;13;22333;13
29;105;13;40123;4
29;9;13;12345;13
29;11;13;33444;1
29;64;13;25555;6
29;31;13;70000;2
29;138;13;25444;2
29;180;13;12000;2
29;131;13;40333;1
29;64;13;50123;6
29;41;13;70100;4
29;130;13;33555;1
29;154;13;22789;1
29;54;13;95;1
29;20;13;40123;3
29;139;13;40000;8
29;121;13;40000;7
29;52;13;22190;7
29;33;13;40000;5
29;66;13;55444;2
29;191;13;40000;7
29;18;13;55444;4
29;19;13;22123;3
29;264;13;12423;7
29;100;13;70678;25
29;2;13;70123;12
29;173;13;22223;3
29;38;13;13000;2
29;139;13;70555;2
29;276;13;70678;6
29;140;13;25456;1
29;281;13;40456;5
29;10;13;40222;2
29;13;13;12999;3
29;184;13;12333;1
29;138;13;25678;1
29;160;13;25123;3
29;64;13;25123;2
29;264;13;12999;8
29;157;13;22123;5
29;8;13;22123;4
29;185;13;12333;4
29;192;13;25678;1
29;139;13;12000;9
29;66;13;40456;2
29;70;13;12999;3
29;31;13;35444;2
29;29;13;12333;1
29;199;13;70123;7
29;104;13;40456;23
29;34;13;35555;2
29;55;13;35555;1
29;281;13;40123;1
29;25;13;55888;5
29;53;13;22111;4
29;29;13;22111;1
29;139;13;12999;4
29;139;13;12333;1
29;150;13;96;2
29;146;13;22123;2
29;200;13;12999;13
29;183;13;40456;5
29;160;13;55555;6
29;107;13;40123;2
29;115;13;70100;2
29;160;13;70555;1
29;123;13;22345;2
29;61;13;33444;1
29;204;13;25444;4
29;41;13;65123;2
29;190;13;25000;2
29;119;13;40222;1
29;36;13;33444;1
29;159;13;40456;5
29;107;13;22123;2
29;269;13;12999;3
29;29;13;25;5
29;68;13;25;7
29;172;13;22192;1
29;34;13;33123;80
29;72;13;33123;6
29;134;13;33123;13
29;155;13;55123;3
29;21;13;25444;3
29;129;13;33;1
29;170;13;13000;4
29;43;13;33123;26
29;18;13;12423;3
29;202;13;70000;2
29;150;13;22222;6
29;51;13;22222;1
29;202;13;35000;1
29;10;13;70678;10
29;166;13;70678;5
29;61;13;25321;2
29;181;13;12325;7
29;100;13;12325;17
29;96;13;22222;5
29;191;13;55123;1
29;34;13;35000;1
29;49;13;13123;3
29;130;13;35000;2
29;194;13;13456;12
29;178;13;22333;1
29;191;13;25;1
29;32;13;55000;15
29;35;13;12325;5
29;13;13;25444;3
29;1;13;55000;17
29;1;13;40;1
29;71;13;12;2
29;32;13;25456;1
29;26;13;13123;3
29;122;13;35423;5
29;183;13;35333;2
29;49;13;33123;4
29;131;13;25321;4
29;48;13;12423;1
29;41;13;13;1
29;96;13;70666;1
29;45;13;55222;1
29;53;13;25456;1
29;26;13;22223;2
29;26;13;70333;1
29;172;13;25444;3
29;11;13;70100;3
29;105;13;33555;1
29;23;13;33123;3
29;69;13;25321;1
29;9;13;35423;1
29;265;13;12423;1
29;46;13;12444;2
29;1;13;13456;9
29;5;13;50123;17
29;199;13;35789;4
29;96;13;35333;5
29;178;13;12444;1
29;1;13;22223;4
29;141;13;70333;1
29;68;13;12000;1
29;163;13;40222;3
29;184;13;40333;1
29;169;13;35789;5
29;7;13;25000;3
29;194;13;12423;4
29;100;13;13123;1
29;65;13;55222;1
29;175;13;35888;1
29;108;13;33123;2
29;192;13;12325;4
29;25;13;70333;1
29;268;13;33555;1
29;160;13;50123;15
29;133;13;35333;3
29;170;13;12620;1
29;129;13;22345;4
29;122;13;22345;1
29;50;13;35333;9
29;29;13;70555;2
29;159;13;13;2
29;64;13;40;1
29;25;13;33444;1
29;58;13;70100;5
29;111;13;12423;2
29;140;13;70555;11
29;104;13;33999;1
29;109;13;13456;2
29;199;13;25444;6
29;5;13;12423;12
29;18;13;12325;16
29;150;13;13123;2
29;73;13;25456;1
29;133;13;35123;1
29;32;13;35;1
29;7;13;55000;2
29;59;13;65123;1
29;111;13;22333;1
29;73;13;22333;1
29;30;13;22345;2
29;164;13;13456;20
29;46;13;22220;1
29;50;13;12;3
29;66;13;13;1
29;9;13;12423;6
29;73;13;13123;7
29;283;13;65123;1
29;149;13;25;3
29;120;13;65123;1
29;169;13;22223;2
29;175;13;35100;2
29;22;13;55;5
29;38;13;55;1
29;72;13;35;1
29;111;13;55;1
29;165;13;12444;1
29;21;13;55333;2
29;202;13;25456;26
29;131;13;35333;4
29;37;13;25456;1
29;18;13;65;1
29;22;13;12;6
29;22;13;25;6
29;177;13;50123;14
29;135;13;40456;4
29;184;13;70888;1
29;67;13;70123;29
29;108;13;22123;1
29;129;13;22123;1
29;5;13;55888;7
29;122;13;70000;5
29;41;13;12620;1
29;43;13;25123;1
29;181;13;55444;5
29;21;13;12999;10
29;11;13;12333;5
29;170;13;12999;5
29;148;13;12999;3
29;23;13;22190;2
29;7;13;40000;7
29;18;13;40456;7
29;8;13;35555;6
29;106;13;55000;8
29;164;13;25321;1
29;4;13;33123;8
29;99;13;55444;1
29;69;13;55444;4
29;131;13;35555;6
29;283;13;22190;1
29;25;13;70123;5
29;200;13;12333;2
29;174;13;22190;4
29;130;13;40000;11
29;184;13;70123;15
29;10;13;12999;6
29;13;13;40123;3
29;194;13;40123;2
29;178;13;12333;86
29;273;13;22190;6
29;111;13;12999;12
29;64;13;35777;1
29;199;13;12999;9
29;190;13;35555;5
29;39;13;35555;8
29;71;13;22123;8
29;40;13;25;1
29;66;13;50123;1
29;191;13;22345;3
29;156;13;22345;11
29;20;13;25555;1
29;149;13;50123;2
29;20;13;33;2
29;29;13;12000;2
29;147;13;70100;94
29;177;13;12345;18
29;10;13;22223;1
29;67;13;70111;1
29;8;13;33;1
29;8;13;55;1
29;121;13;22;1
29;133;13;43789;2
29;177;13;55888;14
29;19;13;55888;1
29;160;13;25678;1
29;135;13;35100;1
29;37;13;40123;2
29;1;13;12999;13
29;65;13;22123;1
29;12;13;55888;4
29;32;13;22333;2
29;182;13;25678;8
29;116;13;96;4
29;105;13;35000;1
29;203;13;40000;4
29;129;13;40456;30
29;105;13;22123;1
29;199;13;13123;5
29;52;13;55888;3
29;35;13;35555;6
29;115;13;12999;1
29;168;13;35555;5
29;170;13;55000;8
29;149;13;22190;6
29;265;13;12345;2
29;47;13;12999;6
29;170;13;40000;11
29;4;13;12325;6
29;147;13;70;1
29;141;13;43789;10
29;46;13;35423;2
29;53;13;95;5
29;116;13;95;12
29;156;13;96;4
29;100;13;25;2
29;165;13;25555;3
29;265;13;95;4
29;166;13;22345;3
29;166;13;70555;1
29;7;13;13;1
29;45;13;12000;1
29;12;13;25;1
29;156;13;35423;3
29;163;13;22111;5
29;169;13;25555;7
29;50;13;12325;10
29;198;13;12325;10
29;32;13;35777;3
29;155;13;70;1
29;65;13;43;1
29;15;13;12;1
29;58;13;70;1
29;268;13;43789;21
29;12;13;13456;3
29;100;13;95;2
29;179;13;13456;4
29;156;13;12345;54
29;194;13;95;4
29;142;13;35423;6
29;112;13;35678;7
29;70;13;22222;1
29;147;13;55222;2
29;97;13;35777;5
29;164;13;25000;2
29;5;13;35777;2
29;99;13;12000;1
29;102;13;70000;67
29;112;13;96;10
29;171;13;43789;12
29;43;13;96;4
29;134;13;25;2
29;120;13;13456;2
29;283;13;95;2
29;155;13;33555;1
29;179;13;12345;4
29;7;13;55555;4
29;120;13;70555;1
29;63;13;70555;1
29;276;13;25555;3
29;264;13;40222;1
29;203;13;96;10
29;192;13;25555;4
29;183;13;33444;5
29;183;13;25555;6
29;135;13;33444;5
29;159;13;22333;11
29;142;13;65123;2
29;47;13;22333;1
29;146;13;22333;11
29;2;13;65656;2
29;131;13;12;1
29;147;13;55333;1
29;70;13;22333;1
29;268;13;70678;2
29;52;13;70678;10
29;30;13;70000;3
29;112;13;50123;3
29;69;13;12345;3
29;63;13;33444;2
29;200;13;70222;2
29;157;13;35123;4
29;130;13;22000;7
29;16;13;33555;1
29;34;13;35789;1
29;146;13;12345;10
29;276;13;13000;4
29;149;13;35789;6
29;165;13;70666;1
29;28;13;22223;3
29;2;13;55000;8
29;283;13;12325;4
29;31;13;22333;2
29;96;13;25555;8
29;54;13;40333;2
29;108;13;70666;1
29;59;13;25456;3
29;59;13;13123;3
29;15;13;25321;1
29;191;13;12111;1
29;121;13;25333;1
29;157;13;55000;11
29;169;13;65123;3
29;106;13;70333;2
29;191;13;35789;1
29;135;13;55;1
29;182;13;35678;1
29;37;13;35789;2
29;29;13;25456;3
29;168;13;13456;6
29;40;13;25456;1
29;3;13;96;6
29;103;13;25444;1
29;13;13;55555;9
29;204;13;13456;26
29;105;13;35100;1
29;31;13;13123;5
29;4;13;35789;2
29;110;13;25000;1
29;54;13;43789;2
29;32;13;55777;1
29;42;13;13123;3
29;28;13;12423;4
29;177;13;35000;5
29;268;13;25456;1
29;3;13;95;7
29;204;13;35888;3
29;29;13;50123;5
29;163;13;12325;2
29;35;13;35678;1
29;168;13;35789;4
29;51;13;35777;3
29;158;13;13000;3
29;180;13;70555;1
29;133;13;95;2
29;198;13;33123;11
29;38;13;12000;3
29;123;13;22333;8
29;115;13;65123;4
29;130;13;50123;7
29;25;13;43789;10
29;200;13;13456;6
29;98;13;55555;1
29;121;13;25555;7
29;14;13;12345;8
29;52;13;12345;7
29;97;13;33456;2
29;125;13;55222;3
29;172;13;13456;4
29;183;13;70555;1
29;134;13;35333;1
29;12;13;70100;5
29;147;13;35333;8
29;3;13;70100;4
29;273;13;35423;2
29;25;13;35333;1
29;34;13;33456;1
29;1;13;55555;1
29;105;13;33444;1
29;181;13;70000;6
29;190;13;13000;15
29;69;13;70100;20
29;200;13;25;6
29;121;13;55333;1
29;131;13;55222;5
29;19;13;70999;3
29;46;13;50150;1
29;4;13;12345;35
29;204;13;35789;1
29;164;13;70100;3
29;100;13;12345;2
29;100;13;35666;2
29;100;13;35789;14
29;173;13;43789;9
29;194;13;35423;5
29;108;13;12525;1
29;120;13;40123;1
29;107;13;55222;1
29;142;13;55000;3
29;109;13;65123;1
29;268;13;55123;1
29;70;13;25555;65
29;170;13;70100;9
29;199;13;35423;1
29;174;13;35678;1
29;194;13;33444;1
29;168;13;70678;1
29;154;13;70222;1
29;105;13;35423;2
29;120;13;12444;1
29;192;13;40222;1
29;194;13;13000;5
29;149;13;12111;2
29;185;13;70000;4
29;187;13;12111;1
29;9;13;40222;1
29;53;13;12000;2
29;48;13;12;1
29;30;13;22;2
29;67;13;12345;4
29;154;13;35123;1
29;63;13;25456;2
29;4;13;43789;3
29;177;13;12000;7
29;177;13;33444;2
29;160;13;96;7
29;97;13;70678;5
29;142;13;40222;5
29;31;13;55000;19
29;200;13;12000;3
29;183;13;95;4
29;110;13;35423;1
29;103;13;95;4
29;19;13;40123;11
29;155;13;12999;3
29;184;13;22123;5
29;10;13;70123;5
29;64;13;12620;1
29;173;13;40222;1
29;191;13;55222;1
29;172;13;50123;2
29;110;13;70123;3
29;277;13;22190;1
29;36;13;70100;2
29;98;13;22333;1
29;12;13;35123;1
29;28;13;33555;2
29;163;13;35789;8
29;22;13;35789;17
29;125;13;12999;9
29;148;13;35003;1
29;19;13;35555;5
29;5;13;40123;5
29;59;13;22190;3
29;64;13;12333;2
29;73;13;50;1
29;70;13;43789;3
29;199;13;96;11
29;105;13;43789;3
29;180;13;12111;1
29;150;13;22345;3
29;64;13;70123;4
29;106;13;22123;4
29;42;13;70123;2
29;168;13;12345;6
29;98;13;70349;2
29;31;13;55777;6
29;7;13;55678;1
29;59;13;13456;4
29;100;13;13456;4
29;73;13;13456;4
29;265;13;12325;2
29;43;13;55555;4
29;6;13;12000;2
29;179;13;35789;1
29;109;13;22333;2
29;134;13;43100;1
29;119;13;35678;2
29;275;13;35423;2
29;72;13;95;1
29;8;13;22222;6
29;277;13;35666;1
29;141;13;25000;1
29;159;13;65123;4
29;97;13;22333;14
29;134;13;22220;1
29;20;13;95;2
29;2;13;25000;3
29;181;13;22222;5
29;269;13;33444;5
29;170;13;70999;1
29;8;13;12325;1
29;31;13;70666;1
29;45;13;33555;1
29;190;13;12000;2
29;23;13;55444;2
29;105;13;55444;1
29;155;13;22190;15
29;168;13;55444;1
29;268;13;22190;13
29;20;13;70456;3
29;9;13;25123;1
29;194;13;40000;1
29;100;13;40000;22
29;71;13;40000;3
29;63;13;25123;1
29;119;13;40000;8
29;54;13;35555;8
29;131;13;12333;1
29;15;13;12423;10
29;28;13;22123;1
29;109;13;22123;2
29;104;13;40000;6
29;265;13;35999;1
29;264;13;70678;9
29;109;13;22222;6
29;159;13;55888;13
29;163;13;70123;10
29;166;13;70123;5
29;20;13;12444;1
29;117;13;12999;1
29;174;13;40123;7
29;179;13;40000;11
29;146;13;40000;9
29;152;13;40456;1
29;40;13;35555;1
29;52;13;22111;3
29;119;13;40456;6
29;34;13;70888;1
29;99;13;70123;16
29;155;13;35555;8
29;8;13;40456;4
29;47;13;13456;5
29;264;13;65;1
29;63;13;70123;5
29;282;13;40456;2
29;4;13;40456;8
29;97;13;22123;6
29;115;13;43789;6
29;146;13;70123;6
29;116;13;70123;5
29;169;13;35555;7
29;42;13;12999;5
29;64;13;22123;2
29;198;13;55555;2
29;111;13;70111;2
29;164;13;25123;1
29;9;13;22345;1
29;7;13;70100;6
29;275;13;35777;1
29;200;13;25321;1
29;115;13;35888;3
29;9;13;33555;1
29;176;13;25000;5
29;264;13;40013;1
29;264;13;25456;1
29;180;13;13123;16
29;11;13;22123;2
29;10;13;55888;1
29;117;13;33456;8
29;99;13;22333;4
29;71;13;22333;1
29;97;13;33123;7
29;53;13;13123;1
29;67;13;12423;1
29;3;13;22192;1
29;269;13;25444;7
29;115;13;40333;1
29;157;13;50123;1
29;168;13;12325;18
29;160;13;25456;1
29;168;13;13123;5
29;6;13;12423;12
29;164;13;12999;7
29;5;13;55;3
29;129;13;22;1
29;55;13;70678;4
29;142;13;22222;5
29;142;13;25444;8
29;175;13;70678;8
29;179;13;33123;7
29;159;13;55444;9
29;69;13;12423;1
29;134;13;13123;8
29;134;13;55123;1
29;36;13;65123;1
29;99;13;12325;14
29;183;13;25456;3
29;99;13;22000;4
29;52;13;35777;1
29;45;13;12325;7
29;173;13;12000;2
29;178;13;12345;7
29;200;13;12444;3
29;29;13;25222;1
29;194;13;25444;3
29;275;13;12325;8
29;33;13;55333;1
29;5;13;12888;2
29;122;13;40333;1
29;31;13;22;2
29;31;13;40;1
29;39;13;25321;2
29;160;13;25321;2
29;171;13;40;2
29;53;13;55;1
29;71;13;40;1
29;31;13;33123;19
29;178;13;70678;1
29;176;13;70222;1
29;107;13;35000;1
29;107;13;12423;4
29;110;13;22333;4
29;65;13;33123;5
29;44;13;13123;8
29;73;13;33456;11
29;69;13;12325;10
29;70;13;55;2
29;203;13;25;2
29;178;13;55000;11
29;264;13;35789;1
29;26;13;13456;4
29;176;13;35888;1
29;168;13;22446;1
29;8;13;13456;6
29;157;13;70999;10
29;131;13;12620;1
29;168;13;25321;1
29;97;13;13000;1
29;202;13;65656;1
29;38;13;70333;1
29;174;13;12325;12
29;39;13;35423;3
29;106;13;25321;2
29;96;13;65656;2
29;175;13;40333;1
29;110;13;22345;1
29;4;13;25444;16
29;61;13;25000;2
29;152;13;70666;3
29;192;13;70666;2
29;96;13;70222;2
29;264;13;22333;10
29;61;13;35100;1
29;273;13;65656;1
29;8;13;55000;3
29;19;13;13000;6
29;180;13;22423;3
29;28;13;12325;5
29;184;13;70333;7
29;97;13;13123;11
29;6;13;33123;5
29;130;13;22222;3
29;46;13;22222;22
29;154;13;12111;1
29;5;13;25555;2
29;192;13;35333;4
29;20;13;35000;3
29;175;13;12423;5
29;163;13;25444;2
29;138;13;22423;2
29;43;13;12;2
29;43;13;25;4
29;40;13;55222;2
29;165;13;22333;7
29;22;13;13123;1
29;10;13;22333;5
29;10;13;55000;2
29;140;13;25;3
29;155;13;35;2
29;17;13;70678;7
29;39;13;22222;2
29;146;13;70222;2
29;120;13;55;1
29;25;13;40333;1
29;138;13;40333;1
29;183;13;43;1
29;32;13;55;1
29;17;13;65123;1
29;71;13;35100;1
29;170;13;25444;4
29;123;13;33123;7
29;181;13;35000;1
29;64;13;12423;3
29;277;13;33123;7
29;164;13;33123;12
29;10;13;65123;1
29;175;13;65123;3
29;67;13;13000;1
29;169;13;12444;2
29;160;13;22222;14
29;11;13;12444;3
29;15;13;95;5
29;173;13;70222;1
29;20;13;33555;1
29;177;13;35789;2
29;177;13;33555;1
29;269;13;40222;2
29;22;13;70678;2
29;35;13;70100;4
29;67;13;35333;6
29;107;11;96;13
29;166;11;96;15
29;11;11;96;7
29;3;11;55;50
29;134;11;55;53
29;18;11;55;49
29;68;11;96;11
29;105;11;96;8
29;199;11;96;17
29;98;11;96;15
29;34;11;96;16
29;115;11;96;15
29;72;11;96;14
29;191;11;96;11
29;23;11;96;9
29;131;11;96;21
29;44;11;96;9
29;149;11;96;8
29;2;11;96;25
29;125;11;25;199
29;135;11;25;200
29;21;11;25;157
29;32;11;25;204
29;139;11;25;169
29;186;11;25;226
29;55;11;25;143
29;43;11;96;14
29;173;11;95;11
29;283;11;96;8
29;67;11;96;13
29;108;11;96;10
29;67;11;55;32
29;108;11;55;32
29;42;11;55;29
29;142;11;55;42
29;163;11;55;41
29;44;11;25;150
29;149;11;25;200
29;2;11;25;201
29;102;11;25;148
29;172;11;25;219
29;165;11;95;12
29;111;11;95;10
29;169;11;95;14
29;59;11;95;13
29;17;11;95;7
29;7;11;95;9
29;98;11;95;7
29;43;11;95;6
29;45;11;95;8
29;51;11;95;4
29;181;11;95;6
29;179;11;95;14
29;64;11;95;6
29;33;11;95;9
29;103;11;95;10
29;23;11;25;208
29;131;11;25;164
29;171;11;25;164
29;166;11;55;41
29;11;11;55;35
29;13;11;55;40
29;194;11;55;69
29;135;11;55;50
29;21;11;55;59
29;265;11;55;27
29;70;11;55;32
29;31;11;55;59
29;281;11;96;2
29;204;11;96;10
29;112;11;96;23
29;43;11;55;66
29;47;11;55;54
29;53;11;55;41
29;146;11;55;43
29;176;11;55;63
29;157;11;55;20
29;104;11;55;86
29;35;11;55;42
29;29;11;55;45
29;275;11;55;26
29;15;11;55;33
29;138;11;55;63
29;30;11;96;10
29;64;11;55;37
29;33;11;55;59
29;103;11;55;54
29;10;11;55;31
29;156;11;55;83
29;175;11;55;46
29;73;11;55;47
29;150;11;55;34
29;20;11;55;43
29;200;11;55;45
29;177;11;55;66
29;168;11;55;64
29;158;11;55;56
29;123;11;55;63
29;25;11;55;61
29;16;11;55;44
29;187;11;55;10
29;39;11;55;22
29;160;11;55;81
29;98;11;55;14
29;34;11;55;68
29;115;11;55;63
29;72;11;55;37
29;191;11;55;66
29;6;11;55;58
29;69;11;55;53
29;152;11;55;11
29;192;11;55;50
29;181;11;55;53
29;179;11;55;41
29;45;11;55;47
29;51;11;55;61
29;28;11;55;77
29;164;11;55;45
29;109;11;55;28
29;282;11;55;26
29;59;11;55;45
29;17;11;55;32
29;7;11;55;36
29;40;11;55;27
29;268;11;55;49
29;52;11;55;37
29;186;11;96;10
29;55;11;96;19
29;4;11;96;16
29;154;11;96;12
29;159;11;55;59
29;107;11;55;79
29;130;11;55;56
29;49;11;55;39
29;46;11;55;52
29;19;11;55;56
29;106;11;55;43
29;283;11;55;38
29;5;11;55;55
29;133;11;55;37
29;277;11;55;38
29;121;11;55;31
29;273;11;55;45
29;165;11;55;56
29;111;11;55;42
29;169;11;55;57
29;47;11;25;188
29;282;11;95;2
29;39;11;95;3
29;160;11;95;11
29;123;11;95;15
29;25;11;95;6
29;16;11;95;7
29;187;11;95;5
29;281;11;95;4
29;106;11;95;5
29;96;11;95;7
29;12;11;55;42
29;119;11;55;96
29;100;11;55;48
29;71;11;55;40
29;99;11;55;59
29;70;11;96;20
29;31;11;96;9
29;1;11;96;18
29;159;11;95;7
29;107;11;95;6
29;166;11;95;13
29;11;11;95;11
29;13;11;95;8
29;194;11;95;8
29;42;11;95;11
29;142;11;95;11
29;37;11;25;119
29;168;11;96;12
29;158;11;96;13
29;119;11;96;25
29;100;11;96;6
29;71;11;96;15
29;99;11;96;13
29;171;11;95;7
29;125;11;95;9
29;182;11;55;61
29;9;11;25;130
29;24;11;25;217
29;148;11;25;140
29;198;11;25;188
29;190;11;25;176
29;14;11;25;141
29;8;11;25;124
29;129;11;25;157
29;122;11;25;258
29;61;11;25;156
29;264;11;25;193
29;283;11;25;75
29;5;11;25;175
29;133;11;25;153
29;277;11;25;126
29;121;11;25;152
29;34;11;95;10
29;115;11;95;12
29;72;11;95;1
29;191;11;95;8
29;168;11;95;12
29;158;11;95;15
29;138;11;95;7
29;58;11;95;10
29;66;11;95;8
29;65;11;95;6
29;185;11;96;6
29;203;11;96;18
29;41;11;96;14
29;26;11;96;13
29;183;11;96;10
29;106;11;96;3
29;277;11;95;3
29;121;11;95;10
29;273;11;96;5
29;26;11;95;9
29;9;11;96;17
29;37;11;96;16
29;265;11;95;4
29;1;11;55;59
29;193;11;55;43
29;36;11;55;25
29;186;11;95;8
29;55;11;95;8
29;8;11;96;17
29;140;11;96;23
29;40;11;95;9
29;268;11;95;6
29;52;11;95;1
29;273;11;95;7
29;170;11;25;199
29;44;11;55;85
29;149;11;55;67
29;2;11;55;61
29;265;11;25;220
29;193;11;25;209
29;36;11;25;117
29;4;11;25;207
29;154;11;25;149
29;30;11;25;167
29;48;11;25;216
29;113;11;25;88
29;48;11;96;15
29;113;11;96;13
29;125;11;96;25
29;170;11;96;15
29;185;11;55;50
29;203;11;55;40
29;41;11;55;33
29;47;11;95;8
29;53;11;95;5
29;146;11;95;3
29;163;11;95;5
29;130;11;95;13
29;49;11;95;6
29;46;11;95;12
29;19;11;95;10
29;37;11;55;31
29;5;11;96;22
29;133;11;96;9
29;37;11;95;5
29;64;11;96;16
29;33;11;96;17
29;30;11;55;46
29;26;11;55;48
29;24;11;96;17
29;148;11;96;9
29;1;11;95;7
29;171;11;55;64
29;186;11;55;35
29;55;11;55;19
29;4;11;55;61
29;154;11;55;54
29;54;11;55;48
29;4;11;95;7
29;154;11;95;14
29;32;11;95;8
29;139;11;95;13
29;24;11;95;2
29;148;11;95;5
29;70;11;95;11
29;31;11;95;4
29;10;11;96;14
29;156;11;96;15
29;175;11;96;17
29;198;11;55;44
29;190;11;55;59
29;14;11;55;37
29;8;11;55;38
29;180;11;55;73
29;117;11;55;79
29;202;11;55;63
29;40;11;96;7
29;268;11;96;10
29;52;11;96;13
29;20;11;96;17
29;200;11;96;13
29;177;11;96;22
29;59;11;96;12
29;17;11;96;15
29;7;11;96;13
29;120;11;55;81
29;141;11;55;52
29;184;11;55;44
29;38;11;55;36
29;9;11;55;36
29;24;11;55;37
29;148;11;55;35
29;68;11;55;14
29;105;11;55;220
29;199;11;55;48
29;58;11;55;45
29;66;11;55;54
29;65;11;55;37
29;147;11;55;46
29;193;11;96;20
29;36;11;96;14
29;129;11;55;44
29;122;11;55;95
29;61;11;55;53
29;264;11;55;56
29;140;11;55;37
29;47;11;96;19
29;53;11;96;15
29;146;11;96;18
29;9;11;95;6
29;198;11;95;9
29;190;11;95;3
29;14;11;95;9
29;8;11;95;6
29;129;11;95;9
29;122;11;95;12
29;281;11;55;14
29;96;11;55;36
29;104;11;95;10
29;35;11;95;5
29;29;11;95;12
29;275;11;95;7
29;176;11;95;5
29;157;11;95;8
29;15;11;95;11
29;67;11;95;3
29;108;11;95;6
29;10;11;95;12
29;156;11;95;14
29;175;11;95;13
29;150;11;95;8
29;73;11;95;11
29;97;11;95;7
29;116;11;95;16
29;174;11;95;14
29;150;11;96;7
29;73;11;96;20
29;97;11;55;50
29;116;11;55;68
29;174;11;55;42
29;180;11;96;18
29;138;11;96;16
29;276;11;55;37
29;155;11;55;76
29;63;11;55;38
29;50;11;55;200
29;183;11;55;52
29;110;11;55;36
29;204;11;55;52
29;112;11;55;69
29;173;11;55;44
29;54;11;95;7
29;125;11;55;63
29;170;11;55;44
29;13;11;96;7
29;194;11;96;18
29;130;11;25;209
29;49;11;25;216
29;46;11;25;187
29;19;11;25;206
29;183;11;95;5
29;3;11;95;10
29;134;11;95;8
29;18;11;95;8
29;110;11;95;6
29;273;11;25;160
29;40;11;25;121
29;268;11;25;201
29;52;11;25;147
29;282;11;25;78
29;39;11;25;130
29;160;11;25;222
29;123;11;25;156
29;25;11;25;233
29;16;11;25;121
29;187;11;25;227
29;104;11;25;194
29;35;11;25;107
29;29;11;25;162
29;275;11;25;83
29;176;11;25;69
29;157;11;25;254
29;15;11;25;140
29;20;11;25;199
29;200;11;25;183
29;177;11;25;203
29;68;11;25;193
29;105;11;25;77
29;199;11;25;203
29;180;11;25;176
29;140;11;25;212
29;165;11;25;196
29;111;11;25;136
29;169;11;25;227
29;59;11;25;163
29;17;11;25;131
29;7;11;25;128
29;98;11;25;195
29;34;11;25;185
29;115;11;25;180
29;72;11;25;101
29;191;11;25;212
29;138;11;25;191
29;168;11;25;204
29;158;11;25;203
29;58;11;25;168
29;66;11;25;114
29;65;11;25;146
29;163;11;25;152
29;102;11;55;21
29;172;11;55;60
29;171;11;96;12
29;117;11;96;15
29;202;11;96;19
29;120;11;96;14
29;141;11;96;9
29;184;11;96;15
29;38;11;96;6
29;155;11;96;18
29;63;11;96;11
29;50;11;96;16
29;276;11;96;15
29;117;11;25;195
29;202;11;25;166
29;120;11;25;168
29;141;11;25;162
29;184;11;25;232
29;38;11;25;119
29;44;11;95;8
29;149;11;95;4
29;2;11;95;8
29;22;11;55;71
29;269;11;55;56
29;120;11;95;7
29;141;11;95;8
29;184;11;95;15
29;38;11;95;3
29;178;11;96;11
29;198;11;96;19
29;117;11;95;14
29;202;11;95;15
29;1;11;25;202
29;119;11;95;22
29;100;11;95;2
29;71;11;95;11
29;99;11;95;5
29;147;11;95;6
29;173;11;25;173
29;70;11;25;155
29;31;11;25;207
29;185;11;25;204
29;203;11;25;199
29;41;11;25;124
29;26;11;25;160
29;103;11;25;227
29;159;11;25;240
29;107;11;25;178
29;166;11;25;226
29;11;11;25;144
29;182;11;25;98
29;43;11;25;229
29;13;11;25;151
29;194;11;25;168
29;42;11;25;120
29;142;11;25;225
29;147;11;25;217
29;28;11;25;206
29;164;11;25;157
29;109;11;25;214
29;45;11;25;198
29;51;11;25;198
29;181;11;25;168
29;179;11;25;162
29;64;11;25;148
29;33;11;25;176
29;129;11;96;6
29;122;11;96;9
29;30;11;95;5
29;277;11;96;4
29;121;11;96;8
29;193;11;95;14
29;36;11;95;7
29;104;11;96;16
29;35;11;96;12
29;29;11;96;9
29;275;11;96;6
29;32;11;96;14
29;139;11;96;16
29;15;11;96;12
29;178;11;25;208
29;61;11;95;7
29;264;11;95;15
29;5;11;95;6
29;133;11;95;14
29;283;11;95;2
29;135;11;95;10
29;21;11;95;6
29;22;11;95;9
29;269;11;95;22
29;123;11;96;17
29;25;11;96;6
29;16;11;96;16
29;187;11;96;4
29;39;11;96;11
29;160;11;96;19
29;178;11;95;15
29;147;11;96;8
29;181;11;96;13
29;179;11;96;21
29;45;11;96;9
29;51;11;96;11
29;185;11;95;10
29;203;11;95;9
29;41;11;95;6
29;12;11;25;133
29;119;11;25;234
29;100;11;25;232
29;71;11;25;159
29;99;11;25;206
29;6;11;25;168
29;69;11;25;220
29;152;11;25;237
29;192;11;25;152
29;276;11;25;169
29;155;11;25;175
29;63;11;25;147
29;50;11;25;76
29;183;11;25;178
29;110;11;25;121
29;3;11;25;205
29;134;11;25;172
29;18;11;25;194
29;281;11;25;55
29;96;11;25;129
29;106;11;25;144
29;67;11;25;97
29;108;11;25;235
29;10;11;25;116
29;156;11;25;196
29;175;11;25;226
29;73;11;25;157
29;150;11;25;214
29;204;11;25;189
29;112;11;25;178
29;12;11;95;8
29;6;11;95;10
29;69;11;95;10
29;152;11;95;2
29;192;11;95;9
29;276;11;95;13
29;155;11;95;20
29;63;11;95;9
29;50;11;95;8
29;28;11;95;12
29;164;11;95;7
29;109;11;95;5
29;58;11;96;10
29;66;11;96;17
29;65;11;96;18
29;32;11;55;43
29;139;11;55;43
29;135;11;96;16
29;21;11;96;9
29;20;11;95;9
29;200;11;95;11
29;177;11;95;15
29;105;11;95;9
29;199;11;95;12
29;68;11;95;3
29;180;11;95;14
29;23;11;55;35
29;131;11;55;36
29;48;11;55;38
29;113;11;55;10
29;96;11;96;18
29;22;11;96;18
29;269;11;96;15
29;102;11;96;18
29;172;11;96;12
29;23;11;95;14
29;131;11;95;14
29;102;11;95;6
29;172;11;95;6
29;182;11;96;10
29;42;11;96;11
29;142;11;96;14
29;163;11;96;5
29;140;11;95;11
29;204;11;95;6
29;112;11;95;9
29;182;11;95;5
29;53;11;25;186
29;146;11;25;177
29;54;11;25;151
29;97;11;25;156
29;116;11;25;175
29;174;11;25;160
29;22;11;25;192
29;269;11;25;180
29;170;11;95;9
29;178;11;55;60
29;265;11;96;7
29;54;11;96;7
29;12;11;96;14
29;282;11;96;6
29;152;11;96;7
29;192;11;96;9
29;3;11;96;20
29;134;11;96;11
29;18;11;96;17
29;103;11;96;12
29;28;11;96;13
29;164;11;96;15
29;109;11;96;20
29;48;11;95;3
29;113;11;95;8
29;97;11;96;16
29;116;11;96;9
29;174;11;96;16
29;176;11;96;10
29;157;11;96;12
29;173;11;96;18
29;190;11;96;21
29;14;11;96;12
29;61;11;96;19
29;264;11;96;18
29;165;11;96;16
29;111;11;96;20
29;169;11;96;13
29;6;11;96;16
29;69;11;96;14
29;110;11;96;13
29;130;11;96;11
29;49;11;96;12
29;46;11;96;20
29;19;11;96;16
