zona;secao;cargo;numero;nome;votos;partido;coligacao
109;105;Presidente;12;CIRO GOMES;11;PDT;PDT
109;105;Presidente;13;LULA;128;PT;(PT/PC do B/PV), SOLIDARIEDADE, (PSOL/REDE), PSB, AGIR, AVANTE, PROS
109;105;Presidente;15;SIMONE TEBET;5;MDB;MDB, (PSDB/CIDADANIA), PODE
109;105;Presidente;22;JAIR BOLSONARO;86;PL;PP, REPUBLICANOS, PL
109;105;Presidente;44;SORAYA THRONICKE;2;UNIÃO;UNIÃO
109;105;Presidente;95;BRANCOS;3;;
109;105;Presidente;96;NULOS;9;;
109;105;Governador;12;ROBERTO CLÁUDIO;21;PDT;PMN, PATRIOTA, AGIR, PMB, PDT, PSD, PSB, PSC, DC
109;105;Governador;13;ELMANO DE FREITAS;98;PT;(PT/PC do B/PV), PP, MDB, PRTB, (PSOL/REDE), SOLIDARIEDADE
109;105;Governador;21;CHICO MALTA;1;PCB;PCB
109;105;Governador;44;CAPITÃO WAGNER;105;UNIÃO;PODE, AVANTE, PL, REPUBLICANOS, PTB, PROS, UNIÃO
109;105;Governador;95;BRANCOS;5;;
109;105;Governador;96;NULOS;14;;
109;105;Senador;131;CAMILO;124;PT;(PT/PC do B/PV), MDB, PRTB, (PSOL/REDE), SOLIDARIEDADE, PP
109;105;Senador;555;ERIKA AMORIM;5;PSD;PSB, AGIR, DC, PMB, PDT, PSD, PMN, PATRIOTA, PSC
109;105;Senador;700;KAMILA CARDOSO;88;AVANTE;AVANTE, UNIÃO, PTB, REPUBLICANOS, PROS, PL, PODE
109;105;Senador;95;BRANCOS;7;;
109;105;Senador;96;NULOS;20;;
109;105;Deputado Federal;1000;BISPA VANESSA LIMA;1;REPUBLICANOS;REPUBLICANOS
109;105;Deputado Federal;1010;RONALDO MARTINS;3;REPUBLICANOS;REPUBLICANOS
109;105;Deputado Federal;1030;VERISSIMO FREITAS;1;REPUBLICANOS;REPUBLICANOS
109;105;Deputado Federal;1212;LEÔNIDAS CRISTINO;1;PDT;PDT
109;105;Deputado Federal;1213;IDILVAN;10;PDT;PDT
109;105;Deputado Federal;1214;EDUARDO BISMARCK;12;PDT;PDT
109;105;Deputado Federal;1221;MAURO FILHO;2;PDT;PDT
109;105;Deputado Federal;1285;IANNA BRANDÃO;1;PDT;PDT
109;105;Deputado Federal;1292;ENFERMEIRA ANA PAULA;1;PDT;PDT
109;105;Deputado Federal;1313;LUIZIANNE LINS;5;PT;(PT/PC do B/PV)
109;105;Deputado Federal;1515;MOACENY FÉLIX;1;MDB;MDB
109;105;Deputado Federal;1533;EUNÍCIO;4;MDB;MDB
109;105;Deputado Federal;2200;DRA. MAYRA PINHEIRO;1;PL;PL
109;105;Deputado Federal;2201;DELEGADO CAVALCANTE;2;PL;PL
109;105;Deputado Federal;2222;ANDRÉ FERNANDES;11;PL;PL
109;105;Deputado Federal;2233;GORETE PEREIRA;1;PL;PL
109;105;Deputado Federal;2255;JÚNIOR MANO;3;PL;PL
109;105;Deputado Federal;2277;DR JAZIEL;19;PL;PL
109;105;Deputado Federal;2288;PRISCILA COSTA;4;PL;PL
109;105;Deputado Federal;2299;MATHEUS NORONHA;11;PL;PL
109;105;Deputado Federal;2323;MORONI;1;CIDADANIA;(PSDB/CIDADANIA)
109;105;Deputado Federal;4000;DENIS BEZERRA;1;PSB;PSB
109;105;Deputado Federal;4410;CARLOS MATOS;1;UNIÃO;UNIÃO
109;105;Deputado Federal;4411;VANDERLAN ALVES;1;UNIÃO;UNIÃO
109;105;Deputado Federal;4422;JULIERME SENA;1;UNIÃO;UNIÃO
109;105;Deputado Federal;4433;DR. AGRIPINO MAGALHÃES;3;UNIÃO;UNIÃO
109;105;Deputado Federal;4445;DAMIÃO TENORIO;1;UNIÃO;UNIÃO
109;105;Deputado Federal;4447;DANILO FORTE;10;UNIÃO;UNIÃO
109;105;Deputado Federal;4456;DAYANY DO CAPITÃO;1;UNIÃO;UNIÃO
109;105;Deputado Federal;4477;FERNANDA PESSOA;3;UNIÃO;UNIÃO
109;105;Deputado Federal;4488;MOSES RODRIGUES;14;UNIÃO;UNIÃO
109;105;Deputado Federal;4490;SOLDADO NOELIO;1;UNIÃO;UNIÃO
109;105;Deputado Federal;5511;CÉLIO STUDART;8;PSD;PSD
109;105;Deputado Federal;5533;LUIZ GASTÃO;9;PSD;PSD
109;105;Deputado Federal;5555;DOMINGOS NETO;65;PSD;PSD
109;105;Deputado Federal;5588;ELIANE BRAZ;1;PSD;PSD
109;105;Deputado Federal;6565;INÁCIO ARRUDA;4;PC do B;(PT/PC do B/PV)
109;105;Deputado Federal;7007;DR CADU;1;AVANTE;AVANTE
109;105;Deputado Federal;7012;LURDENIS VIEIRA;1;AVANTE;AVANTE
109;105;Deputado Federal;11;LEGENDA PP;1;PP;PP
109;105;Deputado Federal;13;LEGENDA PT;1;PT;PT
109;105;Deputado Federal;15;LEGENDA MDB;1;MDB;MDB
109;105;Deputado Federal;22;LEGENDA PL;2;PL;PL
109;105;Deputado Federal;95;BRANCOS;6;;
109;105;Deputado Federal;96;NULOS;12;;
109;105;Deputado Estadual;10000;APÓSTOLO LUIZ HENRIQUE;1;REPUBLICANOS;REPUBLICANOS
109;105;Deputado Estadual;10123;DAVID DURAND;4;REPUBLICANOS;REPUBLICANOS
109;105;Deputado Estadual;11111;ZEZINHO ALBUQUERQUE;1;PP;PP
109;105;Deputado Estadual;11113;ALMIR BIÉ;7;PP;PP
109;105;Deputado Estadual;11444;LEONARDO PINHEIRO;3;PP;PP
109;105;Deputado Estadual;12000;EVANDRO LEITÃO;2;PDT;PDT
109;105;Deputado Estadual;12123;CLÁUDIO PINHO;9;PDT;PDT
109;105;Deputado Estadual;12127;HELAINE COELHO;31;PDT;PDT
109;105;Deputado Estadual;13100;LILIANE;2;PT;(PT/PC do B/PV)
109;105;Deputado Estadual;13123;MISSIAS DO MST;1;PT;(PT/PC do B/PV)
109;105;Deputado Estadual;13132;ACRISIO SENA;3;PT;(PT/PC do B/PV)
109;105;Deputado Estadual;13133;LARISSA GASPAR;1;PT;(PT/PC do B/PV)
109;105;Deputado Estadual;13234;GUILHERME SAMPAIO;2;PT;(PT/PC do B/PV)
109;105;Deputado Estadual;13333;MOISES BRAZ;1;PT;(PT/PC do B/PV)
109;105;Deputado Estadual;13555;JULIANA LUCENA;1;PT;(PT/PC do B/PV)
109;105;Deputado Estadual;13777;NIZO;2;PT;(PT/PC do B/PV)
109;105;Deputado Estadual;13789;JULINHO;13;PT;(PT/PC do B/PV)
109;105;Deputado Estadual;15123;AUDIC MOTA;3;MDB;MDB
109;105;Deputado Estadual;15888;AGENOR NETO;3;MDB;MDB
109;105;Deputado Estadual;22022;CARMELO NETO;4;PL;PL
109;105;Deputado Estadual;22111;PEDRO MATOS;1;PL;PL
109;105;Deputado Estadual;22222;PR.ALCIDES FERNANDES;4;PL;PL
109;105;Deputado Estadual;22380;DUDU DIÓGENES;2;PL;PL
109;105;Deputado Estadual;22555;MARTA GONÇALVES;57;PL;PL
109;105;Deputado Estadual;22777;DRA SILVANA;16;PL;PL
109;105;Deputado Estadual;23123;LUANA RIBEIRO;1;CIDADANIA;(PSDB/CIDADANIA)
109;105;Deputado Estadual;44027;PROFESSOR CARDOSO NETO;1;UNIÃO;UNIÃO
109;105;Deputado Estadual;44044;MARGARIDAMORORO CEARAPARATODOS;1;UNIÃO;UNIÃO
109;105;Deputado Estadual;44190;SARGENTO REGINAURO;1;UNIÃO;UNIÃO
109;105;Deputado Estadual;44567;MAGNOLIA ROCHA;5;UNIÃO;UNIÃO
109;105;Deputado Estadual;44600;DR FORSYTH;1;UNIÃO;UNIÃO
109;105;Deputado Estadual;44777;FIRMO CAMURÇA;3;UNIÃO;UNIÃO
109;105;Deputado Estadual;44888;DR. OSCAR RODRIGUES;13;UNIÃO;UNIÃO
109;105;Deputado Estadual;45000;JORGE PINHEIRO;2;PSDB;(PSDB/CIDADANIA)
109;105;Deputado Estadual;45111;GORDIM ARAUJO;1;PSDB;(PSDB/CIDADANIA)
109;105;Deputado Estadual;45123;EMILIA PESSOA;1;PSDB;(PSDB/CIDADANIA)
109;105;Deputado Estadual;45999;FERREIRA ARAGÃO;1;PSDB;(PSDB/CIDADANIA)
109;105;Deputado Estadual;50113;NESTOR BEZERRA;1;PSOL;(PSOL/REDE)
109;105;Deputado Estadual;55011;APOLLO VICZ;1;PSD;PSD
109;105;Deputado Estadual;65013;PROFESSOR ANÍZIO;1;PC do B;(PT/PC do B/PV)
109;105;Deputado Estadual;65234;CACIKA IRÊ;1;PC do B;(PT/PC do B/PV)
109;105;Deputado Estadual;70123;TOMAZ HOLANDA;4;AVANTE;AVANTE
109;105;Deputado Estadual;70222;STUART CASTRO;2;AVANTE;AVANTE
109;105;Deputado Estadual;90114;LINDON JONSON;1;PROS;PROS
109;105;Deputado Estadual;13;LEGENDA PT;2;PT;PT
109;105;Deputado Estadual;22;LEGENDA PL;6;PL;PL
109;105;Deputado Estadual;30;LEGENDA NOVO;1;NOVO;NOVO
109;105;Deputado Estadual;44;LEGENDA UNIÃO;1;UNIÃO;UNIÃO
109;105;Deputado Estadual;55;LEGENDA PSD;1;PSD;PSD
109;105;Deputado Estadual;95;BRANCOS;6;;
109;105;Deputado Estadual;96;NULOS;11;;
109;106;Presidente;12;CIRO GOMES;16;PDT;PDT
109;106;Presidente;13;LULA;131;PT;(PT/PC do B/PV), SOLIDARIEDADE, (PSOL/REDE), PSB, AGIR, AVANTE, PROS
109;106;Presidente;14;PADRE KELMON;1;PTB;PTB
109;106;Presidente;15;SIMONE TEBET;2;MDB;MDB, (PSDB/CIDADANIA), PODE
109;106;Presidente;22;JAIR BOLSONARO;89;PL;PP, REPUBLICANOS, PL
109;106;Presidente;30;FELIPE D'AVILA;1;NOVO;NOVO
109;106;Presidente;95;BRANCOS;2;;
109;106;Presidente;96;NULOS;11;;
109;106;Governador;12;ROBERTO CLÁUDIO;16;PDT;PMN, PATRIOTA, AGIR, PMB, PDT, PSD, PSB, PSC, DC
109;106;Governador;13;ELMANO DE FREITAS;107;PT;(PT/PC do B/PV), PP, MDB, PRTB, (PSOL/REDE), SOLIDARIEDADE
109;106;Governador;44;CAPITÃO WAGNER;110;UNIÃO;PODE, AVANTE, PL, REPUBLICANOS, PTB, PROS, UNIÃO
109;106;Governador;95;BRANCOS;7;;
109;106;Governador;96;NULOS;13;;
109;106;Senador;131;CAMILO;131;PT;(PT/PC do B/PV), MDB, PRTB, (PSOL/REDE), SOLIDARIEDADE, PP
109;106;Senador;555;ERIKA AMORIM;3;PSD;PSB, AGIR, DC, PMB, PDT, PSD, PMN, PATRIOTA, PSC
109;106;Senador;700;KAMILA CARDOSO;82;AVANTE;AVANTE, UNIÃO, PTB, REPUBLICANOS, PROS, PL, PODE
109;106;Senador;95;BRANCOS;10;;
109;106;Senador;96;NULOS;27;;
109;106;Deputado Federal;1010;RONALDO MARTINS;4;REPUBLICANOS;REPUBLICANOS
109;106;Deputado Federal;1020;ERLAN BASTOS;1;REPUBLICANOS;REPUBLICANOS
109;106;Deputado Federal;1023;PASTOR ABRAÃO;2;REPUBLICANOS;REPUBLICANOS
109;106;Deputado Federal;1111;AJ ALBUQUERQUE;3;PP;PP
109;106;Deputado Federal;1212;LEÔNIDAS CRISTINO;1;PDT;PDT
109;106;Deputado Federal;1213;IDILVAN;11;PDT;PDT
109;106;Deputado Federal;1214;EDUARDO BISMARCK;13;PDT;PDT
109;106;Deputado Federal;1233;ROBÉRIO MONTEIRO;1;PDT;PDT
109;106;Deputado Federal;1251;ARNON BEZERRA;1;PDT;PDT
109;106;Deputado Federal;1292;ENFERMEIRA ANA PAULA;2;PDT;PDT
109;106;Deputado Federal;1313;LUIZIANNE LINS;7;PT;(PT/PC do B/PV)
109;106;Deputado Federal;1322;GUIMARÃES DO PT;1;PT;(PT/PC do B/PV)
109;106;Deputado Federal;1323;KIM LOPES;1;PT;(PT/PC do B/PV)
109;106;Deputado Federal;1533;EUNÍCIO;2;MDB;MDB
109;106;Deputado Federal;1818;TOINHA ROCHA;1;REDE;(PSOL/REDE)
109;106;Deputado Federal;2200;DRA. MAYRA PINHEIRO;1;PL;PL
109;106;Deputado Federal;2201;DELEGADO CAVALCANTE;2;PL;PL
109;106;Deputado Federal;2210;CORONEL AGINALDO;1;PL;PL
109;106;Deputado Federal;2211;YURY DO PAREDÃO;1;PL;PL
109;106;Deputado Federal;2222;ANDRÉ FERNANDES;10;PL;PL
109;106;Deputado Federal;2233;GORETE PEREIRA;2;PL;PL
109;106;Deputado Federal;2255;JÚNIOR MANO;1;PL;PL
109;106;Deputado Federal;2277;DR JAZIEL;10;PL;PL
109;106;Deputado Federal;2288;PRISCILA COSTA;1;PL;PL
109;106;Deputado Federal;2299;MATHEUS NORONHA;9;PL;PL
109;106;Deputado Federal;4000;DENIS BEZERRA;2;PSB;PSB
109;106;Deputado Federal;4411;VANDERLAN ALVES;1;UNIÃO;UNIÃO
109;106;Deputado Federal;4433;DR. AGRIPINO MAGALHÃES;5;UNIÃO;UNIÃO
109;106;Deputado Federal;4440;CAETANO NETO;1;UNIÃO;UNIÃO
109;106;Deputado Federal;4444;HEITOR FREIRE;2;UNIÃO;UNIÃO
109;106;Deputado Federal;4445;DAMIÃO TENORIO;1;UNIÃO;UNIÃO
109;106;Deputado Federal;4447;DANILO FORTE;7;UNIÃO;UNIÃO
109;106;Deputado Federal;4455;VAIDON OLIVEIRA;1;UNIÃO;UNIÃO
109;106;Deputado Federal;4456;DAYANY DO CAPITÃO;1;UNIÃO;UNIÃO
109;106;Deputado Federal;4477;FERNANDA PESSOA;7;UNIÃO;UNIÃO
109;106;Deputado Federal;4488;MOSES RODRIGUES;17;UNIÃO;UNIÃO
109;106;Deputado Federal;4490;SOLDADO NOELIO;1;UNIÃO;UNIÃO
109;106;Deputado Federal;4555;CLAUDIA GOMES;1;PSDB;(PSDB/CIDADANIA)
109;106;Deputado Federal;5511;CÉLIO STUDART;4;PSD;PSD
109;106;Deputado Federal;5522;MARCOS LIMA;1;PSD;PSD
109;106;Deputado Federal;5533;LUIZ GASTÃO;10;PSD;PSD
109;106;Deputado Federal;5555;DOMINGOS NETO;68;PSD;PSD
109;106;Deputado Federal;5566;KELVYA ALBUQUERQUE;1;PSD;PSD
109;106;Deputado Federal;5588;ELIANE BRAZ;2;PSD;PSD
109;106;Deputado Federal;7078;VALBERTO DO SERRANO;2;AVANTE;AVANTE
109;106;Deputado Federal;11;LEGENDA PP;1;PP;PP
109;106;Deputado Federal;12;LEGENDA PDT;1;PDT;PDT
109;106;Deputado Federal;13;LEGENDA PT;3;PT;PT
109;106;Deputado Federal;22;LEGENDA PL;3;PL;PL
109;106;Deputado Federal;29;LEGENDA PCO;1;PCO;PCO
109;106;Deputado Federal;44;LEGENDA UNIÃO;1;UNIÃO;UNIÃO
109;106;Deputado Federal;70;LEGENDA AVANTE;1;AVANTE;AVANTE
109;106;Deputado Federal;95;BRANCOS;10;;
109;106;Deputado Federal;96;NULOS;8;;
109;106;Deputado Estadual;10000;APÓSTOLO LUIZ HENRIQUE;1;REPUBLICANOS;REPUBLICANOS
109;106;Deputado Estadual;10123;DAVID DURAND;3;REPUBLICANOS;REPUBLICANOS
109;106;Deputado Estadual;11111;ZEZINHO ALBUQUERQUE;2;PP;PP
109;106;Deputado Estadual;11113;ALMIR BIÉ;5;PP;PP
109;106;Deputado Estadual;11444;LEONARDO PINHEIRO;5;PP;PP
109;106;Deputado Estadual;12000;EVANDRO LEITÃO;1;PDT;PDT
109;106;Deputado Estadual;12123;CLÁUDIO PINHO;5;PDT;PDT
109;106;Deputado Estadual;12127;HELAINE COELHO;41;PDT;PDT
109;106;Deputado Estadual;12345;LIA GOMES;1;PDT;PDT
109;106;Deputado Estadual;12999;BRUNO PEDROSA;1;PDT;PDT
109;106;Deputado Estadual;13100;LILIANE;1;PT;(PT/PC do B/PV)
109;106;Deputado Estadual;13123;MISSIAS DO MST;1;PT;(PT/PC do B/PV)
109;106;Deputado Estadual;13132;ACRISIO SENA;5;PT;(PT/PC do B/PV)
109;106;Deputado Estadual;13133;LARISSA GASPAR;2;PT;(PT/PC do B/PV)
109;106;Deputado Estadual;13234;GUILHERME SAMPAIO;1;PT;(PT/PC do B/PV)
109;106;Deputado Estadual;13333;MOISES BRAZ;2;PT;(PT/PC do B/PV)
109;106;Deputado Estadual;13456;DE ASSIS DINIZ;2;PT;(PT/PC do B/PV)
109;106;Deputado Estadual;13777;NIZO;3;PT;(PT/PC do B/PV)
109;106;Deputado Estadual;13789;JULINHO;11;PT;(PT/PC do B/PV)
109;106;Deputado Estadual;15000;EDILARDO EUFRASIO;1;MDB;MDB
109;106;Deputado Estadual;15123;AUDIC MOTA;1;MDB;MDB
109;106;Deputado Estadual;15555;FELIPE AGUIAR;1;MDB;MDB
109;106;Deputado Estadual;15888;AGENOR NETO;2;MDB;MDB
109;106;Deputado Estadual;22022;CARMELO NETO;5;PL;PL
109;106;Deputado Estadual;22222;PR.ALCIDES FERNANDES;3;PL;PL
109;106;Deputado Estadual;22555;MARTA GONÇALVES;52;PL;PL
109;106;Deputado Estadual;22722;PAULO BATTISTI;1;PL;PL
109;106;Deputado Estadual;22777;DRA SILVANA;7;PL;PL
109;106;Deputado Estadual;23190;TENENTE DANTAS;1;CIDADANIA;(PSDB/CIDADANIA)
109;106;Deputado Estadual;30000;DR. ISAQUE RABELO;2;NOVO;NOVO
109;106;Deputado Estadual;33123;ALCY PINHEIRO;2;PMN;PMN
109;106;Deputado Estadual;44190;SARGENTO REGINAURO;1;UNIÃO;UNIÃO
109;106;Deputado Estadual;44447;ISABELLE MUNGUBA;1;UNIÃO;UNIÃO
109;106;Deputado Estadual;44543;ANDERSON FELÍCIO;1;UNIÃO;UNIÃO
109;106;Deputado Estadual;44567;MAGNOLIA ROCHA;8;UNIÃO;UNIÃO
109;106;Deputado Estadual;44777;FIRMO CAMURÇA;5;UNIÃO;UNIÃO
109;106;Deputado Estadual;44888;DR. OSCAR RODRIGUES;16;UNIÃO;UNIÃO
109;106;Deputado Estadual;45000;JORGE PINHEIRO;2;PSDB;(PSDB/CIDADANIA)
109;106;Deputado Estadual;55888;KEIVIA DIAS;1;PSD;PSD
109;106;Deputado Estadual;65013;PROFESSOR ANÍZIO;1;PC do B;(PT/PC do B/PV)
109;106;Deputado Estadual;65234;CACIKA IRÊ;1;PC do B;(PT/PC do B/PV)
109;106;Deputado Estadual;70000;TAM DE OLIVEIRA;2;AVANTE;AVANTE
109;106;Deputado Estadual;70007;DANILO LOPES;2;AVANTE;AVANTE
109;106;Deputado Estadual;70123;TOMAZ HOLANDA;6;AVANTE;AVANTE
109;106;Deputado Estadual;70190;SARGENTO DOUGLAS;1;AVANTE;AVANTE
109;106;Deputado Estadual;12;LEGENDA PDT;3;PDT;PDT
109;106;Deputado Estadual;13;LEGENDA PT;2;PT;PT
109;106;Deputado Estadual;15;LEGENDA MDB;1;MDB;MDB
109;106;Deputado Estadual;22;LEGENDA PL;3;PL;PL
109;106;Deputado Estadual;44;LEGENDA UNIÃO;2;UNIÃO;UNIÃO
109;106;Deputado Estadual;55;LEGENDA PSD;2;PSD;PSD
109;106;Deputado Estadual;70;LEGENDA AVANTE;2;AVANTE;AVANTE
109;106;Deputado Estadual;95;BRANCOS;10;;
109;106;Deputado Estadual;96;NULOS;9;;
109;107;Presidente;12;CIRO GOMES;20;PDT;PDT
109;107;Presidente;13;LULA;170;PT;(PT/PC do B/PV), SOLIDARIEDADE, (PSOL/REDE), PSB, AGIR, AVANTE, PROS
109;107;Presidente;15;SIMONE TEBET;4;MDB;MDB, (PSDB/CIDADANIA), PODE
109;107;Presidente;22;JAIR BOLSONARO;103;PL;PP, REPUBLICANOS, PL
109;107;Presidente;44;SORAYA THRONICKE;1;UNIÃO;UNIÃO
109;107;Presidente;95;BRANCOS;3;;
109;107;Presidente;96;NULOS;6;;
109;107;Governador;12;ROBERTO CLÁUDIO;24;PDT;PMN, PATRIOTA, AGIR, PMB, PDT, PSD, PSB, PSC, DC
109;107;Governador;13;ELMANO DE FREITAS;146;PT;(PT/PC do B/PV), PP, MDB, PRTB, (PSOL/REDE), SOLIDARIEDADE
109;107;Governador;44;CAPITÃO WAGNER;114;UNIÃO;PODE, AVANTE, PL, REPUBLICANOS, PTB, PROS, UNIÃO
109;107;Governador;95;BRANCOS;9;;
109;107;Governador;96;NULOS;14;;
109;107;Senador;131;CAMILO;182;PT;(PT/PC do B/PV), MDB, PRTB, (PSOL/REDE), SOLIDARIEDADE, PP
109;107;Senador;160;CARLOS SILVA;2;PSTU;PSTU
109;107;Senador;555;ERIKA AMORIM;6;PSD;PSB, AGIR, DC, PMB, PDT, PSD, PMN, PATRIOTA, PSC
109;107;Senador;700;KAMILA CARDOSO;84;AVANTE;AVANTE, UNIÃO, PTB, REPUBLICANOS, PROS, PL, PODE
109;107;Senador;95;BRANCOS;11;;
109;107;Senador;96;NULOS;22;;
109;107;Deputado Federal;1023;PASTOR ABRAÃO;1;REPUBLICANOS;REPUBLICANOS
109;107;Deputado Federal;1030;VERISSIMO FREITAS;1;REPUBLICANOS;REPUBLICANOS
109;107;Deputado Federal;1111;AJ ALBUQUERQUE;3;PP;PP
109;107;Deputado Federal;1212;LEÔNIDAS CRISTINO;1;PDT;PDT
109;107;Deputado Federal;1213;IDILVAN;19;PDT;PDT
109;107;Deputado Federal;1214;EDUARDO BISMARCK;16;PDT;PDT
109;107;Deputado Federal;1233;ROBÉRIO MONTEIRO;4;PDT;PDT
109;107;Deputado Federal;1251;ARNON BEZERRA;1;PDT;PDT
109;107;Deputado Federal;1292;ENFERMEIRA ANA PAULA;5;PDT;PDT
109;107;Deputado Federal;1313;LUIZIANNE LINS;13;PT;(PT/PC do B/PV)
109;107;Deputado Federal;1533;EUNÍCIO;4;MDB;MDB
109;107;Deputado Federal;1600;EDWEYNE RODOVIÁRIO;1;PSTU;PSTU
109;107;Deputado Federal;2200;DRA. MAYRA PINHEIRO;2;PL;PL
109;107;Deputado Federal;2201;DELEGADO CAVALCANTE;6;PL;PL
109;107;Deputado Federal;2210;CORONEL AGINALDO;3;PL;PL
109;107;Deputado Federal;2211;YURY DO PAREDÃO;1;PL;PL
109;107;Deputado Federal;2222;ANDRÉ FERNANDES;5;PL;PL
109;107;Deputado Federal;2233;GORETE PEREIRA;2;PL;PL
109;107;Deputado Federal;2255;JÚNIOR MANO;5;PL;PL
109;107;Deputado Federal;2277;DR JAZIEL;9;PL;PL
109;107;Deputado Federal;2288;PRISCILA COSTA;2;PL;PL
109;107;Deputado Federal;2299;MATHEUS NORONHA;9;PL;PL
109;107;Deputado Federal;2323;MORONI;1;CIDADANIA;(PSDB/CIDADANIA)
109;107;Deputado Federal;4410;CARLOS MATOS;1;UNIÃO;UNIÃO
109;107;Deputado Federal;4422;JULIERME SENA;2;UNIÃO;UNIÃO
109;107;Deputado Federal;4433;DR. AGRIPINO MAGALHÃES;6;UNIÃO;UNIÃO
109;107;Deputado Federal;4444;HEITOR FREIRE;2;UNIÃO;UNIÃO
109;107;Deputado Federal;4445;DAMIÃO TENORIO;2;UNIÃO;UNIÃO
109;107;Deputado Federal;4447;DANILO FORTE;7;UNIÃO;UNIÃO
109;107;Deputado Federal;4455;VAIDON OLIVEIRA;2;UNIÃO;UNIÃO
109;107;Deputado Federal;4456;DAYANY DO CAPITÃO;2;UNIÃO;UNIÃO
109;107;Deputado Federal;4477;FERNANDA PESSOA;9;UNIÃO;UNIÃO
109;107;Deputado Federal;4488;MOSES RODRIGUES;10;UNIÃO;UNIÃO
109;107;Deputado Federal;4490;SOLDADO NOELIO;1;UNIÃO;UNIÃO
109;107;Deputado Federal;5055;GABRIEL BIOLOGIA;2;PSOL;(PSOL/REDE)
109;107;Deputado Federal;5511;CÉLIO STUDART;8;PSD;PSD
109;107;Deputado Federal;5522;MARCOS LIMA;1;PSD;PSD
109;107;Deputado Federal;5533;LUIZ GASTÃO;16;PSD;PSD
109;107;Deputado Federal;5555;DOMINGOS NETO;88;PSD;PSD
109;107;Deputado Federal;5588;ELIANE BRAZ;2;PSD;PSD
109;107;Deputado Federal;6565;INÁCIO ARRUDA;1;PC do B;(PT/PC do B/PV)
109;107;Deputado Federal;7011;DR MARCOS;1;AVANTE;AVANTE
109;107;Deputado Federal;7012;LURDENIS VIEIRA;1;AVANTE;AVANTE
109;107;Deputado Federal;7040;CHICO ANTÔNIO;1;AVANTE;AVANTE
109;107;Deputado Federal;11;LEGENDA PP;1;PP;PP
109;107;Deputado Federal;13;LEGENDA PT;2;PT;PT
109;107;Deputado Federal;22;LEGENDA PL;1;PL;PL
109;107;Deputado Federal;44;LEGENDA UNIÃO;1;UNIÃO;UNIÃO
109;107;Deputado Federal;50;LEGENDA PSOL;1;PSOL;PSOL
109;107;Deputado Federal;55;LEGENDA PSD;1;PSD;PSD
109;107;Deputado Federal;65;LEGENDA PC do B;1;PC do B;PC do B
109;107;Deputado Federal;95;BRANCOS;13;;
109;107;Deputado Federal;96;NULOS;7;;
109;107;Deputado Estadual;10000;APÓSTOLO LUIZ HENRIQUE;2;REPUBLICANOS;REPUBLICANOS
109;107;Deputado Estadual;10124;DUQUINHA;1;REPUBLICANOS;REPUBLICANOS
109;107;Deputado Estadual;11111;ZEZINHO ALBUQUERQUE;4;PP;PP
109;107;Deputado Estadual;11113;ALMIR BIÉ;7;PP;PP
109;107;Deputado Estadual;11444;LEONARDO PINHEIRO;3;PP;PP
109;107;Deputado Estadual;11999;MOÉSIO LOIOLA;1;PP;PP
109;107;Deputado Estadual;12000;EVANDRO LEITÃO;1;PDT;PDT
109;107;Deputado Estadual;12123;CLÁUDIO PINHO;10;PDT;PDT
109;107;Deputado Estadual;12127;HELAINE COELHO;38;PDT;PDT
109;107;Deputado Estadual;12600;TIN GOMES;1;PDT;PDT
109;107;Deputado Estadual;13123;MISSIAS DO MST;2;PT;(PT/PC do B/PV)
109;107;Deputado Estadual;13132;ACRISIO SENA;14;PT;(PT/PC do B/PV)
109;107;Deputado Estadual;13133;LARISSA GASPAR;1;PT;(PT/PC do B/PV)
109;107;Deputado Estadual;13456;DE ASSIS DINIZ;1;PT;(PT/PC do B/PV)
109;107;Deputado Estadual;13555;JULIANA LUCENA;1;PT;(PT/PC do B/PV)
109;107;Deputado Estadual;13777;NIZO;3;PT;(PT/PC do B/PV)
109;107;Deputado Estadual;13789;JULINHO;12;PT;(PT/PC do B/PV)
109;107;Deputado Estadual;15000;EDILARDO EUFRASIO;1;MDB;MDB
109;107;Deputado Estadual;15115;CARLOS BANDEIRA;2;MDB;MDB
109;107;Deputado Estadual;15888;AGENOR NETO;3;MDB;MDB
109;107;Deputado Estadual;22000;DR EDMAR FERNADES;1;PL;PL
109;107;Deputado Estadual;22010;BEZERRA DE MENESES;3;PL;PL
109;107;Deputado Estadual;22022;CARMELO NETO;6;PL;PL
109;107;Deputado Estadual;22111;PEDRO MATOS;2;PL;PL
109;107;Deputado Estadual;22380;DUDU DIÓGENES;1;PL;PL
109;107;Deputado Estadual;22555;MARTA GONÇALVES;77;PL;PL
109;107;Deputado Estadual;22777;DRA SILVANA;9;PL;PL
109;107;Deputado Estadual;23192;MARTINHA - A SAÚDE RESISTE;1;CIDADANIA;(PSDB/CIDADANIA)
109;107;Deputado Estadual;30000;DR. ISAQUE RABELO;1;NOVO;NOVO
109;107;Deputado Estadual;43222;REGINALDO CASTRO;1;PV;(PT/PC do B/PV)
109;107;Deputado Estadual;43640;WALTER CAVALCANTE;2;PV;(PT/PC do B/PV)
109;107;Deputado Estadual;44190;SARGENTO REGINAURO;2;UNIÃO;UNIÃO
109;107;Deputado Estadual;44333;HEITOR FÉRRER;1;UNIÃO;UNIÃO
109;107;Deputado Estadual;44444;ENEAS GOES;1;UNIÃO;UNIÃO
109;107;Deputado Estadual;44447;ISABELLE MUNGUBA;1;UNIÃO;UNIÃO
109;107;Deputado Estadual;44567;MAGNOLIA ROCHA;4;UNIÃO;UNIÃO
109;107;Deputado Estadual;44777;FIRMO CAMURÇA;10;UNIÃO;UNIÃO
109;107;Deputado Estadual;44888;DR. OSCAR RODRIGUES;7;UNIÃO;UNIÃO
109;107;Deputado Estadual;45000;JORGE PINHEIRO;3;PSDB;(PSDB/CIDADANIA)
109;107;Deputado Estadual;45111;GORDIM ARAUJO;1;PSDB;(PSDB/CIDADANIA)
109;107;Deputado Estadual;45123;EMILIA PESSOA;1;PSDB;(PSDB/CIDADANIA)
109;107;Deputado Estadual;45333;DIEGO BARRETO;1;PSDB;(PSDB/CIDADANIA)
109;107;Deputado Estadual;50113;NESTOR BEZERRA;1;PSOL;(PSOL/REDE)
109;107;Deputado Estadual;50500;RENATO ROSENO;1;PSOL;(PSOL/REDE)
109;107;Deputado Estadual;55011;APOLLO VICZ;1;PSD;PSD
109;107;Deputado Estadual;55555;GABRIELLA AGUIAR;2;PSD;PSD
109;107;Deputado Estadual;55888;KEIVIA DIAS;1;PSD;PSD
109;107;Deputado Estadual;65013;PROFESSOR ANÍZIO;3;PC do B;(PT/PC do B/PV)
109;107;Deputado Estadual;70000;TAM DE OLIVEIRA;1;AVANTE;AVANTE
109;107;Deputado Estadual;70123;TOMAZ HOLANDA;13;AVANTE;AVANTE
109;107;Deputado Estadual;70369;NETO SANTANA;1;AVANTE;AVANTE
109;107;Deputado Estadual;70777;CORONEL ADRIANIZIO PAULO;1;AVANTE;AVANTE
109;107;Deputado Estadual;13;LEGENDA PT;7;PT;PT
109;107;Deputado Estadual;22;LEGENDA PL;1;PL;PL
109;107;Deputado Estadual;44;LEGENDA UNIÃO;1;UNIÃO;UNIÃO
109;107;Deputado Estadual;55;LEGENDA PSD;4;PSD;PSD
109;107;Deputado Estadual;95;BRANCOS;14;;
109;107;Deputado Estadual;96;NULOS;11;;
109;108;Presidente;12;CIRO GOMES;18;PDT;PDT
109;108;Presidente;13;LULA;158;PT;(PT/PC do B/PV), SOLIDARIEDADE, (PSOL/REDE), PSB, AGIR, AVANTE, PROS
109;108;Presidente;15;SIMONE TEBET;5;MDB;MDB, (PSDB/CIDADANIA), PODE
109;108;Presidente;16;VERA;1;PSTU;PSTU
109;108;Presidente;22;JAIR BOLSONARO;91;PL;PP, REPUBLICANOS, PL
109;108;Presidente;30;FELIPE D'AVILA;1;NOVO;NOVO
109;108;Presidente;44;SORAYA THRONICKE;3;UNIÃO;UNIÃO
109;108;Presidente;95;BRANCOS;5;;
109;108;Presidente;96;NULOS;7;;
109;108;Governador;12;ROBERTO CLÁUDIO;33;PDT;PMN, PATRIOTA, AGIR, PMB, PDT, PSD, PSB, PSC, DC
109;108;Governador;13;ELMANO DE FREITAS;131;PT;(PT/PC do B/PV), PP, MDB, PRTB, (PSOL/REDE), SOLIDARIEDADE
109;108;Governador;44;CAPITÃO WAGNER;109;UNIÃO;PODE, AVANTE, PL, REPUBLICANOS, PTB, PROS, UNIÃO
109;108;Governador;95;BRANCOS;7;;
109;108;Governador;96;NULOS;9;;
109;108;Senador;131;CAMILO;171;PT;(PT/PC do B/PV), MDB, PRTB, (PSOL/REDE), SOLIDARIEDADE, PP
109;108;Senador;555;ERIKA AMORIM;5;PSD;PSB, AGIR, DC, PMB, PDT, PSD, PMN, PATRIOTA, PSC
109;108;Senador;700;KAMILA CARDOSO;89;AVANTE;AVANTE, UNIÃO, PTB, REPUBLICANOS, PROS, PL, PODE
109;108;Senador;95;BRANCOS;6;;
109;108;Senador;96;NULOS;18;;
109;108;Deputado Federal;1000;BISPA VANESSA LIMA;2;REPUBLICANOS;REPUBLICANOS
109;108;Deputado Federal;1010;RONALDO MARTINS;4;REPUBLICANOS;REPUBLICANOS
109;108;Deputado Federal;1023;PASTOR ABRAÃO;2;REPUBLICANOS;REPUBLICANOS
109;108;Deputado Federal;1111;AJ ALBUQUERQUE;2;PP;PP
109;108;Deputado Federal;1212;LEÔNIDAS CRISTINO;2;PDT;PDT
109;108;Deputado Federal;1213;IDILVAN;13;PDT;PDT
109;108;Deputado Federal;1214;EDUARDO BISMARCK;14;PDT;PDT
109;108;Deputado Federal;1233;ROBÉRIO MONTEIRO;5;PDT;PDT
109;108;Deputado Federal;1277;ADAIL JR;4;PDT;PDT
109;108;Deputado Federal;1311;LOURDINHA FELIX;1;PT;(PT/PC do B/PV)
109;108;Deputado Federal;1313;LUIZIANNE LINS;6;PT;(PT/PC do B/PV)
109;108;Deputado Federal;1322;GUIMARÃES DO PT;4;PT;(PT/PC do B/PV)
109;108;Deputado Federal;1533;EUNÍCIO;4;MDB;MDB
109;108;Deputado Federal;2200;DRA. MAYRA PINHEIRO;3;PL;PL
109;108;Deputado Federal;2201;DELEGADO CAVALCANTE;2;PL;PL
109;108;Deputado Federal;2210;CORONEL AGINALDO;5;PL;PL
109;108;Deputado Federal;2222;ANDRÉ FERNANDES;7;PL;PL
109;108;Deputado Federal;2225;NENEM DA SEFAZ;1;PL;PL
109;108;Deputado Federal;2255;JÚNIOR MANO;2;PL;PL
109;108;Deputado Federal;2277;DR JAZIEL;4;PL;PL
109;108;Deputado Federal;2288;PRISCILA COSTA;2;PL;PL
109;108;Deputado Federal;2299;MATHEUS NORONHA;10;PL;PL
109;108;Deputado Federal;4000;DENIS BEZERRA;1;PSB;PSB
109;108;Deputado Federal;4410;CARLOS MATOS;1;UNIÃO;UNIÃO
109;108;Deputado Federal;4422;JULIERME SENA;1;UNIÃO;UNIÃO
109;108;Deputado Federal;4433;DR. AGRIPINO MAGALHÃES;5;UNIÃO;UNIÃO
109;108;Deputado Federal;4444;HEITOR FREIRE;2;UNIÃO;UNIÃO
109;108;Deputado Federal;4445;DAMIÃO TENORIO;7;UNIÃO;UNIÃO
109;108;Deputado Federal;4447;DANILO FORTE;2;UNIÃO;UNIÃO
109;108;Deputado Federal;4455;VAIDON OLIVEIRA;2;UNIÃO;UNIÃO
109;108;Deputado Federal;4477;FERNANDA PESSOA;16;UNIÃO;UNIÃO
109;108;Deputado Federal;4488;MOSES RODRIGUES;15;UNIÃO;UNIÃO
109;108;Deputado Federal;4490;SOLDADO NOELIO;4;UNIÃO;UNIÃO
109;108;Deputado Federal;4555;CLAUDIA GOMES;1;PSDB;(PSDB/CIDADANIA)
109;108;Deputado Federal;5013;ADELITA MONTEIRO;1;PSOL;(PSOL/REDE)
109;108;Deputado Federal;5055;GABRIEL BIOLOGIA;1;PSOL;(PSOL/REDE)
109;108;Deputado Federal;5511;CÉLIO STUDART;7;PSD;PSD
109;108;Deputado Federal;5522;MARCOS LIMA;1;PSD;PSD
109;108;Deputado Federal;5533;LUIZ GASTÃO;12;PSD;PSD
109;108;Deputado Federal;5555;DOMINGOS NETO;83;PSD;PSD
109;108;Deputado Federal;5588;ELIANE BRAZ;1;PSD;PSD
109;108;Deputado Federal;6565;INÁCIO ARRUDA;3;PC do B;(PT/PC do B/PV)
109;108;Deputado Federal;11;LEGENDA PP;1;PP;PP
109;108;Deputado Federal;12;LEGENDA PDT;4;PDT;PDT
109;108;Deputado Federal;13;LEGENDA PT;4;PT;PT
109;108;Deputado Federal;22;LEGENDA PL;1;PL;PL
109;108;Deputado Federal;43;LEGENDA PV;1;PV;PV
109;108;Deputado Federal;95;BRANCOS;9;;
109;108;Deputado Federal;96;NULOS;4;;
109;108;Deputado Estadual;10000;APÓSTOLO LUIZ HENRIQUE;3;REPUBLICANOS;REPUBLICANOS
109;108;Deputado Estadual;10123;DAVID DURAND;3;REPUBLICANOS;REPUBLICANOS
109;108;Deputado Estadual;11111;ZEZINHO ALBUQUERQUE;5;PP;PP
109;108;Deputado Estadual;11113;ALMIR BIÉ;9;PP;PP
109;108;Deputado Estadual;11444;LEONARDO PINHEIRO;5;PP;PP
109;108;Deputado Estadual;12123;CLÁUDIO PINHO;6;PDT;PDT
109;108;Deputado Estadual;12127;HELAINE COELHO;32;PDT;PDT
109;108;Deputado Estadual;12888;SERGIO AGUIAR;1;PDT;PDT
109;108;Deputado Estadual;13123;MISSIAS DO MST;2;PT;(PT/PC do B/PV)
109;108;Deputado Estadual;13130;PROFESSORA TERESINHA;1;PT;(PT/PC do B/PV)
109;108;Deputado Estadual;13132;ACRISIO SENA;10;PT;(PT/PC do B/PV)
109;108;Deputado Estadual;13133;LARISSA GASPAR;1;PT;(PT/PC do B/PV)
109;108;Deputado Estadual;13333;MOISES BRAZ;6;PT;(PT/PC do B/PV)
109;108;Deputado Estadual;13456;DE ASSIS DINIZ;2;PT;(PT/PC do B/PV)
109;108;Deputado Estadual;13777;NIZO;1;PT;(PT/PC do B/PV)
109;108;Deputado Estadual;13789;JULINHO;11;PT;(PT/PC do B/PV)
109;108;Deputado Estadual;15123;AUDIC MOTA;2;MDB;MDB
109;108;Deputado Estadual;15151;LEONARDO ARAÚJO;1;MDB;MDB
109;108;Deputado Estadual;15222;DAVI DE RAIMUNDÃO;1;MDB;MDB
109;108;Deputado Estadual;15333;DANNIEL OLIVEIRA;1;MDB;MDB
109;108;Deputado Estadual;15888;AGENOR NETO;4;MDB;MDB
109;108;Deputado Estadual;22010;BEZERRA DE MENESES;2;PL;PL
109;108;Deputado Estadual;22022;CARMELO NETO;6;PL;PL
109;108;Deputado Estadual;22222;PR.ALCIDES FERNANDES;2;PL;PL
109;108;Deputado Estadual;22380;DUDU DIÓGENES;1;PL;PL
109;108;Deputado Estadual;22555;MARTA GONÇALVES;69;PL;PL
109;108;Deputado Estadual;22556;DAVID PROARMAS;1;PL;PL
109;108;Deputado Estadual;22722;PAULO BATTISTI;1;PL;PL
109;108;Deputado Estadual;22777;DRA SILVANA;4;PL;PL
109;108;Deputado Estadual;30000;DR. ISAQUE RABELO;1;NOVO;NOVO
109;108;Deputado Estadual;44190;SARGENTO REGINAURO;5;UNIÃO;UNIÃO
109;108;Deputado Estadual;44333;HEITOR FÉRRER;1;UNIÃO;UNIÃO
109;108;Deputado Estadual;44556;PRISCILA ROCHA;1;UNIÃO;UNIÃO
109;108;Deputado Estadual;44567;MAGNOLIA ROCHA;5;UNIÃO;UNIÃO
109;108;Deputado Estadual;44777;FIRMO CAMURÇA;14;UNIÃO;UNIÃO
109;108;Deputado Estadual;44888;DR. OSCAR RODRIGUES;12;UNIÃO;UNIÃO
109;108;Deputado Estadual;45000;JORGE PINHEIRO;1;PSDB;(PSDB/CIDADANIA)
109;108;Deputado Estadual;55011;APOLLO VICZ;1;PSD;PSD
109;108;Deputado Estadual;65013;PROFESSOR ANÍZIO;1;PC do B;(PT/PC do B/PV)
109;108;Deputado Estadual;65234;CACIKA IRÊ;2;PC do B;(PT/PC do B/PV)
109;108;Deputado Estadual;70000;TAM DE OLIVEIRA;1;AVANTE;AVANTE
109;108;Deputado Estadual;70007;DANILO LOPES;1;AVANTE;AVANTE
109;108;Deputado Estadual;70123;TOMAZ HOLANDA;11;AVANTE;AVANTE
109;108;Deputado Estadual;70190;SARGENTO DOUGLAS;1;AVANTE;AVANTE
109;108;Deputado Estadual;70222;STUART CASTRO;3;AVANTE;AVANTE
109;108;Deputado Estadual;70321;DANIEL BORGES;1;AVANTE;AVANTE
109;108;Deputado Estadual;90909;DRA WELIA;1;PROS;PROS
109;108;Deputado Estadual;12;LEGENDA PDT;3;PDT;PDT
109;108;Deputado Estadual;13;LEGENDA PT;9;PT;PT
109;108;Deputado Estadual;15;LEGENDA MDB;1;MDB;MDB
109;108;Deputado Estadual;16;LEGENDA PSTU;1;PSTU;PSTU
109;108;Deputado Estadual;43;LEGENDA PV;1;PV;PV
109;108;Deputado Estadual;44;LEGENDA UNIÃO;2;UNIÃO;UNIÃO
109;108;Deputado Estadual;45;LEGENDA PSDB;1;PSDB;PSDB
109;108;Deputado Estadual;55;LEGENDA PSD;1;PSD;PSD
109;108;Deputado Estadual;95;BRANCOS;7;;
109;108;Deputado Estadual;96;NULOS;7;;
109;112;Presidente;12;CIRO GOMES;18;PDT;PDT
109;112;Presidente;13;LULA;109;PT;(PT/PC do B/PV), SOLIDARIEDADE, (PSOL/REDE), PSB, AGIR, AVANTE, PROS
109;112;Presidente;15;SIMONE TEBET;4;MDB;MDB, (PSDB/CIDADANIA), PODE
109;112;Presidente;22;JAIR BOLSONARO;98;PL;PP, REPUBLICANOS, PL
109;112;Presidente;95;BRANCOS;3;;
109;112;Presidente;96;NULOS;4;;
109;112;Governador;12;ROBERTO CLÁUDIO;26;PDT;PMN, PATRIOTA, AGIR, PMB, PDT, PSD, PSB, PSC, DC
109;112;Governador;13;ELMANO DE FREITAS;75;PT;(PT/PC do B/PV), PP, MDB, PRTB, (PSOL/REDE), SOLIDARIEDADE
109;112;Governador;44;CAPITÃO WAGNER;115;UNIÃO;PODE, AVANTE, PL, REPUBLICANOS, PTB, PROS, UNIÃO
109;112;Governador;95;BRANCOS;10;;
109;112;Governador;96;NULOS;10;;
109;112;Senador;131;CAMILO;117;PT;(PT/PC do B/PV), MDB, PRTB, (PSOL/REDE), SOLIDARIEDADE, PP
109;112;Senador;555;ERIKA AMORIM;3;PSD;PSB, AGIR, DC, PMB, PDT, PSD, PMN, PATRIOTA, PSC
109;112;Senador;700;KAMILA CARDOSO;79;AVANTE;AVANTE, UNIÃO, PTB, REPUBLICANOS, PROS, PL, PODE
109;112;Senador;95;BRANCOS;16;;
109;112;Senador;96;NULOS;21;;
109;112;Deputado Federal;1010;RONALDO MARTINS;2;REPUBLICANOS;REPUBLICANOS
109;112;Deputado Federal;1023;PASTOR ABRAÃO;2;REPUBLICANOS;REPUBLICANOS
109;112;Deputado Federal;1111;AJ ALBUQUERQUE;1;PP;PP
109;112;Deputado Federal;1212;LEÔNIDAS CRISTINO;1;PDT;PDT
109;112;Deputado Federal;1213;IDILVAN;11;PDT;PDT
109;112;Deputado Federal;1214;EDUARDO BISMARCK;14;PDT;PDT
109;112;Deputado Federal;1233;ROBÉRIO MONTEIRO;3;PDT;PDT
109;112;Deputado Federal;1234;ANDRÉ FIGUEIREDO;2;PDT;PDT
109;112;Deputado Federal;1251;ARNON BEZERRA;1;PDT;PDT
109;112;Deputado Federal;1277;ADAIL JR;2;PDT;PDT
109;112;Deputado Federal;1313;LUIZIANNE LINS;9;PT;(PT/PC do B/PV)
109;112;Deputado Federal;1533;EUNÍCIO;5;MDB;MDB
109;112;Deputado Federal;2200;DRA. MAYRA PINHEIRO;4;PL;PL
109;112;Deputado Federal;2201;DELEGADO CAVALCANTE;2;PL;PL
109;112;Deputado Federal;2210;CORONEL AGINALDO;3;PL;PL
109;112;Deputado Federal;2211;YURY DO PAREDÃO;2;PL;PL
109;112;Deputado Federal;2222;ANDRÉ FERNANDES;11;PL;PL
109;112;Deputado Federal;2233;GORETE PEREIRA;2;PL;PL
109;112;Deputado Federal;2255;JÚNIOR MANO;2;PL;PL
109;112;Deputado Federal;2277;DR JAZIEL;7;PL;PL
109;112;Deputado Federal;2288;PRISCILA COSTA;4;PL;PL
109;112;Deputado Federal;2299;MATHEUS NORONHA;7;PL;PL
109;112;Deputado Federal;4400;LUIZ CARLOS JR;2;UNIÃO;UNIÃO
109;112;Deputado Federal;4410;CARLOS MATOS;1;UNIÃO;UNIÃO
109;112;Deputado Federal;4433;DR. AGRIPINO MAGALHÃES;5;UNIÃO;UNIÃO
109;112;Deputado Federal;4441;HELIO FILHO;1;UNIÃO;UNIÃO
109;112;Deputado Federal;4444;HEITOR FREIRE;4;UNIÃO;UNIÃO
109;112;Deputado Federal;4445;DAMIÃO TENORIO;3;UNIÃO;UNIÃO
109;112;Deputado Federal;4447;DANILO FORTE;3;UNIÃO;UNIÃO
109;112;Deputado Federal;4456;DAYANY DO CAPITÃO;1;UNIÃO;UNIÃO
109;112;Deputado Federal;4477;FERNANDA PESSOA;7;UNIÃO;UNIÃO
109;112;Deputado Federal;4488;MOSES RODRIGUES;9;UNIÃO;UNIÃO
109;112;Deputado Federal;4490;SOLDADO NOELIO;2;UNIÃO;UNIÃO
109;112;Deputado Federal;5055;GABRIEL BIOLOGIA;1;PSOL;(PSOL/REDE)
109;112;Deputado Federal;5511;CÉLIO STUDART;8;PSD;PSD
109;112;Deputado Federal;5522;MARCOS LIMA;4;PSD;PSD
109;112;Deputado Federal;5533;LUIZ GASTÃO;10;PSD;PSD
109;112;Deputado Federal;5555;DOMINGOS NETO;56;PSD;PSD
109;112;Deputado Federal;5588;ELIANE BRAZ;2;PSD;PSD
109;112;Deputado Federal;44;LEGENDA UNIÃO;1;UNIÃO;UNIÃO
109;112;Deputado Federal;95;BRANCOS;12;;
109;112;Deputado Federal;96;NULOS;7;;
109;112;Deputado Estadual;10000;APÓSTOLO LUIZ HENRIQUE;3;REPUBLICANOS;REPUBLICANOS
109;112;Deputado Estadual;10123;DAVID DURAND;2;REPUBLICANOS;REPUBLICANOS
109;112;Deputado Estadual;10124;DUQUINHA;1;REPUBLICANOS;REPUBLICANOS
109;112;Deputado Estadual;11111;ZEZINHO ALBUQUERQUE;2;PP;PP
109;112;Deputado Estadual;11113;ALMIR BIÉ;4;PP;PP
109;112;Deputado Estadual;11444;LEONARDO PINHEIRO;10;PP;PP
109;112;Deputado Estadual;11999;MOÉSIO LOIOLA;1;PP;PP
109;112;Deputado Estadual;12111;ANTONIO HENRIQUE;1;PDT;PDT
109;112;Deputado Estadual;12114;GUILHERME LANDIM;1;PDT;PDT
109;112;Deputado Estadual;12123;CLÁUDIO PINHO;4;PDT;PDT
109;112;Deputado Estadual;12127;HELAINE COELHO;34;PDT;PDT
109;112;Deputado Estadual;12300;QUEIROZ FILHO;1;PDT;PDT
109;112;Deputado Estadual;12345;LIA GOMES;1;PDT;PDT
109;112;Deputado Estadual;13123;MISSIAS DO MST;1;PT;(PT/PC do B/PV)
109;112;Deputado Estadual;13132;ACRISIO SENA;11;PT;(PT/PC do B/PV)
109;112;Deputado Estadual;13222;FERNANDO SANTANA;1;PT;(PT/PC do B/PV)
109;112;Deputado Estadual;13456;DE ASSIS DINIZ;2;PT;(PT/PC do B/PV)
109;112;Deputado Estadual;13555;JULIANA LUCENA;1;PT;(PT/PC do B/PV)
109;112;Deputado Estadual;13777;NIZO;4;PT;(PT/PC do B/PV)
109;112;Deputado Estadual;13789;JULINHO;6;PT;(PT/PC do B/PV)
109;112;Deputado Estadual;15115;CARLOS BANDEIRA;1;MDB;MDB
109;112;Deputado Estadual;15123;AUDIC MOTA;1;MDB;MDB
109;112;Deputado Estadual;15888;AGENOR NETO;2;MDB;MDB
109;112;Deputado Estadual;22010;BEZERRA DE MENESES;2;PL;PL
109;112;Deputado Estadual;22022;CARMELO NETO;6;PL;PL
109;112;Deputado Estadual;22111;PEDRO MATOS;4;PL;PL
109;112;Deputado Estadual;22123;JACK LIMA;1;PL;PL
109;112;Deputado Estadual;22222;PR.ALCIDES FERNANDES;6;PL;PL
109;112;Deputado Estadual;22555;MARTA GONÇALVES;42;PL;PL
109;112;Deputado Estadual;22777;DRA SILVANA;6;PL;PL
109;112;Deputado Estadual;23190;TENENTE DANTAS;1;CIDADANIA;(PSDB/CIDADANIA)
109;112;Deputado Estadual;30000;DR. ISAQUE RABELO;2;NOVO;NOVO
109;112;Deputado Estadual;33123;ALCY PINHEIRO;1;PMN;PMN
109;112;Deputado Estadual;33475;ELPIDIO ROCHA;1;PMN;PMN
109;112;Deputado Estadual;44000;PAULO WAGNER;1;UNIÃO;UNIÃO
109;112;Deputado Estadual;44333;HEITOR FÉRRER;1;UNIÃO;UNIÃO
109;112;Deputado Estadual;44567;MAGNOLIA ROCHA;3;UNIÃO;UNIÃO
109;112;Deputado Estadual;44777;FIRMO CAMURÇA;7;UNIÃO;UNIÃO
109;112;Deputado Estadual;44888;DR. OSCAR RODRIGUES;7;UNIÃO;UNIÃO
109;112;Deputado Estadual;45000;JORGE PINHEIRO;1;PSDB;(PSDB/CIDADANIA)
109;112;Deputado Estadual;50013;LÉO SURICATE;1;PSOL;(PSOL/REDE)
109;112;Deputado Estadual;50444;ZULEIDE QUEIROZ;1;PSOL;(PSOL/REDE)
109;112;Deputado Estadual;50500;RENATO ROSENO;1;PSOL;(PSOL/REDE)
109;112;Deputado Estadual;55555;GABRIELLA AGUIAR;1;PSD;PSD
109;112;Deputado Estadual;55600;MICHELE PACHECO;1;PSD;PSD
109;112;Deputado Estadual;55888;KEIVIA DIAS;1;PSD;PSD
109;112;Deputado Estadual;65000;DRA TAÍS MATOS;1;PC do B;(PT/PC do B/PV)
109;112;Deputado Estadual;65013;PROFESSOR ANÍZIO;1;PC do B;(PT/PC do B/PV)
109;112;Deputado Estadual;65234;CACIKA IRÊ;1;PC do B;(PT/PC do B/PV)
109;112;Deputado Estadual;70070;ALBERTO LIMA;1;AVANTE;AVANTE
109;112;Deputado Estadual;70123;TOMAZ HOLANDA;12;AVANTE;AVANTE
109;112;Deputado Estadual;12;LEGENDA PDT;2;PDT;PDT
109;112;Deputado Estadual;13;LEGENDA PT;3;PT;PT
109;112;Deputado Estadual;44;LEGENDA UNIÃO;1;UNIÃO;UNIÃO
109;112;Deputado Estadual;70;LEGENDA AVANTE;1;AVANTE;AVANTE
109;112;Deputado Estadual;95;BRANCOS;10;;
109;112;Deputado Estadual;96;NULOS;10;;
109;113;Presidente;12;CIRO GOMES;13;PDT;PDT
109;113;Presidente;13;LULA;141;PT;(PT/PC do B/PV), SOLIDARIEDADE, (PSOL/REDE), PSB, AGIR, AVANTE, PROS
109;113;Presidente;15;SIMONE TEBET;3;MDB;MDB, (PSDB/CIDADANIA), PODE
109;113;Presidente;22;JAIR BOLSONARO;78;PL;PP, REPUBLICANOS, PL
109;113;Presidente;27;CONSTITUINTE EYMAEL;1;DC;DC
109;113;Presidente;44;SORAYA THRONICKE;1;UNIÃO;UNIÃO
109;113;Presidente;95;BRANCOS;5;;
109;113;Presidente;96;NULOS;5;;
109;113;Governador;12;ROBERTO CLÁUDIO;19;PDT;PMN, PATRIOTA, AGIR, PMB, PDT, PSD, PSB, PSC, DC
109;113;Governador;13;ELMANO DE FREITAS;107;PT;(PT/PC do B/PV), PP, MDB, PRTB, (PSOL/REDE), SOLIDARIEDADE
109;113;Governador;44;CAPITÃO WAGNER;99;UNIÃO;PODE, AVANTE, PL, REPUBLICANOS, PTB, PROS, UNIÃO
109;113;Governador;95;BRANCOS;11;;
109;113;Governador;96;NULOS;11;;
109;113;Senador;131;CAMILO;133;PT;(PT/PC do B/PV), MDB, PRTB, (PSOL/REDE), SOLIDARIEDADE, PP
109;113;Senador;555;ERIKA AMORIM;6;PSD;PSB, AGIR, DC, PMB, PDT, PSD, PMN, PATRIOTA, PSC
109;113;Senador;700;KAMILA CARDOSO;76;AVANTE;AVANTE, UNIÃO, PTB, REPUBLICANOS, PROS, PL, PODE
109;113;Senador;95;BRANCOS;16;;
109;113;Senador;96;NULOS;16;;
109;113;Deputado Federal;1010;RONALDO MARTINS;2;REPUBLICANOS;REPUBLICANOS
109;113;Deputado Federal;1020;ERLAN BASTOS;1;REPUBLICANOS;REPUBLICANOS
109;113;Deputado Federal;1023;PASTOR ABRAÃO;1;REPUBLICANOS;REPUBLICANOS
109;113;Deputado Federal;1212;LEÔNIDAS CRISTINO;2;PDT;PDT
109;113;Deputado Federal;1213;IDILVAN;11;PDT;PDT
109;113;Deputado Federal;1214;EDUARDO BISMARCK;12;PDT;PDT
109;113;Deputado Federal;1221;MAURO FILHO;1;PDT;PDT
109;113;Deputado Federal;1233;ROBÉRIO MONTEIRO;2;PDT;PDT
109;113;Deputado Federal;1285;IANNA BRANDÃO;1;PDT;PDT
109;113;Deputado Federal;1292;ENFERMEIRA ANA PAULA;1;PDT;PDT
109;113;Deputado Federal;1313;LUIZIANNE LINS;7;PT;(PT/PC do B/PV)
109;113;Deputado Federal;1322;GUIMARÃES DO PT;1;PT;(PT/PC do B/PV)
109;113;Deputado Federal;1470;RAYANA GUERRA;1;PTB;PTB
109;113;Deputado Federal;1533;EUNÍCIO;8;MDB;MDB
109;113;Deputado Federal;2200;DRA. MAYRA PINHEIRO;2;PL;PL
109;113;Deputado Federal;2201;DELEGADO CAVALCANTE;2;PL;PL
109;113;Deputado Federal;2210;CORONEL AGINALDO;1;PL;PL
109;113;Deputado Federal;2222;ANDRÉ FERNANDES;10;PL;PL
109;113;Deputado Federal;2233;GORETE PEREIRA;1;PL;PL
109;113;Deputado Federal;2255;JÚNIOR MANO;1;PL;PL
109;113;Deputado Federal;2277;DR JAZIEL;9;PL;PL
109;113;Deputado Federal;2288;PRISCILA COSTA;3;PL;PL
109;113;Deputado Federal;2299;MATHEUS NORONHA;10;PL;PL
109;113;Deputado Federal;2323;MORONI;1;CIDADANIA;(PSDB/CIDADANIA)
109;113;Deputado Federal;3690;CLAUDIO MOURA;1;AGIR;AGIR
109;113;Deputado Federal;4000;DENIS BEZERRA;2;PSB;PSB
109;113;Deputado Federal;4410;CARLOS MATOS;2;UNIÃO;UNIÃO
109;113;Deputado Federal;4433;DR. AGRIPINO MAGALHÃES;5;UNIÃO;UNIÃO
109;113;Deputado Federal;4444;HEITOR FREIRE;8;UNIÃO;UNIÃO
109;113;Deputado Federal;4447;DANILO FORTE;10;UNIÃO;UNIÃO
109;113;Deputado Federal;4455;VAIDON OLIVEIRA;1;UNIÃO;UNIÃO
109;113;Deputado Federal;4456;DAYANY DO CAPITÃO;1;UNIÃO;UNIÃO
109;113;Deputado Federal;4477;FERNANDA PESSOA;6;UNIÃO;UNIÃO
109;113;Deputado Federal;4488;MOSES RODRIGUES;7;UNIÃO;UNIÃO
109;113;Deputado Federal;5511;CÉLIO STUDART;7;PSD;PSD
109;113;Deputado Federal;5533;LUIZ GASTÃO;6;PSD;PSD
109;113;Deputado Federal;5555;DOMINGOS NETO;78;PSD;PSD
109;113;Deputado Federal;5588;ELIANE BRAZ;2;PSD;PSD
109;113;Deputado Federal;12;LEGENDA PDT;1;PDT;PDT
109;113;Deputado Federal;13;LEGENDA PT;1;PT;PT
109;113;Deputado Federal;22;LEGENDA PL;1;PL;PL
109;113;Deputado Federal;95;BRANCOS;11;;
109;113;Deputado Federal;96;NULOS;6;;
109;113;Deputado Estadual;10000;APÓSTOLO LUIZ HENRIQUE;4;REPUBLICANOS;REPUBLICANOS
109;113;Deputado Estadual;10123;DAVID DURAND;2;REPUBLICANOS;REPUBLICANOS
109;113;Deputado Estadual;11111;ZEZINHO ALBUQUERQUE;1;PP;PP
109;113;Deputado Estadual;11113;ALMIR BIÉ;11;PP;PP
109;113;Deputado Estadual;11222;DR VICTOR GURGEL;1;PP;PP
109;113;Deputado Estadual;11444;LEONARDO PINHEIRO;9;PP;PP
109;113;Deputado Estadual;12123;CLÁUDIO PINHO;4;PDT;PDT
109;113;Deputado Estadual;12127;HELAINE COELHO;37;PDT;PDT
109;113;Deputado Estadual;12300;QUEIROZ FILHO;1;PDT;PDT
109;113;Deputado Estadual;13123;MISSIAS DO MST;1;PT;(PT/PC do B/PV)
109;113;Deputado Estadual;13131;MARI LACERDA;2;PT;(PT/PC do B/PV)
109;113;Deputado Estadual;13132;ACRISIO SENA;7;PT;(PT/PC do B/PV)
109;113;Deputado Estadual;13234;GUILHERME SAMPAIO;1;PT;(PT/PC do B/PV)
109;113;Deputado Estadual;13333;MOISES BRAZ;1;PT;(PT/PC do B/PV)
109;113;Deputado Estadual;13555;JULIANA LUCENA;1;PT;(PT/PC do B/PV)
109;113;Deputado Estadual;13777;NIZO;3;PT;(PT/PC do B/PV)
109;113;Deputado Estadual;13789;JULINHO;7;PT;(PT/PC do B/PV)
109;113;Deputado Estadual;15115;CARLOS BANDEIRA;2;MDB;MDB
109;113;Deputado Estadual;15555;FELIPE AGUIAR;1;MDB;MDB
109;113;Deputado Estadual;15888;AGENOR NETO;5;MDB;MDB
109;113;Deputado Estadual;22010;BEZERRA DE MENESES;2;PL;PL
109;113;Deputado Estadual;22022;CARMELO NETO;3;PL;PL
109;113;Deputado Estadual;22111;PEDRO MATOS;5;PL;PL
109;113;Deputado Estadual;22422;DR MARCELO;1;PL;PL
109;113;Deputado Estadual;22555;MARTA GONÇALVES;47;PL;PL
109;113;Deputado Estadual;22777;DRA SILVANA;9;PL;PL
109;113;Deputado Estadual;30000;DR. ISAQUE RABELO;1;NOVO;NOVO
109;113;Deputado Estadual;43640;WALTER CAVALCANTE;3;PV;(PT/PC do B/PV)
109;113;Deputado Estadual;44123;TONY BRITO;1;UNIÃO;UNIÃO
109;113;Deputado Estadual;44190;SARGENTO REGINAURO;1;UNIÃO;UNIÃO
109;113;Deputado Estadual;44447;ISABELLE MUNGUBA;1;UNIÃO;UNIÃO
109;113;Deputado Estadual;44567;MAGNOLIA ROCHA;9;UNIÃO;UNIÃO
109;113;Deputado Estadual;44777;FIRMO CAMURÇA;6;UNIÃO;UNIÃO
109;113;Deputado Estadual;44888;DR. OSCAR RODRIGUES;6;UNIÃO;UNIÃO
109;113;Deputado Estadual;45000;JORGE PINHEIRO;1;PSDB;(PSDB/CIDADANIA)
109;113;Deputado Estadual;45123;EMILIA PESSOA;3;PSDB;(PSDB/CIDADANIA)
109;113;Deputado Estadual;45333;DIEGO BARRETO;2;PSDB;(PSDB/CIDADANIA)
109;113;Deputado Estadual;45777;MARIA DO POVO;2;PSDB;(PSDB/CIDADANIA)
109;113;Deputado Estadual;55333;SIMÃO PEDRO;2;PSD;PSD
109;113;Deputado Estadual;55555;GABRIELLA AGUIAR;2;PSD;PSD
109;113;Deputado Estadual;70000;TAM DE OLIVEIRA;1;AVANTE;AVANTE
109;113;Deputado Estadual;70007;DANILO LOPES;1;AVANTE;AVANTE
109;113;Deputado Estadual;70123;TOMAZ HOLANDA;6;AVANTE;AVANTE
109;113;Deputado Estadual;70222;STUART CASTRO;1;AVANTE;AVANTE
109;113;Deputado Estadual;12;LEGENDA PDT;1;PDT;PDT
109;113;Deputado Estadual;13;LEGENDA PT;3;PT;PT
109;113;Deputado Estadual;22;LEGENDA PL;1;PL;PL
109;113;Deputado Estadual;44;LEGENDA UNIÃO;2;UNIÃO;UNIÃO
109;113;Deputado Estadual;70;LEGENDA AVANTE;3;AVANTE;AVANTE
109;113;Deputado Estadual;95;BRANCOS;9;;
109;113;Deputado Estadual;96;NULOS;11;;
109;114;Presidente;12;CIRO GOMES;17;PDT;PDT
109;114;Presidente;13;LULA;130;PT;(PT/PC do B/PV), SOLIDARIEDADE, (PSOL/REDE), PSB, AGIR, AVANTE, PROS
109;114;Presidente;14;PADRE KELMON;1;PTB;PTB
109;114;Presidente;15;SIMONE TEBET;4;MDB;MDB, (PSDB/CIDADANIA), PODE
109;114;Presidente;22;JAIR BOLSONARO;79;PL;PP, REPUBLICANOS, PL
109;114;Presidente;27;CONSTITUINTE EYMAEL;1;DC;DC
109;114;Presidente;44;SORAYA THRONICKE;4;UNIÃO;UNIÃO
109;114;Presidente;95;BRANCOS;3;;
109;114;Presidente;96;NULOS;3;;
109;114;Governador;12;ROBERTO CLÁUDIO;23;PDT;PMN, PATRIOTA, AGIR, PMB, PDT, PSD, PSB, PSC, DC
109;114;Governador;13;ELMANO DE FREITAS;95;PT;(PT/PC do B/PV), PP, MDB, PRTB, (PSOL/REDE), SOLIDARIEDADE
109;114;Governador;44;CAPITÃO WAGNER;108;UNIÃO;PODE, AVANTE, PL, REPUBLICANOS, PTB, PROS, UNIÃO
109;114;Governador;95;BRANCOS;7;;
109;114;Governador;96;NULOS;9;;
109;114;Senador;131;CAMILO;129;PT;(PT/PC do B/PV), MDB, PRTB, (PSOL/REDE), SOLIDARIEDADE, PP
109;114;Senador;555;ERIKA AMORIM;10;PSD;PSB, AGIR, DC, PMB, PDT, PSD, PMN, PATRIOTA, PSC
109;114;Senador;700;KAMILA CARDOSO;71;AVANTE;AVANTE, UNIÃO, PTB, REPUBLICANOS, PROS, PL, PODE
109;114;Senador;95;BRANCOS;15;;
109;114;Senador;96;NULOS;17;;
109;114;Deputado Federal;1000;BISPA VANESSA LIMA;3;REPUBLICANOS;REPUBLICANOS
109;114;Deputado Federal;1023;PASTOR ABRAÃO;1;REPUBLICANOS;REPUBLICANOS
109;114;Deputado Federal;1212;LEÔNIDAS CRISTINO;1;PDT;PDT
109;114;Deputado Federal;1213;IDILVAN;5;PDT;PDT
109;114;Deputado Federal;1214;EDUARDO BISMARCK;17;PDT;PDT
109;114;Deputado Federal;1233;ROBÉRIO MONTEIRO;4;PDT;PDT
109;114;Deputado Federal;1251;ARNON BEZERRA;1;PDT;PDT
109;114;Deputado Federal;1277;ADAIL JR;2;PDT;PDT
109;114;Deputado Federal;1313;LUIZIANNE LINS;7;PT;(PT/PC do B/PV)
109;114;Deputado Federal;1333;JOSE AIRTON;1;PT;(PT/PC do B/PV)
109;114;Deputado Federal;1533;EUNÍCIO;4;MDB;MDB
109;114;Deputado Federal;2200;DRA. MAYRA PINHEIRO;4;PL;PL
109;114;Deputado Federal;2210;CORONEL AGINALDO;3;PL;PL
109;114;Deputado Federal;2222;ANDRÉ FERNANDES;10;PL;PL
109;114;Deputado Federal;2266;CELSO SANTOS;1;PL;PL
109;114;Deputado Federal;2277;DR JAZIEL;9;PL;PL
109;114;Deputado Federal;2288;PRISCILA COSTA;3;PL;PL
109;114;Deputado Federal;2299;MATHEUS NORONHA;9;PL;PL
109;114;Deputado Federal;2323;MORONI;2;CIDADANIA;(PSDB/CIDADANIA)
109;114;Deputado Federal;4000;DENIS BEZERRA;2;PSB;PSB
109;114;Deputado Federal;4010;PAULO FACÓ;1;PSB;PSB
109;114;Deputado Federal;4410;CARLOS MATOS;3;UNIÃO;UNIÃO
109;114;Deputado Federal;4433;DR. AGRIPINO MAGALHÃES;3;UNIÃO;UNIÃO
109;114;Deputado Federal;4444;HEITOR FREIRE;2;UNIÃO;UNIÃO
109;114;Deputado Federal;4447;DANILO FORTE;6;UNIÃO;UNIÃO
109;114;Deputado Federal;4455;VAIDON OLIVEIRA;1;UNIÃO;UNIÃO
109;114;Deputado Federal;4456;DAYANY DO CAPITÃO;2;UNIÃO;UNIÃO
109;114;Deputado Federal;4477;FERNANDA PESSOA;9;UNIÃO;UNIÃO
109;114;Deputado Federal;4488;MOSES RODRIGUES;18;UNIÃO;UNIÃO
109;114;Deputado Federal;5055;GABRIEL BIOLOGIA;1;PSOL;(PSOL/REDE)
109;114;Deputado Federal;5511;CÉLIO STUDART;8;PSD;PSD
109;114;Deputado Federal;5522;MARCOS LIMA;1;PSD;PSD
109;114;Deputado Federal;5533;LUIZ GASTÃO;6;PSD;PSD
109;114;Deputado Federal;5555;DOMINGOS NETO;71;PSD;PSD
109;114;Deputado Federal;5588;ELIANE BRAZ;2;PSD;PSD
109;114;Deputado Federal;5599;EMANUEL MOTA;1;PSD;PSD
109;114;Deputado Federal;6565;INÁCIO ARRUDA;2;PC do B;(PT/PC do B/PV)
109;114;Deputado Federal;7000;PASTOR EDIVAN;1;AVANTE;AVANTE
109;114;Deputado Federal;12;LEGENDA PDT;1;PDT;PDT
109;114;Deputado Federal;13;LEGENDA PT;4;PT;PT
109;114;Deputado Federal;55;LEGENDA PSD;1;PSD;PSD
109;114;Deputado Federal;70;LEGENDA AVANTE;1;AVANTE;AVANTE
109;114;Deputado Federal;95;BRANCOS;5;;
109;114;Deputado Federal;96;NULOS;3;;
109;114;Deputado Estadual;10000;APÓSTOLO LUIZ HENRIQUE;6;REPUBLICANOS;REPUBLICANOS
109;114;Deputado Estadual;10190;EVALDO COSTA;1;REPUBLICANOS;REPUBLICANOS
109;114;Deputado Estadual;11111;ZEZINHO ALBUQUERQUE;1;PP;PP
109;114;Deputado Estadual;11113;ALMIR BIÉ;6;PP;PP
109;114;Deputado Estadual;11444;LEONARDO PINHEIRO;5;PP;PP
109;114;Deputado Estadual;11999;MOÉSIO LOIOLA;2;PP;PP
109;114;Deputado Estadual;12000;EVANDRO LEITÃO;1;PDT;PDT
109;114;Deputado Estadual;12111;ANTONIO HENRIQUE;1;PDT;PDT
109;114;Deputado Estadual;12123;CLÁUDIO PINHO;4;PDT;PDT
109;114;Deputado Estadual;12127;HELAINE COELHO;32;PDT;PDT
109;114;Deputado Estadual;13132;ACRISIO SENA;5;PT;(PT/PC do B/PV)
109;114;Deputado Estadual;13333;MOISES BRAZ;4;PT;(PT/PC do B/PV)
109;114;Deputado Estadual;13456;DE ASSIS DINIZ;1;PT;(PT/PC do B/PV)
109;114;Deputado Estadual;13777;NIZO;5;PT;(PT/PC do B/PV)
109;114;Deputado Estadual;13789;JULINHO;5;PT;(PT/PC do B/PV)
109;114;Deputado Estadual;15123;AUDIC MOTA;2;MDB;MDB
109;114;Deputado Estadual;15151;LEONARDO ARAÚJO;1;MDB;MDB
109;114;Deputado Estadual;15888;AGENOR NETO;2;MDB;MDB
109;114;Deputado Estadual;22010;BEZERRA DE MENESES;2;PL;PL
109;114;Deputado Estadual;22022;CARMELO NETO;5;PL;PL
109;114;Deputado Estadual;22111;PEDRO MATOS;3;PL;PL
109;114;Deputado Estadual;22200;PROF. JOÃO MENDES;1;PL;PL
109;114;Deputado Estadual;22380;DUDU DIÓGENES;1;PL;PL
109;114;Deputado Estadual;22555;MARTA GONÇALVES;54;PL;PL
109;114;Deputado Estadual;22556;DAVID PROARMAS;1;PL;PL
109;114;Deputado Estadual;22777;DRA SILVANA;12;PL;PL
109;114;Deputado Estadual;30000;DR. ISAQUE RABELO;2;NOVO;NOVO
109;114;Deputado Estadual;33111;SOLISMAR;1;PMN;PMN
109;114;Deputado Estadual;33123;ALCY PINHEIRO;2;PMN;PMN
109;114;Deputado Estadual;44000;PAULO WAGNER;1;UNIÃO;UNIÃO
109;114;Deputado Estadual;44333;HEITOR FÉRRER;1;UNIÃO;UNIÃO
109;114;Deputado Estadual;44567;MAGNOLIA ROCHA;6;UNIÃO;UNIÃO
109;114;Deputado Estadual;44777;FIRMO CAMURÇA;9;UNIÃO;UNIÃO
109;114;Deputado Estadual;44888;DR. OSCAR RODRIGUES;11;UNIÃO;UNIÃO
109;114;Deputado Estadual;45000;JORGE PINHEIRO;3;PSDB;(PSDB/CIDADANIA)
109;114;Deputado Estadual;45999;FERREIRA ARAGÃO;1;PSDB;(PSDB/CIDADANIA)
109;114;Deputado Estadual;55011;APOLLO VICZ;1;PSD;PSD
109;114;Deputado Estadual;55888;KEIVIA DIAS;1;PSD;PSD
109;114;Deputado Estadual;70000;TAM DE OLIVEIRA;1;AVANTE;AVANTE
109;114;Deputado Estadual;70007;DANILO LOPES;1;AVANTE;AVANTE
109;114;Deputado Estadual;70111;AUGUSTO ARAGÃO;1;AVANTE;AVANTE
109;114;Deputado Estadual;70123;TOMAZ HOLANDA;7;AVANTE;AVANTE
109;114;Deputado Estadual;70222;STUART CASTRO;1;AVANTE;AVANTE
109;114;Deputado Estadual;70567;AILTON DA PESCA;1;AVANTE;AVANTE
109;114;Deputado Estadual;70762;CAPITÃO AGENOR;1;AVANTE;AVANTE
109;114;Deputado Estadual;70777;CORONEL ADRIANIZIO PAULO;1;AVANTE;AVANTE
109;114;Deputado Estadual;12;LEGENDA PDT;3;PDT;PDT
109;114;Deputado Estadual;13;LEGENDA PT;5;PT;PT
109;114;Deputado Estadual;22;LEGENDA PL;1;PL;PL
109;114;Deputado Estadual;44;LEGENDA UNIÃO;4;UNIÃO;UNIÃO
109;114;Deputado Estadual;45;LEGENDA PSDB;1;PSDB;PSDB
109;114;Deputado Estadual;55;LEGENDA PSD;1;PSD;PSD
109;114;Deputado Estadual;95;BRANCOS;7;;
109;114;Deputado Estadual;96;NULOS;4;;
109;115;Presidente;12;CIRO GOMES;17;PDT;PDT
109;115;Presidente;13;LULA;131;PT;(PT/PC do B/PV), SOLIDARIEDADE, (PSOL/REDE), PSB, AGIR, AVANTE, PROS
109;115;Presidente;15;SIMONE TEBET;1;MDB;MDB, (PSDB/CIDADANIA), PODE
109;115;Presidente;22;JAIR BOLSONARO;83;PL;PP, REPUBLICANOS, PL
109;115;Presidente;95;BRANCOS;4;;
109;115;Presidente;96;NULOS;2;;
109;115;Governador;12;ROBERTO CLÁUDIO;26;PDT;PMN, PATRIOTA, AGIR, PMB, PDT, PSD, PSB, PSC, DC
109;115;Governador;13;ELMANO DE FREITAS;93;PT;(PT/PC do B/PV), PP, MDB, PRTB, (PSOL/REDE), SOLIDARIEDADE
109;115;Governador;44;CAPITÃO WAGNER;101;UNIÃO;PODE, AVANTE, PL, REPUBLICANOS, PTB, PROS, UNIÃO
109;115;Governador;95;BRANCOS;8;;
109;115;Governador;96;NULOS;10;;
109;115;Senador;131;CAMILO;131;PT;(PT/PC do B/PV), MDB, PRTB, (PSOL/REDE), SOLIDARIEDADE, PP
109;115;Senador;555;ERIKA AMORIM;6;PSD;PSB, AGIR, DC, PMB, PDT, PSD, PMN, PATRIOTA, PSC
109;115;Senador;700;KAMILA CARDOSO;70;AVANTE;AVANTE, UNIÃO, PTB, REPUBLICANOS, PROS, PL, PODE
109;115;Senador;95;BRANCOS;13;;
109;115;Senador;96;NULOS;18;;
109;115;Deputado Federal;1010;RONALDO MARTINS;1;REPUBLICANOS;REPUBLICANOS
109;115;Deputado Federal;1023;PASTOR ABRAÃO;3;REPUBLICANOS;REPUBLICANOS
109;115;Deputado Federal;1030;VERISSIMO FREITAS;1;REPUBLICANOS;REPUBLICANOS
109;115;Deputado Federal;1212;LEÔNIDAS CRISTINO;1;PDT;PDT
109;115;Deputado Federal;1213;IDILVAN;6;PDT;PDT
109;115;Deputado Federal;1214;EDUARDO BISMARCK;12;PDT;PDT
109;115;Deputado Federal;1233;ROBÉRIO MONTEIRO;3;PDT;PDT
109;115;Deputado Federal;1251;ARNON BEZERRA;2;PDT;PDT
109;115;Deputado Federal;1277;ADAIL JR;1;PDT;PDT
109;115;Deputado Federal;1292;ENFERMEIRA ANA PAULA;1;PDT;PDT
109;115;Deputado Federal;1313;LUIZIANNE LINS;8;PT;(PT/PC do B/PV)
109;115;Deputado Federal;1322;GUIMARÃES DO PT;2;PT;(PT/PC do B/PV)
109;115;Deputado Federal;1326;CELSO FARIAS;1;PT;(PT/PC do B/PV)
109;115;Deputado Federal;1456;DR MARIGESIO;1;PTB;PTB
109;115;Deputado Federal;1533;EUNÍCIO;5;MDB;MDB
109;115;Deputado Federal;1588;REGINA VILLELA;1;MDB;MDB
109;115;Deputado Federal;2201;DELEGADO CAVALCANTE;1;PL;PL
109;115;Deputado Federal;2210;CORONEL AGINALDO;2;PL;PL
109;115;Deputado Federal;2211;YURY DO PAREDÃO;2;PL;PL
109;115;Deputado Federal;2222;ANDRÉ FERNANDES;13;PL;PL
109;115;Deputado Federal;2255;JÚNIOR MANO;1;PL;PL
109;115;Deputado Federal;2277;DR JAZIEL;7;PL;PL
109;115;Deputado Federal;2299;MATHEUS NORONHA;6;PL;PL
109;115;Deputado Federal;3690;CLAUDIO MOURA;1;AGIR;AGIR
109;115;Deputado Federal;4000;DENIS BEZERRA;1;PSB;PSB
109;115;Deputado Federal;4433;DR. AGRIPINO MAGALHÃES;2;UNIÃO;UNIÃO
109;115;Deputado Federal;4441;HELIO FILHO;1;UNIÃO;UNIÃO
109;115;Deputado Federal;4444;HEITOR FREIRE;5;UNIÃO;UNIÃO
109;115;Deputado Federal;4445;DAMIÃO TENORIO;2;UNIÃO;UNIÃO
109;115;Deputado Federal;4447;DANILO FORTE;8;UNIÃO;UNIÃO
109;115;Deputado Federal;4456;DAYANY DO CAPITÃO;3;UNIÃO;UNIÃO
109;115;Deputado Federal;4477;FERNANDA PESSOA;3;UNIÃO;UNIÃO
109;115;Deputado Federal;4488;MOSES RODRIGUES;13;UNIÃO;UNIÃO
109;115;Deputado Federal;4490;SOLDADO NOELIO;2;UNIÃO;UNIÃO
109;115;Deputado Federal;5122;MAMÁ MESQUITA;1;PATRIOTA;PATRIOTA
109;115;Deputado Federal;5511;CÉLIO STUDART;8;PSD;PSD
109;115;Deputado Federal;5533;LUIZ GASTÃO;8;PSD;PSD
109;115;Deputado Federal;5555;DOMINGOS NETO;76;PSD;PSD
109;115;Deputado Federal;5566;KELVYA ALBUQUERQUE;1;PSD;PSD
109;115;Deputado Federal;13;LEGENDA PT;2;PT;PT
109;115;Deputado Federal;55;LEGENDA PSD;1;PSD;PSD
109;115;Deputado Federal;95;BRANCOS;14;;
109;115;Deputado Federal;96;NULOS;5;;
109;115;Deputado Estadual;10123;DAVID DURAND;1;REPUBLICANOS;REPUBLICANOS
109;115;Deputado Estadual;11111;ZEZINHO ALBUQUERQUE;2;PP;PP
109;115;Deputado Estadual;11113;ALMIR BIÉ;2;PP;PP
109;115;Deputado Estadual;11444;LEONARDO PINHEIRO;7;PP;PP
109;115;Deputado Estadual;12000;EVANDRO LEITÃO;1;PDT;PDT
109;115;Deputado Estadual;12123;CLÁUDIO PINHO;4;PDT;PDT
109;115;Deputado Estadual;12127;HELAINE COELHO;24;PDT;PDT
109;115;Deputado Estadual;13123;MISSIAS DO MST;1;PT;(PT/PC do B/PV)
109;115;Deputado Estadual;13132;ACRISIO SENA;7;PT;(PT/PC do B/PV)
109;115;Deputado Estadual;13138;PRETA KAROL;1;PT;(PT/PC do B/PV)
109;115;Deputado Estadual;13258;JÔ FARIAS;3;PT;(PT/PC do B/PV)
109;115;Deputado Estadual;13333;MOISES BRAZ;4;PT;(PT/PC do B/PV)
109;115;Deputado Estadual;13456;DE ASSIS DINIZ;2;PT;(PT/PC do B/PV)
109;115;Deputado Estadual;13777;NIZO;3;PT;(PT/PC do B/PV)
109;115;Deputado Estadual;13789;JULINHO;7;PT;(PT/PC do B/PV)
109;115;Deputado Estadual;14014;BISPO ABEL GALVÃO;1;PTB;PTB
109;115;Deputado Estadual;15123;AUDIC MOTA;1;MDB;MDB
109;115;Deputado Estadual;15333;DANNIEL OLIVEIRA;1;MDB;MDB
109;115;Deputado Estadual;15888;AGENOR NETO;4;MDB;MDB
109;115;Deputado Estadual;22010;BEZERRA DE MENESES;2;PL;PL
109;115;Deputado Estadual;22022;CARMELO NETO;4;PL;PL
109;115;Deputado Estadual;22111;PEDRO MATOS;2;PL;PL
109;115;Deputado Estadual;22222;PR.ALCIDES FERNANDES;3;PL;PL
109;115;Deputado Estadual;22555;MARTA GONÇALVES;64;PL;PL
109;115;Deputado Estadual;22777;DRA SILVANA;13;PL;PL
109;115;Deputado Estadual;33123;ALCY PINHEIRO;2;PMN;PMN
109;115;Deputado Estadual;44567;MAGNOLIA ROCHA;9;UNIÃO;UNIÃO
109;115;Deputado Estadual;44777;FIRMO CAMURÇA;3;UNIÃO;UNIÃO
109;115;Deputado Estadual;44888;DR. OSCAR RODRIGUES;10;UNIÃO;UNIÃO
109;115;Deputado Estadual;45111;GORDIM ARAUJO;1;PSDB;(PSDB/CIDADANIA)
109;115;Deputado Estadual;45123;EMILIA PESSOA;1;PSDB;(PSDB/CIDADANIA)
109;115;Deputado Estadual;45777;MARIA DO POVO;1;PSDB;(PSDB/CIDADANIA)
109;115;Deputado Estadual;55011;APOLLO VICZ;1;PSD;PSD
109;115;Deputado Estadual;55111;SÁVIO PONTES;1;PSD;PSD
109;115;Deputado Estadual;55999;LUIZ SERGIO;1;PSD;PSD
109;115;Deputado Estadual;70000;TAM DE OLIVEIRA;1;AVANTE;AVANTE
109;115;Deputado Estadual;70007;DANILO LOPES;1;AVANTE;AVANTE
109;115;Deputado Estadual;70070;ALBERTO LIMA;1;AVANTE;AVANTE
109;115;Deputado Estadual;70123;TOMAZ HOLANDA;7;AVANTE;AVANTE
109;115;Deputado Estadual;11;LEGENDA PP;2;PP;PP
109;115;Deputado Estadual;12;LEGENDA PDT;5;PDT;PDT
109;115;Deputado Estadual;13;LEGENDA PT;6;PT;PT
109;115;Deputado Estadual;44;LEGENDA UNIÃO;1;UNIÃO;UNIÃO
109;115;Deputado Estadual;95;BRANCOS;14;;
109;115;Deputado Estadual;96;NULOS;6;;
109;116;Presidente;12;CIRO GOMES;12;PDT;PDT
109;116;Presidente;13;LULA;116;PT;(PT/PC do B/PV), SOLIDARIEDADE, (PSOL/REDE), PSB, AGIR, AVANTE, PROS
109;116;Presidente;15;SIMONE TEBET;4;MDB;MDB, (PSDB/CIDADANIA), PODE
109;116;Presidente;22;JAIR BOLSONARO;87;PL;PP, REPUBLICANOS, PL
109;116;Presidente;95;BRANCOS;2;;
109;116;Presidente;96;NULOS;7;;
109;116;Governador;12;ROBERTO CLÁUDIO;15;PDT;PMN, PATRIOTA, AGIR, PMB, PDT, PSD, PSB, PSC, DC
109;116;Governador;13;ELMANO DE FREITAS;80;PT;(PT/PC do B/PV), PP, MDB, PRTB, (PSOL/REDE), SOLIDARIEDADE
109;116;Governador;21;CHICO MALTA;1;PCB;PCB
109;116;Governador;44;CAPITÃO WAGNER;110;UNIÃO;PODE, AVANTE, PL, REPUBLICANOS, PTB, PROS, UNIÃO
109;116;Governador;95;BRANCOS;6;;
109;116;Governador;96;NULOS;16;;
109;116;Senador;131;CAMILO;104;PT;(PT/PC do B/PV), MDB, PRTB, (PSOL/REDE), SOLIDARIEDADE, PP
109;116;Senador;555;ERIKA AMORIM;7;PSD;PSB, AGIR, DC, PMB, PDT, PSD, PMN, PATRIOTA, PSC
109;116;Senador;700;KAMILA CARDOSO;82;AVANTE;AVANTE, UNIÃO, PTB, REPUBLICANOS, PROS, PL, PODE
109;116;Senador;95;BRANCOS;11;;
109;116;Senador;96;NULOS;24;;
109;116;Deputado Federal;1000;BISPA VANESSA LIMA;1;REPUBLICANOS;REPUBLICANOS
109;116;Deputado Federal;1010;RONALDO MARTINS;5;REPUBLICANOS;REPUBLICANOS
109;116;Deputado Federal;1016;PR RODRIGO MATOS;2;REPUBLICANOS;REPUBLICANOS
109;116;Deputado Federal;1030;VERISSIMO FREITAS;2;REPUBLICANOS;REPUBLICANOS
109;116;Deputado Federal;1111;AJ ALBUQUERQUE;2;PP;PP
109;116;Deputado Federal;1213;IDILVAN;12;PDT;PDT
109;116;Deputado Federal;1214;EDUARDO BISMARCK;12;PDT;PDT
109;116;Deputado Federal;1233;ROBÉRIO MONTEIRO;3;PDT;PDT
109;116;Deputado Federal;1277;ADAIL JR;1;PDT;PDT
109;116;Deputado Federal;1292;ENFERMEIRA ANA PAULA;3;PDT;PDT
109;116;Deputado Federal;1313;LUIZIANNE LINS;6;PT;(PT/PC do B/PV)
109;116;Deputado Federal;1322;GUIMARÃES DO PT;2;PT;(PT/PC do B/PV)
109;116;Deputado Federal;1533;EUNÍCIO;4;MDB;MDB
109;116;Deputado Federal;2200;DRA. MAYRA PINHEIRO;3;PL;PL
109;116;Deputado Federal;2210;CORONEL AGINALDO;5;PL;PL
109;116;Deputado Federal;2222;ANDRÉ FERNANDES;9;PL;PL
109;116;Deputado Federal;2277;DR JAZIEL;10;PL;PL
109;116;Deputado Federal;2288;PRISCILA COSTA;2;PL;PL
109;116;Deputado Federal;2299;MATHEUS NORONHA;6;PL;PL
109;116;Deputado Federal;3555;CARLINHOS DO HOSPITAL;1;PMB;PMB
109;116;Deputado Federal;4040;DR CARLOS MACEDO;1;PSB;PSB
109;116;Deputado Federal;4400;LUIZ CARLOS JR;3;UNIÃO;UNIÃO
109;116;Deputado Federal;4410;CARLOS MATOS;2;UNIÃO;UNIÃO
109;116;Deputado Federal;4422;JULIERME SENA;1;UNIÃO;UNIÃO
109;116;Deputado Federal;4433;DR. AGRIPINO MAGALHÃES;1;UNIÃO;UNIÃO
109;116;Deputado Federal;4444;HEITOR FREIRE;4;UNIÃO;UNIÃO
109;116;Deputado Federal;4445;DAMIÃO TENORIO;3;UNIÃO;UNIÃO
109;116;Deputado Federal;4447;DANILO FORTE;5;UNIÃO;UNIÃO
109;116;Deputado Federal;4456;DAYANY DO CAPITÃO;1;UNIÃO;UNIÃO
109;116;Deputado Federal;4477;FERNANDA PESSOA;6;UNIÃO;UNIÃO
109;116;Deputado Federal;4488;MOSES RODRIGUES;10;UNIÃO;UNIÃO
109;116;Deputado Federal;4490;SOLDADO NOELIO;1;UNIÃO;UNIÃO
109;116;Deputado Federal;5511;CÉLIO STUDART;3;PSD;PSD
109;116;Deputado Federal;5533;LUIZ GASTÃO;9;PSD;PSD
109;116;Deputado Federal;5555;DOMINGOS NETO;69;PSD;PSD
109;116;Deputado Federal;10;LEGENDA REPUBLICANOS;1;REPUBLICANOS;REPUBLICANOS
109;116;Deputado Federal;12;LEGENDA PDT;1;PDT;PDT
109;116;Deputado Federal;13;LEGENDA PT;2;PT;PT
109;116;Deputado Federal;44;LEGENDA UNIÃO;1;UNIÃO;UNIÃO
109;116;Deputado Federal;95;BRANCOS;4;;
109;116;Deputado Federal;96;NULOS;9;;
109;116;Deputado Estadual;10000;APÓSTOLO LUIZ HENRIQUE;1;REPUBLICANOS;REPUBLICANOS
109;116;Deputado Estadual;10123;DAVID DURAND;2;REPUBLICANOS;REPUBLICANOS
109;116;Deputado Estadual;11111;ZEZINHO ALBUQUERQUE;2;PP;PP
109;116;Deputado Estadual;11113;ALMIR BIÉ;4;PP;PP
109;116;Deputado Estadual;11444;LEONARDO PINHEIRO;8;PP;PP
109;116;Deputado Estadual;12000;EVANDRO LEITÃO;1;PDT;PDT
109;116;Deputado Estadual;12123;CLÁUDIO PINHO;8;PDT;PDT
109;116;Deputado Estadual;12127;HELAINE COELHO;37;PDT;PDT
109;116;Deputado Estadual;12888;SERGIO AGUIAR;1;PDT;PDT
109;116;Deputado Estadual;13123;MISSIAS DO MST;2;PT;(PT/PC do B/PV)
109;116;Deputado Estadual;13132;ACRISIO SENA;4;PT;(PT/PC do B/PV)
109;116;Deputado Estadual;13234;GUILHERME SAMPAIO;1;PT;(PT/PC do B/PV)
109;116;Deputado Estadual;13333;MOISES BRAZ;1;PT;(PT/PC do B/PV)
109;116;Deputado Estadual;13777;NIZO;1;PT;(PT/PC do B/PV)
109;116;Deputado Estadual;13789;JULINHO;6;PT;(PT/PC do B/PV)
109;116;Deputado Estadual;14444;RENATA SAMPAIO;1;PTB;PTB
109;116;Deputado Estadual;14678;LUISINHO LUA;1;PTB;PTB
109;116;Deputado Estadual;15888;AGENOR NETO;1;MDB;MDB
109;116;Deputado Estadual;22010;BEZERRA DE MENESES;5;PL;PL
109;116;Deputado Estadual;22022;CARMELO NETO;5;PL;PL
109;116;Deputado Estadual;22222;PR.ALCIDES FERNANDES;1;PL;PL
109;116;Deputado Estadual;22380;DUDU DIÓGENES;2;PL;PL
109;116;Deputado Estadual;22555;MARTA GONÇALVES;49;PL;PL
109;116;Deputado Estadual;22556;DAVID PROARMAS;1;PL;PL
109;116;Deputado Estadual;22777;DRA SILVANA;9;PL;PL
109;116;Deputado Estadual;23123;LUANA RIBEIRO;1;CIDADANIA;(PSDB/CIDADANIA)
109;116;Deputado Estadual;30000;DR. ISAQUE RABELO;1;NOVO;NOVO
109;116;Deputado Estadual;33123;ALCY PINHEIRO;1;PMN;PMN
109;116;Deputado Estadual;36192;ENFERMEIRA LILI DO NOSSA VOZ;1;AGIR;AGIR
109;116;Deputado Estadual;43640;WALTER CAVALCANTE;1;PV;(PT/PC do B/PV)
109;116;Deputado Estadual;44111;FELIPE MOTA;1;UNIÃO;UNIÃO
109;116;Deputado Estadual;44190;SARGENTO REGINAURO;1;UNIÃO;UNIÃO
109;116;Deputado Estadual;44333;HEITOR FÉRRER;1;UNIÃO;UNIÃO
109;116;Deputado Estadual;44447;ISABELLE MUNGUBA;2;UNIÃO;UNIÃO
109;116;Deputado Estadual;44567;MAGNOLIA ROCHA;6;UNIÃO;UNIÃO
109;116;Deputado Estadual;44777;FIRMO CAMURÇA;4;UNIÃO;UNIÃO
109;116;Deputado Estadual;44888;DR. OSCAR RODRIGUES;9;UNIÃO;UNIÃO
109;116;Deputado Estadual;44900;JÚ DA HOBBY CENTER;1;UNIÃO;UNIÃO
109;116;Deputado Estadual;45111;GORDIM ARAUJO;2;PSDB;(PSDB/CIDADANIA)
109;116;Deputado Estadual;50500;RENATO ROSENO;1;PSOL;(PSOL/REDE)
109;116;Deputado Estadual;55678;DEP FERNANDO HUGO - DR HUGO;1;PSD;PSD
109;116;Deputado Estadual;65013;PROFESSOR ANÍZIO;2;PC do B;(PT/PC do B/PV)
109;116;Deputado Estadual;70007;DANILO LOPES;1;AVANTE;AVANTE
109;116;Deputado Estadual;70123;TOMAZ HOLANDA;7;AVANTE;AVANTE
109;116;Deputado Estadual;70222;STUART CASTRO;2;AVANTE;AVANTE
109;116;Deputado Estadual;12;LEGENDA PDT;2;PDT;PDT
109;116;Deputado Estadual;13;LEGENDA PT;4;PT;PT
109;116;Deputado Estadual;14;LEGENDA PTB;1;PTB;PTB
109;116;Deputado Estadual;15;LEGENDA MDB;1;MDB;MDB
109;116;Deputado Estadual;18;LEGENDA REDE;1;REDE;REDE
109;116;Deputado Estadual;44;LEGENDA UNIÃO;3;UNIÃO;UNIÃO
109;116;Deputado Estadual;70;LEGENDA AVANTE;1;AVANTE;AVANTE
109;116;Deputado Estadual;95;BRANCOS;5;;
109;116;Deputado Estadual;96;NULOS;10;;
109;117;Presidente;12;CIRO GOMES;14;PDT;PDT
109;117;Presidente;13;LULA;123;PT;(PT/PC do B/PV), SOLIDARIEDADE, (PSOL/REDE), PSB, AGIR, AVANTE, PROS
109;117;Presidente;15;SIMONE TEBET;3;MDB;MDB, (PSDB/CIDADANIA), PODE
109;117;Presidente;22;JAIR BOLSONARO;96;PL;PP, REPUBLICANOS, PL
109;117;Presidente;44;SORAYA THRONICKE;1;UNIÃO;UNIÃO
109;117;Presidente;95;BRANCOS;3;;
109;117;Presidente;96;NULOS;3;;
109;117;Governador;12;ROBERTO CLÁUDIO;17;PDT;PMN, PATRIOTA, AGIR, PMB, PDT, PSD, PSB, PSC, DC
109;117;Governador;13;ELMANO DE FREITAS;95;PT;(PT/PC do B/PV), PP, MDB, PRTB, (PSOL/REDE), SOLIDARIEDADE
109;117;Governador;44;CAPITÃO WAGNER;109;UNIÃO;PODE, AVANTE, PL, REPUBLICANOS, PTB, PROS, UNIÃO
109;117;Governador;95;BRANCOS;5;;
109;117;Governador;96;NULOS;17;;
109;117;Senador;131;CAMILO;120;PT;(PT/PC do B/PV), MDB, PRTB, (PSOL/REDE), SOLIDARIEDADE, PP
109;117;Senador;555;ERIKA AMORIM;8;PSD;PSB, AGIR, DC, PMB, PDT, PSD, PMN, PATRIOTA, PSC
109;117;Senador;700;KAMILA CARDOSO;82;AVANTE;AVANTE, UNIÃO, PTB, REPUBLICANOS, PROS, PL, PODE
109;117;Senador;95;BRANCOS;14;;
109;117;Senador;96;NULOS;19;;
109;117;Deputado Federal;1000;BISPA VANESSA LIMA;1;REPUBLICANOS;REPUBLICANOS
109;117;Deputado Federal;1010;RONALDO MARTINS;1;REPUBLICANOS;REPUBLICANOS
109;117;Deputado Federal;1012;DR FELIPE MONTEIRO;1;REPUBLICANOS;REPUBLICANOS
109;117;Deputado Federal;1023;PASTOR ABRAÃO;1;REPUBLICANOS;REPUBLICANOS
109;117;Deputado Federal;1111;AJ ALBUQUERQUE;2;PP;PP
109;117;Deputado Federal;1113;ELINETE TORRES;1;PP;PP
109;117;Deputado Federal;1212;LEÔNIDAS CRISTINO;1;PDT;PDT
109;117;Deputado Federal;1213;IDILVAN;6;PDT;PDT
109;117;Deputado Federal;1214;EDUARDO BISMARCK;13;PDT;PDT
109;117;Deputado Federal;1233;ROBÉRIO MONTEIRO;4;PDT;PDT
109;117;Deputado Federal;1234;ANDRÉ FIGUEIREDO;1;PDT;PDT
109;117;Deputado Federal;1277;ADAIL JR;2;PDT;PDT
109;117;Deputado Federal;1292;ENFERMEIRA ANA PAULA;1;PDT;PDT
109;117;Deputado Federal;1313;LUIZIANNE LINS;9;PT;(PT/PC do B/PV)
109;117;Deputado Federal;1322;GUIMARÃES DO PT;1;PT;(PT/PC do B/PV)
109;117;Deputado Federal;1414;BRUNO HOLANDA;1;PTB;PTB
109;117;Deputado Federal;1525;MARCIO BATISTA;1;MDB;MDB
109;117;Deputado Federal;1533;EUNÍCIO;7;MDB;MDB
109;117;Deputado Federal;2200;DRA. MAYRA PINHEIRO;2;PL;PL
109;117;Deputado Federal;2201;DELEGADO CAVALCANTE;1;PL;PL
109;117;Deputado Federal;2210;CORONEL AGINALDO;1;PL;PL
109;117;Deputado Federal;2222;ANDRÉ FERNANDES;5;PL;PL
109;117;Deputado Federal;2233;GORETE PEREIRA;3;PL;PL
109;117;Deputado Federal;2244;TADEU OLIVEIRA;1;PL;PL
109;117;Deputado Federal;2255;JÚNIOR MANO;2;PL;PL
109;117;Deputado Federal;2277;DR JAZIEL;10;PL;PL
109;117;Deputado Federal;2288;PRISCILA COSTA;5;PL;PL
109;117;Deputado Federal;2299;MATHEUS NORONHA;6;PL;PL
109;117;Deputado Federal;4410;CARLOS MATOS;1;UNIÃO;UNIÃO
109;117;Deputado Federal;4422;JULIERME SENA;1;UNIÃO;UNIÃO
109;117;Deputado Federal;4433;DR. AGRIPINO MAGALHÃES;4;UNIÃO;UNIÃO
109;117;Deputado Federal;4444;HEITOR FREIRE;5;UNIÃO;UNIÃO
109;117;Deputado Federal;4445;DAMIÃO TENORIO;2;UNIÃO;UNIÃO
109;117;Deputado Federal;4447;DANILO FORTE;5;UNIÃO;UNIÃO
109;117;Deputado Federal;4455;VAIDON OLIVEIRA;1;UNIÃO;UNIÃO
109;117;Deputado Federal;4456;DAYANY DO CAPITÃO;1;UNIÃO;UNIÃO
109;117;Deputado Federal;4477;FERNANDA PESSOA;4;UNIÃO;UNIÃO
109;117;Deputado Federal;4488;MOSES RODRIGUES;11;UNIÃO;UNIÃO
109;117;Deputado Federal;4490;SOLDADO NOELIO;1;UNIÃO;UNIÃO
109;117;Deputado Federal;5055;GABRIEL BIOLOGIA;1;PSOL;(PSOL/REDE)
109;117;Deputado Federal;5511;CÉLIO STUDART;8;PSD;PSD
109;117;Deputado Federal;5533;LUIZ GASTÃO;16;PSD;PSD
109;117;Deputado Federal;5555;DOMINGOS NETO;68;PSD;PSD
109;117;Deputado Federal;5588;ELIANE BRAZ;3;PSD;PSD
109;117;Deputado Federal;6565;INÁCIO ARRUDA;1;PC do B;(PT/PC do B/PV)
109;117;Deputado Federal;7040;CHICO ANTÔNIO;1;AVANTE;AVANTE
109;117;Deputado Federal;12;LEGENDA PDT;1;PDT;PDT
109;117;Deputado Federal;13;LEGENDA PT;4;PT;PT
109;117;Deputado Federal;15;LEGENDA MDB;1;MDB;MDB
109;117;Deputado Federal;23;LEGENDA CIDADANIA;1;CIDADANIA;CIDADANIA
109;117;Deputado Federal;55;LEGENDA PSD;1;PSD;PSD
109;117;Deputado Federal;95;BRANCOS;7;;
109;117;Deputado Federal;96;NULOS;4;;
109;117;Deputado Estadual;10000;APÓSTOLO LUIZ HENRIQUE;3;REPUBLICANOS;REPUBLICANOS
109;117;Deputado Estadual;10123;DAVID DURAND;1;REPUBLICANOS;REPUBLICANOS
109;117;Deputado Estadual;11111;ZEZINHO ALBUQUERQUE;1;PP;PP
109;117;Deputado Estadual;11113;ALMIR BIÉ;5;PP;PP
109;117;Deputado Estadual;11444;LEONARDO PINHEIRO;4;PP;PP
109;117;Deputado Estadual;12123;CLÁUDIO PINHO;5;PDT;PDT
109;117;Deputado Estadual;12127;HELAINE COELHO;32;PDT;PDT
109;117;Deputado Estadual;12144;GUILHERME BISMARCK;1;PDT;PDT
109;117;Deputado Estadual;12888;SERGIO AGUIAR;1;PDT;PDT
109;117;Deputado Estadual;12999;BRUNO PEDROSA;1;PDT;PDT
109;117;Deputado Estadual;13111;PEDRO LOBO;1;PT;(PT/PC do B/PV)
109;117;Deputado Estadual;13132;ACRISIO SENA;2;PT;(PT/PC do B/PV)
109;117;Deputado Estadual;13133;LARISSA GASPAR;2;PT;(PT/PC do B/PV)
109;117;Deputado Estadual;13333;MOISES BRAZ;1;PT;(PT/PC do B/PV)
109;117;Deputado Estadual;13456;DE ASSIS DINIZ;1;PT;(PT/PC do B/PV)
109;117;Deputado Estadual;13555;JULIANA LUCENA;1;PT;(PT/PC do B/PV)
109;117;Deputado Estadual;13777;NIZO;4;PT;(PT/PC do B/PV)
109;117;Deputado Estadual;13789;JULINHO;16;PT;(PT/PC do B/PV)
109;117;Deputado Estadual;15123;AUDIC MOTA;2;MDB;MDB
109;117;Deputado Estadual;15888;AGENOR NETO;5;MDB;MDB
109;117;Deputado Estadual;22000;DR EDMAR FERNADES;1;PL;PL
109;117;Deputado Estadual;22010;BEZERRA DE MENESES;1;PL;PL
109;117;Deputado Estadual;22022;CARMELO NETO;7;PL;PL
109;117;Deputado Estadual;22111;PEDRO MATOS;2;PL;PL
109;117;Deputado Estadual;22222;PR.ALCIDES FERNANDES;1;PL;PL
109;117;Deputado Estadual;22380;DUDU DIÓGENES;1;PL;PL
109;117;Deputado Estadual;22555;MARTA GONÇALVES;63;PL;PL
109;117;Deputado Estadual;22777;DRA SILVANA;11;PL;PL
109;117;Deputado Estadual;23192;MARTINHA - A SAÚDE RESISTE;1;CIDADANIA;(PSDB/CIDADANIA)
109;117;Deputado Estadual;30000;DR. ISAQUE RABELO;2;NOVO;NOVO
109;117;Deputado Estadual;33123;ALCY PINHEIRO;1;PMN;PMN
109;117;Deputado Estadual;44111;FELIPE MOTA;1;UNIÃO;UNIÃO
109;117;Deputado Estadual;44333;HEITOR FÉRRER;1;UNIÃO;UNIÃO
109;117;Deputado Estadual;44441;GILBERTO DE GRANJA;1;UNIÃO;UNIÃO
109;117;Deputado Estadual;44567;MAGNOLIA ROCHA;3;UNIÃO;UNIÃO
109;117;Deputado Estadual;44777;FIRMO CAMURÇA;1;UNIÃO;UNIÃO
109;117;Deputado Estadual;44888;DR. OSCAR RODRIGUES;6;UNIÃO;UNIÃO
109;117;Deputado Estadual;50013;LÉO SURICATE;1;PSOL;(PSOL/REDE)
109;117;Deputado Estadual;55011;APOLLO VICZ;1;PSD;PSD
109;117;Deputado Estadual;55678;DEP FERNANDO HUGO - DR HUGO;1;PSD;PSD
109;117;Deputado Estadual;70000;TAM DE OLIVEIRA;1;AVANTE;AVANTE
109;117;Deputado Estadual;70007;DANILO LOPES;1;AVANTE;AVANTE
109;117;Deputado Estadual;70123;TOMAZ HOLANDA;11;AVANTE;AVANTE
109;117;Deputado Estadual;70456;DUCA;1;AVANTE;AVANTE
109;117;Deputado Estadual;11;LEGENDA PP;1;PP;PP
109;117;Deputado Estadual;12;LEGENDA PDT;1;PDT;PDT
109;117;Deputado Estadual;13;LEGENDA PT;5;PT;PT
109;117;Deputado Estadual;15;LEGENDA MDB;1;MDB;MDB
109;117;Deputado Estadual;44;LEGENDA UNIÃO;1;UNIÃO;UNIÃO
109;117;Deputado Estadual;45;LEGENDA PSDB;1;PSDB;PSDB
109;117;Deputado Estadual;55;LEGENDA PSD;2;PSD;PSD
109;117;Deputado Estadual;70;LEGENDA AVANTE;2;AVANTE;AVANTE
109;117;Deputado Estadual;95;BRANCOS;11;;
109;117;Deputado Estadual;96;NULOS;8;;
109;118;Presidente;12;CIRO GOMES;9;PDT;PDT
109;118;Presidente;13;LULA;120;PT;(PT/PC do B/PV), SOLIDARIEDADE, (PSOL/REDE), PSB, AGIR, AVANTE, PROS
109;118;Presidente;15;SIMONE TEBET;3;MDB;MDB, (PSDB/CIDADANIA), PODE
109;118;Presidente;22;JAIR BOLSONARO;99;PL;PP, REPUBLICANOS, PL
109;118;Presidente;30;FELIPE D'AVILA;1;NOVO;NOVO
109;118;Presidente;95;BRANCOS;3;;
109;118;Presidente;96;NULOS;4;;
109;118;Governador;12;ROBERTO CLÁUDIO;20;PDT;PMN, PATRIOTA, AGIR, PMB, PDT, PSD, PSB, PSC, DC
109;118;Governador;13;ELMANO DE FREITAS;87;PT;(PT/PC do B/PV), PP, MDB, PRTB, (PSOL/REDE), SOLIDARIEDADE
109;118;Governador;44;CAPITÃO WAGNER;112;UNIÃO;PODE, AVANTE, PL, REPUBLICANOS, PTB, PROS, UNIÃO
109;118;Governador;95;BRANCOS;9;;
109;118;Governador;96;NULOS;11;;
109;118;Senador;131;CAMILO;123;PT;(PT/PC do B/PV), MDB, PRTB, (PSOL/REDE), SOLIDARIEDADE, PP
109;118;Senador;160;CARLOS SILVA;1;PSTU;PSTU
109;118;Senador;555;ERIKA AMORIM;1;PSD;PSB, AGIR, DC, PMB, PDT, PSD, PMN, PATRIOTA, PSC
109;118;Senador;700;KAMILA CARDOSO;82;AVANTE;AVANTE, UNIÃO, PTB, REPUBLICANOS, PROS, PL, PODE
109;118;Senador;95;BRANCOS;15;;
109;118;Senador;96;NULOS;17;;
109;118;Deputado Federal;1010;RONALDO MARTINS;4;REPUBLICANOS;REPUBLICANOS
109;118;Deputado Federal;1016;PR RODRIGO MATOS;2;REPUBLICANOS;REPUBLICANOS
109;118;Deputado Federal;1023;PASTOR ABRAÃO;2;REPUBLICANOS;REPUBLICANOS
109;118;Deputado Federal;1111;AJ ALBUQUERQUE;1;PP;PP
109;118;Deputado Federal;1212;LEÔNIDAS CRISTINO;1;PDT;PDT
109;118;Deputado Federal;1213;IDILVAN;4;PDT;PDT
109;118;Deputado Federal;1214;EDUARDO BISMARCK;15;PDT;PDT
109;118;Deputado Federal;1233;ROBÉRIO MONTEIRO;1;PDT;PDT
109;118;Deputado Federal;1251;ARNON BEZERRA;2;PDT;PDT
109;118;Deputado Federal;1277;ADAIL JR;2;PDT;PDT
109;118;Deputado Federal;1313;LUIZIANNE LINS;7;PT;(PT/PC do B/PV)
109;118;Deputado Federal;1322;GUIMARÃES DO PT;2;PT;(PT/PC do B/PV)
109;118;Deputado Federal;1512;NEUSA DO FREI DAMIÃO;1;MDB;MDB
109;118;Deputado Federal;1525;MARCIO BATISTA;1;MDB;MDB
109;118;Deputado Federal;1533;EUNÍCIO;3;MDB;MDB
109;118;Deputado Federal;2200;DRA. MAYRA PINHEIRO;3;PL;PL
109;118;Deputado Federal;2201;DELEGADO CAVALCANTE;2;PL;PL
109;118;Deputado Federal;2210;CORONEL AGINALDO;2;PL;PL
109;118;Deputado Federal;2222;ANDRÉ FERNANDES;8;PL;PL
109;118;Deputado Federal;2233;GORETE PEREIRA;1;PL;PL
109;118;Deputado Federal;2277;DR JAZIEL;17;PL;PL
109;118;Deputado Federal;2288;PRISCILA COSTA;4;PL;PL
109;118;Deputado Federal;2299;MATHEUS NORONHA;7;PL;PL
109;118;Deputado Federal;3000;SAMUEL LIMA;1;NOVO;NOVO
109;118;Deputado Federal;4000;DENIS BEZERRA;1;PSB;PSB
109;118;Deputado Federal;4400;LUIZ CARLOS JR;1;UNIÃO;UNIÃO
109;118;Deputado Federal;4410;CARLOS MATOS;1;UNIÃO;UNIÃO
109;118;Deputado Federal;4422;JULIERME SENA;1;UNIÃO;UNIÃO
109;118;Deputado Federal;4433;DR. AGRIPINO MAGALHÃES;3;UNIÃO;UNIÃO
109;118;Deputado Federal;4444;HEITOR FREIRE;4;UNIÃO;UNIÃO
109;118;Deputado Federal;4447;DANILO FORTE;8;UNIÃO;UNIÃO
109;118;Deputado Federal;4456;DAYANY DO CAPITÃO;1;UNIÃO;UNIÃO
109;118;Deputado Federal;4477;FERNANDA PESSOA;7;UNIÃO;UNIÃO
109;118;Deputado Federal;4488;MOSES RODRIGUES;10;UNIÃO;UNIÃO
109;118;Deputado Federal;4490;SOLDADO NOELIO;1;UNIÃO;UNIÃO
109;118;Deputado Federal;5511;CÉLIO STUDART;5;PSD;PSD
109;118;Deputado Federal;5533;LUIZ GASTÃO;7;PSD;PSD
109;118;Deputado Federal;5555;DOMINGOS NETO;78;PSD;PSD
109;118;Deputado Federal;5588;ELIANE BRAZ;1;PSD;PSD
109;118;Deputado Federal;6565;INÁCIO ARRUDA;1;PC do B;(PT/PC do B/PV)
109;118;Deputado Federal;11;LEGENDA PP;1;PP;PP
109;118;Deputado Federal;13;LEGENDA PT;1;PT;PT
109;118;Deputado Federal;95;BRANCOS;9;;
109;118;Deputado Federal;96;NULOS;5;;
109;118;Deputado Estadual;10000;APÓSTOLO LUIZ HENRIQUE;1;REPUBLICANOS;REPUBLICANOS
109;118;Deputado Estadual;10123;DAVID DURAND;2;REPUBLICANOS;REPUBLICANOS
109;118;Deputado Estadual;11113;ALMIR BIÉ;6;PP;PP
109;118;Deputado Estadual;11444;LEONARDO PINHEIRO;6;PP;PP
109;118;Deputado Estadual;12111;ANTONIO HENRIQUE;1;PDT;PDT
109;118;Deputado Estadual;12123;CLÁUDIO PINHO;5;PDT;PDT
109;118;Deputado Estadual;12127;HELAINE COELHO;28;PDT;PDT
109;118;Deputado Estadual;13100;LILIANE;1;PT;(PT/PC do B/PV)
109;118;Deputado Estadual;13123;MISSIAS DO MST;1;PT;(PT/PC do B/PV)
109;118;Deputado Estadual;13132;ACRISIO SENA;5;PT;(PT/PC do B/PV)
109;118;Deputado Estadual;13333;MOISES BRAZ;1;PT;(PT/PC do B/PV)
109;118;Deputado Estadual;13777;NIZO;1;PT;(PT/PC do B/PV)
109;118;Deputado Estadual;13789;JULINHO;5;PT;(PT/PC do B/PV)
109;118;Deputado Estadual;15123;AUDIC MOTA;3;MDB;MDB
109;118;Deputado Estadual;22022;CARMELO NETO;4;PL;PL
109;118;Deputado Estadual;22111;PEDRO MATOS;3;PL;PL
109;118;Deputado Estadual;22222;PR.ALCIDES FERNANDES;1;PL;PL
109;118;Deputado Estadual;22380;DUDU DIÓGENES;1;PL;PL
109;118;Deputado Estadual;22555;MARTA GONÇALVES;69;PL;PL
109;118;Deputado Estadual;22777;DRA SILVANA;17;PL;PL
109;118;Deputado Estadual;30000;DR. ISAQUE RABELO;2;NOVO;NOVO
109;118;Deputado Estadual;33789;LUCINILDO FROTA;1;PMN;PMN
109;118;Deputado Estadual;43640;WALTER CAVALCANTE;1;PV;(PT/PC do B/PV)
109;118;Deputado Estadual;44123;TONY BRITO;1;UNIÃO;UNIÃO
109;118;Deputado Estadual;44447;ISABELLE MUNGUBA;3;UNIÃO;UNIÃO
109;118;Deputado Estadual;44567;MAGNOLIA ROCHA;4;UNIÃO;UNIÃO
109;118;Deputado Estadual;44777;FIRMO CAMURÇA;5;UNIÃO;UNIÃO
109;118;Deputado Estadual;44888;DR. OSCAR RODRIGUES;11;UNIÃO;UNIÃO
109;118;Deputado Estadual;45000;JORGE PINHEIRO;1;PSDB;(PSDB/CIDADANIA)
109;118;Deputado Estadual;45333;DIEGO BARRETO;1;PSDB;(PSDB/CIDADANIA)
109;118;Deputado Estadual;55011;APOLLO VICZ;1;PSD;PSD
109;118;Deputado Estadual;55333;SIMÃO PEDRO;1;PSD;PSD
109;118;Deputado Estadual;55555;GABRIELLA AGUIAR;1;PSD;PSD
109;118;Deputado Estadual;65013;PROFESSOR ANÍZIO;1;PC do B;(PT/PC do B/PV)
109;118;Deputado Estadual;65234;CACIKA IRÊ;1;PC do B;(PT/PC do B/PV)
109;118;Deputado Estadual;70000;TAM DE OLIVEIRA;1;AVANTE;AVANTE
109;118;Deputado Estadual;70007;DANILO LOPES;1;AVANTE;AVANTE
109;118;Deputado Estadual;70123;TOMAZ HOLANDA;7;AVANTE;AVANTE
109;118;Deputado Estadual;12;LEGENDA PDT;1;PDT;PDT
109;118;Deputado Estadual;13;LEGENDA PT;6;PT;PT
109;118;Deputado Estadual;40;LEGENDA PSB;1;PSB;PSB
109;118;Deputado Estadual;44;LEGENDA UNIÃO;1;UNIÃO;UNIÃO
109;118;Deputado Estadual;45;LEGENDA PSDB;1;PSDB;PSDB
109;118;Deputado Estadual;55;LEGENDA PSD;1;PSD;PSD
109;118;Deputado Estadual;70;LEGENDA AVANTE;1;AVANTE;AVANTE
109;118;Deputado Estadual;95;BRANCOS;12;;
109;118;Deputado Estadual;96;NULOS;10;;
109;119;Presidente;12;CIRO GOMES;12;PDT;PDT
109;119;Presidente;13;LULA;135;PT;(PT/PC do B/PV), SOLIDARIEDADE, (PSOL/REDE), PSB, AGIR, AVANTE, PROS
109;119;Presidente;15;SIMONE TEBET;4;MDB;MDB, (PSDB/CIDADANIA), PODE
109;119;Presidente;22;JAIR BOLSONARO;87;PL;PP, REPUBLICANOS, PL
109;119;Presidente;44;SORAYA THRONICKE;1;UNIÃO;UNIÃO
109;119;Presidente;95;BRANCOS;3;;
109;119;Presidente;96;NULOS;4;;
109;119;Governador;12;ROBERTO CLÁUDIO;19;PDT;PMN, PATRIOTA, AGIR, PMB, PDT, PSD, PSB, PSC, DC
109;119;Governador;13;ELMANO DE FREITAS;106;PT;(PT/PC do B/PV), PP, MDB, PRTB, (PSOL/REDE), SOLIDARIEDADE
109;119;Governador;44;CAPITÃO WAGNER;102;UNIÃO;PODE, AVANTE, PL, REPUBLICANOS, PTB, PROS, UNIÃO
109;119;Governador;95;BRANCOS;8;;
109;119;Governador;96;NULOS;11;;
109;119;Senador;131;CAMILO;131;PT;(PT/PC do B/PV), MDB, PRTB, (PSOL/REDE), SOLIDARIEDADE, PP
109;119;Senador;555;ERIKA AMORIM;4;PSD;PSB, AGIR, DC, PMB, PDT, PSD, PMN, PATRIOTA, PSC
109;119;Senador;700;KAMILA CARDOSO;83;AVANTE;AVANTE, UNIÃO, PTB, REPUBLICANOS, PROS, PL, PODE
109;119;Senador;95;BRANCOS;12;;
109;119;Senador;96;NULOS;16;;
109;119;Deputado Federal;1000;BISPA VANESSA LIMA;1;REPUBLICANOS;REPUBLICANOS
109;119;Deputado Federal;1010;RONALDO MARTINS;2;REPUBLICANOS;REPUBLICANOS
109;119;Deputado Federal;1023;PASTOR ABRAÃO;1;REPUBLICANOS;REPUBLICANOS
109;119;Deputado Federal;1030;VERISSIMO FREITAS;1;REPUBLICANOS;REPUBLICANOS
109;119;Deputado Federal;1122;SÉRGIO DANTAS;1;PP;PP
109;119;Deputado Federal;1212;LEÔNIDAS CRISTINO;1;PDT;PDT
109;119;Deputado Federal;1213;IDILVAN;15;PDT;PDT
109;119;Deputado Federal;1214;EDUARDO BISMARCK;7;PDT;PDT
109;119;Deputado Federal;1233;ROBÉRIO MONTEIRO;2;PDT;PDT
109;119;Deputado Federal;1292;ENFERMEIRA ANA PAULA;2;PDT;PDT
109;119;Deputado Federal;1313;LUIZIANNE LINS;5;PT;(PT/PC do B/PV)
109;119;Deputado Federal;1333;JOSE AIRTON;1;PT;(PT/PC do B/PV)
109;119;Deputado Federal;1500;ÉRICO JOVINO;1;MDB;MDB
109;119;Deputado Federal;1522;NELINHO;2;MDB;MDB
109;119;Deputado Federal;1533;EUNÍCIO;4;MDB;MDB
109;119;Deputado Federal;2200;DRA. MAYRA PINHEIRO;2;PL;PL
109;119;Deputado Federal;2201;DELEGADO CAVALCANTE;2;PL;PL
109;119;Deputado Federal;2210;CORONEL AGINALDO;8;PL;PL
109;119;Deputado Federal;2222;ANDRÉ FERNANDES;11;PL;PL
109;119;Deputado Federal;2233;GORETE PEREIRA;2;PL;PL
109;119;Deputado Federal;2277;DR JAZIEL;9;PL;PL
109;119;Deputado Federal;2288;PRISCILA COSTA;3;PL;PL
109;119;Deputado Federal;2299;MATHEUS NORONHA;9;PL;PL
109;119;Deputado Federal;4000;DENIS BEZERRA;1;PSB;PSB
109;119;Deputado Federal;4410;CARLOS MATOS;1;UNIÃO;UNIÃO
109;119;Deputado Federal;4422;JULIERME SENA;1;UNIÃO;UNIÃO
109;119;Deputado Federal;4433;DR. AGRIPINO MAGALHÃES;2;UNIÃO;UNIÃO
109;119;Deputado Federal;4444;HEITOR FREIRE;3;UNIÃO;UNIÃO
109;119;Deputado Federal;4445;DAMIÃO TENORIO;6;UNIÃO;UNIÃO
109;119;Deputado Federal;4447;DANILO FORTE;2;UNIÃO;UNIÃO
109;119;Deputado Federal;4456;DAYANY DO CAPITÃO;1;UNIÃO;UNIÃO
109;119;Deputado Federal;4477;FERNANDA PESSOA;7;UNIÃO;UNIÃO
109;119;Deputado Federal;4488;MOSES RODRIGUES;4;UNIÃO;UNIÃO
109;119;Deputado Federal;4490;SOLDADO NOELIO;1;UNIÃO;UNIÃO
109;119;Deputado Federal;5050;AILTON LOPES;1;PSOL;(PSOL/REDE)
109;119;Deputado Federal;5055;GABRIEL BIOLOGIA;2;PSOL;(PSOL/REDE)
109;119;Deputado Federal;5078;PEDRO WILSON;1;PSOL;(PSOL/REDE)
109;119;Deputado Federal;5122;MAMÁ MESQUITA;1;PATRIOTA;PATRIOTA
109;119;Deputado Federal;5500;NAUMI AMORIM;1;PSD;PSD
109;119;Deputado Federal;5511;CÉLIO STUDART;8;PSD;PSD
109;119;Deputado Federal;5533;LUIZ GASTÃO;7;PSD;PSD
109;119;Deputado Federal;5555;DOMINGOS NETO;75;PSD;PSD
109;119;Deputado Federal;5588;ELIANE BRAZ;2;PSD;PSD
109;119;Deputado Federal;7007;DR CADU;1;AVANTE;AVANTE
109;119;Deputado Federal;7011;DR MARCOS;1;AVANTE;AVANTE
109;119;Deputado Federal;7012;LURDENIS VIEIRA;1;AVANTE;AVANTE
109;119;Deputado Federal;13;LEGENDA PT;4;PT;PT
109;119;Deputado Federal;15;LEGENDA MDB;1;MDB;MDB
109;119;Deputado Federal;55;LEGENDA PSD;2;PSD;PSD
109;119;Deputado Federal;65;LEGENDA PC do B;1;PC do B;PC do B
109;119;Deputado Federal;95;BRANCOS;10;;
109;119;Deputado Federal;96;NULOS;6;;
109;119;Deputado Estadual;10000;APÓSTOLO LUIZ HENRIQUE;1;REPUBLICANOS;REPUBLICANOS
109;119;Deputado Estadual;10123;DAVID DURAND;1;REPUBLICANOS;REPUBLICANOS
109;119;Deputado Estadual;11111;ZEZINHO ALBUQUERQUE;3;PP;PP
109;119;Deputado Estadual;11113;ALMIR BIÉ;9;PP;PP
109;119;Deputado Estadual;11222;DR VICTOR GURGEL;1;PP;PP
109;119;Deputado Estadual;11444;LEONARDO PINHEIRO;9;PP;PP
109;119;Deputado Estadual;12123;CLÁUDIO PINHO;3;PDT;PDT
109;119;Deputado Estadual;12127;HELAINE COELHO;31;PDT;PDT
109;119;Deputado Estadual;12600;TIN GOMES;1;PDT;PDT
109;119;Deputado Estadual;13123;MISSIAS DO MST;1;PT;(PT/PC do B/PV)
109;119;Deputado Estadual;13132;ACRISIO SENA;8;PT;(PT/PC do B/PV)
109;119;Deputado Estadual;13133;LARISSA GASPAR;2;PT;(PT/PC do B/PV)
109;119;Deputado Estadual;13234;GUILHERME SAMPAIO;1;PT;(PT/PC do B/PV)
109;119;Deputado Estadual;13333;MOISES BRAZ;1;PT;(PT/PC do B/PV)
109;119;Deputado Estadual;13777;NIZO;6;PT;(PT/PC do B/PV)
109;119;Deputado Estadual;13789;JULINHO;9;PT;(PT/PC do B/PV)
109;119;Deputado Estadual;15123;AUDIC MOTA;1;MDB;MDB
109;119;Deputado Estadual;15333;DANNIEL OLIVEIRA;1;MDB;MDB
109;119;Deputado Estadual;15888;AGENOR NETO;2;MDB;MDB
109;119;Deputado Estadual;22010;BEZERRA DE MENESES;5;PL;PL
109;119;Deputado Estadual;22022;CARMELO NETO;6;PL;PL
109;119;Deputado Estadual;22123;JACK LIMA;1;PL;PL
109;119;Deputado Estadual;22222;PR.ALCIDES FERNANDES;5;PL;PL
109;119;Deputado Estadual;22380;DUDU DIÓGENES;2;PL;PL
109;119;Deputado Estadual;22555;MARTA GONÇALVES;58;PL;PL
109;119;Deputado Estadual;22777;DRA SILVANA;10;PL;PL
109;119;Deputado Estadual;33123;ALCY PINHEIRO;2;PMN;PMN
109;119;Deputado Estadual;36012;CHRISTIAN BARNARD;1;AGIR;AGIR
109;119;Deputado Estadual;44027;PROFESSOR CARDOSO NETO;1;UNIÃO;UNIÃO
109;119;Deputado Estadual;44111;FELIPE MOTA;1;UNIÃO;UNIÃO
109;119;Deputado Estadual;44400;ANEMERY RAMALHO;1;UNIÃO;UNIÃO
109;119;Deputado Estadual;44543;ANDERSON FELÍCIO;1;UNIÃO;UNIÃO
109;119;Deputado Estadual;44567;MAGNOLIA ROCHA;3;UNIÃO;UNIÃO
109;119;Deputado Estadual;44777;FIRMO CAMURÇA;5;UNIÃO;UNIÃO
109;119;Deputado Estadual;44888;DR. OSCAR RODRIGUES;2;UNIÃO;UNIÃO
109;119;Deputado Estadual;45000;JORGE PINHEIRO;3;PSDB;(PSDB/CIDADANIA)
109;119;Deputado Estadual;50500;RENATO ROSENO;2;PSOL;(PSOL/REDE)
109;119;Deputado Estadual;55011;APOLLO VICZ;2;PSD;PSD
109;119;Deputado Estadual;55333;SIMÃO PEDRO;1;PSD;PSD
109;119;Deputado Estadual;70000;TAM DE OLIVEIRA;1;AVANTE;AVANTE
109;119;Deputado Estadual;70007;DANILO LOPES;1;AVANTE;AVANTE
109;119;Deputado Estadual;70070;ALBERTO LIMA;2;AVANTE;AVANTE
109;119;Deputado Estadual;70123;TOMAZ HOLANDA;11;AVANTE;AVANTE
109;119;Deputado Estadual;13;LEGENDA PT;7;PT;PT
109;119;Deputado Estadual;44;LEGENDA UNIÃO;2;UNIÃO;UNIÃO
109;119;Deputado Estadual;50;LEGENDA PSOL;1;PSOL;PSOL
109;119;Deputado Estadual;65;LEGENDA PC do B;1;PC do B;PC do B
109;119;Deputado Estadual;70;LEGENDA AVANTE;2;AVANTE;AVANTE
109;119;Deputado Estadual;95;BRANCOS;8;;
109;119;Deputado Estadual;96;NULOS;7;;
109;120;Presidente;12;CIRO GOMES;12;PDT;PDT
109;120;Presidente;13;LULA;141;PT;(PT/PC do B/PV), SOLIDARIEDADE, (PSOL/REDE), PSB, AGIR, AVANTE, PROS
109;120;Presidente;15;SIMONE TEBET;6;MDB;MDB, (PSDB/CIDADANIA), PODE
109;120;Presidente;22;JAIR BOLSONARO;73;PL;PP, REPUBLICANOS, PL
109;120;Presidente;30;FELIPE D'AVILA;1;NOVO;NOVO
109;120;Presidente;44;SORAYA THRONICKE;2;UNIÃO;UNIÃO
109;120;Presidente;95;BRANCOS;3;;
109;120;Presidente;96;NULOS;4;;
109;120;Governador;12;ROBERTO CLÁUDIO;19;PDT;PMN, PATRIOTA, AGIR, PMB, PDT, PSD, PSB, PSC, DC
109;120;Governador;13;ELMANO DE FREITAS;112;PT;(PT/PC do B/PV), PP, MDB, PRTB, (PSOL/REDE), SOLIDARIEDADE
109;120;Governador;44;CAPITÃO WAGNER;92;UNIÃO;PODE, AVANTE, PL, REPUBLICANOS, PTB, PROS, UNIÃO
109;120;Governador;95;BRANCOS;8;;
109;120;Governador;96;NULOS;11;;
109;120;Senador;131;CAMILO;141;PT;(PT/PC do B/PV), MDB, PRTB, (PSOL/REDE), SOLIDARIEDADE, PP
109;120;Senador;555;ERIKA AMORIM;3;PSD;PSB, AGIR, DC, PMB, PDT, PSD, PMN, PATRIOTA, PSC
109;120;Senador;700;KAMILA CARDOSO;66;AVANTE;AVANTE, UNIÃO, PTB, REPUBLICANOS, PROS, PL, PODE
109;120;Senador;95;BRANCOS;19;;
109;120;Senador;96;NULOS;13;;
109;120;Deputado Federal;1000;BISPA VANESSA LIMA;2;REPUBLICANOS;REPUBLICANOS
109;120;Deputado Federal;1010;RONALDO MARTINS;3;REPUBLICANOS;REPUBLICANOS
109;120;Deputado Federal;1016;PR RODRIGO MATOS;1;REPUBLICANOS;REPUBLICANOS
109;120;Deputado Federal;1023;PASTOR ABRAÃO;1;REPUBLICANOS;REPUBLICANOS
109;120;Deputado Federal;1030;VERISSIMO FREITAS;1;REPUBLICANOS;REPUBLICANOS
109;120;Deputado Federal;1111;AJ ALBUQUERQUE;2;PP;PP
109;120;Deputado Federal;1201;JULIO BRIZZI;1;PDT;PDT
109;120;Deputado Federal;1213;IDILVAN;5;PDT;PDT
109;120;Deputado Federal;1214;EDUARDO BISMARCK;8;PDT;PDT
109;120;Deputado Federal;1221;MAURO FILHO;1;PDT;PDT
109;120;Deputado Federal;1233;ROBÉRIO MONTEIRO;3;PDT;PDT
109;120;Deputado Federal;1234;ANDRÉ FIGUEIREDO;1;PDT;PDT
109;120;Deputado Federal;1277;ADAIL JR;1;PDT;PDT
109;120;Deputado Federal;1292;ENFERMEIRA ANA PAULA;1;PDT;PDT
109;120;Deputado Federal;1313;LUIZIANNE LINS;9;PT;(PT/PC do B/PV)
109;120;Deputado Federal;1322;GUIMARÃES DO PT;3;PT;(PT/PC do B/PV)
109;120;Deputado Federal;1333;JOSE AIRTON;1;PT;(PT/PC do B/PV)
109;120;Deputado Federal;1500;ÉRICO JOVINO;2;MDB;MDB
109;120;Deputado Federal;1511;DRA FRANCY AMANDA;1;MDB;MDB
109;120;Deputado Federal;1515;MOACENY FÉLIX;1;MDB;MDB
109;120;Deputado Federal;1522;NELINHO;1;MDB;MDB
109;120;Deputado Federal;1533;EUNÍCIO;7;MDB;MDB
109;120;Deputado Federal;2200;DRA. MAYRA PINHEIRO;2;PL;PL
109;120;Deputado Federal;2210;CORONEL AGINALDO;1;PL;PL
109;120;Deputado Federal;2222;ANDRÉ FERNANDES;8;PL;PL
109;120;Deputado Federal;2255;JÚNIOR MANO;1;PL;PL
109;120;Deputado Federal;2277;DR JAZIEL;12;PL;PL
109;120;Deputado Federal;2288;PRISCILA COSTA;4;PL;PL
109;120;Deputado Federal;2299;MATHEUS NORONHA;6;PL;PL
109;120;Deputado Federal;4000;DENIS BEZERRA;1;PSB;PSB
109;120;Deputado Federal;4400;LUIZ CARLOS JR;1;UNIÃO;UNIÃO
109;120;Deputado Federal;4433;DR. AGRIPINO MAGALHÃES;4;UNIÃO;UNIÃO
109;120;Deputado Federal;4444;HEITOR FREIRE;3;UNIÃO;UNIÃO
109;120;Deputado Federal;4445;DAMIÃO TENORIO;6;UNIÃO;UNIÃO
109;120;Deputado Federal;4447;DANILO FORTE;5;UNIÃO;UNIÃO
109;120;Deputado Federal;4456;DAYANY DO CAPITÃO;1;UNIÃO;UNIÃO
109;120;Deputado Federal;4477;FERNANDA PESSOA;3;UNIÃO;UNIÃO
109;120;Deputado Federal;4488;MOSES RODRIGUES;7;UNIÃO;UNIÃO
109;120;Deputado Federal;4490;SOLDADO NOELIO;1;UNIÃO;UNIÃO
109;120;Deputado Federal;5005;ANNA KARINA VOZES FEMINISTAS;1;PSOL;(PSOL/REDE)
109;120;Deputado Federal;5013;ADELITA MONTEIRO;1;PSOL;(PSOL/REDE)
109;120;Deputado Federal;5055;GABRIEL BIOLOGIA;1;PSOL;(PSOL/REDE)
109;120;Deputado Federal;5122;MAMÁ MESQUITA;2;PATRIOTA;PATRIOTA
109;120;Deputado Federal;5511;CÉLIO STUDART;5;PSD;PSD
109;120;Deputado Federal;5517;DANIEL DE NORMANDO;1;PSD;PSD
109;120;Deputado Federal;5533;LUIZ GASTÃO;10;PSD;PSD
109;120;Deputado Federal;5555;DOMINGOS NETO;76;PSD;PSD
109;120;Deputado Federal;5588;ELIANE BRAZ;1;PSD;PSD
109;120;Deputado Federal;6565;INÁCIO ARRUDA;3;PC do B;(PT/PC do B/PV)
109;120;Deputado Federal;7012;LURDENIS VIEIRA;1;AVANTE;AVANTE
109;120;Deputado Federal;13;LEGENDA PT;1;PT;PT
109;120;Deputado Federal;44;LEGENDA UNIÃO;1;UNIÃO;UNIÃO
109;120;Deputado Federal;95;BRANCOS;11;;
109;120;Deputado Federal;96;NULOS;5;;
109;120;Deputado Estadual;10000;APÓSTOLO LUIZ HENRIQUE;2;REPUBLICANOS;REPUBLICANOS
109;120;Deputado Estadual;10123;DAVID DURAND;4;REPUBLICANOS;REPUBLICANOS
109;120;Deputado Estadual;11111;ZEZINHO ALBUQUERQUE;6;PP;PP
109;120;Deputado Estadual;11113;ALMIR BIÉ;2;PP;PP
109;120;Deputado Estadual;11444;LEONARDO PINHEIRO;13;PP;PP
109;120;Deputado Estadual;12123;CLÁUDIO PINHO;6;PDT;PDT
109;120;Deputado Estadual;12127;HELAINE COELHO;30;PDT;PDT
109;120;Deputado Estadual;12888;SERGIO AGUIAR;1;PDT;PDT
109;120;Deputado Estadual;13100;LILIANE;1;PT;(PT/PC do B/PV)
109;120;Deputado Estadual;13132;ACRISIO SENA;8;PT;(PT/PC do B/PV)
109;120;Deputado Estadual;13133;LARISSA GASPAR;1;PT;(PT/PC do B/PV)
109;120;Deputado Estadual;13333;MOISES BRAZ;2;PT;(PT/PC do B/PV)
109;120;Deputado Estadual;13456;DE ASSIS DINIZ;3;PT;(PT/PC do B/PV)
109;120;Deputado Estadual;13555;JULIANA LUCENA;2;PT;(PT/PC do B/PV)
109;120;Deputado Estadual;13777;NIZO;3;PT;(PT/PC do B/PV)
109;120;Deputado Estadual;13789;JULINHO;9;PT;(PT/PC do B/PV)
109;120;Deputado Estadual;15115;CARLOS BANDEIRA;1;MDB;MDB
109;120;Deputado Estadual;15123;AUDIC MOTA;3;MDB;MDB
109;120;Deputado Estadual;15333;DANNIEL OLIVEIRA;1;MDB;MDB
109;120;Deputado Estadual;15888;AGENOR NETO;4;MDB;MDB
109;120;Deputado Estadual;22022;CARMELO NETO;2;PL;PL
109;120;Deputado Estadual;22222;PR.ALCIDES FERNANDES;3;PL;PL
109;120;Deputado Estadual;22380;DUDU DIÓGENES;1;PL;PL
109;120;Deputado Estadual;22555;MARTA GONÇALVES;45;PL;PL
109;120;Deputado Estadual;22777;DRA SILVANA;14;PL;PL
109;120;Deputado Estadual;23192;MARTINHA - A SAÚDE RESISTE;1;CIDADANIA;(PSDB/CIDADANIA)
109;120;Deputado Estadual;30000;DR. ISAQUE RABELO;1;NOVO;NOVO
109;120;Deputado Estadual;44123;TONY BRITO;1;UNIÃO;UNIÃO
109;120;Deputado Estadual;44190;SARGENTO REGINAURO;2;UNIÃO;UNIÃO
109;120;Deputado Estadual;44447;ISABELLE MUNGUBA;2;UNIÃO;UNIÃO
109;120;Deputado Estadual;44567;MAGNOLIA ROCHA;8;UNIÃO;UNIÃO
109;120;Deputado Estadual;44654;DEMONTIER AGRA;1;UNIÃO;UNIÃO
109;120;Deputado Estadual;44776;NICOLLE BARBOSA;1;UNIÃO;UNIÃO
109;120;Deputado Estadual;44777;FIRMO CAMURÇA;2;UNIÃO;UNIÃO
109;120;Deputado Estadual;44888;DR. OSCAR RODRIGUES;4;UNIÃO;UNIÃO
109;120;Deputado Estadual;45111;GORDIM ARAUJO;1;PSDB;(PSDB/CIDADANIA)
109;120;Deputado Estadual;45405;LUCIA MEDINA;1;PSDB;(PSDB/CIDADANIA)
109;120;Deputado Estadual;50013;LÉO SURICATE;1;PSOL;(PSOL/REDE)
109;120;Deputado Estadual;50500;RENATO ROSENO;1;PSOL;(PSOL/REDE)
109;120;Deputado Estadual;65013;PROFESSOR ANÍZIO;1;PC do B;(PT/PC do B/PV)
109;120;Deputado Estadual;65234;CACIKA IRÊ;1;PC do B;(PT/PC do B/PV)
109;120;Deputado Estadual;70000;TAM DE OLIVEIRA;1;AVANTE;AVANTE
109;120;Deputado Estadual;70007;DANILO LOPES;1;AVANTE;AVANTE
109;120;Deputado Estadual;70111;AUGUSTO ARAGÃO;1;AVANTE;AVANTE
109;120;Deputado Estadual;70123;TOMAZ HOLANDA;7;AVANTE;AVANTE
109;120;Deputado Estadual;70345;MARQUINHO TIRADENTES;1;AVANTE;AVANTE
109;120;Deputado Estadual;12;LEGENDA PDT;2;PDT;PDT
109;120;Deputado Estadual;13;LEGENDA PT;7;PT;PT
109;120;Deputado Estadual;22;LEGENDA PL;1;PL;PL
109;120;Deputado Estadual;44;LEGENDA UNIÃO;1;UNIÃO;UNIÃO
109;120;Deputado Estadual;55;LEGENDA PSD;1;PSD;PSD
109;120;Deputado Estadual;70;LEGENDA AVANTE;1;AVANTE;AVANTE
109;120;Deputado Estadual;95;BRANCOS;14;;
109;120;Deputado Estadual;96;NULOS;8;;
109;121;Presidente;12;CIRO GOMES;14;PDT;PDT
109;121;Presidente;13;LULA;136;PT;(PT/PC do B/PV), SOLIDARIEDADE, (PSOL/REDE), PSB, AGIR, AVANTE, PROS
109;121;Presidente;15;SIMONE TEBET;1;MDB;MDB, (PSDB/CIDADANIA), PODE
109;121;Presidente;22;JAIR BOLSONARO;79;PL;PP, REPUBLICANOS, PL
109;121;Presidente;44;SORAYA THRONICKE;1;UNIÃO;UNIÃO
109;121;Presidente;95;BRANCOS;3;;
109;121;Presidente;96;NULOS;4;;
109;121;Governador;12;ROBERTO CLÁUDIO;22;PDT;PMN, PATRIOTA, AGIR, PMB, PDT, PSD, PSB, PSC, DC
109;121;Governador;13;ELMANO DE FREITAS;93;PT;(PT/PC do B/PV), PP, MDB, PRTB, (PSOL/REDE), SOLIDARIEDADE
109;121;Governador;44;CAPITÃO WAGNER;97;UNIÃO;PODE, AVANTE, PL, REPUBLICANOS, PTB, PROS, UNIÃO
109;121;Governador;95;BRANCOS;13;;
109;121;Governador;96;NULOS;13;;
109;121;Senador;131;CAMILO;127;PT;(PT/PC do B/PV), MDB, PRTB, (PSOL/REDE), SOLIDARIEDADE, PP
109;121;Senador;555;ERIKA AMORIM;9;PSD;PSB, AGIR, DC, PMB, PDT, PSD, PMN, PATRIOTA, PSC
109;121;Senador;700;KAMILA CARDOSO;66;AVANTE;AVANTE, UNIÃO, PTB, REPUBLICANOS, PROS, PL, PODE
109;121;Senador;95;BRANCOS;17;;
109;121;Senador;96;NULOS;19;;
109;121;Deputado Federal;1111;AJ ALBUQUERQUE;1;PP;PP
109;121;Deputado Federal;1212;LEÔNIDAS CRISTINO;2;PDT;PDT
109;121;Deputado Federal;1213;IDILVAN;6;PDT;PDT
109;121;Deputado Federal;1214;EDUARDO BISMARCK;15;PDT;PDT
109;121;Deputado Federal;1221;MAURO FILHO;1;PDT;PDT
109;121;Deputado Federal;1233;ROBÉRIO MONTEIRO;4;PDT;PDT
109;121;Deputado Federal;1251;ARNON BEZERRA;1;PDT;PDT
109;121;Deputado Federal;1292;ENFERMEIRA ANA PAULA;1;PDT;PDT
109;121;Deputado Federal;1313;LUIZIANNE LINS;5;PT;(PT/PC do B/PV)
109;121;Deputado Federal;1322;GUIMARÃES DO PT;2;PT;(PT/PC do B/PV)
109;121;Deputado Federal;1522;NELINHO;1;MDB;MDB
109;121;Deputado Federal;1533;EUNÍCIO;5;MDB;MDB
109;121;Deputado Federal;2200;DRA. MAYRA PINHEIRO;1;PL;PL
109;121;Deputado Federal;2222;ANDRÉ FERNANDES;13;PL;PL
109;121;Deputado Federal;2233;GORETE PEREIRA;2;PL;PL
109;121;Deputado Federal;2255;JÚNIOR MANO;2;PL;PL
109;121;Deputado Federal;2277;DR JAZIEL;13;PL;PL
109;121;Deputado Federal;2288;PRISCILA COSTA;1;PL;PL
109;121;Deputado Federal;2299;MATHEUS NORONHA;10;PL;PL
109;121;Deputado Federal;2323;MORONI;1;CIDADANIA;(PSDB/CIDADANIA)
109;121;Deputado Federal;3555;CARLINHOS DO HOSPITAL;2;PMB;PMB
109;121;Deputado Federal;4000;DENIS BEZERRA;1;PSB;PSB
109;121;Deputado Federal;4400;LUIZ CARLOS JR;1;UNIÃO;UNIÃO
109;121;Deputado Federal;4411;VANDERLAN ALVES;1;UNIÃO;UNIÃO
109;121;Deputado Federal;4433;DR. AGRIPINO MAGALHÃES;3;UNIÃO;UNIÃO
109;121;Deputado Federal;4445;DAMIÃO TENORIO;2;UNIÃO;UNIÃO
109;121;Deputado Federal;4447;DANILO FORTE;8;UNIÃO;UNIÃO
109;121;Deputado Federal;4456;DAYANY DO CAPITÃO;2;UNIÃO;UNIÃO
109;121;Deputado Federal;4477;FERNANDA PESSOA;6;UNIÃO;UNIÃO
109;121;Deputado Federal;4488;MOSES RODRIGUES;10;UNIÃO;UNIÃO
109;121;Deputado Federal;4490;SOLDADO NOELIO;1;UNIÃO;UNIÃO
109;121;Deputado Federal;5511;CÉLIO STUDART;4;PSD;PSD
109;121;Deputado Federal;5522;MARCOS LIMA;1;PSD;PSD
109;121;Deputado Federal;5533;LUIZ GASTÃO;11;PSD;PSD
109;121;Deputado Federal;5555;DOMINGOS NETO;71;PSD;PSD
109;121;Deputado Federal;6565;INÁCIO ARRUDA;2;PC do B;(PT/PC do B/PV)
109;121;Deputado Federal;9090;ADILSON PINHO;1;PROS;PROS
109;121;Deputado Federal;22;LEGENDA PL;1;PL;PL
109;121;Deputado Federal;65;LEGENDA PC do B;1;PC do B;PC do B
109;121;Deputado Federal;95;BRANCOS;17;;
109;121;Deputado Federal;96;NULOS;5;;
109;121;Deputado Estadual;10000;APÓSTOLO LUIZ HENRIQUE;1;REPUBLICANOS;REPUBLICANOS
109;121;Deputado Estadual;11111;ZEZINHO ALBUQUERQUE;6;PP;PP
109;121;Deputado Estadual;11113;ALMIR BIÉ;6;PP;PP
109;121;Deputado Estadual;11444;LEONARDO PINHEIRO;4;PP;PP
109;121;Deputado Estadual;11555;FÁTIMA COSTA;1;PP;PP
109;121;Deputado Estadual;11666;ROSA ANDRADE;1;PP;PP
109;121;Deputado Estadual;12000;EVANDRO LEITÃO;1;PDT;PDT
109;121;Deputado Estadual;12111;ANTONIO HENRIQUE;2;PDT;PDT
109;121;Deputado Estadual;12123;CLÁUDIO PINHO;5;PDT;PDT
109;121;Deputado Estadual;12127;HELAINE COELHO;37;PDT;PDT
109;121;Deputado Estadual;12300;QUEIROZ FILHO;1;PDT;PDT
109;121;Deputado Estadual;12555;ORIEL FILHO;1;PDT;PDT
109;121;Deputado Estadual;13132;ACRISIO SENA;4;PT;(PT/PC do B/PV)
109;121;Deputado Estadual;13333;MOISES BRAZ;1;PT;(PT/PC do B/PV)
109;121;Deputado Estadual;13777;NIZO;1;PT;(PT/PC do B/PV)
109;121;Deputado Estadual;13789;JULINHO;11;PT;(PT/PC do B/PV)
109;121;Deputado Estadual;14170;ROMMEL FRAZÃO;1;PTB;PTB
109;121;Deputado Estadual;15115;CARLOS BANDEIRA;1;MDB;MDB
109;121;Deputado Estadual;15123;AUDIC MOTA;2;MDB;MDB
109;121;Deputado Estadual;15888;AGENOR NETO;6;MDB;MDB
109;121;Deputado Estadual;22022;CARMELO NETO;6;PL;PL
109;121;Deputado Estadual;22111;PEDRO MATOS;1;PL;PL
109;121;Deputado Estadual;22222;PR.ALCIDES FERNANDES;1;PL;PL
109;121;Deputado Estadual;22380;DUDU DIÓGENES;3;PL;PL
109;121;Deputado Estadual;22555;MARTA GONÇALVES;47;PL;PL
109;121;Deputado Estadual;22777;DRA SILVANA;13;PL;PL
109;121;Deputado Estadual;23192;MARTINHA - A SAÚDE RESISTE;1;CIDADANIA;(PSDB/CIDADANIA)
109;121;Deputado Estadual;33789;LUCINILDO FROTA;1;PMN;PMN
109;121;Deputado Estadual;44333;HEITOR FÉRRER;1;UNIÃO;UNIÃO
109;121;Deputado Estadual;44447;ISABELLE MUNGUBA;1;UNIÃO;UNIÃO
109;121;Deputado Estadual;44567;MAGNOLIA ROCHA;9;UNIÃO;UNIÃO
109;121;Deputado Estadual;44777;FIRMO CAMURÇA;4;UNIÃO;UNIÃO
109;121;Deputado Estadual;44888;DR. OSCAR RODRIGUES;10;UNIÃO;UNIÃO
109;121;Deputado Estadual;45000;JORGE PINHEIRO;1;PSDB;(PSDB/CIDADANIA)
109;121;Deputado Estadual;45123;EMILIA PESSOA;1;PSDB;(PSDB/CIDADANIA)
109;121;Deputado Estadual;45333;DIEGO BARRETO;1;PSDB;(PSDB/CIDADANIA)
109;121;Deputado Estadual;50013;LÉO SURICATE;1;PSOL;(PSOL/REDE)
109;121;Deputado Estadual;50500;RENATO ROSENO;1;PSOL;(PSOL/REDE)
109;121;Deputado Estadual;55011;APOLLO VICZ;1;PSD;PSD
109;121;Deputado Estadual;55555;GABRIELLA AGUIAR;1;PSD;PSD
109;121;Deputado Estadual;65234;CACIKA IRÊ;1;PC do B;(PT/PC do B/PV)
109;121;Deputado Estadual;70001;PAULO SOARES;1;AVANTE;AVANTE
109;121;Deputado Estadual;70007;DANILO LOPES;2;AVANTE;AVANTE
109;121;Deputado Estadual;70123;TOMAZ HOLANDA;5;AVANTE;AVANTE
109;121;Deputado Estadual;70222;STUART CASTRO;1;AVANTE;AVANTE
109;121;Deputado Estadual;90180;FABIO MARANGONI;1;PROS;PROS
109;121;Deputado Estadual;12;LEGENDA PDT;5;PDT;PDT
109;121;Deputado Estadual;13;LEGENDA PT;4;PT;PT
109;121;Deputado Estadual;14;LEGENDA PTB;1;PTB;PTB
109;121;Deputado Estadual;19;LEGENDA PODE;1;PODE;PODE
109;121;Deputado Estadual;22;LEGENDA PL;1;PL;PL
109;121;Deputado Estadual;55;LEGENDA PSD;1;PSD;PSD
109;121;Deputado Estadual;95;BRANCOS;12;;
109;121;Deputado Estadual;96;NULOS;4;;
109;122;Presidente;12;CIRO GOMES;12;PDT;PDT
109;122;Presidente;13;LULA;120;PT;(PT/PC do B/PV), SOLIDARIEDADE, (PSOL/REDE), PSB, AGIR, AVANTE, PROS
109;122;Presidente;15;SIMONE TEBET;4;MDB;MDB, (PSDB/CIDADANIA), PODE
109;122;Presidente;22;JAIR BOLSONARO;66;PL;PP, REPUBLICANOS, PL
109;122;Presidente;44;SORAYA THRONICKE;1;UNIÃO;UNIÃO
109;122;Presidente;95;BRANCOS;3;;
109;122;Presidente;96;NULOS;6;;
109;122;Governador;12;ROBERTO CLÁUDIO;18;PDT;PMN, PATRIOTA, AGIR, PMB, PDT, PSD, PSB, PSC, DC
109;122;Governador;13;ELMANO DE FREITAS;97;PT;(PT/PC do B/PV), PP, MDB, PRTB, (PSOL/REDE), SOLIDARIEDADE
109;122;Governador;44;CAPITÃO WAGNER;85;UNIÃO;PODE, AVANTE, PL, REPUBLICANOS, PTB, PROS, UNIÃO
109;122;Governador;95;BRANCOS;4;;
109;122;Governador;96;NULOS;8;;
109;122;Senador;131;CAMILO;116;PT;(PT/PC do B/PV), MDB, PRTB, (PSOL/REDE), SOLIDARIEDADE, PP
109;122;Senador;555;ERIKA AMORIM;4;PSD;PSB, AGIR, DC, PMB, PDT, PSD, PMN, PATRIOTA, PSC
109;122;Senador;700;KAMILA CARDOSO;70;AVANTE;AVANTE, UNIÃO, PTB, REPUBLICANOS, PROS, PL, PODE
109;122;Senador;95;BRANCOS;8;;
109;122;Senador;96;NULOS;14;;
109;122;Deputado Federal;1000;BISPA VANESSA LIMA;2;REPUBLICANOS;REPUBLICANOS
109;122;Deputado Federal;1010;RONALDO MARTINS;3;REPUBLICANOS;REPUBLICANOS
109;122;Deputado Federal;1111;AJ ALBUQUERQUE;2;PP;PP
109;122;Deputado Federal;1113;ELINETE TORRES;1;PP;PP
109;122;Deputado Federal;1212;LEÔNIDAS CRISTINO;2;PDT;PDT
109;122;Deputado Federal;1213;IDILVAN;12;PDT;PDT
109;122;Deputado Federal;1214;EDUARDO BISMARCK;14;PDT;PDT
109;122;Deputado Federal;1232;NATÁLIA RIOS;1;PDT;PDT
109;122;Deputado Federal;1233;ROBÉRIO MONTEIRO;1;PDT;PDT
109;122;Deputado Federal;1234;ANDRÉ FIGUEIREDO;3;PDT;PDT
109;122;Deputado Federal;1251;ARNON BEZERRA;1;PDT;PDT
109;122;Deputado Federal;1313;LUIZIANNE LINS;7;PT;(PT/PC do B/PV)
109;122;Deputado Federal;1322;GUIMARÃES DO PT;3;PT;(PT/PC do B/PV)
109;122;Deputado Federal;1456;DR MARIGESIO;1;PTB;PTB
109;122;Deputado Federal;1525;MARCIO BATISTA;1;MDB;MDB
109;122;Deputado Federal;1533;EUNÍCIO;1;MDB;MDB
109;122;Deputado Federal;2200;DRA. MAYRA PINHEIRO;3;PL;PL
109;122;Deputado Federal;2201;DELEGADO CAVALCANTE;2;PL;PL
109;122;Deputado Federal;2210;CORONEL AGINALDO;2;PL;PL
109;122;Deputado Federal;2211;YURY DO PAREDÃO;1;PL;PL
109;122;Deputado Federal;2222;ANDRÉ FERNANDES;3;PL;PL
109;122;Deputado Federal;2233;GORETE PEREIRA;1;PL;PL
109;122;Deputado Federal;2255;JÚNIOR MANO;2;PL;PL
109;122;Deputado Federal;2277;DR JAZIEL;9;PL;PL
109;122;Deputado Federal;2288;PRISCILA COSTA;3;PL;PL
109;122;Deputado Federal;2299;MATHEUS NORONHA;8;PL;PL
109;122;Deputado Federal;4411;VANDERLAN ALVES;1;UNIÃO;UNIÃO
109;122;Deputado Federal;4433;DR. AGRIPINO MAGALHÃES;5;UNIÃO;UNIÃO
109;122;Deputado Federal;4444;HEITOR FREIRE;1;UNIÃO;UNIÃO
109;122;Deputado Federal;4445;DAMIÃO TENORIO;1;UNIÃO;UNIÃO
109;122;Deputado Federal;4447;DANILO FORTE;4;UNIÃO;UNIÃO
109;122;Deputado Federal;4456;DAYANY DO CAPITÃO;3;UNIÃO;UNIÃO
109;122;Deputado Federal;4477;FERNANDA PESSOA;3;UNIÃO;UNIÃO
109;122;Deputado Federal;4488;MOSES RODRIGUES;7;UNIÃO;UNIÃO
109;122;Deputado Federal;4512;SARGENTO GERSON;1;PSDB;(PSDB/CIDADANIA)
109;122;Deputado Federal;5050;AILTON LOPES;1;PSOL;(PSOL/REDE)
109;122;Deputado Federal;5511;CÉLIO STUDART;4;PSD;PSD
109;122;Deputado Federal;5533;LUIZ GASTÃO;8;PSD;PSD
109;122;Deputado Federal;5555;DOMINGOS NETO;62;PSD;PSD
109;122;Deputado Federal;5588;ELIANE BRAZ;3;PSD;PSD
109;122;Deputado Federal;11;LEGENDA PP;1;PP;PP
109;122;Deputado Federal;12;LEGENDA PDT;1;PDT;PDT
109;122;Deputado Federal;13;LEGENDA PT;3;PT;PT
109;122;Deputado Federal;22;LEGENDA PL;1;PL;PL
109;122;Deputado Federal;55;LEGENDA PSD;2;PSD;PSD
109;122;Deputado Federal;95;BRANCOS;7;;
109;122;Deputado Federal;96;NULOS;4;;
109;122;Deputado Estadual;10000;APÓSTOLO LUIZ HENRIQUE;2;REPUBLICANOS;REPUBLICANOS
109;122;Deputado Estadual;10100;REGIS FELICIO;1;REPUBLICANOS;REPUBLICANOS
109;122;Deputado Estadual;10123;DAVID DURAND;2;REPUBLICANOS;REPUBLICANOS
109;122;Deputado Estadual;11111;ZEZINHO ALBUQUERQUE;3;PP;PP
109;122;Deputado Estadual;11113;ALMIR BIÉ;6;PP;PP
109;122;Deputado Estadual;11222;DR VICTOR GURGEL;1;PP;PP
109;122;Deputado Estadual;11444;LEONARDO PINHEIRO;6;PP;PP
109;122;Deputado Estadual;12111;ANTONIO HENRIQUE;1;PDT;PDT
109;122;Deputado Estadual;12123;CLÁUDIO PINHO;5;PDT;PDT
109;122;Deputado Estadual;12127;HELAINE COELHO;31;PDT;PDT
109;122;Deputado Estadual;12144;GUILHERME BISMARCK;1;PDT;PDT
109;122;Deputado Estadual;12345;LIA GOMES;1;PDT;PDT
109;122;Deputado Estadual;13100;LILIANE;1;PT;(PT/PC do B/PV)
109;122;Deputado Estadual;13123;MISSIAS DO MST;2;PT;(PT/PC do B/PV)
109;122;Deputado Estadual;13132;ACRISIO SENA;4;PT;(PT/PC do B/PV)
109;122;Deputado Estadual;13333;MOISES BRAZ;5;PT;(PT/PC do B/PV)
109;122;Deputado Estadual;13777;NIZO;1;PT;(PT/PC do B/PV)
109;122;Deputado Estadual;13789;JULINHO;11;PT;(PT/PC do B/PV)
109;122;Deputado Estadual;15555;FELIPE AGUIAR;1;MDB;MDB
109;122;Deputado Estadual;22010;BEZERRA DE MENESES;2;PL;PL
109;122;Deputado Estadual;22022;CARMELO NETO;3;PL;PL
109;122;Deputado Estadual;22111;PEDRO MATOS;1;PL;PL
109;122;Deputado Estadual;22380;DUDU DIÓGENES;1;PL;PL
109;122;Deputado Estadual;22555;MARTA GONÇALVES;49;PL;PL
109;122;Deputado Estadual;22777;DRA SILVANA;9;PL;PL
109;122;Deputado Estadual;30000;DR. ISAQUE RABELO;1;NOVO;NOVO
109;122;Deputado Estadual;33000;GABRIEL SABOIA;1;PMN;PMN
109;122;Deputado Estadual;43222;REGINALDO CASTRO;1;PV;(PT/PC do B/PV)
109;122;Deputado Estadual;44123;TONY BRITO;1;UNIÃO;UNIÃO
109;122;Deputado Estadual;44556;PRISCILA ROCHA;1;UNIÃO;UNIÃO
109;122;Deputado Estadual;44567;MAGNOLIA ROCHA;3;UNIÃO;UNIÃO
109;122;Deputado Estadual;44777;FIRMO CAMURÇA;2;UNIÃO;UNIÃO
109;122;Deputado Estadual;44888;DR. OSCAR RODRIGUES;5;UNIÃO;UNIÃO
109;122;Deputado Estadual;45000;JORGE PINHEIRO;1;PSDB;(PSDB/CIDADANIA)
109;122;Deputado Estadual;45123;EMILIA PESSOA;1;PSDB;(PSDB/CIDADANIA)
109;122;Deputado Estadual;50013;LÉO SURICATE;1;PSOL;(PSOL/REDE)
109;122;Deputado Estadual;50500;RENATO ROSENO;1;PSOL;(PSOL/REDE)
109;122;Deputado Estadual;65013;PROFESSOR ANÍZIO;2;PC do B;(PT/PC do B/PV)
109;122;Deputado Estadual;70000;TAM DE OLIVEIRA;1;AVANTE;AVANTE
109;122;Deputado Estadual;70007;DANILO LOPES;1;AVANTE;AVANTE
109;122;Deputado Estadual;70123;TOMAZ HOLANDA;9;AVANTE;AVANTE
109;122;Deputado Estadual;70222;STUART CASTRO;1;AVANTE;AVANTE
109;122;Deputado Estadual;70321;DANIEL BORGES;1;AVANTE;AVANTE
109;122;Deputado Estadual;10;LEGENDA REPUBLICANOS;1;REPUBLICANOS;REPUBLICANOS
109;122;Deputado Estadual;12;LEGENDA PDT;3;PDT;PDT
109;122;Deputado Estadual;13;LEGENDA PT;5;PT;PT
109;122;Deputado Estadual;15;LEGENDA MDB;1;MDB;MDB
109;122;Deputado Estadual;22;LEGENDA PL;2;PL;PL
109;122;Deputado Estadual;55;LEGENDA PSD;1;PSD;PSD
109;122;Deputado Estadual;95;BRANCOS;5;;
109;122;Deputado Estadual;96;NULOS;10;;
109;123;Presidente;12;CIRO GOMES;10;PDT;PDT
109;123;Presidente;13;LULA;132;PT;(PT/PC do B/PV), SOLIDARIEDADE, (PSOL/REDE), PSB, AGIR, AVANTE, PROS
109;123;Presidente;22;JAIR BOLSONARO;72;PL;PP, REPUBLICANOS, PL
109;123;Presidente;95;BRANCOS;2;;
109;123;Presidente;96;NULOS;4;;
109;123;Governador;12;ROBERTO CLÁUDIO;18;PDT;PMN, PATRIOTA, AGIR, PMB, PDT, PSD, PSB, PSC, DC
109;123;Governador;13;ELMANO DE FREITAS;98;PT;(PT/PC do B/PV), PP, MDB, PRTB, (PSOL/REDE), SOLIDARIEDADE
109;123;Governador;44;CAPITÃO WAGNER;83;UNIÃO;PODE, AVANTE, PL, REPUBLICANOS, PTB, PROS, UNIÃO
109;123;Governador;95;BRANCOS;3;;
109;123;Governador;96;NULOS;18;;
109;123;Senador;131;CAMILO;123;PT;(PT/PC do B/PV), MDB, PRTB, (PSOL/REDE), SOLIDARIEDADE, PP
109;123;Senador;555;ERIKA AMORIM;7;PSD;PSB, AGIR, DC, PMB, PDT, PSD, PMN, PATRIOTA, PSC
109;123;Senador;700;KAMILA CARDOSO;60;AVANTE;AVANTE, UNIÃO, PTB, REPUBLICANOS, PROS, PL, PODE
109;123;Senador;95;BRANCOS;5;;
109;123;Senador;96;NULOS;25;;
109;123;Deputado Federal;1010;RONALDO MARTINS;2;REPUBLICANOS;REPUBLICANOS
109;123;Deputado Federal;1020;ERLAN BASTOS;1;REPUBLICANOS;REPUBLICANOS
109;123;Deputado Federal;1213;IDILVAN;5;PDT;PDT
109;123;Deputado Federal;1214;EDUARDO BISMARCK;12;PDT;PDT
109;123;Deputado Federal;1233;ROBÉRIO MONTEIRO;1;PDT;PDT
109;123;Deputado Federal;1277;ADAIL JR;1;PDT;PDT
109;123;Deputado Federal;1292;ENFERMEIRA ANA PAULA;2;PDT;PDT
109;123;Deputado Federal;1313;LUIZIANNE LINS;11;PT;(PT/PC do B/PV)
109;123;Deputado Federal;1322;GUIMARÃES DO PT;5;PT;(PT/PC do B/PV)
109;123;Deputado Federal;1515;MOACENY FÉLIX;1;MDB;MDB
109;123;Deputado Federal;1522;NELINHO;1;MDB;MDB
109;123;Deputado Federal;1533;EUNÍCIO;6;MDB;MDB
109;123;Deputado Federal;2200;DRA. MAYRA PINHEIRO;1;PL;PL
109;123;Deputado Federal;2201;DELEGADO CAVALCANTE;1;PL;PL
109;123;Deputado Federal;2222;ANDRÉ FERNANDES;11;PL;PL
109;123;Deputado Federal;2255;JÚNIOR MANO;3;PL;PL
109;123;Deputado Federal;2277;DR JAZIEL;3;PL;PL
109;123;Deputado Federal;2288;PRISCILA COSTA;2;PL;PL
109;123;Deputado Federal;2299;MATHEUS NORONHA;9;PL;PL
109;123;Deputado Federal;2323;MORONI;1;CIDADANIA;(PSDB/CIDADANIA)
109;123;Deputado Federal;4000;DENIS BEZERRA;5;PSB;PSB
109;123;Deputado Federal;4433;DR. AGRIPINO MAGALHÃES;3;UNIÃO;UNIÃO
109;123;Deputado Federal;4444;HEITOR FREIRE;3;UNIÃO;UNIÃO
109;123;Deputado Federal;4445;DAMIÃO TENORIO;1;UNIÃO;UNIÃO
109;123;Deputado Federal;4447;DANILO FORTE;6;UNIÃO;UNIÃO
109;123;Deputado Federal;4477;FERNANDA PESSOA;4;UNIÃO;UNIÃO
109;123;Deputado Federal;4488;MOSES RODRIGUES;7;UNIÃO;UNIÃO
109;123;Deputado Federal;5005;ANNA KARINA VOZES FEMINISTAS;1;PSOL;(PSOL/REDE)
109;123;Deputado Federal;5511;CÉLIO STUDART;6;PSD;PSD
109;123;Deputado Federal;5533;LUIZ GASTÃO;8;PSD;PSD
109;123;Deputado Federal;5555;DOMINGOS NETO;76;PSD;PSD
109;123;Deputado Federal;5588;ELIANE BRAZ;2;PSD;PSD
109;123;Deputado Federal;6565;INÁCIO ARRUDA;1;PC do B;(PT/PC do B/PV)
109;123;Deputado Federal;7069;DR CIRO;1;AVANTE;AVANTE
109;123;Deputado Federal;12;LEGENDA PDT;1;PDT;PDT
109;123;Deputado Federal;13;LEGENDA PT;7;PT;PT
109;123;Deputado Federal;22;LEGENDA PL;2;PL;PL
109;123;Deputado Federal;65;LEGENDA PC do B;1;PC do B;PC do B
109;123;Deputado Federal;70;LEGENDA AVANTE;1;AVANTE;AVANTE
109;123;Deputado Federal;95;BRANCOS;2;;
109;123;Deputado Federal;96;NULOS;3;;
109;123;Deputado Estadual;10000;APÓSTOLO LUIZ HENRIQUE;2;REPUBLICANOS;REPUBLICANOS
109;123;Deputado Estadual;10123;DAVID DURAND;1;REPUBLICANOS;REPUBLICANOS
109;123;Deputado Estadual;10190;EVALDO COSTA;1;REPUBLICANOS;REPUBLICANOS
109;123;Deputado Estadual;11111;ZEZINHO ALBUQUERQUE;2;PP;PP
109;123;Deputado Estadual;11113;ALMIR BIÉ;2;PP;PP
109;123;Deputado Estadual;11222;DR VICTOR GURGEL;2;PP;PP
109;123;Deputado Estadual;11444;LEONARDO PINHEIRO;8;PP;PP
109;123;Deputado Estadual;12000;EVANDRO LEITÃO;1;PDT;PDT
109;123;Deputado Estadual;12123;CLÁUDIO PINHO;8;PDT;PDT
109;123;Deputado Estadual;12127;HELAINE COELHO;25;PDT;PDT
109;123;Deputado Estadual;12300;QUEIROZ FILHO;3;PDT;PDT
109;123;Deputado Estadual;13123;MISSIAS DO MST;1;PT;(PT/PC do B/PV)
109;123;Deputado Estadual;13132;ACRISIO SENA;7;PT;(PT/PC do B/PV)
109;123;Deputado Estadual;13133;LARISSA GASPAR;1;PT;(PT/PC do B/PV)
109;123;Deputado Estadual;13234;GUILHERME SAMPAIO;2;PT;(PT/PC do B/PV)
109;123;Deputado Estadual;13333;MOISES BRAZ;5;PT;(PT/PC do B/PV)
109;123;Deputado Estadual;13777;NIZO;4;PT;(PT/PC do B/PV)
109;123;Deputado Estadual;13789;JULINHO;7;PT;(PT/PC do B/PV)
109;123;Deputado Estadual;15115;CARLOS BANDEIRA;1;MDB;MDB
109;123;Deputado Estadual;15123;AUDIC MOTA;1;MDB;MDB
109;123;Deputado Estadual;15333;DANNIEL OLIVEIRA;2;MDB;MDB
109;123;Deputado Estadual;15888;AGENOR NETO;2;MDB;MDB
109;123;Deputado Estadual;22010;BEZERRA DE MENESES;1;PL;PL
109;123;Deputado Estadual;22022;CARMELO NETO;3;PL;PL
109;123;Deputado Estadual;22222;PR.ALCIDES FERNANDES;3;PL;PL
109;123;Deputado Estadual;22555;MARTA GONÇALVES;63;PL;PL
109;123;Deputado Estadual;22777;DRA SILVANA;4;PL;PL
109;123;Deputado Estadual;23192;MARTINHA - A SAÚDE RESISTE;1;CIDADANIA;(PSDB/CIDADANIA)
109;123;Deputado Estadual;33123;ALCY PINHEIRO;1;PMN;PMN
109;123;Deputado Estadual;33333;ANNE MORAIS;1;PMN;PMN
109;123;Deputado Estadual;33700;DENIS BRITO;1;PMN;PMN
109;123;Deputado Estadual;44123;TONY BRITO;1;UNIÃO;UNIÃO
109;123;Deputado Estadual;44244;JULIANA DUARTE;1;UNIÃO;UNIÃO
109;123;Deputado Estadual;44444;ENEAS GOES;1;UNIÃO;UNIÃO
109;123;Deputado Estadual;44567;MAGNOLIA ROCHA;3;UNIÃO;UNIÃO
109;123;Deputado Estadual;44777;FIRMO CAMURÇA;1;UNIÃO;UNIÃO
109;123;Deputado Estadual;44888;DR. OSCAR RODRIGUES;5;UNIÃO;UNIÃO
109;123;Deputado Estadual;55333;SIMÃO PEDRO;1;PSD;PSD
109;123;Deputado Estadual;55555;GABRIELLA AGUIAR;1;PSD;PSD
109;123;Deputado Estadual;65013;PROFESSOR ANÍZIO;1;PC do B;(PT/PC do B/PV)
109;123;Deputado Estadual;70000;TAM DE OLIVEIRA;1;AVANTE;AVANTE
109;123;Deputado Estadual;70007;DANILO LOPES;2;AVANTE;AVANTE
109;123;Deputado Estadual;70123;TOMAZ HOLANDA;6;AVANTE;AVANTE
109;123;Deputado Estadual;70777;CORONEL ADRIANIZIO PAULO;1;AVANTE;AVANTE
109;123;Deputado Estadual;11;LEGENDA PP;1;PP;PP
109;123;Deputado Estadual;12;LEGENDA PDT;4;PDT;PDT
109;123;Deputado Estadual;13;LEGENDA PT;7;PT;PT
109;123;Deputado Estadual;23;LEGENDA CIDADANIA;1;CIDADANIA;CIDADANIA
109;123;Deputado Estadual;45;LEGENDA PSDB;2;PSDB;PSDB
109;123;Deputado Estadual;55;LEGENDA PSD;2;PSD;PSD
109;123;Deputado Estadual;65;LEGENDA PC do B;1;PC do B;PC do B
109;123;Deputado Estadual;70;LEGENDA AVANTE;1;AVANTE;AVANTE
109;123;Deputado Estadual;95;BRANCOS;5;;
109;123;Deputado Estadual;96;NULOS;5;;
109;124;Presidente;12;CIRO GOMES;9;PDT;PDT
109;124;Presidente;13;LULA;131;PT;(PT/PC do B/PV), SOLIDARIEDADE, (PSOL/REDE), PSB, AGIR, AVANTE, PROS
109;124;Presidente;14;PADRE KELMON;1;PTB;PTB
109;124;Presidente;15;SIMONE TEBET;2;MDB;MDB, (PSDB/CIDADANIA), PODE
109;124;Presidente;22;JAIR BOLSONARO;71;PL;PP, REPUBLICANOS, PL
109;124;Presidente;44;SORAYA THRONICKE;1;UNIÃO;UNIÃO
109;124;Presidente;95;BRANCOS;3;;
109;124;Presidente;96;NULOS;3;;
109;124;Governador;12;ROBERTO CLÁUDIO;18;PDT;PMN, PATRIOTA, AGIR, PMB, PDT, PSD, PSB, PSC, DC
109;124;Governador;13;ELMANO DE FREITAS;101;PT;(PT/PC do B/PV), PP, MDB, PRTB, (PSOL/REDE), SOLIDARIEDADE
109;124;Governador;44;CAPITÃO WAGNER;85;UNIÃO;PODE, AVANTE, PL, REPUBLICANOS, PTB, PROS, UNIÃO
109;124;Governador;95;BRANCOS;9;;
109;124;Governador;96;NULOS;8;;
109;124;Senador;131;CAMILO;124;PT;(PT/PC do B/PV), MDB, PRTB, (PSOL/REDE), SOLIDARIEDADE, PP
109;124;Senador;555;ERIKA AMORIM;6;PSD;PSB, AGIR, DC, PMB, PDT, PSD, PMN, PATRIOTA, PSC
109;124;Senador;700;KAMILA CARDOSO;66;AVANTE;AVANTE, UNIÃO, PTB, REPUBLICANOS, PROS, PL, PODE
109;124;Senador;95;BRANCOS;10;;
109;124;Senador;96;NULOS;15;;
109;124;Deputado Federal;1010;RONALDO MARTINS;3;REPUBLICANOS;REPUBLICANOS
109;124;Deputado Federal;1016;PR RODRIGO MATOS;1;REPUBLICANOS;REPUBLICANOS
109;124;Deputado Federal;1023;PASTOR ABRAÃO;1;REPUBLICANOS;REPUBLICANOS
109;124;Deputado Federal;1111;AJ ALBUQUERQUE;2;PP;PP
109;124;Deputado Federal;1112;GOMES FARIAS;1;PP;PP
109;124;Deputado Federal;1212;LEÔNIDAS CRISTINO;2;PDT;PDT
109;124;Deputado Federal;1213;IDILVAN;13;PDT;PDT
109;124;Deputado Federal;1214;EDUARDO BISMARCK;11;PDT;PDT
109;124;Deputado Federal;1222;ROSÂNIA RAMALHO;1;PDT;PDT
109;124;Deputado Federal;1233;ROBÉRIO MONTEIRO;1;PDT;PDT
109;124;Deputado Federal;1234;ANDRÉ FIGUEIREDO;1;PDT;PDT
109;124;Deputado Federal;1313;LUIZIANNE LINS;7;PT;(PT/PC do B/PV)
109;124;Deputado Federal;1322;GUIMARÃES DO PT;1;PT;(PT/PC do B/PV)
109;124;Deputado Federal;1500;ÉRICO JOVINO;1;MDB;MDB
109;124;Deputado Federal;1515;MOACENY FÉLIX;1;MDB;MDB
109;124;Deputado Federal;1533;EUNÍCIO;5;MDB;MDB
109;124;Deputado Federal;1580;CÍCERO ANIMAL DAS PISTAS;1;MDB;MDB
109;124;Deputado Federal;2200;DRA. MAYRA PINHEIRO;2;PL;PL
109;124;Deputado Federal;2201;DELEGADO CAVALCANTE;3;PL;PL
109;124;Deputado Federal;2210;CORONEL AGINALDO;4;PL;PL
109;124;Deputado Federal;2211;YURY DO PAREDÃO;1;PL;PL
109;124;Deputado Federal;2222;ANDRÉ FERNANDES;2;PL;PL
109;124;Deputado Federal;2233;GORETE PEREIRA;1;PL;PL
109;124;Deputado Federal;2255;JÚNIOR MANO;1;PL;PL
109;124;Deputado Federal;2277;DR JAZIEL;7;PL;PL
109;124;Deputado Federal;2299;MATHEUS NORONHA;5;PL;PL
109;124;Deputado Federal;4050;HEITOR HOLANDA;1;PSB;PSB
109;124;Deputado Federal;4411;VANDERLAN ALVES;1;UNIÃO;UNIÃO
109;124;Deputado Federal;4422;JULIERME SENA;1;UNIÃO;UNIÃO
109;124;Deputado Federal;4433;DR. AGRIPINO MAGALHÃES;3;UNIÃO;UNIÃO
109;124;Deputado Federal;4444;HEITOR FREIRE;3;UNIÃO;UNIÃO
109;124;Deputado Federal;4445;DAMIÃO TENORIO;5;UNIÃO;UNIÃO
109;124;Deputado Federal;4447;DANILO FORTE;4;UNIÃO;UNIÃO
109;124;Deputado Federal;4456;DAYANY DO CAPITÃO;3;UNIÃO;UNIÃO
109;124;Deputado Federal;4477;FERNANDA PESSOA;11;UNIÃO;UNIÃO
109;124;Deputado Federal;4488;MOSES RODRIGUES;8;UNIÃO;UNIÃO
109;124;Deputado Federal;4490;SOLDADO NOELIO;2;UNIÃO;UNIÃO
109;124;Deputado Federal;5044;LÍDIA DO BORA DE RUMA;2;PSOL;(PSOL/REDE)
109;124;Deputado Federal;5050;AILTON LOPES;1;PSOL;(PSOL/REDE)
109;124;Deputado Federal;5055;GABRIEL BIOLOGIA;2;PSOL;(PSOL/REDE)
109;124;Deputado Federal;5511;CÉLIO STUDART;7;PSD;PSD
109;124;Deputado Federal;5533;LUIZ GASTÃO;9;PSD;PSD
109;124;Deputado Federal;5555;DOMINGOS NETO;59;PSD;PSD
109;124;Deputado Federal;5588;ELIANE BRAZ;1;PSD;PSD
109;124;Deputado Federal;6565;INÁCIO ARRUDA;3;PC do B;(PT/PC do B/PV)
109;124;Deputado Federal;9090;ADILSON PINHO;1;PROS;PROS
109;124;Deputado Federal;12;LEGENDA PDT;1;PDT;PDT
109;124;Deputado Federal;13;LEGENDA PT;1;PT;PT
109;124;Deputado Federal;14;LEGENDA PTB;1;PTB;PTB
109;124;Deputado Federal;22;LEGENDA PL;1;PL;PL
109;124;Deputado Federal;55;LEGENDA PSD;1;PSD;PSD
109;124;Deputado Federal;95;BRANCOS;7;;
109;124;Deputado Federal;96;NULOS;3;;
109;124;Deputado Estadual;10123;DAVID DURAND;1;REPUBLICANOS;REPUBLICANOS
109;124;Deputado Estadual;10124;DUQUINHA;1;REPUBLICANOS;REPUBLICANOS
109;124;Deputado Estadual;11111;ZEZINHO ALBUQUERQUE;4;PP;PP
109;124;Deputado Estadual;11113;ALMIR BIÉ;3;PP;PP
109;124;Deputado Estadual;11222;DR VICTOR GURGEL;1;PP;PP
109;124;Deputado Estadual;11444;LEONARDO PINHEIRO;4;PP;PP
109;124;Deputado Estadual;12123;CLÁUDIO PINHO;2;PDT;PDT
109;124;Deputado Estadual;12127;HELAINE COELHO;28;PDT;PDT
109;124;Deputado Estadual;12333;MARCOS SOBREIRA;1;PDT;PDT
109;124;Deputado Estadual;12345;LIA GOMES;1;PDT;PDT
109;124;Deputado Estadual;12999;BRUNO PEDROSA;2;PDT;PDT
109;124;Deputado Estadual;13013;DRA. DENISE;1;PT;(PT/PC do B/PV)
109;124;Deputado Estadual;13123;MISSIAS DO MST;2;PT;(PT/PC do B/PV)
109;124;Deputado Estadual;13132;ACRISIO SENA;6;PT;(PT/PC do B/PV)
109;124;Deputado Estadual;13234;GUILHERME SAMPAIO;2;PT;(PT/PC do B/PV)
109;124;Deputado Estadual;13333;MOISES BRAZ;1;PT;(PT/PC do B/PV)
109;124;Deputado Estadual;13777;NIZO;1;PT;(PT/PC do B/PV)
109;124;Deputado Estadual;13789;JULINHO;10;PT;(PT/PC do B/PV)
109;124;Deputado Estadual;15331;CLAUDIA HELENA;1;MDB;MDB
109;124;Deputado Estadual;15333;DANNIEL OLIVEIRA;1;MDB;MDB
109;124;Deputado Estadual;15888;AGENOR NETO;2;MDB;MDB
109;124;Deputado Estadual;22010;BEZERRA DE MENESES;4;PL;PL
109;124;Deputado Estadual;22022;CARMELO NETO;2;PL;PL
109;124;Deputado Estadual;22222;PR.ALCIDES FERNANDES;1;PL;PL
109;124;Deputado Estadual;22555;MARTA GONÇALVES;58;PL;PL
109;124;Deputado Estadual;22777;DRA SILVANA;10;PL;PL
109;124;Deputado Estadual;33145;DR DANIEL VIANA;1;PMN;PMN
109;124;Deputado Estadual;33300;MIRIS SALMITO;1;PMN;PMN
109;124;Deputado Estadual;44027;PROFESSOR CARDOSO NETO;1;UNIÃO;UNIÃO
109;124;Deputado Estadual;44190;SARGENTO REGINAURO;3;UNIÃO;UNIÃO
109;124;Deputado Estadual;44333;HEITOR FÉRRER;2;UNIÃO;UNIÃO
109;124;Deputado Estadual;44567;MAGNOLIA ROCHA;4;UNIÃO;UNIÃO
109;124;Deputado Estadual;44777;FIRMO CAMURÇA;8;UNIÃO;UNIÃO
109;124;Deputado Estadual;44888;DR. OSCAR RODRIGUES;4;UNIÃO;UNIÃO
109;124;Deputado Estadual;45000;JORGE PINHEIRO;1;PSDB;(PSDB/CIDADANIA)
109;124;Deputado Estadual;45222;GERARDO OLIVEIRA;1;PSDB;(PSDB/CIDADANIA)
109;124;Deputado Estadual;45777;MARIA DO POVO;1;PSDB;(PSDB/CIDADANIA)
109;124;Deputado Estadual;50013;LÉO SURICATE;3;PSOL;(PSOL/REDE)
109;124;Deputado Estadual;50500;RENATO ROSENO;1;PSOL;(PSOL/REDE)
109;124;Deputado Estadual;65013;PROFESSOR ANÍZIO;1;PC do B;(PT/PC do B/PV)
109;124;Deputado Estadual;65234;CACIKA IRÊ;1;PC do B;(PT/PC do B/PV)
109;124;Deputado Estadual;70000;TAM DE OLIVEIRA;3;AVANTE;AVANTE
109;124;Deputado Estadual;70123;TOMAZ HOLANDA;4;AVANTE;AVANTE
109;124;Deputado Estadual;90180;FABIO MARANGONI;1;PROS;PROS
109;124;Deputado Estadual;11;LEGENDA PP;2;PP;PP
109;124;Deputado Estadual;12;LEGENDA PDT;3;PDT;PDT
109;124;Deputado Estadual;13;LEGENDA PT;6;PT;PT
109;124;Deputado Estadual;15;LEGENDA MDB;1;MDB;MDB
109;124;Deputado Estadual;22;LEGENDA PL;3;PL;PL
109;124;Deputado Estadual;70;LEGENDA AVANTE;4;AVANTE;AVANTE
109;124;Deputado Estadual;95;BRANCOS;7;;
109;124;Deputado Estadual;96;NULOS;4;;
109;125;Presidente;12;CIRO GOMES;13;PDT;PDT
109;125;Presidente;13;LULA;132;PT;(PT/PC do B/PV), SOLIDARIEDADE, (PSOL/REDE), PSB, AGIR, AVANTE, PROS
109;125;Presidente;22;JAIR BOLSONARO;50;PL;PP, REPUBLICANOS, PL
109;125;Presidente;95;BRANCOS;4;;
109;125;Presidente;96;NULOS;5;;
109;125;Governador;12;ROBERTO CLÁUDIO;14;PDT;PMN, PATRIOTA, AGIR, PMB, PDT, PSD, PSB, PSC, DC
109;125;Governador;13;ELMANO DE FREITAS;113;PT;(PT/PC do B/PV), PP, MDB, PRTB, (PSOL/REDE), SOLIDARIEDADE
109;125;Governador;44;CAPITÃO WAGNER;62;UNIÃO;PODE, AVANTE, PL, REPUBLICANOS, PTB, PROS, UNIÃO
109;125;Governador;95;BRANCOS;4;;
109;125;Governador;96;NULOS;11;;
109;125;Senador;131;CAMILO;128;PT;(PT/PC do B/PV), MDB, PRTB, (PSOL/REDE), SOLIDARIEDADE, PP
109;125;Senador;555;ERIKA AMORIM;5;PSD;PSB, AGIR, DC, PMB, PDT, PSD, PMN, PATRIOTA, PSC
109;125;Senador;700;KAMILA CARDOSO;44;AVANTE;AVANTE, UNIÃO, PTB, REPUBLICANOS, PROS, PL, PODE
109;125;Senador;95;BRANCOS;9;;
109;125;Senador;96;NULOS;18;;
109;125;Deputado Federal;1010;RONALDO MARTINS;2;REPUBLICANOS;REPUBLICANOS
109;125;Deputado Federal;1016;PR RODRIGO MATOS;1;REPUBLICANOS;REPUBLICANOS
109;125;Deputado Federal;1111;AJ ALBUQUERQUE;1;PP;PP
109;125;Deputado Federal;1112;GOMES FARIAS;1;PP;PP
109;125;Deputado Federal;1155;THIAGO ESMERALDO;1;PP;PP
109;125;Deputado Federal;1212;LEÔNIDAS CRISTINO;2;PDT;PDT
109;125;Deputado Federal;1213;IDILVAN;7;PDT;PDT
109;125;Deputado Federal;1214;EDUARDO BISMARCK;10;PDT;PDT
109;125;Deputado Federal;1233;ROBÉRIO MONTEIRO;1;PDT;PDT
109;125;Deputado Federal;1269;ELAYNE CARVALHO;1;PDT;PDT
109;125;Deputado Federal;1313;LUIZIANNE LINS;4;PT;(PT/PC do B/PV)
109;125;Deputado Federal;1322;GUIMARÃES DO PT;4;PT;(PT/PC do B/PV)
109;125;Deputado Federal;1533;EUNÍCIO;6;MDB;MDB
109;125;Deputado Federal;1588;REGINA VILLELA;1;MDB;MDB
109;125;Deputado Federal;2200;DRA. MAYRA PINHEIRO;2;PL;PL
109;125;Deputado Federal;2201;DELEGADO CAVALCANTE;1;PL;PL
109;125;Deputado Federal;2210;CORONEL AGINALDO;2;PL;PL
109;125;Deputado Federal;2222;ANDRÉ FERNANDES;2;PL;PL
109;125;Deputado Federal;2233;GORETE PEREIRA;1;PL;PL
109;125;Deputado Federal;2277;DR JAZIEL;4;PL;PL
109;125;Deputado Federal;2288;PRISCILA COSTA;1;PL;PL
109;125;Deputado Federal;2299;MATHEUS NORONHA;7;PL;PL
109;125;Deputado Federal;2323;MORONI;2;CIDADANIA;(PSDB/CIDADANIA)
109;125;Deputado Federal;4000;DENIS BEZERRA;1;PSB;PSB
109;125;Deputado Federal;4433;DR. AGRIPINO MAGALHÃES;2;UNIÃO;UNIÃO
109;125;Deputado Federal;4444;HEITOR FREIRE;4;UNIÃO;UNIÃO
109;125;Deputado Federal;4445;DAMIÃO TENORIO;1;UNIÃO;UNIÃO
109;125;Deputado Federal;4447;DANILO FORTE;3;UNIÃO;UNIÃO
109;125;Deputado Federal;4456;DAYANY DO CAPITÃO;1;UNIÃO;UNIÃO
109;125;Deputado Federal;4466;PATRICIA MARXS;1;UNIÃO;UNIÃO
109;125;Deputado Federal;4477;FERNANDA PESSOA;7;UNIÃO;UNIÃO
109;125;Deputado Federal;4488;MOSES RODRIGUES;9;UNIÃO;UNIÃO
109;125;Deputado Federal;5013;ADELITA MONTEIRO;1;PSOL;(PSOL/REDE)
109;125;Deputado Federal;5055;GABRIEL BIOLOGIA;1;PSOL;(PSOL/REDE)
109;125;Deputado Federal;5511;CÉLIO STUDART;5;PSD;PSD
109;125;Deputado Federal;5533;LUIZ GASTÃO;14;PSD;PSD
109;125;Deputado Federal;5555;DOMINGOS NETO;58;PSD;PSD
109;125;Deputado Federal;6565;INÁCIO ARRUDA;1;PC do B;(PT/PC do B/PV)
109;125;Deputado Federal;7033;PASTOR AIRTON SILVA;1;AVANTE;AVANTE
109;125;Deputado Federal;7040;CHICO ANTÔNIO;2;AVANTE;AVANTE
109;125;Deputado Federal;12;LEGENDA PDT;2;PDT;PDT
109;125;Deputado Federal;13;LEGENDA PT;2;PT;PT
109;125;Deputado Federal;29;LEGENDA PCO;1;PCO;PCO
109;125;Deputado Federal;55;LEGENDA PSD;3;PSD;PSD
109;125;Deputado Federal;95;BRANCOS;14;;
109;125;Deputado Federal;96;NULOS;6;;
109;125;Deputado Estadual;10000;APÓSTOLO LUIZ HENRIQUE;2;REPUBLICANOS;REPUBLICANOS
109;125;Deputado Estadual;10123;DAVID DURAND;2;REPUBLICANOS;REPUBLICANOS
109;125;Deputado Estadual;11111;ZEZINHO ALBUQUERQUE;3;PP;PP
109;125;Deputado Estadual;11113;ALMIR BIÉ;7;PP;PP
109;125;Deputado Estadual;11444;LEONARDO PINHEIRO;12;PP;PP
109;125;Deputado Estadual;12111;ANTONIO HENRIQUE;1;PDT;PDT
109;125;Deputado Estadual;12123;CLÁUDIO PINHO;3;PDT;PDT
109;125;Deputado Estadual;12127;HELAINE COELHO;29;PDT;PDT
109;125;Deputado Estadual;12500;SALMITO;1;PDT;PDT
109;125;Deputado Estadual;13013;DRA. DENISE;1;PT;(PT/PC do B/PV)
109;125;Deputado Estadual;13131;MARI LACERDA;2;PT;(PT/PC do B/PV)
109;125;Deputado Estadual;13132;ACRISIO SENA;2;PT;(PT/PC do B/PV)
109;125;Deputado Estadual;13133;LARISSA GASPAR;2;PT;(PT/PC do B/PV)
109;125;Deputado Estadual;13333;MOISES BRAZ;4;PT;(PT/PC do B/PV)
109;125;Deputado Estadual;13555;JULIANA LUCENA;1;PT;(PT/PC do B/PV)
109;125;Deputado Estadual;13789;JULINHO;12;PT;(PT/PC do B/PV)
109;125;Deputado Estadual;15888;AGENOR NETO;2;MDB;MDB
109;125;Deputado Estadual;22010;BEZERRA DE MENESES;1;PL;PL
109;125;Deputado Estadual;22022;CARMELO NETO;1;PL;PL
109;125;Deputado Estadual;22555;MARTA GONÇALVES;33;PL;PL
109;125;Deputado Estadual;22777;DRA SILVANA;3;PL;PL
109;125;Deputado Estadual;22999;QUEIROZ DO POVO;1;PL;PL
109;125;Deputado Estadual;23123;LUANA RIBEIRO;1;CIDADANIA;(PSDB/CIDADANIA)
109;125;Deputado Estadual;23333;DOUTOR LEITÃO;1;CIDADANIA;(PSDB/CIDADANIA)
109;125;Deputado Estadual;33444;ADRIANO DO ESPORTE;1;PMN;PMN
109;125;Deputado Estadual;44027;PROFESSOR CARDOSO NETO;1;UNIÃO;UNIÃO
109;125;Deputado Estadual;44123;TONY BRITO;2;UNIÃO;UNIÃO
109;125;Deputado Estadual;44333;HEITOR FÉRRER;1;UNIÃO;UNIÃO
109;125;Deputado Estadual;44447;ISABELLE MUNGUBA;1;UNIÃO;UNIÃO
109;125;Deputado Estadual;44567;MAGNOLIA ROCHA;2;UNIÃO;UNIÃO
109;125;Deputado Estadual;44777;FIRMO CAMURÇA;6;UNIÃO;UNIÃO
109;125;Deputado Estadual;44888;DR. OSCAR RODRIGUES;6;UNIÃO;UNIÃO
109;125;Deputado Estadual;45999;FERREIRA ARAGÃO;1;PSDB;(PSDB/CIDADANIA)
109;125;Deputado Estadual;50013;LÉO SURICATE;1;PSOL;(PSOL/REDE)
109;125;Deputado Estadual;50113;NESTOR BEZERRA;1;PSOL;(PSOL/REDE)
109;125;Deputado Estadual;50500;RENATO ROSENO;2;PSOL;(PSOL/REDE)
109;125;Deputado Estadual;55234;DR. LUCÍLVIO GIRÃO;1;PSD;PSD
109;125;Deputado Estadual;55555;GABRIELLA AGUIAR;1;PSD;PSD
109;125;Deputado Estadual;65013;PROFESSOR ANÍZIO;1;PC do B;(PT/PC do B/PV)
109;125;Deputado Estadual;70123;TOMAZ HOLANDA;8;AVANTE;AVANTE
109;125;Deputado Estadual;70345;MARQUINHO TIRADENTES;1;AVANTE;AVANTE
109;125;Deputado Estadual;11;LEGENDA PP;2;PP;PP
109;125;Deputado Estadual;12;LEGENDA PDT;1;PDT;PDT
109;125;Deputado Estadual;13;LEGENDA PT;9;PT;PT
109;125;Deputado Estadual;44;LEGENDA UNIÃO;2;UNIÃO;UNIÃO
109;125;Deputado Estadual;55;LEGENDA PSD;1;PSD;PSD
109;125;Deputado Estadual;70;LEGENDA AVANTE;1;AVANTE;AVANTE
109;125;Deputado Estadual;95;BRANCOS;13;;
109;125;Deputado Estadual;96;NULOS;11;;
109;126;Presidente;12;CIRO GOMES;13;PDT;PDT
109;126;Presidente;13;LULA;131;PT;(PT/PC do B/PV), SOLIDARIEDADE, (PSOL/REDE), PSB, AGIR, AVANTE, PROS
109;126;Presidente;15;SIMONE TEBET;2;MDB;MDB, (PSDB/CIDADANIA), PODE
109;126;Presidente;22;JAIR BOLSONARO;71;PL;PP, REPUBLICANOS, PL
109;126;Presidente;44;SORAYA THRONICKE;3;UNIÃO;UNIÃO
109;126;Presidente;95;BRANCOS;2;;
109;126;Presidente;96;NULOS;3;;
109;126;Governador;12;ROBERTO CLÁUDIO;19;PDT;PMN, PATRIOTA, AGIR, PMB, PDT, PSD, PSB, PSC, DC
109;126;Governador;13;ELMANO DE FREITAS;104;PT;(PT/PC do B/PV), PP, MDB, PRTB, (PSOL/REDE), SOLIDARIEDADE
109;126;Governador;44;CAPITÃO WAGNER;89;UNIÃO;PODE, AVANTE, PL, REPUBLICANOS, PTB, PROS, UNIÃO
109;126;Governador;95;BRANCOS;2;;
109;126;Governador;96;NULOS;11;;
109;126;Senador;131;CAMILO;135;PT;(PT/PC do B/PV), MDB, PRTB, (PSOL/REDE), SOLIDARIEDADE, PP
109;126;Senador;555;ERIKA AMORIM;9;PSD;PSB, AGIR, DC, PMB, PDT, PSD, PMN, PATRIOTA, PSC
109;126;Senador;700;KAMILA CARDOSO;62;AVANTE;AVANTE, UNIÃO, PTB, REPUBLICANOS, PROS, PL, PODE
109;126;Senador;95;BRANCOS;7;;
109;126;Senador;96;NULOS;12;;
109;126;Deputado Federal;1010;RONALDO MARTINS;2;REPUBLICANOS;REPUBLICANOS
109;126;Deputado Federal;1030;VERISSIMO FREITAS;1;REPUBLICANOS;REPUBLICANOS
109;126;Deputado Federal;1111;AJ ALBUQUERQUE;5;PP;PP
109;126;Deputado Federal;1212;LEÔNIDAS CRISTINO;5;PDT;PDT
109;126;Deputado Federal;1213;IDILVAN;7;PDT;PDT
109;126;Deputado Federal;1214;EDUARDO BISMARCK;9;PDT;PDT
109;126;Deputado Federal;1221;MAURO FILHO;1;PDT;PDT
109;126;Deputado Federal;1233;ROBÉRIO MONTEIRO;4;PDT;PDT
109;126;Deputado Federal;1234;ANDRÉ FIGUEIREDO;1;PDT;PDT
109;126;Deputado Federal;1277;ADAIL JR;2;PDT;PDT
109;126;Deputado Federal;1292;ENFERMEIRA ANA PAULA;2;PDT;PDT
109;126;Deputado Federal;1313;LUIZIANNE LINS;10;PT;(PT/PC do B/PV)
109;126;Deputado Federal;1322;GUIMARÃES DO PT;1;PT;(PT/PC do B/PV)
109;126;Deputado Federal;1331;LEDA VASCONCELOS;1;PT;(PT/PC do B/PV)
109;126;Deputado Federal;1516;ABRAÃO LUCAS;1;MDB;MDB
109;126;Deputado Federal;1533;EUNÍCIO;2;MDB;MDB
109;126;Deputado Federal;2201;DELEGADO CAVALCANTE;1;PL;PL
109;126;Deputado Federal;2210;CORONEL AGINALDO;3;PL;PL
109;126;Deputado Federal;2222;ANDRÉ FERNANDES;4;PL;PL
109;126;Deputado Federal;2233;GORETE PEREIRA;1;PL;PL
109;126;Deputado Federal;2277;DR JAZIEL;9;PL;PL
109;126;Deputado Federal;2288;PRISCILA COSTA;4;PL;PL
109;126;Deputado Federal;2299;MATHEUS NORONHA;5;PL;PL
109;126;Deputado Federal;4410;CARLOS MATOS;1;UNIÃO;UNIÃO
109;126;Deputado Federal;4433;DR. AGRIPINO MAGALHÃES;4;UNIÃO;UNIÃO
109;126;Deputado Federal;4444;HEITOR FREIRE;3;UNIÃO;UNIÃO
109;126;Deputado Federal;4445;DAMIÃO TENORIO;2;UNIÃO;UNIÃO
109;126;Deputado Federal;4447;DANILO FORTE;5;UNIÃO;UNIÃO
109;126;Deputado Federal;4456;DAYANY DO CAPITÃO;2;UNIÃO;UNIÃO
109;126;Deputado Federal;4477;FERNANDA PESSOA;7;UNIÃO;UNIÃO
109;126;Deputado Federal;4488;MOSES RODRIGUES;13;UNIÃO;UNIÃO
109;126;Deputado Federal;4490;SOLDADO NOELIO;2;UNIÃO;UNIÃO
109;126;Deputado Federal;5050;AILTON LOPES;1;PSOL;(PSOL/REDE)
109;126;Deputado Federal;5055;GABRIEL BIOLOGIA;1;PSOL;(PSOL/REDE)
109;126;Deputado Federal;5500;NAUMI AMORIM;1;PSD;PSD
109;126;Deputado Federal;5511;CÉLIO STUDART;4;PSD;PSD
109;126;Deputado Federal;5533;LUIZ GASTÃO;13;PSD;PSD
109;126;Deputado Federal;5555;DOMINGOS NETO;67;PSD;PSD
109;126;Deputado Federal;5566;KELVYA ALBUQUERQUE;2;PSD;PSD
109;126;Deputado Federal;5567;POETA GERALDO AMANCIO;1;PSD;PSD
109;126;Deputado Federal;5588;ELIANE BRAZ;2;PSD;PSD
109;126;Deputado Federal;6565;INÁCIO ARRUDA;1;PC do B;(PT/PC do B/PV)
109;126;Deputado Federal;11;LEGENDA PP;1;PP;PP
109;126;Deputado Federal;12;LEGENDA PDT;1;PDT;PDT
109;126;Deputado Federal;45;LEGENDA PSDB;1;PSDB;PSDB
109;126;Deputado Federal;95;BRANCOS;3;;
109;126;Deputado Federal;96;NULOS;6;;
109;126;Deputado Estadual;10000;APÓSTOLO LUIZ HENRIQUE;3;REPUBLICANOS;REPUBLICANOS
109;126;Deputado Estadual;10123;DAVID DURAND;1;REPUBLICANOS;REPUBLICANOS
109;126;Deputado Estadual;11000;JOÃO JAIME;1;PP;PP
109;126;Deputado Estadual;11111;ZEZINHO ALBUQUERQUE;3;PP;PP
109;126;Deputado Estadual;11113;ALMIR BIÉ;6;PP;PP
109;126;Deputado Estadual;11444;LEONARDO PINHEIRO;6;PP;PP
109;126;Deputado Estadual;11555;FÁTIMA COSTA;1;PP;PP
109;126;Deputado Estadual;12000;EVANDRO LEITÃO;3;PDT;PDT
109;126;Deputado Estadual;12111;ANTONIO HENRIQUE;1;PDT;PDT
109;126;Deputado Estadual;12127;HELAINE COELHO;38;PDT;PDT
109;126;Deputado Estadual;12444;JEOVÁ MOTA;1;PDT;PDT
109;126;Deputado Estadual;12456;ROMEU ALDIGUERI;1;PDT;PDT
109;126;Deputado Estadual;12789;ALESSANDRA SABINO;1;PDT;PDT
109;126;Deputado Estadual;13123;MISSIAS DO MST;1;PT;(PT/PC do B/PV)
109;126;Deputado Estadual;13131;MARI LACERDA;1;PT;(PT/PC do B/PV)
109;126;Deputado Estadual;13132;ACRISIO SENA;4;PT;(PT/PC do B/PV)
109;126;Deputado Estadual;13234;GUILHERME SAMPAIO;1;PT;(PT/PC do B/PV)
109;126;Deputado Estadual;13333;MOISES BRAZ;2;PT;(PT/PC do B/PV)
109;126;Deputado Estadual;13777;NIZO;1;PT;(PT/PC do B/PV)
109;126;Deputado Estadual;13789;JULINHO;11;PT;(PT/PC do B/PV)
109;126;Deputado Estadual;15115;CARLOS BANDEIRA;1;MDB;MDB
109;126;Deputado Estadual;15120;JACQUELINE GOUVEIA;1;MDB;MDB
109;126;Deputado Estadual;15123;AUDIC MOTA;2;MDB;MDB
109;126;Deputado Estadual;15151;LEONARDO ARAÚJO;1;MDB;MDB
109;126;Deputado Estadual;15888;AGENOR NETO;2;MDB;MDB
109;126;Deputado Estadual;22010;BEZERRA DE MENESES;1;PL;PL
109;126;Deputado Estadual;22022;CARMELO NETO;3;PL;PL
109;126;Deputado Estadual;22111;PEDRO MATOS;2;PL;PL
109;126;Deputado Estadual;22380;DUDU DIÓGENES;1;PL;PL
109;126;Deputado Estadual;22555;MARTA GONÇALVES;47;PL;PL
109;126;Deputado Estadual;22722;PAULO BATTISTI;1;PL;PL
109;126;Deputado Estadual;22777;DRA SILVANA;9;PL;PL
109;126;Deputado Estadual;22999;QUEIROZ DO POVO;1;PL;PL
109;126;Deputado Estadual;23123;LUANA RIBEIRO;1;CIDADANIA;(PSDB/CIDADANIA)
109;126;Deputado Estadual;23192;MARTINHA - A SAÚDE RESISTE;1;CIDADANIA;(PSDB/CIDADANIA)
109;126;Deputado Estadual;30000;DR. ISAQUE RABELO;1;NOVO;NOVO
109;126;Deputado Estadual;33000;GABRIEL SABOIA;1;PMN;PMN
109;126;Deputado Estadual;44027;PROFESSOR CARDOSO NETO;2;UNIÃO;UNIÃO
109;126;Deputado Estadual;44190;SARGENTO REGINAURO;1;UNIÃO;UNIÃO
109;126;Deputado Estadual;44567;MAGNOLIA ROCHA;2;UNIÃO;UNIÃO
109;126;Deputado Estadual;44777;FIRMO CAMURÇA;6;UNIÃO;UNIÃO
109;126;Deputado Estadual;44888;DR. OSCAR RODRIGUES;9;UNIÃO;UNIÃO
109;126;Deputado Estadual;45000;JORGE PINHEIRO;1;PSDB;(PSDB/CIDADANIA)
109;126;Deputado Estadual;50777;ADRIANA GERONIMO;1;PSOL;(PSOL/REDE)
109;126;Deputado Estadual;55234;DR. LUCÍLVIO GIRÃO;1;PSD;PSD
109;126;Deputado Estadual;55345;TIÃO SIMPATIA;1;PSD;PSD
109;126;Deputado Estadual;55555;GABRIELLA AGUIAR;1;PSD;PSD
109;126;Deputado Estadual;55888;KEIVIA DIAS;2;PSD;PSD
109;126;Deputado Estadual;65013;PROFESSOR ANÍZIO;1;PC do B;(PT/PC do B/PV)
109;126;Deputado Estadual;65234;CACIKA IRÊ;1;PC do B;(PT/PC do B/PV)
109;126;Deputado Estadual;70000;TAM DE OLIVEIRA;1;AVANTE;AVANTE
109;126;Deputado Estadual;70123;TOMAZ HOLANDA;10;AVANTE;AVANTE
109;126;Deputado Estadual;12;LEGENDA PDT;2;PDT;PDT
109;126;Deputado Estadual;13;LEGENDA PT;5;PT;PT
109;126;Deputado Estadual;22;LEGENDA PL;1;PL;PL
109;126;Deputado Estadual;44;LEGENDA UNIÃO;2;UNIÃO;UNIÃO
109;126;Deputado Estadual;45;LEGENDA PSDB;1;PSDB;PSDB
109;126;Deputado Estadual;55;LEGENDA PSD;1;PSD;PSD
109;126;Deputado Estadual;70;LEGENDA AVANTE;1;AVANTE;AVANTE
109;126;Deputado Estadual;95;BRANCOS;3;;
109;126;Deputado Estadual;96;NULOS;6;;
109;127;Presidente;12;CIRO GOMES;13;PDT;PDT
109;127;Presidente;13;LULA;113;PT;(PT/PC do B/PV), SOLIDARIEDADE, (PSOL/REDE), PSB, AGIR, AVANTE, PROS
109;127;Presidente;15;SIMONE TEBET;2;MDB;MDB, (PSDB/CIDADANIA), PODE
109;127;Presidente;22;JAIR BOLSONARO;70;PL;PP, REPUBLICANOS, PL
109;127;Presidente;30;FELIPE D'AVILA;1;NOVO;NOVO
109;127;Presidente;95;BRANCOS;3;;
109;127;Presidente;96;NULOS;3;;
109;127;Governador;12;ROBERTO CLÁUDIO;14;PDT;PMN, PATRIOTA, AGIR, PMB, PDT, PSD, PSB, PSC, DC
109;127;Governador;13;ELMANO DE FREITAS;80;PT;(PT/PC do B/PV), PP, MDB, PRTB, (PSOL/REDE), SOLIDARIEDADE
109;127;Governador;44;CAPITÃO WAGNER;95;UNIÃO;PODE, AVANTE, PL, REPUBLICANOS, PTB, PROS, UNIÃO
109;127;Governador;80;SERLEY LEAL;1;UP;UP
109;127;Governador;95;BRANCOS;6;;
109;127;Governador;96;NULOS;9;;
109;127;Senador;131;CAMILO;108;PT;(PT/PC do B/PV), MDB, PRTB, (PSOL/REDE), SOLIDARIEDADE, PP
109;127;Senador;555;ERIKA AMORIM;1;PSD;PSB, AGIR, DC, PMB, PDT, PSD, PMN, PATRIOTA, PSC
109;127;Senador;700;KAMILA CARDOSO;66;AVANTE;AVANTE, UNIÃO, PTB, REPUBLICANOS, PROS, PL, PODE
109;127;Senador;95;BRANCOS;15;;
109;127;Senador;96;NULOS;15;;
109;127;Deputado Federal;1000;BISPA VANESSA LIMA;1;REPUBLICANOS;REPUBLICANOS
109;127;Deputado Federal;1010;RONALDO MARTINS;2;REPUBLICANOS;REPUBLICANOS
109;127;Deputado Federal;1023;PASTOR ABRAÃO;1;REPUBLICANOS;REPUBLICANOS
109;127;Deputado Federal;1123;TARSO MAGNO;1;PP;PP
109;127;Deputado Federal;1213;IDILVAN;11;PDT;PDT
109;127;Deputado Federal;1214;EDUARDO BISMARCK;12;PDT;PDT
109;127;Deputado Federal;1221;MAURO FILHO;1;PDT;PDT
109;127;Deputado Federal;1233;ROBÉRIO MONTEIRO;1;PDT;PDT
109;127;Deputado Federal;1234;ANDRÉ FIGUEIREDO;1;PDT;PDT
109;127;Deputado Federal;1277;ADAIL JR;3;PDT;PDT
109;127;Deputado Federal;1292;ENFERMEIRA ANA PAULA;1;PDT;PDT
109;127;Deputado Federal;1313;LUIZIANNE LINS;5;PT;(PT/PC do B/PV)
109;127;Deputado Federal;1322;GUIMARÃES DO PT;2;PT;(PT/PC do B/PV)
109;127;Deputado Federal;1522;NELINHO;1;MDB;MDB
109;127;Deputado Federal;1533;EUNÍCIO;6;MDB;MDB
109;127;Deputado Federal;2200;DRA. MAYRA PINHEIRO;1;PL;PL
109;127;Deputado Federal;2201;DELEGADO CAVALCANTE;1;PL;PL
109;127;Deputado Federal;2210;CORONEL AGINALDO;2;PL;PL
109;127;Deputado Federal;2222;ANDRÉ FERNANDES;7;PL;PL
109;127;Deputado Federal;2233;GORETE PEREIRA;1;PL;PL
109;127;Deputado Federal;2255;JÚNIOR MANO;3;PL;PL
109;127;Deputado Federal;2277;DR JAZIEL;8;PL;PL
109;127;Deputado Federal;2288;PRISCILA COSTA;2;PL;PL
109;127;Deputado Federal;2299;MATHEUS NORONHA;11;PL;PL
109;127;Deputado Federal;3000;SAMUEL LIMA;1;NOVO;NOVO
109;127;Deputado Federal;4410;CARLOS MATOS;1;UNIÃO;UNIÃO
109;127;Deputado Federal;4411;VANDERLAN ALVES;1;UNIÃO;UNIÃO
109;127;Deputado Federal;4433;DR. AGRIPINO MAGALHÃES;2;UNIÃO;UNIÃO
109;127;Deputado Federal;4444;HEITOR FREIRE;2;UNIÃO;UNIÃO
109;127;Deputado Federal;4445;DAMIÃO TENORIO;3;UNIÃO;UNIÃO
109;127;Deputado Federal;4447;DANILO FORTE;5;UNIÃO;UNIÃO
109;127;Deputado Federal;4455;VAIDON OLIVEIRA;1;UNIÃO;UNIÃO
109;127;Deputado Federal;4477;FERNANDA PESSOA;3;UNIÃO;UNIÃO
109;127;Deputado Federal;4488;MOSES RODRIGUES;10;UNIÃO;UNIÃO
109;127;Deputado Federal;4490;SOLDADO NOELIO;1;UNIÃO;UNIÃO
109;127;Deputado Federal;5055;GABRIEL BIOLOGIA;1;PSOL;(PSOL/REDE)
109;127;Deputado Federal;5522;MARCOS LIMA;1;PSD;PSD
109;127;Deputado Federal;5533;LUIZ GASTÃO;9;PSD;PSD
109;127;Deputado Federal;5555;DOMINGOS NETO;57;PSD;PSD
109;127;Deputado Federal;6565;INÁCIO ARRUDA;1;PC do B;(PT/PC do B/PV)
109;127;Deputado Federal;7040;CHICO ANTÔNIO;1;AVANTE;AVANTE
109;127;Deputado Federal;7069;DR CIRO;1;AVANTE;AVANTE
109;127;Deputado Federal;12;LEGENDA PDT;2;PDT;PDT
109;127;Deputado Federal;13;LEGENDA PT;1;PT;PT
109;127;Deputado Federal;44;LEGENDA UNIÃO;1;UNIÃO;UNIÃO
109;127;Deputado Federal;65;LEGENDA PC do B;1;PC do B;PC do B
109;127;Deputado Federal;95;BRANCOS;7;;
109;127;Deputado Federal;96;NULOS;7;;
109;127;Deputado Estadual;10000;APÓSTOLO LUIZ HENRIQUE;3;REPUBLICANOS;REPUBLICANOS
109;127;Deputado Estadual;10123;DAVID DURAND;2;REPUBLICANOS;REPUBLICANOS
109;127;Deputado Estadual;11111;ZEZINHO ALBUQUERQUE;2;PP;PP
109;127;Deputado Estadual;11113;ALMIR BIÉ;10;PP;PP
109;127;Deputado Estadual;11444;LEONARDO PINHEIRO;2;PP;PP
109;127;Deputado Estadual;11999;MOÉSIO LOIOLA;1;PP;PP
109;127;Deputado Estadual;12111;ANTONIO HENRIQUE;3;PDT;PDT
109;127;Deputado Estadual;12114;GUILHERME LANDIM;1;PDT;PDT
109;127;Deputado Estadual;12123;CLÁUDIO PINHO;4;PDT;PDT
109;127;Deputado Estadual;12127;HELAINE COELHO;26;PDT;PDT
109;127;Deputado Estadual;13132;ACRISIO SENA;5;PT;(PT/PC do B/PV)
109;127;Deputado Estadual;13333;MOISES BRAZ;3;PT;(PT/PC do B/PV)
109;127;Deputado Estadual;13789;JULINHO;8;PT;(PT/PC do B/PV)
109;127;Deputado Estadual;15123;AUDIC MOTA;1;MDB;MDB
109;127;Deputado Estadual;15888;AGENOR NETO;7;MDB;MDB
109;127;Deputado Estadual;22000;DR EDMAR FERNADES;1;PL;PL
109;127;Deputado Estadual;22010;BEZERRA DE MENESES;2;PL;PL
109;127;Deputado Estadual;22022;CARMELO NETO;2;PL;PL
109;127;Deputado Estadual;22222;PR.ALCIDES FERNANDES;1;PL;PL
109;127;Deputado Estadual;22444;PERPÉTUA AGUIAR;1;PL;PL
109;127;Deputado Estadual;22555;MARTA GONÇALVES;50;PL;PL
109;127;Deputado Estadual;22777;DRA SILVANA;7;PL;PL
109;127;Deputado Estadual;30000;DR. ISAQUE RABELO;2;NOVO;NOVO
109;127;Deputado Estadual;33700;DENIS BRITO;1;PMN;PMN
109;127;Deputado Estadual;43222;REGINALDO CASTRO;1;PV;(PT/PC do B/PV)
109;127;Deputado Estadual;43640;WALTER CAVALCANTE;1;PV;(PT/PC do B/PV)
109;127;Deputado Estadual;44111;FELIPE MOTA;1;UNIÃO;UNIÃO
109;127;Deputado Estadual;44321;CAMILA MOTA;1;UNIÃO;UNIÃO
109;127;Deputado Estadual;44444;ENEAS GOES;1;UNIÃO;UNIÃO
109;127;Deputado Estadual;44567;MAGNOLIA ROCHA;4;UNIÃO;UNIÃO
109;127;Deputado Estadual;44777;FIRMO CAMURÇA;1;UNIÃO;UNIÃO
109;127;Deputado Estadual;44888;DR. OSCAR RODRIGUES;10;UNIÃO;UNIÃO
109;127;Deputado Estadual;45000;JORGE PINHEIRO;3;PSDB;(PSDB/CIDADANIA)
109;127;Deputado Estadual;45123;EMILIA PESSOA;1;PSDB;(PSDB/CIDADANIA)
109;127;Deputado Estadual;45333;DIEGO BARRETO;2;PSDB;(PSDB/CIDADANIA)
109;127;Deputado Estadual;45777;MARIA DO POVO;1;PSDB;(PSDB/CIDADANIA)
109;127;Deputado Estadual;50500;RENATO ROSENO;1;PSOL;(PSOL/REDE)
109;127;Deputado Estadual;70000;TAM DE OLIVEIRA;1;AVANTE;AVANTE
109;127;Deputado Estadual;70123;TOMAZ HOLANDA;8;AVANTE;AVANTE
109;127;Deputado Estadual;70222;STUART CASTRO;2;AVANTE;AVANTE
109;127;Deputado Estadual;12;LEGENDA PDT;1;PDT;PDT
109;127;Deputado Estadual;13;LEGENDA PT;4;PT;PT
109;127;Deputado Estadual;22;LEGENDA PL;1;PL;PL
109;127;Deputado Estadual;44;LEGENDA UNIÃO;2;UNIÃO;UNIÃO
109;127;Deputado Estadual;70;LEGENDA AVANTE;1;AVANTE;AVANTE
109;127;Deputado Estadual;95;BRANCOS;6;;
109;127;Deputado Estadual;96;NULOS;6;;
109;128;Presidente;12;CIRO GOMES;15;PDT;PDT
109;128;Presidente;13;LULA;123;PT;(PT/PC do B/PV), SOLIDARIEDADE, (PSOL/REDE), PSB, AGIR, AVANTE, PROS
109;128;Presidente;15;SIMONE TEBET;3;MDB;MDB, (PSDB/CIDADANIA), PODE
109;128;Presidente;22;JAIR BOLSONARO;69;PL;PP, REPUBLICANOS, PL
109;128;Presidente;44;SORAYA THRONICKE;2;UNIÃO;UNIÃO
109;128;Presidente;95;BRANCOS;1;;
109;128;Presidente;96;NULOS;5;;
109;128;Governador;12;ROBERTO CLÁUDIO;23;PDT;PMN, PATRIOTA, AGIR, PMB, PDT, PSD, PSB, PSC, DC
109;128;Governador;13;ELMANO DE FREITAS;90;PT;(PT/PC do B/PV), PP, MDB, PRTB, (PSOL/REDE), SOLIDARIEDADE
109;128;Governador;44;CAPITÃO WAGNER;85;UNIÃO;PODE, AVANTE, PL, REPUBLICANOS, PTB, PROS, UNIÃO
109;128;Governador;95;BRANCOS;5;;
109;128;Governador;96;NULOS;15;;
109;128;Senador;131;CAMILO;118;PT;(PT/PC do B/PV), MDB, PRTB, (PSOL/REDE), SOLIDARIEDADE, PP
109;128;Senador;160;CARLOS SILVA;1;PSTU;PSTU
109;128;Senador;555;ERIKA AMORIM;5;PSD;PSB, AGIR, DC, PMB, PDT, PSD, PMN, PATRIOTA, PSC
109;128;Senador;700;KAMILA CARDOSO;63;AVANTE;AVANTE, UNIÃO, PTB, REPUBLICANOS, PROS, PL, PODE
109;128;Senador;95;BRANCOS;9;;
109;128;Senador;96;NULOS;22;;
109;128;Deputado Federal;1000;BISPA VANESSA LIMA;2;REPUBLICANOS;REPUBLICANOS
109;128;Deputado Federal;1010;RONALDO MARTINS;5;REPUBLICANOS;REPUBLICANOS
109;128;Deputado Federal;1016;PR RODRIGO MATOS;1;REPUBLICANOS;REPUBLICANOS
109;128;Deputado Federal;1111;AJ ALBUQUERQUE;3;PP;PP
109;128;Deputado Federal;1112;GOMES FARIAS;1;PP;PP
109;128;Deputado Federal;1212;LEÔNIDAS CRISTINO;1;PDT;PDT
109;128;Deputado Federal;1213;IDILVAN;5;PDT;PDT
109;128;Deputado Federal;1214;EDUARDO BISMARCK;12;PDT;PDT
109;128;Deputado Federal;1233;ROBÉRIO MONTEIRO;2;PDT;PDT
109;128;Deputado Federal;1251;ARNON BEZERRA;1;PDT;PDT
109;128;Deputado Federal;1255;CLERYNEUMA;1;PDT;PDT
109;128;Deputado Federal;1277;ADAIL JR;1;PDT;PDT
109;128;Deputado Federal;1292;ENFERMEIRA ANA PAULA;3;PDT;PDT
109;128;Deputado Federal;1313;LUIZIANNE LINS;6;PT;(PT/PC do B/PV)
109;128;Deputado Federal;1322;GUIMARÃES DO PT;3;PT;(PT/PC do B/PV)
109;128;Deputado Federal;1414;BRUNO HOLANDA;1;PTB;PTB
109;128;Deputado Federal;1444;CABO JORDÂNIA;1;PTB;PTB
109;128;Deputado Federal;1522;NELINHO;1;MDB;MDB
109;128;Deputado Federal;1533;EUNÍCIO;2;MDB;MDB
109;128;Deputado Federal;2200;DRA. MAYRA PINHEIRO;1;PL;PL
109;128;Deputado Federal;2210;CORONEL AGINALDO;2;PL;PL
109;128;Deputado Federal;2222;ANDRÉ FERNANDES;6;PL;PL
109;128;Deputado Federal;2277;DR JAZIEL;5;PL;PL
109;128;Deputado Federal;2288;PRISCILA COSTA;4;PL;PL
109;128;Deputado Federal;2299;MATHEUS NORONHA;3;PL;PL
109;128;Deputado Federal;4000;DENIS BEZERRA;2;PSB;PSB
109;128;Deputado Federal;4410;CARLOS MATOS;1;UNIÃO;UNIÃO
109;128;Deputado Federal;4422;JULIERME SENA;2;UNIÃO;UNIÃO
109;128;Deputado Federal;4444;HEITOR FREIRE;5;UNIÃO;UNIÃO
109;128;Deputado Federal;4445;DAMIÃO TENORIO;6;UNIÃO;UNIÃO
109;128;Deputado Federal;4447;DANILO FORTE;10;UNIÃO;UNIÃO
109;128;Deputado Federal;4456;DAYANY DO CAPITÃO;2;UNIÃO;UNIÃO
109;128;Deputado Federal;4477;FERNANDA PESSOA;10;UNIÃO;UNIÃO
109;128;Deputado Federal;4488;MOSES RODRIGUES;8;UNIÃO;UNIÃO
109;128;Deputado Federal;5055;GABRIEL BIOLOGIA;2;PSOL;(PSOL/REDE)
109;128;Deputado Federal;5500;NAUMI AMORIM;1;PSD;PSD
109;128;Deputado Federal;5511;CÉLIO STUDART;3;PSD;PSD
109;128;Deputado Federal;5533;LUIZ GASTÃO;6;PSD;PSD
109;128;Deputado Federal;5555;DOMINGOS NETO;64;PSD;PSD
109;128;Deputado Federal;5588;ELIANE BRAZ;1;PSD;PSD
109;128;Deputado Federal;6565;INÁCIO ARRUDA;2;PC do B;(PT/PC do B/PV)
109;128;Deputado Federal;9090;ADILSON PINHO;1;PROS;PROS
109;128;Deputado Federal;13;LEGENDA PT;2;PT;PT
109;128;Deputado Federal;22;LEGENDA PL;2;PL;PL
109;128;Deputado Federal;44;LEGENDA UNIÃO;1;UNIÃO;UNIÃO
109;128;Deputado Federal;95;BRANCOS;6;;
109;128;Deputado Federal;96;NULOS;8;;
109;128;Deputado Estadual;10000;APÓSTOLO LUIZ HENRIQUE;2;REPUBLICANOS;REPUBLICANOS
109;128;Deputado Estadual;10123;DAVID DURAND;3;REPUBLICANOS;REPUBLICANOS
109;128;Deputado Estadual;10124;DUQUINHA;1;REPUBLICANOS;REPUBLICANOS
109;128;Deputado Estadual;11111;ZEZINHO ALBUQUERQUE;3;PP;PP
109;128;Deputado Estadual;11113;ALMIR BIÉ;3;PP;PP
109;128;Deputado Estadual;11123;ROSÁLIO DANIEL;1;PP;PP
109;128;Deputado Estadual;11444;LEONARDO PINHEIRO;9;PP;PP
109;128;Deputado Estadual;12000;EVANDRO LEITÃO;1;PDT;PDT
109;128;Deputado Estadual;12123;CLÁUDIO PINHO;4;PDT;PDT
109;128;Deputado Estadual;12127;HELAINE COELHO;39;PDT;PDT
109;128;Deputado Estadual;12222;OSMAR BAQUIT;1;PDT;PDT
109;128;Deputado Estadual;12333;MARCOS SOBREIRA;1;PDT;PDT
109;128;Deputado Estadual;13132;ACRISIO SENA;5;PT;(PT/PC do B/PV)
109;128;Deputado Estadual;13333;MOISES BRAZ;3;PT;(PT/PC do B/PV)
109;128;Deputado Estadual;13456;DE ASSIS DINIZ;1;PT;(PT/PC do B/PV)
109;128;Deputado Estadual;13555;JULIANA LUCENA;1;PT;(PT/PC do B/PV)
109;128;Deputado Estadual;13777;NIZO;1;PT;(PT/PC do B/PV)
109;128;Deputado Estadual;13789;JULINHO;5;PT;(PT/PC do B/PV)
109;128;Deputado Estadual;15222;DAVI DE RAIMUNDÃO;1;MDB;MDB
109;128;Deputado Estadual;15888;AGENOR NETO;4;MDB;MDB
109;128;Deputado Estadual;22010;BEZERRA DE MENESES;2;PL;PL
109;128;Deputado Estadual;22111;PEDRO MATOS;1;PL;PL
109;128;Deputado Estadual;22222;PR.ALCIDES FERNANDES;3;PL;PL
109;128;Deputado Estadual;22380;DUDU DIÓGENES;1;PL;PL
109;128;Deputado Estadual;22555;MARTA GONÇALVES;42;PL;PL
109;128;Deputado Estadual;22777;DRA SILVANA;6;PL;PL
109;128;Deputado Estadual;23190;TENENTE DANTAS;1;CIDADANIA;(PSDB/CIDADANIA)
109;128;Deputado Estadual;23192;MARTINHA - A SAÚDE RESISTE;2;CIDADANIA;(PSDB/CIDADANIA)
109;128;Deputado Estadual;33123;ALCY PINHEIRO;1;PMN;PMN
109;128;Deputado Estadual;44123;TONY BRITO;1;UNIÃO;UNIÃO
109;128;Deputado Estadual;44190;SARGENTO REGINAURO;3;UNIÃO;UNIÃO
109;128;Deputado Estadual;44333;HEITOR FÉRRER;1;UNIÃO;UNIÃO
109;128;Deputado Estadual;44444;ENEAS GOES;1;UNIÃO;UNIÃO
109;128;Deputado Estadual;44447;ISABELLE MUNGUBA;2;UNIÃO;UNIÃO
109;128;Deputado Estadual;44543;ANDERSON FELÍCIO;1;UNIÃO;UNIÃO
109;128;Deputado Estadual;44567;MAGNOLIA ROCHA;7;UNIÃO;UNIÃO
109;128;Deputado Estadual;44777;FIRMO CAMURÇA;4;UNIÃO;UNIÃO
109;128;Deputado Estadual;44888;DR. OSCAR RODRIGUES;6;UNIÃO;UNIÃO
109;128;Deputado Estadual;50013;LÉO SURICATE;1;PSOL;(PSOL/REDE)
109;128;Deputado Estadual;50500;RENATO ROSENO;1;PSOL;(PSOL/REDE)
109;128;Deputado Estadual;50777;ADRIANA GERONIMO;1;PSOL;(PSOL/REDE)
109;128;Deputado Estadual;55011;APOLLO VICZ;1;PSD;PSD
109;128;Deputado Estadual;55234;DR. LUCÍLVIO GIRÃO;1;PSD;PSD
109;128;Deputado Estadual;55555;GABRIELLA AGUIAR;1;PSD;PSD
109;128;Deputado Estadual;55888;KEIVIA DIAS;1;PSD;PSD
109;128;Deputado Estadual;65013;PROFESSOR ANÍZIO;1;PC do B;(PT/PC do B/PV)
109;128;Deputado Estadual;65234;CACIKA IRÊ;1;PC do B;(PT/PC do B/PV)
109;128;Deputado Estadual;70123;TOMAZ HOLANDA;7;AVANTE;AVANTE
109;128;Deputado Estadual;12;LEGENDA PDT;3;PDT;PDT
109;128;Deputado Estadual;13;LEGENDA PT;7;PT;PT
109;128;Deputado Estadual;14;LEGENDA PTB;1;PTB;PTB
109;128;Deputado Estadual;22;LEGENDA PL;1;PL;PL
109;128;Deputado Estadual;44;LEGENDA UNIÃO;3;UNIÃO;UNIÃO
109;128;Deputado Estadual;95;BRANCOS;6;;
109;128;Deputado Estadual;96;NULOS;7;;
109;129;Presidente;12;CIRO GOMES;14;PDT;PDT
109;129;Presidente;13;LULA;120;PT;(PT/PC do B/PV), SOLIDARIEDADE, (PSOL/REDE), PSB, AGIR, AVANTE, PROS
109;129;Presidente;15;SIMONE TEBET;2;MDB;MDB, (PSDB/CIDADANIA), PODE
109;129;Presidente;22;JAIR BOLSONARO;74;PL;PP, REPUBLICANOS, PL
109;129;Presidente;30;FELIPE D'AVILA;1;NOVO;NOVO
109;129;Presidente;44;SORAYA THRONICKE;1;UNIÃO;UNIÃO
109;129;Presidente;95;BRANCOS;1;;
109;129;Presidente;96;NULOS;5;;
109;129;Governador;12;ROBERTO CLÁUDIO;18;PDT;PMN, PATRIOTA, AGIR, PMB, PDT, PSD, PSB, PSC, DC
109;129;Governador;13;ELMANO DE FREITAS;99;PT;(PT/PC do B/PV), PP, MDB, PRTB, (PSOL/REDE), SOLIDARIEDADE
109;129;Governador;16;ZÉ BATISTA;1;PSTU;PSTU
109;129;Governador;44;CAPITÃO WAGNER;82;UNIÃO;PODE, AVANTE, PL, REPUBLICANOS, PTB, PROS, UNIÃO
109;129;Governador;95;BRANCOS;5;;
109;129;Governador;96;NULOS;13;;
109;129;Senador;131;CAMILO;116;PT;(PT/PC do B/PV), MDB, PRTB, (PSOL/REDE), SOLIDARIEDADE, PP
109;129;Senador;555;ERIKA AMORIM;7;PSD;PSB, AGIR, DC, PMB, PDT, PSD, PMN, PATRIOTA, PSC
109;129;Senador;700;KAMILA CARDOSO;64;AVANTE;AVANTE, UNIÃO, PTB, REPUBLICANOS, PROS, PL, PODE
109;129;Senador;95;BRANCOS;8;;
109;129;Senador;96;NULOS;23;;
109;129;Deputado Federal;1010;RONALDO MARTINS;2;REPUBLICANOS;REPUBLICANOS
109;129;Deputado Federal;1023;PASTOR ABRAÃO;1;REPUBLICANOS;REPUBLICANOS
109;129;Deputado Federal;1111;AJ ALBUQUERQUE;2;PP;PP
109;129;Deputado Federal;1212;LEÔNIDAS CRISTINO;2;PDT;PDT
109;129;Deputado Federal;1213;IDILVAN;5;PDT;PDT
109;129;Deputado Federal;1214;EDUARDO BISMARCK;13;PDT;PDT
109;129;Deputado Federal;1233;ROBÉRIO MONTEIRO;2;PDT;PDT
109;129;Deputado Federal;1234;ANDRÉ FIGUEIREDO;1;PDT;PDT
109;129;Deputado Federal;1277;ADAIL JR;2;PDT;PDT
109;129;Deputado Federal;1292;ENFERMEIRA ANA PAULA;1;PDT;PDT
109;129;Deputado Federal;1311;LOURDINHA FELIX;1;PT;(PT/PC do B/PV)
109;129;Deputado Federal;1313;LUIZIANNE LINS;3;PT;(PT/PC do B/PV)
109;129;Deputado Federal;1322;GUIMARÃES DO PT;4;PT;(PT/PC do B/PV)
109;129;Deputado Federal;1500;ÉRICO JOVINO;1;MDB;MDB
109;129;Deputado Federal;1533;EUNÍCIO;6;MDB;MDB
109;129;Deputado Federal;2201;DELEGADO CAVALCANTE;1;PL;PL
109;129;Deputado Federal;2210;CORONEL AGINALDO;2;PL;PL
109;129;Deputado Federal;2211;YURY DO PAREDÃO;1;PL;PL
109;129;Deputado Federal;2222;ANDRÉ FERNANDES;8;PL;PL
109;129;Deputado Federal;2255;JÚNIOR MANO;2;PL;PL
109;129;Deputado Federal;2277;DR JAZIEL;8;PL;PL
109;129;Deputado Federal;2288;PRISCILA COSTA;4;PL;PL
109;129;Deputado Federal;2299;MATHEUS NORONHA;8;PL;PL
109;129;Deputado Federal;2323;MORONI;2;CIDADANIA;(PSDB/CIDADANIA)
109;129;Deputado Federal;3556;WILLIAM BORGES;1;PMB;PMB
109;129;Deputado Federal;4000;DENIS BEZERRA;1;PSB;PSB
109;129;Deputado Federal;4422;JULIERME SENA;2;UNIÃO;UNIÃO
109;129;Deputado Federal;4433;DR. AGRIPINO MAGALHÃES;4;UNIÃO;UNIÃO
109;129;Deputado Federal;4444;HEITOR FREIRE;1;UNIÃO;UNIÃO
109;129;Deputado Federal;4445;DAMIÃO TENORIO;1;UNIÃO;UNIÃO
109;129;Deputado Federal;4447;DANILO FORTE;6;UNIÃO;UNIÃO
109;129;Deputado Federal;4477;FERNANDA PESSOA;5;UNIÃO;UNIÃO
109;129;Deputado Federal;4488;MOSES RODRIGUES;10;UNIÃO;UNIÃO
109;129;Deputado Federal;4490;SOLDADO NOELIO;2;UNIÃO;UNIÃO
109;129;Deputado Federal;5013;ADELITA MONTEIRO;1;PSOL;(PSOL/REDE)
109;129;Deputado Federal;5055;GABRIEL BIOLOGIA;1;PSOL;(PSOL/REDE)
109;129;Deputado Federal;5511;CÉLIO STUDART;3;PSD;PSD
109;129;Deputado Federal;5522;MARCOS LIMA;1;PSD;PSD
109;129;Deputado Federal;5533;LUIZ GASTÃO;8;PSD;PSD
109;129;Deputado Federal;5555;DOMINGOS NETO;70;PSD;PSD
109;129;Deputado Federal;6565;INÁCIO ARRUDA;1;PC do B;(PT/PC do B/PV)
109;129;Deputado Federal;10;LEGENDA REPUBLICANOS;1;REPUBLICANOS;REPUBLICANOS
109;129;Deputado Federal;12;LEGENDA PDT;3;PDT;PDT
109;129;Deputado Federal;13;LEGENDA PT;1;PT;PT
109;129;Deputado Federal;14;LEGENDA PTB;1;PTB;PTB
109;129;Deputado Federal;44;LEGENDA UNIÃO;1;UNIÃO;UNIÃO
109;129;Deputado Federal;70;LEGENDA AVANTE;1;AVANTE;AVANTE
109;129;Deputado Federal;95;BRANCOS;5;;
109;129;Deputado Federal;96;NULOS;5;;
109;129;Deputado Estadual;10000;APÓSTOLO LUIZ HENRIQUE;3;REPUBLICANOS;REPUBLICANOS
109;129;Deputado Estadual;10123;DAVID DURAND;2;REPUBLICANOS;REPUBLICANOS
109;129;Deputado Estadual;10124;DUQUINHA;1;REPUBLICANOS;REPUBLICANOS
109;129;Deputado Estadual;11111;ZEZINHO ALBUQUERQUE;1;PP;PP
109;129;Deputado Estadual;11113;ALMIR BIÉ;4;PP;PP
109;129;Deputado Estadual;11444;LEONARDO PINHEIRO;6;PP;PP
109;129;Deputado Estadual;12123;CLÁUDIO PINHO;4;PDT;PDT
109;129;Deputado Estadual;12127;HELAINE COELHO;33;PDT;PDT
109;129;Deputado Estadual;13123;MISSIAS DO MST;1;PT;(PT/PC do B/PV)
109;129;Deputado Estadual;13132;ACRISIO SENA;4;PT;(PT/PC do B/PV)
109;129;Deputado Estadual;13333;MOISES BRAZ;4;PT;(PT/PC do B/PV)
109;129;Deputado Estadual;13555;JULIANA LUCENA;1;PT;(PT/PC do B/PV)
109;129;Deputado Estadual;13789;JULINHO;9;PT;(PT/PC do B/PV)
109;129;Deputado Estadual;15115;CARLOS BANDEIRA;1;MDB;MDB
109;129;Deputado Estadual;15888;AGENOR NETO;4;MDB;MDB
109;129;Deputado Estadual;22010;BEZERRA DE MENESES;2;PL;PL
109;129;Deputado Estadual;22022;CARMELO NETO;2;PL;PL
109;129;Deputado Estadual;22222;PR.ALCIDES FERNANDES;1;PL;PL
109;129;Deputado Estadual;22555;MARTA GONÇALVES;46;PL;PL
109;129;Deputado Estadual;22777;DRA SILVANA;14;PL;PL
109;129;Deputado Estadual;23333;DOUTOR LEITÃO;1;CIDADANIA;(PSDB/CIDADANIA)
109;129;Deputado Estadual;44100;RAFAELA SINÉSIO;1;UNIÃO;UNIÃO
109;129;Deputado Estadual;44111;FELIPE MOTA;1;UNIÃO;UNIÃO
109;129;Deputado Estadual;44190;SARGENTO REGINAURO;2;UNIÃO;UNIÃO
109;129;Deputado Estadual;44567;MAGNOLIA ROCHA;5;UNIÃO;UNIÃO
109;129;Deputado Estadual;44777;FIRMO CAMURÇA;3;UNIÃO;UNIÃO
109;129;Deputado Estadual;44888;DR. OSCAR RODRIGUES;7;UNIÃO;UNIÃO
109;129;Deputado Estadual;50444;ZULEIDE QUEIROZ;1;PSOL;(PSOL/REDE)
109;129;Deputado Estadual;50777;ADRIANA GERONIMO;1;PSOL;(PSOL/REDE)
109;129;Deputado Estadual;55011;APOLLO VICZ;2;PSD;PSD
109;129;Deputado Estadual;55234;DR. LUCÍLVIO GIRÃO;2;PSD;PSD
109;129;Deputado Estadual;55555;GABRIELLA AGUIAR;1;PSD;PSD
109;129;Deputado Estadual;55888;KEIVIA DIAS;2;PSD;PSD
109;129;Deputado Estadual;70007;DANILO LOPES;1;AVANTE;AVANTE
109;129;Deputado Estadual;70123;TOMAZ HOLANDA;9;AVANTE;AVANTE
109;129;Deputado Estadual;70190;SARGENTO DOUGLAS;1;AVANTE;AVANTE
109;129;Deputado Estadual;70222;STUART CASTRO;2;AVANTE;AVANTE
109;129;Deputado Estadual;70456;DUCA;1;AVANTE;AVANTE
109;129;Deputado Estadual;11;LEGENDA PP;1;PP;PP
109;129;Deputado Estadual;12;LEGENDA PDT;2;PDT;PDT
109;129;Deputado Estadual;13;LEGENDA PT;5;PT;PT
109;129;Deputado Estadual;14;LEGENDA PTB;1;PTB;PTB
109;129;Deputado Estadual;22;LEGENDA PL;3;PL;PL
109;129;Deputado Estadual;45;LEGENDA PSDB;1;PSDB;PSDB
109;129;Deputado Estadual;55;LEGENDA PSD;2;PSD;PSD
109;129;Deputado Estadual;70;LEGENDA AVANTE;2;AVANTE;AVANTE
109;129;Deputado Estadual;95;BRANCOS;7;;
109;129;Deputado Estadual;96;NULOS;8;;
109;130;Presidente;12;CIRO GOMES;18;PDT;PDT
109;130;Presidente;13;LULA;133;PT;(PT/PC do B/PV), SOLIDARIEDADE, (PSOL/REDE), PSB, AGIR, AVANTE, PROS
109;130;Presidente;15;SIMONE TEBET;1;MDB;MDB, (PSDB/CIDADANIA), PODE
109;130;Presidente;22;JAIR BOLSONARO;64;PL;PP, REPUBLICANOS, PL
109;130;Presidente;44;SORAYA THRONICKE;1;UNIÃO;UNIÃO
109;130;Presidente;95;BRANCOS;2;;
109;130;Presidente;96;NULOS;4;;
109;130;Governador;12;ROBERTO CLÁUDIO;20;PDT;PMN, PATRIOTA, AGIR, PMB, PDT, PSD, PSB, PSC, DC
109;130;Governador;13;ELMANO DE FREITAS;101;PT;(PT/PC do B/PV), PP, MDB, PRTB, (PSOL/REDE), SOLIDARIEDADE
109;130;Governador;44;CAPITÃO WAGNER;82;UNIÃO;PODE, AVANTE, PL, REPUBLICANOS, PTB, PROS, UNIÃO
109;130;Governador;95;BRANCOS;3;;
109;130;Governador;96;NULOS;17;;
109;130;Senador;131;CAMILO;129;PT;(PT/PC do B/PV), MDB, PRTB, (PSOL/REDE), SOLIDARIEDADE, PP
109;130;Senador;555;ERIKA AMORIM;7;PSD;PSB, AGIR, DC, PMB, PDT, PSD, PMN, PATRIOTA, PSC
109;130;Senador;700;KAMILA CARDOSO;59;AVANTE;AVANTE, UNIÃO, PTB, REPUBLICANOS, PROS, PL, PODE
109;130;Senador;95;BRANCOS;12;;
109;130;Senador;96;NULOS;16;;
109;130;Deputado Federal;1010;RONALDO MARTINS;4;REPUBLICANOS;REPUBLICANOS
109;130;Deputado Federal;1023;PASTOR ABRAÃO;1;REPUBLICANOS;REPUBLICANOS
109;130;Deputado Federal;1111;AJ ALBUQUERQUE;4;PP;PP
109;130;Deputado Federal;1213;IDILVAN;6;PDT;PDT
109;130;Deputado Federal;1214;EDUARDO BISMARCK;8;PDT;PDT
109;130;Deputado Federal;1221;MAURO FILHO;1;PDT;PDT
109;130;Deputado Federal;1233;ROBÉRIO MONTEIRO;2;PDT;PDT
109;130;Deputado Federal;1255;CLERYNEUMA;1;PDT;PDT
109;130;Deputado Federal;1277;ADAIL JR;2;PDT;PDT
109;130;Deputado Federal;1292;ENFERMEIRA ANA PAULA;1;PDT;PDT
109;130;Deputado Federal;1313;LUIZIANNE LINS;11;PT;(PT/PC do B/PV)
109;130;Deputado Federal;1322;GUIMARÃES DO PT;1;PT;(PT/PC do B/PV)
109;130;Deputado Federal;1333;JOSE AIRTON;1;PT;(PT/PC do B/PV)
109;130;Deputado Federal;1533;EUNÍCIO;7;MDB;MDB
109;130;Deputado Federal;2023;NANY FRANÇA;1;PSC;PSC
109;130;Deputado Federal;2100;EDIVANIA VIEIRA;1;PCB;PCB
109;130;Deputado Federal;2200;DRA. MAYRA PINHEIRO;2;PL;PL
109;130;Deputado Federal;2201;DELEGADO CAVALCANTE;2;PL;PL
109;130;Deputado Federal;2210;CORONEL AGINALDO;2;PL;PL
109;130;Deputado Federal;2222;ANDRÉ FERNANDES;12;PL;PL
109;130;Deputado Federal;2244;TADEU OLIVEIRA;1;PL;PL
109;130;Deputado Federal;2255;JÚNIOR MANO;3;PL;PL
109;130;Deputado Federal;2277;DR JAZIEL;5;PL;PL
109;130;Deputado Federal;2288;PRISCILA COSTA;3;PL;PL
109;130;Deputado Federal;2299;MATHEUS NORONHA;4;PL;PL
109;130;Deputado Federal;4000;DENIS BEZERRA;3;PSB;PSB
109;130;Deputado Federal;4433;DR. AGRIPINO MAGALHÃES;3;UNIÃO;UNIÃO
109;130;Deputado Federal;4445;DAMIÃO TENORIO;3;UNIÃO;UNIÃO
109;130;Deputado Federal;4447;DANILO FORTE;8;UNIÃO;UNIÃO
109;130;Deputado Federal;4456;DAYANY DO CAPITÃO;1;UNIÃO;UNIÃO
109;130;Deputado Federal;4477;FERNANDA PESSOA;4;UNIÃO;UNIÃO
109;130;Deputado Federal;4488;MOSES RODRIGUES;14;UNIÃO;UNIÃO
109;130;Deputado Federal;4567;DENÍSIO PINHEIRO;1;PSDB;(PSDB/CIDADANIA)
109;130;Deputado Federal;5005;ANNA KARINA VOZES FEMINISTAS;1;PSOL;(PSOL/REDE)
109;130;Deputado Federal;5013;ADELITA MONTEIRO;1;PSOL;(PSOL/REDE)
109;130;Deputado Federal;5055;GABRIEL BIOLOGIA;1;PSOL;(PSOL/REDE)
109;130;Deputado Federal;5511;CÉLIO STUDART;6;PSD;PSD
109;130;Deputado Federal;5533;LUIZ GASTÃO;9;PSD;PSD
109;130;Deputado Federal;5555;DOMINGOS NETO;65;PSD;PSD
109;130;Deputado Federal;5588;ELIANE BRAZ;1;PSD;PSD
109;130;Deputado Federal;6565;INÁCIO ARRUDA;1;PC do B;(PT/PC do B/PV)
109;130;Deputado Federal;13;LEGENDA PT;1;PT;PT
109;130;Deputado Federal;95;BRANCOS;8;;
109;130;Deputado Federal;96;NULOS;6;;
109;130;Deputado Estadual;10123;DAVID DURAND;2;REPUBLICANOS;REPUBLICANOS
109;130;Deputado Estadual;10680;VIVIANE GOMES;1;REPUBLICANOS;REPUBLICANOS
109;130;Deputado Estadual;11111;ZEZINHO ALBUQUERQUE;4;PP;PP
109;130;Deputado Estadual;11113;ALMIR BIÉ;6;PP;PP
109;130;Deputado Estadual;11444;LEONARDO PINHEIRO;5;PP;PP
109;130;Deputado Estadual;11999;MOÉSIO LOIOLA;1;PP;PP
109;130;Deputado Estadual;12123;CLÁUDIO PINHO;11;PDT;PDT
109;130;Deputado Estadual;12127;HELAINE COELHO;27;PDT;PDT
109;130;Deputado Estadual;12456;ROMEU ALDIGUERI;1;PDT;PDT
109;130;Deputado Estadual;12500;SALMITO;1;PDT;PDT
109;130;Deputado Estadual;12999;BRUNO PEDROSA;1;PDT;PDT
109;130;Deputado Estadual;13100;LILIANE;1;PT;(PT/PC do B/PV)
109;130;Deputado Estadual;13131;MARI LACERDA;1;PT;(PT/PC do B/PV)
109;130;Deputado Estadual;13132;ACRISIO SENA;9;PT;(PT/PC do B/PV)
109;130;Deputado Estadual;13333;MOISES BRAZ;1;PT;(PT/PC do B/PV)
109;130;Deputado Estadual;13456;DE ASSIS DINIZ;2;PT;(PT/PC do B/PV)
109;130;Deputado Estadual;13555;JULIANA LUCENA;2;PT;(PT/PC do B/PV)
109;130;Deputado Estadual;13777;NIZO;3;PT;(PT/PC do B/PV)
109;130;Deputado Estadual;13789;JULINHO;7;PT;(PT/PC do B/PV)
109;130;Deputado Estadual;15115;CARLOS BANDEIRA;1;MDB;MDB
109;130;Deputado Estadual;15123;AUDIC MOTA;1;MDB;MDB
109;130;Deputado Estadual;15888;AGENOR NETO;3;MDB;MDB
109;130;Deputado Estadual;22010;BEZERRA DE MENESES;1;PL;PL
109;130;Deputado Estadual;22022;CARMELO NETO;6;PL;PL
109;130;Deputado Estadual;22122;ARI COWBOY;1;PL;PL
109;130;Deputado Estadual;22222;PR.ALCIDES FERNANDES;2;PL;PL
109;130;Deputado Estadual;22555;MARTA GONÇALVES;42;PL;PL
109;130;Deputado Estadual;22722;PAULO BATTISTI;1;PL;PL
109;130;Deputado Estadual;22777;DRA SILVANA;11;PL;PL
109;130;Deputado Estadual;23192;MARTINHA - A SAÚDE RESISTE;1;CIDADANIA;(PSDB/CIDADANIA)
109;130;Deputado Estadual;23333;DOUTOR LEITÃO;1;CIDADANIA;(PSDB/CIDADANIA)
109;130;Deputado Estadual;44101;IVAN CABELEIREIRO;3;UNIÃO;UNIÃO
109;130;Deputado Estadual;44333;HEITOR FÉRRER;1;UNIÃO;UNIÃO
109;130;Deputado Estadual;44555;DR. ALOÍSIO;1;UNIÃO;UNIÃO
109;130;Deputado Estadual;44556;PRISCILA ROCHA;1;UNIÃO;UNIÃO
109;130;Deputado Estadual;44567;MAGNOLIA ROCHA;5;UNIÃO;UNIÃO
109;130;Deputado Estadual;44777;FIRMO CAMURÇA;3;UNIÃO;UNIÃO
109;130;Deputado Estadual;44888;DR. OSCAR RODRIGUES;7;UNIÃO;UNIÃO
109;130;Deputado Estadual;45555;VIANEY DO VALE;1;PSDB;(PSDB/CIDADANIA)
109;130;Deputado Estadual;45777;MARIA DO POVO;1;PSDB;(PSDB/CIDADANIA)
109;130;Deputado Estadual;50013;LÉO SURICATE;1;PSOL;(PSOL/REDE)
109;130;Deputado Estadual;50500;RENATO ROSENO;2;PSOL;(PSOL/REDE)
109;130;Deputado Estadual;50777;ADRIANA GERONIMO;1;PSOL;(PSOL/REDE)
109;130;Deputado Estadual;55234;DR. LUCÍLVIO GIRÃO;1;PSD;PSD
109;130;Deputado Estadual;55333;SIMÃO PEDRO;1;PSD;PSD
109;130;Deputado Estadual;55555;GABRIELLA AGUIAR;2;PSD;PSD
109;130;Deputado Estadual;55888;KEIVIA DIAS;1;PSD;PSD
109;130;Deputado Estadual;65234;CACIKA IRÊ;1;PC do B;(PT/PC do B/PV)
109;130;Deputado Estadual;70001;PAULO SOARES;1;AVANTE;AVANTE
109;130;Deputado Estadual;70123;TOMAZ HOLANDA;9;AVANTE;AVANTE
109;130;Deputado Estadual;70567;AILTON DA PESCA;1;AVANTE;AVANTE
109;130;Deputado Estadual;10;LEGENDA REPUBLICANOS;1;REPUBLICANOS;REPUBLICANOS
109;130;Deputado Estadual;13;LEGENDA PT;2;PT;PT
109;130;Deputado Estadual;95;BRANCOS;9;;
109;130;Deputado Estadual;96;NULOS;10;;
109;131;Presidente;12;CIRO GOMES;11;PDT;PDT
109;131;Presidente;13;LULA;174;PT;(PT/PC do B/PV), SOLIDARIEDADE, (PSOL/REDE), PSB, AGIR, AVANTE, PROS
109;131;Presidente;15;SIMONE TEBET;6;MDB;MDB, (PSDB/CIDADANIA), PODE
109;131;Presidente;16;VERA;1;PSTU;PSTU
109;131;Presidente;22;JAIR BOLSONARO;63;PL;PP, REPUBLICANOS, PL
109;131;Presidente;95;BRANCOS;4;;
109;131;Presidente;96;NULOS;7;;
109;131;Governador;12;ROBERTO CLÁUDIO;46;PDT;PMN, PATRIOTA, AGIR, PMB, PDT, PSD, PSB, PSC, DC
109;131;Governador;13;ELMANO DE FREITAS;144;PT;(PT/PC do B/PV), PP, MDB, PRTB, (PSOL/REDE), SOLIDARIEDADE
109;131;Governador;21;CHICO MALTA;1;PCB;PCB
109;131;Governador;44;CAPITÃO WAGNER;53;UNIÃO;PODE, AVANTE, PL, REPUBLICANOS, PTB, PROS, UNIÃO
109;131;Governador;95;BRANCOS;9;;
109;131;Governador;96;NULOS;13;;
109;131;Senador;131;CAMILO;179;PT;(PT/PC do B/PV), MDB, PRTB, (PSOL/REDE), SOLIDARIEDADE, PP
109;131;Senador;555;ERIKA AMORIM;7;PSD;PSB, AGIR, DC, PMB, PDT, PSD, PMN, PATRIOTA, PSC
109;131;Senador;700;KAMILA CARDOSO;50;AVANTE;AVANTE, UNIÃO, PTB, REPUBLICANOS, PROS, PL, PODE
109;131;Senador;95;BRANCOS;10;;
109;131;Senador;96;NULOS;20;;
109;131;Deputado Federal;1000;BISPA VANESSA LIMA;1;REPUBLICANOS;REPUBLICANOS
109;131;Deputado Federal;1010;RONALDO MARTINS;5;REPUBLICANOS;REPUBLICANOS
109;131;Deputado Federal;1023;PASTOR ABRAÃO;1;REPUBLICANOS;REPUBLICANOS
109;131;Deputado Federal;1111;AJ ALBUQUERQUE;1;PP;PP
109;131;Deputado Federal;1212;LEÔNIDAS CRISTINO;2;PDT;PDT
109;131;Deputado Federal;1213;IDILVAN;2;PDT;PDT
109;131;Deputado Federal;1214;EDUARDO BISMARCK;22;PDT;PDT
109;131;Deputado Federal;1233;ROBÉRIO MONTEIRO;21;PDT;PDT
109;131;Deputado Federal;1234;ANDRÉ FIGUEIREDO;6;PDT;PDT
109;131;Deputado Federal;1245;ADRIELLY TEIXEIRA;2;PDT;PDT
109;131;Deputado Federal;1277;ADAIL JR;1;PDT;PDT
109;131;Deputado Federal;1313;LUIZIANNE LINS;5;PT;(PT/PC do B/PV)
109;131;Deputado Federal;1322;GUIMARÃES DO PT;4;PT;(PT/PC do B/PV)
109;131;Deputado Federal;1533;EUNÍCIO;11;MDB;MDB
109;131;Deputado Federal;2222;ANDRÉ FERNANDES;6;PL;PL
109;131;Deputado Federal;2233;GORETE PEREIRA;3;PL;PL
109;131;Deputado Federal;2244;TADEU OLIVEIRA;10;PL;PL
109;131;Deputado Federal;2277;DR JAZIEL;7;PL;PL
109;131;Deputado Federal;2288;PRISCILA COSTA;2;PL;PL
109;131;Deputado Federal;2299;MATHEUS NORONHA;7;PL;PL
109;131;Deputado Federal;2323;MORONI;2;CIDADANIA;(PSDB/CIDADANIA)
109;131;Deputado Federal;4000;DENIS BEZERRA;2;PSB;PSB
109;131;Deputado Federal;4410;CARLOS MATOS;1;UNIÃO;UNIÃO
109;131;Deputado Federal;4456;DAYANY DO CAPITÃO;2;UNIÃO;UNIÃO
109;131;Deputado Federal;4477;FERNANDA PESSOA;2;UNIÃO;UNIÃO
109;131;Deputado Federal;4488;MOSES RODRIGUES;50;UNIÃO;UNIÃO
109;131;Deputado Federal;4490;SOLDADO NOELIO;1;UNIÃO;UNIÃO
109;131;Deputado Federal;5013;ADELITA MONTEIRO;2;PSOL;(PSOL/REDE)
109;131;Deputado Federal;5511;CÉLIO STUDART;2;PSD;PSD
109;131;Deputado Federal;5533;LUIZ GASTÃO;6;PSD;PSD
109;131;Deputado Federal;5555;DOMINGOS NETO;51;PSD;PSD
109;131;Deputado Federal;5588;ELIANE BRAZ;2;PSD;PSD
109;131;Deputado Federal;5599;EMANUEL MOTA;1;PSD;PSD
109;131;Deputado Federal;6565;INÁCIO ARRUDA;1;PC do B;(PT/PC do B/PV)
109;131;Deputado Federal;7011;DR MARCOS;2;AVANTE;AVANTE
109;131;Deputado Federal;7040;CHICO ANTÔNIO;1;AVANTE;AVANTE
109;131;Deputado Federal;12;LEGENDA PDT;4;PDT;PDT
109;131;Deputado Federal;13;LEGENDA PT;3;PT;PT
109;131;Deputado Federal;15;LEGENDA MDB;1;MDB;MDB
109;131;Deputado Federal;22;LEGENDA PL;1;PL;PL
109;131;Deputado Federal;55;LEGENDA PSD;1;PSD;PSD
109;131;Deputado Federal;95;BRANCOS;5;;
109;131;Deputado Federal;96;NULOS;4;;
109;131;Deputado Estadual;10000;APÓSTOLO LUIZ HENRIQUE;1;REPUBLICANOS;REPUBLICANOS
109;131;Deputado Estadual;10123;DAVID DURAND;4;REPUBLICANOS;REPUBLICANOS
109;131;Deputado Estadual;11111;ZEZINHO ALBUQUERQUE;6;PP;PP
109;131;Deputado Estadual;11113;ALMIR BIÉ;6;PP;PP
109;131;Deputado Estadual;12111;ANTONIO HENRIQUE;2;PDT;PDT
109;131;Deputado Estadual;12112;VANESSA VENÂNCIO;1;PDT;PDT
109;131;Deputado Estadual;12123;CLÁUDIO PINHO;55;PDT;PDT
109;131;Deputado Estadual;12127;HELAINE COELHO;38;PDT;PDT
109;131;Deputado Estadual;12222;OSMAR BAQUIT;1;PDT;PDT
109;131;Deputado Estadual;12321;CLAUDIA DIAS;1;PDT;PDT
109;131;Deputado Estadual;13131;MARI LACERDA;1;PT;(PT/PC do B/PV)
109;131;Deputado Estadual;13132;ACRISIO SENA;4;PT;(PT/PC do B/PV)
109;131;Deputado Estadual;13133;LARISSA GASPAR;1;PT;(PT/PC do B/PV)
109;131;Deputado Estadual;13333;MOISES BRAZ;5;PT;(PT/PC do B/PV)
109;131;Deputado Estadual;13777;NIZO;2;PT;(PT/PC do B/PV)
109;131;Deputado Estadual;13789;JULINHO;4;PT;(PT/PC do B/PV)
109;131;Deputado Estadual;15115;CARLOS BANDEIRA;4;MDB;MDB
109;131;Deputado Estadual;15151;LEONARDO ARAÚJO;1;MDB;MDB
109;131;Deputado Estadual;15333;DANNIEL OLIVEIRA;1;MDB;MDB
109;131;Deputado Estadual;15888;AGENOR NETO;9;MDB;MDB
109;131;Deputado Estadual;22022;CARMELO NETO;2;PL;PL
109;131;Deputado Estadual;22222;PR.ALCIDES FERNANDES;1;PL;PL
109;131;Deputado Estadual;22555;MARTA GONÇALVES;37;PL;PL
109;131;Deputado Estadual;22777;DRA SILVANA;8;PL;PL
109;131;Deputado Estadual;43640;WALTER CAVALCANTE;1;PV;(PT/PC do B/PV)
109;131;Deputado Estadual;44190;SARGENTO REGINAURO;3;UNIÃO;UNIÃO
109;131;Deputado Estadual;44333;HEITOR FÉRRER;1;UNIÃO;UNIÃO
109;131;Deputado Estadual;44447;ISABELLE MUNGUBA;1;UNIÃO;UNIÃO
109;131;Deputado Estadual;44567;MAGNOLIA ROCHA;22;UNIÃO;UNIÃO
109;131;Deputado Estadual;44777;FIRMO CAMURÇA;1;UNIÃO;UNIÃO
109;131;Deputado Estadual;44888;DR. OSCAR RODRIGUES;1;UNIÃO;UNIÃO
109;131;Deputado Estadual;45123;EMILIA PESSOA;1;PSDB;(PSDB/CIDADANIA)
109;131;Deputado Estadual;55234;DR. LUCÍLVIO GIRÃO;1;PSD;PSD
109;131;Deputado Estadual;55555;GABRIELLA AGUIAR;1;PSD;PSD
109;131;Deputado Estadual;55888;KEIVIA DIAS;1;PSD;PSD
109;131;Deputado Estadual;65234;CACIKA IRÊ;1;PC do B;(PT/PC do B/PV)
109;131;Deputado Estadual;70123;TOMAZ HOLANDA;5;AVANTE;AVANTE
109;131;Deputado Estadual;70321;DANIEL BORGES;1;AVANTE;AVANTE
109;131;Deputado Estadual;11;LEGENDA PP;1;PP;PP
109;131;Deputado Estadual;12;LEGENDA PDT;8;PDT;PDT
109;131;Deputado Estadual;13;LEGENDA PT;8;PT;PT
109;131;Deputado Estadual;15;LEGENDA MDB;1;MDB;MDB
109;131;Deputado Estadual;33;LEGENDA PMN;1;PMN;PMN
109;131;Deputado Estadual;44;LEGENDA UNIÃO;1;UNIÃO;UNIÃO
109;131;Deputado Estadual;70;LEGENDA AVANTE;1;AVANTE;AVANTE
109;131;Deputado Estadual;95;BRANCOS;5;;
109;131;Deputado Estadual;96;NULOS;4;;
109;132;Presidente;12;CIRO GOMES;10;PDT;PDT
109;132;Presidente;13;LULA;178;PT;(PT/PC do B/PV), SOLIDARIEDADE, (PSOL/REDE), PSB, AGIR, AVANTE, PROS
109;132;Presidente;15;SIMONE TEBET;3;MDB;MDB, (PSDB/CIDADANIA), PODE
109;132;Presidente;22;JAIR BOLSONARO;81;PL;PP, REPUBLICANOS, PL
109;132;Presidente;95;BRANCOS;1;;
109;132;Presidente;96;NULOS;8;;
109;132;Governador;12;ROBERTO CLÁUDIO;40;PDT;PMN, PATRIOTA, AGIR, PMB, PDT, PSD, PSB, PSC, DC
109;132;Governador;13;ELMANO DE FREITAS;136;PT;(PT/PC do B/PV), PP, MDB, PRTB, (PSOL/REDE), SOLIDARIEDADE
109;132;Governador;44;CAPITÃO WAGNER;81;UNIÃO;PODE, AVANTE, PL, REPUBLICANOS, PTB, PROS, UNIÃO
109;132;Governador;95;BRANCOS;7;;
109;132;Governador;96;NULOS;17;;
109;132;Senador;131;CAMILO;169;PT;(PT/PC do B/PV), MDB, PRTB, (PSOL/REDE), SOLIDARIEDADE, PP
109;132;Senador;555;ERIKA AMORIM;7;PSD;PSB, AGIR, DC, PMB, PDT, PSD, PMN, PATRIOTA, PSC
109;132;Senador;700;KAMILA CARDOSO;64;AVANTE;AVANTE, UNIÃO, PTB, REPUBLICANOS, PROS, PL, PODE
109;132;Senador;95;BRANCOS;12;;
109;132;Senador;96;NULOS;29;;
109;132;Deputado Federal;1010;RONALDO MARTINS;5;REPUBLICANOS;REPUBLICANOS
109;132;Deputado Federal;1023;PASTOR ABRAÃO;2;REPUBLICANOS;REPUBLICANOS
109;132;Deputado Federal;1111;AJ ALBUQUERQUE;2;PP;PP
109;132;Deputado Federal;1133;XISTO;1;PP;PP
109;132;Deputado Federal;1212;LEÔNIDAS CRISTINO;3;PDT;PDT
109;132;Deputado Federal;1213;IDILVAN;6;PDT;PDT
109;132;Deputado Federal;1214;EDUARDO BISMARCK;32;PDT;PDT
109;132;Deputado Federal;1233;ROBÉRIO MONTEIRO;27;PDT;PDT
109;132;Deputado Federal;1277;ADAIL JR;1;PDT;PDT
109;132;Deputado Federal;1292;ENFERMEIRA ANA PAULA;1;PDT;PDT
109;132;Deputado Federal;1311;LOURDINHA FELIX;1;PT;(PT/PC do B/PV)
109;132;Deputado Federal;1313;LUIZIANNE LINS;6;PT;(PT/PC do B/PV)
109;132;Deputado Federal;1322;GUIMARÃES DO PT;1;PT;(PT/PC do B/PV)
109;132;Deputado Federal;1414;BRUNO HOLANDA;1;PTB;PTB
109;132;Deputado Federal;1533;EUNÍCIO;11;MDB;MDB
109;132;Deputado Federal;1588;REGINA VILLELA;2;MDB;MDB
109;132;Deputado Federal;2210;CORONEL AGINALDO;2;PL;PL
109;132;Deputado Federal;2222;ANDRÉ FERNANDES;6;PL;PL
109;132;Deputado Federal;2233;GORETE PEREIRA;2;PL;PL
109;132;Deputado Federal;2244;TADEU OLIVEIRA;10;PL;PL
109;132;Deputado Federal;2255;JÚNIOR MANO;1;PL;PL
109;132;Deputado Federal;2277;DR JAZIEL;6;PL;PL
109;132;Deputado Federal;2288;PRISCILA COSTA;1;PL;PL
109;132;Deputado Federal;2299;MATHEUS NORONHA;2;PL;PL
109;132;Deputado Federal;2323;MORONI;1;CIDADANIA;(PSDB/CIDADANIA)
109;132;Deputado Federal;4445;DAMIÃO TENORIO;1;UNIÃO;UNIÃO
109;132;Deputado Federal;4455;VAIDON OLIVEIRA;1;UNIÃO;UNIÃO
109;132;Deputado Federal;4456;DAYANY DO CAPITÃO;1;UNIÃO;UNIÃO
109;132;Deputado Federal;4477;FERNANDA PESSOA;2;UNIÃO;UNIÃO
109;132;Deputado Federal;4488;MOSES RODRIGUES;44;UNIÃO;UNIÃO
109;132;Deputado Federal;4490;SOLDADO NOELIO;1;UNIÃO;UNIÃO
109;132;Deputado Federal;5088;ROBERTA MENEZES;1;PSOL;(PSOL/REDE)
109;132;Deputado Federal;5511;CÉLIO STUDART;3;PSD;PSD
109;132;Deputado Federal;5533;LUIZ GASTÃO;5;PSD;PSD
109;132;Deputado Federal;5555;DOMINGOS NETO;60;PSD;PSD
109;132;Deputado Federal;5588;ELIANE BRAZ;2;PSD;PSD
109;132;Deputado Federal;6565;INÁCIO ARRUDA;1;PC do B;(PT/PC do B/PV)
109;132;Deputado Federal;7011;DR MARCOS;2;AVANTE;AVANTE
109;132;Deputado Federal;7040;CHICO ANTÔNIO;1;AVANTE;AVANTE
109;132;Deputado Federal;10;LEGENDA REPUBLICANOS;1;REPUBLICANOS;REPUBLICANOS
109;132;Deputado Federal;12;LEGENDA PDT;4;PDT;PDT
109;132;Deputado Federal;13;LEGENDA PT;2;PT;PT
109;132;Deputado Federal;15;LEGENDA MDB;1;MDB;MDB
109;132;Deputado Federal;44;LEGENDA UNIÃO;1;UNIÃO;UNIÃO
109;132;Deputado Federal;95;BRANCOS;9;;
109;132;Deputado Federal;96;NULOS;5;;
109;132;Deputado Estadual;10123;DAVID DURAND;4;REPUBLICANOS;REPUBLICANOS
109;132;Deputado Estadual;11111;ZEZINHO ALBUQUERQUE;3;PP;PP
109;132;Deputado Estadual;11113;ALMIR BIÉ;2;PP;PP
109;132;Deputado Estadual;11123;ROSÁLIO DANIEL;1;PP;PP
109;132;Deputado Estadual;12111;ANTONIO HENRIQUE;1;PDT;PDT
109;132;Deputado Estadual;12123;CLÁUDIO PINHO;48;PDT;PDT
109;132;Deputado Estadual;12127;HELAINE COELHO;45;PDT;PDT
109;132;Deputado Estadual;12345;LIA GOMES;1;PDT;PDT
109;132;Deputado Estadual;12456;ROMEU ALDIGUERI;1;PDT;PDT
109;132;Deputado Estadual;13013;DRA. DENISE;2;PT;(PT/PC do B/PV)
109;132;Deputado Estadual;13131;MARI LACERDA;2;PT;(PT/PC do B/PV)
109;132;Deputado Estadual;13132;ACRISIO SENA;3;PT;(PT/PC do B/PV)
109;132;Deputado Estadual;13333;MOISES BRAZ;2;PT;(PT/PC do B/PV)
109;132;Deputado Estadual;13777;NIZO;2;PT;(PT/PC do B/PV)
109;132;Deputado Estadual;13789;JULINHO;6;PT;(PT/PC do B/PV)
109;132;Deputado Estadual;15115;CARLOS BANDEIRA;3;MDB;MDB
109;132;Deputado Estadual;15333;DANNIEL OLIVEIRA;1;MDB;MDB
109;132;Deputado Estadual;15888;AGENOR NETO;11;MDB;MDB
109;132;Deputado Estadual;22010;BEZERRA DE MENESES;1;PL;PL
109;132;Deputado Estadual;22022;CARMELO NETO;1;PL;PL
109;132;Deputado Estadual;22555;MARTA GONÇALVES;50;PL;PL
109;132;Deputado Estadual;22777;DRA SILVANA;6;PL;PL
109;132;Deputado Estadual;23192;MARTINHA - A SAÚDE RESISTE;1;CIDADANIA;(PSDB/CIDADANIA)
109;132;Deputado Estadual;33789;LUCINILDO FROTA;3;PMN;PMN
109;132;Deputado Estadual;43640;WALTER CAVALCANTE;3;PV;(PT/PC do B/PV)
109;132;Deputado Estadual;44456;CORONEL BEZERRA;1;UNIÃO;UNIÃO
109;132;Deputado Estadual;44567;MAGNOLIA ROCHA;27;UNIÃO;UNIÃO
109;132;Deputado Estadual;44777;FIRMO CAMURÇA;1;UNIÃO;UNIÃO
109;132;Deputado Estadual;44888;DR. OSCAR RODRIGUES;1;UNIÃO;UNIÃO
109;132;Deputado Estadual;50500;RENATO ROSENO;3;PSOL;(PSOL/REDE)
109;132;Deputado Estadual;55555;GABRIELLA AGUIAR;1;PSD;PSD
109;132;Deputado Estadual;55888;KEIVIA DIAS;1;PSD;PSD
109;132;Deputado Estadual;65013;PROFESSOR ANÍZIO;1;PC do B;(PT/PC do B/PV)
109;132;Deputado Estadual;65234;CACIKA IRÊ;1;PC do B;(PT/PC do B/PV)
109;132;Deputado Estadual;70000;TAM DE OLIVEIRA;1;AVANTE;AVANTE
109;132;Deputado Estadual;70123;TOMAZ HOLANDA;5;AVANTE;AVANTE
109;132;Deputado Estadual;12;LEGENDA PDT;4;PDT;PDT
109;132;Deputado Estadual;13;LEGENDA PT;8;PT;PT
109;132;Deputado Estadual;44;LEGENDA UNIÃO;3;UNIÃO;UNIÃO
109;132;Deputado Estadual;45;LEGENDA PSDB;1;PSDB;PSDB
109;132;Deputado Estadual;70;LEGENDA AVANTE;1;AVANTE;AVANTE
109;132;Deputado Estadual;95;BRANCOS;9;;
109;132;Deputado Estadual;96;NULOS;9;;
109;133;Presidente;12;CIRO GOMES;21;PDT;PDT
109;133;Presidente;13;LULA;191;PT;(PT/PC do B/PV), SOLIDARIEDADE, (PSOL/REDE), PSB, AGIR, AVANTE, PROS
109;133;Presidente;15;SIMONE TEBET;4;MDB;MDB, (PSDB/CIDADANIA), PODE
109;133;Presidente;22;JAIR BOLSONARO;70;PL;PP, REPUBLICANOS, PL
109;133;Presidente;44;SORAYA THRONICKE;1;UNIÃO;UNIÃO
109;133;Presidente;95;BRANCOS;5;;
109;133;Presidente;96;NULOS;4;;
109;133;Governador;12;ROBERTO CLÁUDIO;43;PDT;PMN, PATRIOTA, AGIR, PMB, PDT, PSD, PSB, PSC, DC
109;133;Governador;13;ELMANO DE FREITAS;151;PT;(PT/PC do B/PV), PP, MDB, PRTB, (PSOL/REDE), SOLIDARIEDADE
109;133;Governador;21;CHICO MALTA;1;PCB;PCB
109;133;Governador;44;CAPITÃO WAGNER;78;UNIÃO;PODE, AVANTE, PL, REPUBLICANOS, PTB, PROS, UNIÃO
109;133;Governador;95;BRANCOS;7;;
109;133;Governador;96;NULOS;16;;
109;133;Senador;131;CAMILO;183;PT;(PT/PC do B/PV), MDB, PRTB, (PSOL/REDE), SOLIDARIEDADE, PP
109;133;Senador;555;ERIKA AMORIM;6;PSD;PSB, AGIR, DC, PMB, PDT, PSD, PMN, PATRIOTA, PSC
109;133;Senador;700;KAMILA CARDOSO;67;AVANTE;AVANTE, UNIÃO, PTB, REPUBLICANOS, PROS, PL, PODE
109;133;Senador;95;BRANCOS;12;;
109;133;Senador;96;NULOS;28;;
109;133;Deputado Federal;1010;RONALDO MARTINS;1;REPUBLICANOS;REPUBLICANOS
109;133;Deputado Federal;1023;PASTOR ABRAÃO;1;REPUBLICANOS;REPUBLICANOS
109;133;Deputado Federal;1111;AJ ALBUQUERQUE;2;PP;PP
109;133;Deputado Federal;1212;LEÔNIDAS CRISTINO;2;PDT;PDT
109;133;Deputado Federal;1213;IDILVAN;3;PDT;PDT
109;133;Deputado Federal;1214;EDUARDO BISMARCK;30;PDT;PDT
109;133;Deputado Federal;1233;ROBÉRIO MONTEIRO;35;PDT;PDT
109;133;Deputado Federal;1313;LUIZIANNE LINS;2;PT;(PT/PC do B/PV)
109;133;Deputado Federal;1322;GUIMARÃES DO PT;1;PT;(PT/PC do B/PV)
109;133;Deputado Federal;1533;EUNÍCIO;11;MDB;MDB
109;133;Deputado Federal;1588;REGINA VILLELA;2;MDB;MDB
109;133;Deputado Federal;2222;ANDRÉ FERNANDES;2;PL;PL
109;133;Deputado Federal;2227;DRA VERONICA AMARAL;1;PL;PL
109;133;Deputado Federal;2233;GORETE PEREIRA;1;PL;PL
109;133;Deputado Federal;2244;TADEU OLIVEIRA;11;PL;PL
109;133;Deputado Federal;2255;JÚNIOR MANO;1;PL;PL
109;133;Deputado Federal;2277;DR JAZIEL;8;PL;PL
109;133;Deputado Federal;2288;PRISCILA COSTA;1;PL;PL
109;133;Deputado Federal;2299;MATHEUS NORONHA;6;PL;PL
109;133;Deputado Federal;2323;MORONI;3;CIDADANIA;(PSDB/CIDADANIA)
109;133;Deputado Federal;3378;JOÃO PAULO LOPES;1;PMN;PMN
109;133;Deputado Federal;4000;DENIS BEZERRA;1;PSB;PSB
109;133;Deputado Federal;4411;VANDERLAN ALVES;1;UNIÃO;UNIÃO
109;133;Deputado Federal;4444;HEITOR FREIRE;2;UNIÃO;UNIÃO
109;133;Deputado Federal;4447;DANILO FORTE;2;UNIÃO;UNIÃO
109;133;Deputado Federal;4488;MOSES RODRIGUES;70;UNIÃO;UNIÃO
109;133;Deputado Federal;5013;ADELITA MONTEIRO;1;PSOL;(PSOL/REDE)
109;133;Deputado Federal;5511;CÉLIO STUDART;2;PSD;PSD
109;133;Deputado Federal;5533;LUIZ GASTÃO;8;PSD;PSD
109;133;Deputado Federal;5555;DOMINGOS NETO;65;PSD;PSD
109;133;Deputado Federal;5588;ELIANE BRAZ;2;PSD;PSD
109;133;Deputado Federal;6565;INÁCIO ARRUDA;2;PC do B;(PT/PC do B/PV)
109;133;Deputado Federal;7040;CHICO ANTÔNIO;1;AVANTE;AVANTE
109;133;Deputado Federal;12;LEGENDA PDT;3;PDT;PDT
109;133;Deputado Federal;13;LEGENDA PT;1;PT;PT
109;133;Deputado Federal;22;LEGENDA PL;1;PL;PL
109;133;Deputado Federal;65;LEGENDA PC do B;2;PC do B;PC do B
109;133;Deputado Federal;95;BRANCOS;4;;
109;133;Deputado Federal;96;NULOS;3;;
109;133;Deputado Estadual;11111;ZEZINHO ALBUQUERQUE;2;PP;PP
109;133;Deputado Estadual;11113;ALMIR BIÉ;6;PP;PP
109;133;Deputado Estadual;12111;ANTONIO HENRIQUE;1;PDT;PDT
109;133;Deputado Estadual;12123;CLÁUDIO PINHO;77;PDT;PDT
109;133;Deputado Estadual;12127;HELAINE COELHO;49;PDT;PDT
109;133;Deputado Estadual;13132;ACRISIO SENA;3;PT;(PT/PC do B/PV)
109;133;Deputado Estadual;13333;MOISES BRAZ;2;PT;(PT/PC do B/PV)
109;133;Deputado Estadual;13777;NIZO;4;PT;(PT/PC do B/PV)
109;133;Deputado Estadual;13789;JULINHO;4;PT;(PT/PC do B/PV)
109;133;Deputado Estadual;15000;EDILARDO EUFRASIO;1;MDB;MDB
109;133;Deputado Estadual;15115;CARLOS BANDEIRA;5;MDB;MDB
109;133;Deputado Estadual;15888;AGENOR NETO;12;MDB;MDB
109;133;Deputado Estadual;22022;CARMELO NETO;1;PL;PL
109;133;Deputado Estadual;22111;PEDRO MATOS;1;PL;PL
109;133;Deputado Estadual;22555;MARTA GONÇALVES;44;PL;PL
109;133;Deputado Estadual;22777;DRA SILVANA;7;PL;PL
109;133;Deputado Estadual;33888;THIAGO CIRIACO;1;PMN;PMN
109;133;Deputado Estadual;43640;WALTER CAVALCANTE;3;PV;(PT/PC do B/PV)
109;133;Deputado Estadual;44447;ISABELLE MUNGUBA;2;UNIÃO;UNIÃO
109;133;Deputado Estadual;44567;MAGNOLIA ROCHA;28;UNIÃO;UNIÃO
109;133;Deputado Estadual;44888;DR. OSCAR RODRIGUES;1;UNIÃO;UNIÃO
109;133;Deputado Estadual;55555;GABRIELLA AGUIAR;1;PSD;PSD
109;133;Deputado Estadual;65234;CACIKA IRÊ;4;PC do B;(PT/PC do B/PV)
109;133;Deputado Estadual;70000;TAM DE OLIVEIRA;3;AVANTE;AVANTE
109;133;Deputado Estadual;70123;TOMAZ HOLANDA;5;AVANTE;AVANTE
109;133;Deputado Estadual;12;LEGENDA PDT;3;PDT;PDT
109;133;Deputado Estadual;13;LEGENDA PT;6;PT;PT
109;133;Deputado Estadual;22;LEGENDA PL;1;PL;PL
109;133;Deputado Estadual;44;LEGENDA UNIÃO;2;UNIÃO;UNIÃO
109;133;Deputado Estadual;55;LEGENDA PSD;1;PSD;PSD
109;133;Deputado Estadual;70;LEGENDA AVANTE;1;AVANTE;AVANTE
109;133;Deputado Estadual;95;BRANCOS;6;;
109;133;Deputado Estadual;96;NULOS;9;;
109;134;Presidente;12;CIRO GOMES;12;PDT;PDT
109;134;Presidente;13;LULA;184;PT;(PT/PC do B/PV), SOLIDARIEDADE, (PSOL/REDE), PSB, AGIR, AVANTE, PROS
109;134;Presidente;15;SIMONE TEBET;2;MDB;MDB, (PSDB/CIDADANIA), PODE
109;134;Presidente;22;JAIR BOLSONARO;75;PL;PP, REPUBLICANOS, PL
109;134;Presidente;44;SORAYA THRONICKE;2;UNIÃO;UNIÃO
109;134;Presidente;95;BRANCOS;8;;
109;134;Presidente;96;NULOS;3;;
109;134;Governador;12;ROBERTO CLÁUDIO;17;PDT;PMN, PATRIOTA, AGIR, PMB, PDT, PSD, PSB, PSC, DC
109;134;Governador;13;ELMANO DE FREITAS;148;PT;(PT/PC do B/PV), PP, MDB, PRTB, (PSOL/REDE), SOLIDARIEDADE
109;134;Governador;21;CHICO MALTA;1;PCB;PCB
109;134;Governador;44;CAPITÃO WAGNER;93;UNIÃO;PODE, AVANTE, PL, REPUBLICANOS, PTB, PROS, UNIÃO
109;134;Governador;95;BRANCOS;13;;
109;134;Governador;96;NULOS;14;;
109;134;Senador;131;CAMILO;179;PT;(PT/PC do B/PV), MDB, PRTB, (PSOL/REDE), SOLIDARIEDADE, PP
109;134;Senador;555;ERIKA AMORIM;4;PSD;PSB, AGIR, DC, PMB, PDT, PSD, PMN, PATRIOTA, PSC
109;134;Senador;700;KAMILA CARDOSO;64;AVANTE;AVANTE, UNIÃO, PTB, REPUBLICANOS, PROS, PL, PODE
109;134;Senador;95;BRANCOS;22;;
109;134;Senador;96;NULOS;17;;
109;134;Deputado Federal;1000;BISPA VANESSA LIMA;1;REPUBLICANOS;REPUBLICANOS
109;134;Deputado Federal;1010;RONALDO MARTINS;1;REPUBLICANOS;REPUBLICANOS
109;134;Deputado Federal;1020;ERLAN BASTOS;1;REPUBLICANOS;REPUBLICANOS
109;134;Deputado Federal;1044;PROFESSORA GABRIELLA;1;REPUBLICANOS;REPUBLICANOS
109;134;Deputado Federal;1111;AJ ALBUQUERQUE;1;PP;PP
109;134;Deputado Federal;1212;LEÔNIDAS CRISTINO;2;PDT;PDT
109;134;Deputado Federal;1213;IDILVAN;2;PDT;PDT
109;134;Deputado Federal;1214;EDUARDO BISMARCK;12;PDT;PDT
109;134;Deputado Federal;1221;MAURO FILHO;1;PDT;PDT
109;134;Deputado Federal;1233;ROBÉRIO MONTEIRO;2;PDT;PDT
109;134;Deputado Federal;1234;ANDRÉ FIGUEIREDO;1;PDT;PDT
109;134;Deputado Federal;1277;ADAIL JR;1;PDT;PDT
109;134;Deputado Federal;1313;LUIZIANNE LINS;6;PT;(PT/PC do B/PV)
109;134;Deputado Federal;1322;GUIMARÃES DO PT;2;PT;(PT/PC do B/PV)
109;134;Deputado Federal;1477;CARLOS REBOUÇAS;1;PTB;PTB
109;134;Deputado Federal;1533;EUNÍCIO;1;MDB;MDB
109;134;Deputado Federal;2222;ANDRÉ FERNANDES;7;PL;PL
109;134;Deputado Federal;2277;DR JAZIEL;10;PL;PL
109;134;Deputado Federal;2299;MATHEUS NORONHA;3;PL;PL
109;134;Deputado Federal;4000;DENIS BEZERRA;1;PSB;PSB
109;134;Deputado Federal;4410;CARLOS MATOS;1;UNIÃO;UNIÃO
109;134;Deputado Federal;4422;JULIERME SENA;1;UNIÃO;UNIÃO
109;134;Deputado Federal;4444;HEITOR FREIRE;1;UNIÃO;UNIÃO
109;134;Deputado Federal;4445;DAMIÃO TENORIO;2;UNIÃO;UNIÃO
109;134;Deputado Federal;4447;DANILO FORTE;61;UNIÃO;UNIÃO
109;134;Deputado Federal;4455;VAIDON OLIVEIRA;1;UNIÃO;UNIÃO
109;134;Deputado Federal;4456;DAYANY DO CAPITÃO;1;UNIÃO;UNIÃO
109;134;Deputado Federal;4488;MOSES RODRIGUES;15;UNIÃO;UNIÃO
109;134;Deputado Federal;5001;JOÃO ALFREDO;1;PSOL;(PSOL/REDE)
109;134;Deputado Federal;5500;NAUMI AMORIM;1;PSD;PSD
109;134;Deputado Federal;5533;LUIZ GASTÃO;2;PSD;PSD
109;134;Deputado Federal;5555;DOMINGOS NETO;85;PSD;PSD
109;134;Deputado Federal;5588;ELIANE BRAZ;28;PSD;PSD
109;134;Deputado Federal;6565;INÁCIO ARRUDA;3;PC do B;(PT/PC do B/PV)
109;134;Deputado Federal;7090;DALILA ELOY;1;AVANTE;AVANTE
109;134;Deputado Federal;12;LEGENDA PDT;1;PDT;PDT
109;134;Deputado Federal;13;LEGENDA PT;2;PT;PT
109;134;Deputado Federal;14;LEGENDA PTB;1;PTB;PTB
109;134;Deputado Federal;43;LEGENDA PV;1;PV;PV
109;134;Deputado Federal;44;LEGENDA UNIÃO;1;UNIÃO;UNIÃO
109;134;Deputado Federal;45;LEGENDA PSDB;1;PSDB;PSDB
109;134;Deputado Federal;55;LEGENDA PSD;1;PSD;PSD
109;134;Deputado Federal;65;LEGENDA PC do B;1;PC do B;PC do B
109;134;Deputado Federal;95;BRANCOS;12;;
109;134;Deputado Federal;96;NULOS;4;;
109;134;Deputado Estadual;10000;APÓSTOLO LUIZ HENRIQUE;2;REPUBLICANOS;REPUBLICANOS
109;134;Deputado Estadual;10123;DAVID DURAND;1;REPUBLICANOS;REPUBLICANOS
109;134;Deputado Estadual;11111;ZEZINHO ALBUQUERQUE;1;PP;PP
109;134;Deputado Estadual;11113;ALMIR BIÉ;3;PP;PP
109;134;Deputado Estadual;11444;LEONARDO PINHEIRO;1;PP;PP
109;134;Deputado Estadual;12111;ANTONIO HENRIQUE;2;PDT;PDT
109;134;Deputado Estadual;12123;CLÁUDIO PINHO;5;PDT;PDT
109;134;Deputado Estadual;12127;HELAINE COELHO;19;PDT;PDT
109;134;Deputado Estadual;13132;ACRISIO SENA;7;PT;(PT/PC do B/PV)
109;134;Deputado Estadual;13333;MOISES BRAZ;3;PT;(PT/PC do B/PV)
109;134;Deputado Estadual;13456;DE ASSIS DINIZ;1;PT;(PT/PC do B/PV)
109;134;Deputado Estadual;13555;JULIANA LUCENA;1;PT;(PT/PC do B/PV)
109;134;Deputado Estadual;13777;NIZO;31;PT;(PT/PC do B/PV)
109;134;Deputado Estadual;13789;JULINHO;1;PT;(PT/PC do B/PV)
109;134;Deputado Estadual;15888;AGENOR NETO;1;MDB;MDB
109;134;Deputado Estadual;22022;CARMELO NETO;2;PL;PL
109;134;Deputado Estadual;22111;PEDRO MATOS;1;PL;PL
109;134;Deputado Estadual;22222;PR.ALCIDES FERNANDES;2;PL;PL
109;134;Deputado Estadual;22555;MARTA GONÇALVES;70;PL;PL
109;134;Deputado Estadual;22777;DRA SILVANA;7;PL;PL
109;134;Deputado Estadual;33123;ALCY PINHEIRO;1;PMN;PMN
109;134;Deputado Estadual;33369;CLAUDIO LIMA;1;PMN;PMN
109;134;Deputado Estadual;33789;LUCINILDO FROTA;1;PMN;PMN
109;134;Deputado Estadual;43640;WALTER CAVALCANTE;1;PV;(PT/PC do B/PV)
109;134;Deputado Estadual;44190;SARGENTO REGINAURO;1;UNIÃO;UNIÃO
109;134;Deputado Estadual;44456;CORONEL BEZERRA;1;UNIÃO;UNIÃO
109;134;Deputado Estadual;44567;MAGNOLIA ROCHA;33;UNIÃO;UNIÃO
109;134;Deputado Estadual;44888;DR. OSCAR RODRIGUES;14;UNIÃO;UNIÃO
109;134;Deputado Estadual;45123;EMILIA PESSOA;18;PSDB;(PSDB/CIDADANIA)
109;134;Deputado Estadual;50013;LÉO SURICATE;1;PSOL;(PSOL/REDE)
109;134;Deputado Estadual;50500;RENATO ROSENO;2;PSOL;(PSOL/REDE)
109;134;Deputado Estadual;55234;DR. LUCÍLVIO GIRÃO;1;PSD;PSD
109;134;Deputado Estadual;55555;GABRIELLA AGUIAR;1;PSD;PSD
109;134;Deputado Estadual;65234;CACIKA IRÊ;1;PC do B;(PT/PC do B/PV)
109;134;Deputado Estadual;70123;TOMAZ HOLANDA;12;AVANTE;AVANTE
109;134;Deputado Estadual;70567;AILTON DA PESCA;1;AVANTE;AVANTE
109;134;Deputado Estadual;12;LEGENDA PDT;3;PDT;PDT
109;134;Deputado Estadual;13;LEGENDA PT;6;PT;PT
109;134;Deputado Estadual;22;LEGENDA PL;2;PL;PL
109;134;Deputado Estadual;23;LEGENDA CIDADANIA;1;CIDADANIA;CIDADANIA
109;134;Deputado Estadual;44;LEGENDA UNIÃO;2;UNIÃO;UNIÃO
109;134;Deputado Estadual;55;LEGENDA PSD;3;PSD;PSD
109;134;Deputado Estadual;95;BRANCOS;11;;
109;134;Deputado Estadual;96;NULOS;7;;
109;135;Presidente;12;CIRO GOMES;12;PDT;PDT
109;135;Presidente;13;LULA;178;PT;(PT/PC do B/PV), SOLIDARIEDADE, (PSOL/REDE), PSB, AGIR, AVANTE, PROS
109;135;Presidente;15;SIMONE TEBET;3;MDB;MDB, (PSDB/CIDADANIA), PODE
109;135;Presidente;21;SOFIA MANZANO;1;PCB;PCB
109;135;Presidente;22;JAIR BOLSONARO;82;PL;PP, REPUBLICANOS, PL
109;135;Presidente;44;SORAYA THRONICKE;1;UNIÃO;UNIÃO
109;135;Presidente;95;BRANCOS;4;;
109;135;Presidente;96;NULOS;10;;
109;135;Governador;12;ROBERTO CLÁUDIO;23;PDT;PMN, PATRIOTA, AGIR, PMB, PDT, PSD, PSB, PSC, DC
109;135;Governador;13;ELMANO DE FREITAS;131;PT;(PT/PC do B/PV), PP, MDB, PRTB, (PSOL/REDE), SOLIDARIEDADE
109;135;Governador;44;CAPITÃO WAGNER;110;UNIÃO;PODE, AVANTE, PL, REPUBLICANOS, PTB, PROS, UNIÃO
109;135;Governador;95;BRANCOS;13;;
109;135;Governador;96;NULOS;14;;
109;135;Senador;131;CAMILO;176;PT;(PT/PC do B/PV), MDB, PRTB, (PSOL/REDE), SOLIDARIEDADE, PP
109;135;Senador;555;ERIKA AMORIM;3;PSD;PSB, AGIR, DC, PMB, PDT, PSD, PMN, PATRIOTA, PSC
109;135;Senador;700;KAMILA CARDOSO;65;AVANTE;AVANTE, UNIÃO, PTB, REPUBLICANOS, PROS, PL, PODE
109;135;Senador;95;BRANCOS;21;;
109;135;Senador;96;NULOS;26;;
109;135;Deputado Federal;1010;RONALDO MARTINS;1;REPUBLICANOS;REPUBLICANOS
109;135;Deputado Federal;1023;PASTOR ABRAÃO;2;REPUBLICANOS;REPUBLICANOS
109;135;Deputado Federal;1055;MANUH SILVA;1;REPUBLICANOS;REPUBLICANOS
109;135;Deputado Federal;1111;AJ ALBUQUERQUE;1;PP;PP
109;135;Deputado Federal;1212;LEÔNIDAS CRISTINO;2;PDT;PDT
109;135;Deputado Federal;1213;IDILVAN;5;PDT;PDT
109;135;Deputado Federal;1214;EDUARDO BISMARCK;13;PDT;PDT
109;135;Deputado Federal;1233;ROBÉRIO MONTEIRO;2;PDT;PDT
109;135;Deputado Federal;1277;ADAIL JR;1;PDT;PDT
109;135;Deputado Federal;1313;LUIZIANNE LINS;3;PT;(PT/PC do B/PV)
109;135;Deputado Federal;2200;DRA. MAYRA PINHEIRO;3;PL;PL
109;135;Deputado Federal;2201;DELEGADO CAVALCANTE;1;PL;PL
109;135;Deputado Federal;2222;ANDRÉ FERNANDES;4;PL;PL
109;135;Deputado Federal;2255;JÚNIOR MANO;2;PL;PL
109;135;Deputado Federal;2277;DR JAZIEL;12;PL;PL
109;135;Deputado Federal;2299;MATHEUS NORONHA;4;PL;PL
109;135;Deputado Federal;3000;SAMUEL LIMA;1;NOVO;NOVO
109;135;Deputado Federal;4000;DENIS BEZERRA;6;PSB;PSB
109;135;Deputado Federal;4012;ALANDERSON MANGUEIRA;2;PSB;PSB
109;135;Deputado Federal;4410;CARLOS MATOS;2;UNIÃO;UNIÃO
109;135;Deputado Federal;4433;DR. AGRIPINO MAGALHÃES;2;UNIÃO;UNIÃO
109;135;Deputado Federal;4441;HELIO FILHO;1;UNIÃO;UNIÃO
109;135;Deputado Federal;4445;DAMIÃO TENORIO;2;UNIÃO;UNIÃO
109;135;Deputado Federal;4447;DANILO FORTE;65;UNIÃO;UNIÃO
109;135;Deputado Federal;4455;VAIDON OLIVEIRA;1;UNIÃO;UNIÃO
109;135;Deputado Federal;4477;FERNANDA PESSOA;2;UNIÃO;UNIÃO
109;135;Deputado Federal;4488;MOSES RODRIGUES;10;UNIÃO;UNIÃO
109;135;Deputado Federal;4512;SARGENTO GERSON;1;PSDB;(PSDB/CIDADANIA)
109;135;Deputado Federal;5055;GABRIEL BIOLOGIA;1;PSOL;(PSOL/REDE)
109;135;Deputado Federal;5511;CÉLIO STUDART;1;PSD;PSD
109;135;Deputado Federal;5533;LUIZ GASTÃO;2;PSD;PSD
109;135;Deputado Federal;5555;DOMINGOS NETO;85;PSD;PSD
109;135;Deputado Federal;5588;ELIANE BRAZ;21;PSD;PSD
109;135;Deputado Federal;5599;EMANUEL MOTA;1;PSD;PSD
109;135;Deputado Federal;6565;INÁCIO ARRUDA;1;PC do B;(PT/PC do B/PV)
109;135;Deputado Federal;7090;DALILA ELOY;1;AVANTE;AVANTE
109;135;Deputado Federal;10;LEGENDA REPUBLICANOS;1;REPUBLICANOS;REPUBLICANOS
109;135;Deputado Federal;12;LEGENDA PDT;1;PDT;PDT
109;135;Deputado Federal;13;LEGENDA PT;3;PT;PT
109;135;Deputado Federal;44;LEGENDA UNIÃO;1;UNIÃO;UNIÃO
109;135;Deputado Federal;55;LEGENDA PSD;1;PSD;PSD
109;135;Deputado Federal;65;LEGENDA PC do B;1;PC do B;PC do B
109;135;Deputado Federal;95;BRANCOS;14;;
109;135;Deputado Federal;96;NULOS;4;;
109;135;Deputado Estadual;11111;ZEZINHO ALBUQUERQUE;1;PP;PP
109;135;Deputado Estadual;11113;ALMIR BIÉ;3;PP;PP
109;135;Deputado Estadual;11444;LEONARDO PINHEIRO;2;PP;PP
109;135;Deputado Estadual;12112;VANESSA VENÂNCIO;1;PDT;PDT
109;135;Deputado Estadual;12123;CLÁUDIO PINHO;5;PDT;PDT
109;135;Deputado Estadual;12127;HELAINE COELHO;24;PDT;PDT
109;135;Deputado Estadual;12344;JANNE RUTH;1;PDT;PDT
109;135;Deputado Estadual;13131;MARI LACERDA;1;PT;(PT/PC do B/PV)
109;135;Deputado Estadual;13132;ACRISIO SENA;4;PT;(PT/PC do B/PV)
109;135;Deputado Estadual;13333;MOISES BRAZ;2;PT;(PT/PC do B/PV)
109;135;Deputado Estadual;13555;JULIANA LUCENA;1;PT;(PT/PC do B/PV)
109;135;Deputado Estadual;13777;NIZO;24;PT;(PT/PC do B/PV)
109;135;Deputado Estadual;13789;JULINHO;2;PT;(PT/PC do B/PV)
109;135;Deputado Estadual;15555;FELIPE AGUIAR;2;MDB;MDB
109;135;Deputado Estadual;15888;AGENOR NETO;1;MDB;MDB
109;135;Deputado Estadual;22111;PEDRO MATOS;3;PL;PL
109;135;Deputado Estadual;22222;PR.ALCIDES FERNANDES;1;PL;PL
109;135;Deputado Estadual;22380;DUDU DIÓGENES;3;PL;PL
109;135;Deputado Estadual;22555;MARTA GONÇALVES;63;PL;PL
109;135;Deputado Estadual;22777;DRA SILVANA;10;PL;PL
109;135;Deputado Estadual;23190;TENENTE DANTAS;1;CIDADANIA;(PSDB/CIDADANIA)
109;135;Deputado Estadual;44447;ISABELLE MUNGUBA;1;UNIÃO;UNIÃO
109;135;Deputado Estadual;44543;ANDERSON FELÍCIO;1;UNIÃO;UNIÃO
109;135;Deputado Estadual;44567;MAGNOLIA ROCHA;32;UNIÃO;UNIÃO
109;135;Deputado Estadual;44777;FIRMO CAMURÇA;2;UNIÃO;UNIÃO
109;135;Deputado Estadual;44888;DR. OSCAR RODRIGUES;10;UNIÃO;UNIÃO
109;135;Deputado Estadual;45000;JORGE PINHEIRO;1;PSDB;(PSDB/CIDADANIA)
109;135;Deputado Estadual;45123;EMILIA PESSOA;26;PSDB;(PSDB/CIDADANIA)
109;135;Deputado Estadual;50013;LÉO SURICATE;1;PSOL;(PSOL/REDE)
109;135;Deputado Estadual;50500;RENATO ROSENO;3;PSOL;(PSOL/REDE)
109;135;Deputado Estadual;65234;CACIKA IRÊ;1;PC do B;(PT/PC do B/PV)
109;135;Deputado Estadual;70123;TOMAZ HOLANDA;19;AVANTE;AVANTE
109;135;Deputado Estadual;70321;DANIEL BORGES;1;AVANTE;AVANTE
109;135;Deputado Estadual;70567;AILTON DA PESCA;2;AVANTE;AVANTE
109;135;Deputado Estadual;10;LEGENDA REPUBLICANOS;1;REPUBLICANOS;REPUBLICANOS
109;135;Deputado Estadual;11;LEGENDA PP;1;PP;PP
109;135;Deputado Estadual;13;LEGENDA PT;8;PT;PT
109;135;Deputado Estadual;44;LEGENDA UNIÃO;1;UNIÃO;UNIÃO
109;135;Deputado Estadual;55;LEGENDA PSD;1;PSD;PSD
109;135;Deputado Estadual;70;LEGENDA AVANTE;2;AVANTE;AVANTE
109;135;Deputado Estadual;95;BRANCOS;17;;
109;135;Deputado Estadual;96;NULOS;5;;
109;136;Presidente;12;CIRO GOMES;13;PDT;PDT
109;136;Presidente;13;LULA;188;PT;(PT/PC do B/PV), SOLIDARIEDADE, (PSOL/REDE), PSB, AGIR, AVANTE, PROS
109;136;Presidente;15;SIMONE TEBET;4;MDB;MDB, (PSDB/CIDADANIA), PODE
109;136;Presidente;22;JAIR BOLSONARO;86;PL;PP, REPUBLICANOS, PL
109;136;Presidente;44;SORAYA THRONICKE;1;UNIÃO;UNIÃO
109;136;Presidente;95;BRANCOS;7;;
109;136;Presidente;96;NULOS;4;;
109;136;Governador;12;ROBERTO CLÁUDIO;23;PDT;PMN, PATRIOTA, AGIR, PMB, PDT, PSD, PSB, PSC, DC
109;136;Governador;13;ELMANO DE FREITAS;144;PT;(PT/PC do B/PV), PP, MDB, PRTB, (PSOL/REDE), SOLIDARIEDADE
109;136;Governador;44;CAPITÃO WAGNER;112;UNIÃO;PODE, AVANTE, PL, REPUBLICANOS, PTB, PROS, UNIÃO
109;136;Governador;95;BRANCOS;12;;
109;136;Governador;96;NULOS;12;;
109;136;Senador;131;CAMILO;175;PT;(PT/PC do B/PV), MDB, PRTB, (PSOL/REDE), SOLIDARIEDADE, PP
109;136;Senador;555;ERIKA AMORIM;5;PSD;PSB, AGIR, DC, PMB, PDT, PSD, PMN, PATRIOTA, PSC
109;136;Senador;700;KAMILA CARDOSO;75;AVANTE;AVANTE, UNIÃO, PTB, REPUBLICANOS, PROS, PL, PODE
109;136;Senador;95;BRANCOS;21;;
109;136;Senador;96;NULOS;27;;
109;136;Deputado Federal;1010;RONALDO MARTINS;1;REPUBLICANOS;REPUBLICANOS
109;136;Deputado Federal;1023;PASTOR ABRAÃO;1;REPUBLICANOS;REPUBLICANOS
109;136;Deputado Federal;1113;ELINETE TORRES;1;PP;PP
109;136;Deputado Federal;1123;TARSO MAGNO;1;PP;PP
109;136;Deputado Federal;1212;LEÔNIDAS CRISTINO;2;PDT;PDT
109;136;Deputado Federal;1213;IDILVAN;3;PDT;PDT
109;136;Deputado Federal;1214;EDUARDO BISMARCK;13;PDT;PDT
109;136;Deputado Federal;1233;ROBÉRIO MONTEIRO;1;PDT;PDT
109;136;Deputado Federal;1234;ANDRÉ FIGUEIREDO;1;PDT;PDT
109;136;Deputado Federal;1292;ENFERMEIRA ANA PAULA;1;PDT;PDT
109;136;Deputado Federal;1313;LUIZIANNE LINS;4;PT;(PT/PC do B/PV)
109;136;Deputado Federal;1322;GUIMARÃES DO PT;3;PT;(PT/PC do B/PV)
109;136;Deputado Federal;1444;CABO JORDÂNIA;1;PTB;PTB
109;136;Deputado Federal;1533;EUNÍCIO;3;MDB;MDB
109;136;Deputado Federal;2200;DRA. MAYRA PINHEIRO;2;PL;PL
109;136;Deputado Federal;2222;ANDRÉ FERNANDES;6;PL;PL
109;136;Deputado Federal;2233;GORETE PEREIRA;1;PL;PL
109;136;Deputado Federal;2244;TADEU OLIVEIRA;1;PL;PL
109;136;Deputado Federal;2277;DR JAZIEL;6;PL;PL
109;136;Deputado Federal;2288;PRISCILA COSTA;1;PL;PL
109;136;Deputado Federal;2299;MATHEUS NORONHA;3;PL;PL
109;136;Deputado Federal;4000;DENIS BEZERRA;4;PSB;PSB
109;136;Deputado Federal;4410;CARLOS MATOS;1;UNIÃO;UNIÃO
109;136;Deputado Federal;4422;JULIERME SENA;1;UNIÃO;UNIÃO
109;136;Deputado Federal;4444;HEITOR FREIRE;2;UNIÃO;UNIÃO
109;136;Deputado Federal;4445;DAMIÃO TENORIO;3;UNIÃO;UNIÃO
109;136;Deputado Federal;4447;DANILO FORTE;58;UNIÃO;UNIÃO
109;136;Deputado Federal;4456;DAYANY DO CAPITÃO;2;UNIÃO;UNIÃO
109;136;Deputado Federal;4477;FERNANDA PESSOA;2;UNIÃO;UNIÃO
109;136;Deputado Federal;4488;MOSES RODRIGUES;21;UNIÃO;UNIÃO
109;136;Deputado Federal;4490;SOLDADO NOELIO;2;UNIÃO;UNIÃO
109;136;Deputado Federal;4512;SARGENTO GERSON;1;PSDB;(PSDB/CIDADANIA)
109;136;Deputado Federal;5013;ADELITA MONTEIRO;1;PSOL;(PSOL/REDE)
109;136;Deputado Federal;5044;LÍDIA DO BORA DE RUMA;1;PSOL;(PSOL/REDE)
109;136;Deputado Federal;5511;CÉLIO STUDART;1;PSD;PSD
109;136;Deputado Federal;5533;LUIZ GASTÃO;3;PSD;PSD
109;136;Deputado Federal;5555;DOMINGOS NETO;94;PSD;PSD
109;136;Deputado Federal;5567;POETA GERALDO AMANCIO;1;PSD;PSD
109;136;Deputado Federal;5588;ELIANE BRAZ;21;PSD;PSD
109;136;Deputado Federal;6565;INÁCIO ARRUDA;3;PC do B;(PT/PC do B/PV)
109;136;Deputado Federal;12;LEGENDA PDT;2;PDT;PDT
109;136;Deputado Federal;13;LEGENDA PT;3;PT;PT
109;136;Deputado Federal;95;BRANCOS;17;;
109;136;Deputado Federal;96;NULOS;3;;
109;136;Deputado Estadual;10000;APÓSTOLO LUIZ HENRIQUE;1;REPUBLICANOS;REPUBLICANOS
109;136;Deputado Estadual;11111;ZEZINHO ALBUQUERQUE;3;PP;PP
109;136;Deputado Estadual;11113;ALMIR BIÉ;1;PP;PP
109;136;Deputado Estadual;11444;LEONARDO PINHEIRO;1;PP;PP
109;136;Deputado Estadual;11999;MOÉSIO LOIOLA;1;PP;PP
109;136;Deputado Estadual;12123;CLÁUDIO PINHO;7;PDT;PDT
109;136;Deputado Estadual;12127;HELAINE COELHO;18;PDT;PDT
109;136;Deputado Estadual;12344;JANNE RUTH;1;PDT;PDT
109;136;Deputado Estadual;12555;ORIEL FILHO;1;PDT;PDT
109;136;Deputado Estadual;13132;ACRISIO SENA;7;PT;(PT/PC do B/PV)
109;136;Deputado Estadual;13133;LARISSA GASPAR;1;PT;(PT/PC do B/PV)
109;136;Deputado Estadual;13222;FERNANDO SANTANA;1;PT;(PT/PC do B/PV)
109;136;Deputado Estadual;13234;GUILHERME SAMPAIO;2;PT;(PT/PC do B/PV)
109;136;Deputado Estadual;13333;MOISES BRAZ;1;PT;(PT/PC do B/PV)
109;136;Deputado Estadual;13456;DE ASSIS DINIZ;2;PT;(PT/PC do B/PV)
109;136;Deputado Estadual;13777;NIZO;21;PT;(PT/PC do B/PV)
109;136;Deputado Estadual;13789;JULINHO;1;PT;(PT/PC do B/PV)
109;136;Deputado Estadual;15120;JACQUELINE GOUVEIA;1;MDB;MDB
109;136;Deputado Estadual;15888;AGENOR NETO;2;MDB;MDB
109;136;Deputado Estadual;22022;CARMELO NETO;3;PL;PL
109;136;Deputado Estadual;22111;PEDRO MATOS;4;PL;PL
109;136;Deputado Estadual;22122;ARI COWBOY;1;PL;PL
109;136;Deputado Estadual;22222;PR.ALCIDES FERNANDES;1;PL;PL
109;136;Deputado Estadual;22380;DUDU DIÓGENES;2;PL;PL
109;136;Deputado Estadual;22555;MARTA GONÇALVES;67;PL;PL
109;136;Deputado Estadual;22556;DAVID PROARMAS;1;PL;PL
109;136;Deputado Estadual;22777;DRA SILVANA;6;PL;PL
109;136;Deputado Estadual;44543;ANDERSON FELÍCIO;1;UNIÃO;UNIÃO
109;136;Deputado Estadual;44567;MAGNOLIA ROCHA;28;UNIÃO;UNIÃO
109;136;Deputado Estadual;44678;ABREU DE CAPISTRANO;1;UNIÃO;UNIÃO
109;136;Deputado Estadual;44776;NICOLLE BARBOSA;1;UNIÃO;UNIÃO
109;136;Deputado Estadual;44888;DR. OSCAR RODRIGUES;22;UNIÃO;UNIÃO
109;136;Deputado Estadual;45000;JORGE PINHEIRO;1;PSDB;(PSDB/CIDADANIA)
109;136;Deputado Estadual;45123;EMILIA PESSOA;25;PSDB;(PSDB/CIDADANIA)
109;136;Deputado Estadual;50500;RENATO ROSENO;1;PSOL;(PSOL/REDE)
109;136;Deputado Estadual;50777;ADRIANA GERONIMO;1;PSOL;(PSOL/REDE)
109;136;Deputado Estadual;55555;GABRIELLA AGUIAR;1;PSD;PSD
109;136;Deputado Estadual;55678;DEP FERNANDO HUGO - DR HUGO;1;PSD;PSD
109;136;Deputado Estadual;70000;TAM DE OLIVEIRA;1;AVANTE;AVANTE
109;136;Deputado Estadual;70123;TOMAZ HOLANDA;11;AVANTE;AVANTE
109;136;Deputado Estadual;70300;GILBERTO PAPAI;1;AVANTE;AVANTE
109;136;Deputado Estadual;10;LEGENDA REPUBLICANOS;1;REPUBLICANOS;REPUBLICANOS
109;136;Deputado Estadual;11;LEGENDA PP;2;PP;PP
109;136;Deputado Estadual;12;LEGENDA PDT;2;PDT;PDT
109;136;Deputado Estadual;13;LEGENDA PT;10;PT;PT
109;136;Deputado Estadual;22;LEGENDA PL;1;PL;PL
109;136;Deputado Estadual;44;LEGENDA UNIÃO;3;UNIÃO;UNIÃO
109;136;Deputado Estadual;45;LEGENDA PSDB;2;PSDB;PSDB
109;136;Deputado Estadual;65;LEGENDA PC do B;1;PC do B;PC do B
109;136;Deputado Estadual;70;LEGENDA AVANTE;1;AVANTE;AVANTE
109;136;Deputado Estadual;95;BRANCOS;23;;
109;136;Deputado Estadual;96;NULOS;3;;
109;137;Presidente;12;CIRO GOMES;9;PDT;PDT
109;137;Presidente;13;LULA;177;PT;(PT/PC do B/PV), SOLIDARIEDADE, (PSOL/REDE), PSB, AGIR, AVANTE, PROS
109;137;Presidente;15;SIMONE TEBET;5;MDB;MDB, (PSDB/CIDADANIA), PODE
109;137;Presidente;16;VERA;1;PSTU;PSTU
109;137;Presidente;22;JAIR BOLSONARO;80;PL;PP, REPUBLICANOS, PL
109;137;Presidente;44;SORAYA THRONICKE;3;UNIÃO;UNIÃO
109;137;Presidente;95;BRANCOS;4;;
109;137;Presidente;96;NULOS;12;;
109;137;Governador;12;ROBERTO CLÁUDIO;25;PDT;PMN, PATRIOTA, AGIR, PMB, PDT, PSD, PSB, PSC, DC
109;137;Governador;13;ELMANO DE FREITAS;122;PT;(PT/PC do B/PV), PP, MDB, PRTB, (PSOL/REDE), SOLIDARIEDADE
109;137;Governador;44;CAPITÃO WAGNER;114;UNIÃO;PODE, AVANTE, PL, REPUBLICANOS, PTB, PROS, UNIÃO
109;137;Governador;95;BRANCOS;9;;
109;137;Governador;96;NULOS;21;;
109;137;Senador;131;CAMILO;175;PT;(PT/PC do B/PV), MDB, PRTB, (PSOL/REDE), SOLIDARIEDADE, PP
109;137;Senador;555;ERIKA AMORIM;3;PSD;PSB, AGIR, DC, PMB, PDT, PSD, PMN, PATRIOTA, PSC
109;137;Senador;700;KAMILA CARDOSO;64;AVANTE;AVANTE, UNIÃO, PTB, REPUBLICANOS, PROS, PL, PODE
109;137;Senador;95;BRANCOS;17;;
109;137;Senador;96;NULOS;32;;
109;137;Deputado Federal;1000;BISPA VANESSA LIMA;1;REPUBLICANOS;REPUBLICANOS
109;137;Deputado Federal;1010;RONALDO MARTINS;2;REPUBLICANOS;REPUBLICANOS
109;137;Deputado Federal;1020;ERLAN BASTOS;1;REPUBLICANOS;REPUBLICANOS
109;137;Deputado Federal;1111;AJ ALBUQUERQUE;1;PP;PP
109;137;Deputado Federal;1212;LEÔNIDAS CRISTINO;1;PDT;PDT
109;137;Deputado Federal;1213;IDILVAN;2;PDT;PDT
109;137;Deputado Federal;1214;EDUARDO BISMARCK;9;PDT;PDT
109;137;Deputado Federal;1233;ROBÉRIO MONTEIRO;1;PDT;PDT
109;137;Deputado Federal;1234;ANDRÉ FIGUEIREDO;1;PDT;PDT
109;137;Deputado Federal;1277;ADAIL JR;1;PDT;PDT
109;137;Deputado Federal;1313;LUIZIANNE LINS;9;PT;(PT/PC do B/PV)
109;137;Deputado Federal;1322;GUIMARÃES DO PT;3;PT;(PT/PC do B/PV)
109;137;Deputado Federal;1533;EUNÍCIO;2;MDB;MDB
109;137;Deputado Federal;2200;DRA. MAYRA PINHEIRO;2;PL;PL
109;137;Deputado Federal;2211;YURY DO PAREDÃO;1;PL;PL
109;137;Deputado Federal;2222;ANDRÉ FERNANDES;7;PL;PL
109;137;Deputado Federal;2255;JÚNIOR MANO;3;PL;PL
109;137;Deputado Federal;2277;DR JAZIEL;5;PL;PL
109;137;Deputado Federal;2288;PRISCILA COSTA;2;PL;PL
109;137;Deputado Federal;2299;MATHEUS NORONHA;3;PL;PL
109;137;Deputado Federal;4000;DENIS BEZERRA;3;PSB;PSB
109;137;Deputado Federal;4012;ALANDERSON MANGUEIRA;1;PSB;PSB
109;137;Deputado Federal;4050;HEITOR HOLANDA;1;PSB;PSB
109;137;Deputado Federal;4410;CARLOS MATOS;2;UNIÃO;UNIÃO
109;137;Deputado Federal;4411;VANDERLAN ALVES;1;UNIÃO;UNIÃO
109;137;Deputado Federal;4422;JULIERME SENA;2;UNIÃO;UNIÃO
109;137;Deputado Federal;4433;DR. AGRIPINO MAGALHÃES;1;UNIÃO;UNIÃO
109;137;Deputado Federal;4447;DANILO FORTE;59;UNIÃO;UNIÃO
109;137;Deputado Federal;4455;VAIDON OLIVEIRA;1;UNIÃO;UNIÃO
109;137;Deputado Federal;4488;MOSES RODRIGUES;22;UNIÃO;UNIÃO
109;137;Deputado Federal;4490;SOLDADO NOELIO;2;UNIÃO;UNIÃO
109;137;Deputado Federal;4512;SARGENTO GERSON;1;PSDB;(PSDB/CIDADANIA)
109;137;Deputado Federal;5500;NAUMI AMORIM;1;PSD;PSD
109;137;Deputado Federal;5533;LUIZ GASTÃO;1;PSD;PSD
109;137;Deputado Federal;5555;DOMINGOS NETO;90;PSD;PSD
109;137;Deputado Federal;5588;ELIANE BRAZ;19;PSD;PSD
109;137;Deputado Federal;6565;INÁCIO ARRUDA;1;PC do B;(PT/PC do B/PV)
109;137;Deputado Federal;7033;PASTOR AIRTON SILVA;1;AVANTE;AVANTE
109;137;Deputado Federal;12;LEGENDA PDT;1;PDT;PDT
109;137;Deputado Federal;13;LEGENDA PT;1;PT;PT
109;137;Deputado Federal;44;LEGENDA UNIÃO;2;UNIÃO;UNIÃO
109;137;Deputado Federal;55;LEGENDA PSD;1;PSD;PSD
109;137;Deputado Federal;95;BRANCOS;12;;
109;137;Deputado Federal;96;NULOS;8;;
109;137;Deputado Estadual;10000;APÓSTOLO LUIZ HENRIQUE;2;REPUBLICANOS;REPUBLICANOS
109;137;Deputado Estadual;10123;DAVID DURAND;2;REPUBLICANOS;REPUBLICANOS
109;137;Deputado Estadual;11113;ALMIR BIÉ;2;PP;PP
109;137;Deputado Estadual;12123;CLÁUDIO PINHO;5;PDT;PDT
109;137;Deputado Estadual;12127;HELAINE COELHO;13;PDT;PDT
109;137;Deputado Estadual;12300;QUEIROZ FILHO;1;PDT;PDT
109;137;Deputado Estadual;12555;ORIEL FILHO;1;PDT;PDT
109;137;Deputado Estadual;13132;ACRISIO SENA;4;PT;(PT/PC do B/PV)
109;137;Deputado Estadual;13234;GUILHERME SAMPAIO;1;PT;(PT/PC do B/PV)
109;137;Deputado Estadual;13333;MOISES BRAZ;1;PT;(PT/PC do B/PV)
109;137;Deputado Estadual;13456;DE ASSIS DINIZ;1;PT;(PT/PC do B/PV)
109;137;Deputado Estadual;13555;JULIANA LUCENA;2;PT;(PT/PC do B/PV)
109;137;Deputado Estadual;13777;NIZO;22;PT;(PT/PC do B/PV)
109;137;Deputado Estadual;13789;JULINHO;1;PT;(PT/PC do B/PV)
109;137;Deputado Estadual;15888;AGENOR NETO;1;MDB;MDB
109;137;Deputado Estadual;22022;CARMELO NETO;2;PL;PL
109;137;Deputado Estadual;22111;PEDRO MATOS;2;PL;PL
109;137;Deputado Estadual;22222;PR.ALCIDES FERNANDES;2;PL;PL
109;137;Deputado Estadual;22380;DUDU DIÓGENES;2;PL;PL
109;137;Deputado Estadual;22555;MARTA GONÇALVES;81;PL;PL
109;137;Deputado Estadual;22777;DRA SILVANA;3;PL;PL
109;137;Deputado Estadual;44111;FELIPE MOTA;1;UNIÃO;UNIÃO
109;137;Deputado Estadual;44123;TONY BRITO;1;UNIÃO;UNIÃO
109;137;Deputado Estadual;44144;JULIANA MIRANDA;2;UNIÃO;UNIÃO
109;137;Deputado Estadual;44190;SARGENTO REGINAURO;3;UNIÃO;UNIÃO
109;137;Deputado Estadual;44444;ENEAS GOES;1;UNIÃO;UNIÃO
109;137;Deputado Estadual;44557;NASARÉ ALENCAR;1;UNIÃO;UNIÃO
109;137;Deputado Estadual;44567;MAGNOLIA ROCHA;34;UNIÃO;UNIÃO
109;137;Deputado Estadual;44888;DR. OSCAR RODRIGUES;14;UNIÃO;UNIÃO
109;137;Deputado Estadual;45000;JORGE PINHEIRO;2;PSDB;(PSDB/CIDADANIA)
109;137;Deputado Estadual;45123;EMILIA PESSOA;23;PSDB;(PSDB/CIDADANIA)
109;137;Deputado Estadual;50500;RENATO ROSENO;2;PSOL;(PSOL/REDE)
109;137;Deputado Estadual;55333;SIMÃO PEDRO;1;PSD;PSD
109;137;Deputado Estadual;55555;GABRIELLA AGUIAR;1;PSD;PSD
109;137;Deputado Estadual;65234;CACIKA IRÊ;1;PC do B;(PT/PC do B/PV)
109;137;Deputado Estadual;70000;TAM DE OLIVEIRA;1;AVANTE;AVANTE
109;137;Deputado Estadual;70123;TOMAZ HOLANDA;10;AVANTE;AVANTE
109;137;Deputado Estadual;70222;STUART CASTRO;1;AVANTE;AVANTE
109;137;Deputado Estadual;70321;DANIEL BORGES;1;AVANTE;AVANTE
109;137;Deputado Estadual;11;LEGENDA PP;2;PP;PP
109;137;Deputado Estadual;12;LEGENDA PDT;2;PDT;PDT
109;137;Deputado Estadual;13;LEGENDA PT;6;PT;PT
109;137;Deputado Estadual;22;LEGENDA PL;1;PL;PL
109;137;Deputado Estadual;44;LEGENDA UNIÃO;3;UNIÃO;UNIÃO
109;137;Deputado Estadual;50;LEGENDA PSOL;1;PSOL;PSOL
109;137;Deputado Estadual;55;LEGENDA PSD;1;PSD;PSD
109;137;Deputado Estadual;70;LEGENDA AVANTE;1;AVANTE;AVANTE
109;137;Deputado Estadual;95;BRANCOS;15;;
109;137;Deputado Estadual;96;NULOS;8;;
109;138;Presidente;12;CIRO GOMES;11;PDT;PDT
109;138;Presidente;13;LULA;165;PT;(PT/PC do B/PV), SOLIDARIEDADE, (PSOL/REDE), PSB, AGIR, AVANTE, PROS
109;138;Presidente;15;SIMONE TEBET;1;MDB;MDB, (PSDB/CIDADANIA), PODE
109;138;Presidente;16;VERA;1;PSTU;PSTU
109;138;Presidente;22;JAIR BOLSONARO;89;PL;PP, REPUBLICANOS, PL
109;138;Presidente;44;SORAYA THRONICKE;1;UNIÃO;UNIÃO
109;138;Presidente;95;BRANCOS;8;;
109;138;Presidente;96;NULOS;4;;
109;138;Governador;12;ROBERTO CLÁUDIO;21;PDT;PMN, PATRIOTA, AGIR, PMB, PDT, PSD, PSB, PSC, DC
109;138;Governador;13;ELMANO DE FREITAS;119;PT;(PT/PC do B/PV), PP, MDB, PRTB, (PSOL/REDE), SOLIDARIEDADE
109;138;Governador;44;CAPITÃO WAGNER;113;UNIÃO;PODE, AVANTE, PL, REPUBLICANOS, PTB, PROS, UNIÃO
109;138;Governador;95;BRANCOS;16;;
109;138;Governador;96;NULOS;11;;
109;138;Senador;131;CAMILO;158;PT;(PT/PC do B/PV), MDB, PRTB, (PSOL/REDE), SOLIDARIEDADE, PP
109;138;Senador;555;ERIKA AMORIM;4;PSD;PSB, AGIR, DC, PMB, PDT, PSD, PMN, PATRIOTA, PSC
109;138;Senador;700;KAMILA CARDOSO;72;AVANTE;AVANTE, UNIÃO, PTB, REPUBLICANOS, PROS, PL, PODE
109;138;Senador;95;BRANCOS;20;;
109;138;Senador;96;NULOS;26;;
109;138;Deputado Federal;1000;BISPA VANESSA LIMA;1;REPUBLICANOS;REPUBLICANOS
109;138;Deputado Federal;1010;RONALDO MARTINS;2;REPUBLICANOS;REPUBLICANOS
109;138;Deputado Federal;1023;PASTOR ABRAÃO;1;REPUBLICANOS;REPUBLICANOS
109;138;Deputado Federal;1044;PROFESSORA GABRIELLA;1;REPUBLICANOS;REPUBLICANOS
109;138;Deputado Federal;1212;LEÔNIDAS CRISTINO;2;PDT;PDT
109;138;Deputado Federal;1213;IDILVAN;5;PDT;PDT
109;138;Deputado Federal;1214;EDUARDO BISMARCK;18;PDT;PDT
109;138;Deputado Federal;1313;LUIZIANNE LINS;10;PT;(PT/PC do B/PV)
109;138;Deputado Federal;2069;REGININHA DUARTE;1;PSC;PSC
109;138;Deputado Federal;2200;DRA. MAYRA PINHEIRO;2;PL;PL
109;138;Deputado Federal;2201;DELEGADO CAVALCANTE;1;PL;PL
109;138;Deputado Federal;2211;YURY DO PAREDÃO;1;PL;PL
109;138;Deputado Federal;2222;ANDRÉ FERNANDES;13;PL;PL
109;138;Deputado Federal;2255;JÚNIOR MANO;3;PL;PL
109;138;Deputado Federal;2277;DR JAZIEL;10;PL;PL
109;138;Deputado Federal;2288;PRISCILA COSTA;1;PL;PL
109;138;Deputado Federal;2299;MATHEUS NORONHA;3;PL;PL
109;138;Deputado Federal;4000;DENIS BEZERRA;2;PSB;PSB
109;138;Deputado Federal;4400;LUIZ CARLOS JR;1;UNIÃO;UNIÃO
109;138;Deputado Federal;4411;VANDERLAN ALVES;1;UNIÃO;UNIÃO
109;138;Deputado Federal;4445;DAMIÃO TENORIO;2;UNIÃO;UNIÃO
109;138;Deputado Federal;4447;DANILO FORTE;63;UNIÃO;UNIÃO
109;138;Deputado Federal;4456;DAYANY DO CAPITÃO;3;UNIÃO;UNIÃO
109;138;Deputado Federal;4488;MOSES RODRIGUES;14;UNIÃO;UNIÃO
109;138;Deputado Federal;5055;GABRIEL BIOLOGIA;1;PSOL;(PSOL/REDE)
109;138;Deputado Federal;5511;CÉLIO STUDART;3;PSD;PSD
109;138;Deputado Federal;5533;LUIZ GASTÃO;4;PSD;PSD
109;138;Deputado Federal;5555;DOMINGOS NETO;69;PSD;PSD
109;138;Deputado Federal;5588;ELIANE BRAZ;16;PSD;PSD
109;138;Deputado Federal;12;LEGENDA PDT;3;PDT;PDT
109;138;Deputado Federal;13;LEGENDA PT;4;PT;PT
109;138;Deputado Federal;22;LEGENDA PL;1;PL;PL
109;138;Deputado Federal;44;LEGENDA UNIÃO;1;UNIÃO;UNIÃO
109;138;Deputado Federal;45;LEGENDA PSDB;1;PSDB;PSDB
109;138;Deputado Federal;95;BRANCOS;10;;
109;138;Deputado Federal;96;NULOS;6;;
109;138;Deputado Estadual;10000;APÓSTOLO LUIZ HENRIQUE;2;REPUBLICANOS;REPUBLICANOS
109;138;Deputado Estadual;10123;DAVID DURAND;2;REPUBLICANOS;REPUBLICANOS
109;138;Deputado Estadual;11111;ZEZINHO ALBUQUERQUE;1;PP;PP
109;138;Deputado Estadual;11113;ALMIR BIÉ;2;PP;PP
109;138;Deputado Estadual;12123;CLÁUDIO PINHO;8;PDT;PDT
109;138;Deputado Estadual;12127;HELAINE COELHO;20;PDT;PDT
109;138;Deputado Estadual;12300;QUEIROZ FILHO;1;PDT;PDT
109;138;Deputado Estadual;12344;JANNE RUTH;1;PDT;PDT
109;138;Deputado Estadual;12400;ELIZABETH GALDINO;1;PDT;PDT
109;138;Deputado Estadual;13132;ACRISIO SENA;9;PT;(PT/PC do B/PV)
109;138;Deputado Estadual;13555;JULIANA LUCENA;1;PT;(PT/PC do B/PV)
109;138;Deputado Estadual;13777;NIZO;18;PT;(PT/PC do B/PV)
109;138;Deputado Estadual;13789;JULINHO;3;PT;(PT/PC do B/PV)
109;138;Deputado Estadual;15120;JACQUELINE GOUVEIA;1;MDB;MDB
109;138;Deputado Estadual;22022;CARMELO NETO;4;PL;PL
109;138;Deputado Estadual;22111;PEDRO MATOS;1;PL;PL
109;138;Deputado Estadual;22222;PR.ALCIDES FERNANDES;7;PL;PL
109;138;Deputado Estadual;22380;DUDU DIÓGENES;3;PL;PL
109;138;Deputado Estadual;22555;MARTA GONÇALVES;67;PL;PL
109;138;Deputado Estadual;22777;DRA SILVANA;9;PL;PL
109;138;Deputado Estadual;23190;TENENTE DANTAS;1;CIDADANIA;(PSDB/CIDADANIA)
109;138;Deputado Estadual;44144;JULIANA MIRANDA;1;UNIÃO;UNIÃO
109;138;Deputado Estadual;44190;SARGENTO REGINAURO;1;UNIÃO;UNIÃO
109;138;Deputado Estadual;44456;CORONEL BEZERRA;1;UNIÃO;UNIÃO
109;138;Deputado Estadual;44543;ANDERSON FELÍCIO;1;UNIÃO;UNIÃO
109;138;Deputado Estadual;44567;MAGNOLIA ROCHA;28;UNIÃO;UNIÃO
109;138;Deputado Estadual;44888;DR. OSCAR RODRIGUES;16;UNIÃO;UNIÃO
109;138;Deputado Estadual;45000;JORGE PINHEIRO;1;PSDB;(PSDB/CIDADANIA)
109;138;Deputado Estadual;45123;EMILIA PESSOA;22;PSDB;(PSDB/CIDADANIA)
109;138;Deputado Estadual;45333;DIEGO BARRETO;1;PSDB;(PSDB/CIDADANIA)
109;138;Deputado Estadual;50777;ADRIANA GERONIMO;1;PSOL;(PSOL/REDE)
109;138;Deputado Estadual;55011;APOLLO VICZ;1;PSD;PSD
109;138;Deputado Estadual;70123;TOMAZ HOLANDA;7;AVANTE;AVANTE
109;138;Deputado Estadual;70321;DANIEL BORGES;1;AVANTE;AVANTE
109;138;Deputado Estadual;10;LEGENDA REPUBLICANOS;1;REPUBLICANOS;REPUBLICANOS
109;138;Deputado Estadual;12;LEGENDA PDT;2;PDT;PDT
109;138;Deputado Estadual;13;LEGENDA PT;8;PT;PT
109;138;Deputado Estadual;44;LEGENDA UNIÃO;5;UNIÃO;UNIÃO
109;138;Deputado Estadual;70;LEGENDA AVANTE;3;AVANTE;AVANTE
109;138;Deputado Estadual;95;BRANCOS;11;;
109;138;Deputado Estadual;96;NULOS;6;;
109;139;Presidente;12;CIRO GOMES;12;PDT;PDT
109;139;Presidente;13;LULA;198;PT;(PT/PC do B/PV), SOLIDARIEDADE, (PSOL/REDE), PSB, AGIR, AVANTE, PROS
109;139;Presidente;15;SIMONE TEBET;3;MDB;MDB, (PSDB/CIDADANIA), PODE
109;139;Presidente;22;JAIR BOLSONARO;67;PL;PP, REPUBLICANOS, PL
109;139;Presidente;44;SORAYA THRONICKE;1;UNIÃO;UNIÃO
109;139;Presidente;95;BRANCOS;4;;
109;139;Presidente;96;NULOS;4;;
109;139;Governador;12;ROBERTO CLÁUDIO;25;PDT;PMN, PATRIOTA, AGIR, PMB, PDT, PSD, PSB, PSC, DC
109;139;Governador;13;ELMANO DE FREITAS;168;PT;(PT/PC do B/PV), PP, MDB, PRTB, (PSOL/REDE), SOLIDARIEDADE
109;139;Governador;44;CAPITÃO WAGNER;77;UNIÃO;PODE, AVANTE, PL, REPUBLICANOS, PTB, PROS, UNIÃO
109;139;Governador;95;BRANCOS;10;;
109;139;Governador;96;NULOS;9;;
109;139;Senador;131;CAMILO;199;PT;(PT/PC do B/PV), MDB, PRTB, (PSOL/REDE), SOLIDARIEDADE, PP
109;139;Senador;555;ERIKA AMORIM;1;PSD;PSB, AGIR, DC, PMB, PDT, PSD, PMN, PATRIOTA, PSC
109;139;Senador;700;KAMILA CARDOSO;51;AVANTE;AVANTE, UNIÃO, PTB, REPUBLICANOS, PROS, PL, PODE
109;139;Senador;95;BRANCOS;21;;
109;139;Senador;96;NULOS;17;;
109;139;Deputado Federal;1010;RONALDO MARTINS;6;REPUBLICANOS;REPUBLICANOS
109;139;Deputado Federal;1011;STEFANI RODRIGUES;1;REPUBLICANOS;REPUBLICANOS
109;139;Deputado Federal;1023;PASTOR ABRAÃO;1;REPUBLICANOS;REPUBLICANOS
109;139;Deputado Federal;1111;AJ ALBUQUERQUE;2;PP;PP
109;139;Deputado Federal;1212;LEÔNIDAS CRISTINO;2;PDT;PDT
109;139;Deputado Federal;1213;IDILVAN;14;PDT;PDT
109;139;Deputado Federal;1214;EDUARDO BISMARCK;43;PDT;PDT
109;139;Deputado Federal;1221;MAURO FILHO;2;PDT;PDT
109;139;Deputado Federal;1233;ROBÉRIO MONTEIRO;9;PDT;PDT
109;139;Deputado Federal;1234;ANDRÉ FIGUEIREDO;2;PDT;PDT
109;139;Deputado Federal;1251;ARNON BEZERRA;1;PDT;PDT
109;139;Deputado Federal;1313;LUIZIANNE LINS;9;PT;(PT/PC do B/PV)
109;139;Deputado Federal;1533;EUNÍCIO;20;MDB;MDB
109;139;Deputado Federal;2210;CORONEL AGINALDO;2;PL;PL
109;139;Deputado Federal;2222;ANDRÉ FERNANDES;7;PL;PL
109;139;Deputado Federal;2255;JÚNIOR MANO;3;PL;PL
109;139;Deputado Federal;2277;DR JAZIEL;6;PL;PL
109;139;Deputado Federal;2288;PRISCILA COSTA;1;PL;PL
109;139;Deputado Federal;4410;CARLOS MATOS;3;UNIÃO;UNIÃO
109;139;Deputado Federal;4422;JULIERME SENA;2;UNIÃO;UNIÃO
109;139;Deputado Federal;4433;DR. AGRIPINO MAGALHÃES;2;UNIÃO;UNIÃO
109;139;Deputado Federal;4444;HEITOR FREIRE;3;UNIÃO;UNIÃO
109;139;Deputado Federal;4445;DAMIÃO TENORIO;8;UNIÃO;UNIÃO
109;139;Deputado Federal;4447;DANILO FORTE;2;UNIÃO;UNIÃO
109;139;Deputado Federal;4488;MOSES RODRIGUES;3;UNIÃO;UNIÃO
109;139;Deputado Federal;4490;SOLDADO NOELIO;1;UNIÃO;UNIÃO
109;139;Deputado Federal;5013;ADELITA MONTEIRO;1;PSOL;(PSOL/REDE)
109;139;Deputado Federal;5511;CÉLIO STUDART;2;PSD;PSD
109;139;Deputado Federal;5533;LUIZ GASTÃO;2;PSD;PSD
109;139;Deputado Federal;5555;DOMINGOS NETO;96;PSD;PSD
109;139;Deputado Federal;5588;ELIANE BRAZ;10;PSD;PSD
109;139;Deputado Federal;11;LEGENDA PP;1;PP;PP
109;139;Deputado Federal;12;LEGENDA PDT;1;PDT;PDT
109;139;Deputado Federal;13;LEGENDA PT;1;PT;PT
109;139;Deputado Federal;15;LEGENDA MDB;1;MDB;MDB
109;139;Deputado Federal;22;LEGENDA PL;1;PL;PL
109;139;Deputado Federal;95;BRANCOS;11;;
109;139;Deputado Federal;96;NULOS;7;;
109;139;Deputado Estadual;10123;DAVID DURAND;5;REPUBLICANOS;REPUBLICANOS
109;139;Deputado Estadual;11111;ZEZINHO ALBUQUERQUE;9;PP;PP
109;139;Deputado Estadual;12123;CLÁUDIO PINHO;24;PDT;PDT
109;139;Deputado Estadual;12127;HELAINE COELHO;51;PDT;PDT
109;139;Deputado Estadual;12500;SALMITO;1;PDT;PDT
109;139;Deputado Estadual;13132;ACRISIO SENA;4;PT;(PT/PC do B/PV)
109;139;Deputado Estadual;13133;LARISSA GASPAR;3;PT;(PT/PC do B/PV)
109;139;Deputado Estadual;13234;GUILHERME SAMPAIO;1;PT;(PT/PC do B/PV)
109;139;Deputado Estadual;13333;MOISES BRAZ;1;PT;(PT/PC do B/PV)
109;139;Deputado Estadual;13555;JULIANA LUCENA;28;PT;(PT/PC do B/PV)
109;139;Deputado Estadual;13777;NIZO;8;PT;(PT/PC do B/PV)
109;139;Deputado Estadual;15115;CARLOS BANDEIRA;1;MDB;MDB
109;139;Deputado Estadual;15888;AGENOR NETO;2;MDB;MDB
109;139;Deputado Estadual;22010;BEZERRA DE MENESES;2;PL;PL
109;139;Deputado Estadual;22022;CARMELO NETO;6;PL;PL
109;139;Deputado Estadual;22111;PEDRO MATOS;1;PL;PL
109;139;Deputado Estadual;22222;PR.ALCIDES FERNANDES;1;PL;PL
109;139;Deputado Estadual;22555;MARTA GONÇALVES;56;PL;PL
109;139;Deputado Estadual;22777;DRA SILVANA;2;PL;PL
109;139;Deputado Estadual;33000;GABRIEL SABOIA;1;PMN;PMN
109;139;Deputado Estadual;44123;TONY BRITO;2;UNIÃO;UNIÃO
109;139;Deputado Estadual;44333;HEITOR FÉRRER;1;UNIÃO;UNIÃO
109;139;Deputado Estadual;44567;MAGNOLIA ROCHA;8;UNIÃO;UNIÃO
109;139;Deputado Estadual;44888;DR. OSCAR RODRIGUES;1;UNIÃO;UNIÃO
109;139;Deputado Estadual;45000;JORGE PINHEIRO;2;PSDB;(PSDB/CIDADANIA)
109;139;Deputado Estadual;45111;GORDIM ARAUJO;2;PSDB;(PSDB/CIDADANIA)
109;139;Deputado Estadual;45123;EMILIA PESSOA;1;PSDB;(PSDB/CIDADANIA)
109;139;Deputado Estadual;45300;CÔNSUL DO POVO;2;PSDB;(PSDB/CIDADANIA)
109;139;Deputado Estadual;55234;DR. LUCÍLVIO GIRÃO;2;PSD;PSD
109;139;Deputado Estadual;55555;GABRIELLA AGUIAR;1;PSD;PSD
109;139;Deputado Estadual;55888;KEIVIA DIAS;6;PSD;PSD
109;139;Deputado Estadual;70123;TOMAZ HOLANDA;3;AVANTE;AVANTE
109;139;Deputado Estadual;70222;STUART CASTRO;2;AVANTE;AVANTE
109;139;Deputado Estadual;70321;DANIEL BORGES;19;AVANTE;AVANTE
109;139;Deputado Estadual;11;LEGENDA PP;1;PP;PP
109;139;Deputado Estadual;12;LEGENDA PDT;3;PDT;PDT
109;139;Deputado Estadual;13;LEGENDA PT;4;PT;PT
109;139;Deputado Estadual;14;LEGENDA PTB;1;PTB;PTB
109;139;Deputado Estadual;22;LEGENDA PL;1;PL;PL
109;139;Deputado Estadual;44;LEGENDA UNIÃO;1;UNIÃO;UNIÃO
109;139;Deputado Estadual;55;LEGENDA PSD;2;PSD;PSD
109;139;Deputado Estadual;95;BRANCOS;9;;
109;139;Deputado Estadual;96;NULOS;8;;
109;140;Presidente;12;CIRO GOMES;19;PDT;PDT
109;140;Presidente;13;LULA;190;PT;(PT/PC do B/PV), SOLIDARIEDADE, (PSOL/REDE), PSB, AGIR, AVANTE, PROS
109;140;Presidente;15;SIMONE TEBET;3;MDB;MDB, (PSDB/CIDADANIA), PODE
109;140;Presidente;22;JAIR BOLSONARO;78;PL;PP, REPUBLICANOS, PL
109;140;Presidente;44;SORAYA THRONICKE;1;UNIÃO;UNIÃO
109;140;Presidente;95;BRANCOS;3;;
109;140;Presidente;96;NULOS;0;;
109;140;Governador;12;ROBERTO CLÁUDIO;34;PDT;PMN, PATRIOTA, AGIR, PMB, PDT, PSD, PSB, PSC, DC
109;140;Governador;13;ELMANO DE FREITAS;153;PT;(PT/PC do B/PV), PP, MDB, PRTB, (PSOL/REDE), SOLIDARIEDADE
109;140;Governador;44;CAPITÃO WAGNER;89;UNIÃO;PODE, AVANTE, PL, REPUBLICANOS, PTB, PROS, UNIÃO
109;140;Governador;95;BRANCOS;7;;
109;140;Governador;96;NULOS;11;;
109;140;Senador;131;CAMILO;188;PT;(PT/PC do B/PV), MDB, PRTB, (PSOL/REDE), SOLIDARIEDADE, PP
109;140;Senador;555;ERIKA AMORIM;9;PSD;PSB, AGIR, DC, PMB, PDT, PSD, PMN, PATRIOTA, PSC
109;140;Senador;700;KAMILA CARDOSO;60;AVANTE;AVANTE, UNIÃO, PTB, REPUBLICANOS, PROS, PL, PODE
109;140;Senador;95;BRANCOS;15;;
109;140;Senador;96;NULOS;22;;
109;140;Deputado Federal;1010;RONALDO MARTINS;3;REPUBLICANOS;REPUBLICANOS
109;140;Deputado Federal;1111;AJ ALBUQUERQUE;1;PP;PP
109;140;Deputado Federal;1201;JULIO BRIZZI;3;PDT;PDT
109;140;Deputado Federal;1212;LEÔNIDAS CRISTINO;1;PDT;PDT
109;140;Deputado Federal;1213;IDILVAN;15;PDT;PDT
109;140;Deputado Federal;1214;EDUARDO BISMARCK;45;PDT;PDT
109;140;Deputado Federal;1221;MAURO FILHO;3;PDT;PDT
109;140;Deputado Federal;1233;ROBÉRIO MONTEIRO;8;PDT;PDT
109;140;Deputado Federal;1234;ANDRÉ FIGUEIREDO;2;PDT;PDT
109;140;Deputado Federal;1251;ARNON BEZERRA;1;PDT;PDT
109;140;Deputado Federal;1292;ENFERMEIRA ANA PAULA;1;PDT;PDT
109;140;Deputado Federal;1313;LUIZIANNE LINS;9;PT;(PT/PC do B/PV)
109;140;Deputado Federal;1314;GRAÇA COSTA;1;PT;(PT/PC do B/PV)
109;140;Deputado Federal;1322;GUIMARÃES DO PT;1;PT;(PT/PC do B/PV)
109;140;Deputado Federal;1444;CABO JORDÂNIA;1;PTB;PTB
109;140;Deputado Federal;1533;EUNÍCIO;10;MDB;MDB
109;140;Deputado Federal;1818;TOINHA ROCHA;1;REDE;(PSOL/REDE)
109;140;Deputado Federal;1974;ROSE MARTINS CANTORA;1;PODE;PODE
109;140;Deputado Federal;2210;CORONEL AGINALDO;2;PL;PL
109;140;Deputado Federal;2211;YURY DO PAREDÃO;3;PL;PL
109;140;Deputado Federal;2222;ANDRÉ FERNANDES;14;PL;PL
109;140;Deputado Federal;2233;GORETE PEREIRA;1;PL;PL
109;140;Deputado Federal;2255;JÚNIOR MANO;2;PL;PL
109;140;Deputado Federal;2277;DR JAZIEL;5;PL;PL
109;140;Deputado Federal;2288;PRISCILA COSTA;2;PL;PL
109;140;Deputado Federal;2299;MATHEUS NORONHA;2;PL;PL
109;140;Deputado Federal;2323;MORONI;1;CIDADANIA;(PSDB/CIDADANIA)
109;140;Deputado Federal;3310;MAXWELLMA;1;PMN;PMN
109;140;Deputado Federal;4000;DENIS BEZERRA;1;PSB;PSB
109;140;Deputado Federal;4410;CARLOS MATOS;4;UNIÃO;UNIÃO
109;140;Deputado Federal;4422;JULIERME SENA;1;UNIÃO;UNIÃO
109;140;Deputado Federal;4444;HEITOR FREIRE;4;UNIÃO;UNIÃO
109;140;Deputado Federal;4445;DAMIÃO TENORIO;8;UNIÃO;UNIÃO
109;140;Deputado Federal;4447;DANILO FORTE;2;UNIÃO;UNIÃO
109;140;Deputado Federal;4455;VAIDON OLIVEIRA;1;UNIÃO;UNIÃO
109;140;Deputado Federal;4456;DAYANY DO CAPITÃO;5;UNIÃO;UNIÃO
109;140;Deputado Federal;4488;MOSES RODRIGUES;3;UNIÃO;UNIÃO
109;140;Deputado Federal;4490;SOLDADO NOELIO;1;UNIÃO;UNIÃO
109;140;Deputado Federal;5013;ADELITA MONTEIRO;2;PSOL;(PSOL/REDE)
109;140;Deputado Federal;5511;CÉLIO STUDART;2;PSD;PSD
109;140;Deputado Federal;5533;LUIZ GASTÃO;1;PSD;PSD
109;140;Deputado Federal;5555;DOMINGOS NETO;80;PSD;PSD
109;140;Deputado Federal;5588;ELIANE BRAZ;5;PSD;PSD
109;140;Deputado Federal;6565;INÁCIO ARRUDA;1;PC do B;(PT/PC do B/PV)
109;140;Deputado Federal;12;LEGENDA PDT;3;PDT;PDT
109;140;Deputado Federal;13;LEGENDA PT;8;PT;PT
109;140;Deputado Federal;55;LEGENDA PSD;2;PSD;PSD
109;140;Deputado Federal;95;BRANCOS;9;;
109;140;Deputado Federal;96;NULOS;11;;
109;140;Deputado Estadual;10000;APÓSTOLO LUIZ HENRIQUE;2;REPUBLICANOS;REPUBLICANOS
109;140;Deputado Estadual;10123;DAVID DURAND;2;REPUBLICANOS;REPUBLICANOS
109;140;Deputado Estadual;11111;ZEZINHO ALBUQUERQUE;8;PP;PP
109;140;Deputado Estadual;11113;ALMIR BIÉ;1;PP;PP
109;140;Deputado Estadual;12123;CLÁUDIO PINHO;24;PDT;PDT
109;140;Deputado Estadual;12127;HELAINE COELHO;50;PDT;PDT
109;140;Deputado Estadual;12222;OSMAR BAQUIT;1;PDT;PDT
109;140;Deputado Estadual;12500;SALMITO;1;PDT;PDT
109;140;Deputado Estadual;12888;SERGIO AGUIAR;1;PDT;PDT
109;140;Deputado Estadual;13123;MISSIAS DO MST;1;PT;(PT/PC do B/PV)
109;140;Deputado Estadual;13132;ACRISIO SENA;5;PT;(PT/PC do B/PV)
109;140;Deputado Estadual;13234;GUILHERME SAMPAIO;1;PT;(PT/PC do B/PV)
109;140;Deputado Estadual;13555;JULIANA LUCENA;31;PT;(PT/PC do B/PV)
109;140;Deputado Estadual;13777;NIZO;5;PT;(PT/PC do B/PV)
109;140;Deputado Estadual;15000;EDILARDO EUFRASIO;2;MDB;MDB
109;140;Deputado Estadual;15362;ZE MARIA DE TABULEIRO;1;MDB;MDB
109;140;Deputado Estadual;15555;FELIPE AGUIAR;2;MDB;MDB
109;140;Deputado Estadual;22010;BEZERRA DE MENESES;1;PL;PL
109;140;Deputado Estadual;22022;CARMELO NETO;7;PL;PL
109;140;Deputado Estadual;22222;PR.ALCIDES FERNANDES;3;PL;PL
109;140;Deputado Estadual;22555;MARTA GONÇALVES;54;PL;PL
109;140;Deputado Estadual;22777;DRA SILVANA;3;PL;PL
109;140;Deputado Estadual;33000;GABRIEL SABOIA;4;PMN;PMN
109;140;Deputado Estadual;44123;TONY BRITO;1;UNIÃO;UNIÃO
109;140;Deputado Estadual;44190;SARGENTO REGINAURO;2;UNIÃO;UNIÃO
109;140;Deputado Estadual;44567;MAGNOLIA ROCHA;9;UNIÃO;UNIÃO
109;140;Deputado Estadual;44888;DR. OSCAR RODRIGUES;2;UNIÃO;UNIÃO
109;140;Deputado Estadual;45000;JORGE PINHEIRO;4;PSDB;(PSDB/CIDADANIA)
109;140;Deputado Estadual;45111;GORDIM ARAUJO;1;PSDB;(PSDB/CIDADANIA)
109;140;Deputado Estadual;45413;ORTUAM FIDELES;1;PSDB;(PSDB/CIDADANIA)
109;140;Deputado Estadual;55234;DR. LUCÍLVIO GIRÃO;1;PSD;PSD
109;140;Deputado Estadual;55555;GABRIELLA AGUIAR;3;PSD;PSD
109;140;Deputado Estadual;55888;KEIVIA DIAS;3;PSD;PSD
109;140;Deputado Estadual;65234;CACIKA IRÊ;2;PC do B;(PT/PC do B/PV)
109;140;Deputado Estadual;70123;TOMAZ HOLANDA;6;AVANTE;AVANTE
109;140;Deputado Estadual;70222;STUART CASTRO;1;AVANTE;AVANTE
109;140;Deputado Estadual;70321;DANIEL BORGES;19;AVANTE;AVANTE
109;140;Deputado Estadual;10;LEGENDA REPUBLICANOS;2;REPUBLICANOS;REPUBLICANOS
109;140;Deputado Estadual;12;LEGENDA PDT;1;PDT;PDT
109;140;Deputado Estadual;13;LEGENDA PT;7;PT;PT
109;140;Deputado Estadual;22;LEGENDA PL;2;PL;PL
109;140;Deputado Estadual;44;LEGENDA UNIÃO;1;UNIÃO;UNIÃO
109;140;Deputado Estadual;95;BRANCOS;8;;
109;140;Deputado Estadual;96;NULOS;8;;
109;141;Presidente;12;CIRO GOMES;17;PDT;PDT
109;141;Presidente;13;LULA;193;PT;(PT/PC do B/PV), SOLIDARIEDADE, (PSOL/REDE), PSB, AGIR, AVANTE, PROS
109;141;Presidente;15;SIMONE TEBET;1;MDB;MDB, (PSDB/CIDADANIA), PODE
109;141;Presidente;22;JAIR BOLSONARO;70;PL;PP, REPUBLICANOS, PL
109;141;Presidente;44;SORAYA THRONICKE;1;UNIÃO;UNIÃO
109;141;Presidente;95;BRANCOS;5;;
109;141;Presidente;96;NULOS;5;;
109;141;Governador;12;ROBERTO CLÁUDIO;36;PDT;PMN, PATRIOTA, AGIR, PMB, PDT, PSD, PSB, PSC, DC
109;141;Governador;13;ELMANO DE FREITAS;145;PT;(PT/PC do B/PV), PP, MDB, PRTB, (PSOL/REDE), SOLIDARIEDADE
109;141;Governador;44;CAPITÃO WAGNER;79;UNIÃO;PODE, AVANTE, PL, REPUBLICANOS, PTB, PROS, UNIÃO
109;141;Governador;95;BRANCOS;15;;
109;141;Governador;96;NULOS;17;;
109;141;Senador;131;CAMILO;185;PT;(PT/PC do B/PV), MDB, PRTB, (PSOL/REDE), SOLIDARIEDADE, PP
109;141;Senador;555;ERIKA AMORIM;11;PSD;PSB, AGIR, DC, PMB, PDT, PSD, PMN, PATRIOTA, PSC
109;141;Senador;700;KAMILA CARDOSO;54;AVANTE;AVANTE, UNIÃO, PTB, REPUBLICANOS, PROS, PL, PODE
109;141;Senador;95;BRANCOS;16;;
109;141;Senador;96;NULOS;26;;
109;141;Deputado Federal;1000;BISPA VANESSA LIMA;1;REPUBLICANOS;REPUBLICANOS
109;141;Deputado Federal;1010;RONALDO MARTINS;5;REPUBLICANOS;REPUBLICANOS
109;141;Deputado Federal;1020;ERLAN BASTOS;1;REPUBLICANOS;REPUBLICANOS
109;141;Deputado Federal;1111;AJ ALBUQUERQUE;1;PP;PP
109;141;Deputado Federal;1212;LEÔNIDAS CRISTINO;2;PDT;PDT
109;141;Deputado Federal;1213;IDILVAN;14;PDT;PDT
109;141;Deputado Federal;1214;EDUARDO BISMARCK;47;PDT;PDT
109;141;Deputado Federal;1221;MAURO FILHO;1;PDT;PDT
109;141;Deputado Federal;1222;ROSÂNIA RAMALHO;1;PDT;PDT
109;141;Deputado Federal;1233;ROBÉRIO MONTEIRO;13;PDT;PDT
109;141;Deputado Federal;1234;ANDRÉ FIGUEIREDO;1;PDT;PDT
109;141;Deputado Federal;1313;LUIZIANNE LINS;7;PT;(PT/PC do B/PV)
109;141;Deputado Federal;1322;GUIMARÃES DO PT;1;PT;(PT/PC do B/PV)
109;141;Deputado Federal;1333;JOSE AIRTON;2;PT;(PT/PC do B/PV)
109;141;Deputado Federal;1533;EUNÍCIO;12;MDB;MDB
109;141;Deputado Federal;2200;DRA. MAYRA PINHEIRO;3;PL;PL
109;141;Deputado Federal;2210;CORONEL AGINALDO;2;PL;PL
109;141;Deputado Federal;2211;YURY DO PAREDÃO;1;PL;PL
109;141;Deputado Federal;2222;ANDRÉ FERNANDES;8;PL;PL
109;141;Deputado Federal;2255;JÚNIOR MANO;5;PL;PL
109;141;Deputado Federal;2277;DR JAZIEL;3;PL;PL
109;141;Deputado Federal;2299;MATHEUS NORONHA;1;PL;PL
109;141;Deputado Federal;4000;DENIS BEZERRA;1;PSB;PSB
109;141;Deputado Federal;4422;JULIERME SENA;3;UNIÃO;UNIÃO
109;141;Deputado Federal;4444;HEITOR FREIRE;5;UNIÃO;UNIÃO
109;141;Deputado Federal;4445;DAMIÃO TENORIO;7;UNIÃO;UNIÃO
109;141;Deputado Federal;4447;DANILO FORTE;2;UNIÃO;UNIÃO
109;141;Deputado Federal;4455;VAIDON OLIVEIRA;2;UNIÃO;UNIÃO
109;141;Deputado Federal;4456;DAYANY DO CAPITÃO;7;UNIÃO;UNIÃO
109;141;Deputado Federal;4488;MOSES RODRIGUES;3;UNIÃO;UNIÃO
109;141;Deputado Federal;4490;SOLDADO NOELIO;1;UNIÃO;UNIÃO
109;141;Deputado Federal;4567;DENÍSIO PINHEIRO;1;PSDB;(PSDB/CIDADANIA)
109;141;Deputado Federal;5013;ADELITA MONTEIRO;1;PSOL;(PSOL/REDE)
109;141;Deputado Federal;5055;GABRIEL BIOLOGIA;1;PSOL;(PSOL/REDE)
109;141;Deputado Federal;5511;CÉLIO STUDART;3;PSD;PSD
109;141;Deputado Federal;5533;LUIZ GASTÃO;3;PSD;PSD
109;141;Deputado Federal;5555;DOMINGOS NETO;75;PSD;PSD
109;141;Deputado Federal;5588;ELIANE BRAZ;11;PSD;PSD
109;141;Deputado Federal;12;LEGENDA PDT;6;PDT;PDT
109;141;Deputado Federal;13;LEGENDA PT;7;PT;PT
109;141;Deputado Federal;44;LEGENDA UNIÃO;2;UNIÃO;UNIÃO
109;141;Deputado Federal;70;LEGENDA AVANTE;2;AVANTE;AVANTE
109;141;Deputado Federal;95;BRANCOS;12;;
109;141;Deputado Federal;96;NULOS;5;;
109;141;Deputado Estadual;10000;APÓSTOLO LUIZ HENRIQUE;1;REPUBLICANOS;REPUBLICANOS
109;141;Deputado Estadual;10123;DAVID DURAND;2;REPUBLICANOS;REPUBLICANOS
109;141;Deputado Estadual;11111;ZEZINHO ALBUQUERQUE;8;PP;PP
109;141;Deputado Estadual;12000;EVANDRO LEITÃO;1;PDT;PDT
109;141;Deputado Estadual;12123;CLÁUDIO PINHO;26;PDT;PDT
109;141;Deputado Estadual;12127;HELAINE COELHO;41;PDT;PDT
109;141;Deputado Estadual;12555;ORIEL FILHO;1;PDT;PDT
109;141;Deputado Estadual;13131;MARI LACERDA;1;PT;(PT/PC do B/PV)
109;141;Deputado Estadual;13132;ACRISIO SENA;3;PT;(PT/PC do B/PV)
109;141;Deputado Estadual;13133;LARISSA GASPAR;1;PT;(PT/PC do B/PV)
109;141;Deputado Estadual;13333;MOISES BRAZ;1;PT;(PT/PC do B/PV)
109;141;Deputado Estadual;13555;JULIANA LUCENA;27;PT;(PT/PC do B/PV)
109;141;Deputado Estadual;13777;NIZO;9;PT;(PT/PC do B/PV)
109;141;Deputado Estadual;13789;JULINHO;1;PT;(PT/PC do B/PV)
109;141;Deputado Estadual;14122;CANTORA ANA FIGUEIREDO;1;PTB;PTB
109;141;Deputado Estadual;15120;JACQUELINE GOUVEIA;1;MDB;MDB
109;141;Deputado Estadual;15555;FELIPE AGUIAR;2;MDB;MDB
109;141;Deputado Estadual;22001;TENENTE SIQUEIRA;1;PL;PL
109;141;Deputado Estadual;22010;BEZERRA DE MENESES;1;PL;PL
109;141;Deputado Estadual;22022;CARMELO NETO;6;PL;PL
109;141;Deputado Estadual;22222;PR.ALCIDES FERNANDES;2;PL;PL
109;141;Deputado Estadual;22555;MARTA GONÇALVES;56;PL;PL
109;141;Deputado Estadual;22777;DRA SILVANA;4;PL;PL
109;141;Deputado Estadual;33000;GABRIEL SABOIA;1;PMN;PMN
109;141;Deputado Estadual;33888;THIAGO CIRIACO;1;PMN;PMN
109;141;Deputado Estadual;44190;SARGENTO REGINAURO;3;UNIÃO;UNIÃO
109;141;Deputado Estadual;44567;MAGNOLIA ROCHA;11;UNIÃO;UNIÃO
109;141;Deputado Estadual;44888;DR. OSCAR RODRIGUES;2;UNIÃO;UNIÃO
109;141;Deputado Estadual;45000;JORGE PINHEIRO;1;PSDB;(PSDB/CIDADANIA)
109;141;Deputado Estadual;45300;CÔNSUL DO POVO;2;PSDB;(PSDB/CIDADANIA)
109;141;Deputado Estadual;55234;DR. LUCÍLVIO GIRÃO;4;PSD;PSD
109;141;Deputado Estadual;55555;GABRIELLA AGUIAR;1;PSD;PSD
109;141;Deputado Estadual;55600;MICHELE PACHECO;1;PSD;PSD
109;141;Deputado Estadual;70123;TOMAZ HOLANDA;3;AVANTE;AVANTE
109;141;Deputado Estadual;70222;STUART CASTRO;1;AVANTE;AVANTE
109;141;Deputado Estadual;70321;DANIEL BORGES;11;AVANTE;AVANTE
109;141;Deputado Estadual;70567;AILTON DA PESCA;1;AVANTE;AVANTE
109;141;Deputado Estadual;11;LEGENDA PP;1;PP;PP
109;141;Deputado Estadual;12;LEGENDA PDT;8;PDT;PDT
109;141;Deputado Estadual;13;LEGENDA PT;9;PT;PT
109;141;Deputado Estadual;22;LEGENDA PL;4;PL;PL
109;141;Deputado Estadual;23;LEGENDA CIDADANIA;1;CIDADANIA;CIDADANIA
109;141;Deputado Estadual;43;LEGENDA PV;1;PV;PV
109;141;Deputado Estadual;44;LEGENDA UNIÃO;3;UNIÃO;UNIÃO
109;141;Deputado Estadual;45;LEGENDA PSDB;1;PSDB;PSDB
109;141;Deputado Estadual;50;LEGENDA PSOL;1;PSOL;PSOL
109;141;Deputado Estadual;55;LEGENDA PSD;1;PSD;PSD
109;141;Deputado Estadual;95;BRANCOS;12;;
109;141;Deputado Estadual;96;NULOS;10;;
109;142;Presidente;12;CIRO GOMES;24;PDT;PDT
109;142;Presidente;13;LULA;191;PT;(PT/PC do B/PV), SOLIDARIEDADE, (PSOL/REDE), PSB, AGIR, AVANTE, PROS
109;142;Presidente;15;SIMONE TEBET;1;MDB;MDB, (PSDB/CIDADANIA), PODE
109;142;Presidente;22;JAIR BOLSONARO;70;PL;PP, REPUBLICANOS, PL
109;142;Presidente;95;BRANCOS;3;;
109;142;Presidente;96;NULOS;3;;
109;142;Governador;12;ROBERTO CLÁUDIO;37;PDT;PMN, PATRIOTA, AGIR, PMB, PDT, PSD, PSB, PSC, DC
109;142;Governador;13;ELMANO DE FREITAS;154;PT;(PT/PC do B/PV), PP, MDB, PRTB, (PSOL/REDE), SOLIDARIEDADE
109;142;Governador;44;CAPITÃO WAGNER;82;UNIÃO;PODE, AVANTE, PL, REPUBLICANOS, PTB, PROS, UNIÃO
109;142;Governador;95;BRANCOS;13;;
109;142;Governador;96;NULOS;6;;
109;142;Senador;131;CAMILO;188;PT;(PT/PC do B/PV), MDB, PRTB, (PSOL/REDE), SOLIDARIEDADE, PP
109;142;Senador;555;ERIKA AMORIM;13;PSD;PSB, AGIR, DC, PMB, PDT, PSD, PMN, PATRIOTA, PSC
109;142;Senador;700;KAMILA CARDOSO;61;AVANTE;AVANTE, UNIÃO, PTB, REPUBLICANOS, PROS, PL, PODE
109;142;Senador;95;BRANCOS;16;;
109;142;Senador;96;NULOS;14;;
109;142;Deputado Federal;1010;RONALDO MARTINS;2;REPUBLICANOS;REPUBLICANOS
109;142;Deputado Federal;1112;GOMES FARIAS;1;PP;PP
109;142;Deputado Federal;1201;JULIO BRIZZI;1;PDT;PDT
109;142;Deputado Federal;1212;LEÔNIDAS CRISTINO;1;PDT;PDT
109;142;Deputado Federal;1213;IDILVAN;5;PDT;PDT
109;142;Deputado Federal;1214;EDUARDO BISMARCK;49;PDT;PDT
109;142;Deputado Federal;1233;ROBÉRIO MONTEIRO;7;PDT;PDT
109;142;Deputado Federal;1234;ANDRÉ FIGUEIREDO;1;PDT;PDT
109;142;Deputado Federal;1245;ADRIELLY TEIXEIRA;1;PDT;PDT
109;142;Deputado Federal;1251;ARNON BEZERRA;2;PDT;PDT
109;142;Deputado Federal;1313;LUIZIANNE LINS;8;PT;(PT/PC do B/PV)
109;142;Deputado Federal;1322;GUIMARÃES DO PT;1;PT;(PT/PC do B/PV)
109;142;Deputado Federal;1333;JOSE AIRTON;2;PT;(PT/PC do B/PV)
109;142;Deputado Federal;1520;FRANCISCO FABIANO;1;MDB;MDB
109;142;Deputado Federal;1533;EUNÍCIO;12;MDB;MDB
109;142;Deputado Federal;2023;NANY FRANÇA;1;PSC;PSC
109;142;Deputado Federal;2200;DRA. MAYRA PINHEIRO;1;PL;PL
109;142;Deputado Federal;2210;CORONEL AGINALDO;3;PL;PL
109;142;Deputado Federal;2211;YURY DO PAREDÃO;1;PL;PL
109;142;Deputado Federal;2222;ANDRÉ FERNANDES;7;PL;PL
109;142;Deputado Federal;2233;GORETE PEREIRA;1;PL;PL
109;142;Deputado Federal;2255;JÚNIOR MANO;3;PL;PL
109;142;Deputado Federal;2277;DR JAZIEL;4;PL;PL
109;142;Deputado Federal;2299;MATHEUS NORONHA;1;PL;PL
109;142;Deputado Federal;2323;MORONI;1;CIDADANIA;(PSDB/CIDADANIA)
109;142;Deputado Federal;4410;CARLOS MATOS;1;UNIÃO;UNIÃO
109;142;Deputado Federal;4422;JULIERME SENA;3;UNIÃO;UNIÃO
109;142;Deputado Federal;4433;DR. AGRIPINO MAGALHÃES;1;UNIÃO;UNIÃO
109;142;Deputado Federal;4441;HELIO FILHO;1;UNIÃO;UNIÃO
109;142;Deputado Federal;4444;HEITOR FREIRE;6;UNIÃO;UNIÃO
109;142;Deputado Federal;4445;DAMIÃO TENORIO;15;UNIÃO;UNIÃO
109;142;Deputado Federal;4447;DANILO FORTE;6;UNIÃO;UNIÃO
109;142;Deputado Federal;4456;DAYANY DO CAPITÃO;6;UNIÃO;UNIÃO
109;142;Deputado Federal;4477;FERNANDA PESSOA;1;UNIÃO;UNIÃO
109;142;Deputado Federal;4488;MOSES RODRIGUES;2;UNIÃO;UNIÃO
109;142;Deputado Federal;4490;SOLDADO NOELIO;2;UNIÃO;UNIÃO
109;142;Deputado Federal;4567;DENÍSIO PINHEIRO;1;PSDB;(PSDB/CIDADANIA)
109;142;Deputado Federal;5013;ADELITA MONTEIRO;1;PSOL;(PSOL/REDE)
109;142;Deputado Federal;5044;LÍDIA DO BORA DE RUMA;1;PSOL;(PSOL/REDE)
109;142;Deputado Federal;5511;CÉLIO STUDART;1;PSD;PSD
109;142;Deputado Federal;5533;LUIZ GASTÃO;5;PSD;PSD
109;142;Deputado Federal;5555;DOMINGOS NETO;95;PSD;PSD
109;142;Deputado Federal;5588;ELIANE BRAZ;6;PSD;PSD
109;142;Deputado Federal;13;LEGENDA PT;5;PT;PT
109;142;Deputado Federal;43;LEGENDA PV;1;PV;PV
109;142;Deputado Federal;70;LEGENDA AVANTE;3;AVANTE;AVANTE
109;142;Deputado Federal;95;BRANCOS;8;;
109;142;Deputado Federal;96;NULOS;4;;
109;142;Deputado Estadual;10000;APÓSTOLO LUIZ HENRIQUE;1;REPUBLICANOS;REPUBLICANOS
109;142;Deputado Estadual;10123;DAVID DURAND;2;REPUBLICANOS;REPUBLICANOS
109;142;Deputado Estadual;10700;GODOFREDO PEPEY;1;REPUBLICANOS;REPUBLICANOS
109;142;Deputado Estadual;11111;ZEZINHO ALBUQUERQUE;11;PP;PP
109;142;Deputado Estadual;11113;ALMIR BIÉ;1;PP;PP
109;142;Deputado Estadual;11444;LEONARDO PINHEIRO;2;PP;PP
109;142;Deputado Estadual;11666;ROSA ANDRADE;1;PP;PP
109;142;Deputado Estadual;12000;EVANDRO LEITÃO;1;PDT;PDT
109;142;Deputado Estadual;12123;CLÁUDIO PINHO;21;PDT;PDT
109;142;Deputado Estadual;12127;HELAINE COELHO;42;PDT;PDT
109;142;Deputado Estadual;12500;SALMITO;2;PDT;PDT
109;142;Deputado Estadual;12888;SERGIO AGUIAR;1;PDT;PDT
109;142;Deputado Estadual;13123;MISSIAS DO MST;2;PT;(PT/PC do B/PV)
109;142;Deputado Estadual;13131;MARI LACERDA;1;PT;(PT/PC do B/PV)
109;142;Deputado Estadual;13132;ACRISIO SENA;6;PT;(PT/PC do B/PV)
109;142;Deputado Estadual;13133;LARISSA GASPAR;1;PT;(PT/PC do B/PV)
109;142;Deputado Estadual;13456;DE ASSIS DINIZ;1;PT;(PT/PC do B/PV)
109;142;Deputado Estadual;13555;JULIANA LUCENA;24;PT;(PT/PC do B/PV)
109;142;Deputado Estadual;13777;NIZO;6;PT;(PT/PC do B/PV)
109;142;Deputado Estadual;13789;JULINHO;4;PT;(PT/PC do B/PV)
109;142;Deputado Estadual;14170;ROMMEL FRAZÃO;1;PTB;PTB
109;142;Deputado Estadual;15115;CARLOS BANDEIRA;1;MDB;MDB
109;142;Deputado Estadual;15555;FELIPE AGUIAR;2;MDB;MDB
109;142;Deputado Estadual;22010;BEZERRA DE MENESES;1;PL;PL
109;142;Deputado Estadual;22022;CARMELO NETO;8;PL;PL
109;142;Deputado Estadual;22555;MARTA GONÇALVES;64;PL;PL
109;142;Deputado Estadual;22777;DRA SILVANA;4;PL;PL
109;142;Deputado Estadual;33000;GABRIEL SABOIA;1;PMN;PMN
109;142;Deputado Estadual;43640;WALTER CAVALCANTE;1;PV;(PT/PC do B/PV)
109;142;Deputado Estadual;44123;TONY BRITO;3;UNIÃO;UNIÃO
109;142;Deputado Estadual;44190;SARGENTO REGINAURO;1;UNIÃO;UNIÃO
109;142;Deputado Estadual;44333;HEITOR FÉRRER;1;UNIÃO;UNIÃO
109;142;Deputado Estadual;44557;NASARÉ ALENCAR;1;UNIÃO;UNIÃO
109;142;Deputado Estadual;44567;MAGNOLIA ROCHA;12;UNIÃO;UNIÃO
109;142;Deputado Estadual;44777;FIRMO CAMURÇA;1;UNIÃO;UNIÃO
109;142;Deputado Estadual;45000;JORGE PINHEIRO;1;PSDB;(PSDB/CIDADANIA)
109;142;Deputado Estadual;45111;GORDIM ARAUJO;1;PSDB;(PSDB/CIDADANIA)
109;142;Deputado Estadual;45300;CÔNSUL DO POVO;1;PSDB;(PSDB/CIDADANIA)
109;142;Deputado Estadual;45333;DIEGO BARRETO;1;PSDB;(PSDB/CIDADANIA)
109;142;Deputado Estadual;45413;ORTUAM FIDELES;1;PSDB;(PSDB/CIDADANIA)
109;142;Deputado Estadual;50013;LÉO SURICATE;1;PSOL;(PSOL/REDE)
109;142;Deputado Estadual;50500;RENATO ROSENO;1;PSOL;(PSOL/REDE)
109;142;Deputado Estadual;55888;KEIVIA DIAS;2;PSD;PSD
109;142;Deputado Estadual;65234;CACIKA IRÊ;1;PC do B;(PT/PC do B/PV)
109;142;Deputado Estadual;70123;TOMAZ HOLANDA;4;AVANTE;AVANTE
109;142;Deputado Estadual;70222;STUART CASTRO;2;AVANTE;AVANTE
109;142;Deputado Estadual;70321;DANIEL BORGES;14;AVANTE;AVANTE
109;142;Deputado Estadual;70567;AILTON DA PESCA;1;AVANTE;AVANTE
109;142;Deputado Estadual;70762;CAPITÃO AGENOR;1;AVANTE;AVANTE
109;142;Deputado Estadual;70888;DRA. JORDÂNNIA MACHADO;1;AVANTE;AVANTE
109;142;Deputado Estadual;12;LEGENDA PDT;1;PDT;PDT
109;142;Deputado Estadual;13;LEGENDA PT;10;PT;PT
109;142;Deputado Estadual;15;LEGENDA MDB;1;MDB;MDB
109;142;Deputado Estadual;22;LEGENDA PL;1;PL;PL
109;142;Deputado Estadual;55;LEGENDA PSD;1;PSD;PSD
109;142;Deputado Estadual;70;LEGENDA AVANTE;2;AVANTE;AVANTE
109;142;Deputado Estadual;95;BRANCOS;6;;
109;142;Deputado Estadual;96;NULOS;4;;
109;143;Presidente;12;CIRO GOMES;20;PDT;PDT
109;143;Presidente;13;LULA;159;PT;(PT/PC do B/PV), SOLIDARIEDADE, (PSOL/REDE), PSB, AGIR, AVANTE, PROS
109;143;Presidente;22;JAIR BOLSONARO;71;PL;PP, REPUBLICANOS, PL
109;143;Presidente;30;FELIPE D'AVILA;1;NOVO;NOVO
109;143;Presidente;95;BRANCOS;5;;
109;143;Presidente;96;NULOS;8;;
109;143;Governador;12;ROBERTO CLÁUDIO;41;PDT;PMN, PATRIOTA, AGIR, PMB, PDT, PSD, PSB, PSC, DC
109;143;Governador;13;ELMANO DE FREITAS;118;PT;(PT/PC do B/PV), PP, MDB, PRTB, (PSOL/REDE), SOLIDARIEDADE
109;143;Governador;44;CAPITÃO WAGNER;84;UNIÃO;PODE, AVANTE, PL, REPUBLICANOS, PTB, PROS, UNIÃO
109;143;Governador;95;BRANCOS;11;;
109;143;Governador;96;NULOS;10;;
109;143;Senador;131;CAMILO;160;PT;(PT/PC do B/PV), MDB, PRTB, (PSOL/REDE), SOLIDARIEDADE, PP
109;143;Senador;555;ERIKA AMORIM;9;PSD;PSB, AGIR, DC, PMB, PDT, PSD, PMN, PATRIOTA, PSC
109;143;Senador;700;KAMILA CARDOSO;51;AVANTE;AVANTE, UNIÃO, PTB, REPUBLICANOS, PROS, PL, PODE
109;143;Senador;95;BRANCOS;20;;
109;143;Senador;96;NULOS;24;;
109;143;Deputado Federal;1010;RONALDO MARTINS;2;REPUBLICANOS;REPUBLICANOS
109;143;Deputado Federal;1111;AJ ALBUQUERQUE;2;PP;PP
109;143;Deputado Federal;1213;IDILVAN;10;PDT;PDT
109;143;Deputado Federal;1214;EDUARDO BISMARCK;33;PDT;PDT
109;143;Deputado Federal;1221;MAURO FILHO;2;PDT;PDT
109;143;Deputado Federal;1233;ROBÉRIO MONTEIRO;12;PDT;PDT
109;143;Deputado Federal;1251;ARNON BEZERRA;2;PDT;PDT
109;143;Deputado Federal;1277;ADAIL JR;1;PDT;PDT
109;143;Deputado Federal;1292;ENFERMEIRA ANA PAULA;1;PDT;PDT
109;143;Deputado Federal;1313;LUIZIANNE LINS;6;PT;(PT/PC do B/PV)
109;143;Deputado Federal;1333;JOSE AIRTON;1;PT;(PT/PC do B/PV)
109;143;Deputado Federal;1412;MAURO COSTA;1;PTB;PTB
109;143;Deputado Federal;1533;EUNÍCIO;4;MDB;MDB
109;143;Deputado Federal;1919;MATHEUS LINARD;1;PODE;PODE
109;143;Deputado Federal;2200;DRA. MAYRA PINHEIRO;1;PL;PL
109;143;Deputado Federal;2201;DELEGADO CAVALCANTE;1;PL;PL
109;143;Deputado Federal;2210;CORONEL AGINALDO;3;PL;PL
109;143;Deputado Federal;2222;ANDRÉ FERNANDES;2;PL;PL
109;143;Deputado Federal;2255;JÚNIOR MANO;3;PL;PL
109;143;Deputado Federal;2277;DR JAZIEL;6;PL;PL
109;143;Deputado Federal;2288;PRISCILA COSTA;2;PL;PL
109;143;Deputado Federal;2299;MATHEUS NORONHA;1;PL;PL
109;143;Deputado Federal;2323;MORONI;1;CIDADANIA;(PSDB/CIDADANIA)
109;143;Deputado Federal;3000;SAMUEL LIMA;1;NOVO;NOVO
109;143;Deputado Federal;4410;CARLOS MATOS;1;UNIÃO;UNIÃO
109;143;Deputado Federal;4444;HEITOR FREIRE;5;UNIÃO;UNIÃO
109;143;Deputado Federal;4445;DAMIÃO TENORIO;4;UNIÃO;UNIÃO
109;143;Deputado Federal;4447;DANILO FORTE;3;UNIÃO;UNIÃO
109;143;Deputado Federal;4456;DAYANY DO CAPITÃO;5;UNIÃO;UNIÃO
109;143;Deputado Federal;4477;FERNANDA PESSOA;2;UNIÃO;UNIÃO
109;143;Deputado Federal;4488;MOSES RODRIGUES;3;UNIÃO;UNIÃO
109;143;Deputado Federal;4490;SOLDADO NOELIO;2;UNIÃO;UNIÃO
109;143;Deputado Federal;4555;CLAUDIA GOMES;1;PSDB;(PSDB/CIDADANIA)
109;143;Deputado Federal;5044;LÍDIA DO BORA DE RUMA;1;PSOL;(PSOL/REDE)
109;143;Deputado Federal;5055;GABRIEL BIOLOGIA;1;PSOL;(PSOL/REDE)
109;143;Deputado Federal;5511;CÉLIO STUDART;2;PSD;PSD
109;143;Deputado Federal;5533;LUIZ GASTÃO;1;PSD;PSD
109;143;Deputado Federal;5555;DOMINGOS NETO;100;PSD;PSD
109;143;Deputado Federal;5588;ELIANE BRAZ;9;PSD;PSD
109;143;Deputado Federal;13;LEGENDA PT;2;PT;PT
109;143;Deputado Federal;70;LEGENDA AVANTE;1;AVANTE;AVANTE
109;143;Deputado Federal;95;BRANCOS;15;;
109;143;Deputado Federal;96;NULOS;7;;
109;143;Deputado Estadual;10000;APÓSTOLO LUIZ HENRIQUE;2;REPUBLICANOS;REPUBLICANOS
109;143;Deputado Estadual;10123;DAVID DURAND;2;REPUBLICANOS;REPUBLICANOS
109;143;Deputado Estadual;11111;ZEZINHO ALBUQUERQUE;5;PP;PP
109;143;Deputado Estadual;11444;LEONARDO PINHEIRO;1;PP;PP
109;143;Deputado Estadual;12000;EVANDRO LEITÃO;1;PDT;PDT
109;143;Deputado Estadual;12123;CLÁUDIO PINHO;17;PDT;PDT
109;143;Deputado Estadual;12127;HELAINE COELHO;35;PDT;PDT
109;143;Deputado Estadual;12500;SALMITO;2;PDT;PDT
109;143;Deputado Estadual;12600;TIN GOMES;1;PDT;PDT
109;143;Deputado Estadual;13132;ACRISIO SENA;3;PT;(PT/PC do B/PV)
109;143;Deputado Estadual;13133;LARISSA GASPAR;1;PT;(PT/PC do B/PV)
109;143;Deputado Estadual;13555;JULIANA LUCENA;16;PT;(PT/PC do B/PV)
109;143;Deputado Estadual;13777;NIZO;14;PT;(PT/PC do B/PV)
109;143;Deputado Estadual;13789;JULINHO;1;PT;(PT/PC do B/PV)
109;143;Deputado Estadual;15151;LEONARDO ARAÚJO;1;MDB;MDB
109;143;Deputado Estadual;15555;FELIPE AGUIAR;1;MDB;MDB
109;143;Deputado Estadual;15888;AGENOR NETO;1;MDB;MDB
109;143;Deputado Estadual;22010;BEZERRA DE MENESES;2;PL;PL
109;143;Deputado Estadual;22022;CARMELO NETO;3;PL;PL
109;143;Deputado Estadual;22222;PR.ALCIDES FERNANDES;1;PL;PL
109;143;Deputado Estadual;22333;DR THIAGO SALES;1;PL;PL
109;143;Deputado Estadual;22555;MARTA GONÇALVES;67;PL;PL
109;143;Deputado Estadual;22556;DAVID PROARMAS;1;PL;PL
109;143;Deputado Estadual;22777;DRA SILVANA;5;PL;PL
109;143;Deputado Estadual;23192;MARTINHA - A SAÚDE RESISTE;1;CIDADANIA;(PSDB/CIDADANIA)
109;143;Deputado Estadual;30000;DR. ISAQUE RABELO;2;NOVO;NOVO
109;143;Deputado Estadual;43640;WALTER CAVALCANTE;1;PV;(PT/PC do B/PV)
109;143;Deputado Estadual;44190;SARGENTO REGINAURO;5;UNIÃO;UNIÃO
109;143;Deputado Estadual;44333;HEITOR FÉRRER;1;UNIÃO;UNIÃO
109;143;Deputado Estadual;44567;MAGNOLIA ROCHA;12;UNIÃO;UNIÃO
109;143;Deputado Estadual;44777;FIRMO CAMURÇA;1;UNIÃO;UNIÃO
109;143;Deputado Estadual;45000;JORGE PINHEIRO;1;PSDB;(PSDB/CIDADANIA)
109;143;Deputado Estadual;45111;GORDIM ARAUJO;1;PSDB;(PSDB/CIDADANIA)
109;143;Deputado Estadual;45123;EMILIA PESSOA;1;PSDB;(PSDB/CIDADANIA)
109;143;Deputado Estadual;45333;DIEGO BARRETO;1;PSDB;(PSDB/CIDADANIA)
109;143;Deputado Estadual;50013;LÉO SURICATE;3;PSOL;(PSOL/REDE)
109;143;Deputado Estadual;50500;RENATO ROSENO;2;PSOL;(PSOL/REDE)
109;143;Deputado Estadual;55011;APOLLO VICZ;2;PSD;PSD
109;143;Deputado Estadual;55234;DR. LUCÍLVIO GIRÃO;1;PSD;PSD
109;143;Deputado Estadual;55888;KEIVIA DIAS;2;PSD;PSD
109;143;Deputado Estadual;65234;CACIKA IRÊ;1;PC do B;(PT/PC do B/PV)
109;143;Deputado Estadual;70070;ALBERTO LIMA;1;AVANTE;AVANTE
109;143;Deputado Estadual;70123;TOMAZ HOLANDA;1;AVANTE;AVANTE
109;143;Deputado Estadual;70321;DANIEL BORGES;14;AVANTE;AVANTE
109;143;Deputado Estadual;70456;DUCA;1;AVANTE;AVANTE
109;143;Deputado Estadual;12;LEGENDA PDT;1;PDT;PDT
109;143;Deputado Estadual;13;LEGENDA PT;7;PT;PT
109;143;Deputado Estadual;14;LEGENDA PTB;1;PTB;PTB
109;143;Deputado Estadual;23;LEGENDA CIDADANIA;1;CIDADANIA;CIDADANIA
109;143;Deputado Estadual;55;LEGENDA PSD;1;PSD;PSD
109;143;Deputado Estadual;70;LEGENDA AVANTE;1;AVANTE;AVANTE
109;143;Deputado Estadual;95;BRANCOS;7;;
109;143;Deputado Estadual;96;NULOS;6;;
109;144;Presidente;12;CIRO GOMES;9;PDT;PDT
109;144;Presidente;13;LULA;182;PT;(PT/PC do B/PV), SOLIDARIEDADE, (PSOL/REDE), PSB, AGIR, AVANTE, PROS
109;144;Presidente;15;SIMONE TEBET;2;MDB;MDB, (PSDB/CIDADANIA), PODE
109;144;Presidente;21;SOFIA MANZANO;1;PCB;PCB
109;144;Presidente;22;JAIR BOLSONARO;84;PL;PP, REPUBLICANOS, PL
109;144;Presidente;95;BRANCOS;3;;
109;144;Presidente;96;NULOS;6;;
109;144;Governador;12;ROBERTO CLÁUDIO;10;PDT;PMN, PATRIOTA, AGIR, PMB, PDT, PSD, PSB, PSC, DC
109;144;Governador;13;ELMANO DE FREITAS;166;PT;(PT/PC do B/PV), PP, MDB, PRTB, (PSOL/REDE), SOLIDARIEDADE
109;144;Governador;44;CAPITÃO WAGNER;93;UNIÃO;PODE, AVANTE, PL, REPUBLICANOS, PTB, PROS, UNIÃO
109;144;Governador;95;BRANCOS;5;;
109;144;Governador;96;NULOS;13;;
109;144;Senador;131;CAMILO;187;PT;(PT/PC do B/PV), MDB, PRTB, (PSOL/REDE), SOLIDARIEDADE, PP
109;144;Senador;555;ERIKA AMORIM;1;PSD;PSB, AGIR, DC, PMB, PDT, PSD, PMN, PATRIOTA, PSC
109;144;Senador;700;KAMILA CARDOSO;74;AVANTE;AVANTE, UNIÃO, PTB, REPUBLICANOS, PROS, PL, PODE
109;144;Senador;95;BRANCOS;11;;
109;144;Senador;96;NULOS;14;;
109;144;Deputado Federal;1010;RONALDO MARTINS;2;REPUBLICANOS;REPUBLICANOS
109;144;Deputado Federal;1016;PR RODRIGO MATOS;1;REPUBLICANOS;REPUBLICANOS
109;144;Deputado Federal;1111;AJ ALBUQUERQUE;1;PP;PP
109;144;Deputado Federal;1133;XISTO;1;PP;PP
109;144;Deputado Federal;1212;LEÔNIDAS CRISTINO;1;PDT;PDT
109;144;Deputado Federal;1213;IDILVAN;16;PDT;PDT
109;144;Deputado Federal;1214;EDUARDO BISMARCK;2;PDT;PDT
109;144;Deputado Federal;1233;ROBÉRIO MONTEIRO;7;PDT;PDT
109;144;Deputado Federal;1292;ENFERMEIRA ANA PAULA;3;PDT;PDT
109;144;Deputado Federal;1313;LUIZIANNE LINS;12;PT;(PT/PC do B/PV)
109;144;Deputado Federal;1322;GUIMARÃES DO PT;11;PT;(PT/PC do B/PV)
109;144;Deputado Federal;1533;EUNÍCIO;7;MDB;MDB
109;144;Deputado Federal;1580;CÍCERO ANIMAL DAS PISTAS;1;MDB;MDB
109;144;Deputado Federal;2123;ROBERTO SANTOS;1;PCB;PCB
109;144;Deputado Federal;2210;CORONEL AGINALDO;1;PL;PL
109;144;Deputado Federal;2211;YURY DO PAREDÃO;1;PL;PL
109;144;Deputado Federal;2222;ANDRÉ FERNANDES;4;PL;PL
109;144;Deputado Federal;2233;GORETE PEREIRA;1;PL;PL
109;144;Deputado Federal;2255;JÚNIOR MANO;9;PL;PL
109;144;Deputado Federal;2277;DR JAZIEL;6;PL;PL
109;144;Deputado Federal;2299;MATHEUS NORONHA;13;PL;PL
109;144;Deputado Federal;3555;CARLINHOS DO HOSPITAL;1;PMB;PMB
109;144;Deputado Federal;4410;CARLOS MATOS;18;UNIÃO;UNIÃO
109;144;Deputado Federal;4411;VANDERLAN ALVES;2;UNIÃO;UNIÃO
109;144;Deputado Federal;4444;HEITOR FREIRE;5;UNIÃO;UNIÃO
109;144;Deputado Federal;4445;DAMIÃO TENORIO;3;UNIÃO;UNIÃO
109;144;Deputado Federal;4447;DANILO FORTE;18;UNIÃO;UNIÃO
109;144;Deputado Federal;4456;DAYANY DO CAPITÃO;3;UNIÃO;UNIÃO
109;144;Deputado Federal;4477;FERNANDA PESSOA;12;UNIÃO;UNIÃO
109;144;Deputado Federal;4488;MOSES RODRIGUES;4;UNIÃO;UNIÃO
109;144;Deputado Federal;4555;CLAUDIA GOMES;1;PSDB;(PSDB/CIDADANIA)
109;144;Deputado Federal;5511;CÉLIO STUDART;4;PSD;PSD
109;144;Deputado Federal;5522;MARCOS LIMA;1;PSD;PSD
109;144;Deputado Federal;5533;LUIZ GASTÃO;4;PSD;PSD
109;144;Deputado Federal;5555;DOMINGOS NETO;72;PSD;PSD
109;144;Deputado Federal;5588;ELIANE BRAZ;6;PSD;PSD
109;144;Deputado Federal;6565;INÁCIO ARRUDA;4;PC do B;(PT/PC do B/PV)
109;144;Deputado Federal;11;LEGENDA PP;2;PP;PP
109;144;Deputado Federal;12;LEGENDA PDT;1;PDT;PDT
109;144;Deputado Federal;13;LEGENDA PT;4;PT;PT
109;144;Deputado Federal;15;LEGENDA MDB;1;MDB;MDB
109;144;Deputado Federal;55;LEGENDA PSD;2;PSD;PSD
109;144;Deputado Federal;65;LEGENDA PC do B;1;PC do B;PC do B
109;144;Deputado Federal;70;LEGENDA AVANTE;1;AVANTE;AVANTE
109;144;Deputado Federal;95;BRANCOS;10;;
109;144;Deputado Federal;96;NULOS;6;;
109;144;Deputado Estadual;10123;DAVID DURAND;2;REPUBLICANOS;REPUBLICANOS
109;144;Deputado Estadual;11111;ZEZINHO ALBUQUERQUE;2;PP;PP
109;144;Deputado Estadual;11113;ALMIR BIÉ;6;PP;PP
109;144;Deputado Estadual;11123;ROSÁLIO DANIEL;2;PP;PP
109;144;Deputado Estadual;11444;LEONARDO PINHEIRO;12;PP;PP
109;144;Deputado Estadual;12000;EVANDRO LEITÃO;3;PDT;PDT
109;144;Deputado Estadual;12111;ANTONIO HENRIQUE;1;PDT;PDT
109;144;Deputado Estadual;12123;CLÁUDIO PINHO;6;PDT;PDT
109;144;Deputado Estadual;12127;HELAINE COELHO;11;PDT;PDT
109;144;Deputado Estadual;12600;TIN GOMES;1;PDT;PDT
109;144;Deputado Estadual;13123;MISSIAS DO MST;9;PT;(PT/PC do B/PV)
109;144;Deputado Estadual;13132;ACRISIO SENA;6;PT;(PT/PC do B/PV)
109;144;Deputado Estadual;13133;LARISSA GASPAR;1;PT;(PT/PC do B/PV)
109;144;Deputado Estadual;13234;GUILHERME SAMPAIO;2;PT;(PT/PC do B/PV)
109;144;Deputado Estadual;13333;MOISES BRAZ;12;PT;(PT/PC do B/PV)
109;144;Deputado Estadual;13456;DE ASSIS DINIZ;10;PT;(PT/PC do B/PV)
109;144;Deputado Estadual;13777;NIZO;7;PT;(PT/PC do B/PV)
109;144;Deputado Estadual;13789;JULINHO;6;PT;(PT/PC do B/PV)
109;144;Deputado Estadual;15115;CARLOS BANDEIRA;1;MDB;MDB
109;144;Deputado Estadual;15333;DANNIEL OLIVEIRA;3;MDB;MDB
109;144;Deputado Estadual;22022;CARMELO NETO;3;PL;PL
109;144;Deputado Estadual;22120;ALEX CEARÁ;1;PL;PL
109;144;Deputado Estadual;22380;DUDU DIÓGENES;1;PL;PL
109;144;Deputado Estadual;22555;MARTA GONÇALVES;89;PL;PL
109;144;Deputado Estadual;22777;DRA SILVANA;6;PL;PL
109;144;Deputado Estadual;23192;MARTINHA - A SAÚDE RESISTE;2;CIDADANIA;(PSDB/CIDADANIA)
109;144;Deputado Estadual;33033;ALYSSON LIMA;2;PMN;PMN
109;144;Deputado Estadual;33133;MARIO HELIO;1;PMN;PMN
109;144;Deputado Estadual;43640;WALTER CAVALCANTE;1;PV;(PT/PC do B/PV)
109;144;Deputado Estadual;44444;ENEAS GOES;1;UNIÃO;UNIÃO
109;144;Deputado Estadual;44447;ISABELLE MUNGUBA;1;UNIÃO;UNIÃO
109;144;Deputado Estadual;44567;MAGNOLIA ROCHA;10;UNIÃO;UNIÃO
109;144;Deputado Estadual;44777;FIRMO CAMURÇA;9;UNIÃO;UNIÃO
109;144;Deputado Estadual;44888;DR. OSCAR RODRIGUES;4;UNIÃO;UNIÃO
109;144;Deputado Estadual;45000;JORGE PINHEIRO;5;PSDB;(PSDB/CIDADANIA)
109;144;Deputado Estadual;45123;EMILIA PESSOA;12;PSDB;(PSDB/CIDADANIA)
109;144;Deputado Estadual;50113;NESTOR BEZERRA;1;PSOL;(PSOL/REDE)
109;144;Deputado Estadual;50500;RENATO ROSENO;1;PSOL;(PSOL/REDE)
109;144;Deputado Estadual;55234;DR. LUCÍLVIO GIRÃO;2;PSD;PSD
109;144;Deputado Estadual;65013;PROFESSOR ANÍZIO;1;PC do B;(PT/PC do B/PV)
109;144;Deputado Estadual;65234;CACIKA IRÊ;3;PC do B;(PT/PC do B/PV)
109;144;Deputado Estadual;70123;TOMAZ HOLANDA;3;AVANTE;AVANTE
109;144;Deputado Estadual;12;LEGENDA PDT;3;PDT;PDT
109;144;Deputado Estadual;13;LEGENDA PT;5;PT;PT
109;144;Deputado Estadual;33;LEGENDA PMN;1;PMN;PMN
109;144;Deputado Estadual;44;LEGENDA UNIÃO;2;UNIÃO;UNIÃO
109;144;Deputado Estadual;55;LEGENDA PSD;1;PSD;PSD
109;144;Deputado Estadual;65;LEGENDA PC do B;1;PC do B;PC do B
109;144;Deputado Estadual;95;BRANCOS;10;;
109;144;Deputado Estadual;96;NULOS;2;;
109;145;Presidente;12;CIRO GOMES;9;PDT;PDT
109;145;Presidente;13;LULA;163;PT;(PT/PC do B/PV), SOLIDARIEDADE, (PSOL/REDE), PSB, AGIR, AVANTE, PROS
109;145;Presidente;15;SIMONE TEBET;1;MDB;MDB, (PSDB/CIDADANIA), PODE
109;145;Presidente;22;JAIR BOLSONARO;78;PL;PP, REPUBLICANOS, PL
109;145;Presidente;95;BRANCOS;3;;
109;145;Presidente;96;NULOS;3;;
109;145;Governador;12;ROBERTO CLÁUDIO;17;PDT;PMN, PATRIOTA, AGIR, PMB, PDT, PSD, PSB, PSC, DC
109;145;Governador;13;ELMANO DE FREITAS;131;PT;(PT/PC do B/PV), PP, MDB, PRTB, (PSOL/REDE), SOLIDARIEDADE
109;145;Governador;44;CAPITÃO WAGNER;97;UNIÃO;PODE, AVANTE, PL, REPUBLICANOS, PTB, PROS, UNIÃO
109;145;Governador;95;BRANCOS;6;;
109;145;Governador;96;NULOS;6;;
109;145;Senador;131;CAMILO;151;PT;(PT/PC do B/PV), MDB, PRTB, (PSOL/REDE), SOLIDARIEDADE, PP
109;145;Senador;555;ERIKA AMORIM;2;PSD;PSB, AGIR, DC, PMB, PDT, PSD, PMN, PATRIOTA, PSC
109;145;Senador;700;KAMILA CARDOSO;71;AVANTE;AVANTE, UNIÃO, PTB, REPUBLICANOS, PROS, PL, PODE
109;145;Senador;95;BRANCOS;18;;
109;145;Senador;96;NULOS;15;;
109;145;Deputado Federal;1023;PASTOR ABRAÃO;1;REPUBLICANOS;REPUBLICANOS
109;145;Deputado Federal;1111;AJ ALBUQUERQUE;1;PP;PP
109;145;Deputado Federal;1133;XISTO;1;PP;PP
109;145;Deputado Federal;1213;IDILVAN;20;PDT;PDT
109;145;Deputado Federal;1214;EDUARDO BISMARCK;2;PDT;PDT
109;145;Deputado Federal;1221;MAURO FILHO;1;PDT;PDT
109;145;Deputado Federal;1233;ROBÉRIO MONTEIRO;5;PDT;PDT
109;145;Deputado Federal;1234;ANDRÉ FIGUEIREDO;1;PDT;PDT
109;145;Deputado Federal;1277;ADAIL JR;3;PDT;PDT
109;145;Deputado Federal;1292;ENFERMEIRA ANA PAULA;4;PDT;PDT
109;145;Deputado Federal;1313;LUIZIANNE LINS;21;PT;(PT/PC do B/PV)
109;145;Deputado Federal;1322;GUIMARÃES DO PT;5;PT;(PT/PC do B/PV)
109;145;Deputado Federal;1525;MARCIO BATISTA;1;MDB;MDB
109;145;Deputado Federal;1533;EUNÍCIO;4;MDB;MDB
109;145;Deputado Federal;2200;DRA. MAYRA PINHEIRO;1;PL;PL
109;145;Deputado Federal;2210;CORONEL AGINALDO;7;PL;PL
109;145;Deputado Federal;2211;YURY DO PAREDÃO;2;PL;PL
109;145;Deputado Federal;2222;ANDRÉ FERNANDES;9;PL;PL
109;145;Deputado Federal;2233;GORETE PEREIRA;1;PL;PL
109;145;Deputado Federal;2255;JÚNIOR MANO;6;PL;PL
109;145;Deputado Federal;2277;DR JAZIEL;8;PL;PL
109;145;Deputado Federal;2288;PRISCILA COSTA;2;PL;PL
109;145;Deputado Federal;2299;MATHEUS NORONHA;10;PL;PL
109;145;Deputado Federal;4001;ISLANDIA ROCHA;3;PSB;PSB
109;145;Deputado Federal;4410;CARLOS MATOS;6;UNIÃO;UNIÃO
109;145;Deputado Federal;4411;VANDERLAN ALVES;1;UNIÃO;UNIÃO
109;145;Deputado Federal;4433;DR. AGRIPINO MAGALHÃES;1;UNIÃO;UNIÃO
109;145;Deputado Federal;4444;HEITOR FREIRE;4;UNIÃO;UNIÃO
109;145;Deputado Federal;4447;DANILO FORTE;13;UNIÃO;UNIÃO
109;145;Deputado Federal;4456;DAYANY DO CAPITÃO;1;UNIÃO;UNIÃO
109;145;Deputado Federal;4477;FERNANDA PESSOA;10;UNIÃO;UNIÃO
109;145;Deputado Federal;4488;MOSES RODRIGUES;6;UNIÃO;UNIÃO
109;145;Deputado Federal;5050;AILTON LOPES;1;PSOL;(PSOL/REDE)
109;145;Deputado Federal;5511;CÉLIO STUDART;5;PSD;PSD
109;145;Deputado Federal;5533;LUIZ GASTÃO;4;PSD;PSD
109;145;Deputado Federal;5555;DOMINGOS NETO;57;PSD;PSD
109;145;Deputado Federal;5588;ELIANE BRAZ;4;PSD;PSD
109;145;Deputado Federal;6565;INÁCIO ARRUDA;5;PC do B;(PT/PC do B/PV)
109;145;Deputado Federal;7040;CHICO ANTÔNIO;1;AVANTE;AVANTE
109;145;Deputado Federal;12;LEGENDA PDT;3;PDT;PDT
109;145;Deputado Federal;13;LEGENDA PT;3;PT;PT
109;145;Deputado Federal;22;LEGENDA PL;1;PL;PL
109;145;Deputado Federal;23;LEGENDA CIDADANIA;1;CIDADANIA;CIDADANIA
109;145;Deputado Federal;45;LEGENDA PSDB;1;PSDB;PSDB
109;145;Deputado Federal;65;LEGENDA PC do B;1;PC do B;PC do B
109;145;Deputado Federal;95;BRANCOS;7;;
109;145;Deputado Federal;96;NULOS;2;;
109;145;Deputado Estadual;10100;REGIS FELICIO;1;REPUBLICANOS;REPUBLICANOS
109;145;Deputado Estadual;10124;DUQUINHA;1;REPUBLICANOS;REPUBLICANOS
109;145;Deputado Estadual;11113;ALMIR BIÉ;7;PP;PP
109;145;Deputado Estadual;11123;ROSÁLIO DANIEL;1;PP;PP
109;145;Deputado Estadual;11444;LEONARDO PINHEIRO;9;PP;PP
109;145;Deputado Estadual;12000;EVANDRO LEITÃO;1;PDT;PDT
109;145;Deputado Estadual;12111;ANTONIO HENRIQUE;1;PDT;PDT
109;145;Deputado Estadual;12123;CLÁUDIO PINHO;4;PDT;PDT
109;145;Deputado Estadual;12127;HELAINE COELHO;9;PDT;PDT
109;145;Deputado Estadual;12345;LIA GOMES;2;PDT;PDT
109;145;Deputado Estadual;13123;MISSIAS DO MST;17;PT;(PT/PC do B/PV)
109;145;Deputado Estadual;13130;PROFESSORA TERESINHA;1;PT;(PT/PC do B/PV)
109;145;Deputado Estadual;13132;ACRISIO SENA;6;PT;(PT/PC do B/PV)
109;145;Deputado Estadual;13133;LARISSA GASPAR;1;PT;(PT/PC do B/PV)
109;145;Deputado Estadual;13138;PRETA KAROL;1;PT;(PT/PC do B/PV)
109;145;Deputado Estadual;13234;GUILHERME SAMPAIO;1;PT;(PT/PC do B/PV)
109;145;Deputado Estadual;13333;MOISES BRAZ;5;PT;(PT/PC do B/PV)
109;145;Deputado Estadual;13456;DE ASSIS DINIZ;2;PT;(PT/PC do B/PV)
109;145;Deputado Estadual;13555;JULIANA LUCENA;1;PT;(PT/PC do B/PV)
109;145;Deputado Estadual;13777;NIZO;7;PT;(PT/PC do B/PV)
109;145;Deputado Estadual;13789;JULINHO;4;PT;(PT/PC do B/PV)
109;145;Deputado Estadual;14014;BISPO ABEL GALVÃO;1;PTB;PTB
109;145;Deputado Estadual;15115;CARLOS BANDEIRA;1;MDB;MDB
109;145;Deputado Estadual;15333;DANNIEL OLIVEIRA;2;MDB;MDB
109;145;Deputado Estadual;22010;BEZERRA DE MENESES;1;PL;PL
109;145;Deputado Estadual;22022;CARMELO NETO;7;PL;PL
109;145;Deputado Estadual;22120;ALEX CEARÁ;7;PL;PL
109;145;Deputado Estadual;22222;PR.ALCIDES FERNANDES;3;PL;PL
109;145;Deputado Estadual;22380;DUDU DIÓGENES;1;PL;PL
109;145;Deputado Estadual;22555;MARTA GONÇALVES;64;PL;PL
109;145;Deputado Estadual;22777;DRA SILVANA;8;PL;PL
109;145;Deputado Estadual;23192;MARTINHA - A SAÚDE RESISTE;3;CIDADANIA;(PSDB/CIDADANIA)
109;145;Deputado Estadual;23456;DR OLIMAR;1;CIDADANIA;(PSDB/CIDADANIA)
109;145;Deputado Estadual;33033;ALYSSON LIMA;1;PMN;PMN
109;145;Deputado Estadual;43640;WALTER CAVALCANTE;1;PV;(PT/PC do B/PV)
109;145;Deputado Estadual;44567;MAGNOLIA ROCHA;6;UNIÃO;UNIÃO
109;145;Deputado Estadual;44777;FIRMO CAMURÇA;8;UNIÃO;UNIÃO
109;145;Deputado Estadual;44888;DR. OSCAR RODRIGUES;7;UNIÃO;UNIÃO
109;145;Deputado Estadual;44900;JÚ DA HOBBY CENTER;1;UNIÃO;UNIÃO
109;145;Deputado Estadual;45000;JORGE PINHEIRO;5;PSDB;(PSDB/CIDADANIA)
109;145;Deputado Estadual;45123;EMILIA PESSOA;7;PSDB;(PSDB/CIDADANIA)
109;145;Deputado Estadual;50113;NESTOR BEZERRA;1;PSOL;(PSOL/REDE)
109;145;Deputado Estadual;55011;APOLLO VICZ;1;PSD;PSD
109;145;Deputado Estadual;55234;DR. LUCÍLVIO GIRÃO;1;PSD;PSD
109;145;Deputado Estadual;65013;PROFESSOR ANÍZIO;1;PC do B;(PT/PC do B/PV)
109;145;Deputado Estadual;65234;CACIKA IRÊ;5;PC do B;(PT/PC do B/PV)
109;145;Deputado Estadual;70070;ALBERTO LIMA;1;AVANTE;AVANTE
109;145;Deputado Estadual;70123;TOMAZ HOLANDA;4;AVANTE;AVANTE
109;145;Deputado Estadual;70456;DUCA;1;AVANTE;AVANTE
109;145;Deputado Estadual;13;LEGENDA PT;6;PT;PT
109;145;Deputado Estadual;44;LEGENDA UNIÃO;2;UNIÃO;UNIÃO
109;145;Deputado Estadual;45;LEGENDA PSDB;1;PSDB;PSDB
109;145;Deputado Estadual;55;LEGENDA PSD;1;PSD;PSD
109;145;Deputado Estadual;95;BRANCOS;9;;
109;145;Deputado Estadual;96;NULOS;6;;
109;146;Presidente;12;CIRO GOMES;9;PDT;PDT
109;146;Presidente;13;LULA;195;PT;(PT/PC do B/PV), SOLIDARIEDADE, (PSOL/REDE), PSB, AGIR, AVANTE, PROS
109;146;Presidente;15;SIMONE TEBET;4;MDB;MDB, (PSDB/CIDADANIA), PODE
109;146;Presidente;22;JAIR BOLSONARO;77;PL;PP, REPUBLICANOS, PL
109;146;Presidente;44;SORAYA THRONICKE;1;UNIÃO;UNIÃO
109;146;Presidente;95;BRANCOS;2;;
109;146;Presidente;96;NULOS;4;;
109;146;Governador;12;ROBERTO CLÁUDIO;10;PDT;PMN, PATRIOTA, AGIR, PMB, PDT, PSD, PSB, PSC, DC
109;146;Governador;13;ELMANO DE FREITAS;172;PT;(PT/PC do B/PV), PP, MDB, PRTB, (PSOL/REDE), SOLIDARIEDADE
109;146;Governador;44;CAPITÃO WAGNER;93;UNIÃO;PODE, AVANTE, PL, REPUBLICANOS, PTB, PROS, UNIÃO
109;146;Governador;95;BRANCOS;8;;
109;146;Governador;96;NULOS;9;;
109;146;Senador;131;CAMILO;173;PT;(PT/PC do B/PV), MDB, PRTB, (PSOL/REDE), SOLIDARIEDADE, PP
109;146;Senador;555;ERIKA AMORIM;2;PSD;PSB, AGIR, DC, PMB, PDT, PSD, PMN, PATRIOTA, PSC
109;146;Senador;700;KAMILA CARDOSO;88;AVANTE;AVANTE, UNIÃO, PTB, REPUBLICANOS, PROS, PL, PODE
109;146;Senador;95;BRANCOS;14;;
109;146;Senador;96;NULOS;15;;
109;146;Deputado Federal;1000;BISPA VANESSA LIMA;1;REPUBLICANOS;REPUBLICANOS
109;146;Deputado Federal;1016;PR RODRIGO MATOS;1;REPUBLICANOS;REPUBLICANOS
109;146;Deputado Federal;1093;TENENTE NAPOLEÃO;2;REPUBLICANOS;REPUBLICANOS
109;146;Deputado Federal;1111;AJ ALBUQUERQUE;1;PP;PP
109;146;Deputado Federal;1112;GOMES FARIAS;1;PP;PP
109;146;Deputado Federal;1122;SÉRGIO DANTAS;1;PP;PP
109;146;Deputado Federal;1212;LEÔNIDAS CRISTINO;2;PDT;PDT
109;146;Deputado Federal;1213;IDILVAN;21;PDT;PDT
109;146;Deputado Federal;1214;EDUARDO BISMARCK;6;PDT;PDT
109;146;Deputado Federal;1221;MAURO FILHO;1;PDT;PDT
109;146;Deputado Federal;1233;ROBÉRIO MONTEIRO;2;PDT;PDT
109;146;Deputado Federal;1251;ARNON BEZERRA;1;PDT;PDT
109;146;Deputado Federal;1292;ENFERMEIRA ANA PAULA;5;PDT;PDT
109;146;Deputado Federal;1313;LUIZIANNE LINS;19;PT;(PT/PC do B/PV)
109;146;Deputado Federal;1322;GUIMARÃES DO PT;2;PT;(PT/PC do B/PV)
109;146;Deputado Federal;1333;JOSE AIRTON;1;PT;(PT/PC do B/PV)
109;146;Deputado Federal;2200;DRA. MAYRA PINHEIRO;3;PL;PL
109;146;Deputado Federal;2210;CORONEL AGINALDO;1;PL;PL
109;146;Deputado Federal;2211;YURY DO PAREDÃO;1;PL;PL
109;146;Deputado Federal;2222;ANDRÉ FERNANDES;8;PL;PL
109;146;Deputado Federal;2233;GORETE PEREIRA;1;PL;PL
109;146;Deputado Federal;2255;JÚNIOR MANO;5;PL;PL
109;146;Deputado Federal;2277;DR JAZIEL;4;PL;PL
109;146;Deputado Federal;2288;PRISCILA COSTA;3;PL;PL
109;146;Deputado Federal;2299;MATHEUS NORONHA;18;PL;PL
109;146;Deputado Federal;3690;CLAUDIO MOURA;2;AGIR;AGIR
109;146;Deputado Federal;4400;LUIZ CARLOS JR;1;UNIÃO;UNIÃO
109;146;Deputado Federal;4412;PASTOR PEDRO RIBEIRO;1;UNIÃO;UNIÃO
109;146;Deputado Federal;4433;DR. AGRIPINO MAGALHÃES;1;UNIÃO;UNIÃO
109;146;Deputado Federal;4444;HEITOR FREIRE;3;UNIÃO;UNIÃO
109;146;Deputado Federal;4445;DAMIÃO TENORIO;9;UNIÃO;UNIÃO
109;146;Deputado Federal;4447;DANILO FORTE;12;UNIÃO;UNIÃO
109;146;Deputado Federal;4455;VAIDON OLIVEIRA;2;UNIÃO;UNIÃO
109;146;Deputado Federal;4477;FERNANDA PESSOA;11;UNIÃO;UNIÃO
109;146;Deputado Federal;4488;MOSES RODRIGUES;14;UNIÃO;UNIÃO
109;146;Deputado Federal;5050;AILTON LOPES;1;PSOL;(PSOL/REDE)
109;146;Deputado Federal;5055;GABRIEL BIOLOGIA;2;PSOL;(PSOL/REDE)
109;146;Deputado Federal;5511;CÉLIO STUDART;2;PSD;PSD
109;146;Deputado Federal;5533;LUIZ GASTÃO;3;PSD;PSD
109;146;Deputado Federal;5555;DOMINGOS NETO;89;PSD;PSD
109;146;Deputado Federal;6565;INÁCIO ARRUDA;3;PC do B;(PT/PC do B/PV)
109;146;Deputado Federal;7012;LURDENIS VIEIRA;1;AVANTE;AVANTE
109;146;Deputado Federal;7020;DRA. LÍVIA KALUME;1;AVANTE;AVANTE
109;146;Deputado Federal;10;LEGENDA REPUBLICANOS;1;REPUBLICANOS;REPUBLICANOS
109;146;Deputado Federal;12;LEGENDA PDT;4;PDT;PDT
109;146;Deputado Federal;13;LEGENDA PT;1;PT;PT
109;146;Deputado Federal;23;LEGENDA CIDADANIA;1;CIDADANIA;CIDADANIA
109;146;Deputado Federal;95;BRANCOS;8;;
109;146;Deputado Federal;96;NULOS;8;;
109;146;Deputado Estadual;10000;APÓSTOLO LUIZ HENRIQUE;4;REPUBLICANOS;REPUBLICANOS
109;146;Deputado Estadual;11111;ZEZINHO ALBUQUERQUE;3;PP;PP
109;146;Deputado Estadual;11113;ALMIR BIÉ;12;PP;PP
109;146;Deputado Estadual;11444;LEONARDO PINHEIRO;7;PP;PP
109;146;Deputado Estadual;12123;CLÁUDIO PINHO;7;PDT;PDT
109;146;Deputado Estadual;12127;HELAINE COELHO;19;PDT;PDT
109;146;Deputado Estadual;12222;OSMAR BAQUIT;1;PDT;PDT
109;146;Deputado Estadual;13100;LILIANE;2;PT;(PT/PC do B/PV)
109;146;Deputado Estadual;13111;PEDRO LOBO;1;PT;(PT/PC do B/PV)
109;146;Deputado Estadual;13123;MISSIAS DO MST;7;PT;(PT/PC do B/PV)
109;146;Deputado Estadual;13132;ACRISIO SENA;8;PT;(PT/PC do B/PV)
109;146;Deputado Estadual;13138;PRETA KAROL;1;PT;(PT/PC do B/PV)
109;146;Deputado Estadual;13222;FERNANDO SANTANA;2;PT;(PT/PC do B/PV)
109;146;Deputado Estadual;13234;GUILHERME SAMPAIO;5;PT;(PT/PC do B/PV)
109;146;Deputado Estadual;13456;DE ASSIS DINIZ;4;PT;(PT/PC do B/PV)
109;146;Deputado Estadual;13789;JULINHO;3;PT;(PT/PC do B/PV)
109;146;Deputado Estadual;15115;CARLOS BANDEIRA;1;MDB;MDB
109;146;Deputado Estadual;22010;BEZERRA DE MENESES;1;PL;PL
109;146;Deputado Estadual;22022;CARMELO NETO;6;PL;PL
109;146;Deputado Estadual;22111;PEDRO MATOS;1;PL;PL
109;146;Deputado Estadual;22222;PR.ALCIDES FERNANDES;3;PL;PL
109;146;Deputado Estadual;22555;MARTA GONÇALVES;68;PL;PL
109;146;Deputado Estadual;22777;DRA SILVANA;4;PL;PL
109;146;Deputado Estadual;23123;LUANA RIBEIRO;2;CIDADANIA;(PSDB/CIDADANIA)
109;146;Deputado Estadual;23190;TENENTE DANTAS;1;CIDADANIA;(PSDB/CIDADANIA)
109;146;Deputado Estadual;23192;MARTINHA - A SAÚDE RESISTE;1;CIDADANIA;(PSDB/CIDADANIA)
109;146;Deputado Estadual;40101;WILSON SAMPAIO;1;PSB;PSB
109;146;Deputado Estadual;43640;WALTER CAVALCANTE;1;PV;(PT/PC do B/PV)
109;146;Deputado Estadual;44101;IVAN CABELEIREIRO;1;UNIÃO;UNIÃO
109;146;Deputado Estadual;44111;FELIPE MOTA;1;UNIÃO;UNIÃO
109;146;Deputado Estadual;44123;TONY BRITO;12;UNIÃO;UNIÃO
109;146;Deputado Estadual;44447;ISABELLE MUNGUBA;1;UNIÃO;UNIÃO
109;146;Deputado Estadual;44567;MAGNOLIA ROCHA;10;UNIÃO;UNIÃO
109;146;Deputado Estadual;44774;ADRIANNO IMPERADOR;1;UNIÃO;UNIÃO
109;146;Deputado Estadual;44776;NICOLLE BARBOSA;1;UNIÃO;UNIÃO
109;146;Deputado Estadual;44777;FIRMO CAMURÇA;5;UNIÃO;UNIÃO
109;146;Deputado Estadual;44888;DR. OSCAR RODRIGUES;10;UNIÃO;UNIÃO
109;146;Deputado Estadual;45000;JORGE PINHEIRO;1;PSDB;(PSDB/CIDADANIA)
109;146;Deputado Estadual;45123;EMILIA PESSOA;2;PSDB;(PSDB/CIDADANIA)
109;146;Deputado Estadual;45413;ORTUAM FIDELES;2;PSDB;(PSDB/CIDADANIA)
109;146;Deputado Estadual;50500;RENATO ROSENO;3;PSOL;(PSOL/REDE)
109;146;Deputado Estadual;55011;APOLLO VICZ;1;PSD;PSD
109;146;Deputado Estadual;55234;DR. LUCÍLVIO GIRÃO;5;PSD;PSD
109;146;Deputado Estadual;55555;GABRIELLA AGUIAR;3;PSD;PSD
109;146;Deputado Estadual;65013;PROFESSOR ANÍZIO;4;PC do B;(PT/PC do B/PV)
109;146;Deputado Estadual;65234;CACIKA IRÊ;3;PC do B;(PT/PC do B/PV)
109;146;Deputado Estadual;70000;TAM DE OLIVEIRA;2;AVANTE;AVANTE
109;146;Deputado Estadual;70123;TOMAZ HOLANDA;18;AVANTE;AVANTE
109;146;Deputado Estadual;11;LEGENDA PP;1;PP;PP
109;146;Deputado Estadual;12;LEGENDA PDT;3;PDT;PDT
109;146;Deputado Estadual;13;LEGENDA PT;7;PT;PT
109;146;Deputado Estadual;40;LEGENDA PSB;1;PSB;PSB
109;146;Deputado Estadual;65;LEGENDA PC do B;1;PC do B;PC do B
109;146;Deputado Estadual;70;LEGENDA AVANTE;1;AVANTE;AVANTE
109;146;Deputado Estadual;95;BRANCOS;8;;
109;146;Deputado Estadual;96;NULOS;8;;
109;147;Presidente;12;CIRO GOMES;13;PDT;PDT
109;147;Presidente;13;LULA;183;PT;(PT/PC do B/PV), SOLIDARIEDADE, (PSOL/REDE), PSB, AGIR, AVANTE, PROS
109;147;Presidente;15;SIMONE TEBET;3;MDB;MDB, (PSDB/CIDADANIA), PODE
109;147;Presidente;22;JAIR BOLSONARO;81;PL;PP, REPUBLICANOS, PL
109;147;Presidente;44;SORAYA THRONICKE;1;UNIÃO;UNIÃO
109;147;Presidente;95;BRANCOS;0;;
109;147;Presidente;96;NULOS;2;;
109;147;Governador;12;ROBERTO CLÁUDIO;11;PDT;PMN, PATRIOTA, AGIR, PMB, PDT, PSD, PSB, PSC, DC
109;147;Governador;13;ELMANO DE FREITAS;161;PT;(PT/PC do B/PV), PP, MDB, PRTB, (PSOL/REDE), SOLIDARIEDADE
109;147;Governador;44;CAPITÃO WAGNER;91;UNIÃO;PODE, AVANTE, PL, REPUBLICANOS, PTB, PROS, UNIÃO
109;147;Governador;95;BRANCOS;5;;
109;147;Governador;96;NULOS;15;;
109;147;Senador;131;CAMILO;177;PT;(PT/PC do B/PV), MDB, PRTB, (PSOL/REDE), SOLIDARIEDADE, PP
109;147;Senador;160;CARLOS SILVA;1;PSTU;PSTU
109;147;Senador;555;ERIKA AMORIM;3;PSD;PSB, AGIR, DC, PMB, PDT, PSD, PMN, PATRIOTA, PSC
109;147;Senador;700;KAMILA CARDOSO;77;AVANTE;AVANTE, UNIÃO, PTB, REPUBLICANOS, PROS, PL, PODE
109;147;Senador;95;BRANCOS;10;;
109;147;Senador;96;NULOS;15;;
109;147;Deputado Federal;1111;AJ ALBUQUERQUE;2;PP;PP
109;147;Deputado Federal;1213;IDILVAN;34;PDT;PDT
109;147;Deputado Federal;1214;EDUARDO BISMARCK;8;PDT;PDT
109;147;Deputado Federal;1292;ENFERMEIRA ANA PAULA;2;PDT;PDT
109;147;Deputado Federal;1311;LOURDINHA FELIX;1;PT;(PT/PC do B/PV)
109;147;Deputado Federal;1313;LUIZIANNE LINS;22;PT;(PT/PC do B/PV)
109;147;Deputado Federal;1322;GUIMARÃES DO PT;2;PT;(PT/PC do B/PV)
109;147;Deputado Federal;1533;EUNÍCIO;1;MDB;MDB
109;147;Deputado Federal;1580;CÍCERO ANIMAL DAS PISTAS;1;MDB;MDB
109;147;Deputado Federal;2200;DRA. MAYRA PINHEIRO;5;PL;PL
109;147;Deputado Federal;2210;CORONEL AGINALDO;4;PL;PL
109;147;Deputado Federal;2211;YURY DO PAREDÃO;5;PL;PL
109;147;Deputado Federal;2222;ANDRÉ FERNANDES;12;PL;PL
109;147;Deputado Federal;2244;TADEU OLIVEIRA;1;PL;PL
109;147;Deputado Federal;2277;DR JAZIEL;9;PL;PL
109;147;Deputado Federal;2288;PRISCILA COSTA;3;PL;PL
109;147;Deputado Federal;2299;MATHEUS NORONHA;21;PL;PL
109;147;Deputado Federal;4400;LUIZ CARLOS JR;1;UNIÃO;UNIÃO
109;147;Deputado Federal;4410;CARLOS MATOS;1;UNIÃO;UNIÃO
109;147;Deputado Federal;4444;HEITOR FREIRE;1;UNIÃO;UNIÃO
109;147;Deputado Federal;4445;DAMIÃO TENORIO;11;UNIÃO;UNIÃO
109;147;Deputado Federal;4447;DANILO FORTE;8;UNIÃO;UNIÃO
109;147;Deputado Federal;4455;VAIDON OLIVEIRA;1;UNIÃO;UNIÃO
109;147;Deputado Federal;4456;DAYANY DO CAPITÃO;1;UNIÃO;UNIÃO
109;147;Deputado Federal;4477;FERNANDA PESSOA;6;UNIÃO;UNIÃO
109;147;Deputado Federal;4488;MOSES RODRIGUES;12;UNIÃO;UNIÃO
109;147;Deputado Federal;5007;MAYA ELIZ;1;PSOL;(PSOL/REDE)
109;147;Deputado Federal;5055;GABRIEL BIOLOGIA;4;PSOL;(PSOL/REDE)
109;147;Deputado Federal;5511;CÉLIO STUDART;4;PSD;PSD
109;147;Deputado Federal;5533;LUIZ GASTÃO;4;PSD;PSD
109;147;Deputado Federal;5555;DOMINGOS NETO;68;PSD;PSD
109;147;Deputado Federal;5588;ELIANE BRAZ;1;PSD;PSD
109;147;Deputado Federal;6513;HELENA FERNANDES;1;PC do B;(PT/PC do B/PV)
109;147;Deputado Federal;6565;INÁCIO ARRUDA;4;PC do B;(PT/PC do B/PV)
109;147;Deputado Federal;13;LEGENDA PT;2;PT;PT
109;147;Deputado Federal;15;LEGENDA MDB;1;MDB;MDB
109;147;Deputado Federal;44;LEGENDA UNIÃO;1;UNIÃO;UNIÃO
109;147;Deputado Federal;95;BRANCOS;8;;
109;147;Deputado Federal;96;NULOS;9;;
109;147;Deputado Estadual;11111;ZEZINHO ALBUQUERQUE;1;PP;PP
109;147;Deputado Estadual;11113;ALMIR BIÉ;15;PP;PP
109;147;Deputado Estadual;11444;LEONARDO PINHEIRO;2;PP;PP
109;147;Deputado Estadual;12123;CLÁUDIO PINHO;5;PDT;PDT
109;147;Deputado Estadual;12127;HELAINE COELHO;22;PDT;PDT
109;147;Deputado Estadual;12144;GUILHERME BISMARCK;1;PDT;PDT
109;147;Deputado Estadual;13100;LILIANE;3;PT;(PT/PC do B/PV)
109;147;Deputado Estadual;13123;MISSIAS DO MST;7;PT;(PT/PC do B/PV)
109;147;Deputado Estadual;13130;PROFESSORA TERESINHA;2;PT;(PT/PC do B/PV)
109;147;Deputado Estadual;13131;MARI LACERDA;1;PT;(PT/PC do B/PV)
109;147;Deputado Estadual;13132;ACRISIO SENA;11;PT;(PT/PC do B/PV)
109;147;Deputado Estadual;13133;LARISSA GASPAR;1;PT;(PT/PC do B/PV)
109;147;Deputado Estadual;13234;GUILHERME SAMPAIO;6;PT;(PT/PC do B/PV)
109;147;Deputado Estadual;13456;DE ASSIS DINIZ;1;PT;(PT/PC do B/PV)
109;147;Deputado Estadual;13555;JULIANA LUCENA;1;PT;(PT/PC do B/PV)
109;147;Deputado Estadual;13777;NIZO;1;PT;(PT/PC do B/PV)
109;147;Deputado Estadual;13789;JULINHO;4;PT;(PT/PC do B/PV)
109;147;Deputado Estadual;15789;CLÁUDIO MENEZES;1;MDB;MDB
109;147;Deputado Estadual;22022;CARMELO NETO;13;PL;PL
109;147;Deputado Estadual;22222;PR.ALCIDES FERNANDES;9;PL;PL
109;147;Deputado Estadual;22555;MARTA GONÇALVES;58;PL;PL
109;147;Deputado Estadual;22777;DRA SILVANA;6;PL;PL
109;147;Deputado Estadual;23192;MARTINHA - A SAÚDE RESISTE;2;CIDADANIA;(PSDB/CIDADANIA)
109;147;Deputado Estadual;30000;DR. ISAQUE RABELO;1;NOVO;NOVO
109;147;Deputado Estadual;40101;WILSON SAMPAIO;6;PSB;PSB
109;147;Deputado Estadual;43222;REGINALDO CASTRO;1;PV;(PT/PC do B/PV)
109;147;Deputado Estadual;44044;MARGARIDAMORORO CEARAPARATODOS;1;UNIÃO;UNIÃO
109;147;Deputado Estadual;44123;TONY BRITO;7;UNIÃO;UNIÃO
109;147;Deputado Estadual;44556;PRISCILA ROCHA;1;UNIÃO;UNIÃO
109;147;Deputado Estadual;44567;MAGNOLIA ROCHA;7;UNIÃO;UNIÃO
109;147;Deputado Estadual;44776;NICOLLE BARBOSA;1;UNIÃO;UNIÃO
109;147;Deputado Estadual;44777;FIRMO CAMURÇA;2;UNIÃO;UNIÃO
109;147;Deputado Estadual;44888;DR. OSCAR RODRIGUES;10;UNIÃO;UNIÃO
109;147;Deputado Estadual;44900;JÚ DA HOBBY CENTER;1;UNIÃO;UNIÃO
109;147;Deputado Estadual;45000;JORGE PINHEIRO;1;PSDB;(PSDB/CIDADANIA)
109;147;Deputado Estadual;45123;EMILIA PESSOA;2;PSDB;(PSDB/CIDADANIA)
109;147;Deputado Estadual;50500;RENATO ROSENO;5;PSOL;(PSOL/REDE)
109;147;Deputado Estadual;55011;APOLLO VICZ;1;PSD;PSD
109;147;Deputado Estadual;55234;DR. LUCÍLVIO GIRÃO;2;PSD;PSD
109;147;Deputado Estadual;55555;GABRIELLA AGUIAR;1;PSD;PSD
109;147;Deputado Estadual;55678;DEP FERNANDO HUGO - DR HUGO;1;PSD;PSD
109;147;Deputado Estadual;65013;PROFESSOR ANÍZIO;5;PC do B;(PT/PC do B/PV)
109;147;Deputado Estadual;70000;TAM DE OLIVEIRA;1;AVANTE;AVANTE
109;147;Deputado Estadual;70123;TOMAZ HOLANDA;11;AVANTE;AVANTE
109;147;Deputado Estadual;11;LEGENDA PP;1;PP;PP
109;147;Deputado Estadual;12;LEGENDA PDT;3;PDT;PDT
109;147;Deputado Estadual;13;LEGENDA PT;11;PT;PT
109;147;Deputado Estadual;22;LEGENDA PL;2;PL;PL
109;147;Deputado Estadual;23;LEGENDA CIDADANIA;1;CIDADANIA;CIDADANIA
109;147;Deputado Estadual;44;LEGENDA UNIÃO;1;UNIÃO;UNIÃO
109;147;Deputado Estadual;55;LEGENDA PSD;2;PSD;PSD
109;147;Deputado Estadual;70;LEGENDA AVANTE;2;AVANTE;AVANTE
109;147;Deputado Estadual;95;BRANCOS;12;;
109;147;Deputado Estadual;96;NULOS;7;;
109;148;Presidente;12;CIRO GOMES;13;PDT;PDT
109;148;Presidente;13;LULA;168;PT;(PT/PC do B/PV), SOLIDARIEDADE, (PSOL/REDE), PSB, AGIR, AVANTE, PROS
109;148;Presidente;15;SIMONE TEBET;8;MDB;MDB, (PSDB/CIDADANIA), PODE
109;148;Presidente;22;JAIR BOLSONARO;92;PL;PP, REPUBLICANOS, PL
109;148;Presidente;44;SORAYA THRONICKE;1;UNIÃO;UNIÃO
109;148;Presidente;95;BRANCOS;4;;
109;148;Presidente;96;NULOS;1;;
109;148;Governador;12;ROBERTO CLÁUDIO;11;PDT;PMN, PATRIOTA, AGIR, PMB, PDT, PSD, PSB, PSC, DC
109;148;Governador;13;ELMANO DE FREITAS;143;PT;(PT/PC do B/PV), PP, MDB, PRTB, (PSOL/REDE), SOLIDARIEDADE
109;148;Governador;44;CAPITÃO WAGNER;110;UNIÃO;PODE, AVANTE, PL, REPUBLICANOS, PTB, PROS, UNIÃO
109;148;Governador;95;BRANCOS;8;;
109;148;Governador;96;NULOS;15;;
109;148;Senador;131;CAMILO;171;PT;(PT/PC do B/PV), MDB, PRTB, (PSOL/REDE), SOLIDARIEDADE, PP
109;148;Senador;555;ERIKA AMORIM;7;PSD;PSB, AGIR, DC, PMB, PDT, PSD, PMN, PATRIOTA, PSC
109;148;Senador;700;KAMILA CARDOSO;78;AVANTE;AVANTE, UNIÃO, PTB, REPUBLICANOS, PROS, PL, PODE
109;148;Senador;95;BRANCOS;12;;
109;148;Senador;96;NULOS;19;;
109;148;Deputado Federal;1000;BISPA VANESSA LIMA;1;REPUBLICANOS;REPUBLICANOS
109;148;Deputado Federal;1010;RONALDO MARTINS;1;REPUBLICANOS;REPUBLICANOS
109;148;Deputado Federal;1111;AJ ALBUQUERQUE;1;PP;PP
109;148;Deputado Federal;1212;LEÔNIDAS CRISTINO;1;PDT;PDT
109;148;Deputado Federal;1213;IDILVAN;18;PDT;PDT
109;148;Deputado Federal;1214;EDUARDO BISMARCK;15;PDT;PDT
109;148;Deputado Federal;1221;MAURO FILHO;2;PDT;PDT
109;148;Deputado Federal;1233;ROBÉRIO MONTEIRO;3;PDT;PDT
109;148;Deputado Federal;1277;ADAIL JR;1;PDT;PDT
109;148;Deputado Federal;1292;ENFERMEIRA ANA PAULA;3;PDT;PDT
109;148;Deputado Federal;1299;DR NILSON DINIZ;1;PDT;PDT
109;148;Deputado Federal;1313;LUIZIANNE LINS;4;PT;(PT/PC do B/PV)
109;148;Deputado Federal;1322;GUIMARÃES DO PT;1;PT;(PT/PC do B/PV)
109;148;Deputado Federal;1447;ILTON DE CASTRO;1;PTB;PTB
109;148;Deputado Federal;1533;EUNÍCIO;1;MDB;MDB
109;148;Deputado Federal;2012;ISRAEL FROTA;1;PSC;PSC
109;148;Deputado Federal;2201;DELEGADO CAVALCANTE;3;PL;PL
109;148;Deputado Federal;2210;CORONEL AGINALDO;1;PL;PL
109;148;Deputado Federal;2211;YURY DO PAREDÃO;1;PL;PL
109;148;Deputado Federal;2222;ANDRÉ FERNANDES;7;PL;PL
109;148;Deputado Federal;2255;JÚNIOR MANO;1;PL;PL
109;148;Deputado Federal;2277;DR JAZIEL;16;PL;PL
109;148;Deputado Federal;2288;PRISCILA COSTA;1;PL;PL
109;148;Deputado Federal;2299;MATHEUS NORONHA;31;PL;PL
109;148;Deputado Federal;4410;CARLOS MATOS;1;UNIÃO;UNIÃO
109;148;Deputado Federal;4433;DR. AGRIPINO MAGALHÃES;1;UNIÃO;UNIÃO
109;148;Deputado Federal;4444;HEITOR FREIRE;2;UNIÃO;UNIÃO
109;148;Deputado Federal;4447;DANILO FORTE;5;UNIÃO;UNIÃO
109;148;Deputado Federal;4456;DAYANY DO CAPITÃO;3;UNIÃO;UNIÃO
109;148;Deputado Federal;4477;FERNANDA PESSOA;19;UNIÃO;UNIÃO
109;148;Deputado Federal;4488;MOSES RODRIGUES;7;UNIÃO;UNIÃO
109;148;Deputado Federal;4490;SOLDADO NOELIO;1;UNIÃO;UNIÃO
109;148;Deputado Federal;5500;NAUMI AMORIM;1;PSD;PSD
109;148;Deputado Federal;5511;CÉLIO STUDART;1;PSD;PSD
109;148;Deputado Federal;5533;LUIZ GASTÃO;3;PSD;PSD
109;148;Deputado Federal;5555;DOMINGOS NETO;100;PSD;PSD
109;148;Deputado Federal;6565;INÁCIO ARRUDA;7;PC do B;(PT/PC do B/PV)
109;148;Deputado Federal;12;LEGENDA PDT;1;PDT;PDT
109;148;Deputado Federal;13;LEGENDA PT;4;PT;PT
109;148;Deputado Federal;65;LEGENDA PC do B;1;PC do B;PC do B
109;148;Deputado Federal;95;BRANCOS;9;;
109;148;Deputado Federal;96;NULOS;5;;
109;148;Deputado Estadual;10000;APÓSTOLO LUIZ HENRIQUE;2;REPUBLICANOS;REPUBLICANOS
109;148;Deputado Estadual;10123;DAVID DURAND;1;REPUBLICANOS;REPUBLICANOS
109;148;Deputado Estadual;11113;ALMIR BIÉ;25;PP;PP
109;148;Deputado Estadual;12100;ANTONIO GRANJA;2;PDT;PDT
109;148;Deputado Estadual;12123;CLÁUDIO PINHO;8;PDT;PDT
109;148;Deputado Estadual;12127;HELAINE COELHO;27;PDT;PDT
109;148;Deputado Estadual;12300;QUEIROZ FILHO;1;PDT;PDT
109;148;Deputado Estadual;13132;ACRISIO SENA;4;PT;(PT/PC do B/PV)
109;148;Deputado Estadual;13258;JÔ FARIAS;1;PT;(PT/PC do B/PV)
109;148;Deputado Estadual;13333;MOISES BRAZ;2;PT;(PT/PC do B/PV)
109;148;Deputado Estadual;13456;DE ASSIS DINIZ;1;PT;(PT/PC do B/PV)
109;148;Deputado Estadual;13789;JULINHO;3;PT;(PT/PC do B/PV)
109;148;Deputado Estadual;15115;CARLOS BANDEIRA;1;MDB;MDB
109;148;Deputado Estadual;15888;AGENOR NETO;1;MDB;MDB
109;148;Deputado Estadual;22010;BEZERRA DE MENESES;1;PL;PL
109;148;Deputado Estadual;22022;CARMELO NETO;2;PL;PL
109;148;Deputado Estadual;22222;PR.ALCIDES FERNANDES;1;PL;PL
109;148;Deputado Estadual;22555;MARTA GONÇALVES;88;PL;PL
109;148;Deputado Estadual;22777;DRA SILVANA;18;PL;PL
109;148;Deputado Estadual;23192;MARTINHA - A SAÚDE RESISTE;2;CIDADANIA;(PSDB/CIDADANIA)
109;148;Deputado Estadual;33033;ALYSSON LIMA;1;PMN;PMN
109;148;Deputado Estadual;43640;WALTER CAVALCANTE;1;PV;(PT/PC do B/PV)
109;148;Deputado Estadual;44190;SARGENTO REGINAURO;1;UNIÃO;UNIÃO
109;148;Deputado Estadual;44244;JULIANA DUARTE;1;UNIÃO;UNIÃO
109;148;Deputado Estadual;44567;MAGNOLIA ROCHA;7;UNIÃO;UNIÃO
109;148;Deputado Estadual;44777;FIRMO CAMURÇA;11;UNIÃO;UNIÃO
109;148;Deputado Estadual;44888;DR. OSCAR RODRIGUES;4;UNIÃO;UNIÃO
109;148;Deputado Estadual;45111;GORDIM ARAUJO;1;PSDB;(PSDB/CIDADANIA)
109;148;Deputado Estadual;45333;DIEGO BARRETO;1;PSDB;(PSDB/CIDADANIA)
109;148;Deputado Estadual;45555;VIANEY DO VALE;1;PSDB;(PSDB/CIDADANIA)
109;148;Deputado Estadual;50500;RENATO ROSENO;2;PSOL;(PSOL/REDE)
109;148;Deputado Estadual;55555;GABRIELLA AGUIAR;1;PSD;PSD
109;148;Deputado Estadual;65234;CACIKA IRÊ;4;PC do B;(PT/PC do B/PV)
109;148;Deputado Estadual;70000;TAM DE OLIVEIRA;1;AVANTE;AVANTE
109;148;Deputado Estadual;70111;AUGUSTO ARAGÃO;1;AVANTE;AVANTE
109;148;Deputado Estadual;70123;TOMAZ HOLANDA;9;AVANTE;AVANTE
109;148;Deputado Estadual;70222;STUART CASTRO;10;AVANTE;AVANTE
109;148;Deputado Estadual;70456;DUCA;4;AVANTE;AVANTE
109;148;Deputado Estadual;10;LEGENDA REPUBLICANOS;1;REPUBLICANOS;REPUBLICANOS
109;148;Deputado Estadual;12;LEGENDA PDT;1;PDT;PDT
109;148;Deputado Estadual;13;LEGENDA PT;7;PT;PT
109;148;Deputado Estadual;22;LEGENDA PL;3;PL;PL
109;148;Deputado Estadual;44;LEGENDA UNIÃO;2;UNIÃO;UNIÃO
109;148;Deputado Estadual;65;LEGENDA PC do B;1;PC do B;PC do B
109;148;Deputado Estadual;70;LEGENDA AVANTE;5;AVANTE;AVANTE
109;148;Deputado Estadual;95;BRANCOS;10;;
109;148;Deputado Estadual;96;NULOS;5;;
109;149;Presidente;12;CIRO GOMES;11;PDT;PDT
109;149;Presidente;13;LULA;189;PT;(PT/PC do B/PV), SOLIDARIEDADE, (PSOL/REDE), PSB, AGIR, AVANTE, PROS
109;149;Presidente;22;JAIR BOLSONARO;80;PL;PP, REPUBLICANOS, PL
109;149;Presidente;95;BRANCOS;0;;
109;149;Presidente;96;NULOS;4;;
109;149;Governador;12;ROBERTO CLÁUDIO;14;PDT;PMN, PATRIOTA, AGIR, PMB, PDT, PSD, PSB, PSC, DC
109;149;Governador;13;ELMANO DE FREITAS;161;PT;(PT/PC do B/PV), PP, MDB, PRTB, (PSOL/REDE), SOLIDARIEDADE
109;149;Governador;44;CAPITÃO WAGNER;88;UNIÃO;PODE, AVANTE, PL, REPUBLICANOS, PTB, PROS, UNIÃO
109;149;Governador;95;BRANCOS;4;;
109;149;Governador;96;NULOS;17;;
109;149;Senador;131;CAMILO;181;PT;(PT/PC do B/PV), MDB, PRTB, (PSOL/REDE), SOLIDARIEDADE, PP
109;149;Senador;555;ERIKA AMORIM;1;PSD;PSB, AGIR, DC, PMB, PDT, PSD, PMN, PATRIOTA, PSC
109;149;Senador;700;KAMILA CARDOSO;62;AVANTE;AVANTE, UNIÃO, PTB, REPUBLICANOS, PROS, PL, PODE
109;149;Senador;95;BRANCOS;6;;
109;149;Senador;96;NULOS;34;;
109;149;Deputado Federal;1000;BISPA VANESSA LIMA;1;REPUBLICANOS;REPUBLICANOS
109;149;Deputado Federal;1012;DR FELIPE MONTEIRO;1;REPUBLICANOS;REPUBLICANOS
109;149;Deputado Federal;1023;PASTOR ABRAÃO;2;REPUBLICANOS;REPUBLICANOS
109;149;Deputado Federal;1111;AJ ALBUQUERQUE;4;PP;PP
109;149;Deputado Federal;1113;ELINETE TORRES;1;PP;PP
109;149;Deputado Federal;1212;LEÔNIDAS CRISTINO;3;PDT;PDT
109;149;Deputado Federal;1213;IDILVAN;9;PDT;PDT
109;149;Deputado Federal;1214;EDUARDO BISMARCK;12;PDT;PDT
109;149;Deputado Federal;1221;MAURO FILHO;1;PDT;PDT
109;149;Deputado Federal;1233;ROBÉRIO MONTEIRO;1;PDT;PDT
109;149;Deputado Federal;1292;ENFERMEIRA ANA PAULA;2;PDT;PDT
109;149;Deputado Federal;1313;LUIZIANNE LINS;4;PT;(PT/PC do B/PV)
109;149;Deputado Federal;1447;ILTON DE CASTRO;1;PTB;PTB
109;149;Deputado Federal;1533;EUNÍCIO;4;MDB;MDB
109;149;Deputado Federal;2200;DRA. MAYRA PINHEIRO;1;PL;PL
109;149;Deputado Federal;2210;CORONEL AGINALDO;1;PL;PL
109;149;Deputado Federal;2211;YURY DO PAREDÃO;1;PL;PL
109;149;Deputado Federal;2222;ANDRÉ FERNANDES;5;PL;PL
109;149;Deputado Federal;2255;JÚNIOR MANO;7;PL;PL
109;149;Deputado Federal;2277;DR JAZIEL;12;PL;PL
109;149;Deputado Federal;2288;PRISCILA COSTA;1;PL;PL
109;149;Deputado Federal;2299;MATHEUS NORONHA;37;PL;PL
109;149;Deputado Federal;4000;DENIS BEZERRA;1;PSB;PSB
109;149;Deputado Federal;4433;DR. AGRIPINO MAGALHÃES;2;UNIÃO;UNIÃO
109;149;Deputado Federal;4447;DANILO FORTE;15;UNIÃO;UNIÃO
109;149;Deputado Federal;4456;DAYANY DO CAPITÃO;1;UNIÃO;UNIÃO
109;149;Deputado Federal;4477;FERNANDA PESSOA;16;UNIÃO;UNIÃO
109;149;Deputado Federal;4488;MOSES RODRIGUES;5;UNIÃO;UNIÃO
109;149;Deputado Federal;5055;GABRIEL BIOLOGIA;1;PSOL;(PSOL/REDE)
109;149;Deputado Federal;5522;MARCOS LIMA;1;PSD;PSD
109;149;Deputado Federal;5533;LUIZ GASTÃO;7;PSD;PSD
109;149;Deputado Federal;5555;DOMINGOS NETO;89;PSD;PSD
109;149;Deputado Federal;5588;ELIANE BRAZ;1;PSD;PSD
109;149;Deputado Federal;6565;INÁCIO ARRUDA;8;PC do B;(PT/PC do B/PV)
109;149;Deputado Federal;7022;ANSELMO MORORÓ;1;AVANTE;AVANTE
109;149;Deputado Federal;10;LEGENDA REPUBLICANOS;1;REPUBLICANOS;REPUBLICANOS
109;149;Deputado Federal;11;LEGENDA PP;1;PP;PP
109;149;Deputado Federal;12;LEGENDA PDT;1;PDT;PDT
109;149;Deputado Federal;13;LEGENDA PT;5;PT;PT
109;149;Deputado Federal;22;LEGENDA PL;1;PL;PL
109;149;Deputado Federal;44;LEGENDA UNIÃO;1;UNIÃO;UNIÃO
109;149;Deputado Federal;65;LEGENDA PC do B;1;PC do B;PC do B
109;149;Deputado Federal;70;LEGENDA AVANTE;1;AVANTE;AVANTE
109;149;Deputado Federal;95;BRANCOS;5;;
109;149;Deputado Federal;96;NULOS;8;;
109;149;Deputado Estadual;10000;APÓSTOLO LUIZ HENRIQUE;1;REPUBLICANOS;REPUBLICANOS
109;149;Deputado Estadual;10456;EDDLA CÂMARA;1;REPUBLICANOS;REPUBLICANOS
109;149;Deputado Estadual;11113;ALMIR BIÉ;29;PP;PP
109;149;Deputado Estadual;11444;LEONARDO PINHEIRO;3;PP;PP
109;149;Deputado Estadual;12112;VANESSA VENÂNCIO;1;PDT;PDT
109;149;Deputado Estadual;12114;GUILHERME LANDIM;1;PDT;PDT
109;149;Deputado Estadual;12123;CLÁUDIO PINHO;11;PDT;PDT
109;149;Deputado Estadual;12127;HELAINE COELHO;21;PDT;PDT
109;149;Deputado Estadual;12345;LIA GOMES;1;PDT;PDT
109;149;Deputado Estadual;12555;ORIEL FILHO;1;PDT;PDT
109;149;Deputado Estadual;13131;MARI LACERDA;1;PT;(PT/PC do B/PV)
109;149;Deputado Estadual;13132;ACRISIO SENA;5;PT;(PT/PC do B/PV)
109;149;Deputado Estadual;13333;MOISES BRAZ;2;PT;(PT/PC do B/PV)
109;149;Deputado Estadual;13456;DE ASSIS DINIZ;2;PT;(PT/PC do B/PV)
109;149;Deputado Estadual;13777;NIZO;3;PT;(PT/PC do B/PV)
109;149;Deputado Estadual;13789;JULINHO;6;PT;(PT/PC do B/PV)
109;149;Deputado Estadual;14180;MAJOR AURELIO;1;PTB;PTB
109;149;Deputado Estadual;15888;AGENOR NETO;1;MDB;MDB
109;149;Deputado Estadual;22010;BEZERRA DE MENESES;2;PL;PL
109;149;Deputado Estadual;22022;CARMELO NETO;1;PL;PL
109;149;Deputado Estadual;22111;PEDRO MATOS;1;PL;PL
109;149;Deputado Estadual;22222;PR.ALCIDES FERNANDES;1;PL;PL
109;149;Deputado Estadual;22555;MARTA GONÇALVES;64;PL;PL
109;149;Deputado Estadual;22777;DRA SILVANA;10;PL;PL
109;149;Deputado Estadual;23192;MARTINHA - A SAÚDE RESISTE;1;CIDADANIA;(PSDB/CIDADANIA)
109;149;Deputado Estadual;23333;DOUTOR LEITÃO;2;CIDADANIA;(PSDB/CIDADANIA)
109;149;Deputado Estadual;44567;MAGNOLIA ROCHA;11;UNIÃO;UNIÃO
109;149;Deputado Estadual;44777;FIRMO CAMURÇA;13;UNIÃO;UNIÃO
109;149;Deputado Estadual;44888;DR. OSCAR RODRIGUES;5;UNIÃO;UNIÃO
109;149;Deputado Estadual;45111;GORDIM ARAUJO;1;PSDB;(PSDB/CIDADANIA)
109;149;Deputado Estadual;45123;EMILIA PESSOA;1;PSDB;(PSDB/CIDADANIA)
109;149;Deputado Estadual;45555;VIANEY DO VALE;1;PSDB;(PSDB/CIDADANIA)
109;149;Deputado Estadual;50500;RENATO ROSENO;1;PSOL;(PSOL/REDE)
109;149;Deputado Estadual;50777;ADRIANA GERONIMO;1;PSOL;(PSOL/REDE)
109;149;Deputado Estadual;55555;GABRIELLA AGUIAR;2;PSD;PSD
109;149;Deputado Estadual;65234;CACIKA IRÊ;6;PC do B;(PT/PC do B/PV)
109;149;Deputado Estadual;70122;LÚ DA SAÚDE;1;AVANTE;AVANTE
109;149;Deputado Estadual;70123;TOMAZ HOLANDA;5;AVANTE;AVANTE
109;149;Deputado Estadual;70222;STUART CASTRO;5;AVANTE;AVANTE
109;149;Deputado Estadual;70321;DANIEL BORGES;1;AVANTE;AVANTE
109;149;Deputado Estadual;70456;DUCA;12;AVANTE;AVANTE
109;149;Deputado Estadual;90909;DRA WELIA;1;PROS;PROS
109;149;Deputado Estadual;10;LEGENDA REPUBLICANOS;1;REPUBLICANOS;REPUBLICANOS
109;149;Deputado Estadual;12;LEGENDA PDT;3;PDT;PDT
109;149;Deputado Estadual;13;LEGENDA PT;17;PT;PT
109;149;Deputado Estadual;18;LEGENDA REDE;1;REDE;REDE
109;149;Deputado Estadual;22;LEGENDA PL;3;PL;PL
109;149;Deputado Estadual;23;LEGENDA CIDADANIA;1;CIDADANIA;CIDADANIA
109;149;Deputado Estadual;44;LEGENDA UNIÃO;2;UNIÃO;UNIÃO
109;149;Deputado Estadual;55;LEGENDA PSD;3;PSD;PSD
109;149;Deputado Estadual;65;LEGENDA PC do B;1;PC do B;PC do B
109;149;Deputado Estadual;70;LEGENDA AVANTE;1;AVANTE;AVANTE
109;149;Deputado Estadual;95;BRANCOS;4;;
109;149;Deputado Estadual;96;NULOS;7;;
109;150;Presidente;12;CIRO GOMES;14;PDT;PDT
109;150;Presidente;13;LULA;160;PT;(PT/PC do B/PV), SOLIDARIEDADE, (PSOL/REDE), PSB, AGIR, AVANTE, PROS
109;150;Presidente;15;SIMONE TEBET;2;MDB;MDB, (PSDB/CIDADANIA), PODE
109;150;Presidente;22;JAIR BOLSONARO;98;PL;PP, REPUBLICANOS, PL
109;150;Presidente;44;SORAYA THRONICKE;3;UNIÃO;UNIÃO
109;150;Presidente;95;BRANCOS;4;;
109;150;Presidente;96;NULOS;4;;
109;150;Governador;12;ROBERTO CLÁUDIO;12;PDT;PMN, PATRIOTA, AGIR, PMB, PDT, PSD, PSB, PSC, DC
109;150;Governador;13;ELMANO DE FREITAS;140;PT;(PT/PC do B/PV), PP, MDB, PRTB, (PSOL/REDE), SOLIDARIEDADE
109;150;Governador;44;CAPITÃO WAGNER;114;UNIÃO;PODE, AVANTE, PL, REPUBLICANOS, PTB, PROS, UNIÃO
109;150;Governador;95;BRANCOS;6;;
109;150;Governador;96;NULOS;13;;
109;150;Senador;131;CAMILO;165;PT;(PT/PC do B/PV), MDB, PRTB, (PSOL/REDE), SOLIDARIEDADE, PP
109;150;Senador;555;ERIKA AMORIM;2;PSD;PSB, AGIR, DC, PMB, PDT, PSD, PMN, PATRIOTA, PSC
109;150;Senador;700;KAMILA CARDOSO;82;AVANTE;AVANTE, UNIÃO, PTB, REPUBLICANOS, PROS, PL, PODE
109;150;Senador;95;BRANCOS;15;;
109;150;Senador;96;NULOS;21;;
109;150;Deputado Federal;1000;BISPA VANESSA LIMA;1;REPUBLICANOS;REPUBLICANOS
109;150;Deputado Federal;1023;PASTOR ABRAÃO;1;REPUBLICANOS;REPUBLICANOS
109;150;Deputado Federal;1111;AJ ALBUQUERQUE;1;PP;PP
109;150;Deputado Federal;1212;LEÔNIDAS CRISTINO;2;PDT;PDT
109;150;Deputado Federal;1213;IDILVAN;11;PDT;PDT
109;150;Deputado Federal;1214;EDUARDO BISMARCK;10;PDT;PDT
109;150;Deputado Federal;1233;ROBÉRIO MONTEIRO;3;PDT;PDT
109;150;Deputado Federal;1234;ANDRÉ FIGUEIREDO;1;PDT;PDT
109;150;Deputado Federal;1285;IANNA BRANDÃO;1;PDT;PDT
109;150;Deputado Federal;1292;ENFERMEIRA ANA PAULA;3;PDT;PDT
109;150;Deputado Federal;1299;DR NILSON DINIZ;1;PDT;PDT
109;150;Deputado Federal;1311;LOURDINHA FELIX;1;PT;(PT/PC do B/PV)
109;150;Deputado Federal;1313;LUIZIANNE LINS;4;PT;(PT/PC do B/PV)
109;150;Deputado Federal;1533;EUNÍCIO;3;MDB;MDB
109;150;Deputado Federal;2201;DELEGADO CAVALCANTE;1;PL;PL
109;150;Deputado Federal;2210;CORONEL AGINALDO;1;PL;PL
109;150;Deputado Federal;2211;YURY DO PAREDÃO;6;PL;PL
109;150;Deputado Federal;2222;ANDRÉ FERNANDES;13;PL;PL
109;150;Deputado Federal;2277;DR JAZIEL;21;PL;PL
109;150;Deputado Federal;2288;PRISCILA COSTA;1;PL;PL
109;150;Deputado Federal;2299;MATHEUS NORONHA;41;PL;PL
109;150;Deputado Federal;3355;MISSIONÁRIO ALDIZIO BRITO;1;PMN;PMN
109;150;Deputado Federal;4321;MARIANA CAVALCANTI;1;PV;(PT/PC do B/PV)
109;150;Deputado Federal;4400;LUIZ CARLOS JR;2;UNIÃO;UNIÃO
109;150;Deputado Federal;4410;CARLOS MATOS;1;UNIÃO;UNIÃO
109;150;Deputado Federal;4411;VANDERLAN ALVES;1;UNIÃO;UNIÃO
109;150;Deputado Federal;4433;DR. AGRIPINO MAGALHÃES;1;UNIÃO;UNIÃO
109;150;Deputado Federal;4447;DANILO FORTE;8;UNIÃO;UNIÃO
109;150;Deputado Federal;4466;PATRICIA MARXS;1;UNIÃO;UNIÃO
109;150;Deputado Federal;4477;FERNANDA PESSOA;19;UNIÃO;UNIÃO
109;150;Deputado Federal;4488;MOSES RODRIGUES;5;UNIÃO;UNIÃO
109;150;Deputado Federal;5511;CÉLIO STUDART;2;PSD;PSD
109;150;Deputado Federal;5533;LUIZ GASTÃO;6;PSD;PSD
109;150;Deputado Federal;5555;DOMINGOS NETO;80;PSD;PSD
109;150;Deputado Federal;5588;ELIANE BRAZ;1;PSD;PSD
109;150;Deputado Federal;6565;INÁCIO ARRUDA;9;PC do B;(PT/PC do B/PV)
109;150;Deputado Federal;12;LEGENDA PDT;2;PDT;PDT
109;150;Deputado Federal;13;LEGENDA PT;3;PT;PT
109;150;Deputado Federal;14;LEGENDA PTB;1;PTB;PTB
109;150;Deputado Federal;55;LEGENDA PSD;1;PSD;PSD
109;150;Deputado Federal;70;LEGENDA AVANTE;1;AVANTE;AVANTE
109;150;Deputado Federal;95;BRANCOS;6;;
109;150;Deputado Federal;96;NULOS;6;;
109;150;Deputado Estadual;10000;APÓSTOLO LUIZ HENRIQUE;1;REPUBLICANOS;REPUBLICANOS
109;150;Deputado Estadual;10124;DUQUINHA;1;REPUBLICANOS;REPUBLICANOS
109;150;Deputado Estadual;11113;ALMIR BIÉ;27;PP;PP
109;150;Deputado Estadual;11444;LEONARDO PINHEIRO;1;PP;PP
109;150;Deputado Estadual;12114;GUILHERME LANDIM;1;PDT;PDT
109;150;Deputado Estadual;12123;CLÁUDIO PINHO;6;PDT;PDT
109;150;Deputado Estadual;12127;HELAINE COELHO;21;PDT;PDT
109;150;Deputado Estadual;13123;MISSIAS DO MST;1;PT;(PT/PC do B/PV)
109;150;Deputado Estadual;13132;ACRISIO SENA;2;PT;(PT/PC do B/PV)
109;150;Deputado Estadual;13777;NIZO;1;PT;(PT/PC do B/PV)
109;150;Deputado Estadual;13789;JULINHO;4;PT;(PT/PC do B/PV)
109;150;Deputado Estadual;15000;EDILARDO EUFRASIO;1;MDB;MDB
109;150;Deputado Estadual;15123;AUDIC MOTA;1;MDB;MDB
109;150;Deputado Estadual;15888;AGENOR NETO;1;MDB;MDB
109;150;Deputado Estadual;22022;CARMELO NETO;4;PL;PL
109;150;Deputado Estadual;22222;PR.ALCIDES FERNANDES;3;PL;PL
109;150;Deputado Estadual;22555;MARTA GONÇALVES;72;PL;PL
109;150;Deputado Estadual;22777;DRA SILVANA;24;PL;PL
109;150;Deputado Estadual;23192;MARTINHA - A SAÚDE RESISTE;1;CIDADANIA;(PSDB/CIDADANIA)
109;150;Deputado Estadual;30000;DR. ISAQUE RABELO;2;NOVO;NOVO
109;150;Deputado Estadual;33123;ALCY PINHEIRO;1;PMN;PMN
109;150;Deputado Estadual;44447;ISABELLE MUNGUBA;1;UNIÃO;UNIÃO
109;150;Deputado Estadual;44567;MAGNOLIA ROCHA;11;UNIÃO;UNIÃO
109;150;Deputado Estadual;44777;FIRMO CAMURÇA;10;UNIÃO;UNIÃO
109;150;Deputado Estadual;44888;DR. OSCAR RODRIGUES;5;UNIÃO;UNIÃO
109;150;Deputado Estadual;45000;JORGE PINHEIRO;1;PSDB;(PSDB/CIDADANIA)
109;150;Deputado Estadual;45111;GORDIM ARAUJO;3;PSDB;(PSDB/CIDADANIA)
109;150;Deputado Estadual;50500;RENATO ROSENO;2;PSOL;(PSOL/REDE)
109;150;Deputado Estadual;55555;GABRIELLA AGUIAR;1;PSD;PSD
109;150;Deputado Estadual;65013;PROFESSOR ANÍZIO;2;PC do B;(PT/PC do B/PV)
109;150;Deputado Estadual;65234;CACIKA IRÊ;8;PC do B;(PT/PC do B/PV)
109;150;Deputado Estadual;70001;PAULO SOARES;1;AVANTE;AVANTE
109;150;Deputado Estadual;70027;MARGARIDA TORRES;1;AVANTE;AVANTE
109;150;Deputado Estadual;70070;ALBERTO LIMA;1;AVANTE;AVANTE
109;150;Deputado Estadual;70123;TOMAZ HOLANDA;8;AVANTE;AVANTE
109;150;Deputado Estadual;70222;STUART CASTRO;8;AVANTE;AVANTE
109;150;Deputado Estadual;70456;DUCA;15;AVANTE;AVANTE
109;150;Deputado Estadual;90180;FABIO MARANGONI;1;PROS;PROS
109;150;Deputado Estadual;10;LEGENDA REPUBLICANOS;1;REPUBLICANOS;REPUBLICANOS
109;150;Deputado Estadual;13;LEGENDA PT;9;PT;PT
109;150;Deputado Estadual;22;LEGENDA PL;3;PL;PL
109;150;Deputado Estadual;44;LEGENDA UNIÃO;1;UNIÃO;UNIÃO
109;150;Deputado Estadual;45;LEGENDA PSDB;1;PSDB;PSDB
109;150;Deputado Estadual;55;LEGENDA PSD;1;PSD;PSD
109;150;Deputado Estadual;70;LEGENDA AVANTE;1;AVANTE;AVANTE
109;150;Deputado Estadual;95;BRANCOS;10;;
109;150;Deputado Estadual;96;NULOS;3;;
109;151;Presidente;12;CIRO GOMES;9;PDT;PDT
109;151;Presidente;13;LULA;136;PT;(PT/PC do B/PV), SOLIDARIEDADE, (PSOL/REDE), PSB, AGIR, AVANTE, PROS
109;151;Presidente;22;JAIR BOLSONARO;56;PL;PP, REPUBLICANOS, PL
109;151;Presidente;95;BRANCOS;6;;
109;151;Presidente;96;NULOS;1;;
109;151;Governador;12;ROBERTO CLÁUDIO;8;PDT;PMN, PATRIOTA, AGIR, PMB, PDT, PSD, PSB, PSC, DC
109;151;Governador;13;ELMANO DE FREITAS;115;PT;(PT/PC do B/PV), PP, MDB, PRTB, (PSOL/REDE), SOLIDARIEDADE
109;151;Governador;44;CAPITÃO WAGNER;70;UNIÃO;PODE, AVANTE, PL, REPUBLICANOS, PTB, PROS, UNIÃO
109;151;Governador;95;BRANCOS;10;;
109;151;Governador;96;NULOS;5;;
109;151;Senador;131;CAMILO;130;PT;(PT/PC do B/PV), MDB, PRTB, (PSOL/REDE), SOLIDARIEDADE, PP
109;151;Senador;555;ERIKA AMORIM;1;PSD;PSB, AGIR, DC, PMB, PDT, PSD, PMN, PATRIOTA, PSC
109;151;Senador;700;KAMILA CARDOSO;49;AVANTE;AVANTE, UNIÃO, PTB, REPUBLICANOS, PROS, PL, PODE
109;151;Senador;95;BRANCOS;16;;
109;151;Senador;96;NULOS;12;;
109;151;Deputado Federal;1000;BISPA VANESSA LIMA;1;REPUBLICANOS;REPUBLICANOS
109;151;Deputado Federal;1023;PASTOR ABRAÃO;2;REPUBLICANOS;REPUBLICANOS
109;151;Deputado Federal;1111;AJ ALBUQUERQUE;2;PP;PP
109;151;Deputado Federal;1113;ELINETE TORRES;3;PP;PP
109;151;Deputado Federal;1213;IDILVAN;25;PDT;PDT
109;151;Deputado Federal;1214;EDUARDO BISMARCK;9;PDT;PDT
109;151;Deputado Federal;1233;ROBÉRIO MONTEIRO;2;PDT;PDT
109;151;Deputado Federal;1277;ADAIL JR;1;PDT;PDT
109;151;Deputado Federal;1292;ENFERMEIRA ANA PAULA;1;PDT;PDT
109;151;Deputado Federal;1322;GUIMARÃES DO PT;1;PT;(PT/PC do B/PV)
109;151;Deputado Federal;2201;DELEGADO CAVALCANTE;1;PL;PL
109;151;Deputado Federal;2210;CORONEL AGINALDO;1;PL;PL
109;151;Deputado Federal;2211;YURY DO PAREDÃO;2;PL;PL
109;151;Deputado Federal;2222;ANDRÉ FERNANDES;8;PL;PL
109;151;Deputado Federal;2255;JÚNIOR MANO;1;PL;PL
109;151;Deputado Federal;2277;DR JAZIEL;11;PL;PL
109;151;Deputado Federal;2299;MATHEUS NORONHA;33;PL;PL
109;151;Deputado Federal;4447;DANILO FORTE;3;UNIÃO;UNIÃO
109;151;Deputado Federal;4477;FERNANDA PESSOA;14;UNIÃO;UNIÃO
109;151;Deputado Federal;4488;MOSES RODRIGUES;2;UNIÃO;UNIÃO
109;151;Deputado Federal;5511;CÉLIO STUDART;1;PSD;PSD
109;151;Deputado Federal;5522;MARCOS LIMA;1;PSD;PSD
109;151;Deputado Federal;5533;LUIZ GASTÃO;3;PSD;PSD
109;151;Deputado Federal;5555;DOMINGOS NETO;51;PSD;PSD
109;151;Deputado Federal;5588;ELIANE BRAZ;1;PSD;PSD
109;151;Deputado Federal;6565;INÁCIO ARRUDA;9;PC do B;(PT/PC do B/PV)
109;151;Deputado Federal;13;LEGENDA PT;1;PT;PT
109;151;Deputado Federal;22;LEGENDA PL;2;PL;PL
109;151;Deputado Federal;55;LEGENDA PSD;1;PSD;PSD
109;151;Deputado Federal;95;BRANCOS;13;;
109;151;Deputado Federal;96;NULOS;2;;
109;151;Deputado Estadual;10000;APÓSTOLO LUIZ HENRIQUE;1;REPUBLICANOS;REPUBLICANOS
109;151;Deputado Estadual;10124;DUQUINHA;1;REPUBLICANOS;REPUBLICANOS
109;151;Deputado Estadual;11111;ZEZINHO ALBUQUERQUE;1;PP;PP
109;151;Deputado Estadual;11113;ALMIR BIÉ;20;PP;PP
109;151;Deputado Estadual;12123;CLÁUDIO PINHO;7;PDT;PDT
109;151;Deputado Estadual;12127;HELAINE COELHO;13;PDT;PDT
109;151;Deputado Estadual;13132;ACRISIO SENA;4;PT;(PT/PC do B/PV)
109;151;Deputado Estadual;13333;MOISES BRAZ;1;PT;(PT/PC do B/PV)
109;151;Deputado Estadual;13777;NIZO;2;PT;(PT/PC do B/PV)
109;151;Deputado Estadual;13789;JULINHO;1;PT;(PT/PC do B/PV)
109;151;Deputado Estadual;14180;MAJOR AURELIO;1;PTB;PTB
109;151;Deputado Estadual;15888;AGENOR NETO;1;MDB;MDB
109;151;Deputado Estadual;22022;CARMELO NETO;4;PL;PL
109;151;Deputado Estadual;22555;MARTA GONÇALVES;50;PL;PL
109;151;Deputado Estadual;22777;DRA SILVANA;11;PL;PL
109;151;Deputado Estadual;23123;LUANA RIBEIRO;1;CIDADANIA;(PSDB/CIDADANIA)
109;151;Deputado Estadual;23190;TENENTE DANTAS;1;CIDADANIA;(PSDB/CIDADANIA)
109;151;Deputado Estadual;23192;MARTINHA - A SAÚDE RESISTE;2;CIDADANIA;(PSDB/CIDADANIA)
109;151;Deputado Estadual;44244;JULIANA DUARTE;1;UNIÃO;UNIÃO
109;151;Deputado Estadual;44567;MAGNOLIA ROCHA;6;UNIÃO;UNIÃO
109;151;Deputado Estadual;44777;FIRMO CAMURÇA;8;UNIÃO;UNIÃO
109;151;Deputado Estadual;44789;MARCELO DA GRANJA;1;UNIÃO;UNIÃO
109;151;Deputado Estadual;44888;DR. OSCAR RODRIGUES;3;UNIÃO;UNIÃO
109;151;Deputado Estadual;44900;JÚ DA HOBBY CENTER;1;UNIÃO;UNIÃO
109;151;Deputado Estadual;45123;EMILIA PESSOA;1;PSDB;(PSDB/CIDADANIA)
109;151;Deputado Estadual;50013;LÉO SURICATE;1;PSOL;(PSOL/REDE)
109;151;Deputado Estadual;50500;RENATO ROSENO;1;PSOL;(PSOL/REDE)
109;151;Deputado Estadual;55234;DR. LUCÍLVIO GIRÃO;1;PSD;PSD
109;151;Deputado Estadual;65234;CACIKA IRÊ;6;PC do B;(PT/PC do B/PV)
109;151;Deputado Estadual;70123;TOMAZ HOLANDA;4;AVANTE;AVANTE
109;151;Deputado Estadual;70222;STUART CASTRO;5;AVANTE;AVANTE
109;151;Deputado Estadual;70456;DUCA;17;AVANTE;AVANTE
109;151;Deputado Estadual;11;LEGENDA PP;1;PP;PP
109;151;Deputado Estadual;13;LEGENDA PT;3;PT;PT
109;151;Deputado Estadual;22;LEGENDA PL;1;PL;PL
109;151;Deputado Estadual;70;LEGENDA AVANTE;2;AVANTE;AVANTE
109;151;Deputado Estadual;95;BRANCOS;19;;
109;151;Deputado Estadual;96;NULOS;4;;
109;152;Presidente;12;CIRO GOMES;8;PDT;PDT
109;152;Presidente;13;LULA;205;PT;(PT/PC do B/PV), SOLIDARIEDADE, (PSOL/REDE), PSB, AGIR, AVANTE, PROS
109;152;Presidente;15;SIMONE TEBET;4;MDB;MDB, (PSDB/CIDADANIA), PODE
109;152;Presidente;22;JAIR BOLSONARO;82;PL;PP, REPUBLICANOS, PL
109;152;Presidente;44;SORAYA THRONICKE;4;UNIÃO;UNIÃO
109;152;Presidente;95;BRANCOS;6;;
109;152;Presidente;96;NULOS;4;;
109;152;Governador;12;ROBERTO CLÁUDIO;19;PDT;PMN, PATRIOTA, AGIR, PMB, PDT, PSD, PSB, PSC, DC
109;152;Governador;13;ELMANO DE FREITAS;154;PT;(PT/PC do B/PV), PP, MDB, PRTB, (PSOL/REDE), SOLIDARIEDADE
109;152;Governador;44;CAPITÃO WAGNER;103;UNIÃO;PODE, AVANTE, PL, REPUBLICANOS, PTB, PROS, UNIÃO
109;152;Governador;95;BRANCOS;21;;
109;152;Governador;96;NULOS;16;;
109;152;Senador;131;CAMILO;193;PT;(PT/PC do B/PV), MDB, PRTB, (PSOL/REDE), SOLIDARIEDADE, PP
109;152;Senador;555;ERIKA AMORIM;4;PSD;PSB, AGIR, DC, PMB, PDT, PSD, PMN, PATRIOTA, PSC
109;152;Senador;700;KAMILA CARDOSO;68;AVANTE;AVANTE, UNIÃO, PTB, REPUBLICANOS, PROS, PL, PODE
109;152;Senador;95;BRANCOS;28;;
109;152;Senador;96;NULOS;20;;
109;152;Deputado Federal;1010;RONALDO MARTINS;1;REPUBLICANOS;REPUBLICANOS
109;152;Deputado Federal;1111;AJ ALBUQUERQUE;8;PP;PP
109;152;Deputado Federal;1212;LEÔNIDAS CRISTINO;6;PDT;PDT
109;152;Deputado Federal;1213;IDILVAN;6;PDT;PDT
109;152;Deputado Federal;1214;EDUARDO BISMARCK;11;PDT;PDT
109;152;Deputado Federal;1233;ROBÉRIO MONTEIRO;9;PDT;PDT
109;152;Deputado Federal;1311;LOURDINHA FELIX;1;PT;(PT/PC do B/PV)
109;152;Deputado Federal;1313;LUIZIANNE LINS;5;PT;(PT/PC do B/PV)
109;152;Deputado Federal;1322;GUIMARÃES DO PT;3;PT;(PT/PC do B/PV)
109;152;Deputado Federal;1511;DRA FRANCY AMANDA;5;MDB;MDB
109;152;Deputado Federal;1533;EUNÍCIO;5;MDB;MDB
109;152;Deputado Federal;2210;CORONEL AGINALDO;1;PL;PL
109;152;Deputado Federal;2222;ANDRÉ FERNANDES;4;PL;PL
109;152;Deputado Federal;2277;DR JAZIEL;10;PL;PL
109;152;Deputado Federal;2299;MATHEUS NORONHA;4;PL;PL
109;152;Deputado Federal;2323;MORONI;2;CIDADANIA;(PSDB/CIDADANIA)
109;152;Deputado Federal;3555;CARLINHOS DO HOSPITAL;1;PMB;PMB
109;152;Deputado Federal;4000;DENIS BEZERRA;3;PSB;PSB
109;152;Deputado Federal;4410;CARLOS MATOS;1;UNIÃO;UNIÃO
109;152;Deputado Federal;4444;HEITOR FREIRE;2;UNIÃO;UNIÃO
109;152;Deputado Federal;4447;DANILO FORTE;1;UNIÃO;UNIÃO
109;152;Deputado Federal;4455;VAIDON OLIVEIRA;1;UNIÃO;UNIÃO
109;152;Deputado Federal;4477;FERNANDA PESSOA;2;UNIÃO;UNIÃO
109;152;Deputado Federal;4488;MOSES RODRIGUES;23;UNIÃO;UNIÃO
109;152;Deputado Federal;4490;SOLDADO NOELIO;1;UNIÃO;UNIÃO
109;152;Deputado Federal;5533;LUIZ GASTÃO;4;PSD;PSD
109;152;Deputado Federal;5555;DOMINGOS NETO;154;PSD;PSD
109;152;Deputado Federal;12;LEGENDA PDT;1;PDT;PDT
109;152;Deputado Federal;13;LEGENDA PT;2;PT;PT
109;152;Deputado Federal;20;LEGENDA PSC;1;PSC;PSC
109;152;Deputado Federal;22;LEGENDA PL;1;PL;PL
109;152;Deputado Federal;55;LEGENDA PSD;1;PSD;PSD
109;152;Deputado Federal;95;BRANCOS;22;;
109;152;Deputado Federal;96;NULOS;11;;
109;152;Deputado Estadual;11111;ZEZINHO ALBUQUERQUE;3;PP;PP
109;152;Deputado Estadual;11113;ALMIR BIÉ;3;PP;PP
109;152;Deputado Estadual;12123;CLÁUDIO PINHO;32;PDT;PDT
109;152;Deputado Estadual;12127;HELAINE COELHO;23;PDT;PDT
109;152;Deputado Estadual;12888;SERGIO AGUIAR;1;PDT;PDT
109;152;Deputado Estadual;12999;BRUNO PEDROSA;1;PDT;PDT
109;152;Deputado Estadual;13132;ACRISIO SENA;3;PT;(PT/PC do B/PV)
109;152;Deputado Estadual;13333;MOISES BRAZ;3;PT;(PT/PC do B/PV)
109;152;Deputado Estadual;13777;NIZO;2;PT;(PT/PC do B/PV)
109;152;Deputado Estadual;13789;JULINHO;2;PT;(PT/PC do B/PV)
109;152;Deputado Estadual;15115;CARLOS BANDEIRA;23;MDB;MDB
109;152;Deputado Estadual;15333;DANNIEL OLIVEIRA;5;MDB;MDB
109;152;Deputado Estadual;15888;AGENOR NETO;1;MDB;MDB
109;152;Deputado Estadual;22222;PR.ALCIDES FERNANDES;2;PL;PL
109;152;Deputado Estadual;22333;DR THIAGO SALES;1;PL;PL
109;152;Deputado Estadual;22555;MARTA GONÇALVES;119;PL;PL
109;152;Deputado Estadual;22777;DRA SILVANA;7;PL;PL
109;152;Deputado Estadual;30000;DR. ISAQUE RABELO;1;NOVO;NOVO
109;152;Deputado Estadual;33789;LUCINILDO FROTA;9;PMN;PMN
109;152;Deputado Estadual;44190;SARGENTO REGINAURO;1;UNIÃO;UNIÃO
109;152;Deputado Estadual;44447;ISABELLE MUNGUBA;1;UNIÃO;UNIÃO
109;152;Deputado Estadual;44556;PRISCILA ROCHA;1;UNIÃO;UNIÃO
109;152;Deputado Estadual;44567;MAGNOLIA ROCHA;10;UNIÃO;UNIÃO
109;152;Deputado Estadual;44777;FIRMO CAMURÇA;2;UNIÃO;UNIÃO
109;152;Deputado Estadual;44888;DR. OSCAR RODRIGUES;1;UNIÃO;UNIÃO
109;152;Deputado Estadual;45123;EMILIA PESSOA;2;PSDB;(PSDB/CIDADANIA)
109;152;Deputado Estadual;45999;FERREIRA ARAGÃO;1;PSDB;(PSDB/CIDADANIA)
109;152;Deputado Estadual;70000;TAM DE OLIVEIRA;1;AVANTE;AVANTE
109;152;Deputado Estadual;12;LEGENDA PDT;2;PDT;PDT
109;152;Deputado Estadual;13;LEGENDA PT;14;PT;PT
109;152;Deputado Estadual;15;LEGENDA MDB;1;MDB;MDB
109;152;Deputado Estadual;22;LEGENDA PL;2;PL;PL
109;152;Deputado Estadual;33;LEGENDA PMN;1;PMN;PMN
109;152;Deputado Estadual;44;LEGENDA UNIÃO;2;UNIÃO;UNIÃO
109;152;Deputado Estadual;55;LEGENDA PSD;2;PSD;PSD
109;152;Deputado Estadual;95;BRANCOS;20;;
109;152;Deputado Estadual;96;NULOS;8;;
109;153;Presidente;12;CIRO GOMES;10;PDT;PDT
109;153;Presidente;13;LULA;175;PT;(PT/PC do B/PV), SOLIDARIEDADE, (PSOL/REDE), PSB, AGIR, AVANTE, PROS
109;153;Presidente;15;SIMONE TEBET;4;MDB;MDB, (PSDB/CIDADANIA), PODE
109;153;Presidente;22;JAIR BOLSONARO;59;PL;PP, REPUBLICANOS, PL
109;153;Presidente;44;SORAYA THRONICKE;3;UNIÃO;UNIÃO
109;153;Presidente;95;BRANCOS;4;;
109;153;Presidente;96;NULOS;6;;
109;153;Governador;12;ROBERTO CLÁUDIO;24;PDT;PMN, PATRIOTA, AGIR, PMB, PDT, PSD, PSB, PSC, DC
109;153;Governador;13;ELMANO DE FREITAS;140;PT;(PT/PC do B/PV), PP, MDB, PRTB, (PSOL/REDE), SOLIDARIEDADE
109;153;Governador;44;CAPITÃO WAGNER;75;UNIÃO;PODE, AVANTE, PL, REPUBLICANOS, PTB, PROS, UNIÃO
109;153;Governador;95;BRANCOS;8;;
109;153;Governador;96;NULOS;14;;
109;153;Senador;131;CAMILO;172;PT;(PT/PC do B/PV), MDB, PRTB, (PSOL/REDE), SOLIDARIEDADE, PP
109;153;Senador;555;ERIKA AMORIM;4;PSD;PSB, AGIR, DC, PMB, PDT, PSD, PMN, PATRIOTA, PSC
109;153;Senador;700;KAMILA CARDOSO;47;AVANTE;AVANTE, UNIÃO, PTB, REPUBLICANOS, PROS, PL, PODE
109;153;Senador;95;BRANCOS;14;;
109;153;Senador;96;NULOS;24;;
109;153;Deputado Federal;1010;RONALDO MARTINS;2;REPUBLICANOS;REPUBLICANOS
109;153;Deputado Federal;1111;AJ ALBUQUERQUE;2;PP;PP
109;153;Deputado Federal;1212;LEÔNIDAS CRISTINO;3;PDT;PDT
109;153;Deputado Federal;1213;IDILVAN;2;PDT;PDT
109;153;Deputado Federal;1214;EDUARDO BISMARCK;13;PDT;PDT
109;153;Deputado Federal;1233;ROBÉRIO MONTEIRO;4;PDT;PDT
109;153;Deputado Federal;1234;ANDRÉ FIGUEIREDO;2;PDT;PDT
109;153;Deputado Federal;1277;ADAIL JR;1;PDT;PDT
109;153;Deputado Federal;1313;LUIZIANNE LINS;7;PT;(PT/PC do B/PV)
109;153;Deputado Federal;1333;JOSE AIRTON;1;PT;(PT/PC do B/PV)
109;153;Deputado Federal;1511;DRA FRANCY AMANDA;1;MDB;MDB
109;153;Deputado Federal;1533;EUNÍCIO;3;MDB;MDB
109;153;Deputado Federal;2200;DRA. MAYRA PINHEIRO;1;PL;PL
109;153;Deputado Federal;2201;DELEGADO CAVALCANTE;1;PL;PL
109;153;Deputado Federal;2211;YURY DO PAREDÃO;1;PL;PL
109;153;Deputado Federal;2244;TADEU OLIVEIRA;1;PL;PL
109;153;Deputado Federal;2255;JÚNIOR MANO;1;PL;PL
109;153;Deputado Federal;2277;DR JAZIEL;2;PL;PL
109;153;Deputado Federal;2288;PRISCILA COSTA;9;PL;PL
109;153;Deputado Federal;2299;MATHEUS NORONHA;7;PL;PL
109;153;Deputado Federal;4410;CARLOS MATOS;2;UNIÃO;UNIÃO
109;153;Deputado Federal;4445;DAMIÃO TENORIO;3;UNIÃO;UNIÃO
109;153;Deputado Federal;4447;DANILO FORTE;3;UNIÃO;UNIÃO
109;153;Deputado Federal;4456;DAYANY DO CAPITÃO;1;UNIÃO;UNIÃO
109;153;Deputado Federal;4477;FERNANDA PESSOA;21;UNIÃO;UNIÃO
109;153;Deputado Federal;4488;MOSES RODRIGUES;32;UNIÃO;UNIÃO
109;153;Deputado Federal;5511;CÉLIO STUDART;4;PSD;PSD
109;153;Deputado Federal;5533;LUIZ GASTÃO;5;PSD;PSD
109;153;Deputado Federal;5555;DOMINGOS NETO;111;PSD;PSD
109;153;Deputado Federal;36;LEGENDA AGIR;1;AGIR;AGIR
109;153;Deputado Federal;51;LEGENDA PATRIOTA;1;PATRIOTA;PATRIOTA
109;153;Deputado Federal;55;LEGENDA PSD;1;PSD;PSD
109;153;Deputado Federal;95;BRANCOS;8;;
109;153;Deputado Federal;96;NULOS;4;;
109;153;Deputado Estadual;10123;DAVID DURAND;2;REPUBLICANOS;REPUBLICANOS
109;153;Deputado Estadual;11111;ZEZINHO ALBUQUERQUE;4;PP;PP
109;153;Deputado Estadual;11113;ALMIR BIÉ;6;PP;PP
109;153;Deputado Estadual;12112;VANESSA VENÂNCIO;1;PDT;PDT
109;153;Deputado Estadual;12123;CLÁUDIO PINHO;36;PDT;PDT
109;153;Deputado Estadual;12127;HELAINE COELHO;28;PDT;PDT
109;153;Deputado Estadual;12888;SERGIO AGUIAR;1;PDT;PDT
109;153;Deputado Estadual;13123;MISSIAS DO MST;1;PT;(PT/PC do B/PV)
109;153;Deputado Estadual;13132;ACRISIO SENA;6;PT;(PT/PC do B/PV)
109;153;Deputado Estadual;13456;DE ASSIS DINIZ;1;PT;(PT/PC do B/PV)
109;153;Deputado Estadual;13789;JULINHO;2;PT;(PT/PC do B/PV)
109;153;Deputado Estadual;15111;RAIR DE SOUZA;2;MDB;MDB
109;153;Deputado Estadual;15115;CARLOS BANDEIRA;23;MDB;MDB
109;153;Deputado Estadual;15888;AGENOR NETO;3;MDB;MDB
109;153;Deputado Estadual;22333;DR THIAGO SALES;1;PL;PL
109;153;Deputado Estadual;22555;MARTA GONÇALVES;85;PL;PL
109;153;Deputado Estadual;22777;DRA SILVANA;4;PL;PL
109;153;Deputado Estadual;43640;WALTER CAVALCANTE;2;PV;(PT/PC do B/PV)
109;153;Deputado Estadual;44111;FELIPE MOTA;2;UNIÃO;UNIÃO
109;153;Deputado Estadual;44567;MAGNOLIA ROCHA;1;UNIÃO;UNIÃO
109;153;Deputado Estadual;44777;FIRMO CAMURÇA;15;UNIÃO;UNIÃO
109;153;Deputado Estadual;12;LEGENDA PDT;2;PDT;PDT
109;153;Deputado Estadual;13;LEGENDA PT;7;PT;PT
109;153;Deputado Estadual;22;LEGENDA PL;4;PL;PL
109;153;Deputado Estadual;44;LEGENDA UNIÃO;1;UNIÃO;UNIÃO
109;153;Deputado Estadual;55;LEGENDA PSD;2;PSD;PSD
109;153;Deputado Estadual;70;LEGENDA AVANTE;4;AVANTE;AVANTE
109;153;Deputado Estadual;95;BRANCOS;9;;
109;153;Deputado Estadual;96;NULOS;6;;
109;154;Presidente;12;CIRO GOMES;8;PDT;PDT
109;154;Presidente;13;LULA;160;PT;(PT/PC do B/PV), SOLIDARIEDADE, (PSOL/REDE), PSB, AGIR, AVANTE, PROS
109;154;Presidente;15;SIMONE TEBET;3;MDB;MDB, (PSDB/CIDADANIA), PODE
109;154;Presidente;22;JAIR BOLSONARO;89;PL;PP, REPUBLICANOS, PL
109;154;Presidente;44;SORAYA THRONICKE;2;UNIÃO;UNIÃO
109;154;Presidente;95;BRANCOS;2;;
109;154;Presidente;96;NULOS;6;;
109;154;Governador;12;ROBERTO CLÁUDIO;20;PDT;PMN, PATRIOTA, AGIR, PMB, PDT, PSD, PSB, PSC, DC
109;154;Governador;13;ELMANO DE FREITAS;125;PT;(PT/PC do B/PV), PP, MDB, PRTB, (PSOL/REDE), SOLIDARIEDADE
109;154;Governador;44;CAPITÃO WAGNER;100;UNIÃO;PODE, AVANTE, PL, REPUBLICANOS, PTB, PROS, UNIÃO
109;154;Governador;95;BRANCOS;7;;
109;154;Governador;96;NULOS;18;;
109;154;Senador;131;CAMILO;168;PT;(PT/PC do B/PV), MDB, PRTB, (PSOL/REDE), SOLIDARIEDADE, PP
109;154;Senador;160;CARLOS SILVA;1;PSTU;PSTU
109;154;Senador;555;ERIKA AMORIM;1;PSD;PSB, AGIR, DC, PMB, PDT, PSD, PMN, PATRIOTA, PSC
109;154;Senador;700;KAMILA CARDOSO;63;AVANTE;AVANTE, UNIÃO, PTB, REPUBLICANOS, PROS, PL, PODE
109;154;Senador;95;BRANCOS;13;;
109;154;Senador;96;NULOS;24;;
109;154;Deputado Federal;1010;RONALDO MARTINS;6;REPUBLICANOS;REPUBLICANOS
109;154;Deputado Federal;1023;PASTOR ABRAÃO;3;REPUBLICANOS;REPUBLICANOS
109;154;Deputado Federal;1111;AJ ALBUQUERQUE;1;PP;PP
109;154;Deputado Federal;1201;JULIO BRIZZI;1;PDT;PDT
109;154;Deputado Federal;1212;LEÔNIDAS CRISTINO;1;PDT;PDT
109;154;Deputado Federal;1213;IDILVAN;6;PDT;PDT
109;154;Deputado Federal;1214;EDUARDO BISMARCK;11;PDT;PDT
109;154;Deputado Federal;1233;ROBÉRIO MONTEIRO;3;PDT;PDT
109;154;Deputado Federal;1234;ANDRÉ FIGUEIREDO;2;PDT;PDT
109;154;Deputado Federal;1245;ADRIELLY TEIXEIRA;2;PDT;PDT
109;154;Deputado Federal;1277;ADAIL JR;1;PDT;PDT
109;154;Deputado Federal;1313;LUIZIANNE LINS;11;PT;(PT/PC do B/PV)
109;154;Deputado Federal;1511;DRA FRANCY AMANDA;2;MDB;MDB
109;154;Deputado Federal;1533;EUNÍCIO;5;MDB;MDB
109;154;Deputado Federal;2200;DRA. MAYRA PINHEIRO;1;PL;PL
109;154;Deputado Federal;2222;ANDRÉ FERNANDES;1;PL;PL
109;154;Deputado Federal;2244;TADEU OLIVEIRA;1;PL;PL
109;154;Deputado Federal;2255;JÚNIOR MANO;1;PL;PL
109;154;Deputado Federal;2277;DR JAZIEL;5;PL;PL
109;154;Deputado Federal;2288;PRISCILA COSTA;3;PL;PL
109;154;Deputado Federal;2299;MATHEUS NORONHA;14;PL;PL
109;154;Deputado Federal;4445;DAMIÃO TENORIO;3;UNIÃO;UNIÃO
109;154;Deputado Federal;4447;DANILO FORTE;3;UNIÃO;UNIÃO
109;154;Deputado Federal;4455;VAIDON OLIVEIRA;1;UNIÃO;UNIÃO
109;154;Deputado Federal;4466;PATRICIA MARXS;1;UNIÃO;UNIÃO
109;154;Deputado Federal;4477;FERNANDA PESSOA;20;UNIÃO;UNIÃO
109;154;Deputado Federal;4488;MOSES RODRIGUES;37;UNIÃO;UNIÃO
109;154;Deputado Federal;5511;CÉLIO STUDART;2;PSD;PSD
109;154;Deputado Federal;5533;LUIZ GASTÃO;1;PSD;PSD
109;154;Deputado Federal;5555;DOMINGOS NETO;108;PSD;PSD
109;154;Deputado Federal;95;BRANCOS;9;;
109;154;Deputado Federal;96;NULOS;4;;
109;154;Deputado Estadual;10123;DAVID DURAND;6;REPUBLICANOS;REPUBLICANOS
109;154;Deputado Estadual;11111;ZEZINHO ALBUQUERQUE;5;PP;PP
109;154;Deputado Estadual;11113;ALMIR BIÉ;10;PP;PP
109;154;Deputado Estadual;12123;CLÁUDIO PINHO;41;PDT;PDT
109;154;Deputado Estadual;12127;HELAINE COELHO;23;PDT;PDT
109;154;Deputado Estadual;12345;LIA GOMES;1;PDT;PDT
109;154;Deputado Estadual;13123;MISSIAS DO MST;1;PT;(PT/PC do B/PV)
109;154;Deputado Estadual;13132;ACRISIO SENA;10;PT;(PT/PC do B/PV)
109;154;Deputado Estadual;13555;JULIANA LUCENA;1;PT;(PT/PC do B/PV)
109;154;Deputado Estadual;14014;BISPO ABEL GALVÃO;1;PTB;PTB
109;154;Deputado Estadual;15115;CARLOS BANDEIRA;24;MDB;MDB
109;154;Deputado Estadual;15888;AGENOR NETO;3;MDB;MDB
109;154;Deputado Estadual;22555;MARTA GONÇALVES;90;PL;PL
109;154;Deputado Estadual;22777;DRA SILVANA;6;PL;PL
109;154;Deputado Estadual;23192;MARTINHA - A SAÚDE RESISTE;1;CIDADANIA;(PSDB/CIDADANIA)
109;154;Deputado Estadual;43640;WALTER CAVALCANTE;1;PV;(PT/PC do B/PV)
109;154;Deputado Estadual;44111;FELIPE MOTA;2;UNIÃO;UNIÃO
109;154;Deputado Estadual;44456;CORONEL BEZERRA;1;UNIÃO;UNIÃO
109;154;Deputado Estadual;44567;MAGNOLIA ROCHA;5;UNIÃO;UNIÃO
109;154;Deputado Estadual;44777;FIRMO CAMURÇA;11;UNIÃO;UNIÃO
109;154;Deputado Estadual;45111;GORDIM ARAUJO;1;PSDB;(PSDB/CIDADANIA)
109;154;Deputado Estadual;50500;RENATO ROSENO;1;PSOL;(PSOL/REDE)
109;154;Deputado Estadual;70000;TAM DE OLIVEIRA;1;AVANTE;AVANTE
109;154;Deputado Estadual;12;LEGENDA PDT;2;PDT;PDT
109;154;Deputado Estadual;13;LEGENDA PT;3;PT;PT
109;154;Deputado Estadual;22;LEGENDA PL;1;PL;PL
109;154;Deputado Estadual;33;LEGENDA PMN;1;PMN;PMN
109;154;Deputado Estadual;36;LEGENDA AGIR;1;AGIR;AGIR
109;154;Deputado Estadual;55;LEGENDA PSD;1;PSD;PSD
109;154;Deputado Estadual;95;BRANCOS;9;;
109;154;Deputado Estadual;96;NULOS;6;;
109;155;Presidente;12;CIRO GOMES;7;PDT;PDT
109;155;Presidente;13;LULA;157;PT;(PT/PC do B/PV), SOLIDARIEDADE, (PSOL/REDE), PSB, AGIR, AVANTE, PROS
109;155;Presidente;15;SIMONE TEBET;4;MDB;MDB, (PSDB/CIDADANIA), PODE
109;155;Presidente;22;JAIR BOLSONARO;23;PL;PP, REPUBLICANOS, PL
109;155;Presidente;44;SORAYA THRONICKE;2;UNIÃO;UNIÃO
109;155;Presidente;95;BRANCOS;5;;
109;155;Presidente;96;NULOS;2;;
109;155;Governador;12;ROBERTO CLÁUDIO;6;PDT;PMN, PATRIOTA, AGIR, PMB, PDT, PSD, PSB, PSC, DC
109;155;Governador;13;ELMANO DE FREITAS;145;PT;(PT/PC do B/PV), PP, MDB, PRTB, (PSOL/REDE), SOLIDARIEDADE
109;155;Governador;44;CAPITÃO WAGNER;42;UNIÃO;PODE, AVANTE, PL, REPUBLICANOS, PTB, PROS, UNIÃO
109;155;Governador;95;BRANCOS;3;;
109;155;Governador;96;NULOS;4;;
109;155;Senador;131;CAMILO;150;PT;(PT/PC do B/PV), MDB, PRTB, (PSOL/REDE), SOLIDARIEDADE, PP
109;155;Senador;555;ERIKA AMORIM;4;PSD;PSB, AGIR, DC, PMB, PDT, PSD, PMN, PATRIOTA, PSC
109;155;Senador;700;KAMILA CARDOSO;30;AVANTE;AVANTE, UNIÃO, PTB, REPUBLICANOS, PROS, PL, PODE
109;155;Senador;95;BRANCOS;8;;
109;155;Senador;96;NULOS;8;;
109;155;Deputado Federal;1111;AJ ALBUQUERQUE;2;PP;PP
109;155;Deputado Federal;1113;ELINETE TORRES;1;PP;PP
109;155;Deputado Federal;1212;LEÔNIDAS CRISTINO;3;PDT;PDT
109;155;Deputado Federal;1213;IDILVAN;7;PDT;PDT
109;155;Deputado Federal;1214;EDUARDO BISMARCK;3;PDT;PDT
109;155;Deputado Federal;1221;MAURO FILHO;2;PDT;PDT
109;155;Deputado Federal;1233;ROBÉRIO MONTEIRO;13;PDT;PDT
109;155;Deputado Federal;1251;ARNON BEZERRA;1;PDT;PDT
109;155;Deputado Federal;1313;LUIZIANNE LINS;4;PT;(PT/PC do B/PV)
109;155;Deputado Federal;1322;GUIMARÃES DO PT;2;PT;(PT/PC do B/PV)
109;155;Deputado Federal;1533;EUNÍCIO;8;MDB;MDB
109;155;Deputado Federal;2211;YURY DO PAREDÃO;2;PL;PL
109;155;Deputado Federal;2222;ANDRÉ FERNANDES;2;PL;PL
109;155;Deputado Federal;2255;JÚNIOR MANO;4;PL;PL
109;155;Deputado Federal;2277;DR JAZIEL;7;PL;PL
109;155;Deputado Federal;2299;MATHEUS NORONHA;27;PL;PL
109;155;Deputado Federal;4000;DENIS BEZERRA;1;PSB;PSB
109;155;Deputado Federal;4044;NAUBER ESTÁCIO;1;PSB;PSB
109;155;Deputado Federal;4433;DR. AGRIPINO MAGALHÃES;3;UNIÃO;UNIÃO
109;155;Deputado Federal;4444;HEITOR FREIRE;1;UNIÃO;UNIÃO
109;155;Deputado Federal;4447;DANILO FORTE;2;UNIÃO;UNIÃO
109;155;Deputado Federal;4455;VAIDON OLIVEIRA;9;UNIÃO;UNIÃO
109;155;Deputado Federal;4456;DAYANY DO CAPITÃO;2;UNIÃO;UNIÃO
109;155;Deputado Federal;4477;FERNANDA PESSOA;4;UNIÃO;UNIÃO
109;155;Deputado Federal;4488;MOSES RODRIGUES;3;UNIÃO;UNIÃO
109;155;Deputado Federal;5511;CÉLIO STUDART;1;PSD;PSD
109;155;Deputado Federal;5555;DOMINGOS NETO;68;PSD;PSD
109;155;Deputado Federal;5588;ELIANE BRAZ;1;PSD;PSD
109;155;Deputado Federal;5599;EMANUEL MOTA;1;PSD;PSD
109;155;Deputado Federal;7011;DR MARCOS;1;AVANTE;AVANTE
109;155;Deputado Federal;7040;CHICO ANTÔNIO;1;AVANTE;AVANTE
109;155;Deputado Federal;12;LEGENDA PDT;1;PDT;PDT
109;155;Deputado Federal;95;BRANCOS;11;;
109;155;Deputado Federal;96;NULOS;1;;
109;155;Deputado Estadual;10300;MISSIONÁRIA CILENE;1;REPUBLICANOS;REPUBLICANOS
109;155;Deputado Estadual;11113;ALMIR BIÉ;30;PP;PP
109;155;Deputado Estadual;12123;CLÁUDIO PINHO;12;PDT;PDT
109;155;Deputado Estadual;12127;HELAINE COELHO;22;PDT;PDT
109;155;Deputado Estadual;13123;MISSIAS DO MST;1;PT;(PT/PC do B/PV)
109;155;Deputado Estadual;13132;ACRISIO SENA;1;PT;(PT/PC do B/PV)
109;155;Deputado Estadual;13234;GUILHERME SAMPAIO;1;PT;(PT/PC do B/PV)
109;155;Deputado Estadual;13333;MOISES BRAZ;3;PT;(PT/PC do B/PV)
109;155;Deputado Estadual;13777;NIZO;1;PT;(PT/PC do B/PV)
109;155;Deputado Estadual;13789;JULINHO;1;PT;(PT/PC do B/PV)
109;155;Deputado Estadual;15115;CARLOS BANDEIRA;8;MDB;MDB
109;155;Deputado Estadual;15151;LEONARDO ARAÚJO;1;MDB;MDB
109;155;Deputado Estadual;15555;FELIPE AGUIAR;1;MDB;MDB
109;155;Deputado Estadual;15888;AGENOR NETO;1;MDB;MDB
109;155;Deputado Estadual;22111;PEDRO MATOS;1;PL;PL
109;155;Deputado Estadual;22555;MARTA GONÇALVES;66;PL;PL
109;155;Deputado Estadual;22777;DRA SILVANA;4;PL;PL
109;155;Deputado Estadual;23192;MARTINHA - A SAÚDE RESISTE;1;CIDADANIA;(PSDB/CIDADANIA)
109;155;Deputado Estadual;23323;ADAILTON BRANDÃO;1;CIDADANIA;(PSDB/CIDADANIA)
109;155;Deputado Estadual;44111;FELIPE MOTA;1;UNIÃO;UNIÃO
109;155;Deputado Estadual;44567;MAGNOLIA ROCHA;2;UNIÃO;UNIÃO
109;155;Deputado Estadual;44777;FIRMO CAMURÇA;2;UNIÃO;UNIÃO
109;155;Deputado Estadual;44888;DR. OSCAR RODRIGUES;3;UNIÃO;UNIÃO
109;155;Deputado Estadual;55555;GABRIELLA AGUIAR;2;PSD;PSD
109;155;Deputado Estadual;65013;PROFESSOR ANÍZIO;1;PC do B;(PT/PC do B/PV)
109;155;Deputado Estadual;70000;TAM DE OLIVEIRA;10;AVANTE;AVANTE
109;155;Deputado Estadual;70123;TOMAZ HOLANDA;9;AVANTE;AVANTE
109;155;Deputado Estadual;70762;CAPITÃO AGENOR;1;AVANTE;AVANTE
109;155;Deputado Estadual;12;LEGENDA PDT;2;PDT;PDT
109;155;Deputado Estadual;13;LEGENDA PT;1;PT;PT
109;155;Deputado Estadual;22;LEGENDA PL;1;PL;PL
109;155;Deputado Estadual;43;LEGENDA PV;1;PV;PV
109;155;Deputado Estadual;95;BRANCOS;6;;
109;155;Deputado Estadual;96;NULOS;1;;
109;156;Presidente;12;CIRO GOMES;14;PDT;PDT
109;156;Presidente;13;LULA;179;PT;(PT/PC do B/PV), SOLIDARIEDADE, (PSOL/REDE), PSB, AGIR, AVANTE, PROS
109;156;Presidente;15;SIMONE TEBET;8;MDB;MDB, (PSDB/CIDADANIA), PODE
109;156;Presidente;22;JAIR BOLSONARO;101;PL;PP, REPUBLICANOS, PL
109;156;Presidente;44;SORAYA THRONICKE;1;UNIÃO;UNIÃO
109;156;Presidente;95;BRANCOS;3;;
109;156;Presidente;96;NULOS;7;;
109;156;Governador;12;ROBERTO CLÁUDIO;13;PDT;PMN, PATRIOTA, AGIR, PMB, PDT, PSD, PSB, PSC, DC
109;156;Governador;13;ELMANO DE FREITAS;147;PT;(PT/PC do B/PV), PP, MDB, PRTB, (PSOL/REDE), SOLIDARIEDADE
109;156;Governador;21;CHICO MALTA;1;PCB;PCB
109;156;Governador;44;CAPITÃO WAGNER;131;UNIÃO;PODE, AVANTE, PL, REPUBLICANOS, PTB, PROS, UNIÃO
109;156;Governador;95;BRANCOS;8;;
109;156;Governador;96;NULOS;13;;
109;156;Senador;131;CAMILO;168;PT;(PT/PC do B/PV), MDB, PRTB, (PSOL/REDE), SOLIDARIEDADE, PP
109;156;Senador;555;ERIKA AMORIM;7;PSD;PSB, AGIR, DC, PMB, PDT, PSD, PMN, PATRIOTA, PSC
109;156;Senador;700;KAMILA CARDOSO;109;AVANTE;AVANTE, UNIÃO, PTB, REPUBLICANOS, PROS, PL, PODE
109;156;Senador;95;BRANCOS;10;;
109;156;Senador;96;NULOS;19;;
109;156;Deputado Federal;1000;BISPA VANESSA LIMA;1;REPUBLICANOS;REPUBLICANOS
109;156;Deputado Federal;1010;RONALDO MARTINS;2;REPUBLICANOS;REPUBLICANOS
109;156;Deputado Federal;1023;PASTOR ABRAÃO;4;REPUBLICANOS;REPUBLICANOS
109;156;Deputado Federal;1111;AJ ALBUQUERQUE;2;PP;PP
109;156;Deputado Federal;1213;IDILVAN;6;PDT;PDT
109;156;Deputado Federal;1214;EDUARDO BISMARCK;3;PDT;PDT
109;156;Deputado Federal;1233;ROBÉRIO MONTEIRO;2;PDT;PDT
109;156;Deputado Federal;1277;ADAIL JR;2;PDT;PDT
109;156;Deputado Federal;1292;ENFERMEIRA ANA PAULA;1;PDT;PDT
109;156;Deputado Federal;1313;LUIZIANNE LINS;6;PT;(PT/PC do B/PV)
109;156;Deputado Federal;1533;EUNÍCIO;5;MDB;MDB
109;156;Deputado Federal;2210;CORONEL AGINALDO;4;PL;PL
109;156;Deputado Federal;2222;ANDRÉ FERNANDES;7;PL;PL
109;156;Deputado Federal;2233;GORETE PEREIRA;1;PL;PL
109;156;Deputado Federal;2277;DR JAZIEL;12;PL;PL
109;156;Deputado Federal;2299;MATHEUS NORONHA;6;PL;PL
109;156;Deputado Federal;4410;CARLOS MATOS;2;UNIÃO;UNIÃO
109;156;Deputado Federal;4411;VANDERLAN ALVES;1;UNIÃO;UNIÃO
109;156;Deputado Federal;4412;PASTOR PEDRO RIBEIRO;1;UNIÃO;UNIÃO
109;156;Deputado Federal;4433;DR. AGRIPINO MAGALHÃES;7;UNIÃO;UNIÃO
109;156;Deputado Federal;4444;HEITOR FREIRE;1;UNIÃO;UNIÃO
109;156;Deputado Federal;4445;DAMIÃO TENORIO;2;UNIÃO;UNIÃO
109;156;Deputado Federal;4447;DANILO FORTE;3;UNIÃO;UNIÃO
109;156;Deputado Federal;4456;DAYANY DO CAPITÃO;1;UNIÃO;UNIÃO
109;156;Deputado Federal;4477;FERNANDA PESSOA;1;UNIÃO;UNIÃO
109;156;Deputado Federal;4488;MOSES RODRIGUES;89;UNIÃO;UNIÃO
109;156;Deputado Federal;4490;SOLDADO NOELIO;2;UNIÃO;UNIÃO
109;156;Deputado Federal;4599;CHIQUINHO FEITOSA;1;PSDB;(PSDB/CIDADANIA)
109;156;Deputado Federal;5055;GABRIEL BIOLOGIA;1;PSOL;(PSOL/REDE)
109;156;Deputado Federal;5511;CÉLIO STUDART;3;PSD;PSD
109;156;Deputado Federal;5533;LUIZ GASTÃO;3;PSD;PSD
109;156;Deputado Federal;5555;DOMINGOS NETO;113;PSD;PSD
109;156;Deputado Federal;6565;INÁCIO ARRUDA;1;PC do B;(PT/PC do B/PV)
109;156;Deputado Federal;7012;LURDENIS VIEIRA;1;AVANTE;AVANTE
109;156;Deputado Federal;12;LEGENDA PDT;1;PDT;PDT
109;156;Deputado Federal;13;LEGENDA PT;2;PT;PT
109;156;Deputado Federal;22;LEGENDA PL;1;PL;PL
109;156;Deputado Federal;95;BRANCOS;5;;
109;156;Deputado Federal;96;NULOS;7;;
109;156;Deputado Estadual;10000;APÓSTOLO LUIZ HENRIQUE;3;REPUBLICANOS;REPUBLICANOS
109;156;Deputado Estadual;10123;DAVID DURAND;2;REPUBLICANOS;REPUBLICANOS
109;156;Deputado Estadual;11111;ZEZINHO ALBUQUERQUE;1;PP;PP
109;156;Deputado Estadual;11113;ALMIR BIÉ;4;PP;PP
109;156;Deputado Estadual;11444;LEONARDO PINHEIRO;8;PP;PP
109;156;Deputado Estadual;12000;EVANDRO LEITÃO;5;PDT;PDT
109;156;Deputado Estadual;12123;CLÁUDIO PINHO;2;PDT;PDT
109;156;Deputado Estadual;12127;HELAINE COELHO;13;PDT;PDT
109;156;Deputado Estadual;12777;LEDA LIMA;1;PDT;PDT
109;156;Deputado Estadual;13132;ACRISIO SENA;5;PT;(PT/PC do B/PV)
109;156;Deputado Estadual;13789;JULINHO;2;PT;(PT/PC do B/PV)
109;156;Deputado Estadual;15000;EDILARDO EUFRASIO;3;MDB;MDB
109;156;Deputado Estadual;15333;DANNIEL OLIVEIRA;2;MDB;MDB
109;156;Deputado Estadual;22010;BEZERRA DE MENESES;4;PL;PL
109;156;Deputado Estadual;22022;CARMELO NETO;2;PL;PL
109;156;Deputado Estadual;22222;PR.ALCIDES FERNANDES;1;PL;PL
109;156;Deputado Estadual;22555;MARTA GONÇALVES;55;PL;PL
109;156;Deputado Estadual;22777;DRA SILVANA;12;PL;PL
109;156;Deputado Estadual;36100;MARCONDES RODRIGUES;1;AGIR;AGIR
109;156;Deputado Estadual;43640;WALTER CAVALCANTE;1;PV;(PT/PC do B/PV)
109;156;Deputado Estadual;44123;TONY BRITO;2;UNIÃO;UNIÃO
109;156;Deputado Estadual;44190;SARGENTO REGINAURO;1;UNIÃO;UNIÃO
109;156;Deputado Estadual;44777;FIRMO CAMURÇA;1;UNIÃO;UNIÃO
109;156;Deputado Estadual;44888;DR. OSCAR RODRIGUES;82;UNIÃO;UNIÃO
109;156;Deputado Estadual;45000;JORGE PINHEIRO;1;PSDB;(PSDB/CIDADANIA)
109;156;Deputado Estadual;45999;FERREIRA ARAGÃO;1;PSDB;(PSDB/CIDADANIA)
109;156;Deputado Estadual;50500;RENATO ROSENO;1;PSOL;(PSOL/REDE)
109;156;Deputado Estadual;55011;APOLLO VICZ;1;PSD;PSD
109;156;Deputado Estadual;55555;GABRIELLA AGUIAR;1;PSD;PSD
109;156;Deputado Estadual;65234;CACIKA IRÊ;1;PC do B;(PT/PC do B/PV)
109;156;Deputado Estadual;70000;TAM DE OLIVEIRA;1;AVANTE;AVANTE
109;156;Deputado Estadual;70123;TOMAZ HOLANDA;66;AVANTE;AVANTE
109;156;Deputado Estadual;70456;DUCA;1;AVANTE;AVANTE
109;156;Deputado Estadual;12;LEGENDA PDT;3;PDT;PDT
109;156;Deputado Estadual;13;LEGENDA PT;4;PT;PT
109;156;Deputado Estadual;50;LEGENDA PSOL;1;PSOL;PSOL
109;156;Deputado Estadual;55;LEGENDA PSD;2;PSD;PSD
109;156;Deputado Estadual;70;LEGENDA AVANTE;5;AVANTE;AVANTE
109;156;Deputado Estadual;95;BRANCOS;8;;
109;156;Deputado Estadual;96;NULOS;3;;
109;157;Presidente;12;CIRO GOMES;8;PDT;PDT
109;157;Presidente;13;LULA;158;PT;(PT/PC do B/PV), SOLIDARIEDADE, (PSOL/REDE), PSB, AGIR, AVANTE, PROS
109;157;Presidente;15;SIMONE TEBET;3;MDB;MDB, (PSDB/CIDADANIA), PODE
109;157;Presidente;22;JAIR BOLSONARO;97;PL;PP, REPUBLICANOS, PL
109;157;Presidente;44;SORAYA THRONICKE;1;UNIÃO;UNIÃO
109;157;Presidente;95;BRANCOS;3;;
109;157;Presidente;96;NULOS;7;;
109;157;Governador;12;ROBERTO CLÁUDIO;7;PDT;PMN, PATRIOTA, AGIR, PMB, PDT, PSD, PSB, PSC, DC
109;157;Governador;13;ELMANO DE FREITAS;126;PT;(PT/PC do B/PV), PP, MDB, PRTB, (PSOL/REDE), SOLIDARIEDADE
109;157;Governador;44;CAPITÃO WAGNER;120;UNIÃO;PODE, AVANTE, PL, REPUBLICANOS, PTB, PROS, UNIÃO
109;157;Governador;95;BRANCOS;7;;
109;157;Governador;96;NULOS;17;;
109;157;Senador;131;CAMILO;148;PT;(PT/PC do B/PV), MDB, PRTB, (PSOL/REDE), SOLIDARIEDADE, PP
109;157;Senador;555;ERIKA AMORIM;2;PSD;PSB, AGIR, DC, PMB, PDT, PSD, PMN, PATRIOTA, PSC
109;157;Senador;700;KAMILA CARDOSO;92;AVANTE;AVANTE, UNIÃO, PTB, REPUBLICANOS, PROS, PL, PODE
109;157;Senador;95;BRANCOS;11;;
109;157;Senador;96;NULOS;24;;
109;157;Deputado Federal;1010;RONALDO MARTINS;1;REPUBLICANOS;REPUBLICANOS
109;157;Deputado Federal;1023;PASTOR ABRAÃO;1;REPUBLICANOS;REPUBLICANOS
109;157;Deputado Federal;1213;IDILVAN;5;PDT;PDT
109;157;Deputado Federal;1214;EDUARDO BISMARCK;3;PDT;PDT
109;157;Deputado Federal;1313;LUIZIANNE LINS;5;PT;(PT/PC do B/PV)
109;157;Deputado Federal;1522;NELINHO;1;MDB;MDB
109;157;Deputado Federal;1533;EUNÍCIO;1;MDB;MDB
109;157;Deputado Federal;2200;DRA. MAYRA PINHEIRO;2;PL;PL
109;157;Deputado Federal;2222;ANDRÉ FERNANDES;10;PL;PL
109;157;Deputado Federal;2277;DR JAZIEL;20;PL;PL
109;157;Deputado Federal;2299;MATHEUS NORONHA;6;PL;PL
109;157;Deputado Federal;2323;MORONI;2;CIDADANIA;(PSDB/CIDADANIA)
109;157;Deputado Federal;4000;DENIS BEZERRA;1;PSB;PSB
109;157;Deputado Federal;4410;CARLOS MATOS;1;UNIÃO;UNIÃO
109;157;Deputado Federal;4433;DR. AGRIPINO MAGALHÃES;4;UNIÃO;UNIÃO
109;157;Deputado Federal;4447;DANILO FORTE;1;UNIÃO;UNIÃO
109;157;Deputado Federal;4477;FERNANDA PESSOA;4;UNIÃO;UNIÃO
109;157;Deputado Federal;4488;MOSES RODRIGUES;75;UNIÃO;UNIÃO
109;157;Deputado Federal;5044;LÍDIA DO BORA DE RUMA;2;PSOL;(PSOL/REDE)
109;157;Deputado Federal;5050;AILTON LOPES;1;PSOL;(PSOL/REDE)
109;157;Deputado Federal;5511;CÉLIO STUDART;1;PSD;PSD
109;157;Deputado Federal;5533;LUIZ GASTÃO;1;PSD;PSD
109;157;Deputado Federal;5555;DOMINGOS NETO;109;PSD;PSD
109;157;Deputado Federal;7012;LURDENIS VIEIRA;1;AVANTE;AVANTE
109;157;Deputado Federal;13;LEGENDA PT;3;PT;PT
109;157;Deputado Federal;55;LEGENDA PSD;1;PSD;PSD
109;157;Deputado Federal;70;LEGENDA AVANTE;1;AVANTE;AVANTE
109;157;Deputado Federal;95;BRANCOS;11;;
109;157;Deputado Federal;96;NULOS;3;;
109;157;Deputado Estadual;10000;APÓSTOLO LUIZ HENRIQUE;1;REPUBLICANOS;REPUBLICANOS
109;157;Deputado Estadual;10124;DUQUINHA;1;REPUBLICANOS;REPUBLICANOS
109;157;Deputado Estadual;11113;ALMIR BIÉ;3;PP;PP
109;157;Deputado Estadual;11444;LEONARDO PINHEIRO;2;PP;PP
109;157;Deputado Estadual;12000;EVANDRO LEITÃO;3;PDT;PDT
109;157;Deputado Estadual;12123;CLÁUDIO PINHO;3;PDT;PDT
109;157;Deputado Estadual;12127;HELAINE COELHO;1;PDT;PDT
109;157;Deputado Estadual;13131;MARI LACERDA;1;PT;(PT/PC do B/PV)
109;157;Deputado Estadual;13132;ACRISIO SENA;9;PT;(PT/PC do B/PV)
109;157;Deputado Estadual;15123;AUDIC MOTA;1;MDB;MDB
109;157;Deputado Estadual;22010;BEZERRA DE MENESES;1;PL;PL
109;157;Deputado Estadual;22022;CARMELO NETO;5;PL;PL
109;157;Deputado Estadual;22222;PR.ALCIDES FERNANDES;2;PL;PL
109;157;Deputado Estadual;22555;MARTA GONÇALVES;40;PL;PL
109;157;Deputado Estadual;22777;DRA SILVANA;14;PL;PL
109;157;Deputado Estadual;23190;TENENTE DANTAS;1;CIDADANIA;(PSDB/CIDADANIA)
109;157;Deputado Estadual;44567;MAGNOLIA ROCHA;1;UNIÃO;UNIÃO
109;157;Deputado Estadual;44777;FIRMO CAMURÇA;4;UNIÃO;UNIÃO
109;157;Deputado Estadual;44888;DR. OSCAR RODRIGUES;70;UNIÃO;UNIÃO
109;157;Deputado Estadual;50444;ZULEIDE QUEIROZ;1;PSOL;(PSOL/REDE)
109;157;Deputado Estadual;50500;RENATO ROSENO;1;PSOL;(PSOL/REDE)
109;157;Deputado Estadual;55234;DR. LUCÍLVIO GIRÃO;1;PSD;PSD
109;157;Deputado Estadual;55555;GABRIELLA AGUIAR;1;PSD;PSD
109;157;Deputado Estadual;70000;TAM DE OLIVEIRA;1;AVANTE;AVANTE
109;157;Deputado Estadual;70122;LÚ DA SAÚDE;1;AVANTE;AVANTE
109;157;Deputado Estadual;70123;TOMAZ HOLANDA;73;AVANTE;AVANTE
109;157;Deputado Estadual;70190;SARGENTO DOUGLAS;1;AVANTE;AVANTE
109;157;Deputado Estadual;12;LEGENDA PDT;1;PDT;PDT
109;157;Deputado Estadual;13;LEGENDA PT;6;PT;PT
109;157;Deputado Estadual;22;LEGENDA PL;1;PL;PL
109;157;Deputado Estadual;44;LEGENDA UNIÃO;3;UNIÃO;UNIÃO
109;157;Deputado Estadual;55;LEGENDA PSD;5;PSD;PSD
109;157;Deputado Estadual;70;LEGENDA AVANTE;1;AVANTE;AVANTE
109;157;Deputado Estadual;95;BRANCOS;11;;
109;157;Deputado Estadual;96;NULOS;6;;
109;158;Presidente;12;CIRO GOMES;14;PDT;PDT
109;158;Presidente;13;LULA;68;PT;(PT/PC do B/PV), SOLIDARIEDADE, (PSOL/REDE), PSB, AGIR, AVANTE, PROS
109;158;Presidente;22;JAIR BOLSONARO;26;PL;PP, REPUBLICANOS, PL
109;158;Presidente;27;CONSTITUINTE EYMAEL;1;DC;DC
109;158;Presidente;30;FELIPE D'AVILA;1;NOVO;NOVO
109;158;Presidente;44;SORAYA THRONICKE;1;UNIÃO;UNIÃO
109;158;Presidente;95;BRANCOS;2;;
109;158;Presidente;96;NULOS;1;;
109;158;Governador;12;ROBERTO CLÁUDIO;11;PDT;PMN, PATRIOTA, AGIR, PMB, PDT, PSD, PSB, PSC, DC
109;158;Governador;13;ELMANO DE FREITAS;49;PT;(PT/PC do B/PV), PP, MDB, PRTB, (PSOL/REDE), SOLIDARIEDADE
109;158;Governador;44;CAPITÃO WAGNER;45;UNIÃO;PODE, AVANTE, PL, REPUBLICANOS, PTB, PROS, UNIÃO
109;158;Governador;95;BRANCOS;7;;
109;158;Governador;96;NULOS;2;;
109;158;Senador;131;CAMILO;61;PT;(PT/PC do B/PV), MDB, PRTB, (PSOL/REDE), SOLIDARIEDADE, PP
109;158;Senador;555;ERIKA AMORIM;7;PSD;PSB, AGIR, DC, PMB, PDT, PSD, PMN, PATRIOTA, PSC
109;158;Senador;700;KAMILA CARDOSO;35;AVANTE;AVANTE, UNIÃO, PTB, REPUBLICANOS, PROS, PL, PODE
109;158;Senador;95;BRANCOS;7;;
109;158;Senador;96;NULOS;4;;
109;158;Deputado Federal;1111;AJ ALBUQUERQUE;1;PP;PP
109;158;Deputado Federal;1213;IDILVAN;13;PDT;PDT
109;158;Deputado Federal;1214;EDUARDO BISMARCK;3;PDT;PDT
109;158;Deputado Federal;1277;ADAIL JR;1;PDT;PDT
109;158;Deputado Federal;1313;LUIZIANNE LINS;5;PT;(PT/PC do B/PV)
109;158;Deputado Federal;1533;EUNÍCIO;2;MDB;MDB
109;158;Deputado Federal;2244;TADEU OLIVEIRA;1;PL;PL
109;158;Deputado Federal;2277;DR JAZIEL;6;PL;PL
109;158;Deputado Federal;2299;MATHEUS NORONHA;1;PL;PL
109;158;Deputado Federal;2323;MORONI;1;CIDADANIA;(PSDB/CIDADANIA)
109;158;Deputado Federal;4410;CARLOS MATOS;3;UNIÃO;UNIÃO
109;158;Deputado Federal;4422;JULIERME SENA;1;UNIÃO;UNIÃO
109;158;Deputado Federal;4433;DR. AGRIPINO MAGALHÃES;1;UNIÃO;UNIÃO
109;158;Deputado Federal;4444;HEITOR FREIRE;1;UNIÃO;UNIÃO
109;158;Deputado Federal;4447;DANILO FORTE;2;UNIÃO;UNIÃO
109;158;Deputado Federal;4477;FERNANDA PESSOA;1;UNIÃO;UNIÃO
109;158;Deputado Federal;4488;MOSES RODRIGUES;16;UNIÃO;UNIÃO
109;158;Deputado Federal;5533;LUIZ GASTÃO;1;PSD;PSD
109;158;Deputado Federal;5555;DOMINGOS NETO;47;PSD;PSD
109;158;Deputado Federal;5588;ELIANE BRAZ;1;PSD;PSD
109;158;Deputado Federal;6565;INÁCIO ARRUDA;1;PC do B;(PT/PC do B/PV)
109;158;Deputado Federal;22;LEGENDA PL;1;PL;PL
109;158;Deputado Federal;95;BRANCOS;1;;
109;158;Deputado Federal;96;NULOS;3;;
109;158;Deputado Estadual;10124;DUQUINHA;1;REPUBLICANOS;REPUBLICANOS
109;158;Deputado Estadual;11113;ALMIR BIÉ;1;PP;PP
109;158;Deputado Estadual;11444;LEONARDO PINHEIRO;4;PP;PP
109;158;Deputado Estadual;11999;MOÉSIO LOIOLA;1;PP;PP
109;158;Deputado Estadual;12123;CLÁUDIO PINHO;2;PDT;PDT
109;158;Deputado Estadual;12127;HELAINE COELHO;7;PDT;PDT
109;158;Deputado Estadual;13123;MISSIAS DO MST;1;PT;(PT/PC do B/PV)
109;158;Deputado Estadual;13132;ACRISIO SENA;1;PT;(PT/PC do B/PV)
109;158;Deputado Estadual;13777;NIZO;1;PT;(PT/PC do B/PV)
109;158;Deputado Estadual;15123;AUDIC MOTA;1;MDB;MDB
109;158;Deputado Estadual;22555;MARTA GONÇALVES;29;PL;PL
109;158;Deputado Estadual;22777;DRA SILVANA;4;PL;PL
109;158;Deputado Estadual;44020;IVA SOARES;1;UNIÃO;UNIÃO
109;158;Deputado Estadual;44123;TONY BRITO;1;UNIÃO;UNIÃO
109;158;Deputado Estadual;44567;MAGNOLIA ROCHA;1;UNIÃO;UNIÃO
109;158;Deputado Estadual;44888;DR. OSCAR RODRIGUES;19;UNIÃO;UNIÃO
109;158;Deputado Estadual;45000;JORGE PINHEIRO;2;PSDB;(PSDB/CIDADANIA)
109;158;Deputado Estadual;50500;RENATO ROSENO;1;PSOL;(PSOL/REDE)
109;158;Deputado Estadual;65013;PROFESSOR ANÍZIO;1;PC do B;(PT/PC do B/PV)
109;158;Deputado Estadual;65234;CACIKA IRÊ;1;PC do B;(PT/PC do B/PV)
109;158;Deputado Estadual;70000;TAM DE OLIVEIRA;1;AVANTE;AVANTE
109;158;Deputado Estadual;70123;TOMAZ HOLANDA;24;AVANTE;AVANTE
109;158;Deputado Estadual;13;LEGENDA PT;3;PT;PT
109;158;Deputado Estadual;22;LEGENDA PL;1;PL;PL
109;158;Deputado Estadual;55;LEGENDA PSD;1;PSD;PSD
109;158;Deputado Estadual;95;BRANCOS;1;;
109;158;Deputado Estadual;96;NULOS;3;;
109;159;Presidente;12;CIRO GOMES;7;PDT;PDT
109;159;Presidente;13;LULA;139;PT;(PT/PC do B/PV), SOLIDARIEDADE, (PSOL/REDE), PSB, AGIR, AVANTE, PROS
109;159;Presidente;14;PADRE KELMON;1;PTB;PTB
109;159;Presidente;22;JAIR BOLSONARO;127;PL;PP, REPUBLICANOS, PL
109;159;Presidente;44;SORAYA THRONICKE;1;UNIÃO;UNIÃO
109;159;Presidente;95;BRANCOS;3;;
109;159;Presidente;96;NULOS;2;;
109;159;Governador;12;ROBERTO CLÁUDIO;8;PDT;PMN, PATRIOTA, AGIR, PMB, PDT, PSD, PSB, PSC, DC
109;159;Governador;13;ELMANO DE FREITAS;107;PT;(PT/PC do B/PV), PP, MDB, PRTB, (PSOL/REDE), SOLIDARIEDADE
109;159;Governador;44;CAPITÃO WAGNER;149;UNIÃO;PODE, AVANTE, PL, REPUBLICANOS, PTB, PROS, UNIÃO
109;159;Governador;95;BRANCOS;6;;
109;159;Governador;96;NULOS;10;;
109;159;Senador;131;CAMILO;124;PT;(PT/PC do B/PV), MDB, PRTB, (PSOL/REDE), SOLIDARIEDADE, PP
109;159;Senador;555;ERIKA AMORIM;10;PSD;PSB, AGIR, DC, PMB, PDT, PSD, PMN, PATRIOTA, PSC
109;159;Senador;700;KAMILA CARDOSO;122;AVANTE;AVANTE, UNIÃO, PTB, REPUBLICANOS, PROS, PL, PODE
109;159;Senador;95;BRANCOS;7;;
109;159;Senador;96;NULOS;17;;
109;159;Deputado Federal;1000;BISPA VANESSA LIMA;4;REPUBLICANOS;REPUBLICANOS
109;159;Deputado Federal;1010;RONALDO MARTINS;3;REPUBLICANOS;REPUBLICANOS
109;159;Deputado Federal;1111;AJ ALBUQUERQUE;3;PP;PP
109;159;Deputado Federal;1212;LEÔNIDAS CRISTINO;4;PDT;PDT
109;159;Deputado Federal;1213;IDILVAN;10;PDT;PDT
109;159;Deputado Federal;1214;EDUARDO BISMARCK;16;PDT;PDT
109;159;Deputado Federal;1277;ADAIL JR;1;PDT;PDT
109;159;Deputado Federal;1313;LUIZIANNE LINS;11;PT;(PT/PC do B/PV)
109;159;Deputado Federal;1322;GUIMARÃES DO PT;6;PT;(PT/PC do B/PV)
109;159;Deputado Federal;1323;KIM LOPES;1;PT;(PT/PC do B/PV)
109;159;Deputado Federal;1333;JOSE AIRTON;1;PT;(PT/PC do B/PV)
109;159;Deputado Federal;1512;NEUSA DO FREI DAMIÃO;1;MDB;MDB
109;159;Deputado Federal;1533;EUNÍCIO;3;MDB;MDB
109;159;Deputado Federal;2200;DRA. MAYRA PINHEIRO;1;PL;PL
109;159;Deputado Federal;2210;CORONEL AGINALDO;2;PL;PL
109;159;Deputado Federal;2211;YURY DO PAREDÃO;4;PL;PL
109;159;Deputado Federal;2222;ANDRÉ FERNANDES;18;PL;PL
109;159;Deputado Federal;2233;GORETE PEREIRA;1;PL;PL
109;159;Deputado Federal;2255;JÚNIOR MANO;1;PL;PL
109;159;Deputado Federal;2277;DR JAZIEL;6;PL;PL
109;159;Deputado Federal;2288;PRISCILA COSTA;1;PL;PL
109;159;Deputado Federal;2299;MATHEUS NORONHA;20;PL;PL
109;159;Deputado Federal;4422;JULIERME SENA;1;UNIÃO;UNIÃO
109;159;Deputado Federal;4433;DR. AGRIPINO MAGALHÃES;3;UNIÃO;UNIÃO
109;159;Deputado Federal;4445;DAMIÃO TENORIO;2;UNIÃO;UNIÃO
109;159;Deputado Federal;4447;DANILO FORTE;2;UNIÃO;UNIÃO
109;159;Deputado Federal;4477;FERNANDA PESSOA;4;UNIÃO;UNIÃO
109;159;Deputado Federal;4488;MOSES RODRIGUES;1;UNIÃO;UNIÃO
109;159;Deputado Federal;4490;SOLDADO NOELIO;1;UNIÃO;UNIÃO
109;159;Deputado Federal;5500;NAUMI AMORIM;1;PSD;PSD
109;159;Deputado Federal;5511;CÉLIO STUDART;1;PSD;PSD
109;159;Deputado Federal;5533;LUIZ GASTÃO;5;PSD;PSD
109;159;Deputado Federal;5555;DOMINGOS NETO;120;PSD;PSD
109;159;Deputado Federal;5588;ELIANE BRAZ;2;PSD;PSD
109;159;Deputado Federal;12;LEGENDA PDT;1;PDT;PDT
109;159;Deputado Federal;13;LEGENDA PT;1;PT;PT
109;159;Deputado Federal;95;BRANCOS;9;;
109;159;Deputado Federal;96;NULOS;8;;
109;159;Deputado Estadual;11111;ZEZINHO ALBUQUERQUE;6;PP;PP
109;159;Deputado Estadual;11113;ALMIR BIÉ;16;PP;PP
109;159;Deputado Estadual;11444;LEONARDO PINHEIRO;2;PP;PP
109;159;Deputado Estadual;12123;CLÁUDIO PINHO;4;PDT;PDT
109;159;Deputado Estadual;12127;HELAINE COELHO;37;PDT;PDT
109;159;Deputado Estadual;13132;ACRISIO SENA;6;PT;(PT/PC do B/PV)
109;159;Deputado Estadual;13133;LARISSA GASPAR;1;PT;(PT/PC do B/PV)
109;159;Deputado Estadual;13333;MOISES BRAZ;6;PT;(PT/PC do B/PV)
109;159;Deputado Estadual;13777;NIZO;2;PT;(PT/PC do B/PV)
109;159;Deputado Estadual;13789;JULINHO;7;PT;(PT/PC do B/PV)
109;159;Deputado Estadual;15115;CARLOS BANDEIRA;2;MDB;MDB
109;159;Deputado Estadual;22222;PR.ALCIDES FERNANDES;1;PL;PL
109;159;Deputado Estadual;22333;DR THIAGO SALES;1;PL;PL
109;159;Deputado Estadual;22380;DUDU DIÓGENES;1;PL;PL
109;159;Deputado Estadual;22555;MARTA GONÇALVES;140;PL;PL
109;159;Deputado Estadual;22722;PAULO BATTISTI;1;PL;PL
109;159;Deputado Estadual;22777;DRA SILVANA;8;PL;PL
109;159;Deputado Estadual;44111;FELIPE MOTA;1;UNIÃO;UNIÃO
109;159;Deputado Estadual;44123;TONY BRITO;1;UNIÃO;UNIÃO
109;159;Deputado Estadual;44190;SARGENTO REGINAURO;1;UNIÃO;UNIÃO
109;159;Deputado Estadual;44777;FIRMO CAMURÇA;2;UNIÃO;UNIÃO
109;159;Deputado Estadual;44888;DR. OSCAR RODRIGUES;1;UNIÃO;UNIÃO
109;159;Deputado Estadual;50200;JHONNY;1;PSOL;(PSOL/REDE)
109;159;Deputado Estadual;55333;SIMÃO PEDRO;1;PSD;PSD
109;159;Deputado Estadual;55555;GABRIELLA AGUIAR;1;PSD;PSD
109;159;Deputado Estadual;70000;TAM DE OLIVEIRA;2;AVANTE;AVANTE
109;159;Deputado Estadual;70123;TOMAZ HOLANDA;6;AVANTE;AVANTE
109;159;Deputado Estadual;12;LEGENDA PDT;2;PDT;PDT
109;159;Deputado Estadual;13;LEGENDA PT;3;PT;PT
109;159;Deputado Estadual;95;BRANCOS;10;;
109;159;Deputado Estadual;96;NULOS;7;;
109;160;Presidente;12;CIRO GOMES;9;PDT;PDT
109;160;Presidente;13;LULA;199;PT;(PT/PC do B/PV), SOLIDARIEDADE, (PSOL/REDE), PSB, AGIR, AVANTE, PROS
109;160;Presidente;14;PADRE KELMON;1;PTB;PTB
109;160;Presidente;15;SIMONE TEBET;3;MDB;MDB, (PSDB/CIDADANIA), PODE
109;160;Presidente;22;JAIR BOLSONARO;58;PL;PP, REPUBLICANOS, PL
109;160;Presidente;95;BRANCOS;6;;
109;160;Presidente;96;NULOS;7;;
109;160;Governador;12;ROBERTO CLÁUDIO;31;PDT;PMN, PATRIOTA, AGIR, PMB, PDT, PSD, PSB, PSC, DC
109;160;Governador;13;ELMANO DE FREITAS;159;PT;(PT/PC do B/PV), PP, MDB, PRTB, (PSOL/REDE), SOLIDARIEDADE
109;160;Governador;44;CAPITÃO WAGNER;69;UNIÃO;PODE, AVANTE, PL, REPUBLICANOS, PTB, PROS, UNIÃO
109;160;Governador;95;BRANCOS;9;;
109;160;Governador;96;NULOS;15;;
109;160;Senador;131;CAMILO;172;PT;(PT/PC do B/PV), MDB, PRTB, (PSOL/REDE), SOLIDARIEDADE, PP
109;160;Senador;555;ERIKA AMORIM;27;PSD;PSB, AGIR, DC, PMB, PDT, PSD, PMN, PATRIOTA, PSC
109;160;Senador;700;KAMILA CARDOSO;49;AVANTE;AVANTE, UNIÃO, PTB, REPUBLICANOS, PROS, PL, PODE
109;160;Senador;95;BRANCOS;13;;
109;160;Senador;96;NULOS;22;;
109;160;Deputado Federal;1000;BISPA VANESSA LIMA;2;REPUBLICANOS;REPUBLICANOS
109;160;Deputado Federal;1016;PR RODRIGO MATOS;1;REPUBLICANOS;REPUBLICANOS
109;160;Deputado Federal;1111;AJ ALBUQUERQUE;2;PP;PP
109;160;Deputado Federal;1212;LEÔNIDAS CRISTINO;1;PDT;PDT
109;160;Deputado Federal;1213;IDILVAN;2;PDT;PDT
109;160;Deputado Federal;1214;EDUARDO BISMARCK;20;PDT;PDT
109;160;Deputado Federal;1221;MAURO FILHO;1;PDT;PDT
109;160;Deputado Federal;1233;ROBÉRIO MONTEIRO;3;PDT;PDT
109;160;Deputado Federal;1292;ENFERMEIRA ANA PAULA;1;PDT;PDT
109;160;Deputado Federal;1311;LOURDINHA FELIX;1;PT;(PT/PC do B/PV)
109;160;Deputado Federal;1313;LUIZIANNE LINS;16;PT;(PT/PC do B/PV)
109;160;Deputado Federal;1331;LEDA VASCONCELOS;1;PT;(PT/PC do B/PV)
109;160;Deputado Federal;1512;NEUSA DO FREI DAMIÃO;1;MDB;MDB
109;160;Deputado Federal;1522;NELINHO;1;MDB;MDB
109;160;Deputado Federal;1533;EUNÍCIO;47;MDB;MDB
109;160;Deputado Federal;2200;DRA. MAYRA PINHEIRO;2;PL;PL
109;160;Deputado Federal;2210;CORONEL AGINALDO;1;PL;PL
109;160;Deputado Federal;2222;ANDRÉ FERNANDES;2;PL;PL
109;160;Deputado Federal;2233;GORETE PEREIRA;3;PL;PL
109;160;Deputado Federal;2277;DR JAZIEL;9;PL;PL
109;160;Deputado Federal;2288;PRISCILA COSTA;1;PL;PL
109;160;Deputado Federal;2299;MATHEUS NORONHA;8;PL;PL
109;160;Deputado Federal;4000;DENIS BEZERRA;2;PSB;PSB
109;160;Deputado Federal;4410;CARLOS MATOS;1;UNIÃO;UNIÃO
109;160;Deputado Federal;4411;VANDERLAN ALVES;6;UNIÃO;UNIÃO
109;160;Deputado Federal;4444;HEITOR FREIRE;3;UNIÃO;UNIÃO
109;160;Deputado Federal;4445;DAMIÃO TENORIO;4;UNIÃO;UNIÃO
109;160;Deputado Federal;4447;DANILO FORTE;4;UNIÃO;UNIÃO
109;160;Deputado Federal;4456;DAYANY DO CAPITÃO;4;UNIÃO;UNIÃO
109;160;Deputado Federal;4477;FERNANDA PESSOA;3;UNIÃO;UNIÃO
109;160;Deputado Federal;5511;CÉLIO STUDART;1;PSD;PSD
109;160;Deputado Federal;5533;LUIZ GASTÃO;4;PSD;PSD
109;160;Deputado Federal;5555;DOMINGOS NETO;108;PSD;PSD
109;160;Deputado Federal;6565;INÁCIO ARRUDA;4;PC do B;(PT/PC do B/PV)
109;160;Deputado Federal;12;LEGENDA PDT;1;PDT;PDT
109;160;Deputado Federal;13;LEGENDA PT;3;PT;PT
109;160;Deputado Federal;55;LEGENDA PSD;2;PSD;PSD
109;160;Deputado Federal;65;LEGENDA PC do B;1;PC do B;PC do B
109;160;Deputado Federal;95;BRANCOS;4;;
109;160;Deputado Federal;96;NULOS;2;;
109;160;Deputado Estadual;10000;APÓSTOLO LUIZ HENRIQUE;2;REPUBLICANOS;REPUBLICANOS
109;160;Deputado Estadual;10122;APÓSTOLO CARLOS BRUNILDO;1;REPUBLICANOS;REPUBLICANOS
109;160;Deputado Estadual;11111;ZEZINHO ALBUQUERQUE;8;PP;PP
109;160;Deputado Estadual;11113;ALMIR BIÉ;5;PP;PP
109;160;Deputado Estadual;11444;LEONARDO PINHEIRO;4;PP;PP
109;160;Deputado Estadual;12123;CLÁUDIO PINHO;71;PDT;PDT
109;160;Deputado Estadual;12127;HELAINE COELHO;26;PDT;PDT
109;160;Deputado Estadual;12456;ROMEU ALDIGUERI;1;PDT;PDT
109;160;Deputado Estadual;13123;MISSIAS DO MST;1;PT;(PT/PC do B/PV)
109;160;Deputado Estadual;13132;ACRISIO SENA;8;PT;(PT/PC do B/PV)
109;160;Deputado Estadual;13133;LARISSA GASPAR;1;PT;(PT/PC do B/PV)
109;160;Deputado Estadual;13258;JÔ FARIAS;1;PT;(PT/PC do B/PV)
109;160;Deputado Estadual;13777;NIZO;1;PT;(PT/PC do B/PV)
109;160;Deputado Estadual;13789;JULINHO;5;PT;(PT/PC do B/PV)
109;160;Deputado Estadual;14190;WESCLEY OLIVEIRA;1;PTB;PTB
109;160;Deputado Estadual;15331;CLAUDIA HELENA;1;MDB;MDB
109;160;Deputado Estadual;15888;AGENOR NETO;1;MDB;MDB
109;160;Deputado Estadual;22222;PR.ALCIDES FERNANDES;1;PL;PL
109;160;Deputado Estadual;22555;MARTA GONÇALVES;75;PL;PL
109;160;Deputado Estadual;22777;DRA SILVANA;11;PL;PL
109;160;Deputado Estadual;44111;FELIPE MOTA;3;UNIÃO;UNIÃO
109;160;Deputado Estadual;44447;ISABELLE MUNGUBA;1;UNIÃO;UNIÃO
109;160;Deputado Estadual;44567;MAGNOLIA ROCHA;4;UNIÃO;UNIÃO
109;160;Deputado Estadual;45000;JORGE PINHEIRO;1;PSDB;(PSDB/CIDADANIA)
109;160;Deputado Estadual;45333;DIEGO BARRETO;1;PSDB;(PSDB/CIDADANIA)
109;160;Deputado Estadual;45555;VIANEY DO VALE;1;PSDB;(PSDB/CIDADANIA)
109;160;Deputado Estadual;55234;DR. LUCÍLVIO GIRÃO;1;PSD;PSD
109;160;Deputado Estadual;55555;GABRIELLA AGUIAR;1;PSD;PSD
109;160;Deputado Estadual;65000;DRA TAÍS MATOS;1;PC do B;(PT/PC do B/PV)
109;160;Deputado Estadual;70222;STUART CASTRO;1;AVANTE;AVANTE
109;160;Deputado Estadual;12;LEGENDA PDT;4;PDT;PDT
109;160;Deputado Estadual;13;LEGENDA PT;16;PT;PT
109;160;Deputado Estadual;15;LEGENDA MDB;2;MDB;MDB
109;160;Deputado Estadual;22;LEGENDA PL;5;PL;PL
109;160;Deputado Estadual;44;LEGENDA UNIÃO;2;UNIÃO;UNIÃO
109;160;Deputado Estadual;55;LEGENDA PSD;3;PSD;PSD
109;160;Deputado Estadual;70;LEGENDA AVANTE;1;AVANTE;AVANTE
109;160;Deputado Estadual;95;BRANCOS;5;;
109;160;Deputado Estadual;96;NULOS;5;;
109;161;Presidente;12;CIRO GOMES;3;PDT;PDT
109;161;Presidente;13;LULA;207;PT;(PT/PC do B/PV), SOLIDARIEDADE, (PSOL/REDE), PSB, AGIR, AVANTE, PROS
109;161;Presidente;15;SIMONE TEBET;4;MDB;MDB, (PSDB/CIDADANIA), PODE
109;161;Presidente;22;JAIR BOLSONARO;75;PL;PP, REPUBLICANOS, PL
109;161;Presidente;44;SORAYA THRONICKE;1;UNIÃO;UNIÃO
109;161;Presidente;95;BRANCOS;2;;
109;161;Presidente;96;NULOS;5;;
109;161;Governador;12;ROBERTO CLÁUDIO;21;PDT;PMN, PATRIOTA, AGIR, PMB, PDT, PSD, PSB, PSC, DC
109;161;Governador;13;ELMANO DE FREITAS;170;PT;(PT/PC do B/PV), PP, MDB, PRTB, (PSOL/REDE), SOLIDARIEDADE
109;161;Governador;21;CHICO MALTA;1;PCB;PCB
109;161;Governador;44;CAPITÃO WAGNER;85;UNIÃO;PODE, AVANTE, PL, REPUBLICANOS, PTB, PROS, UNIÃO
109;161;Governador;95;BRANCOS;5;;
109;161;Governador;96;NULOS;15;;
109;161;Senador;131;CAMILO;189;PT;(PT/PC do B/PV), MDB, PRTB, (PSOL/REDE), SOLIDARIEDADE, PP
109;161;Senador;555;ERIKA AMORIM;22;PSD;PSB, AGIR, DC, PMB, PDT, PSD, PMN, PATRIOTA, PSC
109;161;Senador;700;KAMILA CARDOSO;55;AVANTE;AVANTE, UNIÃO, PTB, REPUBLICANOS, PROS, PL, PODE
109;161;Senador;95;BRANCOS;7;;
109;161;Senador;96;NULOS;24;;
109;161;Deputado Federal;1000;BISPA VANESSA LIMA;5;REPUBLICANOS;REPUBLICANOS
109;161;Deputado Federal;1010;RONALDO MARTINS;1;REPUBLICANOS;REPUBLICANOS
109;161;Deputado Federal;1016;PR RODRIGO MATOS;3;REPUBLICANOS;REPUBLICANOS
109;161;Deputado Federal;1020;ERLAN BASTOS;2;REPUBLICANOS;REPUBLICANOS
109;161;Deputado Federal;1111;AJ ALBUQUERQUE;8;PP;PP
109;161;Deputado Federal;1112;GOMES FARIAS;1;PP;PP
109;161;Deputado Federal;1212;LEÔNIDAS CRISTINO;3;PDT;PDT
109;161;Deputado Federal;1213;IDILVAN;4;PDT;PDT
109;161;Deputado Federal;1214;EDUARDO BISMARCK;17;PDT;PDT
109;161;Deputado Federal;1300;HILTINHO DO CASE;1;PT;(PT/PC do B/PV)
109;161;Deputado Federal;1313;LUIZIANNE LINS;12;PT;(PT/PC do B/PV)
109;161;Deputado Federal;1323;KIM LOPES;1;PT;(PT/PC do B/PV)
109;161;Deputado Federal;1414;BRUNO HOLANDA;1;PTB;PTB
109;161;Deputado Federal;1533;EUNÍCIO;43;MDB;MDB
109;161;Deputado Federal;2200;DRA. MAYRA PINHEIRO;1;PL;PL
109;161;Deputado Federal;2222;ANDRÉ FERNANDES;2;PL;PL
109;161;Deputado Federal;2255;JÚNIOR MANO;2;PL;PL
109;161;Deputado Federal;2277;DR JAZIEL;15;PL;PL
109;161;Deputado Federal;2288;PRISCILA COSTA;2;PL;PL
109;161;Deputado Federal;2299;MATHEUS NORONHA;4;PL;PL
109;161;Deputado Federal;3555;CARLINHOS DO HOSPITAL;1;PMB;PMB
109;161;Deputado Federal;4000;DENIS BEZERRA;4;PSB;PSB
109;161;Deputado Federal;4411;VANDERLAN ALVES;3;UNIÃO;UNIÃO
109;161;Deputado Federal;4422;JULIERME SENA;1;UNIÃO;UNIÃO
109;161;Deputado Federal;4433;DR. AGRIPINO MAGALHÃES;1;UNIÃO;UNIÃO
109;161;Deputado Federal;4444;HEITOR FREIRE;1;UNIÃO;UNIÃO
109;161;Deputado Federal;4445;DAMIÃO TENORIO;2;UNIÃO;UNIÃO
109;161;Deputado Federal;4447;DANILO FORTE;7;UNIÃO;UNIÃO
109;161;Deputado Federal;4456;DAYANY DO CAPITÃO;1;UNIÃO;UNIÃO
109;161;Deputado Federal;4477;FERNANDA PESSOA;5;UNIÃO;UNIÃO
109;161;Deputado Federal;5533;LUIZ GASTÃO;1;PSD;PSD
109;161;Deputado Federal;5555;DOMINGOS NETO;112;PSD;PSD
109;161;Deputado Federal;5588;ELIANE BRAZ;2;PSD;PSD
109;161;Deputado Federal;6565;INÁCIO ARRUDA;1;PC do B;(PT/PC do B/PV)
109;161;Deputado Federal;11;LEGENDA PP;1;PP;PP
109;161;Deputado Federal;12;LEGENDA PDT;1;PDT;PDT
109;161;Deputado Federal;13;LEGENDA PT;4;PT;PT
109;161;Deputado Federal;15;LEGENDA MDB;1;MDB;MDB
109;161;Deputado Federal;22;LEGENDA PL;1;PL;PL
109;161;Deputado Federal;55;LEGENDA PSD;1;PSD;PSD
109;161;Deputado Federal;95;BRANCOS;9;;
109;161;Deputado Federal;96;NULOS;9;;
109;161;Deputado Estadual;10000;APÓSTOLO LUIZ HENRIQUE;4;REPUBLICANOS;REPUBLICANOS
109;161;Deputado Estadual;10001;JUAN BRILHANTE;1;REPUBLICANOS;REPUBLICANOS
109;161;Deputado Estadual;10123;DAVID DURAND;1;REPUBLICANOS;REPUBLICANOS
109;161;Deputado Estadual;11111;ZEZINHO ALBUQUERQUE;4;PP;PP
109;161;Deputado Estadual;11113;ALMIR BIÉ;3;PP;PP
109;161;Deputado Estadual;11444;LEONARDO PINHEIRO;3;PP;PP
109;161;Deputado Estadual;12111;ANTONIO HENRIQUE;1;PDT;PDT
109;161;Deputado Estadual;12112;VANESSA VENÂNCIO;1;PDT;PDT
109;161;Deputado Estadual;12123;CLÁUDIO PINHO;63;PDT;PDT
109;161;Deputado Estadual;12127;HELAINE COELHO;21;PDT;PDT
109;161;Deputado Estadual;12600;TIN GOMES;1;PDT;PDT
109;161;Deputado Estadual;13132;ACRISIO SENA;13;PT;(PT/PC do B/PV)
109;161;Deputado Estadual;13333;MOISES BRAZ;1;PT;(PT/PC do B/PV)
109;161;Deputado Estadual;13777;NIZO;2;PT;(PT/PC do B/PV)
109;161;Deputado Estadual;15115;CARLOS BANDEIRA;1;MDB;MDB
109;161;Deputado Estadual;15123;AUDIC MOTA;1;MDB;MDB
109;161;Deputado Estadual;22222;PR.ALCIDES FERNANDES;2;PL;PL
109;161;Deputado Estadual;22555;MARTA GONÇALVES;88;PL;PL
109;161;Deputado Estadual;22777;DRA SILVANA;15;PL;PL
109;161;Deputado Estadual;33777;PASTOR FLÁVIO SANTOS;1;PMN;PMN
109;161;Deputado Estadual;44111;FELIPE MOTA;2;UNIÃO;UNIÃO
109;161;Deputado Estadual;44447;ISABELLE MUNGUBA;3;UNIÃO;UNIÃO
109;161;Deputado Estadual;44567;MAGNOLIA ROCHA;8;UNIÃO;UNIÃO
109;161;Deputado Estadual;44777;FIRMO CAMURÇA;4;UNIÃO;UNIÃO
109;161;Deputado Estadual;45123;EMILIA PESSOA;2;PSDB;(PSDB/CIDADANIA)
109;161;Deputado Estadual;45333;DIEGO BARRETO;1;PSDB;(PSDB/CIDADANIA)
109;161;Deputado Estadual;45777;MARIA DO POVO;1;PSDB;(PSDB/CIDADANIA)
109;161;Deputado Estadual;55555;GABRIELLA AGUIAR;1;PSD;PSD
109;161;Deputado Estadual;70000;TAM DE OLIVEIRA;1;AVANTE;AVANTE
109;161;Deputado Estadual;11;LEGENDA PP;2;PP;PP
109;161;Deputado Estadual;12;LEGENDA PDT;7;PDT;PDT
109;161;Deputado Estadual;13;LEGENDA PT;19;PT;PT
109;161;Deputado Estadual;22;LEGENDA PL;1;PL;PL
109;161;Deputado Estadual;55;LEGENDA PSD;5;PSD;PSD
109;161;Deputado Estadual;70;LEGENDA AVANTE;1;AVANTE;AVANTE
109;161;Deputado Estadual;95;BRANCOS;7;;
109;161;Deputado Estadual;96;NULOS;5;;
109;162;Presidente;12;CIRO GOMES;7;PDT;PDT
109;162;Presidente;13;LULA;206;PT;(PT/PC do B/PV), SOLIDARIEDADE, (PSOL/REDE), PSB, AGIR, AVANTE, PROS
109;162;Presidente;15;SIMONE TEBET;1;MDB;MDB, (PSDB/CIDADANIA), PODE
109;162;Presidente;22;JAIR BOLSONARO;90;PL;PP, REPUBLICANOS, PL
109;162;Presidente;44;SORAYA THRONICKE;3;UNIÃO;UNIÃO
109;162;Presidente;95;BRANCOS;3;;
109;162;Presidente;96;NULOS;8;;
109;162;Governador;12;ROBERTO CLÁUDIO;32;PDT;PMN, PATRIOTA, AGIR, PMB, PDT, PSD, PSB, PSC, DC
109;162;Governador;13;ELMANO DE FREITAS;176;PT;(PT/PC do B/PV), PP, MDB, PRTB, (PSOL/REDE), SOLIDARIEDADE
109;162;Governador;44;CAPITÃO WAGNER;83;UNIÃO;PODE, AVANTE, PL, REPUBLICANOS, PTB, PROS, UNIÃO
109;162;Governador;95;BRANCOS;7;;
109;162;Governador;96;NULOS;20;;
109;162;Senador;131;CAMILO;173;PT;(PT/PC do B/PV), MDB, PRTB, (PSOL/REDE), SOLIDARIEDADE, PP
109;162;Senador;555;ERIKA AMORIM;28;PSD;PSB, AGIR, DC, PMB, PDT, PSD, PMN, PATRIOTA, PSC
109;162;Senador;700;KAMILA CARDOSO;72;AVANTE;AVANTE, UNIÃO, PTB, REPUBLICANOS, PROS, PL, PODE
109;162;Senador;95;BRANCOS;11;;
109;162;Senador;96;NULOS;34;;
109;162;Deputado Federal;1010;RONALDO MARTINS;5;REPUBLICANOS;REPUBLICANOS
109;162;Deputado Federal;1016;PR RODRIGO MATOS;7;REPUBLICANOS;REPUBLICANOS
109;162;Deputado Federal;1023;PASTOR ABRAÃO;1;REPUBLICANOS;REPUBLICANOS
109;162;Deputado Federal;1111;AJ ALBUQUERQUE;9;PP;PP
109;162;Deputado Federal;1212;LEÔNIDAS CRISTINO;7;PDT;PDT
109;162;Deputado Federal;1213;IDILVAN;7;PDT;PDT
109;162;Deputado Federal;1214;EDUARDO BISMARCK;16;PDT;PDT
109;162;Deputado Federal;1233;ROBÉRIO MONTEIRO;1;PDT;PDT
109;162;Deputado Federal;1292;ENFERMEIRA ANA PAULA;1;PDT;PDT
109;162;Deputado Federal;1313;LUIZIANNE LINS;9;PT;(PT/PC do B/PV)
109;162;Deputado Federal;1333;JOSE AIRTON;1;PT;(PT/PC do B/PV)
109;162;Deputado Federal;1533;EUNÍCIO;62;MDB;MDB
109;162;Deputado Federal;1933;DIANA MARINHO;1;PODE;PODE
109;162;Deputado Federal;2100;EDIVANIA VIEIRA;1;PCB;PCB
109;162;Deputado Federal;2200;DRA. MAYRA PINHEIRO;1;PL;PL
109;162;Deputado Federal;2201;DELEGADO CAVALCANTE;2;PL;PL
109;162;Deputado Federal;2210;CORONEL AGINALDO;1;PL;PL
109;162;Deputado Federal;2211;YURY DO PAREDÃO;2;PL;PL
109;162;Deputado Federal;2222;ANDRÉ FERNANDES;5;PL;PL
109;162;Deputado Federal;2244;TADEU OLIVEIRA;1;PL;PL
109;162;Deputado Federal;2255;JÚNIOR MANO;3;PL;PL
109;162;Deputado Federal;2277;DR JAZIEL;16;PL;PL
109;162;Deputado Federal;2288;PRISCILA COSTA;2;PL;PL
109;162;Deputado Federal;2299;MATHEUS NORONHA;6;PL;PL
109;162;Deputado Federal;3000;SAMUEL LIMA;1;NOVO;NOVO
109;162;Deputado Federal;4000;DENIS BEZERRA;1;PSB;PSB
109;162;Deputado Federal;4410;CARLOS MATOS;2;UNIÃO;UNIÃO
109;162;Deputado Federal;4411;VANDERLAN ALVES;2;UNIÃO;UNIÃO
109;162;Deputado Federal;4422;JULIERME SENA;2;UNIÃO;UNIÃO
109;162;Deputado Federal;4433;DR. AGRIPINO MAGALHÃES;1;UNIÃO;UNIÃO
109;162;Deputado Federal;4444;HEITOR FREIRE;2;UNIÃO;UNIÃO
109;162;Deputado Federal;4445;DAMIÃO TENORIO;3;UNIÃO;UNIÃO
109;162;Deputado Federal;4447;DANILO FORTE;4;UNIÃO;UNIÃO
109;162;Deputado Federal;4456;DAYANY DO CAPITÃO;2;UNIÃO;UNIÃO
109;162;Deputado Federal;4477;FERNANDA PESSOA;4;UNIÃO;UNIÃO
109;162;Deputado Federal;5533;LUIZ GASTÃO;4;PSD;PSD
109;162;Deputado Federal;5555;DOMINGOS NETO;95;PSD;PSD
109;162;Deputado Federal;5588;ELIANE BRAZ;5;PSD;PSD
109;162;Deputado Federal;7011;DR MARCOS;1;AVANTE;AVANTE
109;162;Deputado Federal;12;LEGENDA PDT;1;PDT;PDT
109;162;Deputado Federal;13;LEGENDA PT;5;PT;PT
109;162;Deputado Federal;15;LEGENDA MDB;1;MDB;MDB
109;162;Deputado Federal;55;LEGENDA PSD;1;PSD;PSD
109;162;Deputado Federal;65;LEGENDA PC do B;1;PC do B;PC do B
109;162;Deputado Federal;95;BRANCOS;7;;
109;162;Deputado Federal;96;NULOS;6;;
109;162;Deputado Estadual;10000;APÓSTOLO LUIZ HENRIQUE;3;REPUBLICANOS;REPUBLICANOS
109;162;Deputado Estadual;10123;DAVID DURAND;3;REPUBLICANOS;REPUBLICANOS
109;162;Deputado Estadual;11111;ZEZINHO ALBUQUERQUE;8;PP;PP
109;162;Deputado Estadual;11113;ALMIR BIÉ;2;PP;PP
109;162;Deputado Estadual;11444;LEONARDO PINHEIRO;3;PP;PP
109;162;Deputado Estadual;11999;MOÉSIO LOIOLA;1;PP;PP
109;162;Deputado Estadual;12000;EVANDRO LEITÃO;1;PDT;PDT
109;162;Deputado Estadual;12123;CLÁUDIO PINHO;74;PDT;PDT
109;162;Deputado Estadual;12127;HELAINE COELHO;28;PDT;PDT
109;162;Deputado Estadual;12456;ROMEU ALDIGUERI;1;PDT;PDT
109;162;Deputado Estadual;13123;MISSIAS DO MST;2;PT;(PT/PC do B/PV)
109;162;Deputado Estadual;13132;ACRISIO SENA;3;PT;(PT/PC do B/PV)
109;162;Deputado Estadual;13333;MOISES BRAZ;1;PT;(PT/PC do B/PV)
109;162;Deputado Estadual;13777;NIZO;3;PT;(PT/PC do B/PV)
109;162;Deputado Estadual;13789;JULINHO;1;PT;(PT/PC do B/PV)
109;162;Deputado Estadual;14122;CANTORA ANA FIGUEIREDO;1;PTB;PTB
109;162;Deputado Estadual;15115;CARLOS BANDEIRA;2;MDB;MDB
109;162;Deputado Estadual;15333;DANNIEL OLIVEIRA;1;MDB;MDB
109;162;Deputado Estadual;15888;AGENOR NETO;1;MDB;MDB
109;162;Deputado Estadual;22000;DR EDMAR FERNADES;1;PL;PL
109;162;Deputado Estadual;22022;CARMELO NETO;4;PL;PL
109;162;Deputado Estadual;22222;PR.ALCIDES FERNANDES;3;PL;PL
109;162;Deputado Estadual;22345;SIMONE MATIAS;1;PL;PL
109;162;Deputado Estadual;22555;MARTA GONÇALVES;75;PL;PL
109;162;Deputado Estadual;22777;DRA SILVANA;14;PL;PL
109;162;Deputado Estadual;23192;MARTINHA - A SAÚDE RESISTE;1;CIDADANIA;(PSDB/CIDADANIA)
109;162;Deputado Estadual;30000;DR. ISAQUE RABELO;2;NOVO;NOVO
109;162;Deputado Estadual;33000;GABRIEL SABOIA;1;PMN;PMN
109;162;Deputado Estadual;33777;PASTOR FLÁVIO SANTOS;1;PMN;PMN
109;162;Deputado Estadual;43111;ERON;1;PV;(PT/PC do B/PV)
109;162;Deputado Estadual;43640;WALTER CAVALCANTE;1;PV;(PT/PC do B/PV)
109;162;Deputado Estadual;44111;FELIPE MOTA;5;UNIÃO;UNIÃO
109;162;Deputado Estadual;44447;ISABELLE MUNGUBA;3;UNIÃO;UNIÃO
109;162;Deputado Estadual;44567;MAGNOLIA ROCHA;4;UNIÃO;UNIÃO
109;162;Deputado Estadual;44777;FIRMO CAMURÇA;2;UNIÃO;UNIÃO
109;162;Deputado Estadual;44888;DR. OSCAR RODRIGUES;1;UNIÃO;UNIÃO
109;162;Deputado Estadual;45000;JORGE PINHEIRO;2;PSDB;(PSDB/CIDADANIA)
109;162;Deputado Estadual;45333;DIEGO BARRETO;2;PSDB;(PSDB/CIDADANIA)
109;162;Deputado Estadual;55234;DR. LUCÍLVIO GIRÃO;1;PSD;PSD
109;162;Deputado Estadual;55888;KEIVIA DIAS;1;PSD;PSD
109;162;Deputado Estadual;70007;DANILO LOPES;1;AVANTE;AVANTE
109;162;Deputado Estadual;70070;ALBERTO LIMA;1;AVANTE;AVANTE
109;162;Deputado Estadual;80180;SARAH PRETA SIMOA;1;UP;UP
109;162;Deputado Estadual;11;LEGENDA PP;1;PP;PP
109;162;Deputado Estadual;12;LEGENDA PDT;3;PDT;PDT
109;162;Deputado Estadual;13;LEGENDA PT;11;PT;PT
109;162;Deputado Estadual;15;LEGENDA MDB;1;MDB;MDB
109;162;Deputado Estadual;22;LEGENDA PL;3;PL;PL
109;162;Deputado Estadual;44;LEGENDA UNIÃO;1;UNIÃO;UNIÃO
109;162;Deputado Estadual;55;LEGENDA PSD;9;PSD;PSD
109;162;Deputado Estadual;70;LEGENDA AVANTE;2;AVANTE;AVANTE
109;162;Deputado Estadual;95;BRANCOS;11;;
109;162;Deputado Estadual;96;NULOS;8;;
109;163;Presidente;12;CIRO GOMES;10;PDT;PDT
109;163;Presidente;13;LULA;169;PT;(PT/PC do B/PV), SOLIDARIEDADE, (PSOL/REDE), PSB, AGIR, AVANTE, PROS
109;163;Presidente;15;SIMONE TEBET;6;MDB;MDB, (PSDB/CIDADANIA), PODE
109;163;Presidente;22;JAIR BOLSONARO;96;PL;PP, REPUBLICANOS, PL
109;163;Presidente;30;FELIPE D'AVILA;1;NOVO;NOVO
109;163;Presidente;44;SORAYA THRONICKE;1;UNIÃO;UNIÃO
109;163;Presidente;95;BRANCOS;5;;
109;163;Presidente;96;NULOS;7;;
109;163;Governador;12;ROBERTO CLÁUDIO;11;PDT;PMN, PATRIOTA, AGIR, PMB, PDT, PSD, PSB, PSC, DC
109;163;Governador;13;ELMANO DE FREITAS;130;PT;(PT/PC do B/PV), PP, MDB, PRTB, (PSOL/REDE), SOLIDARIEDADE
109;163;Governador;44;CAPITÃO WAGNER;131;UNIÃO;PODE, AVANTE, PL, REPUBLICANOS, PTB, PROS, UNIÃO
109;163;Governador;95;BRANCOS;3;;
109;163;Governador;96;NULOS;20;;
109;163;Senador;131;CAMILO;160;PT;(PT/PC do B/PV), MDB, PRTB, (PSOL/REDE), SOLIDARIEDADE, PP
109;163;Senador;160;CARLOS SILVA;1;PSTU;PSTU
109;163;Senador;555;ERIKA AMORIM;5;PSD;PSB, AGIR, DC, PMB, PDT, PSD, PMN, PATRIOTA, PSC
109;163;Senador;700;KAMILA CARDOSO;88;AVANTE;AVANTE, UNIÃO, PTB, REPUBLICANOS, PROS, PL, PODE
109;163;Senador;95;BRANCOS;10;;
109;163;Senador;96;NULOS;31;;
109;163;Deputado Federal;1012;DR FELIPE MONTEIRO;1;REPUBLICANOS;REPUBLICANOS
109;163;Deputado Federal;1020;ERLAN BASTOS;1;REPUBLICANOS;REPUBLICANOS
109;163;Deputado Federal;1023;PASTOR ABRAÃO;1;REPUBLICANOS;REPUBLICANOS
109;163;Deputado Federal;1111;AJ ALBUQUERQUE;2;PP;PP
109;163;Deputado Federal;1213;IDILVAN;21;PDT;PDT
109;163;Deputado Federal;1214;EDUARDO BISMARCK;13;PDT;PDT
109;163;Deputado Federal;1215;FLÁVIO VAZ;1;PDT;PDT
109;163;Deputado Federal;1221;MAURO FILHO;1;PDT;PDT
109;163;Deputado Federal;1233;ROBÉRIO MONTEIRO;2;PDT;PDT
109;163;Deputado Federal;1277;ADAIL JR;1;PDT;PDT
109;163;Deputado Federal;1313;LUIZIANNE LINS;8;PT;(PT/PC do B/PV)
109;163;Deputado Federal;1322;GUIMARÃES DO PT;3;PT;(PT/PC do B/PV)
109;163;Deputado Federal;1331;LEDA VASCONCELOS;1;PT;(PT/PC do B/PV)
109;163;Deputado Federal;1533;EUNÍCIO;7;MDB;MDB
109;163;Deputado Federal;2200;DRA. MAYRA PINHEIRO;2;PL;PL
109;163;Deputado Federal;2210;CORONEL AGINALDO;2;PL;PL
109;163;Deputado Federal;2222;ANDRÉ FERNANDES;15;PL;PL
109;163;Deputado Federal;2244;TADEU OLIVEIRA;1;PL;PL
109;163;Deputado Federal;2255;JÚNIOR MANO;1;PL;PL
109;163;Deputado Federal;2256;CHIMBINHA CEARENSE;1;PL;PL
109;163;Deputado Federal;2277;DR JAZIEL;6;PL;PL
109;163;Deputado Federal;2299;MATHEUS NORONHA;5;PL;PL
109;163;Deputado Federal;4411;VANDERLAN ALVES;1;UNIÃO;UNIÃO
109;163;Deputado Federal;4433;DR. AGRIPINO MAGALHÃES;23;UNIÃO;UNIÃO
109;163;Deputado Federal;4444;HEITOR FREIRE;4;UNIÃO;UNIÃO
109;163;Deputado Federal;4445;DAMIÃO TENORIO;1;UNIÃO;UNIÃO
109;163;Deputado Federal;4447;DANILO FORTE;8;UNIÃO;UNIÃO
109;163;Deputado Federal;4456;DAYANY DO CAPITÃO;2;UNIÃO;UNIÃO
109;163;Deputado Federal;4477;FERNANDA PESSOA;4;UNIÃO;UNIÃO
109;163;Deputado Federal;4488;MOSES RODRIGUES;11;UNIÃO;UNIÃO
109;163;Deputado Federal;4512;SARGENTO GERSON;2;PSDB;(PSDB/CIDADANIA)
109;163;Deputado Federal;5055;GABRIEL BIOLOGIA;1;PSOL;(PSOL/REDE)
109;163;Deputado Federal;5511;CÉLIO STUDART;4;PSD;PSD
109;163;Deputado Federal;5533;LUIZ GASTÃO;5;PSD;PSD
109;163;Deputado Federal;5555;DOMINGOS NETO;108;PSD;PSD
109;163;Deputado Federal;5588;ELIANE BRAZ;2;PSD;PSD
109;163;Deputado Federal;6565;INÁCIO ARRUDA;1;PC do B;(PT/PC do B/PV)
109;163;Deputado Federal;13;LEGENDA PT;3;PT;PT
109;163;Deputado Federal;22;LEGENDA PL;1;PL;PL
109;163;Deputado Federal;33;LEGENDA PMN;1;PMN;PMN
109;163;Deputado Federal;70;LEGENDA AVANTE;1;AVANTE;AVANTE
109;163;Deputado Federal;95;BRANCOS;10;;
109;163;Deputado Federal;96;NULOS;6;;
109;163;Deputado Estadual;10123;DAVID DURAND;1;REPUBLICANOS;REPUBLICANOS
109;163;Deputado Estadual;11000;JOÃO JAIME;1;PP;PP
109;163;Deputado Estadual;11111;ZEZINHO ALBUQUERQUE;1;PP;PP
109;163;Deputado Estadual;11113;ALMIR BIÉ;10;PP;PP
109;163;Deputado Estadual;11444;LEONARDO PINHEIRO;7;PP;PP
109;163;Deputado Estadual;11999;MOÉSIO LOIOLA;1;PP;PP
109;163;Deputado Estadual;12123;CLÁUDIO PINHO;7;PDT;PDT
109;163;Deputado Estadual;12127;HELAINE COELHO;45;PDT;PDT
109;163;Deputado Estadual;13123;MISSIAS DO MST;1;PT;(PT/PC do B/PV)
109;163;Deputado Estadual;13132;ACRISIO SENA;9;PT;(PT/PC do B/PV)
109;163;Deputado Estadual;13258;JÔ FARIAS;2;PT;(PT/PC do B/PV)
109;163;Deputado Estadual;13333;MOISES BRAZ;5;PT;(PT/PC do B/PV)
109;163;Deputado Estadual;13777;NIZO;5;PT;(PT/PC do B/PV)
109;163;Deputado Estadual;13789;JULINHO;2;PT;(PT/PC do B/PV)
109;163;Deputado Estadual;15115;CARLOS BANDEIRA;1;MDB;MDB
109;163;Deputado Estadual;15123;AUDIC MOTA;1;MDB;MDB
109;163;Deputado Estadual;15333;DANNIEL OLIVEIRA;2;MDB;MDB
109;163;Deputado Estadual;15888;AGENOR NETO;2;MDB;MDB
109;163;Deputado Estadual;22010;BEZERRA DE MENESES;2;PL;PL
109;163;Deputado Estadual;22022;CARMELO NETO;4;PL;PL
109;163;Deputado Estadual;22222;PR.ALCIDES FERNANDES;3;PL;PL
109;163;Deputado Estadual;22555;MARTA GONÇALVES;104;PL;PL
109;163;Deputado Estadual;22777;DRA SILVANA;5;PL;PL
109;163;Deputado Estadual;33123;ALCY PINHEIRO;1;PMN;PMN
109;163;Deputado Estadual;44190;SARGENTO REGINAURO;1;UNIÃO;UNIÃO
109;163;Deputado Estadual;44567;MAGNOLIA ROCHA;5;UNIÃO;UNIÃO
109;163;Deputado Estadual;44777;FIRMO CAMURÇA;4;UNIÃO;UNIÃO
109;163;Deputado Estadual;44888;DR. OSCAR RODRIGUES;9;UNIÃO;UNIÃO
109;163;Deputado Estadual;45000;JORGE PINHEIRO;3;PSDB;(PSDB/CIDADANIA)
109;163;Deputado Estadual;45123;EMILIA PESSOA;2;PSDB;(PSDB/CIDADANIA)
109;163;Deputado Estadual;55011;APOLLO VICZ;1;PSD;PSD
109;163;Deputado Estadual;55555;GABRIELLA AGUIAR;1;PSD;PSD
109;163;Deputado Estadual;65234;CACIKA IRÊ;1;PC do B;(PT/PC do B/PV)
109;163;Deputado Estadual;70000;TAM DE OLIVEIRA;2;AVANTE;AVANTE
109;163;Deputado Estadual;70111;AUGUSTO ARAGÃO;1;AVANTE;AVANTE
109;163;Deputado Estadual;70123;TOMAZ HOLANDA;6;AVANTE;AVANTE
109;163;Deputado Estadual;70190;SARGENTO DOUGLAS;2;AVANTE;AVANTE
109;163;Deputado Estadual;70222;STUART CASTRO;1;AVANTE;AVANTE
109;163;Deputado Estadual;70321;DANIEL BORGES;2;AVANTE;AVANTE
109;163;Deputado Estadual;12;LEGENDA PDT;5;PDT;PDT
109;163;Deputado Estadual;13;LEGENDA PT;5;PT;PT
109;163;Deputado Estadual;14;LEGENDA PTB;1;PTB;PTB
109;163;Deputado Estadual;22;LEGENDA PL;1;PL;PL
109;163;Deputado Estadual;44;LEGENDA UNIÃO;1;UNIÃO;UNIÃO
109;163;Deputado Estadual;45;LEGENDA PSDB;1;PSDB;PSDB
109;163;Deputado Estadual;55;LEGENDA PSD;5;PSD;PSD
109;163;Deputado Estadual;70;LEGENDA AVANTE;1;AVANTE;AVANTE
109;163;Deputado Estadual;95;BRANCOS;8;;
109;163;Deputado Estadual;96;NULOS;4;;
109;164;Presidente;12;CIRO GOMES;21;PDT;PDT
109;164;Presidente;13;LULA;185;PT;(PT/PC do B/PV), SOLIDARIEDADE, (PSOL/REDE), PSB, AGIR, AVANTE, PROS
109;164;Presidente;22;JAIR BOLSONARO;71;PL;PP, REPUBLICANOS, PL
109;164;Presidente;44;SORAYA THRONICKE;2;UNIÃO;UNIÃO
109;164;Presidente;95;BRANCOS;7;;
109;164;Presidente;96;NULOS;4;;
109;164;Governador;12;ROBERTO CLÁUDIO;26;PDT;PMN, PATRIOTA, AGIR, PMB, PDT, PSD, PSB, PSC, DC
109;164;Governador;13;ELMANO DE FREITAS;143;PT;(PT/PC do B/PV), PP, MDB, PRTB, (PSOL/REDE), SOLIDARIEDADE
109;164;Governador;44;CAPITÃO WAGNER;102;UNIÃO;PODE, AVANTE, PL, REPUBLICANOS, PTB, PROS, UNIÃO
109;164;Governador;95;BRANCOS;9;;
109;164;Governador;96;NULOS;10;;
109;164;Senador;131;CAMILO;182;PT;(PT/PC do B/PV), MDB, PRTB, (PSOL/REDE), SOLIDARIEDADE, PP
109;164;Senador;555;ERIKA AMORIM;5;PSD;PSB, AGIR, DC, PMB, PDT, PSD, PMN, PATRIOTA, PSC
109;164;Senador;700;KAMILA CARDOSO;67;AVANTE;AVANTE, UNIÃO, PTB, REPUBLICANOS, PROS, PL, PODE
109;164;Senador;95;BRANCOS;12;;
109;164;Senador;96;NULOS;24;;
109;164;Deputado Federal;1000;BISPA VANESSA LIMA;2;REPUBLICANOS;REPUBLICANOS
109;164;Deputado Federal;1010;RONALDO MARTINS;2;REPUBLICANOS;REPUBLICANOS
109;164;Deputado Federal;1111;AJ ALBUQUERQUE;1;PP;PP
109;164;Deputado Federal;1212;LEÔNIDAS CRISTINO;2;PDT;PDT
109;164;Deputado Federal;1213;IDILVAN;13;PDT;PDT
109;164;Deputado Federal;1214;EDUARDO BISMARCK;15;PDT;PDT
109;164;Deputado Federal;1232;NATÁLIA RIOS;1;PDT;PDT
109;164;Deputado Federal;1233;ROBÉRIO MONTEIRO;3;PDT;PDT
109;164;Deputado Federal;1277;ADAIL JR;1;PDT;PDT
109;164;Deputado Federal;1292;ENFERMEIRA ANA PAULA;2;PDT;PDT
109;164;Deputado Federal;1313;LUIZIANNE LINS;6;PT;(PT/PC do B/PV)
109;164;Deputado Federal;1314;GRAÇA COSTA;3;PT;(PT/PC do B/PV)
109;164;Deputado Federal;1319;PROFª  REJANE PINHEIRO;1;PT;(PT/PC do B/PV)
109;164;Deputado Federal;1470;RAYANA GUERRA;1;PTB;PTB
109;164;Deputado Federal;1533;EUNÍCIO;12;MDB;MDB
109;164;Deputado Federal;2200;DRA. MAYRA PINHEIRO;3;PL;PL
109;164;Deputado Federal;2210;CORONEL AGINALDO;1;PL;PL
109;164;Deputado Federal;2222;ANDRÉ FERNANDES;11;PL;PL
109;164;Deputado Federal;2255;JÚNIOR MANO;1;PL;PL
109;164;Deputado Federal;2277;DR JAZIEL;4;PL;PL
109;164;Deputado Federal;2288;PRISCILA COSTA;2;PL;PL
109;164;Deputado Federal;2299;MATHEUS NORONHA;9;PL;PL
109;164;Deputado Federal;3000;SAMUEL LIMA;1;NOVO;NOVO
109;164;Deputado Federal;4433;DR. AGRIPINO MAGALHÃES;18;UNIÃO;UNIÃO
109;164;Deputado Federal;4441;HELIO FILHO;1;UNIÃO;UNIÃO
109;164;Deputado Federal;4444;HEITOR FREIRE;2;UNIÃO;UNIÃO
109;164;Deputado Federal;4447;DANILO FORTE;5;UNIÃO;UNIÃO
109;164;Deputado Federal;4456;DAYANY DO CAPITÃO;3;UNIÃO;UNIÃO
109;164;Deputado Federal;4477;FERNANDA PESSOA;5;UNIÃO;UNIÃO
109;164;Deputado Federal;4488;MOSES RODRIGUES;3;UNIÃO;UNIÃO
109;164;Deputado Federal;4499;SÂMILA MÃE DO GABRIEL;1;UNIÃO;UNIÃO
109;164;Deputado Federal;4567;DENÍSIO PINHEIRO;1;PSDB;(PSDB/CIDADANIA)
109;164;Deputado Federal;5055;GABRIEL BIOLOGIA;1;PSOL;(PSOL/REDE)
109;164;Deputado Federal;5511;CÉLIO STUDART;2;PSD;PSD
109;164;Deputado Federal;5533;LUIZ GASTÃO;7;PSD;PSD
109;164;Deputado Federal;5555;DOMINGOS NETO;123;PSD;PSD
109;164;Deputado Federal;5588;ELIANE BRAZ;4;PSD;PSD
109;164;Deputado Federal;6565;INÁCIO ARRUDA;1;PC do B;(PT/PC do B/PV)
109;164;Deputado Federal;11;LEGENDA PP;1;PP;PP
109;164;Deputado Federal;12;LEGENDA PDT;2;PDT;PDT
109;164;Deputado Federal;13;LEGENDA PT;1;PT;PT
109;164;Deputado Federal;95;BRANCOS;5;;
109;164;Deputado Federal;96;NULOS;7;;
109;164;Deputado Estadual;10000;APÓSTOLO LUIZ HENRIQUE;3;REPUBLICANOS;REPUBLICANOS
109;164;Deputado Estadual;10123;DAVID DURAND;2;REPUBLICANOS;REPUBLICANOS
109;164;Deputado Estadual;11113;ALMIR BIÉ;9;PP;PP
109;164;Deputado Estadual;11444;LEONARDO PINHEIRO;8;PP;PP
109;164;Deputado Estadual;12000;EVANDRO LEITÃO;1;PDT;PDT
109;164;Deputado Estadual;12123;CLÁUDIO PINHO;5;PDT;PDT
109;164;Deputado Estadual;12127;HELAINE COELHO;38;PDT;PDT
109;164;Deputado Estadual;12333;MARCOS SOBREIRA;1;PDT;PDT
109;164;Deputado Estadual;13131;MARI LACERDA;1;PT;(PT/PC do B/PV)
109;164;Deputado Estadual;13132;ACRISIO SENA;5;PT;(PT/PC do B/PV)
109;164;Deputado Estadual;13133;LARISSA GASPAR;1;PT;(PT/PC do B/PV)
109;164;Deputado Estadual;13258;JÔ FARIAS;2;PT;(PT/PC do B/PV)
109;164;Deputado Estadual;13777;NIZO;6;PT;(PT/PC do B/PV)
109;164;Deputado Estadual;13789;JULINHO;4;PT;(PT/PC do B/PV)
109;164;Deputado Estadual;15333;DANNIEL OLIVEIRA;9;MDB;MDB
109;164;Deputado Estadual;15888;AGENOR NETO;4;MDB;MDB
109;164;Deputado Estadual;22022;CARMELO NETO;4;PL;PL
109;164;Deputado Estadual;22111;PEDRO MATOS;2;PL;PL
109;164;Deputado Estadual;22222;PR.ALCIDES FERNANDES;6;PL;PL
109;164;Deputado Estadual;22380;DUDU DIÓGENES;2;PL;PL
109;164;Deputado Estadual;22555;MARTA GONÇALVES;98;PL;PL
109;164;Deputado Estadual;22556;DAVID PROARMAS;3;PL;PL
109;164;Deputado Estadual;22777;DRA SILVANA;4;PL;PL
109;164;Deputado Estadual;23190;TENENTE DANTAS;1;CIDADANIA;(PSDB/CIDADANIA)
109;164;Deputado Estadual;23192;MARTINHA - A SAÚDE RESISTE;1;CIDADANIA;(PSDB/CIDADANIA)
109;164;Deputado Estadual;30000;DR. ISAQUE RABELO;1;NOVO;NOVO
109;164;Deputado Estadual;44456;CORONEL BEZERRA;1;UNIÃO;UNIÃO
109;164;Deputado Estadual;44567;MAGNOLIA ROCHA;7;UNIÃO;UNIÃO
109;164;Deputado Estadual;44777;FIRMO CAMURÇA;5;UNIÃO;UNIÃO
109;164;Deputado Estadual;44888;DR. OSCAR RODRIGUES;3;UNIÃO;UNIÃO
109;164;Deputado Estadual;45123;EMILIA PESSOA;2;PSDB;(PSDB/CIDADANIA)
109;164;Deputado Estadual;45555;VIANEY DO VALE;1;PSDB;(PSDB/CIDADANIA)
109;164;Deputado Estadual;45999;FERREIRA ARAGÃO;1;PSDB;(PSDB/CIDADANIA)
109;164;Deputado Estadual;55011;APOLLO VICZ;1;PSD;PSD
109;164;Deputado Estadual;55555;GABRIELLA AGUIAR;4;PSD;PSD
109;164;Deputado Estadual;65013;PROFESSOR ANÍZIO;1;PC do B;(PT/PC do B/PV)
109;164;Deputado Estadual;65234;CACIKA IRÊ;1;PC do B;(PT/PC do B/PV)
109;164;Deputado Estadual;70000;TAM DE OLIVEIRA;3;AVANTE;AVANTE
109;164;Deputado Estadual;70007;DANILO LOPES;1;AVANTE;AVANTE
109;164;Deputado Estadual;70070;ALBERTO LIMA;1;AVANTE;AVANTE
109;164;Deputado Estadual;70123;TOMAZ HOLANDA;10;AVANTE;AVANTE
109;164;Deputado Estadual;70321;DANIEL BORGES;1;AVANTE;AVANTE
109;164;Deputado Estadual;12;LEGENDA PDT;2;PDT;PDT
109;164;Deputado Estadual;13;LEGENDA PT;6;PT;PT
109;164;Deputado Estadual;22;LEGENDA PL;1;PL;PL
109;164;Deputado Estadual;44;LEGENDA UNIÃO;1;UNIÃO;UNIÃO
109;164;Deputado Estadual;55;LEGENDA PSD;4;PSD;PSD
109;164;Deputado Estadual;70;LEGENDA AVANTE;1;AVANTE;AVANTE
109;164;Deputado Estadual;95;BRANCOS;7;;
109;164;Deputado Estadual;96;NULOS;4;;
109;165;Presidente;12;CIRO GOMES;16;PDT;PDT
109;165;Presidente;13;LULA;167;PT;(PT/PC do B/PV), SOLIDARIEDADE, (PSOL/REDE), PSB, AGIR, AVANTE, PROS
109;165;Presidente;15;SIMONE TEBET;1;MDB;MDB, (PSDB/CIDADANIA), PODE
109;165;Presidente;22;JAIR BOLSONARO;94;PL;PP, REPUBLICANOS, PL
109;165;Presidente;30;FELIPE D'AVILA;1;NOVO;NOVO
109;165;Presidente;44;SORAYA THRONICKE;2;UNIÃO;UNIÃO
109;165;Presidente;95;BRANCOS;3;;
109;165;Presidente;96;NULOS;2;;
109;165;Governador;12;ROBERTO CLÁUDIO;18;PDT;PMN, PATRIOTA, AGIR, PMB, PDT, PSD, PSB, PSC, DC
109;165;Governador;13;ELMANO DE FREITAS;123;PT;(PT/PC do B/PV), PP, MDB, PRTB, (PSOL/REDE), SOLIDARIEDADE
109;165;Governador;44;CAPITÃO WAGNER;123;UNIÃO;PODE, AVANTE, PL, REPUBLICANOS, PTB, PROS, UNIÃO
109;165;Governador;95;BRANCOS;8;;
109;165;Governador;96;NULOS;14;;
109;165;Senador;131;CAMILO;150;PT;(PT/PC do B/PV), MDB, PRTB, (PSOL/REDE), SOLIDARIEDADE, PP
109;165;Senador;555;ERIKA AMORIM;15;PSD;PSB, AGIR, DC, PMB, PDT, PSD, PMN, PATRIOTA, PSC
109;165;Senador;700;KAMILA CARDOSO;90;AVANTE;AVANTE, UNIÃO, PTB, REPUBLICANOS, PROS, PL, PODE
109;165;Senador;95;BRANCOS;15;;
109;165;Senador;96;NULOS;16;;
109;165;Deputado Federal;1000;BISPA VANESSA LIMA;1;REPUBLICANOS;REPUBLICANOS
109;165;Deputado Federal;1111;AJ ALBUQUERQUE;4;PP;PP
109;165;Deputado Federal;1112;GOMES FARIAS;1;PP;PP
109;165;Deputado Federal;1212;LEÔNIDAS CRISTINO;1;PDT;PDT
109;165;Deputado Federal;1213;IDILVAN;8;PDT;PDT
109;165;Deputado Federal;1214;EDUARDO BISMARCK;24;PDT;PDT
109;165;Deputado Federal;1221;MAURO FILHO;2;PDT;PDT
109;165;Deputado Federal;1233;ROBÉRIO MONTEIRO;4;PDT;PDT
109;165;Deputado Federal;1313;LUIZIANNE LINS;6;PT;(PT/PC do B/PV)
109;165;Deputado Federal;1322;GUIMARÃES DO PT;1;PT;(PT/PC do B/PV)
109;165;Deputado Federal;1323;KIM LOPES;1;PT;(PT/PC do B/PV)
109;165;Deputado Federal;1533;EUNÍCIO;21;MDB;MDB
109;165;Deputado Federal;1580;CÍCERO ANIMAL DAS PISTAS;1;MDB;MDB
109;165;Deputado Federal;2200;DRA. MAYRA PINHEIRO;1;PL;PL
109;165;Deputado Federal;2201;DELEGADO CAVALCANTE;2;PL;PL
109;165;Deputado Federal;2210;CORONEL AGINALDO;1;PL;PL
109;165;Deputado Federal;2211;YURY DO PAREDÃO;2;PL;PL
109;165;Deputado Federal;2222;ANDRÉ FERNANDES;14;PL;PL
109;165;Deputado Federal;2255;JÚNIOR MANO;2;PL;PL
109;165;Deputado Federal;2277;DR JAZIEL;9;PL;PL
109;165;Deputado Federal;2299;MATHEUS NORONHA;36;PL;PL
109;165;Deputado Federal;4012;ALANDERSON MANGUEIRA;1;PSB;PSB
109;165;Deputado Federal;4400;LUIZ CARLOS JR;2;UNIÃO;UNIÃO
109;165;Deputado Federal;4433;DR. AGRIPINO MAGALHÃES;3;UNIÃO;UNIÃO
109;165;Deputado Federal;4445;DAMIÃO TENORIO;1;UNIÃO;UNIÃO
109;165;Deputado Federal;4447;DANILO FORTE;5;UNIÃO;UNIÃO
109;165;Deputado Federal;4456;DAYANY DO CAPITÃO;1;UNIÃO;UNIÃO
109;165;Deputado Federal;4477;FERNANDA PESSOA;5;UNIÃO;UNIÃO
109;165;Deputado Federal;4488;MOSES RODRIGUES;12;UNIÃO;UNIÃO
109;165;Deputado Federal;4490;SOLDADO NOELIO;1;UNIÃO;UNIÃO
109;165;Deputado Federal;4499;SÂMILA MÃE DO GABRIEL;1;UNIÃO;UNIÃO
109;165;Deputado Federal;5511;CÉLIO STUDART;2;PSD;PSD
109;165;Deputado Federal;5533;LUIZ GASTÃO;4;PSD;PSD
109;165;Deputado Federal;5555;DOMINGOS NETO;82;PSD;PSD
109;165;Deputado Federal;5588;ELIANE BRAZ;2;PSD;PSD
109;165;Deputado Federal;6565;INÁCIO ARRUDA;5;PC do B;(PT/PC do B/PV)
109;165;Deputado Federal;7040;CHICO ANTÔNIO;3;AVANTE;AVANTE
109;165;Deputado Federal;22;LEGENDA PL;1;PL;PL
109;165;Deputado Federal;44;LEGENDA UNIÃO;1;UNIÃO;UNIÃO
109;165;Deputado Federal;95;BRANCOS;9;;
109;165;Deputado Federal;96;NULOS;3;;
109;165;Deputado Estadual;10124;DUQUINHA;2;REPUBLICANOS;REPUBLICANOS
109;165;Deputado Estadual;11111;ZEZINHO ALBUQUERQUE;5;PP;PP
109;165;Deputado Estadual;11113;ALMIR BIÉ;30;PP;PP
109;165;Deputado Estadual;12123;CLÁUDIO PINHO;7;PDT;PDT
109;165;Deputado Estadual;12127;HELAINE COELHO;52;PDT;PDT
109;165;Deputado Estadual;12500;SALMITO;1;PDT;PDT
109;165;Deputado Estadual;13123;MISSIAS DO MST;1;PT;(PT/PC do B/PV)
109;165;Deputado Estadual;13132;ACRISIO SENA;6;PT;(PT/PC do B/PV)
109;165;Deputado Estadual;13333;MOISES BRAZ;2;PT;(PT/PC do B/PV)
109;165;Deputado Estadual;13456;DE ASSIS DINIZ;1;PT;(PT/PC do B/PV)
109;165;Deputado Estadual;13777;NIZO;4;PT;(PT/PC do B/PV)
109;165;Deputado Estadual;13789;JULINHO;4;PT;(PT/PC do B/PV)
109;165;Deputado Estadual;15000;EDILARDO EUFRASIO;3;MDB;MDB
109;165;Deputado Estadual;15122;CLEBIO PAVONE;1;MDB;MDB
109;165;Deputado Estadual;15888;AGENOR NETO;1;MDB;MDB
109;165;Deputado Estadual;22022;CARMELO NETO;3;PL;PL
109;165;Deputado Estadual;22200;PROF. JOÃO MENDES;1;PL;PL
109;165;Deputado Estadual;22222;PR.ALCIDES FERNANDES;6;PL;PL
109;165;Deputado Estadual;22555;MARTA GONÇALVES;80;PL;PL
109;165;Deputado Estadual;22777;DRA SILVANA;10;PL;PL
109;165;Deputado Estadual;22999;QUEIROZ DO POVO;1;PL;PL
109;165;Deputado Estadual;44111;FELIPE MOTA;7;UNIÃO;UNIÃO
109;165;Deputado Estadual;44190;SARGENTO REGINAURO;1;UNIÃO;UNIÃO
109;165;Deputado Estadual;44234;IONETE SIQUEIRA;1;UNIÃO;UNIÃO
109;165;Deputado Estadual;44567;MAGNOLIA ROCHA;3;UNIÃO;UNIÃO
109;165;Deputado Estadual;44777;FIRMO CAMURÇA;2;UNIÃO;UNIÃO
109;165;Deputado Estadual;44888;DR. OSCAR RODRIGUES;11;UNIÃO;UNIÃO
109;165;Deputado Estadual;45000;JORGE PINHEIRO;1;PSDB;(PSDB/CIDADANIA)
109;165;Deputado Estadual;45111;GORDIM ARAUJO;2;PSDB;(PSDB/CIDADANIA)
109;165;Deputado Estadual;50777;ADRIANA GERONIMO;1;PSOL;(PSOL/REDE)
109;165;Deputado Estadual;55123;KIKO SAMPAIO;3;PSD;PSD
109;165;Deputado Estadual;70123;TOMAZ HOLANDA;5;AVANTE;AVANTE
109;165;Deputado Estadual;70222;STUART CASTRO;1;AVANTE;AVANTE
109;165;Deputado Estadual;13;LEGENDA PT;7;PT;PT
109;165;Deputado Estadual;15;LEGENDA MDB;2;MDB;MDB
109;165;Deputado Estadual;22;LEGENDA PL;2;PL;PL
109;165;Deputado Estadual;65;LEGENDA PC do B;1;PC do B;PC do B
109;165;Deputado Estadual;70;LEGENDA AVANTE;2;AVANTE;AVANTE
109;165;Deputado Estadual;95;BRANCOS;9;;
109;165;Deputado Estadual;96;NULOS;4;;
109;166;Presidente;12;CIRO GOMES;12;PDT;PDT
109;166;Presidente;13;LULA;166;PT;(PT/PC do B/PV), SOLIDARIEDADE, (PSOL/REDE), PSB, AGIR, AVANTE, PROS
109;166;Presidente;15;SIMONE TEBET;5;MDB;MDB, (PSDB/CIDADANIA), PODE
109;166;Presidente;21;SOFIA MANZANO;1;PCB;PCB
109;166;Presidente;22;JAIR BOLSONARO;106;PL;PP, REPUBLICANOS, PL
109;166;Presidente;95;BRANCOS;3;;
109;166;Presidente;96;NULOS;8;;
109;166;Governador;12;ROBERTO CLÁUDIO;13;PDT;PMN, PATRIOTA, AGIR, PMB, PDT, PSD, PSB, PSC, DC
109;166;Governador;13;ELMANO DE FREITAS;116;PT;(PT/PC do B/PV), PP, MDB, PRTB, (PSOL/REDE), SOLIDARIEDADE
109;166;Governador;44;CAPITÃO WAGNER;144;UNIÃO;PODE, AVANTE, PL, REPUBLICANOS, PTB, PROS, UNIÃO
109;166;Governador;95;BRANCOS;9;;
109;166;Governador;96;NULOS;19;;
109;166;Senador;131;CAMILO;157;PT;(PT/PC do B/PV), MDB, PRTB, (PSOL/REDE), SOLIDARIEDADE, PP
109;166;Senador;555;ERIKA AMORIM;4;PSD;PSB, AGIR, DC, PMB, PDT, PSD, PMN, PATRIOTA, PSC
109;166;Senador;700;KAMILA CARDOSO;100;AVANTE;AVANTE, UNIÃO, PTB, REPUBLICANOS, PROS, PL, PODE
109;166;Senador;95;BRANCOS;16;;
109;166;Senador;96;NULOS;24;;
109;166;Deputado Federal;1010;RONALDO MARTINS;2;REPUBLICANOS;REPUBLICANOS
109;166;Deputado Federal;1111;AJ ALBUQUERQUE;1;PP;PP
109;166;Deputado Federal;1212;LEÔNIDAS CRISTINO;1;PDT;PDT
109;166;Deputado Federal;1213;IDILVAN;10;PDT;PDT
109;166;Deputado Federal;1214;EDUARDO BISMARCK;12;PDT;PDT
109;166;Deputado Federal;1277;ADAIL JR;1;PDT;PDT
109;166;Deputado Federal;1292;ENFERMEIRA ANA PAULA;1;PDT;PDT
109;166;Deputado Federal;1313;LUIZIANNE LINS;6;PT;(PT/PC do B/PV)
109;166;Deputado Federal;1322;GUIMARÃES DO PT;6;PT;(PT/PC do B/PV)
109;166;Deputado Federal;1333;JOSE AIRTON;1;PT;(PT/PC do B/PV)
109;166;Deputado Federal;1533;EUNÍCIO;31;MDB;MDB
109;166;Deputado Federal;2123;ROBERTO SANTOS;1;PCB;PCB
109;166;Deputado Federal;2200;DRA. MAYRA PINHEIRO;1;PL;PL
109;166;Deputado Federal;2201;DELEGADO CAVALCANTE;2;PL;PL
109;166;Deputado Federal;2210;CORONEL AGINALDO;2;PL;PL
109;166;Deputado Federal;2222;ANDRÉ FERNANDES;10;PL;PL
109;166;Deputado Federal;2255;JÚNIOR MANO;1;PL;PL
109;166;Deputado Federal;2277;DR JAZIEL;5;PL;PL
109;166;Deputado Federal;2299;MATHEUS NORONHA;27;PL;PL
109;166;Deputado Federal;4410;CARLOS MATOS;1;UNIÃO;UNIÃO
109;166;Deputado Federal;4411;VANDERLAN ALVES;2;UNIÃO;UNIÃO
109;166;Deputado Federal;4444;HEITOR FREIRE;3;UNIÃO;UNIÃO
109;166;Deputado Federal;4445;DAMIÃO TENORIO;3;UNIÃO;UNIÃO
109;166;Deputado Federal;4447;DANILO FORTE;8;UNIÃO;UNIÃO
109;166;Deputado Federal;4456;DAYANY DO CAPITÃO;1;UNIÃO;UNIÃO
109;166;Deputado Federal;4477;FERNANDA PESSOA;5;UNIÃO;UNIÃO
109;166;Deputado Federal;4488;MOSES RODRIGUES;13;UNIÃO;UNIÃO
109;166;Deputado Federal;4490;SOLDADO NOELIO;4;UNIÃO;UNIÃO
109;166;Deputado Federal;5122;MAMÁ MESQUITA;1;PATRIOTA;PATRIOTA
109;166;Deputado Federal;5511;CÉLIO STUDART;5;PSD;PSD
109;166;Deputado Federal;5533;LUIZ GASTÃO;4;PSD;PSD
109;166;Deputado Federal;5555;DOMINGOS NETO;99;PSD;PSD
109;166;Deputado Federal;5588;ELIANE BRAZ;2;PSD;PSD
109;166;Deputado Federal;6565;INÁCIO ARRUDA;1;PC do B;(PT/PC do B/PV)
109;166;Deputado Federal;7040;CHICO ANTÔNIO;1;AVANTE;AVANTE
109;166;Deputado Federal;12;LEGENDA PDT;1;PDT;PDT
109;166;Deputado Federal;13;LEGENDA PT;1;PT;PT
109;166;Deputado Federal;65;LEGENDA PC do B;1;PC do B;PC do B
109;166;Deputado Federal;90;LEGENDA PROS;1;PROS;PROS
109;166;Deputado Federal;95;BRANCOS;13;;
109;166;Deputado Federal;96;NULOS;10;;
109;166;Deputado Estadual;10000;APÓSTOLO LUIZ HENRIQUE;1;REPUBLICANOS;REPUBLICANOS
109;166;Deputado Estadual;10030;PROFESSORA DÉBORA LEITE;1;REPUBLICANOS;REPUBLICANOS
109;166;Deputado Estadual;10123;DAVID DURAND;1;REPUBLICANOS;REPUBLICANOS
109;166;Deputado Estadual;11111;ZEZINHO ALBUQUERQUE;4;PP;PP
109;166;Deputado Estadual;11113;ALMIR BIÉ;13;PP;PP
109;166;Deputado Estadual;11444;LEONARDO PINHEIRO;1;PP;PP
109;166;Deputado Estadual;12123;CLÁUDIO PINHO;10;PDT;PDT
109;166;Deputado Estadual;12127;HELAINE COELHO;47;PDT;PDT
109;166;Deputado Estadual;12456;ROMEU ALDIGUERI;1;PDT;PDT
109;166;Deputado Estadual;12600;TIN GOMES;1;PDT;PDT
109;166;Deputado Estadual;12999;BRUNO PEDROSA;1;PDT;PDT
109;166;Deputado Estadual;13123;MISSIAS DO MST;2;PT;(PT/PC do B/PV)
109;166;Deputado Estadual;13132;ACRISIO SENA;3;PT;(PT/PC do B/PV)
109;166;Deputado Estadual;13133;LARISSA GASPAR;1;PT;(PT/PC do B/PV)
109;166;Deputado Estadual;13333;MOISES BRAZ;5;PT;(PT/PC do B/PV)
109;166;Deputado Estadual;13777;NIZO;4;PT;(PT/PC do B/PV)
109;166;Deputado Estadual;13789;JULINHO;3;PT;(PT/PC do B/PV)
109;166;Deputado Estadual;15000;EDILARDO EUFRASIO;2;MDB;MDB
109;166;Deputado Estadual;15115;CARLOS BANDEIRA;1;MDB;MDB
109;166;Deputado Estadual;15555;FELIPE AGUIAR;1;MDB;MDB
109;166;Deputado Estadual;22010;BEZERRA DE MENESES;3;PL;PL
109;166;Deputado Estadual;22022;CARMELO NETO;2;PL;PL
109;166;Deputado Estadual;22222;PR.ALCIDES FERNANDES;3;PL;PL
109;166;Deputado Estadual;22555;MARTA GONÇALVES;98;PL;PL
109;166;Deputado Estadual;22777;DRA SILVANA;9;PL;PL
109;166;Deputado Estadual;23192;MARTINHA - A SAÚDE RESISTE;1;CIDADANIA;(PSDB/CIDADANIA)
109;166;Deputado Estadual;30000;DR. ISAQUE RABELO;1;NOVO;NOVO
109;166;Deputado Estadual;33123;ALCY PINHEIRO;1;PMN;PMN
109;166;Deputado Estadual;43640;WALTER CAVALCANTE;2;PV;(PT/PC do B/PV)
109;166;Deputado Estadual;44111;FELIPE MOTA;6;UNIÃO;UNIÃO
109;166;Deputado Estadual;44190;SARGENTO REGINAURO;3;UNIÃO;UNIÃO
109;166;Deputado Estadual;44556;PRISCILA ROCHA;1;UNIÃO;UNIÃO
109;166;Deputado Estadual;44567;MAGNOLIA ROCHA;1;UNIÃO;UNIÃO
109;166;Deputado Estadual;44777;FIRMO CAMURÇA;4;UNIÃO;UNIÃO
109;166;Deputado Estadual;44888;DR. OSCAR RODRIGUES;13;UNIÃO;UNIÃO
109;166;Deputado Estadual;45300;CÔNSUL DO POVO;1;PSDB;(PSDB/CIDADANIA)
109;166;Deputado Estadual;45999;FERREIRA ARAGÃO;1;PSDB;(PSDB/CIDADANIA)
109;166;Deputado Estadual;50777;ADRIANA GERONIMO;1;PSOL;(PSOL/REDE)
109;166;Deputado Estadual;55011;APOLLO VICZ;1;PSD;PSD
109;166;Deputado Estadual;65555;AROLDO HISTORIADOR;1;PC do B;(PT/PC do B/PV)
109;166;Deputado Estadual;70123;TOMAZ HOLANDA;1;AVANTE;AVANTE
109;166;Deputado Estadual;70222;STUART CASTRO;1;AVANTE;AVANTE
109;166;Deputado Estadual;90192;CAPITAO SILVA;1;PROS;PROS
109;166;Deputado Estadual;12;LEGENDA PDT;3;PDT;PDT
109;166;Deputado Estadual;13;LEGENDA PT;10;PT;PT
109;166;Deputado Estadual;22;LEGENDA PL;1;PL;PL
109;166;Deputado Estadual;55;LEGENDA PSD;1;PSD;PSD
109;166;Deputado Estadual;70;LEGENDA AVANTE;2;AVANTE;AVANTE
109;166;Deputado Estadual;95;BRANCOS;14;;
109;166;Deputado Estadual;96;NULOS;11;;
109;167;Presidente;12;CIRO GOMES;13;PDT;PDT
109;167;Presidente;13;LULA;152;PT;(PT/PC do B/PV), SOLIDARIEDADE, (PSOL/REDE), PSB, AGIR, AVANTE, PROS
109;167;Presidente;15;SIMONE TEBET;4;MDB;MDB, (PSDB/CIDADANIA), PODE
109;167;Presidente;22;JAIR BOLSONARO;126;PL;PP, REPUBLICANOS, PL
109;167;Presidente;44;SORAYA THRONICKE;2;UNIÃO;UNIÃO
109;167;Presidente;95;BRANCOS;4;;
109;167;Presidente;96;NULOS;6;;
109;167;Governador;12;ROBERTO CLÁUDIO;20;PDT;PMN, PATRIOTA, AGIR, PMB, PDT, PSD, PSB, PSC, DC
109;167;Governador;13;ELMANO DE FREITAS;107;PT;(PT/PC do B/PV), PP, MDB, PRTB, (PSOL/REDE), SOLIDARIEDADE
109;167;Governador;44;CAPITÃO WAGNER;154;UNIÃO;PODE, AVANTE, PL, REPUBLICANOS, PTB, PROS, UNIÃO
109;167;Governador;95;BRANCOS;10;;
109;167;Governador;96;NULOS;16;;
109;167;Senador;131;CAMILO;135;PT;(PT/PC do B/PV), MDB, PRTB, (PSOL/REDE), SOLIDARIEDADE, PP
109;167;Senador;555;ERIKA AMORIM;16;PSD;PSB, AGIR, DC, PMB, PDT, PSD, PMN, PATRIOTA, PSC
109;167;Senador;700;KAMILA CARDOSO;114;AVANTE;AVANTE, UNIÃO, PTB, REPUBLICANOS, PROS, PL, PODE
109;167;Senador;95;BRANCOS;16;;
109;167;Senador;96;NULOS;26;;
109;167;Deputado Federal;1000;BISPA VANESSA LIMA;1;REPUBLICANOS;REPUBLICANOS
109;167;Deputado Federal;1010;RONALDO MARTINS;2;REPUBLICANOS;REPUBLICANOS
109;167;Deputado Federal;1020;ERLAN BASTOS;1;REPUBLICANOS;REPUBLICANOS
109;167;Deputado Federal;1111;AJ ALBUQUERQUE;3;PP;PP
109;167;Deputado Federal;1212;LEÔNIDAS CRISTINO;3;PDT;PDT
109;167;Deputado Federal;1213;IDILVAN;13;PDT;PDT
109;167;Deputado Federal;1214;EDUARDO BISMARCK;21;PDT;PDT
109;167;Deputado Federal;1222;ROSÂNIA RAMALHO;1;PDT;PDT
109;167;Deputado Federal;1251;ARNON BEZERRA;1;PDT;PDT
109;167;Deputado Federal;1277;ADAIL JR;1;PDT;PDT
109;167;Deputado Federal;1292;ENFERMEIRA ANA PAULA;2;PDT;PDT
109;167;Deputado Federal;1313;LUIZIANNE LINS;5;PT;(PT/PC do B/PV)
109;167;Deputado Federal;1322;GUIMARÃES DO PT;1;PT;(PT/PC do B/PV)
109;167;Deputado Federal;1515;MOACENY FÉLIX;1;MDB;MDB
109;167;Deputado Federal;1533;EUNÍCIO;25;MDB;MDB
109;167;Deputado Federal;2200;DRA. MAYRA PINHEIRO;1;PL;PL
109;167;Deputado Federal;2201;DELEGADO CAVALCANTE;1;PL;PL
109;167;Deputado Federal;2210;CORONEL AGINALDO;3;PL;PL
109;167;Deputado Federal;2222;ANDRÉ FERNANDES;6;PL;PL
109;167;Deputado Federal;2255;JÚNIOR MANO;4;PL;PL
109;167;Deputado Federal;2266;CELSO SANTOS;1;PL;PL
109;167;Deputado Federal;2277;DR JAZIEL;10;PL;PL
109;167;Deputado Federal;2299;MATHEUS NORONHA;34;PL;PL
109;167;Deputado Federal;4422;JULIERME SENA;1;UNIÃO;UNIÃO
109;167;Deputado Federal;4433;DR. AGRIPINO MAGALHÃES;3;UNIÃO;UNIÃO
109;167;Deputado Federal;4444;HEITOR FREIRE;4;UNIÃO;UNIÃO
109;167;Deputado Federal;4445;DAMIÃO TENORIO;4;UNIÃO;UNIÃO
109;167;Deputado Federal;4447;DANILO FORTE;7;UNIÃO;UNIÃO
109;167;Deputado Federal;4455;VAIDON OLIVEIRA;2;UNIÃO;UNIÃO
109;167;Deputado Federal;4456;DAYANY DO CAPITÃO;2;UNIÃO;UNIÃO
109;167;Deputado Federal;4477;FERNANDA PESSOA;1;UNIÃO;UNIÃO
109;167;Deputado Federal;4488;MOSES RODRIGUES;22;UNIÃO;UNIÃO
109;167;Deputado Federal;4490;SOLDADO NOELIO;3;UNIÃO;UNIÃO
109;167;Deputado Federal;5005;ANNA KARINA VOZES FEMINISTAS;1;PSOL;(PSOL/REDE)
109;167;Deputado Federal;5055;GABRIEL BIOLOGIA;2;PSOL;(PSOL/REDE)
109;167;Deputado Federal;5511;CÉLIO STUDART;2;PSD;PSD
109;167;Deputado Federal;5533;LUIZ GASTÃO;3;PSD;PSD
109;167;Deputado Federal;5555;DOMINGOS NETO;81;PSD;PSD
109;167;Deputado Federal;5588;ELIANE BRAZ;3;PSD;PSD
109;167;Deputado Federal;6565;INÁCIO ARRUDA;1;PC do B;(PT/PC do B/PV)
109;167;Deputado Federal;7040;CHICO ANTÔNIO;1;AVANTE;AVANTE
109;167;Deputado Federal;12;LEGENDA PDT;1;PDT;PDT
109;167;Deputado Federal;13;LEGENDA PT;1;PT;PT
109;167;Deputado Federal;22;LEGENDA PL;1;PL;PL
109;167;Deputado Federal;44;LEGENDA UNIÃO;1;UNIÃO;UNIÃO
109;167;Deputado Federal;55;LEGENDA PSD;1;PSD;PSD
109;167;Deputado Federal;70;LEGENDA AVANTE;1;AVANTE;AVANTE
109;167;Deputado Federal;95;BRANCOS;13;;
109;167;Deputado Federal;96;NULOS;4;;
109;167;Deputado Estadual;10000;APÓSTOLO LUIZ HENRIQUE;1;REPUBLICANOS;REPUBLICANOS
109;167;Deputado Estadual;10123;DAVID DURAND;1;REPUBLICANOS;REPUBLICANOS
109;167;Deputado Estadual;10190;EVALDO COSTA;1;REPUBLICANOS;REPUBLICANOS
109;167;Deputado Estadual;11111;ZEZINHO ALBUQUERQUE;3;PP;PP
109;167;Deputado Estadual;11113;ALMIR BIÉ;23;PP;PP
109;167;Deputado Estadual;11444;LEONARDO PINHEIRO;1;PP;PP
109;167;Deputado Estadual;12123;CLÁUDIO PINHO;7;PDT;PDT
109;167;Deputado Estadual;12127;HELAINE COELHO;56;PDT;PDT
109;167;Deputado Estadual;12222;OSMAR BAQUIT;1;PDT;PDT
109;167;Deputado Estadual;12500;SALMITO;1;PDT;PDT
109;167;Deputado Estadual;12555;ORIEL FILHO;1;PDT;PDT
109;167;Deputado Estadual;13123;MISSIAS DO MST;2;PT;(PT/PC do B/PV)
109;167;Deputado Estadual;13131;MARI LACERDA;1;PT;(PT/PC do B/PV)
109;167;Deputado Estadual;13132;ACRISIO SENA;3;PT;(PT/PC do B/PV)
109;167;Deputado Estadual;13333;MOISES BRAZ;2;PT;(PT/PC do B/PV)
109;167;Deputado Estadual;13555;JULIANA LUCENA;1;PT;(PT/PC do B/PV)
109;167;Deputado Estadual;13777;NIZO;3;PT;(PT/PC do B/PV)
109;167;Deputado Estadual;13789;JULINHO;4;PT;(PT/PC do B/PV)
109;167;Deputado Estadual;15000;EDILARDO EUFRASIO;1;MDB;MDB
109;167;Deputado Estadual;15115;CARLOS BANDEIRA;2;MDB;MDB
109;167;Deputado Estadual;15120;JACQUELINE GOUVEIA;1;MDB;MDB
109;167;Deputado Estadual;15555;FELIPE AGUIAR;1;MDB;MDB
109;167;Deputado Estadual;22022;CARMELO NETO;3;PL;PL
109;167;Deputado Estadual;22322;PRAXEDES;1;PL;PL
109;167;Deputado Estadual;22555;MARTA GONÇALVES;92;PL;PL
109;167;Deputado Estadual;22777;DRA SILVANA;12;PL;PL
109;167;Deputado Estadual;22999;QUEIROZ DO POVO;1;PL;PL
109;167;Deputado Estadual;23192;MARTINHA - A SAÚDE RESISTE;2;CIDADANIA;(PSDB/CIDADANIA)
109;167;Deputado Estadual;43640;WALTER CAVALCANTE;1;PV;(PT/PC do B/PV)
109;167;Deputado Estadual;44111;FELIPE MOTA;7;UNIÃO;UNIÃO
109;167;Deputado Estadual;44123;TONY BRITO;1;UNIÃO;UNIÃO
109;167;Deputado Estadual;44190;SARGENTO REGINAURO;3;UNIÃO;UNIÃO
109;167;Deputado Estadual;44556;PRISCILA ROCHA;1;UNIÃO;UNIÃO
109;167;Deputado Estadual;44567;MAGNOLIA ROCHA;3;UNIÃO;UNIÃO
109;167;Deputado Estadual;44777;FIRMO CAMURÇA;1;UNIÃO;UNIÃO
109;167;Deputado Estadual;44888;DR. OSCAR RODRIGUES;15;UNIÃO;UNIÃO
109;167;Deputado Estadual;45000;JORGE PINHEIRO;2;PSDB;(PSDB/CIDADANIA)
109;167;Deputado Estadual;45300;CÔNSUL DO POVO;2;PSDB;(PSDB/CIDADANIA)
109;167;Deputado Estadual;50444;ZULEIDE QUEIROZ;1;PSOL;(PSOL/REDE)
109;167;Deputado Estadual;55011;APOLLO VICZ;1;PSD;PSD
109;167;Deputado Estadual;55555;GABRIELLA AGUIAR;1;PSD;PSD
109;167;Deputado Estadual;70123;TOMAZ HOLANDA;3;AVANTE;AVANTE
109;167;Deputado Estadual;70321;DANIEL BORGES;1;AVANTE;AVANTE
109;167;Deputado Estadual;12;LEGENDA PDT;3;PDT;PDT
109;167;Deputado Estadual;13;LEGENDA PT;8;PT;PT
109;167;Deputado Estadual;22;LEGENDA PL;1;PL;PL
109;167;Deputado Estadual;55;LEGENDA PSD;1;PSD;PSD
109;167;Deputado Estadual;70;LEGENDA AVANTE;1;AVANTE;AVANTE
109;167;Deputado Estadual;95;BRANCOS;12;;
109;167;Deputado Estadual;96;NULOS;10;;
109;168;Presidente;12;CIRO GOMES;13;PDT;PDT
109;168;Presidente;13;LULA;139;PT;(PT/PC do B/PV), SOLIDARIEDADE, (PSOL/REDE), PSB, AGIR, AVANTE, PROS
109;168;Presidente;15;SIMONE TEBET;3;MDB;MDB, (PSDB/CIDADANIA), PODE
109;168;Presidente;22;JAIR BOLSONARO;114;PL;PP, REPUBLICANOS, PL
109;168;Presidente;27;CONSTITUINTE EYMAEL;1;DC;DC
109;168;Presidente;44;SORAYA THRONICKE;5;UNIÃO;UNIÃO
109;168;Presidente;95;BRANCOS;2;;
109;168;Presidente;96;NULOS;8;;
109;168;Governador;12;ROBERTO CLÁUDIO;19;PDT;PMN, PATRIOTA, AGIR, PMB, PDT, PSD, PSB, PSC, DC
109;168;Governador;13;ELMANO DE FREITAS;84;PT;(PT/PC do B/PV), PP, MDB, PRTB, (PSOL/REDE), SOLIDARIEDADE
109;168;Governador;44;CAPITÃO WAGNER;159;UNIÃO;PODE, AVANTE, PL, REPUBLICANOS, PTB, PROS, UNIÃO
109;168;Governador;95;BRANCOS;9;;
109;168;Governador;96;NULOS;14;;
109;168;Senador;131;CAMILO;126;PT;(PT/PC do B/PV), MDB, PRTB, (PSOL/REDE), SOLIDARIEDADE, PP
109;168;Senador;555;ERIKA AMORIM;10;PSD;PSB, AGIR, DC, PMB, PDT, PSD, PMN, PATRIOTA, PSC
109;168;Senador;700;KAMILA CARDOSO;108;AVANTE;AVANTE, UNIÃO, PTB, REPUBLICANOS, PROS, PL, PODE
109;168;Senador;95;BRANCOS;22;;
109;168;Senador;96;NULOS;19;;
109;168;Deputado Federal;1010;RONALDO MARTINS;1;REPUBLICANOS;REPUBLICANOS
109;168;Deputado Federal;1016;PR RODRIGO MATOS;1;REPUBLICANOS;REPUBLICANOS
109;168;Deputado Federal;1111;AJ ALBUQUERQUE;1;PP;PP
109;168;Deputado Federal;1212;LEÔNIDAS CRISTINO;3;PDT;PDT
109;168;Deputado Federal;1213;IDILVAN;4;PDT;PDT
109;168;Deputado Federal;1214;EDUARDO BISMARCK;16;PDT;PDT
109;168;Deputado Federal;1233;ROBÉRIO MONTEIRO;2;PDT;PDT
109;168;Deputado Federal;1251;ARNON BEZERRA;1;PDT;PDT
109;168;Deputado Federal;1292;ENFERMEIRA ANA PAULA;1;PDT;PDT
109;168;Deputado Federal;1313;LUIZIANNE LINS;5;PT;(PT/PC do B/PV)
109;168;Deputado Federal;1322;GUIMARÃES DO PT;1;PT;(PT/PC do B/PV)
109;168;Deputado Federal;1533;EUNÍCIO;33;MDB;MDB
109;168;Deputado Federal;1907;BISPO EMMANUEL;1;PODE;PODE
109;168;Deputado Federal;2210;CORONEL AGINALDO;2;PL;PL
109;168;Deputado Federal;2211;YURY DO PAREDÃO;1;PL;PL
109;168;Deputado Federal;2222;ANDRÉ FERNANDES;15;PL;PL
109;168;Deputado Federal;2255;JÚNIOR MANO;2;PL;PL
109;168;Deputado Federal;2277;DR JAZIEL;15;PL;PL
109;168;Deputado Federal;2299;MATHEUS NORONHA;26;PL;PL
109;168;Deputado Federal;4000;DENIS BEZERRA;1;PSB;PSB
109;168;Deputado Federal;4012;ALANDERSON MANGUEIRA;2;PSB;PSB
109;168;Deputado Federal;4088;MARILIA DO POSTO;1;PSB;PSB
109;168;Deputado Federal;4410;CARLOS MATOS;2;UNIÃO;UNIÃO
109;168;Deputado Federal;4433;DR. AGRIPINO MAGALHÃES;1;UNIÃO;UNIÃO
109;168;Deputado Federal;4440;CAETANO NETO;1;UNIÃO;UNIÃO
109;168;Deputado Federal;4445;DAMIÃO TENORIO;2;UNIÃO;UNIÃO
109;168;Deputado Federal;4447;DANILO FORTE;7;UNIÃO;UNIÃO
109;168;Deputado Federal;4456;DAYANY DO CAPITÃO;1;UNIÃO;UNIÃO
109;168;Deputado Federal;4477;FERNANDA PESSOA;3;UNIÃO;UNIÃO
109;168;Deputado Federal;4488;MOSES RODRIGUES;15;UNIÃO;UNIÃO
109;168;Deputado Federal;4490;SOLDADO NOELIO;2;UNIÃO;UNIÃO
109;168;Deputado Federal;5511;CÉLIO STUDART;1;PSD;PSD
109;168;Deputado Federal;5533;LUIZ GASTÃO;4;PSD;PSD
109;168;Deputado Federal;5555;DOMINGOS NETO;82;PSD;PSD
109;168;Deputado Federal;5599;EMANUEL MOTA;1;PSD;PSD
109;168;Deputado Federal;6565;INÁCIO ARRUDA;2;PC do B;(PT/PC do B/PV)
109;168;Deputado Federal;12;LEGENDA PDT;3;PDT;PDT
109;168;Deputado Federal;13;LEGENDA PT;5;PT;PT
109;168;Deputado Federal;22;LEGENDA PL;1;PL;PL
109;168;Deputado Federal;95;BRANCOS;10;;
109;168;Deputado Federal;96;NULOS;7;;
109;168;Deputado Estadual;10123;DAVID DURAND;1;REPUBLICANOS;REPUBLICANOS
109;168;Deputado Estadual;10124;DUQUINHA;1;REPUBLICANOS;REPUBLICANOS
109;168;Deputado Estadual;11111;ZEZINHO ALBUQUERQUE;4;PP;PP
109;168;Deputado Estadual;11113;ALMIR BIÉ;19;PP;PP
109;168;Deputado Estadual;12123;CLÁUDIO PINHO;7;PDT;PDT
109;168;Deputado Estadual;12127;HELAINE COELHO;39;PDT;PDT
109;168;Deputado Estadual;12555;ORIEL FILHO;1;PDT;PDT
109;168;Deputado Estadual;12600;TIN GOMES;1;PDT;PDT
109;168;Deputado Estadual;13100;LILIANE;1;PT;(PT/PC do B/PV)
109;168;Deputado Estadual;13123;MISSIAS DO MST;1;PT;(PT/PC do B/PV)
109;168;Deputado Estadual;13132;ACRISIO SENA;6;PT;(PT/PC do B/PV)
109;168;Deputado Estadual;13333;MOISES BRAZ;1;PT;(PT/PC do B/PV)
109;168;Deputado Estadual;13777;NIZO;2;PT;(PT/PC do B/PV)
109;168;Deputado Estadual;13789;JULINHO;4;PT;(PT/PC do B/PV)
109;168;Deputado Estadual;15000;EDILARDO EUFRASIO;5;MDB;MDB
109;168;Deputado Estadual;15115;CARLOS BANDEIRA;1;MDB;MDB
109;168;Deputado Estadual;15555;FELIPE AGUIAR;1;MDB;MDB
109;168;Deputado Estadual;15888;AGENOR NETO;1;MDB;MDB
109;168;Deputado Estadual;22010;BEZERRA DE MENESES;2;PL;PL
109;168;Deputado Estadual;22111;PEDRO MATOS;1;PL;PL
109;168;Deputado Estadual;22222;PR.ALCIDES FERNANDES;11;PL;PL
109;168;Deputado Estadual;22555;MARTA GONÇALVES;68;PL;PL
109;168;Deputado Estadual;22777;DRA SILVANA;14;PL;PL
109;168;Deputado Estadual;23192;MARTINHA - A SAÚDE RESISTE;1;CIDADANIA;(PSDB/CIDADANIA)
109;168;Deputado Estadual;40888;PAULO PROTÁSIO;1;PSB;PSB
109;168;Deputado Estadual;43640;WALTER CAVALCANTE;2;PV;(PT/PC do B/PV)
109;168;Deputado Estadual;44111;FELIPE MOTA;6;UNIÃO;UNIÃO
109;168;Deputado Estadual;44190;SARGENTO REGINAURO;2;UNIÃO;UNIÃO
109;168;Deputado Estadual;44321;CAMILA MOTA;2;UNIÃO;UNIÃO
109;168;Deputado Estadual;44447;ISABELLE MUNGUBA;1;UNIÃO;UNIÃO
109;168;Deputado Estadual;44556;PRISCILA ROCHA;1;UNIÃO;UNIÃO
109;168;Deputado Estadual;44567;MAGNOLIA ROCHA;5;UNIÃO;UNIÃO
109;168;Deputado Estadual;44777;FIRMO CAMURÇA;3;UNIÃO;UNIÃO
109;168;Deputado Estadual;44888;DR. OSCAR RODRIGUES;14;UNIÃO;UNIÃO
109;168;Deputado Estadual;45000;JORGE PINHEIRO;2;PSDB;(PSDB/CIDADANIA)
109;168;Deputado Estadual;45111;GORDIM ARAUJO;1;PSDB;(PSDB/CIDADANIA)
109;168;Deputado Estadual;45300;CÔNSUL DO POVO;1;PSDB;(PSDB/CIDADANIA)
109;168;Deputado Estadual;55234;DR. LUCÍLVIO GIRÃO;1;PSD;PSD
109;168;Deputado Estadual;65100;STÊNIO MAGALHÃES;1;PC do B;(PT/PC do B/PV)
109;168;Deputado Estadual;70123;TOMAZ HOLANDA;8;AVANTE;AVANTE
109;168;Deputado Estadual;70321;DANIEL BORGES;1;AVANTE;AVANTE
109;168;Deputado Estadual;12;LEGENDA PDT;1;PDT;PDT
109;168;Deputado Estadual;13;LEGENDA PT;8;PT;PT
109;168;Deputado Estadual;14;LEGENDA PTB;1;PTB;PTB
109;168;Deputado Estadual;15;LEGENDA MDB;2;MDB;MDB
109;168;Deputado Estadual;44;LEGENDA UNIÃO;3;UNIÃO;UNIÃO
109;168;Deputado Estadual;70;LEGENDA AVANTE;5;AVANTE;AVANTE
109;168;Deputado Estadual;95;BRANCOS;10;;
109;168;Deputado Estadual;96;NULOS;10;;
109;169;Presidente;12;CIRO GOMES;9;PDT;PDT
109;169;Presidente;13;LULA;157;PT;(PT/PC do B/PV), SOLIDARIEDADE, (PSOL/REDE), PSB, AGIR, AVANTE, PROS
109;169;Presidente;15;SIMONE TEBET;1;MDB;MDB, (PSDB/CIDADANIA), PODE
109;169;Presidente;22;JAIR BOLSONARO;92;PL;PP, REPUBLICANOS, PL
109;169;Presidente;44;SORAYA THRONICKE;4;UNIÃO;UNIÃO
109;169;Presidente;95;BRANCOS;2;;
109;169;Presidente;96;NULOS;8;;
109;169;Governador;12;ROBERTO CLÁUDIO;8;PDT;PMN, PATRIOTA, AGIR, PMB, PDT, PSD, PSB, PSC, DC
109;169;Governador;13;ELMANO DE FREITAS;125;PT;(PT/PC do B/PV), PP, MDB, PRTB, (PSOL/REDE), SOLIDARIEDADE
109;169;Governador;44;CAPITÃO WAGNER;114;UNIÃO;PODE, AVANTE, PL, REPUBLICANOS, PTB, PROS, UNIÃO
109;169;Governador;95;BRANCOS;11;;
109;169;Governador;96;NULOS;15;;
109;169;Senador;131;CAMILO;146;PT;(PT/PC do B/PV), MDB, PRTB, (PSOL/REDE), SOLIDARIEDADE, PP
109;169;Senador;555;ERIKA AMORIM;3;PSD;PSB, AGIR, DC, PMB, PDT, PSD, PMN, PATRIOTA, PSC
109;169;Senador;700;KAMILA CARDOSO;77;AVANTE;AVANTE, UNIÃO, PTB, REPUBLICANOS, PROS, PL, PODE
109;169;Senador;95;BRANCOS;20;;
109;169;Senador;96;NULOS;27;;
109;169;Deputado Federal;1000;BISPA VANESSA LIMA;1;REPUBLICANOS;REPUBLICANOS
109;169;Deputado Federal;1010;RONALDO MARTINS;3;REPUBLICANOS;REPUBLICANOS
109;169;Deputado Federal;1023;PASTOR ABRAÃO;3;REPUBLICANOS;REPUBLICANOS
109;169;Deputado Federal;1055;MANUH SILVA;1;REPUBLICANOS;REPUBLICANOS
109;169;Deputado Federal;1111;AJ ALBUQUERQUE;2;PP;PP
109;169;Deputado Federal;1213;IDILVAN;8;PDT;PDT
109;169;Deputado Federal;1214;EDUARDO BISMARCK;4;PDT;PDT
109;169;Deputado Federal;1233;ROBÉRIO MONTEIRO;1;PDT;PDT
109;169;Deputado Federal;1277;ADAIL JR;1;PDT;PDT
109;169;Deputado Federal;1299;DR NILSON DINIZ;1;PDT;PDT
109;169;Deputado Federal;1313;LUIZIANNE LINS;15;PT;(PT/PC do B/PV)
109;169;Deputado Federal;1322;GUIMARÃES DO PT;5;PT;(PT/PC do B/PV)
109;169;Deputado Federal;1455;ORIEL MOTA;1;PTB;PTB
109;169;Deputado Federal;1500;ÉRICO JOVINO;1;MDB;MDB
109;169;Deputado Federal;1533;EUNÍCIO;9;MDB;MDB
109;169;Deputado Federal;2201;DELEGADO CAVALCANTE;1;PL;PL
109;169;Deputado Federal;2210;CORONEL AGINALDO;5;PL;PL
109;169;Deputado Federal;2211;YURY DO PAREDÃO;3;PL;PL
109;169;Deputado Federal;2222;ANDRÉ FERNANDES;4;PL;PL
109;169;Deputado Federal;2227;DRA VERONICA AMARAL;1;PL;PL
109;169;Deputado Federal;2255;JÚNIOR MANO;4;PL;PL
109;169;Deputado Federal;2277;DR JAZIEL;9;PL;PL
109;169;Deputado Federal;2288;PRISCILA COSTA;3;PL;PL
109;169;Deputado Federal;2299;MATHEUS NORONHA;15;PL;PL
109;169;Deputado Federal;2323;MORONI;1;CIDADANIA;(PSDB/CIDADANIA)
109;169;Deputado Federal;4000;DENIS BEZERRA;1;PSB;PSB
109;169;Deputado Federal;4400;LUIZ CARLOS JR;3;UNIÃO;UNIÃO
109;169;Deputado Federal;4433;DR. AGRIPINO MAGALHÃES;1;UNIÃO;UNIÃO
109;169;Deputado Federal;4444;HEITOR FREIRE;2;UNIÃO;UNIÃO
109;169;Deputado Federal;4447;DANILO FORTE;5;UNIÃO;UNIÃO
109;169;Deputado Federal;4456;DAYANY DO CAPITÃO;2;UNIÃO;UNIÃO
109;169;Deputado Federal;4477;FERNANDA PESSOA;18;UNIÃO;UNIÃO
109;169;Deputado Federal;4488;MOSES RODRIGUES;1;UNIÃO;UNIÃO
109;169;Deputado Federal;4490;SOLDADO NOELIO;1;UNIÃO;UNIÃO
109;169;Deputado Federal;5511;CÉLIO STUDART;5;PSD;PSD
109;169;Deputado Federal;5533;LUIZ GASTÃO;4;PSD;PSD
109;169;Deputado Federal;5555;DOMINGOS NETO;87;PSD;PSD
109;169;Deputado Federal;5588;ELIANE BRAZ;15;PSD;PSD
109;169;Deputado Federal;12;LEGENDA PDT;2;PDT;PDT
109;169;Deputado Federal;13;LEGENDA PT;3;PT;PT
109;169;Deputado Federal;65;LEGENDA PC do B;1;PC do B;PC do B
109;169;Deputado Federal;95;BRANCOS;12;;
109;169;Deputado Federal;96;NULOS;8;;
109;169;Deputado Estadual;10000;APÓSTOLO LUIZ HENRIQUE;3;REPUBLICANOS;REPUBLICANOS
109;169;Deputado Estadual;10123;DAVID DURAND;3;REPUBLICANOS;REPUBLICANOS
109;169;Deputado Estadual;11111;ZEZINHO ALBUQUERQUE;1;PP;PP
109;169;Deputado Estadual;11113;ALMIR BIÉ;8;PP;PP
109;169;Deputado Estadual;11444;LEONARDO PINHEIRO;3;PP;PP
109;169;Deputado Estadual;12111;ANTONIO HENRIQUE;1;PDT;PDT
109;169;Deputado Estadual;12123;CLÁUDIO PINHO;3;PDT;PDT
109;169;Deputado Estadual;12127;HELAINE COELHO;17;PDT;PDT
109;169;Deputado Estadual;13123;MISSIAS DO MST;4;PT;(PT/PC do B/PV)
109;169;Deputado Estadual;13132;ACRISIO SENA;12;PT;(PT/PC do B/PV)
109;169;Deputado Estadual;13333;MOISES BRAZ;5;PT;(PT/PC do B/PV)
109;169;Deputado Estadual;13456;DE ASSIS DINIZ;1;PT;(PT/PC do B/PV)
109;169;Deputado Estadual;13777;NIZO;15;PT;(PT/PC do B/PV)
109;169;Deputado Estadual;13789;JULINHO;7;PT;(PT/PC do B/PV)
109;169;Deputado Estadual;15123;AUDIC MOTA;1;MDB;MDB
109;169;Deputado Estadual;15151;LEONARDO ARAÚJO;1;MDB;MDB
109;169;Deputado Estadual;15888;AGENOR NETO;5;MDB;MDB
109;169;Deputado Estadual;22010;BEZERRA DE MENESES;3;PL;PL
109;169;Deputado Estadual;22022;CARMELO NETO;3;PL;PL
109;169;Deputado Estadual;22111;PEDRO MATOS;2;PL;PL
109;169;Deputado Estadual;22222;PR.ALCIDES FERNANDES;3;PL;PL
109;169;Deputado Estadual;22555;MARTA GONÇALVES;80;PL;PL
109;169;Deputado Estadual;22777;DRA SILVANA;10;PL;PL
109;169;Deputado Estadual;23123;LUANA RIBEIRO;1;CIDADANIA;(PSDB/CIDADANIA)
109;169;Deputado Estadual;30000;DR. ISAQUE RABELO;1;NOVO;NOVO
109;169;Deputado Estadual;36666;PAI GERSON;1;AGIR;AGIR
109;169;Deputado Estadual;40101;WILSON SAMPAIO;1;PSB;PSB
109;169;Deputado Estadual;43123;MARTA FREITAS;1;PV;(PT/PC do B/PV)
109;169;Deputado Estadual;43222;REGINALDO CASTRO;1;PV;(PT/PC do B/PV)
109;169;Deputado Estadual;44027;PROFESSOR CARDOSO NETO;1;UNIÃO;UNIÃO
109;169;Deputado Estadual;44444;ENEAS GOES;1;UNIÃO;UNIÃO
109;169;Deputado Estadual;44567;MAGNOLIA ROCHA;2;UNIÃO;UNIÃO
109;169;Deputado Estadual;44777;FIRMO CAMURÇA;17;UNIÃO;UNIÃO
109;169;Deputado Estadual;45123;EMILIA PESSOA;3;PSDB;(PSDB/CIDADANIA)
109;169;Deputado Estadual;50013;LÉO SURICATE;1;PSOL;(PSOL/REDE)
109;169;Deputado Estadual;50500;RENATO ROSENO;2;PSOL;(PSOL/REDE)
109;169;Deputado Estadual;55555;GABRIELLA AGUIAR;1;PSD;PSD
109;169;Deputado Estadual;65013;PROFESSOR ANÍZIO;1;PC do B;(PT/PC do B/PV)
109;169;Deputado Estadual;65234;CACIKA IRÊ;1;PC do B;(PT/PC do B/PV)
109;169;Deputado Estadual;70000;TAM DE OLIVEIRA;1;AVANTE;AVANTE
109;169;Deputado Estadual;70123;TOMAZ HOLANDA;3;AVANTE;AVANTE
109;169;Deputado Estadual;70190;SARGENTO DOUGLAS;3;AVANTE;AVANTE
109;169;Deputado Estadual;70670;LUZIA SANTOS;1;AVANTE;AVANTE
109;169;Deputado Estadual;11;LEGENDA PP;1;PP;PP
109;169;Deputado Estadual;12;LEGENDA PDT;1;PDT;PDT
109;169;Deputado Estadual;13;LEGENDA PT;10;PT;PT
109;169;Deputado Estadual;40;LEGENDA PSB;1;PSB;PSB
109;169;Deputado Estadual;45;LEGENDA PSDB;1;PSDB;PSDB
109;169;Deputado Estadual;55;LEGENDA PSD;2;PSD;PSD
109;169;Deputado Estadual;95;BRANCOS;12;;
109;169;Deputado Estadual;96;NULOS;10;;
109;170;Presidente;12;CIRO GOMES;16;PDT;PDT
109;170;Presidente;13;LULA;158;PT;(PT/PC do B/PV), SOLIDARIEDADE, (PSOL/REDE), PSB, AGIR, AVANTE, PROS
109;170;Presidente;14;PADRE KELMON;1;PTB;PTB
109;170;Presidente;15;SIMONE TEBET;3;MDB;MDB, (PSDB/CIDADANIA), PODE
109;170;Presidente;22;JAIR BOLSONARO;80;PL;PP, REPUBLICANOS, PL
109;170;Presidente;44;SORAYA THRONICKE;1;UNIÃO;UNIÃO
109;170;Presidente;95;BRANCOS;4;;
109;170;Presidente;96;NULOS;6;;
109;170;Governador;12;ROBERTO CLÁUDIO;8;PDT;PMN, PATRIOTA, AGIR, PMB, PDT, PSD, PSB, PSC, DC
109;170;Governador;13;ELMANO DE FREITAS;139;PT;(PT/PC do B/PV), PP, MDB, PRTB, (PSOL/REDE), SOLIDARIEDADE
109;170;Governador;44;CAPITÃO WAGNER;92;UNIÃO;PODE, AVANTE, PL, REPUBLICANOS, PTB, PROS, UNIÃO
109;170;Governador;95;BRANCOS;12;;
109;170;Governador;96;NULOS;18;;
109;170;Senador;131;CAMILO;149;PT;(PT/PC do B/PV), MDB, PRTB, (PSOL/REDE), SOLIDARIEDADE, PP
109;170;Senador;555;ERIKA AMORIM;2;PSD;PSB, AGIR, DC, PMB, PDT, PSD, PMN, PATRIOTA, PSC
109;170;Senador;700;KAMILA CARDOSO;80;AVANTE;AVANTE, UNIÃO, PTB, REPUBLICANOS, PROS, PL, PODE
109;170;Senador;95;BRANCOS;21;;
109;170;Senador;96;NULOS;17;;
109;170;Deputado Federal;1000;BISPA VANESSA LIMA;1;REPUBLICANOS;REPUBLICANOS
109;170;Deputado Federal;1010;RONALDO MARTINS;2;REPUBLICANOS;REPUBLICANOS
109;170;Deputado Federal;1020;ERLAN BASTOS;1;REPUBLICANOS;REPUBLICANOS
109;170;Deputado Federal;1111;AJ ALBUQUERQUE;2;PP;PP
109;170;Deputado Federal;1112;GOMES FARIAS;1;PP;PP
109;170;Deputado Federal;1213;IDILVAN;5;PDT;PDT
109;170;Deputado Federal;1214;EDUARDO BISMARCK;5;PDT;PDT
109;170;Deputado Federal;1222;ROSÂNIA RAMALHO;1;PDT;PDT
109;170;Deputado Federal;1277;ADAIL JR;1;PDT;PDT
109;170;Deputado Federal;1292;ENFERMEIRA ANA PAULA;1;PDT;PDT
109;170;Deputado Federal;1311;LOURDINHA FELIX;2;PT;(PT/PC do B/PV)
109;170;Deputado Federal;1313;LUIZIANNE LINS;20;PT;(PT/PC do B/PV)
109;170;Deputado Federal;1322;GUIMARÃES DO PT;6;PT;(PT/PC do B/PV)
109;170;Deputado Federal;1533;EUNÍCIO;7;MDB;MDB
109;170;Deputado Federal;1588;REGINA VILLELA;1;MDB;MDB
109;170;Deputado Federal;2210;CORONEL AGINALDO;2;PL;PL
109;170;Deputado Federal;2211;YURY DO PAREDÃO;5;PL;PL
109;170;Deputado Federal;2222;ANDRÉ FERNANDES;4;PL;PL
109;170;Deputado Federal;2255;JÚNIOR MANO;6;PL;PL
109;170;Deputado Federal;2277;DR JAZIEL;5;PL;PL
109;170;Deputado Federal;2299;MATHEUS NORONHA;26;PL;PL
109;170;Deputado Federal;4000;DENIS BEZERRA;1;PSB;PSB
109;170;Deputado Federal;4400;LUIZ CARLOS JR;1;UNIÃO;UNIÃO
109;170;Deputado Federal;4410;CARLOS MATOS;4;UNIÃO;UNIÃO
109;170;Deputado Federal;4444;HEITOR FREIRE;2;UNIÃO;UNIÃO
109;170;Deputado Federal;4445;DAMIÃO TENORIO;1;UNIÃO;UNIÃO
109;170;Deputado Federal;4447;DANILO FORTE;4;UNIÃO;UNIÃO
109;170;Deputado Federal;4456;DAYANY DO CAPITÃO;2;UNIÃO;UNIÃO
109;170;Deputado Federal;4477;FERNANDA PESSOA;8;UNIÃO;UNIÃO
109;170;Deputado Federal;4488;MOSES RODRIGUES;5;UNIÃO;UNIÃO
109;170;Deputado Federal;4490;SOLDADO NOELIO;1;UNIÃO;UNIÃO
109;170;Deputado Federal;4512;SARGENTO GERSON;1;PSDB;(PSDB/CIDADANIA)
109;170;Deputado Federal;5511;CÉLIO STUDART;1;PSD;PSD
109;170;Deputado Federal;5555;DOMINGOS NETO;100;PSD;PSD
109;170;Deputado Federal;5588;ELIANE BRAZ;8;PSD;PSD
109;170;Deputado Federal;6565;INÁCIO ARRUDA;1;PC do B;(PT/PC do B/PV)
109;170;Deputado Federal;11;LEGENDA PP;2;PP;PP
109;170;Deputado Federal;13;LEGENDA PT;2;PT;PT
109;170;Deputado Federal;36;LEGENDA AGIR;1;AGIR;AGIR
109;170;Deputado Federal;70;LEGENDA AVANTE;1;AVANTE;AVANTE
109;170;Deputado Federal;95;BRANCOS;13;;
109;170;Deputado Federal;96;NULOS;6;;
109;170;Deputado Estadual;10000;APÓSTOLO LUIZ HENRIQUE;2;REPUBLICANOS;REPUBLICANOS
109;170;Deputado Estadual;10123;DAVID DURAND;2;REPUBLICANOS;REPUBLICANOS
109;170;Deputado Estadual;11111;ZEZINHO ALBUQUERQUE;3;PP;PP
109;170;Deputado Estadual;11113;ALMIR BIÉ;17;PP;PP
109;170;Deputado Estadual;11444;LEONARDO PINHEIRO;3;PP;PP
109;170;Deputado Estadual;12123;CLÁUDIO PINHO;1;PDT;PDT
109;170;Deputado Estadual;12127;HELAINE COELHO;19;PDT;PDT
109;170;Deputado Estadual;13123;MISSIAS DO MST;4;PT;(PT/PC do B/PV)
109;170;Deputado Estadual;13131;MARI LACERDA;1;PT;(PT/PC do B/PV)
109;170;Deputado Estadual;13132;ACRISIO SENA;8;PT;(PT/PC do B/PV)
109;170;Deputado Estadual;13333;MOISES BRAZ;8;PT;(PT/PC do B/PV)
109;170;Deputado Estadual;13456;DE ASSIS DINIZ;2;PT;(PT/PC do B/PV)
109;170;Deputado Estadual;13777;NIZO;10;PT;(PT/PC do B/PV)
109;170;Deputado Estadual;13789;JULINHO;5;PT;(PT/PC do B/PV)
109;170;Deputado Estadual;15000;EDILARDO EUFRASIO;1;MDB;MDB
109;170;Deputado Estadual;15151;LEONARDO ARAÚJO;1;MDB;MDB
109;170;Deputado Estadual;15888;AGENOR NETO;6;MDB;MDB
109;170;Deputado Estadual;22010;BEZERRA DE MENESES;2;PL;PL
109;170;Deputado Estadual;22022;CARMELO NETO;2;PL;PL
109;170;Deputado Estadual;22222;PR.ALCIDES FERNANDES;2;PL;PL
109;170;Deputado Estadual;22555;MARTA GONÇALVES;80;PL;PL
109;170;Deputado Estadual;22777;DRA SILVANA;6;PL;PL
109;170;Deputado Estadual;23192;MARTINHA - A SAÚDE RESISTE;1;CIDADANIA;(PSDB/CIDADANIA)
109;170;Deputado Estadual;30000;DR. ISAQUE RABELO;1;NOVO;NOVO
109;170;Deputado Estadual;33123;ALCY PINHEIRO;1;PMN;PMN
109;170;Deputado Estadual;33193;DR JOÃO BATISTA;1;PMN;PMN
109;170;Deputado Estadual;43222;REGINALDO CASTRO;1;PV;(PT/PC do B/PV)
109;170;Deputado Estadual;44027;PROFESSOR CARDOSO NETO;1;UNIÃO;UNIÃO
109;170;Deputado Estadual;44556;PRISCILA ROCHA;1;UNIÃO;UNIÃO
109;170;Deputado Estadual;44567;MAGNOLIA ROCHA;2;UNIÃO;UNIÃO
109;170;Deputado Estadual;44777;FIRMO CAMURÇA;4;UNIÃO;UNIÃO
109;170;Deputado Estadual;44888;DR. OSCAR RODRIGUES;5;UNIÃO;UNIÃO
109;170;Deputado Estadual;45000;JORGE PINHEIRO;3;PSDB;(PSDB/CIDADANIA)
109;170;Deputado Estadual;45045;NATY HERCULANO;1;PSDB;(PSDB/CIDADANIA)
109;170;Deputado Estadual;45111;GORDIM ARAUJO;1;PSDB;(PSDB/CIDADANIA)
109;170;Deputado Estadual;45123;EMILIA PESSOA;4;PSDB;(PSDB/CIDADANIA)
109;170;Deputado Estadual;50013;LÉO SURICATE;1;PSOL;(PSOL/REDE)
109;170;Deputado Estadual;50500;RENATO ROSENO;1;PSOL;(PSOL/REDE)
109;170;Deputado Estadual;55222;DR TORRES;1;PSD;PSD
109;170;Deputado Estadual;65234;CACIKA IRÊ;1;PC do B;(PT/PC do B/PV)
109;170;Deputado Estadual;70123;TOMAZ HOLANDA;6;AVANTE;AVANTE
109;170;Deputado Estadual;70190;SARGENTO DOUGLAS;1;AVANTE;AVANTE
109;170;Deputado Estadual;70321;DANIEL BORGES;1;AVANTE;AVANTE
109;170;Deputado Estadual;70456;DUCA;1;AVANTE;AVANTE
109;170;Deputado Estadual;12;LEGENDA PDT;1;PDT;PDT
109;170;Deputado Estadual;13;LEGENDA PT;12;PT;PT
109;170;Deputado Estadual;44;LEGENDA UNIÃO;3;UNIÃO;UNIÃO
109;170;Deputado Estadual;45;LEGENDA PSDB;1;PSDB;PSDB
109;170;Deputado Estadual;55;LEGENDA PSD;4;PSD;PSD
109;170;Deputado Estadual;95;BRANCOS;15;;
109;170;Deputado Estadual;96;NULOS;8;;
109;171;Presidente;12;CIRO GOMES;11;PDT;PDT
109;171;Presidente;13;LULA;91;PT;(PT/PC do B/PV), SOLIDARIEDADE, (PSOL/REDE), PSB, AGIR, AVANTE, PROS
109;171;Presidente;15;SIMONE TEBET;3;MDB;MDB, (PSDB/CIDADANIA), PODE
109;171;Presidente;22;JAIR BOLSONARO;31;PL;PP, REPUBLICANOS, PL
109;171;Presidente;95;BRANCOS;2;;
109;171;Presidente;96;NULOS;0;;
109;171;Governador;12;ROBERTO CLÁUDIO;8;PDT;PMN, PATRIOTA, AGIR, PMB, PDT, PSD, PSB, PSC, DC
109;171;Governador;13;ELMANO DE FREITAS;70;PT;(PT/PC do B/PV), PP, MDB, PRTB, (PSOL/REDE), SOLIDARIEDADE
109;171;Governador;16;ZÉ BATISTA;1;PSTU;PSTU
109;171;Governador;44;CAPITÃO WAGNER;45;UNIÃO;PODE, AVANTE, PL, REPUBLICANOS, PTB, PROS, UNIÃO
109;171;Governador;95;BRANCOS;10;;
109;171;Governador;96;NULOS;4;;
109;171;Senador;131;CAMILO;89;PT;(PT/PC do B/PV), MDB, PRTB, (PSOL/REDE), SOLIDARIEDADE, PP
109;171;Senador;555;ERIKA AMORIM;2;PSD;PSB, AGIR, DC, PMB, PDT, PSD, PMN, PATRIOTA, PSC
109;171;Senador;700;KAMILA CARDOSO;33;AVANTE;AVANTE, UNIÃO, PTB, REPUBLICANOS, PROS, PL, PODE
109;171;Senador;95;BRANCOS;9;;
109;171;Senador;96;NULOS;5;;
109;171;Deputado Federal;1010;RONALDO MARTINS;5;REPUBLICANOS;REPUBLICANOS
109;171;Deputado Federal;1213;IDILVAN;5;PDT;PDT
109;171;Deputado Federal;1214;EDUARDO BISMARCK;3;PDT;PDT
109;171;Deputado Federal;1313;LUIZIANNE LINS;14;PT;(PT/PC do B/PV)
109;171;Deputado Federal;1322;GUIMARÃES DO PT;1;PT;(PT/PC do B/PV)
109;171;Deputado Federal;1533;EUNÍCIO;5;MDB;MDB
109;171;Deputado Federal;2201;DELEGADO CAVALCANTE;2;PL;PL
109;171;Deputado Federal;2210;CORONEL AGINALDO;2;PL;PL
109;171;Deputado Federal;2211;YURY DO PAREDÃO;3;PL;PL
109;171;Deputado Federal;2222;ANDRÉ FERNANDES;5;PL;PL
109;171;Deputado Federal;2244;TADEU OLIVEIRA;1;PL;PL
109;171;Deputado Federal;2255;JÚNIOR MANO;4;PL;PL
109;171;Deputado Federal;2277;DR JAZIEL;2;PL;PL
109;171;Deputado Federal;2288;PRISCILA COSTA;3;PL;PL
109;171;Deputado Federal;2299;MATHEUS NORONHA;14;PL;PL
109;171;Deputado Federal;4400;LUIZ CARLOS JR;1;UNIÃO;UNIÃO
109;171;Deputado Federal;4444;HEITOR FREIRE;1;UNIÃO;UNIÃO
109;171;Deputado Federal;4445;DAMIÃO TENORIO;2;UNIÃO;UNIÃO
109;171;Deputado Federal;4477;FERNANDA PESSOA;5;UNIÃO;UNIÃO
109;171;Deputado Federal;4488;MOSES RODRIGUES;1;UNIÃO;UNIÃO
109;171;Deputado Federal;5055;GABRIEL BIOLOGIA;1;PSOL;(PSOL/REDE)
109;171;Deputado Federal;5511;CÉLIO STUDART;3;PSD;PSD
109;171;Deputado Federal;5555;DOMINGOS NETO;36;PSD;PSD
109;171;Deputado Federal;5588;ELIANE BRAZ;2;PSD;PSD
109;171;Deputado Federal;6565;INÁCIO ARRUDA;1;PC do B;(PT/PC do B/PV)
109;171;Deputado Federal;7040;CHICO ANTÔNIO;3;AVANTE;AVANTE
109;171;Deputado Federal;12;LEGENDA PDT;1;PDT;PDT
109;171;Deputado Federal;13;LEGENDA PT;2;PT;PT
109;171;Deputado Federal;55;LEGENDA PSD;1;PSD;PSD
109;171;Deputado Federal;95;BRANCOS;7;;
109;171;Deputado Federal;96;NULOS;2;;
109;171;Deputado Estadual;10022;SARGENTO MENEZES;3;REPUBLICANOS;REPUBLICANOS
109;171;Deputado Estadual;10123;DAVID DURAND;3;REPUBLICANOS;REPUBLICANOS
109;171;Deputado Estadual;11111;ZEZINHO ALBUQUERQUE;1;PP;PP
109;171;Deputado Estadual;11113;ALMIR BIÉ;11;PP;PP
109;171;Deputado Estadual;11123;ROSÁLIO DANIEL;1;PP;PP
109;171;Deputado Estadual;11444;LEONARDO PINHEIRO;3;PP;PP
109;171;Deputado Estadual;12127;HELAINE COELHO;9;PDT;PDT
109;171;Deputado Estadual;12222;OSMAR BAQUIT;1;PDT;PDT
109;171;Deputado Estadual;13123;MISSIAS DO MST;1;PT;(PT/PC do B/PV)
109;171;Deputado Estadual;13130;PROFESSORA TERESINHA;1;PT;(PT/PC do B/PV)
109;171;Deputado Estadual;13132;ACRISIO SENA;11;PT;(PT/PC do B/PV)
109;171;Deputado Estadual;13333;MOISES BRAZ;1;PT;(PT/PC do B/PV)
109;171;Deputado Estadual;13555;JULIANA LUCENA;1;PT;(PT/PC do B/PV)
109;171;Deputado Estadual;13777;NIZO;3;PT;(PT/PC do B/PV)
109;171;Deputado Estadual;13789;JULINHO;2;PT;(PT/PC do B/PV)
109;171;Deputado Estadual;15151;LEONARDO ARAÚJO;1;MDB;MDB
109;171;Deputado Estadual;15888;AGENOR NETO;10;MDB;MDB
109;171;Deputado Estadual;22010;BEZERRA DE MENESES;1;PL;PL
109;171;Deputado Estadual;22022;CARMELO NETO;3;PL;PL
109;171;Deputado Estadual;22222;PR.ALCIDES FERNANDES;2;PL;PL
109;171;Deputado Estadual;22555;MARTA GONÇALVES;29;PL;PL
109;171;Deputado Estadual;22556;DAVID PROARMAS;1;PL;PL
109;171;Deputado Estadual;22777;DRA SILVANA;2;PL;PL
109;171;Deputado Estadual;23123;LUANA RIBEIRO;1;CIDADANIA;(PSDB/CIDADANIA)
109;171;Deputado Estadual;30000;DR. ISAQUE RABELO;1;NOVO;NOVO
109;171;Deputado Estadual;44777;FIRMO CAMURÇA;8;UNIÃO;UNIÃO
109;171;Deputado Estadual;45123;EMILIA PESSOA;2;PSDB;(PSDB/CIDADANIA)
109;171;Deputado Estadual;55011;APOLLO VICZ;1;PSD;PSD
109;171;Deputado Estadual;55555;GABRIELLA AGUIAR;2;PSD;PSD
109;171;Deputado Estadual;70123;TOMAZ HOLANDA;7;AVANTE;AVANTE
109;171;Deputado Estadual;13;LEGENDA PT;4;PT;PT
109;171;Deputado Estadual;95;BRANCOS;10;;
109;171;Deputado Estadual;96;NULOS;1;;
109;172;Presidente;12;CIRO GOMES;9;PDT;PDT
109;172;Presidente;13;LULA;122;PT;(PT/PC do B/PV), SOLIDARIEDADE, (PSOL/REDE), PSB, AGIR, AVANTE, PROS
109;172;Presidente;15;SIMONE TEBET;6;MDB;MDB, (PSDB/CIDADANIA), PODE
109;172;Presidente;22;JAIR BOLSONARO;115;PL;PP, REPUBLICANOS, PL
109;172;Presidente;30;FELIPE D'AVILA;1;NOVO;NOVO
109;172;Presidente;44;SORAYA THRONICKE;3;UNIÃO;UNIÃO
109;172;Presidente;95;BRANCOS;1;;
109;172;Presidente;96;NULOS;5;;
109;172;Governador;12;ROBERTO CLÁUDIO;17;PDT;PMN, PATRIOTA, AGIR, PMB, PDT, PSD, PSB, PSC, DC
109;172;Governador;13;ELMANO DE FREITAS;95;PT;(PT/PC do B/PV), PP, MDB, PRTB, (PSOL/REDE), SOLIDARIEDADE
109;172;Governador;44;CAPITÃO WAGNER;135;UNIÃO;PODE, AVANTE, PL, REPUBLICANOS, PTB, PROS, UNIÃO
109;172;Governador;95;BRANCOS;2;;
109;172;Governador;96;NULOS;13;;
109;172;Senador;131;CAMILO;123;PT;(PT/PC do B/PV), MDB, PRTB, (PSOL/REDE), SOLIDARIEDADE, PP
109;172;Senador;555;ERIKA AMORIM;3;PSD;PSB, AGIR, DC, PMB, PDT, PSD, PMN, PATRIOTA, PSC
109;172;Senador;700;KAMILA CARDOSO;113;AVANTE;AVANTE, UNIÃO, PTB, REPUBLICANOS, PROS, PL, PODE
109;172;Senador;95;BRANCOS;9;;
109;172;Senador;96;NULOS;14;;
109;172;Deputado Federal;1010;RONALDO MARTINS;3;REPUBLICANOS;REPUBLICANOS
109;172;Deputado Federal;1023;PASTOR ABRAÃO;7;REPUBLICANOS;REPUBLICANOS
109;172;Deputado Federal;1111;AJ ALBUQUERQUE;1;PP;PP
109;172;Deputado Federal;1201;JULIO BRIZZI;1;PDT;PDT
109;172;Deputado Federal;1213;IDILVAN;13;PDT;PDT
109;172;Deputado Federal;1214;EDUARDO BISMARCK;10;PDT;PDT
109;172;Deputado Federal;1233;ROBÉRIO MONTEIRO;4;PDT;PDT
109;172;Deputado Federal;1234;ANDRÉ FIGUEIREDO;1;PDT;PDT
109;172;Deputado Federal;1251;ARNON BEZERRA;2;PDT;PDT
109;172;Deputado Federal;1277;ADAIL JR;1;PDT;PDT
109;172;Deputado Federal;1292;ENFERMEIRA ANA PAULA;2;PDT;PDT
109;172;Deputado Federal;1313;LUIZIANNE LINS;8;PT;(PT/PC do B/PV)
109;172;Deputado Federal;2200;DRA. MAYRA PINHEIRO;3;PL;PL
109;172;Deputado Federal;2201;DELEGADO CAVALCANTE;1;PL;PL
109;172;Deputado Federal;2210;CORONEL AGINALDO;4;PL;PL
109;172;Deputado Federal;2211;YURY DO PAREDÃO;2;PL;PL
109;172;Deputado Federal;2222;ANDRÉ FERNANDES;15;PL;PL
109;172;Deputado Federal;2233;GORETE PEREIRA;1;PL;PL
109;172;Deputado Federal;2255;JÚNIOR MANO;3;PL;PL
109;172;Deputado Federal;2277;DR JAZIEL;17;PL;PL
109;172;Deputado Federal;2288;PRISCILA COSTA;4;PL;PL
109;172;Deputado Federal;2299;MATHEUS NORONHA;11;PL;PL
109;172;Deputado Federal;2323;MORONI;1;CIDADANIA;(PSDB/CIDADANIA)
109;172;Deputado Federal;4000;DENIS BEZERRA;1;PSB;PSB
109;172;Deputado Federal;4410;CARLOS MATOS;1;UNIÃO;UNIÃO
109;172;Deputado Federal;4411;VANDERLAN ALVES;1;UNIÃO;UNIÃO
109;172;Deputado Federal;4433;DR. AGRIPINO MAGALHÃES;4;UNIÃO;UNIÃO
109;172;Deputado Federal;4444;HEITOR FREIRE;4;UNIÃO;UNIÃO
109;172;Deputado Federal;4445;DAMIÃO TENORIO;2;UNIÃO;UNIÃO
109;172;Deputado Federal;4447;DANILO FORTE;9;UNIÃO;UNIÃO
109;172;Deputado Federal;4456;DAYANY DO CAPITÃO;1;UNIÃO;UNIÃO
109;172;Deputado Federal;4477;FERNANDA PESSOA;5;UNIÃO;UNIÃO
109;172;Deputado Federal;4488;MOSES RODRIGUES;12;UNIÃO;UNIÃO
109;172;Deputado Federal;5055;GABRIEL BIOLOGIA;1;PSOL;(PSOL/REDE)
109;172;Deputado Federal;5511;CÉLIO STUDART;5;PSD;PSD
109;172;Deputado Federal;5533;LUIZ GASTÃO;8;PSD;PSD
109;172;Deputado Federal;5555;DOMINGOS NETO;65;PSD;PSD
109;172;Deputado Federal;5588;ELIANE BRAZ;4;PSD;PSD
109;172;Deputado Federal;6565;INÁCIO ARRUDA;1;PC do B;(PT/PC do B/PV)
109;172;Deputado Federal;7007;DR CADU;3;AVANTE;AVANTE
109;172;Deputado Federal;9010;NEGUINHO DOS OLHOS CASTANHOS;1;PROS;PROS
109;172;Deputado Federal;12;LEGENDA PDT;1;PDT;PDT
109;172;Deputado Federal;13;LEGENDA PT;4;PT;PT
109;172;Deputado Federal;22;LEGENDA PL;1;PL;PL
109;172;Deputado Federal;55;LEGENDA PSD;1;PSD;PSD
109;172;Deputado Federal;70;LEGENDA AVANTE;1;AVANTE;AVANTE
109;172;Deputado Federal;95;BRANCOS;4;;
109;172;Deputado Federal;96;NULOS;7;;
109;172;Deputado Estadual;10000;APÓSTOLO LUIZ HENRIQUE;3;REPUBLICANOS;REPUBLICANOS
109;172;Deputado Estadual;10123;DAVID DURAND;5;REPUBLICANOS;REPUBLICANOS
109;172;Deputado Estadual;10124;DUQUINHA;3;REPUBLICANOS;REPUBLICANOS
109;172;Deputado Estadual;11000;JOÃO JAIME;1;PP;PP
109;172;Deputado Estadual;11111;ZEZINHO ALBUQUERQUE;1;PP;PP
109;172;Deputado Estadual;11113;ALMIR BIÉ;13;PP;PP
109;172;Deputado Estadual;11444;LEONARDO PINHEIRO;3;PP;PP
109;172;Deputado Estadual;12000;EVANDRO LEITÃO;1;PDT;PDT
109;172;Deputado Estadual;12123;CLÁUDIO PINHO;8;PDT;PDT
109;172;Deputado Estadual;12127;HELAINE COELHO;27;PDT;PDT
109;172;Deputado Estadual;12333;MARCOS SOBREIRA;1;PDT;PDT
109;172;Deputado Estadual;12345;LIA GOMES;1;PDT;PDT
109;172;Deputado Estadual;13013;DRA. DENISE;1;PT;(PT/PC do B/PV)
109;172;Deputado Estadual;13123;MISSIAS DO MST;2;PT;(PT/PC do B/PV)
109;172;Deputado Estadual;13132;ACRISIO SENA;5;PT;(PT/PC do B/PV)
109;172;Deputado Estadual;13133;LARISSA GASPAR;1;PT;(PT/PC do B/PV)
109;172;Deputado Estadual;13456;DE ASSIS DINIZ;2;PT;(PT/PC do B/PV)
109;172;Deputado Estadual;13555;JULIANA LUCENA;2;PT;(PT/PC do B/PV)
109;172;Deputado Estadual;13777;NIZO;6;PT;(PT/PC do B/PV)
109;172;Deputado Estadual;13789;JULINHO;5;PT;(PT/PC do B/PV)
109;172;Deputado Estadual;15151;LEONARDO ARAÚJO;1;MDB;MDB
109;172;Deputado Estadual;15331;CLAUDIA HELENA;1;MDB;MDB
109;172;Deputado Estadual;15888;AGENOR NETO;2;MDB;MDB
109;172;Deputado Estadual;22010;BEZERRA DE MENESES;2;PL;PL
109;172;Deputado Estadual;22022;CARMELO NETO;8;PL;PL
109;172;Deputado Estadual;22111;PEDRO MATOS;1;PL;PL
109;172;Deputado Estadual;22200;PROF. JOÃO MENDES;1;PL;PL
109;172;Deputado Estadual;22222;PR.ALCIDES FERNANDES;3;PL;PL
109;172;Deputado Estadual;22333;DR THIAGO SALES;1;PL;PL
109;172;Deputado Estadual;22380;DUDU DIÓGENES;2;PL;PL
109;172;Deputado Estadual;22555;MARTA GONÇALVES;50;PL;PL
109;172;Deputado Estadual;22720;MILTON ANDRADE;1;PL;PL
109;172;Deputado Estadual;22722;PAULO BATTISTI;1;PL;PL
109;172;Deputado Estadual;22777;DRA SILVANA;21;PL;PL
109;172;Deputado Estadual;22999;QUEIROZ DO POVO;1;PL;PL
109;172;Deputado Estadual;23123;LUANA RIBEIRO;2;CIDADANIA;(PSDB/CIDADANIA)
109;172;Deputado Estadual;23190;TENENTE DANTAS;1;CIDADANIA;(PSDB/CIDADANIA)
109;172;Deputado Estadual;33123;ALCY PINHEIRO;2;PMN;PMN
109;172;Deputado Estadual;36190;CORONEL MARQUES;1;AGIR;AGIR
109;172;Deputado Estadual;44190;SARGENTO REGINAURO;1;UNIÃO;UNIÃO
109;172;Deputado Estadual;44333;HEITOR FÉRRER;1;UNIÃO;UNIÃO
109;172;Deputado Estadual;44447;ISABELLE MUNGUBA;2;UNIÃO;UNIÃO
109;172;Deputado Estadual;44567;MAGNOLIA ROCHA;6;UNIÃO;UNIÃO
109;172;Deputado Estadual;44774;ADRIANNO IMPERADOR;1;UNIÃO;UNIÃO
109;172;Deputado Estadual;44777;FIRMO CAMURÇA;4;UNIÃO;UNIÃO
109;172;Deputado Estadual;44888;DR. OSCAR RODRIGUES;12;UNIÃO;UNIÃO
109;172;Deputado Estadual;45123;EMILIA PESSOA;1;PSDB;(PSDB/CIDADANIA)
109;172;Deputado Estadual;45999;FERREIRA ARAGÃO;1;PSDB;(PSDB/CIDADANIA)
109;172;Deputado Estadual;50500;RENATO ROSENO;1;PSOL;(PSOL/REDE)
109;172;Deputado Estadual;55555;GABRIELLA AGUIAR;3;PSD;PSD
109;172;Deputado Estadual;65013;PROFESSOR ANÍZIO;5;PC do B;(PT/PC do B/PV)
109;172;Deputado Estadual;65234;CACIKA IRÊ;1;PC do B;(PT/PC do B/PV)
109;172;Deputado Estadual;70000;TAM DE OLIVEIRA;1;AVANTE;AVANTE
109;172;Deputado Estadual;70123;TOMAZ HOLANDA;9;AVANTE;AVANTE
109;172;Deputado Estadual;70777;CORONEL ADRIANIZIO PAULO;1;AVANTE;AVANTE
109;172;Deputado Estadual;90114;LINDON JONSON;1;PROS;PROS
109;172;Deputado Estadual;10;LEGENDA REPUBLICANOS;1;REPUBLICANOS;REPUBLICANOS
109;172;Deputado Estadual;12;LEGENDA PDT;1;PDT;PDT
109;172;Deputado Estadual;13;LEGENDA PT;1;PT;PT
109;172;Deputado Estadual;44;LEGENDA UNIÃO;2;UNIÃO;UNIÃO
109;172;Deputado Estadual;55;LEGENDA PSD;1;PSD;PSD
109;172;Deputado Estadual;95;BRANCOS;4;;
109;172;Deputado Estadual;96;NULOS;8;;
109;173;Presidente;12;CIRO GOMES;13;PDT;PDT
109;173;Presidente;13;LULA;133;PT;(PT/PC do B/PV), SOLIDARIEDADE, (PSOL/REDE), PSB, AGIR, AVANTE, PROS
109;173;Presidente;15;SIMONE TEBET;2;MDB;MDB, (PSDB/CIDADANIA), PODE
109;173;Presidente;22;JAIR BOLSONARO;104;PL;PP, REPUBLICANOS, PL
109;173;Presidente;30;FELIPE D'AVILA;1;NOVO;NOVO
109;173;Presidente;44;SORAYA THRONICKE;1;UNIÃO;UNIÃO
109;173;Presidente;95;BRANCOS;5;;
109;173;Presidente;96;NULOS;6;;
109;173;Governador;12;ROBERTO CLÁUDIO;17;PDT;PMN, PATRIOTA, AGIR, PMB, PDT, PSD, PSB, PSC, DC
109;173;Governador;13;ELMANO DE FREITAS;107;PT;(PT/PC do B/PV), PP, MDB, PRTB, (PSOL/REDE), SOLIDARIEDADE
109;173;Governador;44;CAPITÃO WAGNER;117;UNIÃO;PODE, AVANTE, PL, REPUBLICANOS, PTB, PROS, UNIÃO
109;173;Governador;95;BRANCOS;10;;
109;173;Governador;96;NULOS;14;;
109;173;Senador;131;CAMILO;138;PT;(PT/PC do B/PV), MDB, PRTB, (PSOL/REDE), SOLIDARIEDADE, PP
109;173;Senador;160;CARLOS SILVA;1;PSTU;PSTU
109;173;Senador;555;ERIKA AMORIM;2;PSD;PSB, AGIR, DC, PMB, PDT, PSD, PMN, PATRIOTA, PSC
109;173;Senador;700;KAMILA CARDOSO;88;AVANTE;AVANTE, UNIÃO, PTB, REPUBLICANOS, PROS, PL, PODE
109;173;Senador;95;BRANCOS;11;;
109;173;Senador;96;NULOS;25;;
109;173;Deputado Federal;1010;RONALDO MARTINS;8;REPUBLICANOS;REPUBLICANOS
109;173;Deputado Federal;1023;PASTOR ABRAÃO;3;REPUBLICANOS;REPUBLICANOS
109;173;Deputado Federal;1030;VERISSIMO FREITAS;1;REPUBLICANOS;REPUBLICANOS
109;173;Deputado Federal;1213;IDILVAN;12;PDT;PDT
109;173;Deputado Federal;1214;EDUARDO BISMARCK;11;PDT;PDT
109;173;Deputado Federal;1233;ROBÉRIO MONTEIRO;1;PDT;PDT
109;173;Deputado Federal;1234;ANDRÉ FIGUEIREDO;1;PDT;PDT
109;173;Deputado Federal;1292;ENFERMEIRA ANA PAULA;4;PDT;PDT
109;173;Deputado Federal;1313;LUIZIANNE LINS;10;PT;(PT/PC do B/PV)
109;173;Deputado Federal;1322;GUIMARÃES DO PT;2;PT;(PT/PC do B/PV)
109;173;Deputado Federal;1533;EUNÍCIO;6;MDB;MDB
109;173;Deputado Federal;2022;DRA CINTHIA BELINO;1;PSC;PSC
109;173;Deputado Federal;2201;DELEGADO CAVALCANTE;2;PL;PL
109;173;Deputado Federal;2210;CORONEL AGINALDO;3;PL;PL
109;173;Deputado Federal;2222;ANDRÉ FERNANDES;11;PL;PL
109;173;Deputado Federal;2233;GORETE PEREIRA;1;PL;PL
109;173;Deputado Federal;2277;DR JAZIEL;17;PL;PL
109;173;Deputado Federal;2288;PRISCILA COSTA;2;PL;PL
109;173;Deputado Federal;2299;MATHEUS NORONHA;15;PL;PL
109;173;Deputado Federal;4410;CARLOS MATOS;1;UNIÃO;UNIÃO
109;173;Deputado Federal;4422;JULIERME SENA;1;UNIÃO;UNIÃO
109;173;Deputado Federal;4440;CAETANO NETO;1;UNIÃO;UNIÃO
109;173;Deputado Federal;4445;DAMIÃO TENORIO;4;UNIÃO;UNIÃO
109;173;Deputado Federal;4447;DANILO FORTE;8;UNIÃO;UNIÃO
109;173;Deputado Federal;4456;DAYANY DO CAPITÃO;2;UNIÃO;UNIÃO
109;173;Deputado Federal;4477;FERNANDA PESSOA;10;UNIÃO;UNIÃO
109;173;Deputado Federal;4488;MOSES RODRIGUES;6;UNIÃO;UNIÃO
109;173;Deputado Federal;5055;GABRIEL BIOLOGIA;1;PSOL;(PSOL/REDE)
109;173;Deputado Federal;5511;CÉLIO STUDART;16;PSD;PSD
109;173;Deputado Federal;5533;LUIZ GASTÃO;7;PSD;PSD
109;173;Deputado Federal;5555;DOMINGOS NETO;68;PSD;PSD
109;173;Deputado Federal;5588;ELIANE BRAZ;3;PSD;PSD
109;173;Deputado Federal;6565;INÁCIO ARRUDA;3;PC do B;(PT/PC do B/PV)
109;173;Deputado Federal;7040;CHICO ANTÔNIO;1;AVANTE;AVANTE
109;173;Deputado Federal;13;LEGENDA PT;1;PT;PT
109;173;Deputado Federal;15;LEGENDA MDB;1;MDB;MDB
109;173;Deputado Federal;22;LEGENDA PL;1;PL;PL
109;173;Deputado Federal;44;LEGENDA UNIÃO;1;UNIÃO;UNIÃO
109;173;Deputado Federal;95;BRANCOS;8;;
109;173;Deputado Federal;96;NULOS;10;;
109;173;Deputado Estadual;10000;APÓSTOLO LUIZ HENRIQUE;1;REPUBLICANOS;REPUBLICANOS
109;173;Deputado Estadual;10123;DAVID DURAND;10;REPUBLICANOS;REPUBLICANOS
109;173;Deputado Estadual;10124;DUQUINHA;1;REPUBLICANOS;REPUBLICANOS
109;173;Deputado Estadual;10190;EVALDO COSTA;1;REPUBLICANOS;REPUBLICANOS
109;173;Deputado Estadual;11111;ZEZINHO ALBUQUERQUE;4;PP;PP
109;173;Deputado Estadual;11113;ALMIR BIÉ;14;PP;PP
109;173;Deputado Estadual;11444;LEONARDO PINHEIRO;3;PP;PP
109;173;Deputado Estadual;12000;EVANDRO LEITÃO;2;PDT;PDT
109;173;Deputado Estadual;12114;GUILHERME LANDIM;1;PDT;PDT
109;173;Deputado Estadual;12123;CLÁUDIO PINHO;3;PDT;PDT
109;173;Deputado Estadual;12127;HELAINE COELHO;30;PDT;PDT
109;173;Deputado Estadual;12888;SERGIO AGUIAR;1;PDT;PDT
109;173;Deputado Estadual;13123;MISSIAS DO MST;1;PT;(PT/PC do B/PV)
109;173;Deputado Estadual;13131;MARI LACERDA;1;PT;(PT/PC do B/PV)
109;173;Deputado Estadual;13132;ACRISIO SENA;5;PT;(PT/PC do B/PV)
109;173;Deputado Estadual;13133;LARISSA GASPAR;2;PT;(PT/PC do B/PV)
109;173;Deputado Estadual;13234;GUILHERME SAMPAIO;1;PT;(PT/PC do B/PV)
109;173;Deputado Estadual;13333;MOISES BRAZ;2;PT;(PT/PC do B/PV)
109;173;Deputado Estadual;13456;DE ASSIS DINIZ;1;PT;(PT/PC do B/PV)
109;173;Deputado Estadual;13555;JULIANA LUCENA;1;PT;(PT/PC do B/PV)
109;173;Deputado Estadual;13777;NIZO;5;PT;(PT/PC do B/PV)
109;173;Deputado Estadual;13789;JULINHO;6;PT;(PT/PC do B/PV)
109;173;Deputado Estadual;15115;CARLOS BANDEIRA;1;MDB;MDB
109;173;Deputado Estadual;15123;AUDIC MOTA;2;MDB;MDB
109;173;Deputado Estadual;15888;AGENOR NETO;6;MDB;MDB
109;173;Deputado Estadual;22010;BEZERRA DE MENESES;3;PL;PL
109;173;Deputado Estadual;22022;CARMELO NETO;2;PL;PL
109;173;Deputado Estadual;22111;PEDRO MATOS;3;PL;PL
109;173;Deputado Estadual;22222;PR.ALCIDES FERNANDES;4;PL;PL
109;173;Deputado Estadual;22345;SIMONE MATIAS;1;PL;PL
109;173;Deputado Estadual;22380;DUDU DIÓGENES;1;PL;PL
109;173;Deputado Estadual;22555;MARTA GONÇALVES;51;PL;PL
109;173;Deputado Estadual;22777;DRA SILVANA;18;PL;PL
109;173;Deputado Estadual;23192;MARTINHA - A SAÚDE RESISTE;3;CIDADANIA;(PSDB/CIDADANIA)
109;173;Deputado Estadual;30000;DR. ISAQUE RABELO;1;NOVO;NOVO
109;173;Deputado Estadual;33145;DR DANIEL VIANA;1;PMN;PMN
109;173;Deputado Estadual;43640;WALTER CAVALCANTE;1;PV;(PT/PC do B/PV)
109;173;Deputado Estadual;44111;FELIPE MOTA;1;UNIÃO;UNIÃO
109;173;Deputado Estadual;44190;SARGENTO REGINAURO;1;UNIÃO;UNIÃO
109;173;Deputado Estadual;44567;MAGNOLIA ROCHA;4;UNIÃO;UNIÃO
109;173;Deputado Estadual;44777;FIRMO CAMURÇA;8;UNIÃO;UNIÃO
109;173;Deputado Estadual;44888;DR. OSCAR RODRIGUES;6;UNIÃO;UNIÃO
109;173;Deputado Estadual;45000;JORGE PINHEIRO;2;PSDB;(PSDB/CIDADANIA)
109;173;Deputado Estadual;45123;EMILIA PESSOA;1;PSDB;(PSDB/CIDADANIA)
109;173;Deputado Estadual;45777;MARIA DO POVO;1;PSDB;(PSDB/CIDADANIA)
109;173;Deputado Estadual;50013;LÉO SURICATE;2;PSOL;(PSOL/REDE)
109;173;Deputado Estadual;50444;ZULEIDE QUEIROZ;1;PSOL;(PSOL/REDE)
109;173;Deputado Estadual;50500;RENATO ROSENO;1;PSOL;(PSOL/REDE)
109;173;Deputado Estadual;55011;APOLLO VICZ;1;PSD;PSD
109;173;Deputado Estadual;55777;WAGNER CASTRO;1;PSD;PSD
109;173;Deputado Estadual;55888;KEIVIA DIAS;1;PSD;PSD
109;173;Deputado Estadual;65234;CACIKA IRÊ;1;PC do B;(PT/PC do B/PV)
109;173;Deputado Estadual;70123;TOMAZ HOLANDA;8;AVANTE;AVANTE
109;173;Deputado Estadual;70222;STUART CASTRO;2;AVANTE;AVANTE
109;173;Deputado Estadual;70321;DANIEL BORGES;1;AVANTE;AVANTE
109;173;Deputado Estadual;13;LEGENDA PT;4;PT;PT
109;173;Deputado Estadual;14;LEGENDA PTB;1;PTB;PTB
109;173;Deputado Estadual;22;LEGENDA PL;1;PL;PL
109;173;Deputado Estadual;55;LEGENDA PSD;2;PSD;PSD
109;173;Deputado Estadual;65;LEGENDA PC do B;1;PC do B;PC do B
109;173;Deputado Estadual;70;LEGENDA AVANTE;1;AVANTE;AVANTE
109;173;Deputado Estadual;95;BRANCOS;6;;
109;173;Deputado Estadual;96;NULOS;12;;
109;174;Presidente;12;CIRO GOMES;20;PDT;PDT
109;174;Presidente;13;LULA;137;PT;(PT/PC do B/PV), SOLIDARIEDADE, (PSOL/REDE), PSB, AGIR, AVANTE, PROS
109;174;Presidente;15;SIMONE TEBET;3;MDB;MDB, (PSDB/CIDADANIA), PODE
109;174;Presidente;22;JAIR BOLSONARO;90;PL;PP, REPUBLICANOS, PL
109;174;Presidente;95;BRANCOS;6;;
109;174;Presidente;96;NULOS;8;;
109;174;Governador;12;ROBERTO CLÁUDIO;20;PDT;PMN, PATRIOTA, AGIR, PMB, PDT, PSD, PSB, PSC, DC
109;174;Governador;13;ELMANO DE FREITAS;110;PT;(PT/PC do B/PV), PP, MDB, PRTB, (PSOL/REDE), SOLIDARIEDADE
109;174;Governador;44;CAPITÃO WAGNER;108;UNIÃO;PODE, AVANTE, PL, REPUBLICANOS, PTB, PROS, UNIÃO
109;174;Governador;95;BRANCOS;11;;
109;174;Governador;96;NULOS;15;;
109;174;Senador;131;CAMILO;141;PT;(PT/PC do B/PV), MDB, PRTB, (PSOL/REDE), SOLIDARIEDADE, PP
109;174;Senador;555;ERIKA AMORIM;3;PSD;PSB, AGIR, DC, PMB, PDT, PSD, PMN, PATRIOTA, PSC
109;174;Senador;700;KAMILA CARDOSO;78;AVANTE;AVANTE, UNIÃO, PTB, REPUBLICANOS, PROS, PL, PODE
109;174;Senador;95;BRANCOS;14;;
109;174;Senador;96;NULOS;28;;
109;174;Deputado Federal;1000;BISPA VANESSA LIMA;1;REPUBLICANOS;REPUBLICANOS
109;174;Deputado Federal;1010;RONALDO MARTINS;2;REPUBLICANOS;REPUBLICANOS
109;174;Deputado Federal;1023;PASTOR ABRAÃO;3;REPUBLICANOS;REPUBLICANOS
109;174;Deputado Federal;1111;AJ ALBUQUERQUE;1;PP;PP
109;174;Deputado Federal;1201;JULIO BRIZZI;1;PDT;PDT
109;174;Deputado Federal;1212;LEÔNIDAS CRISTINO;2;PDT;PDT
109;174;Deputado Federal;1213;IDILVAN;14;PDT;PDT
109;174;Deputado Federal;1214;EDUARDO BISMARCK;13;PDT;PDT
109;174;Deputado Federal;1233;ROBÉRIO MONTEIRO;2;PDT;PDT
109;174;Deputado Federal;1234;ANDRÉ FIGUEIREDO;2;PDT;PDT
109;174;Deputado Federal;1313;LUIZIANNE LINS;3;PT;(PT/PC do B/PV)
109;174;Deputado Federal;1321;CHRISTIANNE COELHO;1;PT;(PT/PC do B/PV)
109;174;Deputado Federal;1322;GUIMARÃES DO PT;1;PT;(PT/PC do B/PV)
109;174;Deputado Federal;1515;MOACENY FÉLIX;1;MDB;MDB
109;174;Deputado Federal;2200;DRA. MAYRA PINHEIRO;3;PL;PL
109;174;Deputado Federal;2201;DELEGADO CAVALCANTE;1;PL;PL
109;174;Deputado Federal;2210;CORONEL AGINALDO;4;PL;PL
109;174;Deputado Federal;2222;ANDRÉ FERNANDES;16;PL;PL
109;174;Deputado Federal;2233;GORETE PEREIRA;1;PL;PL
109;174;Deputado Federal;2255;JÚNIOR MANO;1;PL;PL
109;174;Deputado Federal;2277;DR JAZIEL;9;PL;PL
109;174;Deputado Federal;2288;PRISCILA COSTA;7;PL;PL
109;174;Deputado Federal;2299;MATHEUS NORONHA;15;PL;PL
109;174;Deputado Federal;4400;LUIZ CARLOS JR;1;UNIÃO;UNIÃO
109;174;Deputado Federal;4410;CARLOS MATOS;3;UNIÃO;UNIÃO
109;174;Deputado Federal;4422;JULIERME SENA;1;UNIÃO;UNIÃO
109;174;Deputado Federal;4433;DR. AGRIPINO MAGALHÃES;2;UNIÃO;UNIÃO
109;174;Deputado Federal;4444;HEITOR FREIRE;4;UNIÃO;UNIÃO
109;174;Deputado Federal;4445;DAMIÃO TENORIO;5;UNIÃO;UNIÃO
109;174;Deputado Federal;4447;DANILO FORTE;7;UNIÃO;UNIÃO
109;174;Deputado Federal;4456;DAYANY DO CAPITÃO;2;UNIÃO;UNIÃO
109;174;Deputado Federal;4477;FERNANDA PESSOA;2;UNIÃO;UNIÃO
109;174;Deputado Federal;4488;MOSES RODRIGUES;11;UNIÃO;UNIÃO
109;174;Deputado Federal;4490;SOLDADO NOELIO;1;UNIÃO;UNIÃO
109;174;Deputado Federal;5005;ANNA KARINA VOZES FEMINISTAS;1;PSOL;(PSOL/REDE)
109;174;Deputado Federal;5050;AILTON LOPES;2;PSOL;(PSOL/REDE)
109;174;Deputado Federal;5055;GABRIEL BIOLOGIA;3;PSOL;(PSOL/REDE)
109;174;Deputado Federal;5511;CÉLIO STUDART;11;PSD;PSD
109;174;Deputado Federal;5533;LUIZ GASTÃO;8;PSD;PSD
109;174;Deputado Federal;5555;DOMINGOS NETO;74;PSD;PSD
109;174;Deputado Federal;5588;ELIANE BRAZ;2;PSD;PSD
109;174;Deputado Federal;6565;INÁCIO ARRUDA;1;PC do B;(PT/PC do B/PV)
109;174;Deputado Federal;7012;LURDENIS VIEIRA;1;AVANTE;AVANTE
109;174;Deputado Federal;12;LEGENDA PDT;2;PDT;PDT
109;174;Deputado Federal;13;LEGENDA PT;2;PT;PT
109;174;Deputado Federal;95;BRANCOS;8;;
109;174;Deputado Federal;96;NULOS;6;;
109;174;Deputado Estadual;10000;APÓSTOLO LUIZ HENRIQUE;4;REPUBLICANOS;REPUBLICANOS
109;174;Deputado Estadual;10123;DAVID DURAND;1;REPUBLICANOS;REPUBLICANOS
109;174;Deputado Estadual;11111;ZEZINHO ALBUQUERQUE;4;PP;PP
109;174;Deputado Estadual;11113;ALMIR BIÉ;10;PP;PP
109;174;Deputado Estadual;11222;DR VICTOR GURGEL;1;PP;PP
109;174;Deputado Estadual;11444;LEONARDO PINHEIRO;9;PP;PP
109;174;Deputado Estadual;12000;EVANDRO LEITÃO;4;PDT;PDT
109;174;Deputado Estadual;12123;CLÁUDIO PINHO;5;PDT;PDT
109;174;Deputado Estadual;12127;HELAINE COELHO;29;PDT;PDT
109;174;Deputado Estadual;12300;QUEIROZ FILHO;1;PDT;PDT
109;174;Deputado Estadual;12344;JANNE RUTH;1;PDT;PDT
109;174;Deputado Estadual;12345;LIA GOMES;1;PDT;PDT
109;174;Deputado Estadual;12444;JEOVÁ MOTA;1;PDT;PDT
109;174;Deputado Estadual;12600;TIN GOMES;1;PDT;PDT
109;174;Deputado Estadual;13123;MISSIAS DO MST;2;PT;(PT/PC do B/PV)
109;174;Deputado Estadual;13131;MARI LACERDA;2;PT;(PT/PC do B/PV)
109;174;Deputado Estadual;13132;ACRISIO SENA;2;PT;(PT/PC do B/PV)
109;174;Deputado Estadual;13333;MOISES BRAZ;2;PT;(PT/PC do B/PV)
109;174;Deputado Estadual;13456;DE ASSIS DINIZ;2;PT;(PT/PC do B/PV)
109;174;Deputado Estadual;13777;NIZO;2;PT;(PT/PC do B/PV)
109;174;Deputado Estadual;13789;JULINHO;9;PT;(PT/PC do B/PV)
109;174;Deputado Estadual;15115;CARLOS BANDEIRA;2;MDB;MDB
109;174;Deputado Estadual;15888;AGENOR NETO;3;MDB;MDB
109;174;Deputado Estadual;22010;BEZERRA DE MENESES;2;PL;PL
109;174;Deputado Estadual;22022;CARMELO NETO;4;PL;PL
109;174;Deputado Estadual;22222;PR.ALCIDES FERNANDES;6;PL;PL
109;174;Deputado Estadual;22380;DUDU DIÓGENES;2;PL;PL
109;174;Deputado Estadual;22422;DR MARCELO;1;PL;PL
109;174;Deputado Estadual;22555;MARTA GONÇALVES;51;PL;PL
109;174;Deputado Estadual;22556;DAVID PROARMAS;1;PL;PL
109;174;Deputado Estadual;22720;MILTON ANDRADE;3;PL;PL
109;174;Deputado Estadual;22777;DRA SILVANA;12;PL;PL
109;174;Deputado Estadual;23123;LUANA RIBEIRO;1;CIDADANIA;(PSDB/CIDADANIA)
109;174;Deputado Estadual;43640;WALTER CAVALCANTE;1;PV;(PT/PC do B/PV)
109;174;Deputado Estadual;44111;FELIPE MOTA;1;UNIÃO;UNIÃO
109;174;Deputado Estadual;44447;ISABELLE MUNGUBA;1;UNIÃO;UNIÃO
109;174;Deputado Estadual;44556;PRISCILA ROCHA;1;UNIÃO;UNIÃO
109;174;Deputado Estadual;44567;MAGNOLIA ROCHA;7;UNIÃO;UNIÃO
109;174;Deputado Estadual;44777;FIRMO CAMURÇA;2;UNIÃO;UNIÃO
109;174;Deputado Estadual;44888;DR. OSCAR RODRIGUES;7;UNIÃO;UNIÃO
109;174;Deputado Estadual;45000;JORGE PINHEIRO;2;PSDB;(PSDB/CIDADANIA)
109;174;Deputado Estadual;45123;EMILIA PESSOA;1;PSDB;(PSDB/CIDADANIA)
109;174;Deputado Estadual;50013;LÉO SURICATE;2;PSOL;(PSOL/REDE)
109;174;Deputado Estadual;50500;RENATO ROSENO;5;PSOL;(PSOL/REDE)
109;174;Deputado Estadual;55011;APOLLO VICZ;1;PSD;PSD
109;174;Deputado Estadual;55333;SIMÃO PEDRO;1;PSD;PSD
109;174;Deputado Estadual;55555;GABRIELLA AGUIAR;1;PSD;PSD
109;174;Deputado Estadual;65013;PROFESSOR ANÍZIO;1;PC do B;(PT/PC do B/PV)
109;174;Deputado Estadual;65234;CACIKA IRÊ;1;PC do B;(PT/PC do B/PV)
109;174;Deputado Estadual;70000;TAM DE OLIVEIRA;2;AVANTE;AVANTE
109;174;Deputado Estadual;70123;TOMAZ HOLANDA;11;AVANTE;AVANTE
109;174;Deputado Estadual;11;LEGENDA PP;1;PP;PP
109;174;Deputado Estadual;12;LEGENDA PDT;3;PDT;PDT
109;174;Deputado Estadual;13;LEGENDA PT;2;PT;PT
109;174;Deputado Estadual;15;LEGENDA MDB;2;MDB;MDB
109;174;Deputado Estadual;22;LEGENDA PL;3;PL;PL
109;174;Deputado Estadual;33;LEGENDA PMN;1;PMN;PMN
109;174;Deputado Estadual;44;LEGENDA UNIÃO;3;UNIÃO;UNIÃO
109;174;Deputado Estadual;70;LEGENDA AVANTE;2;AVANTE;AVANTE
109;174;Deputado Estadual;95;BRANCOS;10;;
109;174;Deputado Estadual;96;NULOS;8;;
109;175;Presidente;12;CIRO GOMES;17;PDT;PDT
109;175;Presidente;13;LULA;132;PT;(PT/PC do B/PV), SOLIDARIEDADE, (PSOL/REDE), PSB, AGIR, AVANTE, PROS
109;175;Presidente;15;SIMONE TEBET;4;MDB;MDB, (PSDB/CIDADANIA), PODE
109;175;Presidente;22;JAIR BOLSONARO;90;PL;PP, REPUBLICANOS, PL
109;175;Presidente;44;SORAYA THRONICKE;1;UNIÃO;UNIÃO
109;175;Presidente;95;BRANCOS;1;;
109;175;Presidente;96;NULOS;10;;
109;175;Governador;12;ROBERTO CLÁUDIO;24;PDT;PMN, PATRIOTA, AGIR, PMB, PDT, PSD, PSB, PSC, DC
109;175;Governador;13;ELMANO DE FREITAS;99;PT;(PT/PC do B/PV), PP, MDB, PRTB, (PSOL/REDE), SOLIDARIEDADE
109;175;Governador;44;CAPITÃO WAGNER;110;UNIÃO;PODE, AVANTE, PL, REPUBLICANOS, PTB, PROS, UNIÃO
109;175;Governador;95;BRANCOS;5;;
109;175;Governador;96;NULOS;17;;
109;175;Senador;131;CAMILO;133;PT;(PT/PC do B/PV), MDB, PRTB, (PSOL/REDE), SOLIDARIEDADE, PP
109;175;Senador;555;ERIKA AMORIM;5;PSD;PSB, AGIR, DC, PMB, PDT, PSD, PMN, PATRIOTA, PSC
109;175;Senador;700;KAMILA CARDOSO;88;AVANTE;AVANTE, UNIÃO, PTB, REPUBLICANOS, PROS, PL, PODE
109;175;Senador;95;BRANCOS;10;;
109;175;Senador;96;NULOS;19;;
109;175;Deputado Federal;1010;RONALDO MARTINS;2;REPUBLICANOS;REPUBLICANOS
109;175;Deputado Federal;1023;PASTOR ABRAÃO;5;REPUBLICANOS;REPUBLICANOS
109;175;Deputado Federal;1030;VERISSIMO FREITAS;2;REPUBLICANOS;REPUBLICANOS
109;175;Deputado Federal;1111;AJ ALBUQUERQUE;1;PP;PP
109;175;Deputado Federal;1212;LEÔNIDAS CRISTINO;2;PDT;PDT
109;175;Deputado Federal;1213;IDILVAN;11;PDT;PDT
109;175;Deputado Federal;1214;EDUARDO BISMARCK;13;PDT;PDT
109;175;Deputado Federal;1221;MAURO FILHO;1;PDT;PDT
109;175;Deputado Federal;1233;ROBÉRIO MONTEIRO;5;PDT;PDT
109;175;Deputado Federal;1251;ARNON BEZERRA;1;PDT;PDT
109;175;Deputado Federal;1277;ADAIL JR;2;PDT;PDT
109;175;Deputado Federal;1292;ENFERMEIRA ANA PAULA;1;PDT;PDT
109;175;Deputado Federal;1313;LUIZIANNE LINS;7;PT;(PT/PC do B/PV)
109;175;Deputado Federal;1322;GUIMARÃES DO PT;1;PT;(PT/PC do B/PV)
109;175;Deputado Federal;1333;JOSE AIRTON;2;PT;(PT/PC do B/PV)
109;175;Deputado Federal;1456;DR MARIGESIO;1;PTB;PTB
109;175;Deputado Federal;1533;EUNÍCIO;5;MDB;MDB
109;175;Deputado Federal;2069;REGININHA DUARTE;1;PSC;PSC
109;175;Deputado Federal;2200;DRA. MAYRA PINHEIRO;2;PL;PL
109;175;Deputado Federal;2201;DELEGADO CAVALCANTE;1;PL;PL
109;175;Deputado Federal;2210;CORONEL AGINALDO;5;PL;PL
109;175;Deputado Federal;2222;ANDRÉ FERNANDES;10;PL;PL
109;175;Deputado Federal;2233;GORETE PEREIRA;1;PL;PL
109;175;Deputado Federal;2277;DR JAZIEL;12;PL;PL
109;175;Deputado Federal;2288;PRISCILA COSTA;1;PL;PL
109;175;Deputado Federal;2299;MATHEUS NORONHA;7;PL;PL
109;175;Deputado Federal;4400;LUIZ CARLOS JR;2;UNIÃO;UNIÃO
109;175;Deputado Federal;4410;CARLOS MATOS;4;UNIÃO;UNIÃO
109;175;Deputado Federal;4422;JULIERME SENA;2;UNIÃO;UNIÃO
109;175;Deputado Federal;4433;DR. AGRIPINO MAGALHÃES;3;UNIÃO;UNIÃO
109;175;Deputado Federal;4444;HEITOR FREIRE;4;UNIÃO;UNIÃO
109;175;Deputado Federal;4445;DAMIÃO TENORIO;4;UNIÃO;UNIÃO
109;175;Deputado Federal;4447;DANILO FORTE;11;UNIÃO;UNIÃO
109;175;Deputado Federal;4477;FERNANDA PESSOA;4;UNIÃO;UNIÃO
109;175;Deputado Federal;4488;MOSES RODRIGUES;14;UNIÃO;UNIÃO
109;175;Deputado Federal;4490;SOLDADO NOELIO;1;UNIÃO;UNIÃO
109;175;Deputado Federal;5013;ADELITA MONTEIRO;1;PSOL;(PSOL/REDE)
109;175;Deputado Federal;5511;CÉLIO STUDART;10;PSD;PSD
109;175;Deputado Federal;5533;LUIZ GASTÃO;3;PSD;PSD
109;175;Deputado Federal;5555;DOMINGOS NETO;67;PSD;PSD
109;175;Deputado Federal;5566;KELVYA ALBUQUERQUE;3;PSD;PSD
109;175;Deputado Federal;5588;ELIANE BRAZ;3;PSD;PSD
109;175;Deputado Federal;5599;EMANUEL MOTA;1;PSD;PSD
109;175;Deputado Federal;6565;INÁCIO ARRUDA;1;PC do B;(PT/PC do B/PV)
109;175;Deputado Federal;7012;LURDENIS VIEIRA;1;AVANTE;AVANTE
109;175;Deputado Federal;22;LEGENDA PL;2;PL;PL
109;175;Deputado Federal;95;BRANCOS;9;;
109;175;Deputado Federal;96;NULOS;3;;
109;175;Deputado Estadual;10000;APÓSTOLO LUIZ HENRIQUE;2;REPUBLICANOS;REPUBLICANOS
109;175;Deputado Estadual;10123;DAVID DURAND;3;REPUBLICANOS;REPUBLICANOS
109;175;Deputado Estadual;10124;DUQUINHA;1;REPUBLICANOS;REPUBLICANOS
109;175;Deputado Estadual;11111;ZEZINHO ALBUQUERQUE;4;PP;PP
109;175;Deputado Estadual;11113;ALMIR BIÉ;5;PP;PP
109;175;Deputado Estadual;11444;LEONARDO PINHEIRO;6;PP;PP
109;175;Deputado Estadual;12000;EVANDRO LEITÃO;2;PDT;PDT
109;175;Deputado Estadual;12011;JOTA LIMA JUMENTIM AMARELO;1;PDT;PDT
109;175;Deputado Estadual;12111;ANTONIO HENRIQUE;1;PDT;PDT
109;175;Deputado Estadual;12123;CLÁUDIO PINHO;5;PDT;PDT
109;175;Deputado Estadual;12127;HELAINE COELHO;26;PDT;PDT
109;175;Deputado Estadual;12300;QUEIROZ FILHO;1;PDT;PDT
109;175;Deputado Estadual;12888;SERGIO AGUIAR;1;PDT;PDT
109;175;Deputado Estadual;13132;ACRISIO SENA;2;PT;(PT/PC do B/PV)
109;175;Deputado Estadual;13133;LARISSA GASPAR;1;PT;(PT/PC do B/PV)
109;175;Deputado Estadual;13222;FERNANDO SANTANA;1;PT;(PT/PC do B/PV)
109;175;Deputado Estadual;13333;MOISES BRAZ;1;PT;(PT/PC do B/PV)
109;175;Deputado Estadual;13555;JULIANA LUCENA;3;PT;(PT/PC do B/PV)
109;175;Deputado Estadual;13777;NIZO;4;PT;(PT/PC do B/PV)
109;175;Deputado Estadual;13789;JULINHO;7;PT;(PT/PC do B/PV)
109;175;Deputado Estadual;15123;AUDIC MOTA;1;MDB;MDB
109;175;Deputado Estadual;15888;AGENOR NETO;4;MDB;MDB
109;175;Deputado Estadual;22010;BEZERRA DE MENESES;3;PL;PL
109;175;Deputado Estadual;22022;CARMELO NETO;4;PL;PL
109;175;Deputado Estadual;22111;PEDRO MATOS;1;PL;PL
109;175;Deputado Estadual;22120;ALEX CEARÁ;1;PL;PL
109;175;Deputado Estadual;22190;CABO RUBEM RUBINHO;1;PL;PL
109;175;Deputado Estadual;22222;PR.ALCIDES FERNANDES;2;PL;PL
109;175;Deputado Estadual;22380;DUDU DIÓGENES;1;PL;PL
109;175;Deputado Estadual;22555;MARTA GONÇALVES;57;PL;PL
109;175;Deputado Estadual;22722;PAULO BATTISTI;1;PL;PL
109;175;Deputado Estadual;22777;DRA SILVANA;15;PL;PL
109;175;Deputado Estadual;23192;MARTINHA - A SAÚDE RESISTE;1;CIDADANIA;(PSDB/CIDADANIA)
109;175;Deputado Estadual;30000;DR. ISAQUE RABELO;2;NOVO;NOVO
109;175;Deputado Estadual;33123;ALCY PINHEIRO;3;PMN;PMN
109;175;Deputado Estadual;43222;REGINALDO CASTRO;1;PV;(PT/PC do B/PV)
109;175;Deputado Estadual;44111;FELIPE MOTA;1;UNIÃO;UNIÃO
109;175;Deputado Estadual;44190;SARGENTO REGINAURO;2;UNIÃO;UNIÃO
109;175;Deputado Estadual;44244;JULIANA DUARTE;1;UNIÃO;UNIÃO
109;175;Deputado Estadual;44556;PRISCILA ROCHA;1;UNIÃO;UNIÃO
109;175;Deputado Estadual;44567;MAGNOLIA ROCHA;6;UNIÃO;UNIÃO
109;175;Deputado Estadual;44776;NICOLLE BARBOSA;1;UNIÃO;UNIÃO
109;175;Deputado Estadual;44777;FIRMO CAMURÇA;5;UNIÃO;UNIÃO
109;175;Deputado Estadual;44888;DR. OSCAR RODRIGUES;13;UNIÃO;UNIÃO
109;175;Deputado Estadual;45000;JORGE PINHEIRO;3;PSDB;(PSDB/CIDADANIA)
109;175;Deputado Estadual;45123;EMILIA PESSOA;4;PSDB;(PSDB/CIDADANIA)
109;175;Deputado Estadual;50444;ZULEIDE QUEIROZ;1;PSOL;(PSOL/REDE)
109;175;Deputado Estadual;50500;RENATO ROSENO;2;PSOL;(PSOL/REDE)
109;175;Deputado Estadual;55011;APOLLO VICZ;1;PSD;PSD
109;175;Deputado Estadual;55555;GABRIELLA AGUIAR;1;PSD;PSD
109;175;Deputado Estadual;65234;CACIKA IRÊ;2;PC do B;(PT/PC do B/PV)
109;175;Deputado Estadual;70000;TAM DE OLIVEIRA;1;AVANTE;AVANTE
109;175;Deputado Estadual;70111;AUGUSTO ARAGÃO;1;AVANTE;AVANTE
109;175;Deputado Estadual;70123;TOMAZ HOLANDA;9;AVANTE;AVANTE
109;175;Deputado Estadual;12;LEGENDA PDT;1;PDT;PDT
109;175;Deputado Estadual;13;LEGENDA PT;1;PT;PT
109;175;Deputado Estadual;33;LEGENDA PMN;1;PMN;PMN
109;175;Deputado Estadual;44;LEGENDA UNIÃO;1;UNIÃO;UNIÃO
109;175;Deputado Estadual;45;LEGENDA PSDB;2;PSDB;PSDB
109;175;Deputado Estadual;95;BRANCOS;10;;
109;175;Deputado Estadual;96;NULOS;9;;
109;176;Presidente;12;CIRO GOMES;17;PDT;PDT
109;176;Presidente;13;LULA;146;PT;(PT/PC do B/PV), SOLIDARIEDADE, (PSOL/REDE), PSB, AGIR, AVANTE, PROS
109;176;Presidente;15;SIMONE TEBET;4;MDB;MDB, (PSDB/CIDADANIA), PODE
109;176;Presidente;22;JAIR BOLSONARO;93;PL;PP, REPUBLICANOS, PL
109;176;Presidente;44;SORAYA THRONICKE;1;UNIÃO;UNIÃO
109;176;Presidente;95;BRANCOS;2;;
109;176;Presidente;96;NULOS;8;;
109;176;Governador;12;ROBERTO CLÁUDIO;24;PDT;PMN, PATRIOTA, AGIR, PMB, PDT, PSD, PSB, PSC, DC
109;176;Governador;13;ELMANO DE FREITAS;111;PT;(PT/PC do B/PV), PP, MDB, PRTB, (PSOL/REDE), SOLIDARIEDADE
109;176;Governador;44;CAPITÃO WAGNER;119;UNIÃO;PODE, AVANTE, PL, REPUBLICANOS, PTB, PROS, UNIÃO
109;176;Governador;95;BRANCOS;8;;
109;176;Governador;96;NULOS;9;;
109;176;Senador;131;CAMILO;151;PT;(PT/PC do B/PV), MDB, PRTB, (PSOL/REDE), SOLIDARIEDADE, PP
109;176;Senador;555;ERIKA AMORIM;8;PSD;PSB, AGIR, DC, PMB, PDT, PSD, PMN, PATRIOTA, PSC
109;176;Senador;700;KAMILA CARDOSO;76;AVANTE;AVANTE, UNIÃO, PTB, REPUBLICANOS, PROS, PL, PODE
109;176;Senador;95;BRANCOS;19;;
109;176;Senador;96;NULOS;17;;
109;176;Deputado Federal;1010;RONALDO MARTINS;4;REPUBLICANOS;REPUBLICANOS
109;176;Deputado Federal;1023;PASTOR ABRAÃO;1;REPUBLICANOS;REPUBLICANOS
109;176;Deputado Federal;1030;VERISSIMO FREITAS;2;REPUBLICANOS;REPUBLICANOS
109;176;Deputado Federal;1212;LEÔNIDAS CRISTINO;1;PDT;PDT
109;176;Deputado Federal;1213;IDILVAN;21;PDT;PDT
109;176;Deputado Federal;1214;EDUARDO BISMARCK;8;PDT;PDT
109;176;Deputado Federal;1233;ROBÉRIO MONTEIRO;4;PDT;PDT
109;176;Deputado Federal;1234;ANDRÉ FIGUEIREDO;1;PDT;PDT
109;176;Deputado Federal;1251;ARNON BEZERRA;2;PDT;PDT
109;176;Deputado Federal;1292;ENFERMEIRA ANA PAULA;2;PDT;PDT
109;176;Deputado Federal;1313;LUIZIANNE LINS;9;PT;(PT/PC do B/PV)
109;176;Deputado Federal;1322;GUIMARÃES DO PT;3;PT;(PT/PC do B/PV)
109;176;Deputado Federal;1333;JOSE AIRTON;1;PT;(PT/PC do B/PV)
109;176;Deputado Federal;1533;EUNÍCIO;3;MDB;MDB
109;176;Deputado Federal;2200;DRA. MAYRA PINHEIRO;2;PL;PL
109;176;Deputado Federal;2210;CORONEL AGINALDO;2;PL;PL
109;176;Deputado Federal;2222;ANDRÉ FERNANDES;4;PL;PL
109;176;Deputado Federal;2233;GORETE PEREIRA;2;PL;PL
109;176;Deputado Federal;2277;DR JAZIEL;7;PL;PL
109;176;Deputado Federal;2288;PRISCILA COSTA;6;PL;PL
109;176;Deputado Federal;2299;MATHEUS NORONHA;10;PL;PL
109;176;Deputado Federal;4400;LUIZ CARLOS JR;1;UNIÃO;UNIÃO
109;176;Deputado Federal;4411;VANDERLAN ALVES;1;UNIÃO;UNIÃO
109;176;Deputado Federal;4422;JULIERME SENA;2;UNIÃO;UNIÃO
109;176;Deputado Federal;4433;DR. AGRIPINO MAGALHÃES;3;UNIÃO;UNIÃO
109;176;Deputado Federal;4444;HEITOR FREIRE;4;UNIÃO;UNIÃO
109;176;Deputado Federal;4445;DAMIÃO TENORIO;3;UNIÃO;UNIÃO
109;176;Deputado Federal;4447;DANILO FORTE;4;UNIÃO;UNIÃO
109;176;Deputado Federal;4455;VAIDON OLIVEIRA;1;UNIÃO;UNIÃO
109;176;Deputado Federal;4456;DAYANY DO CAPITÃO;1;UNIÃO;UNIÃO
109;176;Deputado Federal;4477;FERNANDA PESSOA;2;UNIÃO;UNIÃO
109;176;Deputado Federal;4488;MOSES RODRIGUES;11;UNIÃO;UNIÃO
109;176;Deputado Federal;4490;SOLDADO NOELIO;2;UNIÃO;UNIÃO
109;176;Deputado Federal;5001;JOÃO ALFREDO;1;PSOL;(PSOL/REDE)
109;176;Deputado Federal;5013;ADELITA MONTEIRO;1;PSOL;(PSOL/REDE)
109;176;Deputado Federal;5050;AILTON LOPES;1;PSOL;(PSOL/REDE)
109;176;Deputado Federal;5055;GABRIEL BIOLOGIA;1;PSOL;(PSOL/REDE)
109;176;Deputado Federal;5511;CÉLIO STUDART;6;PSD;PSD
109;176;Deputado Federal;5522;MARCOS LIMA;1;PSD;PSD
109;176;Deputado Federal;5533;LUIZ GASTÃO;8;PSD;PSD
109;176;Deputado Federal;5555;DOMINGOS NETO;94;PSD;PSD
109;176;Deputado Federal;5588;ELIANE BRAZ;3;PSD;PSD
109;176;Deputado Federal;6565;INÁCIO ARRUDA;1;PC do B;(PT/PC do B/PV)
109;176;Deputado Federal;7011;DR MARCOS;2;AVANTE;AVANTE
109;176;Deputado Federal;7012;LURDENIS VIEIRA;1;AVANTE;AVANTE
109;176;Deputado Federal;13;LEGENDA PT;3;PT;PT
109;176;Deputado Federal;43;LEGENDA PV;1;PV;PV
109;176;Deputado Federal;95;BRANCOS;11;;
109;176;Deputado Federal;96;NULOS;6;;
109;176;Deputado Estadual;10000;APÓSTOLO LUIZ HENRIQUE;2;REPUBLICANOS;REPUBLICANOS
109;176;Deputado Estadual;10123;DAVID DURAND;4;REPUBLICANOS;REPUBLICANOS
109;176;Deputado Estadual;11111;ZEZINHO ALBUQUERQUE;1;PP;PP
109;176;Deputado Estadual;11113;ALMIR BIÉ;6;PP;PP
109;176;Deputado Estadual;11444;LEONARDO PINHEIRO;6;PP;PP
109;176;Deputado Estadual;12011;JOTA LIMA JUMENTIM AMARELO;1;PDT;PDT
109;176;Deputado Estadual;12123;CLÁUDIO PINHO;10;PDT;PDT
109;176;Deputado Estadual;12127;HELAINE COELHO;25;PDT;PDT
109;176;Deputado Estadual;12345;LIA GOMES;2;PDT;PDT
109;176;Deputado Estadual;12500;SALMITO;1;PDT;PDT
109;176;Deputado Estadual;13013;DRA. DENISE;1;PT;(PT/PC do B/PV)
109;176;Deputado Estadual;13100;LILIANE;1;PT;(PT/PC do B/PV)
109;176;Deputado Estadual;13132;ACRISIO SENA;8;PT;(PT/PC do B/PV)
109;176;Deputado Estadual;13133;LARISSA GASPAR;1;PT;(PT/PC do B/PV)
109;176;Deputado Estadual;13333;MOISES BRAZ;1;PT;(PT/PC do B/PV)
109;176;Deputado Estadual;13456;DE ASSIS DINIZ;3;PT;(PT/PC do B/PV)
109;176;Deputado Estadual;13777;NIZO;3;PT;(PT/PC do B/PV)
109;176;Deputado Estadual;13789;JULINHO;8;PT;(PT/PC do B/PV)
109;176;Deputado Estadual;15333;DANNIEL OLIVEIRA;1;MDB;MDB
109;176;Deputado Estadual;15888;AGENOR NETO;7;MDB;MDB
109;176;Deputado Estadual;22010;BEZERRA DE MENESES;1;PL;PL
109;176;Deputado Estadual;22022;CARMELO NETO;3;PL;PL
109;176;Deputado Estadual;22111;PEDRO MATOS;1;PL;PL
109;176;Deputado Estadual;22222;PR.ALCIDES FERNANDES;3;PL;PL
109;176;Deputado Estadual;22380;DUDU DIÓGENES;1;PL;PL
109;176;Deputado Estadual;22555;MARTA GONÇALVES;75;PL;PL
109;176;Deputado Estadual;22720;MILTON ANDRADE;1;PL;PL
109;176;Deputado Estadual;22777;DRA SILVANA;8;PL;PL
109;176;Deputado Estadual;23123;LUANA RIBEIRO;1;CIDADANIA;(PSDB/CIDADANIA)
109;176;Deputado Estadual;23190;TENENTE DANTAS;1;CIDADANIA;(PSDB/CIDADANIA)
109;176;Deputado Estadual;23192;MARTINHA - A SAÚDE RESISTE;2;CIDADANIA;(PSDB/CIDADANIA)
109;176;Deputado Estadual;30000;DR. ISAQUE RABELO;1;NOVO;NOVO
109;176;Deputado Estadual;33123;ALCY PINHEIRO;2;PMN;PMN
109;176;Deputado Estadual;33193;DR JOÃO BATISTA;1;PMN;PMN
109;176;Deputado Estadual;44027;PROFESSOR CARDOSO NETO;2;UNIÃO;UNIÃO
109;176;Deputado Estadual;44123;TONY BRITO;1;UNIÃO;UNIÃO
109;176;Deputado Estadual;44456;CORONEL BEZERRA;1;UNIÃO;UNIÃO
109;176;Deputado Estadual;44567;MAGNOLIA ROCHA;10;UNIÃO;UNIÃO
109;176;Deputado Estadual;44777;FIRMO CAMURÇA;3;UNIÃO;UNIÃO
109;176;Deputado Estadual;44888;DR. OSCAR RODRIGUES;10;UNIÃO;UNIÃO
109;176;Deputado Estadual;45123;EMILIA PESSOA;1;PSDB;(PSDB/CIDADANIA)
109;176;Deputado Estadual;50013;LÉO SURICATE;1;PSOL;(PSOL/REDE)
109;176;Deputado Estadual;50500;RENATO ROSENO;2;PSOL;(PSOL/REDE)
109;176;Deputado Estadual;55011;APOLLO VICZ;2;PSD;PSD
109;176;Deputado Estadual;55234;DR. LUCÍLVIO GIRÃO;1;PSD;PSD
109;176;Deputado Estadual;55888;KEIVIA DIAS;2;PSD;PSD
109;176;Deputado Estadual;65013;PROFESSOR ANÍZIO;1;PC do B;(PT/PC do B/PV)
109;176;Deputado Estadual;65234;CACIKA IRÊ;2;PC do B;(PT/PC do B/PV)
109;176;Deputado Estadual;70000;TAM DE OLIVEIRA;1;AVANTE;AVANTE
109;176;Deputado Estadual;70123;TOMAZ HOLANDA;10;AVANTE;AVANTE
109;176;Deputado Estadual;12;LEGENDA PDT;2;PDT;PDT
109;176;Deputado Estadual;13;LEGENDA PT;6;PT;PT
109;176;Deputado Estadual;22;LEGENDA PL;1;PL;PL
109;176;Deputado Estadual;23;LEGENDA CIDADANIA;1;CIDADANIA;CIDADANIA
109;176;Deputado Estadual;43;LEGENDA PV;1;PV;PV
109;176;Deputado Estadual;55;LEGENDA PSD;1;PSD;PSD
109;176;Deputado Estadual;95;BRANCOS;10;;
109;176;Deputado Estadual;96;NULOS;6;;
109;177;Presidente;12;CIRO GOMES;19;PDT;PDT
109;177;Presidente;13;LULA;134;PT;(PT/PC do B/PV), SOLIDARIEDADE, (PSOL/REDE), PSB, AGIR, AVANTE, PROS
109;177;Presidente;15;SIMONE TEBET;5;MDB;MDB, (PSDB/CIDADANIA), PODE
109;177;Presidente;16;VERA;1;PSTU;PSTU
109;177;Presidente;22;JAIR BOLSONARO;97;PL;PP, REPUBLICANOS, PL
109;177;Presidente;44;SORAYA THRONICKE;3;UNIÃO;UNIÃO
109;177;Presidente;95;BRANCOS;2;;
109;177;Presidente;96;NULOS;5;;
109;177;Governador;12;ROBERTO CLÁUDIO;11;PDT;PMN, PATRIOTA, AGIR, PMB, PDT, PSD, PSB, PSC, DC
109;177;Governador;13;ELMANO DE FREITAS;116;PT;(PT/PC do B/PV), PP, MDB, PRTB, (PSOL/REDE), SOLIDARIEDADE
109;177;Governador;16;ZÉ BATISTA;1;PSTU;PSTU
109;177;Governador;44;CAPITÃO WAGNER;120;UNIÃO;PODE, AVANTE, PL, REPUBLICANOS, PTB, PROS, UNIÃO
109;177;Governador;95;BRANCOS;7;;
109;177;Governador;96;NULOS;11;;
109;177;Senador;131;CAMILO;136;PT;(PT/PC do B/PV), MDB, PRTB, (PSOL/REDE), SOLIDARIEDADE, PP
109;177;Senador;160;CARLOS SILVA;1;PSTU;PSTU
109;177;Senador;555;ERIKA AMORIM;4;PSD;PSB, AGIR, DC, PMB, PDT, PSD, PMN, PATRIOTA, PSC
109;177;Senador;700;KAMILA CARDOSO;105;AVANTE;AVANTE, UNIÃO, PTB, REPUBLICANOS, PROS, PL, PODE
109;177;Senador;95;BRANCOS;7;;
109;177;Senador;96;NULOS;13;;
109;177;Deputado Federal;1010;RONALDO MARTINS;3;REPUBLICANOS;REPUBLICANOS
109;177;Deputado Federal;1023;PASTOR ABRAÃO;1;REPUBLICANOS;REPUBLICANOS
109;177;Deputado Federal;1030;VERISSIMO FREITAS;1;REPUBLICANOS;REPUBLICANOS
109;177;Deputado Federal;1111;AJ ALBUQUERQUE;4;PP;PP
109;177;Deputado Federal;1201;JULIO BRIZZI;1;PDT;PDT
109;177;Deputado Federal;1213;IDILVAN;18;PDT;PDT
109;177;Deputado Federal;1214;EDUARDO BISMARCK;10;PDT;PDT
109;177;Deputado Federal;1233;ROBÉRIO MONTEIRO;2;PDT;PDT
109;177;Deputado Federal;1251;ARNON BEZERRA;3;PDT;PDT
109;177;Deputado Federal;1313;LUIZIANNE LINS;10;PT;(PT/PC do B/PV)
109;177;Deputado Federal;1333;JOSE AIRTON;1;PT;(PT/PC do B/PV)
109;177;Deputado Federal;1522;NELINHO;2;MDB;MDB
109;177;Deputado Federal;1533;EUNÍCIO;3;MDB;MDB
109;177;Deputado Federal;2200;DRA. MAYRA PINHEIRO;3;PL;PL
109;177;Deputado Federal;2201;DELEGADO CAVALCANTE;1;PL;PL
109;177;Deputado Federal;2208;VILMA DUARTE;1;PL;PL
109;177;Deputado Federal;2210;CORONEL AGINALDO;4;PL;PL
109;177;Deputado Federal;2211;YURY DO PAREDÃO;3;PL;PL
109;177;Deputado Federal;2222;ANDRÉ FERNANDES;10;PL;PL
109;177;Deputado Federal;2233;GORETE PEREIRA;1;PL;PL
109;177;Deputado Federal;2255;JÚNIOR MANO;1;PL;PL
109;177;Deputado Federal;2277;DR JAZIEL;15;PL;PL
109;177;Deputado Federal;2288;PRISCILA COSTA;5;PL;PL
109;177;Deputado Federal;2299;MATHEUS NORONHA;3;PL;PL
109;177;Deputado Federal;4410;CARLOS MATOS;3;UNIÃO;UNIÃO
109;177;Deputado Federal;4411;VANDERLAN ALVES;1;UNIÃO;UNIÃO
109;177;Deputado Federal;4422;JULIERME SENA;3;UNIÃO;UNIÃO
109;177;Deputado Federal;4444;HEITOR FREIRE;3;UNIÃO;UNIÃO
109;177;Deputado Federal;4445;DAMIÃO TENORIO;3;UNIÃO;UNIÃO
109;177;Deputado Federal;4447;DANILO FORTE;7;UNIÃO;UNIÃO
109;177;Deputado Federal;4477;FERNANDA PESSOA;3;UNIÃO;UNIÃO
109;177;Deputado Federal;4488;MOSES RODRIGUES;8;UNIÃO;UNIÃO
109;177;Deputado Federal;4490;SOLDADO NOELIO;2;UNIÃO;UNIÃO
109;177;Deputado Federal;5000;JANAÍNA ARAÚJO;1;PSOL;(PSOL/REDE)
109;177;Deputado Federal;5001;JOÃO ALFREDO;1;PSOL;(PSOL/REDE)
109;177;Deputado Federal;5005;ANNA KARINA VOZES FEMINISTAS;1;PSOL;(PSOL/REDE)
109;177;Deputado Federal;5055;GABRIEL BIOLOGIA;1;PSOL;(PSOL/REDE)
109;177;Deputado Federal;5511;CÉLIO STUDART;8;PSD;PSD
109;177;Deputado Federal;5533;LUIZ GASTÃO;7;PSD;PSD
109;177;Deputado Federal;5555;DOMINGOS NETO;92;PSD;PSD
109;177;Deputado Federal;5588;ELIANE BRAZ;2;PSD;PSD
109;177;Deputado Federal;5599;EMANUEL MOTA;1;PSD;PSD
109;177;Deputado Federal;6565;INÁCIO ARRUDA;1;PC do B;(PT/PC do B/PV)
109;177;Deputado Federal;13;LEGENDA PT;1;PT;PT
109;177;Deputado Federal;22;LEGENDA PL;1;PL;PL
109;177;Deputado Federal;55;LEGENDA PSD;1;PSD;PSD
109;177;Deputado Federal;95;BRANCOS;4;;
109;177;Deputado Federal;96;NULOS;5;;
109;177;Deputado Estadual;10000;APÓSTOLO LUIZ HENRIQUE;3;REPUBLICANOS;REPUBLICANOS
109;177;Deputado Estadual;10123;DAVID DURAND;4;REPUBLICANOS;REPUBLICANOS
109;177;Deputado Estadual;10124;DUQUINHA;1;REPUBLICANOS;REPUBLICANOS
109;177;Deputado Estadual;11111;ZEZINHO ALBUQUERQUE;5;PP;PP
109;177;Deputado Estadual;11113;ALMIR BIÉ;3;PP;PP
109;177;Deputado Estadual;11222;DR VICTOR GURGEL;1;PP;PP
109;177;Deputado Estadual;11444;LEONARDO PINHEIRO;14;PP;PP
109;177;Deputado Estadual;12011;JOTA LIMA JUMENTIM AMARELO;1;PDT;PDT
109;177;Deputado Estadual;12123;CLÁUDIO PINHO;4;PDT;PDT
109;177;Deputado Estadual;12127;HELAINE COELHO;25;PDT;PDT
109;177;Deputado Estadual;12500;SALMITO;1;PDT;PDT
109;177;Deputado Estadual;13123;MISSIAS DO MST;1;PT;(PT/PC do B/PV)
109;177;Deputado Estadual;13131;MARI LACERDA;1;PT;(PT/PC do B/PV)
109;177;Deputado Estadual;13132;ACRISIO SENA;8;PT;(PT/PC do B/PV)
109;177;Deputado Estadual;13133;LARISSA GASPAR;2;PT;(PT/PC do B/PV)
109;177;Deputado Estadual;13333;MOISES BRAZ;1;PT;(PT/PC do B/PV)
109;177;Deputado Estadual;13456;DE ASSIS DINIZ;1;PT;(PT/PC do B/PV)
109;177;Deputado Estadual;13777;NIZO;3;PT;(PT/PC do B/PV)
109;177;Deputado Estadual;13789;JULINHO;7;PT;(PT/PC do B/PV)
109;177;Deputado Estadual;15115;CARLOS BANDEIRA;2;MDB;MDB
109;177;Deputado Estadual;15222;DAVI DE RAIMUNDÃO;1;MDB;MDB
109;177;Deputado Estadual;15333;DANNIEL OLIVEIRA;1;MDB;MDB
109;177;Deputado Estadual;15888;AGENOR NETO;4;MDB;MDB
109;177;Deputado Estadual;22010;BEZERRA DE MENESES;2;PL;PL
109;177;Deputado Estadual;22022;CARMELO NETO;8;PL;PL
109;177;Deputado Estadual;22111;PEDRO MATOS;2;PL;PL
109;177;Deputado Estadual;22380;DUDU DIÓGENES;2;PL;PL
109;177;Deputado Estadual;22555;MARTA GONÇALVES;60;PL;PL
109;177;Deputado Estadual;22722;PAULO BATTISTI;1;PL;PL
109;177;Deputado Estadual;22777;DRA SILVANA;19;PL;PL
109;177;Deputado Estadual;22987;AUREA CAMILO;1;PL;PL
109;177;Deputado Estadual;30000;DR. ISAQUE RABELO;1;NOVO;NOVO
109;177;Deputado Estadual;33300;MIRIS SALMITO;1;PMN;PMN
109;177;Deputado Estadual;44027;PROFESSOR CARDOSO NETO;1;UNIÃO;UNIÃO
109;177;Deputado Estadual;44123;TONY BRITO;1;UNIÃO;UNIÃO
109;177;Deputado Estadual;44190;SARGENTO REGINAURO;1;UNIÃO;UNIÃO
109;177;Deputado Estadual;44556;PRISCILA ROCHA;1;UNIÃO;UNIÃO
109;177;Deputado Estadual;44567;MAGNOLIA ROCHA;8;UNIÃO;UNIÃO
109;177;Deputado Estadual;44777;FIRMO CAMURÇA;4;UNIÃO;UNIÃO
109;177;Deputado Estadual;44888;DR. OSCAR RODRIGUES;9;UNIÃO;UNIÃO
109;177;Deputado Estadual;45000;JORGE PINHEIRO;4;PSDB;(PSDB/CIDADANIA)
109;177;Deputado Estadual;45123;EMILIA PESSOA;1;PSDB;(PSDB/CIDADANIA)
109;177;Deputado Estadual;50013;LÉO SURICATE;1;PSOL;(PSOL/REDE)
109;177;Deputado Estadual;50113;NESTOR BEZERRA;1;PSOL;(PSOL/REDE)
109;177;Deputado Estadual;50500;RENATO ROSENO;1;PSOL;(PSOL/REDE)
109;177;Deputado Estadual;50777;ADRIANA GERONIMO;1;PSOL;(PSOL/REDE)
109;177;Deputado Estadual;55011;APOLLO VICZ;2;PSD;PSD
109;177;Deputado Estadual;55234;DR. LUCÍLVIO GIRÃO;1;PSD;PSD
109;177;Deputado Estadual;55555;GABRIELLA AGUIAR;1;PSD;PSD
109;177;Deputado Estadual;55888;KEIVIA DIAS;1;PSD;PSD
109;177;Deputado Estadual;65013;PROFESSOR ANÍZIO;1;PC do B;(PT/PC do B/PV)
109;177;Deputado Estadual;65234;CACIKA IRÊ;1;PC do B;(PT/PC do B/PV)
109;177;Deputado Estadual;70123;TOMAZ HOLANDA;13;AVANTE;AVANTE
109;177;Deputado Estadual;90114;LINDON JONSON;1;PROS;PROS
109;177;Deputado Estadual;12;LEGENDA PDT;1;PDT;PDT
109;177;Deputado Estadual;13;LEGENDA PT;3;PT;PT
109;177;Deputado Estadual;22;LEGENDA PL;1;PL;PL
109;177;Deputado Estadual;33;LEGENDA PMN;1;PMN;PMN
109;177;Deputado Estadual;70;LEGENDA AVANTE;1;AVANTE;AVANTE
109;177;Deputado Estadual;95;BRANCOS;6;;
109;177;Deputado Estadual;96;NULOS;7;;
109;178;Presidente;12;CIRO GOMES;20;PDT;PDT
109;178;Presidente;13;LULA;151;PT;(PT/PC do B/PV), SOLIDARIEDADE, (PSOL/REDE), PSB, AGIR, AVANTE, PROS
109;178;Presidente;15;SIMONE TEBET;2;MDB;MDB, (PSDB/CIDADANIA), PODE
109;178;Presidente;22;JAIR BOLSONARO;90;PL;PP, REPUBLICANOS, PL
109;178;Presidente;44;SORAYA THRONICKE;1;UNIÃO;UNIÃO
109;178;Presidente;95;BRANCOS;3;;
109;178;Presidente;96;NULOS;2;;
109;178;Governador;12;ROBERTO CLÁUDIO;17;PDT;PMN, PATRIOTA, AGIR, PMB, PDT, PSD, PSB, PSC, DC
109;178;Governador;13;ELMANO DE FREITAS;112;PT;(PT/PC do B/PV), PP, MDB, PRTB, (PSOL/REDE), SOLIDARIEDADE
109;178;Governador;44;CAPITÃO WAGNER;119;UNIÃO;PODE, AVANTE, PL, REPUBLICANOS, PTB, PROS, UNIÃO
109;178;Governador;95;BRANCOS;14;;
109;178;Governador;96;NULOS;7;;
109;178;Senador;131;CAMILO;139;PT;(PT/PC do B/PV), MDB, PRTB, (PSOL/REDE), SOLIDARIEDADE, PP
109;178;Senador;555;ERIKA AMORIM;4;PSD;PSB, AGIR, DC, PMB, PDT, PSD, PMN, PATRIOTA, PSC
109;178;Senador;700;KAMILA CARDOSO;91;AVANTE;AVANTE, UNIÃO, PTB, REPUBLICANOS, PROS, PL, PODE
109;178;Senador;95;BRANCOS;22;;
109;178;Senador;96;NULOS;13;;
109;178;Deputado Federal;1000;BISPA VANESSA LIMA;2;REPUBLICANOS;REPUBLICANOS
109;178;Deputado Federal;1011;STEFANI RODRIGUES;1;REPUBLICANOS;REPUBLICANOS
109;178;Deputado Federal;1023;PASTOR ABRAÃO;2;REPUBLICANOS;REPUBLICANOS
109;178;Deputado Federal;1111;AJ ALBUQUERQUE;2;PP;PP
109;178;Deputado Federal;1213;IDILVAN;15;PDT;PDT
109;178;Deputado Federal;1214;EDUARDO BISMARCK;9;PDT;PDT
109;178;Deputado Federal;1233;ROBÉRIO MONTEIRO;2;PDT;PDT
109;178;Deputado Federal;1251;ARNON BEZERRA;1;PDT;PDT
109;178;Deputado Federal;1277;ADAIL JR;1;PDT;PDT
109;178;Deputado Federal;1313;LUIZIANNE LINS;12;PT;(PT/PC do B/PV)
109;178;Deputado Federal;1533;EUNÍCIO;4;MDB;MDB
109;178;Deputado Federal;2200;DRA. MAYRA PINHEIRO;1;PL;PL
109;178;Deputado Federal;2201;DELEGADO CAVALCANTE;4;PL;PL
109;178;Deputado Federal;2210;CORONEL AGINALDO;2;PL;PL
109;178;Deputado Federal;2222;ANDRÉ FERNANDES;9;PL;PL
109;178;Deputado Federal;2233;GORETE PEREIRA;1;PL;PL
109;178;Deputado Federal;2277;DR JAZIEL;17;PL;PL
109;178;Deputado Federal;2288;PRISCILA COSTA;4;PL;PL
109;178;Deputado Federal;2299;MATHEUS NORONHA;10;PL;PL
109;178;Deputado Federal;4000;DENIS BEZERRA;1;PSB;PSB
109;178;Deputado Federal;4400;LUIZ CARLOS JR;1;UNIÃO;UNIÃO
109;178;Deputado Federal;4410;CARLOS MATOS;2;UNIÃO;UNIÃO
109;178;Deputado Federal;4433;DR. AGRIPINO MAGALHÃES;4;UNIÃO;UNIÃO
109;178;Deputado Federal;4444;HEITOR FREIRE;3;UNIÃO;UNIÃO
109;178;Deputado Federal;4445;DAMIÃO TENORIO;3;UNIÃO;UNIÃO
109;178;Deputado Federal;4447;DANILO FORTE;8;UNIÃO;UNIÃO
109;178;Deputado Federal;4456;DAYANY DO CAPITÃO;1;UNIÃO;UNIÃO
109;178;Deputado Federal;4477;FERNANDA PESSOA;5;UNIÃO;UNIÃO
109;178;Deputado Federal;4488;MOSES RODRIGUES;14;UNIÃO;UNIÃO
109;178;Deputado Federal;4490;SOLDADO NOELIO;1;UNIÃO;UNIÃO
109;178;Deputado Federal;4567;DENÍSIO PINHEIRO;1;PSDB;(PSDB/CIDADANIA)
109;178;Deputado Federal;5055;GABRIEL BIOLOGIA;3;PSOL;(PSOL/REDE)
109;178;Deputado Federal;5511;CÉLIO STUDART;6;PSD;PSD
109;178;Deputado Federal;5533;LUIZ GASTÃO;7;PSD;PSD
109;178;Deputado Federal;5555;DOMINGOS NETO;77;PSD;PSD
109;178;Deputado Federal;5566;KELVYA ALBUQUERQUE;1;PSD;PSD
109;178;Deputado Federal;5588;ELIANE BRAZ;2;PSD;PSD
109;178;Deputado Federal;6565;INÁCIO ARRUDA;1;PC do B;(PT/PC do B/PV)
109;178;Deputado Federal;13;LEGENDA PT;3;PT;PT
109;178;Deputado Federal;15;LEGENDA MDB;1;MDB;MDB
109;178;Deputado Federal;22;LEGENDA PL;1;PL;PL
109;178;Deputado Federal;44;LEGENDA UNIÃO;1;UNIÃO;UNIÃO
109;178;Deputado Federal;55;LEGENDA PSD;1;PSD;PSD
109;178;Deputado Federal;95;BRANCOS;17;;
109;178;Deputado Federal;96;NULOS;5;;
109;178;Deputado Estadual;10000;APÓSTOLO LUIZ HENRIQUE;3;REPUBLICANOS;REPUBLICANOS
109;178;Deputado Estadual;10124;DUQUINHA;1;REPUBLICANOS;REPUBLICANOS
109;178;Deputado Estadual;10190;EVALDO COSTA;1;REPUBLICANOS;REPUBLICANOS
109;178;Deputado Estadual;11111;ZEZINHO ALBUQUERQUE;4;PP;PP
109;178;Deputado Estadual;11113;ALMIR BIÉ;4;PP;PP
109;178;Deputado Estadual;11444;LEONARDO PINHEIRO;9;PP;PP
109;178;Deputado Estadual;12111;ANTONIO HENRIQUE;1;PDT;PDT
109;178;Deputado Estadual;12123;CLÁUDIO PINHO;1;PDT;PDT
109;178;Deputado Estadual;12127;HELAINE COELHO;28;PDT;PDT
109;178;Deputado Estadual;13123;MISSIAS DO MST;1;PT;(PT/PC do B/PV)
109;178;Deputado Estadual;13131;MARI LACERDA;1;PT;(PT/PC do B/PV)
109;178;Deputado Estadual;13132;ACRISIO SENA;2;PT;(PT/PC do B/PV)
109;178;Deputado Estadual;13133;LARISSA GASPAR;2;PT;(PT/PC do B/PV)
109;178;Deputado Estadual;13234;GUILHERME SAMPAIO;1;PT;(PT/PC do B/PV)
109;178;Deputado Estadual;13456;DE ASSIS DINIZ;1;PT;(PT/PC do B/PV)
109;178;Deputado Estadual;13555;JULIANA LUCENA;1;PT;(PT/PC do B/PV)
109;178;Deputado Estadual;13777;NIZO;3;PT;(PT/PC do B/PV)
109;178;Deputado Estadual;13789;JULINHO;12;PT;(PT/PC do B/PV)
109;178;Deputado Estadual;15888;AGENOR NETO;5;MDB;MDB
109;178;Deputado Estadual;22010;BEZERRA DE MENESES;1;PL;PL
109;178;Deputado Estadual;22022;CARMELO NETO;7;PL;PL
109;178;Deputado Estadual;22111;PEDRO MATOS;4;PL;PL
109;178;Deputado Estadual;22120;ALEX CEARÁ;1;PL;PL
109;178;Deputado Estadual;22222;PR.ALCIDES FERNANDES;2;PL;PL
109;178;Deputado Estadual;22380;DUDU DIÓGENES;1;PL;PL
109;178;Deputado Estadual;22555;MARTA GONÇALVES;65;PL;PL
109;178;Deputado Estadual;22777;DRA SILVANA;19;PL;PL
109;178;Deputado Estadual;30000;DR. ISAQUE RABELO;1;NOVO;NOVO
109;178;Deputado Estadual;33123;ALCY PINHEIRO;1;PMN;PMN
109;178;Deputado Estadual;33369;CLAUDIO LIMA;1;PMN;PMN
109;178;Deputado Estadual;44190;SARGENTO REGINAURO;2;UNIÃO;UNIÃO
109;178;Deputado Estadual;44567;MAGNOLIA ROCHA;10;UNIÃO;UNIÃO
109;178;Deputado Estadual;44777;FIRMO CAMURÇA;4;UNIÃO;UNIÃO
109;178;Deputado Estadual;44888;DR. OSCAR RODRIGUES;12;UNIÃO;UNIÃO
109;178;Deputado Estadual;45000;JORGE PINHEIRO;2;PSDB;(PSDB/CIDADANIA)
109;178;Deputado Estadual;45123;EMILIA PESSOA;1;PSDB;(PSDB/CIDADANIA)
109;178;Deputado Estadual;50013;LÉO SURICATE;1;PSOL;(PSOL/REDE)
109;178;Deputado Estadual;50500;RENATO ROSENO;2;PSOL;(PSOL/REDE)
109;178;Deputado Estadual;55011;APOLLO VICZ;1;PSD;PSD
109;178;Deputado Estadual;55555;GABRIELLA AGUIAR;1;PSD;PSD
109;178;Deputado Estadual;55888;KEIVIA DIAS;1;PSD;PSD
109;178;Deputado Estadual;65013;PROFESSOR ANÍZIO;2;PC do B;(PT/PC do B/PV)
109;178;Deputado Estadual;70000;TAM DE OLIVEIRA;1;AVANTE;AVANTE
109;178;Deputado Estadual;70007;DANILO LOPES;1;AVANTE;AVANTE
109;178;Deputado Estadual;70123;TOMAZ HOLANDA;8;AVANTE;AVANTE
109;178;Deputado Estadual;70400;CHICO DO POSTO;1;AVANTE;AVANTE
109;178;Deputado Estadual;13;LEGENDA PT;1;PT;PT
109;178;Deputado Estadual;14;LEGENDA PTB;1;PTB;PTB
109;178;Deputado Estadual;44;LEGENDA UNIÃO;3;UNIÃO;UNIÃO
109;178;Deputado Estadual;70;LEGENDA AVANTE;1;AVANTE;AVANTE
109;178;Deputado Estadual;95;BRANCOS;22;;
109;178;Deputado Estadual;96;NULOS;7;;
109;179;Presidente;12;CIRO GOMES;8;PDT;PDT
109;179;Presidente;13;LULA;100;PT;(PT/PC do B/PV), SOLIDARIEDADE, (PSOL/REDE), PSB, AGIR, AVANTE, PROS
109;179;Presidente;14;PADRE KELMON;1;PTB;PTB
109;179;Presidente;15;SIMONE TEBET;2;MDB;MDB, (PSDB/CIDADANIA), PODE
109;179;Presidente;22;JAIR BOLSONARO;67;PL;PP, REPUBLICANOS, PL
109;179;Presidente;44;SORAYA THRONICKE;2;UNIÃO;UNIÃO
109;179;Presidente;95;BRANCOS;2;;
109;179;Presidente;96;NULOS;2;;
109;179;Governador;12;ROBERTO CLÁUDIO;12;PDT;PMN, PATRIOTA, AGIR, PMB, PDT, PSD, PSB, PSC, DC
109;179;Governador;13;ELMANO DE FREITAS;77;PT;(PT/PC do B/PV), PP, MDB, PRTB, (PSOL/REDE), SOLIDARIEDADE
109;179;Governador;44;CAPITÃO WAGNER;83;UNIÃO;PODE, AVANTE, PL, REPUBLICANOS, PTB, PROS, UNIÃO
109;179;Governador;95;BRANCOS;4;;
109;179;Governador;96;NULOS;8;;
109;179;Senador;131;CAMILO;98;PT;(PT/PC do B/PV), MDB, PRTB, (PSOL/REDE), SOLIDARIEDADE, PP
109;179;Senador;555;ERIKA AMORIM;5;PSD;PSB, AGIR, DC, PMB, PDT, PSD, PMN, PATRIOTA, PSC
109;179;Senador;700;KAMILA CARDOSO;62;AVANTE;AVANTE, UNIÃO, PTB, REPUBLICANOS, PROS, PL, PODE
109;179;Senador;95;BRANCOS;10;;
109;179;Senador;96;NULOS;9;;
109;179;Deputado Federal;1010;RONALDO MARTINS;2;REPUBLICANOS;REPUBLICANOS
109;179;Deputado Federal;1023;PASTOR ABRAÃO;1;REPUBLICANOS;REPUBLICANOS
109;179;Deputado Federal;1213;IDILVAN;4;PDT;PDT
109;179;Deputado Federal;1214;EDUARDO BISMARCK;11;PDT;PDT
109;179;Deputado Federal;1292;ENFERMEIRA ANA PAULA;1;PDT;PDT
109;179;Deputado Federal;1313;LUIZIANNE LINS;9;PT;(PT/PC do B/PV)
109;179;Deputado Federal;1322;GUIMARÃES DO PT;3;PT;(PT/PC do B/PV)
109;179;Deputado Federal;1326;CELSO FARIAS;1;PT;(PT/PC do B/PV)
109;179;Deputado Federal;1533;EUNÍCIO;3;MDB;MDB
109;179;Deputado Federal;2200;DRA. MAYRA PINHEIRO;2;PL;PL
109;179;Deputado Federal;2201;DELEGADO CAVALCANTE;1;PL;PL
109;179;Deputado Federal;2210;CORONEL AGINALDO;5;PL;PL
109;179;Deputado Federal;2211;YURY DO PAREDÃO;1;PL;PL
109;179;Deputado Federal;2222;ANDRÉ FERNANDES;5;PL;PL
109;179;Deputado Federal;2233;GORETE PEREIRA;1;PL;PL
109;179;Deputado Federal;2277;DR JAZIEL;13;PL;PL
109;179;Deputado Federal;2288;PRISCILA COSTA;2;PL;PL
109;179;Deputado Federal;2299;MATHEUS NORONHA;9;PL;PL
109;179;Deputado Federal;4000;DENIS BEZERRA;1;PSB;PSB
109;179;Deputado Federal;4433;DR. AGRIPINO MAGALHÃES;4;UNIÃO;UNIÃO
109;179;Deputado Federal;4445;DAMIÃO TENORIO;3;UNIÃO;UNIÃO
109;179;Deputado Federal;4447;DANILO FORTE;5;UNIÃO;UNIÃO
109;179;Deputado Federal;4477;FERNANDA PESSOA;2;UNIÃO;UNIÃO
109;179;Deputado Federal;4488;MOSES RODRIGUES;7;UNIÃO;UNIÃO
109;179;Deputado Federal;5013;ADELITA MONTEIRO;2;PSOL;(PSOL/REDE)
109;179;Deputado Federal;5511;CÉLIO STUDART;3;PSD;PSD
109;179;Deputado Federal;5533;LUIZ GASTÃO;6;PSD;PSD
109;179;Deputado Federal;5555;DOMINGOS NETO;52;PSD;PSD
109;179;Deputado Federal;5566;KELVYA ALBUQUERQUE;1;PSD;PSD
109;179;Deputado Federal;5588;ELIANE BRAZ;4;PSD;PSD
109;179;Deputado Federal;6565;INÁCIO ARRUDA;2;PC do B;(PT/PC do B/PV)
109;179;Deputado Federal;7011;DR MARCOS;1;AVANTE;AVANTE
109;179;Deputado Federal;11;LEGENDA PP;1;PP;PP
109;179;Deputado Federal;12;LEGENDA PDT;1;PDT;PDT
109;179;Deputado Federal;13;LEGENDA PT;5;PT;PT
109;179;Deputado Federal;15;LEGENDA MDB;1;MDB;MDB
109;179;Deputado Federal;55;LEGENDA PSD;1;PSD;PSD
109;179;Deputado Federal;95;BRANCOS;5;;
109;179;Deputado Federal;96;NULOS;3;;
109;179;Deputado Estadual;10000;APÓSTOLO LUIZ HENRIQUE;1;REPUBLICANOS;REPUBLICANOS
109;179;Deputado Estadual;10123;DAVID DURAND;1;REPUBLICANOS;REPUBLICANOS
109;179;Deputado Estadual;11111;ZEZINHO ALBUQUERQUE;3;PP;PP
109;179;Deputado Estadual;11113;ALMIR BIÉ;6;PP;PP
109;179;Deputado Estadual;11444;LEONARDO PINHEIRO;7;PP;PP
109;179;Deputado Estadual;12000;EVANDRO LEITÃO;1;PDT;PDT
109;179;Deputado Estadual;12123;CLÁUDIO PINHO;2;PDT;PDT
109;179;Deputado Estadual;12127;HELAINE COELHO;23;PDT;PDT
109;179;Deputado Estadual;13123;MISSIAS DO MST;2;PT;(PT/PC do B/PV)
109;179;Deputado Estadual;13132;ACRISIO SENA;4;PT;(PT/PC do B/PV)
109;179;Deputado Estadual;13333;MOISES BRAZ;3;PT;(PT/PC do B/PV)
109;179;Deputado Estadual;13555;JULIANA LUCENA;3;PT;(PT/PC do B/PV)
109;179;Deputado Estadual;13777;NIZO;4;PT;(PT/PC do B/PV)
109;179;Deputado Estadual;13789;JULINHO;8;PT;(PT/PC do B/PV)
109;179;Deputado Estadual;15000;EDILARDO EUFRASIO;1;MDB;MDB
109;179;Deputado Estadual;15123;AUDIC MOTA;1;MDB;MDB
109;179;Deputado Estadual;15888;AGENOR NETO;2;MDB;MDB
109;179;Deputado Estadual;22000;DR EDMAR FERNADES;2;PL;PL
109;179;Deputado Estadual;22010;BEZERRA DE MENESES;2;PL;PL
109;179;Deputado Estadual;22022;CARMELO NETO;3;PL;PL
109;179;Deputado Estadual;22111;PEDRO MATOS;3;PL;PL
109;179;Deputado Estadual;22380;DUDU DIÓGENES;1;PL;PL
109;179;Deputado Estadual;22555;MARTA GONÇALVES;32;PL;PL
109;179;Deputado Estadual;22720;MILTON ANDRADE;1;PL;PL
109;179;Deputado Estadual;22722;PAULO BATTISTI;1;PL;PL
109;179;Deputado Estadual;22777;DRA SILVANA;18;PL;PL
109;179;Deputado Estadual;22888;SARGENTO GEILSON;1;PL;PL
109;179;Deputado Estadual;23192;MARTINHA - A SAÚDE RESISTE;1;CIDADANIA;(PSDB/CIDADANIA)
109;179;Deputado Estadual;40157;PARANGABA;1;PSB;PSB
109;179;Deputado Estadual;40773;HELOISA FLORENCIO FISIOTERAPEU;1;PSB;PSB
109;179;Deputado Estadual;43777;FRANCISCO HELDER;1;PV;(PT/PC do B/PV)
109;179;Deputado Estadual;44567;MAGNOLIA ROCHA;4;UNIÃO;UNIÃO
109;179;Deputado Estadual;44888;DR. OSCAR RODRIGUES;4;UNIÃO;UNIÃO
109;179;Deputado Estadual;45123;EMILIA PESSOA;1;PSDB;(PSDB/CIDADANIA)
109;179;Deputado Estadual;50444;ZULEIDE QUEIROZ;2;PSOL;(PSOL/REDE)
109;179;Deputado Estadual;50500;RENATO ROSENO;1;PSOL;(PSOL/REDE)
109;179;Deputado Estadual;55011;APOLLO VICZ;1;PSD;PSD
109;179;Deputado Estadual;55678;DEP FERNANDO HUGO - DR HUGO;1;PSD;PSD
109;179;Deputado Estadual;65234;CACIKA IRÊ;2;PC do B;(PT/PC do B/PV)
109;179;Deputado Estadual;70000;TAM DE OLIVEIRA;1;AVANTE;AVANTE
109;179;Deputado Estadual;70123;TOMAZ HOLANDA;4;AVANTE;AVANTE
109;179;Deputado Estadual;90100;VALDEMIR VIEIRA;2;PROS;PROS
109;179;Deputado Estadual;12;LEGENDA PDT;1;PDT;PDT
109;179;Deputado Estadual;13;LEGENDA PT;7;PT;PT
109;179;Deputado Estadual;22;LEGENDA PL;1;PL;PL
109;179;Deputado Estadual;44;LEGENDA UNIÃO;1;UNIÃO;UNIÃO
109;179;Deputado Estadual;45;LEGENDA PSDB;1;PSDB;PSDB
109;179;Deputado Estadual;55;LEGENDA PSD;2;PSD;PSD
109;179;Deputado Estadual;70;LEGENDA AVANTE;1;AVANTE;AVANTE
109;179;Deputado Estadual;95;BRANCOS;4;;
109;179;Deputado Estadual;96;NULOS;3;;
109;180;Presidente;12;CIRO GOMES;7;PDT;PDT
109;180;Presidente;13;LULA;101;PT;(PT/PC do B/PV), SOLIDARIEDADE, (PSOL/REDE), PSB, AGIR, AVANTE, PROS
109;180;Presidente;15;SIMONE TEBET;3;MDB;MDB, (PSDB/CIDADANIA), PODE
109;180;Presidente;22;JAIR BOLSONARO;58;PL;PP, REPUBLICANOS, PL
109;180;Presidente;44;SORAYA THRONICKE;1;UNIÃO;UNIÃO
109;180;Presidente;95;BRANCOS;1;;
109;180;Presidente;96;NULOS;7;;
109;180;Governador;12;ROBERTO CLÁUDIO;11;PDT;PMN, PATRIOTA, AGIR, PMB, PDT, PSD, PSB, PSC, DC
109;180;Governador;13;ELMANO DE FREITAS;81;PT;(PT/PC do B/PV), PP, MDB, PRTB, (PSOL/REDE), SOLIDARIEDADE
109;180;Governador;44;CAPITÃO WAGNER;75;UNIÃO;PODE, AVANTE, PL, REPUBLICANOS, PTB, PROS, UNIÃO
109;180;Governador;95;BRANCOS;3;;
109;180;Governador;96;NULOS;8;;
109;180;Senador;131;CAMILO;100;PT;(PT/PC do B/PV), MDB, PRTB, (PSOL/REDE), SOLIDARIEDADE, PP
109;180;Senador;555;ERIKA AMORIM;4;PSD;PSB, AGIR, DC, PMB, PDT, PSD, PMN, PATRIOTA, PSC
109;180;Senador;700;KAMILA CARDOSO;51;AVANTE;AVANTE, UNIÃO, PTB, REPUBLICANOS, PROS, PL, PODE
109;180;Senador;95;BRANCOS;8;;
109;180;Senador;96;NULOS;15;;
109;180;Deputado Federal;1010;RONALDO MARTINS;3;REPUBLICANOS;REPUBLICANOS
109;180;Deputado Federal;1111;AJ ALBUQUERQUE;1;PP;PP
109;180;Deputado Federal;1112;GOMES FARIAS;1;PP;PP
109;180;Deputado Federal;1212;LEÔNIDAS CRISTINO;1;PDT;PDT
109;180;Deputado Federal;1213;IDILVAN;7;PDT;PDT
109;180;Deputado Federal;1214;EDUARDO BISMARCK;9;PDT;PDT
109;180;Deputado Federal;1221;MAURO FILHO;1;PDT;PDT
109;180;Deputado Federal;1233;ROBÉRIO MONTEIRO;4;PDT;PDT
109;180;Deputado Federal;1277;ADAIL JR;1;PDT;PDT
109;180;Deputado Federal;1313;LUIZIANNE LINS;5;PT;(PT/PC do B/PV)
109;180;Deputado Federal;1533;EUNÍCIO;3;MDB;MDB
109;180;Deputado Federal;2200;DRA. MAYRA PINHEIRO;1;PL;PL
109;180;Deputado Federal;2201;DELEGADO CAVALCANTE;1;PL;PL
109;180;Deputado Federal;2210;CORONEL AGINALDO;2;PL;PL
109;180;Deputado Federal;2211;YURY DO PAREDÃO;1;PL;PL
109;180;Deputado Federal;2222;ANDRÉ FERNANDES;5;PL;PL
109;180;Deputado Federal;2233;GORETE PEREIRA;1;PL;PL
109;180;Deputado Federal;2255;JÚNIOR MANO;1;PL;PL
109;180;Deputado Federal;2277;DR JAZIEL;13;PL;PL
109;180;Deputado Federal;2299;MATHEUS NORONHA;8;PL;PL
109;180;Deputado Federal;4410;CARLOS MATOS;2;UNIÃO;UNIÃO
109;180;Deputado Federal;4411;VANDERLAN ALVES;1;UNIÃO;UNIÃO
109;180;Deputado Federal;4422;JULIERME SENA;1;UNIÃO;UNIÃO
109;180;Deputado Federal;4433;DR. AGRIPINO MAGALHÃES;5;UNIÃO;UNIÃO
109;180;Deputado Federal;4444;HEITOR FREIRE;1;UNIÃO;UNIÃO
109;180;Deputado Federal;4445;DAMIÃO TENORIO;2;UNIÃO;UNIÃO
109;180;Deputado Federal;4447;DANILO FORTE;4;UNIÃO;UNIÃO
109;180;Deputado Federal;4456;DAYANY DO CAPITÃO;2;UNIÃO;UNIÃO
109;180;Deputado Federal;4477;FERNANDA PESSOA;2;UNIÃO;UNIÃO
109;180;Deputado Federal;4488;MOSES RODRIGUES;4;UNIÃO;UNIÃO
109;180;Deputado Federal;4490;SOLDADO NOELIO;2;UNIÃO;UNIÃO
109;180;Deputado Federal;5511;CÉLIO STUDART;3;PSD;PSD
109;180;Deputado Federal;5533;LUIZ GASTÃO;5;PSD;PSD
109;180;Deputado Federal;5555;DOMINGOS NETO;60;PSD;PSD
109;180;Deputado Federal;5588;ELIANE BRAZ;2;PSD;PSD
109;180;Deputado Federal;95;BRANCOS;7;;
109;180;Deputado Federal;96;NULOS;6;;
109;180;Deputado Estadual;10000;APÓSTOLO LUIZ HENRIQUE;1;REPUBLICANOS;REPUBLICANOS
109;180;Deputado Estadual;10123;DAVID DURAND;4;REPUBLICANOS;REPUBLICANOS
109;180;Deputado Estadual;11000;JOÃO JAIME;1;PP;PP
109;180;Deputado Estadual;11111;ZEZINHO ALBUQUERQUE;4;PP;PP
109;180;Deputado Estadual;11113;ALMIR BIÉ;6;PP;PP
109;180;Deputado Estadual;11222;DR VICTOR GURGEL;1;PP;PP
109;180;Deputado Estadual;11444;LEONARDO PINHEIRO;4;PP;PP
109;180;Deputado Estadual;12111;ANTONIO HENRIQUE;1;PDT;PDT
109;180;Deputado Estadual;12123;CLÁUDIO PINHO;6;PDT;PDT
109;180;Deputado Estadual;12127;HELAINE COELHO;19;PDT;PDT
109;180;Deputado Estadual;13111;PEDRO LOBO;1;PT;(PT/PC do B/PV)
109;180;Deputado Estadual;13132;ACRISIO SENA;3;PT;(PT/PC do B/PV)
109;180;Deputado Estadual;13555;JULIANA LUCENA;3;PT;(PT/PC do B/PV)
109;180;Deputado Estadual;13777;NIZO;4;PT;(PT/PC do B/PV)
109;180;Deputado Estadual;13789;JULINHO;6;PT;(PT/PC do B/PV)
109;180;Deputado Estadual;14444;RENATA SAMPAIO;1;PTB;PTB
109;180;Deputado Estadual;15123;AUDIC MOTA;1;MDB;MDB
109;180;Deputado Estadual;15888;AGENOR NETO;1;MDB;MDB
109;180;Deputado Estadual;22010;BEZERRA DE MENESES;1;PL;PL
109;180;Deputado Estadual;22022;CARMELO NETO;1;PL;PL
109;180;Deputado Estadual;22222;PR.ALCIDES FERNANDES;1;PL;PL
109;180;Deputado Estadual;22380;DUDU DIÓGENES;1;PL;PL
109;180;Deputado Estadual;22555;MARTA GONÇALVES;52;PL;PL
109;180;Deputado Estadual;22777;DRA SILVANA;10;PL;PL
109;180;Deputado Estadual;43777;FRANCISCO HELDER;1;PV;(PT/PC do B/PV)
109;180;Deputado Estadual;44123;TONY BRITO;1;UNIÃO;UNIÃO
109;180;Deputado Estadual;44333;HEITOR FÉRRER;1;UNIÃO;UNIÃO
109;180;Deputado Estadual;44567;MAGNOLIA ROCHA;5;UNIÃO;UNIÃO
109;180;Deputado Estadual;44777;FIRMO CAMURÇA;1;UNIÃO;UNIÃO
109;180;Deputado Estadual;44888;DR. OSCAR RODRIGUES;3;UNIÃO;UNIÃO
109;180;Deputado Estadual;45000;JORGE PINHEIRO;2;PSDB;(PSDB/CIDADANIA)
109;180;Deputado Estadual;45777;MARIA DO POVO;2;PSDB;(PSDB/CIDADANIA)
109;180;Deputado Estadual;55678;DEP FERNANDO HUGO - DR HUGO;2;PSD;PSD
109;180;Deputado Estadual;70111;AUGUSTO ARAGÃO;1;AVANTE;AVANTE
109;180;Deputado Estadual;70123;TOMAZ HOLANDA;4;AVANTE;AVANTE
109;180;Deputado Estadual;12;LEGENDA PDT;2;PDT;PDT
109;180;Deputado Estadual;13;LEGENDA PT;2;PT;PT
109;180;Deputado Estadual;44;LEGENDA UNIÃO;1;UNIÃO;UNIÃO
109;180;Deputado Estadual;95;BRANCOS;9;;
109;180;Deputado Estadual;96;NULOS;8;;
109;181;Presidente;12;CIRO GOMES;8;PDT;PDT
109;181;Presidente;13;LULA;79;PT;(PT/PC do B/PV), SOLIDARIEDADE, (PSOL/REDE), PSB, AGIR, AVANTE, PROS
109;181;Presidente;15;SIMONE TEBET;1;MDB;MDB, (PSDB/CIDADANIA), PODE
109;181;Presidente;22;JAIR BOLSONARO;77;PL;PP, REPUBLICANOS, PL
109;181;Presidente;44;SORAYA THRONICKE;1;UNIÃO;UNIÃO
109;181;Presidente;95;BRANCOS;2;;
109;181;Presidente;96;NULOS;6;;
109;181;Governador;12;ROBERTO CLÁUDIO;9;PDT;PMN, PATRIOTA, AGIR, PMB, PDT, PSD, PSB, PSC, DC
109;181;Governador;13;ELMANO DE FREITAS;65;PT;(PT/PC do B/PV), PP, MDB, PRTB, (PSOL/REDE), SOLIDARIEDADE
109;181;Governador;44;CAPITÃO WAGNER;85;UNIÃO;PODE, AVANTE, PL, REPUBLICANOS, PTB, PROS, UNIÃO
109;181;Governador;95;BRANCOS;4;;
109;181;Governador;96;NULOS;11;;
109;181;Senador;131;CAMILO;78;PT;(PT/PC do B/PV), MDB, PRTB, (PSOL/REDE), SOLIDARIEDADE, PP
109;181;Senador;555;ERIKA AMORIM;9;PSD;PSB, AGIR, DC, PMB, PDT, PSD, PMN, PATRIOTA, PSC
109;181;Senador;700;KAMILA CARDOSO;65;AVANTE;AVANTE, UNIÃO, PTB, REPUBLICANOS, PROS, PL, PODE
109;181;Senador;95;BRANCOS;8;;
109;181;Senador;96;NULOS;14;;
109;181;Deputado Federal;1000;BISPA VANESSA LIMA;1;REPUBLICANOS;REPUBLICANOS
109;181;Deputado Federal;1010;RONALDO MARTINS;2;REPUBLICANOS;REPUBLICANOS
109;181;Deputado Federal;1111;AJ ALBUQUERQUE;1;PP;PP
109;181;Deputado Federal;1212;LEÔNIDAS CRISTINO;1;PDT;PDT
109;181;Deputado Federal;1213;IDILVAN;4;PDT;PDT
109;181;Deputado Federal;1214;EDUARDO BISMARCK;7;PDT;PDT
109;181;Deputado Federal;1233;ROBÉRIO MONTEIRO;4;PDT;PDT
109;181;Deputado Federal;1292;ENFERMEIRA ANA PAULA;1;PDT;PDT
109;181;Deputado Federal;1313;LUIZIANNE LINS;5;PT;(PT/PC do B/PV)
109;181;Deputado Federal;1322;GUIMARÃES DO PT;2;PT;(PT/PC do B/PV)
109;181;Deputado Federal;1326;CELSO FARIAS;1;PT;(PT/PC do B/PV)
109;181;Deputado Federal;1533;EUNÍCIO;2;MDB;MDB
109;181;Deputado Federal;2200;DRA. MAYRA PINHEIRO;1;PL;PL
109;181;Deputado Federal;2201;DELEGADO CAVALCANTE;2;PL;PL
109;181;Deputado Federal;2210;CORONEL AGINALDO;2;PL;PL
109;181;Deputado Federal;2222;ANDRÉ FERNANDES;7;PL;PL
109;181;Deputado Federal;2244;TADEU OLIVEIRA;1;PL;PL
109;181;Deputado Federal;2277;DR JAZIEL;14;PL;PL
109;181;Deputado Federal;2288;PRISCILA COSTA;1;PL;PL
109;181;Deputado Federal;2299;MATHEUS NORONHA;8;PL;PL
109;181;Deputado Federal;4000;DENIS BEZERRA;1;PSB;PSB
109;181;Deputado Federal;4400;LUIZ CARLOS JR;1;UNIÃO;UNIÃO
109;181;Deputado Federal;4410;CARLOS MATOS;1;UNIÃO;UNIÃO
109;181;Deputado Federal;4433;DR. AGRIPINO MAGALHÃES;1;UNIÃO;UNIÃO
109;181;Deputado Federal;4447;DANILO FORTE;6;UNIÃO;UNIÃO
109;181;Deputado Federal;4466;PATRICIA MARXS;1;UNIÃO;UNIÃO
109;181;Deputado Federal;4477;FERNANDA PESSOA;1;UNIÃO;UNIÃO
109;181;Deputado Federal;4488;MOSES RODRIGUES;10;UNIÃO;UNIÃO
109;181;Deputado Federal;4490;SOLDADO NOELIO;1;UNIÃO;UNIÃO
109;181;Deputado Federal;4499;SÂMILA MÃE DO GABRIEL;1;UNIÃO;UNIÃO
109;181;Deputado Federal;5001;JOÃO ALFREDO;1;PSOL;(PSOL/REDE)
109;181;Deputado Federal;5511;CÉLIO STUDART;3;PSD;PSD
109;181;Deputado Federal;5533;LUIZ GASTÃO;5;PSD;PSD
109;181;Deputado Federal;5555;DOMINGOS NETO;55;PSD;PSD
109;181;Deputado Federal;5566;KELVYA ALBUQUERQUE;1;PSD;PSD
109;181;Deputado Federal;5588;ELIANE BRAZ;2;PSD;PSD
109;181;Deputado Federal;6565;INÁCIO ARRUDA;1;PC do B;(PT/PC do B/PV)
109;181;Deputado Federal;12;LEGENDA PDT;1;PDT;PDT
109;181;Deputado Federal;13;LEGENDA PT;2;PT;PT
109;181;Deputado Federal;22;LEGENDA PL;2;PL;PL
109;181;Deputado Federal;23;LEGENDA CIDADANIA;1;CIDADANIA;CIDADANIA
109;181;Deputado Federal;95;BRANCOS;6;;
109;181;Deputado Federal;96;NULOS;3;;
109;181;Deputado Estadual;10000;APÓSTOLO LUIZ HENRIQUE;1;REPUBLICANOS;REPUBLICANOS
109;181;Deputado Estadual;11113;ALMIR BIÉ;6;PP;PP
109;181;Deputado Estadual;11444;LEONARDO PINHEIRO;3;PP;PP
109;181;Deputado Estadual;12000;EVANDRO LEITÃO;1;PDT;PDT
109;181;Deputado Estadual;12123;CLÁUDIO PINHO;2;PDT;PDT
109;181;Deputado Estadual;12127;HELAINE COELHO;22;PDT;PDT
109;181;Deputado Estadual;12300;QUEIROZ FILHO;1;PDT;PDT
109;181;Deputado Estadual;12456;ROMEU ALDIGUERI;1;PDT;PDT
109;181;Deputado Estadual;13132;ACRISIO SENA;5;PT;(PT/PC do B/PV)
109;181;Deputado Estadual;13333;MOISES BRAZ;2;PT;(PT/PC do B/PV)
109;181;Deputado Estadual;13555;JULIANA LUCENA;2;PT;(PT/PC do B/PV)
109;181;Deputado Estadual;13777;NIZO;2;PT;(PT/PC do B/PV)
109;181;Deputado Estadual;13789;JULINHO;7;PT;(PT/PC do B/PV)
109;181;Deputado Estadual;15888;AGENOR NETO;2;MDB;MDB
109;181;Deputado Estadual;22022;CARMELO NETO;4;PL;PL
109;181;Deputado Estadual;22222;PR.ALCIDES FERNANDES;3;PL;PL
109;181;Deputado Estadual;22555;MARTA GONÇALVES;47;PL;PL
109;181;Deputado Estadual;22777;DRA SILVANA;13;PL;PL
109;181;Deputado Estadual;23192;MARTINHA - A SAÚDE RESISTE;1;CIDADANIA;(PSDB/CIDADANIA)
109;181;Deputado Estadual;44447;ISABELLE MUNGUBA;1;UNIÃO;UNIÃO
109;181;Deputado Estadual;44567;MAGNOLIA ROCHA;5;UNIÃO;UNIÃO
109;181;Deputado Estadual;44777;FIRMO CAMURÇA;1;UNIÃO;UNIÃO
109;181;Deputado Estadual;44888;DR. OSCAR RODRIGUES;9;UNIÃO;UNIÃO
109;181;Deputado Estadual;45000;JORGE PINHEIRO;2;PSDB;(PSDB/CIDADANIA)
109;181;Deputado Estadual;55011;APOLLO VICZ;1;PSD;PSD
109;181;Deputado Estadual;55234;DR. LUCÍLVIO GIRÃO;1;PSD;PSD
109;181;Deputado Estadual;65013;PROFESSOR ANÍZIO;1;PC do B;(PT/PC do B/PV)
109;181;Deputado Estadual;70000;TAM DE OLIVEIRA;1;AVANTE;AVANTE
109;181;Deputado Estadual;70123;TOMAZ HOLANDA;2;AVANTE;AVANTE
109;181;Deputado Estadual;70222;STUART CASTRO;2;AVANTE;AVANTE
109;181;Deputado Estadual;70321;DANIEL BORGES;1;AVANTE;AVANTE
109;181;Deputado Estadual;11;LEGENDA PP;2;PP;PP
109;181;Deputado Estadual;12;LEGENDA PDT;1;PDT;PDT
109;181;Deputado Estadual;13;LEGENDA PT;1;PT;PT
109;181;Deputado Estadual;15;LEGENDA MDB;1;MDB;MDB
109;181;Deputado Estadual;22;LEGENDA PL;2;PL;PL
109;181;Deputado Estadual;55;LEGENDA PSD;2;PSD;PSD
109;181;Deputado Estadual;65;LEGENDA PC do B;1;PC do B;PC do B
109;181;Deputado Estadual;70;LEGENDA AVANTE;1;AVANTE;AVANTE
109;181;Deputado Estadual;95;BRANCOS;7;;
109;181;Deputado Estadual;96;NULOS;4;;
109;182;Presidente;12;CIRO GOMES;10;PDT;PDT
109;182;Presidente;13;LULA;108;PT;(PT/PC do B/PV), SOLIDARIEDADE, (PSOL/REDE), PSB, AGIR, AVANTE, PROS
109;182;Presidente;15;SIMONE TEBET;1;MDB;MDB, (PSDB/CIDADANIA), PODE
109;182;Presidente;22;JAIR BOLSONARO;59;PL;PP, REPUBLICANOS, PL
109;182;Presidente;44;SORAYA THRONICKE;3;UNIÃO;UNIÃO
109;182;Presidente;95;BRANCOS;1;;
109;182;Presidente;96;NULOS;3;;
109;182;Governador;12;ROBERTO CLÁUDIO;6;PDT;PMN, PATRIOTA, AGIR, PMB, PDT, PSD, PSB, PSC, DC
109;182;Governador;13;ELMANO DE FREITAS;84;PT;(PT/PC do B/PV), PP, MDB, PRTB, (PSOL/REDE), SOLIDARIEDADE
109;182;Governador;44;CAPITÃO WAGNER;79;UNIÃO;PODE, AVANTE, PL, REPUBLICANOS, PTB, PROS, UNIÃO
109;182;Governador;95;BRANCOS;6;;
109;182;Governador;96;NULOS;10;;
109;182;Senador;131;CAMILO;107;PT;(PT/PC do B/PV), MDB, PRTB, (PSOL/REDE), SOLIDARIEDADE, PP
109;182;Senador;555;ERIKA AMORIM;3;PSD;PSB, AGIR, DC, PMB, PDT, PSD, PMN, PATRIOTA, PSC
109;182;Senador;700;KAMILA CARDOSO;48;AVANTE;AVANTE, UNIÃO, PTB, REPUBLICANOS, PROS, PL, PODE
109;182;Senador;95;BRANCOS;9;;
109;182;Senador;96;NULOS;18;;
109;182;Deputado Federal;1010;RONALDO MARTINS;4;REPUBLICANOS;REPUBLICANOS
109;182;Deputado Federal;1023;PASTOR ABRAÃO;1;REPUBLICANOS;REPUBLICANOS
109;182;Deputado Federal;1030;VERISSIMO FREITAS;1;REPUBLICANOS;REPUBLICANOS
109;182;Deputado Federal;1213;IDILVAN;6;PDT;PDT
109;182;Deputado Federal;1214;EDUARDO BISMARCK;12;PDT;PDT
109;182;Deputado Federal;1233;ROBÉRIO MONTEIRO;2;PDT;PDT
109;182;Deputado Federal;1251;ARNON BEZERRA;1;PDT;PDT
109;182;Deputado Federal;1277;ADAIL JR;2;PDT;PDT
109;182;Deputado Federal;1292;ENFERMEIRA ANA PAULA;1;PDT;PDT
109;182;Deputado Federal;1313;LUIZIANNE LINS;15;PT;(PT/PC do B/PV)
109;182;Deputado Federal;1533;EUNÍCIO;2;MDB;MDB
109;182;Deputado Federal;2210;CORONEL AGINALDO;3;PL;PL
109;182;Deputado Federal;2222;ANDRÉ FERNANDES;4;PL;PL
109;182;Deputado Federal;2233;GORETE PEREIRA;1;PL;PL
109;182;Deputado Federal;2277;DR JAZIEL;6;PL;PL
109;182;Deputado Federal;2288;PRISCILA COSTA;3;PL;PL
109;182;Deputado Federal;2299;MATHEUS NORONHA;2;PL;PL
109;182;Deputado Federal;4433;DR. AGRIPINO MAGALHÃES;3;UNIÃO;UNIÃO
109;182;Deputado Federal;4445;DAMIÃO TENORIO;5;UNIÃO;UNIÃO
109;182;Deputado Federal;4447;DANILO FORTE;7;UNIÃO;UNIÃO
109;182;Deputado Federal;4477;FERNANDA PESSOA;3;UNIÃO;UNIÃO
109;182;Deputado Federal;4488;MOSES RODRIGUES;10;UNIÃO;UNIÃO
109;182;Deputado Federal;5005;ANNA KARINA VOZES FEMINISTAS;1;PSOL;(PSOL/REDE)
109;182;Deputado Federal;5116;ANDRÉ FARIAS;1;PATRIOTA;PATRIOTA
109;182;Deputado Federal;5511;CÉLIO STUDART;4;PSD;PSD
109;182;Deputado Federal;5522;MARCOS LIMA;1;PSD;PSD
109;182;Deputado Federal;5533;LUIZ GASTÃO;15;PSD;PSD
109;182;Deputado Federal;5555;DOMINGOS NETO;52;PSD;PSD
109;182;Deputado Federal;12;LEGENDA PDT;1;PDT;PDT
109;182;Deputado Federal;13;LEGENDA PT;3;PT;PT
109;182;Deputado Federal;95;BRANCOS;9;;
109;182;Deputado Federal;96;NULOS;4;;
109;182;Deputado Estadual;10000;APÓSTOLO LUIZ HENRIQUE;1;REPUBLICANOS;REPUBLICANOS
109;182;Deputado Estadual;10123;DAVID DURAND;4;REPUBLICANOS;REPUBLICANOS
109;182;Deputado Estadual;11111;ZEZINHO ALBUQUERQUE;3;PP;PP
109;182;Deputado Estadual;11113;ALMIR BIÉ;2;PP;PP
109;182;Deputado Estadual;11444;LEONARDO PINHEIRO;6;PP;PP
109;182;Deputado Estadual;12111;ANTONIO HENRIQUE;1;PDT;PDT
109;182;Deputado Estadual;12123;CLÁUDIO PINHO;5;PDT;PDT
109;182;Deputado Estadual;12127;HELAINE COELHO;21;PDT;PDT
109;182;Deputado Estadual;12222;OSMAR BAQUIT;1;PDT;PDT
109;182;Deputado Estadual;13123;MISSIAS DO MST;2;PT;(PT/PC do B/PV)
109;182;Deputado Estadual;13132;ACRISIO SENA;4;PT;(PT/PC do B/PV)
109;182;Deputado Estadual;13234;GUILHERME SAMPAIO;1;PT;(PT/PC do B/PV)
109;182;Deputado Estadual;13333;MOISES BRAZ;1;PT;(PT/PC do B/PV)
109;182;Deputado Estadual;13456;DE ASSIS DINIZ;2;PT;(PT/PC do B/PV)
109;182;Deputado Estadual;13777;NIZO;1;PT;(PT/PC do B/PV)
109;182;Deputado Estadual;13789;JULINHO;13;PT;(PT/PC do B/PV)
109;182;Deputado Estadual;15123;AUDIC MOTA;1;MDB;MDB
109;182;Deputado Estadual;22010;BEZERRA DE MENESES;1;PL;PL
109;182;Deputado Estadual;22022;CARMELO NETO;3;PL;PL
109;182;Deputado Estadual;22111;PEDRO MATOS;1;PL;PL
109;182;Deputado Estadual;22555;MARTA GONÇALVES;32;PL;PL
109;182;Deputado Estadual;22556;DAVID PROARMAS;1;PL;PL
109;182;Deputado Estadual;22777;DRA SILVANA;7;PL;PL
109;182;Deputado Estadual;30000;DR. ISAQUE RABELO;1;NOVO;NOVO
109;182;Deputado Estadual;44123;TONY BRITO;2;UNIÃO;UNIÃO
109;182;Deputado Estadual;44333;HEITOR FÉRRER;1;UNIÃO;UNIÃO
109;182;Deputado Estadual;44567;MAGNOLIA ROCHA;4;UNIÃO;UNIÃO
109;182;Deputado Estadual;44777;FIRMO CAMURÇA;1;UNIÃO;UNIÃO
109;182;Deputado Estadual;44888;DR. OSCAR RODRIGUES;10;UNIÃO;UNIÃO
109;182;Deputado Estadual;45111;GORDIM ARAUJO;1;PSDB;(PSDB/CIDADANIA)
109;182;Deputado Estadual;45123;EMILIA PESSOA;1;PSDB;(PSDB/CIDADANIA)
109;182;Deputado Estadual;50500;RENATO ROSENO;1;PSOL;(PSOL/REDE)
109;182;Deputado Estadual;55011;APOLLO VICZ;2;PSD;PSD
109;182;Deputado Estadual;55234;DR. LUCÍLVIO GIRÃO;1;PSD;PSD
109;182;Deputado Estadual;55555;GABRIELLA AGUIAR;1;PSD;PSD
109;182;Deputado Estadual;55678;DEP FERNANDO HUGO - DR HUGO;2;PSD;PSD
109;182;Deputado Estadual;70000;TAM DE OLIVEIRA;1;AVANTE;AVANTE
109;182;Deputado Estadual;70007;DANILO LOPES;1;AVANTE;AVANTE
109;182;Deputado Estadual;70123;TOMAZ HOLANDA;9;AVANTE;AVANTE
109;182;Deputado Estadual;70222;STUART CASTRO;1;AVANTE;AVANTE
109;182;Deputado Estadual;70321;DANIEL BORGES;1;AVANTE;AVANTE
109;182;Deputado Estadual;70762;CAPITÃO AGENOR;1;AVANTE;AVANTE
109;182;Deputado Estadual;90100;VALDEMIR VIEIRA;1;PROS;PROS
109;182;Deputado Estadual;12;LEGENDA PDT;1;PDT;PDT
109;182;Deputado Estadual;13;LEGENDA PT;8;PT;PT
109;182;Deputado Estadual;44;LEGENDA UNIÃO;1;UNIÃO;UNIÃO
109;182;Deputado Estadual;55;LEGENDA PSD;1;PSD;PSD
109;182;Deputado Estadual;95;BRANCOS;9;;
109;182;Deputado Estadual;96;NULOS;8;;
109;183;Presidente;12;CIRO GOMES;12;PDT;PDT
109;183;Presidente;13;LULA;100;PT;(PT/PC do B/PV), SOLIDARIEDADE, (PSOL/REDE), PSB, AGIR, AVANTE, PROS
109;183;Presidente;15;SIMONE TEBET;2;MDB;MDB, (PSDB/CIDADANIA), PODE
109;183;Presidente;22;JAIR BOLSONARO;55;PL;PP, REPUBLICANOS, PL
109;183;Presidente;44;SORAYA THRONICKE;1;UNIÃO;UNIÃO
109;183;Presidente;95;BRANCOS;2;;
109;183;Presidente;96;NULOS;3;;
109;183;Governador;12;ROBERTO CLÁUDIO;11;PDT;PMN, PATRIOTA, AGIR, PMB, PDT, PSD, PSB, PSC, DC
109;183;Governador;13;ELMANO DE FREITAS;78;PT;(PT/PC do B/PV), PP, MDB, PRTB, (PSOL/REDE), SOLIDARIEDADE
109;183;Governador;44;CAPITÃO WAGNER;76;UNIÃO;PODE, AVANTE, PL, REPUBLICANOS, PTB, PROS, UNIÃO
109;183;Governador;95;BRANCOS;4;;
109;183;Governador;96;NULOS;6;;
109;183;Senador;131;CAMILO;92;PT;(PT/PC do B/PV), MDB, PRTB, (PSOL/REDE), SOLIDARIEDADE, PP
109;183;Senador;555;ERIKA AMORIM;6;PSD;PSB, AGIR, DC, PMB, PDT, PSD, PMN, PATRIOTA, PSC
109;183;Senador;700;KAMILA CARDOSO;54;AVANTE;AVANTE, UNIÃO, PTB, REPUBLICANOS, PROS, PL, PODE
109;183;Senador;95;BRANCOS;8;;
109;183;Senador;96;NULOS;15;;
109;183;Deputado Federal;1000;BISPA VANESSA LIMA;1;REPUBLICANOS;REPUBLICANOS
109;183;Deputado Federal;1010;RONALDO MARTINS;2;REPUBLICANOS;REPUBLICANOS
109;183;Deputado Federal;1023;PASTOR ABRAÃO;5;REPUBLICANOS;REPUBLICANOS
109;183;Deputado Federal;1212;LEÔNIDAS CRISTINO;1;PDT;PDT
109;183;Deputado Federal;1213;IDILVAN;2;PDT;PDT
109;183;Deputado Federal;1214;EDUARDO BISMARCK;9;PDT;PDT
109;183;Deputado Federal;1221;MAURO FILHO;1;PDT;PDT
109;183;Deputado Federal;1233;ROBÉRIO MONTEIRO;1;PDT;PDT
109;183;Deputado Federal;1251;ARNON BEZERRA;1;PDT;PDT
109;183;Deputado Federal;1292;ENFERMEIRA ANA PAULA;1;PDT;PDT
109;183;Deputado Federal;1313;LUIZIANNE LINS;5;PT;(PT/PC do B/PV)
109;183;Deputado Federal;1322;GUIMARÃES DO PT;1;PT;(PT/PC do B/PV)
109;183;Deputado Federal;2200;DRA. MAYRA PINHEIRO;2;PL;PL
109;183;Deputado Federal;2201;DELEGADO CAVALCANTE;1;PL;PL
109;183;Deputado Federal;2210;CORONEL AGINALDO;2;PL;PL
109;183;Deputado Federal;2222;ANDRÉ FERNANDES;4;PL;PL
109;183;Deputado Federal;2244;TADEU OLIVEIRA;1;PL;PL
109;183;Deputado Federal;2277;DR JAZIEL;7;PL;PL
109;183;Deputado Federal;2288;PRISCILA COSTA;4;PL;PL
109;183;Deputado Federal;2299;MATHEUS NORONHA;4;PL;PL
109;183;Deputado Federal;4400;LUIZ CARLOS JR;2;UNIÃO;UNIÃO
109;183;Deputado Federal;4411;VANDERLAN ALVES;1;UNIÃO;UNIÃO
109;183;Deputado Federal;4433;DR. AGRIPINO MAGALHÃES;2;UNIÃO;UNIÃO
109;183;Deputado Federal;4444;HEITOR FREIRE;1;UNIÃO;UNIÃO
109;183;Deputado Federal;4445;DAMIÃO TENORIO;4;UNIÃO;UNIÃO
109;183;Deputado Federal;4447;DANILO FORTE;4;UNIÃO;UNIÃO
109;183;Deputado Federal;4477;FERNANDA PESSOA;6;UNIÃO;UNIÃO
109;183;Deputado Federal;4488;MOSES RODRIGUES;14;UNIÃO;UNIÃO
109;183;Deputado Federal;4490;SOLDADO NOELIO;2;UNIÃO;UNIÃO
109;183;Deputado Federal;5001;JOÃO ALFREDO;1;PSOL;(PSOL/REDE)
109;183;Deputado Federal;5055;GABRIEL BIOLOGIA;2;PSOL;(PSOL/REDE)
109;183;Deputado Federal;5511;CÉLIO STUDART;2;PSD;PSD
109;183;Deputado Federal;5533;LUIZ GASTÃO;11;PSD;PSD
109;183;Deputado Federal;5555;DOMINGOS NETO;51;PSD;PSD
109;183;Deputado Federal;5588;ELIANE BRAZ;1;PSD;PSD
109;183;Deputado Federal;7007;DR CADU;1;AVANTE;AVANTE
109;183;Deputado Federal;7012;LURDENIS VIEIRA;1;AVANTE;AVANTE
109;183;Deputado Federal;7040;CHICO ANTÔNIO;1;AVANTE;AVANTE
109;183;Deputado Federal;11;LEGENDA PP;1;PP;PP
109;183;Deputado Federal;12;LEGENDA PDT;1;PDT;PDT
109;183;Deputado Federal;13;LEGENDA PT;1;PT;PT
109;183;Deputado Federal;70;LEGENDA AVANTE;1;AVANTE;AVANTE
109;183;Deputado Federal;95;BRANCOS;4;;
109;183;Deputado Federal;96;NULOS;5;;
109;183;Deputado Estadual;10000;APÓSTOLO LUIZ HENRIQUE;1;REPUBLICANOS;REPUBLICANOS
109;183;Deputado Estadual;10123;DAVID DURAND;2;REPUBLICANOS;REPUBLICANOS
109;183;Deputado Estadual;10124;DUQUINHA;2;REPUBLICANOS;REPUBLICANOS
109;183;Deputado Estadual;11000;JOÃO JAIME;1;PP;PP
109;183;Deputado Estadual;11111;ZEZINHO ALBUQUERQUE;2;PP;PP
109;183;Deputado Estadual;11113;ALMIR BIÉ;3;PP;PP
109;183;Deputado Estadual;11444;LEONARDO PINHEIRO;5;PP;PP
109;183;Deputado Estadual;11999;MOÉSIO LOIOLA;1;PP;PP
109;183;Deputado Estadual;12123;CLÁUDIO PINHO;3;PDT;PDT
109;183;Deputado Estadual;12127;HELAINE COELHO;25;PDT;PDT
109;183;Deputado Estadual;12789;ALESSANDRA SABINO;1;PDT;PDT
109;183;Deputado Estadual;12888;SERGIO AGUIAR;1;PDT;PDT
109;183;Deputado Estadual;13123;MISSIAS DO MST;2;PT;(PT/PC do B/PV)
109;183;Deputado Estadual;13132;ACRISIO SENA;3;PT;(PT/PC do B/PV)
109;183;Deputado Estadual;13133;LARISSA GASPAR;1;PT;(PT/PC do B/PV)
109;183;Deputado Estadual;13333;MOISES BRAZ;1;PT;(PT/PC do B/PV)
109;183;Deputado Estadual;13555;JULIANA LUCENA;3;PT;(PT/PC do B/PV)
109;183;Deputado Estadual;13777;NIZO;2;PT;(PT/PC do B/PV)
109;183;Deputado Estadual;13789;JULINHO;7;PT;(PT/PC do B/PV)
109;183;Deputado Estadual;15115;CARLOS BANDEIRA;1;MDB;MDB
109;183;Deputado Estadual;15333;DANNIEL OLIVEIRA;1;MDB;MDB
109;183;Deputado Estadual;15888;AGENOR NETO;2;MDB;MDB
109;183;Deputado Estadual;22010;BEZERRA DE MENESES;2;PL;PL
109;183;Deputado Estadual;22022;CARMELO NETO;3;PL;PL
109;183;Deputado Estadual;22380;DUDU DIÓGENES;2;PL;PL
109;183;Deputado Estadual;22555;MARTA GONÇALVES;34;PL;PL
109;183;Deputado Estadual;22556;DAVID PROARMAS;1;PL;PL
109;183;Deputado Estadual;22777;DRA SILVANA;9;PL;PL
109;183;Deputado Estadual;23190;TENENTE DANTAS;1;CIDADANIA;(PSDB/CIDADANIA)
109;183;Deputado Estadual;33123;ALCY PINHEIRO;1;PMN;PMN
109;183;Deputado Estadual;44447;ISABELLE MUNGUBA;2;UNIÃO;UNIÃO
109;183;Deputado Estadual;44567;MAGNOLIA ROCHA;3;UNIÃO;UNIÃO
109;183;Deputado Estadual;44777;FIRMO CAMURÇA;4;UNIÃO;UNIÃO
109;183;Deputado Estadual;44888;DR. OSCAR RODRIGUES;12;UNIÃO;UNIÃO
109;183;Deputado Estadual;45123;EMILIA PESSOA;1;PSDB;(PSDB/CIDADANIA)
109;183;Deputado Estadual;50013;LÉO SURICATE;1;PSOL;(PSOL/REDE)
109;183;Deputado Estadual;55678;DEP FERNANDO HUGO - DR HUGO;2;PSD;PSD
109;183;Deputado Estadual;65234;CACIKA IRÊ;1;PC do B;(PT/PC do B/PV)
109;183;Deputado Estadual;70123;TOMAZ HOLANDA;11;AVANTE;AVANTE
109;183;Deputado Estadual;70222;STUART CASTRO;1;AVANTE;AVANTE
109;183;Deputado Estadual;12;LEGENDA PDT;1;PDT;PDT
109;183;Deputado Estadual;13;LEGENDA PT;3;PT;PT
109;183;Deputado Estadual;22;LEGENDA PL;1;PL;PL
109;183;Deputado Estadual;44;LEGENDA UNIÃO;1;UNIÃO;UNIÃO
109;183;Deputado Estadual;55;LEGENDA PSD;1;PSD;PSD
109;183;Deputado Estadual;95;BRANCOS;4;;
109;183;Deputado Estadual;96;NULOS;3;;
109;184;Presidente;12;CIRO GOMES;11;PDT;PDT
109;184;Presidente;13;LULA;109;PT;(PT/PC do B/PV), SOLIDARIEDADE, (PSOL/REDE), PSB, AGIR, AVANTE, PROS
109;184;Presidente;15;SIMONE TEBET;4;MDB;MDB, (PSDB/CIDADANIA), PODE
109;184;Presidente;22;JAIR BOLSONARO;44;PL;PP, REPUBLICANOS, PL
109;184;Presidente;95;BRANCOS;1;;
109;184;Presidente;96;NULOS;4;;
109;184;Governador;12;ROBERTO CLÁUDIO;13;PDT;PMN, PATRIOTA, AGIR, PMB, PDT, PSD, PSB, PSC, DC
109;184;Governador;13;ELMANO DE FREITAS;82;PT;(PT/PC do B/PV), PP, MDB, PRTB, (PSOL/REDE), SOLIDARIEDADE
109;184;Governador;21;CHICO MALTA;1;PCB;PCB
109;184;Governador;44;CAPITÃO WAGNER;67;UNIÃO;PODE, AVANTE, PL, REPUBLICANOS, PTB, PROS, UNIÃO
109;184;Governador;95;BRANCOS;4;;
109;184;Governador;96;NULOS;6;;
109;184;Senador;131;CAMILO;112;PT;(PT/PC do B/PV), MDB, PRTB, (PSOL/REDE), SOLIDARIEDADE, PP
109;184;Senador;555;ERIKA AMORIM;3;PSD;PSB, AGIR, DC, PMB, PDT, PSD, PMN, PATRIOTA, PSC
109;184;Senador;700;KAMILA CARDOSO;43;AVANTE;AVANTE, UNIÃO, PTB, REPUBLICANOS, PROS, PL, PODE
109;184;Senador;95;BRANCOS;6;;
109;184;Senador;96;NULOS;9;;
109;184;Deputado Federal;1000;BISPA VANESSA LIMA;1;REPUBLICANOS;REPUBLICANOS
109;184;Deputado Federal;1010;RONALDO MARTINS;1;REPUBLICANOS;REPUBLICANOS
109;184;Deputado Federal;1016;PR RODRIGO MATOS;1;REPUBLICANOS;REPUBLICANOS
109;184;Deputado Federal;1023;PASTOR ABRAÃO;1;REPUBLICANOS;REPUBLICANOS
109;184;Deputado Federal;1111;AJ ALBUQUERQUE;1;PP;PP
109;184;Deputado Federal;1213;IDILVAN;5;PDT;PDT
109;184;Deputado Federal;1214;EDUARDO BISMARCK;6;PDT;PDT
109;184;Deputado Federal;1233;ROBÉRIO MONTEIRO;1;PDT;PDT
109;184;Deputado Federal;1285;IANNA BRANDÃO;1;PDT;PDT
109;184;Deputado Federal;1292;ENFERMEIRA ANA PAULA;1;PDT;PDT
109;184;Deputado Federal;1313;LUIZIANNE LINS;3;PT;(PT/PC do B/PV)
109;184;Deputado Federal;1522;NELINHO;1;MDB;MDB
109;184;Deputado Federal;1533;EUNÍCIO;1;MDB;MDB
109;184;Deputado Federal;2123;ROBERTO SANTOS;1;PCB;PCB
109;184;Deputado Federal;2200;DRA. MAYRA PINHEIRO;4;PL;PL
109;184;Deputado Federal;2210;CORONEL AGINALDO;1;PL;PL
109;184;Deputado Federal;2211;YURY DO PAREDÃO;1;PL;PL
109;184;Deputado Federal;2222;ANDRÉ FERNANDES;3;PL;PL
109;184;Deputado Federal;2233;GORETE PEREIRA;1;PL;PL
109;184;Deputado Federal;2266;CELSO SANTOS;1;PL;PL
109;184;Deputado Federal;2277;DR JAZIEL;8;PL;PL
109;184;Deputado Federal;2288;PRISCILA COSTA;1;PL;PL
109;184;Deputado Federal;2299;MATHEUS NORONHA;3;PL;PL
109;184;Deputado Federal;4000;DENIS BEZERRA;1;PSB;PSB
109;184;Deputado Federal;4400;LUIZ CARLOS JR;1;UNIÃO;UNIÃO
109;184;Deputado Federal;4410;CARLOS MATOS;1;UNIÃO;UNIÃO
109;184;Deputado Federal;4411;VANDERLAN ALVES;1;UNIÃO;UNIÃO
109;184;Deputado Federal;4422;JULIERME SENA;1;UNIÃO;UNIÃO
109;184;Deputado Federal;4445;DAMIÃO TENORIO;2;UNIÃO;UNIÃO
109;184;Deputado Federal;4477;FERNANDA PESSOA;5;UNIÃO;UNIÃO
109;184;Deputado Federal;4488;MOSES RODRIGUES;9;UNIÃO;UNIÃO
109;184;Deputado Federal;5055;GABRIEL BIOLOGIA;2;PSOL;(PSOL/REDE)
109;184;Deputado Federal;5511;CÉLIO STUDART;8;PSD;PSD
109;184;Deputado Federal;5533;LUIZ GASTÃO;16;PSD;PSD
109;184;Deputado Federal;5555;DOMINGOS NETO;71;PSD;PSD
109;184;Deputado Federal;22;LEGENDA PL;2;PL;PL
109;184;Deputado Federal;95;BRANCOS;1;;
109;184;Deputado Federal;96;NULOS;4;;
109;184;Deputado Estadual;10000;APÓSTOLO LUIZ HENRIQUE;1;REPUBLICANOS;REPUBLICANOS
109;184;Deputado Estadual;10123;DAVID DURAND;1;REPUBLICANOS;REPUBLICANOS
109;184;Deputado Estadual;11111;ZEZINHO ALBUQUERQUE;2;PP;PP
109;184;Deputado Estadual;11113;ALMIR BIÉ;2;PP;PP
109;184;Deputado Estadual;11444;LEONARDO PINHEIRO;5;PP;PP
109;184;Deputado Estadual;12111;ANTONIO HENRIQUE;1;PDT;PDT
109;184;Deputado Estadual;12123;CLÁUDIO PINHO;5;PDT;PDT
109;184;Deputado Estadual;12127;HELAINE COELHO;18;PDT;PDT
109;184;Deputado Estadual;13123;MISSIAS DO MST;2;PT;(PT/PC do B/PV)
109;184;Deputado Estadual;13132;ACRISIO SENA;2;PT;(PT/PC do B/PV)
109;184;Deputado Estadual;13133;LARISSA GASPAR;1;PT;(PT/PC do B/PV)
109;184;Deputado Estadual;13555;JULIANA LUCENA;1;PT;(PT/PC do B/PV)
109;184;Deputado Estadual;13777;NIZO;2;PT;(PT/PC do B/PV)
109;184;Deputado Estadual;13789;JULINHO;14;PT;(PT/PC do B/PV)
109;184;Deputado Estadual;15123;AUDIC MOTA;1;MDB;MDB
109;184;Deputado Estadual;15888;AGENOR NETO;1;MDB;MDB
109;184;Deputado Estadual;22000;DR EDMAR FERNADES;1;PL;PL
109;184;Deputado Estadual;22010;BEZERRA DE MENESES;1;PL;PL
109;184;Deputado Estadual;22022;CARMELO NETO;2;PL;PL
109;184;Deputado Estadual;22380;DUDU DIÓGENES;3;PL;PL
109;184;Deputado Estadual;22555;MARTA GONÇALVES;50;PL;PL
109;184;Deputado Estadual;22777;DRA SILVANA;6;PL;PL
109;184;Deputado Estadual;23190;TENENTE DANTAS;1;CIDADANIA;(PSDB/CIDADANIA)
109;184;Deputado Estadual;44447;ISABELLE MUNGUBA;1;UNIÃO;UNIÃO
109;184;Deputado Estadual;44556;PRISCILA ROCHA;1;UNIÃO;UNIÃO
109;184;Deputado Estadual;44567;MAGNOLIA ROCHA;6;UNIÃO;UNIÃO
109;184;Deputado Estadual;44777;FIRMO CAMURÇA;5;UNIÃO;UNIÃO
109;184;Deputado Estadual;44888;DR. OSCAR RODRIGUES;6;UNIÃO;UNIÃO
109;184;Deputado Estadual;45000;JORGE PINHEIRO;1;PSDB;(PSDB/CIDADANIA)
109;184;Deputado Estadual;45999;FERREIRA ARAGÃO;1;PSDB;(PSDB/CIDADANIA)
109;184;Deputado Estadual;50500;RENATO ROSENO;1;PSOL;(PSOL/REDE)
109;184;Deputado Estadual;55555;GABRIELLA AGUIAR;1;PSD;PSD
109;184;Deputado Estadual;55678;DEP FERNANDO HUGO - DR HUGO;1;PSD;PSD
109;184;Deputado Estadual;65234;CACIKA IRÊ;1;PC do B;(PT/PC do B/PV)
109;184;Deputado Estadual;70123;TOMAZ HOLANDA;9;AVANTE;AVANTE
109;184;Deputado Estadual;70345;MARQUINHO TIRADENTES;1;AVANTE;AVANTE
109;184;Deputado Estadual;13;LEGENDA PT;2;PT;PT
109;184;Deputado Estadual;22;LEGENDA PL;2;PL;PL
109;184;Deputado Estadual;44;LEGENDA UNIÃO;1;UNIÃO;UNIÃO
109;184;Deputado Estadual;95;BRANCOS;5;;
109;184;Deputado Estadual;96;NULOS;5;;
109;190;Presidente;12;CIRO GOMES;12;PDT;PDT
109;190;Presidente;13;LULA;110;PT;(PT/PC do B/PV), SOLIDARIEDADE, (PSOL/REDE), PSB, AGIR, AVANTE, PROS
109;190;Presidente;15;SIMONE TEBET;5;MDB;MDB, (PSDB/CIDADANIA), PODE
109;190;Presidente;22;JAIR BOLSONARO;77;PL;PP, REPUBLICANOS, PL
109;190;Presidente;95;BRANCOS;2;;
109;190;Presidente;96;NULOS;7;;
109;190;Governador;12;ROBERTO CLÁUDIO;17;PDT;PMN, PATRIOTA, AGIR, PMB, PDT, PSD, PSB, PSC, DC
109;190;Governador;13;ELMANO DE FREITAS;78;PT;(PT/PC do B/PV), PP, MDB, PRTB, (PSOL/REDE), SOLIDARIEDADE
109;190;Governador;16;ZÉ BATISTA;1;PSTU;PSTU
109;190;Governador;44;CAPITÃO WAGNER;95;UNIÃO;PODE, AVANTE, PL, REPUBLICANOS, PTB, PROS, UNIÃO
109;190;Governador;95;BRANCOS;10;;
109;190;Governador;96;NULOS;12;;
109;190;Senador;131;CAMILO;102;PT;(PT/PC do B/PV), MDB, PRTB, (PSOL/REDE), SOLIDARIEDADE, PP
109;190;Senador;555;ERIKA AMORIM;8;PSD;PSB, AGIR, DC, PMB, PDT, PSD, PMN, PATRIOTA, PSC
109;190;Senador;700;KAMILA CARDOSO;65;AVANTE;AVANTE, UNIÃO, PTB, REPUBLICANOS, PROS, PL, PODE
109;190;Senador;95;BRANCOS;15;;
109;190;Senador;96;NULOS;23;;
109;190;Deputado Federal;1010;RONALDO MARTINS;2;REPUBLICANOS;REPUBLICANOS
109;190;Deputado Federal;1111;AJ ALBUQUERQUE;1;PP;PP
109;190;Deputado Federal;1212;LEÔNIDAS CRISTINO;3;PDT;PDT
109;190;Deputado Federal;1213;IDILVAN;1;PDT;PDT
109;190;Deputado Federal;1214;EDUARDO BISMARCK;40;PDT;PDT
109;190;Deputado Federal;1215;FLÁVIO VAZ;1;PDT;PDT
109;190;Deputado Federal;1234;ANDRÉ FIGUEIREDO;1;PDT;PDT
109;190;Deputado Federal;1277;ADAIL JR;1;PDT;PDT
109;190;Deputado Federal;1313;LUIZIANNE LINS;7;PT;(PT/PC do B/PV)
109;190;Deputado Federal;2201;DELEGADO CAVALCANTE;2;PL;PL
109;190;Deputado Federal;2222;ANDRÉ FERNANDES;11;PL;PL
109;190;Deputado Federal;2277;DR JAZIEL;14;PL;PL
109;190;Deputado Federal;2288;PRISCILA COSTA;1;PL;PL
109;190;Deputado Federal;2299;MATHEUS NORONHA;2;PL;PL
109;190;Deputado Federal;4433;DR. AGRIPINO MAGALHÃES;1;UNIÃO;UNIÃO
109;190;Deputado Federal;4444;HEITOR FREIRE;1;UNIÃO;UNIÃO
109;190;Deputado Federal;4445;DAMIÃO TENORIO;1;UNIÃO;UNIÃO
109;190;Deputado Federal;4447;DANILO FORTE;24;UNIÃO;UNIÃO
109;190;Deputado Federal;4456;DAYANY DO CAPITÃO;2;UNIÃO;UNIÃO
109;190;Deputado Federal;4477;FERNANDA PESSOA;1;UNIÃO;UNIÃO
109;190;Deputado Federal;4488;MOSES RODRIGUES;10;UNIÃO;UNIÃO
109;190;Deputado Federal;4490;SOLDADO NOELIO;1;UNIÃO;UNIÃO
109;190;Deputado Federal;5055;GABRIEL BIOLOGIA;1;PSOL;(PSOL/REDE)
109;190;Deputado Federal;5511;CÉLIO STUDART;1;PSD;PSD
109;190;Deputado Federal;5555;DOMINGOS NETO;61;PSD;PSD
109;190;Deputado Federal;5588;ELIANE BRAZ;2;PSD;PSD
109;190;Deputado Federal;12;LEGENDA PDT;3;PDT;PDT
109;190;Deputado Federal;13;LEGENDA PT;1;PT;PT
109;190;Deputado Federal;44;LEGENDA UNIÃO;2;UNIÃO;UNIÃO
109;190;Deputado Federal;65;LEGENDA PC do B;1;PC do B;PC do B
109;190;Deputado Federal;95;BRANCOS;10;;
109;190;Deputado Federal;96;NULOS;3;;
109;190;Deputado Estadual;10123;DAVID DURAND;2;REPUBLICANOS;REPUBLICANOS
109;190;Deputado Estadual;10190;EVALDO COSTA;2;REPUBLICANOS;REPUBLICANOS
109;190;Deputado Estadual;11111;ZEZINHO ALBUQUERQUE;2;PP;PP
109;190;Deputado Estadual;11113;ALMIR BIÉ;2;PP;PP
109;190;Deputado Estadual;11444;LEONARDO PINHEIRO;1;PP;PP
109;190;Deputado Estadual;12123;CLÁUDIO PINHO;8;PDT;PDT
109;190;Deputado Estadual;12127;HELAINE COELHO;53;PDT;PDT
109;190;Deputado Estadual;12555;ORIEL FILHO;1;PDT;PDT
109;190;Deputado Estadual;13100;LILIANE;2;PT;(PT/PC do B/PV)
109;190;Deputado Estadual;13132;ACRISIO SENA;3;PT;(PT/PC do B/PV)
109;190;Deputado Estadual;13777;NIZO;1;PT;(PT/PC do B/PV)
109;190;Deputado Estadual;15888;AGENOR NETO;2;MDB;MDB
109;190;Deputado Estadual;22022;CARMELO NETO;3;PL;PL
109;190;Deputado Estadual;22222;PR.ALCIDES FERNANDES;5;PL;PL
109;190;Deputado Estadual;22555;MARTA GONÇALVES;33;PL;PL
109;190;Deputado Estadual;22556;DAVID PROARMAS;1;PL;PL
109;190;Deputado Estadual;22567;VANDECI DANTAS;1;PL;PL
109;190;Deputado Estadual;22777;DRA SILVANA;17;PL;PL
109;190;Deputado Estadual;22888;SARGENTO GEILSON;1;PL;PL
109;190;Deputado Estadual;44567;MAGNOLIA ROCHA;18;UNIÃO;UNIÃO
109;190;Deputado Estadual;44888;DR. OSCAR RODRIGUES;8;UNIÃO;UNIÃO
109;190;Deputado Estadual;44900;JÚ DA HOBBY CENTER;1;UNIÃO;UNIÃO
109;190;Deputado Estadual;45000;JORGE PINHEIRO;2;PSDB;(PSDB/CIDADANIA)
109;190;Deputado Estadual;45111;GORDIM ARAUJO;1;PSDB;(PSDB/CIDADANIA)
109;190;Deputado Estadual;55234;DR. LUCÍLVIO GIRÃO;5;PSD;PSD
109;190;Deputado Estadual;55555;GABRIELLA AGUIAR;2;PSD;PSD
109;190;Deputado Estadual;65234;CACIKA IRÊ;1;PC do B;(PT/PC do B/PV)
109;190;Deputado Estadual;70123;TOMAZ HOLANDA;1;AVANTE;AVANTE
109;190;Deputado Estadual;12;LEGENDA PDT;6;PDT;PDT
109;190;Deputado Estadual;13;LEGENDA PT;7;PT;PT
109;190;Deputado Estadual;22;LEGENDA PL;1;PL;PL
109;190;Deputado Estadual;44;LEGENDA UNIÃO;1;UNIÃO;UNIÃO
109;190;Deputado Estadual;55;LEGENDA PSD;1;PSD;PSD
109;190;Deputado Estadual;70;LEGENDA AVANTE;3;AVANTE;AVANTE
109;190;Deputado Estadual;95;BRANCOS;9;;
109;190;Deputado Estadual;96;NULOS;6;;
109;191;Presidente;12;CIRO GOMES;10;PDT;PDT
109;191;Presidente;13;LULA;108;PT;(PT/PC do B/PV), SOLIDARIEDADE, (PSOL/REDE), PSB, AGIR, AVANTE, PROS
109;191;Presidente;15;SIMONE TEBET;8;MDB;MDB, (PSDB/CIDADANIA), PODE
109;191;Presidente;22;JAIR BOLSONARO;72;PL;PP, REPUBLICANOS, PL
109;191;Presidente;44;SORAYA THRONICKE;1;UNIÃO;UNIÃO
109;191;Presidente;95;BRANCOS;0;;
109;191;Presidente;96;NULOS;3;;
109;191;Governador;12;ROBERTO CLÁUDIO;21;PDT;PMN, PATRIOTA, AGIR, PMB, PDT, PSD, PSB, PSC, DC
109;191;Governador;13;ELMANO DE FREITAS;77;PT;(PT/PC do B/PV), PP, MDB, PRTB, (PSOL/REDE), SOLIDARIEDADE
109;191;Governador;44;CAPITÃO WAGNER;93;UNIÃO;PODE, AVANTE, PL, REPUBLICANOS, PTB, PROS, UNIÃO
109;191;Governador;95;BRANCOS;6;;
109;191;Governador;96;NULOS;5;;
109;191;Senador;131;CAMILO;112;PT;(PT/PC do B/PV), MDB, PRTB, (PSOL/REDE), SOLIDARIEDADE, PP
109;191;Senador;555;ERIKA AMORIM;3;PSD;PSB, AGIR, DC, PMB, PDT, PSD, PMN, PATRIOTA, PSC
109;191;Senador;700;KAMILA CARDOSO;63;AVANTE;AVANTE, UNIÃO, PTB, REPUBLICANOS, PROS, PL, PODE
109;191;Senador;95;BRANCOS;9;;
109;191;Senador;96;NULOS;15;;
109;191;Deputado Federal;1010;RONALDO MARTINS;1;REPUBLICANOS;REPUBLICANOS
109;191;Deputado Federal;1111;AJ ALBUQUERQUE;1;PP;PP
109;191;Deputado Federal;1201;JULIO BRIZZI;1;PDT;PDT
109;191;Deputado Federal;1213;IDILVAN;7;PDT;PDT
109;191;Deputado Federal;1214;EDUARDO BISMARCK;27;PDT;PDT
109;191;Deputado Federal;1292;ENFERMEIRA ANA PAULA;4;PDT;PDT
109;191;Deputado Federal;1313;LUIZIANNE LINS;3;PT;(PT/PC do B/PV)
109;191;Deputado Federal;1515;MOACENY FÉLIX;1;MDB;MDB
109;191;Deputado Federal;1533;EUNÍCIO;4;MDB;MDB
109;191;Deputado Federal;2222;ANDRÉ FERNANDES;12;PL;PL
109;191;Deputado Federal;2277;DR JAZIEL;9;PL;PL
109;191;Deputado Federal;2288;PRISCILA COSTA;4;PL;PL
109;191;Deputado Federal;2299;MATHEUS NORONHA;3;PL;PL
109;191;Deputado Federal;2323;MORONI;1;CIDADANIA;(PSDB/CIDADANIA)
109;191;Deputado Federal;4000;DENIS BEZERRA;5;PSB;PSB
109;191;Deputado Federal;4001;ISLANDIA ROCHA;1;PSB;PSB
109;191;Deputado Federal;4410;CARLOS MATOS;2;UNIÃO;UNIÃO
109;191;Deputado Federal;4444;HEITOR FREIRE;1;UNIÃO;UNIÃO
109;191;Deputado Federal;4445;DAMIÃO TENORIO;6;UNIÃO;UNIÃO
109;191;Deputado Federal;4447;DANILO FORTE;14;UNIÃO;UNIÃO
109;191;Deputado Federal;4477;FERNANDA PESSOA;3;UNIÃO;UNIÃO
109;191;Deputado Federal;4488;MOSES RODRIGUES;10;UNIÃO;UNIÃO
109;191;Deputado Federal;4564;ANA VALÉRIA;1;PSDB;(PSDB/CIDADANIA)
109;191;Deputado Federal;5511;CÉLIO STUDART;2;PSD;PSD
109;191;Deputado Federal;5533;LUIZ GASTÃO;2;PSD;PSD
109;191;Deputado Federal;5555;DOMINGOS NETO;56;PSD;PSD
109;191;Deputado Federal;5588;ELIANE BRAZ;9;PSD;PSD
109;191;Deputado Federal;6565;INÁCIO ARRUDA;1;PC do B;(PT/PC do B/PV)
109;191;Deputado Federal;11;LEGENDA PP;1;PP;PP
109;191;Deputado Federal;13;LEGENDA PT;1;PT;PT
109;191;Deputado Federal;70;LEGENDA AVANTE;1;AVANTE;AVANTE
109;191;Deputado Federal;95;BRANCOS;7;;
109;191;Deputado Federal;96;NULOS;1;;
109;191;Deputado Estadual;10000;APÓSTOLO LUIZ HENRIQUE;2;REPUBLICANOS;REPUBLICANOS
109;191;Deputado Estadual;10123;DAVID DURAND;2;REPUBLICANOS;REPUBLICANOS
109;191;Deputado Estadual;11111;ZEZINHO ALBUQUERQUE;4;PP;PP
109;191;Deputado Estadual;11113;ALMIR BIÉ;3;PP;PP
109;191;Deputado Estadual;12123;CLÁUDIO PINHO;9;PDT;PDT
109;191;Deputado Estadual;12127;HELAINE COELHO;36;PDT;PDT
109;191;Deputado Estadual;13132;ACRISIO SENA;7;PT;(PT/PC do B/PV)
109;191;Deputado Estadual;13555;JULIANA LUCENA;8;PT;(PT/PC do B/PV)
109;191;Deputado Estadual;13777;NIZO;10;PT;(PT/PC do B/PV)
109;191;Deputado Estadual;13789;JULINHO;2;PT;(PT/PC do B/PV)
109;191;Deputado Estadual;15123;AUDIC MOTA;1;MDB;MDB
109;191;Deputado Estadual;15888;AGENOR NETO;3;MDB;MDB
109;191;Deputado Estadual;22022;CARMELO NETO;2;PL;PL
109;191;Deputado Estadual;22111;PEDRO MATOS;1;PL;PL
109;191;Deputado Estadual;22222;PR.ALCIDES FERNANDES;5;PL;PL
109;191;Deputado Estadual;22555;MARTA GONÇALVES;47;PL;PL
109;191;Deputado Estadual;22556;DAVID PROARMAS;1;PL;PL
109;191;Deputado Estadual;22777;DRA SILVANA;8;PL;PL
109;191;Deputado Estadual;23192;MARTINHA - A SAÚDE RESISTE;2;CIDADANIA;(PSDB/CIDADANIA)
109;191;Deputado Estadual;30000;DR. ISAQUE RABELO;2;NOVO;NOVO
109;191;Deputado Estadual;44567;MAGNOLIA ROCHA;5;UNIÃO;UNIÃO
109;191;Deputado Estadual;44777;FIRMO CAMURÇA;3;UNIÃO;UNIÃO
109;191;Deputado Estadual;44888;DR. OSCAR RODRIGUES;8;UNIÃO;UNIÃO
109;191;Deputado Estadual;45000;JORGE PINHEIRO;2;PSDB;(PSDB/CIDADANIA)
109;191;Deputado Estadual;45123;EMILIA PESSOA;1;PSDB;(PSDB/CIDADANIA)
109;191;Deputado Estadual;50500;RENATO ROSENO;1;PSOL;(PSOL/REDE)
109;191;Deputado Estadual;55555;GABRIELLA AGUIAR;1;PSD;PSD
109;191;Deputado Estadual;70123;TOMAZ HOLANDA;2;AVANTE;AVANTE
109;191;Deputado Estadual;70321;DANIEL BORGES;5;AVANTE;AVANTE
109;191;Deputado Estadual;11;LEGENDA PP;1;PP;PP
109;191;Deputado Estadual;12;LEGENDA PDT;3;PDT;PDT
109;191;Deputado Estadual;13;LEGENDA PT;4;PT;PT
109;191;Deputado Estadual;44;LEGENDA UNIÃO;2;UNIÃO;UNIÃO
109;191;Deputado Estadual;55;LEGENDA PSD;1;PSD;PSD
109;191;Deputado Estadual;95;BRANCOS;5;;
109;191;Deputado Estadual;96;NULOS;3;;
109;192;Presidente;12;CIRO GOMES;8;PDT;PDT
109;192;Presidente;13;LULA;168;PT;(PT/PC do B/PV), SOLIDARIEDADE, (PSOL/REDE), PSB, AGIR, AVANTE, PROS
109;192;Presidente;15;SIMONE TEBET;1;MDB;MDB, (PSDB/CIDADANIA), PODE
109;192;Presidente;22;JAIR BOLSONARO;102;PL;PP, REPUBLICANOS, PL
109;192;Presidente;44;SORAYA THRONICKE;4;UNIÃO;UNIÃO
109;192;Presidente;95;BRANCOS;2;;
109;192;Presidente;96;NULOS;4;;
109;192;Governador;12;ROBERTO CLÁUDIO;21;PDT;PMN, PATRIOTA, AGIR, PMB, PDT, PSD, PSB, PSC, DC
109;192;Governador;13;ELMANO DE FREITAS;126;PT;(PT/PC do B/PV), PP, MDB, PRTB, (PSOL/REDE), SOLIDARIEDADE
109;192;Governador;44;CAPITÃO WAGNER;126;UNIÃO;PODE, AVANTE, PL, REPUBLICANOS, PTB, PROS, UNIÃO
109;192;Governador;95;BRANCOS;8;;
109;192;Governador;96;NULOS;8;;
109;192;Senador;131;CAMILO;176;PT;(PT/PC do B/PV), MDB, PRTB, (PSOL/REDE), SOLIDARIEDADE, PP
109;192;Senador;555;ERIKA AMORIM;6;PSD;PSB, AGIR, DC, PMB, PDT, PSD, PMN, PATRIOTA, PSC
109;192;Senador;700;KAMILA CARDOSO;83;AVANTE;AVANTE, UNIÃO, PTB, REPUBLICANOS, PROS, PL, PODE
109;192;Senador;95;BRANCOS;10;;
109;192;Senador;96;NULOS;14;;
109;192;Deputado Federal;1010;RONALDO MARTINS;4;REPUBLICANOS;REPUBLICANOS
109;192;Deputado Federal;1023;PASTOR ABRAÃO;1;REPUBLICANOS;REPUBLICANOS
109;192;Deputado Federal;1111;AJ ALBUQUERQUE;1;PP;PP
109;192;Deputado Federal;1212;LEÔNIDAS CRISTINO;1;PDT;PDT
109;192;Deputado Federal;1213;IDILVAN;9;PDT;PDT
109;192;Deputado Federal;1214;EDUARDO BISMARCK;23;PDT;PDT
109;192;Deputado Federal;1233;ROBÉRIO MONTEIRO;3;PDT;PDT
109;192;Deputado Federal;1313;LUIZIANNE LINS;27;PT;(PT/PC do B/PV)
109;192;Deputado Federal;1533;EUNÍCIO;2;MDB;MDB
109;192;Deputado Federal;2200;DRA. MAYRA PINHEIRO;1;PL;PL
109;192;Deputado Federal;2222;ANDRÉ FERNANDES;4;PL;PL
109;192;Deputado Federal;2225;NENEM DA SEFAZ;1;PL;PL
109;192;Deputado Federal;2255;JÚNIOR MANO;3;PL;PL
109;192;Deputado Federal;2277;DR JAZIEL;24;PL;PL
109;192;Deputado Federal;2288;PRISCILA COSTA;2;PL;PL
109;192;Deputado Federal;2299;MATHEUS NORONHA;10;PL;PL
109;192;Deputado Federal;4000;DENIS BEZERRA;1;PSB;PSB
109;192;Deputado Federal;4445;DAMIÃO TENORIO;1;UNIÃO;UNIÃO
109;192;Deputado Federal;4447;DANILO FORTE;4;UNIÃO;UNIÃO
109;192;Deputado Federal;4456;DAYANY DO CAPITÃO;2;UNIÃO;UNIÃO
109;192;Deputado Federal;4477;FERNANDA PESSOA;5;UNIÃO;UNIÃO
109;192;Deputado Federal;4488;MOSES RODRIGUES;21;UNIÃO;UNIÃO
109;192;Deputado Federal;4490;SOLDADO NOELIO;1;UNIÃO;UNIÃO
109;192;Deputado Federal;5055;GABRIEL BIOLOGIA;1;PSOL;(PSOL/REDE)
109;192;Deputado Federal;5533;LUIZ GASTÃO;17;PSD;PSD
109;192;Deputado Federal;5544;DR PAULO LEÃO;1;PSD;PSD
109;192;Deputado Federal;5555;DOMINGOS NETO;98;PSD;PSD
109;192;Deputado Federal;5588;ELIANE BRAZ;6;PSD;PSD
109;192;Deputado Federal;7080;DIMAS MATIAS;1;AVANTE;AVANTE
109;192;Deputado Federal;15;LEGENDA MDB;1;MDB;MDB
109;192;Deputado Federal;95;BRANCOS;8;;
109;192;Deputado Federal;96;NULOS;5;;
109;192;Deputado Estadual;10000;APÓSTOLO LUIZ HENRIQUE;1;REPUBLICANOS;REPUBLICANOS
109;192;Deputado Estadual;10123;DAVID DURAND;4;REPUBLICANOS;REPUBLICANOS
109;192;Deputado Estadual;11113;ALMIR BIÉ;6;PP;PP
109;192;Deputado Estadual;11444;LEONARDO PINHEIRO;5;PP;PP
109;192;Deputado Estadual;12000;EVANDRO LEITÃO;2;PDT;PDT
109;192;Deputado Estadual;12111;ANTONIO HENRIQUE;1;PDT;PDT
109;192;Deputado Estadual;12123;CLÁUDIO PINHO;3;PDT;PDT
109;192;Deputado Estadual;12127;HELAINE COELHO;43;PDT;PDT
109;192;Deputado Estadual;13123;MISSIAS DO MST;4;PT;(PT/PC do B/PV)
109;192;Deputado Estadual;13131;MARI LACERDA;1;PT;(PT/PC do B/PV)
109;192;Deputado Estadual;13132;ACRISIO SENA;21;PT;(PT/PC do B/PV)
109;192;Deputado Estadual;13777;NIZO;6;PT;(PT/PC do B/PV)
109;192;Deputado Estadual;13789;JULINHO;14;PT;(PT/PC do B/PV)
109;192;Deputado Estadual;15123;AUDIC MOTA;1;MDB;MDB
109;192;Deputado Estadual;15888;AGENOR NETO;1;MDB;MDB
109;192;Deputado Estadual;22022;CARMELO NETO;1;PL;PL
109;192;Deputado Estadual;22222;PR.ALCIDES FERNANDES;1;PL;PL
109;192;Deputado Estadual;22380;DUDU DIÓGENES;1;PL;PL
109;192;Deputado Estadual;22555;MARTA GONÇALVES;79;PL;PL
109;192;Deputado Estadual;22556;DAVID PROARMAS;1;PL;PL
109;192;Deputado Estadual;22777;DRA SILVANA;21;PL;PL
109;192;Deputado Estadual;30000;DR. ISAQUE RABELO;4;NOVO;NOVO
109;192;Deputado Estadual;44190;SARGENTO REGINAURO;2;UNIÃO;UNIÃO
109;192;Deputado Estadual;44567;MAGNOLIA ROCHA;7;UNIÃO;UNIÃO
109;192;Deputado Estadual;44777;FIRMO CAMURÇA;2;UNIÃO;UNIÃO
109;192;Deputado Estadual;44888;DR. OSCAR RODRIGUES;15;UNIÃO;UNIÃO
109;192;Deputado Estadual;45123;EMILIA PESSOA;1;PSDB;(PSDB/CIDADANIA)
109;192;Deputado Estadual;55234;DR. LUCÍLVIO GIRÃO;1;PSD;PSD
109;192;Deputado Estadual;55555;GABRIELLA AGUIAR;1;PSD;PSD
109;192;Deputado Estadual;70123;TOMAZ HOLANDA;5;AVANTE;AVANTE
109;192;Deputado Estadual;12;LEGENDA PDT;5;PDT;PDT
109;192;Deputado Estadual;13;LEGENDA PT;6;PT;PT
109;192;Deputado Estadual;22;LEGENDA PL;1;PL;PL
109;192;Deputado Estadual;55;LEGENDA PSD;1;PSD;PSD
109;192;Deputado Estadual;70;LEGENDA AVANTE;2;AVANTE;AVANTE
109;192;Deputado Estadual;95;BRANCOS;10;;
109;192;Deputado Estadual;96;NULOS;9;;
109;193;Presidente;12;CIRO GOMES;4;PDT;PDT
109;193;Presidente;13;LULA;33;PT;(PT/PC do B/PV), SOLIDARIEDADE, (PSOL/REDE), PSB, AGIR, AVANTE, PROS
109;193;Presidente;15;SIMONE TEBET;1;MDB;MDB, (PSDB/CIDADANIA), PODE
109;193;Presidente;22;JAIR BOLSONARO;47;PL;PP, REPUBLICANOS, PL
109;193;Presidente;95;BRANCOS;2;;
109;193;Presidente;96;NULOS;2;;
109;193;Governador;12;ROBERTO CLÁUDIO;3;PDT;PMN, PATRIOTA, AGIR, PMB, PDT, PSD, PSB, PSC, DC
109;193;Governador;13;ELMANO DE FREITAS;24;PT;(PT/PC do B/PV), PP, MDB, PRTB, (PSOL/REDE), SOLIDARIEDADE
109;193;Governador;44;CAPITÃO WAGNER;54;UNIÃO;PODE, AVANTE, PL, REPUBLICANOS, PTB, PROS, UNIÃO
109;193;Governador;95;BRANCOS;3;;
109;193;Governador;96;NULOS;5;;
109;193;Senador;131;CAMILO;36;PT;(PT/PC do B/PV), MDB, PRTB, (PSOL/REDE), SOLIDARIEDADE, PP
109;193;Senador;555;ERIKA AMORIM;2;PSD;PSB, AGIR, DC, PMB, PDT, PSD, PMN, PATRIOTA, PSC
109;193;Senador;700;KAMILA CARDOSO;38;AVANTE;AVANTE, UNIÃO, PTB, REPUBLICANOS, PROS, PL, PODE
109;193;Senador;95;BRANCOS;6;;
109;193;Senador;96;NULOS;7;;
109;193;Deputado Federal;1010;RONALDO MARTINS;2;REPUBLICANOS;REPUBLICANOS
109;193;Deputado Federal;1213;IDILVAN;1;PDT;PDT
109;193;Deputado Federal;1214;EDUARDO BISMARCK;1;PDT;PDT
109;193;Deputado Federal;1233;ROBÉRIO MONTEIRO;3;PDT;PDT
109;193;Deputado Federal;1292;ENFERMEIRA ANA PAULA;1;PDT;PDT
109;193;Deputado Federal;1313;LUIZIANNE LINS;3;PT;(PT/PC do B/PV)
109;193;Deputado Federal;2200;DRA. MAYRA PINHEIRO;2;PL;PL
109;193;Deputado Federal;2210;CORONEL AGINALDO;1;PL;PL
109;193;Deputado Federal;2222;ANDRÉ FERNANDES;4;PL;PL
109;193;Deputado Federal;2225;NENEM DA SEFAZ;1;PL;PL
109;193;Deputado Federal;2255;JÚNIOR MANO;2;PL;PL
109;193;Deputado Federal;2277;DR JAZIEL;14;PL;PL
109;193;Deputado Federal;2299;MATHEUS NORONHA;3;PL;PL
109;193;Deputado Federal;2323;MORONI;1;CIDADANIA;(PSDB/CIDADANIA)
109;193;Deputado Federal;4447;DANILO FORTE;5;UNIÃO;UNIÃO
109;193;Deputado Federal;4477;FERNANDA PESSOA;2;UNIÃO;UNIÃO
109;193;Deputado Federal;4488;MOSES RODRIGUES;6;UNIÃO;UNIÃO
109;193;Deputado Federal;5511;CÉLIO STUDART;1;PSD;PSD
109;193;Deputado Federal;5533;LUIZ GASTÃO;2;PSD;PSD
109;193;Deputado Federal;5555;DOMINGOS NETO;22;PSD;PSD
109;193;Deputado Federal;5588;ELIANE BRAZ;1;PSD;PSD
109;193;Deputado Federal;7080;DIMAS MATIAS;1;AVANTE;AVANTE
109;193;Deputado Federal;12;LEGENDA PDT;1;PDT;PDT
109;193;Deputado Federal;95;BRANCOS;5;;
109;193;Deputado Federal;96;NULOS;4;;
109;193;Deputado Estadual;10123;DAVID DURAND;3;REPUBLICANOS;REPUBLICANOS
109;193;Deputado Estadual;11113;ALMIR BIÉ;4;PP;PP
109;193;Deputado Estadual;11444;LEONARDO PINHEIRO;2;PP;PP
109;193;Deputado Estadual;12111;ANTONIO HENRIQUE;3;PDT;PDT
109;193;Deputado Estadual;12127;HELAINE COELHO;11;PDT;PDT
109;193;Deputado Estadual;13132;ACRISIO SENA;3;PT;(PT/PC do B/PV)
109;193;Deputado Estadual;13777;NIZO;1;PT;(PT/PC do B/PV)
109;193;Deputado Estadual;13789;JULINHO;2;PT;(PT/PC do B/PV)
109;193;Deputado Estadual;15888;AGENOR NETO;1;MDB;MDB
109;193;Deputado Estadual;22022;CARMELO NETO;4;PL;PL
109;193;Deputado Estadual;22111;PEDRO MATOS;1;PL;PL
109;193;Deputado Estadual;22555;MARTA GONÇALVES;14;PL;PL
109;193;Deputado Estadual;22777;DRA SILVANA;11;PL;PL
109;193;Deputado Estadual;23192;MARTINHA - A SAÚDE RESISTE;1;CIDADANIA;(PSDB/CIDADANIA)
109;193;Deputado Estadual;30000;DR. ISAQUE RABELO;3;NOVO;NOVO
109;193;Deputado Estadual;44333;HEITOR FÉRRER;1;UNIÃO;UNIÃO
109;193;Deputado Estadual;44567;MAGNOLIA ROCHA;7;UNIÃO;UNIÃO
109;193;Deputado Estadual;44777;FIRMO CAMURÇA;1;UNIÃO;UNIÃO
109;193;Deputado Estadual;44888;DR. OSCAR RODRIGUES;4;UNIÃO;UNIÃO
109;193;Deputado Estadual;45123;EMILIA PESSOA;1;PSDB;(PSDB/CIDADANIA)
109;193;Deputado Estadual;70070;ALBERTO LIMA;1;AVANTE;AVANTE
109;193;Deputado Estadual;70123;TOMAZ HOLANDA;2;AVANTE;AVANTE
109;193;Deputado Estadual;12;LEGENDA PDT;1;PDT;PDT
109;193;Deputado Estadual;95;BRANCOS;4;;
109;193;Deputado Estadual;96;NULOS;3;;
109;194;Presidente;12;CIRO GOMES;10;PDT;PDT
109;194;Presidente;13;LULA;105;PT;(PT/PC do B/PV), SOLIDARIEDADE, (PSOL/REDE), PSB, AGIR, AVANTE, PROS
109;194;Presidente;15;SIMONE TEBET;2;MDB;MDB, (PSDB/CIDADANIA), PODE
109;194;Presidente;22;JAIR BOLSONARO;28;PL;PP, REPUBLICANOS, PL
109;194;Presidente;44;SORAYA THRONICKE;3;UNIÃO;UNIÃO
109;194;Presidente;95;BRANCOS;5;;
109;194;Presidente;96;NULOS;0;;
109;194;Governador;12;ROBERTO CLÁUDIO;11;PDT;PMN, PATRIOTA, AGIR, PMB, PDT, PSD, PSB, PSC, DC
109;194;Governador;13;ELMANO DE FREITAS;86;PT;(PT/PC do B/PV), PP, MDB, PRTB, (PSOL/REDE), SOLIDARIEDADE
109;194;Governador;44;CAPITÃO WAGNER;47;UNIÃO;PODE, AVANTE, PL, REPUBLICANOS, PTB, PROS, UNIÃO
109;194;Governador;95;BRANCOS;5;;
109;194;Governador;96;NULOS;4;;
109;194;Senador;131;CAMILO;109;PT;(PT/PC do B/PV), MDB, PRTB, (PSOL/REDE), SOLIDARIEDADE, PP
109;194;Senador;700;KAMILA CARDOSO;29;AVANTE;AVANTE, UNIÃO, PTB, REPUBLICANOS, PROS, PL, PODE
109;194;Senador;95;BRANCOS;5;;
109;194;Senador;96;NULOS;10;;
109;194;Deputado Federal;1023;PASTOR ABRAÃO;1;REPUBLICANOS;REPUBLICANOS
109;194;Deputado Federal;1213;IDILVAN;3;PDT;PDT
109;194;Deputado Federal;1214;EDUARDO BISMARCK;5;PDT;PDT
109;194;Deputado Federal;1292;ENFERMEIRA ANA PAULA;1;PDT;PDT
109;194;Deputado Federal;1313;LUIZIANNE LINS;19;PT;(PT/PC do B/PV)
109;194;Deputado Federal;1322;GUIMARÃES DO PT;1;PT;(PT/PC do B/PV)
109;194;Deputado Federal;2210;CORONEL AGINALDO;1;PL;PL
109;194;Deputado Federal;2211;YURY DO PAREDÃO;7;PL;PL
109;194;Deputado Federal;2222;ANDRÉ FERNANDES;4;PL;PL
109;194;Deputado Federal;2277;DR JAZIEL;1;PL;PL
109;194;Deputado Federal;2299;MATHEUS NORONHA;4;PL;PL
109;194;Deputado Federal;4000;DENIS BEZERRA;11;PSB;PSB
109;194;Deputado Federal;4422;JULIERME SENA;1;UNIÃO;UNIÃO
109;194;Deputado Federal;4445;DAMIÃO TENORIO;1;UNIÃO;UNIÃO
109;194;Deputado Federal;4447;DANILO FORTE;5;UNIÃO;UNIÃO
109;194;Deputado Federal;4456;DAYANY DO CAPITÃO;1;UNIÃO;UNIÃO
109;194;Deputado Federal;4477;FERNANDA PESSOA;10;UNIÃO;UNIÃO
109;194;Deputado Federal;4488;MOSES RODRIGUES;20;UNIÃO;UNIÃO
109;194;Deputado Federal;4490;SOLDADO NOELIO;2;UNIÃO;UNIÃO
109;194;Deputado Federal;5005;ANNA KARINA VOZES FEMINISTAS;1;PSOL;(PSOL/REDE)
109;194;Deputado Federal;5511;CÉLIO STUDART;2;PSD;PSD
109;194;Deputado Federal;5533;LUIZ GASTÃO;4;PSD;PSD
109;194;Deputado Federal;5544;DR PAULO LEÃO;5;PSD;PSD
109;194;Deputado Federal;5555;DOMINGOS NETO;31;PSD;PSD
109;194;Deputado Federal;5588;ELIANE BRAZ;1;PSD;PSD
109;194;Deputado Federal;7030;PASTOR DR J MONTEIRO;1;AVANTE;AVANTE
109;194;Deputado Federal;12;LEGENDA PDT;1;PDT;PDT
109;194;Deputado Federal;13;LEGENDA PT;3;PT;PT
109;194;Deputado Federal;95;BRANCOS;5;;
109;194;Deputado Federal;96;NULOS;1;;
109;194;Deputado Estadual;11111;ZEZINHO ALBUQUERQUE;1;PP;PP
109;194;Deputado Estadual;11113;ALMIR BIÉ;7;PP;PP
109;194;Deputado Estadual;12123;CLÁUDIO PINHO;11;PDT;PDT
109;194;Deputado Estadual;12127;HELAINE COELHO;5;PDT;PDT
109;194;Deputado Estadual;12333;MARCOS SOBREIRA;1;PDT;PDT
109;194;Deputado Estadual;13123;MISSIAS DO MST;7;PT;(PT/PC do B/PV)
109;194;Deputado Estadual;13131;MARI LACERDA;1;PT;(PT/PC do B/PV)
109;194;Deputado Estadual;13132;ACRISIO SENA;8;PT;(PT/PC do B/PV)
109;194;Deputado Estadual;13789;JULINHO;3;PT;(PT/PC do B/PV)
109;194;Deputado Estadual;22555;MARTA GONÇALVES;37;PL;PL
109;194;Deputado Estadual;22556;DAVID PROARMAS;1;PL;PL
109;194;Deputado Estadual;22777;DRA SILVANA;1;PL;PL
109;194;Deputado Estadual;23190;TENENTE DANTAS;1;CIDADANIA;(PSDB/CIDADANIA)
109;194;Deputado Estadual;23192;MARTINHA - A SAÚDE RESISTE;1;CIDADANIA;(PSDB/CIDADANIA)
109;194;Deputado Estadual;43640;WALTER CAVALCANTE;1;PV;(PT/PC do B/PV)
109;194;Deputado Estadual;44020;IVA SOARES;1;UNIÃO;UNIÃO
109;194;Deputado Estadual;44027;PROFESSOR CARDOSO NETO;2;UNIÃO;UNIÃO
109;194;Deputado Estadual;44111;FELIPE MOTA;1;UNIÃO;UNIÃO
109;194;Deputado Estadual;44567;MAGNOLIA ROCHA;7;UNIÃO;UNIÃO
109;194;Deputado Estadual;44777;FIRMO CAMURÇA;9;UNIÃO;UNIÃO
109;194;Deputado Estadual;44888;DR. OSCAR RODRIGUES;18;UNIÃO;UNIÃO
109;194;Deputado Estadual;45123;EMILIA PESSOA;1;PSDB;(PSDB/CIDADANIA)
109;194;Deputado Estadual;50013;LÉO SURICATE;1;PSOL;(PSOL/REDE)
109;194;Deputado Estadual;55234;DR. LUCÍLVIO GIRÃO;1;PSD;PSD
109;194;Deputado Estadual;65000;DRA TAÍS MATOS;2;PC do B;(PT/PC do B/PV)
109;194;Deputado Estadual;70123;TOMAZ HOLANDA;1;AVANTE;AVANTE
109;194;Deputado Estadual;70222;STUART CASTRO;1;AVANTE;AVANTE
109;194;Deputado Estadual;70456;DUCA;2;AVANTE;AVANTE
109;194;Deputado Estadual;12;LEGENDA PDT;1;PDT;PDT
109;194;Deputado Estadual;13;LEGENDA PT;8;PT;PT
109;194;Deputado Estadual;22;LEGENDA PL;2;PL;PL
109;194;Deputado Estadual;44;LEGENDA UNIÃO;1;UNIÃO;UNIÃO
109;194;Deputado Estadual;95;BRANCOS;5;;
109;194;Deputado Estadual;96;NULOS;3;;
109;195;Presidente;12;CIRO GOMES;7;PDT;PDT
109;195;Presidente;13;LULA;172;PT;(PT/PC do B/PV), SOLIDARIEDADE, (PSOL/REDE), PSB, AGIR, AVANTE, PROS
109;195;Presidente;15;SIMONE TEBET;5;MDB;MDB, (PSDB/CIDADANIA), PODE
109;195;Presidente;22;JAIR BOLSONARO;84;PL;PP, REPUBLICANOS, PL
109;195;Presidente;95;BRANCOS;2;;
109;195;Presidente;96;NULOS;3;;
109;195;Governador;12;ROBERTO CLÁUDIO;12;PDT;PMN, PATRIOTA, AGIR, PMB, PDT, PSD, PSB, PSC, DC
109;195;Governador;13;ELMANO DE FREITAS;125;PT;(PT/PC do B/PV), PP, MDB, PRTB, (PSOL/REDE), SOLIDARIEDADE
109;195;Governador;44;CAPITÃO WAGNER;111;UNIÃO;PODE, AVANTE, PL, REPUBLICANOS, PTB, PROS, UNIÃO
109;195;Governador;95;BRANCOS;4;;
109;195;Governador;96;NULOS;21;;
109;195;Senador;131;CAMILO;146;PT;(PT/PC do B/PV), MDB, PRTB, (PSOL/REDE), SOLIDARIEDADE, PP
109;195;Senador;555;ERIKA AMORIM;4;PSD;PSB, AGIR, DC, PMB, PDT, PSD, PMN, PATRIOTA, PSC
109;195;Senador;700;KAMILA CARDOSO;78;AVANTE;AVANTE, UNIÃO, PTB, REPUBLICANOS, PROS, PL, PODE
109;195;Senador;95;BRANCOS;16;;
109;195;Senador;96;NULOS;29;;
109;195;Deputado Federal;1000;BISPA VANESSA LIMA;1;REPUBLICANOS;REPUBLICANOS
109;195;Deputado Federal;1010;RONALDO MARTINS;2;REPUBLICANOS;REPUBLICANOS
109;195;Deputado Federal;1023;PASTOR ABRAÃO;2;REPUBLICANOS;REPUBLICANOS
109;195;Deputado Federal;1044;PROFESSORA GABRIELLA;1;REPUBLICANOS;REPUBLICANOS
109;195;Deputado Federal;1111;AJ ALBUQUERQUE;1;PP;PP
109;195;Deputado Federal;1212;LEÔNIDAS CRISTINO;2;PDT;PDT
109;195;Deputado Federal;1213;IDILVAN;1;PDT;PDT
109;195;Deputado Federal;1214;EDUARDO BISMARCK;5;PDT;PDT
109;195;Deputado Federal;1222;ROSÂNIA RAMALHO;1;PDT;PDT
109;195;Deputado Federal;1233;ROBÉRIO MONTEIRO;3;PDT;PDT
109;195;Deputado Federal;1313;LUIZIANNE LINS;30;PT;(PT/PC do B/PV)
109;195;Deputado Federal;1322;GUIMARÃES DO PT;2;PT;(PT/PC do B/PV)
109;195;Deputado Federal;1333;JOSE AIRTON;1;PT;(PT/PC do B/PV)
109;195;Deputado Federal;1513;CÉSAR DO VALE;1;MDB;MDB
109;195;Deputado Federal;1531;ERON NARCISO;2;MDB;MDB
109;195;Deputado Federal;1533;EUNÍCIO;13;MDB;MDB
109;195;Deputado Federal;2200;DRA. MAYRA PINHEIRO;1;PL;PL
109;195;Deputado Federal;2210;CORONEL AGINALDO;4;PL;PL
109;195;Deputado Federal;2211;YURY DO PAREDÃO;1;PL;PL
109;195;Deputado Federal;2222;ANDRÉ FERNANDES;8;PL;PL
109;195;Deputado Federal;2233;GORETE PEREIRA;1;PL;PL
109;195;Deputado Federal;2255;JÚNIOR MANO;3;PL;PL
109;195;Deputado Federal;2277;DR JAZIEL;7;PL;PL
109;195;Deputado Federal;2288;PRISCILA COSTA;4;PL;PL
109;195;Deputado Federal;2299;MATHEUS NORONHA;10;PL;PL
109;195;Deputado Federal;4422;JULIERME SENA;1;UNIÃO;UNIÃO
109;195;Deputado Federal;4433;DR. AGRIPINO MAGALHÃES;6;UNIÃO;UNIÃO
109;195;Deputado Federal;4444;HEITOR FREIRE;1;UNIÃO;UNIÃO
109;195;Deputado Federal;4445;DAMIÃO TENORIO;7;UNIÃO;UNIÃO
109;195;Deputado Federal;4447;DANILO FORTE;20;UNIÃO;UNIÃO
109;195;Deputado Federal;4456;DAYANY DO CAPITÃO;1;UNIÃO;UNIÃO
109;195;Deputado Federal;4477;FERNANDA PESSOA;8;UNIÃO;UNIÃO
109;195;Deputado Federal;4488;MOSES RODRIGUES;7;UNIÃO;UNIÃO
109;195;Deputado Federal;4490;SOLDADO NOELIO;1;UNIÃO;UNIÃO
109;195;Deputado Federal;5000;JANAÍNA ARAÚJO;1;PSOL;(PSOL/REDE)
109;195;Deputado Federal;5055;GABRIEL BIOLOGIA;1;PSOL;(PSOL/REDE)
109;195;Deputado Federal;5511;CÉLIO STUDART;6;PSD;PSD
109;195;Deputado Federal;5533;LUIZ GASTÃO;2;PSD;PSD
109;195;Deputado Federal;5555;DOMINGOS NETO;76;PSD;PSD
109;195;Deputado Federal;5588;ELIANE BRAZ;2;PSD;PSD
109;195;Deputado Federal;7000;PASTOR EDIVAN;1;AVANTE;AVANTE
109;195;Deputado Federal;7040;CHICO ANTÔNIO;1;AVANTE;AVANTE
109;195;Deputado Federal;13;LEGENDA PT;4;PT;PT
109;195;Deputado Federal;15;LEGENDA MDB;1;MDB;MDB
109;195;Deputado Federal;20;LEGENDA PSC;1;PSC;PSC
109;195;Deputado Federal;22;LEGENDA PL;1;PL;PL
109;195;Deputado Federal;44;LEGENDA UNIÃO;2;UNIÃO;UNIÃO
109;195;Deputado Federal;65;LEGENDA PC do B;1;PC do B;PC do B
109;195;Deputado Federal;95;BRANCOS;9;;
109;195;Deputado Federal;96;NULOS;5;;
109;195;Deputado Estadual;10000;APÓSTOLO LUIZ HENRIQUE;1;REPUBLICANOS;REPUBLICANOS
109;195;Deputado Estadual;10123;DAVID DURAND;2;REPUBLICANOS;REPUBLICANOS
109;195;Deputado Estadual;10124;DUQUINHA;1;REPUBLICANOS;REPUBLICANOS
109;195;Deputado Estadual;10190;EVALDO COSTA;1;REPUBLICANOS;REPUBLICANOS
109;195;Deputado Estadual;10444;RUBENILDO CADEIRA;1;REPUBLICANOS;REPUBLICANOS
109;195;Deputado Estadual;11000;JOÃO JAIME;1;PP;PP
109;195;Deputado Estadual;11111;ZEZINHO ALBUQUERQUE;6;PP;PP
109;195;Deputado Estadual;11113;ALMIR BIÉ;8;PP;PP
109;195;Deputado Estadual;11444;LEONARDO PINHEIRO;4;PP;PP
109;195;Deputado Estadual;12123;CLÁUDIO PINHO;2;PDT;PDT
109;195;Deputado Estadual;12127;HELAINE COELHO;13;PDT;PDT
109;195;Deputado Estadual;12600;TIN GOMES;1;PDT;PDT
109;195;Deputado Estadual;13131;MARI LACERDA;1;PT;(PT/PC do B/PV)
109;195;Deputado Estadual;13132;ACRISIO SENA;24;PT;(PT/PC do B/PV)
109;195;Deputado Estadual;13333;MOISES BRAZ;2;PT;(PT/PC do B/PV)
109;195;Deputado Estadual;13456;DE ASSIS DINIZ;1;PT;(PT/PC do B/PV)
109;195;Deputado Estadual;13777;NIZO;4;PT;(PT/PC do B/PV)
109;195;Deputado Estadual;13789;JULINHO;3;PT;(PT/PC do B/PV)
109;195;Deputado Estadual;15888;AGENOR NETO;12;MDB;MDB
109;195;Deputado Estadual;22010;BEZERRA DE MENESES;3;PL;PL
109;195;Deputado Estadual;22022;CARMELO NETO;4;PL;PL
109;195;Deputado Estadual;22111;PEDRO MATOS;1;PL;PL
109;195;Deputado Estadual;22222;PR.ALCIDES FERNANDES;4;PL;PL
109;195;Deputado Estadual;22345;SIMONE MATIAS;1;PL;PL
109;195;Deputado Estadual;22380;DUDU DIÓGENES;2;PL;PL
109;195;Deputado Estadual;22555;MARTA GONÇALVES;60;PL;PL
109;195;Deputado Estadual;22720;MILTON ANDRADE;1;PL;PL
109;195;Deputado Estadual;22722;PAULO BATTISTI;1;PL;PL
109;195;Deputado Estadual;22777;DRA SILVANA;6;PL;PL
109;195;Deputado Estadual;23190;TENENTE DANTAS;2;CIDADANIA;(PSDB/CIDADANIA)
109;195;Deputado Estadual;30000;DR. ISAQUE RABELO;2;NOVO;NOVO
109;195;Deputado Estadual;33193;DR JOÃO BATISTA;1;PMN;PMN
109;195;Deputado Estadual;43222;REGINALDO CASTRO;1;PV;(PT/PC do B/PV)
109;195;Deputado Estadual;44123;TONY BRITO;1;UNIÃO;UNIÃO
109;195;Deputado Estadual;44333;HEITOR FÉRRER;1;UNIÃO;UNIÃO
109;195;Deputado Estadual;44556;PRISCILA ROCHA;2;UNIÃO;UNIÃO
109;195;Deputado Estadual;44567;MAGNOLIA ROCHA;1;UNIÃO;UNIÃO
109;195;Deputado Estadual;44777;FIRMO CAMURÇA;10;UNIÃO;UNIÃO
109;195;Deputado Estadual;44888;DR. OSCAR RODRIGUES;3;UNIÃO;UNIÃO
109;195;Deputado Estadual;45000;JORGE PINHEIRO;1;PSDB;(PSDB/CIDADANIA)
109;195;Deputado Estadual;50500;RENATO ROSENO;1;PSOL;(PSOL/REDE)
109;195;Deputado Estadual;55234;DR. LUCÍLVIO GIRÃO;2;PSD;PSD
109;195;Deputado Estadual;55888;KEIVIA DIAS;1;PSD;PSD
109;195;Deputado Estadual;65234;CACIKA IRÊ;1;PC do B;(PT/PC do B/PV)
109;195;Deputado Estadual;70000;TAM DE OLIVEIRA;1;AVANTE;AVANTE
109;195;Deputado Estadual;70111;AUGUSTO ARAGÃO;1;AVANTE;AVANTE
109;195;Deputado Estadual;70123;TOMAZ HOLANDA;31;AVANTE;AVANTE
109;195;Deputado Estadual;12;LEGENDA PDT;2;PDT;PDT
109;195;Deputado Estadual;13;LEGENDA PT;8;PT;PT
109;195;Deputado Estadual;15;LEGENDA MDB;2;MDB;MDB
109;195;Deputado Estadual;22;LEGENDA PL;1;PL;PL
109;195;Deputado Estadual;44;LEGENDA UNIÃO;1;UNIÃO;UNIÃO
109;195;Deputado Estadual;55;LEGENDA PSD;2;PSD;PSD
109;195;Deputado Estadual;65;LEGENDA PC do B;1;PC do B;PC do B
109;195;Deputado Estadual;70;LEGENDA AVANTE;1;AVANTE;AVANTE
109;195;Deputado Estadual;95;BRANCOS;8;;
109;195;Deputado Estadual;96;NULOS;13;;
109;196;Presidente;12;CIRO GOMES;8;PDT;PDT
109;196;Presidente;13;LULA;144;PT;(PT/PC do B/PV), SOLIDARIEDADE, (PSOL/REDE), PSB, AGIR, AVANTE, PROS
109;196;Presidente;15;SIMONE TEBET;6;MDB;MDB, (PSDB/CIDADANIA), PODE
109;196;Presidente;22;JAIR BOLSONARO;103;PL;PP, REPUBLICANOS, PL
109;196;Presidente;44;SORAYA THRONICKE;3;UNIÃO;UNIÃO
109;196;Presidente;95;BRANCOS;4;;
109;196;Presidente;96;NULOS;4;;
109;196;Governador;12;ROBERTO CLÁUDIO;13;PDT;PMN, PATRIOTA, AGIR, PMB, PDT, PSD, PSB, PSC, DC
109;196;Governador;13;ELMANO DE FREITAS;125;PT;(PT/PC do B/PV), PP, MDB, PRTB, (PSOL/REDE), SOLIDARIEDADE
109;196;Governador;44;CAPITÃO WAGNER;109;UNIÃO;PODE, AVANTE, PL, REPUBLICANOS, PTB, PROS, UNIÃO
109;196;Governador;95;BRANCOS;5;;
109;196;Governador;96;NULOS;20;;
109;196;Senador;131;CAMILO;138;PT;(PT/PC do B/PV), MDB, PRTB, (PSOL/REDE), SOLIDARIEDADE, PP
109;196;Senador;555;ERIKA AMORIM;7;PSD;PSB, AGIR, DC, PMB, PDT, PSD, PMN, PATRIOTA, PSC
109;196;Senador;700;KAMILA CARDOSO;86;AVANTE;AVANTE, UNIÃO, PTB, REPUBLICANOS, PROS, PL, PODE
109;196;Senador;95;BRANCOS;8;;
109;196;Senador;96;NULOS;33;;
109;196;Deputado Federal;1010;RONALDO MARTINS;3;REPUBLICANOS;REPUBLICANOS
109;196;Deputado Federal;1111;AJ ALBUQUERQUE;3;PP;PP
109;196;Deputado Federal;1212;LEÔNIDAS CRISTINO;1;PDT;PDT
109;196;Deputado Federal;1213;IDILVAN;3;PDT;PDT
109;196;Deputado Federal;1214;EDUARDO BISMARCK;15;PDT;PDT
109;196;Deputado Federal;1233;ROBÉRIO MONTEIRO;2;PDT;PDT
109;196;Deputado Federal;1277;ADAIL JR;1;PDT;PDT
109;196;Deputado Federal;1313;LUIZIANNE LINS;29;PT;(PT/PC do B/PV)
109;196;Deputado Federal;1322;GUIMARÃES DO PT;4;PT;(PT/PC do B/PV)
109;196;Deputado Federal;1533;EUNÍCIO;10;MDB;MDB
109;196;Deputado Federal;1588;REGINA VILLELA;1;MDB;MDB
109;196;Deputado Federal;2210;CORONEL AGINALDO;4;PL;PL
109;196;Deputado Federal;2211;YURY DO PAREDÃO;3;PL;PL
109;196;Deputado Federal;2222;ANDRÉ FERNANDES;11;PL;PL
109;196;Deputado Federal;2233;GORETE PEREIRA;1;PL;PL
109;196;Deputado Federal;2255;JÚNIOR MANO;2;PL;PL
109;196;Deputado Federal;2277;DR JAZIEL;8;PL;PL
109;196;Deputado Federal;2288;PRISCILA COSTA;4;PL;PL
109;196;Deputado Federal;2299;MATHEUS NORONHA;15;PL;PL
109;196;Deputado Federal;4422;JULIERME SENA;2;UNIÃO;UNIÃO
109;196;Deputado Federal;4433;DR. AGRIPINO MAGALHÃES;6;UNIÃO;UNIÃO
109;196;Deputado Federal;4445;DAMIÃO TENORIO;3;UNIÃO;UNIÃO
109;196;Deputado Federal;4447;DANILO FORTE;27;UNIÃO;UNIÃO
109;196;Deputado Federal;4456;DAYANY DO CAPITÃO;1;UNIÃO;UNIÃO
109;196;Deputado Federal;4477;FERNANDA PESSOA;7;UNIÃO;UNIÃO
109;196;Deputado Federal;4488;MOSES RODRIGUES;13;UNIÃO;UNIÃO
109;196;Deputado Federal;4490;SOLDADO NOELIO;1;UNIÃO;UNIÃO
109;196;Deputado Federal;5005;ANNA KARINA VOZES FEMINISTAS;1;PSOL;(PSOL/REDE)
109;196;Deputado Federal;5055;GABRIEL BIOLOGIA;1;PSOL;(PSOL/REDE)
109;196;Deputado Federal;5511;CÉLIO STUDART;6;PSD;PSD
109;196;Deputado Federal;5533;LUIZ GASTÃO;5;PSD;PSD
109;196;Deputado Federal;5555;DOMINGOS NETO;57;PSD;PSD
109;196;Deputado Federal;5588;ELIANE BRAZ;1;PSD;PSD
109;196;Deputado Federal;6565;INÁCIO ARRUDA;1;PC do B;(PT/PC do B/PV)
109;196;Deputado Federal;7040;CHICO ANTÔNIO;1;AVANTE;AVANTE
109;196;Deputado Federal;11;LEGENDA PP;1;PP;PP
109;196;Deputado Federal;12;LEGENDA PDT;3;PDT;PDT
109;196;Deputado Federal;13;LEGENDA PT;2;PT;PT
109;196;Deputado Federal;23;LEGENDA CIDADANIA;1;CIDADANIA;CIDADANIA
109;196;Deputado Federal;51;LEGENDA PATRIOTA;1;PATRIOTA;PATRIOTA
109;196;Deputado Federal;95;BRANCOS;4;;
109;196;Deputado Federal;96;NULOS;7;;
109;196;Deputado Estadual;10000;APÓSTOLO LUIZ HENRIQUE;1;REPUBLICANOS;REPUBLICANOS
109;196;Deputado Estadual;10123;DAVID DURAND;2;REPUBLICANOS;REPUBLICANOS
109;196;Deputado Estadual;11000;JOÃO JAIME;1;PP;PP
109;196;Deputado Estadual;11111;ZEZINHO ALBUQUERQUE;2;PP;PP
109;196;Deputado Estadual;11113;ALMIR BIÉ;11;PP;PP
109;196;Deputado Estadual;11444;LEONARDO PINHEIRO;1;PP;PP
109;196;Deputado Estadual;12000;EVANDRO LEITÃO;2;PDT;PDT
109;196;Deputado Estadual;12111;ANTONIO HENRIQUE;1;PDT;PDT
109;196;Deputado Estadual;12123;CLÁUDIO PINHO;6;PDT;PDT
109;196;Deputado Estadual;12127;HELAINE COELHO;22;PDT;PDT
109;196;Deputado Estadual;12345;LIA GOMES;1;PDT;PDT
109;196;Deputado Estadual;13111;PEDRO LOBO;1;PT;(PT/PC do B/PV)
109;196;Deputado Estadual;13132;ACRISIO SENA;16;PT;(PT/PC do B/PV)
109;196;Deputado Estadual;13133;LARISSA GASPAR;1;PT;(PT/PC do B/PV)
109;196;Deputado Estadual;13333;MOISES BRAZ;3;PT;(PT/PC do B/PV)
109;196;Deputado Estadual;13456;DE ASSIS DINIZ;2;PT;(PT/PC do B/PV)
109;196;Deputado Estadual;13555;JULIANA LUCENA;1;PT;(PT/PC do B/PV)
109;196;Deputado Estadual;13777;NIZO;2;PT;(PT/PC do B/PV)
109;196;Deputado Estadual;15888;AGENOR NETO;10;MDB;MDB
109;196;Deputado Estadual;22010;BEZERRA DE MENESES;3;PL;PL
109;196;Deputado Estadual;22022;CARMELO NETO;2;PL;PL
109;196;Deputado Estadual;22222;PR.ALCIDES FERNANDES;11;PL;PL
109;196;Deputado Estadual;22380;DUDU DIÓGENES;1;PL;PL
109;196;Deputado Estadual;22555;MARTA GONÇALVES;51;PL;PL
109;196;Deputado Estadual;22777;DRA SILVANA;8;PL;PL
109;196;Deputado Estadual;23333;DOUTOR LEITÃO;1;CIDADANIA;(PSDB/CIDADANIA)
109;196;Deputado Estadual;30000;DR. ISAQUE RABELO;2;NOVO;NOVO
109;196;Deputado Estadual;43222;REGINALDO CASTRO;1;PV;(PT/PC do B/PV)
109;196;Deputado Estadual;44123;TONY BRITO;3;UNIÃO;UNIÃO
109;196;Deputado Estadual;44190;SARGENTO REGINAURO;1;UNIÃO;UNIÃO
109;196;Deputado Estadual;44333;HEITOR FÉRRER;2;UNIÃO;UNIÃO
109;196;Deputado Estadual;44556;PRISCILA ROCHA;1;UNIÃO;UNIÃO
109;196;Deputado Estadual;44567;MAGNOLIA ROCHA;5;UNIÃO;UNIÃO
109;196;Deputado Estadual;44666;JOÃO PAULO;1;UNIÃO;UNIÃO
109;196;Deputado Estadual;44777;FIRMO CAMURÇA;7;UNIÃO;UNIÃO
109;196;Deputado Estadual;44888;DR. OSCAR RODRIGUES;14;UNIÃO;UNIÃO
109;196;Deputado Estadual;45123;EMILIA PESSOA;1;PSDB;(PSDB/CIDADANIA)
109;196;Deputado Estadual;50500;RENATO ROSENO;1;PSOL;(PSOL/REDE)
109;196;Deputado Estadual;55888;KEIVIA DIAS;1;PSD;PSD
109;196;Deputado Estadual;65234;CACIKA IRÊ;1;PC do B;(PT/PC do B/PV)
109;196;Deputado Estadual;70000;TAM DE OLIVEIRA;3;AVANTE;AVANTE
109;196;Deputado Estadual;70111;AUGUSTO ARAGÃO;1;AVANTE;AVANTE
109;196;Deputado Estadual;70123;TOMAZ HOLANDA;29;AVANTE;AVANTE
109;196;Deputado Estadual;12;LEGENDA PDT;1;PDT;PDT
109;196;Deputado Estadual;13;LEGENDA PT;10;PT;PT
109;196;Deputado Estadual;22;LEGENDA PL;2;PL;PL
109;196;Deputado Estadual;44;LEGENDA UNIÃO;2;UNIÃO;UNIÃO
109;196;Deputado Estadual;45;LEGENDA PSDB;1;PSDB;PSDB
109;196;Deputado Estadual;55;LEGENDA PSD;2;PSD;PSD
109;196;Deputado Estadual;70;LEGENDA AVANTE;3;AVANTE;AVANTE
109;196;Deputado Estadual;90;LEGENDA PROS;1;PROS;PROS
109;196;Deputado Estadual;95;BRANCOS;7;;
109;196;Deputado Estadual;96;NULOS;6;;
109;197;Presidente;12;CIRO GOMES;9;PDT;PDT
109;197;Presidente;13;LULA;152;PT;(PT/PC do B/PV), SOLIDARIEDADE, (PSOL/REDE), PSB, AGIR, AVANTE, PROS
109;197;Presidente;15;SIMONE TEBET;1;MDB;MDB, (PSDB/CIDADANIA), PODE
109;197;Presidente;22;JAIR BOLSONARO;65;PL;PP, REPUBLICANOS, PL
109;197;Presidente;95;BRANCOS;8;;
109;197;Presidente;96;NULOS;10;;
109;197;Governador;12;ROBERTO CLÁUDIO;15;PDT;PMN, PATRIOTA, AGIR, PMB, PDT, PSD, PSB, PSC, DC
109;197;Governador;13;ELMANO DE FREITAS;124;PT;(PT/PC do B/PV), PP, MDB, PRTB, (PSOL/REDE), SOLIDARIEDADE
109;197;Governador;44;CAPITÃO WAGNER;78;UNIÃO;PODE, AVANTE, PL, REPUBLICANOS, PTB, PROS, UNIÃO
109;197;Governador;95;BRANCOS;14;;
109;197;Governador;96;NULOS;14;;
109;197;Senador;131;CAMILO;145;PT;(PT/PC do B/PV), MDB, PRTB, (PSOL/REDE), SOLIDARIEDADE, PP
109;197;Senador;555;ERIKA AMORIM;4;PSD;PSB, AGIR, DC, PMB, PDT, PSD, PMN, PATRIOTA, PSC
109;197;Senador;700;KAMILA CARDOSO;61;AVANTE;AVANTE, UNIÃO, PTB, REPUBLICANOS, PROS, PL, PODE
109;197;Senador;95;BRANCOS;18;;
109;197;Senador;96;NULOS;17;;
109;197;Deputado Federal;1000;BISPA VANESSA LIMA;5;REPUBLICANOS;REPUBLICANOS
109;197;Deputado Federal;1023;PASTOR ABRAÃO;1;REPUBLICANOS;REPUBLICANOS
109;197;Deputado Federal;1111;AJ ALBUQUERQUE;2;PP;PP
109;197;Deputado Federal;1213;IDILVAN;6;PDT;PDT
109;197;Deputado Federal;1214;EDUARDO BISMARCK;15;PDT;PDT
109;197;Deputado Federal;1233;ROBÉRIO MONTEIRO;1;PDT;PDT
109;197;Deputado Federal;1277;ADAIL JR;3;PDT;PDT
109;197;Deputado Federal;1313;LUIZIANNE LINS;11;PT;(PT/PC do B/PV)
109;197;Deputado Federal;1322;GUIMARÃES DO PT;2;PT;(PT/PC do B/PV)
109;197;Deputado Federal;1333;JOSE AIRTON;1;PT;(PT/PC do B/PV)
109;197;Deputado Federal;1522;NELINHO;1;MDB;MDB
109;197;Deputado Federal;1531;ERON NARCISO;3;MDB;MDB
109;197;Deputado Federal;1533;EUNÍCIO;7;MDB;MDB
109;197;Deputado Federal;1588;REGINA VILLELA;2;MDB;MDB
109;197;Deputado Federal;2210;CORONEL AGINALDO;2;PL;PL
109;197;Deputado Federal;2222;ANDRÉ FERNANDES;11;PL;PL
109;197;Deputado Federal;2255;JÚNIOR MANO;4;PL;PL
109;197;Deputado Federal;2266;CELSO SANTOS;1;PL;PL
109;197;Deputado Federal;2277;DR JAZIEL;6;PL;PL
109;197;Deputado Federal;2288;PRISCILA COSTA;3;PL;PL
109;197;Deputado Federal;2299;MATHEUS NORONHA;19;PL;PL
109;197;Deputado Federal;2323;MORONI;2;CIDADANIA;(PSDB/CIDADANIA)
109;197;Deputado Federal;4422;JULIERME SENA;1;UNIÃO;UNIÃO
109;197;Deputado Federal;4433;DR. AGRIPINO MAGALHÃES;2;UNIÃO;UNIÃO
109;197;Deputado Federal;4445;DAMIÃO TENORIO;3;UNIÃO;UNIÃO
109;197;Deputado Federal;4447;DANILO FORTE;19;UNIÃO;UNIÃO
109;197;Deputado Federal;4455;VAIDON OLIVEIRA;1;UNIÃO;UNIÃO
109;197;Deputado Federal;4456;DAYANY DO CAPITÃO;4;UNIÃO;UNIÃO
109;197;Deputado Federal;4477;FERNANDA PESSOA;3;UNIÃO;UNIÃO
109;197;Deputado Federal;4488;MOSES RODRIGUES;2;UNIÃO;UNIÃO
109;197;Deputado Federal;5500;NAUMI AMORIM;1;PSD;PSD
109;197;Deputado Federal;5511;CÉLIO STUDART;1;PSD;PSD
109;197;Deputado Federal;5533;LUIZ GASTÃO;4;PSD;PSD
109;197;Deputado Federal;5555;DOMINGOS NETO;54;PSD;PSD
109;197;Deputado Federal;5588;ELIANE BRAZ;6;PSD;PSD
109;197;Deputado Federal;6565;INÁCIO ARRUDA;1;PC do B;(PT/PC do B/PV)
109;197;Deputado Federal;7012;LURDENIS VIEIRA;2;AVANTE;AVANTE
109;197;Deputado Federal;7033;PASTOR AIRTON SILVA;1;AVANTE;AVANTE
109;197;Deputado Federal;10;LEGENDA REPUBLICANOS;1;REPUBLICANOS;REPUBLICANOS
109;197;Deputado Federal;11;LEGENDA PP;1;PP;PP
109;197;Deputado Federal;13;LEGENDA PT;6;PT;PT
109;197;Deputado Federal;55;LEGENDA PSD;1;PSD;PSD
109;197;Deputado Federal;95;BRANCOS;17;;
109;197;Deputado Federal;96;NULOS;6;;
109;197;Deputado Estadual;10000;APÓSTOLO LUIZ HENRIQUE;1;REPUBLICANOS;REPUBLICANOS
109;197;Deputado Estadual;10111;PROFESSOR JEFFERSON PINHEIRO;1;REPUBLICANOS;REPUBLICANOS
109;197;Deputado Estadual;10123;DAVID DURAND;1;REPUBLICANOS;REPUBLICANOS
109;197;Deputado Estadual;10124;DUQUINHA;1;REPUBLICANOS;REPUBLICANOS
109;197;Deputado Estadual;11111;ZEZINHO ALBUQUERQUE;2;PP;PP
109;197;Deputado Estadual;11113;ALMIR BIÉ;14;PP;PP
109;197;Deputado Estadual;11444;LEONARDO PINHEIRO;4;PP;PP
109;197;Deputado Estadual;12000;EVANDRO LEITÃO;1;PDT;PDT
109;197;Deputado Estadual;12111;ANTONIO HENRIQUE;1;PDT;PDT
109;197;Deputado Estadual;12123;CLÁUDIO PINHO;1;PDT;PDT
109;197;Deputado Estadual;12127;HELAINE COELHO;21;PDT;PDT
109;197;Deputado Estadual;12222;OSMAR BAQUIT;1;PDT;PDT
109;197;Deputado Estadual;12600;TIN GOMES;1;PDT;PDT
109;197;Deputado Estadual;13132;ACRISIO SENA;10;PT;(PT/PC do B/PV)
109;197;Deputado Estadual;13333;MOISES BRAZ;1;PT;(PT/PC do B/PV)
109;197;Deputado Estadual;13456;DE ASSIS DINIZ;1;PT;(PT/PC do B/PV)
109;197;Deputado Estadual;13777;NIZO;7;PT;(PT/PC do B/PV)
109;197;Deputado Estadual;13789;JULINHO;1;PT;(PT/PC do B/PV)
109;197;Deputado Estadual;15888;AGENOR NETO;10;MDB;MDB
109;197;Deputado Estadual;22010;BEZERRA DE MENESES;2;PL;PL
109;197;Deputado Estadual;22022;CARMELO NETO;2;PL;PL
109;197;Deputado Estadual;22120;ALEX CEARÁ;2;PL;PL
109;197;Deputado Estadual;22222;PR.ALCIDES FERNANDES;5;PL;PL
109;197;Deputado Estadual;22380;DUDU DIÓGENES;1;PL;PL
109;197;Deputado Estadual;22555;MARTA GONÇALVES;50;PL;PL
109;197;Deputado Estadual;22777;DRA SILVANA;11;PL;PL
109;197;Deputado Estadual;30000;DR. ISAQUE RABELO;4;NOVO;NOVO
109;197;Deputado Estadual;33369;CLAUDIO LIMA;2;PMN;PMN
109;197;Deputado Estadual;44027;PROFESSOR CARDOSO NETO;1;UNIÃO;UNIÃO
109;197;Deputado Estadual;44111;FELIPE MOTA;2;UNIÃO;UNIÃO
109;197;Deputado Estadual;44123;TONY BRITO;1;UNIÃO;UNIÃO
109;197;Deputado Estadual;44444;ENEAS GOES;1;UNIÃO;UNIÃO
109;197;Deputado Estadual;44567;MAGNOLIA ROCHA;2;UNIÃO;UNIÃO
109;197;Deputado Estadual;44777;FIRMO CAMURÇA;3;UNIÃO;UNIÃO
109;197;Deputado Estadual;44888;DR. OSCAR RODRIGUES;1;UNIÃO;UNIÃO
109;197;Deputado Estadual;45999;FERREIRA ARAGÃO;2;PSDB;(PSDB/CIDADANIA)
109;197;Deputado Estadual;55555;GABRIELLA AGUIAR;1;PSD;PSD
109;197;Deputado Estadual;70000;TAM DE OLIVEIRA;2;AVANTE;AVANTE
109;197;Deputado Estadual;70123;TOMAZ HOLANDA;25;AVANTE;AVANTE
109;197;Deputado Estadual;70190;SARGENTO DOUGLAS;1;AVANTE;AVANTE
109;197;Deputado Estadual;10;LEGENDA REPUBLICANOS;1;REPUBLICANOS;REPUBLICANOS
109;197;Deputado Estadual;12;LEGENDA PDT;2;PDT;PDT
109;197;Deputado Estadual;13;LEGENDA PT;11;PT;PT
109;197;Deputado Estadual;15;LEGENDA MDB;1;MDB;MDB
109;197;Deputado Estadual;19;LEGENDA PODE;1;PODE;PODE
109;197;Deputado Estadual;22;LEGENDA PL;2;PL;PL
109;197;Deputado Estadual;70;LEGENDA AVANTE;1;AVANTE;AVANTE
109;197;Deputado Estadual;95;BRANCOS;19;;
109;197;Deputado Estadual;96;NULOS;6;;
109;198;Presidente;12;CIRO GOMES;13;PDT;PDT
109;198;Presidente;13;LULA;72;PT;(PT/PC do B/PV), SOLIDARIEDADE, (PSOL/REDE), PSB, AGIR, AVANTE, PROS
109;198;Presidente;14;PADRE KELMON;2;PTB;PTB
109;198;Presidente;15;SIMONE TEBET;3;MDB;MDB, (PSDB/CIDADANIA), PODE
109;198;Presidente;22;JAIR BOLSONARO;56;PL;PP, REPUBLICANOS, PL
109;198;Presidente;95;BRANCOS;0;;
109;198;Presidente;96;NULOS;2;;
109;198;Governador;12;ROBERTO CLÁUDIO;12;PDT;PMN, PATRIOTA, AGIR, PMB, PDT, PSD, PSB, PSC, DC
109;198;Governador;13;ELMANO DE FREITAS;50;PT;(PT/PC do B/PV), PP, MDB, PRTB, (PSOL/REDE), SOLIDARIEDADE
109;198;Governador;21;CHICO MALTA;1;PCB;PCB
109;198;Governador;44;CAPITÃO WAGNER;71;UNIÃO;PODE, AVANTE, PL, REPUBLICANOS, PTB, PROS, UNIÃO
109;198;Governador;95;BRANCOS;4;;
109;198;Governador;96;NULOS;10;;
109;198;Senador;131;CAMILO;72;PT;(PT/PC do B/PV), MDB, PRTB, (PSOL/REDE), SOLIDARIEDADE, PP
109;198;Senador;555;ERIKA AMORIM;5;PSD;PSB, AGIR, DC, PMB, PDT, PSD, PMN, PATRIOTA, PSC
109;198;Senador;700;KAMILA CARDOSO;48;AVANTE;AVANTE, UNIÃO, PTB, REPUBLICANOS, PROS, PL, PODE
109;198;Senador;95;BRANCOS;10;;
109;198;Senador;96;NULOS;13;;
109;198;Deputado Federal;1023;PASTOR ABRAÃO;4;REPUBLICANOS;REPUBLICANOS
109;198;Deputado Federal;1030;VERISSIMO FREITAS;1;REPUBLICANOS;REPUBLICANOS
109;198;Deputado Federal;1213;IDILVAN;6;PDT;PDT
109;198;Deputado Federal;1214;EDUARDO BISMARCK;4;PDT;PDT
109;198;Deputado Federal;1277;ADAIL JR;1;PDT;PDT
109;198;Deputado Federal;1292;ENFERMEIRA ANA PAULA;1;PDT;PDT
109;198;Deputado Federal;1533;EUNÍCIO;5;MDB;MDB
109;198;Deputado Federal;2200;DRA. MAYRA PINHEIRO;2;PL;PL
109;198;Deputado Federal;2201;DELEGADO CAVALCANTE;2;PL;PL
109;198;Deputado Federal;2222;ANDRÉ FERNANDES;1;PL;PL
109;198;Deputado Federal;2255;JÚNIOR MANO;2;PL;PL
109;198;Deputado Federal;2277;DR JAZIEL;1;PL;PL
109;198;Deputado Federal;2288;PRISCILA COSTA;3;PL;PL
109;198;Deputado Federal;2299;MATHEUS NORONHA;8;PL;PL
109;198;Deputado Federal;3000;SAMUEL LIMA;1;NOVO;NOVO
109;198;Deputado Federal;4013;RENATO RODRIGUES;1;PSB;PSB
109;198;Deputado Federal;4411;VANDERLAN ALVES;1;UNIÃO;UNIÃO
109;198;Deputado Federal;4445;DAMIÃO TENORIO;19;UNIÃO;UNIÃO
109;198;Deputado Federal;4447;DANILO FORTE;7;UNIÃO;UNIÃO
109;198;Deputado Federal;4477;FERNANDA PESSOA;1;UNIÃO;UNIÃO
109;198;Deputado Federal;4488;MOSES RODRIGUES;3;UNIÃO;UNIÃO
109;198;Deputado Federal;4490;SOLDADO NOELIO;1;UNIÃO;UNIÃO
109;198;Deputado Federal;5511;CÉLIO STUDART;3;PSD;PSD
109;198;Deputado Federal;5522;MARCOS LIMA;1;PSD;PSD
109;198;Deputado Federal;5533;LUIZ GASTÃO;2;PSD;PSD
109;198;Deputado Federal;5555;DOMINGOS NETO;46;PSD;PSD
109;198;Deputado Federal;5588;ELIANE BRAZ;2;PSD;PSD
109;198;Deputado Federal;6565;INÁCIO ARRUDA;2;PC do B;(PT/PC do B/PV)
109;198;Deputado Federal;7012;LURDENIS VIEIRA;1;AVANTE;AVANTE
109;198;Deputado Federal;11;LEGENDA PP;1;PP;PP
109;198;Deputado Federal;12;LEGENDA PDT;1;PDT;PDT
109;198;Deputado Federal;13;LEGENDA PT;2;PT;PT
109;198;Deputado Federal;22;LEGENDA PL;1;PL;PL
109;198;Deputado Federal;70;LEGENDA AVANTE;1;AVANTE;AVANTE
109;198;Deputado Federal;95;BRANCOS;6;;
109;198;Deputado Federal;96;NULOS;4;;
109;198;Deputado Estadual;10000;APÓSTOLO LUIZ HENRIQUE;1;REPUBLICANOS;REPUBLICANOS
109;198;Deputado Estadual;10190;EVALDO COSTA;2;REPUBLICANOS;REPUBLICANOS
109;198;Deputado Estadual;11111;ZEZINHO ALBUQUERQUE;2;PP;PP
109;198;Deputado Estadual;11113;ALMIR BIÉ;7;PP;PP
109;198;Deputado Estadual;11444;LEONARDO PINHEIRO;5;PP;PP
109;198;Deputado Estadual;12123;CLÁUDIO PINHO;8;PDT;PDT
109;198;Deputado Estadual;12127;HELAINE COELHO;4;PDT;PDT
109;198;Deputado Estadual;13777;NIZO;2;PT;(PT/PC do B/PV)
109;198;Deputado Estadual;13789;JULINHO;2;PT;(PT/PC do B/PV)
109;198;Deputado Estadual;15115;CARLOS BANDEIRA;1;MDB;MDB
109;198;Deputado Estadual;15888;AGENOR NETO;1;MDB;MDB
109;198;Deputado Estadual;22022;CARMELO NETO;1;PL;PL
109;198;Deputado Estadual;22120;ALEX CEARÁ;3;PL;PL
109;198;Deputado Estadual;22555;MARTA GONÇALVES;44;PL;PL
109;198;Deputado Estadual;22777;DRA SILVANA;1;PL;PL
109;198;Deputado Estadual;23192;MARTINHA - A SAÚDE RESISTE;1;CIDADANIA;(PSDB/CIDADANIA)
109;198;Deputado Estadual;30000;DR. ISAQUE RABELO;2;NOVO;NOVO
109;198;Deputado Estadual;33145;DR DANIEL VIANA;1;PMN;PMN
109;198;Deputado Estadual;44567;MAGNOLIA ROCHA;4;UNIÃO;UNIÃO
109;198;Deputado Estadual;44888;DR. OSCAR RODRIGUES;1;UNIÃO;UNIÃO
109;198;Deputado Estadual;45000;JORGE PINHEIRO;1;PSDB;(PSDB/CIDADANIA)
109;198;Deputado Estadual;55234;DR. LUCÍLVIO GIRÃO;1;PSD;PSD
109;198;Deputado Estadual;55500;VERIDIANA CRUZ;1;PSD;PSD
109;198;Deputado Estadual;55888;KEIVIA DIAS;1;PSD;PSD
109;198;Deputado Estadual;65234;CACIKA IRÊ;2;PC do B;(PT/PC do B/PV)
109;198;Deputado Estadual;70007;DANILO LOPES;1;AVANTE;AVANTE
109;198;Deputado Estadual;70123;TOMAZ HOLANDA;25;AVANTE;AVANTE
109;198;Deputado Estadual;12;LEGENDA PDT;1;PDT;PDT
109;198;Deputado Estadual;13;LEGENDA PT;1;PT;PT
109;198;Deputado Estadual;22;LEGENDA PL;1;PL;PL
109;198;Deputado Estadual;33;LEGENDA PMN;1;PMN;PMN
109;198;Deputado Estadual;55;LEGENDA PSD;2;PSD;PSD
109;198;Deputado Estadual;65;LEGENDA PC do B;1;PC do B;PC do B
109;198;Deputado Estadual;70;LEGENDA AVANTE;1;AVANTE;AVANTE
109;198;Deputado Estadual;95;BRANCOS;5;;
109;198;Deputado Estadual;96;NULOS;10;;
109;205;Presidente;12;CIRO GOMES;4;PDT;PDT
109;205;Presidente;13;LULA;64;PT;(PT/PC do B/PV), SOLIDARIEDADE, (PSOL/REDE), PSB, AGIR, AVANTE, PROS
109;205;Presidente;22;JAIR BOLSONARO;34;PL;PP, REPUBLICANOS, PL
109;205;Presidente;95;BRANCOS;1;;
109;205;Presidente;96;NULOS;4;;
109;205;Governador;12;ROBERTO CLÁUDIO;5;PDT;PMN, PATRIOTA, AGIR, PMB, PDT, PSD, PSB, PSC, DC
109;205;Governador;13;ELMANO DE FREITAS;53;PT;(PT/PC do B/PV), PP, MDB, PRTB, (PSOL/REDE), SOLIDARIEDADE
109;205;Governador;44;CAPITÃO WAGNER;41;UNIÃO;PODE, AVANTE, PL, REPUBLICANOS, PTB, PROS, UNIÃO
109;205;Governador;95;BRANCOS;2;;
109;205;Governador;96;NULOS;6;;
109;205;Senador;131;CAMILO;62;PT;(PT/PC do B/PV), MDB, PRTB, (PSOL/REDE), SOLIDARIEDADE, PP
109;205;Senador;555;ERIKA AMORIM;3;PSD;PSB, AGIR, DC, PMB, PDT, PSD, PMN, PATRIOTA, PSC
109;205;Senador;700;KAMILA CARDOSO;26;AVANTE;AVANTE, UNIÃO, PTB, REPUBLICANOS, PROS, PL, PODE
109;205;Senador;95;BRANCOS;5;;
109;205;Senador;96;NULOS;11;;
109;205;Deputado Federal;1010;RONALDO MARTINS;1;REPUBLICANOS;REPUBLICANOS
109;205;Deputado Federal;1213;IDILVAN;14;PDT;PDT
109;205;Deputado Federal;1214;EDUARDO BISMARCK;7;PDT;PDT
109;205;Deputado Federal;1233;ROBÉRIO MONTEIRO;4;PDT;PDT
109;205;Deputado Federal;1285;IANNA BRANDÃO;1;PDT;PDT
109;205;Deputado Federal;1292;ENFERMEIRA ANA PAULA;1;PDT;PDT
109;205;Deputado Federal;1314;GRAÇA COSTA;2;PT;(PT/PC do B/PV)
109;205;Deputado Federal;1333;JOSE AIRTON;1;PT;(PT/PC do B/PV)
109;205;Deputado Federal;1533;EUNÍCIO;3;MDB;MDB
109;205;Deputado Federal;2210;CORONEL AGINALDO;1;PL;PL
109;205;Deputado Federal;2222;ANDRÉ FERNANDES;4;PL;PL
109;205;Deputado Federal;2288;PRISCILA COSTA;1;PL;PL
109;205;Deputado Federal;2299;MATHEUS NORONHA;8;PL;PL
109;205;Deputado Federal;4000;DENIS BEZERRA;1;PSB;PSB
109;205;Deputado Federal;4422;JULIERME SENA;1;UNIÃO;UNIÃO
109;205;Deputado Federal;4433;DR. AGRIPINO MAGALHÃES;4;UNIÃO;UNIÃO
109;205;Deputado Federal;4444;HEITOR FREIRE;2;UNIÃO;UNIÃO
109;205;Deputado Federal;4445;DAMIÃO TENORIO;2;UNIÃO;UNIÃO
109;205;Deputado Federal;4447;DANILO FORTE;5;UNIÃO;UNIÃO
109;205;Deputado Federal;4488;MOSES RODRIGUES;3;UNIÃO;UNIÃO
109;205;Deputado Federal;4490;SOLDADO NOELIO;1;UNIÃO;UNIÃO
109;205;Deputado Federal;4555;CLAUDIA GOMES;2;PSDB;(PSDB/CIDADANIA)
109;205;Deputado Federal;5533;LUIZ GASTÃO;3;PSD;PSD
109;205;Deputado Federal;5555;DOMINGOS NETO;26;PSD;PSD
109;205;Deputado Federal;5588;ELIANE BRAZ;1;PSD;PSD
109;205;Deputado Federal;6565;INÁCIO ARRUDA;1;PC do B;(PT/PC do B/PV)
109;205;Deputado Federal;13;LEGENDA PT;1;PT;PT
109;205;Deputado Federal;95;BRANCOS;1;;
109;205;Deputado Federal;96;NULOS;5;;
109;205;Deputado Estadual;10123;DAVID DURAND;1;REPUBLICANOS;REPUBLICANOS
109;205;Deputado Estadual;11111;ZEZINHO ALBUQUERQUE;2;PP;PP
109;205;Deputado Estadual;11113;ALMIR BIÉ;8;PP;PP
109;205;Deputado Estadual;11444;LEONARDO PINHEIRO;1;PP;PP
109;205;Deputado Estadual;12123;CLÁUDIO PINHO;3;PDT;PDT
109;205;Deputado Estadual;12127;HELAINE COELHO;13;PDT;PDT
109;205;Deputado Estadual;13123;MISSIAS DO MST;2;PT;(PT/PC do B/PV)
109;205;Deputado Estadual;13132;ACRISIO SENA;1;PT;(PT/PC do B/PV)
109;205;Deputado Estadual;13133;LARISSA GASPAR;1;PT;(PT/PC do B/PV)
109;205;Deputado Estadual;13258;JÔ FARIAS;1;PT;(PT/PC do B/PV)
109;205;Deputado Estadual;13333;MOISES BRAZ;2;PT;(PT/PC do B/PV)
109;205;Deputado Estadual;13555;JULIANA LUCENA;1;PT;(PT/PC do B/PV)
109;205;Deputado Estadual;13777;NIZO;2;PT;(PT/PC do B/PV)
109;205;Deputado Estadual;13789;JULINHO;3;PT;(PT/PC do B/PV)
109;205;Deputado Estadual;15333;DANNIEL OLIVEIRA;2;MDB;MDB
109;205;Deputado Estadual;15888;AGENOR NETO;2;MDB;MDB
109;205;Deputado Estadual;22010;BEZERRA DE MENESES;1;PL;PL
109;205;Deputado Estadual;22022;CARMELO NETO;2;PL;PL
109;205;Deputado Estadual;22222;PR.ALCIDES FERNANDES;1;PL;PL
109;205;Deputado Estadual;22555;MARTA GONÇALVES;25;PL;PL
109;205;Deputado Estadual;23190;TENENTE DANTAS;2;CIDADANIA;(PSDB/CIDADANIA)
109;205;Deputado Estadual;44123;TONY BRITO;1;UNIÃO;UNIÃO
109;205;Deputado Estadual;44190;SARGENTO REGINAURO;1;UNIÃO;UNIÃO
109;205;Deputado Estadual;44567;MAGNOLIA ROCHA;3;UNIÃO;UNIÃO
109;205;Deputado Estadual;44777;FIRMO CAMURÇA;1;UNIÃO;UNIÃO
109;205;Deputado Estadual;44888;DR. OSCAR RODRIGUES;3;UNIÃO;UNIÃO
109;205;Deputado Estadual;45999;FERREIRA ARAGÃO;1;PSDB;(PSDB/CIDADANIA)
109;205;Deputado Estadual;65234;CACIKA IRÊ;3;PC do B;(PT/PC do B/PV)
109;205;Deputado Estadual;70000;TAM DE OLIVEIRA;1;AVANTE;AVANTE
109;205;Deputado Estadual;70123;TOMAZ HOLANDA;2;AVANTE;AVANTE
109;205;Deputado Estadual;70321;DANIEL BORGES;1;AVANTE;AVANTE
109;205;Deputado Estadual;11;LEGENDA PP;1;PP;PP
109;205;Deputado Estadual;12;LEGENDA PDT;1;PDT;PDT
109;205;Deputado Estadual;13;LEGENDA PT;1;PT;PT
109;205;Deputado Estadual;22;LEGENDA PL;2;PL;PL
109;205;Deputado Estadual;55;LEGENDA PSD;1;PSD;PSD
109;205;Deputado Estadual;95;BRANCOS;3;;
109;205;Deputado Estadual;96;NULOS;5;;
109;209;Presidente;12;CIRO GOMES;4;PDT;PDT
109;209;Presidente;13;LULA;100;PT;(PT/PC do B/PV), SOLIDARIEDADE, (PSOL/REDE), PSB, AGIR, AVANTE, PROS
109;209;Presidente;15;SIMONE TEBET;1;MDB;MDB, (PSDB/CIDADANIA), PODE
109;209;Presidente;22;JAIR BOLSONARO;38;PL;PP, REPUBLICANOS, PL
109;209;Presidente;27;CONSTITUINTE EYMAEL;1;DC;DC
109;209;Presidente;95;BRANCOS;2;;
109;209;Presidente;96;NULOS;3;;
109;209;Governador;12;ROBERTO CLÁUDIO;13;PDT;PMN, PATRIOTA, AGIR, PMB, PDT, PSD, PSB, PSC, DC
109;209;Governador;13;ELMANO DE FREITAS;83;PT;(PT/PC do B/PV), PP, MDB, PRTB, (PSOL/REDE), SOLIDARIEDADE
109;209;Governador;44;CAPITÃO WAGNER;41;UNIÃO;PODE, AVANTE, PL, REPUBLICANOS, PTB, PROS, UNIÃO
109;209;Governador;95;BRANCOS;7;;
109;209;Governador;96;NULOS;5;;
109;209;Senador;131;CAMILO;98;PT;(PT/PC do B/PV), MDB, PRTB, (PSOL/REDE), SOLIDARIEDADE, PP
109;209;Senador;160;CARLOS SILVA;1;PSTU;PSTU
109;209;Senador;555;ERIKA AMORIM;3;PSD;PSB, AGIR, DC, PMB, PDT, PSD, PMN, PATRIOTA, PSC
109;209;Senador;700;KAMILA CARDOSO;29;AVANTE;AVANTE, UNIÃO, PTB, REPUBLICANOS, PROS, PL, PODE
109;209;Senador;95;BRANCOS;9;;
109;209;Senador;96;NULOS;9;;
109;209;Deputado Federal;1023;PASTOR ABRAÃO;1;REPUBLICANOS;REPUBLICANOS
109;209;Deputado Federal;1111;AJ ALBUQUERQUE;1;PP;PP
109;209;Deputado Federal;1212;LEÔNIDAS CRISTINO;1;PDT;PDT
109;209;Deputado Federal;1213;IDILVAN;4;PDT;PDT
109;209;Deputado Federal;1214;EDUARDO BISMARCK;1;PDT;PDT
109;209;Deputado Federal;1277;ADAIL JR;3;PDT;PDT
109;209;Deputado Federal;1292;ENFERMEIRA ANA PAULA;1;PDT;PDT
109;209;Deputado Federal;1313;LUIZIANNE LINS;10;PT;(PT/PC do B/PV)
109;209;Deputado Federal;1322;GUIMARÃES DO PT;2;PT;(PT/PC do B/PV)
109;209;Deputado Federal;1533;EUNÍCIO;2;MDB;MDB
109;209;Deputado Federal;2200;DRA. MAYRA PINHEIRO;1;PL;PL
109;209;Deputado Federal;2201;DELEGADO CAVALCANTE;1;PL;PL
109;209;Deputado Federal;2208;VILMA DUARTE;1;PL;PL
109;209;Deputado Federal;2210;CORONEL AGINALDO;3;PL;PL
109;209;Deputado Federal;2211;YURY DO PAREDÃO;1;PL;PL
109;209;Deputado Federal;2222;ANDRÉ FERNANDES;4;PL;PL
109;209;Deputado Federal;2233;GORETE PEREIRA;1;PL;PL
109;209;Deputado Federal;2277;DR JAZIEL;2;PL;PL
109;209;Deputado Federal;2299;MATHEUS NORONHA;42;PL;PL
109;209;Deputado Federal;2323;MORONI;1;CIDADANIA;(PSDB/CIDADANIA)
109;209;Deputado Federal;4099;ALIPIO RODRIGUES;1;PSB;PSB
109;209;Deputado Federal;4433;DR. AGRIPINO MAGALHÃES;1;UNIÃO;UNIÃO
109;209;Deputado Federal;4444;HEITOR FREIRE;5;UNIÃO;UNIÃO
109;209;Deputado Federal;4445;DAMIÃO TENORIO;2;UNIÃO;UNIÃO
109;209;Deputado Federal;4447;DANILO FORTE;2;UNIÃO;UNIÃO
109;209;Deputado Federal;4456;DAYANY DO CAPITÃO;1;UNIÃO;UNIÃO
109;209;Deputado Federal;4477;FERNANDA PESSOA;3;UNIÃO;UNIÃO
109;209;Deputado Federal;4488;MOSES RODRIGUES;2;UNIÃO;UNIÃO
109;209;Deputado Federal;5050;AILTON LOPES;1;PSOL;(PSOL/REDE)
109;209;Deputado Federal;5055;GABRIEL BIOLOGIA;2;PSOL;(PSOL/REDE)
109;209;Deputado Federal;5511;CÉLIO STUDART;4;PSD;PSD
109;209;Deputado Federal;5533;LUIZ GASTÃO;3;PSD;PSD
109;209;Deputado Federal;5555;DOMINGOS NETO;26;PSD;PSD
109;209;Deputado Federal;5588;ELIANE BRAZ;2;PSD;PSD
109;209;Deputado Federal;95;BRANCOS;6;;
109;209;Deputado Federal;96;NULOS;5;;
109;209;Deputado Estadual;10022;SARGENTO MENEZES;1;REPUBLICANOS;REPUBLICANOS
109;209;Deputado Estadual;11111;ZEZINHO ALBUQUERQUE;2;PP;PP
109;209;Deputado Estadual;11113;ALMIR BIÉ;33;PP;PP
109;209;Deputado Estadual;11444;LEONARDO PINHEIRO;8;PP;PP
109;209;Deputado Estadual;12123;CLÁUDIO PINHO;3;PDT;PDT
109;209;Deputado Estadual;12127;HELAINE COELHO;8;PDT;PDT
109;209;Deputado Estadual;13123;MISSIAS DO MST;3;PT;(PT/PC do B/PV)
109;209;Deputado Estadual;13132;ACRISIO SENA;5;PT;(PT/PC do B/PV)
109;209;Deputado Estadual;13133;LARISSA GASPAR;2;PT;(PT/PC do B/PV)
109;209;Deputado Estadual;13234;GUILHERME SAMPAIO;1;PT;(PT/PC do B/PV)
109;209;Deputado Estadual;13333;MOISES BRAZ;1;PT;(PT/PC do B/PV)
109;209;Deputado Estadual;13456;DE ASSIS DINIZ;1;PT;(PT/PC do B/PV)
109;209;Deputado Estadual;13777;NIZO;2;PT;(PT/PC do B/PV)
109;209;Deputado Estadual;13789;JULINHO;2;PT;(PT/PC do B/PV)
109;209;Deputado Estadual;15151;LEONARDO ARAÚJO;2;MDB;MDB
109;209;Deputado Estadual;15888;AGENOR NETO;2;MDB;MDB
109;209;Deputado Estadual;22010;BEZERRA DE MENESES;3;PL;PL
109;209;Deputado Estadual;22022;CARMELO NETO;2;PL;PL
109;209;Deputado Estadual;22111;PEDRO MATOS;1;PL;PL
109;209;Deputado Estadual;22222;PR.ALCIDES FERNANDES;4;PL;PL
109;209;Deputado Estadual;22555;MARTA GONÇALVES;22;PL;PL
109;209;Deputado Estadual;22777;DRA SILVANA;4;PL;PL
109;209;Deputado Estadual;33000;GABRIEL SABOIA;1;PMN;PMN
109;209;Deputado Estadual;33123;ALCY PINHEIRO;1;PMN;PMN
109;209;Deputado Estadual;44567;MAGNOLIA ROCHA;1;UNIÃO;UNIÃO
109;209;Deputado Estadual;44777;FIRMO CAMURÇA;2;UNIÃO;UNIÃO
109;209;Deputado Estadual;44888;DR. OSCAR RODRIGUES;2;UNIÃO;UNIÃO
109;209;Deputado Estadual;50500;RENATO ROSENO;1;PSOL;(PSOL/REDE)
109;209;Deputado Estadual;50777;ADRIANA GERONIMO;2;PSOL;(PSOL/REDE)
109;209;Deputado Estadual;55011;APOLLO VICZ;1;PSD;PSD
109;209;Deputado Estadual;55555;GABRIELLA AGUIAR;1;PSD;PSD
109;209;Deputado Estadual;70007;DANILO LOPES;1;AVANTE;AVANTE
109;209;Deputado Estadual;70123;TOMAZ HOLANDA;3;AVANTE;AVANTE
109;209;Deputado Estadual;70222;STUART CASTRO;1;AVANTE;AVANTE
109;209;Deputado Estadual;11;LEGENDA PP;2;PP;PP
109;209;Deputado Estadual;13;LEGENDA PT;3;PT;PT
109;209;Deputado Estadual;65;LEGENDA PC do B;1;PC do B;PC do B
109;209;Deputado Estadual;95;BRANCOS;10;;
109;209;Deputado Estadual;96;NULOS;4;;
109;210;Presidente;12;CIRO GOMES;7;PDT;PDT
109;210;Presidente;13;LULA;24;PT;(PT/PC do B/PV), SOLIDARIEDADE, (PSOL/REDE), PSB, AGIR, AVANTE, PROS
109;210;Presidente;15;SIMONE TEBET;1;MDB;MDB, (PSDB/CIDADANIA), PODE
109;210;Presidente;22;JAIR BOLSONARO;15;PL;PP, REPUBLICANOS, PL
109;210;Presidente;95;BRANCOS;0;;
109;210;Presidente;96;NULOS;0;;
109;210;Governador;12;ROBERTO CLÁUDIO;8;PDT;PMN, PATRIOTA, AGIR, PMB, PDT, PSD, PSB, PSC, DC
109;210;Governador;13;ELMANO DE FREITAS;20;PT;(PT/PC do B/PV), PP, MDB, PRTB, (PSOL/REDE), SOLIDARIEDADE
109;210;Governador;44;CAPITÃO WAGNER;16;UNIÃO;PODE, AVANTE, PL, REPUBLICANOS, PTB, PROS, UNIÃO
109;210;Governador;95;BRANCOS;1;;
109;210;Governador;96;NULOS;2;;
109;210;Senador;131;CAMILO;27;PT;(PT/PC do B/PV), MDB, PRTB, (PSOL/REDE), SOLIDARIEDADE, PP
109;210;Senador;555;ERIKA AMORIM;1;PSD;PSB, AGIR, DC, PMB, PDT, PSD, PMN, PATRIOTA, PSC
109;210;Senador;700;KAMILA CARDOSO;15;AVANTE;AVANTE, UNIÃO, PTB, REPUBLICANOS, PROS, PL, PODE
109;210;Senador;95;BRANCOS;2;;
109;210;Senador;96;NULOS;2;;
109;210;Deputado Federal;1000;BISPA VANESSA LIMA;1;REPUBLICANOS;REPUBLICANOS
109;210;Deputado Federal;1213;IDILVAN;4;PDT;PDT
109;210;Deputado Federal;1214;EDUARDO BISMARCK;13;PDT;PDT
109;210;Deputado Federal;1313;LUIZIANNE LINS;1;PT;(PT/PC do B/PV)
109;210;Deputado Federal;1533;EUNÍCIO;1;MDB;MDB
109;210;Deputado Federal;2222;ANDRÉ FERNANDES;2;PL;PL
109;210;Deputado Federal;2244;TADEU OLIVEIRA;2;PL;PL
109;210;Deputado Federal;2277;DR JAZIEL;1;PL;PL
109;210;Deputado Federal;2299;MATHEUS NORONHA;3;PL;PL
109;210;Deputado Federal;4488;MOSES RODRIGUES;8;UNIÃO;UNIÃO
109;210;Deputado Federal;4490;SOLDADO NOELIO;2;UNIÃO;UNIÃO
109;210;Deputado Federal;5533;LUIZ GASTÃO;2;PSD;PSD
109;210;Deputado Federal;5555;DOMINGOS NETO;6;PSD;PSD
109;210;Deputado Federal;95;BRANCOS;0;;
109;210;Deputado Federal;96;NULOS;1;;
109;210;Deputado Estadual;10000;APÓSTOLO LUIZ HENRIQUE;1;REPUBLICANOS;REPUBLICANOS
109;210;Deputado Estadual;11113;ALMIR BIÉ;2;PP;PP
109;210;Deputado Estadual;12123;CLÁUDIO PINHO;7;PDT;PDT
109;210;Deputado Estadual;12127;HELAINE COELHO;20;PDT;PDT
109;210;Deputado Estadual;13789;JULINHO;1;PT;(PT/PC do B/PV)
109;210;Deputado Estadual;22123;JACK LIMA;1;PL;PL
109;210;Deputado Estadual;22222;PR.ALCIDES FERNANDES;1;PL;PL
109;210;Deputado Estadual;22555;MARTA GONÇALVES;4;PL;PL
109;210;Deputado Estadual;22777;DRA SILVANA;2;PL;PL
109;210;Deputado Estadual;33888;THIAGO CIRIACO;1;PMN;PMN
109;210;Deputado Estadual;44567;MAGNOLIA ROCHA;2;UNIÃO;UNIÃO
109;210;Deputado Estadual;44888;DR. OSCAR RODRIGUES;1;UNIÃO;UNIÃO
109;210;Deputado Estadual;13;LEGENDA PT;1;PT;PT
109;210;Deputado Estadual;95;BRANCOS;2;;
109;210;Deputado Estadual;96;NULOS;1;;
